file,opp,us,team,name,won,rounds,wintype,gathered200,gathered400,firstEnemySide,inEnemy250,inEnemy300,firstFlagSight,pickups,captured,carrierDeaths,carrierRounds,carrierMoves,enemyCarrierKills,trapsBuilt,trapsHit,kills,deaths,meanAlive,postPickups,firstGrabs,regrabs,relayPickups,carrierDeathDist,damStage199
gauntlet/20261001-181029-scrim-b1v2/losses/ColtG5.Goob_final__Ambush__botA.bc24,ColtG5.Goob_final,1,A,b1v2,0,297,CAPTURE,2300,2300,201,7,0,201,1,0,1,14,4,4,44,44,26,44,47.0,1,1,0,0,7.0,47
gauntlet/20261001-181029-scrim-b1v2/losses/ColtG5.Goob_final__Ambush__botA.bc24,ColtG5.Goob_final,0,B,Goob_final,1,297,CAPTURE,2300,5900,201,23,0,201,7,3,4,74,35,1,76,39,44,26,47.9,7,6,1,0,7.5,47
gauntlet/20261001-181029-scrim-b1v2/losses/CyrilSharma.finalBot__Bunkers__botA.bc24,CyrilSharma.finalBot,1,A,b1v2,0,575,CAPTURE,2800,2800,201,18,6,207,2,2,0,64,32,13,76,71,121,90,46.2,2,2,0,0,,44
gauntlet/20261001-181029-scrim-b1v2/losses/CyrilSharma.finalBot__Bunkers__botA.bc24,CyrilSharma.finalBot,0,B,finalBot,1,575,CAPTURE,2800,2800,201,27,29,223,16,3,13,132,67,0,152,132,90,121,45.2,16,6,10,0,20.3,36
gauntlet/20261001-181029-scrim-b1v2/losses/CyrilSharma.finalBot__Decision__botB.bc24,CyrilSharma.finalBot,0,A,finalBot,1,864,CAPTURE,1000,1400,205,35,32,244,19,3,16,512,248,5,112,108,96,101,47.2,19,6,13,0,38.2,25
gauntlet/20261001-181029-scrim-b1v2/losses/CyrilSharma.finalBot__Decision__botB.bc24,CyrilSharma.finalBot,1,B,b1v2,0,864,CAPTURE,1900,2300,202,25,22,225,5,0,5,105,46,16,91,77,101,96,47.3,5,3,2,0,39.4,35
gauntlet/20261001-181029-scrim-b1v2/losses/ColtG5.Goob_final__Swoop__botB.bc24,ColtG5.Goob_final,0,A,Goob_final,1,1330,CAPTURE,4300,4300,201,20,14,231,20,3,17,213,95,0,205,197,309,798,35.5,20,12,8,0,26.6,46
gauntlet/20261001-181029-scrim-b1v2/losses/ColtG5.Goob_final__Swoop__botB.bc24,ColtG5.Goob_final,1,B,b1v2,0,1330,CAPTURE,4300,4300,201,24,15,230,2,1,0,98,48,17,210,202,798,309,44.3,2,2,0,0,,47
gauntlet/20261001-181029-scrim-b1v2/losses/ColtG5.Goob_final__Joker__botB.bc24,ColtG5.Goob_final,0,A,Goob_final,1,2000,MORE_FLAG_CAPTURES,14500,22600,202,13,7,271,6,2,4,125,60,0,447,388,450,971,38.1,6,5,1,0,25.3,41
gauntlet/20261001-181029-scrim-b1v2/losses/ColtG5.Goob_final__Joker__botB.bc24,ColtG5.Goob_final,1,B,b1v2,0,2000,MORE_FLAG_CAPTURES,14500,19700,205,20,32,247,0,0,0,0,0,4,418,394,971,450,44.5,0,0,0,0,,43
gauntlet/20261001-181029-scrim-b1v2/losses/ColtG5.Goob_final__Gated__botA.bc24,ColtG5.Goob_final,1,A,b1v2,0,2000,MORE_FLAG_CAPTURES,1500,2100,209,0,0,1452,1,0,1,20,15,18,242,198,1175,404,45.1,1,1,0,0,18.0,36
gauntlet/20261001-181029-scrim-b1v2/losses/ColtG5.Goob_final__Gated__botA.bc24,ColtG5.Goob_final,0,B,Goob_final,1,2000,MORE_FLAG_CAPTURES,1500,2700,203,35,25,242,19,1,18,148,67,1,236,229,404,1175,35.7,19,14,5,0,20.7,40
gauntlet/20261001-181029-scrim-b1v2/losses/ColtG5.Goob_final__EvilGrin__botA.bc24,ColtG5.Goob_final,1,A,b1v2,0,2000,MORE_FLAG_CAPTURES,2000,2800,210,4,10,348,0,0,0,0,0,6,219,212,1279,541,43.4,0,0,0,0,,47
gauntlet/20261001-181029-scrim-b1v2/losses/ColtG5.Goob_final__EvilGrin__botA.bc24,ColtG5.Goob_final,0,B,Goob_final,1,2000,MORE_FLAG_CAPTURES,2000,6700,206,16,6,230,7,1,6,42,17,0,387,355,541,1279,34.4,7,4,3,0,20.8,47
gauntlet/20261001-181029-scrim-b1v2/losses/CyrilSharma.finalBot__OceanFloor__botA.bc24,CyrilSharma.finalBot,1,A,b1v2,0,1072,CAPTURE,1400,1400,201,16,10,220,11,0,11,89,37,18,120,102,140,135,46.9,11,11,0,0,29.7,44
gauntlet/20261001-181029-scrim-b1v2/losses/CyrilSharma.finalBot__OceanFloor__botA.bc24,CyrilSharma.finalBot,0,B,finalBot,1,1072,CAPTURE,1400,1400,201,33,27,213,21,3,18,388,194,11,225,193,135,140,46.9,21,10,11,0,31.5,45
gauntlet/20261001-181029-scrim-b1v2/losses/Gymhgy.v10official__Backslash__botA.bc24,Gymhgy.v10official,1,A,b1v2,0,403,CAPTURE,4700,13600,201,26,24,273,3,0,1,108,51,3,103,79,17,42,47.4,3,3,0,0,10.0,48
gauntlet/20261001-181029-scrim-b1v2/losses/Gymhgy.v10official__Backslash__botA.bc24,Gymhgy.v10official,0,B,v10official,1,403,CAPTURE,4700,17600,201,31,29,222,37,3,3,693,80,1,163,88,42,17,49.0,34,6,0,28,16.0,47
gauntlet/20261001-181029-scrim-b1v2/losses/CyrilSharma.finalBot__Whirlpool__botA.bc24,CyrilSharma.finalBot,1,A,b1v2,0,1018,CAPTURE,2800,2800,201,18,23,0,0,0,0,0,0,19,101,89,251,221,44.8,0,0,0,0,,43
gauntlet/20261001-181029-scrim-b1v2/losses/CyrilSharma.finalBot__Whirlpool__botA.bc24,CyrilSharma.finalBot,0,B,finalBot,1,1018,CAPTURE,2800,7200,201,23,14,224,22,3,19,324,153,0,223,214,221,251,44.1,22,6,16,0,20.0,43
gauntlet/20261001-181029-scrim-b1v2/losses/Gymhgy.v10official__Decision__botB.bc24,Gymhgy.v10official,0,A,v10official,1,473,CAPTURE,1900,1900,203,25,37,243,47,3,2,834,112,2,39,19,15,49,47.7,44,4,1,39,25.5,29
gauntlet/20261001-181029-scrim-b1v2/losses/Gymhgy.v10official__Decision__botB.bc24,Gymhgy.v10official,1,B,b1v2,0,473,CAPTURE,1900,1900,202,20,11,284,3,0,2,114,55,2,40,34,49,15,49.2,3,3,0,0,39.5,41
gauntlet/20261001-181029-scrim-b1v2/losses/CyrilSharma.finalBot__EvilGrin__botB.bc24,CyrilSharma.finalBot,0,A,finalBot,1,2000,MORE_FLAG_CAPTURES,2000,6800,205,2,8,334,27,2,25,272,127,6,575,554,593,608,42.6,27,8,19,0,21.4,39
gauntlet/20261001-181029-scrim-b1v2/losses/CyrilSharma.finalBot__EvilGrin__botB.bc24,CyrilSharma.finalBot,1,B,b1v2,0,2000,MORE_FLAG_CAPTURES,2000,3200,205,19,16,232,6,0,6,33,12,25,241,219,608,593,42.8,6,5,1,0,19.8,44
gauntlet/20261001-181029-scrim-b1v2/losses/Gymhgy.v10official__CH3353C4K3F4CT0RY__botA.bc24,Gymhgy.v10official,1,A,b1v2,0,1955,CAPTURE,13000,13200,223,22,21,279,5,0,4,1817,952,52,320,313,686,405,44.9,5,5,0,0,17.3,41
gauntlet/20261001-181029-scrim-b1v2/losses/Gymhgy.v10official__CH3353C4K3F4CT0RY__botA.bc24,Gymhgy.v10official,0,B,v10official,1,1955,CAPTURE,13000,13200,202,18,19,246,99,3,52,760,87,4,459,445,405,686,41.6,96,41,16,39,24.0,46
gauntlet/20261001-181029-scrim-b1v2/losses/Gymhgy.v10official__Asteroids__botA.bc24,Gymhgy.v10official,1,A,b1v2,0,2000,MORE_FLAG_CAPTURES,800,1600,211,3,18,293,16,1,15,402,193,10,203,183,447,449,44.5,16,15,1,0,31.0,44
gauntlet/20261001-181029-scrim-b1v2/losses/Gymhgy.v10official__Asteroids__botA.bc24,Gymhgy.v10official,0,B,v10official,1,2000,MORE_FLAG_CAPTURES,800,4500,210,31,12,249,48,2,10,701,43,15,330,269,449,447,44.6,45,9,3,33,26.6,42
gauntlet/20261001-181029-scrim-b1v2/losses/IvanGeffner.kuma__Backslash__botA.bc24,IvanGeffner.kuma,1,A,b1v2,0,446,CAPTURE,4700,15600,201,23,18,212,5,0,5,107,40,10,135,127,46,79,45.7,5,3,2,0,9.0,48
gauntlet/20261001-181029-scrim-b1v2/losses/IvanGeffner.kuma__Backslash__botA.bc24,IvanGeffner.kuma,0,B,kuma,1,446,CAPTURE,4700,15600,206,33,29,245,34,3,10,213,96,5,178,161,79,46,47.6,34,6,7,21,17.7,37
gauntlet/20261001-181029-scrim-b1v2/losses/IvanGeffner.kuma__Occulus__botA.bc24,IvanGeffner.kuma,1,A,b1v2,0,557,CAPTURE,1800,4800,201,8,14,246,0,0,0,0,0,2,94,89,50,155,43.3,0,0,0,0,,40
gauntlet/20261001-181029-scrim-b1v2/losses/IvanGeffner.kuma__Occulus__botA.bc24,IvanGeffner.kuma,0,B,kuma,1,557,CAPTURE,1800,6300,201,23,38,272,15,3,2,129,61,0,194,146,155,50,47.8,15,3,2,10,13.0,38
gauntlet/20261001-181029-scrim-b1v2/losses/Gymhgy.v10official__Klein__botB.bc24,Gymhgy.v10official,0,A,v10official,1,529,CAPTURE,7800,7800,205,25,36,251,35,3,3,676,227,1,63,44,42,39,48.3,32,3,3,26,9.0,48
gauntlet/20261001-181029-scrim-b1v2/losses/Gymhgy.v10official__Klein__botB.bc24,Gymhgy.v10official,1,B,b1v2,0,529,CAPTURE,6200,6200,206,5,14,293,2,0,1,51,24,3,74,64,39,42,48.0,2,2,0,0,8.0,47
gauntlet/20261001-181029-scrim-b1v2/losses/Gymhgy.v10official__DefaultLarge__botB.bc24,Gymhgy.v10official,0,A,v10official,1,2000,MORE_FLAG_CAPTURES,1800,5800,204,40,48,355,37,2,7,772,82,20,382,331,482,477,44.2,34,4,5,25,21.7,43
gauntlet/20261001-181029-scrim-b1v2/losses/Gymhgy.v10official__DefaultLarge__botB.bc24,Gymhgy.v10official,1,B,b1v2,0,2000,MORE_FLAG_CAPTURES,1800,3300,212,0,0,392,20,0,20,319,144,7,222,201,477,482,44.1,20,15,5,0,42.5,42
gauntlet/20261001-181029-scrim-b1v2/losses/IvanGeffner.kuma__Racetrack__botA.bc24,IvanGeffner.kuma,1,A,b1v2,0,1797,CAPTURE,0,0,203,8,24,489,3,1,2,224,105,44,136,132,468,660,41.0,3,3,0,0,20.0,22
gauntlet/20261001-181029-scrim-b1v2/losses/IvanGeffner.kuma__Racetrack__botA.bc24,IvanGeffner.kuma,0,B,kuma,1,1797,CAPTURE,0,0,212,11,19,280,135,3,44,365,147,2,448,443,660,468,43.6,135,23,33,79,30.4,18
gauntlet/20261001-181029-scrim-b1v2/losses/IvanGeffner.kuma__Swoop__botA.bc24,IvanGeffner.kuma,1,A,b1v2,0,512,CAPTURE,4300,4300,201,12,5,232,1,0,1,4,0,6,70,67,43,119,44.5,1,1,0,0,28.0,47
gauntlet/20261001-181029-scrim-b1v2/losses/IvanGeffner.kuma__Swoop__botA.bc24,IvanGeffner.kuma,0,B,kuma,1,512,CAPTURE,4300,4300,201,36,32,230,25,3,6,149,71,1,143,123,119,43,47.9,25,6,4,15,24.8,47
gauntlet/20261001-181029-scrim-b1v2/losses/NotLLeon.v3__Backslash__botA.bc24,NotLLeon.v3,1,A,b1v2,0,1552,CAPTURE,4700,15300,201,28,21,209,8,0,8,96,41,28,245,222,533,540,41.5,8,6,2,0,20.8,48
gauntlet/20261001-181029-scrim-b1v2/losses/NotLLeon.v3__Backslash__botA.bc24,NotLLeon.v3,0,B,v3,1,1552,CAPTURE,400,8700,201,25,11,246,41,3,28,209,87,8,361,348,540,533,41.7,41,15,16,10,30.9,47
gauntlet/20261001-181029-scrim-b1v2/losses/NotLLeon.v3__Gated__botB.bc24,NotLLeon.v3,0,A,v3,1,750,CAPTURE,1500,2900,208,26,19,228,28,3,19,320,148,14,101,93,110,163,44.8,28,9,13,6,19.6,33
gauntlet/20261001-181029-scrim-b1v2/losses/NotLLeon.v3__Gated__botB.bc24,NotLLeon.v3,1,B,b1v2,0,750,CAPTURE,1500,1900,203,29,24,226,14,0,14,231,106,19,93,78,163,110,46.5,14,9,5,0,18.3,36
gauntlet/20261001-181029-scrim-b1v2/losses/NotLLeon.v3__ORV__botA.bc24,NotLLeon.v3,1,A,b1v2,0,686,CAPTURE,3200,5000,207,21,21,236,0,0,0,0,0,33,115,105,173,118,45.9,0,0,0,0,,48
gauntlet/20261001-181029-scrim-b1v2/losses/NotLLeon.v3__ORV__botA.bc24,NotLLeon.v3,0,B,v3,1,686,CAPTURE,3200,6200,209,30,34,274,45,3,33,343,141,0,137,132,118,173,43.9,45,9,27,9,17.4,44
gauntlet/20261001-181029-scrim-b1v2/losses/NotLLeon.v3__Backslash__botB.bc24,NotLLeon.v3,0,A,v3,1,2000,MORE_FLAG_CAPTURES,4700,13300,205,8,29,225,78,2,68,266,107,16,489,459,733,712,41.3,78,34,36,8,30.1,47
gauntlet/20261001-181029-scrim-b1v2/losses/NotLLeon.v3__Backslash__botB.bc24,NotLLeon.v3,1,B,b1v2,0,2000,MORE_FLAG_CAPTURES,4700,17500,201,31,24,230,16,0,16,81,27,68,320,305,712,733,41.1,16,10,6,0,19.3,48
gauntlet/20261001-181029-scrim-b1v2/losses/NotLLeon.v3__Pancakes__botB.bc24,NotLLeon.v3,0,A,v3,1,656,CAPTURE,0,3500,212,18,11,263,26,3,18,212,93,7,105,97,78,144,44.7,26,8,13,5,18.8,47
gauntlet/20261001-181029-scrim-b1v2/losses/NotLLeon.v3__Pancakes__botB.bc24,NotLLeon.v3,1,B,b1v2,0,656,CAPTURE,0,5600,202,33,31,220,8,1,7,113,50,18,112,108,144,78,47.2,8,6,2,0,19.9,47
gauntlet/20261001-181029-scrim-b1v2/losses/NotLLeon.v3__Waterworld__botB.bc24,NotLLeon.v3,0,A,v3,1,1198,CAPTURE,13900,14500,223,0,0,518,28,3,20,176,77,5,225,213,260,371,42.5,28,8,15,5,23.2,23
gauntlet/20261001-181029-scrim-b1v2/losses/NotLLeon.v3__Waterworld__botB.bc24,NotLLeon.v3,1,B,b1v2,0,1198,CAPTURE,11200,15700,203,25,35,296,6,1,5,73,34,20,187,170,371,260,44.8,6,6,0,0,23.8,47
gauntlet/20261001-181029-scrim-b1v2/losses/SampleProvider.TSPAARKSPRINT1__Foxes__botB.bc24,SampleProvider.TSPAARKSPRINT1,0,A,TSPAARKSPRINT1,1,1180,CAPTURE,7500,7500,206,0,34,283,30,3,24,977,349,18,107,98,183,175,46.3,27,8,19,0,22.3,38
gauntlet/20261001-181029-scrim-b1v2/losses/SampleProvider.TSPAARKSPRINT1__Foxes__botB.bc24,SampleProvider.TSPAARKSPRINT1,1,B,b1v2,0,1180,CAPTURE,7500,7500,202,16,22,227,20,2,18,581,284,24,184,156,175,183,46.2,20,17,3,0,39.1,40
gauntlet/20261001-181029-scrim-b1v2/losses/SampleProvider.TSPAARKSPRINT1__Waterworld__botA.bc24,SampleProvider.TSPAARKSPRINT1,1,A,b1v2,0,818,CAPTURE,13900,18900,209,41,42,238,23,2,21,463,221,31,184,160,164,101,47.0,23,17,6,0,26.1,46
gauntlet/20261001-181029-scrim-b1v2/losses/SampleProvider.TSPAARKSPRINT1__Waterworld__botA.bc24,SampleProvider.TSPAARKSPRINT1,0,B,TSPAARKSPRINT1,1,818,CAPTURE,13900,15800,203,0,21,308,37,3,31,893,312,21,55,49,101,164,45.1,34,11,23,0,18.1,39
gauntlet/20261001-181029-scrim-b1v2/losses/Strequals.duck0127v5__Canals__botA.bc24,Strequals.duck0127v5,1,A,b1v2,0,727,CAPTURE,4600,4600,283,0,2,305,4,0,4,23,9,6,109,101,52,273,40.8,4,4,0,0,15.0,47
gauntlet/20261001-181029-scrim-b1v2/losses/Strequals.duck0127v5__Canals__botA.bc24,Strequals.duck0127v5,0,B,duck0127v5,1,727,CAPTURE,4600,5900,203,10,46,299,9,3,6,190,89,4,313,277,273,52,48.4,9,6,3,0,30.3,45
gauntlet/20261001-181029-scrim-b1v2/losses/SampleProvider.TSPAARKSPRINT1__Snake__botB.bc24,SampleProvider.TSPAARKSPRINT1,0,A,TSPAARKSPRINT1,1,1781,CAPTURE,13100,27900,203,11,13,264,46,3,40,1067,473,26,183,176,195,696,40.4,43,16,27,0,28.0,34
gauntlet/20261001-181029-scrim-b1v2/losses/SampleProvider.TSPAARKSPRINT1__Snake__botB.bc24,SampleProvider.TSPAARKSPRINT1,1,B,b1v2,0,1781,CAPTURE,13100,33800,204,28,26,273,28,2,26,514,230,40,636,596,696,195,47.3,28,21,7,0,35.0,46
gauntlet/20261001-181029-scrim-b1v2/losses/SampleProvider.TSPAARKSPRINT1__Soccer__botB.bc24,SampleProvider.TSPAARKSPRINT1,0,A,TSPAARKSPRINT1,1,1548,CAPTURE,3000,3100,202,3,10,264,45,3,39,1002,410,20,75,72,150,672,39.4,42,22,20,0,23.2,33
gauntlet/20261001-181029-scrim-b1v2/losses/SampleProvider.TSPAARKSPRINT1__Soccer__botB.bc24,SampleProvider.TSPAARKSPRINT1,1,B,b1v2,0,1548,CAPTURE,3000,3100,206,36,44,257,22,2,20,677,319,39,304,265,672,150,47.7,22,22,0,0,32.3,33
gauntlet/20261001-181029-scrim-b1v2/losses/Strequals.duck0127v5__Divergent__botB.bc24,Strequals.duck0127v5,0,A,duck0127v5,1,2000,MORE_FLAG_CAPTURES,3700,3700,203,17,24,264,30,2,28,495,235,14,281,259,375,252,46.9,30,22,8,0,25.6,31
gauntlet/20261001-181029-scrim-b1v2/losses/Strequals.duck0127v5__Divergent__botB.bc24,Strequals.duck0127v5,1,B,b1v2,0,2000,MORE_FLAG_CAPTURES,3700,3700,204,2,17,262,15,1,14,188,98,28,224,208,252,375,45.4,15,13,2,0,24.9,47
gauntlet/20261001-181029-scrim-b1v2/losses/Strequals.duck0127v5__MazeRunner__botA.bc24,Strequals.duck0127v5,1,A,b1v2,0,2000,LEVEL_SUM,2600,5300,207,20,19,357,5,2,3,206,128,10,214,179,239,443,44.6,5,5,0,0,21.3,44
gauntlet/20261001-181029-scrim-b1v2/losses/Strequals.duck0127v5__MazeRunner__botA.bc24,Strequals.duck0127v5,0,B,duck0127v5,1,2000,LEVEL_SUM,2600,5300,210,5,16,324,13,2,10,499,307,3,385,376,443,239,47.1,13,9,4,0,26.0,16
gauntlet/20261001-181029-scrim-b1v2/losses/Strequals.duck0127v5__Rainbow__botA.bc24,Strequals.duck0127v5,1,A,b1v2,0,2000,MORE_FLAG_CAPTURES,6000,6000,201,14,25,326,7,0,7,97,33,13,253,231,270,563,43.1,7,6,1,0,27.7,47
gauntlet/20261001-181029-scrim-b1v2/losses/Strequals.duck0127v5__Rainbow__botA.bc24,Strequals.duck0127v5,0,B,duck0127v5,1,2000,MORE_FLAG_CAPTURES,6000,6000,201,24,32,285,15,2,13,182,88,7,438,404,563,270,46.7,15,9,6,0,31.9,39
gauntlet/20261001-181029-scrim-b1v2/losses/andli28.v9_USQuals_angle__EvilGrin__botB.bc24,andli28.v9_USQuals_angle,0,A,v9_USQuals_angle,1,590,CAPTURE,2000,7000,205,0,7,232,13,3,10,177,83,0,223,162,102,49,48.0,13,6,7,0,20.9,40
gauntlet/20261001-181029-scrim-b1v2/losses/andli28.v9_USQuals_angle__EvilGrin__botB.bc24,andli28.v9_USQuals_angle,1,B,b1v2,0,590,CAPTURE,2000,2400,206,20,33,278,0,0,0,0,0,10,62,56,49,102,45.9,0,0,0,0,,46
gauntlet/20261001-181029-scrim-b1v2/losses/andli28.v9_USQuals_angle__Canals__botA.bc24,andli28.v9_USQuals_angle,1,A,b1v2,0,1388,CAPTURE,4600,4600,209,0,0,0,0,0,0,0,0,30,176,174,214,632,39.1,0,0,0,0,,47
gauntlet/20261001-181029-scrim-b1v2/losses/andli28.v9_USQuals_angle__Canals__botA.bc24,andli28.v9_USQuals_angle,0,B,v9_USQuals_angle,1,1388,CAPTURE,4600,6100,204,15,26,330,33,3,30,285,128,0,559,501,632,214,46.3,33,20,13,0,29.7,42
gauntlet/20261001-181029-scrim-b1v2/losses/andli28.v9_USQuals_angle__Battlecode24__botB.bc24,andli28.v9_USQuals_angle,0,A,v9_USQuals_angle,1,2000,MORE_FLAG_CAPTURES,12400,27400,209,9,6,297,24,2,21,1242,679,3,536,485,535,267,46.7,24,10,14,0,26.5,34
gauntlet/20261001-181029-scrim-b1v2/losses/andli28.v9_USQuals_angle__Battlecode24__botB.bc24,andli28.v9_USQuals_angle,1,B,b1v2,0,2000,MORE_FLAG_CAPTURES,12400,15100,202,30,41,230,3,0,3,15,5,21,334,298,267,535,43.5,3,3,0,0,21.7,28
gauntlet/20261001-181029-scrim-b1v2/losses/andli28.v9_USQuals_angle__HeMustBeFreed__botB.bc24,andli28.v9_USQuals_angle,0,A,v9_USQuals_angle,1,1013,CAPTURE,2100,12800,203,30,31,294,18,3,15,476,229,5,263,236,189,124,47.0,18,5,13,0,42.0,36
gauntlet/20261001-181029-scrim-b1v2/losses/andli28.v9_USQuals_angle__HeMustBeFreed__botB.bc24,andli28.v9_USQuals_angle,1,B,b1v2,0,1013,CAPTURE,5300,8200,201,25,14,223,6,1,5,133,64,15,115,82,124,189,45.6,6,4,2,0,53.4,38
gauntlet/20261001-181029-scrim-b1v2/losses/andli28.v9_USQuals_angle__Joker__botB.bc24,andli28.v9_USQuals_angle,0,A,v9_USQuals_angle,1,1047,CAPTURE,13100,21200,202,13,18,256,42,3,39,369,161,4,411,343,335,217,44.9,42,10,32,0,29.8,42
gauntlet/20261001-181029-scrim-b1v2/losses/andli28.v9_USQuals_angle__Joker__botB.bc24,andli28.v9_USQuals_angle,1,B,b1v2,0,1047,CAPTURE,14500,21100,202,23,29,219,6,1,4,274,133,39,313,284,217,335,42.3,6,6,0,0,25.3,39
gauntlet/20261001-181029-scrim-b1v2/losses/andli28.v9_USQuals_angle__Valentine__botA.bc24,andli28.v9_USQuals_angle,1,A,b1v2,0,2000,MORE_FLAG_CAPTURES,1800,3900,213,15,18,283,9,0,9,133,61,15,228,203,363,390,45.2,9,8,1,0,34.3,47
gauntlet/20261001-181029-scrim-b1v2/losses/andli28.v9_USQuals_angle__Valentine__botA.bc24,andli28.v9_USQuals_angle,0,B,v9_USQuals_angle,1,2000,MORE_FLAG_CAPTURES,1800,4500,211,9,8,289,17,2,15,219,101,9,457,416,390,363,45.6,17,8,9,0,40.2,47
gauntlet/20261001-181029-scrim-b1v2/losses/andrewgopher.player22__StackGame__botB.bc24,andrewgopher.player22,0,A,player22,1,510,CAPTURE,4600,4600,204,22,26,228,14,3,8,130,60,0,103,96,107,164,42.4,11,6,5,0,14.1,45
gauntlet/20261001-181029-scrim-b1v2/losses/andrewgopher.player22__StackGame__botB.bc24,andrewgopher.player22,1,B,b1v2,0,510,CAPTURE,4600,4600,271,0,10,314,0,0,0,0,0,8,88,87,164,107,45.0,0,0,0,0,,37
gauntlet/20261001-181029-scrim-b1v2/losses/andrewgopher.player22__Digging__botB.bc24,andrewgopher.player22,0,A,player22,1,1518,CAPTURE,700,2100,207,20,33,237,13,3,7,115,52,0,324,295,853,747,38.1,10,3,7,0,15.3,41
gauntlet/20261001-181029-scrim-b1v2/losses/andrewgopher.player22__Digging__botB.bc24,andrewgopher.player22,1,B,b1v2,0,1518,CAPTURE,700,2100,238,0,0,274,0,0,0,0,0,7,174,174,747,853,36.5,0,0,0,0,,47
gauntlet/20261001-181029-scrim-b1v2/losses/andrewgopher.player22__Mountain__botA.bc24,andrewgopher.player22,1,A,b1v2,0,2000,MORE_FLAG_CAPTURES,4100,5900,204,5,11,258,3,0,3,61,28,4,256,242,768,685,41.6,3,3,0,0,10.7,45
gauntlet/20261001-181029-scrim-b1v2/losses/andrewgopher.player22__Mountain__botA.bc24,andrewgopher.player22,0,B,player22,1,2000,MORE_FLAG_CAPTURES,4100,5300,203,14,25,217,9,2,4,145,69,3,313,276,685,768,40.7,6,5,1,0,19.0,40
gauntlet/20261001-181029-scrim-b1v2/losses/andrewgopher.player22__ORV__botA.bc24,andrewgopher.player22,1,A,b1v2,0,959,CAPTURE,3200,4400,204,0,0,490,0,0,0,0,0,13,131,129,430,266,43.2,0,0,0,0,,45
gauntlet/20261001-181029-scrim-b1v2/losses/andrewgopher.player22__ORV__botA.bc24,andrewgopher.player22,0,B,player22,1,959,CAPTURE,3200,6800,206,30,25,257,20,3,13,167,73,0,177,142,266,430,39.1,17,14,3,0,23.9,45
gauntlet/20261001-181029-scrim-b1v2/losses/andrewgopher.player22__Diagonal__botA.bc24,andrewgopher.player22,1,A,b1v2,0,2000,LEVEL_SUM,5100,5100,201,8,19,264,19,0,19,200,90,0,256,200,265,228,47.2,19,15,4,0,27.5,35
gauntlet/20261001-181029-scrim-b1v2/losses/andrewgopher.player22__Diagonal__botA.bc24,andrewgopher.player22,0,B,player22,1,2000,LEVEL_SUM,5100,5100,201,14,26,331,3,0,0,3,0,19,251,217,228,265,46.7,0,0,0,0,,34
gauntlet/20261001-181029-scrim-b1v2/losses/chenyx512.flagbot_final__AceOfSpades__botB.bc24,chenyx512.flagbot_final,0,A,flagbot_final,1,560,CAPTURE,1800,19500,203,21,14,219,17,3,11,833,329,2,341,275,134,21,48.9,14,8,6,0,15.4,42
gauntlet/20261001-181029-scrim-b1v2/losses/chenyx512.flagbot_final__AceOfSpades__botB.bc24,chenyx512.flagbot_final,1,B,b1v2,0,560,CAPTURE,1800,2100,202,37,33,246,2,0,2,6,2,11,73,68,21,134,44.1,2,2,0,0,24.5,45
gauntlet/20261001-181029-scrim-b1v2/losses/chenyx512.flagbot_final__Racetrack__botA.bc24,chenyx512.flagbot_final,1,A,b1v2,0,1110,CAPTURE,0,0,202,28,37,623,0,0,0,0,0,21,70,65,136,481,39.5,0,0,0,0,,26
gauntlet/20261001-181029-scrim-b1v2/losses/chenyx512.flagbot_final__Racetrack__botA.bc24,chenyx512.flagbot_final,0,B,flagbot_final,1,1110,CAPTURE,0,0,405,0,0,534,27,3,21,865,251,0,198,127,481,136,46.9,24,6,18,0,27.3,13
gauntlet/20261001-181029-scrim-b1v2/losses/chenyx512.flagbot_final__Swoop__botA.bc24,chenyx512.flagbot_final,1,A,b1v2,0,873,CAPTURE,4300,4300,201,25,27,225,10,0,10,125,53,9,110,98,42,255,42.9,10,10,0,0,27.1,47
gauntlet/20261001-181029-scrim-b1v2/losses/chenyx512.flagbot_final__Swoop__botA.bc24,chenyx512.flagbot_final,0,B,flagbot_final,1,873,CAPTURE,4300,4300,201,21,17,226,15,3,9,770,333,10,190,149,255,42,48.7,12,7,5,0,29.0,47
gauntlet/20261001-181029-scrim-b1v2/losses/andrewgopher.player22__TwistedTreeline__botB.bc24,andrewgopher.player22,0,A,player22,1,2000,MORE_FLAG_CAPTURES,2400,2400,207,31,26,230,37,2,31,638,309,9,270,264,618,1015,37.6,34,25,8,1,31.4,41
gauntlet/20261001-181029-scrim-b1v2/losses/andrewgopher.player22__TwistedTreeline__botB.bc24,andrewgopher.player22,1,B,b1v2,0,2000,MORE_FLAG_CAPTURES,2400,2400,202,10,7,264,11,1,9,133,88,31,306,293,1015,618,42.5,11,6,5,0,18.9,47
gauntlet/20261001-181029-scrim-b1v2/losses/chenyx512.flagbot_final__Divergent__botB.bc24,chenyx512.flagbot_final,0,A,flagbot_final,1,2000,MORE_FLAG_CAPTURES,3700,3700,205,0,9,388,14,2,9,819,355,1,575,495,952,220,47.3,11,7,4,0,24.0,40
gauntlet/20261001-181029-scrim-b1v2/losses/chenyx512.flagbot_final__Divergent__botB.bc24,chenyx512.flagbot_final,1,B,b1v2,0,2000,MORE_FLAG_CAPTURES,3600,3600,203,13,25,238,1,0,1,1,0,9,232,212,220,952,38.3,1,1,0,0,16.0,47
gauntlet/20261001-181029-scrim-b1v2/losses/clbarrell.duck8__AceOfSpades__botB.bc24,clbarrell.duck8,0,A,duck8,1,609,CAPTURE,1800,19200,202,12,23,249,22,3,19,211,85,5,269,234,129,164,43.7,22,4,18,0,17.6,45
gauntlet/20261001-181029-scrim-b1v2/losses/clbarrell.duck8__AceOfSpades__botB.bc24,clbarrell.duck8,1,B,b1v2,0,609,CAPTURE,1800,2400,202,26,21,214,7,2,5,244,105,19,92,85,164,129,45.0,7,6,1,0,16.8,45
gauntlet/20261001-181029-scrim-b1v2/losses/chenyx512.flagbot_final__Tunnels__botB.bc24,chenyx512.flagbot_final,0,A,flagbot_final,1,2000,MORE_FLAG_CAPTURES,2400,3900,203,1,0,784,35,2,30,780,272,0,571,503,575,384,45.3,32,13,19,0,14.8,31
gauntlet/20261001-181029-scrim-b1v2/losses/chenyx512.flagbot_final__Tunnels__botB.bc24,chenyx512.flagbot_final,1,B,b1v2,0,2000,MORE_FLAG_CAPTURES,2400,2700,214,0,0,0,0,0,0,0,0,30,217,201,384,575,43.0,0,0,0,0,,34
gauntlet/20261001-181029-scrim-b1v2/losses/dmtrung14.defaultplayer_intlqualifier__KingQuacksCastle__botB.bc24,dmtrung14.defaultplayer_intlqualifier,0,A,defaultplayer_intlqualifier,1,446,CAPTURE,1600,6200,205,14,11,227,40,3,5,361,69,1,65,46,27,125,43.3,37,5,3,29,19.6,48
gauntlet/20261001-181029-scrim-b1v2/losses/dmtrung14.defaultplayer_intlqualifier__KingQuacksCastle__botB.bc24,dmtrung14.defaultplayer_intlqualifier,1,B,b1v2,0,446,CAPTURE,1600,2400,204,9,14,270,2,0,1,75,37,5,34,32,125,27,48.5,2,2,0,0,30.0,48
gauntlet/20261001-181029-scrim-b1v2/losses/clbarrell.duck8__GaltonBoard__botB.bc24,clbarrell.duck8,0,A,duck8,1,2000,MORE_FLAG_CAPTURES,0,37400,201,12,23,254,11,1,10,72,29,0,570,476,544,1104,36.6,11,3,8,0,15.6,37
gauntlet/20261001-181029-scrim-b1v2/losses/clbarrell.duck8__GaltonBoard__botB.bc24,clbarrell.duck8,1,B,b1v2,0,2000,MORE_FLAG_CAPTURES,0,400,214,5,0,1753,0,0,0,0,0,10,211,192,1104,544,43.4,0,0,0,0,,38
gauntlet/20261001-181029-scrim-b1v2/losses/hsmalladi.finalbot__AceOfSpades__botA.bc24,hsmalladi.finalbot,1,A,b1v2,0,859,CAPTURE,1800,3300,202,20,15,275,6,1,5,98,45,47,134,125,311,206,44.2,6,6,0,0,22.4,43
gauntlet/20261001-181029-scrim-b1v2/losses/hsmalladi.finalbot__AceOfSpades__botA.bc24,hsmalladi.finalbot,0,B,finalbot,1,859,CAPTURE,1800,18300,205,27,27,234,59,3,47,893,184,5,302,285,206,311,41.2,56,17,33,6,15.1,42
gauntlet/20261001-181029-scrim-b1v2/losses/dmtrung14.defaultplayer_intlqualifier__BreadPudding__botA.bc24,dmtrung14.defaultplayer_intlqualifier,1,A,b1v2,0,2000,MORE_FLAG_CAPTURES,2600,2800,263,0,18,303,16,0,15,1201,596,5,349,254,740,103,48.7,16,13,3,0,17.1,44
gauntlet/20261001-181029-scrim-b1v2/losses/dmtrung14.defaultplayer_intlqualifier__BreadPudding__botA.bc24,dmtrung14.defaultplayer_intlqualifier,0,B,defaultplayer_intlqualifier,1,2000,MORE_FLAG_CAPTURES,2600,3000,204,10,17,271,23,1,5,346,64,15,71,67,103,740,38.8,20,4,2,14,12.2,45
gauntlet/20261001-181029-scrim-b1v2/losses/dmtrung14.defaultplayer_intlqualifier__DefaultLarge__botA.bc24,dmtrung14.defaultplayer_intlqualifier,1,A,b1v2,0,2000,MORE_FLAG_CAPTURES,1800,4000,202,37,36,239,3,0,3,78,37,26,167,80,240,29,49.6,3,2,1,0,43.0,42
gauntlet/20261001-181029-scrim-b1v2/losses/dmtrung14.defaultplayer_intlqualifier__DefaultLarge__botA.bc24,dmtrung14.defaultplayer_intlqualifier,0,B,defaultplayer_intlqualifier,1,2000,MORE_FLAG_CAPTURES,1800,5100,211,0,12,301,69,1,26,550,134,3,111,94,29,240,47.0,66,22,7,37,40.3,46
gauntlet/20261001-181029-scrim-b1v2/losses/hsmalladi.finalbot__HeMustBeFreed__botB.bc24,hsmalladi.finalbot,0,A,finalbot,1,2000,MORE_FLAG_CAPTURES,5900,12900,201,17,27,358,34,2,26,923,162,3,387,371,548,334,45.9,31,9,19,3,49.7,40
gauntlet/20261001-181029-scrim-b1v2/losses/hsmalladi.finalbot__HeMustBeFreed__botB.bc24,hsmalladi.finalbot,1,B,b1v2,0,2000,MORE_FLAG_CAPTURES,5900,6300,201,18,8,230,6,1,3,1099,634,26,197,178,334,548,43.4,6,6,0,0,29.3,36
gauntlet/20261001-181029-scrim-b1v2/losses/hsmalladi.finalbot__WheresMyWater__botA.bc24,hsmalladi.finalbot,1,A,b1v2,0,412,CAPTURE,3000,3600,201,0,1,202,1,1,0,18,9,10,57,52,98,49,47.2,1,1,0,0,,47
gauntlet/20261001-181029-scrim-b1v2/losses/hsmalladi.finalbot__WheresMyWater__botA.bc24,hsmalladi.finalbot,0,B,finalbot,1,412,CAPTURE,3000,5700,201,17,30,201,18,3,10,701,160,0,80,67,49,98,44.5,15,3,10,2,8.3,45
gauntlet/20261001-181029-scrim-b1v2/losses/hsmalladi.finalbot__ORV__botB.bc24,hsmalladi.finalbot,0,A,finalbot,1,716,CAPTURE,3200,6800,212,5,21,279,30,3,21,820,228,1,124,116,148,158,44.6,27,8,16,3,19.2,48
gauntlet/20261001-181029-scrim-b1v2/losses/hsmalladi.finalbot__ORV__botB.bc24,hsmalladi.finalbot,1,B,b1v2,0,716,CAPTURE,3200,4400,204,12,17,367,1,0,1,6,2,21,106,97,158,148,45.0,1,1,0,0,23.0,48
gauntlet/20261001-181029-scrim-b1v2/losses/hsmalladi.finalbot__WheresMyWater__botB.bc24,hsmalladi.finalbot,0,A,finalbot,1,2000,MORE_FLAG_CAPTURES,2800,5200,201,17,23,201,94,2,81,964,254,0,297,281,725,877,39.3,91,21,63,7,17.8,44
gauntlet/20261001-181029-scrim-b1v2/losses/hsmalladi.finalbot__WheresMyWater__botB.bc24,hsmalladi.finalbot,1,B,b1v2,0,2000,MORE_FLAG_CAPTURES,3000,4100,201,3,22,310,1,1,0,36,18,81,348,340,877,725,41.2,1,1,0,0,,40
gauntlet/20261001-181029-scrim-b1v2/losses/jmerle.camel_case_v21_final__Battlecode24__botA.bc24,jmerle.camel_case_v21_final,1,A,b1v2,0,813,CAPTURE,12400,18500,203,9,7,252,6,0,5,185,81,5,267,250,269,195,44.2,6,6,0,0,17.2,30
gauntlet/20261001-181029-scrim-b1v2/losses/jmerle.camel_case_v21_final__Battlecode24__botA.bc24,jmerle.camel_case_v21_final,0,B,camel_case_v21_final,1,813,CAPTURE,9600,22200,202,30,27,247,8,3,5,360,173,5,316,310,195,269,42.1,8,5,3,0,16.6,29
gauntlet/20261001-181029-scrim-b1v2/losses/jmerle.camel_case_v21_final__Fountain__botA.bc24,jmerle.camel_case_v21_final,1,A,b1v2,0,443,CAPTURE,1700,2700,209,8,17,265,6,2,4,97,45,5,45,42,93,94,45.0,6,6,0,0,22.5,45
gauntlet/20261001-181029-scrim-b1v2/losses/jmerle.camel_case_v21_final__Fountain__botA.bc24,jmerle.camel_case_v21_final,0,B,camel_case_v21_final,1,443,CAPTURE,1700,2700,211,31,28,225,8,3,5,131,63,4,42,40,94,93,45.0,8,5,3,0,21.8,42
gauntlet/20261001-181029-scrim-b1v2/losses/jmerle.camel_case_v21_final__Canals__botA.bc24,jmerle.camel_case_v21_final,1,A,b1v2,0,673,CAPTURE,4600,4800,218,0,0,0,0,0,0,0,0,11,108,101,198,253,40.8,0,0,0,0,,47
gauntlet/20261001-181029-scrim-b1v2/losses/jmerle.camel_case_v21_final__Canals__botA.bc24,jmerle.camel_case_v21_final,0,B,camel_case_v21_final,1,673,CAPTURE,4600,6100,202,41,40,246,14,3,11,227,109,0,187,180,253,198,43.1,14,6,8,0,28.6,49
gauntlet/20261001-181029-scrim-b1v2/losses/jmerle.camel_case_v21_final__StackGame__botA.bc24,jmerle.camel_case_v21_final,1,A,b1v2,0,451,CAPTURE,4600,4600,201,0,0,266,1,0,1,1,0,7,83,77,136,97,44.9,1,1,0,0,12.0,39
gauntlet/20261001-181029-scrim-b1v2/losses/jmerle.camel_case_v21_final__StackGame__botA.bc24,jmerle.camel_case_v21_final,0,B,camel_case_v21_final,1,451,CAPTURE,4600,4600,201,35,25,227,10,3,7,131,62,1,108,99,97,136,43.0,10,4,6,0,15.4,45
gauntlet/20261001-181029-scrim-b1v2/losses/jmerle.camel_case_v21_final__Swoop__botA.bc24,jmerle.camel_case_v21_final,1,A,b1v2,0,730,CAPTURE,4300,4300,201,7,3,221,3,0,3,65,32,4,96,92,246,247,41.7,3,3,0,0,15.3,47
gauntlet/20261001-181029-scrim-b1v2/losses/jmerle.camel_case_v21_final__Swoop__botA.bc24,jmerle.camel_case_v21_final,0,B,camel_case_v21_final,1,730,CAPTURE,4300,4300,201,34,34,214,7,3,4,200,97,3,171,168,247,246,41.9,7,5,2,0,28.5,48
gauntlet/20261001-181029-scrim-b1v2/losses/jmerle.camel_case_v21_final__YearOfTheDragon__botA.bc24,jmerle.camel_case_v21_final,1,A,b1v2,0,560,CAPTURE,10800,10800,201,10,7,220,1,0,1,3,1,6,156,151,145,129,44.3,1,1,0,0,19.0,47
gauntlet/20261001-181029-scrim-b1v2/losses/jmerle.camel_case_v21_final__YearOfTheDragon__botA.bc24,jmerle.camel_case_v21_final,0,B,camel_case_v21_final,1,560,CAPTURE,10800,10800,201,21,14,239,9,3,6,236,114,1,193,184,129,145,43.8,9,4,5,0,23.0,48
gauntlet/20261001-181029-scrim-b1v2/losses/jonters.bling3__Bunkers__botA.bc24,jonters.bling3,1,A,b1v2,0,532,CAPTURE,2800,2800,201,8,5,231,3,2,1,74,35,11,87,67,133,108,45.1,3,3,0,0,15.0,41
gauntlet/20261001-181029-scrim-b1v2/losses/jonters.bling3__Bunkers__botA.bc24,jonters.bling3,0,B,bling3,1,532,CAPTURE,2800,2800,201,26,24,256,14,3,11,156,71,1,56,51,108,133,43.6,14,3,11,0,13.1,32
gauntlet/20261001-181029-scrim-b1v2/losses/quesswho.cretplayer2_3__ORV__botA.bc24,quesswho.cretplayer2_3,1,A,b1v2,0,889,CAPTURE,3200,3200,208,7,26,226,7,1,5,152,71,20,115,88,275,215,44.1,7,7,0,0,23.4,46
gauntlet/20261001-181029-scrim-b1v2/losses/quesswho.cretplayer2_3__ORV__botA.bc24,quesswho.cretplayer2_3,0,B,cretplayer2_3,1,889,CAPTURE,3200,8000,204,29,22,222,26,3,20,1160,224,5,171,167,215,275,42.0,23,5,18,0,13.7,36
gauntlet/20261001-181029-scrim-b1v2/losses/quesswho.cretplayer2_3__AceOfSpades__botA.bc24,quesswho.cretplayer2_3,1,A,b1v2,0,521,CAPTURE,1800,3600,202,23,24,263,7,0,5,127,59,11,87,77,100,113,44.7,7,5,2,0,23.8,44
gauntlet/20261001-181029-scrim-b1v2/losses/quesswho.cretplayer2_3__AceOfSpades__botA.bc24,quesswho.cretplayer2_3,0,B,cretplayer2_3,1,521,CAPTURE,1800,18000,206,21,16,234,17,3,11,889,154,5,225,225,113,100,44.6,14,3,11,0,14.5,35
gauntlet/20261001-181029-scrim-b1v2/losses/kyleezz.jeeryfix3__Klein__botB.bc24,kyleezz.jeeryfix3,0,A,jeeryfix3,1,2000,MORE_FLAG_CAPTURES,6300,9000,205,17,15,209,14,2,12,163,78,1,215,213,359,1250,34.8,14,7,7,0,19.8,50
gauntlet/20261001-181029-scrim-b1v2/losses/kyleezz.jeeryfix3__Klein__botB.bc24,kyleezz.jeeryfix3,1,B,b1v2,0,2000,MORE_FLAG_CAPTURES,6300,6300,222,16,15,298,2,1,1,14,6,12,416,361,1250,359,45.6,2,1,1,0,8.0,48
gauntlet/20261001-181029-scrim-b1v2/losses/kyleezz.jeeryfix3__Intercontinental__botB.bc24,kyleezz.jeeryfix3,0,A,jeeryfix3,1,2000,MORE_FLAG_CAPTURES,2400,4800,201,22,5,212,7,2,5,110,56,1,232,229,469,1304,34.2,7,5,2,0,21.8,45
gauntlet/20261001-181029-scrim-b1v2/losses/kyleezz.jeeryfix3__Intercontinental__botB.bc24,kyleezz.jeeryfix3,1,B,b1v2,0,2000,MORE_FLAG_CAPTURES,2400,3600,201,12,15,352,2,1,1,85,40,5,196,173,1304,469,44.3,2,2,0,0,20.0,47
gauntlet/20261001-181029-scrim-b1v2/losses/quesswho.cretplayer2_3__Waterworld__botB.bc24,quesswho.cretplayer2_3,0,A,cretplayer2_3,1,2000,MORE_FLAG_CAPTURES,13900,16000,224,18,29,273,28,1,24,911,162,20,294,290,353,1360,33.3,25,7,18,0,21.4,8
gauntlet/20261001-181029-scrim-b1v2/losses/quesswho.cretplayer2_3__Waterworld__botB.bc24,quesswho.cretplayer2_3,1,B,b1v2,0,2000,MORE_FLAG_CAPTURES,11200,13300,203,19,22,252,21,0,20,208,100,24,341,283,1360,353,45.7,21,19,2,0,27.6,43
gauntlet/20261001-181029-scrim-b1v2/losses/winkelmantanner.waffle__Funnel__botB.bc24,winkelmantanner.waffle,0,A,waffle,1,1932,CAPTURE,2200,4200,203,19,17,361,35,3,32,533,268,1,267,230,301,778,40.2,35,11,24,0,45.8,34
gauntlet/20261001-181029-scrim-b1v2/losses/winkelmantanner.waffle__Funnel__botB.bc24,winkelmantanner.waffle,1,B,b1v2,0,1932,CAPTURE,2200,3700,201,7,6,296,2,1,1,155,75,32,366,307,778,301,46.2,2,2,0,0,46.0,37
gauntlet/20261001-181029-scrim-b1v2/losses/winkelmantanner.waffle__Puzzle__botA.bc24,winkelmantanner.waffle,1,A,b1v2,0,574,CAPTURE,0,9800,202,27,21,285,4,0,3,71,29,13,125,118,157,68,47.1,4,3,1,0,18.0,40
gauntlet/20261001-181029-scrim-b1v2/losses/winkelmantanner.waffle__Puzzle__botA.bc24,winkelmantanner.waffle,0,B,waffle,1,574,CAPTURE,0,11300,215,14,16,263,16,3,13,278,134,3,160,154,68,157,43.5,16,6,10,0,20.9,35
gauntlet/20261001-181029-scrim-b1v2/losses/winkelmantanner.waffle__Mountain__botB.bc24,winkelmantanner.waffle,0,A,waffle,1,1975,CAPTURE,4100,5300,202,3,8,202,16,3,13,228,128,2,261,257,458,1073,36.7,16,5,11,0,18.7,29
gauntlet/20261001-181029-scrim-b1v2/losses/winkelmantanner.waffle__Mountain__botB.bc24,winkelmantanner.waffle,1,B,b1v2,0,1975,CAPTURE,4100,5600,201,15,13,224,4,2,2,81,52,13,311,283,1073,458,44.4,4,3,1,0,19.0,46
gauntlet/20261001-181029-scrim-b1v2/losses/winkelmantanner.waffle__Tunnels__botB.bc24,winkelmantanner.waffle,0,A,waffle,1,502,CAPTURE,2400,3300,203,22,20,216,15,3,12,204,98,0,87,70,86,68,46.7,15,3,12,0,11.5,20
gauntlet/20261001-181029-scrim-b1v2/losses/winkelmantanner.waffle__Tunnels__botB.bc24,winkelmantanner.waffle,1,B,b1v2,0,502,CAPTURE,2400,3300,203,0,0,442,0,0,0,0,0,12,66,59,68,86,45.9,0,0,0,0,,29
gauntlet/20261001-181029-scrim-b1v2/replays/ColtG5.Goob_final__SteamboatMickey__botB.bc24,ColtG5.Goob_final,0,A,Goob_final,0,2000,LEVEL_SUM,7300,18400,201,16,15,201,28,2,26,283,123,3,431,417,531,1218,35.1,28,12,16,0,26.9,46
gauntlet/20261001-181029-scrim-b1v2/replays/ColtG5.Goob_final__SteamboatMickey__botB.bc24,ColtG5.Goob_final,1,B,b1v2,1,2000,LEVEL_SUM,7300,7600,201,26,24,201,5,2,3,175,88,26,499,466,1218,531,43.5,5,4,1,0,18.0,32
gauntlet/20261001-181029-scrim-b1v2/replays/CyrilSharma.finalBot__Racetrack__botB.bc24,CyrilSharma.finalBot,0,A,finalBot,0,1316,CAPTURE,0,0,203,12,9,584,7,2,5,165,80,9,182,176,308,436,42.0,7,4,3,0,27.6,22
gauntlet/20261001-181029-scrim-b1v2/replays/CyrilSharma.finalBot__Racetrack__botB.bc24,CyrilSharma.finalBot,1,B,b1v2,1,1316,CAPTURE,0,0,206,15,16,342,12,3,9,277,131,5,121,116,436,308,44.4,12,5,7,0,28.2,24
gauntlet/20261001-181029-scrim-b1v2/replays/SampleProvider.TSPAARKSPRINT1__QuestionableChess__botB.bc24,SampleProvider.TSPAARKSPRINT1,0,A,TSPAARKSPRINT1,0,340,CAPTURE,0,0,201,0,10,286,7,0,3,362,97,1,1,0,3,28,48.0,4,2,2,0,23.7,41
gauntlet/20261001-181029-scrim-b1v2/replays/SampleProvider.TSPAARKSPRINT1__QuestionableChess__botB.bc24,SampleProvider.TSPAARKSPRINT1,1,B,b1v2,1,340,CAPTURE,0,0,202,26,39,203,4,3,1,121,60,3,14,11,28,3,49.7,4,4,0,0,11.0,46
gauntlet/20261001-181029-scrim-b1v2/replays/SampleProvider.TSPAARKSPRINT1__WheresMyWater__botA.bc24,SampleProvider.TSPAARKSPRINT1,1,A,b1v2,1,894,CAPTURE,3000,4200,201,16,14,201,13,3,10,216,103,17,145,136,259,50,48.6,13,9,4,0,18.2,45
gauntlet/20261001-181029-scrim-b1v2/replays/SampleProvider.TSPAARKSPRINT1__WheresMyWater__botA.bc24,SampleProvider.TSPAARKSPRINT1,0,B,TSPAARKSPRINT1,0,894,CAPTURE,3000,4200,201,1,9,201,22,2,17,638,202,10,34,32,50,259,43.1,19,10,9,0,14.6,42
gauntlet/20261001-181029-scrim-b1v2/replays/IvanGeffner.kuma__EndAround__botA.bc24,IvanGeffner.kuma,1,A,b1v2,1,2000,LEVEL_SUM,2500,5500,209,13,23,270,4,0,4,114,51,32,225,205,452,469,44.3,4,3,1,0,18.5,47
gauntlet/20261001-181029-scrim-b1v2/replays/IvanGeffner.kuma__EndAround__botA.bc24,IvanGeffner.kuma,0,B,kuma,0,2000,LEVEL_SUM,2500,6100,202,13,25,351,86,0,32,229,90,4,509,475,469,452,44.5,86,20,19,47,18.7,46
gauntlet/20261001-181029-scrim-b1v2/replays/awu7.ExplosiveBot__BedWars__botA.bc24,awu7.ExplosiveBot,1,A,b1v2,1,827,CAPTURE,2400,2500,245,1,4,342,8,3,5,222,104,7,81,47,201,40,48.8,8,7,1,0,11.6,49
gauntlet/20261001-181029-scrim-b1v2/replays/awu7.ExplosiveBot__BedWars__botA.bc24,awu7.ExplosiveBot,0,B,ExplosiveBot,0,827,CAPTURE,2400,2600,323,0,0,572,8,0,7,17,3,5,30,26,40,201,44.2,8,3,4,1,14.6,44
gauntlet/20261001-181029-scrim-b1v2/replays/Strequals.duck0127v5__MIT__botB.bc24,Strequals.duck0127v5,0,A,duck0127v5,0,913,CAPTURE,7200,41500,207,11,39,305,11,2,8,443,205,9,346,295,195,96,47.5,11,6,5,0,26.6,48
gauntlet/20261001-181029-scrim-b1v2/replays/Strequals.duck0127v5__MIT__botB.bc24,Strequals.duck0127v5,1,B,b1v2,1,913,CAPTURE,7200,14200,203,17,23,260,12,3,9,372,178,8,207,188,96,195,44.9,12,9,3,0,21.4,49
gauntlet/20261001-181029-scrim-b1v2/replays/awu7.ExplosiveBot__DefaultLarge__botB.bc24,awu7.ExplosiveBot,0,A,ExplosiveBot,0,857,CAPTURE,1800,4100,202,0,14,293,4,0,4,21,7,7,69,56,62,507,35.7,4,2,2,0,46.5,24
gauntlet/20261001-181029-scrim-b1v2/replays/awu7.ExplosiveBot__DefaultLarge__botB.bc24,awu7.ExplosiveBot,1,B,b1v2,1,857,CAPTURE,1800,5000,203,43,39,257,10,3,7,401,195,4,245,165,507,62,48.2,10,6,4,0,42.0,46
gauntlet/20261001-181029-scrim-b1v2/replays/awu7.ExplosiveBot__BedWars__botB.bc24,awu7.ExplosiveBot,0,A,ExplosiveBot,0,1055,CAPTURE,2400,5100,326,0,0,520,17,1,2,59,14,4,21,16,61,356,41.9,17,4,0,13,12.5,48
gauntlet/20261001-181029-scrim-b1v2/replays/awu7.ExplosiveBot__BedWars__botB.bc24,awu7.ExplosiveBot,1,B,b1v2,1,1055,CAPTURE,2400,3100,215,8,20,255,7,3,4,314,151,2,73,57,356,61,48.6,7,7,0,0,10.3,48
gauntlet/20261001-181029-scrim-b1v2/replays/awu7.ExplosiveBot__Diagonal__botA.bc24,awu7.ExplosiveBot,1,A,b1v2,1,2000,MORE_FLAG_CAPTURES,5100,5100,201,32,36,251,25,1,23,393,201,3,424,301,774,152,48.1,25,11,14,0,30.5,33
gauntlet/20261001-181029-scrim-b1v2/replays/awu7.ExplosiveBot__Diagonal__botA.bc24,awu7.ExplosiveBot,0,B,ExplosiveBot,0,2000,MORE_FLAG_CAPTURES,5100,5100,201,8,4,231,3,0,3,12,4,23,132,125,152,774,40.6,3,2,1,0,30.3,27
gauntlet/20261001-181029-scrim-b1v2/replays/awu7.ExplosiveBot__Randy__botB.bc24,awu7.ExplosiveBot,0,A,ExplosiveBot,0,1499,CAPTURE,3400,12400,201,10,10,209,66,0,50,296,108,6,140,136,200,1035,33.3,66,24,26,16,9.6,22
gauntlet/20261001-181029-scrim-b1v2/replays/awu7.ExplosiveBot__Randy__botB.bc24,awu7.ExplosiveBot,1,B,b1v2,1,1499,CAPTURE,3400,3600,201,21,14,208,9,3,6,160,76,50,333,319,1035,200,46.7,9,7,2,0,14.3,47
gauntlet/20261001-181029-scrim-b1v2/replays/awu7.ExplosiveBot__OceanFloor__botA.bc24,awu7.ExplosiveBot,1,A,b1v2,1,1533,CAPTURE,1400,1400,201,28,34,221,22,3,19,1094,520,11,533,428,1257,144,47.7,22,19,3,0,36.2,44
gauntlet/20261001-181029-scrim-b1v2/replays/awu7.ExplosiveBot__OceanFloor__botA.bc24,awu7.ExplosiveBot,0,B,ExplosiveBot,0,1533,CAPTURE,1400,1400,201,16,2,216,15,1,11,99,42,19,103,95,144,1257,30.2,15,8,4,3,35.5,36
gauntlet/20261001-181029-scrim-b1v2/replays/chenyx512.flagbot_final__Skyline__botB.bc24,chenyx512.flagbot_final,0,A,flagbot_final,0,1005,CAPTURE,21600,21600,208,12,22,263,24,2,18,688,287,4,545,460,499,88,47.8,21,8,13,0,20.3,46
gauntlet/20261001-181029-scrim-b1v2/replays/chenyx512.flagbot_final__Skyline__botB.bc24,chenyx512.flagbot_final,1,B,b1v2,1,1005,CAPTURE,21600,21600,201,29,23,206,7,3,4,326,160,18,276,241,88,499,38.2,7,7,0,0,12.0,47
gauntlet/20261001-181029-scrim-b1v2/replays/clbarrell.duck8__Foxes__botB.bc24,clbarrell.duck8,0,A,duck8,0,1479,CAPTURE,7500,7500,202,12,21,253,5,1,3,130,61,3,251,238,256,612,40.1,5,2,3,0,20.3,35
gauntlet/20261001-181029-scrim-b1v2/replays/clbarrell.duck8__Foxes__botB.bc24,clbarrell.duck8,1,B,b1v2,1,1479,CAPTURE,7500,7500,202,24,11,309,6,3,3,262,125,3,283,212,612,256,45.8,6,6,0,0,25.3,32
gauntlet/20261001-181029-scrim-b1v2/replays/clbarrell.duck8__Pancakes__botB.bc24,clbarrell.duck8,0,A,duck8,0,525,CAPTURE,0,6100,201,4,6,243,6,1,5,47,20,1,108,94,35,137,43.8,6,2,4,0,22.0,48
gauntlet/20261001-181029-scrim-b1v2/replays/clbarrell.duck8__Pancakes__botB.bc24,clbarrell.duck8,1,B,b1v2,1,525,CAPTURE,0,3000,201,29,28,234,4,3,1,173,82,5,79,66,137,35,48.3,4,3,1,0,14.0,49
gauntlet/20261001-181029-scrim-b1v2/replays/clbarrell.duck8__OceanFloor__botB.bc24,clbarrell.duck8,0,A,duck8,0,1026,CAPTURE,1400,1400,201,27,20,273,4,1,3,65,28,4,125,92,103,327,42.2,4,2,2,0,30.0,46
gauntlet/20261001-181029-scrim-b1v2/replays/clbarrell.duck8__OceanFloor__botB.bc24,clbarrell.duck8,1,B,b1v2,1,1026,CAPTURE,1400,1400,201,19,20,215,7,3,4,613,289,3,142,81,327,103,47.6,7,7,0,0,25.8,46
gauntlet/20261001-181029-scrim-b1v2/replays/clbarrell.duck8__QuestionableChess__botB.bc24,clbarrell.duck8,0,A,duck8,0,1052,CAPTURE,0,0,201,26,26,207,17,2,15,213,87,3,106,88,205,433,40.2,17,4,13,0,24.2,34
gauntlet/20261001-181029-scrim-b1v2/replays/clbarrell.duck8__QuestionableChess__botB.bc24,clbarrell.duck8,1,B,b1v2,1,1052,CAPTURE,0,0,202,9,5,420,6,3,3,317,151,15,118,77,433,205,45.2,6,5,1,0,19.0,41
gauntlet/20261001-181029-scrim-b1v2/replays/dmtrung14.defaultplayer_intlqualifier__Diagonal__botB.bc24,dmtrung14.defaultplayer_intlqualifier,0,A,defaultplayer_intlqualifier,0,2000,MORE_FLAG_CAPTURES,5100,5100,201,20,29,0,3,0,0,294,13,12,106,98,38,360,45.6,0,0,0,0,,39
gauntlet/20261001-181029-scrim-b1v2/replays/dmtrung14.defaultplayer_intlqualifier__Diagonal__botB.bc24,dmtrung14.defaultplayer_intlqualifier,1,B,b1v2,1,2000,MORE_FLAG_CAPTURES,5100,5100,201,20,23,277,15,1,12,2297,1254,0,235,117,360,38,49.5,15,13,2,0,24.4,36
gauntlet/20261001-181029-scrim-b1v2/replays/dmtrung14.defaultplayer_intlqualifier__Battlecode24__botA.bc24,dmtrung14.defaultplayer_intlqualifier,1,A,b1v2,1,2000,MORE_FLAG_CAPTURES,12400,16600,203,14,16,233,4,1,3,267,131,0,330,117,111,13,49.8,4,4,0,0,21.7,31
gauntlet/20261001-181029-scrim-b1v2/replays/dmtrung14.defaultplayer_intlqualifier__Battlecode24__botA.bc24,dmtrung14.defaultplayer_intlqualifier,0,B,defaultplayer_intlqualifier,0,2000,MORE_FLAG_CAPTURES,10700,22400,202,18,11,0,3,0,0,294,56,3,71,48,13,111,48.6,0,0,0,0,,24
gauntlet/20261001-181029-scrim-b1v2/replays/dmtrung14.defaultplayer_intlqualifier__QueenOfHearts__botA.bc24,dmtrung14.defaultplayer_intlqualifier,1,A,b1v2,1,1828,CAPTURE,3500,3500,201,9,17,380,9,3,6,1082,526,25,312,182,1259,31,49.6,9,7,2,0,31.8,41
gauntlet/20261001-181029-scrim-b1v2/replays/dmtrung14.defaultplayer_intlqualifier__QueenOfHearts__botA.bc24,dmtrung14.defaultplayer_intlqualifier,0,B,defaultplayer_intlqualifier,0,1828,CAPTURE,3500,3500,201,10,12,224,43,1,25,630,173,6,138,135,31,1259,33.2,40,19,7,14,20.6,37
gauntlet/20261001-181029-scrim-b1v2/replays/jonters.bling3__Backslash__botB.bc24,jonters.bling3,0,A,bling3,0,1879,CAPTURE,4700,15400,201,1,27,302,4,1,3,85,39,19,181,178,284,962,37.1,4,3,1,0,18.7,41
gauntlet/20261001-181029-scrim-b1v2/replays/jonters.bling3__Backslash__botB.bc24,jonters.bling3,1,B,b1v2,1,1879,CAPTURE,4700,13400,201,28,17,216,22,3,19,580,307,3,336,253,962,284,46.3,22,16,6,0,19.6,48
gauntlet/20261001-181029-scrim-b1v2/replays/hsmalladi.finalbot__Fountain__botB.bc24,hsmalladi.finalbot,0,A,finalbot,0,1806,CAPTURE,1700,2500,219,5,7,388,34,2,29,720,223,11,219,213,408,430,44.2,31,7,24,0,12.6,45
gauntlet/20261001-181029-scrim-b1v2/replays/hsmalladi.finalbot__Fountain__botB.bc24,hsmalladi.finalbot,1,B,b1v2,1,1806,CAPTURE,1700,2900,207,11,21,265,14,3,11,844,399,29,166,157,430,408,44.5,14,13,1,0,13.6,48
gauntlet/20261001-181029-scrim-b1v2/replays/jonters.bling3__Starfish__botA.bc24,jonters.bling3,1,A,b1v2,1,1073,CAPTURE,4100,4200,201,22,16,201,9,3,6,174,79,1,164,151,428,95,47.9,9,5,4,0,7.7,46
gauntlet/20261001-181029-scrim-b1v2/replays/jonters.bling3__Starfish__botA.bc24,jonters.bling3,0,B,bling3,0,1073,CAPTURE,4100,4100,201,2,2,205,1,0,1,10,5,6,6,3,95,428,40.1,1,1,0,0,5.0,35
gauntlet/20261001-181029-scrim-b1v2/replays/jonters.bling3__Snake__botB.bc24,jonters.bling3,0,A,bling3,0,985,CAPTURE,13100,20000,203,42,42,264,4,2,2,230,91,17,119,101,139,354,41.0,4,2,2,0,19.0,25
gauntlet/20261001-181029-scrim-b1v2/replays/jonters.bling3__Snake__botB.bc24,jonters.bling3,1,B,b1v2,1,985,CAPTURE,13100,34700,204,36,27,218,20,3,17,619,297,2,471,430,354,139,46.5,20,14,6,0,32.4,46
gauntlet/20261001-181029-scrim-b1v2/replays/jonters.bling3__Duck__botB.bc24,jonters.bling3,0,A,bling3,0,1917,CAPTURE,2900,2900,201,19,27,240,16,1,15,373,176,42,120,116,278,1026,36.4,16,7,9,0,42.3,34
gauntlet/20261001-181029-scrim-b1v2/replays/jonters.bling3__Duck__botB.bc24,jonters.bling3,1,B,b1v2,1,1917,CAPTURE,2900,2900,201,30,28,223,45,3,42,1447,732,15,455,366,1026,278,46.5,45,28,17,0,41.7,47
gauntlet/20261001-181029-scrim-b1v2/replays/jonters.bling3__Waterworld__botB.bc24,jonters.bling3,0,A,bling3,0,1155,CAPTURE,13900,15900,269,0,2,406,9,1,8,91,34,25,63,58,147,536,38.3,9,6,3,0,30.5,30
gauntlet/20261001-181029-scrim-b1v2/replays/jonters.bling3__Waterworld__botB.bc24,jonters.bling3,1,B,b1v2,1,1155,CAPTURE,11200,13400,205,17,17,237,28,3,25,721,344,8,269,218,536,147,46.9,28,22,6,0,23.6,42
gauntlet/20261001-181029-scrim-b1v2/replays/justinottesen.sprint1__Fountain__botA.bc24,justinottesen.sprint1,1,A,b1v2,1,463,CAPTURE,1700,3400,207,22,28,215,3,3,0,157,78,1,82,66,172,4,49.7,3,3,0,0,,48
gauntlet/20261001-181029-scrim-b1v2/replays/justinottesen.sprint1__Fountain__botA.bc24,justinottesen.sprint1,0,B,sprint1,0,463,CAPTURE,1300,1300,213,2,5,295,1,0,1,8,4,0,6,5,4,172,41.6,1,1,0,0,21.0,32
gauntlet/20261001-181029-scrim-b1v2/replays/justinottesen.sprint1__OceanFloor__botB.bc24,justinottesen.sprint1,0,A,sprint1,0,884,CAPTURE,1300,1300,201,6,15,217,16,0,15,373,177,11,30,28,22,436,38.2,16,12,4,0,29.8,37
gauntlet/20261001-181029-scrim-b1v2/replays/justinottesen.sprint1__OceanFloor__botB.bc24,justinottesen.sprint1,1,B,b1v2,1,884,CAPTURE,1400,1400,201,29,45,218,14,3,11,766,375,15,187,175,436,22,49.4,14,13,1,0,24.0,45
gauntlet/20261001-181029-scrim-b1v2/replays/justinottesen.sprint1__Decision__botA.bc24,justinottesen.sprint1,1,A,b1v2,1,760,CAPTURE,1900,2000,202,34,46,246,15,3,12,847,416,3,164,151,395,24,49.2,15,14,1,0,34.3,39
gauntlet/20261001-181029-scrim-b1v2/replays/justinottesen.sprint1__Decision__botA.bc24,justinottesen.sprint1,0,B,sprint1,0,760,CAPTURE,1700,1700,207,6,3,299,4,1,3,232,113,12,19,19,24,395,37.6,4,3,1,0,20.3,25
gauntlet/20261001-181029-scrim-b1v2/replays/justinottesen.sprint1__StackGame__botB.bc24,justinottesen.sprint1,0,A,sprint1,0,836,CAPTURE,4600,4600,201,6,0,213,2,0,2,15,7,15,58,56,64,652,31.4,2,2,0,0,18.5,40
gauntlet/20261001-181029-scrim-b1v2/replays/justinottesen.sprint1__StackGame__botB.bc24,justinottesen.sprint1,1,B,b1v2,1,836,CAPTURE,4600,4600,201,16,17,234,18,3,15,223,99,2,206,147,652,64,48.1,18,14,4,0,13.1,42
gauntlet/20261001-181029-scrim-b1v2/replays/kyleezz.jeeryfix3__Backslash__botB.bc24,kyleezz.jeeryfix3,0,A,jeeryfix3,0,1844,CAPTURE,4700,18300,201,12,10,226,39,1,38,380,181,7,332,322,537,1451,30.9,39,17,22,0,23.2,48
gauntlet/20261001-181029-scrim-b1v2/replays/kyleezz.jeeryfix3__Backslash__botB.bc24,kyleezz.jeeryfix3,1,B,b1v2,1,1844,CAPTURE,4700,12800,201,17,3,326,10,3,7,206,112,38,493,423,1451,537,42.9,10,7,3,0,20.6,48
gauntlet/20261001-181029-scrim-b1v2/replays/kyleezz.jeeryfix3__Fusbol__botB.bc24,kyleezz.jeeryfix3,0,A,jeeryfix3,0,2000,LEVEL_SUM,7200,10200,203,10,0,0,0,0,0,0,0,20,238,234,250,1676,29.6,0,0,0,0,,36
gauntlet/20261001-181029-scrim-b1v2/replays/kyleezz.jeeryfix3__Fusbol__botB.bc24,kyleezz.jeeryfix3,1,B,b1v2,1,2000,LEVEL_SUM,7200,7800,204,22,40,277,20,0,20,44,13,0,784,680,1676,250,46.9,20,12,8,0,41.4,42
gauntlet/20261001-181029-scrim-b1v2/replays/kyleezz.jeeryfix3__Fusbol__botA.bc24,kyleezz.jeeryfix3,1,A,b1v2,1,2000,MORE_FLAG_CAPTURES,7200,7500,202,16,28,242,3,1,2,144,71,0,680,573,1397,249,46.7,3,2,1,0,42.0,42
gauntlet/20261001-181029-scrim-b1v2/replays/kyleezz.jeeryfix3__Fusbol__botA.bc24,kyleezz.jeeryfix3,0,B,jeeryfix3,0,2000,MORE_FLAG_CAPTURES,7200,10500,203,18,0,285,0,0,0,0,0,2,258,251,249,1397,33.0,0,0,0,0,,35
gauntlet/20261001-181029-scrim-b1v2/replays/quesswho.cretplayer2_3__BigDucksBigPond__botA.bc24,quesswho.cretplayer2_3,1,A,b1v2,1,1537,CAPTURE,5100,11800,201,39,32,290,20,3,17,1295,607,15,374,320,635,247,46.1,20,15,5,0,44.4,46
gauntlet/20261001-181029-scrim-b1v2/replays/quesswho.cretplayer2_3__BigDucksBigPond__botA.bc24,quesswho.cretplayer2_3,0,B,cretplayer2_3,0,1537,CAPTURE,2100,2200,201,11,22,248,20,2,15,1020,240,17,125,122,247,635,39.7,17,4,13,0,23.1,14
gauntlet/20261001-181029-scrim-b1v2/replays/kyleezz.jeeryfix3__BedWars__botA.bc24,kyleezz.jeeryfix3,1,A,b1v2,1,2000,LEVEL_SUM,2400,2600,222,0,1,331,3,1,2,45,22,1,108,15,22,15,49.8,3,3,0,0,14.5,49
gauntlet/20261001-181029-scrim-b1v2/replays/kyleezz.jeeryfix3__BedWars__botA.bc24,kyleezz.jeeryfix3,0,B,jeeryfix3,0,2000,LEVEL_SUM,2400,3500,206,16,12,211,2,1,1,26,13,2,25,11,15,22,49.7,2,1,1,0,16.0,50
gauntlet/20261001-181029-scrim-b1v2/replays/quesswho.cretplayer2_3__Checkered__botA.bc24,quesswho.cretplayer2_3,1,A,b1v2,1,2000,LEVEL_SUM,4800,4800,201,27,25,221,5,2,3,139,65,45,305,286,1173,599,42.6,5,4,1,0,18.7,47
gauntlet/20261001-181029-scrim-b1v2/replays/quesswho.cretplayer2_3__Checkered__botA.bc24,quesswho.cretplayer2_3,0,B,cretplayer2_3,0,2000,LEVEL_SUM,4800,4800,201,3,2,207,50,2,45,1372,329,3,338,328,599,1173,35.5,47,5,42,0,13.1,29
gauntlet/20261001-181029-scrim-b1v2/replays/quesswho.cretplayer2_3__Digging__botA.bc24,quesswho.cretplayer2_3,1,A,b1v2,1,1741,CAPTURE,700,2100,205,0,13,326,7,3,4,273,131,6,329,249,1677,255,46.4,7,6,1,0,29.8,46
gauntlet/20261001-181029-scrim-b1v2/replays/quesswho.cretplayer2_3__Digging__botA.bc24,quesswho.cretplayer2_3,0,B,cretplayer2_3,0,1741,CAPTURE,700,2900,211,18,0,229,10,1,6,707,39,4,186,186,255,1677,26.5,7,1,6,0,8.5,33
gauntlet/20261001-181029-scrim-b1v2/replays/winkelmantanner.waffle__Islands__botB.bc24,winkelmantanner.waffle,0,A,waffle,0,1039,CAPTURE,5800,5800,201,15,5,219,27,2,25,179,77,10,158,156,160,429,40.0,27,9,18,0,18.4,36
gauntlet/20261001-181029-scrim-b1v2/replays/winkelmantanner.waffle__Islands__botB.bc24,winkelmantanner.waffle,1,B,b1v2,1,1039,CAPTURE,5800,5800,201,19,15,230,13,3,10,345,161,25,183,160,429,160,46.3,13,10,3,0,17.8,47
gauntlet/20261001-181029-scrim-b1v2/replays/winkelmantanner.waffle__Soccer__botB.bc24,winkelmantanner.waffle,0,A,waffle,0,1398,CAPTURE,3000,3200,204,13,13,275,90,1,89,447,188,5,213,213,307,830,35.6,90,18,72,0,25.6,22
gauntlet/20261001-181029-scrim-b1v2/replays/winkelmantanner.waffle__Soccer__botB.bc24,winkelmantanner.waffle,1,B,b1v2,1,1398,CAPTURE,3000,3000,203,13,18,233,8,3,5,332,155,89,260,249,830,307,44.6,8,7,1,0,23.6,30
gauntlet/20261001-182533-scrim-b1v2/losses/CyrilSharma.finalBot__AceOfSpades__botB.bc24,CyrilSharma.finalBot,0,A,finalBot,1,355,CAPTURE,1800,19200,204,15,13,220,11,3,8,147,70,0,151,98,26,31,47.9,11,3,8,0,15.6,42
gauntlet/20261001-182533-scrim-b1v2/losses/CyrilSharma.finalBot__AceOfSpades__botB.bc24,CyrilSharma.finalBot,1,B,b1v2,0,355,CAPTURE,1800,2400,202,20,13,239,0,0,0,0,0,8,55,51,31,26,48.2,0,0,0,0,,41
gauntlet/20261001-182533-scrim-b1v2/losses/ColtG5.Goob_final__Snake__botA.bc24,ColtG5.Goob_final,1,A,b1v2,0,1136,CAPTURE,13100,24700,206,24,30,323,0,0,0,0,0,15,313,300,534,271,44.3,0,0,0,0,,46
gauntlet/20261001-182533-scrim-b1v2/losses/ColtG5.Goob_final__Snake__botA.bc24,ColtG5.Goob_final,0,B,Goob_final,1,1136,CAPTURE,13100,33400,204,16,10,267,18,3,15,291,135,0,439,403,271,534,38.6,18,9,9,0,33.3,41
gauntlet/20261001-182533-scrim-b1v2/losses/ColtG5.Goob_final__Tunnels__botA.bc24,ColtG5.Goob_final,1,A,b1v2,0,2000,MORE_FLAG_CAPTURES,2400,3000,215,0,0,275,0,0,0,0,0,3,218,201,698,310,46.2,0,0,0,0,,34
gauntlet/20261001-182533-scrim-b1v2/losses/ColtG5.Goob_final__Tunnels__botA.bc24,ColtG5.Goob_final,0,B,Goob_final,1,2000,MORE_FLAG_CAPTURES,2400,3600,204,20,15,250,4,1,3,46,21,0,196,163,310,698,41.5,4,4,0,0,17.3,36
gauntlet/20261001-182533-scrim-b1v2/losses/CyrilSharma.finalBot__DefaultLarge__botA.bc24,CyrilSharma.finalBot,1,A,b1v2,0,2000,MORE_FLAG_CAPTURES,1800,2100,210,0,0,398,0,0,0,0,0,9,213,194,559,526,43.6,0,0,0,0,,40
gauntlet/20261001-182533-scrim-b1v2/losses/CyrilSharma.finalBot__DefaultLarge__botA.bc24,CyrilSharma.finalBot,0,B,finalBot,1,2000,MORE_FLAG_CAPTURES,1800,7000,205,27,40,300,10,1,9,133,65,0,594,587,526,559,42.7,10,5,5,0,43.9,43
gauntlet/20261001-182533-scrim-b1v2/losses/CyrilSharma.finalBot__QuestionableChess__botB.bc24,CyrilSharma.finalBot,0,A,finalBot,1,1949,CAPTURE,0,0,201,25,29,227,42,3,39,347,166,12,383,375,659,584,42.7,42,8,34,0,21.4,41
gauntlet/20261001-182533-scrim-b1v2/losses/CyrilSharma.finalBot__QuestionableChess__botB.bc24,CyrilSharma.finalBot,1,B,b1v2,0,1949,CAPTURE,0,0,215,8,22,307,13,1,12,97,46,39,194,191,584,659,41.8,13,7,6,0,16.8,42
gauntlet/20261001-182533-scrim-b1v2/losses/Gymhgy.v10official__DefaultMedium__botB.bc24,Gymhgy.v10official,0,A,v10official,1,2000,MORE_FLAG_CAPTURES,2900,4400,201,30,40,289,27,2,0,705,55,10,348,261,355,285,46.5,24,4,0,20,,37
gauntlet/20261001-182533-scrim-b1v2/losses/Gymhgy.v10official__DefaultMedium__botB.bc24,Gymhgy.v10official,1,B,b1v2,0,2000,MORE_FLAG_CAPTURES,2900,2900,201,2,4,365,11,1,10,352,161,0,203,175,285,355,45.7,11,11,0,0,30.4,45
gauntlet/20261001-182533-scrim-b1v2/losses/CyrilSharma.finalBot__YearOfTheDragon__botA.bc24,CyrilSharma.finalBot,1,A,b1v2,0,2000,MORE_FLAG_CAPTURES,10800,10800,201,22,8,230,0,0,0,0,0,7,305,282,590,648,42.1,0,0,0,0,,47
gauntlet/20261001-182533-scrim-b1v2/losses/CyrilSharma.finalBot__YearOfTheDragon__botA.bc24,CyrilSharma.finalBot,0,B,finalBot,1,2000,MORE_FLAG_CAPTURES,10800,10800,201,9,24,241,9,2,7,145,59,0,743,692,648,590,42.8,9,4,5,0,25.9,38
gauntlet/20261001-182533-scrim-b1v2/losses/IvanGeffner.kuma__Alien__botA.bc24,IvanGeffner.kuma,1,A,b1v2,0,487,CAPTURE,3300,3300,202,9,6,218,0,0,0,0,0,6,80,75,40,79,46.2,0,0,0,0,,40
gauntlet/20261001-182533-scrim-b1v2/losses/IvanGeffner.kuma__Alien__botA.bc24,IvanGeffner.kuma,0,B,kuma,1,487,CAPTURE,3300,3300,202,38,34,225,28,3,6,88,40,0,133,101,79,40,48.1,28,3,6,19,9.3,35
gauntlet/20261001-182533-scrim-b1v2/losses/Gymhgy.v10official__GravitationalWaves__botA.bc24,Gymhgy.v10official,1,A,b1v2,0,2000,MORE_FLAG_CAPTURES,3700,3700,201,21,25,295,6,0,6,44,20,37,219,153,297,148,48.2,6,6,0,0,28.0,23
gauntlet/20261001-182533-scrim-b1v2/losses/Gymhgy.v10official__GravitationalWaves__botA.bc24,Gymhgy.v10official,0,B,v10official,1,2000,MORE_FLAG_CAPTURES,3700,3700,201,26,31,201,71,2,37,747,147,6,259,188,148,297,46.4,68,33,7,28,26.3,17
gauntlet/20261001-182533-scrim-b1v2/losses/Gymhgy.v10official__Starfish__botB.bc24,Gymhgy.v10official,0,A,v10official,1,2000,MORE_FLAG_CAPTURES,4100,4100,201,18,15,201,13,2,4,618,215,23,187,183,547,916,38.9,10,5,1,4,8.5,46
gauntlet/20261001-182533-scrim-b1v2/losses/Gymhgy.v10official__Starfish__botB.bc24,Gymhgy.v10official,1,B,b1v2,0,2000,MORE_FLAG_CAPTURES,4100,4200,201,10,11,201,24,1,23,215,98,4,264,257,916,547,43.4,24,21,3,0,13.5,44
gauntlet/20261001-182533-scrim-b1v2/losses/IvanGeffner.kuma__StackGame__botB.bc24,IvanGeffner.kuma,0,A,kuma,1,461,CAPTURE,4600,4600,203,31,27,241,34,3,11,106,47,2,116,78,90,48,47.5,34,8,7,19,17.1,46
gauntlet/20261001-182533-scrim-b1v2/losses/IvanGeffner.kuma__StackGame__botB.bc24,IvanGeffner.kuma,1,B,b1v2,0,461,CAPTURE,4600,4600,204,0,2,351,2,0,2,14,5,11,83,76,48,90,45.5,2,1,1,0,22.0,42
gauntlet/20261001-182533-scrim-b1v2/losses/IvanGeffner.kuma__Diagonal__botB.bc24,IvanGeffner.kuma,0,A,kuma,1,2000,LEVEL_SUM,5100,5100,201,35,32,266,1,0,0,1,0,0,315,253,246,171,47.9,1,1,0,0,,32
gauntlet/20261001-182533-scrim-b1v2/losses/IvanGeffner.kuma__Diagonal__botB.bc24,IvanGeffner.kuma,1,B,b1v2,0,2000,LEVEL_SUM,5100,5100,201,14,21,262,0,0,0,0,0,0,252,190,171,246,47.0,0,0,0,0,,34
gauntlet/20261001-182533-scrim-b1v2/losses/IvanGeffner.kuma__BigDucksBigPond__botA.bc24,IvanGeffner.kuma,1,A,b1v2,0,1663,CAPTURE,5100,7300,201,22,22,304,0,0,0,0,0,19,209,201,355,715,39.5,0,0,0,0,,46
gauntlet/20261001-182533-scrim-b1v2/losses/IvanGeffner.kuma__BigDucksBigPond__botA.bc24,IvanGeffner.kuma,0,B,kuma,1,1663,CAPTURE,5100,6700,201,11,23,238,63,3,19,370,174,0,561,528,715,355,44.8,63,11,13,39,31.7,47
gauntlet/20261001-182533-scrim-b1v2/losses/IvanGeffner.kuma__Randy__botB.bc24,IvanGeffner.kuma,0,A,kuma,1,1519,CAPTURE,3400,13400,201,15,30,215,18,3,3,132,63,1,507,440,632,246,46.1,18,3,3,12,12.3,26
gauntlet/20261001-182533-scrim-b1v2/losses/IvanGeffner.kuma__Randy__botB.bc24,IvanGeffner.kuma,1,B,b1v2,0,1519,CAPTURE,3400,3400,201,26,5,212,1,0,1,30,14,3,181,177,246,632,39.9,1,1,0,0,12.0,42
gauntlet/20261001-182533-scrim-b1v2/losses/NotLLeon.v3__Decision__botB.bc24,NotLLeon.v3,0,A,v3,1,799,CAPTURE,1700,1800,206,20,20,273,35,3,27,731,348,11,90,89,115,160,45.3,35,9,21,5,26.3,26
gauntlet/20261001-182533-scrim-b1v2/losses/NotLLeon.v3__Decision__botB.bc24,NotLLeon.v3,1,B,b1v2,0,799,CAPTURE,1900,2000,202,24,28,253,12,0,11,517,252,27,92,68,160,115,46.5,12,11,1,0,36.1,36
gauntlet/20261001-182533-scrim-b1v2/losses/NotLLeon.v3__Duck__botB.bc24,NotLLeon.v3,0,A,v3,1,770,CAPTURE,2900,2900,201,26,34,257,46,3,37,857,400,12,110,101,85,189,44.3,46,12,28,6,33.9,45
gauntlet/20261001-182533-scrim-b1v2/losses/NotLLeon.v3__Duck__botB.bc24,NotLLeon.v3,1,B,b1v2,0,770,CAPTURE,2900,2900,201,25,32,226,15,0,12,570,273,37,122,121,189,85,47.4,15,13,2,0,34.2,46
gauntlet/20261001-182533-scrim-b1v2/losses/NotLLeon.v3__Rainbow__botA.bc24,NotLLeon.v3,1,A,b1v2,0,1177,CAPTURE,6000,6000,201,29,25,349,2,0,2,4,1,62,179,159,313,257,44.7,2,1,1,0,28.0,47
gauntlet/20261001-182533-scrim-b1v2/losses/NotLLeon.v3__Rainbow__botA.bc24,NotLLeon.v3,0,B,v3,1,1177,CAPTURE,6000,6000,201,9,20,319,73,3,62,561,247,2,225,205,257,313,43.5,73,19,46,8,27.5,47
gauntlet/20261001-182533-scrim-b1v2/losses/SampleProvider.TSPAARKSPRINT1__English__botA.bc24,SampleProvider.TSPAARKSPRINT1,1,A,b1v2,0,1226,CAPTURE,10900,10900,201,42,43,253,12,1,11,345,167,50,189,166,216,113,47.7,12,8,4,0,26.8,48
gauntlet/20261001-182533-scrim-b1v2/losses/SampleProvider.TSPAARKSPRINT1__English__botA.bc24,SampleProvider.TSPAARKSPRINT1,0,B,TSPAARKSPRINT1,1,1226,CAPTURE,10900,10900,201,7,21,233,56,3,50,1144,414,11,61,35,113,216,45.5,53,13,40,0,20.6,41
gauntlet/20261001-182533-scrim-b1v2/losses/NotLLeon.v3__Foxes__botB.bc24,NotLLeon.v3,0,A,v3,1,1097,CAPTURE,7500,7500,208,12,36,302,38,3,27,348,160,2,241,221,243,229,44.9,38,16,14,8,28.5,43
gauntlet/20261001-182533-scrim-b1v2/losses/NotLLeon.v3__Foxes__botB.bc24,NotLLeon.v3,1,B,b1v2,0,1097,CAPTURE,7500,7500,205,7,0,338,2,0,2,5,1,27,174,169,229,243,44.6,2,2,0,0,33.5,39
gauntlet/20261001-182533-scrim-b1v2/losses/NotLLeon.v3__FloodGates__botA.bc24,NotLLeon.v3,1,A,b1v2,0,2000,MORE_FLAG_CAPTURES,500,1700,265,0,0,453,0,0,0,0,0,15,218,200,593,459,44.4,0,0,0,0,,27
gauntlet/20261001-182533-scrim-b1v2/losses/NotLLeon.v3__FloodGates__botA.bc24,NotLLeon.v3,0,B,v3,1,2000,MORE_FLAG_CAPTURES,500,1700,246,1,0,459,39,2,15,133,54,0,239,232,459,593,42.8,39,5,12,22,13.8,27
gauntlet/20261001-182533-scrim-b1v2/losses/SampleProvider.TSPAARKSPRINT1__EndAround__botA.bc24,SampleProvider.TSPAARKSPRINT1,1,A,b1v2,0,2000,MORE_FLAG_CAPTURES,2200,4000,203,40,41,251,21,0,20,1621,212,75,269,257,496,183,47.8,21,14,7,0,21.0,47
gauntlet/20261001-182533-scrim-b1v2/losses/SampleProvider.TSPAARKSPRINT1__EndAround__botA.bc24,SampleProvider.TSPAARKSPRINT1,0,B,TSPAARKSPRINT1,1,2000,MORE_FLAG_CAPTURES,2500,6400,204,0,2,331,81,2,75,1268,655,20,124,95,183,496,43.9,78,36,42,0,22.5,41
gauntlet/20261001-182533-scrim-b1v2/losses/SampleProvider.TSPAARKSPRINT1__KingQuacksCastle__botB.bc24,SampleProvider.TSPAARKSPRINT1,0,A,TSPAARKSPRINT1,1,1921,CAPTURE,1600,8200,215,0,14,291,127,3,121,1263,587,4,119,101,200,1133,35.7,124,38,86,0,15.2,38
gauntlet/20261001-182533-scrim-b1v2/losses/SampleProvider.TSPAARKSPRINT1__KingQuacksCastle__botB.bc24,SampleProvider.TSPAARKSPRINT1,1,B,b1v2,0,1921,CAPTURE,1600,4000,204,39,45,274,5,1,4,94,43,121,395,378,1133,200,47.4,5,5,0,0,28.0,48
gauntlet/20261001-182533-scrim-b1v2/losses/SampleProvider.TSPAARKSPRINT1__Swoop__botA.bc24,SampleProvider.TSPAARKSPRINT1,1,A,b1v2,0,929,CAPTURE,4300,4300,201,25,18,225,5,1,3,153,72,55,133,128,247,91,47.7,5,4,1,0,26.3,47
gauntlet/20261001-182533-scrim-b1v2/losses/SampleProvider.TSPAARKSPRINT1__Swoop__botA.bc24,SampleProvider.TSPAARKSPRINT1,0,B,TSPAARKSPRINT1,1,929,CAPTURE,4300,4300,201,36,32,219,61,3,55,1027,363,3,64,61,91,247,43.5,58,28,30,0,28.1,42
gauntlet/20261001-182533-scrim-b1v2/losses/Strequals.duck0127v5__Canals__botA.bc24,Strequals.duck0127v5,1,A,b1v2,0,662,CAPTURE,4600,4800,214,19,13,279,2,1,1,32,15,7,102,86,50,128,45.6,2,1,1,0,15.0,44
gauntlet/20261001-182533-scrim-b1v2/losses/Strequals.duck0127v5__Canals__botA.bc24,Strequals.duck0127v5,0,B,duck0127v5,1,662,CAPTURE,4600,6100,203,32,29,243,10,3,7,252,124,1,218,169,128,50,48.2,10,7,3,0,30.3,43
gauntlet/20261001-182533-scrim-b1v2/losses/SampleProvider.TSPAARKSPRINT1__WheresMyWater__botB.bc24,SampleProvider.TSPAARKSPRINT1,0,A,TSPAARKSPRINT1,1,807,CAPTURE,3000,4800,201,22,1,220,27,3,21,697,233,5,26,24,53,229,43.1,24,9,15,0,13.6,41
gauntlet/20261001-182533-scrim-b1v2/losses/SampleProvider.TSPAARKSPRINT1__WheresMyWater__botB.bc24,SampleProvider.TSPAARKSPRINT1,1,B,b1v2,0,807,CAPTURE,3000,3600,201,9,16,201,7,2,5,142,68,21,125,119,229,53,48.4,7,6,1,0,18.6,43
gauntlet/20261001-182533-scrim-b1v2/losses/Strequals.duck0127v5__Skyline__botB.bc24,Strequals.duck0127v5,0,A,duck0127v5,1,461,CAPTURE,21600,21600,202,24,16,217,12,3,9,165,69,6,124,103,37,45,47.6,12,5,7,0,13.0,33
gauntlet/20261001-182533-scrim-b1v2/losses/Strequals.duck0127v5__Skyline__botB.bc24,Strequals.duck0127v5,1,B,b1v2,0,461,CAPTURE,21600,21600,201,35,30,218,6,0,6,131,60,9,210,182,45,37,48.0,6,5,1,0,17.3,47
gauntlet/20261001-182533-scrim-b1v2/losses/Strequals.duck0127v5__Divergent__botA.bc24,Strequals.duck0127v5,1,A,b1v2,0,2000,MORE_FLAG_CAPTURES,3700,3700,203,9,6,493,11,1,10,201,90,19,228,180,243,355,45.7,11,10,1,0,26.4,44
gauntlet/20261001-182533-scrim-b1v2/losses/Strequals.duck0127v5__Divergent__botA.bc24,Strequals.duck0127v5,0,B,duck0127v5,1,2000,MORE_FLAG_CAPTURES,3700,3700,206,22,18,259,21,2,19,229,123,10,447,431,355,243,47.1,21,10,11,0,29.6,28
gauntlet/20261001-182533-scrim-b1v2/losses/Strequals.duck0127v5__Soccer__botA.bc24,Strequals.duck0127v5,1,A,b1v2,0,760,CAPTURE,3000,3000,216,1,18,290,21,0,20,168,71,12,100,94,102,150,45.2,21,15,6,0,28.5,31
gauntlet/20261001-182533-scrim-b1v2/losses/Strequals.duck0127v5__Soccer__botA.bc24,Strequals.duck0127v5,0,B,duck0127v5,1,760,CAPTURE,3000,3200,212,9,25,260,15,3,12,250,121,20,203,177,150,102,46.7,15,10,5,0,26.3,24
gauntlet/20261001-182533-scrim-b1v2/losses/Strequals.duck0127v5__Foxes__botB.bc24,Strequals.duck0127v5,0,A,duck0127v5,1,2000,MORE_FLAG_CAPTURES,7500,7500,225,2,31,307,15,2,13,263,124,8,406,363,449,222,47.3,15,8,7,0,31.5,22
gauntlet/20261001-182533-scrim-b1v2/losses/Strequals.duck0127v5__Foxes__botB.bc24,Strequals.duck0127v5,1,B,b1v2,0,2000,MORE_FLAG_CAPTURES,7500,7500,202,22,16,227,8,0,8,31,5,13,272,246,222,449,44.5,8,7,1,0,37.3,42
gauntlet/20261001-182533-scrim-b1v2/losses/andli28.v9_USQuals_angle__AceOfSpades__botB.bc24,andli28.v9_USQuals_angle,0,A,v9_USQuals_angle,1,560,CAPTURE,1800,18300,202,15,5,238,25,3,22,219,98,0,215,181,86,65,47.1,25,10,15,0,20.1,38
gauntlet/20261001-182533-scrim-b1v2/losses/andli28.v9_USQuals_angle__AceOfSpades__botB.bc24,andli28.v9_USQuals_angle,1,B,b1v2,0,560,CAPTURE,1800,3300,202,20,8,235,0,0,0,0,0,22,86,81,65,86,46.4,0,0,0,0,,43
gauntlet/20261001-182533-scrim-b1v2/losses/andli28.v9_USQuals_angle__Funnel__botB.bc24,andli28.v9_USQuals_angle,0,A,v9_USQuals_angle,1,1049,CAPTURE,2200,4300,202,22,23,373,30,3,27,418,192,0,358,317,292,154,46.5,30,15,15,0,50.0,40
gauntlet/20261001-182533-scrim-b1v2/losses/andli28.v9_USQuals_angle__Funnel__botB.bc24,andli28.v9_USQuals_angle,1,B,b1v2,0,1049,CAPTURE,2200,3600,201,20,21,0,0,0,0,0,0,27,116,112,154,292,43.3,0,0,0,0,,39
gauntlet/20261001-182533-scrim-b1v2/losses/andli28.v9_USQuals_angle__Gated__botA.bc24,andli28.v9_USQuals_angle,1,A,b1v2,0,2000,MORE_FLAG_CAPTURES,1500,2400,202,20,16,242,5,0,5,45,19,63,218,199,427,779,40.6,5,5,0,0,21.4,40
gauntlet/20261001-182533-scrim-b1v2/losses/andli28.v9_USQuals_angle__Gated__botA.bc24,andli28.v9_USQuals_angle,0,B,v9_USQuals_angle,1,2000,MORE_FLAG_CAPTURES,1500,2400,208,35,21,259,65,2,63,597,261,5,526,473,779,427,44.8,65,23,42,0,17.3,34
gauntlet/20261001-182533-scrim-b1v2/losses/andli28.v9_USQuals_angle__QuestionableChess__botA.bc24,andli28.v9_USQuals_angle,1,A,b1v2,0,1100,CAPTURE,0,0,201,24,28,558,1,0,1,13,5,18,94,83,239,271,44.0,1,1,0,0,27.0,42
gauntlet/20261001-182533-scrim-b1v2/losses/andli28.v9_USQuals_angle__QuestionableChess__botA.bc24,andli28.v9_USQuals_angle,0,B,v9_USQuals_angle,1,1100,CAPTURE,0,0,203,11,16,224,21,3,18,167,73,1,241,205,271,239,44.8,21,6,15,0,20.2,29
gauntlet/20261001-182533-scrim-b1v2/losses/andli28.v9_USQuals_angle__SteamboatMickey__botB.bc24,andli28.v9_USQuals_angle,0,A,v9_USQuals_angle,1,781,CAPTURE,7300,16600,201,7,2,273,10,3,7,259,126,5,300,256,203,118,46.3,10,4,6,0,16.1,43
gauntlet/20261001-182533-scrim-b1v2/losses/andli28.v9_USQuals_angle__SteamboatMickey__botB.bc24,andli28.v9_USQuals_angle,1,B,b1v2,0,781,CAPTURE,7300,10000,201,19,35,201,5,0,5,30,11,7,183,180,118,203,43.8,5,3,2,0,25.8,39
gauntlet/20261001-182533-scrim-b1v2/losses/andli28.v9_USQuals_angle__Occulus__botA.bc24,andli28.v9_USQuals_angle,1,A,b1v2,0,581,CAPTURE,1800,2400,201,22,21,213,3,0,3,5,1,18,76,75,91,144,44.1,3,1,2,0,20.7,39
gauntlet/20261001-182533-scrim-b1v2/losses/andli28.v9_USQuals_angle__Occulus__botA.bc24,andli28.v9_USQuals_angle,0,B,v9_USQuals_angle,1,581,CAPTURE,1800,9000,201,15,20,251,21,3,18,167,78,3,214,154,144,91,46.2,21,4,17,0,17.8,40
gauntlet/20261001-182533-scrim-b1v2/losses/andrewgopher.player22__Divergent__botB.bc24,andrewgopher.player22,0,A,player22,1,2000,MORE_FLAG_CAPTURES,3700,3700,205,11,19,278,19,2,14,309,144,8,257,243,456,588,42.8,16,11,5,0,22.9,40
gauntlet/20261001-182533-scrim-b1v2/losses/andrewgopher.player22__Divergent__botB.bc24,andrewgopher.player22,1,B,b1v2,0,2000,MORE_FLAG_CAPTURES,3700,3700,203,4,3,220,8,0,8,99,46,14,227,206,588,456,44.4,8,7,1,0,19.9,40
gauntlet/20261001-182533-scrim-b1v2/losses/andrewgopher.player22__StackGame__botA.bc24,andrewgopher.player22,1,A,b1v2,0,462,CAPTURE,4600,4600,276,0,6,299,2,0,2,11,5,4,84,77,112,119,44.0,2,2,0,0,16.5,44
gauntlet/20261001-182533-scrim-b1v2/losses/andrewgopher.player22__StackGame__botA.bc24,andrewgopher.player22,0,B,player22,1,462,CAPTURE,4600,4600,201,29,31,248,10,3,4,166,77,2,101,91,119,112,44.2,7,4,3,0,10.3,45
gauntlet/20261001-182533-scrim-b1v2/losses/andrewgopher.player22__Fountain__botA.bc24,andrewgopher.player22,1,A,b1v2,0,1989,CAPTURE,1700,2700,208,1,7,281,5,1,4,49,24,5,214,213,863,540,43.4,5,3,2,0,16.5,46
gauntlet/20261001-182533-scrim-b1v2/losses/andrewgopher.player22__Fountain__botA.bc24,andrewgopher.player22,0,B,player22,1,1989,CAPTURE,1700,2700,209,16,10,268,11,3,5,124,64,4,189,184,540,863,39.5,8,5,3,0,12.6,41
gauntlet/20261001-182533-scrim-b1v2/losses/andrewgopher.player22__Snake__botA.bc24,andrewgopher.player22,1,A,b1v2,0,1667,CAPTURE,13100,26000,203,15,7,377,3,0,3,47,22,3,376,352,709,784,38.5,3,3,0,0,29.0,47
gauntlet/20261001-182533-scrim-b1v2/losses/andrewgopher.player22__Snake__botA.bc24,andrewgopher.player22,0,B,player22,1,1667,CAPTURE,13100,35700,208,7,29,272,24,3,3,210,93,3,581,554,784,709,39.6,21,3,3,15,30.7,43
gauntlet/20261001-182533-scrim-b1v2/losses/chenyx512.flagbot_final__Alligator__botA.bc24,chenyx512.flagbot_final,1,A,b1v2,0,1154,CAPTURE,3300,4800,201,10,20,312,4,0,4,31,14,19,150,149,143,579,37.8,4,3,1,0,20.5,33
gauntlet/20261001-182533-scrim-b1v2/losses/chenyx512.flagbot_final__Alligator__botA.bc24,chenyx512.flagbot_final,0,B,flagbot_final,1,1154,CAPTURE,3300,7800,201,12,33,234,25,3,19,764,298,4,480,350,579,143,47.0,22,7,15,0,16.4,36
gauntlet/20261001-182533-scrim-b1v2/losses/andrewgopher.player22__Yinyang__botB.bc24,andrewgopher.player22,0,A,player22,1,419,CAPTURE,2900,3200,202,30,22,224,8,3,2,81,38,0,68,42,62,103,44.1,5,3,2,0,16.0,50
gauntlet/20261001-182533-scrim-b1v2/losses/andrewgopher.player22__Yinyang__botB.bc24,andrewgopher.player22,1,B,b1v2,0,419,CAPTURE,2900,3200,201,1,0,397,0,0,0,0,0,2,74,72,103,62,46.3,0,0,0,0,,47
gauntlet/20261001-182533-scrim-b1v2/losses/chenyx512.flagbot_final__CH3353C4K3F4CT0RY__botB.bc24,chenyx512.flagbot_final,0,A,flagbot_final,1,576,CAPTURE,13000,13400,209,9,38,287,13,3,7,738,315,2,304,242,158,39,48.2,10,3,7,0,18.0,39
gauntlet/20261001-182533-scrim-b1v2/losses/chenyx512.flagbot_final__CH3353C4K3F4CT0RY__botB.bc24,chenyx512.flagbot_final,1,B,b1v2,0,576,CAPTURE,13000,13000,202,21,16,338,3,1,2,119,54,7,173,161,39,158,43.6,3,3,0,0,21.0,46
gauntlet/20261001-182533-scrim-b1v2/losses/chenyx512.flagbot_final__Intercontinental__botA.bc24,chenyx512.flagbot_final,1,A,b1v2,0,963,CAPTURE,2400,3600,201,21,23,270,4,1,3,69,33,7,64,62,94,410,39.7,4,4,0,0,22.7,48
gauntlet/20261001-182533-scrim-b1v2/losses/chenyx512.flagbot_final__Intercontinental__botA.bc24,chenyx512.flagbot_final,0,B,flagbot_final,1,963,CAPTURE,2400,5700,201,16,20,265,13,3,7,786,311,3,162,131,410,94,47.6,10,4,6,0,20.6,37
gauntlet/20261001-182533-scrim-b1v2/losses/chenyx512.flagbot_final__Bunkers__botA.bc24,chenyx512.flagbot_final,1,A,b1v2,0,886,CAPTURE,2800,2800,201,21,8,264,6,0,6,78,34,6,106,104,69,421,38.6,6,5,1,0,19.7,46
gauntlet/20261001-182533-scrim-b1v2/losses/chenyx512.flagbot_final__Bunkers__botA.bc24,chenyx512.flagbot_final,0,B,flagbot_final,1,886,CAPTURE,2800,2800,201,12,11,297,12,3,6,724,290,6,272,205,421,69,48.1,9,5,4,0,21.7,46
gauntlet/20261001-182533-scrim-b1v2/losses/andrewgopher.player22__WheresMyWater__botA.bc24,andrewgopher.player22,1,A,b1v2,0,2000,MORE_FLAG_CAPTURES,3000,3600,201,11,0,201,1,0,1,0,0,3,231,213,670,920,38.8,1,1,0,0,9.0,45
gauntlet/20261001-182533-scrim-b1v2/losses/andrewgopher.player22__WheresMyWater__botA.bc24,andrewgopher.player22,0,B,player22,1,2000,MORE_FLAG_CAPTURES,3000,5400,201,19,30,201,12,2,3,57,23,1,422,394,920,670,41.8,9,3,2,4,10.7,40
gauntlet/20261001-182533-scrim-b1v2/losses/chenyx512.flagbot_final__KingQuacksCastle__botB.bc24,chenyx512.flagbot_final,0,A,flagbot_final,1,781,CAPTURE,1600,10400,204,5,10,275,15,3,9,756,284,0,260,173,276,64,47.9,12,4,8,0,20.8,47
gauntlet/20261001-182533-scrim-b1v2/losses/chenyx512.flagbot_final__KingQuacksCastle__botB.bc24,chenyx512.flagbot_final,1,B,b1v2,0,781,CAPTURE,1600,4400,204,36,20,220,2,1,0,89,42,9,106,106,64,276,41.6,2,2,0,0,,48
gauntlet/20261001-182533-scrim-b1v2/losses/chenyx512.flagbot_final__OceanFloor__botB.bc24,chenyx512.flagbot_final,0,A,flagbot_final,1,745,CAPTURE,1400,1400,201,37,18,232,13,3,7,865,350,8,87,64,123,45,48.4,10,5,5,0,18.4,47
gauntlet/20261001-182533-scrim-b1v2/losses/chenyx512.flagbot_final__OceanFloor__botB.bc24,chenyx512.flagbot_final,1,B,b1v2,0,745,CAPTURE,1400,1400,201,37,29,234,9,1,8,329,155,7,85,73,45,123,46.1,9,8,1,0,47.6,47
gauntlet/20261001-182533-scrim-b1v2/losses/clbarrell.duck8__Fountain__botA.bc24,clbarrell.duck8,1,A,b1v2,0,541,CAPTURE,1700,2400,216,12,17,238,1,1,0,32,16,14,42,39,125,79,46.5,1,1,0,0,,45
gauntlet/20261001-182533-scrim-b1v2/losses/clbarrell.duck8__Fountain__botA.bc24,clbarrell.duck8,0,B,duck8,1,541,CAPTURE,1700,3000,208,25,16,213,17,3,14,148,59,0,58,45,79,125,44.4,17,5,12,0,18.5,39
gauntlet/20261001-182533-scrim-b1v2/losses/dmtrung14.defaultplayer_intlqualifier__DefaultHuge__botA.bc24,dmtrung14.defaultplayer_intlqualifier,1,A,b1v2,0,523,CAPTURE,3700,3700,201,31,27,218,5,2,3,229,105,5,61,50,171,24,48.9,5,3,2,0,21.3,47
gauntlet/20261001-182533-scrim-b1v2/losses/dmtrung14.defaultplayer_intlqualifier__DefaultHuge__botA.bc24,dmtrung14.defaultplayer_intlqualifier,0,B,defaultplayer_intlqualifier,1,523,CAPTURE,3700,3700,201,16,9,204,33,3,5,389,128,3,77,72,24,171,42.0,30,7,1,22,14.6,48
gauntlet/20261001-182533-scrim-b1v2/losses/hsmalladi.finalbot__BreadPudding__botB.bc24,hsmalladi.finalbot,0,A,finalbot,1,668,CAPTURE,2400,2900,214,11,7,257,49,3,22,785,84,2,79,72,102,165,44.1,46,3,22,21,10.7,40
gauntlet/20261001-182533-scrim-b1v2/losses/hsmalladi.finalbot__BreadPudding__botB.bc24,hsmalladi.finalbot,1,B,b1v2,0,668,CAPTURE,2600,2900,202,23,23,255,2,0,2,149,64,22,91,77,165,102,46.4,2,2,0,0,16.5,44
gauntlet/20261001-182533-scrim-b1v2/losses/hsmalladi.finalbot__HungerGames__botB.bc24,hsmalladi.finalbot,0,A,finalbot,1,353,CAPTURE,700,17300,208,17,22,225,16,3,3,709,59,0,195,155,38,19,48.7,13,3,3,7,15.7,47
gauntlet/20261001-182533-scrim-b1v2/losses/hsmalladi.finalbot__HungerGames__botB.bc24,hsmalladi.finalbot,1,B,b1v2,0,353,CAPTURE,700,4900,203,6,7,288,1,0,0,8,4,3,73,73,19,38,47.5,1,1,0,0,,42
gauntlet/20261001-182533-scrim-b1v2/losses/hsmalladi.finalbot__Puzzle__botA.bc24,hsmalladi.finalbot,1,A,b1v2,0,516,CAPTURE,0,7900,207,13,25,268,4,0,3,170,84,10,95,75,55,62,47.0,4,4,0,0,19.0,43
gauntlet/20261001-182533-scrim-b1v2/losses/hsmalladi.finalbot__Puzzle__botA.bc24,hsmalladi.finalbot,0,B,finalbot,1,516,CAPTURE,0,15100,206,35,35,253,19,3,10,923,229,3,149,141,62,55,47.6,16,6,7,3,12.7,46
gauntlet/20261001-182533-scrim-b1v2/losses/dmtrung14.defaultplayer_intlqualifier__Klein__botA.bc24,dmtrung14.defaultplayer_intlqualifier,1,A,b1v2,0,2000,MORE_FLAG_CAPTURES,6600,6600,202,9,9,201,0,0,0,0,0,1,234,39,197,9,49.9,0,0,0,0,,49
gauntlet/20261001-182533-scrim-b1v2/losses/dmtrung14.defaultplayer_intlqualifier__Klein__botA.bc24,dmtrung14.defaultplayer_intlqualifier,0,B,defaultplayer_intlqualifier,1,2000,MORE_FLAG_CAPTURES,5900,6500,211,8,11,244,8,1,1,298,65,0,44,21,9,197,47.5,5,1,1,3,10.0,47
gauntlet/20261001-182533-scrim-b1v2/losses/hsmalladi.finalbot__StackGame__botA.bc24,hsmalladi.finalbot,1,A,b1v2,0,393,CAPTURE,4600,4600,215,2,1,297,0,0,0,0,0,17,75,69,86,59,46.5,0,0,0,0,,41
gauntlet/20261001-182533-scrim-b1v2/losses/hsmalladi.finalbot__StackGame__botA.bc24,hsmalladi.finalbot,0,B,finalbot,1,393,CAPTURE,4600,4600,201,27,25,259,29,3,17,736,86,0,65,59,59,86,44.8,26,4,16,6,13.2,42
gauntlet/20261001-182533-scrim-b1v2/losses/clbarrell.duck8__Whirlpool__botA.bc24,clbarrell.duck8,1,A,b1v2,0,2000,MORE_FLAG_CAPTURES,2800,2800,201,5,4,0,0,0,0,0,0,31,203,193,955,441,44.6,0,0,0,0,,46
gauntlet/20261001-182533-scrim-b1v2/losses/clbarrell.duck8__Whirlpool__botA.bc24,clbarrell.duck8,0,B,duck8,1,2000,MORE_FLAG_CAPTURES,2800,7200,201,18,15,253,32,1,31,112,32,0,321,260,441,955,38.4,32,11,21,0,21.2,28
gauntlet/20261001-182533-scrim-b1v2/losses/jmerle.camel_case_v21_final__HungerGames__botB.bc24,jmerle.camel_case_v21_final,0,A,camel_case_v21_final,1,354,CAPTURE,600,19300,203,31,27,236,4,3,1,137,67,0,205,172,68,53,46.6,4,3,1,0,14.0,47
gauntlet/20261001-182533-scrim-b1v2/losses/jmerle.camel_case_v21_final__HungerGames__botB.bc24,jmerle.camel_case_v21_final,1,B,b1v2,0,354,CAPTURE,700,2800,203,10,0,336,0,0,0,0,0,1,53,52,53,68,45.3,0,0,0,0,,47
gauntlet/20261001-182533-scrim-b1v2/losses/jmerle.camel_case_v21_final__Starfish__botB.bc24,jmerle.camel_case_v21_final,0,A,camel_case_v21_final,1,428,CAPTURE,4100,4100,201,16,16,201,9,3,6,110,51,1,40,38,130,115,43.8,9,4,5,0,8.5,43
gauntlet/20261001-182533-scrim-b1v2/losses/jmerle.camel_case_v21_final__Starfish__botB.bc24,jmerle.camel_case_v21_final,1,B,b1v2,0,428,CAPTURE,4100,4200,201,12,0,201,1,0,1,0,0,6,28,28,115,130,42.7,1,1,0,0,9.0,47
gauntlet/20261001-182533-scrim-b1v2/losses/hsmalladi.finalbot__TwistedTreeline__botA.bc24,hsmalladi.finalbot,1,A,b1v2,0,2000,MORE_FLAG_CAPTURES,2400,2400,202,7,11,279,6,1,5,219,106,70,253,251,694,579,43.0,6,6,0,0,26.6,46
gauntlet/20261001-182533-scrim-b1v2/losses/hsmalladi.finalbot__TwistedTreeline__botA.bc24,hsmalladi.finalbot,0,B,finalbot,1,2000,MORE_FLAG_CAPTURES,2400,2400,205,10,35,231,97,2,70,1597,470,5,305,289,579,694,41.5,94,27,46,21,24.3,43
gauntlet/20261001-182533-scrim-b1v2/losses/jmerle.camel_case_v21_final__GravitationalWaves__botB.bc24,jmerle.camel_case_v21_final,0,A,camel_case_v21_final,1,2000,MORE_FLAG_CAPTURES,3700,3700,201,35,24,203,7,2,5,152,85,11,199,164,280,687,41.6,7,5,2,0,22.4,10
gauntlet/20261001-182533-scrim-b1v2/losses/jmerle.camel_case_v21_final__GravitationalWaves__botB.bc24,jmerle.camel_case_v21_final,1,B,b1v2,0,2000,MORE_FLAG_CAPTURES,3700,3700,201,33,22,202,11,0,11,78,23,5,216,145,687,280,46.7,11,10,1,0,22.0,16
gauntlet/20261001-182533-scrim-b1v2/losses/jmerle.camel_case_v21_final__Hurricane__botA.bc24,jmerle.camel_case_v21_final,1,A,b1v2,0,1685,CAPTURE,4500,4500,201,12,3,208,23,1,21,956,462,16,225,196,492,344,45.0,23,21,2,0,16.4,46
gauntlet/20261001-182533-scrim-b1v2/losses/jmerle.camel_case_v21_final__Hurricane__botA.bc24,jmerle.camel_case_v21_final,0,B,camel_case_v21_final,1,1685,CAPTURE,4500,4500,201,20,27,205,19,3,16,367,170,21,245,245,344,492,42.9,19,8,11,0,29.6,47
gauntlet/20261001-182533-scrim-b1v2/losses/kyleezz.jeeryfix3__CH3353C4K3F4CT0RY__botB.bc24,kyleezz.jeeryfix3,0,A,jeeryfix3,1,2000,MORE_FLAG_CAPTURES,13000,13400,209,5,13,240,24,2,22,135,71,0,416,372,415,1471,32.1,24,10,14,0,23.0,42
gauntlet/20261001-182533-scrim-b1v2/losses/kyleezz.jeeryfix3__CH3353C4K3F4CT0RY__botB.bc24,kyleezz.jeeryfix3,1,B,b1v2,0,2000,MORE_FLAG_CAPTURES,13000,13000,203,17,21,360,0,0,0,0,0,22,413,367,1471,415,45.0,0,0,0,0,,42
gauntlet/20261001-182533-scrim-b1v2/losses/kyleezz.jeeryfix3__Digging__botB.bc24,kyleezz.jeeryfix3,0,A,jeeryfix3,1,2000,MORE_FLAG_CAPTURES,700,2100,213,35,23,237,4,1,3,24,13,0,224,220,410,1563,30.9,4,1,3,0,10.7,47
gauntlet/20261001-182533-scrim-b1v2/losses/kyleezz.jeeryfix3__Digging__botB.bc24,kyleezz.jeeryfix3,1,B,b1v2,0,2000,MORE_FLAG_CAPTURES,700,1700,279,0,1,289,0,0,0,0,0,3,227,208,1563,410,45.0,0,0,0,0,,47
gauntlet/20261001-182533-scrim-b1v2/losses/kyleezz.jeeryfix3__Skyline__botA.bc24,kyleezz.jeeryfix3,1,A,b1v2,0,442,CAPTURE,21600,21600,204,22,5,226,0,0,0,0,0,6,236,172,141,51,47.3,0,0,0,0,,45
gauntlet/20261001-182533-scrim-b1v2/losses/kyleezz.jeeryfix3__Skyline__botA.bc24,kyleezz.jeeryfix3,0,B,jeeryfix3,1,442,CAPTURE,21600,21600,201,11,22,233,9,3,6,105,49,0,182,111,51,141,42.4,9,4,5,0,17.2,45
gauntlet/20261001-182533-scrim-b1v2/losses/quesswho.cretplayer2_3__Battlefield__botB.bc24,quesswho.cretplayer2_3,0,A,cretplayer2_3,1,551,CAPTURE,3700,3700,211,17,10,215,20,3,14,721,61,11,76,70,109,195,40.7,17,3,14,0,4.9,28
gauntlet/20261001-182533-scrim-b1v2/losses/quesswho.cretplayer2_3__Battlefield__botB.bc24,quesswho.cretplayer2_3,1,B,b1v2,0,551,CAPTURE,3700,3700,202,17,18,215,13,2,11,80,35,14,106,101,195,109,45.5,13,8,5,0,7.7,45
gauntlet/20261001-182533-scrim-b1v2/losses/quesswho.cretplayer2_3__Canals__botA.bc24,quesswho.cretplayer2_3,1,A,b1v2,0,1329,CAPTURE,4600,4800,220,19,17,233,12,1,10,410,193,23,250,231,513,313,44.2,12,12,0,0,24.1,47
gauntlet/20261001-182533-scrim-b1v2/losses/quesswho.cretplayer2_3__Canals__botA.bc24,quesswho.cretplayer2_3,0,B,cretplayer2_3,1,1329,CAPTURE,4600,5600,205,29,35,256,29,3,23,1352,407,10,194,189,313,513,40.3,26,5,21,0,18.4,44
gauntlet/20261001-182533-scrim-b1v2/losses/kyleezz.jeeryfix3__Hurricane__botB.bc24,kyleezz.jeeryfix3,0,A,jeeryfix3,1,2000,MORE_FLAG_CAPTURES,4500,4500,201,15,17,211,19,2,17,315,142,15,179,140,120,513,43.7,19,7,12,0,16.2,48
gauntlet/20261001-182533-scrim-b1v2/losses/kyleezz.jeeryfix3__Hurricane__botB.bc24,kyleezz.jeeryfix3,1,B,b1v2,0,2000,MORE_FLAG_CAPTURES,4500,4500,201,25,33,205,15,0,15,147,67,17,267,204,513,120,48.5,15,15,0,0,14.2,47
gauntlet/20261001-182533-scrim-b1v2/losses/winkelmantanner.waffle__Islands__botA.bc24,winkelmantanner.waffle,1,A,b1v2,0,688,CAPTURE,5800,5800,201,9,7,233,3,2,1,81,37,40,101,94,238,99,46.4,3,3,0,0,21.0,47
gauntlet/20261001-182533-scrim-b1v2/losses/winkelmantanner.waffle__Islands__botA.bc24,winkelmantanner.waffle,0,B,waffle,1,688,CAPTURE,5800,5800,201,31,14,220,43,3,40,294,128,1,126,110,99,238,41.6,43,7,36,0,18.6,46
gauntlet/20261001-182533-scrim-b1v2/losses/winkelmantanner.waffle__Skyline__botA.bc24,winkelmantanner.waffle,1,A,b1v2,0,700,CAPTURE,21600,29400,204,22,21,240,10,1,9,101,38,29,360,326,276,104,46.5,10,7,3,0,15.7,42
gauntlet/20261001-182533-scrim-b1v2/losses/winkelmantanner.waffle__Skyline__botA.bc24,winkelmantanner.waffle,0,B,waffle,1,700,CAPTURE,9300,9300,201,24,16,215,32,3,29,266,109,9,174,157,104,276,40.5,32,6,26,0,16.5,34
gauntlet/20261001-182533-scrim-b1v2/losses/quesswho.cretplayer2_3__OceanFloor__botA.bc24,quesswho.cretplayer2_3,1,A,b1v2,0,2000,MORE_FLAG_CAPTURES,1400,1400,201,34,33,303,11,0,11,1448,690,14,278,201,769,271,46.7,11,8,3,0,32.1,46
gauntlet/20261001-182533-scrim-b1v2/losses/quesswho.cretplayer2_3__OceanFloor__botA.bc24,quesswho.cretplayer2_3,0,B,cretplayer2_3,1,2000,MORE_FLAG_CAPTURES,1400,1400,201,21,28,233,19,2,14,1582,463,11,237,228,271,769,40.4,16,4,12,0,29.1,24
gauntlet/20261001-182533-scrim-b1v2/losses/winkelmantanner.waffle__StackGame__botB.bc24,winkelmantanner.waffle,0,A,waffle,1,531,CAPTURE,4600,4600,201,32,26,231,25,3,22,151,67,0,118,103,99,167,42.5,25,4,21,0,15.3,34
gauntlet/20261001-182533-scrim-b1v2/losses/winkelmantanner.waffle__StackGame__botB.bc24,winkelmantanner.waffle,1,B,b1v2,0,531,CAPTURE,4600,4600,201,4,4,257,0,0,0,0,0,22,91,83,167,99,45.5,0,0,0,0,,43
gauntlet/20261001-182533-scrim-b1v2/losses/winkelmantanner.waffle__Whirlpool__botB.bc24,winkelmantanner.waffle,0,A,waffle,1,2000,MORE_FLAG_CAPTURES,2800,6000,201,26,21,238,9,2,7,162,74,1,242,221,280,698,41.5,9,3,6,0,18.6,36
gauntlet/20261001-182533-scrim-b1v2/losses/winkelmantanner.waffle__Whirlpool__botB.bc24,winkelmantanner.waffle,1,B,b1v2,0,2000,MORE_FLAG_CAPTURES,2800,4000,201,16,9,453,1,0,1,24,11,7,222,202,698,280,46.6,1,1,0,0,12.0,45
gauntlet/20261001-182533-scrim-b1v2/replays/ColtG5.Goob_final__DefaultLarge__botA.bc24,ColtG5.Goob_final,1,A,b1v2,1,2000,MORE_FLAG_CAPTURES,1800,2900,246,6,24,300,6,1,5,184,110,12,470,374,1335,459,44.4,6,4,2,0,39.8,46
gauntlet/20261001-182533-scrim-b1v2/replays/ColtG5.Goob_final__DefaultLarge__botA.bc24,ColtG5.Goob_final,0,B,Goob_final,0,2000,MORE_FLAG_CAPTURES,1800,6200,205,29,31,284,12,0,12,146,68,5,280,264,459,1335,33.8,12,7,5,0,40.9,45
gauntlet/20261001-182533-scrim-b1v2/replays/ColtG5.Goob_final__BigDucksBigPond__botB.bc24,ColtG5.Goob_final,0,A,Goob_final,0,2000,MORE_FLAG_CAPTURES,4900,8600,201,44,22,223,13,0,13,231,111,2,383,352,485,1054,37.1,13,10,3,0,34.2,39
gauntlet/20261001-182533-scrim-b1v2/replays/ColtG5.Goob_final__BigDucksBigPond__botB.bc24,ColtG5.Goob_final,1,B,b1v2,1,2000,MORE_FLAG_CAPTURES,5100,5400,201,16,19,227,3,1,2,127,58,13,227,206,1054,485,44.1,3,2,1,0,16.5,47
gauntlet/20261001-182533-scrim-b1v2/replays/CyrilSharma.finalBot__BedWars__botB.bc24,CyrilSharma.finalBot,0,A,finalBot,0,806,CAPTURE,2400,4800,208,24,17,227,9,2,7,103,49,3,36,24,80,97,47.1,9,4,5,0,13.7,47
gauntlet/20261001-182533-scrim-b1v2/replays/CyrilSharma.finalBot__BedWars__botB.bc24,CyrilSharma.finalBot,1,B,b1v2,1,806,CAPTURE,2400,2500,223,4,8,316,6,3,3,116,56,7,71,46,97,80,47.6,6,5,1,0,14.7,49
gauntlet/20261001-182533-scrim-b1v2/replays/ColtG5.Goob_final__OceanFloor__botA.bc24,ColtG5.Goob_final,1,A,b1v2,1,2000,LEVEL_SUM,1400,1400,201,12,24,290,7,2,5,319,151,7,424,341,1276,447,44.6,7,4,3,0,29.2,45
gauntlet/20261001-182533-scrim-b1v2/replays/ColtG5.Goob_final__OceanFloor__botA.bc24,ColtG5.Goob_final,0,B,Goob_final,0,2000,LEVEL_SUM,1400,1400,201,18,12,224,9,2,7,211,101,5,262,251,447,1276,34.4,9,5,4,0,26.7,45
gauntlet/20261001-182533-scrim-b1v2/replays/CyrilSharma.finalBot__Fusbol__botA.bc24,CyrilSharma.finalBot,1,A,b1v2,1,2000,LEVEL_SUM,7200,16200,202,31,24,813,0,0,0,0,0,0,416,364,560,371,45.4,0,0,0,0,,40
gauntlet/20261001-182533-scrim-b1v2/replays/CyrilSharma.finalBot__Fusbol__botA.bc24,CyrilSharma.finalBot,0,B,finalBot,0,2000,LEVEL_SUM,1800,1800,308,0,0,531,0,0,0,0,0,0,327,325,371,560,41.3,0,0,0,0,,3
gauntlet/20261001-182533-scrim-b1v2/replays/ColtG5.Goob_final__MazeRunner__botA.bc24,ColtG5.Goob_final,1,A,b1v2,1,2000,LEVEL_SUM,2600,5300,208,0,7,820,0,0,0,0,0,13,240,207,1014,347,45.8,0,0,0,0,,46
gauntlet/20261001-182533-scrim-b1v2/replays/ColtG5.Goob_final__MazeRunner__botA.bc24,ColtG5.Goob_final,0,B,Goob_final,0,2000,LEVEL_SUM,2600,5300,207,15,20,346,13,0,13,89,38,0,242,206,347,1014,37.6,13,6,7,0,23.7,34
gauntlet/20261001-182533-scrim-b1v2/replays/Gymhgy.v10official__HeMustBeFreed__botB.bc24,Gymhgy.v10official,0,A,v10official,0,709,CAPTURE,5900,15400,201,33,28,263,38,2,4,808,99,3,151,117,79,53,48.3,35,4,3,28,30.8,32
gauntlet/20261001-182533-scrim-b1v2/replays/Gymhgy.v10official__HeMustBeFreed__botB.bc24,Gymhgy.v10official,1,B,b1v2,1,709,CAPTURE,4700,6000,201,8,9,287,6,3,3,441,218,4,48,43,53,79,47.3,6,5,1,0,36.0,31
gauntlet/20261001-182533-scrim-b1v2/replays/Gymhgy.v10official__Diagonal__botA.bc24,Gymhgy.v10official,1,A,b1v2,1,2000,LEVEL_SUM,5100,5100,201,21,17,327,3,0,3,16,8,1,283,217,207,118,48.6,3,3,0,0,34.3,32
gauntlet/20261001-182533-scrim-b1v2/replays/Gymhgy.v10official__Diagonal__botA.bc24,Gymhgy.v10official,0,B,v10official,0,2000,LEVEL_SUM,5100,5100,201,16,28,562,4,0,1,597,9,3,269,165,118,207,47.5,1,1,0,0,29.0,32
gauntlet/20261001-182533-scrim-b1v2/replays/Gymhgy.v10official__Starfish__botA.bc24,Gymhgy.v10official,1,A,b1v2,1,2000,LEVEL_SUM,4100,4200,201,23,14,201,13,2,11,995,514,6,213,204,923,486,44.1,13,11,2,0,9.9,44
gauntlet/20261001-182533-scrim-b1v2/replays/Gymhgy.v10official__Starfish__botA.bc24,Gymhgy.v10official,0,B,v10official,0,2000,LEVEL_SUM,4100,4100,201,19,20,201,19,2,6,615,232,11,219,216,486,923,38.8,16,6,2,8,11.0,43
gauntlet/20261001-182533-scrim-b1v2/replays/IvanGeffner.kuma__Capacitance__botA.bc24,IvanGeffner.kuma,1,A,b1v2,1,2000,MORE_FLAG_CAPTURES,3600,4500,201,15,11,216,1,1,0,12,10,10,259,242,404,475,44.2,1,1,0,0,,46
gauntlet/20261001-182533-scrim-b1v2/replays/IvanGeffner.kuma__Capacitance__botA.bc24,IvanGeffner.kuma,0,B,kuma,0,2000,MORE_FLAG_CAPTURES,3600,5500,201,27,36,261,19,0,10,55,27,0,427,418,475,404,45.1,19,9,3,7,15.9,43
gauntlet/20261001-182533-scrim-b1v2/replays/SampleProvider.TSPAARKSPRINT1__EndAround__botB.bc24,SampleProvider.TSPAARKSPRINT1,0,A,TSPAARKSPRINT1,0,2000,LEVEL_SUM,2500,6700,258,0,14,280,36,0,33,607,170,26,140,102,137,719,41.1,33,16,17,0,17.8,41
gauntlet/20261001-182533-scrim-b1v2/replays/SampleProvider.TSPAARKSPRINT1__EndAround__botB.bc24,SampleProvider.TSPAARKSPRINT1,1,B,b1v2,1,2000,LEVEL_SUM,2200,4600,202,37,39,245,27,0,26,1212,619,33,270,246,719,137,48.3,27,22,5,0,16.7,47
gauntlet/20261001-182533-scrim-b1v2/replays/awu7.ExplosiveBot__Alligator__botA.bc24,awu7.ExplosiveBot,1,A,b1v2,1,1376,CAPTURE,3300,6600,201,23,31,227,13,3,10,321,146,3,461,365,1030,159,47.2,13,10,3,0,13.7,37
gauntlet/20261001-182533-scrim-b1v2/replays/awu7.ExplosiveBot__Alligator__botA.bc24,awu7.ExplosiveBot,0,B,ExplosiveBot,0,1376,CAPTURE,3300,6000,201,3,0,239,4,0,3,11,0,10,104,98,159,1030,32.1,4,2,2,0,16.7,30
gauntlet/20261001-182533-scrim-b1v2/replays/NotLLeon.v3__Hurricane__botB.bc24,NotLLeon.v3,0,A,v3,0,2000,LEVEL_SUM,4500,4500,201,12,28,212,89,0,88,587,280,12,181,154,92,211,47.4,89,44,44,1,16.5,47
gauntlet/20261001-182533-scrim-b1v2/replays/NotLLeon.v3__Hurricane__botB.bc24,NotLLeon.v3,1,B,b1v2,1,2000,LEVEL_SUM,4500,4500,201,18,39,270,12,0,12,79,34,88,221,148,211,92,48.9,12,11,1,0,18.6,45
gauntlet/20261001-182533-scrim-b1v2/replays/awu7.ExplosiveBot__Canals__botA.bc24,awu7.ExplosiveBot,1,A,b1v2,1,1333,CAPTURE,4600,5100,227,1,42,251,20,3,17,648,308,14,447,355,1113,140,47.4,20,14,6,0,30.2,47
gauntlet/20261001-182533-scrim-b1v2/replays/awu7.ExplosiveBot__Canals__botA.bc24,awu7.ExplosiveBot,0,B,ExplosiveBot,0,1333,CAPTURE,4600,4900,202,20,7,228,38,1,14,168,60,17,114,104,140,1113,29.8,38,9,6,23,25.8,39
gauntlet/20261001-182533-scrim-b1v2/replays/awu7.ExplosiveBot__GaltonBoard__botA.bc24,awu7.ExplosiveBot,1,A,b1v2,1,1439,CAPTURE,0,0,201,14,16,253,15,3,12,594,260,8,505,350,1364,83,48.6,15,7,8,0,18.0,39
gauntlet/20261001-182533-scrim-b1v2/replays/awu7.ExplosiveBot__GaltonBoard__botA.bc24,awu7.ExplosiveBot,0,B,ExplosiveBot,0,1439,CAPTURE,0,0,205,17,0,236,14,1,8,20,2,12,59,57,83,1364,27.2,14,3,6,5,15.4,21
gauntlet/20261001-182533-scrim-b1v2/replays/awu7.ExplosiveBot__Capacitance__botB.bc24,awu7.ExplosiveBot,0,A,ExplosiveBot,0,2000,MORE_FLAG_CAPTURES,3600,5400,201,9,10,209,83,1,48,691,301,9,159,138,193,1361,33.5,83,26,23,34,12.1,37
gauntlet/20261001-182533-scrim-b1v2/replays/awu7.ExplosiveBot__Capacitance__botB.bc24,awu7.ExplosiveBot,1,B,b1v2,1,2000,MORE_FLAG_CAPTURES,3600,4500,201,25,13,204,12,2,9,214,106,48,407,379,1361,193,47.6,12,10,2,0,13.3,46
gauntlet/20261001-182533-scrim-b1v2/replays/awu7.ExplosiveBot__Joker__botB.bc24,awu7.ExplosiveBot,0,A,ExplosiveBot,0,1660,CAPTURE,14500,20500,201,4,0,433,61,0,32,159,49,17,229,216,253,1077,34.3,61,19,14,28,19.9,28
gauntlet/20261001-182533-scrim-b1v2/replays/awu7.ExplosiveBot__Joker__botB.bc24,awu7.ExplosiveBot,1,B,b1v2,1,1660,CAPTURE,14500,17800,205,25,33,228,20,3,17,757,354,32,614,558,1077,253,46.3,20,15,5,0,31.6,44
gauntlet/20261001-182533-scrim-b1v2/replays/clbarrell.duck8__Islands__botB.bc24,clbarrell.duck8,0,A,duck8,0,909,CAPTURE,5800,5800,201,7,25,282,30,0,29,76,25,2,131,117,125,368,40.3,30,8,22,0,18.9,47
gauntlet/20261001-182533-scrim-b1v2/replays/clbarrell.duck8__Islands__botB.bc24,clbarrell.duck8,1,B,b1v2,1,909,CAPTURE,5800,5800,201,26,0,217,5,3,2,168,79,29,144,124,368,125,46.7,5,4,1,0,19.0,47
gauntlet/20261001-182533-scrim-b1v2/replays/awu7.ExplosiveBot__Klein__botB.bc24,awu7.ExplosiveBot,0,A,ExplosiveBot,0,1613,CAPTURE,6600,7200,203,11,7,210,21,0,13,85,29,14,84,76,168,1225,31.7,21,8,7,6,12.8,36
gauntlet/20261001-182533-scrim-b1v2/replays/awu7.ExplosiveBot__Klein__botB.bc24,awu7.ExplosiveBot,1,B,b1v2,1,1613,CAPTURE,6300,6300,204,22,34,230,17,3,14,692,337,13,519,400,1225,168,47.4,17,15,2,0,22.7,49
gauntlet/20261001-182533-scrim-b1v2/replays/clbarrell.duck8__Hockey__botB.bc24,clbarrell.duck8,0,A,duck8,0,1304,CAPTURE,3300,3600,207,0,2,0,0,0,0,0,0,0,156,150,193,704,37.1,0,0,0,0,,32
gauntlet/20261001-182533-scrim-b1v2/replays/clbarrell.duck8__Hockey__botB.bc24,clbarrell.duck8,1,B,b1v2,1,1304,CAPTURE,3300,3300,209,23,9,410,3,3,0,366,179,0,321,211,704,193,46.4,3,3,0,0,,38
gauntlet/20261001-182533-scrim-b1v2/replays/clbarrell.duck8__Diagonal__botB.bc24,clbarrell.duck8,0,A,duck8,0,2000,LEVEL_SUM,5100,5100,201,15,24,314,13,0,13,72,21,15,287,210,353,850,39.7,13,2,11,0,33.0,39
gauntlet/20261001-182533-scrim-b1v2/replays/clbarrell.duck8__Diagonal__botB.bc24,clbarrell.duck8,1,B,b1v2,1,2000,LEVEL_SUM,5100,5100,201,14,25,260,15,0,15,530,238,13,271,233,850,353,45.7,15,14,1,0,17.7,37
gauntlet/20261001-182533-scrim-b1v2/replays/clbarrell.duck8__Mountain__botB.bc24,clbarrell.duck8,0,A,duck8,0,2000,LEVEL_SUM,4100,5900,206,9,0,209,6,1,5,25,10,4,248,224,448,1114,36.5,6,2,4,0,13.6,41
gauntlet/20261001-182533-scrim-b1v2/replays/clbarrell.duck8__Mountain__botB.bc24,clbarrell.duck8,1,B,b1v2,1,2000,LEVEL_SUM,4100,4700,204,7,7,270,5,1,4,238,130,5,328,266,1114,448,44.5,5,4,1,0,22.0,47
gauntlet/20261001-182533-scrim-b1v2/replays/dmtrung14.defaultplayer_intlqualifier__Foxes__botB.bc24,dmtrung14.defaultplayer_intlqualifier,0,A,defaultplayer_intlqualifier,0,701,CAPTURE,7500,7500,204,5,1,245,3,0,0,294,37,4,60,55,13,137,45.3,0,0,0,0,,38
gauntlet/20261001-182533-scrim-b1v2/replays/dmtrung14.defaultplayer_intlqualifier__Foxes__botB.bc24,dmtrung14.defaultplayer_intlqualifier,1,B,b1v2,1,701,CAPTURE,7500,7500,203,35,37,244,7,3,4,485,239,0,127,52,137,13,49.5,7,4,3,0,41.8,39
gauntlet/20261001-182533-scrim-b1v2/replays/dmtrung14.defaultplayer_intlqualifier__OceanFloor__botB.bc24,dmtrung14.defaultplayer_intlqualifier,0,A,defaultplayer_intlqualifier,0,943,CAPTURE,1300,1400,201,23,13,211,57,1,23,678,262,10,58,54,23,700,32.1,54,18,7,29,23.0,41
gauntlet/20261001-182533-scrim-b1v2/replays/dmtrung14.defaultplayer_intlqualifier__OceanFloor__botB.bc24,dmtrung14.defaultplayer_intlqualifier,1,B,b1v2,1,943,CAPTURE,1400,1400,201,35,37,217,13,3,10,670,316,23,214,152,700,23,49.4,13,10,3,0,31.8,47
gauntlet/20261001-182533-scrim-b1v2/replays/jmerle.camel_case_v21_final__OceanFloor__botB.bc24,jmerle.camel_case_v21_final,0,A,camel_case_v21_final,0,772,CAPTURE,1400,1400,201,31,19,227,19,2,16,382,184,0,118,114,181,233,42.7,19,7,12,0,38.9,50
gauntlet/20261001-182533-scrim-b1v2/replays/jmerle.camel_case_v21_final__OceanFloor__botB.bc24,jmerle.camel_case_v21_final,1,B,b1v2,1,772,CAPTURE,1400,1400,201,14,13,267,3,3,0,259,126,16,106,98,233,181,44.4,3,3,0,0,,44
gauntlet/20261001-182533-scrim-b1v2/replays/dmtrung14.defaultplayer_intlqualifier__GaltonBoard__botB.bc24,dmtrung14.defaultplayer_intlqualifier,0,A,defaultplayer_intlqualifier,0,2000,LEVEL_SUM,0,2400,201,16,19,211,10,1,0,300,3,2,67,62,134,1616,30.3,7,1,0,6,,33
gauntlet/20261001-182533-scrim-b1v2/replays/dmtrung14.defaultplayer_intlqualifier__GaltonBoard__botB.bc24,dmtrung14.defaultplayer_intlqualifier,1,B,b1v2,1,2000,LEVEL_SUM,0,0,206,9,12,273,3,1,2,321,154,0,242,224,1616,134,48.3,3,3,0,0,18.0,38
gauntlet/20261001-182533-scrim-b1v2/replays/dmtrung14.defaultplayer_intlqualifier__StarryNight__botA.bc24,dmtrung14.defaultplayer_intlqualifier,1,A,b1v2,1,2000,MORE_FLAG_CAPTURES,13600,13700,201,15,8,213,4,1,3,82,52,0,306,119,263,13,49.8,4,2,2,0,20.7,46
gauntlet/20261001-182533-scrim-b1v2/replays/dmtrung14.defaultplayer_intlqualifier__StarryNight__botA.bc24,dmtrung14.defaultplayer_intlqualifier,0,B,defaultplayer_intlqualifier,0,2000,MORE_FLAG_CAPTURES,13600,13700,201,9,13,208,3,0,0,295,24,3,72,56,13,263,46.7,0,0,0,0,,48
gauntlet/20261001-182533-scrim-b1v2/replays/jonters.bling3__DefaultHuge__botB.bc24,jonters.bling3,0,A,bling3,0,679,CAPTURE,3700,3700,201,29,8,226,5,1,4,94,41,10,62,47,73,246,41.0,5,2,3,0,9.8,35
gauntlet/20261001-182533-scrim-b1v2/replays/jonters.bling3__DefaultHuge__botB.bc24,jonters.bling3,1,B,b1v2,1,679,CAPTURE,3700,3700,201,30,23,208,13,3,10,331,161,4,157,108,246,73,47.4,13,9,4,0,18.2,47
gauntlet/20261001-182533-scrim-b1v2/replays/hsmalladi.finalbot__Hurricane__botA.bc24,hsmalladi.finalbot,1,A,b1v2,1,1875,CAPTURE,4500,4500,201,21,7,458,7,3,4,2105,1061,68,165,92,186,85,48.9,7,7,0,0,23.3,45
gauntlet/20261001-182533-scrim-b1v2/replays/hsmalladi.finalbot__Hurricane__botA.bc24,hsmalladi.finalbot,0,B,finalbot,0,1875,CAPTURE,4500,4500,201,32,21,205,73,1,68,1228,357,4,155,145,85,186,47.5,70,29,40,1,18.7,46
gauntlet/20261001-182533-scrim-b1v2/replays/jonters.bling3__Alien__botA.bc24,jonters.bling3,1,A,b1v2,1,1655,CAPTURE,3300,3300,202,10,6,212,21,3,18,210,98,7,313,233,865,293,45.7,21,14,7,0,12.5,39
gauntlet/20261001-182533-scrim-b1v2/replays/jonters.bling3__Alien__botA.bc24,jonters.bling3,0,B,bling3,0,1655,CAPTURE,3300,3300,202,25,31,278,9,2,7,142,63,18,119,117,293,865,36.9,9,4,5,0,11.0,33
gauntlet/20261001-182533-scrim-b1v2/replays/jonters.bling3__Hockey__botB.bc24,jonters.bling3,0,A,bling3,0,820,CAPTURE,3300,3300,288,0,2,584,0,0,0,0,0,8,49,43,116,226,43.0,0,0,0,0,,27
gauntlet/20261001-182533-scrim-b1v2/replays/jonters.bling3__Hockey__botB.bc24,jonters.bling3,1,B,b1v2,1,820,CAPTURE,3300,3300,202,14,13,301,11,3,8,331,161,0,141,106,226,116,46.6,11,10,1,0,22.8,39
gauntlet/20261001-182533-scrim-b1v2/replays/jonters.bling3__Snake__botA.bc24,jonters.bling3,1,A,b1v2,1,1421,CAPTURE,13100,32500,203,22,18,220,17,3,14,299,143,5,506,343,576,266,45.4,17,14,3,0,32.6,45
gauntlet/20261001-182533-scrim-b1v2/replays/jonters.bling3__Snake__botA.bc24,jonters.bling3,0,B,bling3,0,1421,CAPTURE,13100,25000,204,39,31,266,5,0,5,45,19,14,186,167,266,576,39.8,5,1,4,0,27.8,37
gauntlet/20261001-182533-scrim-b1v2/replays/jonters.bling3__Whirlpool__botB.bc24,jonters.bling3,0,A,bling3,0,1201,CAPTURE,2800,4700,201,12,0,262,8,0,8,53,18,10,73,67,142,493,39.7,8,4,4,0,20.0,39
gauntlet/20261001-182533-scrim-b1v2/replays/jonters.bling3__Whirlpool__botB.bc24,jonters.bling3,1,B,b1v2,1,1201,CAPTURE,2800,5300,201,24,23,377,13,3,10,348,168,8,228,199,493,142,47.1,13,7,6,0,16.9,46
gauntlet/20261001-182533-scrim-b1v2/replays/justinottesen.sprint1__Battlecode24__botB.bc24,justinottesen.sprint1,0,A,sprint1,0,346,CAPTURE,11700,16800,208,2,9,246,0,0,0,0,0,1,48,34,28,57,46.2,0,0,0,0,,18
gauntlet/20261001-182533-scrim-b1v2/replays/justinottesen.sprint1__Battlecode24__botB.bc24,justinottesen.sprint1,1,B,b1v2,1,346,CAPTURE,11600,23300,202,31,30,214,4,3,1,216,107,0,245,162,57,28,48.1,4,3,1,0,17.0,29
gauntlet/20261001-182533-scrim-b1v2/replays/justinottesen.sprint1__GaltonBoard__botB.bc24,justinottesen.sprint1,0,A,sprint1,0,1217,CAPTURE,0,23100,201,4,23,353,2,0,2,9,2,2,201,200,157,1113,28.0,2,2,0,0,13.5,30
gauntlet/20261001-182533-scrim-b1v2/replays/justinottesen.sprint1__GaltonBoard__botB.bc24,justinottesen.sprint1,1,B,b1v2,1,1217,CAPTURE,0,5200,213,2,1,593,5,3,2,317,137,2,334,262,1113,157,46.8,5,4,1,0,17.0,41
gauntlet/20261001-182533-scrim-b1v2/replays/jonters.bling3__Randy__botB.bc24,jonters.bling3,0,A,bling3,0,2000,LEVEL_SUM,3400,12800,201,16,19,213,6,2,4,149,70,20,148,133,313,650,41.8,6,5,1,0,10.8,26
gauntlet/20261001-182533-scrim-b1v2/replays/jonters.bling3__Randy__botB.bc24,jonters.bling3,1,B,b1v2,1,2000,LEVEL_SUM,3400,4000,201,18,17,206,22,2,20,220,99,4,281,259,650,313,46.2,22,19,3,0,11.0,32
gauntlet/20261001-182533-scrim-b1v2/replays/justinottesen.sprint1__Hurricane__botB.bc24,justinottesen.sprint1,0,A,sprint1,0,1232,CAPTURE,4500,4500,201,16,11,237,11,1,10,132,62,22,43,41,42,763,35.0,11,11,0,0,24.1,39
gauntlet/20261001-182533-scrim-b1v2/replays/justinottesen.sprint1__Hurricane__botB.bc24,justinottesen.sprint1,1,B,b1v2,1,1232,CAPTURE,4500,4500,201,24,21,233,25,3,22,973,476,10,342,314,763,42,49.1,25,20,5,0,14.0,47
gauntlet/20261001-182533-scrim-b1v2/replays/justinottesen.sprint1__Joker__botA.bc24,justinottesen.sprint1,1,A,b1v2,1,798,CAPTURE,14500,22600,202,26,21,222,7,3,4,340,167,2,366,338,409,114,46.5,7,6,1,0,21.3,42
gauntlet/20261001-182533-scrim-b1v2/replays/justinottesen.sprint1__Joker__botA.bc24,justinottesen.sprint1,0,B,sprint1,0,798,CAPTURE,14500,17600,202,1,9,310,2,0,2,8,3,4,129,121,114,409,37.8,2,2,0,0,36.5,23
gauntlet/20261001-182533-scrim-b1v2/replays/justinottesen.sprint1__StarryNight__botA.bc24,justinottesen.sprint1,1,A,b1v2,1,689,CAPTURE,13600,13700,201,14,4,216,9,3,6,260,128,0,249,202,430,88,46.8,9,9,0,0,17.2,44
gauntlet/20261001-182533-scrim-b1v2/replays/justinottesen.sprint1__StarryNight__botA.bc24,justinottesen.sprint1,0,B,sprint1,0,689,CAPTURE,13600,17400,201,9,14,205,0,0,0,0,0,6,97,89,88,430,35.2,0,0,0,0,,40
gauntlet/20261001-182533-scrim-b1v2/replays/justinottesen.sprint1__Rivers__botB.bc24,justinottesen.sprint1,0,A,sprint1,0,675,CAPTURE,1500,2100,201,6,1,483,1,0,1,4,0,6,33,33,29,457,34.1,1,1,0,0,21.0,31
gauntlet/20261001-182533-scrim-b1v2/replays/justinottesen.sprint1__Rivers__botB.bc24,justinottesen.sprint1,1,B,b1v2,1,675,CAPTURE,1500,2100,205,6,17,324,9,3,6,358,173,1,163,118,457,29,48.9,9,6,3,0,18.8,34
gauntlet/20261001-182533-scrim-b1v2/replays/kyleezz.jeeryfix3__OceanFloor__botA.bc24,kyleezz.jeeryfix3,1,A,b1v2,1,1821,CAPTURE,1400,1500,201,2,4,227,7,3,4,225,116,30,409,292,1085,305,45.9,7,5,2,0,33.3,47
gauntlet/20261001-182533-scrim-b1v2/replays/kyleezz.jeeryfix3__OceanFloor__botA.bc24,kyleezz.jeeryfix3,0,B,jeeryfix3,0,1821,CAPTURE,1200,1200,201,21,24,227,31,1,30,167,96,4,201,200,305,1085,35.5,31,11,20,0,28.0,49
gauntlet/20261001-182533-scrim-b1v2/replays/quesswho.cretplayer2_3__Capacitance__botA.bc24,quesswho.cretplayer2_3,1,A,b1v2,1,892,CAPTURE,3600,4900,201,30,14,201,11,3,8,193,87,18,149,128,269,142,46.1,11,10,1,0,8.6,47
gauntlet/20261001-182533-scrim-b1v2/replays/quesswho.cretplayer2_3__Capacitance__botA.bc24,quesswho.cretplayer2_3,0,B,cretplayer2_3,0,892,CAPTURE,3600,5100,201,24,22,204,24,2,18,1093,186,8,139,137,142,269,42.2,21,5,16,0,10.1,36
gauntlet/20261001-182533-scrim-b1v2/replays/kyleezz.jeeryfix3__YearOfTheDragon__botB.bc24,kyleezz.jeeryfix3,0,A,jeeryfix3,0,2000,MORE_FLAG_CAPTURES,10800,10800,201,16,22,225,9,1,8,61,28,2,344,340,385,1352,33.5,9,3,6,0,19.0,46
gauntlet/20261001-182533-scrim-b1v2/replays/kyleezz.jeeryfix3__YearOfTheDragon__botB.bc24,kyleezz.jeeryfix3,1,B,b1v2,1,2000,MORE_FLAG_CAPTURES,10800,10800,201,24,4,219,4,2,2,93,45,8,586,493,1352,385,45.3,4,3,1,0,20.0,47
gauntlet/20261001-182533-scrim-b1v2/replays/quesswho.cretplayer2_3__KingQuacksCastle__botB.bc24,quesswho.cretplayer2_3,0,A,cretplayer2_3,0,1993,CAPTURE,1600,10700,205,24,35,265,62,2,57,1329,354,20,276,272,399,1458,32.0,59,17,42,0,16.1,43
gauntlet/20261001-182533-scrim-b1v2/replays/quesswho.cretplayer2_3__KingQuacksCastle__botB.bc24,quesswho.cretplayer2_3,1,B,b1v2,1,1993,CAPTURE,1600,2400,204,21,26,261,23,3,20,867,430,57,368,291,1458,399,45.1,23,16,7,0,20.6,48
gauntlet/20261001-182533-scrim-b1v2/replays/winkelmantanner.waffle__BedWars__botA.bc24,winkelmantanner.waffle,1,A,b1v2,1,480,CAPTURE,2400,2700,213,3,14,277,5,3,2,121,47,8,32,16,64,15,49.3,5,5,0,0,14.5,50
gauntlet/20261001-182533-scrim-b1v2/replays/winkelmantanner.waffle__BedWars__botA.bc24,winkelmantanner.waffle,0,B,waffle,0,480,CAPTURE,2400,6400,252,0,14,325,8,0,8,27,10,2,59,59,15,64,46.9,8,2,6,0,14.5,46
gauntlet/20261001-182533-scrim-b1v2/replays/quesswho.cretplayer2_3__Tunnels__botB.bc24,quesswho.cretplayer2_3,0,A,cretplayer2_3,0,1944,CAPTURE,2400,3000,203,5,4,212,46,2,41,909,133,14,209,208,367,1627,29.5,43,16,27,0,13.9,24
gauntlet/20261001-182533-scrim-b1v2/replays/quesswho.cretplayer2_3__Tunnels__botB.bc24,quesswho.cretplayer2_3,1,B,b1v2,1,1944,CAPTURE,2400,3600,204,3,9,522,17,3,14,282,128,41,348,275,1627,367,45.4,17,10,7,0,16.1,32
gauntlet/20261001-182533-scrim-b1v2/replays/winkelmantanner.waffle__Gauntlet__botB.bc24,winkelmantanner.waffle,0,A,waffle,0,1787,CAPTURE,2100,3200,204,34,34,261,51,2,48,390,175,8,223,223,299,1164,34.1,51,16,35,0,27.9,24
gauntlet/20261001-182533-scrim-b1v2/replays/winkelmantanner.waffle__Gauntlet__botB.bc24,winkelmantanner.waffle,1,B,b1v2,1,1787,CAPTURE,2100,2400,204,13,14,266,11,3,8,562,263,48,359,331,1164,299,45.9,11,9,2,0,25.5,37
