file,opp,us,team,name,won,rounds,wintype,gathered200,gathered400,firstEnemySide,inEnemy250,inEnemy300,firstFlagSight,pickups,captured,carrierDeaths,carrierRounds,carrierMoves,enemyCarrierKills,trapsBuilt,trapsHit,kills,deaths,meanAlive,postPickups,firstGrabs,regrabs,relayPickups,carrierDeathDist,damStage199,enemyRegrabs,enemyFirstGrabs,regrabsLate,capturedLate,chasers20,enemyCaptured,escorts20,stillPost,enemyUnseenRounds,unopposedCaps,longTrips25,longCaps25,longCapRate,loneDeaths,trickleDeaths,symOk,psymOk,maxBcK,overruns,exceptions,symDecidedRound,symWrong,alertWrites,alertNoThreat,maxParkOnHome,efStaleCarry,efStaleLoc
gauntlet/20261002-234853-scrim-g_iter1/losses/ColtG5.Goob_final__Ambush__botA.bc24,ColtG5.Goob_final,1,A,g_iter1,0,340,CAPTURE,2300,2600,201,26,5,201,3,1,2,14,6,7,49,47,72,41,47.1,3,2,1,0,8.0,48,4,6,0,0,3.37,3,7.00,31.1,51,2,1,1,1.000,7,2,1,,15.0,0,0,1,0,301,2,17,3,0
gauntlet/20261002-234853-scrim-g_iter1/losses/ColtG5.Goob_final__Ambush__botA.bc24,ColtG5.Goob_final,0,B,Goob_final,1,340,CAPTURE,2300,5300,201,14,22,201,10,3,7,113,55,2,73,62,41,72,45.0,10,6,4,0,7.1,47,1,2,0,0,4.21,1,4.12,14.5,1,0,,,,21,3,1,1,14.2,0,0,,0,0,0,140,0,0
gauntlet/20261002-234853-scrim-g_iter1/losses/CyrilSharma.finalBot__Bunkers__botA.bc24,CyrilSharma.finalBot,1,A,g_iter1,0,715,CAPTURE,2800,2800,201,6,1,232,1,0,1,5,2,14,89,66,187,229,42.3,1,1,0,0,19.0,47,12,5,0,0,4.28,3,2.00,48.7,62,0,4,3,0.750,18,14,1,,14.9,0,0,,0,1036,133,113,1,459
gauntlet/20261002-234853-scrim-g_iter1/losses/CyrilSharma.finalBot__Bunkers__botA.bc24,CyrilSharma.finalBot,0,B,finalBot,1,715,CAPTURE,2800,2800,201,36,30,223,17,3,14,181,83,1,232,219,229,187,43.7,17,5,12,0,16.9,41,0,1,0,0,2.00,0,8.57,41.6,0,0,,,,12,1,1,,25.1,16,0,360,1,0,0,9,0,0
gauntlet/20261002-234853-scrim-g_iter1/losses/ColtG5.Goob_final__EvilGrin__botA.bc24,ColtG5.Goob_final,1,A,g_iter1,0,2000,MORE_FLAG_CAPTURES,2000,2400,209,0,3,305,1,1,0,40,34,2,237,181,1385,497,44.0,1,1,0,0,,43,2,2,0,1,1.38,2,12.58,28.7,49,1,2,2,1.000,43,1,1,,14.6,0,0,1,0,1952,1035,491,1,0
gauntlet/20261002-234853-scrim-g_iter1/losses/ColtG5.Goob_final__EvilGrin__botA.bc24,ColtG5.Goob_final,0,B,Goob_final,1,2000,MORE_FLAG_CAPTURES,2000,7600,204,34,18,232,4,2,2,79,38,0,346,327,497,1385,33.1,4,2,2,0,19.5,47,0,1,0,0,0.35,1,6.82,14.4,34,1,1,1,1.000,68,52,0,0,19.9,0,0,,0,0,0,1800,0,0
gauntlet/20261002-234853-scrim-g_iter1/losses/ColtG5.Goob_final__Gated__botA.bc24,ColtG5.Goob_final,1,A,g_iter1,0,2000,MORE_FLAG_CAPTURES,1500,1900,269,0,12,290,3,0,3,90,39,17,226,210,1145,451,44.5,3,1,2,0,8.0,39,5,13,0,0,2.59,1,7.74,28.9,95,1,2,1,0.500,91,6,0,,14.8,0,0,,0,2495,1712,709,3,52
gauntlet/20261002-234853-scrim-g_iter1/losses/ColtG5.Goob_final__Gated__botA.bc24,ColtG5.Goob_final,0,B,Goob_final,1,2000,MORE_FLAG_CAPTURES,1500,2900,205,34,17,221,18,1,17,167,71,3,257,244,451,1145,36.1,18,13,5,0,20.1,45,2,1,0,0,1.28,0,5.79,13.2,54,0,1,0,0.000,222,84,0,0,16.7,0,0,,0,0,0,1800,0,0
gauntlet/20261002-234853-scrim-g_iter1/losses/ColtG5.Goob_final__Joker__botB.bc24,ColtG5.Goob_final,0,A,Goob_final,1,2000,MORE_FLAG_CAPTURES,14500,21900,201,7,15,270,5,1,4,60,29,0,415,373,386,995,37.8,5,2,3,0,23.3,44,0,0,0,0,0.00,0,2.92,15.3,,,,,,114,15,0,0,17.9,0,0,,0,0,0,1673,0,0
gauntlet/20261002-234853-scrim-g_iter1/losses/ColtG5.Goob_final__Joker__botB.bc24,ColtG5.Goob_final,1,B,g_iter1,0,2000,MORE_FLAG_CAPTURES,14500,20200,206,20,23,256,0,0,0,0,0,4,420,376,995,386,45.3,0,0,0,0,,42,3,2,0,0,2.10,1,0.00,32.7,35,0,1,0,0.000,57,11,1,,14.7,0,0,1,0,2954,289,1406,0,0
gauntlet/20261002-234853-scrim-g_iter1/losses/ColtG5.Goob_final__SteamboatMickey__botB.bc24,ColtG5.Goob_final,0,A,Goob_final,1,2000,MORE_FLAG_CAPTURES,7200,18900,201,8,19,201,8,1,7,76,34,0,492,453,420,1071,36.9,8,5,3,0,25.3,47,0,0,0,0,0.00,0,5.24,13.6,,,,,,113,7,1,1,19.5,0,0,,0,2,2,1800,0,0
gauntlet/20261002-234853-scrim-g_iter1/losses/ColtG5.Goob_final__SteamboatMickey__botB.bc24,ColtG5.Goob_final,1,B,g_iter1,0,2000,MORE_FLAG_CAPTURES,7300,7600,201,26,14,201,0,0,0,0,0,7,296,236,1071,420,44.9,0,0,0,0,,44,3,5,0,0,2.30,1,0.00,28.0,40,1,1,1,1.000,48,8,1,,14.7,0,0,1,0,1402,892,259,0,0
gauntlet/20261002-234853-scrim-g_iter1/losses/ColtG5.Goob_final__Swoop__botB.bc24,ColtG5.Goob_final,0,A,Goob_final,1,2000,MORE_FLAG_CAPTURES,4300,4300,201,29,23,215,9,1,8,63,28,1,341,318,464,1180,35.7,9,5,4,0,28.6,46,0,1,0,0,0.00,0,5.76,13.3,,0,,,,96,34,1,1,17.6,0,0,,0,0,0,1800,0,0
gauntlet/20261002-234853-scrim-g_iter1/losses/ColtG5.Goob_final__Swoop__botB.bc24,ColtG5.Goob_final,1,B,g_iter1,0,2000,MORE_FLAG_CAPTURES,4300,4300,201,2,20,239,1,0,1,0,0,8,249,220,1180,464,44.3,1,1,0,0,29.0,47,4,5,0,0,2.95,1,0.00,23.6,37,0,1,1,1.000,63,5,1,,14.8,0,0,1,0,2407,1498,389,0,0
gauntlet/20261002-234853-scrim-g_iter1/losses/CyrilSharma.finalBot__EvilGrin__botB.bc24,CyrilSharma.finalBot,0,A,finalBot,1,692,CAPTURE,2000,8200,205,21,28,223,27,3,24,336,157,2,277,265,221,126,45.6,27,8,19,0,23.9,36,0,2,0,0,4.88,0,7.55,38.2,0,0,,,,12,0,0,,25.0,8,0,469,1,0,0,9,0,0
gauntlet/20261002-234853-scrim-g_iter1/losses/CyrilSharma.finalBot__EvilGrin__botB.bc24,CyrilSharma.finalBot,1,B,g_iter1,0,692,CAPTURE,2000,2000,205,12,11,273,2,0,2,8,3,24,68,60,126,221,42.2,2,2,0,0,25.5,45,19,8,0,0,3.08,3,2.63,47.9,113,1,5,3,0.600,34,18,0,,14.8,0,0,,0,939,73,67,3,0
gauntlet/20261002-234853-scrim-g_iter1/losses/CyrilSharma.finalBot__Decision__botB.bc24,CyrilSharma.finalBot,0,A,finalBot,1,2000,MORE_FLAG_CAPTURES,1000,1500,206,22,34,304,42,2,40,540,263,2,372,327,178,200,47.5,42,17,25,0,45.3,16,1,1,7,0,0.61,0,3.56,63.0,36,0,1,0,0.000,61,6,0,,24.7,0,0,463,1,0,0,7,0,0
gauntlet/20261002-234853-scrim-g_iter1/losses/CyrilSharma.finalBot__Decision__botB.bc24,CyrilSharma.finalBot,1,B,g_iter1,0,2000,MORE_FLAG_CAPTURES,1900,2000,202,19,19,275,2,0,2,57,38,40,230,199,200,178,47.8,2,1,1,0,36.5,35,25,17,1,0,1.66,2,5.39,75.8,242,2,4,2,0.500,46,11,0,,14.8,0,0,,0,1402,555,265,28,0
gauntlet/20261002-234853-scrim-g_iter1/losses/Gymhgy.v10official__CH3353C4K3F4CT0RY__botA.bc24,Gymhgy.v10official,1,A,g_iter1,0,449,CAPTURE,13000,13000,208,11,16,308,6,0,4,225,111,4,162,153,60,41,47.9,6,5,1,0,21.8,44,1,6,0,0,1.47,3,1.22,31.4,30,3,,,,7,0,0,,14.7,0,0,,0,401,41,53,6,22
gauntlet/20261002-234853-scrim-g_iter1/losses/Gymhgy.v10official__CH3353C4K3F4CT0RY__botA.bc24,Gymhgy.v10official,0,B,v10official,1,449,CAPTURE,13000,13400,202,34,36,236,30,3,4,659,130,4,178,146,41,60,46.7,27,6,1,20,21.0,46,1,5,0,0,0.58,0,10.72,13.2,192,0,1,0,0.000,21,3,0,,25.0,11,0,,0,0,0,1,0,0
gauntlet/20261002-234853-scrim-g_iter1/losses/Gymhgy.v10official__Backslash__botA.bc24,Gymhgy.v10official,1,A,g_iter1,0,369,CAPTURE,4700,13200,201,23,40,266,3,0,0,242,118,1,88,69,22,8,49.4,3,3,0,0,,48,1,3,0,0,0.15,3,9.87,14.8,58,2,,,,5,2,1,,14.7,0,0,,0,213,31,48,3,0
gauntlet/20261002-234853-scrim-g_iter1/losses/Gymhgy.v10official__Backslash__botA.bc24,Gymhgy.v10official,0,B,v10official,1,369,CAPTURE,4700,17800,201,29,34,222,28,3,1,653,82,0,154,28,8,22,48.5,25,3,1,21,33.0,47,0,3,0,0,0.22,0,16.24,12.7,225,,,,,1,1,1,,25.1,84,0,,0,0,0,0,0,0
gauntlet/20261002-234853-scrim-g_iter1/losses/CyrilSharma.finalBot__OceanFloor__botA.bc24,CyrilSharma.finalBot,1,A,g_iter1,0,1564,CAPTURE,1400,1400,201,12,8,210,8,0,8,75,32,27,163,147,296,348,44.5,8,8,0,0,28.9,46,21,9,0,0,1.73,3,1.65,55.4,227,2,4,3,0.750,64,24,1,,14.8,0,0,1,0,1417,499,261,973,213
gauntlet/20261002-234853-scrim-g_iter1/losses/CyrilSharma.finalBot__OceanFloor__botA.bc24,CyrilSharma.finalBot,0,B,finalBot,1,1564,CAPTURE,1400,1400,201,27,33,216,30,3,27,420,195,8,396,376,348,296,45.4,30,9,21,0,42.2,45,0,8,2,1,1.60,0,5.05,44.1,32,0,,,,43,1,1,,25.0,6,0,453,1,0,0,12,0,0
gauntlet/20261002-234853-scrim-g_iter1/losses/CyrilSharma.finalBot__Whirlpool__botA.bc24,CyrilSharma.finalBot,1,A,g_iter1,0,1819,CAPTURE,2800,2800,201,18,18,1558,0,0,0,0,0,12,188,177,633,523,43.0,0,0,0,0,,42,10,5,0,0,3.42,3,0.00,49.5,58,1,3,3,1.000,19,2,1,,14.9,0,0,,0,2529,1385,426,0,0
gauntlet/20261002-234853-scrim-g_iter1/losses/CyrilSharma.finalBot__Whirlpool__botA.bc24,CyrilSharma.finalBot,0,B,finalBot,1,1819,CAPTURE,2800,7200,201,28,28,308,15,3,12,220,101,0,460,447,523,633,41.5,15,5,10,0,18.1,47,0,0,3,1,0.00,0,7.74,47.8,,,,,,24,0,1,,25.1,25,0,411,1,0,0,8,0,0
gauntlet/20261002-234853-scrim-g_iter1/losses/CyrilSharma.finalBot__Racetrack__botB.bc24,CyrilSharma.finalBot,0,A,finalBot,1,2000,MORE_FLAG_CAPTURES,0,0,203,0,1,636,10,2,8,134,57,11,330,322,490,681,41.7,10,2,8,0,27.5,28,7,6,0,0,1.33,1,9.80,47.3,112,1,2,1,0.500,54,14,0,,25.0,14,0,682,1,0,0,7,0,0
gauntlet/20261002-234853-scrim-g_iter1/losses/CyrilSharma.finalBot__Racetrack__botB.bc24,CyrilSharma.finalBot,1,B,g_iter1,0,2000,MORE_FLAG_CAPTURES,0,0,207,4,20,402,13,1,11,188,86,8,192,165,681,490,44.0,13,6,7,0,29.9,24,8,2,6,0,2.42,2,7.45,37.6,85,1,2,2,1.000,44,8,0,,14.8,0,0,,0,1338,522,236,96,193
gauntlet/20261002-234853-scrim-g_iter1/losses/Gymhgy.v10official__Decision__botB.bc24,Gymhgy.v10official,0,A,v10official,1,529,CAPTURE,1900,1900,203,43,44,245,42,3,2,780,85,3,46,34,28,34,48.5,39,5,0,34,49.0,31,1,4,0,0,0.91,1,10.34,4.6,129,1,2,1,0.500,12,0,0,,25.1,23,0,,0,0,0,0,0,0
gauntlet/20261002-234853-scrim-g_iter1/losses/Gymhgy.v10official__Decision__botB.bc24,Gymhgy.v10official,1,B,g_iter1,0,529,CAPTURE,1900,1900,203,18,18,302,5,1,3,165,81,2,46,25,34,28,48.7,5,4,1,0,44.3,36,0,5,0,0,0.43,3,2.50,27.3,159,3,,,,10,0,0,,14.4,0,0,,0,230,29,34,9,0
gauntlet/20261002-234853-scrim-g_iter1/losses/Gymhgy.v10official__DefaultLarge__botB.bc24,Gymhgy.v10official,0,A,v10official,1,595,CAPTURE,1800,5300,202,47,49,280,58,3,8,783,84,6,107,102,70,52,47.9,55,7,4,44,36.0,41,2,4,0,0,1.17,0,9.99,6.4,100,0,3,0,0.000,10,6,1,,25.1,50,0,,0,0,0,0,0,0
gauntlet/20261002-234853-scrim-g_iter1/losses/Gymhgy.v10official__DefaultLarge__botB.bc24,Gymhgy.v10official,1,B,g_iter1,0,595,CAPTURE,1800,3800,223,0,11,311,6,0,6,163,78,8,73,52,52,70,47.3,6,4,2,0,40.7,44,4,7,0,0,1.29,3,7.04,27.3,122,3,,,,9,0,1,,14.4,0,0,1,0,499,61,83,320,0
gauntlet/20261002-234853-scrim-g_iter1/losses/Gymhgy.v10official__Klein__botB.bc24,Gymhgy.v10official,0,A,v10official,1,1120,CAPTURE,7800,7800,202,27,32,228,34,3,6,710,168,10,128,112,161,156,46.6,31,5,4,22,20.8,48,0,10,0,0,2.20,0,8.49,4.8,68,0,2,0,0.000,35,4,0,,25.0,21,0,,0,0,0,2,0,0
gauntlet/20261002-234853-scrim-g_iter1/losses/Gymhgy.v10official__Klein__botB.bc24,Gymhgy.v10official,1,B,g_iter1,0,1120,CAPTURE,6200,6200,203,11,9,367,10,0,10,162,74,6,139,117,156,161,46.5,10,10,0,0,20.7,49,4,5,0,0,2.62,3,3.12,35.9,37,3,1,0,0.000,47,6,1,,14.4,0,0,1,0,1285,142,170,10,163
gauntlet/20261002-234853-scrim-g_iter1/losses/IvanGeffner.kuma__Occulus__botA.bc24,IvanGeffner.kuma,1,A,g_iter1,0,420,CAPTURE,1800,1800,201,19,9,227,1,0,1,48,22,8,50,34,35,90,44.8,1,1,0,0,6.0,40,6,5,0,0,2.62,3,5.13,40.9,86,1,2,2,1.000,10,1,1,,14.8,0,0,1,0,511,9,43,1,125
gauntlet/20261002-234853-scrim-g_iter1/losses/IvanGeffner.kuma__Occulus__botA.bc24,IvanGeffner.kuma,0,B,kuma,1,420,CAPTURE,1800,9600,201,42,23,237,35,3,8,157,72,1,160,93,90,35,47.9,35,5,6,24,18.3,34,0,1,0,0,1.67,0,6.03,28.3,19,0,1,0,0.000,3,0,1,,25.1,48,0,24,1,0,0,151,0,0
gauntlet/20261002-234853-scrim-g_iter1/losses/IvanGeffner.kuma__Swoop__botA.bc24,IvanGeffner.kuma,1,A,g_iter1,0,387,CAPTURE,4300,4300,201,21,13,242,1,0,1,0,0,2,56,44,34,65,46.0,1,1,0,0,29.0,47,2,3,0,0,0.24,3,0.00,38.1,107,3,3,3,1.000,12,6,1,,14.6,0,0,1,0,359,4,25,0,0
gauntlet/20261002-234853-scrim-g_iter1/losses/IvanGeffner.kuma__Swoop__botA.bc24,IvanGeffner.kuma,0,B,kuma,1,387,CAPTURE,4300,4300,201,28,21,220,7,3,2,128,63,1,89,67,65,34,48.0,7,3,2,2,23.0,47,0,1,0,0,0.00,0,1.58,30.9,,0,,,,8,0,1,,25.0,27,0,40,1,0,0,187,0,0
gauntlet/20261002-234853-scrim-g_iter1/losses/IvanGeffner.kuma__Racetrack__botA.bc24,IvanGeffner.kuma,1,A,g_iter1,0,1177,CAPTURE,0,0,204,23,24,279,0,0,0,0,0,27,84,79,270,299,43.8,0,0,0,0,,27,18,18,0,0,3.24,3,0.00,31.9,146,2,3,3,1.000,25,18,1,,14.8,0,0,1,0,1399,202,143,0,0
gauntlet/20261002-234853-scrim-g_iter1/losses/IvanGeffner.kuma__Racetrack__botA.bc24,IvanGeffner.kuma,0,B,kuma,1,1177,CAPTURE,0,0,210,19,21,268,64,3,27,230,103,0,169,149,299,270,44.4,64,18,18,28,32.5,25,0,0,0,0,0.00,0,5.07,24.4,,,,,,30,0,0,,25.1,27,0,179,1,0,0,977,0,0
gauntlet/20261002-234853-scrim-g_iter1/losses/IvanGeffner.kuma__Backslash__botA.bc24,IvanGeffner.kuma,1,A,g_iter1,0,1902,CAPTURE,4700,15600,201,31,6,251,0,0,0,0,0,11,280,279,445,976,37.6,0,0,0,0,,48,5,12,0,0,1.14,3,0.00,45.6,141,2,3,2,0.667,64,20,1,,14.8,0,0,1,0,2632,330,360,0,0
gauntlet/20261002-234853-scrim-g_iter1/losses/IvanGeffner.kuma__Backslash__botA.bc24,IvanGeffner.kuma,0,B,kuma,1,1902,CAPTURE,4700,15600,201,17,16,239,31,3,11,200,108,0,787,681,976,445,44.3,31,12,5,14,24.9,41,0,0,1,1,0.00,0,2.01,31.9,,,,,,55,0,1,,25.0,27,0,208,1,0,0,1702,0,0
gauntlet/20261002-234853-scrim-g_iter1/losses/NotLLeon.v3__Backslash__botA.bc24,NotLLeon.v3,1,A,g_iter1,0,606,CAPTURE,4700,12500,201,21,17,207,4,1,3,138,61,17,111,93,122,103,46.1,4,3,1,0,18.7,48,15,5,0,0,3.16,3,6.25,32.6,59,2,1,0,0.000,12,3,1,,14.8,0,0,1,0,513,82,98,33,45
gauntlet/20261002-234853-scrim-g_iter1/losses/NotLLeon.v3__Backslash__botA.bc24,NotLLeon.v3,0,B,v3,1,606,CAPTURE,3600,13100,201,27,15,232,32,3,17,188,73,3,169,156,103,122,45.4,32,5,15,12,23.9,48,1,3,0,0,1.31,1,10.06,11.5,74,0,2,1,0.500,16,9,1,,20.3,0,0,208,1,0,0,305,0,19
gauntlet/20261002-234853-scrim-g_iter1/losses/NotLLeon.v3__Backslash__botB.bc24,NotLLeon.v3,0,A,v3,1,620,CAPTURE,4500,14000,206,28,10,246,29,3,17,150,62,4,163,141,86,124,45.2,29,7,13,9,26.2,48,1,3,0,0,7.75,0,9.15,14.0,0,0,,,,9,0,1,,21.9,0,0,425,1,0,0,420,0,11
gauntlet/20261002-234853-scrim-g_iter1/losses/NotLLeon.v3__Backslash__botB.bc24,NotLLeon.v3,1,B,g_iter1,0,620,CAPTURE,4700,16400,201,28,19,244,4,0,4,4,1,17,152,117,124,86,46.6,4,3,1,0,22.5,48,13,7,0,0,3.71,3,5.25,30.7,80,3,1,1,1.000,15,0,1,,14.8,0,0,1,0,463,116,80,4,0
gauntlet/20261002-234853-scrim-g_iter1/losses/NotLLeon.v3__Pancakes__botB.bc24,NotLLeon.v3,0,A,v3,1,421,CAPTURE,0,3100,205,37,9,251,21,3,8,145,60,6,68,58,52,52,47.0,21,6,5,10,21.9,46,0,7,0,0,1.93,1,8.40,9.4,63,1,1,1,1.000,14,3,1,,19.1,0,0,,1,0,0,143,0,13
gauntlet/20261002-234853-scrim-g_iter1/losses/NotLLeon.v3__Pancakes__botB.bc24,NotLLeon.v3,1,B,g_iter1,0,421,CAPTURE,0,4700,202,29,17,218,7,1,6,114,55,8,76,52,52,52,47.0,7,7,0,0,20.7,48,5,6,0,0,2.41,3,4.48,26.2,62,2,2,1,0.500,9,0,0,,14.9,0,0,,0,143,44,23,9,0
gauntlet/20261002-234853-scrim-g_iter1/losses/NotLLeon.v3__ORV__botA.bc24,NotLLeon.v3,1,A,g_iter1,0,683,CAPTURE,3200,5900,207,13,27,227,7,0,7,88,37,44,112,97,168,131,45.3,7,4,3,0,17.9,47,37,10,0,0,4.69,3,7.11,24.4,85,3,2,0,0.000,22,7,0,,14.8,0,0,,0,663,188,42,7,0
gauntlet/20261002-234853-scrim-g_iter1/losses/NotLLeon.v3__ORV__botA.bc24,NotLLeon.v3,0,B,v3,1,683,CAPTURE,3200,5300,205,28,26,231,57,3,44,284,112,7,133,120,131,168,44.1,57,10,37,10,19.9,48,3,4,0,0,2.16,0,6.51,13.7,33,0,1,0,0.000,23,11,1,,19.7,0,0,,1,0,0,483,0,34
gauntlet/20261002-234853-scrim-g_iter1/losses/NotLLeon.v3__Gated__botB.bc24,NotLLeon.v3,0,A,v3,1,2000,MORE_FLAG_CAPTURES,1500,2200,208,24,2,243,44,2,37,267,103,14,297,278,491,606,42.7,44,11,28,5,18.9,39,3,11,0,0,2.03,0,6.57,10.4,53,0,2,0,0.000,33,6,0,,23.0,0,0,272,1,0,0,1800,0,22
gauntlet/20261002-234853-scrim-g_iter1/losses/NotLLeon.v3__Gated__botB.bc24,NotLLeon.v3,1,B,g_iter1,0,2000,MORE_FLAG_CAPTURES,1500,2600,203,24,22,233,14,0,14,112,48,37,214,198,606,491,44.0,14,11,3,0,20.3,31,28,11,1,0,4.77,2,3.49,30.2,46,1,2,0,0.000,45,5,0,,14.8,0,0,,0,2194,1374,944,1224,143
gauntlet/20261002-234853-scrim-g_iter1/losses/NotLLeon.v3__Waterworld__botB.bc24,NotLLeon.v3,0,A,v3,1,1052,CAPTURE,7600,8400,234,7,8,324,50,3,34,322,136,8,131,116,196,305,43.0,50,14,23,13,24.1,21,0,8,0,0,2.41,0,8.45,12.7,45,0,1,0,0.000,42,5,0,,21.0,0,0,466,1,0,0,852,0,16
gauntlet/20261002-234853-scrim-g_iter1/losses/NotLLeon.v3__Waterworld__botB.bc24,NotLLeon.v3,1,B,g_iter1,0,1052,CAPTURE,13900,20600,203,25,33,283,8,0,8,117,51,34,188,153,305,196,45.5,8,8,0,0,24.5,43,23,14,0,0,2.66,3,6.54,26.4,130,3,3,0,0.000,35,6,1,,14.8,0,0,1,0,672,237,67,8,201
gauntlet/20261002-234853-scrim-g_iter1/losses/SampleProvider.TSPAARKSPRINT1__Foxes__botB.bc24,SampleProvider.TSPAARKSPRINT1,0,A,TSPAARKSPRINT1,1,1454,CAPTURE,7500,7500,202,19,23,244,43,3,37,806,314,32,122,106,175,276,45.4,40,21,19,0,24.9,36,8,26,4,3,1.69,0,10.50,15.0,362,0,11,0,0.000,79,19,0,0,20.5,0,0,,1,1,0,1164,0,0
gauntlet/20261002-234853-scrim-g_iter1/losses/SampleProvider.TSPAARKSPRINT1__Foxes__botB.bc24,SampleProvider.TSPAARKSPRINT1,1,B,g_iter1,0,1454,CAPTURE,7500,7500,202,19,28,224,34,0,32,1418,675,37,229,198,276,175,47.1,34,26,8,0,37.1,44,19,21,0,0,2.00,3,3.74,40.8,178,0,4,2,0.500,50,1,1,,14.7,0,0,1,0,1753,278,77,693,0
gauntlet/20261002-234853-scrim-g_iter1/losses/SampleProvider.TSPAARKSPRINT1__Soccer__botB.bc24,SampleProvider.TSPAARKSPRINT1,0,A,TSPAARKSPRINT1,1,850,CAPTURE,3000,3000,202,17,34,260,44,3,38,790,263,12,63,38,87,174,45.0,41,14,27,0,19.5,33,5,7,0,0,2.49,0,13.69,15.9,65,0,1,0,0.000,31,19,0,0,24.2,0,0,,1,1,0,650,0,0
gauntlet/20261002-234853-scrim-g_iter1/losses/SampleProvider.TSPAARKSPRINT1__Soccer__botB.bc24,SampleProvider.TSPAARKSPRINT1,1,B,g_iter1,0,850,CAPTURE,3000,3200,209,19,25,253,12,0,12,157,71,38,133,112,174,87,47.6,12,7,5,0,27.3,38,27,14,0,0,2.28,3,6.45,41.7,207,2,6,1,0.167,22,1,0,,14.9,0,0,,0,568,75,62,20,0
gauntlet/20261002-234853-scrim-g_iter1/losses/SampleProvider.TSPAARKSPRINT1__Snake__botB.bc24,SampleProvider.TSPAARKSPRINT1,0,A,TSPAARKSPRINT1,1,2000,MORE_FLAG_CAPTURES,13100,28500,203,25,22,249,73,2,67,1203,545,22,232,214,314,555,43.1,70,22,48,0,26.7,39,5,18,16,0,3.51,1,8.47,19.3,499,1,9,1,0.111,117,52,0,0,20.1,0,0,,1,0,0,1799,0,0
gauntlet/20261002-234853-scrim-g_iter1/losses/SampleProvider.TSPAARKSPRINT1__Snake__botB.bc24,SampleProvider.TSPAARKSPRINT1,1,B,g_iter1,0,2000,MORE_FLAG_CAPTURES,13100,33000,204,35,25,233,23,1,22,1578,684,67,566,550,555,314,46.1,23,18,5,0,32.4,46,48,22,3,0,2.11,2,3.73,42.6,267,1,7,2,0.286,72,9,0,,15.0,0,0,,0,2332,332,229,36,0
gauntlet/20261002-234853-scrim-g_iter1/losses/Strequals.duck0127v5__Canals__botA.bc24,Strequals.duck0127v5,1,A,g_iter1,0,748,CAPTURE,4600,4600,251,0,4,366,1,0,1,7,1,12,106,91,86,216,43.2,1,1,0,0,18.0,46,6,9,0,0,1.90,3,2.00,39.1,99,1,3,3,1.000,12,7,1,,15.1,0,0,1,0,733,143,122,1,0
gauntlet/20261002-234853-scrim-g_iter1/losses/Strequals.duck0127v5__Canals__botA.bc24,Strequals.duck0127v5,0,B,duck0127v5,1,748,CAPTURE,4600,6100,203,13,44,294,15,3,12,208,97,1,294,255,216,86,47.2,15,9,6,0,30.7,46,0,1,0,0,2.00,0,11.30,31.3,0,0,,,,11,0,1,,25.0,2,0,,0,0,0,158,0,0
gauntlet/20261002-234853-scrim-g_iter1/losses/SampleProvider.TSPAARKSPRINT1__WheresMyWater__botA.bc24,SampleProvider.TSPAARKSPRINT1,1,A,g_iter1,0,1079,CAPTURE,3000,4800,201,11,34,201,6,2,3,130,40,52,137,133,355,101,47.7,6,6,0,0,21.7,44,41,14,0,0,4.29,3,4.25,29.8,66,1,3,0,0.000,23,3,1,,14.7,0,0,1,0,1631,187,63,6,37
gauntlet/20261002-234853-scrim-g_iter1/losses/SampleProvider.TSPAARKSPRINT1__WheresMyWater__botA.bc24,SampleProvider.TSPAARKSPRINT1,0,B,TSPAARKSPRINT1,1,1079,CAPTURE,3000,5400,201,10,23,201,58,3,52,817,281,3,46,43,101,355,42.0,55,14,41,0,18.8,44,0,6,0,0,1.68,2,11.47,15.9,29,0,2,1,0.500,94,39,0,1,23.2,0,0,488,1,1,0,804,0,0
gauntlet/20261002-234853-scrim-g_iter1/losses/Strequals.duck0127v5__MIT__botB.bc24,Strequals.duck0127v5,0,A,duck0127v5,1,1014,CAPTURE,7200,39100,204,12,16,270,15,3,12,395,187,4,376,319,203,136,46.8,15,7,8,0,25.6,45,2,3,0,0,1.10,1,8.26,28.8,31,1,1,1,1.000,27,12,0,,24.9,0,0,,0,0,0,139,0,0
gauntlet/20261002-234853-scrim-g_iter1/losses/Strequals.duck0127v5__MIT__botB.bc24,Strequals.duck0127v5,1,B,g_iter1,0,1014,CAPTURE,7200,18100,202,15,15,221,5,1,4,51,18,12,253,218,136,203,45.2,5,3,2,0,24.3,49,8,7,0,0,1.21,3,15.75,32.2,270,1,4,2,0.500,27,3,1,,14.6,0,0,1,0,835,400,189,5,0
gauntlet/20261002-234853-scrim-g_iter1/losses/Strequals.duck0127v5__MazeRunner__botA.bc24,Strequals.duck0127v5,1,A,g_iter1,0,2000,MORE_FLAG_CAPTURES,2600,5300,207,20,9,280,14,0,14,121,59,2,223,190,201,609,42.6,14,14,0,0,27.1,27,2,2,0,0,1.16,2,1.66,49.0,64,1,2,2,1.000,38,5,0,,14.9,0,0,,0,2021,951,1235,1560,90
gauntlet/20261002-234853-scrim-g_iter1/losses/Strequals.duck0127v5__MazeRunner__botA.bc24,Strequals.duck0127v5,0,B,duck0127v5,1,2000,MORE_FLAG_CAPTURES,2600,5300,207,5,8,327,4,2,2,112,55,14,408,374,609,201,47.5,4,2,2,0,24.5,22,0,14,0,0,1.59,0,5.16,37.7,41,0,1,0,0.000,18,1,0,,23.1,0,0,,0,0,0,160,0,0
gauntlet/20261002-234853-scrim-g_iter1/losses/Strequals.duck0127v5__Rainbow__botA.bc24,Strequals.duck0127v5,1,A,g_iter1,0,967,CAPTURE,6000,6000,201,4,11,609,3,0,2,10,2,20,135,111,113,233,44.2,3,3,0,0,30.5,47,13,10,0,0,2.18,3,4.50,38.4,167,0,4,3,0.750,23,7,1,,14.7,0,0,1,0,1139,349,82,3,0
gauntlet/20261002-234853-scrim-g_iter1/losses/Strequals.duck0127v5__Rainbow__botA.bc24,Strequals.duck0127v5,0,B,duck0127v5,1,967,CAPTURE,6000,6000,201,23,33,304,23,3,20,375,176,2,330,306,233,113,47.3,23,10,13,0,32.8,37,0,3,0,0,2.00,0,10.56,32.4,4,0,,,,27,0,1,,24.4,0,0,,0,0,0,158,0,0
gauntlet/20261002-234853-scrim-g_iter1/losses/Strequals.duck0127v5__Divergent__botB.bc24,Strequals.duck0127v5,0,A,duck0127v5,1,2000,MORE_FLAG_CAPTURES,2600,3300,227,8,29,280,28,2,26,364,222,32,291,250,372,259,46.8,28,13,15,0,27.6,32,7,25,1,2,2.30,0,1.46,35.5,69,0,3,0,0.000,61,14,0,,21.6,0,0,,0,0,0,141,0,0
gauntlet/20261002-234853-scrim-g_iter1/losses/Strequals.duck0127v5__Divergent__botB.bc24,Strequals.duck0127v5,1,B,g_iter1,0,2000,MORE_FLAG_CAPTURES,3700,3900,203,18,23,274,32,0,32,244,98,26,235,200,259,372,45.5,32,25,7,0,27.3,47,15,13,4,0,0.96,2,4.00,38.6,212,2,3,2,0.667,43,3,1,,14.6,0,0,1,0,2217,1515,365,414,54
gauntlet/20261002-234853-scrim-g_iter1/losses/andli28.v9_USQuals_angle__Canals__botA.bc24,andli28.v9_USQuals_angle,1,A,g_iter1,0,1496,CAPTURE,4600,4800,208,0,0,1236,2,0,2,1,0,37,189,188,236,703,38.7,2,2,0,0,17.5,47,26,14,0,0,4.00,3,0.00,34.2,181,2,5,2,0.400,60,30,1,,15.1,0,0,1,0,1678,423,141,56,0
gauntlet/20261002-234853-scrim-g_iter1/losses/andli28.v9_USQuals_angle__Canals__botA.bc24,andli28.v9_USQuals_angle,0,B,v9_USQuals_angle,1,1496,CAPTURE,4600,5900,202,41,16,248,40,3,37,393,174,2,560,492,703,236,46.1,40,14,26,0,23.8,41,0,2,10,1,4.00,0,5.05,13.1,0,0,,,,50,2,1,1,24.9,0,0,,0,0,0,496,0,0
gauntlet/20261002-234853-scrim-g_iter1/losses/andli28.v9_USQuals_angle__EvilGrin__botB.bc24,andli28.v9_USQuals_angle,0,A,v9_USQuals_angle,1,1309,CAPTURE,2000,7200,205,23,29,275,31,3,28,221,93,0,579,537,504,256,45.2,31,6,25,0,22.4,42,0,0,10,1,0.00,0,5.54,11.1,,,,,,27,2,0,0,25.0,7,0,,0,0,0,453,0,0
gauntlet/20261002-234853-scrim-g_iter1/losses/andli28.v9_USQuals_angle__EvilGrin__botB.bc24,andli28.v9_USQuals_angle,1,B,g_iter1,0,1309,CAPTURE,2000,2000,205,0,0,0,0,0,0,0,0,28,131,127,256,504,40.6,0,0,0,0,,45,25,6,0,0,5.10,3,0.00,33.6,80,1,3,3,1.000,41,29,0,,14.8,0,0,,0,1734,141,277,0,0
gauntlet/20261002-234853-scrim-g_iter1/losses/andli28.v9_USQuals_angle__Battlecode24__botB.bc24,andli28.v9_USQuals_angle,0,A,v9_USQuals_angle,1,2000,MORE_FLAG_CAPTURES,12300,27300,207,10,5,230,24,2,21,1505,799,5,448,384,584,241,47.1,24,9,15,0,21.7,32,0,5,0,0,0.90,0,1.08,11.8,37,0,1,0,0.000,63,3,0,0,25.1,24,0,507,1,0,0,491,0,0
gauntlet/20261002-234853-scrim-g_iter1/losses/andli28.v9_USQuals_angle__Battlecode24__botB.bc24,andli28.v9_USQuals_angle,1,B,g_iter1,0,2000,MORE_FLAG_CAPTURES,11600,15200,202,31,21,231,5,0,5,67,30,21,336,288,241,584,42.9,5,5,0,0,20.0,26,15,9,0,0,0.23,2,0.10,41.3,1376,1,2,1,0.500,93,24,0,,14.9,0,0,,0,2808,518,304,1024,0
gauntlet/20261002-234853-scrim-g_iter1/losses/andrewgopher.player22__ORV__botA.bc24,andrewgopher.player22,1,A,g_iter1,0,423,CAPTURE,3200,3200,211,0,0,0,0,0,0,0,0,9,55,43,110,101,44.3,0,0,0,0,,43,6,6,0,0,2.63,3,0.00,32.1,87,1,3,3,1.000,8,6,0,,14.7,0,0,,0,475,10,43,0,0
gauntlet/20261002-234853-scrim-g_iter1/losses/andrewgopher.player22__ORV__botA.bc24,andrewgopher.player22,0,B,player22,1,423,CAPTURE,3200,8000,206,35,28,230,15,3,9,166,76,0,115,70,101,110,44.0,12,6,6,0,18.8,47,0,0,0,0,0.00,0,7.34,15.6,,,,,,17,0,0,0,25.0,3,0,,0,0,0,2,0,0
gauntlet/20261002-234853-scrim-g_iter1/losses/andli28.v9_USQuals_angle__Valentine__botA.bc24,andli28.v9_USQuals_angle,1,A,g_iter1,0,1427,CAPTURE,1800,2800,225,3,16,329,6,0,6,151,73,20,155,142,214,347,44.1,6,5,1,0,28.3,45,10,13,0,0,0.86,3,3.97,24.6,434,1,6,3,0.500,103,12,0,,14.8,0,0,,0,1263,516,89,9,4
gauntlet/20261002-234853-scrim-g_iter1/losses/andli28.v9_USQuals_angle__Valentine__botA.bc24,andli28.v9_USQuals_angle,0,B,v9_USQuals_angle,1,1427,CAPTURE,1800,5600,213,25,28,243,23,3,20,582,273,6,359,327,347,214,46.4,23,13,10,0,35.4,44,1,5,3,1,0.90,0,2.02,10.4,90,0,2,0,0.000,78,7,0,1,25.0,3,0,,1,0,0,442,0,0
gauntlet/20261002-234853-scrim-g_iter1/losses/andrewgopher.player22__Digging__botB.bc24,andrewgopher.player22,0,A,player22,1,1402,CAPTURE,700,1900,205,36,27,222,14,3,8,148,65,0,332,312,757,646,38.7,11,4,7,0,18.5,34,0,0,7,2,0.00,0,10.26,20.5,,,,,,29,5,0,0,25.1,61,0,,0,0,0,3,0,0
gauntlet/20261002-234853-scrim-g_iter1/losses/andrewgopher.player22__Digging__botB.bc24,andrewgopher.player22,1,B,g_iter1,0,1402,CAPTURE,700,1800,281,0,0,411,0,0,0,0,0,8,161,161,646,757,36.9,0,0,0,0,,44,7,4,0,0,3.56,3,0.00,41.3,67,1,3,3,1.000,57,55,0,,14.4,0,0,,0,2041,13,991,0,0
gauntlet/20261002-234853-scrim-g_iter1/losses/andrewgopher.player22__StackGame__botB.bc24,andrewgopher.player22,0,A,player22,1,412,CAPTURE,4600,4600,202,37,20,222,11,3,5,122,57,0,94,65,84,100,44.4,8,3,5,0,14.0,44,0,0,0,0,0.00,0,9.63,21.5,,,,,,6,2,0,0,25.0,4,0,,0,0,0,3,0,0
gauntlet/20261002-234853-scrim-g_iter1/losses/andrewgopher.player22__StackGame__botB.bc24,andrewgopher.player22,1,B,g_iter1,0,412,CAPTURE,4600,4600,201,0,0,0,0,0,0,0,0,5,75,48,100,84,45.0,0,0,0,0,,45,5,3,0,0,3.54,3,0.00,39.4,59,0,2,2,1.000,0,0,0,,14.4,0,0,,0,462,36,58,0,0
gauntlet/20261002-234853-scrim-g_iter1/losses/andrewgopher.player22__Mountain__botA.bc24,andrewgopher.player22,1,A,g_iter1,0,2000,LEVEL_SUM,4100,4400,207,0,1,302,2,0,2,50,23,2,238,205,1019,798,40.3,2,2,0,0,16.0,47,0,2,0,0,0.90,0,2.02,49.0,1,0,,,,26,0,1,,14.7,0,0,1,0,1862,54,1310,1428,1505
gauntlet/20261002-234853-scrim-g_iter1/losses/andrewgopher.player22__Mountain__botA.bc24,andrewgopher.player22,0,B,player22,1,2000,LEVEL_SUM,4100,5900,201,17,21,232,5,0,2,13,3,2,409,399,798,1019,37.6,2,2,0,0,27.0,41,0,2,0,0,1.02,0,0.00,11.4,33,0,1,0,0.000,52,6,0,0,25.0,5,0,,0,0,0,1,0,0
gauntlet/20261002-234853-scrim-g_iter1/losses/andli28.v9_USQuals_angle__Joker__botB.bc24,andli28.v9_USQuals_angle,0,A,v9_USQuals_angle,1,2000,MORE_FLAG_CAPTURES,14500,23700,206,17,21,254,23,2,21,238,106,9,523,422,587,329,46.0,23,10,13,0,20.2,43,0,9,0,0,2.53,0,2.45,14.2,35,0,1,0,0.000,47,0,0,1,25.0,5,0,,1,0,0,489,0,0
gauntlet/20261002-234853-scrim-g_iter1/losses/andli28.v9_USQuals_angle__Joker__botB.bc24,andli28.v9_USQuals_angle,1,B,g_iter1,0,2000,MORE_FLAG_CAPTURES,14500,18600,202,21,20,218,9,0,9,90,37,21,393,328,329,587,42.8,9,9,0,0,27.4,47,13,10,0,0,2.66,2,1.88,31.5,89,1,3,1,0.333,70,29,1,,14.7,0,0,1,0,2418,445,1338,20,935
gauntlet/20261002-234853-scrim-g_iter1/losses/andrewgopher.player22__TwistedTreeline__botB.bc24,andrewgopher.player22,0,A,player22,1,2000,MORE_FLAG_CAPTURES,2400,2400,203,33,25,226,34,2,25,449,212,0,348,334,671,894,39.0,31,17,11,3,30.2,32,0,0,6,0,0.00,0,4.70,12.4,,,,,,192,15,0,0,25.1,63,0,,0,0,0,1,0,0
gauntlet/20261002-234853-scrim-g_iter1/losses/andrewgopher.player22__TwistedTreeline__botB.bc24,andrewgopher.player22,1,B,g_iter1,0,2000,MORE_FLAG_CAPTURES,2400,2400,202,19,20,245,0,0,0,0,0,25,238,212,894,671,41.9,0,0,0,0,,45,11,17,0,0,2.13,2,0.00,28.8,231,1,7,1,0.143,104,25,1,,14.4,0,0,1,0,2039,898,157,0,0
gauntlet/20261002-234853-scrim-g_iter1/losses/chenyx512.flagbot_final__Skyline__botB.bc24,chenyx512.flagbot_final,0,A,flagbot_final,1,659,CAPTURE,21600,21600,204,9,24,271,10,3,4,754,321,5,312,298,134,33,48.6,7,5,2,0,14.8,47,1,7,0,0,0.92,2,9.86,23.8,150,2,2,2,1.000,1,0,0,0,18.9,0,0,599,0,0,0,223,0,0
gauntlet/20261002-234853-scrim-g_iter1/losses/chenyx512.flagbot_final__Skyline__botB.bc24,chenyx512.flagbot_final,1,B,g_iter1,0,659,CAPTURE,21600,21600,201,17,18,209,8,2,5,182,85,4,239,231,33,134,45.0,8,7,1,0,27.6,47,2,5,0,0,0.82,3,4.69,36.7,112,2,3,3,1.000,24,3,1,,14.7,0,0,1,0,652,42,164,79,0
gauntlet/20261002-234853-scrim-g_iter1/losses/chenyx512.flagbot_final__AceOfSpades__botB.bc24,chenyx512.flagbot_final,0,A,flagbot_final,1,859,CAPTURE,1800,19800,203,22,20,217,9,3,3,733,295,2,495,379,442,68,48.0,6,4,2,0,20.0,42,0,2,0,0,3.50,0,9.07,27.6,0,0,,,,1,0,0,0,19.6,0,0,,1,0,0,328,0,0
gauntlet/20261002-234853-scrim-g_iter1/losses/chenyx512.flagbot_final__AceOfSpades__botB.bc24,chenyx512.flagbot_final,1,B,g_iter1,0,859,CAPTURE,1800,1800,202,24,15,245,2,0,2,8,3,3,99,87,68,442,37.5,2,2,0,0,25.0,43,2,4,0,0,0.92,3,1.00,51.6,90,1,3,3,1.000,49,14,1,,14.8,0,0,1,0,943,82,400,326,0
gauntlet/20261002-234853-scrim-g_iter1/losses/chenyx512.flagbot_final__Racetrack__botA.bc24,chenyx512.flagbot_final,1,A,g_iter1,0,982,CAPTURE,0,0,202,23,21,333,2,1,1,65,32,15,47,45,98,266,43.4,2,2,0,0,28.0,26,9,9,0,0,1.84,3,7.62,30.6,185,3,4,3,0.750,33,21,1,,14.8,0,0,1,0,1167,147,143,135,0
gauntlet/20261002-234853-scrim-g_iter1/losses/chenyx512.flagbot_final__Racetrack__botA.bc24,chenyx512.flagbot_final,0,B,flagbot_final,1,982,CAPTURE,0,0,210,27,27,277,21,3,15,849,303,1,99,93,266,98,47.5,18,9,9,0,30.3,19,0,2,0,0,1.80,1,10.13,27.3,42,1,1,1,1.000,6,0,0,0,19.4,0,0,471,1,0,0,776,0,0
gauntlet/20261002-234853-scrim-g_iter1/losses/chenyx512.flagbot_final__Swoop__botA.bc24,chenyx512.flagbot_final,1,A,g_iter1,0,915,CAPTURE,4300,4300,201,25,24,262,13,0,13,159,72,5,111,108,84,411,39.4,13,11,2,0,30.6,47,5,3,0,0,1.01,3,6.94,36.1,113,2,3,3,1.000,38,7,1,,14.6,0,0,1,0,807,165,575,20,259
gauntlet/20261002-234853-scrim-g_iter1/losses/chenyx512.flagbot_final__Swoop__botA.bc24,chenyx512.flagbot_final,0,B,flagbot_final,1,915,CAPTURE,4300,4300,201,41,21,219,11,3,5,739,313,13,276,211,411,84,47.7,8,3,5,0,26.6,44,2,11,0,0,2.84,0,6.20,24.1,61,0,2,0,0.000,6,4,1,1,19.7,0,0,,1,0,0,372,0,0
gauntlet/20261002-234853-scrim-g_iter1/losses/chenyx512.flagbot_final__Tunnels__botB.bc24,chenyx512.flagbot_final,0,A,flagbot_final,1,1884,CAPTURE,2400,3600,203,4,1,527,31,3,25,797,238,1,485,434,701,353,45.4,28,5,23,0,7.9,26,0,1,23,2,5.50,0,16.33,56.5,0,0,,,,7,0,0,0,19.1,0,0,,1,2,2,1684,0,0
gauntlet/20261002-234853-scrim-g_iter1/losses/chenyx512.flagbot_final__Tunnels__botB.bc24,chenyx512.flagbot_final,1,B,g_iter1,0,1884,CAPTURE,2400,3000,274,0,0,1603,1,0,1,2,1,25,205,197,353,701,40.9,1,1,0,0,12.0,33,23,5,0,0,6.64,3,0.00,53.6,39,2,2,2,1.000,25,16,1,,14.7,0,0,1,0,2689,833,726,276,0
gauntlet/20261002-234853-scrim-g_iter1/losses/clbarrell.duck8__AceOfSpades__botB.bc24,clbarrell.duck8,0,A,duck8,1,613,CAPTURE,1800,18000,202,19,15,231,16,3,13,173,74,5,248,227,90,192,42.5,16,5,11,0,19.2,39,1,6,0,0,1.94,1,6.71,31.7,69,1,2,1,0.500,48,22,0,,10.8,0,0,,1,0,0,53,0,0
gauntlet/20261002-234853-scrim-g_iter1/losses/clbarrell.duck8__AceOfSpades__botB.bc24,clbarrell.duck8,1,B,g_iter1,0,613,CAPTURE,1800,3600,202,18,21,211,7,1,5,193,82,13,112,86,192,90,46.5,7,6,1,0,17.4,47,11,5,0,0,3.42,3,6.82,32.7,49,0,2,2,1.000,20,2,0,,15.2,0,0,,0,511,143,48,7,0
gauntlet/20261002-234853-scrim-g_iter1/losses/chenyx512.flagbot_final__Divergent__botB.bc24,chenyx512.flagbot_final,0,A,flagbot_final,1,2000,MORE_FLAG_CAPTURES,3700,3700,212,18,35,320,8,1,4,704,301,5,454,414,440,60,49.2,5,5,0,0,31.0,41,0,5,0,0,0.42,0,2.69,47.9,264,0,3,0,0.000,10,0,0,0,20.0,0,0,,0,0,0,1800,0,0
gauntlet/20261002-234853-scrim-g_iter1/losses/chenyx512.flagbot_final__Divergent__botB.bc24,chenyx512.flagbot_final,1,B,g_iter1,0,2000,MORE_FLAG_CAPTURES,3700,3700,203,8,7,326,5,0,5,361,176,4,220,179,60,440,44.6,5,5,0,0,16.0,46,0,5,0,0,0.58,1,1.38,41.8,83,1,1,1,1.000,63,4,1,,14.6,0,0,1,0,3773,154,1306,1077,280
gauntlet/20261002-234853-scrim-g_iter1/losses/clbarrell.duck8__QuestionableChess__botB.bc24,clbarrell.duck8,0,A,duck8,1,450,CAPTURE,0,0,201,25,18,210,12,3,9,164,76,0,42,19,77,79,45.9,12,4,8,0,19.0,31,0,0,0,0,0.00,0,8.32,34.1,,,,,,14,2,0,,12.2,0,0,,1,0,0,2,0,0
gauntlet/20261002-234853-scrim-g_iter1/losses/clbarrell.duck8__QuestionableChess__botB.bc24,clbarrell.duck8,1,B,g_iter1,0,450,CAPTURE,0,0,204,7,4,0,0,0,0,0,0,9,15,14,79,77,45.8,0,0,0,0,,41,8,4,0,0,2.21,3,0.00,31.6,63,1,2,2,1.000,32,22,0,,14.8,0,0,,0,398,25,52,0,0
gauntlet/20261002-234853-scrim-g_iter1/losses/clbarrell.duck8__OceanFloor__botB.bc24,clbarrell.duck8,0,A,duck8,1,677,CAPTURE,1400,1400,201,38,9,232,13,3,10,255,113,2,83,73,86,162,44.2,13,5,8,0,27.2,42,0,4,0,0,0.73,2,10.73,31.1,165,1,4,2,0.500,59,30,1,,13.3,0,0,2,0,0,0,17,0,0
gauntlet/20261002-234853-scrim-g_iter1/losses/clbarrell.duck8__OceanFloor__botB.bc24,clbarrell.duck8,1,B,g_iter1,0,677,CAPTURE,1400,1400,201,30,27,213,4,2,2,209,101,10,107,74,162,86,47.0,4,4,0,0,36.5,45,8,5,0,0,1.38,3,7.58,19.1,139,0,3,1,0.333,33,6,1,,14.8,0,0,1,0,283,58,65,243,0
gauntlet/20261002-234853-scrim-g_iter1/losses/dmtrung14.defaultplayer_intlqualifier__KingQuacksCastle__botB.bc24,dmtrung14.defaultplayer_intlqualifier,0,A,defaultplayer_intlqualifier,1,583,CAPTURE,1600,4200,204,21,21,216,36,3,3,356,67,5,42,41,40,191,41.9,33,3,3,27,16.3,48,1,5,0,0,0.47,1,11.67,19.1,203,1,3,1,0.333,16,7,0,0,25.1,623,0,,1,1,0,211,0,0
gauntlet/20261002-234853-scrim-g_iter1/losses/dmtrung14.defaultplayer_intlqualifier__KingQuacksCastle__botB.bc24,dmtrung14.defaultplayer_intlqualifier,1,B,g_iter1,0,583,CAPTURE,1600,3600,205,7,6,224,6,1,5,263,117,3,56,42,191,40,48.3,6,5,1,0,23.6,48,3,3,0,0,2.43,3,4.73,49.6,33,3,,,,9,0,0,,14.9,0,0,,0,423,94,272,88,0
gauntlet/20261002-234853-scrim-g_iter1/losses/dmtrung14.defaultplayer_intlqualifier__QueenOfHearts__botA.bc24,dmtrung14.defaultplayer_intlqualifier,1,A,g_iter1,0,551,CAPTURE,3500,3500,201,16,18,240,5,1,3,231,107,7,54,38,163,25,48.9,5,5,0,0,41.7,39,1,9,0,0,1.17,3,2.13,24.8,74,3,,,,6,0,1,,14.8,0,0,,0,342,83,38,5,0
gauntlet/20261002-234853-scrim-g_iter1/losses/dmtrung14.defaultplayer_intlqualifier__QueenOfHearts__botA.bc24,dmtrung14.defaultplayer_intlqualifier,0,B,defaultplayer_intlqualifier,1,551,CAPTURE,3500,3500,201,21,19,228,52,3,7,416,73,3,52,49,25,163,42.6,49,9,1,39,28.6,42,0,5,0,0,0.41,1,8.16,15.2,143,1,1,1,1.000,48,18,1,1,25.1,292,0,223,1,1,0,351,0,0
gauntlet/20261002-234853-scrim-g_iter1/losses/clbarrell.duck8__GaltonBoard__botB.bc24,clbarrell.duck8,0,A,duck8,1,2000,MORE_FLAG_CAPTURES,0,37300,201,13,21,246,24,1,23,130,43,0,569,475,558,1098,36.7,24,3,21,0,12.4,38,0,0,0,0,0.00,0,14.41,34.2,,,,,,18,5,0,,12.3,0,0,,1,0,0,27,0,0
gauntlet/20261002-234853-scrim-g_iter1/losses/clbarrell.duck8__GaltonBoard__botB.bc24,clbarrell.duck8,1,B,g_iter1,0,2000,MORE_FLAG_CAPTURES,0,500,217,6,0,347,0,0,0,0,0,23,228,195,1098,558,43.2,0,0,0,0,,38,21,3,0,0,10.64,1,0.00,40.4,17,0,1,1,1.000,20,1,1,,14.6,0,0,1,0,2023,1100,1534,0,0
gauntlet/20261002-234853-scrim-g_iter1/losses/hsmalladi.finalbot__AceOfSpades__botA.bc24,hsmalladi.finalbot,1,A,g_iter1,0,672,CAPTURE,1800,1800,202,15,12,222,3,1,2,48,24,25,76,71,186,166,44.1,3,3,0,0,23.0,45,18,11,0,0,3.24,3,6.63,30.7,103,2,3,3,1.000,27,7,0,,15.2,0,0,,0,714,197,129,139,0
gauntlet/20261002-234853-scrim-g_iter1/losses/hsmalladi.finalbot__AceOfSpades__botA.bc24,hsmalladi.finalbot,0,B,finalbot,1,672,CAPTURE,1800,19800,205,38,22,221,35,3,25,823,211,2,285,264,166,186,43.2,32,11,18,3,13.8,44,0,3,0,0,0.58,1,6.64,6.8,29,1,1,1,1.000,29,10,0,,25.1,130,0,,0,1,1,4,0,0
gauntlet/20261002-234853-scrim-g_iter1/losses/dmtrung14.defaultplayer_intlqualifier__BreadPudding__botA.bc24,dmtrung14.defaultplayer_intlqualifier,1,A,g_iter1,0,2000,MORE_FLAG_CAPTURES,2600,2800,206,10,10,242,3,0,3,155,77,2,195,142,467,51,49.4,3,3,0,0,14.3,44,2,1,0,0,8.22,1,1.75,79.3,11,1,,,,7,0,0,,14.9,0,0,,0,3656,3108,1562,16,1514
gauntlet/20261002-234853-scrim-g_iter1/losses/dmtrung14.defaultplayer_intlqualifier__BreadPudding__botA.bc24,dmtrung14.defaultplayer_intlqualifier,0,B,defaultplayer_intlqualifier,1,2000,MORE_FLAG_CAPTURES,2600,3000,202,4,4,213,29,1,2,331,61,3,50,44,51,467,44.2,26,1,2,23,13.5,42,0,3,0,0,1.72,0,17.70,56.4,66,0,1,0,0.000,8,3,0,0,25.1,291,0,231,1,0,0,1800,0,0
gauntlet/20261002-234853-scrim-g_iter1/losses/hsmalladi.finalbot__Fountain__botB.bc24,hsmalladi.finalbot,0,A,finalbot,1,703,CAPTURE,1500,2000,223,5,12,323,23,3,11,804,303,7,50,49,82,146,45.1,20,5,9,6,14.6,45,0,9,0,0,0.68,1,6.99,33.1,319,1,7,1,0.143,38,27,0,,25.1,94,0,,0,0,0,3,0,0
gauntlet/20261002-234853-scrim-g_iter1/losses/hsmalladi.finalbot__Fountain__botB.bc24,hsmalladi.finalbot,1,B,g_iter1,0,703,CAPTURE,1700,3100,207,14,26,289,9,1,7,471,220,11,71,67,146,82,47.3,9,9,0,0,15.4,46,9,5,0,0,2.07,3,5.96,33.2,105,3,3,1,0.333,26,4,0,,14.8,0,0,,0,569,131,75,221,62
gauntlet/20261002-234853-scrim-g_iter1/losses/hsmalladi.finalbot__ORV__botB.bc24,hsmalladi.finalbot,0,A,finalbot,1,450,CAPTURE,3200,6800,209,20,33,261,28,3,12,884,251,0,98,93,105,60,46.7,25,4,11,10,19.6,48,0,0,0,0,0.00,0,12.18,12.8,,,,,,4,0,0,,25.1,88,0,,0,1,1,4,0,0
gauntlet/20261002-234853-scrim-g_iter1/losses/hsmalladi.finalbot__ORV__botB.bc24,hsmalladi.finalbot,1,B,g_iter1,0,450,CAPTURE,3200,4400,204,11,1,248,0,0,0,0,0,12,70,35,60,105,44.7,0,0,0,0,,47,11,4,0,0,4.80,3,0.00,30.4,48,0,2,0,0.000,6,6,0,,14.8,0,0,,0,245,21,39,0,0
gauntlet/20261002-234853-scrim-g_iter1/losses/jmerle.camel_case_v21_final__Battlecode24__botA.bc24,jmerle.camel_case_v21_final,1,A,g_iter1,0,593,CAPTURE,12400,17200,203,5,4,291,0,0,0,0,0,4,206,190,138,134,44.5,0,0,0,0,,29,3,4,0,0,0.92,3,0.00,46.3,202,3,5,3,0.600,27,6,1,,14.7,0,0,1,0,767,187,83,0,0
gauntlet/20261002-234853-scrim-g_iter1/losses/jmerle.camel_case_v21_final__Battlecode24__botA.bc24,jmerle.camel_case_v21_final,0,B,camel_case_v21_final,1,593,CAPTURE,9600,23800,202,27,39,256,7,3,4,297,147,0,292,274,134,138,44.5,7,4,3,0,21.3,33,0,0,0,0,0.00,0,5.72,12.4,,,,,,39,8,0,,21.0,0,0,,0,0,0,1,0,0
gauntlet/20261002-234853-scrim-g_iter1/losses/hsmalladi.finalbot__WheresMyWater__botA.bc24,hsmalladi.finalbot,1,A,g_iter1,0,456,CAPTURE,3000,3900,201,9,6,201,1,1,0,16,8,8,64,49,102,89,45.5,1,1,0,0,,41,7,4,0,0,3.94,3,6.69,32.6,26,1,,,,9,0,1,,14.6,0,0,1,0,421,47,31,1,0
gauntlet/20261002-234853-scrim-g_iter1/losses/hsmalladi.finalbot__WheresMyWater__botA.bc24,hsmalladi.finalbot,0,B,finalbot,1,456,CAPTURE,3000,5700,201,20,22,201,19,3,8,696,160,0,77,72,89,102,44.8,16,4,7,5,15.9,46,0,1,0,0,1.44,1,10.54,14.6,6,0,,,,15,2,1,,25.0,47,0,,0,0,0,4,0,0
gauntlet/20261002-234853-scrim-g_iter1/losses/hsmalladi.finalbot__HeMustBeFreed__botB.bc24,hsmalladi.finalbot,0,A,finalbot,1,2000,LEVEL_SUM,5900,15100,201,45,42,256,14,2,2,877,153,3,171,156,85,133,48.4,11,2,2,7,51.0,44,0,5,0,0,0.24,2,5.57,48.5,284,2,3,2,0.667,30,7,1,,25.0,61,0,,0,1,0,4,0,0
gauntlet/20261002-234853-scrim-g_iter1/losses/hsmalladi.finalbot__HeMustBeFreed__botB.bc24,hsmalladi.finalbot,1,B,g_iter1,0,2000,LEVEL_SUM,2900,3100,201,8,5,430,5,2,3,329,227,2,180,106,133,85,48.9,5,5,0,0,36.3,20,2,2,0,2,1.38,2,2.37,51.5,185,0,3,1,0.333,42,5,1,,14.9,0,0,,0,1967,1147,1484,826,0
gauntlet/20261002-234853-scrim-g_iter1/losses/jmerle.camel_case_v21_final__StackGame__botA.bc24,jmerle.camel_case_v21_final,1,A,g_iter1,0,316,CAPTURE,4600,4600,291,0,1,0,0,0,0,0,0,4,63,50,51,49,46.4,0,0,0,0,,39,4,3,0,0,1.86,3,0.00,52.5,52,1,2,2,1.000,4,3,0,,14.8,0,0,,0,277,31,33,0,0
gauntlet/20261002-234853-scrim-g_iter1/losses/jmerle.camel_case_v21_final__StackGame__botA.bc24,jmerle.camel_case_v21_final,0,B,camel_case_v21_final,1,316,CAPTURE,4600,4600,201,36,27,219,7,3,4,96,47,0,78,71,49,51,46.4,7,3,4,0,15.8,47,0,0,0,0,0.00,0,5.31,12.7,,,,,,5,0,0,,21.4,0,0,,0,0,0,1,0,0
gauntlet/20261002-234853-scrim-g_iter1/losses/hsmalladi.finalbot__WheresMyWater__botB.bc24,hsmalladi.finalbot,0,A,finalbot,1,1823,CAPTURE,3000,3600,201,18,8,203,67,3,56,948,266,4,274,260,657,803,39.3,64,17,42,5,16.6,43,0,5,23,1,1.88,1,6.21,9.9,22,0,1,1,1.000,110,54,1,,25.0,48,0,,0,1,1,4,0,0
gauntlet/20261002-234853-scrim-g_iter1/losses/hsmalladi.finalbot__WheresMyWater__botB.bc24,hsmalladi.finalbot,1,B,g_iter1,0,1823,CAPTURE,3000,5100,201,5,7,389,5,1,4,60,28,56,320,309,803,657,41.4,5,5,0,0,15.8,45,42,17,0,0,4.16,3,6.62,26.0,99,0,4,0,0.000,88,39,1,,14.6,0,0,1,0,2413,699,199,189,179
gauntlet/20261002-234853-scrim-g_iter1/losses/jmerle.camel_case_v21_final__Swoop__botA.bc24,jmerle.camel_case_v21_final,1,A,g_iter1,0,340,CAPTURE,4300,4300,201,15,0,227,5,0,5,51,22,9,48,27,51,69,45.2,5,4,1,0,23.8,47,8,4,0,0,1.32,3,3.18,37.4,109,3,3,3,1.000,16,1,1,,14.6,0,0,1,0,173,37,33,64,0
gauntlet/20261002-234853-scrim-g_iter1/losses/jmerle.camel_case_v21_final__Swoop__botA.bc24,jmerle.camel_case_v21_final,0,B,camel_case_v21_final,1,340,CAPTURE,4300,4300,201,28,24,219,12,3,9,180,87,5,73,69,69,51,46.6,12,4,8,0,24.3,50,1,4,0,0,2.31,0,4.67,5.8,21,0,1,0,0.000,18,1,1,,23.2,0,0,,0,0,0,1,0,3
gauntlet/20261002-234853-scrim-g_iter1/losses/jmerle.camel_case_v21_final__Fountain__botA.bc24,jmerle.camel_case_v21_final,1,A,g_iter1,0,560,CAPTURE,1700,2700,209,0,17,269,4,1,3,77,37,10,58,52,199,113,45.1,4,4,0,0,19.7,44,7,6,0,0,1.68,3,3.90,30.8,113,1,4,3,0.750,25,8,0,,14.8,0,0,,0,680,117,101,203,0
gauntlet/20261002-234853-scrim-g_iter1/losses/jmerle.camel_case_v21_final__Fountain__botA.bc24,jmerle.camel_case_v21_final,0,B,camel_case_v21_final,1,560,CAPTURE,1300,2300,212,24,23,224,13,3,10,216,102,3,48,47,113,199,41.5,13,6,7,0,18.7,39,0,4,0,0,0.56,1,6.66,4.8,56,1,1,1,1.000,38,13,0,,22.1,0,0,,0,0,0,1,0,0
gauntlet/20261002-234853-scrim-g_iter1/losses/jmerle.camel_case_v21_final__Canals__botA.bc24,jmerle.camel_case_v21_final,1,A,g_iter1,0,867,CAPTURE,4600,4800,316,0,0,337,1,0,1,24,10,5,127,109,352,313,41.3,1,1,0,0,7.0,47,2,6,0,0,1.36,3,3.00,39.2,180,1,4,3,0.750,17,3,1,,15.1,0,0,1,0,793,269,315,2,343
gauntlet/20261002-234853-scrim-g_iter1/losses/jmerle.camel_case_v21_final__Canals__botA.bc24,jmerle.camel_case_v21_final,0,B,camel_case_v21_final,1,867,CAPTURE,4600,6100,202,46,30,228,8,3,5,267,129,1,224,222,313,352,40.3,8,6,2,0,29.2,49,0,1,0,0,1.33,0,6.36,5.3,7,0,,,,56,8,1,,22.6,0,0,,0,0,0,1,0,0
gauntlet/20261002-234853-scrim-g_iter1/losses/jmerle.camel_case_v21_final__YearOfTheDragon__botA.bc24,jmerle.camel_case_v21_final,1,A,g_iter1,0,727,CAPTURE,10800,10800,201,10,5,314,2,0,2,22,9,7,172,155,235,207,43.1,2,2,0,0,17.0,47,6,4,0,0,1.63,3,6.41,39.8,183,2,4,3,0.750,32,4,1,,14.7,0,0,1,0,637,88,96,2,164
gauntlet/20261002-234853-scrim-g_iter1/losses/jmerle.camel_case_v21_final__YearOfTheDragon__botA.bc24,jmerle.camel_case_v21_final,0,B,camel_case_v21_final,1,727,CAPTURE,10800,10800,201,20,23,219,10,3,7,264,121,2,232,223,207,235,42.3,10,4,6,0,21.3,40,0,2,0,0,4.68,0,7.50,6.3,0,0,,,,75,19,1,,22.1,0,0,,0,0,0,1,0,0
gauntlet/20261002-234853-scrim-g_iter1/losses/kyleezz.jeeryfix3__Backslash__botB.bc24,kyleezz.jeeryfix3,0,A,jeeryfix3,1,394,CAPTURE,4700,18600,201,26,11,220,5,3,2,182,87,0,146,114,53,95,44.1,5,3,2,0,22.5,49,0,0,0,0,0.00,0,4.25,17.4,,,,,,31,5,1,1,24.9,0,0,15,1,0,0,1,0,0
gauntlet/20261002-234853-scrim-g_iter1/losses/kyleezz.jeeryfix3__Backslash__botB.bc24,kyleezz.jeeryfix3,1,B,g_iter1,0,394,CAPTURE,4500,12400,201,24,21,223,0,0,0,0,0,2,105,99,95,53,46.8,0,0,0,0,,48,2,3,0,0,0.68,3,0.00,31.2,136,1,3,3,1.000,10,3,1,,14.8,0,0,1,0,246,44,43,0,0
gauntlet/20261002-234853-scrim-g_iter1/losses/quesswho.cretplayer2_3__AceOfSpades__botA.bc24,quesswho.cretplayer2_3,1,A,g_iter1,0,372,CAPTURE,1800,5100,202,22,19,228,3,0,3,115,50,4,78,55,54,62,45.9,3,3,0,0,20.3,46,4,3,0,0,2.68,3,3.70,39.1,100,1,4,3,0.750,19,7,0,,14.7,0,0,,0,208,69,39,94,0
gauntlet/20261002-234853-scrim-g_iter1/losses/quesswho.cretplayer2_3__AceOfSpades__botA.bc24,quesswho.cretplayer2_3,0,B,cretplayer2_3,1,372,CAPTURE,1800,16500,202,34,11,230,10,3,4,806,127,3,199,154,62,54,45.2,7,3,4,0,21.0,42,0,3,0,0,1.43,0,9.62,19.9,58,0,2,0,0.000,17,11,0,0,21.2,0,0,17,1,0,0,112,0,71
gauntlet/20261002-234853-scrim-g_iter1/losses/quesswho.cretplayer2_3__ORV__botA.bc24,quesswho.cretplayer2_3,1,A,g_iter1,0,1036,CAPTURE,3200,8000,206,19,17,246,16,1,15,416,192,34,174,139,364,310,42.8,16,14,2,0,21.5,44,30,7,0,0,6.42,3,5.00,32.0,143,0,8,2,0.250,55,14,0,,14.7,0,0,,0,802,334,46,44,19
gauntlet/20261002-234853-scrim-g_iter1/losses/quesswho.cretplayer2_3__ORV__botA.bc24,quesswho.cretplayer2_3,0,B,cretplayer2_3,1,1036,CAPTURE,3200,3200,206,24,17,230,40,3,34,1247,265,15,148,135,310,364,41.1,37,7,30,0,17.7,35,2,14,0,0,1.55,1,20.52,24.0,228,1,6,1,0.167,57,52,0,1,25.0,31,0,10,1,3,2,420,0,709
gauntlet/20261002-234853-scrim-g_iter1/losses/quesswho.cretplayer2_3__Waterworld__botB.bc24,quesswho.cretplayer2_3,0,A,cretplayer2_3,1,776,CAPTURE,13900,15900,205,10,13,258,36,3,30,970,203,8,155,144,218,294,40.4,33,4,29,0,17.2,7,3,5,0,0,2.56,0,19.36,21.8,6,0,,,,40,30,1,1,25.0,10,0,24,1,2,0,575,0,125
gauntlet/20261002-234853-scrim-g_iter1/losses/quesswho.cretplayer2_3__Waterworld__botB.bc24,quesswho.cretplayer2_3,1,B,g_iter1,0,776,CAPTURE,11200,13400,203,17,13,312,8,0,8,61,24,30,154,105,294,218,43.4,8,5,3,0,28.3,36,29,4,0,0,4.58,3,6.89,29.6,138,2,6,2,0.333,34,8,0,,14.4,0,0,,0,320,114,28,8,65
gauntlet/20261002-234853-scrim-g_iter1/losses/quesswho.cretplayer2_3__Checkered__botA.bc24,quesswho.cretplayer2_3,1,A,g_iter1,0,2000,MORE_FLAG_CAPTURES,4800,4800,201,13,12,212,2,0,2,25,11,22,269,232,1378,293,46.4,2,2,0,0,17.0,47,18,5,0,0,5.46,1,1.04,31.5,58,0,2,0,0.000,39,2,1,,14.7,0,0,,0,1690,1380,980,225,0
gauntlet/20261002-234853-scrim-g_iter1/losses/quesswho.cretplayer2_3__Checkered__botA.bc24,quesswho.cretplayer2_3,0,B,cretplayer2_3,1,2000,MORE_FLAG_CAPTURES,4800,4800,201,26,31,206,26,1,22,830,108,2,318,304,293,1378,32.9,23,5,18,0,15.3,36,0,2,0,0,1.68,0,18.56,15.8,15,0,,,,166,201,1,1,25.0,2,0,1,1,0,0,1799,0,139
gauntlet/20261002-234853-scrim-g_iter1/losses/winkelmantanner.waffle__Islands__botB.bc24,winkelmantanner.waffle,0,A,waffle,1,395,CAPTURE,5800,5800,201,26,17,212,24,3,21,188,88,0,97,90,72,91,44.5,24,5,19,0,14.8,42,0,0,0,0,0.00,0,6.77,11.8,,,,,,13,6,1,,10.3,0,0,,0,12,12,195,0,0
gauntlet/20261002-234853-scrim-g_iter1/losses/winkelmantanner.waffle__Islands__botB.bc24,winkelmantanner.waffle,1,B,g_iter1,0,395,CAPTURE,5800,5800,201,4,2,263,0,0,0,0,0,21,73,49,91,72,45.5,0,0,0,0,,47,19,5,0,0,4.79,3,0.00,38.1,81,1,2,1,0.500,14,5,1,,14.6,0,0,1,0,122,19,15,0,0
gauntlet/20261002-234853-scrim-g_iter1/losses/winkelmantanner.waffle__Funnel__botB.bc24,winkelmantanner.waffle,0,A,waffle,1,1276,CAPTURE,2200,3600,203,27,24,228,28,3,25,529,245,4,175,150,166,460,41.1,28,8,20,0,36.6,41,1,4,0,1,1.42,1,3.87,10.8,96,0,1,1,1.000,199,117,1,,11.7,0,0,,0,57,0,1076,0,0
gauntlet/20261002-234853-scrim-g_iter1/losses/winkelmantanner.waffle__Funnel__botB.bc24,winkelmantanner.waffle,1,B,g_iter1,0,1276,CAPTURE,2200,4300,201,0,0,437,5,1,4,158,71,25,238,214,460,166,46.8,5,4,1,0,49.8,38,20,8,0,0,1.33,3,5.38,29.2,322,1,5,3,0.600,36,8,1,,14.9,0,0,1,0,810,100,74,5,0
gauntlet/20261002-234853-scrim-g_iter1/losses/winkelmantanner.waffle__Puzzle__botA.bc24,winkelmantanner.waffle,1,A,g_iter1,0,603,CAPTURE,0,8700,207,6,5,259,1,0,0,35,17,27,127,97,180,97,46.2,1,1,0,0,,48,24,6,0,0,3.31,3,1.09,30.3,131,2,2,1,0.500,26,5,0,,14.8,0,0,,0,415,93,44,1,0
gauntlet/20261002-234853-scrim-g_iter1/losses/winkelmantanner.waffle__Puzzle__botA.bc24,winkelmantanner.waffle,0,B,waffle,1,603,CAPTURE,0,14100,203,36,16,246,30,3,27,320,146,0,193,182,97,180,43.0,30,6,24,0,18.7,40,0,1,0,0,0.09,0,4.73,13.7,33,,,,,56,12,0,,9.9,0,0,,0,8,1,403,0,0
gauntlet/20261002-234853-scrim-g_iter1/replays/SampleProvider.TSPAARKSPRINT1__Waterworld__botA.bc24,SampleProvider.TSPAARKSPRINT1,1,A,g_iter1,1,791,CAPTURE,13900,17700,210,33,32,237,34,3,31,469,220,25,192,167,225,56,48.2,34,25,9,0,21.0,44,10,16,0,0,2.00,0,6.78,27.7,68,0,2,0,0.000,9,1,0,,15.1,0,0,,0,624,150,88,117,0
gauntlet/20261002-234853-scrim-g_iter1/replays/SampleProvider.TSPAARKSPRINT1__Waterworld__botA.bc24,SampleProvider.TSPAARKSPRINT1,0,B,TSPAARKSPRINT1,0,791,CAPTURE,13900,20300,203,31,12,219,29,0,25,616,190,31,39,33,56,225,43.2,26,16,10,0,24.1,33,9,25,0,0,3.40,3,5.76,14.9,118,0,6,2,0.333,64,48,0,0,20.8,0,0,,1,0,0,261,0,0
gauntlet/20261002-234853-scrim-g_iter1/losses/winkelmantanner.waffle__Mountain__botB.bc24,winkelmantanner.waffle,0,A,waffle,1,2000,MORE_FLAG_CAPTURES,4100,5300,204,16,16,204,8,2,6,151,71,1,264,254,523,1047,37.2,8,6,2,0,19.0,31,0,1,0,0,4.61,0,3.67,12.4,0,0,,,,155,46,0,,11.1,0,0,,0,123,1,1800,0,0
gauntlet/20261002-234853-scrim-g_iter1/losses/winkelmantanner.waffle__Mountain__botB.bc24,winkelmantanner.waffle,1,B,g_iter1,0,2000,MORE_FLAG_CAPTURES,4100,5000,201,8,11,232,1,0,1,18,6,6,255,245,1047,523,43.7,1,1,0,0,11.0,44,2,6,0,0,1.20,2,7.39,40.1,97,1,1,1,1.000,49,3,0,,15.2,0,0,,0,2122,1244,331,1,0
gauntlet/20261002-234853-scrim-g_iter1/replays/IvanGeffner.kuma__EndAround__botA.bc24,IvanGeffner.kuma,1,A,g_iter1,1,2000,LEVEL_SUM,2500,5800,203,17,22,327,1,0,1,49,23,14,246,202,418,485,44.2,1,1,0,0,21.0,47,9,6,0,0,5.33,0,6.02,31.6,10,0,,,,46,3,0,,14.9,0,0,,0,1711,1011,208,1,4
gauntlet/20261002-234853-scrim-g_iter1/replays/IvanGeffner.kuma__EndAround__botA.bc24,IvanGeffner.kuma,0,B,kuma,0,2000,LEVEL_SUM,2500,4900,202,0,1,357,32,0,14,81,30,1,526,493,485,418,44.9,32,6,9,17,19.1,46,0,1,3,0,2.67,0,4.89,23.3,9,0,1,0,0.000,93,3,0,,25.0,27,0,105,1,0,0,1800,0,0
gauntlet/20261002-234853-scrim-g_iter1/losses/winkelmantanner.waffle__Tunnels__botB.bc24,winkelmantanner.waffle,0,A,waffle,1,1318,CAPTURE,2400,2700,215,4,21,239,27,3,24,117,54,3,165,152,229,580,39.3,27,11,16,0,15.2,19,1,3,5,1,2.28,1,7.50,11.1,27,1,1,1,1.000,54,22,0,,12.6,0,0,,0,255,135,1118,0,0
gauntlet/20261002-234853-scrim-g_iter1/losses/winkelmantanner.waffle__Tunnels__botB.bc24,winkelmantanner.waffle,1,B,g_iter1,0,1318,CAPTURE,2400,3900,203,1,0,310,4,1,3,65,30,24,165,154,580,229,45.8,4,3,1,0,12.3,36,16,11,0,0,6.31,3,6.11,45.2,1,0,,,,24,0,1,,14.7,0,0,1,0,1906,443,269,8,0
gauntlet/20261002-234853-scrim-g_iter1/replays/Gymhgy.v10official__Asteroids__botA.bc24,Gymhgy.v10official,1,A,g_iter1,1,2000,LEVEL_SUM,800,1900,223,8,26,302,21,2,19,391,175,7,206,182,423,474,44.2,21,20,1,0,33.1,43,4,5,1,0,2.33,2,3.50,30.5,66,2,,,,101,4,0,,14.7,0,0,,0,1572,1092,503,461,31
gauntlet/20261002-234853-scrim-g_iter1/replays/Gymhgy.v10official__Asteroids__botA.bc24,Gymhgy.v10official,0,B,v10official,0,2000,LEVEL_SUM,800,4400,210,38,37,250,41,2,7,695,45,19,392,360,474,423,44.9,38,5,4,29,28.7,39,1,20,0,0,1.08,2,10.78,4.7,280,2,4,2,0.500,48,10,0,,25.1,59,0,,0,0,0,5,0,0
gauntlet/20261002-234853-scrim-g_iter1/replays/SampleProvider.TSPAARKSPRINT1__QuestionableChess__botB.bc24,SampleProvider.TSPAARKSPRINT1,0,A,TSPAARKSPRINT1,0,2000,LEVEL_SUM,0,0,201,3,9,291,33,2,28,623,215,17,74,57,229,973,38.2,30,14,16,0,21.1,39,3,16,2,0,2.53,2,3.73,20.8,93,1,4,2,0.500,123,50,0,0,21.8,0,0,361,1,1,0,1394,0,0
gauntlet/20261002-234853-scrim-g_iter1/replays/SampleProvider.TSPAARKSPRINT1__QuestionableChess__botB.bc24,SampleProvider.TSPAARKSPRINT1,1,B,g_iter1,1,2000,LEVEL_SUM,0,0,205,30,30,209,19,2,17,253,116,28,369,284,973,229,47.2,19,16,3,0,22.5,42,16,14,0,0,2.26,2,6.53,37.4,81,2,2,2,1.000,31,3,1,,14.7,0,0,1,0,1008,510,346,89,0
gauntlet/20261002-234853-scrim-g_iter1/replays/andli28.v9_USQuals_angle__HeMustBeFreed__botB.bc24,andli28.v9_USQuals_angle,0,A,v9_USQuals_angle,0,2000,LEVEL_SUM,2900,16000,201,28,25,254,12,1,11,190,88,2,223,208,157,244,47.0,12,4,8,0,46.6,33,0,3,0,0,0.20,1,1.45,30.0,142,1,2,1,0.500,40,2,1,1,25.0,3,0,,1,0,0,475,0,0
gauntlet/20261002-234853-scrim-g_iter1/replays/andli28.v9_USQuals_angle__HeMustBeFreed__botB.bc24,andli28.v9_USQuals_angle,1,B,g_iter1,1,2000,LEVEL_SUM,2800,5600,201,10,10,403,3,1,2,153,75,11,204,168,244,157,48.1,3,3,0,0,48.0,29,8,4,0,0,2.20,1,2.41,35.1,87,1,3,1,0.333,56,1,1,,14.9,0,0,,0,1629,1528,1383,701,130
gauntlet/20261002-234853-scrim-g_iter1/replays/awu7.ExplosiveBot__DefaultLarge__botB.bc24,awu7.ExplosiveBot,0,A,ExplosiveBot,0,986,CAPTURE,1800,5200,202,24,11,238,25,0,11,107,37,13,84,68,86,643,34.2,25,3,8,14,29.7,33,5,11,0,0,1.68,3,4.48,19.2,431,3,6,3,0.500,176,161,1,1,22.6,0,0,1,1,2,0,413,0,0
gauntlet/20261002-234853-scrim-g_iter1/replays/awu7.ExplosiveBot__DefaultLarge__botB.bc24,awu7.ExplosiveBot,1,B,g_iter1,1,986,CAPTURE,1800,3900,203,35,33,236,16,3,13,629,308,11,306,221,643,86,47.9,16,11,5,0,40.6,40,8,3,0,0,3.08,0,9.31,20.7,54,0,,,,13,1,1,,14.9,0,0,1,0,141,39,37,45,3
gauntlet/20261002-234853-scrim-g_iter1/replays/awu7.ExplosiveBot__BedWars__botA.bc24,awu7.ExplosiveBot,1,A,g_iter1,1,983,CAPTURE,2400,2400,259,0,11,267,7,3,4,187,91,5,73,44,244,51,48.7,7,5,2,0,16.8,48,0,5,0,0,1.50,0,6.45,36.3,0,0,,,,15,1,1,,14.9,0,0,,0,415,244,167,10,58
gauntlet/20261002-234853-scrim-g_iter1/replays/awu7.ExplosiveBot__BedWars__botA.bc24,awu7.ExplosiveBot,0,B,ExplosiveBot,0,983,CAPTURE,2400,5000,239,1,1,355,5,0,5,16,5,4,19,9,51,244,44.3,5,5,0,0,13.8,45,2,5,0,0,0.60,3,0.13,62.7,149,3,3,2,0.667,143,70,1,,21.3,0,0,3,1,0,0,168,0,0
gauntlet/20261002-234853-scrim-g_iter1/replays/awu7.ExplosiveBot__BedWars__botB.bc24,awu7.ExplosiveBot,0,A,ExplosiveBot,0,779,CAPTURE,2400,5300,229,2,1,601,6,1,3,19,7,8,24,21,40,170,44.7,6,2,2,2,10.3,46,1,10,0,0,0.99,3,2.00,66.8,155,2,4,1,0.250,81,41,1,,21.3,0,0,16,1,0,0,272,0,0
gauntlet/20261002-234853-scrim-g_iter1/replays/awu7.ExplosiveBot__BedWars__botB.bc24,awu7.ExplosiveBot,1,B,g_iter1,1,779,CAPTURE,2400,2500,215,2,4,418,11,3,8,284,136,3,65,17,170,40,48.7,11,10,1,0,14.0,47,2,2,0,0,2.58,1,5.33,35.0,0,1,,,,15,0,1,,14.6,0,0,1,0,158,110,80,15,0
gauntlet/20261002-234853-scrim-g_iter1/replays/andrewgopher.player22__Diagonal__botA.bc24,andrewgopher.player22,1,A,g_iter1,1,2000,LEVEL_SUM,5100,5100,201,5,14,246,17,0,17,173,86,0,247,163,253,220,47.3,17,16,1,0,27.3,37,0,0,1,0,0.00,0,2.51,69.8,,,,,,25,0,1,,14.7,0,0,,0,1742,1385,1745,776,46
gauntlet/20261002-234853-scrim-g_iter1/replays/andrewgopher.player22__Diagonal__botA.bc24,andrewgopher.player22,0,B,player22,0,2000,LEVEL_SUM,5100,5100,201,18,37,275,3,0,0,3,0,17,243,209,220,253,46.9,0,0,0,0,,26,1,16,0,0,0.94,0,0.00,6.4,80,0,1,0,0.000,18,7,1,0,25.1,28,0,,0,0,0,2,0,0
gauntlet/20261002-234853-scrim-g_iter1/replays/awu7.ExplosiveBot__OceanFloor__botA.bc24,awu7.ExplosiveBot,1,A,g_iter1,1,1332,CAPTURE,1400,1400,201,29,45,233,25,3,22,675,316,12,387,309,835,116,47.8,25,20,5,0,43.8,46,6,8,1,1,1.00,2,9.01,16.1,135,2,2,0,0.000,30,0,1,,14.8,0,0,1,0,207,17,42,35,0
gauntlet/20261002-234853-scrim-g_iter1/replays/awu7.ExplosiveBot__OceanFloor__botA.bc24,awu7.ExplosiveBot,0,B,ExplosiveBot,0,1332,CAPTURE,1400,1400,201,24,0,209,43,2,12,220,83,22,75,55,116,835,34.7,43,8,6,29,28.3,36,5,20,0,0,2.07,3,3.83,13.5,373,1,10,3,0.300,375,321,1,0,22.4,0,0,7,1,0,0,421,0,0
gauntlet/20261002-234853-scrim-g_iter1/replays/awu7.ExplosiveBot__Diagonal__botA.bc24,awu7.ExplosiveBot,1,A,g_iter1,1,2000,MORE_FLAG_CAPTURES,5100,5100,201,30,29,341,10,1,9,298,145,2,454,349,895,127,48.5,10,8,2,0,26.4,29,1,1,0,0,5.50,0,9.45,38.9,0,0,,,,17,0,1,,14.8,0,0,,0,1301,1260,746,10,0
gauntlet/20261002-234853-scrim-g_iter1/replays/awu7.ExplosiveBot__Diagonal__botA.bc24,awu7.ExplosiveBot,0,B,ExplosiveBot,0,2000,MORE_FLAG_CAPTURES,5100,5100,201,6,10,242,2,0,2,2,0,9,89,83,127,895,39.1,2,1,1,0,34.5,24,2,8,0,0,1.45,1,3.00,10.7,179,1,3,1,0.333,423,314,1,1,22.0,0,0,7,1,0,0,1800,0,0
gauntlet/20261002-234853-scrim-g_iter1/replays/awu7.ExplosiveBot__Randy__botB.bc24,awu7.ExplosiveBot,0,A,ExplosiveBot,0,1680,CAPTURE,3400,11800,201,6,2,209,30,1,15,76,25,29,161,156,221,1313,31.1,30,8,8,14,14.4,22,10,22,0,0,2.76,3,3.68,16.1,243,2,11,2,0.182,510,513,0,0,22.4,0,0,14,1,0,0,730,0,0
gauntlet/20261002-234853-scrim-g_iter1/replays/awu7.ExplosiveBot__Randy__botB.bc24,awu7.ExplosiveBot,1,B,g_iter1,1,1680,CAPTURE,3400,3400,201,18,22,210,32,3,29,647,297,15,490,397,1313,221,46.8,32,22,10,0,13.2,43,8,8,5,1,3.57,1,10.05,24.3,15,1,,,,35,2,1,,15.2,0,0,1,0,1451,703,219,36,1
gauntlet/20261002-234853-scrim-g_iter1/replays/clbarrell.duck8__Pancakes__botB.bc24,clbarrell.duck8,0,A,duck8,0,516,CAPTURE,0,7700,210,2,2,223,7,0,7,55,15,0,122,114,35,118,44.6,7,4,3,0,19.6,49,0,3,0,0,0.20,3,5.24,22.6,178,3,3,3,1.000,40,19,0,,12.0,0,0,,1,0,0,9,0,0
gauntlet/20261002-234853-scrim-g_iter1/replays/clbarrell.duck8__Pancakes__botB.bc24,clbarrell.duck8,1,B,g_iter1,1,516,CAPTURE,0,1400,201,28,33,233,3,3,0,212,100,7,74,37,118,35,48.4,3,3,0,0,,48,3,4,0,0,2.56,0,6.47,23.6,15,0,1,0,0.000,9,3,1,,14.7,0,0,1,0,81,3,11,3,0
gauntlet/20261002-234853-scrim-g_iter1/replays/clbarrell.duck8__Foxes__botB.bc24,clbarrell.duck8,0,A,duck8,0,818,CAPTURE,7500,7500,202,12,18,227,17,1,16,108,37,1,154,141,94,331,40.2,17,4,13,0,24.9,37,0,4,0,0,0.09,3,7.63,31.2,282,3,3,3,1.000,78,50,0,,12.8,0,0,,1,0,0,42,0,0
gauntlet/20261002-234853-scrim-g_iter1/replays/clbarrell.duck8__Foxes__botB.bc24,clbarrell.duck8,1,B,g_iter1,1,818,CAPTURE,7500,7500,205,21,19,271,4,3,1,297,145,16,205,121,331,94,47.2,4,4,0,0,28.0,42,13,4,0,0,5.99,1,3.65,26.6,18,0,1,1,1.000,18,0,0,,14.8,0,0,,0,492,170,91,47,0
gauntlet/20261002-234853-scrim-g_iter1/replays/jonters.bling3__Backslash__botB.bc24,jonters.bling3,0,A,bling3,0,1111,CAPTURE,4700,13000,201,25,12,255,4,1,3,104,47,19,82,78,157,619,35.9,4,3,1,0,17.7,43,5,17,0,0,1.18,3,11.18,10.7,341,2,9,3,0.333,161,142,1,1,22.1,0,0,,0,0,0,4,0,0
gauntlet/20261002-234853-scrim-g_iter1/replays/jonters.bling3__Backslash__botB.bc24,jonters.bling3,1,B,g_iter1,1,1111,CAPTURE,4700,17900,201,23,21,214,22,3,19,536,257,3,357,281,619,157,46.6,22,17,5,0,24.2,48,1,3,0,0,0.98,1,8.09,19.9,64,1,2,1,0.500,26,6,1,,14.8,0,0,1,0,625,246,213,26,64
gauntlet/20261002-234853-scrim-g_iter1/replays/dmtrung14.defaultplayer_intlqualifier__DefaultLarge__botA.bc24,dmtrung14.defaultplayer_intlqualifier,1,A,g_iter1,1,2000,MORE_FLAG_CAPTURES,1800,3200,203,14,34,270,16,2,14,587,282,1,196,41,580,34,49.6,16,12,4,0,46.2,41,0,1,0,0,3.40,0,2.46,68.6,0,0,,,,8,0,1,,14.9,0,0,1,0,86,13,44,131,0
gauntlet/20261002-234853-scrim-g_iter1/replays/dmtrung14.defaultplayer_intlqualifier__DefaultLarge__botA.bc24,dmtrung14.defaultplayer_intlqualifier,0,B,defaultplayer_intlqualifier,0,2000,MORE_FLAG_CAPTURES,1800,5900,202,13,0,238,4,0,1,299,54,14,87,81,34,580,31.1,1,1,0,0,48.0,43,4,12,0,0,0.93,2,0.40,51.3,316,2,5,2,0.400,48,21,1,1,25.1,208,0,1,1,1,0,1039,0,0
gauntlet/20261002-234853-scrim-g_iter1/replays/dmtrung14.defaultplayer_intlqualifier__Battlecode24__botA.bc24,dmtrung14.defaultplayer_intlqualifier,1,A,g_iter1,1,2000,MORE_FLAG_CAPTURES,12400,20100,203,29,22,263,18,1,15,2603,1406,8,349,215,562,37,49.5,18,16,2,0,18.7,29,4,4,1,1,2.74,0,2.31,50.5,17,0,,,,14,0,0,,14.9,0,0,,0,956,766,303,53,10
gauntlet/20261002-234853-scrim-g_iter1/replays/dmtrung14.defaultplayer_intlqualifier__Battlecode24__botA.bc24,dmtrung14.defaultplayer_intlqualifier,0,B,defaultplayer_intlqualifier,0,2000,MORE_FLAG_CAPTURES,10500,20100,202,3,2,385,21,0,8,345,72,15,106,102,37,562,43.1,18,4,4,10,23.1,21,2,16,0,0,0.45,1,2.82,50.2,2179,1,7,1,0.143,174,129,0,0,25.1,225,0,,0,0,0,749,0,0
gauntlet/20261002-234853-scrim-g_iter1/replays/dmtrung14.defaultplayer_intlqualifier__Diagonal__botB.bc24,dmtrung14.defaultplayer_intlqualifier,0,A,defaultplayer_intlqualifier,0,2000,MORE_FLAG_CAPTURES,5100,5100,201,22,29,1580,3,0,0,294,13,14,108,70,38,282,46.5,0,0,0,0,,36,4,12,0,0,2.16,1,0.00,31.2,917,1,7,1,0.143,98,83,1,1,25.1,418,0,1235,1,1,0,1139,0,0
gauntlet/20261002-234853-scrim-g_iter1/replays/dmtrung14.defaultplayer_intlqualifier__Diagonal__botB.bc24,dmtrung14.defaultplayer_intlqualifier,1,B,g_iter1,1,2000,MORE_FLAG_CAPTURES,5100,5100,201,14,18,251,16,1,14,1861,931,0,231,99,282,38,49.5,16,12,4,0,26.9,35,0,0,1,0,0.00,0,5.46,66.7,,,,,,3,0,1,,14.8,0,0,,0,1366,1331,1350,20,0
gauntlet/20261002-234853-scrim-g_iter1/replays/jonters.bling3__Bunkers__botA.bc24,jonters.bling3,1,A,g_iter1,1,541,CAPTURE,2800,2800,201,18,18,213,5,3,2,240,117,3,92,82,150,49,47.7,5,4,1,0,11.5,46,2,2,0,0,4.84,1,9.18,22.1,1,0,,,,8,0,1,,14.9,0,0,,0,448,111,153,5,0
gauntlet/20261002-234853-scrim-g_iter1/replays/jonters.bling3__Bunkers__botA.bc24,jonters.bling3,0,B,bling3,0,541,CAPTURE,2800,2800,201,26,25,216,4,1,3,50,22,2,35,30,49,150,42.9,4,2,2,0,13.3,36,1,4,0,0,0.85,3,15.86,8.0,187,2,2,2,1.000,24,8,1,1,21.6,0,0,,0,0,0,4,0,0
gauntlet/20261002-234853-scrim-g_iter1/replays/jonters.bling3__Starfish__botA.bc24,jonters.bling3,1,A,g_iter1,1,666,CAPTURE,4100,4100,201,17,36,201,5,3,2,95,44,2,102,81,260,29,49.0,5,3,2,0,6.0,32,0,2,0,0,2.14,0,17.11,35.9,2,0,,,,8,0,0,,15.2,0,0,,0,584,148,257,5,0
gauntlet/20261002-234853-scrim-g_iter1/replays/jonters.bling3__Starfish__botA.bc24,jonters.bling3,0,B,bling3,0,666,CAPTURE,4100,4200,201,9,5,201,2,0,2,7,3,2,1,1,29,260,40.6,2,2,0,0,8.0,35,2,3,0,0,3.28,3,5.14,8.4,34,0,2,2,1.000,93,84,0,0,22.0,0,0,,1,0,0,5,0,0
gauntlet/20261002-234853-scrim-g_iter1/replays/jonters.bling3__Waterworld__botB.bc24,jonters.bling3,0,A,bling3,0,857,CAPTURE,13900,17600,212,7,26,300,9,1,8,156,72,8,52,45,89,342,40.0,9,5,4,0,23.0,31,4,7,0,0,0.84,3,8.62,8.1,267,3,7,2,0.286,114,86,0,0,22.1,0,0,,1,0,0,5,0,0
gauntlet/20261002-234853-scrim-g_iter1/replays/jonters.bling3__Waterworld__botB.bc24,jonters.bling3,1,B,g_iter1,1,857,CAPTURE,13900,15900,204,1,6,325,11,3,8,375,182,8,205,185,342,89,47.5,11,7,4,0,17.9,45,4,5,0,0,1.68,1,8.62,23.5,90,1,2,1,0.500,20,2,1,,14.8,0,0,1,0,811,258,96,17,0
gauntlet/20261002-234853-scrim-g_iter1/replays/jonters.bling3__Duck__botB.bc24,jonters.bling3,0,A,bling3,0,1549,CAPTURE,2900,2900,201,33,19,258,8,0,8,265,126,21,87,76,158,720,38.2,8,5,3,0,34.3,40,3,21,1,0,0.49,3,7.70,5.8,899,3,9,3,0.333,267,222,1,1,22.7,0,0,,1,0,0,4,0,0
gauntlet/20261002-234853-scrim-g_iter1/replays/jonters.bling3__Duck__botB.bc24,jonters.bling3,1,B,g_iter1,1,1549,CAPTURE,2900,2900,201,21,30,223,24,3,21,1062,515,8,348,270,720,158,47.5,24,21,3,0,42.4,47,3,5,0,1,0.80,0,6.22,15.7,213,0,3,0,0.000,56,1,1,,14.6,0,0,1,0,1054,430,169,83,38
gauntlet/20261002-234853-scrim-g_iter1/replays/jonters.bling3__Snake__botB.bc24,jonters.bling3,0,A,bling3,0,1956,CAPTURE,13100,21900,203,33,31,255,5,1,4,87,40,27,211,208,331,753,40.3,5,3,2,0,33.3,29,9,21,2,1,0.77,3,14.15,7.6,677,2,11,3,0.273,108,60,0,0,22.8,0,0,,0,0,0,5,0,0
gauntlet/20261002-234853-scrim-g_iter1/replays/jonters.bling3__Snake__botB.bc24,jonters.bling3,1,B,g_iter1,1,1956,CAPTURE,13100,35300,204,33,31,217,30,3,27,935,475,4,589,490,753,331,45.8,30,21,9,0,24.9,46,2,3,6,2,1.41,1,6.15,26.0,44,0,1,1,1.000,51,1,0,,15.0,0,0,,0,1576,909,1008,145,839
gauntlet/20261002-234853-scrim-g_iter1/replays/justinottesen.sprint1__Decision__botA.bc24,justinottesen.sprint1,1,A,g_iter1,1,586,CAPTURE,1900,1900,202,30,43,243,8,3,5,523,258,5,117,92,266,6,49.7,8,7,1,0,34.2,32,0,5,0,0,0.54,0,3.98,17.2,58,0,1,0,0.000,5,0,0,,14.8,0,0,,0,279,58,124,12,0
gauntlet/20261002-234853-scrim-g_iter1/replays/justinottesen.sprint1__Decision__botA.bc24,justinottesen.sprint1,0,B,sprint1,0,586,CAPTURE,1800,1800,202,16,7,277,5,0,5,101,46,5,9,9,6,266,39.1,5,5,0,0,40.0,31,1,7,0,0,0.63,3,0.30,5.0,365,2,5,3,0.600,173,107,0,,6.6,0,0,,0,0,0,4,0,0
gauntlet/20261002-234853-scrim-g_iter1/replays/justinottesen.sprint1__Fountain__botA.bc24,justinottesen.sprint1,1,A,g_iter1,1,634,CAPTURE,1700,2900,210,7,12,245,21,3,18,276,126,2,108,85,308,24,49.0,21,17,4,0,18.4,46,0,2,0,0,0.96,0,7.65,35.9,20,0,1,0,0.000,4,0,0,,14.8,0,0,,0,388,117,99,21,0
gauntlet/20261002-234853-scrim-g_iter1/replays/justinottesen.sprint1__Fountain__botA.bc24,justinottesen.sprint1,0,B,sprint1,0,634,CAPTURE,1300,2100,213,0,6,278,2,0,2,28,13,18,10,7,24,308,38.8,2,2,0,0,18.0,29,4,17,0,0,2.85,3,2.36,8.8,72,0,4,3,0.750,143,123,0,,7.0,0,0,,0,0,0,4,0,0
gauntlet/20261002-234853-scrim-g_iter1/replays/justinottesen.sprint1__OceanFloor__botB.bc24,justinottesen.sprint1,0,A,sprint1,0,561,CAPTURE,1300,1300,201,4,7,229,4,0,4,78,37,6,13,12,9,261,39.2,4,4,0,0,22.0,41,0,9,0,0,0.63,3,2.76,6.2,270,3,4,3,0.750,145,86,1,,6.5,0,0,,0,0,0,4,0,0
gauntlet/20261002-234853-scrim-g_iter1/replays/justinottesen.sprint1__OceanFloor__botB.bc24,justinottesen.sprint1,1,B,g_iter1,1,561,CAPTURE,1400,1400,201,39,44,220,9,3,6,352,173,4,123,113,261,9,49.6,9,9,0,0,46.8,47,0,4,0,0,1.05,0,5.23,18.0,41,0,2,0,0.000,4,0,1,,14.8,0,0,1,0,272,31,73,33,0
gauntlet/20261002-234853-scrim-g_iter1/replays/justinottesen.sprint1__StackGame__botB.bc24,justinottesen.sprint1,0,A,sprint1,0,953,CAPTURE,4600,4600,201,4,17,211,1,0,1,6,2,16,64,64,55,865,28.3,1,1,0,0,21.0,37,6,13,0,0,1.38,3,2.00,9.3,299,2,3,2,0.667,225,291,0,,6.4,0,0,,0,0,0,9,0,0
gauntlet/20261002-234853-scrim-g_iter1/replays/justinottesen.sprint1__StackGame__botB.bc24,justinottesen.sprint1,1,B,g_iter1,1,953,CAPTURE,4600,4600,201,13,3,226,19,3,16,489,231,1,301,218,865,55,48.6,19,13,6,0,15.9,43,0,1,0,0,6.67,0,14.28,20.4,1,0,,,,9,0,0,,14.9,0,0,,0,566,319,206,421,13
gauntlet/20261002-234853-scrim-g_iter1/replays/kyleezz.jeeryfix3__Intercontinental__botB.bc24,kyleezz.jeeryfix3,0,A,jeeryfix3,0,1699,CAPTURE,2400,4800,201,8,17,216,10,2,8,116,53,15,143,143,372,1148,33.6,10,5,5,0,20.9,46,4,14,0,0,1.80,3,3.59,25.2,132,2,5,3,0.600,251,173,0,0,24.9,0,0,3,1,1,0,5,0,0
gauntlet/20261002-234853-scrim-g_iter1/replays/kyleezz.jeeryfix3__Intercontinental__botB.bc24,kyleezz.jeeryfix3,1,B,g_iter1,1,1699,CAPTURE,2400,3300,201,0,22,288,18,3,15,271,127,8,257,227,1148,372,44.6,18,14,4,0,18.9,44,5,5,3,2,1.51,2,8.37,31.9,57,2,2,2,1.000,63,6,1,,14.8,0,0,1,0,1212,606,592,824,44
gauntlet/20261002-234853-scrim-g_iter1/replays/kyleezz.jeeryfix3__Fusbol__botA.bc24,kyleezz.jeeryfix3,1,A,g_iter1,1,2000,LEVEL_SUM,7200,8100,424,0,0,496,16,0,16,26,6,1,679,577,1456,286,46.4,16,12,4,0,41.0,39,0,1,4,0,0.00,0,20.88,31.7,,0,,,,7,0,1,,14.9,0,0,,0,531,81,286,11,0
gauntlet/20261002-234853-scrim-g_iter1/replays/kyleezz.jeeryfix3__Fusbol__botA.bc24,kyleezz.jeeryfix3,0,B,jeeryfix3,0,2000,LEVEL_SUM,7200,9900,202,35,24,266,1,0,1,0,0,16,251,247,286,1456,32.3,1,1,0,0,49.0,47,4,12,0,0,4.77,0,0.00,31.5,0,0,,,,80,72,1,1,24.9,0,0,44,1,0,0,59,0,0
gauntlet/20261002-234853-scrim-g_iter1/replays/kyleezz.jeeryfix3__Fusbol__botB.bc24,kyleezz.jeeryfix3,0,A,jeeryfix3,0,2000,LEVEL_SUM,7200,10500,202,28,16,238,4,1,3,98,49,21,241,235,260,1649,29.9,4,2,2,0,32.0,40,6,16,0,0,1.69,1,3.90,32.5,92,1,1,1,1.000,82,101,1,1,24.9,0,0,2,1,0,0,62,0,0
gauntlet/20261002-234853-scrim-g_iter1/replays/kyleezz.jeeryfix3__Fusbol__botB.bc24,kyleezz.jeeryfix3,1,B,g_iter1,1,2000,LEVEL_SUM,7200,7500,205,16,19,287,22,1,21,177,110,3,765,659,1649,260,46.8,22,16,6,0,41.1,35,2,2,6,1,1.16,1,12.19,30.1,67,0,1,0,0.000,13,0,1,,14.9,0,0,,0,277,19,57,21,0
gauntlet/20261002-234853-scrim-g_iter1/replays/kyleezz.jeeryfix3__BedWars__botA.bc24,kyleezz.jeeryfix3,1,A,g_iter1,1,2000,MORE_FLAG_CAPTURES,2400,2500,295,0,7,302,6,2,4,110,53,3,102,29,47,26,49.7,6,5,1,0,15.3,48,2,2,0,0,4.89,1,4.73,84.8,15,0,1,1,1.000,11,0,1,,14.7,0,0,1,0,97,18,25,122,0
gauntlet/20261002-234853-scrim-g_iter1/replays/kyleezz.jeeryfix3__BedWars__botA.bc24,kyleezz.jeeryfix3,0,B,jeeryfix3,0,2000,MORE_FLAG_CAPTURES,2400,3400,205,19,0,210,4,1,3,35,15,4,24,12,26,47,49.4,4,2,2,0,15.3,50,1,5,0,0,1.41,2,10.77,87.4,57,1,2,1,0.500,20,7,0,1,24.9,0,0,57,1,0,0,1,0,0
gauntlet/20261002-234853-scrim-g_iter1/replays/kyleezz.jeeryfix3__Klein__botB.bc24,kyleezz.jeeryfix3,0,A,jeeryfix3,0,2000,LEVEL_SUM,6300,7800,202,13,5,204,34,2,32,128,62,3,191,189,323,1354,33.5,34,13,21,0,22.1,50,1,4,2,0,2.00,2,4.23,22.6,33,0,1,1,1.000,317,233,0,0,24.9,0,0,8,1,0,0,22,0,0
gauntlet/20261002-234853-scrim-g_iter1/replays/kyleezz.jeeryfix3__Klein__botB.bc24,kyleezz.jeeryfix3,1,B,g_iter1,1,2000,LEVEL_SUM,6600,6600,204,12,15,231,5,2,3,64,31,32,479,410,1354,323,46.1,5,4,1,0,21.0,45,21,13,1,1,3.62,2,6.77,30.5,23,0,1,1,1.000,61,7,1,,14.9,0,0,1,0,1777,581,192,510,0
gauntlet/20261002-234853-scrim-g_iter1/replays/quesswho.cretplayer2_3__BigDucksBigPond__botA.bc24,quesswho.cretplayer2_3,1,A,g_iter1,1,1393,CAPTURE,5100,8800,201,26,24,316,14,3,11,659,324,31,305,291,615,272,45.2,14,13,1,0,41.7,47,25,9,0,1,1.91,2,7.98,22.4,393,1,4,2,0.500,74,30,1,,14.6,0,0,1,0,772,135,75,389,65
gauntlet/20261002-234853-scrim-g_iter1/replays/quesswho.cretplayer2_3__BigDucksBigPond__botA.bc24,quesswho.cretplayer2_3,0,B,cretplayer2_3,0,1393,CAPTURE,5100,5200,201,20,5,234,37,2,31,1247,330,11,155,153,272,615,38.9,34,9,25,0,36.0,17,1,13,0,0,0.54,3,20.12,19.3,511,3,7,3,0.429,209,211,1,1,25.0,3,0,1,1,0,0,416,0,869
gauntlet/20261002-234853-scrim-g_iter1/replays/quesswho.cretplayer2_3__Digging__botA.bc24,quesswho.cretplayer2_3,1,A,g_iter1,1,1542,CAPTURE,700,1900,240,1,1,290,6,3,3,349,171,18,290,212,1320,233,46.3,6,3,3,0,22.0,46,15,5,3,3,14.05,2,10.10,28.1,2,0,1,0,0.000,21,1,0,,14.7,0,0,,0,1090,581,546,6,0
gauntlet/20261002-234853-scrim-g_iter1/replays/quesswho.cretplayer2_3__Digging__botA.bc24,quesswho.cretplayer2_3,0,B,cretplayer2_3,0,1542,CAPTURE,700,3400,205,15,4,219,23,2,18,729,49,3,166,162,233,1320,28.9,20,5,15,0,15.1,37,3,3,0,0,1.43,3,19.48,19.8,242,1,3,3,1.000,127,135,0,0,25.0,18,0,1263,1,1,1,1232,0,131
gauntlet/20261002-234853-scrim-g_iter1/replays/winkelmantanner.waffle__Soccer__botB.bc24,winkelmantanner.waffle,0,A,waffle,0,1450,CAPTURE,3000,3200,204,19,14,240,43,2,41,257,110,9,203,202,300,933,34.3,43,14,29,0,29.5,32,5,7,2,0,1.11,3,5.04,13.6,160,2,4,3,0.750,214,168,0,,13.6,0,0,,0,67,1,1092,0,0
gauntlet/20261002-234853-scrim-g_iter1/replays/winkelmantanner.waffle__Soccer__botB.bc24,winkelmantanner.waffle,1,B,g_iter1,1,1450,CAPTURE,3000,3000,236,0,0,330,12,3,9,263,124,41,349,287,933,300,45.0,12,7,5,0,27.8,33,29,14,3,1,4.65,2,8.83,24.9,104,1,3,2,0.667,50,11,0,,14.9,0,0,,0,773,199,63,34,0
gauntlet/20261003-000048-scrim-g_iter1/losses/CyrilSharma.finalBot__AceOfSpades__botB.bc24,CyrilSharma.finalBot,0,A,finalBot,1,2000,LEVEL_SUM,1800,15600,204,20,31,226,18,2,16,192,95,17,748,726,527,506,43.8,18,8,10,0,20.8,45,6,13,2,0,1.14,2,6.68,55.7,238,0,6,1,0.167,78,13,0,,25.0,4,0,370,1,0,0,23,0,0
gauntlet/20261003-000048-scrim-g_iter1/losses/CyrilSharma.finalBot__AceOfSpades__botB.bc24,CyrilSharma.finalBot,1,B,g_iter1,0,2000,LEVEL_SUM,1800,6000,202,11,16,248,19,2,17,384,171,16,270,249,506,527,43.6,19,13,6,0,13.8,43,10,8,6,1,2.07,2,6.22,59.7,107,2,3,2,0.667,61,18,0,,15.2,0,0,,0,2905,251,357,296,344
gauntlet/20261003-000048-scrim-g_iter1/losses/ColtG5.Goob_final__MazeRunner__botA.bc24,ColtG5.Goob_final,1,A,g_iter1,0,2000,MORE_FLAG_CAPTURES,2600,4400,207,3,5,432,6,0,6,29,9,7,277,224,1016,367,45.6,6,3,3,0,27.0,29,5,3,3,0,2.97,1,8.93,29.0,42,1,1,1,1.000,84,1,0,,14.9,0,0,,0,1580,977,288,6,0
gauntlet/20261003-000048-scrim-g_iter1/losses/ColtG5.Goob_final__MazeRunner__botA.bc24,ColtG5.Goob_final,0,B,Goob_final,1,2000,MORE_FLAG_CAPTURES,2600,6200,207,24,11,245,8,1,7,70,30,6,258,237,367,1016,37.6,8,3,5,0,24.0,43,3,3,0,0,6.21,0,3.54,14.1,0,0,,,,229,37,0,0,14.9,0,0,,0,0,0,1800,0,0
gauntlet/20261003-000048-scrim-g_iter1/losses/ColtG5.Goob_final__Snake__botA.bc24,ColtG5.Goob_final,1,A,g_iter1,0,2000,MORE_FLAG_CAPTURES,13000,24800,203,30,26,235,0,0,0,0,0,21,412,382,1070,563,43.2,0,0,0,0,,45,5,17,0,0,1.33,1,0.00,32.4,136,1,2,1,0.500,112,3,0,,15.0,0,0,,0,2814,1158,318,0,0
gauntlet/20261003-000048-scrim-g_iter1/losses/ColtG5.Goob_final__Snake__botA.bc24,ColtG5.Goob_final,0,B,Goob_final,1,2000,MORE_FLAG_CAPTURES,13100,34500,207,11,15,268,22,1,21,236,109,0,670,626,563,1070,37.0,22,17,5,0,31.9,40,0,0,0,0,0.00,0,3.35,15.2,,,,,,214,32,0,0,17.6,0,0,,0,0,0,1800,0,0
gauntlet/20261003-000048-scrim-g_iter1/losses/CyrilSharma.finalBot__DefaultLarge__botA.bc24,CyrilSharma.finalBot,1,A,g_iter1,0,2000,MORE_FLAG_CAPTURES,1800,2600,202,13,6,354,1,0,1,63,31,7,228,185,519,563,43.1,1,1,0,0,15.0,43,5,4,0,0,0.93,2,1.03,51.1,199,1,2,2,1.000,30,3,1,,14.9,0,0,1,0,2557,1016,473,1,30
gauntlet/20261003-000048-scrim-g_iter1/losses/CyrilSharma.finalBot__DefaultLarge__botA.bc24,CyrilSharma.finalBot,0,B,finalBot,1,2000,MORE_FLAG_CAPTURES,1800,6500,202,31,34,254,9,2,7,254,116,1,620,604,563,519,43.7,9,4,5,0,47.4,41,0,1,0,0,0.37,0,6.36,37.5,50,0,1,0,0.000,33,0,1,,25.1,89,0,350,1,0,0,4,0,0
gauntlet/20261003-000048-scrim-g_iter1/losses/CyrilSharma.finalBot__YearOfTheDragon__botA.bc24,CyrilSharma.finalBot,1,A,g_iter1,0,670,CAPTURE,10800,10800,201,10,11,233,0,0,0,0,0,14,164,141,128,123,45.5,0,0,0,0,,44,12,5,0,0,2.27,3,0.00,54.8,161,1,3,3,1.000,10,2,1,,14.8,0,0,1,0,669,67,62,0,0
gauntlet/20261003-000048-scrim-g_iter1/losses/CyrilSharma.finalBot__YearOfTheDragon__botA.bc24,CyrilSharma.finalBot,0,B,finalBot,1,670,CAPTURE,10800,10800,201,8,28,210,17,3,14,293,129,0,305,277,123,128,45.4,17,5,12,0,19.7,41,0,0,0,0,0.00,0,6.17,42.5,,,,,,8,0,1,,25.0,2,0,454,1,0,0,8,0,0
gauntlet/20261003-000048-scrim-g_iter1/losses/CyrilSharma.finalBot__BedWars__botB.bc24,CyrilSharma.finalBot,0,A,finalBot,1,2000,MORE_FLAG_CAPTURES,2400,8200,206,24,30,239,7,2,5,100,40,0,157,144,156,340,45.9,7,5,2,0,17.4,46,0,1,0,0,0.33,1,6.72,70.3,18,1,,,,22,7,1,,25.0,3,0,323,1,0,0,4,0,0
gauntlet/20261003-000048-scrim-g_iter1/losses/CyrilSharma.finalBot__BedWars__botB.bc24,CyrilSharma.finalBot,1,B,g_iter1,0,2000,MORE_FLAG_CAPTURES,2400,2400,274,0,4,316,1,1,0,24,12,5,203,170,340,156,48.1,1,1,0,0,,48,2,5,0,0,0.90,2,7.75,60.7,73,1,2,2,1.000,14,2,1,,14.8,0,0,,0,2444,1261,907,1,0
gauntlet/20261003-000048-scrim-g_iter1/losses/Gymhgy.v10official__DefaultMedium__botB.bc24,Gymhgy.v10official,0,A,v10official,1,528,CAPTURE,2900,5000,201,38,37,262,49,3,6,789,83,5,91,73,80,41,48.1,46,4,5,37,17.7,36,1,4,0,0,1.47,0,9.69,6.4,62,0,2,0,0.000,13,5,1,,25.1,27,0,,0,0,0,1,0,0
gauntlet/20261003-000048-scrim-g_iter1/losses/Gymhgy.v10official__DefaultMedium__botB.bc24,Gymhgy.v10official,1,B,g_iter1,0,528,CAPTURE,2900,2900,201,19,20,273,5,0,5,106,49,6,54,32,41,80,46.4,5,4,1,0,26.4,44,5,4,0,0,1.96,3,4.11,34.5,112,2,1,0,0.000,12,0,1,,14.4,0,0,,0,479,281,26,190,185
gauntlet/20261003-000048-scrim-g_iter1/losses/Gymhgy.v10official__HeMustBeFreed__botB.bc24,Gymhgy.v10official,0,A,v10official,1,725,CAPTURE,5900,18300,201,29,30,255,52,3,6,852,115,3,170,137,103,42,48.6,49,5,4,40,50.7,31,0,4,0,0,0.28,1,6.46,5.4,259,1,3,1,0.333,9,2,1,,25.1,65,0,,0,0,0,1,0,0
gauntlet/20261003-000048-scrim-g_iter1/losses/Gymhgy.v10official__HeMustBeFreed__botB.bc24,Gymhgy.v10official,1,B,g_iter1,0,725,CAPTURE,2800,3300,201,4,6,425,4,1,3,285,140,6,55,33,42,103,46.6,4,4,0,0,34.3,27,4,5,0,0,0.38,3,1.80,25.7,230,3,2,1,0.500,29,1,1,,14.4,0,0,,0,602,329,66,4,206
gauntlet/20261003-000048-scrim-g_iter1/losses/IvanGeffner.kuma__Alien__botA.bc24,IvanGeffner.kuma,1,A,g_iter1,0,387,CAPTURE,3300,3300,205,0,0,0,0,0,0,0,0,4,62,55,39,64,46.2,0,0,0,0,,41,3,4,0,0,2.00,3,0.00,42.0,45,1,1,1,1.000,7,0,1,,14.6,0,0,1,0,487,31,54,0,0
gauntlet/20261003-000048-scrim-g_iter1/losses/IvanGeffner.kuma__Alien__botA.bc24,IvanGeffner.kuma,0,B,kuma,1,387,CAPTURE,3300,3300,202,25,41,211,16,3,4,91,45,0,100,83,64,39,47.5,16,4,3,9,16.0,40,0,0,0,0,0.00,0,4.91,33.4,,,,,,6,0,0,,25.1,27,0,33,1,0,0,187,0,0
gauntlet/20261003-000048-scrim-g_iter1/losses/Gymhgy.v10official__Starfish__botA.bc24,Gymhgy.v10official,1,A,g_iter1,0,601,CAPTURE,4100,4200,201,21,14,201,2,1,1,20,8,21,69,67,184,80,46.9,2,1,1,0,8.0,41,14,11,0,0,9.24,3,10.80,33.6,3,3,,,,8,7,0,,14.7,0,0,,0,942,22,81,2,0
gauntlet/20261003-000048-scrim-g_iter1/losses/Gymhgy.v10official__Starfish__botA.bc24,Gymhgy.v10official,0,B,v10official,1,601,CAPTURE,4100,4100,201,15,19,201,55,3,21,685,171,1,35,29,80,184,42.6,52,11,14,27,7.0,43,1,1,0,0,0.90,1,13.59,11.8,11,0,,,,18,15,0,,25.0,28,0,,0,0,0,1,0,0
gauntlet/20261003-000048-scrim-g_iter1/losses/Gymhgy.v10official__Diagonal__botA.bc24,Gymhgy.v10official,1,A,g_iter1,0,2000,LEVEL_SUM,5100,5100,201,16,20,268,2,0,2,33,11,0,247,173,168,198,47.6,2,2,0,0,30.0,34,0,0,0,0,0.00,0,0.88,57.7,,,,,,16,0,1,,14.5,0,0,1,0,1915,1849,1092,187,0
gauntlet/20261003-000048-scrim-g_iter1/losses/Gymhgy.v10official__Diagonal__botA.bc24,Gymhgy.v10official,0,B,v10official,1,2000,LEVEL_SUM,5100,5100,201,19,16,356,3,0,0,591,6,2,300,190,198,168,48.0,0,0,0,0,,27,0,2,0,0,1.42,0,0.00,3.6,16,0,,,,20,0,1,,25.1,321,0,,0,0,0,1,0,0
gauntlet/20261003-000048-scrim-g_iter1/losses/Gymhgy.v10official__GravitationalWaves__botA.bc24,Gymhgy.v10official,1,A,g_iter1,0,2000,MORE_FLAG_CAPTURES,3400,3400,201,22,18,544,1,0,1,9,4,27,217,146,321,119,48.5,1,1,0,0,26.0,19,4,24,0,0,4.23,1,3.67,37.4,20,1,,,,30,0,1,,14.6,0,0,1,0,2877,279,288,1,0
gauntlet/20261003-000048-scrim-g_iter1/losses/Gymhgy.v10official__GravitationalWaves__botA.bc24,Gymhgy.v10official,0,B,v10official,1,2000,MORE_FLAG_CAPTURES,3700,3700,201,22,26,209,48,1,27,702,187,1,225,143,119,321,46.1,45,24,4,17,25.3,14,0,1,3,0,8.78,0,3.14,3.4,0,0,,,,50,2,1,,25.1,71,0,,0,0,0,1,0,0
gauntlet/20261003-000048-scrim-g_iter1/losses/IvanGeffner.kuma__BigDucksBigPond__botA.bc24,IvanGeffner.kuma,1,A,g_iter1,0,2000,MORE_FLAG_CAPTURES,5100,7400,201,6,13,304,0,0,0,0,0,15,253,248,487,760,40.8,0,0,0,0,,47,8,10,0,0,1.34,2,0.00,44.2,111,2,2,2,1.000,75,13,1,,14.8,0,0,1,0,2754,517,189,0,0
gauntlet/20261003-000048-scrim-g_iter1/losses/IvanGeffner.kuma__BigDucksBigPond__botA.bc24,IvanGeffner.kuma,0,B,kuma,1,2000,MORE_FLAG_CAPTURES,5100,6600,201,36,27,248,46,2,15,195,90,0,697,639,760,487,44.1,46,10,8,28,43.1,45,0,0,0,0,0.00,0,2.76,32.6,,,,,,96,1,1,,25.0,27,0,64,1,0,0,1800,0,0
gauntlet/20261003-000048-scrim-g_iter1/losses/IvanGeffner.kuma__Capacitance__botA.bc24,IvanGeffner.kuma,1,A,g_iter1,0,1040,CAPTURE,3600,4100,201,14,10,206,0,0,0,0,0,15,137,135,196,415,40.4,0,0,0,0,,43,8,10,0,0,0.93,3,0.00,43.1,228,3,4,2,0.500,39,14,1,,15.0,0,0,1,0,1485,274,163,0,0
gauntlet/20261003-000048-scrim-g_iter1/losses/IvanGeffner.kuma__Capacitance__botA.bc24,IvanGeffner.kuma,0,B,kuma,1,1040,CAPTURE,3600,5900,201,24,27,204,44,3,15,313,147,0,346,294,415,196,45.5,44,10,8,26,11.4,43,0,0,0,0,0.00,0,2.35,29.2,,,,,,19,1,1,,25.1,36,0,32,1,0,0,840,0,0
gauntlet/20261003-000048-scrim-g_iter1/losses/IvanGeffner.kuma__StackGame__botB.bc24,IvanGeffner.kuma,0,A,kuma,1,340,CAPTURE,4600,4600,203,29,24,216,18,3,4,68,31,0,75,51,40,32,47.9,18,3,4,11,9.8,43,0,0,0,0,0.00,0,5.90,30.2,,,,,,1,0,1,,25.1,39,0,129,1,0,0,140,0,0
gauntlet/20261003-000048-scrim-g_iter1/losses/IvanGeffner.kuma__StackGame__botB.bc24,IvanGeffner.kuma,1,B,g_iter1,0,340,CAPTURE,4600,4600,202,0,0,338,0,0,0,0,0,4,68,43,32,40,47.1,0,0,0,0,,43,4,3,0,0,2.57,3,0.00,41.9,27,2,,,,1,1,0,,14.9,0,0,,0,296,14,55,0,0
gauntlet/20261003-000048-scrim-g_iter1/losses/IvanGeffner.kuma__Diagonal__botB.bc24,IvanGeffner.kuma,0,A,kuma,1,2000,LEVEL_SUM,5100,5100,201,28,33,239,0,0,0,0,0,0,372,313,279,162,48.0,0,0,0,0,,36,0,0,0,0,0.00,0,0.00,41.9,,,,,,7,0,0,,25.1,27,0,64,1,0,0,1800,0,0
gauntlet/20261003-000048-scrim-g_iter1/losses/IvanGeffner.kuma__Diagonal__botB.bc24,IvanGeffner.kuma,1,B,g_iter1,0,2000,LEVEL_SUM,5100,5100,201,11,10,448,0,0,0,0,0,0,242,149,162,279,46.6,0,0,0,0,,33,0,0,0,0,0.00,0,0.00,70.6,,,,,,15,0,1,,14.8,0,0,,0,2051,1701,1769,0,0
gauntlet/20261003-000048-scrim-g_iter1/losses/NotLLeon.v3__Decision__botB.bc24,NotLLeon.v3,0,A,v3,1,579,CAPTURE,1900,1900,203,16,22,262,24,3,14,429,197,9,75,65,67,68,47.3,24,5,12,7,26.4,25,1,9,0,0,1.30,0,6.69,9.1,153,0,6,0,0.000,23,17,0,,18.7,0,0,417,0,0,0,376,0,6
gauntlet/20261003-000048-scrim-g_iter1/losses/NotLLeon.v3__Decision__botB.bc24,NotLLeon.v3,1,B,g_iter1,0,579,CAPTURE,1900,1900,202,31,37,272,10,0,9,273,129,14,55,48,68,67,47.3,10,9,1,0,36.8,37,12,5,0,0,1.27,3,3.59,22.2,264,2,7,3,0.429,26,7,1,,14.8,0,0,1,0,264,38,40,271,2
gauntlet/20261003-000048-scrim-g_iter1/losses/NotLLeon.v3__Duck__botB.bc24,NotLLeon.v3,0,A,v3,1,875,CAPTURE,2900,2900,202,30,38,244,29,3,20,355,162,14,139,133,142,197,44.6,29,7,16,6,40.3,45,2,12,0,0,1.08,0,7.06,9.0,168,0,4,0,0.000,28,9,0,,21.7,0,0,,1,1,0,540,0,21
gauntlet/20261003-000048-scrim-g_iter1/losses/NotLLeon.v3__Duck__botB.bc24,NotLLeon.v3,1,B,g_iter1,0,875,CAPTURE,2900,2900,201,19,13,244,14,0,14,264,119,20,108,96,197,142,46.0,14,12,2,0,42.8,45,16,7,0,0,1.89,3,2.38,23.7,174,2,4,2,0.500,34,1,1,,14.6,0,0,1,0,715,332,74,186,18
gauntlet/20261003-000048-scrim-g_iter1/losses/IvanGeffner.kuma__Randy__botB.bc24,IvanGeffner.kuma,0,A,kuma,1,2000,LEVEL_SUM,3400,13000,201,13,18,207,37,0,17,45,11,0,466,401,506,288,46.5,37,16,6,15,10.2,34,0,0,4,0,0.00,0,4.58,25.3,,,,,,54,0,0,,25.1,38,0,9,1,0,0,1800,0,0
gauntlet/20261003-000048-scrim-g_iter1/losses/IvanGeffner.kuma__Randy__botB.bc24,IvanGeffner.kuma,1,B,g_iter1,0,2000,LEVEL_SUM,3400,4000,201,24,18,215,0,0,0,0,0,17,235,186,288,506,43.9,0,0,0,0,,44,6,16,0,0,5.18,0,0.00,44.5,0,0,,,,41,2,0,,15.4,0,0,,0,3357,2249,618,0,0
gauntlet/20261003-000048-scrim-g_iter1/losses/NotLLeon.v3__Foxes__botB.bc24,NotLLeon.v3,0,A,v3,1,1317,CAPTURE,7500,7500,202,24,26,252,46,3,30,438,197,14,266,250,269,343,43.6,46,18,15,13,26.8,40,7,8,1,1,1.82,1,6.51,10.2,91,0,3,1,0.333,71,20,0,,19.8,0,0,,1,0,0,1117,0,181
gauntlet/20261003-000048-scrim-g_iter1/losses/NotLLeon.v3__Foxes__botB.bc24,NotLLeon.v3,1,B,g_iter1,0,1317,CAPTURE,7500,7500,208,8,11,336,15,1,14,216,99,30,217,199,343,269,45.0,15,8,7,0,25.3,36,15,18,0,0,1.95,3,5.60,28.8,219,2,4,1,0.250,36,4,1,,14.7,0,0,1,0,1414,672,205,347,5
gauntlet/20261003-000048-scrim-g_iter1/losses/NotLLeon.v3__FloodGates__botA.bc24,NotLLeon.v3,1,A,g_iter1,0,2000,MORE_FLAG_CAPTURES,500,1700,251,0,1,417,11,1,10,133,51,10,231,206,519,407,45.0,11,8,3,0,22.2,25,9,3,0,0,4.31,2,8.02,48.0,143,2,,,,15,1,0,,14.8,0,0,,0,2446,324,531,15,64
gauntlet/20261003-000048-scrim-g_iter1/losses/NotLLeon.v3__FloodGates__botA.bc24,NotLLeon.v3,0,B,v3,1,2000,MORE_FLAG_CAPTURES,500,1700,211,10,11,539,82,2,10,410,148,10,224,214,407,519,43.7,82,3,9,70,15.7,27,3,8,1,1,1.75,1,21.04,12.0,71,1,1,1,1.000,23,14,0,,25.1,2,0,,0,0,0,1800,0,57
gauntlet/20261003-000048-scrim-g_iter1/losses/SampleProvider.TSPAARKSPRINT1__EndAround__botA.bc24,SampleProvider.TSPAARKSPRINT1,1,A,g_iter1,0,1948,CAPTURE,2200,4900,203,34,33,251,3,2,1,314,169,106,247,238,415,263,46.7,3,3,0,0,36.0,47,66,43,0,2,1.58,3,3.39,47.7,632,2,15,2,0.133,99,43,0,,14.9,0,0,,0,1861,291,66,3,0
gauntlet/20261003-000048-scrim-g_iter1/losses/SampleProvider.TSPAARKSPRINT1__EndAround__botA.bc24,SampleProvider.TSPAARKSPRINT1,0,B,TSPAARKSPRINT1,1,1948,CAPTURE,2500,5500,270,0,11,292,112,3,106,1884,934,1,123,103,263,415,44.8,109,43,66,0,23.4,41,0,3,34,2,0.44,2,7.34,17.6,262,2,2,2,1.000,121,18,0,0,21.3,0,0,,1,1,0,1666,0,0
gauntlet/20261003-000048-scrim-g_iter1/losses/NotLLeon.v3__Rainbow__botA.bc24,NotLLeon.v3,1,A,g_iter1,0,1671,CAPTURE,6000,6000,201,29,30,309,1,0,1,2,0,52,221,196,372,394,44.3,1,1,0,0,29.0,47,37,18,0,0,3.94,3,9.00,32.6,177,3,4,1,0.250,37,4,1,,14.7,0,0,1,0,1575,940,185,1,0
gauntlet/20261003-000048-scrim-g_iter1/losses/NotLLeon.v3__Rainbow__botA.bc24,NotLLeon.v3,0,B,v3,1,1671,CAPTURE,6000,6000,201,20,23,261,70,3,52,402,164,1,330,307,394,372,44.6,70,18,37,15,30.2,45,0,1,17,2,16.50,0,7.35,10.6,0,0,,,,53,0,1,,23.7,0,0,531,1,0,0,1471,0,25
gauntlet/20261003-000048-scrim-g_iter1/losses/NotLLeon.v3__Hurricane__botB.bc24,NotLLeon.v3,0,A,v3,1,2000,MORE_FLAG_CAPTURES,4500,4500,201,12,36,206,18,2,12,343,159,42,138,129,119,128,48.4,18,5,9,4,15.7,47,3,40,0,0,0.98,1,4.59,8.3,1117,1,2,1,0.500,27,11,1,,22.8,0,0,,1,0,0,1800,0,19
gauntlet/20261003-000048-scrim-g_iter1/losses/NotLLeon.v3__Hurricane__botB.bc24,NotLLeon.v3,1,B,g_iter1,0,2000,MORE_FLAG_CAPTURES,4500,4500,201,16,37,215,43,1,42,1322,692,12,248,176,128,119,48.5,43,40,3,0,16.1,44,9,5,2,1,0.75,2,3.01,53.9,278,1,4,1,0.250,42,2,1,,14.8,0,0,1,0,1838,1609,1362,242,93
gauntlet/20261003-000048-scrim-g_iter1/losses/SampleProvider.TSPAARKSPRINT1__English__botA.bc24,SampleProvider.TSPAARKSPRINT1,1,A,g_iter1,0,720,CAPTURE,10900,10900,201,40,36,255,10,2,8,348,155,11,111,70,89,31,48.9,10,7,3,0,45.3,47,7,7,0,0,0.50,3,5.51,32.2,300,3,3,3,1.000,12,5,1,,14.8,0,0,1,0,266,19,81,15,0
gauntlet/20261003-000048-scrim-g_iter1/losses/SampleProvider.TSPAARKSPRINT1__English__botA.bc24,SampleProvider.TSPAARKSPRINT1,0,B,TSPAARKSPRINT1,1,720,CAPTURE,10900,10900,201,33,24,230,17,3,11,771,256,8,41,37,31,89,46.7,14,7,7,0,27.9,31,3,7,0,0,1.07,2,14.53,15.1,241,1,2,2,1.000,50,37,1,1,19.0,0,0,477,0,0,0,520,0,0
gauntlet/20261003-000048-scrim-g_iter1/losses/SampleProvider.TSPAARKSPRINT1__WheresMyWater__botB.bc24,SampleProvider.TSPAARKSPRINT1,0,A,TSPAARKSPRINT1,1,593,CAPTURE,3000,5700,201,11,5,250,24,3,18,620,209,1,21,18,22,99,45.8,21,6,15,0,8.5,44,0,3,0,0,0.66,2,10.87,15.9,32,1,1,1,1.000,29,14,1,1,23.3,0,0,485,0,1,0,393,0,0
gauntlet/20261003-000048-scrim-g_iter1/losses/SampleProvider.TSPAARKSPRINT1__WheresMyWater__botB.bc24,SampleProvider.TSPAARKSPRINT1,1,B,g_iter1,0,593,CAPTURE,3000,4500,201,22,25,202,3,2,1,59,27,18,91,82,99,22,49.0,3,3,0,0,33.0,45,15,6,0,0,3.26,3,7.20,33.0,84,3,1,1,1.000,4,1,1,,14.7,0,0,1,0,416,160,74,16,0
gauntlet/20261003-000048-scrim-g_iter1/losses/SampleProvider.TSPAARKSPRINT1__EndAround__botB.bc24,SampleProvider.TSPAARKSPRINT1,0,A,TSPAARKSPRINT1,1,2000,MORE_FLAG_CAPTURES,2500,7000,212,0,16,296,70,2,64,1172,489,36,134,122,248,485,44.1,67,26,41,0,27.7,44,14,23,11,0,1.48,1,9.69,15.8,454,1,10,0,0.000,128,58,0,0,21.3,0,0,,1,1,0,1557,0,0
gauntlet/20261003-000048-scrim-g_iter1/losses/SampleProvider.TSPAARKSPRINT1__EndAround__botB.bc24,SampleProvider.TSPAARKSPRINT1,1,B,g_iter1,0,2000,MORE_FLAG_CAPTURES,2500,4600,202,35,42,232,37,1,36,913,450,64,237,223,485,248,47.0,37,23,14,0,23.7,47,41,26,6,0,1.83,2,2.93,45.9,295,2,6,2,0.333,74,27,0,,14.9,0,0,,0,1817,577,123,76,0
gauntlet/20261003-000048-scrim-g_iter1/losses/Strequals.duck0127v5__Canals__botA.bc24,Strequals.duck0127v5,1,A,g_iter1,0,662,CAPTURE,4600,4600,294,0,3,320,0,0,0,0,0,4,106,80,47,155,44.4,0,0,0,0,,45,2,5,0,0,1.87,3,0.00,39.4,66,0,3,3,1.000,12,3,1,,15.1,0,0,1,0,683,185,109,0,0
gauntlet/20261003-000048-scrim-g_iter1/losses/Strequals.duck0127v5__Canals__botA.bc24,Strequals.duck0127v5,0,B,duck0127v5,1,662,CAPTURE,4600,6100,203,39,38,241,7,3,4,193,95,0,248,199,155,47,48.3,7,5,2,0,29.3,45,0,0,0,0,0.00,0,12.63,30.4,,,,,,6,0,1,,24.5,0,0,,0,0,0,128,0,0
gauntlet/20261003-000048-scrim-g_iter1/losses/SampleProvider.TSPAARKSPRINT1__KingQuacksCastle__botB.bc24,SampleProvider.TSPAARKSPRINT1,0,A,TSPAARKSPRINT1,1,1354,CAPTURE,1600,8000,205,31,31,219,76,3,70,856,331,30,90,82,163,544,40.2,73,24,49,0,22.2,45,6,26,3,1,2.02,2,9.73,15.4,315,2,10,2,0.200,152,122,1,0,23.2,0,0,230,1,1,0,1154,0,0
gauntlet/20261003-000048-scrim-g_iter1/losses/SampleProvider.TSPAARKSPRINT1__KingQuacksCastle__botB.bc24,SampleProvider.TSPAARKSPRINT1,1,B,g_iter1,0,1354,CAPTURE,1600,4400,204,23,19,235,32,2,30,665,313,70,221,211,544,163,47.1,32,26,6,0,18.0,47,49,24,0,0,2.73,3,5.01,36.5,144,0,3,2,0.667,35,3,0,,14.9,0,0,,0,1428,207,63,55,0
gauntlet/20261003-000048-scrim-g_iter1/losses/Strequals.duck0127v5__Soccer__botA.bc24,Strequals.duck0127v5,1,A,g_iter1,0,731,CAPTURE,3000,3000,209,9,14,234,10,1,9,187,83,14,94,68,84,145,45.2,10,9,1,0,26.0,33,11,6,0,0,1.87,3,3.85,33.4,115,0,3,3,1.000,17,0,0,,14.9,0,0,,0,593,164,55,206,26
gauntlet/20261003-000048-scrim-g_iter1/losses/Strequals.duck0127v5__Soccer__botA.bc24,Strequals.duck0127v5,0,B,duck0127v5,1,731,CAPTURE,3000,3200,205,5,18,289,17,3,14,207,97,9,193,180,145,84,47.2,17,6,11,0,29.8,28,1,9,0,0,1.16,1,12.48,28.3,109,1,2,1,0.500,17,1,0,,24.6,0,0,,0,0,0,107,0,0
gauntlet/20261003-000048-scrim-g_iter1/losses/andli28.v9_USQuals_angle__AceOfSpades__botB.bc24,andli28.v9_USQuals_angle,0,A,v9_USQuals_angle,1,566,CAPTURE,1800,17700,202,22,16,226,20,3,17,293,138,7,195,166,122,85,46.4,20,10,10,0,15.6,39,2,6,0,0,2.46,0,2.53,13.4,33,0,1,0,0.000,26,4,0,0,24.6,0,0,,0,0,0,213,0,0
gauntlet/20261003-000048-scrim-g_iter1/losses/andli28.v9_USQuals_angle__AceOfSpades__botB.bc24,andli28.v9_USQuals_angle,1,B,g_iter1,0,566,CAPTURE,1800,3900,202,26,27,233,8,0,7,123,53,17,88,77,85,122,44.8,8,6,2,0,18.0,44,10,10,0,0,1.65,3,5.43,31.7,170,1,6,3,0.500,26,13,0,,15.2,0,0,,0,445,59,21,35,0
gauntlet/20261003-000048-scrim-g_iter1/losses/Strequals.duck0127v5__Foxes__botB.bc24,Strequals.duck0127v5,0,A,duck0127v5,1,2000,MORE_FLAG_CAPTURES,7500,7500,207,15,42,322,6,2,4,156,75,13,435,419,394,202,47.5,6,2,4,0,27.0,28,1,12,0,0,0.67,0,10.08,36.6,190,0,3,0,0.000,23,3,0,,25.0,2,0,,0,0,0,168,0,0
gauntlet/20261003-000048-scrim-g_iter1/losses/Strequals.duck0127v5__Foxes__botB.bc24,Strequals.duck0127v5,1,B,g_iter1,0,2000,MORE_FLAG_CAPTURES,7500,7500,202,21,15,224,13,0,13,280,129,4,266,192,202,394,45.2,13,12,1,0,27.8,36,4,2,0,0,1.65,2,3.32,49.4,91,1,2,2,1.000,46,1,1,,14.7,0,0,1,0,2067,1578,1351,1933,134
gauntlet/20261003-000048-scrim-g_iter1/losses/andli28.v9_USQuals_angle__Occulus__botA.bc24,andli28.v9_USQuals_angle,1,A,g_iter1,0,613,CAPTURE,1800,2100,201,15,14,225,0,0,0,0,0,9,79,68,62,140,44.7,0,0,0,0,,42,8,4,0,0,4.12,3,0.00,38.3,59,2,3,2,0.667,9,7,1,,14.8,0,0,1,0,712,298,176,0,0
gauntlet/20261003-000048-scrim-g_iter1/losses/andli28.v9_USQuals_angle__Occulus__botA.bc24,andli28.v9_USQuals_angle,0,B,v9_USQuals_angle,1,613,CAPTURE,1800,9300,201,22,16,249,12,3,9,150,70,0,174,124,140,62,47.6,12,4,8,0,19.0,42,0,0,0,0,0.00,0,7.63,15.1,,,,,,10,0,1,1,25.0,28,0,390,1,0,0,298,0,0
gauntlet/20261003-000048-scrim-g_iter1/losses/andli28.v9_USQuals_angle__QuestionableChess__botA.bc24,andli28.v9_USQuals_angle,1,A,g_iter1,0,858,CAPTURE,0,0,201,6,25,269,5,0,5,20,6,32,63,57,203,231,43.6,5,2,3,0,14.8,40,26,9,0,0,3.32,3,6.75,30.6,86,2,2,2,1.000,40,8,0,,14.8,0,0,,0,671,248,68,119,0
gauntlet/20261003-000048-scrim-g_iter1/losses/andli28.v9_USQuals_angle__QuestionableChess__botA.bc24,andli28.v9_USQuals_angle,0,B,v9_USQuals_angle,1,858,CAPTURE,0,0,202,6,10,215,35,3,32,238,97,5,143,107,231,203,44.3,35,9,26,0,15.2,38,3,2,0,0,5.75,0,3.73,14.9,0,0,,,,40,6,0,0,25.0,3,0,284,1,0,0,181,0,0
gauntlet/20261003-000048-scrim-g_iter1/losses/andli28.v9_USQuals_angle__Gated__botA.bc24,andli28.v9_USQuals_angle,1,A,g_iter1,0,1283,CAPTURE,1500,2200,202,10,12,307,2,0,2,6,2,36,135,126,235,383,42.7,2,2,0,0,22.5,36,25,14,0,0,3.53,3,1.67,32.0,122,0,4,3,0.750,66,15,0,,14.8,0,0,,0,1530,599,106,2,0
gauntlet/20261003-000048-scrim-g_iter1/losses/andli28.v9_USQuals_angle__Gated__botA.bc24,andli28.v9_USQuals_angle,0,B,v9_USQuals_angle,1,1283,CAPTURE,1500,2600,208,21,32,250,39,3,36,324,140,2,352,319,383,235,45.6,39,14,25,0,20.2,28,0,2,5,2,2.33,0,3.16,14.2,0,0,,,,63,2,0,1,25.0,3,0,,1,0,0,300,0,0
gauntlet/20261003-000048-scrim-g_iter1/losses/andli28.v9_USQuals_angle__Funnel__botB.bc24,andli28.v9_USQuals_angle,0,A,v9_USQuals_angle,1,2000,MORE_FLAG_CAPTURES,2200,4400,202,22,20,365,17,2,15,342,163,4,661,579,819,258,46.8,17,8,9,0,47.3,36,0,5,0,0,0.61,1,2.74,15.3,75,1,1,1,1.000,33,1,1,1,25.1,45,0,,0,0,0,485,0,0
gauntlet/20261003-000048-scrim-g_iter1/losses/andli28.v9_USQuals_angle__Funnel__botB.bc24,andli28.v9_USQuals_angle,1,B,g_iter1,0,2000,MORE_FLAG_CAPTURES,2200,3500,201,21,16,903,5,1,4,105,60,15,218,194,258,819,40.0,5,5,0,0,52.0,41,9,8,0,1,1.30,2,3.72,36.9,251,1,3,2,0.667,63,19,1,,14.9,0,0,1,0,2121,1106,729,9,0
gauntlet/20261003-000048-scrim-g_iter1/losses/andli28.v9_USQuals_angle__SteamboatMickey__botB.bc24,andli28.v9_USQuals_angle,0,A,v9_USQuals_angle,1,1425,CAPTURE,7300,18700,201,18,10,201,34,3,31,706,330,12,493,481,456,336,43.3,34,19,15,0,33.8,42,3,11,0,2,0.94,2,1.86,10.7,205,2,4,2,0.500,138,56,1,1,25.0,28,0,,0,0,0,319,0,0
gauntlet/20261003-000048-scrim-g_iter1/losses/andli28.v9_USQuals_angle__SteamboatMickey__botB.bc24,andli28.v9_USQuals_angle,1,B,g_iter1,0,1425,CAPTURE,7300,7900,201,22,14,201,14,2,12,289,137,31,236,223,336,456,42.2,14,11,3,0,27.8,42,15,19,0,0,0.76,3,6.55,26.4,547,2,9,3,0.333,115,29,1,,14.7,0,0,1,0,1166,404,85,18,134
gauntlet/20261003-000048-scrim-g_iter1/losses/andrewgopher.player22__StackGame__botA.bc24,andrewgopher.player22,1,A,g_iter1,0,440,CAPTURE,4600,4600,201,0,0,340,1,0,1,2,0,5,74,63,106,101,44.6,1,1,0,0,17.0,44,4,4,0,0,3.57,3,1.00,40.7,51,2,2,2,1.000,3,1,0,,14.7,0,0,,0,562,30,47,1,0
gauntlet/20261003-000048-scrim-g_iter1/losses/andrewgopher.player22__StackGame__botA.bc24,andrewgopher.player22,0,B,player22,1,440,CAPTURE,4600,4600,201,37,27,223,11,3,5,122,56,1,96,95,101,106,44.5,8,4,4,0,15.6,41,0,1,0,0,2.00,0,10.97,22.6,0,0,,,,10,2,0,0,25.0,2,0,,0,0,0,2,0,0
gauntlet/20261003-000048-scrim-g_iter1/losses/andrewgopher.player22__Divergent__botB.bc24,andrewgopher.player22,0,A,player22,1,2000,MORE_FLAG_CAPTURES,3700,3700,204,13,22,280,16,2,11,316,149,3,332,304,624,664,41.9,13,9,4,0,16.9,35,0,3,0,0,1.85,0,3.63,10.2,6,0,,,,104,25,0,0,25.1,94,0,,0,0,0,1,0,0
gauntlet/20261003-000048-scrim-g_iter1/losses/andrewgopher.player22__Divergent__botB.bc24,andrewgopher.player22,1,B,g_iter1,0,2000,MORE_FLAG_CAPTURES,3600,3600,203,0,1,538,3,0,3,34,14,11,227,218,664,624,42.5,3,3,0,0,24.0,47,4,9,0,0,1.61,2,2.09,38.5,212,1,4,2,0.500,46,7,1,,14.5,0,0,1,0,2158,915,726,1389,0
gauntlet/20261003-000048-scrim-g_iter1/losses/andrewgopher.player22__Yinyang__botB.bc24,andrewgopher.player22,0,A,player22,1,839,CAPTURE,2900,3200,201,32,36,220,21,3,15,135,56,1,146,128,281,374,39.3,18,9,9,0,18.8,50,0,2,0,0,1.00,1,10.67,19.2,25,0,1,1,1.000,48,22,1,1,25.0,21,0,,0,0,0,4,0,0
gauntlet/20261003-000048-scrim-g_iter1/losses/andrewgopher.player22__Yinyang__botB.bc24,andrewgopher.player22,1,B,g_iter1,0,839,CAPTURE,2900,3200,201,0,3,561,2,1,1,44,21,15,111,99,374,281,42.0,2,2,0,0,14.0,47,9,9,0,0,3.99,3,9.09,33.1,25,0,,,,29,15,1,,14.4,0,0,2,0,1155,79,126,2,44
gauntlet/20261003-000048-scrim-g_iter1/losses/andrewgopher.player22__Snake__botA.bc24,andrewgopher.player22,1,A,g_iter1,0,2000,MORE_FLAG_CAPTURES,13100,29600,203,23,23,399,0,0,0,0,0,4,462,444,793,725,41.2,0,0,0,0,,47,2,4,0,0,0.35,2,0.00,31.2,292,2,4,2,0.500,86,23,0,,14.7,0,0,,0,2485,851,371,0,0
gauntlet/20261003-000048-scrim-g_iter1/losses/andrewgopher.player22__Snake__botA.bc24,andrewgopher.player22,0,B,player22,1,2000,MORE_FLAG_CAPTURES,13100,32100,206,12,5,265,10,2,4,343,163,0,532,487,725,793,40.3,7,4,2,1,31.8,41,0,0,0,0,0.00,0,4.78,13.1,,,,,,183,17,0,1,25.1,57,0,,0,0,0,3,0,0
gauntlet/20261003-000048-scrim-g_iter1/losses/andrewgopher.player22__WheresMyWater__botA.bc24,andrewgopher.player22,1,A,g_iter1,0,2000,MORE_FLAG_CAPTURES,3000,3300,201,1,0,201,1,1,0,17,7,3,213,192,587,816,40.0,1,1,0,0,,44,2,3,0,0,3.94,2,8.24,38.8,6,0,,,,123,90,1,,14.7,0,0,1,0,2698,103,272,1,0
gauntlet/20261003-000048-scrim-g_iter1/losses/andrewgopher.player22__WheresMyWater__botA.bc24,andrewgopher.player22,0,B,player22,1,2000,MORE_FLAG_CAPTURES,3000,5400,201,25,27,201,8,2,3,39,17,0,379,362,816,587,42.8,5,3,2,0,16.7,44,0,1,0,0,1.65,1,8.28,12.1,3,0,,,,44,11,1,1,25.1,149,0,,0,0,0,2,0,0
gauntlet/20261003-000048-scrim-g_iter1/losses/chenyx512.flagbot_final__Bunkers__botA.bc24,chenyx512.flagbot_final,1,A,g_iter1,0,833,CAPTURE,2800,2800,201,1,0,258,5,2,3,103,48,8,101,96,68,347,40.0,5,5,0,0,21.0,47,7,4,0,0,3.06,3,2.25,38.2,79,2,3,3,1.000,24,16,1,,14.9,0,0,,0,1064,127,193,200,0
gauntlet/20261003-000048-scrim-g_iter1/losses/chenyx512.flagbot_final__Bunkers__botA.bc24,chenyx512.flagbot_final,0,B,flagbot_final,1,833,CAPTURE,2800,2800,201,26,41,216,14,3,8,722,291,3,257,189,347,68,47.9,11,4,7,0,15.5,46,0,5,0,0,0.59,2,9.14,22.7,69,1,2,2,1.000,1,0,1,1,19.8,0,0,,1,0,0,215,0,0
gauntlet/20261003-000048-scrim-g_iter1/losses/chenyx512.flagbot_final__Alligator__botA.bc24,chenyx512.flagbot_final,1,A,g_iter1,0,982,CAPTURE,3300,4500,201,11,17,256,3,0,3,12,3,26,125,121,117,417,39.7,3,1,2,0,21.7,31,18,11,0,0,5.53,3,6.17,40.6,53,1,2,2,1.000,21,8,1,,14.8,0,0,,0,1598,62,131,3,638
gauntlet/20261003-000048-scrim-g_iter1/losses/chenyx512.flagbot_final__Alligator__botA.bc24,chenyx512.flagbot_final,0,B,flagbot_final,1,982,CAPTURE,3300,8100,201,12,33,217,32,3,26,787,315,3,404,324,417,117,47.1,29,11,18,0,16.0,31,2,1,0,0,9.50,0,8.47,32.3,0,0,,,,7,0,1,1,21.7,0,0,963,1,0,0,637,0,0
gauntlet/20261003-000048-scrim-g_iter1/losses/chenyx512.flagbot_final__CH3353C4K3F4CT0RY__botB.bc24,chenyx512.flagbot_final,0,A,flagbot_final,1,1042,CAPTURE,13000,13400,206,22,28,252,24,3,18,748,308,4,547,442,412,138,46.7,21,10,11,0,20.7,38,1,3,0,0,6.52,0,7.19,27.1,0,0,1,0,0.000,6,0,0,0,19.6,0,0,919,1,0,0,645,0,0
gauntlet/20261003-000048-scrim-g_iter1/losses/chenyx512.flagbot_final__CH3353C4K3F4CT0RY__botB.bc24,chenyx512.flagbot_final,1,B,g_iter1,0,1042,CAPTURE,13000,13000,202,20,19,320,4,0,4,33,7,18,229,216,138,412,40.4,4,3,1,0,26.0,39,11,10,0,0,2.91,3,11.76,40.0,83,1,2,2,1.000,19,3,1,,14.6,0,0,1,0,1371,121,170,4,0
gauntlet/20261003-000048-scrim-g_iter1/losses/chenyx512.flagbot_final__KingQuacksCastle__botB.bc24,chenyx512.flagbot_final,0,A,flagbot_final,1,894,CAPTURE,1600,13100,204,26,26,244,14,3,8,739,287,1,388,316,456,68,48.1,11,4,7,0,20.4,46,0,1,0,0,1.46,0,8.32,24.6,3,0,,,,3,0,0,0,19.4,0,0,838,1,0,0,694,0,0
gauntlet/20261003-000048-scrim-g_iter1/losses/chenyx512.flagbot_final__KingQuacksCastle__botB.bc24,chenyx512.flagbot_final,1,B,g_iter1,0,894,CAPTURE,1600,1700,204,6,21,321,1,0,1,13,6,8,97,94,68,456,37.7,1,1,0,0,21.0,48,7,4,0,0,2.00,3,0.00,40.0,100,2,3,3,1.000,36,28,0,,14.8,0,0,,0,1040,74,241,263,0
gauntlet/20261003-000048-scrim-g_iter1/losses/chenyx512.flagbot_final__Intercontinental__botA.bc24,chenyx512.flagbot_final,1,A,g_iter1,0,1262,CAPTURE,2400,3300,201,2,9,359,12,0,12,86,39,3,103,100,158,523,39.9,12,12,0,0,22.5,44,2,4,0,0,0.45,3,3.55,32.7,135,3,3,3,1.000,79,12,1,,14.8,0,0,1,0,1249,426,329,619,33
gauntlet/20261003-000048-scrim-g_iter1/losses/chenyx512.flagbot_final__Intercontinental__botA.bc24,chenyx512.flagbot_final,0,B,flagbot_final,1,1262,CAPTURE,2400,4500,201,10,13,231,9,3,3,747,289,12,203,164,523,158,46.9,6,4,2,0,22.7,41,0,12,2,1,3.03,0,8.98,21.8,20,0,,,,18,2,1,1,23.1,0,0,1212,1,0,0,323,0,0
gauntlet/20261003-000048-scrim-g_iter1/losses/chenyx512.flagbot_final__OceanFloor__botB.bc24,chenyx512.flagbot_final,0,A,flagbot_final,1,688,CAPTURE,1400,1400,201,42,38,247,14,3,8,847,360,5,136,121,163,31,48.8,11,7,4,0,35.8,47,0,6,0,0,0.70,1,5.47,19.7,315,1,5,1,0.200,9,0,1,1,18.8,0,0,388,1,0,0,215,0,0
gauntlet/20261003-000048-scrim-g_iter1/losses/chenyx512.flagbot_final__OceanFloor__botB.bc24,chenyx512.flagbot_final,1,B,g_iter1,0,688,CAPTURE,1400,1400,201,13,18,245,6,1,5,390,192,8,69,64,31,163,44.3,6,6,0,0,37.0,46,4,7,0,0,1.21,3,4.48,29.3,161,1,4,3,0.750,37,4,1,,14.8,0,0,1,0,601,114,80,183,140
gauntlet/20261003-000048-scrim-g_iter1/losses/dmtrung14.defaultplayer_intlqualifier__StarryNight__botA.bc24,dmtrung14.defaultplayer_intlqualifier,1,A,g_iter1,0,1073,CAPTURE,13600,13700,201,21,24,204,4,1,2,252,116,4,228,162,498,27,49.4,4,3,1,0,22.0,48,4,3,0,0,2.15,3,5.69,62.4,23,3,,,,3,0,1,,15.2,0,0,1,0,168,70,65,4,0
gauntlet/20261003-000048-scrim-g_iter1/losses/dmtrung14.defaultplayer_intlqualifier__StarryNight__botA.bc24,dmtrung14.defaultplayer_intlqualifier,0,B,defaultplayer_intlqualifier,1,1073,CAPTURE,13600,13700,201,11,8,201,32,3,4,354,41,2,66,64,27,498,38.7,29,3,4,22,11.0,47,1,3,0,0,0.25,1,8.02,36.6,227,1,1,1,1.000,27,17,1,1,25.1,332,0,,0,0,0,811,0,0
gauntlet/20261003-000048-scrim-g_iter1/losses/hsmalladi.finalbot__BreadPudding__botB.bc24,hsmalladi.finalbot,0,A,finalbot,1,1130,CAPTURE,2600,3200,204,22,9,247,47,3,28,799,99,6,171,168,258,355,42.3,44,7,24,13,13.0,43,0,7,0,0,1.27,0,12.72,23.3,117,0,1,0,0.000,14,2,0,,25.0,66,0,,0,1,1,7,0,0
gauntlet/20261003-000048-scrim-g_iter1/losses/hsmalladi.finalbot__BreadPudding__botB.bc24,hsmalladi.finalbot,1,B,g_iter1,0,1130,CAPTURE,2600,2600,202,7,12,291,7,0,6,199,93,28,125,111,355,258,44.4,7,7,0,0,18.2,45,24,7,0,0,6.14,3,3.62,41.2,73,2,1,1,1.000,16,0,1,,14.8,0,0,1,0,1486,413,212,1349,22
gauntlet/20261003-000048-scrim-g_iter1/losses/clbarrell.duck8__Whirlpool__botA.bc24,clbarrell.duck8,1,A,g_iter1,0,2000,MORE_FLAG_CAPTURES,2800,2900,201,4,2,736,0,0,0,0,0,21,211,180,868,316,46.1,0,0,0,0,,44,16,6,0,0,10.28,1,0.00,36.1,0,0,,,,28,1,1,,14.9,0,0,,0,2189,1778,465,0,0
gauntlet/20261003-000048-scrim-g_iter1/losses/clbarrell.duck8__Whirlpool__botA.bc24,clbarrell.duck8,0,B,duck8,1,2000,MORE_FLAG_CAPTURES,2800,7100,201,19,30,247,22,1,21,88,32,0,279,223,316,868,39.4,22,6,16,0,15.9,33,0,0,0,0,0.00,0,7.55,38.6,,,,,,37,24,1,,13.1,0,0,2,0,1,1,9,0,0
gauntlet/20261003-000048-scrim-g_iter1/losses/hsmalladi.finalbot__HungerGames__botB.bc24,hsmalladi.finalbot,0,A,finalbot,1,960,CAPTURE,700,16100,209,24,31,236,49,3,35,832,103,6,257,250,281,267,43.3,46,16,22,8,12.5,47,1,6,0,0,0.65,1,6.34,9.0,191,1,3,1,0.333,66,32,0,,25.1,96,0,,0,0,0,8,0,0
gauntlet/20261003-000048-scrim-g_iter1/losses/hsmalladi.finalbot__HungerGames__botB.bc24,hsmalladi.finalbot,1,B,g_iter1,0,960,CAPTURE,700,6100,203,15,13,239,7,1,6,255,112,35,148,147,267,281,42.9,7,6,1,0,21.0,47,22,16,0,0,3.68,3,1.85,25.5,71,2,2,0,0.000,42,10,0,,14.8,0,0,,0,961,198,38,488,2
gauntlet/20261003-000048-scrim-g_iter1/losses/dmtrung14.defaultplayer_intlqualifier__DefaultHuge__botA.bc24,dmtrung14.defaultplayer_intlqualifier,1,A,g_iter1,0,2000,MORE_FLAG_CAPTURES,3700,3700,201,24,26,222,11,1,10,335,164,18,228,118,477,47,49.4,11,10,1,0,15.6,47,9,11,0,0,3.75,2,4.35,56.2,49,2,,,,10,1,1,,14.6,0,0,1,0,1375,1076,683,28,173
gauntlet/20261003-000048-scrim-g_iter1/losses/dmtrung14.defaultplayer_intlqualifier__DefaultHuge__botA.bc24,dmtrung14.defaultplayer_intlqualifier,0,B,defaultplayer_intlqualifier,1,2000,MORE_FLAG_CAPTURES,3700,3700,201,10,10,204,37,2,18,384,124,10,120,109,47,477,44.1,34,11,9,14,18.9,46,1,10,0,0,1.23,1,4.80,30.1,193,1,6,1,0.167,151,55,1,1,25.1,126,0,202,0,0,0,1601,0,0
gauntlet/20261003-000048-scrim-g_iter1/losses/hsmalladi.finalbot__Hurricane__botA.bc24,hsmalladi.finalbot,1,A,g_iter1,0,2000,MORE_FLAG_CAPTURES,4500,4500,201,25,14,0,0,0,0,0,0,65,225,168,196,73,49.1,0,0,0,0,,45,32,36,0,0,0.88,2,0.00,65.8,746,2,20,2,0.100,33,2,1,,14.7,0,0,1,0,2364,1100,92,0,0
gauntlet/20261003-000048-scrim-g_iter1/losses/hsmalladi.finalbot__Hurricane__botA.bc24,hsmalladi.finalbot,0,B,finalbot,1,2000,MORE_FLAG_CAPTURES,4500,4500,201,24,30,208,77,2,65,1677,614,0,226,192,73,196,47.6,74,36,32,6,17.9,47,0,0,6,0,0.00,0,1.56,46.0,,,,,,103,0,1,,25.1,70,0,,0,0,0,21,0,0
gauntlet/20261003-000048-scrim-g_iter1/losses/hsmalladi.finalbot__Puzzle__botA.bc24,hsmalladi.finalbot,1,A,g_iter1,0,564,CAPTURE,0,8800,207,5,3,226,5,1,4,205,84,6,100,84,75,63,47.3,5,3,2,0,26.5,41,5,4,0,0,1.74,3,2.43,39.2,107,1,2,2,1.000,16,2,0,,14.8,0,0,,0,341,73,59,291,0
gauntlet/20261003-000048-scrim-g_iter1/losses/hsmalladi.finalbot__Puzzle__botA.bc24,hsmalladi.finalbot,0,B,finalbot,1,564,CAPTURE,0,13600,208,18,33,267,17,3,6,778,159,4,130,110,63,75,46.7,14,4,5,5,26.5,44,2,3,0,0,0.47,1,6.81,27.6,144,1,3,1,0.333,25,3,0,,25.1,94,0,,0,0,0,18,0,0
gauntlet/20261003-000048-scrim-g_iter1/losses/jmerle.camel_case_v21_final__HungerGames__botB.bc24,jmerle.camel_case_v21_final,0,A,camel_case_v21_final,1,308,CAPTURE,700,19700,204,39,18,220,3,3,0,116,59,1,174,144,58,24,48.3,3,3,0,0,,45,0,1,0,0,2.67,0,5.88,7.0,0,0,,,,11,2,0,,23.5,0,0,,0,0,0,1,0,0
gauntlet/20261003-000048-scrim-g_iter1/losses/jmerle.camel_case_v21_final__HungerGames__botB.bc24,jmerle.camel_case_v21_final,1,B,g_iter1,0,308,CAPTURE,700,2500,203,12,2,239,1,0,1,3,1,0,45,40,24,58,45.7,1,1,0,0,14.0,47,0,3,0,0,0.52,3,0.00,56.6,88,2,3,3,1.000,6,0,0,,14.8,0,0,,0,251,1,26,48,0
gauntlet/20261003-000048-scrim-g_iter1/losses/hsmalladi.finalbot__StackGame__botA.bc24,hsmalladi.finalbot,1,A,g_iter1,0,507,CAPTURE,4600,4600,204,10,1,502,0,0,0,0,0,16,85,75,141,98,45.3,0,0,0,0,,42,15,4,0,0,6.84,3,0.00,32.2,51,1,1,0,0.000,7,1,1,,14.8,0,0,1,0,538,180,45,0,0
gauntlet/20261003-000048-scrim-g_iter1/losses/hsmalladi.finalbot__StackGame__botA.bc24,hsmalladi.finalbot,0,B,finalbot,1,507,CAPTURE,4600,4600,201,18,6,216,32,3,16,752,80,0,86,80,98,141,43.4,29,4,15,10,19.0,45,0,0,0,0,0.00,0,12.99,14.6,,,,,,13,3,0,,25.0,88,0,,0,0,0,4,0,0
gauntlet/20261003-000048-scrim-g_iter1/losses/jmerle.camel_case_v21_final__Starfish__botB.bc24,jmerle.camel_case_v21_final,0,A,camel_case_v21_final,1,480,CAPTURE,4100,4200,201,15,17,201,8,3,5,50,22,1,33,32,146,146,42.9,8,3,5,0,9.4,32,0,2,0,0,1.22,1,14.62,7.4,24,1,,,,8,3,0,,25.0,1,0,,0,0,0,2,0,0
gauntlet/20261003-000048-scrim-g_iter1/losses/jmerle.camel_case_v21_final__Starfish__botB.bc24,jmerle.camel_case_v21_final,1,B,g_iter1,0,480,CAPTURE,4100,4100,201,23,1,201,2,1,1,27,13,5,49,44,146,146,42.9,2,2,0,0,7.0,33,5,3,0,0,3.62,3,2.56,42.7,17,1,,,,21,8,0,,15.2,0,0,,0,583,0,75,2,0
gauntlet/20261003-000048-scrim-g_iter1/losses/jmerle.camel_case_v21_final__OceanFloor__botB.bc24,jmerle.camel_case_v21_final,0,A,camel_case_v21_final,1,758,CAPTURE,1400,1400,201,33,14,210,12,3,9,276,134,5,116,111,172,244,42.3,12,6,6,0,34.0,47,1,4,0,0,1.65,0,4.93,4.7,28,0,2,0,0.000,97,12,1,,23.4,0,0,,0,0,0,1,0,59
gauntlet/20261003-000048-scrim-g_iter1/losses/jmerle.camel_case_v21_final__OceanFloor__botB.bc24,jmerle.camel_case_v21_final,1,B,g_iter1,0,758,CAPTURE,1400,1400,201,11,20,209,5,0,5,83,35,9,98,82,244,172,44.5,5,4,1,0,22.0,45,6,6,0,0,1.37,3,4.81,30.4,161,1,5,2,0.400,61,3,1,,14.8,0,0,1,0,579,206,129,5,42
gauntlet/20261003-000048-scrim-g_iter1/losses/hsmalladi.finalbot__TwistedTreeline__botA.bc24,hsmalladi.finalbot,1,A,g_iter1,0,2000,MORE_FLAG_CAPTURES,2400,2400,205,9,11,248,7,1,6,163,76,72,229,218,768,550,43.3,7,7,0,0,24.3,46,45,29,0,0,0.80,2,1.72,27.0,1433,1,5,0,0.000,90,11,1,,14.7,0,0,1,0,1978,942,100,1710,1
gauntlet/20261003-000048-scrim-g_iter1/losses/hsmalladi.finalbot__TwistedTreeline__botA.bc24,hsmalladi.finalbot,0,B,finalbot,1,2000,MORE_FLAG_CAPTURES,2200,2200,203,39,26,262,79,2,72,2346,864,6,324,318,550,768,40.7,76,29,45,2,32.6,41,0,7,19,1,1.15,1,1.60,14.7,93,0,3,1,0.333,159,30,0,,25.1,60,0,,0,1,1,6,0,0
gauntlet/20261003-000048-scrim-g_iter1/losses/jmerle.camel_case_v21_final__GravitationalWaves__botB.bc24,jmerle.camel_case_v21_final,0,A,camel_case_v21_final,1,2000,MORE_FLAG_CAPTURES,3700,3700,201,28,31,202,6,1,5,97,46,2,141,110,415,596,42.7,6,3,3,0,22.2,18,0,2,0,0,5.80,0,5.02,3.2,0,0,,,,124,68,1,,22.4,0,0,,0,0,0,1,0,0
gauntlet/20261003-000048-scrim-g_iter1/losses/jmerle.camel_case_v21_final__GravitationalWaves__botB.bc24,jmerle.camel_case_v21_final,1,B,g_iter1,0,2000,MORE_FLAG_CAPTURES,3400,3400,201,15,24,206,2,0,2,5,1,5,218,142,596,415,45.0,2,2,0,0,26.0,15,3,3,0,0,3.63,1,1.40,40.5,10,0,1,1,1.000,35,2,1,,14.8,0,0,1,0,2060,160,542,2,3
gauntlet/20261003-000048-scrim-g_iter1/losses/jmerle.camel_case_v21_final__Hurricane__botA.bc24,jmerle.camel_case_v21_final,1,A,g_iter1,0,1542,CAPTURE,4500,4500,201,9,4,203,12,1,11,221,103,38,180,143,462,308,45.1,12,12,0,0,14.2,45,14,27,0,0,1.33,3,4.16,36.7,488,3,7,3,0.429,52,7,1,,14.6,0,0,1,0,1650,487,104,471,325
gauntlet/20261003-000048-scrim-g_iter1/losses/jmerle.camel_case_v21_final__Hurricane__botA.bc24,jmerle.camel_case_v21_final,0,B,camel_case_v21_final,1,1542,CAPTURE,4500,4500,201,19,19,210,41,3,38,777,358,11,249,249,308,462,42.7,41,27,14,0,22.1,49,0,12,2,3,1.09,1,6.15,3.1,149,1,3,1,0.333,182,16,1,,23.3,0,0,,0,0,0,1,0,500
gauntlet/20261003-000048-scrim-g_iter1/losses/kyleezz.jeeryfix3__Skyline__botA.bc24,kyleezz.jeeryfix3,1,A,g_iter1,0,384,CAPTURE,21600,21600,204,10,7,242,1,0,1,9,4,6,215,177,117,40,47.6,1,1,0,0,11.0,46,3,6,0,0,1.11,3,0.00,33.1,70,1,3,3,1.000,8,2,1,,14.7,0,0,1,0,283,107,79,4,0
gauntlet/20261003-000048-scrim-g_iter1/losses/kyleezz.jeeryfix3__Skyline__botA.bc24,kyleezz.jeeryfix3,0,B,jeeryfix3,1,384,CAPTURE,21600,21600,201,9,21,246,9,3,6,107,53,1,155,108,40,117,43.1,9,6,3,0,17.5,49,0,1,0,0,1.67,0,7.24,27.1,6,0,,,,26,2,0,0,24.9,0,0,14,1,0,0,2,0,0
gauntlet/20261003-000048-scrim-g_iter1/losses/quesswho.cretplayer2_3__Battlefield__botB.bc24,quesswho.cretplayer2_3,0,A,cretplayer2_3,1,384,CAPTURE,3700,3700,202,9,2,202,15,3,9,805,102,2,56,53,66,104,42.7,12,4,8,0,5.9,30,0,2,0,0,6.60,0,14.13,25.1,0,0,,,,12,14,1,1,25.0,1,0,4,0,0,0,183,0,89
gauntlet/20261003-000048-scrim-g_iter1/losses/quesswho.cretplayer2_3__Battlefield__botB.bc24,quesswho.cretplayer2_3,1,B,g_iter1,0,384,CAPTURE,3700,3700,202,14,19,216,2,0,2,5,1,9,74,49,104,66,45.8,2,2,0,0,8.5,39,8,4,0,0,3.75,3,11.00,32.8,68,1,2,1,0.500,8,9,1,,14.4,0,0,1,0,462,84,21,2,0
gauntlet/20261003-000048-scrim-g_iter1/losses/kyleezz.jeeryfix3__OceanFloor__botA.bc24,kyleezz.jeeryfix3,1,A,g_iter1,0,647,CAPTURE,1400,1400,201,7,34,337,3,1,1,226,111,5,120,55,226,93,46.6,3,3,0,0,26.0,45,5,3,0,0,0.90,3,6.33,21.1,147,1,3,1,0.333,31,3,1,,14.8,0,0,1,0,153,54,58,3,13
gauntlet/20261003-000048-scrim-g_iter1/losses/kyleezz.jeeryfix3__OceanFloor__botA.bc24,kyleezz.jeeryfix3,0,B,jeeryfix3,1,647,CAPTURE,1300,1300,201,18,21,225,8,3,5,212,102,1,59,56,93,226,41.6,8,3,5,0,19.2,49,0,3,0,0,0.27,1,8.52,10.8,197,0,1,1,1.000,78,49,1,1,24.9,0,0,13,1,0,0,2,0,0
gauntlet/20261003-000048-scrim-g_iter1/losses/jonters.bling3__Randy__botB.bc24,jonters.bling3,0,A,bling3,1,2000,MORE_FLAG_CAPTURES,3400,13200,201,8,16,207,6,2,4,189,92,17,153,138,286,571,42.8,6,5,1,0,11.0,31,2,15,0,0,9.80,0,14.68,4.9,0,0,,,,22,11,0,0,25.0,6,0,,0,0,0,4,0,0
gauntlet/20261003-000048-scrim-g_iter1/losses/jonters.bling3__Randy__botB.bc24,jonters.bling3,1,B,g_iter1,0,2000,MORE_FLAG_CAPTURES,3400,3400,201,14,15,204,17,0,17,30,6,4,264,224,571,286,46.5,17,15,2,0,10.6,42,1,5,0,0,2.47,2,5.63,38.7,102,1,1,1,1.000,44,2,1,,15.3,0,0,1,0,2374,1396,1087,1099,0
gauntlet/20261003-000048-scrim-g_iter1/losses/kyleezz.jeeryfix3__Digging__botB.bc24,kyleezz.jeeryfix3,0,A,jeeryfix3,1,2000,MORE_FLAG_CAPTURES,700,1800,208,28,25,215,2,1,1,25,12,2,223,220,410,1537,31.3,2,1,1,0,14.0,47,0,2,0,0,1.13,0,11.32,7.3,3,0,,,,35,8,0,0,24.9,0,0,5,1,0,0,1,0,0
gauntlet/20261003-000048-scrim-g_iter1/losses/kyleezz.jeeryfix3__Digging__botB.bc24,kyleezz.jeeryfix3,1,B,g_iter1,0,2000,MORE_FLAG_CAPTURES,700,1900,205,0,3,293,2,0,2,8,3,1,225,198,1537,410,45.0,2,2,0,0,28.0,45,1,1,0,0,5.44,1,0.50,28.5,12,0,,,,22,0,0,,14.8,0,0,,0,1750,1262,1722,1385,0
gauntlet/20261003-000048-scrim-g_iter1/losses/kyleezz.jeeryfix3__CH3353C4K3F4CT0RY__botB.bc24,kyleezz.jeeryfix3,0,A,jeeryfix3,1,2000,MORE_FLAG_CAPTURES,13000,13400,203,13,16,236,28,2,26,140,71,1,440,412,444,1390,33.1,28,14,14,0,23.7,42,0,2,7,0,1.28,1,6.36,10.8,22,0,1,1,1.000,171,44,0,0,24.9,0,0,7,1,1,1,2,0,0
gauntlet/20261003-000048-scrim-g_iter1/losses/kyleezz.jeeryfix3__CH3353C4K3F4CT0RY__botB.bc24,kyleezz.jeeryfix3,1,B,g_iter1,0,2000,MORE_FLAG_CAPTURES,13000,13000,203,15,16,250,2,1,1,54,25,26,379,338,1390,444,44.6,2,2,0,0,19.0,41,14,14,0,1,4.09,2,10.87,26.6,52,1,2,2,1.000,51,2,0,,14.9,0,0,,0,1922,1164,282,1375,0
gauntlet/20261003-000048-scrim-g_iter1/losses/kyleezz.jeeryfix3__Hurricane__botB.bc24,kyleezz.jeeryfix3,0,A,jeeryfix3,1,2000,MORE_FLAG_CAPTURES,4500,4500,201,26,27,206,17,2,15,267,127,14,160,120,98,296,46.4,17,9,8,0,19.2,48,0,14,0,1,1.63,0,4.15,40.3,174,0,3,0,0.000,89,11,1,1,24.9,0,0,16,1,1,0,1,0,0
gauntlet/20261003-000048-scrim-g_iter1/losses/kyleezz.jeeryfix3__Hurricane__botB.bc24,kyleezz.jeeryfix3,1,B,g_iter1,0,2000,MORE_FLAG_CAPTURES,4500,4500,201,25,42,206,14,0,14,243,112,15,256,156,296,98,48.8,14,14,0,0,12.2,47,8,9,0,0,1.48,2,2.47,59.4,155,1,4,2,0.500,38,2,1,,14.7,0,0,1,0,1975,1579,723,1681,984
gauntlet/20261003-000048-scrim-g_iter1/losses/quesswho.cretplayer2_3__KingQuacksCastle__botB.bc24,quesswho.cretplayer2_3,0,A,cretplayer2_3,1,666,CAPTURE,1600,12700,205,23,24,216,31,3,25,969,200,5,146,138,181,221,41.2,28,4,24,0,20.2,41,0,6,0,0,1.50,1,16.88,17.9,85,1,2,1,0.500,24,21,0,0,25.0,10,0,35,1,0,0,264,0,394
gauntlet/20261003-000048-scrim-g_iter1/losses/quesswho.cretplayer2_3__KingQuacksCastle__botB.bc24,quesswho.cretplayer2_3,1,B,g_iter1,0,666,CAPTURE,1600,2100,205,5,3,374,6,1,5,118,56,25,88,68,221,181,43.4,6,6,0,0,23.8,48,24,4,0,0,5.24,3,5.53,30.5,92,1,5,3,0.600,25,12,0,,14.4,0,0,,0,486,49,46,128,2
gauntlet/20261003-000048-scrim-g_iter1/losses/quesswho.cretplayer2_3__Tunnels__botB.bc24,quesswho.cretplayer2_3,0,A,cretplayer2_3,1,775,CAPTURE,2400,3000,205,0,0,304,26,3,20,785,95,11,78,71,125,290,40.3,23,6,17,0,12.8,27,2,9,0,0,5.18,0,17.48,25.9,23,0,1,0,0.000,44,32,0,1,25.0,8,0,570,1,0,0,360,0,395
gauntlet/20261003-000048-scrim-g_iter1/losses/quesswho.cretplayer2_3__Tunnels__botB.bc24,quesswho.cretplayer2_3,1,B,g_iter1,0,775,CAPTURE,2400,3600,204,18,19,243,11,0,11,117,52,20,104,93,290,125,46.1,11,9,2,0,13.5,33,17,6,0,0,6.09,3,6.59,37.5,65,1,1,1,1.000,21,9,0,,14.4,0,0,,0,797,333,259,11,9
gauntlet/20261003-000048-scrim-g_iter1/losses/winkelmantanner.waffle__Islands__botA.bc24,winkelmantanner.waffle,1,A,g_iter1,0,599,CAPTURE,5800,5800,204,11,15,330,2,0,2,4,0,19,99,84,183,87,46.4,2,2,0,0,18.0,47,15,7,0,0,2.79,3,2.50,30.5,107,1,3,2,0.667,18,4,1,,14.6,0,0,1,0,577,117,77,2,0
gauntlet/20261003-000048-scrim-g_iter1/losses/winkelmantanner.waffle__Islands__botA.bc24,winkelmantanner.waffle,0,B,waffle,1,599,CAPTURE,5800,5800,201,30,23,210,22,3,19,228,101,2,121,102,87,183,42.7,22,7,15,0,17.0,41,0,2,0,0,3.50,0,6.17,13.3,0,0,,,,40,15,1,,11.0,0,0,,0,36,14,399,0,0
gauntlet/20261003-000048-scrim-g_iter1/losses/winkelmantanner.waffle__Skyline__botA.bc24,winkelmantanner.waffle,1,A,g_iter1,0,416,CAPTURE,21600,21600,204,18,9,222,1,0,1,1,0,8,216,158,94,77,45.7,1,1,0,0,14.0,43,6,5,0,0,1.74,3,3.00,48.4,88,0,1,1,1.000,20,2,1,,14.6,0,0,1,0,347,24,33,1,0
gauntlet/20261003-000048-scrim-g_iter1/losses/winkelmantanner.waffle__Skyline__botA.bc24,winkelmantanner.waffle,0,B,waffle,1,416,CAPTURE,21600,21600,201,29,14,237,11,3,8,195,95,1,257,230,77,94,44.6,11,5,6,0,13.6,35,0,1,0,0,3.00,0,4.26,23.2,0,0,,,,28,7,0,,8.8,0,0,,0,7,0,216,0,0
gauntlet/20261003-000048-scrim-g_iter1/losses/winkelmantanner.waffle__StackGame__botB.bc24,winkelmantanner.waffle,0,A,waffle,1,381,CAPTURE,4600,4600,203,20,11,207,17,3,14,144,64,0,85,75,43,115,42.7,17,4,13,0,15.6,29,0,0,0,0,0.00,0,6.40,17.8,,,,,,19,5,0,,9.3,0,0,,0,8,8,181,0,0
gauntlet/20261003-000048-scrim-g_iter1/losses/winkelmantanner.waffle__StackGame__botB.bc24,winkelmantanner.waffle,1,B,g_iter1,0,381,CAPTURE,4600,4600,202,7,8,284,0,0,0,0,0,14,69,55,115,43,47.3,0,0,0,0,,46,13,4,0,0,4.64,3,0.00,35.4,47,1,2,2,1.000,3,3,0,,14.9,0,0,,0,439,58,26,0,0
gauntlet/20261003-000048-scrim-g_iter1/replays/ColtG5.Goob_final__BigDucksBigPond__botB.bc24,ColtG5.Goob_final,0,A,Goob_final,0,2000,MORE_FLAG_CAPTURES,5000,8200,201,40,11,240,4,1,3,63,31,6,268,267,473,1465,32.2,4,2,2,0,38.3,46,5,3,0,0,1.04,2,6.30,17.1,240,1,3,2,0.667,167,116,1,1,17.8,0,0,,0,0,0,1221,0,0
gauntlet/20261003-000048-scrim-g_iter1/replays/ColtG5.Goob_final__BigDucksBigPond__botB.bc24,ColtG5.Goob_final,1,B,g_iter1,1,2000,MORE_FLAG_CAPTURES,5100,5700,201,0,8,351,8,2,6,318,188,3,568,476,1465,473,44.2,8,3,5,0,37.7,46,2,2,5,2,2.13,1,10.49,21.6,46,1,1,1,1.000,75,4,1,,14.6,0,0,1,0,444,160,144,11,14
gauntlet/20261003-000048-scrim-g_iter1/losses/winkelmantanner.waffle__Whirlpool__botB.bc24,winkelmantanner.waffle,0,A,waffle,1,2000,MORE_FLAG_CAPTURES,2800,7200,201,20,23,211,33,2,31,162,66,0,264,248,418,931,38.7,33,10,23,0,17.2,36,0,0,0,0,0.00,0,6.14,11.9,,,,,,73,34,1,,13.7,0,0,,0,17,17,1800,0,0
gauntlet/20261003-000048-scrim-g_iter1/losses/winkelmantanner.waffle__Whirlpool__botB.bc24,winkelmantanner.waffle,1,B,g_iter1,0,2000,MORE_FLAG_CAPTURES,2800,2800,201,24,15,705,0,0,0,0,0,31,212,200,931,418,44.9,0,0,0,0,,46,23,10,0,0,6.09,2,0.00,30.9,35,0,1,1,1.000,29,5,1,,14.8,0,0,,0,2631,1375,390,0,0
gauntlet/20261003-000048-scrim-g_iter1/replays/ColtG5.Goob_final__DefaultLarge__botA.bc24,ColtG5.Goob_final,1,A,g_iter1,1,2000,MORE_FLAG_CAPTURES,1800,3300,232,14,17,264,6,1,4,199,109,4,537,443,1484,444,44.6,6,4,2,0,45.3,43,1,3,2,1,5.94,0,8.20,22.1,0,0,,,,63,3,1,,14.9,0,0,1,0,716,386,123,6,0
gauntlet/20261003-000048-scrim-g_iter1/replays/ColtG5.Goob_final__DefaultLarge__botA.bc24,ColtG5.Goob_final,0,B,Goob_final,0,2000,MORE_FLAG_CAPTURES,1800,5800,202,37,10,235,4,0,4,17,7,4,271,267,444,1484,31.9,4,3,1,0,42.5,43,2,4,0,0,0.91,1,4.53,17.3,140,0,1,1,1.000,291,208,1,1,18.9,0,0,,0,0,0,1477,0,0
gauntlet/20261003-000048-scrim-g_iter1/replays/ColtG5.Goob_final__Tunnels__botA.bc24,ColtG5.Goob_final,1,A,g_iter1,1,2000,LEVEL_SUM,2400,3000,233,0,0,233,0,0,0,0,0,10,210,187,788,325,46.0,0,0,0,0,,33,4,6,0,0,3.14,0,0.00,49.5,45,0,1,0,0.000,7,0,0,,14.9,0,0,,0,2225,1683,870,0,0
gauntlet/20261003-000048-scrim-g_iter1/replays/ColtG5.Goob_final__Tunnels__botA.bc24,ColtG5.Goob_final,0,B,Goob_final,0,2000,LEVEL_SUM,2400,3600,204,12,11,207,10,0,10,97,42,0,225,202,325,788,40.4,10,6,4,0,13.6,32,0,0,0,0,0.00,0,4.25,16.4,,,,,,46,13,0,0,17.7,0,0,,0,0,0,1800,0,0
gauntlet/20261003-000048-scrim-g_iter1/replays/ColtG5.Goob_final__OceanFloor__botA.bc24,ColtG5.Goob_final,1,A,g_iter1,1,2000,LEVEL_SUM,1400,1400,201,14,28,233,5,2,3,203,97,21,362,325,1140,420,44.9,5,3,2,0,23.3,47,11,12,1,0,1.44,2,5.31,24.1,173,1,7,2,0.286,123,12,1,,14.6,0,0,1,0,1404,515,174,5,284
gauntlet/20261003-000048-scrim-g_iter1/replays/ColtG5.Goob_final__OceanFloor__botA.bc24,ColtG5.Goob_final,0,B,Goob_final,0,2000,LEVEL_SUM,1400,1400,201,25,15,209,23,2,21,349,168,3,277,271,420,1140,36.2,23,12,11,0,33.4,47,2,3,3,0,1.10,2,2.92,9.9,141,1,3,1,0.333,276,115,1,1,19.6,0,0,,0,0,0,964,0,0
gauntlet/20261003-000048-scrim-g_iter1/replays/CyrilSharma.finalBot__Fusbol__botA.bc24,CyrilSharma.finalBot,1,A,g_iter1,1,2000,LEVEL_SUM,7200,16200,202,29,26,223,0,0,0,0,0,0,459,407,603,341,45.8,0,0,0,0,,39,0,0,0,0,0.00,0,0.00,43.4,,,,,,25,1,1,,14.9,0,0,,0,220,28,126,0,0
gauntlet/20261003-000048-scrim-g_iter1/replays/CyrilSharma.finalBot__Fusbol__botA.bc24,CyrilSharma.finalBot,0,B,finalBot,0,2000,LEVEL_SUM,1800,1800,221,2,11,603,0,0,0,0,0,0,290,277,341,603,40.7,0,0,0,0,,6,0,0,0,0,0.00,0,0.00,47.4,,,,,,34,2,1,,25.1,28,0,,0,0,0,33,0,0
gauntlet/20261003-000048-scrim-g_iter1/replays/CyrilSharma.finalBot__QuestionableChess__botB.bc24,CyrilSharma.finalBot,0,A,finalBot,0,2000,MORE_FLAG_CAPTURES,0,0,201,10,14,205,1,1,0,34,17,2,130,130,188,317,46.1,1,1,0,0,,36,1,3,0,0,1.00,2,5.68,57.7,34,1,1,1,1.000,34,14,0,,25.0,2,0,225,1,0,0,13,0,0
gauntlet/20261003-000048-scrim-g_iter1/replays/CyrilSharma.finalBot__QuestionableChess__botB.bc24,CyrilSharma.finalBot,1,B,g_iter1,1,2000,MORE_FLAG_CAPTURES,0,0,202,12,11,350,4,2,2,73,34,0,204,55,317,188,47.7,4,3,1,0,16.5,40,0,1,0,1,0.18,1,3.73,48.4,28,1,1,1,1.000,15,0,0,,14.8,0,0,,0,505,344,232,4,0
gauntlet/20261003-000048-scrim-g_iter1/replays/SampleProvider.TSPAARKSPRINT1__Swoop__botA.bc24,SampleProvider.TSPAARKSPRINT1,1,A,g_iter1,1,696,CAPTURE,4300,4300,201,38,36,217,31,3,28,487,231,19,105,98,116,49,48.3,31,23,8,0,21.8,47,6,14,0,0,2.57,0,6.50,35.3,37,0,1,0,0.000,13,0,1,,14.6,0,0,1,0,562,63,62,38,24
gauntlet/20261003-000048-scrim-g_iter1/replays/SampleProvider.TSPAARKSPRINT1__Swoop__botA.bc24,SampleProvider.TSPAARKSPRINT1,0,B,TSPAARKSPRINT1,0,696,CAPTURE,4300,4300,201,21,11,213,23,0,19,536,132,28,36,29,49,116,45.8,20,14,6,0,27.0,40,8,23,0,0,3.27,3,4.17,14.8,139,1,3,1,0.333,41,13,0,1,21.7,0,0,,1,1,0,18,0,0
gauntlet/20261003-000048-scrim-g_iter1/replays/Gymhgy.v10official__Starfish__botB.bc24,Gymhgy.v10official,0,A,v10official,0,1483,CAPTURE,3900,4100,201,16,14,201,15,2,5,607,260,5,119,118,312,626,39.7,12,5,2,5,8.2,40,1,7,0,0,2.83,3,7.56,8.1,44,1,3,3,1.000,30,16,0,,25.1,58,0,,0,0,0,5,0,0
gauntlet/20261003-000048-scrim-g_iter1/replays/Gymhgy.v10official__Starfish__botB.bc24,Gymhgy.v10official,1,B,g_iter1,1,1483,CAPTURE,4100,4100,201,19,14,201,8,3,5,151,74,5,166,148,626,312,44.9,8,7,1,0,8.0,37,2,5,0,1,5.31,2,8.34,34.6,8,2,,,,47,24,0,,14.4,0,0,,0,2371,178,245,8,0
gauntlet/20261003-000048-scrim-g_iter1/replays/Strequals.duck0127v5__Skyline__botB.bc24,Strequals.duck0127v5,0,A,duck0127v5,0,2000,LEVEL_SUM,21600,21600,208,8,11,317,9,2,7,76,36,15,351,314,594,446,44.6,9,5,4,0,18.3,41,2,15,0,0,1.76,2,10.62,39.4,75,1,2,1,0.500,27,3,0,,22.2,0,0,,0,0,0,121,0,0
gauntlet/20261003-000048-scrim-g_iter1/replays/Strequals.duck0127v5__Skyline__botB.bc24,Strequals.duck0127v5,1,B,g_iter1,1,2000,LEVEL_SUM,21600,21600,201,25,22,230,17,2,15,181,77,7,379,347,446,594,42.8,17,15,2,0,16.3,47,4,5,0,2,2.32,2,2.66,45.3,45,1,2,2,1.000,59,29,1,,14.6,0,0,1,0,2951,104,1398,105,180
gauntlet/20261003-000048-scrim-g_iter1/replays/andrewgopher.player22__Fountain__botA.bc24,andrewgopher.player22,1,A,g_iter1,1,2000,LEVEL_SUM,1700,2700,209,15,20,235,6,2,4,168,81,5,218,198,769,470,44.3,6,6,0,0,21.5,46,4,3,0,0,1.54,2,8.18,32.6,63,2,2,2,1.000,58,8,0,,14.7,0,0,,0,2392,933,794,6,37
gauntlet/20261003-000048-scrim-g_iter1/replays/andrewgopher.player22__Fountain__botA.bc24,andrewgopher.player22,0,B,player22,0,2000,LEVEL_SUM,1700,2700,207,8,5,215,17,2,5,121,52,4,176,171,470,769,40.6,14,3,4,7,12.8,47,0,6,0,0,1.38,2,6.94,13.2,78,1,3,2,0.667,93,38,0,0,25.1,45,0,,0,0,0,5,0,0
gauntlet/20261003-000048-scrim-g_iter1/replays/Strequals.duck0127v5__Divergent__botA.bc24,Strequals.duck0127v5,1,A,g_iter1,1,2000,LEVEL_SUM,3700,4300,203,33,33,222,28,0,28,205,80,10,249,204,242,337,45.9,28,25,3,0,24.5,45,2,8,0,0,1.11,0,5.98,37.1,79,0,2,0,0.000,39,3,1,,14.6,0,0,1,0,1671,876,355,545,0
gauntlet/20261003-000048-scrim-g_iter1/replays/Strequals.duck0127v5__Divergent__botA.bc24,Strequals.duck0127v5,0,B,duck0127v5,0,2000,LEVEL_SUM,3000,3000,204,5,5,262,10,0,10,160,100,28,406,333,337,242,47.1,10,8,2,0,28.3,21,3,25,2,0,2.80,0,1.66,31.8,45,0,1,0,0.000,86,15,0,,23.3,0,0,,0,0,0,196,0,0
gauntlet/20261003-000048-scrim-g_iter1/replays/awu7.ExplosiveBot__Alligator__botA.bc24,awu7.ExplosiveBot,1,A,g_iter1,1,1011,CAPTURE,3300,6300,201,19,28,207,15,3,12,312,144,3,298,231,631,106,47.5,15,11,4,0,16.8,33,1,2,0,0,1.86,0,10.71,27.6,0,0,,,,14,1,1,,14.8,0,0,,0,326,163,100,15,0
gauntlet/20261003-000048-scrim-g_iter1/replays/awu7.ExplosiveBot__Alligator__botA.bc24,awu7.ExplosiveBot,0,B,ExplosiveBot,0,1011,CAPTURE,3300,5700,201,5,7,234,4,0,3,14,5,12,106,98,106,631,35.0,4,2,1,1,17.0,26,4,11,0,0,2.24,3,1.21,16.0,159,1,5,3,0.600,126,125,0,1,21.4,0,0,7,1,0,0,461,0,0
gauntlet/20261003-000048-scrim-g_iter1/replays/awu7.ExplosiveBot__Canals__botA.bc24,awu7.ExplosiveBot,1,A,g_iter1,1,1217,CAPTURE,4600,4600,217,0,1,392,18,3,15,343,161,10,317,236,906,140,47.2,18,11,7,0,26.1,47,4,6,0,1,8.44,0,8.69,19.6,2,0,,,,22,0,1,,15.1,0,0,1,0,507,312,124,18,2
gauntlet/20261003-000048-scrim-g_iter1/replays/awu7.ExplosiveBot__Canals__botA.bc24,awu7.ExplosiveBot,0,B,ExplosiveBot,0,1217,CAPTURE,4600,4900,202,10,22,213,15,0,10,34,11,15,94,84,140,906,32.2,15,6,4,5,24.8,39,7,11,0,0,2.33,3,1.79,17.0,163,1,3,3,1.000,235,200,1,1,21.3,0,0,1,1,1,0,810,0,0
gauntlet/20261003-000048-scrim-g_iter1/replays/awu7.ExplosiveBot__GaltonBoard__botA.bc24,awu7.ExplosiveBot,1,A,g_iter1,1,1028,CAPTURE,0,100,201,15,16,227,14,3,11,380,159,0,337,184,912,76,48.2,14,9,5,0,17.5,38,0,0,0,0,0.00,0,17.44,29.0,,,,,,1,0,1,,14.6,0,0,1,0,185,109,104,14,29
gauntlet/20261003-000048-scrim-g_iter1/replays/awu7.ExplosiveBot__GaltonBoard__botA.bc24,awu7.ExplosiveBot,0,B,ExplosiveBot,0,1028,CAPTURE,0,0,203,0,0,227,0,0,0,0,0,11,57,57,76,912,28.8,0,0,0,0,,24,5,9,0,0,2.59,3,0.00,16.5,165,1,4,3,0.750,347,385,1,0,22.5,0,0,6,1,1,0,638,0,0
gauntlet/20261003-000048-scrim-g_iter1/replays/awu7.ExplosiveBot__Capacitance__botB.bc24,awu7.ExplosiveBot,0,A,ExplosiveBot,0,1848,CAPTURE,3600,4600,201,18,13,206,94,1,46,567,240,7,131,110,173,1299,32.9,94,26,21,47,11.7,37,2,8,7,1,1.75,3,1.61,13.9,132,1,4,2,0.500,558,441,1,1,21.9,0,0,4,1,2,0,1446,0,0
gauntlet/20261003-000048-scrim-g_iter1/replays/awu7.ExplosiveBot__Capacitance__botB.bc24,awu7.ExplosiveBot,1,B,g_iter1,1,1848,CAPTURE,3600,5400,201,24,21,217,10,3,7,257,138,46,376,347,1299,173,47.7,10,8,2,0,15.3,46,21,26,2,2,1.88,1,5.95,26.7,298,1,2,0,0.000,58,1,1,,15.0,0,0,1,0,1808,1223,241,10,1060
gauntlet/20261003-000048-scrim-g_iter1/replays/awu7.ExplosiveBot__Joker__botB.bc24,awu7.ExplosiveBot,0,A,ExplosiveBot,0,891,CAPTURE,14500,15500,203,17,3,230,20,0,16,43,9,11,151,124,119,435,38.2,20,7,10,3,23.8,28,2,12,0,0,1.49,3,2.07,16.8,208,3,4,3,0.750,158,99,1,1,22.1,0,0,14,1,0,0,465,0,0
gauntlet/20261003-000048-scrim-g_iter1/replays/awu7.ExplosiveBot__Joker__botB.bc24,awu7.ExplosiveBot,1,B,g_iter1,1,891,CAPTURE,14500,24300,202,31,32,227,14,3,11,327,156,16,435,326,435,119,46.7,14,12,2,0,24.5,37,10,7,0,0,4.19,0,8.87,21.9,0,0,,,,29,2,1,,14.7,0,0,1,0,248,35,30,18,0
gauntlet/20261003-000048-scrim-g_iter1/replays/awu7.ExplosiveBot__Klein__botB.bc24,awu7.ExplosiveBot,0,A,ExplosiveBot,0,2000,MORE_FLAG_CAPTURES,6600,6600,204,1,0,209,24,1,10,56,16,21,105,93,221,1596,30.6,24,9,2,13,15.1,35,7,17,1,1,1.15,2,3.75,19.5,608,1,7,1,0.143,719,636,0,1,21.8,0,0,12,1,3,0,742,0,0
gauntlet/20261003-000048-scrim-g_iter1/replays/awu7.ExplosiveBot__Klein__botB.bc24,awu7.ExplosiveBot,1,B,g_iter1,1,2000,MORE_FLAG_CAPTURES,6300,6300,202,23,26,248,24,2,21,956,535,10,648,576,1596,221,47.3,24,17,7,0,23.6,47,2,9,1,0,1.32,1,6.98,22.2,21,1,,,,64,2,1,,15.0,0,0,1,0,1057,495,240,54,0
gauntlet/20261003-000048-scrim-g_iter1/replays/clbarrell.duck8__Fountain__botA.bc24,clbarrell.duck8,1,A,g_iter1,1,1498,CAPTURE,1700,2700,209,15,8,214,8,3,5,274,134,39,143,131,754,292,45.3,8,6,2,0,20.2,45,31,10,0,2,5.05,2,7.30,24.6,20,0,,,,59,2,0,,14.8,0,0,,0,1891,711,187,207,25
gauntlet/20261003-000048-scrim-g_iter1/replays/clbarrell.duck8__Fountain__botA.bc24,clbarrell.duck8,0,B,duck8,0,1498,CAPTURE,1700,2700,208,19,12,221,41,2,39,178,65,5,157,139,292,754,37.9,41,10,31,0,20.7,39,2,6,2,0,0.97,3,8.86,31.7,183,3,4,3,0.750,101,68,0,,13.5,0,0,,1,2,1,51,0,0
gauntlet/20261003-000048-scrim-g_iter1/replays/clbarrell.duck8__Hockey__botB.bc24,clbarrell.duck8,0,A,duck8,0,1287,CAPTURE,3300,3600,205,10,26,313,27,0,27,69,20,2,162,158,190,853,34.1,27,4,23,0,24.6,32,1,4,0,0,0.44,3,5.16,33.5,321,3,3,3,1.000,176,181,1,,13.8,0,0,2,0,0,0,13,0,0
gauntlet/20261003-000048-scrim-g_iter1/replays/clbarrell.duck8__Hockey__botB.bc24,clbarrell.duck8,1,B,g_iter1,1,1287,CAPTURE,3300,3300,223,15,0,268,5,3,2,372,179,27,345,239,853,190,46.4,5,4,1,0,28.5,33,23,4,0,2,13.26,0,8.53,24.6,0,0,,,,16,0,1,,14.9,0,0,1,0,426,222,44,4,0
gauntlet/20261003-000048-scrim-g_iter1/replays/clbarrell.duck8__Islands__botB.bc24,clbarrell.duck8,0,A,duck8,0,924,CAPTURE,5800,5800,201,18,24,211,24,2,21,122,46,0,140,114,156,359,40.7,24,8,16,0,16.1,46,0,3,0,0,0.33,3,7.84,30.1,329,1,3,3,1.000,68,32,1,,12.5,0,0,2,0,0,0,8,0,0
gauntlet/20261003-000048-scrim-g_iter1/replays/clbarrell.duck8__Islands__botB.bc24,clbarrell.duck8,1,B,g_iter1,1,924,CAPTURE,5800,5800,201,7,1,222,3,3,0,385,186,21,158,125,359,156,45.9,3,3,0,0,,47,16,8,0,0,4.47,2,6.14,26.9,39,0,1,1,1.000,27,4,1,,14.8,0,0,1,0,742,265,123,3,0
gauntlet/20261003-000048-scrim-g_iter1/replays/clbarrell.duck8__Diagonal__botB.bc24,clbarrell.duck8,0,A,duck8,0,2000,LEVEL_SUM,5100,5100,201,40,20,260,9,1,8,96,39,12,305,238,272,671,41.8,9,1,8,0,31.8,38,6,7,0,0,1.32,1,9.42,30.9,428,0,7,1,0.143,51,43,1,,14.3,0,0,2,0,0,0,19,0,0
gauntlet/20261003-000048-scrim-g_iter1/replays/clbarrell.duck8__Diagonal__botB.bc24,clbarrell.duck8,1,B,g_iter1,1,2000,LEVEL_SUM,5100,5100,201,14,15,268,13,1,12,635,234,8,279,194,671,272,46.7,13,7,6,0,15.4,34,8,1,4,1,5.27,1,6.33,44.6,45,0,1,0,0.000,27,0,1,,14.8,0,0,,0,1675,1344,922,459,836
gauntlet/20261003-000048-scrim-g_iter1/replays/clbarrell.duck8__Mountain__botB.bc24,clbarrell.duck8,0,A,duck8,0,1990,CAPTURE,4100,5900,205,17,15,206,12,1,11,34,6,3,246,226,361,1194,35.4,12,2,10,0,6.7,44,3,3,0,0,1.19,3,8.71,30.6,148,2,3,2,0.667,150,110,0,,13.0,0,0,,1,0,0,110,0,0
gauntlet/20261003-000048-scrim-g_iter1/replays/clbarrell.duck8__Mountain__botB.bc24,clbarrell.duck8,1,B,g_iter1,1,1990,CAPTURE,4100,5300,201,2,2,287,6,3,3,224,148,11,354,291,1194,361,45.6,6,3,3,0,11.3,47,10,2,3,3,18.06,1,8.87,36.2,0,0,,,,36,2,1,,14.9,0,0,1,0,1414,1026,783,5,0
gauntlet/20261003-000048-scrim-g_iter1/replays/dmtrung14.defaultplayer_intlqualifier__Klein__botA.bc24,dmtrung14.defaultplayer_intlqualifier,1,A,g_iter1,1,2000,LEVEL_SUM,6600,6600,202,5,4,201,0,0,0,0,0,5,247,21,296,5,49.9,0,0,0,0,,48,3,2,0,0,2.92,0,0.00,54.2,15,0,,,,1,0,1,,14.9,0,0,1,0,1869,1725,1465,0,0
gauntlet/20261003-000048-scrim-g_iter1/replays/dmtrung14.defaultplayer_intlqualifier__Klein__botA.bc24,dmtrung14.defaultplayer_intlqualifier,0,B,defaultplayer_intlqualifier,0,2000,LEVEL_SUM,6000,8000,202,8,12,228,52,0,5,359,84,0,54,25,5,296,46.3,49,2,3,44,11.4,45,0,0,0,0,0.00,0,5.63,42.1,,,,,,12,2,0,,25.1,185,0,,0,0,0,1800,0,0
gauntlet/20261003-000048-scrim-g_iter1/replays/dmtrung14.defaultplayer_intlqualifier__OceanFloor__botB.bc24,dmtrung14.defaultplayer_intlqualifier,0,A,defaultplayer_intlqualifier,0,838,CAPTURE,1200,1400,201,20,13,211,44,2,12,562,204,4,42,42,15,523,34.7,41,8,7,26,20.4,45,2,5,0,0,0.41,3,5.02,14.8,521,3,7,3,0.429,368,338,1,1,25.1,177,0,238,1,0,0,376,0,0
gauntlet/20261003-000048-scrim-g_iter1/replays/dmtrung14.defaultplayer_intlqualifier__OceanFloor__botB.bc24,dmtrung14.defaultplayer_intlqualifier,1,B,g_iter1,1,838,CAPTURE,1400,1400,201,40,42,257,7,3,4,633,311,12,191,117,523,15,49.5,7,5,2,0,27.3,47,7,8,0,0,1.13,2,6.82,20.8,162,2,1,0,0.000,11,0,1,,14.8,0,0,1,0,242,65,38,11,0
gauntlet/20261003-000048-scrim-g_iter1/replays/dmtrung14.defaultplayer_intlqualifier__Foxes__botB.bc24,dmtrung14.defaultplayer_intlqualifier,0,A,defaultplayer_intlqualifier,0,2000,LEVEL_SUM,7500,7500,205,8,23,229,14,1,5,374,68,10,102,96,36,232,47.1,11,4,2,5,25.0,33,5,6,0,0,0.81,1,4.43,47.6,462,0,6,1,0.167,78,36,0,0,25.1,264,0,,0,0,0,1600,0,0
gauntlet/20261003-000048-scrim-g_iter1/replays/dmtrung14.defaultplayer_intlqualifier__Foxes__botB.bc24,dmtrung14.defaultplayer_intlqualifier,1,B,g_iter1,1,2000,LEVEL_SUM,7500,7500,213,18,23,278,11,1,10,646,309,5,217,112,232,36,49.5,11,6,5,0,29.5,40,2,4,0,0,1.65,1,2.64,64.6,55,1,1,0,0.000,16,0,0,,14.9,0,0,,0,1989,1613,1061,1608,1501
gauntlet/20261003-000048-scrim-g_iter1/replays/dmtrung14.defaultplayer_intlqualifier__GaltonBoard__botB.bc24,dmtrung14.defaultplayer_intlqualifier,0,A,defaultplayer_intlqualifier,0,2000,LEVEL_SUM,0,0,201,19,20,209,34,2,1,332,11,15,81,79,117,1580,30.8,31,2,1,28,14.0,35,2,15,0,0,1.77,2,18.58,29.7,228,0,2,2,1.000,154,157,0,0,25.1,2745,0,,1,0,0,474,0,0
gauntlet/20261003-000048-scrim-g_iter1/replays/dmtrung14.defaultplayer_intlqualifier__GaltonBoard__botB.bc24,dmtrung14.defaultplayer_intlqualifier,1,B,g_iter1,1,2000,LEVEL_SUM,0,400,207,3,5,238,17,2,15,743,353,1,294,233,1580,117,48.6,17,15,2,0,15.5,37,1,2,1,1,5.97,2,5.80,60.2,14,2,,,,8,2,1,,14.6,0,0,1,0,3151,412,775,22,0
gauntlet/20261003-000048-scrim-g_iter1/replays/jonters.bling3__Alien__botA.bc24,jonters.bling3,1,A,g_iter1,1,1849,CAPTURE,3300,3300,202,8,6,222,25,3,22,228,124,10,296,232,958,321,45.8,25,21,4,0,14.3,40,4,7,3,3,3.79,1,5.11,26.0,14,1,,,,45,5,0,,14.8,0,0,,0,2995,1309,589,597,807
gauntlet/20261003-000048-scrim-g_iter1/replays/jonters.bling3__Alien__botA.bc24,jonters.bling3,0,B,bling3,0,1849,CAPTURE,3300,3300,202,20,34,215,11,1,10,80,34,22,153,151,321,958,37.0,11,7,4,0,12.3,36,4,21,0,0,2.22,3,8.60,5.2,82,2,2,2,1.000,57,56,0,0,24.1,0,0,,1,0,0,4,0,0
gauntlet/20261003-000048-scrim-g_iter1/replays/jonters.bling3__DefaultHuge__botB.bc24,jonters.bling3,0,A,bling3,0,1829,CAPTURE,3700,3700,201,22,19,217,2,1,1,44,21,11,114,95,190,555,42.3,2,2,0,0,24.0,34,3,11,0,1,1.46,3,2.68,4.7,145,2,1,1,1.000,36,13,1,1,23.2,0,0,,0,0,0,3,0,0
gauntlet/20261003-000048-scrim-g_iter1/replays/jonters.bling3__DefaultHuge__botB.bc24,jonters.bling3,1,B,g_iter1,1,1829,CAPTURE,3700,3700,201,17,23,225,14,3,11,232,115,1,239,196,555,190,47.5,14,11,3,0,16.1,47,0,2,2,1,0.82,1,6.99,25.0,40,1,1,1,1.000,39,2,1,,14.6,0,0,1,0,1939,1084,935,60,58
gauntlet/20261003-000048-scrim-g_iter1/replays/jonters.bling3__Snake__botA.bc24,jonters.bling3,1,A,g_iter1,1,419,CAPTURE,13100,31700,203,36,23,219,5,3,2,346,172,3,307,168,84,34,47.9,5,3,2,0,33.5,47,2,1,0,0,9.58,0,4.41,21.6,0,0,,,,5,0,0,,15.0,0,0,,0,160,41,77,5,0
gauntlet/20261003-000048-scrim-g_iter1/replays/jonters.bling3__Snake__botA.bc24,jonters.bling3,0,B,bling3,0,419,CAPTURE,13100,26000,207,36,28,258,3,0,3,12,4,2,90,39,34,84,45.0,3,1,2,0,36.3,34,2,3,0,0,0.10,3,11.50,17.9,322,3,3,3,1.000,20,12,0,0,22.7,0,0,,0,0,0,5,0,0
gauntlet/20261003-000048-scrim-g_iter1/replays/justinottesen.sprint1__Battlecode24__botB.bc24,justinottesen.sprint1,0,A,sprint1,0,944,CAPTURE,10800,15200,206,6,5,278,2,0,2,4,0,9,87,85,84,532,36.4,2,2,0,0,29.5,17,5,7,0,0,0.49,3,1.00,10.5,447,2,4,3,0.750,237,159,0,,6.7,0,0,,0,0,0,6,0,0
gauntlet/20261003-000048-scrim-g_iter1/replays/justinottesen.sprint1__Battlecode24__botB.bc24,justinottesen.sprint1,1,B,g_iter1,1,944,CAPTURE,12400,24700,202,34,36,214,12,3,9,580,279,2,481,385,532,84,47.8,12,7,5,0,28.8,26,0,2,0,0,1.00,0,2.69,23.8,0,0,,,,12,1,1,,14.9,0,0,1,0,445,138,84,12,20
gauntlet/20261003-000048-scrim-g_iter1/replays/justinottesen.sprint1__GaltonBoard__botB.bc24,justinottesen.sprint1,0,A,sprint1,0,1151,CAPTURE,0,21600,201,10,14,287,1,0,1,2,0,2,183,179,133,927,30.8,1,1,0,0,15.0,35,2,3,0,0,0.49,3,8.50,5.5,187,2,3,3,1.000,215,228,0,,6.1,0,0,,0,0,0,4,0,0
gauntlet/20261003-000048-scrim-g_iter1/replays/justinottesen.sprint1__GaltonBoard__botB.bc24,justinottesen.sprint1,1,B,g_iter1,1,1151,CAPTURE,0,3500,202,0,0,209,5,3,2,253,112,1,243,180,927,133,47.1,5,3,2,0,14.5,37,0,1,0,0,20.50,0,15.33,26.2,0,0,,,,8,1,1,,14.6,0,0,1,0,1024,579,533,5,0
gauntlet/20261003-000048-scrim-g_iter1/replays/jonters.bling3__Hockey__botB.bc24,jonters.bling3,0,A,bling3,0,1209,CAPTURE,3300,3600,221,2,0,490,0,0,0,0,0,18,69,68,145,541,38.9,0,0,0,0,,32,9,12,0,0,1.01,3,0.00,5.6,337,2,4,2,0.500,45,37,1,1,23.5,0,0,1,0,0,0,7,0,0
gauntlet/20261003-000048-scrim-g_iter1/replays/jonters.bling3__Hockey__botB.bc24,jonters.bling3,1,B,g_iter1,1,1209,CAPTURE,3300,3300,211,2,4,302,21,3,18,448,214,0,246,161,541,145,47.2,21,12,9,0,20.9,36,0,0,0,1,0.00,0,8.16,21.5,,,,,,15,1,1,,14.9,0,0,1,0,312,239,258,598,70
gauntlet/20261003-000048-scrim-g_iter1/replays/jonters.bling3__Whirlpool__botB.bc24,jonters.bling3,0,A,bling3,0,2000,MORE_FLAG_CAPTURES,2800,5600,201,20,15,256,5,1,4,70,32,2,121,118,247,782,39.9,5,2,3,0,13.3,40,0,4,0,0,0.13,2,14.26,4.9,122,2,2,2,1.000,21,7,1,1,25.0,2,0,,1,0,0,4,0,0
gauntlet/20261003-000048-scrim-g_iter1/replays/jonters.bling3__Whirlpool__botB.bc24,jonters.bling3,1,B,g_iter1,1,2000,MORE_FLAG_CAPTURES,2800,4400,201,21,18,470,4,2,2,130,64,4,237,207,782,247,47.0,4,4,0,0,20.5,45,3,2,0,0,2.93,1,4.63,36.9,26,0,1,1,1.000,18,0,1,,14.8,0,0,,0,2043,1727,1288,4,5
gauntlet/20261003-000048-scrim-g_iter1/replays/justinottesen.sprint1__Hurricane__botB.bc24,justinottesen.sprint1,0,A,sprint1,0,824,CAPTURE,3900,3900,201,17,12,208,11,0,11,110,50,8,21,20,18,483,36.0,11,8,3,0,20.0,40,2,9,0,0,0.61,3,1.68,8.5,457,3,8,3,0.375,248,163,1,,6.6,0,0,,0,0,0,4,0,0
gauntlet/20261003-000048-scrim-g_iter1/replays/justinottesen.sprint1__Hurricane__botB.bc24,justinottesen.sprint1,1,B,g_iter1,1,824,CAPTURE,4500,4500,201,27,39,211,11,3,8,662,326,11,223,208,483,18,49.4,11,9,2,0,14.1,47,3,8,0,0,1.29,0,2.61,22.2,36,0,2,0,0.000,7,0,1,,14.6,0,0,1,0,658,139,146,22,101
gauntlet/20261003-000048-scrim-g_iter1/replays/justinottesen.sprint1__Rivers__botB.bc24,justinottesen.sprint1,0,A,sprint1,0,512,CAPTURE,1500,2100,202,1,0,448,0,0,0,0,0,7,28,26,27,289,36.6,0,0,0,0,,30,1,9,0,0,1.00,3,0.00,6.4,187,2,4,3,0.750,43,59,1,,5.7,0,0,,0,0,0,4,0,0
gauntlet/20261003-000048-scrim-g_iter1/replays/justinottesen.sprint1__Rivers__botB.bc24,justinottesen.sprint1,1,B,g_iter1,1,512,CAPTURE,1500,2100,218,5,22,278,10,3,7,279,135,0,114,52,289,27,48.7,10,9,1,0,19.6,36,0,0,0,0,0.00,0,7.49,27.0,,,,,,2,0,1,,14.8,0,0,,0,31,6,43,77,0
gauntlet/20261003-000048-scrim-g_iter1/replays/justinottesen.sprint1__StarryNight__botA.bc24,justinottesen.sprint1,1,A,g_iter1,1,725,CAPTURE,13600,13600,201,9,9,216,5,3,2,169,77,2,234,183,450,64,47.8,5,3,2,0,14.5,46,0,2,0,0,11.00,0,13.45,23.2,0,0,,,,6,0,1,,15.3,0,0,1,0,595,232,157,5,0
gauntlet/20261003-000048-scrim-g_iter1/replays/justinottesen.sprint1__StarryNight__botA.bc24,justinottesen.sprint1,0,B,sprint1,0,725,CAPTURE,13600,17600,201,9,7,208,2,0,2,1,0,2,98,94,64,450,35.3,2,2,0,0,19.0,41,2,3,0,0,0.82,3,1.00,9.2,127,1,1,1,1.000,122,118,1,,6.9,0,0,,0,0,0,2,0,0
gauntlet/20261003-000048-scrim-g_iter1/replays/justinottesen.sprint1__Joker__botA.bc24,justinottesen.sprint1,1,A,g_iter1,1,753,CAPTURE,14500,22000,202,27,25,216,12,3,9,386,190,0,353,287,386,113,46.3,12,10,2,0,23.3,41,0,0,0,0,0.00,0,5.47,19.7,,,,,,27,1,1,,14.7,0,0,1,0,265,106,141,131,17
gauntlet/20261003-000048-scrim-g_iter1/replays/justinottesen.sprint1__Joker__botA.bc24,justinottesen.sprint1,0,B,sprint1,0,753,CAPTURE,14500,17900,204,2,1,255,0,0,0,0,0,9,136,121,113,386,37.8,0,0,0,0,,25,2,10,0,0,0.84,3,0.00,8.2,243,3,4,3,0.750,171,98,0,,6.4,0,0,,0,0,0,7,0,0
gauntlet/20261003-000048-scrim-g_iter1/replays/quesswho.cretplayer2_3__OceanFloor__botA.bc24,quesswho.cretplayer2_3,1,A,g_iter1,1,576,CAPTURE,1400,1400,201,30,33,377,5,3,2,399,194,2,71,25,61,29,48.7,5,4,1,0,50.5,45,2,1,0,0,0.33,0,4.06,19.1,285,0,,,,12,2,1,,14.6,0,0,1,0,112,33,44,5,0
gauntlet/20261003-000048-scrim-g_iter1/replays/quesswho.cretplayer2_3__OceanFloor__botA.bc24,quesswho.cretplayer2_3,0,B,cretplayer2_3,0,576,CAPTURE,1400,1400,201,24,15,221,6,0,2,926,209,2,56,48,29,61,46.6,3,1,2,0,32.0,27,1,4,0,0,0.12,3,22.45,29.6,356,3,4,3,0.750,37,25,0,0,23.6,0,0,8,1,0,0,221,0,355
gauntlet/20261003-000048-scrim-g_iter1/replays/winkelmantanner.waffle__Gauntlet__botB.bc24,winkelmantanner.waffle,0,A,waffle,0,709,CAPTURE,2100,3500,205,37,29,237,61,0,60,384,166,3,105,103,87,290,40.3,61,12,49,0,23.0,22,1,5,0,0,0.63,3,5.46,11.2,181,3,3,3,1.000,109,85,0,,11.8,0,0,,0,6,0,435,0,1
gauntlet/20261003-000048-scrim-g_iter1/replays/winkelmantanner.waffle__Gauntlet__botB.bc24,winkelmantanner.waffle,1,B,g_iter1,1,709,CAPTURE,2100,2100,205,5,12,399,6,3,3,218,108,60,98,81,290,87,46.9,6,5,1,0,26.7,38,49,12,0,0,3.63,0,4.38,27.0,137,0,4,0,0.000,16,10,0,,14.9,0,0,,0,459,20,20,5,0
gauntlet/20261003-000048-scrim-g_iter1/replays/quesswho.cretplayer2_3__Capacitance__botA.bc24,quesswho.cretplayer2_3,1,A,g_iter1,1,2000,MORE_FLAG_CAPTURES,3600,4900,201,24,13,201,11,1,10,199,82,10,434,382,1367,208,47.5,11,8,3,0,10.1,45,7,3,3,0,14.43,0,9.38,44.5,0,0,,,,49,1,1,,14.7,0,0,1,0,1864,1273,893,11,814
gauntlet/20261003-000048-scrim-g_iter1/replays/quesswho.cretplayer2_3__Capacitance__botA.bc24,quesswho.cretplayer2_3,0,B,cretplayer2_3,0,2000,MORE_FLAG_CAPTURES,3600,4900,201,25,20,207,13,0,10,618,12,10,243,216,208,1367,33.1,10,3,7,0,6.3,31,3,8,0,0,2.69,1,10.62,21.7,65,0,5,1,0.200,292,413,0,1,25.0,2,0,1,1,0,0,1199,0,463
gauntlet/20261003-000048-scrim-g_iter1/replays/kyleezz.jeeryfix3__YearOfTheDragon__botB.bc24,kyleezz.jeeryfix3,0,A,jeeryfix3,0,2000,MORE_FLAG_CAPTURES,10800,10800,201,26,23,224,7,1,6,36,18,6,344,340,368,1377,33.2,7,3,4,0,22.3,49,5,3,1,0,2.44,2,3.83,23.1,82,1,2,2,1.000,261,212,1,1,24.9,0,0,10,1,1,0,9,0,0
gauntlet/20261003-000048-scrim-g_iter1/replays/kyleezz.jeeryfix3__YearOfTheDragon__botB.bc24,kyleezz.jeeryfix3,1,B,g_iter1,1,2000,MORE_FLAG_CAPTURES,10800,10800,201,16,3,245,8,2,6,133,63,6,582,485,1377,368,45.5,8,3,5,0,21.0,45,4,3,4,2,2.69,1,7.23,33.2,21,0,1,1,1.000,63,7,1,,14.9,0,0,1,0,1227,483,266,6,0
gauntlet/20261003-000048-scrim-g_iter1/replays/quesswho.cretplayer2_3__Canals__botA.bc24,quesswho.cretplayer2_3,1,A,g_iter1,1,1902,CAPTURE,4600,4600,279,0,2,535,38,3,35,583,300,42,529,451,1346,455,44.1,38,26,12,0,25.9,47,37,7,10,2,6.76,2,7.98,27.8,79,0,4,0,0.000,67,4,1,,14.7,0,0,1,0,774,368,193,170,12
gauntlet/20261003-000048-scrim-g_iter1/replays/quesswho.cretplayer2_3__Canals__botA.bc24,quesswho.cretplayer2_3,0,B,cretplayer2_3,0,1902,CAPTURE,4600,5600,205,20,1,231,47,2,42,998,260,35,213,209,455,1346,32.6,44,7,37,0,15.2,40,12,26,3,0,2.49,3,17.20,19.7,267,3,11,3,0.273,311,334,1,1,25.0,15,0,1,1,4,0,955,0,1446
gauntlet/20261003-000048-scrim-g_iter1/replays/winkelmantanner.waffle__BedWars__botA.bc24,winkelmantanner.waffle,1,A,g_iter1,1,779,CAPTURE,2400,2800,296,0,1,415,6,3,3,112,54,14,53,44,143,71,47.8,6,6,0,0,14.3,48,9,6,0,0,1.79,1,3.69,26.3,48,1,2,1,0.500,20,3,1,,14.8,0,0,1,0,572,440,285,6,0
gauntlet/20261003-000048-scrim-g_iter1/replays/winkelmantanner.waffle__BedWars__botA.bc24,winkelmantanner.waffle,0,B,waffle,0,779,CAPTURE,2400,4900,207,3,3,569,15,1,14,94,41,3,38,38,71,143,45.6,15,6,9,0,13.9,44,0,6,0,0,0.69,3,3.70,9.1,80,2,3,3,1.000,54,17,1,,9.9,0,0,,0,2,0,542,0,0
