file,opp,us,team,name,won,rounds,wintype,gathered200,gathered400,firstEnemySide,inEnemy250,inEnemy300,firstFlagSight,pickups,captured,carrierDeaths,carrierRounds,carrierMoves,enemyCarrierKills,trapsBuilt,trapsHit,kills,deaths,meanAlive
gauntlet/20261001-011402-scrim-g_iter1/losses/ColtG5.Goob_final__Ambush__botA.bc24,ColtG5.Goob_final,1,A,g_iter1,0,2000,MORE_FLAG_CAPTURES,2300,2300,201,14,20,201,5,1,4,86,36,7,249,229,1264,480,44.1
gauntlet/20261001-011402-scrim-g_iter1/losses/ColtG5.Goob_final__Ambush__botA.bc24,ColtG5.Goob_final,0,B,Goob_final,1,2000,MORE_FLAG_CAPTURES,2300,6800,201,19,26,201,9,2,7,104,48,4,341,322,480,1264,34.6
gauntlet/20261001-011402-scrim-g_iter1/losses/ColtG5.Goob_final__EvilGrin__botA.bc24,ColtG5.Goob_final,1,A,g_iter1,0,2000,MORE_FLAG_CAPTURES,2000,3400,206,13,7,240,0,0,0,0,0,17,227,216,1335,489,44.1
gauntlet/20261001-011402-scrim-g_iter1/losses/ColtG5.Goob_final__EvilGrin__botA.bc24,ColtG5.Goob_final,0,B,Goob_final,1,2000,MORE_FLAG_CAPTURES,2000,7400,204,29,18,226,18,1,17,122,50,0,347,317,489,1335,33.7
gauntlet/20261001-011402-scrim-g_iter1/losses/ColtG5.Goob_final__Gated__botA.bc24,ColtG5.Goob_final,1,A,g_iter1,0,2000,MORE_FLAG_CAPTURES,1500,1600,265,0,3,414,0,0,0,0,0,37,210,196,1122,479,44.2
gauntlet/20261001-011402-scrim-g_iter1/losses/ColtG5.Goob_final__Gated__botA.bc24,ColtG5.Goob_final,0,B,Goob_final,1,2000,MORE_FLAG_CAPTURES,1500,3200,205,41,21,229,38,1,37,281,119,0,261,241,479,1122,36.3
gauntlet/20261001-011402-scrim-g_iter1/losses/CyrilSharma.finalBot__Bunkers__botA.bc24,CyrilSharma.finalBot,1,A,g_iter1,0,470,CAPTURE,2800,2800,201,15,7,264,1,0,1,7,2,2,60,48,82,72,46.3
gauntlet/20261001-011402-scrim-g_iter1/losses/CyrilSharma.finalBot__Bunkers__botA.bc24,CyrilSharma.finalBot,0,B,finalBot,1,470,CAPTURE,2800,2800,201,24,24,213,5,3,2,147,71,1,126,114,72,82,45.9
gauntlet/20261001-011402-scrim-g_iter1/losses/CyrilSharma.finalBot__Decision__botB.bc24,CyrilSharma.finalBot,0,A,finalBot,1,1023,CAPTURE,1100,1400,202,33,37,265,13,3,10,409,197,6,168,138,140,118,47.2
gauntlet/20261001-011402-scrim-g_iter1/losses/CyrilSharma.finalBot__Decision__botB.bc24,CyrilSharma.finalBot,1,B,g_iter1,0,1023,CAPTURE,1900,2200,202,19,23,230,7,1,6,359,172,10,104,82,118,140,46.7
gauntlet/20261001-011402-scrim-g_iter1/losses/ColtG5.Goob_final__Joker__botB.bc24,ColtG5.Goob_final,0,A,Goob_final,1,2000,MORE_FLAG_CAPTURES,14500,21800,201,12,11,230,10,2,8,126,57,0,444,396,413,1090,36.7
gauntlet/20261001-011402-scrim-g_iter1/losses/ColtG5.Goob_final__Joker__botB.bc24,ColtG5.Goob_final,1,B,g_iter1,0,2000,MORE_FLAG_CAPTURES,14500,20200,204,12,26,282,0,0,0,0,0,8,430,395,1090,413,44.9
gauntlet/20261001-011402-scrim-g_iter1/losses/CyrilSharma.finalBot__EvilGrin__botB.bc24,CyrilSharma.finalBot,0,A,finalBot,1,1381,CAPTURE,2000,7400,204,33,30,236,27,3,24,345,156,2,483,483,443,400,43.0
gauntlet/20261001-011402-scrim-g_iter1/losses/CyrilSharma.finalBot__EvilGrin__botB.bc24,CyrilSharma.finalBot,1,B,g_iter1,0,1381,CAPTURE,2000,2200,206,8,8,237,3,1,2,77,37,24,150,133,400,443,42.1
gauntlet/20261001-011402-scrim-g_iter1/losses/CyrilSharma.finalBot__Whirlpool__botA.bc24,CyrilSharma.finalBot,1,A,g_iter1,0,2000,MORE_FLAG_CAPTURES,2800,2800,201,17,25,766,0,0,0,0,0,10,211,195,671,654,42.1
gauntlet/20261001-011402-scrim-g_iter1/losses/CyrilSharma.finalBot__Whirlpool__botA.bc24,CyrilSharma.finalBot,0,B,finalBot,1,2000,MORE_FLAG_CAPTURES,2800,7200,201,20,8,220,12,2,10,141,61,0,499,471,654,671,41.9
gauntlet/20261001-011402-scrim-g_iter1/losses/Gymhgy.v10official__Backslash__botA.bc24,Gymhgy.v10official,1,A,g_iter1,0,500,CAPTURE,4500,14400,201,23,30,223,4,1,3,248,116,3,114,95,51,59,47.1
gauntlet/20261001-011402-scrim-g_iter1/losses/Gymhgy.v10official__Backslash__botA.bc24,Gymhgy.v10official,0,B,v10official,1,500,CAPTURE,4700,16700,201,32,23,212,40,3,3,690,76,3,151,80,59,51,47.6
gauntlet/20261001-011402-scrim-g_iter1/losses/Gymhgy.v10official__Asteroids__botA.bc24,Gymhgy.v10official,1,A,g_iter1,0,2000,MORE_FLAG_CAPTURES,800,2000,210,0,6,281,12,0,12,262,126,11,210,177,468,305,46.3
gauntlet/20261001-011402-scrim-g_iter1/losses/Gymhgy.v10official__Asteroids__botA.bc24,Gymhgy.v10official,0,B,v10official,1,2000,MORE_FLAG_CAPTURES,800,4200,210,29,45,262,32,2,11,734,66,12,285,243,305,468,44.3
gauntlet/20261001-011402-scrim-g_iter1/losses/Gymhgy.v10official__Decision__botB.bc24,Gymhgy.v10official,0,A,v10official,1,655,CAPTURE,1900,1900,203,28,19,247,55,3,6,864,120,12,63,40,61,32,48.8
gauntlet/20261001-011402-scrim-g_iter1/losses/Gymhgy.v10official__Decision__botB.bc24,Gymhgy.v10official,1,B,g_iter1,0,655,CAPTURE,1900,1900,203,11,18,277,12,0,12,545,264,6,40,29,32,61,47.9
gauntlet/20261001-011402-scrim-g_iter1/losses/Gymhgy.v10official__CH3353C4K3F4CT0RY__botA.bc24,Gymhgy.v10official,1,A,g_iter1,0,2000,MORE_FLAG_CAPTURES,13000,13000,242,4,13,314,3,0,2,1879,1004,38,347,337,764,434,44.7
gauntlet/20261001-011402-scrim-g_iter1/losses/Gymhgy.v10official__CH3353C4K3F4CT0RY__botA.bc24,Gymhgy.v10official,0,B,v10official,1,2000,MORE_FLAG_CAPTURES,13000,13400,202,29,22,223,76,2,38,735,48,2,484,466,434,764,40.7
gauntlet/20261001-011402-scrim-g_iter1/losses/Gymhgy.v10official__DefaultLarge__botB.bc24,Gymhgy.v10official,0,A,v10official,1,2000,MORE_FLAG_CAPTURES,1800,4900,202,40,48,276,37,1,6,768,85,16,370,327,419,427,44.8
gauntlet/20261001-011402-scrim-g_iter1/losses/Gymhgy.v10official__DefaultLarge__botB.bc24,Gymhgy.v10official,1,B,g_iter1,0,2000,MORE_FLAG_CAPTURES,1800,4200,203,0,0,402,16,0,16,210,94,6,238,190,427,419,44.9
gauntlet/20261001-011402-scrim-g_iter1/losses/Gymhgy.v10official__Klein__botB.bc24,Gymhgy.v10official,0,A,v10official,1,2000,MORE_FLAG_CAPTURES,7800,8000,204,23,20,226,24,1,12,722,262,9,270,249,334,416,44.9
gauntlet/20261001-011402-scrim-g_iter1/losses/Gymhgy.v10official__Klein__botB.bc24,Gymhgy.v10official,1,B,g_iter1,0,2000,MORE_FLAG_CAPTURES,6000,6300,204,2,19,889,9,0,9,102,47,12,231,206,416,334,45.9
gauntlet/20261001-011402-scrim-g_iter1/losses/IvanGeffner.kuma__Backslash__botA.bc24,IvanGeffner.kuma,1,A,g_iter1,0,1757,CAPTURE,4700,11300,201,4,11,297,0,0,0,0,0,10,226,219,404,829,38.4
gauntlet/20261001-011402-scrim-g_iter1/losses/IvanGeffner.kuma__Backslash__botA.bc24,IvanGeffner.kuma,0,B,kuma,1,1757,CAPTURE,4700,19900,201,38,33,236,22,3,10,181,85,0,769,697,829,404,44.2
gauntlet/20261001-011402-scrim-g_iter1/losses/IvanGeffner.kuma__EndAround__botA.bc24,IvanGeffner.kuma,1,A,g_iter1,0,2000,MORE_FLAG_CAPTURES,2200,4000,204,33,31,299,1,0,1,139,68,36,221,206,409,592,42.8
gauntlet/20261001-011402-scrim-g_iter1/losses/IvanGeffner.kuma__EndAround__botA.bc24,IvanGeffner.kuma,0,B,kuma,1,2000,MORE_FLAG_CAPTURES,2500,5500,206,0,0,424,91,1,36,362,177,1,550,521,592,409,45.0
gauntlet/20261001-011402-scrim-g_iter1/losses/IvanGeffner.kuma__Occulus__botA.bc24,IvanGeffner.kuma,1,A,g_iter1,0,465,CAPTURE,1800,3600,201,6,6,245,0,0,0,0,0,4,77,68,45,123,43.9
gauntlet/20261001-011402-scrim-g_iter1/losses/IvanGeffner.kuma__Occulus__botA.bc24,IvanGeffner.kuma,0,B,kuma,1,465,CAPTURE,1800,7800,201,25,37,234,20,3,4,112,52,0,179,124,123,45,47.7
gauntlet/20261001-011402-scrim-g_iter1/losses/IvanGeffner.kuma__Swoop__botA.bc24,IvanGeffner.kuma,1,A,g_iter1,0,798,CAPTURE,4300,4300,201,17,10,219,3,1,2,82,37,18,102,101,144,244,42.6
gauntlet/20261001-011402-scrim-g_iter1/losses/IvanGeffner.kuma__Swoop__botA.bc24,IvanGeffner.kuma,0,B,kuma,1,798,CAPTURE,4300,4300,201,24,22,228,66,3,18,349,161,2,209,174,244,144,45.6
gauntlet/20261001-011402-scrim-g_iter1/losses/IvanGeffner.kuma__Racetrack__botA.bc24,IvanGeffner.kuma,1,A,g_iter1,0,1622,CAPTURE,0,0,203,18,22,349,0,0,0,0,0,31,133,127,405,531,42.0
gauntlet/20261001-011402-scrim-g_iter1/losses/IvanGeffner.kuma__Racetrack__botA.bc24,IvanGeffner.kuma,0,B,kuma,1,1622,CAPTURE,0,0,208,18,20,261,62,3,31,273,122,0,340,304,531,405,43.9
gauntlet/20261001-011402-scrim-g_iter1/losses/NotLLeon.v3__Backslash__botA.bc24,NotLLeon.v3,1,A,g_iter1,0,694,CAPTURE,4700,15600,201,22,17,237,10,0,10,67,25,12,165,146,149,131,45.6
gauntlet/20261001-011402-scrim-g_iter1/losses/NotLLeon.v3__Backslash__botA.bc24,NotLLeon.v3,0,B,v3,1,694,CAPTURE,4400,11300,201,26,25,241,25,3,12,213,95,10,152,146,131,149,44.9
gauntlet/20261001-011402-scrim-g_iter1/losses/NotLLeon.v3__Backslash__botB.bc24,NotLLeon.v3,0,A,v3,1,1812,CAPTURE,4500,15200,203,21,7,233,51,3,42,238,99,10,476,462,685,609,41.8
gauntlet/20261001-011402-scrim-g_iter1/losses/NotLLeon.v3__Backslash__botB.bc24,NotLLeon.v3,1,B,g_iter1,0,1812,CAPTURE,4700,15300,201,19,17,257,10,0,10,85,32,42,266,242,609,685,40.8
gauntlet/20261001-011402-scrim-g_iter1/losses/NotLLeon.v3__Gated__botB.bc24,NotLLeon.v3,0,A,v3,1,1841,CAPTURE,1500,1700,222,15,26,277,50,3,28,373,169,7,302,296,505,577,42.4
gauntlet/20261001-011402-scrim-g_iter1/losses/NotLLeon.v3__Gated__botB.bc24,NotLLeon.v3,1,B,g_iter1,0,1841,CAPTURE,1500,3100,203,26,29,212,8,1,7,185,87,28,208,169,577,505,43.4
gauntlet/20261001-011402-scrim-g_iter1/losses/NotLLeon.v3__ORV__botA.bc24,NotLLeon.v3,1,A,g_iter1,0,640,CAPTURE,3200,3200,204,12,3,258,0,0,0,0,0,35,81,68,149,144,44.5
gauntlet/20261001-011402-scrim-g_iter1/losses/NotLLeon.v3__ORV__botA.bc24,NotLLeon.v3,0,B,v3,1,640,CAPTURE,3200,8000,206,29,24,237,53,3,35,320,122,0,162,153,144,149,44.6
gauntlet/20261001-011402-scrim-g_iter1/losses/NotLLeon.v3__Pancakes__botB.bc24,NotLLeon.v3,0,A,v3,1,431,CAPTURE,0,5700,224,14,25,257,17,3,10,202,92,5,97,93,48,46,47.5
gauntlet/20261001-011402-scrim-g_iter1/losses/NotLLeon.v3__Pancakes__botB.bc24,NotLLeon.v3,1,B,g_iter1,0,431,CAPTURE,0,2800,203,24,18,224,5,0,5,135,63,10,61,32,46,48,47.4
gauntlet/20261001-011402-scrim-g_iter1/losses/NotLLeon.v3__Waterworld__botB.bc24,NotLLeon.v3,0,A,v3,1,708,CAPTURE,12700,14300,274,0,0,419,19,3,5,164,71,12,140,131,109,111,46.2
gauntlet/20261001-011402-scrim-g_iter1/losses/NotLLeon.v3__Waterworld__botB.bc24,NotLLeon.v3,1,B,g_iter1,0,708,CAPTURE,13900,16500,203,20,22,245,12,0,12,257,119,5,115,88,111,109,46.2
gauntlet/20261001-011402-scrim-g_iter1/losses/SampleProvider.TSPAARKSPRINT1__Foxes__botB.bc24,SampleProvider.TSPAARKSPRINT1,0,A,TSPAARKSPRINT1,1,1372,CAPTURE,7500,7500,202,30,14,247,44,3,38,967,393,7,120,102,123,264,45.2
gauntlet/20261001-011402-scrim-g_iter1/losses/SampleProvider.TSPAARKSPRINT1__Foxes__botB.bc24,SampleProvider.TSPAARKSPRINT1,1,B,g_iter1,0,1372,CAPTURE,7500,7500,202,27,24,222,7,0,7,180,80,38,224,196,264,123,47.8
gauntlet/20261001-011402-scrim-g_iter1/losses/SampleProvider.TSPAARKSPRINT1__Snake__botB.bc24,SampleProvider.TSPAARKSPRINT1,0,A,TSPAARKSPRINT1,1,490,CAPTURE,13100,24100,203,8,33,242,22,3,16,768,274,2,120,74,50,61,46.7
gauntlet/20261001-011402-scrim-g_iter1/losses/SampleProvider.TSPAARKSPRINT1__Snake__botB.bc24,SampleProvider.TSPAARKSPRINT1,1,B,g_iter1,0,490,CAPTURE,13100,33300,204,31,29,247,3,0,2,154,73,16,330,194,61,50,47.7
gauntlet/20261001-011402-scrim-g_iter1/losses/Strequals.duck0127v5__Canals__botA.bc24,Strequals.duck0127v5,1,A,g_iter1,0,817,CAPTURE,4600,4600,216,12,10,291,0,0,0,0,0,24,117,107,123,279,41.7
gauntlet/20261001-011402-scrim-g_iter1/losses/Strequals.duck0127v5__Canals__botA.bc24,Strequals.duck0127v5,0,B,duck0127v5,1,817,CAPTURE,4600,6100,202,33,28,229,27,3,24,287,132,0,321,292,279,123,46.4
gauntlet/20261001-011402-scrim-g_iter1/losses/Strequals.duck0127v5__MIT__botB.bc24,Strequals.duck0127v5,0,A,duck0127v5,1,1088,CAPTURE,7200,42300,206,3,22,291,30,3,27,569,277,18,329,306,220,152,46.6
gauntlet/20261001-011402-scrim-g_iter1/losses/Strequals.duck0127v5__MIT__botB.bc24,Strequals.duck0127v5,1,B,g_iter1,0,1088,CAPTURE,7200,14900,202,25,15,222,19,1,18,126,52,27,224,206,152,220,45.1
gauntlet/20261001-011402-scrim-g_iter1/losses/Strequals.duck0127v5__Divergent__botB.bc24,Strequals.duck0127v5,0,A,duck0127v5,1,2000,LEVEL_SUM,2600,3000,204,14,21,272,18,0,17,246,132,13,316,274,362,242,47.1
gauntlet/20261001-011402-scrim-g_iter1/losses/Strequals.duck0127v5__Divergent__botB.bc24,Strequals.duck0127v5,1,B,g_iter1,0,2000,LEVEL_SUM,3700,4100,203,3,3,288,13,0,13,121,46,17,237,202,242,362,45.6
gauntlet/20261001-011402-scrim-g_iter1/losses/Strequals.duck0127v5__MazeRunner__botA.bc24,Strequals.duck0127v5,1,A,g_iter1,0,2000,MORE_FLAG_CAPTURES,2600,4700,207,14,18,253,23,0,23,213,90,23,221,184,233,433,44.7
gauntlet/20261001-011402-scrim-g_iter1/losses/Strequals.duck0127v5__MazeRunner__botA.bc24,Strequals.duck0127v5,0,B,duck0127v5,1,2000,MORE_FLAG_CAPTURES,2600,5900,207,9,16,278,25,2,23,234,105,23,291,259,433,233,47.2
gauntlet/20261001-011402-scrim-g_iter1/losses/Strequals.duck0127v5__Rainbow__botA.bc24,Strequals.duck0127v5,1,A,g_iter1,0,2000,MORE_FLAG_CAPTURES,6000,6000,201,15,17,272,10,0,10,90,33,17,249,220,318,588,42.8
gauntlet/20261001-011402-scrim-g_iter1/losses/Strequals.duck0127v5__Rainbow__botA.bc24,Strequals.duck0127v5,0,B,duck0127v5,1,2000,MORE_FLAG_CAPTURES,6000,6000,201,26,24,304,19,2,17,213,99,10,546,479,588,318,46.1
gauntlet/20261001-011402-scrim-g_iter1/losses/andli28.v9_USQuals_angle__Battlecode24__botB.bc24,andli28.v9_USQuals_angle,0,A,v9_USQuals_angle,1,1722,CAPTURE,12400,28000,205,6,7,348,16,3,13,208,95,3,435,345,371,381,44.6
gauntlet/20261001-011402-scrim-g_iter1/losses/andli28.v9_USQuals_angle__Battlecode24__botB.bc24,andli28.v9_USQuals_angle,1,B,g_iter1,0,1722,CAPTURE,12400,14500,202,20,11,337,3,0,3,36,16,13,312,288,381,371,44.8
gauntlet/20261001-011402-scrim-g_iter1/losses/andli28.v9_USQuals_angle__EvilGrin__botB.bc24,andli28.v9_USQuals_angle,0,A,v9_USQuals_angle,1,1343,CAPTURE,2000,8100,205,6,17,237,39,3,36,227,90,0,632,574,556,304,44.5
gauntlet/20261001-011402-scrim-g_iter1/losses/andli28.v9_USQuals_angle__EvilGrin__botB.bc24,andli28.v9_USQuals_angle,1,B,g_iter1,0,1343,CAPTURE,2000,2100,206,9,17,328,0,0,0,0,0,36,132,129,304,556,40.0
gauntlet/20261001-011402-scrim-g_iter1/losses/andli28.v9_USQuals_angle__Canals__botA.bc24,andli28.v9_USQuals_angle,1,A,g_iter1,0,1701,CAPTURE,4600,4600,284,0,0,751,0,0,0,0,0,12,210,193,432,492,43.0
gauntlet/20261001-011402-scrim-g_iter1/losses/andli28.v9_USQuals_angle__Canals__botA.bc24,andli28.v9_USQuals_angle,0,B,v9_USQuals_angle,1,1701,CAPTURE,4600,5600,220,0,0,799,15,3,12,237,110,0,410,334,492,432,43.8
gauntlet/20261001-011402-scrim-g_iter1/losses/andli28.v9_USQuals_angle__HeMustBeFreed__botB.bc24,andli28.v9_USQuals_angle,0,A,v9_USQuals_angle,1,615,CAPTURE,2900,16700,201,32,31,288,9,3,6,348,168,1,122,69,74,31,48.8
gauntlet/20261001-011402-scrim-g_iter1/losses/andli28.v9_USQuals_angle__HeMustBeFreed__botB.bc24,andli28.v9_USQuals_angle,1,B,g_iter1,0,615,CAPTURE,2600,4900,203,8,10,338,1,0,1,2,0,6,53,43,31,74,47.1
gauntlet/20261001-011402-scrim-g_iter1/losses/andli28.v9_USQuals_angle__Valentine__botA.bc24,andli28.v9_USQuals_angle,1,A,g_iter1,0,2000,MORE_FLAG_CAPTURES,1800,2600,211,0,0,557,0,0,0,0,0,12,219,198,323,482,44.2
gauntlet/20261001-011402-scrim-g_iter1/losses/andli28.v9_USQuals_angle__Valentine__botA.bc24,andli28.v9_USQuals_angle,0,B,v9_USQuals_angle,1,2000,MORE_FLAG_CAPTURES,1800,5800,211,41,41,228,14,2,12,269,127,0,488,454,482,323,46.0
gauntlet/20261001-011402-scrim-g_iter1/losses/andli28.v9_USQuals_angle__Joker__botB.bc24,andli28.v9_USQuals_angle,0,A,v9_USQuals_angle,1,2000,MORE_FLAG_CAPTURES,13100,17600,206,25,14,234,6,2,4,177,85,7,481,403,515,285,46.5
gauntlet/20261001-011402-scrim-g_iter1/losses/andli28.v9_USQuals_angle__Joker__botB.bc24,andli28.v9_USQuals_angle,1,B,g_iter1,0,2000,MORE_FLAG_CAPTURES,14500,22600,202,28,22,222,8,1,7,126,57,4,432,352,285,515,43.7
gauntlet/20261001-011402-scrim-g_iter1/losses/andrewgopher.player22__Diagonal__botA.bc24,andrewgopher.player22,1,A,g_iter1,0,2000,LEVEL_SUM,5100,5100,201,12,13,273,20,0,20,174,81,0,249,168,260,248,47.0
gauntlet/20261001-011402-scrim-g_iter1/losses/andrewgopher.player22__Diagonal__botA.bc24,andrewgopher.player22,0,B,player22,1,2000,LEVEL_SUM,5100,5100,201,37,35,254,3,0,0,3,0,20,282,241,248,260,46.8
gauntlet/20261001-011402-scrim-g_iter1/losses/andrewgopher.player22__Digging__botB.bc24,andrewgopher.player22,0,A,player22,1,1333,CAPTURE,700,2500,205,31,31,227,15,3,9,139,63,0,330,310,760,560,39.8
gauntlet/20261001-011402-scrim-g_iter1/losses/andrewgopher.player22__Digging__botB.bc24,andrewgopher.player22,1,B,g_iter1,0,1333,CAPTURE,700,2000,279,0,0,366,0,0,0,0,0,9,153,152,560,760,36.2
gauntlet/20261001-011402-scrim-g_iter1/losses/andrewgopher.player22__ORV__botA.bc24,andrewgopher.player22,1,A,g_iter1,0,474,CAPTURE,3200,4700,205,1,0,252,0,0,0,0,0,3,73,61,135,92,45.3
gauntlet/20261001-011402-scrim-g_iter1/losses/andrewgopher.player22__ORV__botA.bc24,andrewgopher.player22,0,B,player22,1,474,CAPTURE,3200,6500,205,32,30,218,9,3,3,147,70,0,102,74,92,135,43.4
gauntlet/20261001-011402-scrim-g_iter1/losses/andrewgopher.player22__Mountain__botA.bc24,andrewgopher.player22,1,A,g_iter1,0,2000,MORE_FLAG_CAPTURES,4100,5600,204,16,18,243,4,0,4,40,18,2,253,225,830,645,42.1
gauntlet/20261001-011402-scrim-g_iter1/losses/andrewgopher.player22__Mountain__botA.bc24,andrewgopher.player22,0,B,player22,1,2000,MORE_FLAG_CAPTURES,4100,5600,201,25,23,202,7,2,2,83,38,4,165,154,645,830,39.9
gauntlet/20261001-011402-scrim-g_iter1/losses/andrewgopher.player22__StackGame__botB.bc24,andrewgopher.player22,0,A,player22,1,456,CAPTURE,4600,4600,205,42,24,225,11,3,5,136,62,0,103,71,103,103,44.6
gauntlet/20261001-011402-scrim-g_iter1/losses/andrewgopher.player22__StackGame__botB.bc24,andrewgopher.player22,1,B,g_iter1,0,456,CAPTURE,4600,4600,201,0,0,0,0,0,0,0,0,5,75,51,103,103,44.7
gauntlet/20261001-011402-scrim-g_iter1/losses/chenyx512.flagbot_final__AceOfSpades__botB.bc24,chenyx512.flagbot_final,0,A,flagbot_final,1,923,CAPTURE,1800,19800,202,22,10,217,9,3,3,739,298,1,535,398,501,82,47.7
gauntlet/20261001-011402-scrim-g_iter1/losses/chenyx512.flagbot_final__AceOfSpades__botB.bc24,chenyx512.flagbot_final,1,B,g_iter1,0,923,CAPTURE,1800,1800,202,33,30,237,2,1,1,54,26,3,106,101,82,501,37.0
gauntlet/20261001-011402-scrim-g_iter1/losses/chenyx512.flagbot_final__Skyline__botB.bc24,chenyx512.flagbot_final,0,A,flagbot_final,1,643,CAPTURE,21600,21600,205,13,16,246,11,3,5,716,307,2,330,252,122,26,48.9
gauntlet/20261001-011402-scrim-g_iter1/losses/chenyx512.flagbot_final__Skyline__botB.bc24,chenyx512.flagbot_final,1,B,g_iter1,0,643,CAPTURE,21600,21600,201,22,17,206,4,2,2,140,69,5,234,212,26,122,45.4
gauntlet/20261001-011402-scrim-g_iter1/losses/chenyx512.flagbot_final__Racetrack__botA.bc24,chenyx512.flagbot_final,1,A,g_iter1,0,991,CAPTURE,0,0,202,15,1,433,9,0,9,98,45,36,61,58,130,363,41.1
gauntlet/20261001-011402-scrim-g_iter1/losses/chenyx512.flagbot_final__Racetrack__botA.bc24,chenyx512.flagbot_final,0,B,flagbot_final,1,991,CAPTURE,0,0,207,15,21,288,42,3,36,853,293,9,148,97,363,130,46.7
gauntlet/20261001-011402-scrim-g_iter1/losses/chenyx512.flagbot_final__Divergent__botB.bc24,chenyx512.flagbot_final,0,A,flagbot_final,1,2000,MORE_FLAG_CAPTURES,3700,3700,205,22,33,255,17,2,12,864,377,0,602,537,888,197,47.6
gauntlet/20261001-011402-scrim-g_iter1/losses/chenyx512.flagbot_final__Divergent__botB.bc24,chenyx512.flagbot_final,1,B,g_iter1,0,2000,MORE_FLAG_CAPTURES,3700,3700,245,1,0,768,0,0,0,0,0,12,223,198,197,888,39.2
gauntlet/20261001-011402-scrim-g_iter1/losses/chenyx512.flagbot_final__Swoop__botA.bc24,chenyx512.flagbot_final,1,A,g_iter1,0,875,CAPTURE,4300,4300,201,28,21,239,8,0,8,266,124,2,107,104,64,411,38.8
gauntlet/20261001-011402-scrim-g_iter1/losses/chenyx512.flagbot_final__Swoop__botA.bc24,chenyx512.flagbot_final,0,B,flagbot_final,1,875,CAPTURE,4300,4300,201,34,25,213,8,3,2,739,312,8,319,234,411,64,48.2
gauntlet/20261001-011402-scrim-g_iter1/losses/chenyx512.flagbot_final__Tunnels__botB.bc24,chenyx512.flagbot_final,0,A,flagbot_final,1,1850,CAPTURE,2400,3300,210,0,2,554,36,3,30,788,282,1,590,525,683,373,45.1
gauntlet/20261001-011402-scrim-g_iter1/losses/chenyx512.flagbot_final__Tunnels__botB.bc24,chenyx512.flagbot_final,1,B,g_iter1,0,1850,CAPTURE,2400,3300,204,0,0,1748,1,0,1,2,1,30,206,195,373,683,41.1
gauntlet/20261001-011402-scrim-g_iter1/losses/clbarrell.duck8__GaltonBoard__botB.bc24,clbarrell.duck8,0,A,duck8,1,2000,MORE_FLAG_CAPTURES,0,36900,201,22,27,264,2,1,1,45,23,2,562,483,536,1012,37.7
gauntlet/20261001-011402-scrim-g_iter1/losses/clbarrell.duck8__GaltonBoard__botB.bc24,clbarrell.duck8,1,B,g_iter1,0,2000,MORE_FLAG_CAPTURES,0,900,203,0,0,604,2,0,2,23,5,1,215,195,1012,536,43.5
gauntlet/20261001-011402-scrim-g_iter1/losses/clbarrell.duck8__OceanFloor__botB.bc24,clbarrell.duck8,0,A,duck8,1,925,CAPTURE,1400,1400,201,37,34,212,11,3,8,290,137,3,115,77,91,217,44.2
gauntlet/20261001-011402-scrim-g_iter1/losses/clbarrell.duck8__OceanFloor__botB.bc24,clbarrell.duck8,1,B,g_iter1,0,925,CAPTURE,1400,1400,201,25,15,226,6,2,3,492,235,8,138,112,217,91,47.6
gauntlet/20261001-011402-scrim-g_iter1/losses/dmtrung14.defaultplayer_intlqualifier__KingQuacksCastle__botB.bc24,dmtrung14.defaultplayer_intlqualifier,0,A,defaultplayer_intlqualifier,1,541,CAPTURE,1600,5400,205,16,29,214,39,3,3,344,55,3,50,41,19,133,43.9
gauntlet/20261001-011402-scrim-g_iter1/losses/dmtrung14.defaultplayer_intlqualifier__KingQuacksCastle__botB.bc24,dmtrung14.defaultplayer_intlqualifier,1,B,g_iter1,0,541,CAPTURE,1600,1900,208,5,12,277,3,0,3,130,63,3,42,31,133,19,49.1
gauntlet/20261001-011402-scrim-g_iter1/losses/hsmalladi.finalbot__AceOfSpades__botA.bc24,hsmalladi.finalbot,1,A,g_iter1,0,329,CAPTURE,1800,6000,203,2,5,0,0,0,0,0,0,8,77,57,47,58,45.8
gauntlet/20261001-011402-scrim-g_iter1/losses/hsmalladi.finalbot__AceOfSpades__botA.bc24,hsmalladi.finalbot,0,B,finalbot,1,329,CAPTURE,1800,15600,207,28,11,234,14,3,8,733,131,0,186,157,58,47,46.4
gauntlet/20261001-011402-scrim-g_iter1/losses/hsmalladi.finalbot__HeMustBeFreed__botB.bc24,hsmalladi.finalbot,0,A,finalbot,1,789,CAPTURE,5900,14700,201,32,46,305,26,3,13,939,180,2,146,139,104,82,47.4
gauntlet/20261001-011402-scrim-g_iter1/losses/hsmalladi.finalbot__HeMustBeFreed__botB.bc24,hsmalladi.finalbot,1,B,g_iter1,0,789,CAPTURE,2900,3300,201,8,8,311,4,1,2,234,112,13,59,43,82,104,46.8
gauntlet/20261001-011402-scrim-g_iter1/losses/hsmalladi.finalbot__ORV__botB.bc24,hsmalladi.finalbot,0,A,finalbot,1,384,CAPTURE,3200,8000,207,24,10,225,11,3,3,795,219,3,99,92,48,34,47.8
gauntlet/20261001-011402-scrim-g_iter1/losses/hsmalladi.finalbot__ORV__botB.bc24,hsmalladi.finalbot,1,B,g_iter1,0,384,CAPTURE,3200,3200,205,19,20,234,3,0,3,46,21,3,56,34,34,48,47.0
gauntlet/20261001-011402-scrim-g_iter1/losses/hsmalladi.finalbot__WheresMyWater__botA.bc24,hsmalladi.finalbot,1,A,g_iter1,0,1028,CAPTURE,3000,4200,201,2,5,298,2,2,0,104,52,28,147,135,440,259,43.9
gauntlet/20261001-011402-scrim-g_iter1/losses/hsmalladi.finalbot__WheresMyWater__botA.bc24,hsmalladi.finalbot,0,B,finalbot,1,1028,CAPTURE,2800,4900,201,9,24,205,37,3,28,746,177,0,165,155,259,440,39.6
gauntlet/20261001-011402-scrim-g_iter1/losses/hsmalladi.finalbot__WheresMyWater__botB.bc24,hsmalladi.finalbot,0,A,finalbot,1,1630,CAPTURE,3000,4500,201,7,9,241,89,3,76,967,258,5,244,240,624,705,39.5
gauntlet/20261001-011402-scrim-g_iter1/losses/hsmalladi.finalbot__WheresMyWater__botB.bc24,hsmalladi.finalbot,1,B,g_iter1,0,1630,CAPTURE,3000,4800,201,2,9,634,6,1,5,104,48,76,275,263,705,624,40.7
gauntlet/20261001-011402-scrim-g_iter1/losses/jmerle.camel_case_v21_final__Battlecode24__botA.bc24,jmerle.camel_case_v21_final,1,A,g_iter1,0,687,CAPTURE,12400,14900,203,1,1,252,0,0,0,0,0,13,189,177,194,203,42.8
gauntlet/20261001-011402-scrim-g_iter1/losses/jmerle.camel_case_v21_final__Battlecode24__botA.bc24,jmerle.camel_case_v21_final,0,B,camel_case_v21_final,1,687,CAPTURE,9600,27600,202,30,44,268,16,3,13,240,119,0,347,329,203,194,43.3
gauntlet/20261001-011402-scrim-g_iter1/losses/jmerle.camel_case_v21_final__Fountain__botA.bc24,jmerle.camel_case_v21_final,1,A,g_iter1,0,648,CAPTURE,1700,3100,208,10,6,255,5,1,4,73,35,15,71,60,234,165,44.0
gauntlet/20261001-011402-scrim-g_iter1/losses/jmerle.camel_case_v21_final__Fountain__botA.bc24,jmerle.camel_case_v21_final,0,B,camel_case_v21_final,1,648,CAPTURE,1700,2300,217,28,23,244,18,3,15,329,153,4,63,63,165,234,41.3
gauntlet/20261001-011402-scrim-g_iter1/losses/jmerle.camel_case_v21_final__Canals__botA.bc24,jmerle.camel_case_v21_final,1,A,g_iter1,0,795,CAPTURE,4600,4800,206,0,0,0,0,0,0,0,0,15,120,110,289,261,42.0
gauntlet/20261001-011402-scrim-g_iter1/losses/jmerle.camel_case_v21_final__Canals__botA.bc24,jmerle.camel_case_v21_final,0,B,camel_case_v21_final,1,795,CAPTURE,4600,5800,202,45,22,210,18,3,15,282,133,0,197,197,261,289,41.3
gauntlet/20261001-011402-scrim-g_iter1/losses/jmerle.camel_case_v21_final__StackGame__botA.bc24,jmerle.camel_case_v21_final,1,A,g_iter1,0,357,CAPTURE,4600,4600,0,0,0,0,0,0,0,0,0,3,67,54,64,74,45.2
gauntlet/20261001-011402-scrim-g_iter1/losses/jmerle.camel_case_v21_final__StackGame__botA.bc24,jmerle.camel_case_v21_final,0,B,camel_case_v21_final,1,357,CAPTURE,4600,4600,202,35,35,217,6,3,3,122,59,0,93,84,74,64,46.0
gauntlet/20261001-011402-scrim-g_iter1/losses/jmerle.camel_case_v21_final__Swoop__botA.bc24,jmerle.camel_case_v21_final,1,A,g_iter1,0,452,CAPTURE,4300,4300,201,14,20,223,6,1,5,126,60,7,70,49,101,101,44.6
gauntlet/20261001-011402-scrim-g_iter1/losses/jmerle.camel_case_v21_final__Swoop__botA.bc24,jmerle.camel_case_v21_final,0,B,camel_case_v21_final,1,452,CAPTURE,4300,4300,201,30,2,221,10,3,7,245,119,5,91,90,101,101,44.8
gauntlet/20261001-011402-scrim-g_iter1/losses/jmerle.camel_case_v21_final__YearOfTheDragon__botA.bc24,jmerle.camel_case_v21_final,1,A,g_iter1,0,605,CAPTURE,10800,10800,201,7,3,216,4,0,3,97,41,13,159,111,150,147,44.3
gauntlet/20261001-011402-scrim-g_iter1/losses/jmerle.camel_case_v21_final__YearOfTheDragon__botA.bc24,jmerle.camel_case_v21_final,0,B,camel_case_v21_final,1,605,CAPTURE,10800,10800,201,22,18,222,16,3,13,299,141,3,206,204,147,150,44.2
gauntlet/20261001-011402-scrim-g_iter1/losses/kyleezz.jeeryfix3__Backslash__botB.bc24,kyleezz.jeeryfix3,0,A,jeeryfix3,1,2000,MORE_FLAG_CAPTURES,4700,20300,201,12,20,228,12,2,10,172,79,6,385,378,562,1443,32.4
gauntlet/20261001-011402-scrim-g_iter1/losses/kyleezz.jeeryfix3__Backslash__botB.bc24,kyleezz.jeeryfix3,1,B,g_iter1,0,2000,MORE_FLAG_CAPTURES,4700,10900,201,9,0,311,7,1,6,75,31,10,335,296,1443,562,43.1
gauntlet/20261001-011402-scrim-g_iter1/losses/kyleezz.jeeryfix3__Intercontinental__botB.bc24,kyleezz.jeeryfix3,0,A,jeeryfix3,1,1160,CAPTURE,2400,5700,201,11,18,214,28,3,25,196,90,3,89,87,183,556,38.5
gauntlet/20261001-011402-scrim-g_iter1/losses/kyleezz.jeeryfix3__Intercontinental__botB.bc24,kyleezz.jeeryfix3,1,B,g_iter1,0,1160,CAPTURE,2400,3000,219,1,2,324,4,1,3,79,39,25,117,102,556,183,46.2
gauntlet/20261001-011402-scrim-g_iter1/losses/quesswho.cretplayer2_3__AceOfSpades__botA.bc24,quesswho.cretplayer2_3,1,A,g_iter1,0,699,CAPTURE,1800,2100,202,24,19,260,13,2,11,270,125,23,117,92,204,127,45.7
gauntlet/20261001-011402-scrim-g_iter1/losses/quesswho.cretplayer2_3__AceOfSpades__botA.bc24,quesswho.cretplayer2_3,0,B,cretplayer2_3,1,699,CAPTURE,1800,19500,202,30,6,220,29,3,23,1048,208,11,271,266,127,204,42.6
gauntlet/20261001-011402-scrim-g_iter1/losses/kyleezz.jeeryfix3__Klein__botB.bc24,kyleezz.jeeryfix3,0,A,jeeryfix3,1,2000,MORE_FLAG_CAPTURES,6600,7800,202,15,13,211,13,2,11,62,26,2,216,214,460,1307,34.1
gauntlet/20261001-011402-scrim-g_iter1/losses/kyleezz.jeeryfix3__Klein__botB.bc24,kyleezz.jeeryfix3,1,B,g_iter1,0,2000,MORE_FLAG_CAPTURES,6000,6300,204,1,7,209,4,1,2,28,12,11,396,331,1307,460,44.4
gauntlet/20261001-011402-scrim-g_iter1/losses/quesswho.cretplayer2_3__BigDucksBigPond__botA.bc24,quesswho.cretplayer2_3,1,A,g_iter1,0,1191,CAPTURE,5100,8100,201,28,31,319,29,1,28,724,341,15,253,203,501,267,44.7
gauntlet/20261001-011402-scrim-g_iter1/losses/quesswho.cretplayer2_3__BigDucksBigPond__botA.bc24,quesswho.cretplayer2_3,0,B,cretplayer2_3,1,1191,CAPTURE,4700,5900,201,30,20,238,21,3,15,1107,256,28,141,123,267,501,39.4
gauntlet/20261001-011402-scrim-g_iter1/losses/quesswho.cretplayer2_3__ORV__botA.bc24,quesswho.cretplayer2_3,1,A,g_iter1,0,636,CAPTURE,3200,4400,203,13,15,246,13,1,12,413,196,5,92,79,141,117,45.6
gauntlet/20261001-011402-scrim-g_iter1/losses/quesswho.cretplayer2_3__ORV__botA.bc24,quesswho.cretplayer2_3,0,B,cretplayer2_3,1,636,CAPTURE,3200,6800,204,25,1,222,11,3,5,879,144,12,112,108,117,141,43.9
gauntlet/20261001-011402-scrim-g_iter1/losses/winkelmantanner.waffle__Islands__botB.bc24,winkelmantanner.waffle,0,A,waffle,1,359,CAPTURE,5800,5800,201,37,24,220,14,3,11,141,62,0,92,77,41,41,47.2
gauntlet/20261001-011402-scrim-g_iter1/losses/winkelmantanner.waffle__Islands__botB.bc24,winkelmantanner.waffle,1,B,g_iter1,0,359,CAPTURE,5800,5800,201,2,6,354,0,0,0,0,0,11,64,40,41,41,47.4
gauntlet/20261001-011402-scrim-g_iter1/losses/winkelmantanner.waffle__Soccer__botB.bc24,winkelmantanner.waffle,0,A,waffle,1,643,CAPTURE,3000,3200,204,23,27,250,22,3,19,418,188,4,108,101,119,200,42.5
gauntlet/20261001-011402-scrim-g_iter1/losses/winkelmantanner.waffle__Soccer__botB.bc24,winkelmantanner.waffle,1,B,g_iter1,0,643,CAPTURE,3000,3000,203,0,0,393,5,1,4,331,161,19,101,88,200,119,45.5
gauntlet/20261001-011402-scrim-g_iter1/losses/winkelmantanner.waffle__Mountain__botB.bc24,winkelmantanner.waffle,0,A,waffle,1,2000,MORE_FLAG_CAPTURES,4100,5600,204,13,17,206,11,2,9,132,63,0,267,254,553,1079,36.8
gauntlet/20261001-011402-scrim-g_iter1/losses/winkelmantanner.waffle__Mountain__botB.bc24,winkelmantanner.waffle,1,B,g_iter1,0,2000,MORE_FLAG_CAPTURES,4100,5300,201,5,1,246,0,0,0,0,0,9,247,221,1079,553,43.3
gauntlet/20261001-011402-scrim-g_iter1/losses/winkelmantanner.waffle__Puzzle__botA.bc24,winkelmantanner.waffle,1,A,g_iter1,0,1968,CAPTURE,0,12000,207,25,16,221,9,1,8,308,130,71,295,280,915,368,45.5
gauntlet/20261001-011402-scrim-g_iter1/losses/winkelmantanner.waffle__Puzzle__botA.bc24,winkelmantanner.waffle,0,B,waffle,1,1968,CAPTURE,0,10500,205,25,24,260,74,3,71,474,220,8,299,282,368,915,38.6
gauntlet/20261001-011402-scrim-g_iter1/losses/winkelmantanner.waffle__Tunnels__botB.bc24,winkelmantanner.waffle,0,A,waffle,1,637,CAPTURE,2400,3300,207,30,25,225,11,3,8,135,63,0,103,89,102,122,45.3
gauntlet/20261001-011402-scrim-g_iter1/losses/winkelmantanner.waffle__Tunnels__botB.bc24,winkelmantanner.waffle,1,B,g_iter1,0,637,CAPTURE,2400,3300,479,0,0,506,0,0,0,0,0,8,76,67,122,102,46.2
gauntlet/20261001-011402-scrim-g_iter1/replays/ColtG5.Goob_final__Swoop__botB.bc24,ColtG5.Goob_final,0,A,Goob_final,0,1949,CAPTURE,4300,4300,201,16,18,215,17,1,16,93,36,11,262,257,494,1462,31.7
gauntlet/20261001-011402-scrim-g_iter1/replays/ColtG5.Goob_final__Swoop__botB.bc24,ColtG5.Goob_final,1,B,g_iter1,1,1949,CAPTURE,4300,4300,201,29,25,237,14,3,11,237,128,16,456,411,1462,494,43.9
gauntlet/20261001-011402-scrim-g_iter1/replays/ColtG5.Goob_final__SteamboatMickey__botB.bc24,ColtG5.Goob_final,0,A,Goob_final,0,1811,CAPTURE,7300,18100,201,8,20,201,13,2,11,141,62,5,380,372,404,1128,34.9
gauntlet/20261001-011402-scrim-g_iter1/replays/ColtG5.Goob_final__SteamboatMickey__botB.bc24,ColtG5.Goob_final,1,B,g_iter1,1,1811,CAPTURE,7300,8500,201,25,15,201,8,3,5,234,115,11,470,438,1128,404,44.5
gauntlet/20261001-011402-scrim-g_iter1/replays/CyrilSharma.finalBot__Racetrack__botB.bc24,CyrilSharma.finalBot,0,A,finalBot,0,1694,CAPTURE,0,0,204,14,11,507,17,0,17,55,25,6,229,226,346,582,41.6
gauntlet/20261001-011402-scrim-g_iter1/replays/CyrilSharma.finalBot__Racetrack__botB.bc24,CyrilSharma.finalBot,1,B,g_iter1,1,1694,CAPTURE,0,0,206,0,0,387,9,3,6,255,119,17,189,127,582,346,45.0
gauntlet/20261001-011402-scrim-g_iter1/replays/CyrilSharma.finalBot__OceanFloor__botA.bc24,CyrilSharma.finalBot,1,A,g_iter1,1,2000,MORE_BREAD,1400,1400,201,19,10,232,11,2,9,378,182,18,219,198,353,359,45.6
gauntlet/20261001-011402-scrim-g_iter1/replays/CyrilSharma.finalBot__OceanFloor__botA.bc24,CyrilSharma.finalBot,0,B,finalBot,0,2000,MORE_BREAD,1400,1400,201,33,41,233,21,2,18,286,148,9,462,456,359,353,45.7
gauntlet/20261001-011402-scrim-g_iter1/replays/SampleProvider.TSPAARKSPRINT1__QuestionableChess__botB.bc24,SampleProvider.TSPAARKSPRINT1,0,A,TSPAARKSPRINT1,0,2000,MORE_FLAG_CAPTURES,0,0,201,6,13,250,47,1,43,726,256,12,72,57,241,1070,37.0
gauntlet/20261001-011402-scrim-g_iter1/replays/SampleProvider.TSPAARKSPRINT1__QuestionableChess__botB.bc24,SampleProvider.TSPAARKSPRINT1,1,B,g_iter1,1,2000,MORE_FLAG_CAPTURES,0,0,202,30,36,221,14,2,12,173,81,43,458,374,1070,241,47.1
gauntlet/20261001-011402-scrim-g_iter1/replays/SampleProvider.TSPAARKSPRINT1__Waterworld__botA.bc24,SampleProvider.TSPAARKSPRINT1,1,A,g_iter1,1,1448,CAPTURE,11200,13200,214,22,23,241,19,3,16,781,378,54,324,256,686,127,47.8
gauntlet/20261001-011402-scrim-g_iter1/replays/SampleProvider.TSPAARKSPRINT1__Waterworld__botA.bc24,SampleProvider.TSPAARKSPRINT1,0,B,TSPAARKSPRINT1,0,1448,CAPTURE,13900,18500,203,13,8,251,58,1,54,732,261,16,64,64,127,686,38.5
gauntlet/20261001-011402-scrim-g_iter1/replays/SampleProvider.TSPAARKSPRINT1__WheresMyWater__botA.bc24,SampleProvider.TSPAARKSPRINT1,1,A,g_iter1,1,1650,CAPTURE,3000,4500,201,25,23,201,25,3,22,398,186,32,254,239,722,110,48.4
gauntlet/20261001-011402-scrim-g_iter1/replays/SampleProvider.TSPAARKSPRINT1__WheresMyWater__botA.bc24,SampleProvider.TSPAARKSPRINT1,0,B,TSPAARKSPRINT1,0,1650,CAPTURE,3000,4800,201,1,5,201,37,2,32,842,354,22,74,73,110,722,39.4
gauntlet/20261001-011402-scrim-g_iter1/replays/SampleProvider.TSPAARKSPRINT1__Soccer__botB.bc24,SampleProvider.TSPAARKSPRINT1,0,A,TSPAARKSPRINT1,0,1802,CAPTURE,3000,3200,202,19,27,244,56,2,51,798,264,46,87,86,168,997,36.5
gauntlet/20261001-011402-scrim-g_iter1/replays/SampleProvider.TSPAARKSPRINT1__Soccer__botB.bc24,SampleProvider.TSPAARKSPRINT1,1,B,g_iter1,1,1802,CAPTURE,3000,3000,208,24,26,281,49,3,46,1771,823,51,414,327,997,168,47.7
gauntlet/20261001-011402-scrim-g_iter1/replays/awu7.ExplosiveBot__BedWars__botA.bc24,awu7.ExplosiveBot,1,A,g_iter1,1,719,CAPTURE,2400,2500,283,0,1,393,5,3,2,115,53,4,67,19,122,37,48.8
gauntlet/20261001-011402-scrim-g_iter1/replays/awu7.ExplosiveBot__BedWars__botA.bc24,awu7.ExplosiveBot,0,B,ExplosiveBot,0,719,CAPTURE,2400,3000,205,0,1,460,4,0,4,6,2,2,27,19,37,122,46.0
gauntlet/20261001-011402-scrim-g_iter1/replays/andrewgopher.player22__TwistedTreeline__botB.bc24,andrewgopher.player22,0,A,player22,0,2000,LEVEL_SUM,2400,2400,202,36,15,221,12,1,8,66,28,6,288,280,539,885,39.2
gauntlet/20261001-011402-scrim-g_iter1/replays/andrewgopher.player22__TwistedTreeline__botB.bc24,andrewgopher.player22,1,B,g_iter1,1,2000,LEVEL_SUM,2400,2400,202,12,16,308,7,1,6,141,69,8,280,249,885,539,43.4
gauntlet/20261001-011402-scrim-g_iter1/replays/Strequals.duck0127v5__Divergent__botB.bc24,Strequals.duck0127v5,0,A,duck0127v5,0,2000,LEVEL_SUM,2600,3000,203,0,2,303,26,0,26,150,82,9,338,303,350,246,47.0
gauntlet/20261001-011402-scrim-g_iter1/replays/Strequals.duck0127v5__Divergent__botB.bc24,Strequals.duck0127v5,1,B,g_iter1,1,2000,LEVEL_SUM,3700,4300,203,24,28,338,9,0,9,157,70,26,225,193,246,350,45.8
gauntlet/20261001-011402-scrim-g_iter1/replays/awu7.ExplosiveBot__BedWars__botB.bc24,awu7.ExplosiveBot,0,A,ExplosiveBot,0,857,CAPTURE,2400,4400,216,3,0,346,10,0,10,35,14,2,22,13,37,216,44.2
gauntlet/20261001-011402-scrim-g_iter1/replays/awu7.ExplosiveBot__BedWars__botB.bc24,awu7.ExplosiveBot,1,B,g_iter1,1,857,CAPTURE,2400,2900,276,0,3,469,5,3,2,139,69,10,78,44,216,37,48.9
gauntlet/20261001-011402-scrim-g_iter1/replays/awu7.ExplosiveBot__DefaultLarge__botB.bc24,awu7.ExplosiveBot,0,A,ExplosiveBot,0,874,CAPTURE,1800,4400,205,1,20,293,24,0,12,102,42,9,71,59,77,542,34.9
gauntlet/20261001-011402-scrim-g_iter1/replays/awu7.ExplosiveBot__DefaultLarge__botB.bc24,awu7.ExplosiveBot,1,B,g_iter1,1,874,CAPTURE,1800,4700,205,22,34,269,12,3,9,530,254,12,264,186,542,77,47.9
gauntlet/20261001-011402-scrim-g_iter1/replays/awu7.ExplosiveBot__Diagonal__botA.bc24,awu7.ExplosiveBot,1,A,g_iter1,1,2000,MORE_FLAG_CAPTURES,5100,5100,201,28,21,274,10,1,9,233,109,1,336,256,617,143,48.3
gauntlet/20261001-011402-scrim-g_iter1/replays/awu7.ExplosiveBot__Diagonal__botA.bc24,awu7.ExplosiveBot,0,B,ExplosiveBot,0,2000,MORE_FLAG_CAPTURES,5100,5100,201,1,6,1019,1,0,1,3,0,9,85,75,143,617,42.5
gauntlet/20261001-011402-scrim-g_iter1/replays/awu7.ExplosiveBot__OceanFloor__botA.bc24,awu7.ExplosiveBot,1,A,g_iter1,1,1493,CAPTURE,1400,1400,201,33,36,214,21,3,18,982,451,29,437,377,974,126,47.9
gauntlet/20261001-011402-scrim-g_iter1/replays/awu7.ExplosiveBot__OceanFloor__botA.bc24,awu7.ExplosiveBot,0,B,ExplosiveBot,0,1493,CAPTURE,1400,1400,201,19,15,212,51,1,29,182,58,18,91,78,126,974,34.3
gauntlet/20261001-011402-scrim-g_iter1/replays/clbarrell.duck8__AceOfSpades__botB.bc24,clbarrell.duck8,0,A,duck8,0,695,CAPTURE,1800,19200,202,13,17,217,33,1,31,281,107,3,267,256,130,191,43.6
gauntlet/20261001-011402-scrim-g_iter1/replays/clbarrell.duck8__AceOfSpades__botB.bc24,clbarrell.duck8,1,B,g_iter1,1,695,CAPTURE,1800,2400,203,15,28,235,6,3,3,267,117,31,111,82,191,130,45.4
gauntlet/20261001-011402-scrim-g_iter1/replays/awu7.ExplosiveBot__Randy__botB.bc24,awu7.ExplosiveBot,0,A,ExplosiveBot,0,1728,CAPTURE,3400,11600,201,3,11,203,61,0,47,280,114,7,157,150,208,1174,33.5
gauntlet/20261001-011402-scrim-g_iter1/replays/awu7.ExplosiveBot__Randy__botB.bc24,awu7.ExplosiveBot,1,B,g_iter1,1,1728,CAPTURE,3400,3800,201,17,22,205,10,3,7,295,140,47,354,319,1174,208,47.1
gauntlet/20261001-011402-scrim-g_iter1/replays/clbarrell.duck8__Foxes__botB.bc24,clbarrell.duck8,0,A,duck8,0,1341,CAPTURE,7500,7500,202,17,34,305,4,0,4,9,1,3,218,196,208,609,38.9
gauntlet/20261001-011402-scrim-g_iter1/replays/clbarrell.duck8__Foxes__botB.bc24,clbarrell.duck8,1,B,g_iter1,1,1341,CAPTURE,7500,7500,204,16,17,272,6,3,3,298,135,4,280,185,609,208,46.2
gauntlet/20261001-011402-scrim-g_iter1/replays/clbarrell.duck8__Pancakes__botB.bc24,clbarrell.duck8,0,A,duck8,0,696,CAPTURE,0,6100,207,5,14,315,4,1,3,61,26,0,124,106,41,159,44.5
gauntlet/20261001-011402-scrim-g_iter1/replays/clbarrell.duck8__Pancakes__botB.bc24,clbarrell.duck8,1,B,g_iter1,1,696,CAPTURE,0,3000,202,28,26,236,3,3,0,295,138,3,114,54,159,41,48.5
gauntlet/20261001-011402-scrim-g_iter1/replays/clbarrell.duck8__QuestionableChess__botB.bc24,clbarrell.duck8,0,A,duck8,0,2000,MORE_FLAG_CAPTURES,0,0,201,11,22,210,15,1,14,88,35,3,279,256,471,1079,36.8
gauntlet/20261001-011402-scrim-g_iter1/replays/clbarrell.duck8__QuestionableChess__botB.bc24,clbarrell.duck8,1,B,g_iter1,1,2000,MORE_FLAG_CAPTURES,0,0,202,9,2,508,5,2,3,97,55,14,228,169,1079,471,44.3
gauntlet/20261001-011402-scrim-g_iter1/replays/dmtrung14.defaultplayer_intlqualifier__BreadPudding__botA.bc24,dmtrung14.defaultplayer_intlqualifier,1,A,g_iter1,1,2000,LEVEL_SUM,2600,2800,215,7,13,273,17,0,16,994,547,3,196,93,345,38,49.5
gauntlet/20261001-011402-scrim-g_iter1/replays/dmtrung14.defaultplayer_intlqualifier__BreadPudding__botA.bc24,dmtrung14.defaultplayer_intlqualifier,0,B,defaultplayer_intlqualifier,0,2000,LEVEL_SUM,2600,3000,202,16,6,215,11,0,3,306,55,16,73,68,38,345,45.6
gauntlet/20261001-011402-scrim-g_iter1/replays/dmtrung14.defaultplayer_intlqualifier__Battlecode24__botA.bc24,dmtrung14.defaultplayer_intlqualifier,1,A,g_iter1,1,2000,MORE_FLAG_CAPTURES,12400,20800,206,22,27,230,7,2,4,3099,1605,1,707,386,1207,15,49.8
gauntlet/20261001-011402-scrim-g_iter1/replays/dmtrung14.defaultplayer_intlqualifier__Battlecode24__botA.bc24,dmtrung14.defaultplayer_intlqualifier,0,B,defaultplayer_intlqualifier,0,2000,MORE_FLAG_CAPTURES,8900,18500,202,9,11,331,4,0,1,304,61,4,89,77,15,1207,35.2
gauntlet/20261001-011402-scrim-g_iter1/replays/dmtrung14.defaultplayer_intlqualifier__DefaultLarge__botA.bc24,dmtrung14.defaultplayer_intlqualifier,1,A,g_iter1,1,2000,LEVEL_SUM,1800,3100,202,19,28,331,6,1,5,151,74,3,288,107,682,33,49.6
gauntlet/20261001-011402-scrim-g_iter1/replays/dmtrung14.defaultplayer_intlqualifier__DefaultLarge__botA.bc24,dmtrung14.defaultplayer_intlqualifier,0,B,defaultplayer_intlqualifier,0,2000,LEVEL_SUM,1800,6000,205,13,13,328,43,1,3,408,94,5,107,99,33,682,41.7
gauntlet/20261001-011402-scrim-g_iter1/replays/dmtrung14.defaultplayer_intlqualifier__QueenOfHearts__botA.bc24,dmtrung14.defaultplayer_intlqualifier,1,A,g_iter1,1,1296,CAPTURE,3500,3500,201,19,20,272,9,3,6,786,383,18,374,219,1237,43,49.2
gauntlet/20261001-011402-scrim-g_iter1/replays/dmtrung14.defaultplayer_intlqualifier__QueenOfHearts__botA.bc24,dmtrung14.defaultplayer_intlqualifier,0,B,defaultplayer_intlqualifier,0,1296,CAPTURE,3500,3500,201,16,29,214,66,2,18,500,96,6,80,80,43,1237,26.6
gauntlet/20261001-011402-scrim-g_iter1/replays/dmtrung14.defaultplayer_intlqualifier__Diagonal__botB.bc24,dmtrung14.defaultplayer_intlqualifier,0,A,defaultplayer_intlqualifier,0,2000,MORE_FLAG_CAPTURES,5100,5100,201,25,28,224,3,0,0,294,13,9,101,81,32,139,48.1
gauntlet/20261001-011402-scrim-g_iter1/replays/dmtrung14.defaultplayer_intlqualifier__Diagonal__botB.bc24,dmtrung14.defaultplayer_intlqualifier,1,B,g_iter1,1,2000,MORE_FLAG_CAPTURES,5100,5100,201,25,23,248,12,1,9,2557,1381,0,223,88,139,32,49.6
gauntlet/20261001-011402-scrim-g_iter1/replays/jonters.bling3__Backslash__botB.bc24,jonters.bling3,0,A,bling3,0,781,CAPTURE,4700,13100,213,22,27,273,2,1,1,54,26,12,65,62,97,329,39.4
gauntlet/20261001-011402-scrim-g_iter1/replays/jonters.bling3__Backslash__botB.bc24,jonters.bling3,1,B,g_iter1,1,781,CAPTURE,4700,15800,201,19,6,223,15,3,12,283,135,1,239,158,329,97,47.0
gauntlet/20261001-011402-scrim-g_iter1/replays/hsmalladi.finalbot__Fountain__botB.bc24,hsmalladi.finalbot,0,A,finalbot,0,2000,MORE_FLAG_CAPTURES,1500,2300,221,4,4,1124,29,1,22,678,205,16,168,163,137,334,46.0
gauntlet/20261001-011402-scrim-g_iter1/replays/hsmalladi.finalbot__Fountain__botB.bc24,hsmalladi.finalbot,1,B,g_iter1,1,2000,MORE_FLAG_CAPTURES,1700,3100,208,12,20,303,19,2,16,1644,799,22,150,124,334,137,48.3
gauntlet/20261001-011402-scrim-g_iter1/replays/jonters.bling3__Bunkers__botA.bc24,jonters.bling3,1,A,g_iter1,1,1418,CAPTURE,2800,2800,201,18,5,210,6,3,3,206,97,5,196,170,648,130,47.7
gauntlet/20261001-011402-scrim-g_iter1/replays/jonters.bling3__Bunkers__botA.bc24,jonters.bling3,0,B,bling3,0,1418,CAPTURE,2800,2800,202,26,0,241,6,1,5,52,25,3,99,85,130,648,38.5
gauntlet/20261001-011402-scrim-g_iter1/replays/jonters.bling3__Snake__botB.bc24,jonters.bling3,0,A,bling3,0,340,CAPTURE,13100,19500,203,43,34,268,4,0,3,28,11,0,64,15,33,54,46.7
gauntlet/20261001-011402-scrim-g_iter1/replays/jonters.bling3__Snake__botB.bc24,jonters.bling3,1,B,g_iter1,1,340,CAPTURE,13100,35200,204,38,24,217,3,3,0,250,125,3,330,141,54,33,48.0
gauntlet/20261001-011402-scrim-g_iter1/replays/jonters.bling3__Duck__botB.bc24,jonters.bling3,0,A,bling3,0,905,CAPTURE,2900,2900,201,23,36,278,7,0,7,169,77,9,44,40,98,313,41.1
gauntlet/20261001-011402-scrim-g_iter1/replays/jonters.bling3__Duck__botB.bc24,jonters.bling3,1,B,g_iter1,1,905,CAPTURE,2900,2900,201,19,19,270,12,3,9,630,305,7,191,128,313,98,47.4
gauntlet/20261001-011402-scrim-g_iter1/replays/jonters.bling3__Starfish__botA.bc24,jonters.bling3,1,A,g_iter1,1,1361,CAPTURE,4100,4100,201,24,11,201,4,3,1,69,32,12,175,150,385,144,47.4
gauntlet/20261001-011402-scrim-g_iter1/replays/jonters.bling3__Starfish__botA.bc24,jonters.bling3,0,B,bling3,0,1361,CAPTURE,4100,4200,201,1,2,201,12,0,12,76,27,1,24,12,144,385,43.0
gauntlet/20261001-011402-scrim-g_iter1/replays/justinottesen.sprint1__Decision__botA.bc24,justinottesen.sprint1,1,A,g_iter1,1,812,CAPTURE,1900,2100,202,44,45,240,11,3,8,706,346,9,212,187,468,15,49.5
gauntlet/20261001-011402-scrim-g_iter1/replays/justinottesen.sprint1__Decision__botA.bc24,justinottesen.sprint1,0,B,sprint1,0,812,CAPTURE,1700,1700,204,1,6,240,10,0,9,177,77,8,19,18,15,468,36.1
gauntlet/20261001-011402-scrim-g_iter1/replays/jonters.bling3__Waterworld__botB.bc24,jonters.bling3,0,A,bling3,0,1179,CAPTURE,13900,15900,242,2,0,562,8,1,7,60,28,26,58,55,126,597,37.3
gauntlet/20261001-011402-scrim-g_iter1/replays/jonters.bling3__Waterworld__botB.bc24,jonters.bling3,1,B,g_iter1,1,1179,CAPTURE,13900,17000,207,7,16,223,29,3,26,612,290,7,318,247,597,126,47.4
gauntlet/20261001-011402-scrim-g_iter1/replays/justinottesen.sprint1__Fountain__botA.bc24,justinottesen.sprint1,1,A,g_iter1,1,613,CAPTURE,1700,2700,213,18,29,227,15,3,12,205,97,6,95,85,291,24,49.0
gauntlet/20261001-011402-scrim-g_iter1/replays/justinottesen.sprint1__Fountain__botA.bc24,justinottesen.sprint1,0,B,sprint1,0,613,CAPTURE,1700,2700,208,1,5,313,7,0,6,49,22,12,16,15,24,291,38.8
gauntlet/20261001-011402-scrim-g_iter1/replays/justinottesen.sprint1__OceanFloor__botB.bc24,justinottesen.sprint1,0,A,sprint1,0,729,CAPTURE,1200,1300,201,20,7,250,5,0,5,101,48,7,22,19,16,409,36.5
gauntlet/20261001-011402-scrim-g_iter1/replays/justinottesen.sprint1__OceanFloor__botB.bc24,justinottesen.sprint1,1,B,g_iter1,1,729,CAPTURE,1400,1400,201,29,45,248,10,3,7,621,305,5,186,152,409,16,49.4
gauntlet/20261001-011402-scrim-g_iter1/replays/justinottesen.sprint1__StackGame__botB.bc24,justinottesen.sprint1,0,A,sprint1,0,731,CAPTURE,4600,4600,202,1,14,210,4,0,4,30,13,4,53,53,33,569,31.7
gauntlet/20261001-011402-scrim-g_iter1/replays/justinottesen.sprint1__StackGame__botB.bc24,justinottesen.sprint1,1,B,g_iter1,1,731,CAPTURE,4600,4600,201,11,0,339,7,3,4,211,103,4,206,125,569,33,48.8
gauntlet/20261001-011402-scrim-g_iter1/replays/kyleezz.jeeryfix3__BedWars__botA.bc24,kyleezz.jeeryfix3,1,A,g_iter1,1,2000,LEVEL_SUM,2400,2600,259,0,1,353,4,0,4,24,10,0,143,0,0,5,49.9
gauntlet/20261001-011402-scrim-g_iter1/replays/kyleezz.jeeryfix3__BedWars__botA.bc24,kyleezz.jeeryfix3,0,B,jeeryfix3,0,2000,LEVEL_SUM,2400,3200,214,11,11,0,0,0,0,0,0,4,14,1,5,0,50.0
gauntlet/20261001-011402-scrim-g_iter1/replays/kyleezz.jeeryfix3__Fusbol__botA.bc24,kyleezz.jeeryfix3,1,A,g_iter1,1,2000,MORE_FLAG_CAPTURES,7200,7500,203,0,0,392,19,1,18,179,88,0,728,641,1559,258,46.7
gauntlet/20261001-011402-scrim-g_iter1/replays/kyleezz.jeeryfix3__Fusbol__botA.bc24,kyleezz.jeeryfix3,0,B,jeeryfix3,0,2000,MORE_FLAG_CAPTURES,7200,10500,202,21,11,305,0,0,0,0,0,18,261,249,258,1559,31.0
gauntlet/20261001-011402-scrim-g_iter1/replays/kyleezz.jeeryfix3__Fusbol__botB.bc24,kyleezz.jeeryfix3,0,A,jeeryfix3,0,2000,LEVEL_SUM,7200,10500,202,42,31,244,2,1,1,101,50,18,252,245,286,1670,29.7
gauntlet/20261001-011402-scrim-g_iter1/replays/kyleezz.jeeryfix3__Fusbol__botB.bc24,kyleezz.jeeryfix3,1,B,g_iter1,1,2000,LEVEL_SUM,7200,7500,388,0,0,510,19,1,18,188,88,1,770,677,1670,286,46.1
gauntlet/20261001-011402-scrim-g_iter1/replays/quesswho.cretplayer2_3__Checkered__botA.bc24,quesswho.cretplayer2_3,1,A,g_iter1,1,850,CAPTURE,4800,4800,201,13,3,207,8,3,5,295,139,15,133,118,175,126,46.5
gauntlet/20261001-011402-scrim-g_iter1/replays/quesswho.cretplayer2_3__Checkered__botA.bc24,quesswho.cretplayer2_3,0,B,cretplayer2_3,0,850,CAPTURE,4800,4800,201,20,34,210,20,2,15,1212,244,5,146,137,126,175,44.7
gauntlet/20261001-011402-scrim-g_iter1/replays/quesswho.cretplayer2_3__Digging__botA.bc24,quesswho.cretplayer2_3,1,A,g_iter1,1,1691,CAPTURE,700,2500,205,5,19,242,11,3,8,441,210,5,323,246,1542,222,46.8
gauntlet/20261001-011402-scrim-g_iter1/replays/quesswho.cretplayer2_3__Digging__botA.bc24,quesswho.cretplayer2_3,0,B,cretplayer2_3,0,1691,CAPTURE,700,2600,209,22,0,228,9,1,5,666,25,8,177,173,222,1542,27.6
gauntlet/20261001-011402-scrim-g_iter1/replays/winkelmantanner.waffle__Funnel__botB.bc24,winkelmantanner.waffle,0,A,waffle,0,2000,MORE_FLAG_CAPTURES,2200,4300,202,32,23,233,21,1,20,203,99,3,254,231,317,1004,37.8
gauntlet/20261001-011402-scrim-g_iter1/replays/winkelmantanner.waffle__Funnel__botB.bc24,winkelmantanner.waffle,1,B,g_iter1,1,2000,MORE_FLAG_CAPTURES,2200,3600,201,1,1,564,5,2,3,309,149,20,443,343,1004,317,46.1
gauntlet/20261001-011402-scrim-g_iter1/replays/quesswho.cretplayer2_3__Waterworld__botB.bc24,quesswho.cretplayer2_3,0,A,cretplayer2_3,0,2000,LEVEL_SUM,13900,16000,216,19,10,239,31,1,27,951,171,8,289,268,407,1272,34.3
gauntlet/20261001-011402-scrim-g_iter1/replays/quesswho.cretplayer2_3__Waterworld__botB.bc24,quesswho.cretplayer2_3,1,B,g_iter1,1,2000,LEVEL_SUM,13900,16000,211,7,7,447,9,1,8,134,63,27,314,274,1272,407,45.1
gauntlet/20261001-021054-scrim-g_iter1/losses/ColtG5.Goob_final__Snake__botA.bc24,ColtG5.Goob_final,1,A,g_iter1,0,2000,MORE_FLAG_CAPTURES,13100,25300,203,35,33,254,0,0,0,0,0,4,423,393,1069,534,43.5
gauntlet/20261001-021054-scrim-g_iter1/losses/ColtG5.Goob_final__Snake__botA.bc24,ColtG5.Goob_final,0,B,Goob_final,1,2000,MORE_FLAG_CAPTURES,13100,33600,204,19,18,279,6,2,4,227,109,0,578,535,534,1069,36.9
gauntlet/20261001-021054-scrim-g_iter1/losses/CyrilSharma.finalBot__AceOfSpades__botB.bc24,CyrilSharma.finalBot,0,A,finalBot,1,1403,CAPTURE,1800,19500,203,26,21,217,15,3,12,298,146,5,647,608,364,292,45.0
gauntlet/20261001-021054-scrim-g_iter1/losses/CyrilSharma.finalBot__AceOfSpades__botB.bc24,CyrilSharma.finalBot,1,B,g_iter1,0,1403,CAPTURE,1800,2100,202,20,18,220,5,0,5,96,43,12,161,135,292,364,43.6
gauntlet/20261001-021054-scrim-g_iter1/losses/ColtG5.Goob_final__Tunnels__botA.bc24,ColtG5.Goob_final,1,A,g_iter1,0,2000,MORE_FLAG_CAPTURES,2400,3300,283,0,4,294,0,0,0,0,0,3,222,191,759,337,45.9
gauntlet/20261001-021054-scrim-g_iter1/losses/ColtG5.Goob_final__Tunnels__botA.bc24,ColtG5.Goob_final,0,B,Goob_final,1,2000,MORE_FLAG_CAPTURES,2400,3300,206,17,6,220,4,1,3,43,19,0,231,213,337,759,40.8
gauntlet/20261001-021054-scrim-g_iter1/losses/CyrilSharma.finalBot__BedWars__botB.bc24,CyrilSharma.finalBot,0,A,finalBot,1,2000,MORE_FLAG_CAPTURES,2400,8100,205,8,25,226,3,1,2,37,15,1,294,260,323,572,43.1
gauntlet/20261001-021054-scrim-g_iter1/losses/CyrilSharma.finalBot__BedWars__botB.bc24,CyrilSharma.finalBot,1,B,g_iter1,0,2000,MORE_FLAG_CAPTURES,2400,2400,236,0,5,296,1,0,1,4,2,2,208,153,572,323,46.0
gauntlet/20261001-021054-scrim-g_iter1/losses/CyrilSharma.finalBot__DefaultLarge__botA.bc24,CyrilSharma.finalBot,1,A,g_iter1,0,2000,MORE_FLAG_CAPTURES,1800,3000,212,0,0,672,2,1,1,123,60,12,230,212,561,609,42.5
gauntlet/20261001-021054-scrim-g_iter1/losses/CyrilSharma.finalBot__DefaultLarge__botA.bc24,CyrilSharma.finalBot,0,B,finalBot,1,2000,MORE_FLAG_CAPTURES,1800,6100,202,37,43,278,14,2,12,262,127,1,620,604,609,561,42.6
gauntlet/20261001-021054-scrim-g_iter1/losses/CyrilSharma.finalBot__QuestionableChess__botB.bc24,CyrilSharma.finalBot,0,A,finalBot,1,670,CAPTURE,0,0,201,31,18,226,8,3,5,197,88,0,59,55,88,94,46.6
gauntlet/20261001-021054-scrim-g_iter1/losses/CyrilSharma.finalBot__QuestionableChess__botB.bc24,CyrilSharma.finalBot,1,B,g_iter1,0,670,CAPTURE,0,0,202,9,15,393,0,0,0,0,0,5,43,31,94,88,46.8
gauntlet/20261001-021054-scrim-g_iter1/losses/CyrilSharma.finalBot__YearOfTheDragon__botA.bc24,CyrilSharma.finalBot,1,A,g_iter1,0,2000,MORE_FLAG_CAPTURES,10800,10800,201,17,17,208,7,0,7,104,38,10,313,304,558,507,43.8
gauntlet/20261001-021054-scrim-g_iter1/losses/CyrilSharma.finalBot__YearOfTheDragon__botA.bc24,CyrilSharma.finalBot,0,B,finalBot,1,2000,MORE_FLAG_CAPTURES,10800,10800,201,9,5,221,12,2,10,146,67,7,704,685,507,558,43.2
gauntlet/20261001-021054-scrim-g_iter1/losses/Gymhgy.v10official__DefaultMedium__botB.bc24,Gymhgy.v10official,0,A,v10official,1,2000,MORE_FLAG_CAPTURES,2900,4400,201,24,27,244,43,2,5,695,41,10,324,250,342,337,45.9
gauntlet/20261001-021054-scrim-g_iter1/losses/Gymhgy.v10official__DefaultMedium__botB.bc24,Gymhgy.v10official,1,B,g_iter1,0,2000,MORE_FLAG_CAPTURES,2900,2900,201,5,8,461,10,0,10,147,68,5,210,173,337,342,45.8
gauntlet/20261001-021054-scrim-g_iter1/losses/Gymhgy.v10official__Diagonal__botA.bc24,Gymhgy.v10official,1,A,g_iter1,0,2000,MORE_FLAG_CAPTURES,5100,5100,201,15,11,0,0,0,0,0,0,1,248,201,206,362,45.6
gauntlet/20261001-021054-scrim-g_iter1/losses/Gymhgy.v10official__Diagonal__botA.bc24,Gymhgy.v10official,0,B,v10official,1,2000,MORE_FLAG_CAPTURES,5100,5100,201,31,32,254,11,1,1,655,35,0,351,255,362,206,47.5
gauntlet/20261001-021054-scrim-g_iter1/losses/Gymhgy.v10official__GravitationalWaves__botA.bc24,Gymhgy.v10official,1,A,g_iter1,0,2000,MORE_FLAG_CAPTURES,3700,3700,201,26,26,0,0,0,0,0,0,11,218,163,326,177,47.8
gauntlet/20261001-021054-scrim-g_iter1/losses/Gymhgy.v10official__GravitationalWaves__botA.bc24,Gymhgy.v10official,0,B,v10official,1,2000,MORE_FLAG_CAPTURES,3700,3700,201,26,23,201,37,2,11,703,139,0,245,188,177,326,46.1
gauntlet/20261001-021054-scrim-g_iter1/losses/Gymhgy.v10official__HeMustBeFreed__botB.bc24,Gymhgy.v10official,0,A,v10official,1,2000,MORE_FLAG_CAPTURES,5900,15700,201,31,34,292,29,2,1,749,72,9,363,291,475,311,46.2
gauntlet/20261001-021054-scrim-g_iter1/losses/Gymhgy.v10official__HeMustBeFreed__botB.bc24,Gymhgy.v10official,1,B,g_iter1,0,2000,MORE_FLAG_CAPTURES,4000,5900,201,12,18,271,10,1,9,638,315,1,191,166,311,475,44.2
gauntlet/20261001-021054-scrim-g_iter1/losses/IvanGeffner.kuma__Alien__botA.bc24,IvanGeffner.kuma,1,A,g_iter1,0,411,CAPTURE,3300,3300,202,9,7,224,0,0,0,0,0,4,64,46,46,87,44.8
gauntlet/20261001-021054-scrim-g_iter1/losses/IvanGeffner.kuma__Alien__botA.bc24,IvanGeffner.kuma,0,B,kuma,1,411,CAPTURE,3300,3300,202,31,33,218,20,3,4,77,34,0,111,84,87,46,47.3
gauntlet/20261001-021054-scrim-g_iter1/losses/Gymhgy.v10official__Starfish__botA.bc24,Gymhgy.v10official,1,A,g_iter1,0,1941,CAPTURE,4100,4200,201,8,9,201,4,2,2,242,139,2,212,205,787,467,44.1
gauntlet/20261001-021054-scrim-g_iter1/losses/Gymhgy.v10official__Starfish__botA.bc24,Gymhgy.v10official,0,B,v10official,1,1941,CAPTURE,4000,4100,201,18,10,201,17,3,2,605,209,2,214,212,467,787,40.2
gauntlet/20261001-021054-scrim-g_iter1/losses/IvanGeffner.kuma__Capacitance__botA.bc24,IvanGeffner.kuma,1,A,g_iter1,0,794,CAPTURE,3600,4300,201,12,9,212,0,0,0,0,0,6,114,92,122,146,45.6
gauntlet/20261001-021054-scrim-g_iter1/losses/IvanGeffner.kuma__Capacitance__botA.bc24,IvanGeffner.kuma,0,B,kuma,1,794,CAPTURE,3600,5700,201,35,30,207,22,3,6,95,42,0,212,180,146,122,46.2
gauntlet/20261001-021054-scrim-g_iter1/losses/IvanGeffner.kuma__BigDucksBigPond__botA.bc24,IvanGeffner.kuma,1,A,g_iter1,0,2000,MORE_FLAG_CAPTURES,5100,5600,201,24,11,243,1,0,1,48,23,3,231,220,447,854,39.7
gauntlet/20261001-021054-scrim-g_iter1/losses/IvanGeffner.kuma__BigDucksBigPond__botA.bc24,IvanGeffner.kuma,0,B,kuma,1,2000,MORE_FLAG_CAPTURES,5100,8400,201,28,30,232,9,2,3,174,84,1,816,744,854,447,44.5
gauntlet/20261001-021054-scrim-g_iter1/losses/IvanGeffner.kuma__Diagonal__botB.bc24,IvanGeffner.kuma,0,A,kuma,1,2000,LEVEL_SUM,5100,5100,201,36,37,292,2,0,1,2,0,0,304,230,197,181,47.8
gauntlet/20261001-021054-scrim-g_iter1/losses/IvanGeffner.kuma__Diagonal__botB.bc24,IvanGeffner.kuma,1,B,g_iter1,0,2000,LEVEL_SUM,5100,5100,201,0,2,852,0,0,0,0,0,1,248,167,181,197,47.6
gauntlet/20261001-021054-scrim-g_iter1/losses/IvanGeffner.kuma__StackGame__botB.bc24,IvanGeffner.kuma,0,A,kuma,1,557,CAPTURE,4600,4600,201,39,35,218,14,3,3,90,41,0,158,112,162,58,47.5
gauntlet/20261001-021054-scrim-g_iter1/losses/IvanGeffner.kuma__StackGame__botB.bc24,IvanGeffner.kuma,1,B,g_iter1,0,557,CAPTURE,4600,4600,203,0,0,0,0,0,0,0,0,3,90,73,58,162,43.2
gauntlet/20261001-021054-scrim-g_iter1/losses/IvanGeffner.kuma__Randy__botB.bc24,IvanGeffner.kuma,0,A,kuma,1,2000,MORE_FLAG_CAPTURES,3400,12800,201,15,17,207,21,1,9,32,10,0,545,454,622,334,45.9
gauntlet/20261001-021054-scrim-g_iter1/losses/IvanGeffner.kuma__Randy__botB.bc24,IvanGeffner.kuma,1,B,g_iter1,0,2000,MORE_FLAG_CAPTURES,3400,4200,201,8,6,207,0,0,0,0,0,9,228,187,334,622,42.4
gauntlet/20261001-021054-scrim-g_iter1/losses/NotLLeon.v3__Duck__botB.bc24,NotLLeon.v3,0,A,v3,1,719,CAPTURE,2900,2900,201,36,30,235,25,3,19,387,180,9,121,110,127,124,46.0
gauntlet/20261001-021054-scrim-g_iter1/losses/NotLLeon.v3__Duck__botB.bc24,NotLLeon.v3,1,B,g_iter1,0,719,CAPTURE,2900,2900,201,13,15,239,9,0,9,57,24,19,78,52,124,127,45.7
gauntlet/20261001-021054-scrim-g_iter1/losses/NotLLeon.v3__FloodGates__botA.bc24,NotLLeon.v3,1,A,g_iter1,0,2000,MORE_FLAG_CAPTURES,500,1700,377,0,0,464,0,0,0,0,0,9,214,182,379,325,46.0
gauntlet/20261001-021054-scrim-g_iter1/losses/NotLLeon.v3__FloodGates__botA.bc24,NotLLeon.v3,0,B,v3,1,2000,MORE_FLAG_CAPTURES,500,1700,236,2,39,276,26,2,9,92,39,0,278,263,325,379,45.4
gauntlet/20261001-021054-scrim-g_iter1/losses/NotLLeon.v3__Foxes__botB.bc24,NotLLeon.v3,0,A,v3,1,668,CAPTURE,7500,7500,202,17,26,274,28,3,20,385,166,0,159,137,98,130,45.3
gauntlet/20261001-021054-scrim-g_iter1/losses/NotLLeon.v3__Foxes__botB.bc24,NotLLeon.v3,1,B,g_iter1,0,668,CAPTURE,7500,7500,202,11,16,327,0,0,0,0,0,20,140,113,130,98,46.5
gauntlet/20261001-021054-scrim-g_iter1/losses/NotLLeon.v3__Rainbow__botA.bc24,NotLLeon.v3,1,A,g_iter1,0,1679,CAPTURE,6000,6000,201,33,32,215,7,2,5,278,132,69,231,209,524,449,43.5
gauntlet/20261001-021054-scrim-g_iter1/losses/NotLLeon.v3__Rainbow__botA.bc24,NotLLeon.v3,0,B,v3,1,1679,CAPTURE,6000,6000,201,18,15,253,87,3,69,509,215,5,339,320,449,524,42.4
gauntlet/20261001-021054-scrim-g_iter1/losses/SampleProvider.TSPAARKSPRINT1__EndAround__botB.bc24,SampleProvider.TSPAARKSPRINT1,0,A,TSPAARKSPRINT1,1,1359,CAPTURE,2500,6400,274,0,7,299,27,3,21,826,357,38,81,68,154,335,44.0
gauntlet/20261001-021054-scrim-g_iter1/losses/SampleProvider.TSPAARKSPRINT1__EndAround__botB.bc24,SampleProvider.TSPAARKSPRINT1,1,B,g_iter1,0,1359,CAPTURE,2200,4000,202,32,44,284,39,0,38,1282,532,21,180,145,335,154,47.3
gauntlet/20261001-021054-scrim-g_iter1/losses/SampleProvider.TSPAARKSPRINT1__English__botA.bc24,SampleProvider.TSPAARKSPRINT1,1,A,g_iter1,0,630,CAPTURE,10900,10900,201,33,38,268,1,0,1,11,5,6,120,101,58,7,49.7
gauntlet/20261001-021054-scrim-g_iter1/losses/SampleProvider.TSPAARKSPRINT1__English__botA.bc24,SampleProvider.TSPAARKSPRINT1,0,B,TSPAARKSPRINT1,1,630,CAPTURE,10900,10900,201,28,23,244,12,3,6,661,220,1,34,17,7,58,47.4
gauntlet/20261001-021054-scrim-g_iter1/losses/SampleProvider.TSPAARKSPRINT1__Swoop__botA.bc24,SampleProvider.TSPAARKSPRINT1,1,A,g_iter1,0,1363,CAPTURE,4300,4300,201,33,43,215,4,1,3,77,35,103,255,238,562,130,47.7
gauntlet/20261001-021054-scrim-g_iter1/losses/SampleProvider.TSPAARKSPRINT1__Swoop__botA.bc24,SampleProvider.TSPAARKSPRINT1,0,B,TSPAARKSPRINT1,1,1363,CAPTURE,4300,4300,201,33,9,212,109,3,103,1398,553,3,77,65,130,562,39.9
gauntlet/20261001-021054-scrim-g_iter1/losses/Strequals.duck0127v5__Canals__botA.bc24,Strequals.duck0127v5,1,A,g_iter1,0,951,CAPTURE,4600,4600,297,0,2,331,1,0,1,2,0,16,133,118,171,301,42.3
gauntlet/20261001-021054-scrim-g_iter1/losses/Strequals.duck0127v5__Canals__botA.bc24,Strequals.duck0127v5,0,B,duck0127v5,1,951,CAPTURE,4600,6100,202,44,29,256,19,3,16,205,97,1,342,310,301,171,45.7
gauntlet/20261001-021054-scrim-g_iter1/losses/Strequals.duck0127v5__Divergent__botA.bc24,Strequals.duck0127v5,1,A,g_iter1,0,2000,MORE_FLAG_CAPTURES,3400,3400,207,2,1,324,11,0,11,83,30,27,219,186,223,443,44.6
gauntlet/20261001-021054-scrim-g_iter1/losses/Strequals.duck0127v5__Divergent__botA.bc24,Strequals.duck0127v5,0,B,duck0127v5,1,2000,MORE_FLAG_CAPTURES,3700,4000,203,12,34,255,29,2,27,287,155,11,526,472,443,223,47.3
gauntlet/20261001-021054-scrim-g_iter1/losses/Strequals.duck0127v5__Skyline__botB.bc24,Strequals.duck0127v5,0,A,duck0127v5,1,741,CAPTURE,21600,21600,211,2,13,274,7,3,4,113,54,3,211,201,114,60,48.0
gauntlet/20261001-021054-scrim-g_iter1/losses/Strequals.duck0127v5__Skyline__botB.bc24,Strequals.duck0127v5,1,B,g_iter1,0,741,CAPTURE,21600,21600,201,16,12,208,4,0,3,6,1,4,245,214,60,114,46.2
gauntlet/20261001-021054-scrim-g_iter1/losses/Strequals.duck0127v5__Foxes__botB.bc24,Strequals.duck0127v5,0,A,duck0127v5,1,1021,CAPTURE,7500,7500,207,21,38,284,9,3,6,205,101,2,354,297,212,130,46.9
gauntlet/20261001-021054-scrim-g_iter1/losses/Strequals.duck0127v5__Foxes__botB.bc24,Strequals.duck0127v5,1,B,g_iter1,0,1021,CAPTURE,7500,7500,202,7,2,422,3,0,2,198,93,6,168,138,130,212,44.9
gauntlet/20261001-021054-scrim-g_iter1/losses/Strequals.duck0127v5__Soccer__botA.bc24,Strequals.duck0127v5,1,A,g_iter1,0,580,CAPTURE,3000,3000,233,6,13,285,6,0,6,57,24,6,80,53,39,85,46.4
gauntlet/20261001-021054-scrim-g_iter1/losses/Strequals.duck0127v5__Soccer__botA.bc24,Strequals.duck0127v5,0,B,duck0127v5,1,580,CAPTURE,3000,3200,208,9,8,265,9,3,6,189,94,6,132,98,85,39,48.4
gauntlet/20261001-021054-scrim-g_iter1/losses/andli28.v9_USQuals_angle__AceOfSpades__botB.bc24,andli28.v9_USQuals_angle,0,A,v9_USQuals_angle,1,542,CAPTURE,1800,18300,202,9,20,232,18,3,15,163,71,0,266,190,130,65,47.1
gauntlet/20261001-021054-scrim-g_iter1/losses/andli28.v9_USQuals_angle__AceOfSpades__botB.bc24,andli28.v9_USQuals_angle,1,B,g_iter1,0,542,CAPTURE,1800,3300,202,16,0,0,0,0,0,0,0,15,77,67,65,130,44.3
gauntlet/20261001-021054-scrim-g_iter1/losses/andli28.v9_USQuals_angle__Funnel__botB.bc24,andli28.v9_USQuals_angle,0,A,v9_USQuals_angle,1,1110,CAPTURE,2200,4500,202,24,23,289,28,3,25,359,164,2,415,338,345,164,46.4
gauntlet/20261001-021054-scrim-g_iter1/losses/andli28.v9_USQuals_angle__Funnel__botB.bc24,andli28.v9_USQuals_angle,1,B,g_iter1,0,1110,CAPTURE,2200,3400,201,21,17,270,2,0,2,27,12,25,127,101,164,345,42.5
gauntlet/20261001-021054-scrim-g_iter1/losses/andli28.v9_USQuals_angle__Gated__botA.bc24,andli28.v9_USQuals_angle,1,A,g_iter1,0,826,CAPTURE,1500,2200,202,9,7,232,5,0,5,23,8,12,87,78,112,192,44.4
gauntlet/20261001-021054-scrim-g_iter1/losses/andli28.v9_USQuals_angle__Gated__botA.bc24,andli28.v9_USQuals_angle,0,B,v9_USQuals_angle,1,826,CAPTURE,1400,2600,208,12,38,251,15,3,12,145,64,5,185,178,192,112,46.7
gauntlet/20261001-021054-scrim-g_iter1/losses/andli28.v9_USQuals_angle__Occulus__botA.bc24,andli28.v9_USQuals_angle,1,A,g_iter1,0,897,CAPTURE,1800,2100,201,19,18,218,0,0,0,0,0,15,109,102,154,194,44.8
gauntlet/20261001-021054-scrim-g_iter1/losses/andli28.v9_USQuals_angle__Occulus__botA.bc24,andli28.v9_USQuals_angle,0,B,v9_USQuals_angle,1,897,CAPTURE,1800,9300,201,19,20,246,18,3,15,145,63,0,261,196,194,154,45.9
gauntlet/20261001-021054-scrim-g_iter1/losses/andli28.v9_USQuals_angle__SteamboatMickey__botB.bc24,andli28.v9_USQuals_angle,0,A,v9_USQuals_angle,1,1095,CAPTURE,7300,15700,201,15,18,264,28,3,25,566,266,5,480,401,335,225,45.0
gauntlet/20261001-021054-scrim-g_iter1/losses/andli28.v9_USQuals_angle__SteamboatMickey__botB.bc24,andli28.v9_USQuals_angle,1,B,g_iter1,0,1095,CAPTURE,7300,10900,201,21,15,201,7,1,5,147,68,25,208,203,225,335,42.6
gauntlet/20261001-021054-scrim-g_iter1/losses/andli28.v9_USQuals_angle__QuestionableChess__botA.bc24,andli28.v9_USQuals_angle,1,A,g_iter1,0,1101,CAPTURE,0,0,201,10,16,270,0,0,0,0,0,11,101,96,245,291,43.6
gauntlet/20261001-021054-scrim-g_iter1/losses/andli28.v9_USQuals_angle__QuestionableChess__botA.bc24,andli28.v9_USQuals_angle,0,B,v9_USQuals_angle,1,1101,CAPTURE,0,0,219,19,14,231,14,3,11,191,88,0,190,167,291,245,44.7
gauntlet/20261001-021054-scrim-g_iter1/losses/andrewgopher.player22__Divergent__botB.bc24,andrewgopher.player22,0,A,player22,1,2000,LEVEL_SUM,3700,3700,203,12,18,260,18,0,3,166,72,13,366,319,693,520,43.6
gauntlet/20261001-021054-scrim-g_iter1/losses/andrewgopher.player22__Divergent__botB.bc24,andrewgopher.player22,1,B,g_iter1,0,2000,LEVEL_SUM,3700,3700,202,8,9,309,13,0,13,303,143,3,237,207,520,693,41.7
gauntlet/20261001-021054-scrim-g_iter1/losses/andrewgopher.player22__Fountain__botA.bc24,andrewgopher.player22,1,A,g_iter1,0,672,CAPTURE,1700,2700,224,0,0,375,3,0,3,5,1,13,73,69,191,129,45.6
gauntlet/20261001-021054-scrim-g_iter1/losses/andrewgopher.player22__Fountain__botA.bc24,andrewgopher.player22,0,B,player22,1,672,CAPTURE,1700,2700,211,3,7,331,19,3,13,174,80,3,49,46,129,191,43.2
gauntlet/20261001-021054-scrim-g_iter1/losses/andrewgopher.player22__StackGame__botA.bc24,andrewgopher.player22,1,A,g_iter1,0,374,CAPTURE,4600,4600,201,0,0,340,0,0,0,0,0,2,68,55,90,54,46.5
gauntlet/20261001-021054-scrim-g_iter1/losses/andrewgopher.player22__StackGame__botA.bc24,andrewgopher.player22,0,B,player22,1,374,CAPTURE,4600,4600,201,36,32,218,8,3,2,111,53,0,82,54,54,90,44.5
gauntlet/20261001-021054-scrim-g_iter1/losses/andrewgopher.player22__Snake__botA.bc24,andrewgopher.player22,1,A,g_iter1,0,2000,MORE_FLAG_CAPTURES,13100,29700,203,18,5,260,6,0,6,47,20,1,461,436,780,1032,37.4
gauntlet/20261001-021054-scrim-g_iter1/losses/andrewgopher.player22__Snake__botA.bc24,andrewgopher.player22,0,B,player22,1,2000,MORE_FLAG_CAPTURES,13100,32000,206,13,29,307,11,2,1,165,75,6,656,631,1032,780,40.5
gauntlet/20261001-021054-scrim-g_iter1/losses/andrewgopher.player22__WheresMyWater__botA.bc24,andrewgopher.player22,1,A,g_iter1,0,368,CAPTURE,3000,4500,201,2,1,201,1,1,0,12,6,4,57,51,97,70,45.7
gauntlet/20261001-021054-scrim-g_iter1/losses/andrewgopher.player22__WheresMyWater__botA.bc24,andrewgopher.player22,0,B,player22,1,368,CAPTURE,3000,5700,201,11,37,201,14,3,4,87,39,0,60,45,70,97,43.9
gauntlet/20261001-021054-scrim-g_iter1/losses/andrewgopher.player22__Yinyang__botB.bc24,andrewgopher.player22,0,A,player22,1,552,CAPTURE,2900,3200,201,31,29,208,10,3,4,105,46,0,85,60,88,207,41.0
gauntlet/20261001-021054-scrim-g_iter1/losses/andrewgopher.player22__Yinyang__botB.bc24,andrewgopher.player22,1,B,g_iter1,0,552,CAPTURE,2900,3200,201,0,2,388,0,0,0,0,0,4,75,58,207,88,46.1
gauntlet/20261001-021054-scrim-g_iter1/losses/chenyx512.flagbot_final__Bunkers__botA.bc24,chenyx512.flagbot_final,1,A,g_iter1,0,873,CAPTURE,2800,2800,201,5,12,286,3,0,3,91,44,4,104,94,61,368,40.0
gauntlet/20261001-021054-scrim-g_iter1/losses/chenyx512.flagbot_final__Bunkers__botA.bc24,chenyx512.flagbot_final,0,B,flagbot_final,1,873,CAPTURE,2800,2800,201,37,44,239,10,3,4,716,294,3,293,212,368,61,48.2
gauntlet/20261001-021054-scrim-g_iter1/losses/chenyx512.flagbot_final__Alligator__botA.bc24,chenyx512.flagbot_final,1,A,g_iter1,0,1165,CAPTURE,3300,4800,201,7,8,982,1,0,1,2,1,29,147,144,165,552,38.4
gauntlet/20261001-021054-scrim-g_iter1/losses/chenyx512.flagbot_final__Alligator__botA.bc24,chenyx512.flagbot_final,0,B,flagbot_final,1,1165,CAPTURE,3300,7800,201,16,27,209,35,3,29,815,317,1,490,382,552,165,46.5
gauntlet/20261001-021054-scrim-g_iter1/losses/chenyx512.flagbot_final__CH3353C4K3F4CT0RY__botB.bc24,chenyx512.flagbot_final,0,A,flagbot_final,1,1046,CAPTURE,13000,13400,205,26,25,269,25,3,19,791,329,0,551,471,453,122,47.1
gauntlet/20261001-021054-scrim-g_iter1/losses/chenyx512.flagbot_final__CH3353C4K3F4CT0RY__botB.bc24,chenyx512.flagbot_final,1,B,g_iter1,0,1046,CAPTURE,13000,13000,202,23,21,247,2,2,0,106,53,19,229,227,122,453,39.4
gauntlet/20261001-021054-scrim-g_iter1/losses/chenyx512.flagbot_final__Intercontinental__botA.bc24,chenyx512.flagbot_final,1,A,g_iter1,0,1190,CAPTURE,2400,4500,201,12,20,471,14,1,13,195,88,17,100,89,103,436,41.0
gauntlet/20261001-021054-scrim-g_iter1/losses/chenyx512.flagbot_final__Intercontinental__botA.bc24,chenyx512.flagbot_final,0,B,flagbot_final,1,1190,CAPTURE,2400,3300,201,14,17,387,23,3,17,794,320,13,180,162,436,103,47.8
gauntlet/20261001-021054-scrim-g_iter1/losses/chenyx512.flagbot_final__KingQuacksCastle__botB.bc24,chenyx512.flagbot_final,0,A,flagbot_final,1,780,CAPTURE,1600,12600,205,22,18,241,19,3,13,864,323,3,292,277,220,57,48.1
gauntlet/20261001-021054-scrim-g_iter1/losses/chenyx512.flagbot_final__KingQuacksCastle__botB.bc24,chenyx512.flagbot_final,1,B,g_iter1,0,780,CAPTURE,1600,2200,204,22,23,238,4,1,3,90,41,13,92,87,57,220,43.1
gauntlet/20261001-021054-scrim-g_iter1/losses/clbarrell.duck8__Islands__botB.bc24,clbarrell.duck8,0,A,duck8,1,616,CAPTURE,5800,5800,201,9,12,209,18,3,15,143,59,4,106,84,119,154,44.1
gauntlet/20261001-021054-scrim-g_iter1/losses/clbarrell.duck8__Islands__botB.bc24,clbarrell.duck8,1,B,g_iter1,0,616,CAPTURE,5800,5800,201,18,20,215,5,0,4,67,30,15,113,95,154,119,45.3
gauntlet/20261001-021054-scrim-g_iter1/losses/chenyx512.flagbot_final__OceanFloor__botB.bc24,chenyx512.flagbot_final,0,A,flagbot_final,1,1296,CAPTURE,1400,1400,201,29,21,218,13,3,7,923,386,9,302,253,371,88,48.3
gauntlet/20261001-021054-scrim-g_iter1/losses/chenyx512.flagbot_final__OceanFloor__botB.bc24,chenyx512.flagbot_final,1,B,g_iter1,0,1296,CAPTURE,1400,1400,201,34,40,262,10,0,9,340,162,7,135,131,88,371,43.0
gauntlet/20261001-021054-scrim-g_iter1/losses/clbarrell.duck8__Diagonal__botB.bc24,clbarrell.duck8,0,A,duck8,1,2000,MORE_FLAG_CAPTURES,5100,5100,201,31,16,245,14,1,13,132,47,14,304,236,275,667,41.9
gauntlet/20261001-021054-scrim-g_iter1/losses/clbarrell.duck8__Diagonal__botB.bc24,clbarrell.duck8,1,B,g_iter1,0,2000,MORE_FLAG_CAPTURES,5100,5100,201,16,18,309,14,0,14,610,225,13,285,205,667,275,46.6
gauntlet/20261001-021054-scrim-g_iter1/losses/dmtrung14.defaultplayer_intlqualifier__Foxes__botB.bc24,dmtrung14.defaultplayer_intlqualifier,0,A,defaultplayer_intlqualifier,1,2000,MORE_FLAG_CAPTURES,7500,7500,202,10,18,231,26,2,2,396,75,3,113,81,21,216,47.3
gauntlet/20261001-021054-scrim-g_iter1/losses/dmtrung14.defaultplayer_intlqualifier__Foxes__botB.bc24,dmtrung14.defaultplayer_intlqualifier,1,B,g_iter1,0,2000,MORE_FLAG_CAPTURES,7500,7500,202,31,28,258,3,0,3,148,72,2,250,89,216,21,49.7
gauntlet/20261001-021054-scrim-g_iter1/losses/dmtrung14.defaultplayer_intlqualifier__GaltonBoard__botB.bc24,dmtrung14.defaultplayer_intlqualifier,0,A,defaultplayer_intlqualifier,1,2000,MORE_FLAG_CAPTURES,0,0,201,19,14,207,23,2,0,316,5,3,66,57,79,1203,35.3
gauntlet/20261001-021054-scrim-g_iter1/losses/dmtrung14.defaultplayer_intlqualifier__GaltonBoard__botB.bc24,dmtrung14.defaultplayer_intlqualifier,1,B,g_iter1,0,2000,MORE_FLAG_CAPTURES,0,0,208,3,8,284,3,0,3,77,37,0,247,111,1203,79,49.0
gauntlet/20261001-021054-scrim-g_iter1/losses/dmtrung14.defaultplayer_intlqualifier__Klein__botA.bc24,dmtrung14.defaultplayer_intlqualifier,1,A,g_iter1,0,2000,MORE_FLAG_CAPTURES,6200,6200,238,2,4,201,1,0,1,1,0,1,239,29,288,18,49.8
gauntlet/20261001-021054-scrim-g_iter1/losses/dmtrung14.defaultplayer_intlqualifier__Klein__botA.bc24,dmtrung14.defaultplayer_intlqualifier,0,B,defaultplayer_intlqualifier,1,2000,MORE_FLAG_CAPTURES,5900,7700,202,15,17,209,9,1,1,300,96,1,50,35,18,288,46.4
gauntlet/20261001-021054-scrim-g_iter1/losses/hsmalladi.finalbot__BreadPudding__botB.bc24,hsmalladi.finalbot,0,A,finalbot,1,2000,MORE_FLAG_CAPTURES,2600,2800,211,13,19,270,27,2,19,719,77,5,360,342,585,639,42.3
gauntlet/20261001-021054-scrim-g_iter1/losses/hsmalladi.finalbot__BreadPudding__botB.bc24,hsmalladi.finalbot,1,B,g_iter1,0,2000,MORE_FLAG_CAPTURES,2600,3000,202,13,15,218,5,0,5,283,136,19,215,209,639,585,42.9
gauntlet/20261001-021054-scrim-g_iter1/losses/dmtrung14.defaultplayer_intlqualifier__OceanFloor__botB.bc24,dmtrung14.defaultplayer_intlqualifier,0,A,defaultplayer_intlqualifier,1,2000,MORE_FLAG_CAPTURES,1300,1400,201,18,10,225,37,1,17,517,186,3,78,66,29,1950,25.2
gauntlet/20261001-021054-scrim-g_iter1/losses/dmtrung14.defaultplayer_intlqualifier__OceanFloor__botB.bc24,dmtrung14.defaultplayer_intlqualifier,1,B,g_iter1,0,2000,MORE_FLAG_CAPTURES,1400,1400,201,39,41,224,3,0,3,14,6,17,837,642,1950,29,49.6
gauntlet/20261001-021054-scrim-g_iter1/losses/hsmalladi.finalbot__HungerGames__botB.bc24,hsmalladi.finalbot,0,A,finalbot,1,330,CAPTURE,700,17700,208,29,26,227,9,3,2,724,76,0,199,167,41,20,48.4
gauntlet/20261001-021054-scrim-g_iter1/losses/hsmalladi.finalbot__HungerGames__botB.bc24,hsmalladi.finalbot,1,B,g_iter1,0,330,CAPTURE,700,4500,203,16,13,320,1,0,0,4,2,2,65,53,20,41,47.1
gauntlet/20261001-021054-scrim-g_iter1/losses/hsmalladi.finalbot__Puzzle__botA.bc24,hsmalladi.finalbot,1,A,g_iter1,0,1087,CAPTURE,0,8600,207,8,12,331,10,1,9,346,167,37,163,134,302,251,44.3
gauntlet/20261001-021054-scrim-g_iter1/losses/hsmalladi.finalbot__Puzzle__botA.bc24,hsmalladi.finalbot,0,B,finalbot,1,1087,CAPTURE,0,14400,210,37,22,251,49,3,37,892,198,9,194,186,251,302,43.3
gauntlet/20261001-021054-scrim-g_iter1/losses/hsmalladi.finalbot__StackGame__botA.bc24,hsmalladi.finalbot,1,A,g_iter1,0,416,CAPTURE,4600,4600,201,0,0,360,1,0,1,30,14,11,75,68,87,81,45.7
gauntlet/20261001-021054-scrim-g_iter1/losses/hsmalladi.finalbot__StackGame__botA.bc24,hsmalladi.finalbot,0,B,finalbot,1,416,CAPTURE,4600,4600,201,36,29,232,19,3,11,727,83,1,75,64,81,87,45.0
gauntlet/20261001-021054-scrim-g_iter1/losses/hsmalladi.finalbot__Hurricane__botA.bc24,hsmalladi.finalbot,1,A,g_iter1,0,2000,MORE_FLAG_CAPTURES,4500,4500,201,17,33,271,5,0,5,272,132,30,221,206,748,583,43.0
gauntlet/20261001-021054-scrim-g_iter1/losses/hsmalladi.finalbot__Hurricane__botA.bc24,hsmalladi.finalbot,0,B,finalbot,1,2000,MORE_FLAG_CAPTURES,4500,4500,201,20,34,210,38,1,30,744,141,5,368,350,583,748,40.9
gauntlet/20261001-021054-scrim-g_iter1/losses/jmerle.camel_case_v21_final__HungerGames__botB.bc24,jmerle.camel_case_v21_final,0,A,camel_case_v21_final,1,390,CAPTURE,700,21000,203,42,37,220,7,3,4,167,81,0,242,213,128,37,47.8
gauntlet/20261001-021054-scrim-g_iter1/losses/jmerle.camel_case_v21_final__HungerGames__botB.bc24,jmerle.camel_case_v21_final,1,B,g_iter1,0,390,CAPTURE,600,1200,206,0,4,274,0,0,0,0,0,4,44,41,37,128,42.3
gauntlet/20261001-021054-scrim-g_iter1/losses/hsmalladi.finalbot__TwistedTreeline__botA.bc24,hsmalladi.finalbot,1,A,g_iter1,0,2000,MORE_FLAG_CAPTURES,2400,2400,212,8,8,277,8,1,7,124,59,86,250,246,785,603,42.6
gauntlet/20261001-021054-scrim-g_iter1/losses/hsmalladi.finalbot__TwistedTreeline__botA.bc24,hsmalladi.finalbot,0,B,finalbot,1,2000,MORE_FLAG_CAPTURES,2400,2400,202,42,18,251,102,2,86,1546,412,7,327,314,603,785,40.4
gauntlet/20261001-021054-scrim-g_iter1/losses/jmerle.camel_case_v21_final__GravitationalWaves__botB.bc24,jmerle.camel_case_v21_final,0,A,camel_case_v21_final,1,2000,MORE_FLAG_CAPTURES,3700,3700,201,34,33,201,1,1,0,63,32,5,162,125,370,635,42.2
gauntlet/20261001-021054-scrim-g_iter1/losses/jmerle.camel_case_v21_final__GravitationalWaves__botB.bc24,jmerle.camel_case_v21_final,1,B,g_iter1,0,2000,MORE_FLAG_CAPTURES,3700,3700,201,16,22,201,5,0,5,57,31,0,217,159,635,370,45.5
gauntlet/20261001-021054-scrim-g_iter1/losses/jmerle.camel_case_v21_final__OceanFloor__botB.bc24,jmerle.camel_case_v21_final,0,A,camel_case_v21_final,1,632,CAPTURE,1400,1400,201,34,37,238,7,3,4,288,142,5,95,93,129,178,43.4
gauntlet/20261001-021054-scrim-g_iter1/losses/jmerle.camel_case_v21_final__OceanFloor__botB.bc24,jmerle.camel_case_v21_final,1,B,g_iter1,0,632,CAPTURE,1400,1400,201,8,6,229,6,0,5,124,57,4,86,75,178,129,45.3
gauntlet/20261001-021054-scrim-g_iter1/losses/jmerle.camel_case_v21_final__Starfish__botB.bc24,jmerle.camel_case_v21_final,0,A,camel_case_v21_final,1,508,CAPTURE,4100,4200,201,15,30,201,3,3,0,74,36,1,34,31,150,154,42.9
gauntlet/20261001-021054-scrim-g_iter1/losses/jmerle.camel_case_v21_final__Starfish__botB.bc24,jmerle.camel_case_v21_final,1,B,g_iter1,0,508,CAPTURE,4100,4100,201,9,4,201,2,1,1,15,7,0,55,47,154,150,43.1
gauntlet/20261001-021054-scrim-g_iter1/losses/jmerle.camel_case_v21_final__Hurricane__botA.bc24,jmerle.camel_case_v21_final,1,A,g_iter1,0,2000,MORE_FLAG_CAPTURES,4500,4500,201,10,6,204,40,1,39,494,218,5,226,137,255,176,47.8
gauntlet/20261001-021054-scrim-g_iter1/losses/jmerle.camel_case_v21_final__Hurricane__botA.bc24,jmerle.camel_case_v21_final,0,B,camel_case_v21_final,1,2000,MORE_FLAG_CAPTURES,4500,4500,201,33,11,204,7,2,5,328,162,39,112,101,176,255,46.9
gauntlet/20261001-021054-scrim-g_iter1/losses/kyleezz.jeeryfix3__CH3353C4K3F4CT0RY__botB.bc24,kyleezz.jeeryfix3,0,A,jeeryfix3,1,2000,MORE_FLAG_CAPTURES,13000,13400,207,17,20,268,10,1,9,57,28,0,463,414,485,1362,33.3
gauntlet/20261001-021054-scrim-g_iter1/losses/kyleezz.jeeryfix3__CH3353C4K3F4CT0RY__botB.bc24,kyleezz.jeeryfix3,1,B,g_iter1,0,2000,MORE_FLAG_CAPTURES,13000,13000,203,1,6,351,0,0,0,0,0,9,337,304,1362,485,44.1
gauntlet/20261001-021054-scrim-g_iter1/losses/kyleezz.jeeryfix3__Digging__botB.bc24,kyleezz.jeeryfix3,0,A,jeeryfix3,1,2000,MORE_FLAG_CAPTURES,700,1800,206,25,27,222,4,1,3,27,12,0,219,216,407,1537,31.3
gauntlet/20261001-021054-scrim-g_iter1/losses/kyleezz.jeeryfix3__Digging__botB.bc24,kyleezz.jeeryfix3,1,B,g_iter1,0,2000,MORE_FLAG_CAPTURES,700,2100,206,2,0,366,0,0,0,0,0,3,228,204,1537,407,45.1
gauntlet/20261001-021054-scrim-g_iter1/losses/kyleezz.jeeryfix3__Hurricane__botB.bc24,kyleezz.jeeryfix3,0,A,jeeryfix3,1,2000,MORE_FLAG_CAPTURES,4500,4500,201,22,28,207,3,1,2,105,53,7,93,44,45,154,48.1
gauntlet/20261001-021054-scrim-g_iter1/losses/kyleezz.jeeryfix3__Hurricane__botB.bc24,kyleezz.jeeryfix3,1,B,g_iter1,0,2000,MORE_FLAG_CAPTURES,4500,4500,201,18,26,209,7,0,7,101,49,2,242,78,154,45,49.5
gauntlet/20261001-021054-scrim-g_iter1/losses/kyleezz.jeeryfix3__Skyline__botA.bc24,kyleezz.jeeryfix3,1,A,g_iter1,0,391,CAPTURE,21600,21600,204,13,3,368,0,0,0,0,0,8,217,177,122,34,47.9
gauntlet/20261001-021054-scrim-g_iter1/losses/kyleezz.jeeryfix3__Skyline__botA.bc24,kyleezz.jeeryfix3,0,B,jeeryfix3,1,391,CAPTURE,21600,21600,201,6,30,229,11,3,8,108,53,0,125,85,34,122,42.8
gauntlet/20261001-021054-scrim-g_iter1/losses/quesswho.cretplayer2_3__Battlefield__botB.bc24,quesswho.cretplayer2_3,0,A,cretplayer2_3,1,412,CAPTURE,3700,3700,202,5,25,202,18,3,12,801,87,3,64,57,99,121,42.1
gauntlet/20261001-021054-scrim-g_iter1/losses/quesswho.cretplayer2_3__Battlefield__botB.bc24,quesswho.cretplayer2_3,1,B,g_iter1,0,412,CAPTURE,3700,3700,202,12,10,227,3,0,3,10,3,12,72,52,121,99,44.6
gauntlet/20261001-021054-scrim-g_iter1/losses/quesswho.cretplayer2_3__KingQuacksCastle__botB.bc24,quesswho.cretplayer2_3,0,A,cretplayer2_3,1,751,CAPTURE,1600,9700,205,28,34,229,23,3,17,988,208,7,126,118,185,265,40.8
gauntlet/20261001-021054-scrim-g_iter1/losses/quesswho.cretplayer2_3__KingQuacksCastle__botB.bc24,quesswho.cretplayer2_3,1,B,g_iter1,0,751,CAPTURE,1600,3600,204,33,27,219,7,0,7,164,75,17,103,80,265,185,44.0
gauntlet/20261001-021054-scrim-g_iter1/losses/quesswho.cretplayer2_3__Canals__botA.bc24,quesswho.cretplayer2_3,1,A,g_iter1,0,2000,MORE_FLAG_CAPTURES,4600,4800,244,2,2,369,19,1,18,253,120,23,484,413,1251,332,45.9
gauntlet/20261001-021054-scrim-g_iter1/losses/quesswho.cretplayer2_3__Canals__botA.bc24,quesswho.cretplayer2_3,0,B,cretplayer2_3,1,2000,MORE_FLAG_CAPTURES,4600,5300,206,27,7,227,28,2,23,930,237,18,234,228,332,1251,34.5
gauntlet/20261001-021054-scrim-g_iter1/losses/quesswho.cretplayer2_3__OceanFloor__botA.bc24,quesswho.cretplayer2_3,1,A,g_iter1,0,569,CAPTURE,1400,1400,201,40,41,307,7,0,6,511,245,1,91,59,123,27,48.8
gauntlet/20261001-021054-scrim-g_iter1/losses/quesswho.cretplayer2_3__OceanFloor__botA.bc24,quesswho.cretplayer2_3,0,B,cretplayer2_3,1,569,CAPTURE,1400,1400,201,14,2,214,7,3,1,893,196,6,43,37,27,123,44.0
gauntlet/20261001-021054-scrim-g_iter1/losses/winkelmantanner.waffle__Islands__botA.bc24,winkelmantanner.waffle,1,A,g_iter1,0,378,CAPTURE,5800,5800,201,11,8,240,0,0,0,0,0,12,63,51,90,45,47.2
gauntlet/20261001-021054-scrim-g_iter1/losses/winkelmantanner.waffle__Islands__botA.bc24,winkelmantanner.waffle,0,B,waffle,1,378,CAPTURE,5800,5800,201,20,5,215,15,3,12,165,76,0,93,89,45,90,44.3
gauntlet/20261001-021054-scrim-g_iter1/losses/quesswho.cretplayer2_3__Tunnels__botB.bc24,quesswho.cretplayer2_3,0,A,cretplayer2_3,1,2000,MORE_FLAG_CAPTURES,2400,3000,204,2,0,220,44,2,39,814,96,7,217,202,309,1704,29.1
gauntlet/20261001-021054-scrim-g_iter1/losses/quesswho.cretplayer2_3__Tunnels__botB.bc24,quesswho.cretplayer2_3,1,B,g_iter1,0,2000,MORE_FLAG_CAPTURES,2400,3600,203,20,18,233,7,0,7,35,13,39,239,218,1704,309,46.2
gauntlet/20261001-021054-scrim-g_iter1/losses/winkelmantanner.waffle__Gauntlet__botB.bc24,winkelmantanner.waffle,0,A,waffle,1,1424,CAPTURE,2100,3300,204,27,33,236,22,3,19,289,134,3,205,201,288,608,39.6
gauntlet/20261001-021054-scrim-g_iter1/losses/winkelmantanner.waffle__Gauntlet__botB.bc24,winkelmantanner.waffle,1,B,g_iter1,0,1424,CAPTURE,2100,2300,205,7,9,274,4,1,3,91,42,19,168,148,608,288,45.1
gauntlet/20261001-021054-scrim-g_iter1/losses/winkelmantanner.waffle__StackGame__botB.bc24,winkelmantanner.waffle,0,A,waffle,1,356,CAPTURE,4600,4600,201,27,17,209,12,3,9,132,62,1,83,67,47,86,44.4
gauntlet/20261001-021054-scrim-g_iter1/losses/winkelmantanner.waffle__StackGame__botB.bc24,winkelmantanner.waffle,1,B,g_iter1,0,356,CAPTURE,4600,4600,203,0,10,284,1,0,1,13,6,9,65,42,86,47,46.8
gauntlet/20261001-021054-scrim-g_iter1/losses/winkelmantanner.waffle__Skyline__botA.bc24,winkelmantanner.waffle,1,A,g_iter1,0,393,CAPTURE,21600,21600,204,12,2,248,0,0,0,0,0,9,211,145,74,59,46.5
gauntlet/20261001-021054-scrim-g_iter1/losses/winkelmantanner.waffle__Skyline__botA.bc24,winkelmantanner.waffle,0,B,waffle,1,393,CAPTURE,21300,21300,201,15,31,213,12,3,9,139,67,0,243,200,59,74,45.3
gauntlet/20261001-021054-scrim-g_iter1/losses/winkelmantanner.waffle__Whirlpool__botB.bc24,winkelmantanner.waffle,0,A,waffle,1,614,CAPTURE,2800,3100,201,20,17,337,14,3,11,176,80,0,75,54,103,117,45.5
gauntlet/20261001-021054-scrim-g_iter1/losses/winkelmantanner.waffle__Whirlpool__botB.bc24,winkelmantanner.waffle,1,B,g_iter1,0,614,CAPTURE,2800,6900,201,22,15,475,0,0,0,0,0,11,91,79,117,103,46.0
gauntlet/20261001-021054-scrim-g_iter1/replays/ColtG5.Goob_final__DefaultLarge__botA.bc24,ColtG5.Goob_final,1,A,g_iter1,1,2000,MORE_FLAG_CAPTURES,1800,2600,232,2,0,416,5,2,3,227,150,20,545,463,1416,487,44.1
gauntlet/20261001-021054-scrim-g_iter1/replays/ColtG5.Goob_final__DefaultLarge__botA.bc24,ColtG5.Goob_final,0,B,Goob_final,0,2000,MORE_FLAG_CAPTURES,1800,6500,203,36,7,231,20,0,20,198,84,3,289,275,487,1416,32.8
gauntlet/20261001-021054-scrim-g_iter1/replays/ColtG5.Goob_final__BigDucksBigPond__botB.bc24,ColtG5.Goob_final,0,A,Goob_final,0,1961,CAPTURE,4800,8600,201,29,3,232,8,1,7,102,48,4,276,271,547,1421,32.3
gauntlet/20261001-021054-scrim-g_iter1/replays/ColtG5.Goob_final__BigDucksBigPond__botB.bc24,ColtG5.Goob_final,1,B,g_iter1,1,1961,CAPTURE,5100,5300,201,9,9,297,7,3,4,295,163,7,557,480,1421,547,43.2
gauntlet/20261001-021054-scrim-g_iter1/replays/ColtG5.Goob_final__MazeRunner__botA.bc24,ColtG5.Goob_final,1,A,g_iter1,1,2000,LEVEL_SUM,2600,5000,212,0,0,386,0,0,0,0,0,7,230,174,1017,467,44.3
gauntlet/20261001-021054-scrim-g_iter1/replays/ColtG5.Goob_final__MazeRunner__botA.bc24,ColtG5.Goob_final,0,B,Goob_final,0,2000,LEVEL_SUM,2600,5300,207,17,24,309,7,0,7,34,12,0,292,269,467,1017,37.6
gauntlet/20261001-021054-scrim-g_iter1/replays/ColtG5.Goob_final__OceanFloor__botA.bc24,ColtG5.Goob_final,1,A,g_iter1,1,1818,CAPTURE,1400,1400,201,7,10,226,6,3,3,417,201,15,371,312,1109,345,45.4
gauntlet/20261001-021054-scrim-g_iter1/replays/ColtG5.Goob_final__OceanFloor__botA.bc24,ColtG5.Goob_final,0,B,Goob_final,0,1818,CAPTURE,1400,1400,201,31,19,227,17,2,15,195,86,3,228,221,345,1109,35.2
gauntlet/20261001-021054-scrim-g_iter1/replays/CyrilSharma.finalBot__Fusbol__botA.bc24,CyrilSharma.finalBot,1,A,g_iter1,1,2000,LEVEL_SUM,7200,15600,202,31,29,268,0,0,0,0,0,0,445,392,614,355,45.5
gauntlet/20261001-021054-scrim-g_iter1/replays/CyrilSharma.finalBot__Fusbol__botA.bc24,CyrilSharma.finalBot,0,B,finalBot,0,2000,LEVEL_SUM,1800,2400,241,6,23,300,0,0,0,0,0,0,300,295,355,614,40.6
gauntlet/20261001-021054-scrim-g_iter1/replays/Gymhgy.v10official__Starfish__botB.bc24,Gymhgy.v10official,0,A,v10official,0,1890,CAPTURE,4100,4100,201,18,19,201,37,2,15,651,257,5,199,196,421,892,38.6
gauntlet/20261001-021054-scrim-g_iter1/replays/Gymhgy.v10official__Starfish__botB.bc24,Gymhgy.v10official,1,B,g_iter1,1,1890,CAPTURE,4100,4200,201,21,13,201,8,3,5,138,74,15,223,217,892,421,44.6
gauntlet/20261001-021054-scrim-g_iter1/replays/NotLLeon.v3__Decision__botB.bc24,NotLLeon.v3,0,A,v3,0,2000,LEVEL_SUM,1500,1700,206,20,30,298,99,2,64,1774,857,31,195,191,239,352,45.7
gauntlet/20261001-021054-scrim-g_iter1/replays/NotLLeon.v3__Decision__botB.bc24,NotLLeon.v3,1,B,g_iter1,1,2000,LEVEL_SUM,1900,2100,202,28,27,277,33,2,31,2094,1028,64,261,200,352,239,47.1
gauntlet/20261001-021054-scrim-g_iter1/replays/NotLLeon.v3__Hurricane__botB.bc24,NotLLeon.v3,0,A,v3,0,2000,LEVEL_SUM,4500,4500,201,18,14,216,79,0,79,550,257,20,163,133,121,199,47.6
gauntlet/20261001-021054-scrim-g_iter1/replays/NotLLeon.v3__Hurricane__botB.bc24,NotLLeon.v3,1,B,g_iter1,1,2000,LEVEL_SUM,4500,4500,201,16,20,213,20,0,20,258,109,79,226,161,199,121,48.5
gauntlet/20261001-021054-scrim-g_iter1/replays/SampleProvider.TSPAARKSPRINT1__EndAround__botA.bc24,SampleProvider.TSPAARKSPRINT1,1,A,g_iter1,1,1742,CAPTURE,2200,5200,203,36,41,227,108,3,105,2354,1082,2,358,272,656,183,47.4
gauntlet/20261001-021054-scrim-g_iter1/replays/SampleProvider.TSPAARKSPRINT1__EndAround__botA.bc24,SampleProvider.TSPAARKSPRINT1,0,B,TSPAARKSPRINT1,0,1742,CAPTURE,2500,4000,265,0,6,285,5,0,2,341,51,105,70,70,183,656,40.7
gauntlet/20261001-021054-scrim-g_iter1/replays/SampleProvider.TSPAARKSPRINT1__KingQuacksCastle__botB.bc24,SampleProvider.TSPAARKSPRINT1,0,A,TSPAARKSPRINT1,0,686,CAPTURE,1600,5300,206,33,30,228,15,2,10,564,205,17,58,57,49,126,45.6
gauntlet/20261001-021054-scrim-g_iter1/replays/SampleProvider.TSPAARKSPRINT1__KingQuacksCastle__botB.bc24,SampleProvider.TSPAARKSPRINT1,1,B,g_iter1,1,686,CAPTURE,1600,3500,204,16,15,211,20,3,17,475,224,10,86,80,126,49,48.2
gauntlet/20261001-021054-scrim-g_iter1/replays/SampleProvider.TSPAARKSPRINT1__WheresMyWater__botB.bc24,SampleProvider.TSPAARKSPRINT1,0,A,TSPAARKSPRINT1,0,930,CAPTURE,3000,3600,201,3,4,204,28,2,22,675,215,12,25,25,48,285,42.6
gauntlet/20261001-021054-scrim-g_iter1/replays/SampleProvider.TSPAARKSPRINT1__WheresMyWater__botB.bc24,SampleProvider.TSPAARKSPRINT1,1,B,g_iter1,1,930,CAPTURE,3000,4800,201,10,10,201,15,3,12,229,104,22,158,150,285,48,48.7
gauntlet/20261001-021054-scrim-g_iter1/replays/awu7.ExplosiveBot__Alligator__botA.bc24,awu7.ExplosiveBot,1,A,g_iter1,1,1516,CAPTURE,3300,6300,201,16,14,214,10,3,7,244,113,16,425,325,987,217,46.5
gauntlet/20261001-021054-scrim-g_iter1/replays/awu7.ExplosiveBot__Alligator__botA.bc24,awu7.ExplosiveBot,0,B,ExplosiveBot,0,1516,CAPTURE,3300,6000,201,15,16,228,44,1,16,105,27,7,117,115,217,987,34.3
gauntlet/20261001-021054-scrim-g_iter1/replays/awu7.ExplosiveBot__Canals__botA.bc24,awu7.ExplosiveBot,1,A,g_iter1,1,1369,CAPTURE,4600,4800,256,0,31,281,18,3,15,508,230,18,449,379,1098,154,47.2
gauntlet/20261001-021054-scrim-g_iter1/replays/awu7.ExplosiveBot__Canals__botA.bc24,awu7.ExplosiveBot,0,B,ExplosiveBot,0,1369,CAPTURE,4600,5400,202,11,9,209,35,1,18,202,82,15,117,107,154,1098,30.5
gauntlet/20261001-021054-scrim-g_iter1/replays/awu7.ExplosiveBot__Capacitance__botB.bc24,awu7.ExplosiveBot,0,A,ExplosiveBot,0,1262,CAPTURE,3600,4800,201,11,12,222,32,1,12,107,36,5,103,79,115,739,35.8
gauntlet/20261001-021054-scrim-g_iter1/replays/awu7.ExplosiveBot__Capacitance__botB.bc24,awu7.ExplosiveBot,1,B,g_iter1,1,1262,CAPTURE,3600,5200,201,19,27,210,8,3,5,283,137,12,247,212,739,115,47.8
gauntlet/20261001-021054-scrim-g_iter1/replays/awu7.ExplosiveBot__GaltonBoard__botA.bc24,awu7.ExplosiveBot,1,A,g_iter1,1,1075,CAPTURE,0,600,201,8,4,288,5,3,2,204,87,0,243,155,812,72,48.3
gauntlet/20261001-021054-scrim-g_iter1/replays/awu7.ExplosiveBot__GaltonBoard__botA.bc24,awu7.ExplosiveBot,0,B,ExplosiveBot,0,1075,CAPTURE,0,1500,209,23,15,232,8,1,0,10,4,2,47,44,72,812,32.0
gauntlet/20261001-021054-scrim-g_iter1/replays/awu7.ExplosiveBot__Joker__botB.bc24,awu7.ExplosiveBot,0,A,ExplosiveBot,0,1387,CAPTURE,14500,15600,201,17,4,254,40,2,11,109,31,22,181,157,207,827,35.4
gauntlet/20261001-021054-scrim-g_iter1/replays/awu7.ExplosiveBot__Joker__botB.bc24,awu7.ExplosiveBot,1,B,g_iter1,1,1387,CAPTURE,14500,23200,202,32,37,229,25,3,22,786,373,11,586,499,827,207,46.3
gauntlet/20261001-021054-scrim-g_iter1/replays/awu7.ExplosiveBot__Klein__botB.bc24,awu7.ExplosiveBot,0,A,ExplosiveBot,0,2000,MORE_FLAG_CAPTURES,6600,6600,202,0,2,207,11,0,8,49,11,22,117,109,204,1577,30.8
gauntlet/20261001-021054-scrim-g_iter1/replays/awu7.ExplosiveBot__Klein__botB.bc24,awu7.ExplosiveBot,1,B,g_iter1,1,2000,MORE_FLAG_CAPTURES,6300,6300,203,33,28,224,25,2,22,1030,542,8,673,588,1577,204,47.5
gauntlet/20261001-021054-scrim-g_iter1/replays/clbarrell.duck8__Fountain__botA.bc24,clbarrell.duck8,1,A,g_iter1,1,1507,CAPTURE,1700,2900,209,18,15,225,8,3,5,241,115,44,159,125,739,270,45.6
gauntlet/20261001-021054-scrim-g_iter1/replays/clbarrell.duck8__Fountain__botA.bc24,clbarrell.duck8,0,B,duck8,0,1507,CAPTURE,1700,2500,212,13,5,256,46,2,44,181,68,5,162,155,270,739,38.1
gauntlet/20261001-021054-scrim-g_iter1/replays/clbarrell.duck8__Hockey__botB.bc24,clbarrell.duck8,0,A,duck8,0,2000,LEVEL_SUM,3300,3600,203,17,28,239,5,0,5,5,1,0,322,252,341,888,39.2
gauntlet/20261001-021054-scrim-g_iter1/replays/clbarrell.duck8__Hockey__botB.bc24,clbarrell.duck8,1,B,g_iter1,1,2000,LEVEL_SUM,3300,3300,205,15,0,508,0,0,0,0,0,5,225,186,888,341,45.8
gauntlet/20261001-021054-scrim-g_iter1/replays/clbarrell.duck8__Mountain__botB.bc24,clbarrell.duck8,0,A,duck8,0,2000,LEVEL_SUM,4100,5900,202,19,5,202,22,1,21,108,38,4,253,245,343,1315,34.0
gauntlet/20261001-021054-scrim-g_iter1/replays/clbarrell.duck8__Mountain__botB.bc24,clbarrell.duck8,1,B,g_iter1,1,2000,LEVEL_SUM,4100,5000,229,3,3,307,7,1,4,241,140,21,489,398,1315,343,45.8
gauntlet/20261001-021054-scrim-g_iter1/replays/clbarrell.duck8__Whirlpool__botA.bc24,clbarrell.duck8,1,A,g_iter1,1,2000,MORE_FLAG_CAPTURES,2800,2800,201,5,0,412,9,2,6,450,260,22,326,258,1217,371,45.5
gauntlet/20261001-021054-scrim-g_iter1/replays/clbarrell.duck8__Whirlpool__botA.bc24,clbarrell.duck8,0,B,duck8,0,2000,MORE_FLAG_CAPTURES,2800,7200,201,23,27,270,22,0,22,65,19,6,282,261,371,1217,35.2
gauntlet/20261001-021054-scrim-g_iter1/replays/dmtrung14.defaultplayer_intlqualifier__DefaultHuge__botA.bc24,dmtrung14.defaultplayer_intlqualifier,1,A,g_iter1,1,2000,LEVEL_SUM,3700,3700,201,24,24,201,5,2,3,163,80,12,484,330,1046,30,49.6
gauntlet/20261001-021054-scrim-g_iter1/replays/dmtrung14.defaultplayer_intlqualifier__DefaultHuge__botA.bc24,dmtrung14.defaultplayer_intlqualifier,0,B,defaultplayer_intlqualifier,0,2000,LEVEL_SUM,3400,3400,201,8,14,204,28,2,12,378,125,3,103,95,30,1046,37.1
gauntlet/20261001-021054-scrim-g_iter1/replays/dmtrung14.defaultplayer_intlqualifier__StarryNight__botA.bc24,dmtrung14.defaultplayer_intlqualifier,1,A,g_iter1,1,2000,LEVEL_SUM,13600,13700,201,22,27,231,3,1,2,101,50,8,367,244,882,32,49.6
gauntlet/20261001-021054-scrim-g_iter1/replays/dmtrung14.defaultplayer_intlqualifier__StarryNight__botA.bc24,dmtrung14.defaultplayer_intlqualifier,0,B,defaultplayer_intlqualifier,0,2000,LEVEL_SUM,13600,14600,201,8,2,207,31,1,8,328,9,2,91,80,32,882,38.7
gauntlet/20261001-021054-scrim-g_iter1/replays/jonters.bling3__Alien__botA.bc24,jonters.bling3,1,A,g_iter1,1,1832,CAPTURE,3300,3300,202,8,4,228,20,3,17,353,175,36,304,239,1052,382,44.9
gauntlet/20261001-021054-scrim-g_iter1/replays/jonters.bling3__Alien__botA.bc24,jonters.bling3,0,B,bling3,0,1832,CAPTURE,3300,3300,202,29,37,219,38,2,36,243,90,17,153,149,382,1052,35.5
gauntlet/20261001-021054-scrim-g_iter1/replays/jonters.bling3__DefaultHuge__botB.bc24,jonters.bling3,0,A,bling3,0,2000,MORE_FLAG_CAPTURES,3700,3700,201,25,28,211,8,1,7,119,51,11,137,121,214,808,39.7
gauntlet/20261001-021054-scrim-g_iter1/replays/jonters.bling3__DefaultHuge__botB.bc24,jonters.bling3,1,B,g_iter1,1,2000,MORE_FLAG_CAPTURES,3700,3700,201,26,21,204,13,2,11,645,317,7,319,282,808,214,47.4
gauntlet/20261001-021054-scrim-g_iter1/replays/jonters.bling3__Hockey__botB.bc24,jonters.bling3,0,A,bling3,0,1461,CAPTURE,3300,3600,219,3,1,377,5,1,4,93,40,25,98,96,227,744,37.1
gauntlet/20261001-021054-scrim-g_iter1/replays/jonters.bling3__Hockey__botB.bc24,jonters.bling3,1,B,g_iter1,1,1461,CAPTURE,3300,3300,211,3,8,270,28,3,25,610,295,4,313,234,744,227,46.3
gauntlet/20261001-021054-scrim-g_iter1/replays/jonters.bling3__Randy__botB.bc24,jonters.bling3,0,A,bling3,0,2000,MORE_FLAG_CAPTURES,3400,8000,201,16,22,203,7,0,7,54,24,39,173,173,372,887,38.9
gauntlet/20261001-021054-scrim-g_iter1/replays/jonters.bling3__Randy__botB.bc24,jonters.bling3,1,B,g_iter1,1,2000,MORE_FLAG_CAPTURES,3400,5200,201,5,12,206,41,2,39,180,75,7,316,298,887,372,45.4
gauntlet/20261001-021054-scrim-g_iter1/replays/jonters.bling3__Whirlpool__botB.bc24,jonters.bling3,0,A,bling3,0,1443,CAPTURE,2800,7200,201,20,33,365,1,1,0,40,20,12,121,115,183,621,39.0
gauntlet/20261001-021054-scrim-g_iter1/replays/jonters.bling3__Whirlpool__botB.bc24,jonters.bling3,1,B,g_iter1,1,1443,CAPTURE,2800,2800,201,9,10,499,15,3,12,320,144,0,208,137,621,183,46.9
gauntlet/20261001-021054-scrim-g_iter1/replays/jonters.bling3__Snake__botA.bc24,jonters.bling3,1,A,g_iter1,1,1640,CAPTURE,13100,28000,203,22,21,220,19,3,16,450,217,1,486,364,616,279,45.8
gauntlet/20261001-021054-scrim-g_iter1/replays/jonters.bling3__Snake__botA.bc24,jonters.bling3,0,B,bling3,0,1640,CAPTURE,13100,23900,204,2,20,242,2,1,1,73,36,16,195,189,279,616,40.6
gauntlet/20261001-021054-scrim-g_iter1/replays/justinottesen.sprint1__Battlecode24__botB.bc24,justinottesen.sprint1,0,A,sprint1,0,550,CAPTURE,11100,16200,210,0,5,307,0,0,0,0,0,7,78,71,71,172,42.4
gauntlet/20261001-021054-scrim-g_iter1/replays/justinottesen.sprint1__Battlecode24__botB.bc24,justinottesen.sprint1,1,B,g_iter1,1,550,CAPTURE,12000,24900,202,39,30,211,10,3,7,222,108,0,314,227,172,71,46.8
gauntlet/20261001-021054-scrim-g_iter1/replays/justinottesen.sprint1__GaltonBoard__botB.bc24,justinottesen.sprint1,0,A,sprint1,0,1100,CAPTURE,0,21900,201,9,20,270,1,0,1,1,1,4,177,174,128,888,30.7
gauntlet/20261001-021054-scrim-g_iter1/replays/justinottesen.sprint1__GaltonBoard__botB.bc24,justinottesen.sprint1,1,B,g_iter1,1,1100,CAPTURE,0,8500,203,0,0,288,7,3,4,229,90,1,319,252,888,128,47.1
gauntlet/20261001-021054-scrim-g_iter1/replays/justinottesen.sprint1__Hurricane__botB.bc24,justinottesen.sprint1,0,A,sprint1,0,1737,CAPTURE,4200,4200,201,19,8,208,30,0,30,384,171,29,66,58,66,962,36.6
gauntlet/20261001-021054-scrim-g_iter1/replays/justinottesen.sprint1__Hurricane__botB.bc24,justinottesen.sprint1,1,B,g_iter1,1,1737,CAPTURE,4500,4500,201,32,40,214,32,3,29,762,365,30,392,344,962,66,49.1
gauntlet/20261001-021054-scrim-g_iter1/replays/justinottesen.sprint1__Joker__botA.bc24,justinottesen.sprint1,1,A,g_iter1,1,728,CAPTURE,14500,21200,201,28,5,235,15,3,12,273,133,5,307,259,291,117,46.0
gauntlet/20261001-021054-scrim-g_iter1/replays/justinottesen.sprint1__Joker__botA.bc24,justinottesen.sprint1,0,B,sprint1,0,728,CAPTURE,14500,20700,212,1,8,237,5,0,5,70,31,12,140,122,117,291,40.5
gauntlet/20261001-021054-scrim-g_iter1/replays/justinottesen.sprint1__Rivers__botB.bc24,justinottesen.sprint1,0,A,sprint1,0,615,CAPTURE,1400,2100,207,4,1,384,1,0,1,1,0,6,31,30,24,394,34.9
gauntlet/20261001-021054-scrim-g_iter1/replays/justinottesen.sprint1__Rivers__botB.bc24,justinottesen.sprint1,1,B,g_iter1,1,615,CAPTURE,1500,2100,215,6,22,260,9,3,6,371,179,1,135,91,394,24,49.0
gauntlet/20261001-021054-scrim-g_iter1/replays/justinottesen.sprint1__StarryNight__botA.bc24,justinottesen.sprint1,1,A,g_iter1,1,661,CAPTURE,13600,13600,201,9,4,207,10,3,7,229,109,5,222,194,383,105,46.0
gauntlet/20261001-021054-scrim-g_iter1/replays/justinottesen.sprint1__StarryNight__botA.bc24,justinottesen.sprint1,0,B,sprint1,0,661,CAPTURE,13600,18600,201,11,16,219,5,0,5,29,9,7,102,103,105,383,36.1
gauntlet/20261001-021054-scrim-g_iter1/replays/kyleezz.jeeryfix3__OceanFloor__botA.bc24,kyleezz.jeeryfix3,1,A,g_iter1,1,843,CAPTURE,1400,1400,201,4,26,357,4,3,1,411,205,4,174,83,378,115,46.7
gauntlet/20261001-021054-scrim-g_iter1/replays/kyleezz.jeeryfix3__OceanFloor__botA.bc24,kyleezz.jeeryfix3,0,B,jeeryfix3,0,843,CAPTURE,1400,1400,201,34,8,221,6,2,4,112,55,1,86,82,115,378,39.2
gauntlet/20261001-021054-scrim-g_iter1/replays/winkelmantanner.waffle__BedWars__botA.bc24,winkelmantanner.waffle,1,A,g_iter1,1,737,CAPTURE,2400,5400,248,1,3,313,5,3,2,199,98,14,72,48,161,43,48.6
gauntlet/20261001-021054-scrim-g_iter1/replays/winkelmantanner.waffle__BedWars__botA.bc24,winkelmantanner.waffle,0,B,waffle,0,737,CAPTURE,2400,4300,206,5,3,259,16,1,14,73,29,2,34,34,43,161,44.9
gauntlet/20261001-021054-scrim-g_iter1/replays/quesswho.cretplayer2_3__Capacitance__botA.bc24,quesswho.cretplayer2_3,1,A,g_iter1,1,1303,CAPTURE,3600,5300,201,15,11,201,3,3,0,121,60,53,207,196,585,330,43.8
gauntlet/20261001-021054-scrim-g_iter1/replays/quesswho.cretplayer2_3__Capacitance__botA.bc24,quesswho.cretplayer2_3,0,B,cretplayer2_3,0,1303,CAPTURE,3600,4700,201,24,23,221,58,2,53,1880,540,0,229,226,330,585,38.7
gauntlet/20261001-021054-scrim-g_iter1/replays/kyleezz.jeeryfix3__YearOfTheDragon__botB.bc24,kyleezz.jeeryfix3,0,A,jeeryfix3,0,2000,LEVEL_SUM,10800,10800,201,25,31,228,4,1,3,37,14,7,338,338,411,1349,33.6
gauntlet/20261001-021054-scrim-g_iter1/replays/kyleezz.jeeryfix3__YearOfTheDragon__botB.bc24,kyleezz.jeeryfix3,1,B,g_iter1,1,2000,LEVEL_SUM,10800,10800,201,14,0,443,8,1,7,59,44,3,610,535,1349,411,45.0
gauntlet/20261001-033010-scrim-g_iter1/losses/ColtG5.Goob_final__TreeSearch__botA.bc24,ColtG5.Goob_final,1,A,g_iter1,0,453,CAPTURE,3200,4100,206,3,15,257,0,0,0,0,0,8,55,48,132,36,48.1
gauntlet/20261001-033010-scrim-g_iter1/losses/ColtG5.Goob_final__TreeSearch__botA.bc24,ColtG5.Goob_final,0,B,Goob_final,1,453,CAPTURE,3200,5900,203,37,2,242,11,3,8,123,58,0,70,45,36,132,43.1
gauntlet/20261001-033010-scrim-g_iter1/losses/ColtG5.Goob_final__Fountain__botA.bc24,ColtG5.Goob_final,1,A,g_iter1,0,1748,CAPTURE,1700,2300,319,0,0,391,0,0,0,0,0,13,173,158,1064,293,45.9
gauntlet/20261001-033010-scrim-g_iter1/losses/ColtG5.Goob_final__Fountain__botA.bc24,ColtG5.Goob_final,0,B,Goob_final,1,1748,CAPTURE,1700,3100,208,30,20,216,16,3,13,153,67,0,163,144,293,1064,35.1
gauntlet/20261001-033010-scrim-g_iter1/losses/ColtG5.Goob_final__Racetrack__botA.bc24,ColtG5.Goob_final,1,A,g_iter1,0,2000,MORE_FLAG_CAPTURES,0,0,204,0,0,389,0,0,0,0,0,21,180,139,1097,367,45.6
gauntlet/20261001-033010-scrim-g_iter1/losses/ColtG5.Goob_final__Racetrack__botA.bc24,ColtG5.Goob_final,0,B,Goob_final,1,2000,MORE_FLAG_CAPTURES,0,0,203,28,24,229,23,2,21,170,73,0,267,252,367,1097,36.5
gauntlet/20261001-033010-scrim-g_iter1/losses/CyrilSharma.finalBot__Asteroids__botB.bc24,CyrilSharma.finalBot,0,A,finalBot,1,546,CAPTURE,800,4700,210,26,21,250,9,3,6,236,118,2,125,117,78,70,47.0
gauntlet/20261001-033010-scrim-g_iter1/losses/CyrilSharma.finalBot__Asteroids__botB.bc24,CyrilSharma.finalBot,1,B,g_iter1,0,546,CAPTURE,800,1600,210,14,15,310,3,1,2,71,34,6,58,50,70,78,46.6
gauntlet/20261001-033010-scrim-g_iter1/losses/CyrilSharma.finalBot__Decision__botA.bc24,CyrilSharma.finalBot,1,A,g_iter1,0,641,CAPTURE,1900,2200,202,19,20,250,5,1,4,278,129,6,48,38,54,79,47.0
gauntlet/20261001-033010-scrim-g_iter1/losses/CyrilSharma.finalBot__Decision__botA.bc24,CyrilSharma.finalBot,0,B,finalBot,1,641,CAPTURE,1100,1400,203,42,45,268,9,3,6,357,175,4,103,83,79,54,48.0
gauntlet/20261001-033010-scrim-g_iter1/losses/CyrilSharma.finalBot__HungerGames__botA.bc24,CyrilSharma.finalBot,1,A,g_iter1,0,503,CAPTURE,600,1400,204,5,1,293,0,0,0,0,0,5,58,56,65,144,43.0
gauntlet/20261001-033010-scrim-g_iter1/losses/CyrilSharma.finalBot__HungerGames__botA.bc24,CyrilSharma.finalBot,0,B,finalBot,1,503,CAPTURE,700,20700,203,23,33,252,8,3,5,179,83,0,332,286,144,65,46.9
gauntlet/20261001-033010-scrim-g_iter1/losses/CyrilSharma.finalBot__HungerGames__botB.bc24,CyrilSharma.finalBot,0,A,finalBot,1,457,CAPTURE,700,17500,203,17,24,260,13,3,10,164,78,0,283,195,84,60,46.9
gauntlet/20261001-033010-scrim-g_iter1/losses/CyrilSharma.finalBot__HungerGames__botB.bc24,CyrilSharma.finalBot,1,B,g_iter1,0,457,CAPTURE,700,4700,203,12,9,218,0,0,0,0,0,10,83,73,60,84,45.9
gauntlet/20261001-033010-scrim-g_iter1/losses/CyrilSharma.finalBot__Rivers__botB.bc24,CyrilSharma.finalBot,0,A,finalBot,1,1641,CAPTURE,1500,2100,202,21,16,239,30,3,27,277,131,0,399,392,484,668,40.1
gauntlet/20261001-033010-scrim-g_iter1/losses/CyrilSharma.finalBot__Rivers__botB.bc24,CyrilSharma.finalBot,1,B,g_iter1,0,1641,CAPTURE,1500,2100,220,0,1,628,0,0,0,0,0,27,188,182,668,484,42.8
gauntlet/20261001-033010-scrim-g_iter1/losses/Gymhgy.v10official__Ambush__botA.bc24,Gymhgy.v10official,1,A,g_iter1,0,360,CAPTURE,2300,2300,201,5,2,201,2,1,1,40,18,6,48,36,20,30,48.0
gauntlet/20261001-033010-scrim-g_iter1/losses/Gymhgy.v10official__Ambush__botA.bc24,Gymhgy.v10official,0,B,v10official,1,360,CAPTURE,2300,7100,201,21,30,201,27,3,6,664,150,1,86,66,30,20,48.7
gauntlet/20261001-033010-scrim-g_iter1/losses/Gymhgy.v10official__Alligator__botA.bc24,Gymhgy.v10official,1,A,g_iter1,0,2000,MORE_FLAG_CAPTURES,3300,5700,201,14,27,251,11,1,10,194,80,7,243,224,437,361,45.6
gauntlet/20261001-033010-scrim-g_iter1/losses/Gymhgy.v10official__Alligator__botA.bc24,Gymhgy.v10official,0,B,v10official,1,2000,MORE_FLAG_CAPTURES,3300,6900,201,31,35,218,26,2,7,777,184,10,348,293,361,437,44.7
gauntlet/20261001-033010-scrim-g_iter1/losses/Gymhgy.v10official__BreadPudding__botA.bc24,Gymhgy.v10official,1,A,g_iter1,0,2000,MORE_FLAG_CAPTURES,2600,2700,202,1,0,237,3,0,3,17,7,0,223,196,528,358,45.7
gauntlet/20261001-033010-scrim-g_iter1/losses/Gymhgy.v10official__BreadPudding__botA.bc24,Gymhgy.v10official,0,B,v10official,1,2000,MORE_FLAG_CAPTURES,2600,3100,207,27,37,227,10,1,0,624,21,3,306,263,358,528,43.6
gauntlet/20261001-033010-scrim-g_iter1/losses/Gymhgy.v10official__BigDucksBigPond__botA.bc24,Gymhgy.v10official,1,A,g_iter1,0,2000,MORE_FLAG_CAPTURES,5100,7700,201,3,16,284,5,0,5,157,77,8,254,231,607,395,45.2
gauntlet/20261001-033010-scrim-g_iter1/losses/Gymhgy.v10official__BigDucksBigPond__botA.bc24,Gymhgy.v10official,0,B,v10official,1,2000,MORE_FLAG_CAPTURES,5100,6300,201,37,34,262,29,1,8,677,46,5,361,318,395,607,42.6
gauntlet/20261001-033010-scrim-g_iter1/losses/Gymhgy.v10official__Swoop__botB.bc24,Gymhgy.v10official,0,A,v10official,1,2000,MORE_FLAG_CAPTURES,4300,4300,201,43,25,233,46,2,14,715,51,12,389,360,456,601,42.7
gauntlet/20261001-033010-scrim-g_iter1/losses/Gymhgy.v10official__Swoop__botB.bc24,Gymhgy.v10official,1,B,g_iter1,0,2000,MORE_FLAG_CAPTURES,4300,4300,201,18,26,293,12,0,12,204,92,14,223,207,601,456,44.5
gauntlet/20261001-033010-scrim-g_iter1/losses/IvanGeffner.kuma__Battlecode24__botB.bc24,IvanGeffner.kuma,0,A,kuma,1,689,CAPTURE,12400,28000,205,32,31,253,25,3,5,187,89,0,353,211,125,70,47.6
gauntlet/20261001-033010-scrim-g_iter1/losses/IvanGeffner.kuma__Battlecode24__botB.bc24,IvanGeffner.kuma,1,B,g_iter1,0,689,CAPTURE,12400,14500,202,4,3,431,0,0,0,0,0,5,185,158,70,125,45.7
gauntlet/20261001-033010-scrim-g_iter1/losses/Gymhgy.v10official__Yinyang__botB.bc24,Gymhgy.v10official,0,A,v10official,1,2000,MORE_FLAG_CAPTURES,2900,3500,201,30,37,220,34,2,9,655,25,6,340,289,508,720,41.2
gauntlet/20261001-033010-scrim-g_iter1/losses/Gymhgy.v10official__Yinyang__botB.bc24,Gymhgy.v10official,1,B,g_iter1,0,2000,MORE_FLAG_CAPTURES,2900,2900,201,1,3,311,7,1,6,63,29,9,240,220,720,508,43.9
gauntlet/20261001-033010-scrim-g_iter1/losses/IvanGeffner.kuma__CH3353C4K3F4CT0RY__botA.bc24,IvanGeffner.kuma,1,A,g_iter1,0,676,CAPTURE,13000,13100,203,0,0,354,0,0,0,0,0,8,187,154,109,220,42.3
gauntlet/20261001-033010-scrim-g_iter1/losses/IvanGeffner.kuma__CH3353C4K3F4CT0RY__botA.bc24,IvanGeffner.kuma,0,B,kuma,1,676,CAPTURE,13000,13300,204,34,35,271,24,3,8,100,46,0,331,253,220,109,46.2
gauntlet/20261001-033010-scrim-g_iter1/losses/IvanGeffner.kuma__DefaultLarge__botB.bc24,IvanGeffner.kuma,0,A,kuma,1,881,CAPTURE,1800,3900,205,30,31,267,24,3,9,312,153,2,237,200,210,140,46.2
gauntlet/20261001-033010-scrim-g_iter1/losses/IvanGeffner.kuma__DefaultLarge__botB.bc24,IvanGeffner.kuma,1,B,g_iter1,0,881,CAPTURE,1800,5200,202,17,11,273,2,0,2,34,15,9,128,101,140,210,44.2
gauntlet/20261001-033010-scrim-g_iter1/losses/IvanGeffner.kuma__Fountain__botA.bc24,IvanGeffner.kuma,1,A,g_iter1,0,859,CAPTURE,1700,2300,257,0,1,535,0,0,0,0,0,13,77,67,151,151,45.9
gauntlet/20261001-033010-scrim-g_iter1/losses/IvanGeffner.kuma__Fountain__botA.bc24,IvanGeffner.kuma,0,B,kuma,1,859,CAPTURE,1700,3100,207,11,18,278,40,3,13,126,51,0,131,122,151,151,45.8
gauntlet/20261001-033010-scrim-g_iter1/losses/IvanGeffner.kuma__Soccer__botA.bc24,IvanGeffner.kuma,1,A,g_iter1,0,411,CAPTURE,3000,3000,0,0,0,0,0,0,0,0,0,0,64,44,32,71,46.0
gauntlet/20261001-033010-scrim-g_iter1/losses/IvanGeffner.kuma__Soccer__botA.bc24,IvanGeffner.kuma,0,B,kuma,1,411,CAPTURE,3000,3200,217,24,36,261,15,3,0,159,78,0,107,70,71,32,48.1
gauntlet/20261001-033010-scrim-g_iter1/losses/IvanGeffner.kuma__TreeSearch__botB.bc24,IvanGeffner.kuma,0,A,kuma,1,2000,LEVEL_SUM,3200,6500,204,23,13,230,78,2,26,214,91,5,451,439,411,378,45.4
gauntlet/20261001-033010-scrim-g_iter1/losses/IvanGeffner.kuma__TreeSearch__botB.bc24,IvanGeffner.kuma,1,B,g_iter1,0,2000,LEVEL_SUM,3200,3500,234,4,14,246,7,2,5,63,45,26,217,203,378,411,45.0
gauntlet/20261001-033010-scrim-g_iter1/losses/NotLLeon.v3__AceOfSpades__botA.bc24,NotLLeon.v3,1,A,g_iter1,0,504,CAPTURE,1800,6000,205,24,14,224,9,1,8,115,48,7,100,75,65,117,44.4
gauntlet/20261001-033010-scrim-g_iter1/losses/NotLLeon.v3__AceOfSpades__botA.bc24,NotLLeon.v3,0,B,v3,1,504,CAPTURE,1800,15600,204,28,28,237,30,3,7,210,88,8,231,218,117,65,46.9
gauntlet/20261001-033010-scrim-g_iter1/losses/NotLLeon.v3__Checkered__botB.bc24,NotLLeon.v3,0,A,v3,1,393,CAPTURE,4800,4800,201,12,25,209,16,3,10,106,48,0,92,71,31,59,46.6
gauntlet/20261001-033010-scrim-g_iter1/losses/NotLLeon.v3__Checkered__botB.bc24,NotLLeon.v3,1,B,g_iter1,0,393,CAPTURE,4800,4800,201,9,12,206,1,1,0,36,18,10,81,65,59,31,48.1
gauntlet/20261001-033010-scrim-g_iter1/losses/NotLLeon.v3__DefaultSmall__botB.bc24,NotLLeon.v3,0,A,v3,1,494,CAPTURE,4100,4100,201,37,15,224,28,3,9,168,60,3,102,93,82,75,46.5
gauntlet/20261001-033010-scrim-g_iter1/losses/NotLLeon.v3__DefaultSmall__botB.bc24,NotLLeon.v3,1,B,g_iter1,0,494,CAPTURE,4100,4100,201,9,8,250,3,0,3,10,2,9,91,64,75,82,46.1
gauntlet/20261001-033010-scrim-g_iter1/losses/NotLLeon.v3__Pancakes__botB.bc24,NotLLeon.v3,0,A,v3,1,546,CAPTURE,0,6200,217,14,30,237,27,3,18,229,98,2,116,107,82,82,46.6
gauntlet/20261001-033010-scrim-g_iter1/losses/NotLLeon.v3__Pancakes__botB.bc24,NotLLeon.v3,1,B,g_iter1,0,546,CAPTURE,0,2900,202,22,25,220,4,2,2,122,57,18,71,56,82,82,46.3
gauntlet/20261001-033010-scrim-g_iter1/losses/NotLLeon.v3__Gated__botA.bc24,NotLLeon.v3,1,A,g_iter1,0,2000,MORE_FLAG_CAPTURES,1500,2400,205,17,12,266,10,0,10,87,39,20,214,203,591,509,43.8
gauntlet/20261001-033010-scrim-g_iter1/losses/NotLLeon.v3__Gated__botA.bc24,NotLLeon.v3,0,B,v3,1,2000,MORE_FLAG_CAPTURES,1500,2400,213,21,40,240,42,2,20,336,139,10,326,307,509,591,42.8
gauntlet/20261001-033010-scrim-g_iter1/losses/NotLLeon.v3__StackGame__botA.bc24,NotLLeon.v3,1,A,g_iter1,0,408,CAPTURE,4600,4600,201,0,1,350,0,0,0,0,0,6,73,53,61,55,47.0
gauntlet/20261001-033010-scrim-g_iter1/losses/NotLLeon.v3__StackGame__botA.bc24,NotLLeon.v3,0,B,v3,1,408,CAPTURE,4600,4600,201,26,7,232,19,3,6,88,36,0,85,79,55,61,46.8
gauntlet/20261001-033010-scrim-g_iter1/losses/Strequals.duck0127v5__AceOfSpades__botB.bc24,Strequals.duck0127v5,0,A,duck0127v5,1,410,CAPTURE,1800,18000,203,36,6,232,5,3,2,168,83,7,132,110,41,31,48.2
gauntlet/20261001-033010-scrim-g_iter1/losses/Strequals.duck0127v5__AceOfSpades__botB.bc24,Strequals.duck0127v5,1,B,g_iter1,0,410,CAPTURE,1800,3600,202,32,17,213,9,1,7,135,53,2,68,37,31,41,47.6
gauntlet/20261001-033010-scrim-g_iter1/losses/SampleProvider.TSPAARKSPRINT1__Hockey__botA.bc24,SampleProvider.TSPAARKSPRINT1,1,A,g_iter1,0,1894,CAPTURE,3300,3300,205,17,23,224,24,1,22,853,423,73,383,370,883,214,47.2
gauntlet/20261001-033010-scrim-g_iter1/losses/SampleProvider.TSPAARKSPRINT1__Hockey__botA.bc24,SampleProvider.TSPAARKSPRINT1,0,B,TSPAARKSPRINT1,1,1894,CAPTURE,3300,3600,202,27,32,268,79,3,73,1271,502,22,124,105,214,883,38.6
gauntlet/20261001-033010-scrim-g_iter1/losses/Strequals.duck0127v5__BedWars__botB.bc24,Strequals.duck0127v5,0,A,duck0127v5,1,2000,MORE_FLAG_CAPTURES,2400,9000,220,1,15,303,15,2,13,86,41,10,292,281,516,360,45.6
gauntlet/20261001-033010-scrim-g_iter1/losses/Strequals.duck0127v5__BedWars__botB.bc24,Strequals.duck0127v5,1,B,g_iter1,0,2000,MORE_FLAG_CAPTURES,2400,2700,244,2,4,257,11,1,10,75,31,13,181,167,360,516,43.7
gauntlet/20261001-033010-scrim-g_iter1/losses/Strequals.duck0127v5__Duck__botA.bc24,Strequals.duck0127v5,1,A,g_iter1,0,756,CAPTURE,2900,2900,201,16,23,259,12,0,12,134,60,14,84,57,67,133,45.7
gauntlet/20261001-033010-scrim-g_iter1/losses/Strequals.duck0127v5__Duck__botA.bc24,Strequals.duck0127v5,0,B,duck0127v5,1,756,CAPTURE,2900,2900,201,24,27,261,17,3,14,468,222,12,214,186,133,67,47.8
gauntlet/20261001-033010-scrim-g_iter1/losses/Strequals.duck0127v5__KingQuacksCastle__botB.bc24,Strequals.duck0127v5,0,A,duck0127v5,1,561,CAPTURE,1600,11900,205,19,22,264,7,3,4,154,71,7,205,172,88,53,47.7
gauntlet/20261001-033010-scrim-g_iter1/losses/Strequals.duck0127v5__KingQuacksCastle__botB.bc24,Strequals.duck0127v5,1,B,g_iter1,0,561,CAPTURE,1600,2900,204,31,27,243,7,0,7,28,8,4,70,60,53,88,46.2
gauntlet/20261001-033010-scrim-g_iter1/losses/Strequals.duck0127v5__Fusbol__botB.bc24,Strequals.duck0127v5,0,A,duck0127v5,1,2000,MORE_FLAG_CAPTURES,2400,5400,205,16,21,286,13,1,12,115,77,0,635,545,593,315,46.1
gauntlet/20261001-033010-scrim-g_iter1/losses/Strequals.duck0127v5__Fusbol__botB.bc24,Strequals.duck0127v5,1,B,g_iter1,0,2000,MORE_FLAG_CAPTURES,7200,12600,202,33,30,276,0,0,0,0,0,12,274,252,315,593,42.6
gauntlet/20261001-033010-scrim-g_iter1/losses/Strequals.duck0127v5__Klein__botA.bc24,Strequals.duck0127v5,1,A,g_iter1,0,949,CAPTURE,5600,5600,202,13,13,225,11,0,11,95,36,12,107,91,103,169,45.7
gauntlet/20261001-033010-scrim-g_iter1/losses/Strequals.duck0127v5__Klein__botA.bc24,Strequals.duck0127v5,0,B,duck0127v5,1,949,CAPTURE,6300,8700,206,15,17,253,15,3,12,240,113,11,162,152,169,103,47.4
gauntlet/20261001-033010-scrim-g_iter1/losses/andli28.v9_USQuals_angle__Battlefield__botA.bc24,andli28.v9_USQuals_angle,1,A,g_iter1,0,368,CAPTURE,3700,3700,202,0,21,203,1,0,1,0,0,11,63,32,44,25,48.4
gauntlet/20261001-033010-scrim-g_iter1/losses/andli28.v9_USQuals_angle__Battlefield__botA.bc24,andli28.v9_USQuals_angle,0,B,v9_USQuals_angle,1,368,CAPTURE,3700,3700,202,0,0,202,14,3,11,39,14,1,58,46,25,44,47.2
gauntlet/20261001-033010-scrim-g_iter1/losses/andli28.v9_USQuals_angle__SteamboatMickey__botA.bc24,andli28.v9_USQuals_angle,1,A,g_iter1,0,878,CAPTURE,7300,9400,201,17,0,201,5,1,4,84,40,10,168,161,143,252,43.0
gauntlet/20261001-033010-scrim-g_iter1/losses/andli28.v9_USQuals_angle__SteamboatMickey__botA.bc24,andli28.v9_USQuals_angle,0,B,v9_USQuals_angle,1,878,CAPTURE,7300,17200,201,18,46,201,13,3,10,362,175,4,359,326,252,143,46.0
gauntlet/20261001-033010-scrim-g_iter1/losses/andli28.v9_USQuals_angle__Intercontinental__botB.bc24,andli28.v9_USQuals_angle,0,A,v9_USQuals_angle,1,1006,CAPTURE,2400,5700,201,2,15,280,51,3,48,483,219,9,229,208,352,229,44.4
gauntlet/20261001-033010-scrim-g_iter1/losses/andli28.v9_USQuals_angle__Intercontinental__botB.bc24,andli28.v9_USQuals_angle,1,B,g_iter1,0,1006,CAPTURE,2400,3600,201,5,13,358,9,0,9,72,31,48,75,66,229,352,41.6
gauntlet/20261001-033010-scrim-g_iter1/losses/andli28.v9_USQuals_angle__Capacitance__botA.bc24,andli28.v9_USQuals_angle,1,A,g_iter1,0,931,CAPTURE,3600,4700,201,11,14,243,6,1,5,15,6,14,132,119,170,243,43.9
gauntlet/20261001-033010-scrim-g_iter1/losses/andli28.v9_USQuals_angle__Capacitance__botA.bc24,andli28.v9_USQuals_angle,0,B,v9_USQuals_angle,1,931,CAPTURE,3600,5300,201,24,20,214,17,3,14,194,89,5,267,242,243,170,45.6
gauntlet/20261001-033010-scrim-g_iter1/losses/andrewgopher.player22__GaltonBoard__botA.bc24,andrewgopher.player22,1,A,g_iter1,0,714,CAPTURE,0,4900,201,3,1,281,0,0,0,0,0,7,119,119,158,389,36.8
gauntlet/20261001-033010-scrim-g_iter1/losses/andrewgopher.player22__GaltonBoard__botA.bc24,andrewgopher.player22,0,B,player22,1,714,CAPTURE,0,32900,204,26,32,236,13,3,7,107,47,0,419,348,389,158,44.7
gauntlet/20261001-033010-scrim-g_iter1/losses/andrewgopher.player22__HeMustBeFreed__botA.bc24,andrewgopher.player22,1,A,g_iter1,0,2000,MORE_FLAG_CAPTURES,5400,8800,201,19,18,492,3,0,3,107,52,1,243,206,561,639,42.2
gauntlet/20261001-033010-scrim-g_iter1/losses/andrewgopher.player22__HeMustBeFreed__botA.bc24,andrewgopher.player22,0,B,player22,1,2000,MORE_FLAG_CAPTURES,2900,12500,201,21,30,267,6,2,1,231,111,3,313,270,639,561,43.1
gauntlet/20261001-033010-scrim-g_iter1/losses/andli28.v9_USQuals_angle__Valentine__botB.bc24,andli28.v9_USQuals_angle,0,A,v9_USQuals_angle,1,2000,MORE_FLAG_CAPTURES,1800,5800,211,37,42,227,33,1,31,1500,797,0,528,478,475,353,45.7
gauntlet/20261001-033010-scrim-g_iter1/losses/andli28.v9_USQuals_angle__Valentine__botB.bc24,andli28.v9_USQuals_angle,1,B,g_iter1,0,2000,MORE_FLAG_CAPTURES,1800,2600,219,0,1,314,0,0,0,0,0,31,217,200,353,475,44.2
gauntlet/20261001-033010-scrim-g_iter1/losses/andrewgopher.player22__TreeSearch__botA.bc24,andrewgopher.player22,1,A,g_iter1,0,543,CAPTURE,3200,3200,235,0,0,468,0,0,0,0,0,6,62,54,162,106,45.3
gauntlet/20261001-033010-scrim-g_iter1/losses/andrewgopher.player22__TreeSearch__botA.bc24,andrewgopher.player22,0,B,player22,1,543,CAPTURE,3200,6800,204,24,11,221,12,3,6,162,76,0,95,91,106,162,42.9
gauntlet/20261001-033010-scrim-g_iter1/losses/andrewgopher.player22__KingQuacksCastle__botB.bc24,andrewgopher.player22,0,A,player22,1,1608,CAPTURE,1600,6500,206,25,6,238,17,3,11,181,81,4,350,344,705,798,37.9
gauntlet/20261001-033010-scrim-g_iter1/losses/andrewgopher.player22__KingQuacksCastle__botB.bc24,andrewgopher.player22,1,B,g_iter1,0,1608,CAPTURE,1600,3700,204,10,9,255,4,0,4,18,7,11,194,170,798,705,39.3
gauntlet/20261001-033010-scrim-g_iter1/losses/andrewgopher.player22__YearOfTheDragon__botA.bc24,andrewgopher.player22,1,A,g_iter1,0,1524,CAPTURE,10800,10800,201,12,1,222,4,0,4,41,19,9,249,234,528,547,41.3
gauntlet/20261001-033010-scrim-g_iter1/losses/andrewgopher.player22__YearOfTheDragon__botA.bc24,andrewgopher.player22,0,B,player22,1,1524,CAPTURE,10800,10800,201,17,22,249,15,3,9,163,74,4,337,312,547,528,41.6
gauntlet/20261001-033010-scrim-g_iter1/losses/chenyx512.flagbot_final__AceOfSpades__botA.bc24,chenyx512.flagbot_final,1,A,g_iter1,0,757,CAPTURE,1800,3000,202,30,26,213,6,2,4,139,67,3,98,91,50,354,38.9
gauntlet/20261001-033010-scrim-g_iter1/losses/chenyx512.flagbot_final__AceOfSpades__botA.bc24,chenyx512.flagbot_final,0,B,flagbot_final,1,757,CAPTURE,1800,18600,203,15,13,222,9,3,3,751,297,4,455,355,354,50,48.3
gauntlet/20261001-033010-scrim-g_iter1/losses/chenyx512.flagbot_final__Fusbol__botB.bc24,chenyx512.flagbot_final,0,A,flagbot_final,1,2000,MORE_FLAG_CAPTURES,0,1800,269,0,2,487,54,2,49,954,161,0,651,591,1149,166,45.6
gauntlet/20261001-033010-scrim-g_iter1/losses/chenyx512.flagbot_final__Fusbol__botB.bc24,chenyx512.flagbot_final,1,B,g_iter1,0,2000,MORE_FLAG_CAPTURES,7200,16200,202,31,19,491,0,0,0,0,0,49,307,291,166,1149,35.8
gauntlet/20261001-033010-scrim-g_iter1/losses/chenyx512.flagbot_final__OceanFloor__botB.bc24,chenyx512.flagbot_final,0,A,flagbot_final,1,1312,CAPTURE,1400,1400,201,33,22,226,13,3,7,844,363,6,413,339,542,110,47.9
gauntlet/20261001-033010-scrim-g_iter1/losses/chenyx512.flagbot_final__OceanFloor__botB.bc24,chenyx512.flagbot_final,1,B,g_iter1,0,1312,CAPTURE,1400,1400,201,23,31,229,6,0,6,172,81,7,145,115,110,542,40.0
gauntlet/20261001-033010-scrim-g_iter1/losses/chenyx512.flagbot_final__Intercontinental__botB.bc24,chenyx512.flagbot_final,0,A,flagbot_final,1,1221,CAPTURE,2400,4500,201,14,21,273,17,3,11,751,299,8,250,183,513,124,47.5
gauntlet/20261001-033010-scrim-g_iter1/losses/chenyx512.flagbot_final__Intercontinental__botB.bc24,chenyx512.flagbot_final,1,B,g_iter1,0,1221,CAPTURE,2400,3900,201,14,13,402,9,1,8,182,86,11,111,110,124,513,39.9
gauntlet/20261001-033010-scrim-g_iter1/losses/chenyx512.flagbot_final__Racetrack__botA.bc24,chenyx512.flagbot_final,1,A,g_iter1,0,1012,CAPTURE,0,0,202,12,19,0,0,0,0,0,0,27,69,65,117,401,40.3
gauntlet/20261001-033010-scrim-g_iter1/losses/chenyx512.flagbot_final__Racetrack__botA.bc24,chenyx512.flagbot_final,0,B,flagbot_final,1,1012,CAPTURE,0,0,209,0,12,331,33,3,27,904,238,0,184,153,401,117,47.1
gauntlet/20261001-033010-scrim-g_iter1/losses/chenyx512.flagbot_final__WheresMyWater__botA.bc24,chenyx512.flagbot_final,1,A,g_iter1,0,1312,CAPTURE,3000,3900,201,18,15,216,9,2,7,179,87,8,146,146,165,788,35.3
gauntlet/20261001-033010-scrim-g_iter1/losses/chenyx512.flagbot_final__WheresMyWater__botA.bc24,chenyx512.flagbot_final,0,B,flagbot_final,1,1312,CAPTURE,3000,6300,201,15,18,213,14,3,8,746,313,7,464,406,788,165,46.9
gauntlet/20261001-033010-scrim-g_iter1/losses/dmtrung14.defaultplayer_intlqualifier__Mountain__botB.bc24,dmtrung14.defaultplayer_intlqualifier,0,A,defaultplayer_intlqualifier,1,2000,MORE_FLAG_CAPTURES,4100,5300,202,11,21,202,33,2,8,359,69,5,52,43,96,1156,35.5
gauntlet/20261001-033010-scrim-g_iter1/losses/dmtrung14.defaultplayer_intlqualifier__Mountain__botB.bc24,dmtrung14.defaultplayer_intlqualifier,1,B,g_iter1,0,2000,MORE_FLAG_CAPTURES,4100,5300,206,6,2,249,6,0,5,71,56,8,213,177,1156,96,48.8
gauntlet/20261001-033010-scrim-g_iter1/losses/dmtrung14.defaultplayer_intlqualifier__Swoop__botB.bc24,dmtrung14.defaultplayer_intlqualifier,0,A,defaultplayer_intlqualifier,1,510,CAPTURE,4300,4300,201,10,20,211,47,3,15,437,157,2,58,55,8,187,41.0
gauntlet/20261001-033010-scrim-g_iter1/losses/dmtrung14.defaultplayer_intlqualifier__Swoop__botB.bc24,dmtrung14.defaultplayer_intlqualifier,1,B,g_iter1,0,510,CAPTURE,4300,4300,201,9,31,218,4,2,2,138,64,15,66,60,187,8,49.6
gauntlet/20261001-033010-scrim-g_iter1/losses/hsmalladi.finalbot__BreadPudding__botB.bc24,hsmalladi.finalbot,0,A,finalbot,1,835,CAPTURE,2600,3100,206,19,1,238,52,3,22,844,99,2,110,99,178,226,43.4
gauntlet/20261001-033010-scrim-g_iter1/losses/hsmalladi.finalbot__BreadPudding__botB.bc24,hsmalladi.finalbot,1,B,g_iter1,0,835,CAPTURE,2600,2700,202,16,10,423,2,0,2,83,30,22,101,76,226,178,45.0
gauntlet/20261001-033010-scrim-g_iter1/losses/dmtrung14.defaultplayer_intlqualifier__WheresMyWater__botB.bc24,dmtrung14.defaultplayer_intlqualifier,0,A,defaultplayer_intlqualifier,1,2000,MORE_FLAG_CAPTURES,3000,4200,201,5,7,207,16,2,1,317,83,4,63,53,52,1481,30.5
gauntlet/20261001-033010-scrim-g_iter1/losses/dmtrung14.defaultplayer_intlqualifier__WheresMyWater__botB.bc24,dmtrung14.defaultplayer_intlqualifier,1,B,g_iter1,0,2000,MORE_FLAG_CAPTURES,3000,4200,201,9,36,212,5,1,4,101,45,1,673,599,1481,52,49.3
gauntlet/20261001-033010-scrim-g_iter1/losses/hsmalladi.finalbot__Checkered__botB.bc24,hsmalladi.finalbot,0,A,finalbot,1,381,CAPTURE,4800,4800,201,29,44,236,17,3,10,718,228,2,73,66,30,57,46.4
gauntlet/20261001-033010-scrim-g_iter1/losses/hsmalladi.finalbot__Checkered__botB.bc24,hsmalladi.finalbot,1,B,g_iter1,0,381,CAPTURE,4800,4800,201,10,1,201,3,1,2,110,53,10,79,63,57,30,48.2
gauntlet/20261001-033010-scrim-g_iter1/losses/hsmalladi.finalbot__KingQuacksCastle__botA.bc24,hsmalladi.finalbot,1,A,g_iter1,0,432,CAPTURE,1600,2100,204,0,0,369,2,0,1,32,11,13,52,40,81,50,47.2
gauntlet/20261001-033010-scrim-g_iter1/losses/hsmalladi.finalbot__KingQuacksCastle__botA.bc24,hsmalladi.finalbot,0,B,finalbot,1,432,CAPTURE,1600,8100,208,25,17,224,21,3,13,726,180,1,88,79,50,81,45.5
gauntlet/20261001-033010-scrim-g_iter1/losses/hsmalladi.finalbot__Diagonal__botB.bc24,hsmalladi.finalbot,0,A,finalbot,1,2000,LEVEL_SUM,5100,5100,201,29,17,230,14,1,9,674,71,9,282,248,182,191,47.6
gauntlet/20261001-033010-scrim-g_iter1/losses/hsmalladi.finalbot__Diagonal__botB.bc24,hsmalladi.finalbot,1,B,g_iter1,0,2000,LEVEL_SUM,5100,5100,201,16,15,271,10,1,9,154,69,9,243,184,191,182,47.8
gauntlet/20261001-033010-scrim-g_iter1/losses/jmerle.camel_case_v21_final__Anchor__botA.bc24,jmerle.camel_case_v21_final,1,A,g_iter1,0,489,CAPTURE,6300,10200,208,8,10,292,1,0,1,9,4,9,135,122,144,147,42.7
gauntlet/20261001-033010-scrim-g_iter1/losses/jmerle.camel_case_v21_final__Anchor__botA.bc24,jmerle.camel_case_v21_final,0,B,camel_case_v21_final,1,489,CAPTURE,6300,9900,207,24,20,222,12,3,9,182,82,1,173,167,147,144,43.1
gauntlet/20261001-033010-scrim-g_iter1/losses/hsmalladi.finalbot__Rainbow__botB.bc24,hsmalladi.finalbot,0,A,finalbot,1,2000,LEVEL_SUM,6000,6000,201,19,42,314,3,0,0,594,73,7,351,321,391,454,44.4
gauntlet/20261001-033010-scrim-g_iter1/losses/hsmalladi.finalbot__Rainbow__botB.bc24,hsmalladi.finalbot,1,B,g_iter1,0,2000,LEVEL_SUM,6000,6000,201,2,0,383,7,0,7,193,90,0,243,182,454,391,45.3
gauntlet/20261001-033010-scrim-g_iter1/losses/jmerle.camel_case_v21_final__EndAround__botB.bc24,jmerle.camel_case_v21_final,0,A,camel_case_v21_final,1,2000,MORE_FLAG_CAPTURES,1900,4300,229,24,31,276,36,1,35,292,128,4,408,394,670,633,42.3
gauntlet/20261001-033010-scrim-g_iter1/losses/jmerle.camel_case_v21_final__EndAround__botB.bc24,jmerle.camel_case_v21_final,1,B,g_iter1,0,2000,MORE_FLAG_CAPTURES,1900,4300,202,9,9,250,4,0,4,14,4,35,232,195,633,670,41.9
gauntlet/20261001-033010-scrim-g_iter1/losses/jmerle.camel_case_v21_final__Occulus__botA.bc24,jmerle.camel_case_v21_final,1,A,g_iter1,0,361,CAPTURE,1800,1800,201,0,0,0,0,0,0,0,0,3,47,34,48,99,43.7
gauntlet/20261001-033010-scrim-g_iter1/losses/jmerle.camel_case_v21_final__Occulus__botA.bc24,jmerle.camel_case_v21_final,0,B,camel_case_v21_final,1,361,CAPTURE,1800,9600,201,30,26,222,6,3,3,146,73,0,139,125,99,48,46.8
gauntlet/20261001-033010-scrim-g_iter1/losses/jmerle.camel_case_v21_final__Puzzle__botB.bc24,jmerle.camel_case_v21_final,0,A,camel_case_v21_final,1,479,CAPTURE,0,18100,202,42,32,240,7,3,4,184,91,1,211,175,126,83,45.8
gauntlet/20261001-033010-scrim-g_iter1/losses/jmerle.camel_case_v21_final__Puzzle__botB.bc24,jmerle.camel_case_v21_final,1,B,g_iter1,0,479,CAPTURE,0,5000,208,0,0,403,1,0,1,47,23,4,79,55,83,126,43.6
gauntlet/20261001-033010-scrim-g_iter1/losses/jmerle.camel_case_v21_final__Snake__botA.bc24,jmerle.camel_case_v21_final,1,A,g_iter1,0,606,CAPTURE,13100,23900,203,21,16,275,10,0,10,130,53,3,240,216,143,147,44.1
gauntlet/20261001-033010-scrim-g_iter1/losses/jmerle.camel_case_v21_final__Snake__botA.bc24,jmerle.camel_case_v21_final,0,B,camel_case_v21_final,1,606,CAPTURE,13100,35900,205,22,22,239,6,3,3,256,123,10,408,397,147,143,44.4
gauntlet/20261001-033010-scrim-g_iter1/losses/jmerle.camel_case_v21_final__Soccer__botB.bc24,jmerle.camel_case_v21_final,0,A,camel_case_v21_final,1,494,CAPTURE,3000,3200,203,40,16,233,14,3,11,202,95,3,95,88,113,120,44.2
gauntlet/20261001-033010-scrim-g_iter1/losses/jmerle.camel_case_v21_final__Soccer__botB.bc24,jmerle.camel_case_v21_final,1,B,g_iter1,0,494,CAPTURE,3000,3000,240,2,11,268,3,0,3,42,17,11,71,58,120,113,44.4
gauntlet/20261001-033010-scrim-g_iter1/losses/kyleezz.jeeryfix3__DefaultHuge__botB.bc24,kyleezz.jeeryfix3,0,A,jeeryfix3,1,1167,CAPTURE,3700,3700,201,18,3,210,11,3,8,115,54,5,176,162,175,359,42.6
gauntlet/20261001-033010-scrim-g_iter1/losses/kyleezz.jeeryfix3__DefaultHuge__botB.bc24,kyleezz.jeeryfix3,1,B,g_iter1,0,1167,CAPTURE,3700,3700,201,18,18,221,7,2,5,184,86,8,186,136,359,175,46.3
gauntlet/20261001-033010-scrim-g_iter1/losses/kyleezz.jeeryfix3__DefaultMedium__botA.bc24,kyleezz.jeeryfix3,1,A,g_iter1,0,2000,MORE_FLAG_CAPTURES,2900,2900,201,0,0,347,2,1,1,102,48,11,423,333,1149,319,46.1
gauntlet/20261001-033010-scrim-g_iter1/losses/kyleezz.jeeryfix3__DefaultMedium__botA.bc24,kyleezz.jeeryfix3,0,B,jeeryfix3,1,2000,MORE_FLAG_CAPTURES,2900,5000,201,26,21,247,13,2,11,106,51,1,256,249,319,1149,36.0
gauntlet/20261001-033010-scrim-g_iter1/losses/kyleezz.jeeryfix3__Diagonal__botA.bc24,kyleezz.jeeryfix3,1,A,g_iter1,0,2000,MORE_FLAG_CAPTURES,5100,5100,201,22,21,267,1,0,1,3,0,12,257,168,459,152,48.1
gauntlet/20261001-033010-scrim-g_iter1/losses/kyleezz.jeeryfix3__Diagonal__botA.bc24,kyleezz.jeeryfix3,0,B,jeeryfix3,1,2000,MORE_FLAG_CAPTURES,5100,5100,201,40,23,251,13,1,12,119,46,1,179,143,152,459,44.4
gauntlet/20261001-033010-scrim-g_iter1/losses/kyleezz.jeeryfix3__Hurricane__botA.bc24,kyleezz.jeeryfix3,1,A,g_iter1,0,2000,MORE_FLAG_CAPTURES,4500,4500,201,24,35,220,10,0,10,133,59,9,239,118,254,78,49.0
gauntlet/20261001-033010-scrim-g_iter1/losses/kyleezz.jeeryfix3__Hurricane__botA.bc24,kyleezz.jeeryfix3,0,B,jeeryfix3,1,2000,MORE_FLAG_CAPTURES,4500,4500,201,20,29,206,10,1,9,107,45,10,126,85,78,254,46.9
gauntlet/20261001-033010-scrim-g_iter1/losses/quesswho.cretplayer2_3__Funnel__botB.bc24,quesswho.cretplayer2_3,0,A,cretplayer2_3,1,1450,CAPTURE,2200,3800,202,25,24,227,23,3,17,1279,270,8,160,152,211,375,43.3
gauntlet/20261001-033010-scrim-g_iter1/losses/quesswho.cretplayer2_3__Funnel__botB.bc24,quesswho.cretplayer2_3,1,B,g_iter1,0,1450,CAPTURE,2200,4100,201,21,24,312,9,1,8,356,144,17,241,165,375,211,46.5
gauntlet/20261001-033010-scrim-g_iter1/losses/quesswho.cretplayer2_3__OceanFloor__botB.bc24,quesswho.cretplayer2_3,0,A,cretplayer2_3,1,1177,CAPTURE,1400,1400,201,12,25,231,25,3,19,1160,263,15,122,112,182,316,43.1
gauntlet/20261001-033010-scrim-g_iter1/losses/quesswho.cretplayer2_3__OceanFloor__botB.bc24,quesswho.cretplayer2_3,1,B,g_iter1,0,1177,CAPTURE,1400,1400,201,39,36,261,17,2,15,748,355,19,167,130,316,182,46.3
gauntlet/20261001-033010-scrim-g_iter1/losses/quesswho.cretplayer2_3__Anchor__botA.bc24,quesswho.cretplayer2_3,1,A,g_iter1,0,2000,MORE_FLAG_CAPTURES,6300,11400,203,16,14,248,9,1,8,87,38,53,446,415,1396,526,43.6
gauntlet/20261001-033010-scrim-g_iter1/losses/quesswho.cretplayer2_3__Anchor__botA.bc24,quesswho.cretplayer2_3,0,B,cretplayer2_3,1,2000,MORE_FLAG_CAPTURES,6300,8700,202,19,22,233,58,2,53,1141,238,8,289,277,526,1396,32.8
gauntlet/20261001-033010-scrim-g_iter1/losses/quesswho.cretplayer2_3__Soccer__botA.bc24,quesswho.cretplayer2_3,1,A,g_iter1,0,1002,CAPTURE,3000,3000,217,14,7,457,15,2,13,281,135,22,194,140,413,239,44.4
gauntlet/20261001-033010-scrim-g_iter1/losses/quesswho.cretplayer2_3__Soccer__botA.bc24,quesswho.cretplayer2_3,0,B,cretplayer2_3,1,1002,CAPTURE,3000,3200,204,22,25,222,28,3,22,1036,194,13,131,123,239,413,39.5
gauntlet/20261001-033010-scrim-g_iter1/losses/winkelmantanner.waffle__Klein__botA.bc24,winkelmantanner.waffle,1,A,g_iter1,0,1921,CAPTURE,6200,6400,202,17,22,288,14,2,12,149,62,23,244,215,690,486,43.8
gauntlet/20261001-033010-scrim-g_iter1/losses/winkelmantanner.waffle__Klein__botA.bc24,winkelmantanner.waffle,0,B,waffle,1,1921,CAPTURE,4600,5600,217,5,17,225,26,3,23,269,144,12,288,284,486,690,41.3
gauntlet/20261001-033010-scrim-g_iter1/losses/winkelmantanner.waffle__Gated__botA.bc24,winkelmantanner.waffle,1,A,g_iter1,0,2000,MORE_FLAG_CAPTURES,1500,2200,206,11,10,336,4,1,3,161,75,29,231,147,826,433,44.7
gauntlet/20261001-033010-scrim-g_iter1/losses/winkelmantanner.waffle__Gated__botA.bc24,winkelmantanner.waffle,0,B,waffle,1,2000,MORE_FLAG_CAPTURES,1500,2600,208,27,8,220,31,2,29,236,107,3,230,219,433,826,39.9
gauntlet/20261001-033010-scrim-g_iter1/losses/winkelmantanner.waffle__YearOfTheDragon__botA.bc24,winkelmantanner.waffle,1,A,g_iter1,0,821,CAPTURE,10800,10800,201,8,7,354,0,0,0,0,0,16,210,195,298,136,46.0
gauntlet/20261001-033010-scrim-g_iter1/losses/winkelmantanner.waffle__YearOfTheDragon__botA.bc24,winkelmantanner.waffle,0,B,waffle,1,821,CAPTURE,10800,10800,201,9,29,226,19,3,16,219,100,0,214,205,136,298,41.3
gauntlet/20261001-033010-scrim-g_iter1/replays/ColtG5.Goob_final__Bunkers__botA.bc24,ColtG5.Goob_final,1,A,g_iter1,1,1707,CAPTURE,2800,2800,201,4,3,231,5,3,2,128,55,12,261,255,1236,513,42.7
gauntlet/20261001-033010-scrim-g_iter1/replays/ColtG5.Goob_final__Bunkers__botA.bc24,ColtG5.Goob_final,0,B,Goob_final,0,1707,CAPTURE,2800,2800,201,25,16,211,15,2,12,112,47,2,319,316,513,1236,32.4
gauntlet/20261001-033010-scrim-g_iter1/replays/ColtG5.Goob_final__Joker__botA.bc24,ColtG5.Goob_final,1,A,g_iter1,1,2000,LEVEL_SUM,14500,17800,206,16,28,233,3,1,2,38,19,7,390,366,1347,547,43.3
gauntlet/20261001-033010-scrim-g_iter1/replays/ColtG5.Goob_final__Joker__botA.bc24,ColtG5.Goob_final,0,B,Goob_final,0,2000,LEVEL_SUM,14500,24500,202,19,19,231,8,1,7,106,48,2,477,453,547,1347,33.7
gauntlet/20261001-033010-scrim-g_iter1/replays/ColtG5.Goob_final__Tunnels__botA.bc24,ColtG5.Goob_final,1,A,g_iter1,1,2000,LEVEL_SUM,2400,3300,206,0,1,295,0,0,0,0,0,6,219,187,794,287,46.5
gauntlet/20261001-033010-scrim-g_iter1/replays/ColtG5.Goob_final__Tunnels__botA.bc24,ColtG5.Goob_final,0,B,Goob_final,0,2000,LEVEL_SUM,2400,3300,209,7,8,215,6,0,6,23,9,0,201,171,287,794,40.3
gauntlet/20261001-033010-scrim-g_iter1/replays/CyrilSharma.finalBot__Racetrack__botB.bc24,CyrilSharma.finalBot,0,A,finalBot,0,2000,LEVEL_SUM,0,0,205,28,19,253,4,1,3,74,30,11,219,217,391,804,40.2
gauntlet/20261001-033010-scrim-g_iter1/replays/CyrilSharma.finalBot__Racetrack__botB.bc24,CyrilSharma.finalBot,1,B,g_iter1,1,2000,LEVEL_SUM,0,0,206,2,6,404,12,1,11,219,109,3,264,195,804,391,45.2
gauntlet/20261001-033010-scrim-g_iter1/replays/SampleProvider.TSPAARKSPRINT1__Battlefield__botA.bc24,SampleProvider.TSPAARKSPRINT1,1,A,g_iter1,1,1163,CAPTURE,3700,3700,202,14,5,202,11,3,8,348,160,28,208,184,489,84,48.2
gauntlet/20261001-033010-scrim-g_iter1/replays/SampleProvider.TSPAARKSPRINT1__Battlefield__botA.bc24,SampleProvider.TSPAARKSPRINT1,0,B,TSPAARKSPRINT1,0,1163,CAPTURE,3700,3700,202,14,11,202,33,2,28,644,214,8,53,53,84,489,39.9
gauntlet/20261001-033010-scrim-g_iter1/replays/SampleProvider.TSPAARKSPRINT1__Joker__botA.bc24,SampleProvider.TSPAARKSPRINT1,1,A,g_iter1,1,1938,CAPTURE,14500,20300,201,27,12,331,6,3,3,221,132,24,392,374,528,219,47.2
gauntlet/20261001-033010-scrim-g_iter1/replays/SampleProvider.TSPAARKSPRINT1__Joker__botA.bc24,SampleProvider.TSPAARKSPRINT1,0,B,TSPAARKSPRINT1,0,1938,CAPTURE,14500,21900,205,21,30,219,29,2,24,1009,359,3,229,206,219,528,43.3
gauntlet/20261001-033010-scrim-g_iter1/replays/SampleProvider.TSPAARKSPRINT1__Capacitance__botA.bc24,SampleProvider.TSPAARKSPRINT1,1,A,g_iter1,1,2000,MORE_FLAG_CAPTURES,3600,6000,201,21,18,212,15,2,13,249,119,41,298,276,784,175,47.9
gauntlet/20261001-033010-scrim-g_iter1/replays/SampleProvider.TSPAARKSPRINT1__Capacitance__botA.bc24,SampleProvider.TSPAARKSPRINT1,0,B,TSPAARKSPRINT1,0,2000,MORE_FLAG_CAPTURES,3600,3900,201,31,25,216,45,1,41,993,576,13,124,118,175,784,40.5
gauntlet/20261001-033010-scrim-g_iter1/replays/SampleProvider.TSPAARKSPRINT1__English__botA.bc24,SampleProvider.TSPAARKSPRINT1,1,A,g_iter1,1,2000,MORE_FLAG_CAPTURES,10900,10900,201,33,33,251,14,2,12,293,145,99,445,392,861,173,47.9
gauntlet/20261001-033010-scrim-g_iter1/replays/SampleProvider.TSPAARKSPRINT1__English__botA.bc24,SampleProvider.TSPAARKSPRINT1,0,B,TSPAARKSPRINT1,0,2000,MORE_FLAG_CAPTURES,10900,10900,201,25,13,236,102,0,99,1744,812,12,97,91,173,861,39.5
gauntlet/20261001-033010-scrim-g_iter1/replays/SampleProvider.TSPAARKSPRINT1__Occulus__botA.bc24,SampleProvider.TSPAARKSPRINT1,1,A,g_iter1,1,1425,CAPTURE,1800,1800,201,22,16,223,24,3,21,633,304,82,277,216,777,216,46.3
gauntlet/20261001-033010-scrim-g_iter1/replays/SampleProvider.TSPAARKSPRINT1__Occulus__botA.bc24,SampleProvider.TSPAARKSPRINT1,0,B,TSPAARKSPRINT1,0,1425,CAPTURE,1800,9600,201,37,27,219,86,1,82,792,303,21,129,128,216,777,36.7
gauntlet/20261001-033010-scrim-g_iter1/replays/andli28.v9_USQuals_angle__OceanFloor__botA.bc24,andli28.v9_USQuals_angle,1,A,g_iter1,1,1426,CAPTURE,1400,1400,201,22,36,231,19,3,16,521,245,14,172,119,258,308,44.8
gauntlet/20261001-033010-scrim-g_iter1/replays/andli28.v9_USQuals_angle__OceanFloor__botA.bc24,andli28.v9_USQuals_angle,0,B,v9_USQuals_angle,0,1426,CAPTURE,1400,1400,201,31,24,214,16,2,14,251,112,16,310,277,308,258,45.6
gauntlet/20261001-033010-scrim-g_iter1/replays/andrewgopher.player22__TreeSearch__botB.bc24,andrewgopher.player22,0,A,player22,0,2000,LEVEL_SUM,3200,3200,203,26,20,262,20,2,13,149,73,3,319,311,564,1105,36.5
gauntlet/20261001-033010-scrim-g_iter1/replays/andrewgopher.player22__TreeSearch__botB.bc24,andrewgopher.player22,1,B,g_iter1,1,2000,LEVEL_SUM,3200,6800,203,9,6,250,5,2,3,190,94,13,256,248,1105,564,43.2
gauntlet/20261001-033010-scrim-g_iter1/replays/awu7.ExplosiveBot__Alien__botA.bc24,awu7.ExplosiveBot,1,A,g_iter1,1,1203,CAPTURE,3300,3300,202,17,30,227,10,3,7,323,152,10,365,271,863,110,47.7
gauntlet/20261001-033010-scrim-g_iter1/replays/awu7.ExplosiveBot__Alien__botA.bc24,awu7.ExplosiveBot,0,B,ExplosiveBot,0,1203,CAPTURE,3300,3300,202,2,5,219,22,2,10,50,13,7,86,85,110,863,32.7
gauntlet/20261001-033010-scrim-g_iter1/replays/awu7.ExplosiveBot__Fountain__botB.bc24,awu7.ExplosiveBot,0,A,ExplosiveBot,0,1061,CAPTURE,1700,2500,213,3,4,300,12,0,11,23,4,27,47,41,144,738,33.3
gauntlet/20261001-033010-scrim-g_iter1/replays/awu7.ExplosiveBot__Fountain__botB.bc24,awu7.ExplosiveBot,1,B,g_iter1,1,1061,CAPTURE,1300,2500,209,11,15,238,30,3,27,421,187,11,232,178,738,144,46.7
gauntlet/20261001-033010-scrim-g_iter1/replays/awu7.ExplosiveBot__FloodGates__botA.bc24,awu7.ExplosiveBot,1,A,g_iter1,1,2000,LEVEL_SUM,500,1700,239,3,5,355,6,1,5,140,55,6,279,238,1154,154,48.1
gauntlet/20261001-033010-scrim-g_iter1/replays/awu7.ExplosiveBot__FloodGates__botA.bc24,awu7.ExplosiveBot,0,B,ExplosiveBot,0,2000,LEVEL_SUM,500,1700,209,35,11,242,18,1,6,54,14,5,66,53,154,1154,35.9
gauntlet/20261001-033010-scrim-g_iter1/replays/awu7.ExplosiveBot__SteamboatMickey__botB.bc24,awu7.ExplosiveBot,0,A,ExplosiveBot,0,1156,CAPTURE,7300,11500,201,24,24,201,11,0,10,32,11,19,129,114,148,688,35.7
gauntlet/20261001-033010-scrim-g_iter1/replays/awu7.ExplosiveBot__SteamboatMickey__botB.bc24,awu7.ExplosiveBot,1,B,g_iter1,1,1156,CAPTURE,7300,15100,201,28,21,201,22,3,19,678,325,10,463,392,688,148,46.8
gauntlet/20261001-033010-scrim-g_iter1/replays/awu7.ExplosiveBot__Hockey__botB.bc24,awu7.ExplosiveBot,0,A,ExplosiveBot,0,1084,CAPTURE,3300,3300,212,17,15,230,10,0,5,21,6,1,109,100,96,692,34.6
gauntlet/20261001-033010-scrim-g_iter1/replays/awu7.ExplosiveBot__Hockey__botB.bc24,awu7.ExplosiveBot,1,B,g_iter1,1,1084,CAPTURE,3300,3600,222,16,12,252,4,3,1,220,106,5,316,246,692,96,47.9
gauntlet/20261001-033010-scrim-g_iter1/replays/awu7.ExplosiveBot__Waterworld__botA.bc24,awu7.ExplosiveBot,1,A,g_iter1,1,725,CAPTURE,11200,12800,248,3,27,295,13,3,10,322,152,6,228,159,423,57,48.1
gauntlet/20261001-033010-scrim-g_iter1/replays/awu7.ExplosiveBot__Waterworld__botA.bc24,awu7.ExplosiveBot,0,B,ExplosiveBot,0,725,CAPTURE,13900,19200,203,14,9,226,6,0,6,6,3,10,54,47,57,423,36.1
gauntlet/20261001-033010-scrim-g_iter1/replays/clbarrell.duck8__AceOfSpades__botA.bc24,clbarrell.duck8,1,A,g_iter1,1,724,CAPTURE,1800,6300,203,21,8,239,3,3,0,193,93,21,151,110,231,118,46.0
gauntlet/20261001-033010-scrim-g_iter1/replays/clbarrell.duck8__AceOfSpades__botA.bc24,clbarrell.duck8,0,B,duck8,0,724,CAPTURE,1800,15300,203,25,9,250,24,2,21,189,81,0,234,228,118,231,42.5
gauntlet/20261001-033010-scrim-g_iter1/replays/clbarrell.duck8__Duck__botA.bc24,clbarrell.duck8,1,A,g_iter1,1,927,CAPTURE,2900,2900,201,42,37,244,5,3,2,462,225,11,154,105,316,75,48.0
gauntlet/20261001-033010-scrim-g_iter1/replays/clbarrell.duck8__Duck__botA.bc24,clbarrell.duck8,0,B,duck8,0,927,CAPTURE,2900,2900,201,10,4,237,12,0,11,74,28,2,118,99,75,316,41.7
gauntlet/20261001-033010-scrim-g_iter1/replays/clbarrell.duck8__Fountain__botA.bc24,clbarrell.duck8,1,A,g_iter1,1,931,CAPTURE,1700,2500,218,14,18,237,3,3,0,313,154,10,84,64,406,124,46.7
gauntlet/20261001-033010-scrim-g_iter1/replays/clbarrell.duck8__Fountain__botA.bc24,clbarrell.duck8,0,B,duck8,0,931,CAPTURE,1700,2900,210,6,15,216,12,2,10,84,36,0,95,72,124,406,39.6
gauntlet/20261001-033010-scrim-g_iter1/replays/clbarrell.duck8__Racetrack__botA.bc24,clbarrell.duck8,1,A,g_iter1,1,769,CAPTURE,0,0,210,14,10,236,7,3,4,303,137,18,29,27,233,138,45.6
gauntlet/20261001-033010-scrim-g_iter1/replays/clbarrell.duck8__Racetrack__botA.bc24,clbarrell.duck8,0,B,duck8,0,769,CAPTURE,0,0,203,22,13,225,20,2,18,156,66,4,106,90,138,233,42.6
gauntlet/20261001-033010-scrim-g_iter1/replays/dmtrung14.defaultplayer_intlqualifier__Ambush__botB.bc24,dmtrung14.defaultplayer_intlqualifier,0,A,defaultplayer_intlqualifier,0,979,CAPTURE,2300,2900,201,11,9,203,29,1,6,351,85,4,84,73,37,442,38.9
gauntlet/20261001-033010-scrim-g_iter1/replays/dmtrung14.defaultplayer_intlqualifier__Ambush__botB.bc24,dmtrung14.defaultplayer_intlqualifier,1,B,g_iter1,1,979,CAPTURE,2000,2000,201,15,15,201,7,3,4,553,266,6,128,92,442,37,49.1
gauntlet/20261001-033010-scrim-g_iter1/replays/clbarrell.duck8__Waterworld__botA.bc24,clbarrell.duck8,1,A,g_iter1,1,1270,CAPTURE,13900,16100,204,14,13,234,10,3,7,504,230,21,299,230,696,238,45.5
gauntlet/20261001-033010-scrim-g_iter1/replays/clbarrell.duck8__Waterworld__botA.bc24,clbarrell.duck8,0,B,duck8,0,1270,CAPTURE,13900,21900,204,25,24,248,22,1,21,88,33,7,268,263,238,696,36.7
gauntlet/20261001-033010-scrim-g_iter1/replays/clbarrell.duck8__Tunnels__botB.bc24,clbarrell.duck8,0,A,duck8,0,2000,LEVEL_SUM,2400,3300,204,0,1,297,4,0,4,16,4,0,228,171,220,939,38.6
gauntlet/20261001-033010-scrim-g_iter1/replays/clbarrell.duck8__Tunnels__botB.bc24,clbarrell.duck8,1,B,g_iter1,1,2000,LEVEL_SUM,2400,3300,208,3,2,1197,0,0,0,0,0,4,218,189,939,220,47.3
gauntlet/20261001-033010-scrim-g_iter1/replays/dmtrung14.defaultplayer_intlqualifier__EndAround__botB.bc24,dmtrung14.defaultplayer_intlqualifier,0,A,defaultplayer_intlqualifier,0,765,CAPTURE,2500,3100,339,0,0,0,3,0,0,294,18,9,26,26,10,163,44.8
gauntlet/20261001-033010-scrim-g_iter1/replays/dmtrung14.defaultplayer_intlqualifier__EndAround__botB.bc24,dmtrung14.defaultplayer_intlqualifier,1,B,g_iter1,1,765,CAPTURE,2200,4600,202,26,36,249,12,3,9,971,471,0,119,34,163,10,49.6
gauntlet/20261001-033010-scrim-g_iter1/replays/dmtrung14.defaultplayer_intlqualifier__SteamboatMickey__botB.bc24,dmtrung14.defaultplayer_intlqualifier,0,A,defaultplayer_intlqualifier,0,2000,LEVEL_SUM,7300,13300,201,13,20,201,23,1,11,361,33,9,118,114,49,687,41.5
gauntlet/20261001-033010-scrim-g_iter1/replays/dmtrung14.defaultplayer_intlqualifier__SteamboatMickey__botB.bc24,dmtrung14.defaultplayer_intlqualifier,1,B,g_iter1,1,2000,LEVEL_SUM,7300,13000,201,26,25,201,10,1,9,312,142,11,399,200,687,49,49.4
gauntlet/20261001-033010-scrim-g_iter1/replays/hsmalladi.finalbot__TreeSearch__botB.bc24,hsmalladi.finalbot,0,A,finalbot,0,773,CAPTURE,3200,3200,203,8,19,309,32,2,20,925,167,4,90,87,95,139,45.8
gauntlet/20261001-033010-scrim-g_iter1/replays/hsmalladi.finalbot__TreeSearch__botB.bc24,hsmalladi.finalbot,1,B,g_iter1,1,773,CAPTURE,3200,6800,203,6,12,306,7,3,4,420,204,20,110,92,139,95,47.2
gauntlet/20261001-033010-scrim-g_iter1/replays/jonters.bling3__BreadPudding__botA.bc24,jonters.bling3,1,A,g_iter1,1,2000,MORE_FLAG_CAPTURES,2600,2600,202,14,16,269,9,1,8,97,43,0,295,279,1077,294,46.4
gauntlet/20261001-033010-scrim-g_iter1/replays/jonters.bling3__BreadPudding__botA.bc24,jonters.bling3,0,B,bling3,0,2000,MORE_FLAG_CAPTURES,2600,3200,203,28,19,220,0,0,0,0,0,8,139,135,294,1077,36.4
gauntlet/20261001-033010-scrim-g_iter1/replays/jonters.bling3__HungerGames__botA.bc24,jonters.bling3,1,A,g_iter1,1,1851,CAPTURE,700,11200,203,14,14,207,12,3,9,181,98,0,321,275,925,260,46.6
gauntlet/20261001-033010-scrim-g_iter1/replays/jonters.bling3__HungerGames__botA.bc24,jonters.bling3,0,B,bling3,0,1851,CAPTURE,700,9600,203,23,15,254,1,1,0,42,21,9,176,168,260,925,37.4
gauntlet/20261001-033010-scrim-g_iter1/replays/jonters.bling3__MIT__botB.bc24,jonters.bling3,0,A,bling3,0,2000,LEVEL_SUM,7200,32200,228,9,12,356,9,1,8,73,41,13,265,227,286,626,42.1
gauntlet/20261001-033010-scrim-g_iter1/replays/jonters.bling3__MIT__botB.bc24,jonters.bling3,1,B,g_iter1,1,2000,LEVEL_SUM,7200,20200,202,27,16,208,14,1,13,219,104,8,403,354,626,286,46.5
gauntlet/20261001-033010-scrim-g_iter1/replays/jonters.bling3__TwistedTreeline__botB.bc24,jonters.bling3,0,A,bling3,0,1365,CAPTURE,2400,2400,202,40,27,244,13,1,11,481,225,13,90,72,191,636,38.2
gauntlet/20261001-033010-scrim-g_iter1/replays/jonters.bling3__TwistedTreeline__botB.bc24,jonters.bling3,1,B,g_iter1,1,1365,CAPTURE,2400,2400,202,22,32,228,16,3,13,856,408,11,307,295,636,191,46.6
gauntlet/20261001-033010-scrim-g_iter1/replays/jonters.bling3__Valentine__botA.bc24,jonters.bling3,1,A,g_iter1,1,1881,CAPTURE,1800,3200,211,0,0,366,34,3,31,606,328,0,291,196,733,214,47.2
gauntlet/20261001-033010-scrim-g_iter1/replays/jonters.bling3__Valentine__botA.bc24,jonters.bling3,0,B,bling3,0,1881,CAPTURE,1800,5200,211,34,44,242,0,0,0,0,0,31,112,99,214,733,40.0
gauntlet/20261001-033010-scrim-g_iter1/replays/jonters.bling3__YearOfTheDragon__botA.bc24,jonters.bling3,1,A,g_iter1,1,2000,MORE_FLAG_CAPTURES,10800,10800,201,23,16,212,33,2,30,313,155,17,424,382,1008,458,44.4
gauntlet/20261001-033010-scrim-g_iter1/replays/jonters.bling3__YearOfTheDragon__botA.bc24,jonters.bling3,0,B,bling3,0,2000,MORE_FLAG_CAPTURES,10800,10800,201,36,12,229,18,1,17,171,83,30,199,189,458,1008,37.3
gauntlet/20261001-033010-scrim-g_iter1/replays/justinottesen.sprint1__QueenOfHearts__botA.bc24,justinottesen.sprint1,1,A,g_iter1,1,679,CAPTURE,3500,3500,201,33,34,228,12,3,9,558,271,8,167,131,403,18,49.3
gauntlet/20261001-033010-scrim-g_iter1/replays/justinottesen.sprint1__QueenOfHearts__botA.bc24,justinottesen.sprint1,0,B,sprint1,0,679,CAPTURE,3500,3500,201,3,14,222,8,0,8,26,9,9,28,23,18,403,35.9
gauntlet/20261001-033010-scrim-g_iter1/replays/justinottesen.sprint1__GravitationalWaves__botB.bc24,justinottesen.sprint1,0,A,sprint1,0,1747,CAPTURE,3700,3700,201,14,9,217,1,0,1,1,0,16,77,67,57,1258,32.6
gauntlet/20261001-033010-scrim-g_iter1/replays/justinottesen.sprint1__GravitationalWaves__botB.bc24,justinottesen.sprint1,1,B,g_iter1,1,1747,CAPTURE,3700,3700,201,31,24,201,19,3,16,758,369,1,406,292,1258,57,49.2
gauntlet/20261001-033010-scrim-g_iter1/replays/justinottesen.sprint1__QueenOfHearts__botB.bc24,justinottesen.sprint1,0,A,sprint1,0,491,CAPTURE,3500,3500,201,8,15,217,1,0,1,32,16,2,18,14,11,183,41.3
gauntlet/20261001-033010-scrim-g_iter1/replays/justinottesen.sprint1__QueenOfHearts__botB.bc24,justinottesen.sprint1,1,B,g_iter1,1,491,CAPTURE,3500,3500,201,32,29,233,5,3,2,307,152,1,89,57,183,11,49.4
gauntlet/20261001-033010-scrim-g_iter1/replays/justinottesen.sprint1__Rainbow__botA.bc24,justinottesen.sprint1,1,A,g_iter1,1,845,CAPTURE,6000,6000,201,7,20,223,18,3,15,488,237,1,252,190,553,54,48.4
gauntlet/20261001-033010-scrim-g_iter1/replays/justinottesen.sprint1__Rainbow__botA.bc24,justinottesen.sprint1,0,B,sprint1,0,845,CAPTURE,6000,6000,201,13,7,245,1,0,1,5,0,15,65,65,54,553,34.3
gauntlet/20261001-033010-scrim-g_iter1/replays/justinottesen.sprint1__Skyline__botB.bc24,justinottesen.sprint1,0,A,sprint1,0,715,CAPTURE,20700,20700,210,9,6,228,8,0,7,20,5,12,105,104,96,441,35.3
gauntlet/20261001-033010-scrim-g_iter1/replays/justinottesen.sprint1__Skyline__botB.bc24,justinottesen.sprint1,1,B,g_iter1,1,715,CAPTURE,21600,21600,201,13,6,220,15,3,12,309,149,7,310,271,441,96,46.7
gauntlet/20261001-033010-scrim-g_iter1/replays/justinottesen.sprint1__Waterworld__botB.bc24,justinottesen.sprint1,0,A,sprint1,0,635,CAPTURE,11000,14400,204,9,7,226,5,0,5,64,27,8,10,10,18,362,36.3
gauntlet/20261001-033010-scrim-g_iter1/replays/justinottesen.sprint1__Waterworld__botB.bc24,justinottesen.sprint1,1,B,g_iter1,1,635,CAPTURE,4900,5900,208,0,16,351,11,3,8,470,232,5,131,98,362,18,49.3
gauntlet/20261001-033010-scrim-g_iter1/replays/kyleezz.jeeryfix3__BigDucksBigPond__botB.bc24,kyleezz.jeeryfix3,0,A,jeeryfix3,0,1692,CAPTURE,5000,8900,201,26,10,221,31,2,29,248,115,3,228,224,331,1251,32.0
gauntlet/20261001-033010-scrim-g_iter1/replays/kyleezz.jeeryfix3__BigDucksBigPond__botB.bc24,kyleezz.jeeryfix3,1,B,g_iter1,1,1692,CAPTURE,5100,5100,201,6,7,243,6,3,3,346,170,29,469,396,1251,331,45.2
gauntlet/20261001-033010-scrim-g_iter1/replays/kyleezz.jeeryfix3__Racetrack__botA.bc24,kyleezz.jeeryfix3,1,A,g_iter1,1,1882,CAPTURE,0,0,202,0,6,424,12,3,9,173,98,7,318,254,1246,440,44.4
gauntlet/20261001-033010-scrim-g_iter1/replays/kyleezz.jeeryfix3__Racetrack__botA.bc24,kyleezz.jeeryfix3,0,B,jeeryfix3,0,1882,CAPTURE,0,0,205,23,2,231,9,2,7,127,65,9,165,165,440,1246,33.8
gauntlet/20261001-033010-scrim-g_iter1/replays/quesswho.cretplayer2_3__Gated__botB.bc24,quesswho.cretplayer2_3,0,A,cretplayer2_3,0,2000,MORE_FLAG_CAPTURES,1500,2600,207,27,32,231,32,1,28,869,145,17,195,190,364,1379,32.9
gauntlet/20261001-033010-scrim-g_iter1/replays/quesswho.cretplayer2_3__Gated__botB.bc24,quesswho.cretplayer2_3,1,B,g_iter1,1,2000,MORE_FLAG_CAPTURES,1500,2200,208,14,7,264,19,2,17,296,141,28,272,259,1379,364,45.5
gauntlet/20261001-033010-scrim-g_iter1/replays/quesswho.cretplayer2_3__Islands__botA.bc24,quesswho.cretplayer2_3,1,A,g_iter1,1,598,CAPTURE,5800,5800,201,24,9,215,7,3,4,263,122,9,126,83,158,93,46.2
gauntlet/20261001-033010-scrim-g_iter1/replays/quesswho.cretplayer2_3__Islands__botA.bc24,quesswho.cretplayer2_3,0,B,cretplayer2_3,0,598,CAPTURE,5800,5800,201,31,23,212,15,2,9,809,134,4,83,76,93,158,42.9
gauntlet/20261001-033010-scrim-g_iter1/replays/winkelmantanner.waffle__CH3353C4K3F4CT0RY__botB.bc24,winkelmantanner.waffle,0,A,waffle,0,784,CAPTURE,13000,13000,208,22,14,229,47,1,44,311,140,11,226,224,110,380,38.2
gauntlet/20261001-033010-scrim-g_iter1/replays/winkelmantanner.waffle__CH3353C4K3F4CT0RY__botB.bc24,winkelmantanner.waffle,1,B,g_iter1,1,784,CAPTURE,13000,13400,202,14,18,249,14,3,11,366,165,44,253,246,380,110,46.6
gauntlet/20261001-035654-scrim-g_iter1/losses/ColtG5.Goob_final__Battlefield__botA.bc24,ColtG5.Goob_final,1,A,g_iter1,0,584,CAPTURE,3700,3700,208,2,1,241,0,0,0,0,0,9,85,76,211,100,46.0
gauntlet/20261001-035654-scrim-g_iter1/losses/ColtG5.Goob_final__Battlefield__botA.bc24,ColtG5.Goob_final,0,B,Goob_final,1,584,CAPTURE,3700,3700,202,12,21,202,12,3,9,65,25,0,90,72,100,211,41.4
gauntlet/20261001-033010-scrim-g_iter1/replays/winkelmantanner.waffle__Snake__botA.bc24,winkelmantanner.waffle,1,A,g_iter1,1,1808,CAPTURE,13000,35900,203,25,26,325,12,3,9,561,271,53,649,575,902,354,45.2
gauntlet/20261001-033010-scrim-g_iter1/replays/winkelmantanner.waffle__Snake__botA.bc24,winkelmantanner.waffle,0,B,waffle,0,1808,CAPTURE,13000,23800,209,3,0,228,54,1,53,216,82,9,433,429,354,902,37.8
gauntlet/20261001-033010-scrim-g_iter1/replays/winkelmantanner.waffle__GravitationalWaves__botA.bc24,winkelmantanner.waffle,1,A,g_iter1,1,2000,LEVEL_SUM,3700,3700,201,28,24,204,6,0,6,108,50,0,222,133,292,83,49.0
gauntlet/20261001-033010-scrim-g_iter1/replays/winkelmantanner.waffle__GravitationalWaves__botA.bc24,winkelmantanner.waffle,0,B,waffle,0,2000,LEVEL_SUM,3700,3700,201,33,32,201,0,0,0,0,0,6,158,92,83,292,46.4
gauntlet/20261001-035654-scrim-g_iter1/losses/ColtG5.Goob_final__BreadPudding__botA.bc24,ColtG5.Goob_final,1,A,g_iter1,0,2000,MORE_FLAG_CAPTURES,2600,2700,297,0,2,1001,0,0,0,0,0,1,228,201,1150,398,45.2
gauntlet/20261001-035654-scrim-g_iter1/losses/ColtG5.Goob_final__BreadPudding__botA.bc24,ColtG5.Goob_final,0,B,Goob_final,1,2000,MORE_FLAG_CAPTURES,2600,3100,202,30,14,223,2,1,1,51,24,0,287,269,398,1150,36.0
gauntlet/20261001-035654-scrim-g_iter1/losses/ColtG5.Goob_final__QuestionableChess__botA.bc24,ColtG5.Goob_final,1,A,g_iter1,0,2000,MORE_FLAG_CAPTURES,0,0,201,3,2,281,0,0,0,0,0,19,179,175,1247,752,40.8
gauntlet/20261001-035654-scrim-g_iter1/losses/ColtG5.Goob_final__QuestionableChess__botA.bc24,ColtG5.Goob_final,0,B,Goob_final,1,2000,MORE_FLAG_CAPTURES,0,0,202,27,25,211,21,2,19,162,71,0,350,328,752,1247,34.8
gauntlet/20261001-035654-scrim-g_iter1/losses/CyrilSharma.finalBot__Capacitance__botA.bc24,CyrilSharma.finalBot,1,A,g_iter1,0,560,CAPTURE,3600,3900,201,19,10,206,2,0,2,7,0,11,83,73,103,102,45.6
gauntlet/20261001-035654-scrim-g_iter1/losses/CyrilSharma.finalBot__Capacitance__botA.bc24,CyrilSharma.finalBot,0,B,finalBot,1,560,CAPTURE,3600,6100,201,26,27,207,14,3,11,204,101,2,200,166,102,103,45.7
gauntlet/20261001-035654-scrim-g_iter1/losses/CyrilSharma.finalBot__Hockey__botA.bc24,CyrilSharma.finalBot,1,A,g_iter1,0,2000,MORE_FLAG_CAPTURES,3300,3300,462,0,0,517,0,0,0,0,0,5,235,208,831,718,41.2
gauntlet/20261001-035654-scrim-g_iter1/losses/CyrilSharma.finalBot__Hockey__botA.bc24,CyrilSharma.finalBot,0,B,finalBot,1,2000,MORE_FLAG_CAPTURES,3300,3600,202,6,30,362,7,2,5,162,114,0,651,651,718,831,39.9
gauntlet/20261001-035654-scrim-g_iter1/losses/CyrilSharma.finalBot__Rainbow__botA.bc24,CyrilSharma.finalBot,1,A,g_iter1,0,2000,MORE_FLAG_CAPTURES,6000,6000,201,2,2,1640,0,0,0,0,0,2,257,214,576,490,44.0
gauntlet/20261001-035654-scrim-g_iter1/losses/CyrilSharma.finalBot__Rainbow__botA.bc24,CyrilSharma.finalBot,0,B,finalBot,1,2000,MORE_FLAG_CAPTURES,6000,6000,201,35,39,288,3,1,2,94,48,0,586,564,490,576,43.0
gauntlet/20261001-035654-scrim-g_iter1/losses/CyrilSharma.finalBot__Randy__botB.bc24,CyrilSharma.finalBot,0,A,finalBot,1,2000,MORE_FLAG_CAPTURES,3400,13600,201,16,20,221,8,1,7,67,30,3,395,368,267,669,41.9
gauntlet/20261001-035654-scrim-g_iter1/losses/CyrilSharma.finalBot__Randy__botB.bc24,CyrilSharma.finalBot,1,B,g_iter1,0,2000,MORE_FLAG_CAPTURES,3400,3400,201,21,12,205,3,0,3,9,3,7,254,186,669,267,46.7
gauntlet/20261001-035654-scrim-g_iter1/losses/CyrilSharma.finalBot__TwistedTreeline__botA.bc24,CyrilSharma.finalBot,1,A,g_iter1,0,2000,MORE_FLAG_CAPTURES,2400,2400,202,22,13,212,8,1,7,76,33,41,241,221,440,460,44.4
gauntlet/20261001-035654-scrim-g_iter1/losses/CyrilSharma.finalBot__TwistedTreeline__botA.bc24,CyrilSharma.finalBot,0,B,finalBot,1,2000,MORE_FLAG_CAPTURES,2400,2400,203,30,22,228,43,2,41,488,264,7,444,433,460,440,44.7
gauntlet/20261001-035654-scrim-g_iter1/losses/Gymhgy.v10official__Fusbol__botB.bc24,Gymhgy.v10official,0,A,v10official,1,2000,LEVEL_SUM,7200,9000,209,15,13,263,13,0,10,636,35,18,373,353,407,405,45.0
gauntlet/20261001-035654-scrim-g_iter1/losses/Gymhgy.v10official__Fusbol__botB.bc24,Gymhgy.v10official,1,B,g_iter1,0,2000,LEVEL_SUM,7200,9000,203,2,15,343,18,0,18,199,89,10,252,214,405,407,44.9
gauntlet/20261001-035654-scrim-g_iter1/losses/Gymhgy.v10official__Canals__botB.bc24,Gymhgy.v10official,0,A,v10official,1,2000,MORE_FLAG_CAPTURES,4600,5500,203,41,37,210,59,2,6,755,158,20,356,349,420,711,41.4
gauntlet/20261001-035654-scrim-g_iter1/losses/Gymhgy.v10official__Canals__botB.bc24,Gymhgy.v10official,1,B,g_iter1,0,2000,MORE_FLAG_CAPTURES,4600,4900,251,0,7,335,22,1,20,356,172,6,350,281,711,420,44.9
gauntlet/20261001-035654-scrim-g_iter1/losses/Gymhgy.v10official__Rivers__botB.bc24,Gymhgy.v10official,0,A,v10official,1,433,CAPTURE,1500,2100,201,31,17,242,29,3,4,652,25,2,52,41,30,26,48.6
gauntlet/20261001-035654-scrim-g_iter1/losses/Gymhgy.v10official__Rivers__botB.bc24,Gymhgy.v10official,1,B,g_iter1,0,433,CAPTURE,1500,2100,221,1,7,305,4,1,2,104,51,4,47,38,26,30,48.4
gauntlet/20261001-035654-scrim-g_iter1/losses/Gymhgy.v10official__Soccer__botA.bc24,Gymhgy.v10official,1,A,g_iter1,0,523,CAPTURE,3000,3000,210,0,19,342,6,1,5,267,127,2,59,56,60,47,47.7
gauntlet/20261001-035654-scrim-g_iter1/losses/Gymhgy.v10official__Soccer__botA.bc24,Gymhgy.v10official,0,B,v10official,1,523,CAPTURE,3000,3200,216,36,12,251,35,3,2,708,341,5,84,71,47,60,47.3
gauntlet/20261001-035654-scrim-g_iter1/losses/Gymhgy.v10official__Islands__botB.bc24,Gymhgy.v10official,0,A,v10official,1,761,CAPTURE,5800,5800,201,37,36,218,40,3,18,746,165,8,111,99,95,137,45.7
gauntlet/20261001-035654-scrim-g_iter1/losses/Gymhgy.v10official__Islands__botB.bc24,Gymhgy.v10official,1,B,g_iter1,0,761,CAPTURE,5800,5800,201,14,16,282,10,1,8,176,82,18,114,94,137,95,47.1
gauntlet/20261001-035654-scrim-g_iter1/losses/Gymhgy.v10official__Yinyang__botA.bc24,Gymhgy.v10official,1,A,g_iter1,0,2000,MORE_FLAG_CAPTURES,2900,2900,203,1,0,1024,10,1,9,64,26,55,276,267,855,397,45.2
gauntlet/20261001-035654-scrim-g_iter1/losses/Gymhgy.v10official__Yinyang__botA.bc24,Gymhgy.v10official,0,B,v10official,1,2000,MORE_FLAG_CAPTURES,2900,3500,201,28,35,204,91,2,55,711,32,9,319,301,397,855,39.6
gauntlet/20261001-035654-scrim-g_iter1/losses/IvanGeffner.kuma__Duck__botA.bc24,IvanGeffner.kuma,1,A,g_iter1,0,722,CAPTURE,2900,2900,201,32,26,228,3,2,1,338,165,12,87,70,88,132,45.5
gauntlet/20261001-035654-scrim-g_iter1/losses/IvanGeffner.kuma__Duck__botA.bc24,IvanGeffner.kuma,0,B,kuma,1,722,CAPTURE,2900,2900,201,31,33,233,36,3,12,505,245,1,173,165,132,88,47.0
gauntlet/20261001-035654-scrim-g_iter1/losses/IvanGeffner.kuma__Capacitance__botB.bc24,IvanGeffner.kuma,0,A,kuma,1,2000,MORE_BREAD,3600,5100,201,29,24,242,51,0,20,235,100,0,405,387,518,429,44.8
gauntlet/20261001-035654-scrim-g_iter1/losses/IvanGeffner.kuma__Capacitance__botB.bc24,IvanGeffner.kuma,1,B,g_iter1,0,2000,MORE_BREAD,3600,4900,201,13,15,305,0,0,0,0,0,20,261,247,429,518,43.7
gauntlet/20261001-035654-scrim-g_iter1/losses/IvanGeffner.kuma__Occulus__botB.bc24,IvanGeffner.kuma,0,A,kuma,1,407,CAPTURE,1800,8700,201,37,36,240,17,3,4,128,60,0,154,109,90,35,47.9
gauntlet/20261001-035654-scrim-g_iter1/losses/IvanGeffner.kuma__Occulus__botB.bc24,IvanGeffner.kuma,1,B,g_iter1,0,407,CAPTURE,1800,2700,201,7,5,0,0,0,0,0,0,4,61,43,35,90,44.8
gauntlet/20261001-035654-scrim-g_iter1/losses/IvanGeffner.kuma__OceanFloor__botB.bc24,IvanGeffner.kuma,0,A,kuma,1,739,CAPTURE,1400,1400,201,29,28,219,13,3,4,226,111,0,127,113,122,76,47.6
gauntlet/20261001-035654-scrim-g_iter1/losses/IvanGeffner.kuma__OceanFloor__botB.bc24,IvanGeffner.kuma,1,B,g_iter1,0,739,CAPTURE,1400,1400,201,10,13,360,1,0,0,37,17,4,83,75,76,122,46.0
gauntlet/20261001-035654-scrim-g_iter1/losses/IvanGeffner.kuma__Hurricane__botA.bc24,IvanGeffner.kuma,1,A,g_iter1,0,2000,MORE_FLAG_CAPTURES,4500,4500,201,21,25,253,3,0,3,22,8,15,230,191,143,163,48.0
gauntlet/20261001-035654-scrim-g_iter1/losses/IvanGeffner.kuma__Hurricane__botA.bc24,IvanGeffner.kuma,0,B,kuma,1,2000,MORE_FLAG_CAPTURES,4500,4500,201,24,25,210,35,2,15,380,209,3,262,198,163,143,48.2
gauntlet/20261001-035654-scrim-g_iter1/losses/IvanGeffner.kuma__WheresMyWater__botA.bc24,IvanGeffner.kuma,1,A,g_iter1,0,1179,CAPTURE,3000,3300,201,0,0,201,0,0,0,0,0,5,133,114,213,580,38.1
gauntlet/20261001-035654-scrim-g_iter1/losses/IvanGeffner.kuma__WheresMyWater__botA.bc24,IvanGeffner.kuma,0,B,kuma,1,1179,CAPTURE,3000,6300,201,38,42,201,17,3,5,57,26,0,374,334,580,213,44.7
gauntlet/20261001-035654-scrim-g_iter1/losses/NotLLeon.v3__Capacitance__botB.bc24,NotLLeon.v3,0,A,v3,1,930,CAPTURE,3600,4400,201,12,21,213,49,3,32,374,147,1,162,157,139,254,43.4
gauntlet/20261001-035654-scrim-g_iter1/losses/NotLLeon.v3__Capacitance__botB.bc24,NotLLeon.v3,1,B,g_iter1,0,930,CAPTURE,3600,5600,201,11,22,212,3,1,1,16,7,32,153,142,254,139,46.4
gauntlet/20261001-035654-scrim-g_iter1/losses/NotLLeon.v3__DefaultMedium__botB.bc24,NotLLeon.v3,0,A,v3,1,1405,CAPTURE,2900,4100,201,15,24,260,37,3,27,384,166,10,203,181,303,361,43.7
gauntlet/20261001-035654-scrim-g_iter1/losses/NotLLeon.v3__DefaultMedium__botB.bc24,NotLLeon.v3,1,B,g_iter1,0,1405,CAPTURE,2900,2900,201,21,35,256,11,1,10,120,53,27,193,149,361,303,44.8
gauntlet/20261001-035654-scrim-g_iter1/losses/NotLLeon.v3__Funnel__botA.bc24,NotLLeon.v3,1,A,g_iter1,0,489,CAPTURE,2200,4000,205,7,14,299,3,0,3,49,23,7,71,51,42,64,46.8
gauntlet/20261001-035654-scrim-g_iter1/losses/NotLLeon.v3__Funnel__botA.bc24,NotLLeon.v3,0,B,v3,1,489,CAPTURE,2200,3900,201,27,41,297,13,3,7,305,150,3,90,88,64,42,47.9
gauntlet/20261001-035654-scrim-g_iter1/losses/NotLLeon.v3__Fountain__botB.bc24,NotLLeon.v3,0,A,v3,1,569,CAPTURE,1700,2300,223,8,14,246,24,3,17,147,55,12,54,48,41,82,46.5
gauntlet/20261001-035654-scrim-g_iter1/losses/NotLLeon.v3__Fountain__botB.bc24,NotLLeon.v3,1,B,g_iter1,0,569,CAPTURE,1700,3100,216,13,24,250,13,1,12,78,29,17,49,37,82,41,48.2
gauntlet/20261001-035654-scrim-g_iter1/losses/NotLLeon.v3__Hockey__botA.bc24,NotLLeon.v3,1,A,g_iter1,0,1028,CAPTURE,3300,3300,308,0,0,401,0,0,0,0,0,30,136,106,233,219,44.8
gauntlet/20261001-035654-scrim-g_iter1/losses/NotLLeon.v3__Hockey__botA.bc24,NotLLeon.v3,0,B,v3,1,1028,CAPTURE,3300,3600,335,0,0,435,40,3,30,228,97,0,169,153,219,233,44.6
gauntlet/20261001-035654-scrim-g_iter1/losses/SampleProvider.TSPAARKSPRINT1__Foxes__botB.bc24,SampleProvider.TSPAARKSPRINT1,0,A,TSPAARKSPRINT1,1,1237,CAPTURE,7500,7500,203,20,24,225,54,3,48,1168,437,10,96,85,116,182,46.3
gauntlet/20261001-035654-scrim-g_iter1/losses/SampleProvider.TSPAARKSPRINT1__Foxes__botB.bc24,SampleProvider.TSPAARKSPRINT1,1,B,g_iter1,0,1237,CAPTURE,7500,7500,202,24,22,235,12,1,10,878,118,48,200,182,182,116,47.7
gauntlet/20261001-035654-scrim-g_iter1/losses/NotLLeon.v3__Klein__botB.bc24,NotLLeon.v3,0,A,v3,1,2000,MORE_FLAG_CAPTURES,5100,5100,205,20,15,215,54,2,43,287,153,4,353,328,535,515,43.7
gauntlet/20261001-035654-scrim-g_iter1/losses/NotLLeon.v3__Klein__botB.bc24,NotLLeon.v3,1,B,g_iter1,0,2000,MORE_FLAG_CAPTURES,6000,6300,203,13,11,223,4,0,4,12,2,43,210,194,515,535,43.5
gauntlet/20261001-035654-scrim-g_iter1/losses/SampleProvider.TSPAARKSPRINT1__Randy__botB.bc24,SampleProvider.TSPAARKSPRINT1,0,A,TSPAARKSPRINT1,1,2000,MORE_FLAG_CAPTURES,3400,10200,201,27,17,212,17,1,13,421,119,33,103,82,158,515,43.8
gauntlet/20261001-035654-scrim-g_iter1/losses/SampleProvider.TSPAARKSPRINT1__Randy__botB.bc24,SampleProvider.TSPAARKSPRINT1,1,B,g_iter1,0,2000,MORE_FLAG_CAPTURES,3400,6800,201,23,17,206,33,0,33,214,86,13,287,247,515,158,48.1
gauntlet/20261001-035654-scrim-g_iter1/losses/SampleProvider.TSPAARKSPRINT1__Soccer__botB.bc24,SampleProvider.TSPAARKSPRINT1,0,A,TSPAARKSPRINT1,1,653,CAPTURE,3000,3100,202,23,27,242,30,3,24,672,204,6,51,37,56,160,44.1
gauntlet/20261001-035654-scrim-g_iter1/losses/SampleProvider.TSPAARKSPRINT1__Soccer__botB.bc24,SampleProvider.TSPAARKSPRINT1,1,B,g_iter1,0,653,CAPTURE,3000,3100,209,27,21,358,7,0,6,193,91,24,98,80,160,56,48.0
gauntlet/20261001-035654-scrim-g_iter1/losses/SampleProvider.TSPAARKSPRINT1__SteamboatMickey__botB.bc24,SampleProvider.TSPAARKSPRINT1,0,A,TSPAARKSPRINT1,1,851,CAPTURE,7300,10300,201,13,21,283,33,3,27,863,322,14,100,88,112,164,45.2
gauntlet/20261001-035654-scrim-g_iter1/losses/SampleProvider.TSPAARKSPRINT1__SteamboatMickey__botB.bc24,SampleProvider.TSPAARKSPRINT1,1,B,g_iter1,0,851,CAPTURE,7300,16300,201,31,28,201,15,1,14,182,83,27,233,217,164,112,46.8
gauntlet/20261001-035654-scrim-g_iter1/losses/Strequals.duck0127v5__Decision__botB.bc24,Strequals.duck0127v5,0,A,duck0127v5,1,1020,CAPTURE,1400,1500,222,10,34,302,17,3,14,419,196,12,201,169,220,115,47.3
gauntlet/20261001-035654-scrim-g_iter1/losses/Strequals.duck0127v5__Decision__botB.bc24,Strequals.duck0127v5,1,B,g_iter1,0,1020,CAPTURE,1900,2300,202,15,14,275,14,2,12,536,258,14,84,70,115,220,44.7
gauntlet/20261001-035654-scrim-g_iter1/losses/Strequals.duck0127v5__DefaultLarge__botB.bc24,Strequals.duck0127v5,0,A,duck0127v5,1,861,CAPTURE,1800,6000,202,40,47,295,15,3,12,676,329,12,273,258,211,123,46.5
gauntlet/20261001-035654-scrim-g_iter1/losses/Strequals.duck0127v5__DefaultLarge__botB.bc24,Strequals.duck0127v5,1,B,g_iter1,0,861,CAPTURE,1800,3100,203,18,16,302,12,0,12,461,214,12,110,80,123,211,44.0
gauntlet/20261001-035654-scrim-g_iter1/losses/Strequals.duck0127v5__GaltonBoard__botA.bc24,Strequals.duck0127v5,1,A,g_iter1,0,683,CAPTURE,0,1000,201,12,8,308,4,0,4,16,6,6,77,71,77,176,43.9
gauntlet/20261001-035654-scrim-g_iter1/losses/Strequals.duck0127v5__GaltonBoard__botA.bc24,Strequals.duck0127v5,0,B,duck0127v5,1,683,CAPTURE,0,36800,203,8,26,256,9,3,6,101,49,4,271,214,176,77,47.4
gauntlet/20261001-035654-scrim-g_iter1/losses/Strequals.duck0127v5__Occulus__botB.bc24,Strequals.duck0127v5,0,A,duck0127v5,1,2000,MORE_FLAG_CAPTURES,1800,9600,201,23,33,301,5,2,3,80,39,4,613,538,733,362,45.6
gauntlet/20261001-035654-scrim-g_iter1/losses/Strequals.duck0127v5__Occulus__botB.bc24,Strequals.duck0127v5,1,B,g_iter1,0,2000,MORE_FLAG_CAPTURES,1800,1800,201,16,13,238,4,0,4,16,6,3,219,208,362,733,41.1
gauntlet/20261001-035654-scrim-g_iter1/losses/Strequals.duck0127v5__Yinyang__botB.bc24,Strequals.duck0127v5,0,A,duck0127v5,1,802,CAPTURE,2900,3500,201,20,29,204,15,3,12,214,99,2,226,210,226,139,45.8
gauntlet/20261001-035654-scrim-g_iter1/losses/Strequals.duck0127v5__Yinyang__botB.bc24,Strequals.duck0127v5,1,B,g_iter1,0,802,CAPTURE,2900,2900,201,24,25,204,3,1,2,49,23,12,97,89,139,226,43.2
gauntlet/20261001-035654-scrim-g_iter1/losses/Strequals.duck0127v5__Racetrack__botB.bc24,Strequals.duck0127v5,0,A,duck0127v5,1,1489,CAPTURE,0,0,320,0,0,477,8,3,5,250,125,22,332,296,538,239,46.1
gauntlet/20261001-035654-scrim-g_iter1/losses/Strequals.duck0127v5__Racetrack__botB.bc24,Strequals.duck0127v5,1,B,g_iter1,0,1489,CAPTURE,0,0,203,27,30,233,24,2,22,298,126,5,102,99,239,538,41.3
gauntlet/20261001-035654-scrim-g_iter1/losses/andli28.v9_USQuals_angle__Anchor__botB.bc24,andli28.v9_USQuals_angle,0,A,v9_USQuals_angle,1,884,CAPTURE,6300,9300,201,2,7,368,16,3,13,183,84,0,270,228,192,176,45.2
gauntlet/20261001-035654-scrim-g_iter1/losses/andli28.v9_USQuals_angle__Anchor__botB.bc24,andli28.v9_USQuals_angle,1,B,g_iter1,0,884,CAPTURE,6300,10800,204,11,8,0,0,0,0,0,0,13,180,167,176,192,44.9
gauntlet/20261001-035654-scrim-g_iter1/losses/andli28.v9_USQuals_angle__Capacitance__botB.bc24,andli28.v9_USQuals_angle,0,A,v9_USQuals_angle,1,643,CAPTURE,3600,5000,201,33,21,223,15,3,12,262,120,6,188,162,106,92,46.6
gauntlet/20261001-035654-scrim-g_iter1/losses/andli28.v9_USQuals_angle__Capacitance__botB.bc24,andli28.v9_USQuals_angle,1,B,g_iter1,0,643,CAPTURE,3600,5000,201,12,14,239,7,0,6,10,4,12,103,88,92,106,46.2
gauntlet/20261001-035654-scrim-g_iter1/losses/andli28.v9_USQuals_angle__Diagonal__botA.bc24,andli28.v9_USQuals_angle,1,A,g_iter1,0,2000,LEVEL_SUM,5100,5100,201,18,16,227,11,0,11,165,71,0,234,150,112,116,48.6
gauntlet/20261001-035654-scrim-g_iter1/losses/andli28.v9_USQuals_angle__Diagonal__botA.bc24,andli28.v9_USQuals_angle,0,B,v9_USQuals_angle,1,2000,LEVEL_SUM,4700,4700,201,35,32,273,0,0,0,0,0,11,177,119,116,112,48.6
gauntlet/20261001-035654-scrim-g_iter1/losses/andli28.v9_USQuals_angle__Randy__botB.bc24,andli28.v9_USQuals_angle,0,A,v9_USQuals_angle,1,476,CAPTURE,3400,3400,201,15,10,233,16,3,13,112,47,0,128,92,47,61,47.0
gauntlet/20261001-035654-scrim-g_iter1/losses/andli28.v9_USQuals_angle__Randy__botB.bc24,andli28.v9_USQuals_angle,1,B,g_iter1,0,476,CAPTURE,3400,5000,201,8,12,228,0,0,0,0,0,13,76,53,61,47,47.6
gauntlet/20261001-035654-scrim-g_iter1/losses/andli28.v9_USQuals_angle__Mountain__botB.bc24,andli28.v9_USQuals_angle,0,A,v9_USQuals_angle,1,2000,MORE_FLAG_CAPTURES,4100,5900,205,29,21,222,29,2,27,196,98,0,560,492,782,473,44.2
gauntlet/20261001-035654-scrim-g_iter1/losses/andli28.v9_USQuals_angle__Mountain__botB.bc24,andli28.v9_USQuals_angle,1,B,g_iter1,0,2000,MORE_FLAG_CAPTURES,4100,5300,201,5,4,261,0,0,0,0,0,27,237,225,473,782,40.5
gauntlet/20261001-035654-scrim-g_iter1/losses/andli28.v9_USQuals_angle__Valentine__botB.bc24,andli28.v9_USQuals_angle,0,A,v9_USQuals_angle,1,842,CAPTURE,1800,6000,211,46,40,225,19,3,16,713,345,3,236,208,187,94,47.4
gauntlet/20261001-035654-scrim-g_iter1/losses/andli28.v9_USQuals_angle__Valentine__botB.bc24,andli28.v9_USQuals_angle,1,B,g_iter1,0,842,CAPTURE,1800,2400,510,0,0,625,3,0,3,7,2,16,100,80,94,187,44.6
gauntlet/20261001-035654-scrim-g_iter1/losses/andrewgopher.player22__Battlefield__botB.bc24,andrewgopher.player22,0,A,player22,1,347,CAPTURE,3700,3700,204,19,27,208,9,3,3,51,22,0,62,41,63,79,44.7
gauntlet/20261001-035654-scrim-g_iter1/losses/andrewgopher.player22__Battlefield__botB.bc24,andrewgopher.player22,1,B,g_iter1,0,347,CAPTURE,3700,3700,202,0,0,238,0,0,0,0,0,3,60,45,79,63,46.2
gauntlet/20261001-035654-scrim-g_iter1/losses/andrewgopher.player22__Anchor__botB.bc24,andrewgopher.player22,0,A,player22,1,1574,CAPTURE,6300,10500,206,27,15,238,14,3,8,138,65,4,408,399,735,617,40.4
gauntlet/20261001-035654-scrim-g_iter1/losses/andrewgopher.player22__Anchor__botB.bc24,andrewgopher.player22,1,B,g_iter1,0,1574,CAPTURE,6300,9600,202,0,4,376,4,0,4,43,19,8,243,235,617,735,38.6
gauntlet/20261001-035654-scrim-g_iter1/losses/andrewgopher.player22__Occulus__botA.bc24,andrewgopher.player22,1,A,g_iter1,0,832,CAPTURE,1800,1800,201,10,7,251,3,0,3,35,15,7,98,88,298,324,40.5
gauntlet/20261001-035654-scrim-g_iter1/losses/andrewgopher.player22__Occulus__botA.bc24,andrewgopher.player22,0,B,player22,1,832,CAPTURE,1800,6900,201,39,39,217,13,3,7,170,78,3,238,225,324,298,41.4
gauntlet/20261001-035654-scrim-g_iter1/losses/andrewgopher.player22__Rainbow__botB.bc24,andrewgopher.player22,0,A,player22,1,2000,MORE_FLAG_CAPTURES,6000,6000,201,31,38,234,17,2,12,199,96,5,326,311,652,935,38.6
gauntlet/20261001-035654-scrim-g_iter1/losses/andrewgopher.player22__Rainbow__botB.bc24,andrewgopher.player22,1,B,g_iter1,0,2000,MORE_FLAG_CAPTURES,6000,6000,201,2,0,865,5,0,5,169,82,12,284,271,935,652,42.1
gauntlet/20261001-035654-scrim-g_iter1/losses/andrewgopher.player22__Rivers__botA.bc24,andrewgopher.player22,1,A,g_iter1,0,524,CAPTURE,1500,2100,201,3,2,255,1,0,1,25,12,5,61,47,134,91,45.7
gauntlet/20261001-035654-scrim-g_iter1/losses/andrewgopher.player22__Rivers__botA.bc24,andrewgopher.player22,0,B,player22,1,524,CAPTURE,1500,2100,205,18,15,250,17,3,5,147,64,1,72,63,91,134,44.0
gauntlet/20261001-035654-scrim-g_iter1/losses/awu7.ExplosiveBot__Asteroids__botA.bc24,awu7.ExplosiveBot,1,A,g_iter1,0,954,CAPTURE,800,1500,210,16,30,251,14,1,12,378,176,15,201,142,455,99,47.5
gauntlet/20261001-035654-scrim-g_iter1/losses/awu7.ExplosiveBot__Asteroids__botA.bc24,awu7.ExplosiveBot,0,B,ExplosiveBot,1,954,CAPTURE,800,4500,210,13,10,263,65,3,15,314,116,12,78,73,99,455,38.5
gauntlet/20261001-035654-scrim-g_iter1/losses/chenyx512.flagbot_final__Foxes__botB.bc24,chenyx512.flagbot_final,0,A,flagbot_final,1,1435,CAPTURE,7500,7500,202,34,23,233,11,3,5,802,341,12,569,496,566,157,47.3
gauntlet/20261001-035654-scrim-g_iter1/losses/chenyx512.flagbot_final__Foxes__botB.bc24,chenyx512.flagbot_final,1,B,g_iter1,0,1435,CAPTURE,7500,7500,202,22,21,239,12,0,12,176,83,5,213,208,157,566,40.4
gauntlet/20261001-035654-scrim-g_iter1/losses/chenyx512.flagbot_final__English__botA.bc24,chenyx512.flagbot_final,1,A,g_iter1,0,1529,CAPTURE,10900,10900,201,10,11,240,12,0,12,183,86,17,205,201,140,748,37.9
gauntlet/20261001-035654-scrim-g_iter1/losses/chenyx512.flagbot_final__English__botA.bc24,chenyx512.flagbot_final,0,B,flagbot_final,1,1529,CAPTURE,10900,10900,201,43,32,240,23,3,17,897,355,12,555,502,748,140,47.7
gauntlet/20261001-035654-scrim-g_iter1/losses/chenyx512.flagbot_final__Islands__botA.bc24,chenyx512.flagbot_final,1,A,g_iter1,0,703,CAPTURE,5800,5800,201,24,14,213,6,1,5,107,50,12,103,98,51,121,45.8
gauntlet/20261001-035654-scrim-g_iter1/losses/chenyx512.flagbot_final__Islands__botA.bc24,chenyx512.flagbot_final,0,B,flagbot_final,1,703,CAPTURE,5800,5800,201,30,3,215,18,3,12,770,315,5,113,95,121,51,48.1
gauntlet/20261001-035654-scrim-g_iter1/losses/chenyx512.flagbot_final__TreeSearch__botA.bc24,chenyx512.flagbot_final,1,A,g_iter1,0,1132,CAPTURE,3200,3200,204,0,0,343,11,2,9,177,82,9,118,115,126,541,38.3
gauntlet/20261001-035654-scrim-g_iter1/losses/chenyx512.flagbot_final__TreeSearch__botA.bc24,chenyx512.flagbot_final,0,B,flagbot_final,1,1132,CAPTURE,3200,6800,203,27,41,266,15,3,9,806,306,9,392,336,541,126,47.2
gauntlet/20261001-035654-scrim-g_iter1/losses/chenyx512.flagbot_final__Klein__botB.bc24,chenyx512.flagbot_final,0,A,flagbot_final,1,1596,CAPTURE,6600,6900,210,9,12,251,19,3,13,846,359,17,457,408,682,131,47.9
gauntlet/20261001-035654-scrim-g_iter1/losses/chenyx512.flagbot_final__Klein__botB.bc24,chenyx512.flagbot_final,1,B,g_iter1,0,1596,CAPTURE,5600,6200,202,25,18,376,17,0,17,224,91,13,181,176,131,682,39.6
gauntlet/20261001-035654-scrim-g_iter1/losses/chenyx512.flagbot_final__QuestionableChess__botA.bc24,chenyx512.flagbot_final,1,A,g_iter1,0,2000,MORE_FLAG_CAPTURES,0,0,201,30,46,283,5,1,4,81,38,6,181,161,351,798,40.2
gauntlet/20261001-035654-scrim-g_iter1/losses/chenyx512.flagbot_final__QuestionableChess__botA.bc24,chenyx512.flagbot_final,0,B,flagbot_final,1,2000,MORE_FLAG_CAPTURES,0,0,319,0,0,544,11,2,6,715,296,4,470,422,798,351,45.7
gauntlet/20261001-035654-scrim-g_iter1/losses/clbarrell.duck8__Skyline__botB.bc24,clbarrell.duck8,0,A,duck8,1,517,CAPTURE,9300,19800,208,1,2,330,13,3,10,118,50,0,217,171,53,137,43.6
gauntlet/20261001-035654-scrim-g_iter1/losses/clbarrell.duck8__Skyline__botB.bc24,clbarrell.duck8,1,B,g_iter1,0,517,CAPTURE,21600,23400,201,14,13,350,0,0,0,0,0,10,250,223,137,53,47.5
gauntlet/20261001-035654-scrim-g_iter1/losses/hsmalladi.finalbot__Battlefield__botA.bc24,hsmalladi.finalbot,1,A,g_iter1,0,314,CAPTURE,3700,3700,202,12,14,203,1,1,0,32,15,13,56,42,71,29,47.8
gauntlet/20261001-035654-scrim-g_iter1/losses/hsmalladi.finalbot__Battlefield__botA.bc24,hsmalladi.finalbot,0,B,finalbot,1,314,CAPTURE,3700,3700,204,8,12,204,22,3,13,662,198,0,40,30,29,71,44.8
gauntlet/20261001-035654-scrim-g_iter1/losses/dmtrung14.defaultplayer_intlqualifier__Bunkers__botB.bc24,dmtrung14.defaultplayer_intlqualifier,0,A,defaultplayer_intlqualifier,1,2000,MORE_FLAG_CAPTURES,2800,2800,201,3,5,206,29,2,8,376,126,0,74,56,51,603,42.6
gauntlet/20261001-035654-scrim-g_iter1/losses/dmtrung14.defaultplayer_intlqualifier__Bunkers__botB.bc24,dmtrung14.defaultplayer_intlqualifier,1,B,g_iter1,0,2000,MORE_FLAG_CAPTURES,2800,2800,201,11,17,248,0,0,0,0,0,8,315,104,603,51,49.4
gauntlet/20261001-035654-scrim-g_iter1/losses/hsmalladi.finalbot__DefaultHuge__botB.bc24,hsmalladi.finalbot,0,A,finalbot,1,648,CAPTURE,3500,3500,201,32,29,209,28,3,20,832,154,1,106,100,87,106,46.0
gauntlet/20261001-035654-scrim-g_iter1/losses/hsmalladi.finalbot__DefaultHuge__botB.bc24,hsmalladi.finalbot,1,B,g_iter1,0,648,CAPTURE,3700,3900,201,15,18,284,3,1,1,209,102,20,109,93,106,87,46.9
gauntlet/20261001-035654-scrim-g_iter1/losses/hsmalladi.finalbot__MazeRunner__botB.bc24,hsmalladi.finalbot,0,A,finalbot,1,1078,CAPTURE,2600,5600,209,20,28,265,74,3,42,1209,254,1,152,140,256,270,43.9
gauntlet/20261001-035654-scrim-g_iter1/losses/hsmalladi.finalbot__MazeRunner__botB.bc24,hsmalladi.finalbot,1,B,g_iter1,0,1078,CAPTURE,2600,5000,207,16,18,276,2,1,1,105,51,42,138,95,270,256,44.3
gauntlet/20261001-035654-scrim-g_iter1/losses/hsmalladi.finalbot__Intercontinental__botB.bc24,hsmalladi.finalbot,0,A,finalbot,1,1347,CAPTURE,2400,4800,201,19,23,253,57,3,41,803,135,5,163,160,393,580,39.5
gauntlet/20261001-035654-scrim-g_iter1/losses/hsmalladi.finalbot__Intercontinental__botB.bc24,hsmalladi.finalbot,1,B,g_iter1,0,1347,CAPTURE,2400,3900,201,2,1,491,5,0,5,95,35,41,122,109,580,393,42.9
gauntlet/20261001-035654-scrim-g_iter1/losses/hsmalladi.finalbot__Mountain__botA.bc24,hsmalladi.finalbot,1,A,g_iter1,0,808,CAPTURE,4100,5600,202,17,14,250,1,0,1,65,32,57,125,106,245,174,44.8
gauntlet/20261001-035654-scrim-g_iter1/losses/hsmalladi.finalbot__Mountain__botA.bc24,hsmalladi.finalbot,0,B,finalbot,1,808,CAPTURE,4100,5600,201,20,16,202,71,3,57,1089,313,1,104,98,174,245,42.8
gauntlet/20261001-035654-scrim-g_iter1/losses/hsmalladi.finalbot__Occulus__botA.bc24,hsmalladi.finalbot,1,A,g_iter1,0,526,CAPTURE,1800,2400,201,2,0,0,0,0,0,0,0,12,69,62,115,121,44.5
gauntlet/20261001-035654-scrim-g_iter1/losses/hsmalladi.finalbot__Occulus__botA.bc24,hsmalladi.finalbot,0,B,finalbot,1,526,CAPTURE,1800,9000,201,34,30,250,21,3,12,773,91,0,134,118,121,115,44.8
gauntlet/20261001-035654-scrim-g_iter1/losses/jmerle.camel_case_v21_final__Bunkers__botB.bc24,jmerle.camel_case_v21_final,0,A,camel_case_v21_final,1,445,CAPTURE,2800,2800,201,38,25,213,4,3,1,125,61,0,91,79,114,87,45.5
gauntlet/20261001-035654-scrim-g_iter1/losses/jmerle.camel_case_v21_final__Bunkers__botB.bc24,jmerle.camel_case_v21_final,1,B,g_iter1,0,445,CAPTURE,2800,2800,201,3,2,236,1,1,0,26,13,1,62,49,87,114,43.9
gauntlet/20261001-035654-scrim-g_iter1/losses/jmerle.camel_case_v21_final__Digging__botA.bc24,jmerle.camel_case_v21_final,1,A,g_iter1,0,1071,CAPTURE,700,1500,255,0,5,292,4,0,4,23,9,5,117,117,376,767,32.8
gauntlet/20261001-035654-scrim-g_iter1/losses/jmerle.camel_case_v21_final__Digging__botA.bc24,jmerle.camel_case_v21_final,0,B,camel_case_v21_final,1,1071,CAPTURE,700,2900,206,40,37,218,8,3,5,144,69,4,352,346,767,376,41.6
gauntlet/20261001-035654-scrim-g_iter1/losses/jmerle.camel_case_v21_final__Foxes__botB.bc24,jmerle.camel_case_v21_final,0,A,camel_case_v21_final,1,603,CAPTURE,7500,7500,202,33,21,231,8,3,5,237,116,3,163,158,140,175,43.1
gauntlet/20261001-035654-scrim-g_iter1/losses/jmerle.camel_case_v21_final__Foxes__botB.bc24,jmerle.camel_case_v21_final,1,B,g_iter1,0,603,CAPTURE,7500,7500,203,0,1,292,3,0,3,22,9,5,122,99,175,140,44.4
gauntlet/20261001-035654-scrim-g_iter1/losses/jmerle.camel_case_v21_final__Islands__botA.bc24,jmerle.camel_case_v21_final,1,A,g_iter1,0,399,CAPTURE,5800,5800,201,17,9,222,6,1,5,192,92,9,69,65,83,107,43.5
gauntlet/20261001-035654-scrim-g_iter1/losses/jmerle.camel_case_v21_final__Islands__botA.bc24,jmerle.camel_case_v21_final,0,B,camel_case_v21_final,1,399,CAPTURE,5800,5800,201,34,36,214,12,3,9,163,69,5,101,94,107,83,45.4
gauntlet/20261001-035654-scrim-g_iter1/losses/jmerle.camel_case_v21_final__Starfish__botB.bc24,jmerle.camel_case_v21_final,0,A,camel_case_v21_final,1,442,CAPTURE,4100,4100,201,22,17,201,9,3,6,74,35,6,33,30,139,132,42.9
gauntlet/20261001-035654-scrim-g_iter1/losses/jmerle.camel_case_v21_final__Starfish__botB.bc24,jmerle.camel_case_v21_final,1,B,g_iter1,0,442,CAPTURE,4100,4200,201,24,0,201,6,0,6,12,2,6,54,47,132,139,42.9
gauntlet/20261001-035654-scrim-g_iter1/losses/jmerle.camel_case_v21_final__YearOfTheDragon__botB.bc24,jmerle.camel_case_v21_final,0,A,camel_case_v21_final,1,2000,LEVEL_SUM,10800,10800,201,21,22,231,7,2,5,86,41,6,557,544,894,782,40.5
gauntlet/20261001-035654-scrim-g_iter1/losses/jmerle.camel_case_v21_final__YearOfTheDragon__botB.bc24,jmerle.camel_case_v21_final,1,B,g_iter1,0,2000,LEVEL_SUM,10800,10800,201,8,11,271,8,2,6,129,57,5,334,303,782,894,39.1
gauntlet/20261001-035654-scrim-g_iter1/losses/jonters.bling3__GaltonBoard__botB.bc24,jonters.bling3,0,A,bling3,1,2000,MORE_FLAG_CAPTURES,0,35300,201,23,24,257,2,1,1,65,31,1,324,292,450,1007,37.2
gauntlet/20261001-035654-scrim-g_iter1/losses/jonters.bling3__GaltonBoard__botB.bc24,jonters.bling3,1,B,g_iter1,0,2000,MORE_FLAG_CAPTURES,0,700,205,8,6,270,1,0,1,3,1,1,217,199,1007,450,44.5
gauntlet/20261001-035654-scrim-g_iter1/losses/kyleezz.jeeryfix3__Decision__botA.bc24,kyleezz.jeeryfix3,1,A,g_iter1,0,528,CAPTURE,1900,1900,209,17,15,403,2,1,1,154,73,6,53,42,103,108,45.1
gauntlet/20261001-035654-scrim-g_iter1/losses/kyleezz.jeeryfix3__Decision__botA.bc24,kyleezz.jeeryfix3,0,B,jeeryfix3,1,528,CAPTURE,1900,1900,202,32,16,238,9,3,6,363,184,1,47,46,108,103,45.3
gauntlet/20261001-035654-scrim-g_iter1/losses/kyleezz.jeeryfix3__Duck__botA.bc24,kyleezz.jeeryfix3,1,A,g_iter1,0,2000,MORE_FLAG_CAPTURES,2900,2900,201,7,0,247,14,0,13,346,194,12,443,364,1267,471,44.3
gauntlet/20261001-035654-scrim-g_iter1/losses/kyleezz.jeeryfix3__Duck__botA.bc24,kyleezz.jeeryfix3,0,B,jeeryfix3,1,2000,MORE_FLAG_CAPTURES,2900,2900,201,29,25,228,14,2,12,220,105,13,258,256,471,1267,34.6
gauntlet/20261001-035654-scrim-g_iter1/losses/kyleezz.jeeryfix3__EvilGrin__botB.bc24,kyleezz.jeeryfix3,0,A,jeeryfix3,1,2000,MORE_FLAG_CAPTURES,2000,5000,206,37,7,242,15,2,13,97,44,1,299,296,489,1477,32.0
gauntlet/20261001-035654-scrim-g_iter1/losses/kyleezz.jeeryfix3__EvilGrin__botB.bc24,kyleezz.jeeryfix3,1,B,g_iter1,0,2000,MORE_FLAG_CAPTURES,2000,4400,279,0,1,707,1,0,1,4,1,13,261,200,1477,489,44.1
gauntlet/20261001-035654-scrim-g_iter1/losses/kyleezz.jeeryfix3__HeMustBeFreed__botA.bc24,kyleezz.jeeryfix3,1,A,g_iter1,0,2000,MORE_FLAG_CAPTURES,4100,7800,201,0,3,292,13,0,13,367,175,24,359,286,778,321,46.1
gauntlet/20261001-035654-scrim-g_iter1/losses/kyleezz.jeeryfix3__HeMustBeFreed__botA.bc24,kyleezz.jeeryfix3,0,B,jeeryfix3,1,2000,MORE_FLAG_CAPTURES,2900,13600,201,43,29,240,26,2,24,240,135,13,250,247,321,778,40.5
gauntlet/20261001-035654-scrim-g_iter1/losses/kyleezz.jeeryfix3__TreeSearch__botA.bc24,kyleezz.jeeryfix3,1,A,g_iter1,0,323,CAPTURE,3200,3500,206,2,0,224,1,0,1,32,13,4,38,22,34,42,46.7
gauntlet/20261001-035654-scrim-g_iter1/losses/kyleezz.jeeryfix3__TreeSearch__botA.bc24,kyleezz.jeeryfix3,0,B,jeeryfix3,1,323,CAPTURE,3200,6500,203,34,7,217,7,3,4,154,76,1,65,51,42,34,47.6
gauntlet/20261001-035654-scrim-g_iter1/losses/quesswho.cretplayer2_3__Alien__botB.bc24,quesswho.cretplayer2_3,0,A,cretplayer2_3,1,654,CAPTURE,3300,3300,202,15,1,210,27,3,21,948,142,7,104,97,173,227,41.0
gauntlet/20261001-035654-scrim-g_iter1/losses/quesswho.cretplayer2_3__Alien__botB.bc24,quesswho.cretplayer2_3,1,B,g_iter1,0,654,CAPTURE,3300,3300,206,5,10,237,7,0,7,39,16,21,97,81,227,173,43.7
gauntlet/20261001-035654-scrim-g_iter1/losses/quesswho.cretplayer2_3__BreadPudding__botA.bc24,quesswho.cretplayer2_3,1,A,g_iter1,0,2000,MORE_FLAG_CAPTURES,2600,2900,206,15,4,230,8,0,7,61,34,48,343,303,1569,366,45.5
gauntlet/20261001-035654-scrim-g_iter1/losses/quesswho.cretplayer2_3__BreadPudding__botA.bc24,quesswho.cretplayer2_3,0,B,cretplayer2_3,1,2000,MORE_FLAG_CAPTURES,2600,2900,203,20,12,214,53,2,48,883,95,7,226,222,366,1569,30.8
gauntlet/20261001-035654-scrim-g_iter1/losses/quesswho.cretplayer2_3__Swoop__botB.bc24,quesswho.cretplayer2_3,0,A,cretplayer2_3,1,915,CAPTURE,4300,4300,201,30,32,219,39,3,33,1319,338,1,117,109,231,229,43.4
gauntlet/20261001-035654-scrim-g_iter1/losses/quesswho.cretplayer2_3__Swoop__botB.bc24,quesswho.cretplayer2_3,1,B,g_iter1,0,915,CAPTURE,4300,4300,201,5,3,238,4,1,1,361,165,33,150,128,229,231,43.8
gauntlet/20261001-035654-scrim-g_iter1/losses/quesswho.cretplayer2_3__MazeRunner__botA.bc24,quesswho.cretplayer2_3,1,A,g_iter1,0,2000,MORE_FLAG_CAPTURES,2600,3800,207,11,16,247,17,0,16,338,154,30,288,223,1218,421,44.8
gauntlet/20261001-035654-scrim-g_iter1/losses/quesswho.cretplayer2_3__MazeRunner__botA.bc24,quesswho.cretplayer2_3,0,B,cretplayer2_3,1,2000,MORE_FLAG_CAPTURES,2600,6200,207,13,13,237,34,1,30,1030,201,16,239,233,421,1218,34.9
gauntlet/20261001-035654-scrim-g_iter1/losses/quesswho.cretplayer2_3__WheresMyWater__botB.bc24,quesswho.cretplayer2_3,0,A,cretplayer2_3,1,834,CAPTURE,3000,5400,201,17,12,202,32,3,26,1048,306,9,93,89,208,346,39.6
gauntlet/20261001-035654-scrim-g_iter1/losses/quesswho.cretplayer2_3__WheresMyWater__botB.bc24,quesswho.cretplayer2_3,1,B,g_iter1,0,834,CAPTURE,3000,3000,201,11,7,201,11,2,9,89,39,26,135,126,346,208,44.2
gauntlet/20261001-035654-scrim-g_iter1/losses/winkelmantanner.waffle__Alligator__botA.bc24,winkelmantanner.waffle,1,A,g_iter1,0,355,CAPTURE,3300,7800,201,19,16,219,2,1,1,38,17,8,92,84,59,28,48.1
gauntlet/20261001-035654-scrim-g_iter1/losses/winkelmantanner.waffle__Alligator__botA.bc24,winkelmantanner.waffle,0,B,waffle,1,355,CAPTURE,3300,4800,201,29,12,217,11,3,8,162,75,1,80,70,28,59,46.0
gauntlet/20261001-035654-scrim-g_iter1/losses/winkelmantanner.waffle__Battlefield__botA.bc24,winkelmantanner.waffle,1,A,g_iter1,0,384,CAPTURE,3700,3700,202,5,4,206,0,0,0,0,0,14,64,47,59,74,45.6
gauntlet/20261001-035654-scrim-g_iter1/losses/winkelmantanner.waffle__Battlefield__botA.bc24,winkelmantanner.waffle,0,B,waffle,1,384,CAPTURE,3700,3700,203,19,21,205,17,3,14,122,53,0,76,65,74,59,46.3
gauntlet/20261001-035654-scrim-g_iter1/losses/winkelmantanner.waffle__Bunkers__botA.bc24,winkelmantanner.waffle,1,A,g_iter1,0,352,CAPTURE,2800,2800,201,9,23,272,1,1,0,29,13,21,62,48,74,30,48.0
gauntlet/20261001-035654-scrim-g_iter1/losses/winkelmantanner.waffle__Bunkers__botA.bc24,winkelmantanner.waffle,0,B,waffle,1,352,CAPTURE,2800,2800,201,25,23,220,24,3,21,197,89,0,64,62,30,74,45.2
gauntlet/20261001-035654-scrim-g_iter1/losses/winkelmantanner.waffle__Canals__botB.bc24,winkelmantanner.waffle,0,A,waffle,1,2000,MORE_FLAG_CAPTURES,4600,5100,215,2,28,324,11,1,10,65,28,0,376,366,498,681,41.7
gauntlet/20261001-035654-scrim-g_iter1/losses/winkelmantanner.waffle__Canals__botB.bc24,winkelmantanner.waffle,1,B,g_iter1,0,2000,MORE_FLAG_CAPTURES,4600,4900,208,4,2,235,0,0,0,0,0,10,255,208,681,498,44.0
gauntlet/20261001-035654-scrim-g_iter1/losses/winkelmantanner.waffle__MazeRunner__botB.bc24,winkelmantanner.waffle,0,A,waffle,1,2000,MORE_FLAG_CAPTURES,2600,4700,209,28,17,236,33,2,31,263,111,5,250,244,415,955,38.3
gauntlet/20261001-035654-scrim-g_iter1/losses/winkelmantanner.waffle__MazeRunner__botB.bc24,winkelmantanner.waffle,1,B,g_iter1,0,2000,MORE_FLAG_CAPTURES,2600,5300,207,18,17,236,5,0,5,74,44,31,258,191,955,415,44.9
gauntlet/20261001-035654-scrim-g_iter1/replays/ColtG5.Goob_final__Backslash__botB.bc24,ColtG5.Goob_final,0,A,Goob_final,0,2000,LEVEL_SUM,2100,13100,201,15,6,220,11,1,10,82,37,0,331,307,530,1325,33.8
gauntlet/20261001-035654-scrim-g_iter1/replays/ColtG5.Goob_final__Backslash__botB.bc24,ColtG5.Goob_final,1,B,g_iter1,1,2000,LEVEL_SUM,4700,15800,201,30,21,264,1,1,0,30,15,10,351,335,1325,530,43.6
gauntlet/20261001-035654-scrim-g_iter1/replays/ColtG5.Goob_final__Canals__botB.bc24,ColtG5.Goob_final,0,A,Goob_final,0,2000,LEVEL_SUM,4600,4600,203,25,24,220,1,0,1,2,0,0,332,308,451,1309,34.1
gauntlet/20261001-035654-scrim-g_iter1/replays/ColtG5.Goob_final__Canals__botB.bc24,ColtG5.Goob_final,1,B,g_iter1,1,2000,LEVEL_SUM,4600,4600,214,1,0,255,1,0,0,19,16,1,267,195,1309,451,44.6
gauntlet/20261001-035654-scrim-g_iter1/replays/ColtG5.Goob_final__Decision__botA.bc24,ColtG5.Goob_final,1,A,g_iter1,1,1831,CAPTURE,1900,1900,206,12,10,292,5,3,2,485,251,23,373,356,1136,363,45.1
gauntlet/20261001-035654-scrim-g_iter1/replays/ColtG5.Goob_final__Decision__botA.bc24,ColtG5.Goob_final,0,B,Goob_final,0,1831,CAPTURE,1900,1900,202,28,12,232,25,2,23,436,206,2,204,197,363,1136,34.9
gauntlet/20261001-035654-scrim-g_iter1/replays/CyrilSharma.finalBot__EndAround__botA.bc24,CyrilSharma.finalBot,1,A,g_iter1,1,2000,LEVEL_SUM,2200,4300,203,32,23,229,1,0,1,3,1,0,230,141,209,176,47.8
gauntlet/20261001-035654-scrim-g_iter1/replays/CyrilSharma.finalBot__EndAround__botA.bc24,CyrilSharma.finalBot,0,B,finalBot,0,2000,LEVEL_SUM,2500,5200,219,0,0,0,0,0,0,0,0,1,397,338,176,209,47.5
gauntlet/20261001-035654-scrim-g_iter1/replays/SampleProvider.TSPAARKSPRINT1__FloodGates__botB.bc24,SampleProvider.TSPAARKSPRINT1,0,A,TSPAARKSPRINT1,0,2000,MORE_FLAG_CAPTURES,500,1700,206,9,30,259,13,0,10,228,46,26,91,84,111,1311,34.1
gauntlet/20261001-035654-scrim-g_iter1/replays/SampleProvider.TSPAARKSPRINT1__FloodGates__botB.bc24,SampleProvider.TSPAARKSPRINT1,1,B,g_iter1,1,2000,MORE_FLAG_CAPTURES,500,1700,222,1,1,315,29,2,26,624,296,10,544,496,1311,111,48.6
gauntlet/20261001-035654-scrim-g_iter1/replays/SampleProvider.TSPAARKSPRINT1__Intercontinental__botA.bc24,SampleProvider.TSPAARKSPRINT1,1,A,g_iter1,1,683,CAPTURE,2400,3600,201,20,37,226,31,3,28,429,201,0,57,33,102,42,48.5
gauntlet/20261001-035654-scrim-g_iter1/replays/SampleProvider.TSPAARKSPRINT1__Intercontinental__botA.bc24,SampleProvider.TSPAARKSPRINT1,0,B,TSPAARKSPRINT1,0,683,CAPTURE,2400,3600,204,0,0,326,3,0,0,470,108,28,15,10,42,102,46.2
gauntlet/20261001-035654-scrim-g_iter1/replays/andrewgopher.player22__GravitationalWaves__botA.bc24,andrewgopher.player22,1,A,g_iter1,1,2000,LEVEL_SUM,3700,3700,201,28,26,201,0,0,0,0,0,11,221,130,527,124,48.5
gauntlet/20261001-035654-scrim-g_iter1/replays/andrewgopher.player22__GravitationalWaves__botA.bc24,andrewgopher.player22,0,B,player22,0,2000,LEVEL_SUM,3700,3700,201,15,22,203,16,0,11,72,29,0,72,61,124,527,43.5
gauntlet/20261001-035654-scrim-g_iter1/replays/awu7.ExplosiveBot__Diagonal__botA.bc24,awu7.ExplosiveBot,1,A,g_iter1,1,2000,MORE_FLAG_CAPTURES,5100,5100,201,24,27,270,30,2,27,604,356,2,533,436,1050,130,48.4
gauntlet/20261001-035654-scrim-g_iter1/replays/awu7.ExplosiveBot__Diagonal__botA.bc24,awu7.ExplosiveBot,0,B,ExplosiveBot,0,2000,MORE_FLAG_CAPTURES,5100,5100,201,12,14,252,2,0,2,6,0,27,98,98,130,1050,37.3
gauntlet/20261001-035654-scrim-g_iter1/replays/awu7.ExplosiveBot__DefaultMedium__botA.bc24,awu7.ExplosiveBot,1,A,g_iter1,1,2000,LEVEL_SUM,2900,2900,201,10,18,251,17,0,16,300,163,21,416,329,748,243,47.0
gauntlet/20261001-035654-scrim-g_iter1/replays/awu7.ExplosiveBot__DefaultMedium__botA.bc24,awu7.ExplosiveBot,0,B,ExplosiveBot,0,2000,LEVEL_SUM,2900,5000,201,16,9,223,26,0,21,102,35,16,176,156,243,748,40.9
gauntlet/20261001-035654-scrim-g_iter1/replays/awu7.ExplosiveBot__MazeRunner__botA.bc24,awu7.ExplosiveBot,1,A,g_iter1,1,1653,CAPTURE,2600,4700,207,14,19,286,17,3,14,664,300,7,438,330,952,174,47.4
gauntlet/20261001-035654-scrim-g_iter1/replays/awu7.ExplosiveBot__MazeRunner__botA.bc24,awu7.ExplosiveBot,0,B,ExplosiveBot,0,1653,CAPTURE,2600,5300,208,10,11,274,7,0,7,20,9,14,115,95,174,952,36.0
gauntlet/20261001-035654-scrim-g_iter1/replays/awu7.ExplosiveBot__EvilGrin__botA.bc24,awu7.ExplosiveBot,1,A,g_iter1,1,1205,CAPTURE,2000,4200,205,19,13,237,15,3,12,432,207,20,306,229,854,126,47.5
gauntlet/20261001-035654-scrim-g_iter1/replays/awu7.ExplosiveBot__EvilGrin__botA.bc24,awu7.ExplosiveBot,0,B,ExplosiveBot,0,1205,CAPTURE,2000,3600,206,22,8,226,32,0,20,103,30,12,92,78,126,854,32.8
gauntlet/20261001-035654-scrim-g_iter1/replays/awu7.ExplosiveBot__Rainbow__botB.bc24,awu7.ExplosiveBot,0,A,ExplosiveBot,0,1864,CAPTURE,6000,6000,201,19,21,226,6,0,6,9,2,36,156,149,228,1433,31.3
gauntlet/20261001-035654-scrim-g_iter1/replays/awu7.ExplosiveBot__Rainbow__botB.bc24,awu7.ExplosiveBot,1,B,g_iter1,1,1864,CAPTURE,6000,6000,201,0,0,503,39,3,36,875,435,6,616,517,1433,228,47.0
gauntlet/20261001-035654-scrim-g_iter1/replays/clbarrell.duck8__Bunkers__botB.bc24,clbarrell.duck8,0,A,duck8,0,799,CAPTURE,2800,2800,201,9,4,212,19,1,18,75,25,1,102,89,77,301,41.0
gauntlet/20261001-035654-scrim-g_iter1/replays/clbarrell.duck8__Bunkers__botB.bc24,clbarrell.duck8,1,B,g_iter1,1,799,CAPTURE,2800,2800,201,22,22,219,4,3,1,129,64,18,145,106,301,77,47.7
gauntlet/20261001-035654-scrim-g_iter1/replays/clbarrell.duck8__EvilGrin__botB.bc24,clbarrell.duck8,0,A,duck8,0,1227,CAPTURE,2000,6900,206,23,5,225,22,0,22,82,23,1,184,171,183,663,36.9
gauntlet/20261001-035654-scrim-g_iter1/replays/clbarrell.duck8__EvilGrin__botB.bc24,clbarrell.duck8,1,B,g_iter1,1,1227,CAPTURE,2000,3700,205,23,21,239,4,3,1,249,119,22,259,186,663,183,46.4
gauntlet/20261001-035654-scrim-g_iter1/replays/clbarrell.duck8__Gauntlet__botB.bc24,clbarrell.duck8,0,A,duck8,0,1133,CAPTURE,2100,3500,203,18,13,391,33,1,31,223,95,10,149,141,188,512,39.1
gauntlet/20261001-035654-scrim-g_iter1/replays/clbarrell.duck8__Gauntlet__botB.bc24,clbarrell.duck8,1,B,g_iter1,1,1133,CAPTURE,2100,2100,210,2,10,260,13,3,10,440,208,31,205,150,512,188,45.9
gauntlet/20261001-035654-scrim-g_iter1/replays/clbarrell.duck8__SteamboatMickey__botB.bc24,clbarrell.duck8,0,A,duck8,0,1144,CAPTURE,7300,16900,201,1,2,201,6,0,5,34,14,3,312,284,229,456,40.3
gauntlet/20261001-035654-scrim-g_iter1/replays/clbarrell.duck8__SteamboatMickey__botB.bc24,clbarrell.duck8,1,B,g_iter1,1,1144,CAPTURE,7300,9700,201,29,36,201,6,3,3,310,139,5,237,173,456,229,45.1
gauntlet/20261001-035654-scrim-g_iter1/replays/clbarrell.duck8__Hurricane__botB.bc24,clbarrell.duck8,0,A,duck8,0,2000,MORE_FLAG_CAPTURES,4500,4500,201,16,6,206,20,0,20,40,7,12,216,152,145,597,42.7
gauntlet/20261001-035654-scrim-g_iter1/replays/clbarrell.duck8__Hurricane__botB.bc24,clbarrell.duck8,1,B,g_iter1,1,2000,MORE_FLAG_CAPTURES,4500,4500,201,23,31,255,13,1,12,328,133,20,233,181,597,145,48.2
gauntlet/20261001-035654-scrim-g_iter1/replays/dmtrung14.defaultplayer_intlqualifier__Asteroids__botA.bc24,dmtrung14.defaultplayer_intlqualifier,1,A,g_iter1,1,2000,LEVEL_SUM,800,1600,210,3,6,307,10,2,8,366,177,9,144,42,586,69,49.1
gauntlet/20261001-035654-scrim-g_iter1/replays/dmtrung14.defaultplayer_intlqualifier__Asteroids__botA.bc24,dmtrung14.defaultplayer_intlqualifier,0,B,defaultplayer_intlqualifier,0,2000,LEVEL_SUM,800,3900,210,18,28,253,29,2,9,415,105,8,128,119,69,586,42.8
gauntlet/20261001-035654-scrim-g_iter1/replays/dmtrung14.defaultplayer_intlqualifier__TreeSearch__botB.bc24,dmtrung14.defaultplayer_intlqualifier,0,A,defaultplayer_intlqualifier,0,2000,LEVEL_SUM,3200,6500,203,17,9,212,11,0,5,326,67,5,63,56,9,352,45.6
gauntlet/20261001-035654-scrim-g_iter1/replays/dmtrung14.defaultplayer_intlqualifier__TreeSearch__botB.bc24,dmtrung14.defaultplayer_intlqualifier,1,B,g_iter1,1,2000,LEVEL_SUM,3200,3500,205,10,16,227,5,0,5,76,35,5,263,179,352,9,49.9
gauntlet/20261001-035654-scrim-g_iter1/replays/dmtrung14.defaultplayer_intlqualifier__Foxes__botA.bc24,dmtrung14.defaultplayer_intlqualifier,1,A,g_iter1,1,1916,CAPTURE,7500,7500,205,19,32,303,12,3,9,1422,739,9,289,172,493,45,49.4
gauntlet/20261001-035654-scrim-g_iter1/replays/dmtrung14.defaultplayer_intlqualifier__Foxes__botA.bc24,dmtrung14.defaultplayer_intlqualifier,0,B,defaultplayer_intlqualifier,0,1916,CAPTURE,7200,7200,204,10,22,231,27,0,9,378,63,9,124,119,45,493,43.5
gauntlet/20261001-035654-scrim-g_iter1/replays/dmtrung14.defaultplayer_intlqualifier__Puzzle__botB.bc24,dmtrung14.defaultplayer_intlqualifier,0,A,defaultplayer_intlqualifier,0,2000,MORE_FLAG_CAPTURES,0,12800,202,4,11,391,8,0,3,354,86,0,95,68,24,171,47.9
gauntlet/20261001-035654-scrim-g_iter1/replays/dmtrung14.defaultplayer_intlqualifier__Puzzle__botB.bc24,dmtrung14.defaultplayer_intlqualifier,1,B,g_iter1,1,2000,MORE_FLAG_CAPTURES,0,8400,213,12,28,260,1,1,0,78,39,3,216,60,171,24,49.7
gauntlet/20261001-035654-scrim-g_iter1/replays/jonters.bling3__Anchor__botB.bc24,jonters.bling3,0,A,bling3,0,1462,CAPTURE,6300,10200,204,23,21,231,9,0,9,83,33,16,143,132,227,795,36.2
gauntlet/20261001-035654-scrim-g_iter1/replays/jonters.bling3__Anchor__botB.bc24,jonters.bling3,1,B,g_iter1,1,1462,CAPTURE,6300,9900,202,12,6,307,19,3,16,398,184,9,340,277,795,227,46.2
gauntlet/20261001-035654-scrim-g_iter1/replays/jonters.bling3__Foxes__botB.bc24,jonters.bling3,0,A,bling3,0,1155,CAPTURE,7500,7500,202,25,19,248,4,1,3,97,45,6,96,80,155,371,41.9
gauntlet/20261001-035654-scrim-g_iter1/replays/jonters.bling3__Foxes__botB.bc24,jonters.bling3,1,B,g_iter1,1,1155,CAPTURE,7500,7500,202,16,16,217,9,3,6,332,161,3,246,183,371,155,46.7
gauntlet/20261001-035654-scrim-g_iter1/replays/jonters.bling3__ORV__botA.bc24,jonters.bling3,1,A,g_iter1,1,1932,CAPTURE,3200,4100,206,11,11,219,24,3,21,1116,577,15,407,375,1115,314,46.1
gauntlet/20261001-035654-scrim-g_iter1/replays/jonters.bling3__ORV__botA.bc24,jonters.bling3,0,B,bling3,0,1932,CAPTURE,3200,7100,204,29,25,224,17,2,15,245,131,21,180,158,314,1115,35.4
gauntlet/20261001-035654-scrim-g_iter1/replays/jonters.bling3__Whirlpool__botB.bc24,jonters.bling3,0,A,bling3,0,1178,CAPTURE,2800,7200,201,26,17,261,9,0,9,111,49,13,84,80,189,510,39.1
gauntlet/20261001-035654-scrim-g_iter1/replays/jonters.bling3__Whirlpool__botB.bc24,jonters.bling3,1,B,g_iter1,1,1178,CAPTURE,2800,2800,201,24,10,388,16,3,13,475,213,9,212,171,510,189,46.1
gauntlet/20261001-035654-scrim-g_iter1/replays/jonters.bling3__Snake__botB.bc24,jonters.bling3,0,A,bling3,0,1722,CAPTURE,13100,21600,203,33,41,295,7,1,6,91,40,30,198,195,304,720,39.5
gauntlet/20261001-035654-scrim-g_iter1/replays/jonters.bling3__Snake__botB.bc24,jonters.bling3,1,B,g_iter1,1,1722,CAPTURE,13100,35700,204,32,19,225,33,3,30,644,306,6,582,410,720,304,45.7
gauntlet/20261001-035654-scrim-g_iter1/replays/justinottesen.sprint1__DefaultSmall__botB.bc24,justinottesen.sprint1,0,A,sprint1,0,684,CAPTURE,4100,4100,201,5,8,230,1,0,1,4,2,9,55,45,43,523,32.0
gauntlet/20261001-035654-scrim-g_iter1/replays/justinottesen.sprint1__DefaultSmall__botB.bc24,justinottesen.sprint1,1,B,g_iter1,1,684,CAPTURE,4100,4100,201,10,10,228,12,3,9,225,106,1,203,126,523,43,48.4
gauntlet/20261001-035654-scrim-g_iter1/replays/justinottesen.sprint1__Digging__botA.bc24,justinottesen.sprint1,1,A,g_iter1,1,855,CAPTURE,700,1700,205,0,2,383,9,3,6,280,132,0,180,95,752,28,49.2
gauntlet/20261001-035654-scrim-g_iter1/replays/justinottesen.sprint1__Digging__botA.bc24,justinottesen.sprint1,0,B,sprint1,0,855,CAPTURE,700,2800,208,10,11,234,0,0,0,0,0,6,46,44,28,752,29.2
gauntlet/20261001-035654-scrim-g_iter1/replays/justinottesen.sprint1__EndAround__botB.bc24,justinottesen.sprint1,0,A,sprint1,0,1053,CAPTURE,1600,4600,207,12,1,265,0,0,0,0,0,28,49,46,49,846,30.7
gauntlet/20261001-035654-scrim-g_iter1/replays/justinottesen.sprint1__EndAround__botB.bc24,justinottesen.sprint1,1,B,g_iter1,1,1053,CAPTURE,2500,5800,202,17,22,317,31,3,28,1393,679,0,356,275,846,49,48.8
gauntlet/20261001-035654-scrim-g_iter1/replays/justinottesen.sprint1__QueenOfHearts__botB.bc24,justinottesen.sprint1,0,A,sprint1,0,527,CAPTURE,3500,3500,201,12,17,221,5,0,5,160,75,0,22,20,8,255,38.5
gauntlet/20261001-035654-scrim-g_iter1/replays/justinottesen.sprint1__QueenOfHearts__botB.bc24,justinottesen.sprint1,1,B,g_iter1,1,527,CAPTURE,3500,3500,201,28,26,216,3,3,0,232,116,5,118,83,255,8,49.6
gauntlet/20261001-035654-scrim-g_iter1/replays/justinottesen.sprint1__Soccer__botB.bc24,justinottesen.sprint1,0,A,sprint1,0,553,CAPTURE,3000,3200,206,2,18,299,0,0,0,0,0,8,35,32,24,308,36.8
gauntlet/20261001-035654-scrim-g_iter1/replays/justinottesen.sprint1__Soccer__botB.bc24,justinottesen.sprint1,1,B,g_iter1,1,553,CAPTURE,3000,3000,233,5,22,257,11,3,8,340,164,0,143,112,308,24,48.9
gauntlet/20261001-035654-scrim-g_iter1/replays/justinottesen.sprint1__SteamboatMickey__botA.bc24,justinottesen.sprint1,1,A,g_iter1,1,563,CAPTURE,7300,18700,201,12,29,201,5,3,2,309,150,0,270,205,173,56,47.5
gauntlet/20261001-035654-scrim-g_iter1/replays/justinottesen.sprint1__SteamboatMickey__botA.bc24,justinottesen.sprint1,0,B,sprint1,0,563,CAPTURE,7000,7300,201,9,8,301,0,0,0,0,0,2,57,49,56,173,42.9
gauntlet/20261001-035654-scrim-g_iter1/replays/kyleezz.jeeryfix3__Duck__botB.bc24,kyleezz.jeeryfix3,0,A,jeeryfix3,0,1602,CAPTURE,2900,2900,201,32,25,235,22,1,21,156,69,6,196,192,305,924,36.1
gauntlet/20261001-035654-scrim-g_iter1/replays/kyleezz.jeeryfix3__Duck__botB.bc24,kyleezz.jeeryfix3,1,B,g_iter1,1,1602,CAPTURE,2900,2900,201,16,28,223,9,3,6,578,279,21,338,251,924,305,45.3
gauntlet/20261001-035654-scrim-g_iter1/replays/quesswho.cretplayer2_3__Hurricane__botB.bc24,quesswho.cretplayer2_3,0,A,cretplayer2_3,0,1181,CAPTURE,4500,4500,201,21,27,207,11,1,7,721,186,3,100,77,60,84,47.9
gauntlet/20261001-035654-scrim-g_iter1/replays/quesswho.cretplayer2_3__Hurricane__botB.bc24,quesswho.cretplayer2_3,1,B,g_iter1,1,1181,CAPTURE,4500,4500,201,26,17,263,6,3,3,1500,723,7,126,45,84,60,48.7
gauntlet/20261001-035654-scrim-g_iter1/replays/winkelmantanner.waffle__Digging__botB.bc24,winkelmantanner.waffle,0,A,waffle,0,2000,LEVEL_SUM,700,2800,205,29,23,210,2,1,1,33,16,0,232,218,334,1381,33.1
gauntlet/20261001-035654-scrim-g_iter1/replays/winkelmantanner.waffle__Digging__botB.bc24,winkelmantanner.waffle,1,B,g_iter1,1,2000,LEVEL_SUM,700,1700,205,0,0,500,1,1,0,100,50,1,241,181,1381,334,45.9
gauntlet/20261001-113148-scrim-g_iter1/losses/ColtG5.Goob_final__AceOfSpades__botB.bc24,ColtG5.Goob_final,0,A,Goob_final,1,2000,MORE_FLAG_CAPTURES,1800,17400,202,28,23,219,16,1,15,91,38,0,483,451,607,1256,34.7
gauntlet/20261001-113148-scrim-g_iter1/losses/ColtG5.Goob_final__AceOfSpades__botB.bc24,ColtG5.Goob_final,1,B,g_iter1,0,2000,MORE_FLAG_CAPTURES,1800,4200,205,1,14,239,0,0,0,0,0,15,277,265,1256,607,42.6
gauntlet/20261001-113148-scrim-g_iter1/losses/ColtG5.Goob_final__Occulus__botB.bc24,ColtG5.Goob_final,0,A,Goob_final,1,2000,MORE_FLAG_CAPTURES,1800,8700,201,37,29,213,10,1,9,80,36,0,381,346,594,1238,34.9
gauntlet/20261001-113148-scrim-g_iter1/losses/ColtG5.Goob_final__Occulus__botB.bc24,ColtG5.Goob_final,1,B,g_iter1,0,2000,MORE_FLAG_CAPTURES,1800,2100,201,0,0,380,0,0,0,0,0,9,246,217,1238,594,42.8
gauntlet/20261001-113148-scrim-g_iter1/losses/ColtG5.Goob_final__Randy__botB.bc24,ColtG5.Goob_final,0,A,Goob_final,1,2000,MORE_FLAG_CAPTURES,3400,8200,201,22,20,206,12,2,10,74,46,5,258,238,435,1220,35.1
gauntlet/20261001-113148-scrim-g_iter1/losses/ColtG5.Goob_final__Randy__botB.bc24,ColtG5.Goob_final,1,B,g_iter1,0,2000,MORE_FLAG_CAPTURES,3400,4200,201,18,15,245,6,1,5,51,24,10,299,272,1220,435,44.7
gauntlet/20261001-113148-scrim-g_iter1/losses/CyrilSharma.finalBot__DefaultSmall__botB.bc24,CyrilSharma.finalBot,0,A,finalBot,1,1448,CAPTURE,4100,4100,202,24,25,218,35,3,32,297,137,0,446,404,422,523,41.2
gauntlet/20261001-113148-scrim-g_iter1/losses/CyrilSharma.finalBot__DefaultSmall__botB.bc24,CyrilSharma.finalBot,1,B,g_iter1,0,1448,CAPTURE,4100,4100,201,10,10,229,0,0,0,0,0,32,205,184,523,422,43.0
gauntlet/20261001-113148-scrim-g_iter1/losses/CyrilSharma.finalBot__Duck__botB.bc24,CyrilSharma.finalBot,0,A,finalBot,1,1925,CAPTURE,2800,2800,203,30,34,238,16,3,13,404,221,9,391,385,320,275,46.5
gauntlet/20261001-113148-scrim-g_iter1/losses/CyrilSharma.finalBot__Duck__botB.bc24,CyrilSharma.finalBot,1,B,g_iter1,0,1925,CAPTURE,2900,2900,201,6,4,303,9,0,9,164,76,13,261,199,275,320,46.0
gauntlet/20261001-113148-scrim-g_iter1/losses/CyrilSharma.finalBot__Gated__botA.bc24,CyrilSharma.finalBot,1,A,g_iter1,0,2000,MORE_FLAG_CAPTURES,1500,2300,202,12,5,233,1,1,0,74,37,15,224,208,531,379,45.4
gauntlet/20261001-113148-scrim-g_iter1/losses/CyrilSharma.finalBot__Gated__botA.bc24,CyrilSharma.finalBot,0,B,finalBot,1,2000,MORE_FLAG_CAPTURES,1500,2500,208,28,20,224,17,2,15,248,112,0,395,368,379,531,43.5
gauntlet/20261001-113148-scrim-g_iter1/losses/CyrilSharma.finalBot__Gauntlet__botA.bc24,CyrilSharma.finalBot,1,A,g_iter1,0,1000,CAPTURE,2100,2100,210,7,13,272,15,1,12,235,101,34,109,102,300,256,43.9
gauntlet/20261001-113148-scrim-g_iter1/losses/CyrilSharma.finalBot__Gauntlet__botA.bc24,CyrilSharma.finalBot,0,B,finalBot,1,1000,CAPTURE,2100,3500,203,20,30,256,37,3,34,408,180,12,212,207,256,300,42.9
gauntlet/20261001-113148-scrim-g_iter1/losses/CyrilSharma.finalBot__Snake__botB.bc24,CyrilSharma.finalBot,0,A,finalBot,1,2000,MORE_FLAG_CAPTURES,13000,31000,203,28,20,273,4,2,2,220,154,5,383,305,107,156,48.1
gauntlet/20261001-113148-scrim-g_iter1/losses/CyrilSharma.finalBot__Snake__botB.bc24,CyrilSharma.finalBot,1,B,g_iter1,0,2000,MORE_FLAG_CAPTURES,13100,28000,204,30,25,231,6,1,5,110,54,2,430,307,156,107,48.7
gauntlet/20261001-113148-scrim-g_iter1/losses/Gymhgy.v10official__Canals__botA.bc24,Gymhgy.v10official,1,A,g_iter1,0,633,CAPTURE,4600,4600,229,1,10,281,4,0,4,44,20,3,98,78,69,79,47.1
gauntlet/20261001-113148-scrim-g_iter1/losses/Gymhgy.v10official__Canals__botA.bc24,Gymhgy.v10official,0,B,v10official,1,633,CAPTURE,4600,6300,203,45,19,216,39,3,3,681,134,4,133,107,79,69,47.4
gauntlet/20261001-113148-scrim-g_iter1/losses/Gymhgy.v10official__BreadPudding__botA.bc24,Gymhgy.v10official,1,A,g_iter1,0,2000,MORE_FLAG_CAPTURES,2600,2700,202,9,10,256,12,0,12,63,26,1,225,206,477,359,45.6
gauntlet/20261001-113148-scrim-g_iter1/losses/Gymhgy.v10official__BreadPudding__botA.bc24,Gymhgy.v10official,0,B,v10official,1,2000,MORE_FLAG_CAPTURES,2600,3100,206,24,25,240,20,1,1,644,26,12,305,237,359,477,44.2
gauntlet/20261001-113148-scrim-g_iter1/losses/IvanGeffner.kuma__Battlecode24__botB.bc24,IvanGeffner.kuma,0,A,kuma,1,599,CAPTURE,12400,23600,208,15,30,308,14,3,5,174,85,0,315,227,119,64,47.4
gauntlet/20261001-113148-scrim-g_iter1/losses/IvanGeffner.kuma__Battlecode24__botB.bc24,IvanGeffner.kuma,1,B,g_iter1,0,599,CAPTURE,12300,18900,202,10,5,277,0,0,0,0,0,5,219,180,64,119,45.2
gauntlet/20261001-113148-scrim-g_iter1/losses/Gymhgy.v10official__Occulus__botA.bc24,Gymhgy.v10official,1,A,g_iter1,0,2000,MORE_FLAG_CAPTURES,1800,4500,201,0,8,307,4,0,4,37,16,2,259,237,730,405,45.1
gauntlet/20261001-113148-scrim-g_iter1/losses/Gymhgy.v10official__Occulus__botA.bc24,Gymhgy.v10official,0,B,v10official,1,2000,MORE_FLAG_CAPTURES,1800,6000,201,45,18,238,29,2,2,659,29,4,362,323,405,730,41.1
gauntlet/20261001-113148-scrim-g_iter1/losses/Gymhgy.v10official__QuestionableChess__botA.bc24,Gymhgy.v10official,1,A,g_iter1,0,2000,LEVEL_SUM,0,0,201,2,9,332,22,2,20,341,165,1,168,164,534,677,41.8
gauntlet/20261001-113148-scrim-g_iter1/losses/Gymhgy.v10official__QuestionableChess__botA.bc24,Gymhgy.v10official,0,B,v10official,1,2000,LEVEL_SUM,0,0,203,33,29,241,26,2,1,660,124,20,322,305,677,534,43.5
gauntlet/20261001-113148-scrim-g_iter1/losses/IvanGeffner.kuma__Canals__botA.bc24,IvanGeffner.kuma,1,A,g_iter1,0,1310,CAPTURE,4600,4600,298,0,0,0,0,0,0,0,0,18,171,166,325,538,40.0
gauntlet/20261001-113148-scrim-g_iter1/losses/IvanGeffner.kuma__Canals__botA.bc24,IvanGeffner.kuma,0,B,kuma,1,1310,CAPTURE,4600,6300,202,40,29,223,59,3,18,247,112,0,515,490,538,325,44.0
gauntlet/20261001-113148-scrim-g_iter1/losses/IvanGeffner.kuma__Islands__botA.bc24,IvanGeffner.kuma,1,A,g_iter1,0,1319,CAPTURE,5800,5800,201,14,25,213,2,2,0,74,37,13,166,158,226,619,38.6
gauntlet/20261001-113148-scrim-g_iter1/losses/IvanGeffner.kuma__Islands__botA.bc24,IvanGeffner.kuma,0,B,kuma,1,1319,CAPTURE,5800,5800,201,25,23,217,27,3,13,156,69,0,496,411,619,226,45.8
gauntlet/20261001-113148-scrim-g_iter1/losses/IvanGeffner.kuma__BigDucksBigPond__botB.bc24,IvanGeffner.kuma,0,A,kuma,1,1625,CAPTURE,5100,7600,201,35,34,251,56,3,25,304,132,0,654,607,772,353,44.7
gauntlet/20261001-113148-scrim-g_iter1/losses/IvanGeffner.kuma__BigDucksBigPond__botB.bc24,IvanGeffner.kuma,1,B,g_iter1,0,1625,CAPTURE,5100,6400,201,11,9,285,0,0,0,0,0,25,198,191,353,772,38.4
gauntlet/20261001-113148-scrim-g_iter1/losses/NotLLeon.v3__Alien__botB.bc24,NotLLeon.v3,0,A,v3,1,400,CAPTURE,3300,3300,202,24,24,228,20,3,8,72,25,0,79,77,39,59,46.6
gauntlet/20261001-113148-scrim-g_iter1/losses/NotLLeon.v3__Alien__botB.bc24,NotLLeon.v3,1,B,g_iter1,0,400,CAPTURE,3300,3300,203,5,3,340,0,0,0,0,0,8,64,45,59,39,47.7
gauntlet/20261001-113148-scrim-g_iter1/losses/IvanGeffner.kuma__MazeRunner__botA.bc24,IvanGeffner.kuma,1,A,g_iter1,0,2000,MORE_FLAG_CAPTURES,2600,4400,209,6,10,366,0,0,0,0,0,12,223,193,351,682,41.7
gauntlet/20261001-113148-scrim-g_iter1/losses/IvanGeffner.kuma__MazeRunner__botA.bc24,IvanGeffner.kuma,0,B,kuma,1,2000,MORE_FLAG_CAPTURES,2000,6200,208,22,24,272,25,2,12,251,117,0,526,463,682,351,45.7
gauntlet/20261001-113148-scrim-g_iter1/losses/IvanGeffner.kuma__MazeRunner__botB.bc24,IvanGeffner.kuma,0,A,kuma,1,1821,CAPTURE,2300,6500,207,9,25,370,20,3,10,207,97,0,447,383,498,266,46.4
gauntlet/20261001-113148-scrim-g_iter1/losses/IvanGeffner.kuma__MazeRunner__botB.bc24,IvanGeffner.kuma,1,B,g_iter1,0,1821,CAPTURE,2600,3500,208,2,4,0,0,0,0,0,0,10,194,168,266,498,43.5
gauntlet/20261001-113148-scrim-g_iter1/losses/NotLLeon.v3__Battlefield__botB.bc24,NotLLeon.v3,0,A,v3,1,408,CAPTURE,2000,2300,204,13,7,204,14,3,3,29,7,3,67,54,36,63,46.8
gauntlet/20261001-113148-scrim-g_iter1/losses/NotLLeon.v3__Battlefield__botB.bc24,NotLLeon.v3,1,B,g_iter1,0,408,CAPTURE,3700,3700,202,4,1,202,3,0,3,10,3,3,65,40,63,36,47.9
gauntlet/20261001-113148-scrim-g_iter1/losses/NotLLeon.v3__Decision__botA.bc24,NotLLeon.v3,1,A,g_iter1,0,1203,CAPTURE,1900,1900,202,22,22,262,9,0,9,261,125,24,110,100,273,263,44.7
gauntlet/20261001-113148-scrim-g_iter1/losses/NotLLeon.v3__Decision__botA.bc24,NotLLeon.v3,0,B,v3,1,1203,CAPTURE,1800,1900,202,14,29,249,36,3,24,543,258,9,190,181,263,273,44.5
gauntlet/20261001-113148-scrim-g_iter1/losses/NotLLeon.v3__Soccer__botB.bc24,NotLLeon.v3,0,A,v3,1,610,CAPTURE,3000,3200,221,2,15,327,57,3,22,267,108,6,96,91,97,128,45.0
gauntlet/20261001-113148-scrim-g_iter1/losses/NotLLeon.v3__Soccer__botB.bc24,NotLLeon.v3,1,B,g_iter1,0,610,CAPTURE,3000,3000,241,3,2,352,6,0,6,72,31,22,104,65,128,97,46.4
gauntlet/20261001-113148-scrim-g_iter1/losses/NotLLeon.v3__Klein__botA.bc24,NotLLeon.v3,1,A,g_iter1,0,2000,MORE_FLAG_CAPTURES,5600,6200,203,17,29,279,8,1,7,67,34,35,220,202,522,570,43.0
gauntlet/20261001-113148-scrim-g_iter1/losses/NotLLeon.v3__Klein__botA.bc24,NotLLeon.v3,0,B,v3,1,2000,MORE_FLAG_CAPTURES,5200,5200,202,8,11,208,45,2,35,224,86,7,373,353,570,522,43.6
gauntlet/20261001-113148-scrim-g_iter1/losses/NotLLeon.v3__YearOfTheDragon__botA.bc24,NotLLeon.v3,1,A,g_iter1,0,694,CAPTURE,10800,10800,201,17,28,228,3,0,3,39,16,14,172,138,144,137,45.2
gauntlet/20261001-113148-scrim-g_iter1/losses/NotLLeon.v3__YearOfTheDragon__botA.bc24,NotLLeon.v3,0,B,v3,1,694,CAPTURE,10800,10800,201,8,8,323,26,3,14,300,134,3,203,195,137,144,45.2
gauntlet/20261001-113148-scrim-g_iter1/losses/SampleProvider.TSPAARKSPRINT1__Capacitance__botA.bc24,SampleProvider.TSPAARKSPRINT1,1,A,g_iter1,0,845,CAPTURE,3600,6000,201,19,16,211,4,1,3,42,20,20,161,134,221,53,48.6
gauntlet/20261001-113148-scrim-g_iter1/losses/SampleProvider.TSPAARKSPRINT1__Capacitance__botA.bc24,SampleProvider.TSPAARKSPRINT1,0,B,TSPAARKSPRINT1,1,845,CAPTURE,3600,4000,201,34,15,210,26,3,20,812,303,3,71,48,53,221,43.5
gauntlet/20261001-113148-scrim-g_iter1/losses/SampleProvider.TSPAARKSPRINT1__EvilGrin__botB.bc24,SampleProvider.TSPAARKSPRINT1,0,A,TSPAARKSPRINT1,1,783,CAPTURE,2000,5800,206,27,18,231,36,3,30,882,318,5,64,56,58,177,44.4
gauntlet/20261001-113148-scrim-g_iter1/losses/SampleProvider.TSPAARKSPRINT1__EvilGrin__botB.bc24,SampleProvider.TSPAARKSPRINT1,1,B,g_iter1,0,783,CAPTURE,2000,4200,204,29,22,206,7,2,5,369,139,30,111,98,177,58,48.1
gauntlet/20261001-113148-scrim-g_iter1/losses/SampleProvider.TSPAARKSPRINT1__GravitationalWaves__botA.bc24,SampleProvider.TSPAARKSPRINT1,1,A,g_iter1,0,2000,MORE_BREAD,3100,3100,201,23,18,617,2,0,1,966,16,10,204,120,91,22,49.7
gauntlet/20261001-113148-scrim-g_iter1/losses/SampleProvider.TSPAARKSPRINT1__GravitationalWaves__botA.bc24,SampleProvider.TSPAARKSPRINT1,0,B,TSPAARKSPRINT1,1,2000,MORE_BREAD,3700,3700,201,26,24,202,13,0,10,540,263,1,85,37,22,91,48.8
gauntlet/20261001-113148-scrim-g_iter1/losses/SampleProvider.TSPAARKSPRINT1__Intercontinental__botB.bc24,SampleProvider.TSPAARKSPRINT1,0,A,TSPAARKSPRINT1,1,812,CAPTURE,2400,4500,201,17,24,230,44,3,38,1126,412,4,10,9,45,162,44.9
gauntlet/20261001-113148-scrim-g_iter1/losses/SampleProvider.TSPAARKSPRINT1__Intercontinental__botB.bc24,SampleProvider.TSPAARKSPRINT1,1,B,g_iter1,0,812,CAPTURE,2400,3900,201,16,17,228,6,2,4,139,68,38,71,67,162,45,48.6
gauntlet/20261001-113148-scrim-g_iter1/losses/SampleProvider.TSPAARKSPRINT1__ORV__botA.bc24,SampleProvider.TSPAARKSPRINT1,1,A,g_iter1,0,552,CAPTURE,3200,5900,203,19,15,256,2,0,2,9,1,27,93,84,70,31,48.6
gauntlet/20261001-113148-scrim-g_iter1/losses/SampleProvider.TSPAARKSPRINT1__ORV__botA.bc24,SampleProvider.TSPAARKSPRINT1,0,B,TSPAARKSPRINT1,1,552,CAPTURE,3200,5300,204,29,25,246,33,3,27,592,200,2,61,28,31,70,46.8
gauntlet/20261001-113148-scrim-g_iter1/losses/Strequals.duck0127v5__Ambush__botB.bc24,Strequals.duck0127v5,0,A,duck0127v5,1,450,CAPTURE,2100,7400,201,13,17,201,13,3,10,133,61,11,160,125,74,39,48.0
gauntlet/20261001-113148-scrim-g_iter1/losses/Strequals.duck0127v5__Ambush__botB.bc24,Strequals.duck0127v5,1,B,g_iter1,0,450,CAPTURE,2000,2000,201,14,13,201,11,0,11,58,18,10,54,44,39,74,46.1
gauntlet/20261001-113148-scrim-g_iter1/losses/Strequals.duck0127v5__Asteroids__botA.bc24,Strequals.duck0127v5,1,A,g_iter1,0,672,CAPTURE,800,1700,214,7,15,304,9,2,7,200,96,9,67,57,62,102,46.3
gauntlet/20261001-113148-scrim-g_iter1/losses/Strequals.duck0127v5__Asteroids__botA.bc24,Strequals.duck0127v5,0,B,duck0127v5,1,672,CAPTURE,800,4600,210,4,31,234,12,3,9,259,124,7,170,152,102,62,47.8
gauntlet/20261001-113148-scrim-g_iter1/losses/Strequals.duck0127v5__DefaultMedium__botA.bc24,Strequals.duck0127v5,1,A,g_iter1,0,2000,MORE_FLAG_CAPTURES,2900,2900,201,15,21,294,11,0,11,125,55,7,203,181,310,744,41.0
gauntlet/20261001-113148-scrim-g_iter1/losses/Strequals.duck0127v5__DefaultMedium__botA.bc24,Strequals.duck0127v5,0,B,duck0127v5,1,2000,MORE_FLAG_CAPTURES,2900,5000,201,32,35,286,9,2,7,153,75,11,497,457,744,310,46.2
gauntlet/20261001-113148-scrim-g_iter1/losses/Strequals.duck0127v5__EndAround__botB.bc24,Strequals.duck0127v5,0,A,duck0127v5,1,1681,CAPTURE,2200,7600,215,9,21,302,15,3,12,442,210,15,495,461,520,217,46.9
gauntlet/20261001-113148-scrim-g_iter1/losses/Strequals.duck0127v5__EndAround__botB.bc24,Strequals.duck0127v5,1,B,g_iter1,0,1681,CAPTURE,1900,3400,203,11,5,541,15,0,15,226,101,12,169,126,217,520,42.4
gauntlet/20261001-113148-scrim-g_iter1/losses/Strequals.duck0127v5__HeMustBeFreed__botB.bc24,Strequals.duck0127v5,0,A,duck0127v5,1,2000,MORE_FLAG_CAPTURES,5800,18300,201,25,27,308,14,2,12,280,137,15,378,337,356,173,47.9
gauntlet/20261001-113148-scrim-g_iter1/losses/Strequals.duck0127v5__HeMustBeFreed__botB.bc24,Strequals.duck0127v5,1,B,g_iter1,0,2000,MORE_FLAG_CAPTURES,2900,3300,201,14,25,272,16,1,15,462,231,12,160,147,173,356,45.7
gauntlet/20261001-113148-scrim-g_iter1/losses/Strequals.duck0127v5__GravitationalWaves__botA.bc24,Strequals.duck0127v5,1,A,g_iter1,0,2000,MORE_FLAG_CAPTURES,3700,3700,201,23,21,201,8,0,8,21,4,6,218,163,121,238,47.1
gauntlet/20261001-113148-scrim-g_iter1/losses/Strequals.duck0127v5__GravitationalWaves__botA.bc24,Strequals.duck0127v5,0,B,duck0127v5,1,2000,MORE_FLAG_CAPTURES,3700,3700,201,27,23,203,7,1,6,157,73,8,279,247,238,121,48.5
gauntlet/20261001-113148-scrim-g_iter1/losses/andli28.v9_USQuals_angle__Alien__botB.bc24,andli28.v9_USQuals_angle,0,A,v9_USQuals_angle,1,511,CAPTURE,3300,3300,203,26,19,244,35,3,32,184,77,0,156,125,78,78,46.4
gauntlet/20261001-113148-scrim-g_iter1/losses/andli28.v9_USQuals_angle__Alien__botB.bc24,andli28.v9_USQuals_angle,1,B,g_iter1,0,511,CAPTURE,3300,3300,202,6,9,243,0,0,0,0,0,32,81,62,78,78,46.3
gauntlet/20261001-113148-scrim-g_iter1/losses/andli28.v9_USQuals_angle__Alligator__botA.bc24,andli28.v9_USQuals_angle,1,A,g_iter1,0,644,CAPTURE,3300,4800,201,12,9,209,4,0,4,34,13,21,94,81,100,148,44.5
gauntlet/20261001-113148-scrim-g_iter1/losses/andli28.v9_USQuals_angle__Alligator__botA.bc24,andli28.v9_USQuals_angle,0,B,v9_USQuals_angle,1,644,CAPTURE,3300,7800,201,26,17,231,24,3,21,195,84,4,224,166,148,100,46.3
gauntlet/20261001-113148-scrim-g_iter1/losses/andli28.v9_USQuals_angle__Fountain__botB.bc24,andli28.v9_USQuals_angle,0,A,v9_USQuals_angle,1,2000,MORE_FLAG_CAPTURES,1300,2100,219,10,11,280,50,2,48,227,90,0,384,355,545,543,43.3
gauntlet/20261001-113148-scrim-g_iter1/losses/andli28.v9_USQuals_angle__Fountain__botB.bc24,andli28.v9_USQuals_angle,1,B,g_iter1,0,2000,MORE_FLAG_CAPTURES,1700,2900,208,2,0,530,0,0,0,0,0,48,201,193,543,545,43.4
gauntlet/20261001-113148-scrim-g_iter1/losses/andli28.v9_USQuals_angle__Rivers__botA.bc24,andli28.v9_USQuals_angle,1,A,g_iter1,0,1425,CAPTURE,1500,1800,203,2,2,0,0,0,0,0,0,16,151,146,283,409,43.1
gauntlet/20261001-113148-scrim-g_iter1/losses/andli28.v9_USQuals_angle__Rivers__botA.bc24,andli28.v9_USQuals_angle,0,B,v9_USQuals_angle,1,1425,CAPTURE,1500,2400,202,1,5,519,19,3,16,134,60,0,406,332,409,283,45.1
gauntlet/20261001-113148-scrim-g_iter1/losses/andli28.v9_USQuals_angle__Rainbow__botB.bc24,andli28.v9_USQuals_angle,0,A,v9_USQuals_angle,1,1865,CAPTURE,6000,6000,201,41,40,238,23,3,20,259,139,8,612,570,529,374,45.1
gauntlet/20261001-113148-scrim-g_iter1/losses/andli28.v9_USQuals_angle__Rainbow__botB.bc24,andli28.v9_USQuals_angle,1,B,g_iter1,0,1865,CAPTURE,6000,6000,201,0,0,239,8,0,8,28,8,20,232,225,374,529,43.1
gauntlet/20261001-113148-scrim-g_iter1/losses/andrewgopher.player22__BigDucksBigPond__botB.bc24,andrewgopher.player22,0,A,player22,1,2000,MORE_FLAG_CAPTURES,5100,7600,201,36,25,246,21,2,14,229,103,0,426,402,765,951,38.4
gauntlet/20261001-113148-scrim-g_iter1/losses/andrewgopher.player22__BigDucksBigPond__botB.bc24,andrewgopher.player22,1,B,g_iter1,0,2000,MORE_FLAG_CAPTURES,5100,6400,201,5,2,244,0,0,0,0,0,14,236,224,951,765,40.7
gauntlet/20261001-113148-scrim-g_iter1/losses/andrewgopher.player22__DefaultSmall__botB.bc24,andrewgopher.player22,0,A,player22,1,2000,MORE_FLAG_CAPTURES,4100,4100,201,32,33,218,14,2,9,98,50,1,546,486,1003,673,41.8
gauntlet/20261001-113148-scrim-g_iter1/losses/andrewgopher.player22__DefaultSmall__botB.bc24,andrewgopher.player22,1,B,g_iter1,0,2000,MORE_FLAG_CAPTURES,4100,4100,201,2,0,613,1,0,1,1,0,9,244,235,673,1003,37.9
gauntlet/20261001-113148-scrim-g_iter1/losses/andrewgopher.player22__Gauntlet__botA.bc24,andrewgopher.player22,1,A,g_iter1,0,493,CAPTURE,2100,2100,255,0,0,380,2,0,2,18,8,8,56,55,124,85,45.8
gauntlet/20261001-113148-scrim-g_iter1/losses/andrewgopher.player22__Gauntlet__botA.bc24,andrewgopher.player22,0,B,player22,1,493,CAPTURE,2100,3500,203,27,25,253,25,3,8,327,156,2,65,57,85,124,44.0
gauntlet/20261001-113148-scrim-g_iter1/losses/andrewgopher.player22__GravitationalWaves__botB.bc24,andrewgopher.player22,0,A,player22,1,2000,MORE_FLAG_CAPTURES,3700,3700,201,19,19,201,5,1,1,72,34,10,110,92,176,515,43.7
gauntlet/20261001-113148-scrim-g_iter1/losses/andrewgopher.player22__GravitationalWaves__botB.bc24,andrewgopher.player22,1,B,g_iter1,0,2000,MORE_FLAG_CAPTURES,3700,3700,201,17,17,201,10,0,10,156,73,1,225,144,515,176,47.8
gauntlet/20261001-113148-scrim-g_iter1/losses/andrewgopher.player22__QuestionableChess__botB.bc24,andrewgopher.player22,0,A,player22,1,421,CAPTURE,0,0,201,39,28,222,13,3,7,132,56,0,25,24,67,95,44.7
gauntlet/20261001-113148-scrim-g_iter1/losses/andrewgopher.player22__QuestionableChess__botB.bc24,andrewgopher.player22,1,B,g_iter1,0,421,CAPTURE,0,0,255,0,0,315,0,0,0,0,0,7,21,15,95,67,46.0
gauntlet/20261001-113148-scrim-g_iter1/losses/andrewgopher.player22__OceanFloor__botB.bc24,andrewgopher.player22,0,A,player22,1,1873,CAPTURE,1400,1400,201,26,19,214,13,3,7,221,116,6,346,324,695,822,39.3
gauntlet/20261001-113148-scrim-g_iter1/losses/andrewgopher.player22__OceanFloor__botB.bc24,andrewgopher.player22,1,B,g_iter1,0,1873,CAPTURE,1400,1400,201,15,16,236,7,1,6,116,51,7,221,211,822,695,41.0
gauntlet/20261001-113148-scrim-g_iter1/losses/awu7.ExplosiveBot__Randy__botA.bc24,awu7.ExplosiveBot,1,A,g_iter1,0,1039,CAPTURE,3400,3400,201,16,18,218,15,2,12,235,107,20,208,197,579,139,46.8
gauntlet/20261001-113148-scrim-g_iter1/losses/awu7.ExplosiveBot__Randy__botA.bc24,awu7.ExplosiveBot,0,B,ExplosiveBot,1,1039,CAPTURE,3400,13400,201,6,11,219,48,3,20,132,37,12,112,104,139,579,36.7
gauntlet/20261001-113148-scrim-g_iter1/losses/chenyx512.flagbot_final__DefaultHuge__botA.bc24,chenyx512.flagbot_final,1,A,g_iter1,0,915,CAPTURE,3700,3700,201,18,8,275,8,1,7,108,46,7,125,119,59,357,40.6
gauntlet/20261001-113148-scrim-g_iter1/losses/chenyx512.flagbot_final__DefaultHuge__botA.bc24,chenyx512.flagbot_final,0,B,flagbot_final,1,915,CAPTURE,3700,3700,201,26,21,230,13,3,7,737,322,7,328,252,357,59,48.3
gauntlet/20261001-113148-scrim-g_iter1/losses/chenyx512.flagbot_final__Skyline__botB.bc24,chenyx512.flagbot_final,0,A,flagbot_final,1,986,CAPTURE,21600,21600,209,15,23,304,20,3,14,730,311,3,477,423,353,76,48.0
gauntlet/20261001-113148-scrim-g_iter1/losses/chenyx512.flagbot_final__Skyline__botB.bc24,chenyx512.flagbot_final,1,B,g_iter1,0,986,CAPTURE,21600,21600,201,29,27,214,5,2,3,169,81,14,275,271,76,353,41.4
gauntlet/20261001-113148-scrim-g_iter1/losses/chenyx512.flagbot_final__Fusbol__botB.bc24,chenyx512.flagbot_final,0,A,flagbot_final,1,2000,MORE_FLAG_CAPTURES,0,2100,267,0,15,309,20,2,15,873,126,1,654,599,1187,134,46.0
gauntlet/20261001-113148-scrim-g_iter1/losses/chenyx512.flagbot_final__Fusbol__botB.bc24,chenyx512.flagbot_final,1,B,g_iter1,0,2000,MORE_FLAG_CAPTURES,7200,15900,202,25,12,1421,1,0,1,2,1,15,321,305,134,1187,34.9
gauntlet/20261001-113148-scrim-g_iter1/losses/chenyx512.flagbot_final__StackGame__botA.bc24,chenyx512.flagbot_final,1,A,g_iter1,0,1136,CAPTURE,4600,4600,369,0,0,403,3,0,3,20,10,20,147,145,165,624,36.8
gauntlet/20261001-113148-scrim-g_iter1/losses/chenyx512.flagbot_final__StackGame__botA.bc24,chenyx512.flagbot_final,0,B,flagbot_final,1,1136,CAPTURE,4600,4600,201,45,41,242,26,3,20,739,275,3,436,363,624,165,46.4
gauntlet/20261001-113148-scrim-g_iter1/losses/chenyx512.flagbot_final__StarryNight__botA.bc24,chenyx512.flagbot_final,1,A,g_iter1,0,911,CAPTURE,13600,13600,201,17,13,204,5,1,4,88,39,4,189,154,105,333,41.1
gauntlet/20261001-113148-scrim-g_iter1/losses/chenyx512.flagbot_final__StarryNight__botA.bc24,chenyx512.flagbot_final,0,B,flagbot_final,1,911,CAPTURE,13600,19000,201,20,23,247,10,3,4,708,287,4,452,333,333,105,47.2
gauntlet/20261001-113148-scrim-g_iter1/losses/chenyx512.flagbot_final__SteamboatMickey__botA.bc24,chenyx512.flagbot_final,1,A,g_iter1,0,1791,CAPTURE,7300,10900,201,28,25,224,23,1,21,443,206,20,290,284,190,630,41.4
gauntlet/20261001-113148-scrim-g_iter1/losses/chenyx512.flagbot_final__SteamboatMickey__botA.bc24,chenyx512.flagbot_final,0,B,flagbot_final,1,1791,CAPTURE,7300,15700,201,24,16,233,26,3,20,852,335,21,697,667,630,190,47.4
gauntlet/20261001-113148-scrim-g_iter1/losses/clbarrell.duck8__Battlecode24__botA.bc24,clbarrell.duck8,1,A,g_iter1,0,2000,MORE_FLAG_CAPTURES,12400,13600,211,19,17,238,1,1,0,70,35,7,314,286,576,388,45.2
gauntlet/20261001-113148-scrim-g_iter1/losses/clbarrell.duck8__Battlecode24__botA.bc24,clbarrell.duck8,0,B,duck8,1,2000,MORE_FLAG_CAPTURES,12400,28900,202,10,17,244,9,2,7,104,45,0,589,471,388,576,43.0
gauntlet/20261001-113148-scrim-g_iter1/losses/clbarrell.duck8__StackGame__botB.bc24,clbarrell.duck8,0,A,duck8,1,373,CAPTURE,4200,4600,204,11,26,214,21,3,18,99,40,1,72,43,46,82,44.9
gauntlet/20261001-113148-scrim-g_iter1/losses/clbarrell.duck8__StackGame__botB.bc24,clbarrell.duck8,1,B,g_iter1,0,373,CAPTURE,4600,4600,201,6,0,227,1,0,1,10,3,18,74,47,82,46,47.2
gauntlet/20261001-113148-scrim-g_iter1/losses/clbarrell.duck8__Diagonal__botB.bc24,clbarrell.duck8,0,A,duck8,1,2000,MORE_FLAG_CAPTURES,5100,5100,201,41,28,257,17,1,16,143,56,15,303,214,307,679,41.7
gauntlet/20261001-113148-scrim-g_iter1/losses/clbarrell.duck8__Diagonal__botB.bc24,clbarrell.duck8,1,B,g_iter1,0,2000,MORE_FLAG_CAPTURES,5100,5100,201,11,16,309,15,0,15,567,233,16,283,214,679,307,46.3
gauntlet/20261001-113148-scrim-g_iter1/losses/dmtrung14.defaultplayer_intlqualifier__Anchor__botA.bc24,dmtrung14.defaultplayer_intlqualifier,1,A,g_iter1,0,2000,MORE_FLAG_CAPTURES,6300,10500,206,6,7,266,1,0,1,2,1,14,275,165,527,29,49.6
gauntlet/20261001-113148-scrim-g_iter1/losses/dmtrung14.defaultplayer_intlqualifier__Anchor__botA.bc24,dmtrung14.defaultplayer_intlqualifier,0,B,defaultplayer_intlqualifier,1,2000,MORE_FLAG_CAPTURES,6300,9600,206,5,10,417,27,1,14,356,70,1,63,54,29,527,43.5
gauntlet/20261001-113148-scrim-g_iter1/losses/dmtrung14.defaultplayer_intlqualifier__ORV__botB.bc24,dmtrung14.defaultplayer_intlqualifier,0,A,defaultplayer_intlqualifier,1,2000,MORE_FLAG_CAPTURES,3200,7700,207,13,12,230,7,1,2,322,24,0,85,61,15,235,47.1
gauntlet/20261001-113148-scrim-g_iter1/losses/dmtrung14.defaultplayer_intlqualifier__ORV__botB.bc24,dmtrung14.defaultplayer_intlqualifier,1,B,g_iter1,0,2000,MORE_FLAG_CAPTURES,3200,3500,206,14,19,217,0,0,0,0,0,2,196,83,235,15,49.8
gauntlet/20261001-113148-scrim-g_iter1/losses/hsmalladi.finalbot__Decision__botB.bc24,hsmalladi.finalbot,0,A,finalbot,1,839,CAPTURE,1900,1900,203,36,32,250,28,3,17,1080,287,10,94,92,120,179,44.8
gauntlet/20261001-113148-scrim-g_iter1/losses/hsmalladi.finalbot__Decision__botB.bc24,hsmalladi.finalbot,1,B,g_iter1,0,839,CAPTURE,1900,1900,202,31,31,273,11,1,10,344,167,17,92,79,179,120,46.5
gauntlet/20261001-113148-scrim-g_iter1/losses/hsmalladi.finalbot__GravitationalWaves__botA.bc24,hsmalladi.finalbot,1,A,g_iter1,0,2000,MORE_FLAG_CAPTURES,3700,3700,201,22,22,401,3,0,3,41,19,24,216,131,270,306,46.3
gauntlet/20261001-113148-scrim-g_iter1/losses/hsmalladi.finalbot__GravitationalWaves__botA.bc24,hsmalladi.finalbot,0,B,finalbot,1,2000,MORE_FLAG_CAPTURES,3400,3400,201,18,18,216,28,1,24,708,138,3,252,223,306,270,46.7
gauntlet/20261001-113148-scrim-g_iter1/losses/hsmalladi.finalbot__Funnel__botB.bc24,hsmalladi.finalbot,0,A,finalbot,1,2000,LEVEL_SUM,2200,4200,203,31,37,272,29,1,25,965,183,7,343,301,459,498,43.9
gauntlet/20261001-113148-scrim-g_iter1/losses/hsmalladi.finalbot__Funnel__botB.bc24,hsmalladi.finalbot,1,B,g_iter1,0,2000,LEVEL_SUM,2200,3700,205,12,8,272,8,1,7,668,317,25,269,232,498,459,44.4
gauntlet/20261001-113148-scrim-g_iter1/losses/hsmalladi.finalbot__Joker__botA.bc24,hsmalladi.finalbot,1,A,g_iter1,0,2000,MORE_FLAG_CAPTURES,14500,25300,202,20,11,246,5,1,4,206,89,3,458,442,744,578,43.0
gauntlet/20261001-113148-scrim-g_iter1/losses/hsmalladi.finalbot__Joker__botA.bc24,hsmalladi.finalbot,0,B,finalbot,1,2000,MORE_FLAG_CAPTURES,14500,17000,208,21,22,245,10,2,3,716,127,4,436,409,578,744,40.9
gauntlet/20261001-113148-scrim-g_iter1/losses/hsmalladi.finalbot__StackGame__botB.bc24,hsmalladi.finalbot,0,A,finalbot,1,412,CAPTURE,4600,4600,201,31,10,255,20,3,12,683,108,0,67,60,41,79,45.5
gauntlet/20261001-113148-scrim-g_iter1/losses/hsmalladi.finalbot__StackGame__botB.bc24,hsmalladi.finalbot,1,B,g_iter1,0,412,CAPTURE,4600,4600,212,0,3,0,0,0,0,0,0,12,71,52,79,41,47.6
gauntlet/20261001-113148-scrim-g_iter1/losses/hsmalladi.finalbot__Waterworld__botB.bc24,hsmalladi.finalbot,0,A,finalbot,1,610,CAPTURE,11200,20200,219,1,0,352,48,3,15,807,211,5,180,175,119,93,46.2
gauntlet/20261001-113148-scrim-g_iter1/losses/hsmalladi.finalbot__Waterworld__botB.bc24,hsmalladi.finalbot,1,B,g_iter1,0,610,CAPTURE,13900,16600,253,0,16,299,5,0,5,198,95,15,102,73,93,119,45.4
gauntlet/20261001-113148-scrim-g_iter1/losses/jmerle.camel_case_v21_final__BedWars__botB.bc24,jmerle.camel_case_v21_final,0,A,camel_case_v21_final,1,516,CAPTURE,2400,8200,207,28,21,217,5,3,2,151,75,5,28,28,76,146,43.3
gauntlet/20261001-113148-scrim-g_iter1/losses/jmerle.camel_case_v21_final__BedWars__botB.bc24,jmerle.camel_case_v21_final,1,B,g_iter1,0,516,CAPTURE,2400,2600,240,1,9,281,6,1,5,73,34,2,45,39,146,76,46.4
gauntlet/20261001-113148-scrim-g_iter1/losses/jmerle.camel_case_v21_final__Ambush__botB.bc24,jmerle.camel_case_v21_final,0,A,camel_case_v21_final,1,343,CAPTURE,2100,4500,201,14,18,201,10,3,7,84,34,3,86,82,77,68,45.4
gauntlet/20261001-113148-scrim-g_iter1/losses/jmerle.camel_case_v21_final__Ambush__botB.bc24,jmerle.camel_case_v21_final,1,B,g_iter1,0,343,CAPTURE,2000,2000,201,7,7,201,4,1,3,49,22,7,46,43,68,77,45.1
gauntlet/20261001-113148-scrim-g_iter1/losses/jmerle.camel_case_v21_final__Checkered__botB.bc24,jmerle.camel_case_v21_final,0,A,camel_case_v21_final,1,383,CAPTURE,4800,4800,201,19,20,206,6,3,3,126,63,1,97,93,78,69,45.8
gauntlet/20261001-113148-scrim-g_iter1/losses/jmerle.camel_case_v21_final__Checkered__botB.bc24,jmerle.camel_case_v21_final,1,B,g_iter1,0,383,CAPTURE,4800,4800,201,17,16,206,3,2,1,107,53,3,81,61,69,78,45.5
gauntlet/20261001-113148-scrim-g_iter1/losses/jmerle.camel_case_v21_final__Waterworld__botA.bc24,jmerle.camel_case_v21_final,1,A,g_iter1,0,406,CAPTURE,11200,12800,219,0,12,284,5,0,5,65,30,4,76,59,71,88,44.8
gauntlet/20261001-113148-scrim-g_iter1/losses/jmerle.camel_case_v21_final__Waterworld__botA.bc24,jmerle.camel_case_v21_final,0,B,camel_case_v21_final,1,406,CAPTURE,11200,13800,203,32,29,230,7,3,4,193,97,5,115,99,88,71,45.8
gauntlet/20261001-113148-scrim-g_iter1/losses/jmerle.camel_case_v21_final__English__botB.bc24,jmerle.camel_case_v21_final,0,A,camel_case_v21_final,1,698,CAPTURE,10900,10900,201,37,12,225,7,3,4,229,115,4,168,167,172,200,43.2
gauntlet/20261001-113148-scrim-g_iter1/losses/jmerle.camel_case_v21_final__English__botB.bc24,jmerle.camel_case_v21_final,1,B,g_iter1,0,698,CAPTURE,10900,10900,201,11,9,238,4,0,4,53,25,4,111,88,200,172,44.0
gauntlet/20261001-113148-scrim-g_iter1/losses/kyleezz.jeeryfix3__Pancakes__botA.bc24,kyleezz.jeeryfix3,1,A,g_iter1,0,438,CAPTURE,0,2500,202,1,1,220,1,1,0,46,23,13,62,57,125,58,46.9
gauntlet/20261001-113148-scrim-g_iter1/losses/kyleezz.jeeryfix3__Pancakes__botA.bc24,kyleezz.jeeryfix3,0,B,jeeryfix3,1,438,CAPTURE,0,6600,205,30,19,225,16,3,13,165,78,0,95,84,58,125,43.5
gauntlet/20261001-113148-scrim-g_iter1/losses/quesswho.cretplayer2_3__QuestionableChess__botA.bc24,quesswho.cretplayer2_3,1,A,g_iter1,0,582,CAPTURE,0,0,201,14,27,250,16,0,14,192,88,11,38,26,119,104,45.6
gauntlet/20261001-113148-scrim-g_iter1/losses/quesswho.cretplayer2_3__QuestionableChess__botA.bc24,quesswho.cretplayer2_3,0,B,cretplayer2_3,1,582,CAPTURE,0,0,202,8,21,208,17,3,11,886,177,14,20,17,104,119,44.2
gauntlet/20261001-113148-scrim-g_iter1/losses/quesswho.cretplayer2_3__Checkered__botB.bc24,quesswho.cretplayer2_3,0,A,cretplayer2_3,1,758,CAPTURE,4800,4800,201,35,21,206,34,3,28,975,150,0,140,135,138,239,41.7
gauntlet/20261001-113148-scrim-g_iter1/losses/quesswho.cretplayer2_3__Checkered__botB.bc24,quesswho.cretplayer2_3,1,B,g_iter1,0,758,CAPTURE,4800,4800,201,7,2,272,3,2,0,146,71,28,160,136,239,138,45.5
gauntlet/20261001-113148-scrim-g_iter1/losses/winkelmantanner.waffle__BigDucksBigPond__botA.bc24,winkelmantanner.waffle,1,A,g_iter1,0,800,CAPTURE,5100,11900,201,20,18,232,6,2,4,440,203,28,185,176,244,82,47.5
gauntlet/20261001-113148-scrim-g_iter1/losses/winkelmantanner.waffle__BigDucksBigPond__botA.bc24,winkelmantanner.waffle,0,B,waffle,1,800,CAPTURE,2100,2100,201,33,26,258,31,3,28,501,232,4,99,94,82,244,42.5
gauntlet/20261001-113148-scrim-g_iter1/losses/quesswho.cretplayer2_3__Tunnels__botA.bc24,quesswho.cretplayer2_3,1,A,g_iter1,0,2000,MORE_FLAG_CAPTURES,2400,3000,230,6,7,264,5,1,4,58,27,41,234,223,1713,296,46.4
gauntlet/20261001-113148-scrim-g_iter1/losses/quesswho.cretplayer2_3__Tunnels__botA.bc24,quesswho.cretplayer2_3,0,B,cretplayer2_3,1,2000,MORE_FLAG_CAPTURES,2400,3600,203,12,9,215,46,2,41,817,99,4,242,231,296,1713,29.0
gauntlet/20261001-113148-scrim-g_iter1/losses/winkelmantanner.waffle__Mountain__botA.bc24,winkelmantanner.waffle,1,A,g_iter1,0,2000,MORE_FLAG_CAPTURES,4100,6500,202,13,16,224,2,0,2,34,15,8,257,245,877,493,44.0
gauntlet/20261001-113148-scrim-g_iter1/losses/winkelmantanner.waffle__Mountain__botA.bc24,winkelmantanner.waffle,0,B,waffle,1,2000,MORE_FLAG_CAPTURES,4100,4700,201,14,23,202,10,2,8,122,53,2,248,235,493,877,39.2
gauntlet/20261001-113148-scrim-g_iter1/losses/winkelmantanner.waffle__StackGame__botA.bc24,winkelmantanner.waffle,1,A,g_iter1,0,352,CAPTURE,4600,4600,206,0,18,281,1,0,0,27,13,7,71,47,53,47,46.7
gauntlet/20261001-113148-scrim-g_iter1/losses/winkelmantanner.waffle__StackGame__botA.bc24,winkelmantanner.waffle,0,B,waffle,1,352,CAPTURE,4600,4600,201,23,25,214,10,3,7,152,76,0,79,68,47,53,46.4
gauntlet/20261001-113148-scrim-g_iter1/losses/winkelmantanner.waffle__Tunnels__botB.bc24,winkelmantanner.waffle,0,A,waffle,1,2000,MORE_FLAG_CAPTURES,2400,3000,212,13,22,263,14,2,12,138,60,0,239,217,351,923,38.8
gauntlet/20261001-113148-scrim-g_iter1/losses/winkelmantanner.waffle__Tunnels__botB.bc24,winkelmantanner.waffle,1,B,g_iter1,0,2000,MORE_FLAG_CAPTURES,2400,3600,203,0,0,317,0,0,0,0,0,12,223,208,923,351,45.7
gauntlet/20261001-113148-scrim-g_iter1/replays/ColtG5.Goob_final__Hockey__botA.bc24,ColtG5.Goob_final,1,A,g_iter1,1,2000,LEVEL_SUM,3300,3300,216,0,4,479,0,0,0,0,0,3,252,189,1278,451,44.5
gauntlet/20261001-113148-scrim-g_iter1/replays/ColtG5.Goob_final__Hockey__botA.bc24,ColtG5.Goob_final,0,B,Goob_final,0,2000,LEVEL_SUM,3300,3300,202,24,28,257,3,0,3,8,2,0,348,332,451,1278,34.5
gauntlet/20261001-113148-scrim-g_iter1/replays/ColtG5.Goob_final__Hurricane__botA.bc24,ColtG5.Goob_final,1,A,g_iter1,1,2000,LEVEL_SUM,4500,4500,201,15,18,222,9,0,9,148,64,27,269,210,438,140,48.3
gauntlet/20261001-113148-scrim-g_iter1/replays/ColtG5.Goob_final__Hurricane__botA.bc24,ColtG5.Goob_final,0,B,Goob_final,0,2000,LEVEL_SUM,4500,4500,201,12,27,203,27,0,27,219,82,9,178,142,140,438,44.6
gauntlet/20261001-113148-scrim-g_iter1/replays/CyrilSharma.finalBot__Diagonal__botA.bc24,CyrilSharma.finalBot,1,A,g_iter1,1,2000,LEVEL_SUM,5100,5500,201,20,17,266,24,0,23,405,191,0,248,173,249,203,47.5
gauntlet/20261001-113148-scrim-g_iter1/replays/CyrilSharma.finalBot__Diagonal__botA.bc24,CyrilSharma.finalBot,0,B,finalBot,0,2000,LEVEL_SUM,4300,4300,201,44,45,682,0,0,0,0,0,23,349,285,203,249,47.0
gauntlet/20261001-113148-scrim-g_iter1/replays/ColtG5.Goob_final__StarryNight__botB.bc24,ColtG5.Goob_final,0,A,Goob_final,0,1977,CAPTURE,13600,18900,201,18,11,207,4,1,3,51,29,4,457,450,617,1361,33.2
gauntlet/20261001-113148-scrim-g_iter1/replays/ColtG5.Goob_final__StarryNight__botB.bc24,ColtG5.Goob_final,1,B,g_iter1,1,1977,CAPTURE,13600,13700,201,18,9,231,7,3,4,136,70,3,448,423,1361,617,42.4
gauntlet/20261001-113148-scrim-g_iter1/replays/Gymhgy.v10official__Fountain__botB.bc24,Gymhgy.v10official,0,A,v10official,0,2000,LEVEL_SUM,1700,2700,209,11,19,223,41,2,10,696,238,11,239,205,367,602,42.7
gauntlet/20261001-113148-scrim-g_iter1/replays/Gymhgy.v10official__Fountain__botB.bc24,Gymhgy.v10official,1,B,g_iter1,1,2000,LEVEL_SUM,1700,2700,208,8,10,302,13,2,11,225,106,10,209,194,602,367,45.5
gauntlet/20261001-113148-scrim-g_iter1/replays/SampleProvider.TSPAARKSPRINT1__GaltonBoard__botB.bc24,SampleProvider.TSPAARKSPRINT1,0,A,TSPAARKSPRINT1,0,2000,LEVEL_SUM,0,37300,201,28,21,208,5,1,1,175,23,18,311,297,346,803,40.4
gauntlet/20261001-113148-scrim-g_iter1/replays/SampleProvider.TSPAARKSPRINT1__GaltonBoard__botB.bc24,SampleProvider.TSPAARKSPRINT1,1,B,g_iter1,1,2000,LEVEL_SUM,0,200,202,19,13,223,19,1,18,206,106,1,271,205,803,346,45.8
gauntlet/20261001-113148-scrim-g_iter1/replays/Gymhgy.v10official__Starfish__botA.bc24,Gymhgy.v10official,1,A,g_iter1,1,2000,LEVEL_SUM,4100,4200,201,18,18,201,13,2,11,185,90,3,219,197,806,513,43.7
gauntlet/20261001-113148-scrim-g_iter1/replays/Gymhgy.v10official__Starfish__botA.bc24,Gymhgy.v10official,0,B,v10official,0,2000,LEVEL_SUM,4100,4100,201,16,7,201,13,2,3,603,297,11,231,221,513,806,40.2
gauntlet/20261001-113148-scrim-g_iter1/replays/awu7.ExplosiveBot__Alligator__botA.bc24,awu7.ExplosiveBot,1,A,g_iter1,1,931,CAPTURE,3300,6000,201,26,22,216,12,3,9,237,108,10,270,199,528,103,47.4
gauntlet/20261001-113148-scrim-g_iter1/replays/awu7.ExplosiveBot__Alligator__botA.bc24,awu7.ExplosiveBot,0,B,ExplosiveBot,0,931,CAPTURE,3300,6000,201,13,9,220,13,0,10,42,15,9,96,83,103,528,36.5
gauntlet/20261001-113148-scrim-g_iter1/replays/awu7.ExplosiveBot__Duck__botA.bc24,awu7.ExplosiveBot,1,A,g_iter1,1,1042,CAPTURE,2900,2900,201,37,34,224,21,3,18,630,304,2,260,179,520,109,47.4
gauntlet/20261001-113148-scrim-g_iter1/replays/awu7.ExplosiveBot__Duck__botA.bc24,awu7.ExplosiveBot,0,B,ExplosiveBot,0,1042,CAPTURE,2900,2900,201,28,20,244,3,0,2,8,1,18,70,58,109,520,37.9
gauntlet/20261001-113148-scrim-g_iter1/replays/awu7.ExplosiveBot__English__botA.bc24,awu7.ExplosiveBot,1,A,g_iter1,1,1090,CAPTURE,10900,10900,201,24,44,211,25,3,22,855,409,7,345,270,695,114,47.4
gauntlet/20261001-113148-scrim-g_iter1/replays/awu7.ExplosiveBot__English__botA.bc24,awu7.ExplosiveBot,0,B,ExplosiveBot,0,1090,CAPTURE,10900,10900,201,7,4,222,9,0,7,16,3,22,61,56,114,695,34.6
gauntlet/20261001-113148-scrim-g_iter1/replays/awu7.ExplosiveBot__Fountain__botB.bc24,awu7.ExplosiveBot,0,A,ExplosiveBot,0,881,CAPTURE,1700,2700,213,8,9,302,0,0,0,0,0,19,45,42,77,591,33.9
gauntlet/20261001-113148-scrim-g_iter1/replays/awu7.ExplosiveBot__Fountain__botB.bc24,awu7.ExplosiveBot,1,B,g_iter1,1,881,CAPTURE,1700,2700,209,9,19,245,22,3,19,482,222,0,183,127,591,77,47.9
gauntlet/20261001-113148-scrim-g_iter1/replays/awu7.ExplosiveBot__MazeRunner__botB.bc24,awu7.ExplosiveBot,0,A,ExplosiveBot,0,1146,CAPTURE,2600,4700,208,11,6,254,2,0,2,3,1,14,82,67,138,613,37.1
gauntlet/20261001-113148-scrim-g_iter1/replays/awu7.ExplosiveBot__MazeRunner__botB.bc24,awu7.ExplosiveBot,1,B,g_iter1,1,1146,CAPTURE,2600,5600,207,20,30,274,17,3,14,520,247,2,280,206,613,138,47.1
gauntlet/20261001-113148-scrim-g_iter1/replays/clbarrell.duck8__Duck__botB.bc24,clbarrell.duck8,0,A,duck8,0,1156,CAPTURE,2900,2900,201,3,21,233,28,0,28,264,103,8,147,120,170,446,40.7
gauntlet/20261001-113148-scrim-g_iter1/replays/clbarrell.duck8__Duck__botB.bc24,clbarrell.duck8,1,B,g_iter1,1,1156,CAPTURE,2900,2900,201,27,25,231,11,3,8,633,307,28,232,145,446,170,46.4
gauntlet/20261001-113148-scrim-g_iter1/replays/clbarrell.duck8__Hurricane__botA.bc24,clbarrell.duck8,1,A,g_iter1,1,2000,MORE_FLAG_CAPTURES,4500,4500,201,23,23,213,3,1,2,148,71,22,292,199,821,192,47.6
gauntlet/20261001-113148-scrim-g_iter1/replays/clbarrell.duck8__Hurricane__botA.bc24,clbarrell.duck8,0,B,duck8,0,2000,MORE_FLAG_CAPTURES,4500,4500,201,8,18,206,22,0,22,73,23,2,244,193,192,821,40.0
gauntlet/20261001-113148-scrim-g_iter1/replays/clbarrell.duck8__QuestionableChess__botB.bc24,clbarrell.duck8,0,A,duck8,0,1738,CAPTURE,0,0,201,5,10,210,34,2,32,176,65,11,218,205,392,938,36.9
gauntlet/20261001-113148-scrim-g_iter1/replays/clbarrell.duck8__QuestionableChess__botB.bc24,clbarrell.duck8,1,B,g_iter1,1,1738,CAPTURE,0,0,202,10,30,236,14,3,11,386,182,32,225,192,938,392,44.5
gauntlet/20261001-113148-scrim-g_iter1/replays/dmtrung14.defaultplayer_intlqualifier__AceOfSpades__botA.bc24,dmtrung14.defaultplayer_intlqualifier,1,A,g_iter1,1,2000,LEVEL_SUM,1800,5100,202,23,25,269,7,2,5,173,81,0,246,92,521,41,49.5
gauntlet/20261001-113148-scrim-g_iter1/replays/dmtrung14.defaultplayer_intlqualifier__AceOfSpades__botA.bc24,dmtrung14.defaultplayer_intlqualifier,0,B,defaultplayer_intlqualifier,0,2000,LEVEL_SUM,1800,15300,202,7,13,216,15,2,0,350,38,5,92,81,41,521,43.5
gauntlet/20261001-113148-scrim-g_iter1/replays/dmtrung14.defaultplayer_intlqualifier__Divergent__botB.bc24,dmtrung14.defaultplayer_intlqualifier,0,A,defaultplayer_intlqualifier,0,2000,MORE_FLAG_CAPTURES,2900,3000,204,9,13,405,4,0,1,322,69,2,47,37,11,55,49.3
gauntlet/20261001-113148-scrim-g_iter1/replays/dmtrung14.defaultplayer_intlqualifier__Divergent__botB.bc24,dmtrung14.defaultplayer_intlqualifier,1,B,g_iter1,1,2000,MORE_FLAG_CAPTURES,3700,3700,203,4,6,202,3,1,2,248,123,1,196,20,55,11,49.9
gauntlet/20261001-113148-scrim-g_iter1/replays/dmtrung14.defaultplayer_intlqualifier__Tunnels__botA.bc24,dmtrung14.defaultplayer_intlqualifier,1,A,g_iter1,1,2000,LEVEL_SUM,2400,3000,241,1,5,340,7,1,6,1099,535,1,167,41,165,16,49.8
gauntlet/20261001-113148-scrim-g_iter1/replays/dmtrung14.defaultplayer_intlqualifier__Tunnels__botA.bc24,dmtrung14.defaultplayer_intlqualifier,0,B,defaultplayer_intlqualifier,0,2000,LEVEL_SUM,2400,3600,203,19,22,223,13,1,1,307,63,6,38,32,16,165,34.1
gauntlet/20261001-113148-scrim-g_iter1/replays/jmerle.camel_case_v21_final__Duck__botB.bc24,jmerle.camel_case_v21_final,0,A,camel_case_v21_final,0,2000,LEVEL_SUM,2900,2900,201,31,17,228,6,2,4,214,105,7,390,389,673,868,39.4
gauntlet/20261001-113148-scrim-g_iter1/replays/jmerle.camel_case_v21_final__Duck__botB.bc24,jmerle.camel_case_v21_final,1,B,g_iter1,1,2000,LEVEL_SUM,2900,2900,201,8,11,238,9,2,7,333,162,4,238,210,868,673,41.8
gauntlet/20261001-113148-scrim-g_iter1/replays/jonters.bling3__EvilGrin__botB.bc24,jonters.bling3,0,A,bling3,0,1031,CAPTURE,2000,6600,205,23,26,253,5,0,5,33,12,10,79,70,143,415,39.9
gauntlet/20261001-113148-scrim-g_iter1/replays/jonters.bling3__EvilGrin__botB.bc24,jonters.bling3,1,B,g_iter1,1,1031,CAPTURE,2000,3000,205,6,5,252,13,3,10,264,125,5,163,134,415,143,46.7
gauntlet/20261001-113148-scrim-g_iter1/replays/jonters.bling3__CH3353C4K3F4CT0RY__botA.bc24,jonters.bling3,1,A,g_iter1,1,2000,MORE_FLAG_CAPTURES,13000,13000,203,9,6,240,7,1,6,80,38,0,341,270,991,253,46.9
gauntlet/20261001-113148-scrim-g_iter1/replays/jonters.bling3__CH3353C4K3F4CT0RY__botA.bc24,jonters.bling3,0,B,bling3,0,2000,MORE_FLAG_CAPTURES,12900,13400,202,28,29,277,0,0,0,0,0,6,214,205,253,991,37.4
gauntlet/20261001-113148-scrim-g_iter1/replays/jonters.bling3__Fountain__botA.bc24,jonters.bling3,1,A,g_iter1,1,2000,MORE_FLAG_CAPTURES,1700,2700,209,21,17,215,23,2,21,310,142,1,228,192,829,230,47.2
gauntlet/20261001-113148-scrim-g_iter1/replays/jonters.bling3__Fountain__botA.bc24,jonters.bling3,0,B,bling3,0,2000,MORE_FLAG_CAPTURES,1700,2700,208,3,10,266,1,0,1,10,8,21,106,101,230,829,39.6
gauntlet/20261001-113148-scrim-g_iter1/replays/jonters.bling3__MIT__botB.bc24,jonters.bling3,0,A,bling3,0,1447,CAPTURE,7200,30400,224,8,16,383,1,0,1,0,0,7,190,155,162,510,41.2
gauntlet/20261001-113148-scrim-g_iter1/replays/jonters.bling3__MIT__botB.bc24,jonters.bling3,1,B,g_iter1,1,1447,CAPTURE,7200,26800,202,14,7,207,10,3,7,491,241,1,448,384,510,162,47.2
gauntlet/20261001-113148-scrim-g_iter1/replays/jonters.bling3__Mountain__botA.bc24,jonters.bling3,1,A,g_iter1,1,2000,MORE_FLAG_CAPTURES,4100,5000,202,2,4,274,39,2,37,641,318,6,362,331,1145,418,44.9
gauntlet/20261001-113148-scrim-g_iter1/replays/jonters.bling3__Mountain__botA.bc24,jonters.bling3,0,B,bling3,0,2000,MORE_FLAG_CAPTURES,4100,5900,201,22,26,202,6,0,6,126,66,37,131,119,418,1145,35.5
gauntlet/20261001-113148-scrim-g_iter1/replays/jonters.bling3__WheresMyWater__botA.bc24,jonters.bling3,1,A,g_iter1,1,633,CAPTURE,3000,3000,201,6,3,201,7,3,4,173,80,2,118,92,221,32,48.7
gauntlet/20261001-113148-scrim-g_iter1/replays/jonters.bling3__WheresMyWater__botA.bc24,jonters.bling3,0,B,bling3,0,633,CAPTURE,3000,6300,201,23,2,216,3,1,2,61,30,4,30,18,32,221,41.4
gauntlet/20261001-113148-scrim-g_iter1/replays/justinottesen.sprint1__BedWars__botA.bc24,justinottesen.sprint1,1,A,g_iter1,1,636,CAPTURE,2400,2800,217,1,1,281,6,3,3,113,55,2,50,14,155,6,49.7
gauntlet/20261001-113148-scrim-g_iter1/replays/justinottesen.sprint1__BedWars__botA.bc24,justinottesen.sprint1,0,B,sprint1,0,636,CAPTURE,2400,5900,210,13,15,255,2,0,2,4,1,3,4,2,6,155,44.6
gauntlet/20261001-113148-scrim-g_iter1/replays/justinottesen.sprint1__Decision__botB.bc24,justinottesen.sprint1,0,A,sprint1,0,812,CAPTURE,1800,1800,202,6,10,292,4,0,4,137,63,14,18,12,17,455,36.7
gauntlet/20261001-113148-scrim-g_iter1/replays/justinottesen.sprint1__Decision__botB.bc24,justinottesen.sprint1,1,B,g_iter1,1,812,CAPTURE,1900,1900,202,41,39,237,17,3,14,738,362,4,196,149,455,17,49.5
gauntlet/20261001-113148-scrim-g_iter1/replays/justinottesen.sprint1__EvilGrin__botA.bc24,justinottesen.sprint1,1,A,g_iter1,1,577,CAPTURE,2000,4100,203,29,46,245,5,3,2,281,140,0,156,104,356,32,48.6
gauntlet/20261001-113148-scrim-g_iter1/replays/justinottesen.sprint1__EvilGrin__botA.bc24,justinottesen.sprint1,0,B,sprint1,0,577,CAPTURE,2000,4900,206,0,0,383,0,0,0,0,0,2,43,42,32,356,35.3
gauntlet/20261001-113148-scrim-g_iter1/replays/justinottesen.sprint1__FloodGates__botB.bc24,justinottesen.sprint1,0,A,sprint1,0,2000,MORE_FLAG_CAPTURES,500,1700,209,6,9,239,6,0,6,23,6,42,96,93,94,2202,23.3
gauntlet/20261001-113148-scrim-g_iter1/replays/justinottesen.sprint1__FloodGates__botB.bc24,justinottesen.sprint1,1,B,g_iter1,1,2000,MORE_FLAG_CAPTURES,500,1700,252,0,4,278,45,2,42,895,433,6,718,596,2202,94,48.8
gauntlet/20261001-113148-scrim-g_iter1/replays/justinottesen.sprint1__Pancakes__botB.bc24,justinottesen.sprint1,0,A,sprint1,0,389,CAPTURE,0,3500,203,16,5,240,1,0,1,10,4,6,25,25,23,115,43.3
gauntlet/20261001-113148-scrim-g_iter1/replays/justinottesen.sprint1__Pancakes__botB.bc24,justinottesen.sprint1,1,B,g_iter1,1,389,CAPTURE,0,5000,202,16,14,218,9,3,6,180,87,1,82,43,115,23,48.5
gauntlet/20261001-113148-scrim-g_iter1/replays/justinottesen.sprint1__TwistedTreeline__botA.bc24,justinottesen.sprint1,1,A,g_iter1,1,515,CAPTURE,2400,2400,202,35,37,271,6,3,3,273,135,0,120,87,261,8,49.6
gauntlet/20261001-113148-scrim-g_iter1/replays/justinottesen.sprint1__TwistedTreeline__botA.bc24,justinottesen.sprint1,0,B,sprint1,0,515,CAPTURE,2000,2200,202,11,9,258,0,0,0,0,0,3,16,14,8,261,38.2
gauntlet/20261001-113148-scrim-g_iter1/replays/kyleezz.jeeryfix3__Canals__botB.bc24,kyleezz.jeeryfix3,0,A,jeeryfix3,0,1720,CAPTURE,4600,5300,227,11,3,237,13,2,11,98,61,8,275,275,356,1262,32.0
gauntlet/20261001-113148-scrim-g_iter1/replays/kyleezz.jeeryfix3__Canals__botB.bc24,kyleezz.jeeryfix3,1,B,g_iter1,1,1720,CAPTURE,4600,4600,288,0,0,1073,11,3,8,311,150,11,388,315,1262,356,44.9
gauntlet/20261001-113148-scrim-g_iter1/replays/kyleezz.jeeryfix3__Gated__botA.bc24,kyleezz.jeeryfix3,1,A,g_iter1,1,2000,LEVEL_SUM,1500,2700,208,0,18,290,10,2,8,300,143,19,340,267,1129,410,45.0
gauntlet/20261001-113148-scrim-g_iter1/replays/kyleezz.jeeryfix3__Gated__botA.bc24,kyleezz.jeeryfix3,0,B,jeeryfix3,0,2000,LEVEL_SUM,1500,2100,208,23,11,235,21,2,19,84,49,8,210,200,410,1129,36.2
gauntlet/20261001-113148-scrim-g_iter1/replays/kyleezz.jeeryfix3__Rainbow__botA.bc24,kyleezz.jeeryfix3,1,A,g_iter1,1,2000,MORE_FLAG_CAPTURES,6000,6000,201,0,8,983,7,2,5,199,108,9,490,396,1174,355,45.7
gauntlet/20261001-113148-scrim-g_iter1/replays/kyleezz.jeeryfix3__Rainbow__botA.bc24,kyleezz.jeeryfix3,0,B,jeeryfix3,0,2000,MORE_FLAG_CAPTURES,6000,6000,201,42,18,252,10,1,9,90,42,5,288,285,355,1174,35.7
gauntlet/20261001-113148-scrim-g_iter1/replays/kyleezz.jeeryfix3__TwistedTreeline__botA.bc24,kyleezz.jeeryfix3,1,A,g_iter1,1,1845,CAPTURE,2400,2400,202,10,9,243,9,3,6,600,307,14,590,490,1412,311,45.9
gauntlet/20261001-113148-scrim-g_iter1/replays/kyleezz.jeeryfix3__TwistedTreeline__botA.bc24,kyleezz.jeeryfix3,0,B,jeeryfix3,0,1845,CAPTURE,2400,2400,202,26,8,213,16,2,14,268,135,6,192,189,311,1412,31.5
gauntlet/20261001-113148-scrim-g_iter1/replays/quesswho.cretplayer2_3__Alien__botA.bc24,quesswho.cretplayer2_3,1,A,g_iter1,1,2000,LEVEL_SUM,3300,3300,202,11,9,260,21,2,19,123,75,29,444,353,1783,444,44.6
gauntlet/20261001-113148-scrim-g_iter1/replays/quesswho.cretplayer2_3__Alien__botA.bc24,quesswho.cretplayer2_3,0,B,cretplayer2_3,0,2000,LEVEL_SUM,3300,3300,202,24,8,208,34,2,29,867,110,19,249,249,444,1783,28.2
gauntlet/20261001-113148-scrim-g_iter1/replays/quesswho.cretplayer2_3__EndAround__botA.bc24,quesswho.cretplayer2_3,1,A,g_iter1,1,2000,LEVEL_SUM,2200,3700,203,30,44,238,22,0,20,509,286,52,277,239,865,221,47.3
gauntlet/20261001-113148-scrim-g_iter1/replays/quesswho.cretplayer2_3__EndAround__botA.bc24,quesswho.cretplayer2_3,0,B,cretplayer2_3,0,2000,LEVEL_SUM,2500,5200,203,4,0,402,56,0,52,875,136,20,246,242,221,865,39.3
gauntlet/20261001-113148-scrim-g_iter1/replays/winkelmantanner.waffle__Funnel__botB.bc24,winkelmantanner.waffle,0,A,waffle,0,2000,MORE_FLAG_CAPTURES,2200,3300,202,27,20,242,27,1,26,186,76,2,249,222,313,1028,37.5
gauntlet/20261001-113148-scrim-g_iter1/replays/winkelmantanner.waffle__Funnel__botB.bc24,winkelmantanner.waffle,1,B,g_iter1,1,2000,MORE_FLAG_CAPTURES,2200,4600,201,2,5,328,4,2,2,329,150,26,429,345,1028,313,46.2
gauntlet/20261001-113148-scrim-g_iter1/replays/winkelmantanner.waffle__Waterworld__botB.bc24,winkelmantanner.waffle,0,A,waffle,0,2000,LEVEL_SUM,4900,4900,404,0,0,502,17,2,15,133,58,10,224,223,380,1068,37.1
gauntlet/20261001-113148-scrim-g_iter1/replays/winkelmantanner.waffle__Waterworld__botB.bc24,winkelmantanner.waffle,1,B,g_iter1,1,2000,LEVEL_SUM,13900,18100,203,44,46,287,13,2,10,164,96,15,475,373,1068,380,45.4
