file,opp,us,team,name,won,rounds,wintype,gathered200,gathered400,firstEnemySide,inEnemy250,inEnemy300,firstFlagSight,pickups,captured,carrierDeaths,carrierRounds,carrierMoves,enemyCarrierKills,trapsBuilt,trapsHit,kills,deaths,meanAlive,postPickups,firstGrabs,regrabs,relayPickups,carrierDeathDist,damStage199,enemyRegrabs,enemyFirstGrabs
gauntlet/20261001-212327-scrim-b1z2b/losses/ColtG5.Goob_final__Joker__botB.bc24,ColtG5.Goob_final,0,A,Goob_final,1,488,CAPTURE,14500,25400,202,21,15,254,6,3,3,163,79,0,189,150,69,144,42.8,6,4,2,0,24.3,44,0,0
gauntlet/20261001-212327-scrim-b1z2b/losses/ColtG5.Goob_final__Joker__botB.bc24,ColtG5.Goob_final,1,B,b1z2b,0,488,CAPTURE,14500,16600,205,19,24,250,0,0,0,0,0,3,217,181,144,69,46.6,0,0,0,0,,41,2,4
gauntlet/20261001-212327-scrim-b1z2b/losses/ColtG5.Goob_final__SteamboatMickey__botB.bc24,ColtG5.Goob_final,0,A,Goob_final,1,628,CAPTURE,7200,18300,201,9,27,201,10,3,7,274,131,1,208,187,120,168,43.6,10,8,2,0,25.0,43,1,2
gauntlet/20261001-212327-scrim-b1z2b/losses/ColtG5.Goob_final__SteamboatMickey__botB.bc24,ColtG5.Goob_final,1,B,b1z2b,0,628,CAPTURE,7300,8200,201,16,36,201,3,1,1,116,58,7,158,158,168,120,45.3,3,2,1,0,47.0,47,2,8
gauntlet/20261001-212327-scrim-b1z2b/losses/CyrilSharma.finalBot__Bunkers__botA.bc24,CyrilSharma.finalBot,1,A,b1z2b,0,514,CAPTURE,2800,2800,201,9,2,241,0,0,0,0,0,4,68,56,82,121,44.3,0,0,0,0,,47,2,5
gauntlet/20261001-212327-scrim-b1z2b/losses/CyrilSharma.finalBot__Bunkers__botA.bc24,CyrilSharma.finalBot,0,B,finalBot,1,514,CAPTURE,2800,2800,201,20,32,220,7,3,4,174,85,0,155,137,121,82,46.2,7,5,2,0,14.8,43,0,0
gauntlet/20261001-212327-scrim-b1z2b/losses/ColtG5.Goob_final__Swoop__botB.bc24,ColtG5.Goob_final,0,A,Goob_final,1,618,CAPTURE,4300,4300,201,24,19,218,9,3,6,190,87,0,99,91,129,207,42.0,9,6,3,0,26.2,43,0,2
gauntlet/20261001-212327-scrim-b1z2b/losses/ColtG5.Goob_final__Swoop__botB.bc24,ColtG5.Goob_final,1,B,b1z2b,0,618,CAPTURE,4300,4300,201,26,23,220,2,2,0,94,46,6,93,91,207,129,45.1,2,2,0,0,,47,3,6
gauntlet/20261001-212327-scrim-b1z2b/losses/ColtG5.Goob_final__EvilGrin__botA.bc24,ColtG5.Goob_final,1,A,b1z2b,0,2000,MORE_FLAG_CAPTURES,2000,3400,243,9,12,315,0,0,0,0,0,8,256,217,1402,438,44.7,0,0,0,0,,47,2,7
gauntlet/20261001-212327-scrim-b1z2b/losses/ColtG5.Goob_final__EvilGrin__botA.bc24,ColtG5.Goob_final,0,B,Goob_final,1,2000,MORE_FLAG_CAPTURES,2000,7200,204,20,14,234,9,1,8,77,33,0,320,297,438,1402,32.9,9,7,2,0,23.8,47,0,0
gauntlet/20261001-212327-scrim-b1z2b/losses/ColtG5.Goob_final__Gated__botA.bc24,ColtG5.Goob_final,1,A,b1z2b,0,2000,MORE_FLAG_CAPTURES,1500,1900,216,2,4,247,0,0,0,0,0,13,212,195,939,452,44.5,0,0,0,0,,45,4,11
gauntlet/20261001-212327-scrim-b1z2b/losses/ColtG5.Goob_final__Gated__botA.bc24,ColtG5.Goob_final,0,B,Goob_final,1,2000,MORE_FLAG_CAPTURES,1500,2900,203,24,17,230,15,2,13,182,76,0,245,211,452,939,38.5,15,11,4,0,20.1,41,0,0
gauntlet/20261001-212327-scrim-b1z2b/losses/ColtG5.Goob_final__Ambush__botA.bc24,ColtG5.Goob_final,1,A,b1z2b,0,2000,MORE_FLAG_CAPTURES,2300,2900,201,14,15,201,1,1,0,35,14,18,259,241,1302,472,44.2,1,1,0,0,,48,7,13
gauntlet/20261001-212327-scrim-b1z2b/losses/ColtG5.Goob_final__Ambush__botA.bc24,ColtG5.Goob_final,0,B,Goob_final,1,2000,MORE_FLAG_CAPTURES,2300,5900,201,25,12,201,20,2,18,117,44,0,314,293,472,1302,34.2,20,13,7,0,8.1,47,0,1
gauntlet/20261001-212327-scrim-b1z2b/losses/CyrilSharma.finalBot__EvilGrin__botB.bc24,CyrilSharma.finalBot,0,A,finalBot,1,1683,CAPTURE,2000,6400,204,21,29,238,29,3,26,451,215,1,492,475,487,545,42.2,29,15,14,0,26.3,43,0,1
gauntlet/20261001-212327-scrim-b1z2b/losses/CyrilSharma.finalBot__EvilGrin__botB.bc24,CyrilSharma.finalBot,1,B,b1z2b,0,1683,CAPTURE,2000,2000,206,8,2,600,1,0,1,1,0,26,181,175,545,487,43.0,1,1,0,0,19.0,46,14,15
gauntlet/20261001-212327-scrim-b1z2b/losses/CyrilSharma.finalBot__Decision__botB.bc24,CyrilSharma.finalBot,0,A,finalBot,1,1299,CAPTURE,1100,1400,206,27,34,250,21,3,18,639,312,8,254,233,224,189,46.5,21,11,10,0,44.9,26,3,7
gauntlet/20261001-212327-scrim-b1z2b/losses/CyrilSharma.finalBot__Decision__botB.bc24,CyrilSharma.finalBot,1,B,b1z2b,0,1299,CAPTURE,1900,2100,202,13,11,389,10,1,8,477,223,18,124,109,189,224,45.9,10,7,3,0,39.6,39,10,11
gauntlet/20261001-212327-scrim-b1z2b/losses/CyrilSharma.finalBot__Whirlpool__botA.bc24,CyrilSharma.finalBot,1,A,b1z2b,0,871,CAPTURE,2800,3100,201,15,13,266,5,0,5,129,51,4,86,77,177,143,46.0,5,3,2,0,17.4,47,3,4
gauntlet/20261001-212327-scrim-b1z2b/losses/CyrilSharma.finalBot__Whirlpool__botA.bc24,CyrilSharma.finalBot,0,B,finalBot,1,871,CAPTURE,2800,6900,201,18,9,273,7,3,4,150,72,5,209,173,143,177,45.2,7,4,3,0,21.3,44,2,3
gauntlet/20261001-212327-scrim-b1z2b/losses/CyrilSharma.finalBot__OceanFloor__botA.bc24,CyrilSharma.finalBot,1,A,b1z2b,0,2000,MORE_FLAG_CAPTURES,1400,1400,201,11,10,239,2,0,2,3,1,11,216,198,530,579,42.9,2,1,1,0,33.0,46,7,6
gauntlet/20261001-212327-scrim-b1z2b/losses/CyrilSharma.finalBot__OceanFloor__botA.bc24,CyrilSharma.finalBot,0,B,finalBot,1,2000,MORE_FLAG_CAPTURES,1400,1400,201,26,26,214,13,2,11,173,81,2,606,577,579,530,43.5,13,6,7,0,38.7,39,1,1
gauntlet/20261001-212327-scrim-b1z2b/losses/Gymhgy.v10official__CH3353C4K3F4CT0RY__botA.bc24,Gymhgy.v10official,1,A,b1z2b,0,596,CAPTURE,13000,13200,231,6,11,290,5,0,5,191,92,7,174,166,73,90,46.4,5,4,1,0,13.6,44,2,9
gauntlet/20261001-212327-scrim-b1z2b/losses/Gymhgy.v10official__CH3353C4K3F4CT0RY__botA.bc24,Gymhgy.v10official,0,B,v10official,1,596,CAPTURE,13000,13200,202,31,28,248,41,3,7,707,150,5,208,151,90,73,47.0,38,9,2,27,18.7,45,1,4
gauntlet/20261001-212327-scrim-b1z2b/losses/Gymhgy.v10official__Backslash__botA.bc24,Gymhgy.v10official,1,A,b1z2b,0,2000,MORE_FLAG_CAPTURES,4700,13600,201,17,20,384,7,0,7,104,50,13,272,263,505,498,43.9,7,7,0,0,33.4,48,3,12
gauntlet/20261001-212327-scrim-b1z2b/losses/Gymhgy.v10official__Backslash__botA.bc24,Gymhgy.v10official,0,B,v10official,1,2000,MORE_FLAG_CAPTURES,4700,17200,201,29,32,240,54,2,13,779,103,7,471,442,498,505,43.9,51,12,3,36,21.9,47,0,7
gauntlet/20261001-212327-scrim-b1z2b/losses/Gymhgy.v10official__Asteroids__botA.bc24,Gymhgy.v10official,1,A,b1z2b,0,2000,LEVEL_SUM,800,1800,210,3,3,229,14,2,12,294,139,0,208,187,498,458,44.4,14,11,3,0,34.1,41,0,3
gauntlet/20261001-212327-scrim-b1z2b/losses/Gymhgy.v10official__Asteroids__botA.bc24,Gymhgy.v10official,0,B,v10official,1,2000,LEVEL_SUM,800,4300,212,40,35,274,20,2,0,701,59,12,354,287,458,498,43.9,17,3,0,14,,37,3,11
gauntlet/20261001-212327-scrim-b1z2b/losses/Gymhgy.v10official__Decision__botB.bc24,Gymhgy.v10official,0,A,v10official,1,584,CAPTURE,1900,1900,208,28,23,256,49,3,3,847,111,6,60,49,45,27,48.9,46,5,1,40,19.7,31,2,5
gauntlet/20261001-212327-scrim-b1z2b/losses/Gymhgy.v10official__Decision__botB.bc24,Gymhgy.v10official,1,B,b1z2b,0,584,CAPTURE,1900,1900,202,17,21,325,7,1,6,351,167,3,31,27,27,45,48.3,7,5,2,0,31.0,41,1,5
gauntlet/20261001-212327-scrim-b1z2b/losses/Gymhgy.v10official__DefaultLarge__botB.bc24,Gymhgy.v10official,0,A,v10official,1,815,CAPTURE,1800,5100,202,33,35,336,65,3,5,848,109,17,140,133,145,85,47.4,62,6,2,54,24.2,43,2,16
gauntlet/20261001-212327-scrim-b1z2b/losses/Gymhgy.v10official__DefaultLarge__botB.bc24,Gymhgy.v10official,1,B,b1z2b,0,815,CAPTURE,1800,4000,204,0,7,334,18,1,17,601,280,5,103,97,85,145,45.7,18,16,2,0,40.2,46,2,6
gauntlet/20261001-212327-scrim-b1z2b/losses/IvanGeffner.kuma__Occulus__botA.bc24,IvanGeffner.kuma,1,A,b1z2b,0,601,CAPTURE,1800,4500,201,13,0,0,0,0,0,0,0,2,99,97,75,187,42.8,0,0,0,0,,42,2,3
gauntlet/20261001-212327-scrim-b1z2b/losses/IvanGeffner.kuma__Occulus__botA.bc24,IvanGeffner.kuma,0,B,kuma,1,601,CAPTURE,1800,6900,201,20,28,257,13,3,2,115,53,0,218,180,187,75,47.1,13,3,2,8,20.0,35,0,0
gauntlet/20261001-212327-scrim-b1z2b/losses/IvanGeffner.kuma__Backslash__botA.bc24,IvanGeffner.kuma,1,A,b1z2b,0,1393,CAPTURE,4700,18600,201,29,19,245,0,0,0,0,0,2,266,259,277,528,40.9,0,0,0,0,,48,0,6
gauntlet/20261001-212327-scrim-b1z2b/losses/IvanGeffner.kuma__Backslash__botA.bc24,IvanGeffner.kuma,0,B,kuma,1,1393,CAPTURE,4700,12600,210,18,14,242,12,3,2,141,68,0,486,455,528,277,45.0,12,6,0,6,31.5,36,0,0
gauntlet/20261001-212327-scrim-b1z2b/losses/IvanGeffner.kuma__Swoop__botA.bc24,IvanGeffner.kuma,1,A,b1z2b,0,826,CAPTURE,4300,4300,201,16,18,239,0,0,0,0,0,12,102,96,124,254,42.5,0,0,0,0,,47,4,11
gauntlet/20261001-212327-scrim-b1z2b/losses/IvanGeffner.kuma__Swoop__botA.bc24,IvanGeffner.kuma,0,B,kuma,1,826,CAPTURE,4300,4300,201,27,23,221,33,3,12,168,79,0,233,215,254,124,46.4,33,11,4,18,26.6,46,0,0
gauntlet/20261001-212327-scrim-b1z2b/losses/Gymhgy.v10official__Klein__botB.bc24,Gymhgy.v10official,0,A,v10official,1,1443,CAPTURE,7700,9200,204,18,27,216,50,3,11,785,268,17,185,176,264,241,45.9,47,9,5,33,22.9,48,6,11
gauntlet/20261001-212327-scrim-b1z2b/losses/Gymhgy.v10official__Klein__botB.bc24,Gymhgy.v10official,1,B,b1z2b,0,1443,CAPTURE,6300,6300,203,14,29,280,17,0,17,321,146,11,176,160,241,264,45.6,17,11,6,0,22.5,47,5,9
gauntlet/20261001-212327-scrim-b1z2b/losses/IvanGeffner.kuma__Racetrack__botA.bc24,IvanGeffner.kuma,1,A,b1z2b,0,1601,CAPTURE,0,0,202,27,29,255,1,1,0,64,32,28,116,114,421,562,41.4,1,1,0,0,,26,20,20
gauntlet/20261001-212327-scrim-b1z2b/losses/IvanGeffner.kuma__Racetrack__botA.bc24,IvanGeffner.kuma,0,B,kuma,1,1601,CAPTURE,0,0,216,9,25,291,101,3,28,368,162,0,329,322,562,421,43.6,101,20,20,61,30.9,20,0,1
gauntlet/20261001-212327-scrim-b1z2b/losses/NotLLeon.v3__Backslash__botB.bc24,NotLLeon.v3,0,A,v3,1,1067,CAPTURE,4000,12600,205,25,16,236,49,3,31,268,102,2,264,247,294,313,42.9,49,14,20,15,29.8,48,0,3
gauntlet/20261001-212327-scrim-b1z2b/losses/NotLLeon.v3__Backslash__botB.bc24,NotLLeon.v3,1,B,b1z2b,0,1067,CAPTURE,4700,16300,201,38,26,246,3,1,2,66,31,31,204,147,313,294,43.4,3,3,0,0,20.5,48,20,14
gauntlet/20261001-212327-scrim-b1z2b/losses/NotLLeon.v3__Backslash__botA.bc24,NotLLeon.v3,1,A,b1z2b,0,2000,MORE_FLAG_CAPTURES,4700,17600,201,32,27,207,3,1,2,94,42,41,334,316,806,807,40.2,3,2,1,0,19.0,48,19,24
gauntlet/20261001-212327-scrim-b1z2b/losses/NotLLeon.v3__Backslash__botA.bc24,NotLLeon.v3,0,B,v3,1,2000,MORE_FLAG_CAPTURES,4700,9300,201,28,18,238,54,2,41,256,99,2,452,413,807,806,40.2,54,24,19,11,28.6,48,1,2
gauntlet/20261001-212327-scrim-b1z2b/losses/NotLLeon.v3__Gated__botB.bc24,NotLLeon.v3,0,A,v3,1,2000,MORE_FLAG_CAPTURES,1500,1600,209,6,7,406,53,2,27,550,234,8,337,328,574,630,42.3,53,13,16,24,19.2,37,3,5
gauntlet/20261001-212327-scrim-b1z2b/losses/NotLLeon.v3__Gated__botB.bc24,NotLLeon.v3,1,B,b1z2b,0,2000,MORE_FLAG_CAPTURES,1500,3200,202,34,28,213,8,0,8,270,124,27,227,216,630,574,43.0,8,5,3,0,19.8,42,16,13
gauntlet/20261001-212327-scrim-b1z2b/losses/NotLLeon.v3__Pancakes__botB.bc24,NotLLeon.v3,0,A,v3,1,399,CAPTURE,0,5400,211,27,20,269,9,3,1,156,70,6,90,83,46,25,48.6,9,3,1,5,12.0,47,0,7
gauntlet/20261001-212327-scrim-b1z2b/losses/NotLLeon.v3__Pancakes__botB.bc24,NotLLeon.v3,1,B,b1z2b,0,399,CAPTURE,0,3700,203,31,21,220,7,0,6,160,76,1,64,62,25,46,47.4,7,7,0,0,18.3,47,1,3
gauntlet/20261001-212327-scrim-b1z2b/losses/NotLLeon.v3__ORV__botA.bc24,NotLLeon.v3,1,A,b1z2b,0,688,CAPTURE,3200,3200,209,16,18,231,0,0,0,0,0,7,92,79,103,137,45.2,0,0,0,0,,44,5,5
gauntlet/20261001-212327-scrim-b1z2b/losses/NotLLeon.v3__ORV__botA.bc24,NotLLeon.v3,0,B,v3,1,688,CAPTURE,3200,8000,206,33,28,252,34,3,7,282,116,0,164,138,137,103,46.4,34,5,5,24,14.9,46,0,0
gauntlet/20261001-212327-scrim-b1z2b/losses/NotLLeon.v3__Waterworld__botB.bc24,NotLLeon.v3,0,A,v3,1,2000,MORE_FLAG_CAPTURES,7600,8000,272,0,0,327,73,2,66,493,218,0,235,210,476,780,40.5,73,28,40,5,23.2,24,0,0
gauntlet/20261001-212327-scrim-b1z2b/losses/NotLLeon.v3__Waterworld__botB.bc24,NotLLeon.v3,1,B,b1z2b,0,2000,MORE_FLAG_CAPTURES,13900,17700,203,22,26,363,0,0,0,0,0,66,406,367,780,476,44.3,0,0,0,0,,41,40,28
gauntlet/20261001-212327-scrim-b1z2b/losses/SampleProvider.TSPAARKSPRINT1__Snake__botB.bc24,SampleProvider.TSPAARKSPRINT1,0,A,TSPAARKSPRINT1,1,603,CAPTURE,13100,26400,203,26,21,234,22,3,16,729,246,6,104,70,63,73,46.7,19,5,14,0,27.8,36,1,6
gauntlet/20261001-212327-scrim-b1z2b/losses/SampleProvider.TSPAARKSPRINT1__Snake__botB.bc24,SampleProvider.TSPAARKSPRINT1,1,B,b1z2b,0,603,CAPTURE,13100,32600,204,35,35,235,7,0,6,323,158,16,321,261,73,63,47.5,7,6,1,0,25.0,46,14,5
gauntlet/20261001-212327-scrim-b1z2b/losses/SampleProvider.TSPAARKSPRINT1__Soccer__botB.bc24,SampleProvider.TSPAARKSPRINT1,0,A,TSPAARKSPRINT1,1,675,CAPTURE,3000,3100,202,2,28,288,19,3,13,712,236,7,60,46,68,86,46.8,16,8,8,0,27.5,36,2,7
gauntlet/20261001-212327-scrim-b1z2b/losses/SampleProvider.TSPAARKSPRINT1__Soccer__botB.bc24,SampleProvider.TSPAARKSPRINT1,1,B,b1z2b,0,675,CAPTURE,3000,3100,210,22,27,248,9,2,7,568,207,13,83,72,86,68,47.5,9,7,2,0,19.6,40,8,8
gauntlet/20261001-212327-scrim-b1z2b/losses/Strequals.duck0127v5__MIT__botB.bc24,Strequals.duck0127v5,0,A,duck0127v5,1,788,CAPTURE,7200,33900,207,21,35,272,7,3,4,341,156,6,293,259,146,103,46.8,7,5,2,0,27.5,49,1,7
gauntlet/20261001-212327-scrim-b1z2b/losses/Strequals.duck0127v5__MIT__botB.bc24,Strequals.duck0127v5,1,B,b1z2b,0,788,CAPTURE,7200,22400,206,4,8,219,8,1,6,73,29,4,298,240,103,146,45.6,8,7,1,0,17.8,48,2,5
gauntlet/20261001-212327-scrim-b1z2b/losses/SampleProvider.TSPAARKSPRINT1__Waterworld__botA.bc24,SampleProvider.TSPAARKSPRINT1,1,A,b1z2b,0,1295,CAPTURE,13900,16100,209,45,46,230,27,2,25,480,227,24,259,255,460,123,47.7,27,19,8,0,21.0,36,17,10
gauntlet/20261001-212327-scrim-b1z2b/losses/SampleProvider.TSPAARKSPRINT1__Waterworld__botA.bc24,SampleProvider.TSPAARKSPRINT1,0,B,TSPAARKSPRINT1,1,1295,CAPTURE,13900,21900,203,0,21,284,30,3,24,812,291,25,62,57,123,460,41.3,27,10,17,0,21.9,32,8,19
gauntlet/20261001-212327-scrim-b1z2b/losses/Strequals.duck0127v5__Canals__botA.bc24,Strequals.duck0127v5,1,A,b1z2b,0,975,CAPTURE,4600,4600,225,15,13,261,3,0,3,11,3,17,132,128,129,382,40.6,3,3,0,0,17.0,47,8,12
gauntlet/20261001-212327-scrim-b1z2b/losses/Strequals.duck0127v5__Canals__botA.bc24,Strequals.duck0127v5,0,B,duck0127v5,1,975,CAPTURE,4600,6100,205,13,32,281,20,3,17,248,118,3,400,354,382,129,46.8,20,12,8,0,31.4,45,0,3
gauntlet/20261001-212327-scrim-b1z2b/losses/andli28.v9_USQuals_angle__Canals__botA.bc24,andli28.v9_USQuals_angle,1,A,b1z2b,0,507,CAPTURE,4600,4600,209,0,1,0,0,0,0,0,0,10,88,82,42,84,46.1,0,0,0,0,,47,7,6
gauntlet/20261001-212327-scrim-b1z2b/losses/andli28.v9_USQuals_angle__Canals__botA.bc24,andli28.v9_USQuals_angle,0,B,v9_USQuals_angle,1,507,CAPTURE,4600,6300,205,29,29,313,13,3,10,232,110,0,157,130,84,42,48.0,13,6,7,0,20.2,44,0,0
gauntlet/20261001-212327-scrim-b1z2b/losses/Strequals.duck0127v5__Divergent__botB.bc24,Strequals.duck0127v5,0,A,duck0127v5,1,2000,LEVEL_SUM,3700,3700,276,0,2,328,29,0,28,316,154,17,275,217,389,257,46.9,29,23,6,0,24.2,31,2,15
gauntlet/20261001-212327-scrim-b1z2b/losses/Strequals.duck0127v5__Divergent__botB.bc24,Strequals.duck0127v5,1,B,b1z2b,0,2000,LEVEL_SUM,3700,3700,203,25,31,302,17,0,17,87,35,28,229,209,257,389,45.3,17,15,2,0,27.1,47,6,23
gauntlet/20261001-212327-scrim-b1z2b/losses/Strequals.duck0127v5__MazeRunner__botA.bc24,Strequals.duck0127v5,1,A,b1z2b,0,2000,MORE_FLAG_CAPTURES,2600,6200,207,23,22,328,21,1,18,216,111,21,221,202,266,420,44.9,21,14,7,0,26.2,42,7,17
gauntlet/20261001-212327-scrim-b1z2b/losses/Strequals.duck0127v5__MazeRunner__botA.bc24,Strequals.duck0127v5,0,B,duck0127v5,1,2000,MORE_FLAG_CAPTURES,2600,4400,210,3,8,328,24,2,21,504,313,18,384,372,420,266,46.8,24,17,7,0,25.5,19,7,14
gauntlet/20261001-212327-scrim-b1z2b/losses/andli28.v9_USQuals_angle__Battlecode24__botB.bc24,andli28.v9_USQuals_angle,0,A,v9_USQuals_angle,1,1929,CAPTURE,12100,24400,208,18,11,281,19,3,16,170,89,1,550,453,573,322,45.9,19,11,8,0,24.6,30,0,1
gauntlet/20261001-212327-scrim-b1z2b/losses/andli28.v9_USQuals_angle__Battlecode24__botB.bc24,andli28.v9_USQuals_angle,1,B,b1z2b,0,1929,CAPTURE,12400,17200,202,35,31,226,1,0,1,1,0,16,337,297,322,573,42.8,1,1,0,0,18.0,26,8,11
gauntlet/20261001-212327-scrim-b1z2b/losses/Strequals.duck0127v5__Rainbow__botA.bc24,Strequals.duck0127v5,1,A,b1z2b,0,2000,MORE_FLAG_CAPTURES,6000,6000,201,27,28,297,5,0,5,163,67,2,247,228,249,613,42.5,5,4,1,0,16.8,46,0,4
gauntlet/20261001-212327-scrim-b1z2b/losses/Strequals.duck0127v5__Rainbow__botA.bc24,Strequals.duck0127v5,0,B,duck0127v5,1,2000,MORE_FLAG_CAPTURES,6000,6000,201,10,31,290,4,2,2,186,89,5,428,375,613,249,46.9,4,4,0,0,29.5,38,1,4
gauntlet/20261001-212327-scrim-b1z2b/losses/andli28.v9_USQuals_angle__EvilGrin__botB.bc24,andli28.v9_USQuals_angle,0,A,v9_USQuals_angle,1,1137,CAPTURE,2000,6800,205,12,25,280,23,3,20,167,73,6,433,360,414,199,45.7,23,8,15,0,17.7,39,2,4
gauntlet/20261001-212327-scrim-b1z2b/losses/andli28.v9_USQuals_angle__EvilGrin__botB.bc24,andli28.v9_USQuals_angle,1,B,b1z2b,0,1137,CAPTURE,2000,3400,204,22,13,307,6,0,6,22,8,20,127,123,199,414,41.2,6,4,2,0,20.7,46,15,8
gauntlet/20261001-212327-scrim-b1z2b/losses/andli28.v9_USQuals_angle__HeMustBeFreed__botB.bc24,andli28.v9_USQuals_angle,0,A,v9_USQuals_angle,1,2000,LEVEL_SUM,2500,12000,203,19,18,302,29,1,27,1711,877,2,356,329,404,251,46.9,29,15,14,0,44.9,30,0,4
gauntlet/20261001-212327-scrim-b1z2b/losses/andli28.v9_USQuals_angle__HeMustBeFreed__botB.bc24,andli28.v9_USQuals_angle,1,B,b1z2b,0,2000,LEVEL_SUM,5900,9300,201,28,30,236,4,1,2,1052,591,27,211,195,251,404,45.1,4,4,0,0,17.5,33,14,15
gauntlet/20261001-212327-scrim-b1z2b/losses/andrewgopher.player22__StackGame__botB.bc24,andrewgopher.player22,0,A,player22,1,440,CAPTURE,4600,4600,201,25,32,229,12,3,6,105,46,0,88,74,93,124,43.4,9,5,4,0,16.3,45,0,0
gauntlet/20261001-212327-scrim-b1z2b/losses/andrewgopher.player22__StackGame__botB.bc24,andrewgopher.player22,1,B,b1z2b,0,440,CAPTURE,4600,4600,201,0,0,378,0,0,0,0,0,6,83,73,124,93,45.0,0,0,0,0,,42,4,5
gauntlet/20261001-212327-scrim-b1z2b/losses/andrewgopher.player22__ORV__botA.bc24,andrewgopher.player22,1,A,b1z2b,0,820,CAPTURE,3200,3800,204,7,0,271,1,0,1,46,15,14,111,108,316,279,41.8,1,1,0,0,10.0,48,5,12
gauntlet/20261001-212327-scrim-b1z2b/losses/andrewgopher.player22__ORV__botA.bc24,andrewgopher.player22,0,B,player22,1,820,CAPTURE,3200,7400,206,28,36,240,20,3,14,248,113,1,157,140,279,316,40.6,17,12,5,0,23.6,41,0,1
gauntlet/20261001-212327-scrim-b1z2b/losses/andrewgopher.player22__Digging__botB.bc24,andrewgopher.player22,0,A,player22,1,1504,CAPTURE,700,2400,205,25,30,247,20,3,14,218,102,0,397,377,968,650,39.5,17,9,8,0,20.6,38,0,0
gauntlet/20261001-212327-scrim-b1z2b/losses/andrewgopher.player22__Digging__botB.bc24,andrewgopher.player22,1,B,b1z2b,0,1504,CAPTURE,700,1800,376,0,0,443,0,0,0,0,0,14,169,168,650,968,34.4,0,0,0,0,,46,8,9
gauntlet/20261001-212327-scrim-b1z2b/losses/andrewgopher.player22__Mountain__botA.bc24,andrewgopher.player22,1,A,b1z2b,0,2000,MORE_FLAG_CAPTURES,4100,5000,202,0,2,274,3,0,3,76,37,3,249,236,811,640,42.2,3,3,0,0,14.7,44,0,4
gauntlet/20261001-212327-scrim-b1z2b/losses/andrewgopher.player22__Mountain__botA.bc24,andrewgopher.player22,0,B,player22,1,2000,MORE_FLAG_CAPTURES,4100,5900,201,22,26,242,7,1,3,47,20,3,215,208,640,811,40.1,4,4,0,0,27.0,42,0,3
gauntlet/20261001-212327-scrim-b1z2b/losses/andli28.v9_USQuals_angle__Valentine__botA.bc24,andli28.v9_USQuals_angle,1,A,b1z2b,0,2000,MORE_FLAG_CAPTURES,1800,3200,211,11,11,275,6,0,6,69,28,21,232,217,369,457,44.4,6,6,0,0,35.2,47,10,13
gauntlet/20261001-212327-scrim-b1z2b/losses/andli28.v9_USQuals_angle__Valentine__botA.bc24,andli28.v9_USQuals_angle,0,B,v9_USQuals_angle,1,2000,MORE_FLAG_CAPTURES,1800,5200,211,13,14,247,23,1,21,1406,756,6,482,430,457,369,45.5,23,13,10,0,36.3,45,0,6
gauntlet/20261001-212327-scrim-b1z2b/losses/andrewgopher.player22__TwistedTreeline__botB.bc24,andrewgopher.player22,0,A,player22,1,1630,CAPTURE,2400,2400,202,23,18,247,23,3,16,558,268,9,180,171,410,742,38.9,20,16,3,1,27.6,41,1,10
gauntlet/20261001-212327-scrim-b1z2b/losses/andrewgopher.player22__TwistedTreeline__botB.bc24,andrewgopher.player22,1,B,b1z2b,0,1630,CAPTURE,2400,2400,202,13,8,258,11,2,9,229,106,16,248,231,742,410,43.9,11,10,1,0,28.3,46,3,16
gauntlet/20261001-212327-scrim-b1z2b/losses/chenyx512.flagbot_final__AceOfSpades__botB.bc24,chenyx512.flagbot_final,0,A,flagbot_final,1,544,CAPTURE,1800,18900,203,17,4,218,11,3,5,802,305,4,287,230,131,17,49.0,8,5,3,0,16.2,40,1,4
gauntlet/20261001-212327-scrim-b1z2b/losses/chenyx512.flagbot_final__AceOfSpades__botB.bc24,chenyx512.flagbot_final,1,B,b1z2b,0,544,CAPTURE,1800,2700,202,35,27,225,5,1,4,59,27,5,75,71,17,131,44.2,5,4,1,0,24.5,42,3,5
gauntlet/20261001-212327-scrim-b1z2b/losses/clbarrell.duck8__AceOfSpades__botB.bc24,clbarrell.duck8,0,A,duck8,1,384,CAPTURE,1800,19500,205,14,30,226,6,3,3,183,81,1,235,147,56,52,46.8,6,3,3,0,6.0,43,0,2
gauntlet/20261001-212327-scrim-b1z2b/losses/clbarrell.duck8__AceOfSpades__botB.bc24,clbarrell.duck8,1,B,b1z2b,0,384,CAPTURE,1800,2100,206,24,21,216,2,1,1,108,42,3,59,53,52,56,46.7,2,2,0,0,6.0,44,3,3
gauntlet/20261001-212327-scrim-b1z2b/losses/chenyx512.flagbot_final__Divergent__botB.bc24,chenyx512.flagbot_final,0,A,flagbot_final,1,2000,MORE_FLAG_CAPTURES,3700,3700,207,13,24,389,5,2,0,781,342,0,630,536,1025,164,48.0,2,2,0,0,,41,0,0
gauntlet/20261001-212327-scrim-b1z2b/losses/chenyx512.flagbot_final__Divergent__botB.bc24,chenyx512.flagbot_final,1,B,b1z2b,0,2000,MORE_FLAG_CAPTURES,3700,3700,206,0,0,1709,0,0,0,0,0,0,230,212,164,1025,37.4,0,0,0,0,,44,0,2
gauntlet/20261001-212327-scrim-b1z2b/losses/chenyx512.flagbot_final__Skyline__botB.bc24,chenyx512.flagbot_final,0,A,flagbot_final,1,1159,CAPTURE,21600,21600,204,5,21,300,15,3,9,757,311,6,641,507,745,89,48.0,12,7,5,0,21.2,47,0,8
gauntlet/20261001-212327-scrim-b1z2b/losses/chenyx512.flagbot_final__Skyline__botB.bc24,chenyx512.flagbot_final,1,B,b1z2b,0,1159,CAPTURE,21600,21600,201,14,16,331,8,2,6,165,71,9,300,290,89,745,34.5,8,8,0,0,23.0,47,5,7
gauntlet/20261001-212327-scrim-b1z2b/losses/chenyx512.flagbot_final__Racetrack__botA.bc24,chenyx512.flagbot_final,1,A,b1z2b,0,1228,CAPTURE,0,0,202,23,37,0,0,0,0,0,0,19,90,88,148,572,38.8,0,0,0,0,,24,12,10
gauntlet/20261001-212327-scrim-b1z2b/losses/chenyx512.flagbot_final__Racetrack__botA.bc24,chenyx512.flagbot_final,0,B,flagbot_final,1,1228,CAPTURE,0,0,211,1,0,492,25,3,19,908,352,0,234,187,572,148,47.0,22,10,12,0,30.7,16,0,0
gauntlet/20261001-212327-scrim-b1z2b/losses/chenyx512.flagbot_final__Swoop__botA.bc24,chenyx512.flagbot_final,1,A,b1z2b,0,905,CAPTURE,4300,4300,201,19,14,242,15,2,13,306,148,8,114,111,45,321,41.3,15,13,2,0,28.5,47,2,9
gauntlet/20261001-212327-scrim-b1z2b/losses/chenyx512.flagbot_final__Swoop__botA.bc24,chenyx512.flagbot_final,0,B,flagbot_final,1,905,CAPTURE,4300,4300,201,26,22,333,14,3,8,816,352,13,259,224,321,45,48.7,11,9,2,0,24.9,47,2,13
gauntlet/20261001-212327-scrim-b1z2b/losses/chenyx512.flagbot_final__Tunnels__botB.bc24,chenyx512.flagbot_final,0,A,flagbot_final,1,2000,MORE_FLAG_CAPTURES,2400,3600,203,0,0,780,40,2,35,877,299,0,513,432,573,379,45.3,37,10,27,0,10.1,36,0,0
gauntlet/20261001-212327-scrim-b1z2b/losses/chenyx512.flagbot_final__Tunnels__botB.bc24,chenyx512.flagbot_final,1,B,b1z2b,0,2000,MORE_FLAG_CAPTURES,2400,3000,243,2,0,0,0,0,0,0,0,35,218,207,379,573,43.0,0,0,0,0,,35,27,10
gauntlet/20261001-212327-scrim-b1z2b/losses/hsmalladi.finalbot__AceOfSpades__botA.bc24,hsmalladi.finalbot,1,A,b1z2b,0,318,CAPTURE,1800,2700,202,16,9,0,0,0,0,0,0,2,56,51,18,39,47.3,0,0,0,0,,39,1,4
gauntlet/20261001-212327-scrim-b1z2b/losses/hsmalladi.finalbot__AceOfSpades__botA.bc24,hsmalladi.finalbot,0,B,finalbot,1,318,CAPTURE,1800,18900,206,39,20,220,12,3,2,769,144,0,196,151,39,18,48.4,9,4,1,4,18.5,44,0,0
gauntlet/20261001-212327-scrim-b1z2b/losses/dmtrung14.defaultplayer_intlqualifier__KingQuacksCastle__botB.bc24,dmtrung14.defaultplayer_intlqualifier,0,A,defaultplayer_intlqualifier,1,476,CAPTURE,1600,4000,204,17,30,242,36,3,1,372,79,5,48,46,23,117,43.8,33,3,1,29,2.0,48,2,4
gauntlet/20261001-212327-scrim-b1z2b/losses/dmtrung14.defaultplayer_intlqualifier__KingQuacksCastle__botB.bc24,dmtrung14.defaultplayer_intlqualifier,1,B,b1z2b,0,476,CAPTURE,1600,3300,204,22,18,241,6,1,5,149,72,1,49,40,117,23,48.8,6,4,2,0,24.0,48,1,3
gauntlet/20261001-212327-scrim-b1z2b/losses/clbarrell.duck8__QuestionableChess__botB.bc24,clbarrell.duck8,0,A,duck8,1,1418,CAPTURE,0,0,201,27,18,208,25,3,22,333,141,1,192,169,366,617,39.5,25,11,14,0,18.7,20,0,2
gauntlet/20261001-212327-scrim-b1z2b/losses/clbarrell.duck8__QuestionableChess__botB.bc24,clbarrell.duck8,1,B,b1z2b,0,1418,CAPTURE,0,0,202,11,1,541,2,1,1,76,37,22,136,122,617,366,43.7,2,2,0,0,8.0,43,14,11
gauntlet/20261001-212327-scrim-b1z2b/losses/clbarrell.duck8__GaltonBoard__botB.bc24,clbarrell.duck8,0,A,duck8,1,2000,MORE_FLAG_CAPTURES,0,36600,201,8,3,260,5,1,4,51,23,0,563,483,532,1024,37.6,5,2,3,0,24.5,38,0,0
gauntlet/20261001-212327-scrim-b1z2b/losses/clbarrell.duck8__GaltonBoard__botB.bc24,clbarrell.duck8,1,B,b1z2b,0,2000,MORE_FLAG_CAPTURES,0,1200,205,19,0,269,0,0,0,0,0,4,224,209,1024,532,43.5,0,0,0,0,,42,3,2
gauntlet/20261001-212327-scrim-b1z2b/losses/hsmalladi.finalbot__Fountain__botB.bc24,hsmalladi.finalbot,0,A,finalbot,1,1768,CAPTURE,1500,2500,219,9,9,453,35,3,25,823,268,10,214,209,475,654,41.0,32,8,20,4,17.4,45,1,9
gauntlet/20261001-212327-scrim-b1z2b/losses/hsmalladi.finalbot__Fountain__botB.bc24,hsmalladi.finalbot,1,B,b1z2b,0,1768,CAPTURE,1700,2900,207,15,17,335,10,0,10,605,285,25,180,175,654,475,43.5,10,9,1,0,14.4,46,20,8
gauntlet/20261001-212327-scrim-b1z2b/losses/hsmalladi.finalbot__WheresMyWater__botA.bc24,hsmalladi.finalbot,1,A,b1z2b,0,400,CAPTURE,3000,3600,201,0,10,201,1,1,0,14,7,1,54,50,49,50,47.0,1,1,0,0,,42,0,4
gauntlet/20261001-212327-scrim-b1z2b/losses/hsmalladi.finalbot__WheresMyWater__botA.bc24,hsmalladi.finalbot,0,B,finalbot,1,400,CAPTURE,3000,5700,201,17,27,201,8,3,1,727,178,0,64,58,50,49,47.2,5,4,0,1,17.0,44,0,1
gauntlet/20261001-212327-scrim-b1z2b/losses/hsmalladi.finalbot__HeMustBeFreed__botB.bc24,hsmalladi.finalbot,0,A,finalbot,1,2000,MORE_FLAG_CAPTURES,5900,13500,201,24,29,661,22,2,15,993,199,8,295,286,272,332,45.9,19,8,9,2,45.7,40,0,9
gauntlet/20261001-212327-scrim-b1z2b/losses/hsmalladi.finalbot__HeMustBeFreed__botB.bc24,hsmalladi.finalbot,1,B,b1z2b,0,2000,MORE_FLAG_CAPTURES,5900,6300,201,10,18,323,9,1,8,1274,666,15,205,200,332,272,46.7,9,9,0,0,32.9,37,9,8
gauntlet/20261001-212327-scrim-b1z2b/losses/hsmalladi.finalbot__ORV__botB.bc24,hsmalladi.finalbot,0,A,finalbot,1,976,CAPTURE,3200,5900,217,14,11,278,47,3,19,1056,312,3,145,140,215,282,42.9,44,13,10,21,18.1,46,0,4
gauntlet/20261001-212327-scrim-b1z2b/losses/hsmalladi.finalbot__ORV__botB.bc24,hsmalladi.finalbot,1,B,b1z2b,0,976,CAPTURE,3200,5300,204,22,12,243,4,1,3,77,36,19,161,156,282,215,44.7,4,4,0,0,18.3,48,10,13
gauntlet/20261001-212327-scrim-b1z2b/losses/hsmalladi.finalbot__WheresMyWater__botB.bc24,hsmalladi.finalbot,0,A,finalbot,1,1163,CAPTURE,3000,3900,201,11,20,202,30,3,16,886,238,5,156,151,337,405,41.5,27,9,10,8,14.6,44,1,5
gauntlet/20261001-212327-scrim-b1z2b/losses/hsmalladi.finalbot__WheresMyWater__botB.bc24,hsmalladi.finalbot,1,B,b1z2b,0,1163,CAPTURE,3000,4500,201,6,6,480,6,1,5,69,29,16,207,203,405,337,43.1,6,5,1,0,15.0,43,10,9
gauntlet/20261001-212327-scrim-b1z2b/losses/jmerle.camel_case_v21_final__Battlecode24__botA.bc24,jmerle.camel_case_v21_final,1,A,b1z2b,0,688,CAPTURE,12400,16400,203,2,0,333,1,0,1,4,2,3,206,188,213,257,40.9,1,1,0,0,16.0,28,1,5
gauntlet/20261001-212327-scrim-b1z2b/losses/jmerle.camel_case_v21_final__Battlecode24__botA.bc24,jmerle.camel_case_v21_final,0,B,camel_case_v21_final,1,688,CAPTURE,9600,23400,202,31,30,241,6,3,3,182,87,1,343,329,257,213,42.6,6,5,1,0,29.7,33,0,1
gauntlet/20261001-212327-scrim-b1z2b/losses/jmerle.camel_case_v21_final__Canals__botA.bc24,jmerle.camel_case_v21_final,1,A,b1z2b,0,716,CAPTURE,4600,5300,210,0,0,516,1,0,1,3,1,9,113,108,233,291,40.2,1,1,0,0,16.0,47,1,11
gauntlet/20261001-212327-scrim-b1z2b/losses/jmerle.camel_case_v21_final__Canals__botA.bc24,jmerle.camel_case_v21_final,0,B,camel_case_v21_final,1,716,CAPTURE,4600,5600,202,30,40,237,12,3,9,307,149,1,196,192,291,233,42.2,12,11,1,0,27.1,47,0,1
gauntlet/20261001-212327-scrim-b1z2b/losses/jmerle.camel_case_v21_final__StackGame__botA.bc24,jmerle.camel_case_v21_final,1,A,b1z2b,0,389,CAPTURE,4600,4600,260,0,5,276,2,0,2,6,2,1,79,73,74,101,43.9,2,1,1,0,11.0,40,1,3
gauntlet/20261001-212327-scrim-b1z2b/losses/jmerle.camel_case_v21_final__StackGame__botA.bc24,jmerle.camel_case_v21_final,0,B,camel_case_v21_final,1,389,CAPTURE,4600,4600,202,38,26,237,4,3,1,136,68,2,102,93,101,74,45.6,4,3,1,0,15.0,47,1,1
gauntlet/20261001-212327-scrim-b1z2b/losses/jmerle.camel_case_v21_final__Swoop__botA.bc24,jmerle.camel_case_v21_final,1,A,b1z2b,0,474,CAPTURE,4300,4300,201,22,18,245,4,0,4,116,56,3,68,58,95,119,43.8,4,4,0,0,14.8,47,1,5
gauntlet/20261001-212327-scrim-b1z2b/losses/jmerle.camel_case_v21_final__Swoop__botA.bc24,jmerle.camel_case_v21_final,0,B,camel_case_v21_final,1,474,CAPTURE,4300,4300,201,35,9,225,6,3,3,189,91,4,108,107,119,95,45.3,6,5,1,0,26.3,49,0,4
gauntlet/20261001-212327-scrim-b1z2b/losses/jmerle.camel_case_v21_final__Fountain__botA.bc24,jmerle.camel_case_v21_final,1,A,b1z2b,0,480,CAPTURE,1700,2900,207,0,14,266,3,0,3,10,4,2,55,50,135,81,45.8,3,2,1,0,13.7,44,1,4
gauntlet/20261001-212327-scrim-b1z2b/losses/jmerle.camel_case_v21_final__Fountain__botA.bc24,jmerle.camel_case_v21_final,0,B,camel_case_v21_final,1,480,CAPTURE,1300,2100,214,27,28,247,5,3,2,169,83,3,36,36,81,135,43.3,5,4,1,0,18.5,43,1,2
gauntlet/20261001-212327-scrim-b1z2b/losses/jmerle.camel_case_v21_final__YearOfTheDragon__botA.bc24,jmerle.camel_case_v21_final,1,A,b1z2b,0,548,CAPTURE,10800,10800,201,9,13,270,5,0,5,43,14,3,151,141,149,140,43.7,5,2,3,0,14.2,44,3,3
gauntlet/20261001-212327-scrim-b1z2b/losses/jmerle.camel_case_v21_final__YearOfTheDragon__botA.bc24,jmerle.camel_case_v21_final,0,B,camel_case_v21_final,1,548,CAPTURE,10800,10800,201,12,21,225,6,3,3,185,90,5,191,185,140,149,43.6,6,3,3,0,20.0,39,3,2
gauntlet/20261001-212327-scrim-b1z2b/losses/quesswho.cretplayer2_3__AceOfSpades__botA.bc24,quesswho.cretplayer2_3,1,A,b1z2b,0,662,CAPTURE,1800,2400,202,20,19,216,16,0,13,338,135,1,87,77,128,152,44.5,16,13,3,0,20.6,45,0,4
gauntlet/20261001-212327-scrim-b1z2b/losses/quesswho.cretplayer2_3__AceOfSpades__botA.bc24,quesswho.cretplayer2_3,0,B,cretplayer2_3,1,662,CAPTURE,1800,19200,202,32,37,223,7,3,1,958,183,13,268,250,152,128,44.6,4,4,0,0,18.0,39,3,13
gauntlet/20261001-212327-scrim-b1z2b/losses/quesswho.cretplayer2_3__ORV__botA.bc24,quesswho.cretplayer2_3,1,A,b1z2b,0,1248,CAPTURE,3200,3800,206,19,26,246,12,1,11,333,151,15,170,135,400,410,42.0,12,12,0,0,21.5,45,14,4
gauntlet/20261001-212327-scrim-b1z2b/losses/quesswho.cretplayer2_3__ORV__botA.bc24,quesswho.cretplayer2_3,0,B,cretplayer2_3,1,1248,CAPTURE,3200,7400,203,31,2,230,21,3,15,1531,327,11,241,230,410,400,41.8,18,4,14,0,13.3,35,0,12
gauntlet/20261001-212327-scrim-b1z2b/losses/kyleezz.jeeryfix3__Klein__botB.bc24,kyleezz.jeeryfix3,0,A,jeeryfix3,1,2000,MORE_FLAG_CAPTURES,6300,7200,202,14,12,204,20,2,18,212,94,4,245,235,471,1203,35.4,20,11,9,0,23.4,50,3,2
gauntlet/20261001-212327-scrim-b1z2b/losses/kyleezz.jeeryfix3__Klein__botB.bc24,kyleezz.jeeryfix3,1,B,b1z2b,0,2000,MORE_FLAG_CAPTURES,6600,6600,203,25,16,418,5,1,4,123,58,18,348,318,1203,471,44.3,5,2,3,0,14.5,45,9,11
gauntlet/20261001-212327-scrim-b1z2b/losses/winkelmantanner.waffle__Mountain__botB.bc24,winkelmantanner.waffle,0,A,waffle,1,1289,CAPTURE,4100,5600,203,7,14,213,17,3,14,353,165,1,185,183,279,635,37.9,17,7,10,0,19.2,33,1,1
gauntlet/20261001-212327-scrim-b1z2b/losses/winkelmantanner.waffle__Mountain__botB.bc24,winkelmantanner.waffle,1,B,b1z2b,0,1289,CAPTURE,4100,5000,201,11,6,225,2,0,1,39,15,14,193,162,635,279,44.8,2,1,1,0,14.0,45,10,7
gauntlet/20261001-212327-scrim-b1z2b/losses/winkelmantanner.waffle__Islands__botB.bc24,winkelmantanner.waffle,0,A,waffle,1,700,CAPTURE,5800,5800,201,15,5,224,28,3,25,341,165,0,117,109,84,254,41.2,28,7,21,0,12.8,41,0,2
gauntlet/20261001-212327-scrim-b1z2b/losses/winkelmantanner.waffle__Islands__botB.bc24,winkelmantanner.waffle,1,B,b1z2b,0,700,CAPTURE,5800,5800,201,15,29,234,2,2,0,88,44,25,138,110,254,84,47.1,2,2,0,0,,47,21,7
gauntlet/20261001-212327-scrim-b1z2b/losses/winkelmantanner.waffle__Funnel__botB.bc24,winkelmantanner.waffle,0,A,waffle,1,1444,CAPTURE,2200,4100,202,18,26,264,13,3,10,344,163,5,224,196,255,505,41.4,13,6,7,0,43.2,34,1,5
gauntlet/20261001-212327-scrim-b1z2b/losses/winkelmantanner.waffle__Funnel__botB.bc24,winkelmantanner.waffle,1,B,b1z2b,0,1444,CAPTURE,2200,3800,201,18,18,272,6,1,5,342,165,10,248,213,505,255,45.7,6,5,1,0,28.8,40,7,6
gauntlet/20261001-212327-scrim-b1z2b/losses/winkelmantanner.waffle__Puzzle__botA.bc24,winkelmantanner.waffle,1,A,b1z2b,0,589,CAPTURE,0,10800,207,24,22,262,3,0,3,82,39,14,130,124,129,77,46.8,3,3,0,0,18.0,42,8,9
gauntlet/20261001-212327-scrim-b1z2b/losses/winkelmantanner.waffle__Puzzle__botA.bc24,winkelmantanner.waffle,0,B,waffle,1,589,CAPTURE,0,12200,203,14,27,252,17,3,14,272,127,3,179,173,77,129,44.6,17,9,8,0,26.3,26,0,3
gauntlet/20261001-212327-scrim-b1z2b/replays/SampleProvider.TSPAARKSPRINT1__Foxes__botB.bc24,SampleProvider.TSPAARKSPRINT1,0,A,TSPAARKSPRINT1,0,2000,LEVEL_SUM,7500,7500,202,26,40,263,47,1,42,1476,695,31,168,155,264,596,42.7,44,20,24,0,18.8,28,13,20
gauntlet/20261001-212327-scrim-b1z2b/replays/SampleProvider.TSPAARKSPRINT1__Foxes__botB.bc24,SampleProvider.TSPAARKSPRINT1,1,B,b1z2b,1,2000,LEVEL_SUM,7500,7500,202,32,27,224,33,1,31,956,430,42,351,335,596,264,46.8,33,20,13,0,26.0,36,24,20
gauntlet/20261001-212327-scrim-b1z2b/replays/SampleProvider.TSPAARKSPRINT1__QuestionableChess__botB.bc24,SampleProvider.TSPAARKSPRINT1,0,A,TSPAARKSPRINT1,0,1070,CAPTURE,0,0,201,22,17,244,26,1,22,768,282,31,23,23,92,257,44.1,23,17,6,0,19.7,44,5,29
gauntlet/20261001-212327-scrim-b1z2b/replays/SampleProvider.TSPAARKSPRINT1__QuestionableChess__botB.bc24,SampleProvider.TSPAARKSPRINT1,1,B,b1z2b,1,1070,CAPTURE,0,0,203,22,21,231,34,3,31,703,329,22,107,97,257,92,47.9,34,29,5,0,21.1,40,6,17
gauntlet/20261001-212327-scrim-b1z2b/replays/IvanGeffner.kuma__EndAround__botA.bc24,IvanGeffner.kuma,1,A,b1z2b,1,2000,LEVEL_SUM,2200,5200,204,19,27,527,0,0,0,0,0,26,239,191,346,479,44.1,0,0,0,0,,47,17,14
gauntlet/20261001-212327-scrim-b1z2b/replays/IvanGeffner.kuma__EndAround__botA.bc24,IvanGeffner.kuma,0,B,kuma,0,2000,LEVEL_SUM,2500,5800,206,7,16,313,66,0,26,214,88,0,492,469,479,346,45.8,66,14,17,35,19.4,45,0,0
gauntlet/20261001-212327-scrim-b1z2b/losses/winkelmantanner.waffle__Tunnels__botB.bc24,winkelmantanner.waffle,0,A,waffle,1,2000,MORE_FLAG_CAPTURES,2400,3000,204,6,16,264,6,2,4,102,48,0,247,234,362,928,38.7,6,2,4,0,17.8,33,0,1
gauntlet/20261001-212327-scrim-b1z2b/losses/winkelmantanner.waffle__Tunnels__botB.bc24,winkelmantanner.waffle,1,B,b1z2b,0,2000,MORE_FLAG_CAPTURES,2400,3600,203,0,0,393,1,1,0,38,19,4,230,221,928,362,45.6,1,1,0,0,,33,4,2
gauntlet/20261001-212327-scrim-b1z2b/replays/CyrilSharma.finalBot__Racetrack__botB.bc24,CyrilSharma.finalBot,0,A,finalBot,0,2000,LEVEL_SUM,0,0,203,1,1,609,15,2,13,147,60,9,257,251,476,833,39.9,15,4,11,0,32.7,27,3,8
gauntlet/20261001-212327-scrim-b1z2b/replays/CyrilSharma.finalBot__Racetrack__botB.bc24,CyrilSharma.finalBot,1,B,b1z2b,1,2000,LEVEL_SUM,0,0,206,3,16,398,11,2,9,209,122,13,247,218,833,476,44.2,11,8,3,0,32.8,28,11,4
gauntlet/20261001-212327-scrim-b1z2b/replays/SampleProvider.TSPAARKSPRINT1__WheresMyWater__botA.bc24,SampleProvider.TSPAARKSPRINT1,1,A,b1z2b,1,1587,CAPTURE,3000,3900,201,20,11,201,17,3,14,295,140,45,222,209,797,107,48.3,17,12,5,0,17.6,45,20,26
gauntlet/20261001-212327-scrim-b1z2b/replays/SampleProvider.TSPAARKSPRINT1__WheresMyWater__botA.bc24,SampleProvider.TSPAARKSPRINT1,0,B,TSPAARKSPRINT1,0,1587,CAPTURE,3000,6300,201,8,9,213,49,1,45,921,370,14,59,59,107,797,37.9,46,26,20,0,14.3,45,5,12
gauntlet/20261001-212327-scrim-b1z2b/replays/andli28.v9_USQuals_angle__Joker__botB.bc24,andli28.v9_USQuals_angle,0,A,v9_USQuals_angle,0,2000,LEVEL_SUM,14500,23800,205,23,28,310,27,1,26,306,141,19,605,541,561,299,46.4,27,15,12,0,20.0,39,3,17
gauntlet/20261001-212327-scrim-b1z2b/replays/andli28.v9_USQuals_angle__Joker__botB.bc24,andli28.v9_USQuals_angle,1,B,b1z2b,1,2000,LEVEL_SUM,14500,18500,202,19,29,217,20,1,19,531,258,26,392,366,299,561,43.1,20,17,3,0,20.7,43,12,15
gauntlet/20261001-212327-scrim-b1z2b/replays/awu7.ExplosiveBot__BedWars__botA.bc24,awu7.ExplosiveBot,1,A,b1z2b,1,786,CAPTURE,2400,3400,212,3,11,299,7,3,4,181,86,1,52,32,175,35,48.9,7,3,4,0,15.5,50,0,1
gauntlet/20261001-212327-scrim-b1z2b/replays/awu7.ExplosiveBot__BedWars__botA.bc24,awu7.ExplosiveBot,0,B,ExplosiveBot,0,786,CAPTURE,2400,2600,212,1,0,391,1,0,1,0,0,4,26,19,35,175,44.8,1,1,0,0,15.0,47,4,3
gauntlet/20261001-212327-scrim-b1z2b/replays/awu7.ExplosiveBot__DefaultLarge__botB.bc24,awu7.ExplosiveBot,0,A,ExplosiveBot,0,986,CAPTURE,1800,4800,204,14,8,254,17,0,5,62,22,14,92,81,101,636,34.3,17,3,3,11,38.4,31,5,12
gauntlet/20261001-212327-scrim-b1z2b/replays/awu7.ExplosiveBot__DefaultLarge__botB.bc24,awu7.ExplosiveBot,1,B,b1z2b,1,986,CAPTURE,1800,4300,202,29,29,238,17,3,14,521,246,5,283,206,636,101,47.6,17,12,5,0,40.2,42,3,3
gauntlet/20261001-212327-scrim-b1z2b/replays/awu7.ExplosiveBot__BedWars__botB.bc24,awu7.ExplosiveBot,0,A,ExplosiveBot,0,1027,CAPTURE,2400,2700,237,1,0,540,2,0,2,11,4,5,21,15,61,296,43.1,2,2,0,0,15.0,48,0,8
gauntlet/20261001-212327-scrim-b1z2b/replays/awu7.ExplosiveBot__BedWars__botB.bc24,awu7.ExplosiveBot,1,B,b1z2b,1,1027,CAPTURE,2400,2500,212,1,2,346,8,3,5,288,140,2,88,47,296,61,48.6,8,8,0,0,10.8,48,0,2
gauntlet/20261001-212327-scrim-b1z2b/replays/awu7.ExplosiveBot__OceanFloor__botA.bc24,awu7.ExplosiveBot,1,A,b1z2b,1,1874,CAPTURE,1400,1400,201,17,30,214,25,3,22,1306,649,9,718,622,1646,181,47.6,25,22,3,0,38.6,47,4,6
gauntlet/20261001-212327-scrim-b1z2b/replays/awu7.ExplosiveBot__OceanFloor__botA.bc24,awu7.ExplosiveBot,0,B,ExplosiveBot,0,1874,CAPTURE,1400,1400,201,14,9,211,20,1,9,154,63,22,121,104,181,1646,28.7,20,6,4,10,23.4,32,3,22
gauntlet/20261001-212327-scrim-b1z2b/replays/andrewgopher.player22__Diagonal__botA.bc24,andrewgopher.player22,1,A,b1z2b,1,2000,LEVEL_SUM,5100,5100,201,2,20,289,6,0,6,91,43,10,249,189,253,184,47.7,6,6,0,0,27.2,36,4,6
gauntlet/20261001-212327-scrim-b1z2b/replays/andrewgopher.player22__Diagonal__botA.bc24,andrewgopher.player22,0,B,player22,0,2000,LEVEL_SUM,5100,5100,201,23,35,289,13,0,10,71,29,6,167,139,184,253,46.9,10,6,4,0,29.6,33,0,6
gauntlet/20261001-212327-scrim-b1z2b/replays/awu7.ExplosiveBot__Diagonal__botA.bc24,awu7.ExplosiveBot,1,A,b1z2b,1,2000,MORE_FLAG_CAPTURES,5100,5100,201,33,27,265,5,1,4,120,58,4,413,286,789,130,48.4,5,4,1,0,31.0,35,2,2
gauntlet/20261001-212327-scrim-b1z2b/replays/awu7.ExplosiveBot__Diagonal__botA.bc24,awu7.ExplosiveBot,0,B,ExplosiveBot,0,2000,MORE_FLAG_CAPTURES,5100,5100,201,9,2,242,5,0,4,14,4,4,87,80,130,789,40.3,5,2,2,1,30.0,26,1,4
gauntlet/20261001-212327-scrim-b1z2b/replays/clbarrell.duck8__Foxes__botB.bc24,clbarrell.duck8,0,A,duck8,0,1161,CAPTURE,7500,7500,202,3,15,415,10,2,8,177,75,0,203,192,174,447,40.6,10,6,4,0,16.8,36,0,3
gauntlet/20261001-212327-scrim-b1z2b/replays/clbarrell.duck8__Foxes__botB.bc24,clbarrell.duck8,1,B,b1z2b,1,1161,CAPTURE,7500,7500,203,18,9,422,3,3,0,247,121,8,254,191,447,174,46.3,3,3,0,0,,39,4,6
gauntlet/20261001-212327-scrim-b1z2b/replays/awu7.ExplosiveBot__Randy__botB.bc24,awu7.ExplosiveBot,0,A,ExplosiveBot,0,1498,CAPTURE,3400,13200,201,9,13,205,69,1,25,280,102,11,147,137,214,1078,32.6,69,17,9,43,12.6,19,3,11
gauntlet/20261001-212327-scrim-b1z2b/replays/awu7.ExplosiveBot__Randy__botB.bc24,awu7.ExplosiveBot,1,B,b1z2b,1,1498,CAPTURE,3400,3400,201,17,14,208,14,3,11,226,102,25,306,276,1078,214,46.5,14,11,3,0,14.2,39,9,17
gauntlet/20261001-212327-scrim-b1z2b/replays/clbarrell.duck8__OceanFloor__botB.bc24,clbarrell.duck8,0,A,duck8,0,663,CAPTURE,1400,1400,201,22,6,231,5,2,3,174,80,1,86,63,76,151,44.4,5,4,1,0,36.7,39,0,4
gauntlet/20261001-212327-scrim-b1z2b/replays/clbarrell.duck8__OceanFloor__botB.bc24,clbarrell.duck8,1,B,b1z2b,1,663,CAPTURE,1400,1400,201,22,28,278,4,3,1,461,222,3,87,70,151,76,47.3,4,4,0,0,9.0,45,1,4
gauntlet/20261001-212327-scrim-b1z2b/replays/dmtrung14.defaultplayer_intlqualifier__BreadPudding__botA.bc24,dmtrung14.defaultplayer_intlqualifier,1,A,b1z2b,1,959,CAPTURE,2600,2800,204,6,22,302,30,3,27,814,391,1,96,80,453,68,48.2,30,21,9,0,14.3,46,0,3
gauntlet/20261001-212327-scrim-b1z2b/replays/dmtrung14.defaultplayer_intlqualifier__BreadPudding__botA.bc24,dmtrung14.defaultplayer_intlqualifier,0,B,defaultplayer_intlqualifier,0,959,CAPTURE,2600,3000,203,9,16,237,28,2,1,335,66,27,58,54,68,453,37.8,25,3,0,22,16.0,42,9,21
gauntlet/20261001-212327-scrim-b1z2b/replays/clbarrell.duck8__Pancakes__botB.bc24,clbarrell.duck8,0,A,duck8,0,1383,CAPTURE,0,5200,211,9,17,246,8,0,8,52,20,2,188,161,158,462,41.8,8,4,4,0,19.4,43,1,4
gauntlet/20261001-212327-scrim-b1z2b/replays/clbarrell.duck8__Pancakes__botB.bc24,clbarrell.duck8,1,B,b1z2b,1,1383,CAPTURE,0,3500,201,29,29,218,5,3,2,924,433,8,214,137,462,158,47.2,5,4,1,0,12.0,49,4,4
gauntlet/20261001-212327-scrim-b1z2b/replays/dmtrung14.defaultplayer_intlqualifier__Battlecode24__botA.bc24,dmtrung14.defaultplayer_intlqualifier,1,A,b1z2b,1,1710,CAPTURE,12400,21900,203,16,18,241,17,3,14,874,423,2,357,153,450,28,49.6,17,17,0,0,19.1,33,1,1
gauntlet/20261001-212327-scrim-b1z2b/replays/dmtrung14.defaultplayer_intlqualifier__Battlecode24__botA.bc24,dmtrung14.defaultplayer_intlqualifier,0,B,defaultplayer_intlqualifier,0,1710,CAPTURE,9900,18100,202,11,15,261,5,0,2,297,56,14,76,68,28,450,43.5,2,1,1,0,25.0,23,0,17
gauntlet/20261001-212327-scrim-b1z2b/replays/dmtrung14.defaultplayer_intlqualifier__DefaultLarge__botA.bc24,dmtrung14.defaultplayer_intlqualifier,1,A,b1z2b,1,1359,CAPTURE,1800,3800,202,28,37,330,19,3,16,772,371,4,206,109,623,47,49.1,19,14,5,0,47.4,44,0,4
gauntlet/20261001-212327-scrim-b1z2b/replays/dmtrung14.defaultplayer_intlqualifier__DefaultLarge__botA.bc24,dmtrung14.defaultplayer_intlqualifier,0,B,defaultplayer_intlqualifier,0,1359,CAPTURE,1800,5300,205,0,20,303,38,0,4,421,92,16,94,90,47,623,34.9,35,4,0,31,27.8,44,5,14
gauntlet/20261001-212327-scrim-b1z2b/replays/jonters.bling3__Duck__botB.bc24,jonters.bling3,0,A,bling3,0,902,CAPTURE,2900,2900,201,26,31,228,3,1,2,260,127,8,61,56,94,303,41.5,3,2,1,0,8.5,28,1,10
gauntlet/20261001-212327-scrim-b1z2b/replays/jonters.bling3__Duck__botB.bc24,jonters.bling3,1,B,b1z2b,1,902,CAPTURE,2900,2900,201,27,37,223,11,3,8,665,325,2,174,134,303,94,47.5,11,10,1,0,31.9,47,1,2
gauntlet/20261001-212327-scrim-b1z2b/replays/dmtrung14.defaultplayer_intlqualifier__Diagonal__botB.bc24,dmtrung14.defaultplayer_intlqualifier,0,A,defaultplayer_intlqualifier,0,2000,LEVEL_SUM,5100,5100,201,21,23,644,13,0,9,307,13,3,111,62,23,309,46.2,10,4,5,1,33.0,31,0,3
gauntlet/20261001-212327-scrim-b1z2b/replays/dmtrung14.defaultplayer_intlqualifier__Diagonal__botB.bc24,dmtrung14.defaultplayer_intlqualifier,1,B,b1z2b,1,2000,LEVEL_SUM,5100,5100,201,15,20,242,3,0,3,840,396,9,222,125,309,23,49.7,3,3,0,0,26.0,29,5,4
gauntlet/20261001-212327-scrim-b1z2b/replays/jonters.bling3__Bunkers__botA.bc24,jonters.bling3,1,A,b1z2b,1,831,CAPTURE,2800,2800,201,16,6,210,8,3,5,251,118,7,137,111,284,121,46.5,8,7,1,0,10.0,45,3,6
gauntlet/20261001-212327-scrim-b1z2b/replays/jonters.bling3__Bunkers__botA.bc24,jonters.bling3,0,B,bling3,0,831,CAPTURE,2800,2800,201,36,4,236,9,2,7,191,84,5,63,60,121,284,41.4,9,6,3,0,13.0,35,1,7
gauntlet/20261001-212327-scrim-b1z2b/replays/jonters.bling3__Backslash__botB.bc24,jonters.bling3,0,A,bling3,0,904,CAPTURE,4700,12600,201,11,26,236,10,1,9,151,62,18,62,49,95,563,34.5,10,9,1,0,20.9,34,7,14
gauntlet/20261001-212327-scrim-b1z2b/replays/jonters.bling3__Backslash__botB.bc24,jonters.bling3,1,B,b1z2b,1,904,CAPTURE,4700,18300,201,31,28,217,21,3,18,597,288,9,344,291,563,95,47.4,21,14,7,0,23.3,48,1,9
gauntlet/20261001-212327-scrim-b1z2b/replays/dmtrung14.defaultplayer_intlqualifier__QueenOfHearts__botA.bc24,dmtrung14.defaultplayer_intlqualifier,1,A,b1z2b,1,1088,CAPTURE,3500,3500,201,13,25,304,8,3,5,622,308,7,116,71,354,38,49.1,8,6,2,0,33.6,47,2,7
gauntlet/20261001-212327-scrim-b1z2b/replays/dmtrung14.defaultplayer_intlqualifier__QueenOfHearts__botA.bc24,dmtrung14.defaultplayer_intlqualifier,0,B,defaultplayer_intlqualifier,0,1088,CAPTURE,3500,3500,201,14,15,241,27,2,7,439,82,5,104,91,38,354,42.0,24,7,2,15,19.9,39,2,6
gauntlet/20261001-212327-scrim-b1z2b/replays/jonters.bling3__Starfish__botA.bc24,jonters.bling3,1,A,b1z2b,1,610,CAPTURE,4100,4100,201,31,17,201,11,3,8,137,63,0,75,66,214,57,47.9,11,5,6,0,7.1,43,0,3
gauntlet/20261001-212327-scrim-b1z2b/replays/jonters.bling3__Starfish__botA.bc24,jonters.bling3,0,B,bling3,0,610,CAPTURE,4100,4200,201,8,6,201,3,2,0,52,24,8,0,0,57,214,41.7,3,3,0,0,,30,6,5
gauntlet/20261001-212327-scrim-b1z2b/replays/justinottesen.sprint1__StackGame__botB.bc24,justinottesen.sprint1,0,A,sprint1,0,613,CAPTURE,4600,4600,201,1,1,218,0,0,0,0,0,6,47,45,31,441,33.2,0,0,0,0,,40,2,7
gauntlet/20261001-212327-scrim-b1z2b/replays/justinottesen.sprint1__StackGame__botB.bc24,justinottesen.sprint1,1,B,b1z2b,1,613,CAPTURE,4600,4600,201,19,20,231,9,3,6,132,63,0,173,107,441,31,48.7,9,7,2,0,13.5,43,0,0
gauntlet/20261001-212327-scrim-b1z2b/replays/justinottesen.sprint1__OceanFloor__botB.bc24,justinottesen.sprint1,0,A,sprint1,0,694,CAPTURE,1200,1200,201,13,17,228,10,1,9,269,130,6,23,18,21,345,38.3,10,8,2,0,27.9,40,2,7
gauntlet/20261001-212327-scrim-b1z2b/replays/justinottesen.sprint1__OceanFloor__botB.bc24,justinottesen.sprint1,1,B,b1z2b,1,694,CAPTURE,1400,1500,201,30,31,231,9,3,6,447,220,9,163,120,345,21,49.2,9,7,2,0,21.8,46,2,8
gauntlet/20261001-212327-scrim-b1z2b/replays/justinottesen.sprint1__Decision__botA.bc24,justinottesen.sprint1,1,A,b1z2b,1,770,CAPTURE,1900,1900,202,38,45,242,12,3,9,585,276,5,155,127,346,17,49.4,12,12,0,0,39.2,39,0,8
gauntlet/20261001-212327-scrim-b1z2b/replays/justinottesen.sprint1__Decision__botA.bc24,justinottesen.sprint1,0,B,sprint1,0,770,CAPTURE,1900,1900,210,1,5,266,8,0,5,359,176,9,19,18,17,346,39.2,8,8,0,0,37.6,22,0,12
gauntlet/20261001-212327-scrim-b1z2b/replays/jonters.bling3__Snake__botB.bc24,jonters.bling3,0,A,bling3,0,1853,CAPTURE,13100,21600,203,41,29,270,6,1,5,333,163,33,217,210,308,712,40.3,6,5,1,0,16.6,34,8,28
gauntlet/20261001-212327-scrim-b1z2b/replays/jonters.bling3__Snake__botB.bc24,jonters.bling3,1,B,b1z2b,1,1853,CAPTURE,13100,34900,204,33,35,222,36,3,33,665,330,5,600,469,712,308,45.9,36,28,8,0,31.4,45,1,5
gauntlet/20261001-212327-scrim-b1z2b/replays/jonters.bling3__Waterworld__botB.bc24,jonters.bling3,0,A,bling3,0,979,CAPTURE,13900,17500,291,0,3,345,1,0,1,11,5,17,45,44,110,312,42.0,1,1,0,0,27.0,38,5,15
gauntlet/20261001-212327-scrim-b1z2b/replays/jonters.bling3__Waterworld__botB.bc24,jonters.bling3,1,B,b1z2b,1,979,CAPTURE,11200,13300,314,0,0,373,20,3,17,431,208,1,193,156,312,110,47.3,20,15,5,0,24.5,45,0,1
gauntlet/20261001-212327-scrim-b1z2b/replays/justinottesen.sprint1__Fountain__botA.bc24,justinottesen.sprint1,1,A,b1z2b,1,485,CAPTURE,1700,3400,209,27,29,223,9,3,6,254,122,1,85,71,168,15,49.2,9,5,4,0,16.2,42,0,1
gauntlet/20261001-212327-scrim-b1z2b/replays/justinottesen.sprint1__Fountain__botA.bc24,justinottesen.sprint1,0,B,sprint1,0,485,CAPTURE,1300,1800,234,1,0,312,1,0,1,1,0,6,9,6,15,168,42.0,1,1,0,0,20.0,31,4,5
gauntlet/20261001-212327-scrim-b1z2b/replays/kyleezz.jeeryfix3__Backslash__botB.bc24,kyleezz.jeeryfix3,0,A,jeeryfix3,0,2000,LEVEL_SUM,4700,15200,201,24,16,225,7,2,5,128,67,5,334,332,522,1507,31.7,7,6,1,0,30.6,43,1,6
gauntlet/20261001-212327-scrim-b1z2b/replays/kyleezz.jeeryfix3__Backslash__botB.bc24,kyleezz.jeeryfix3,1,B,b1z2b,1,2000,LEVEL_SUM,4700,16000,201,25,17,214,7,2,5,83,46,5,447,365,1507,522,43.6,7,6,1,0,18.8,47,1,6
gauntlet/20261001-212327-scrim-b1z2b/replays/quesswho.cretplayer2_3__Checkered__botA.bc24,quesswho.cretplayer2_3,1,A,b1z2b,1,427,CAPTURE,4800,4800,201,16,8,206,3,3,0,165,78,0,84,73,41,16,49.0,3,3,0,0,,47,0,3
gauntlet/20261001-212327-scrim-b1z2b/replays/quesswho.cretplayer2_3__Checkered__botA.bc24,quesswho.cretplayer2_3,0,B,cretplayer2_3,0,427,CAPTURE,4800,4800,201,17,22,214,6,2,0,765,78,0,78,71,16,41,46.5,3,3,0,0,,28,0,3
gauntlet/20261001-212327-scrim-b1z2b/replays/kyleezz.jeeryfix3__Fusbol__botA.bc24,kyleezz.jeeryfix3,1,A,b1z2b,1,2000,MORE_FLAG_CAPTURES,7200,7200,203,6,39,310,16,1,15,98,66,1,707,624,1500,263,46.7,16,10,6,0,41.4,35,0,1
gauntlet/20261001-212327-scrim-b1z2b/replays/kyleezz.jeeryfix3__Fusbol__botA.bc24,kyleezz.jeeryfix3,0,B,jeeryfix3,0,2000,MORE_FLAG_CAPTURES,7200,10800,205,13,0,366,1,0,1,0,0,15,257,250,263,1500,31.8,1,1,0,0,42.0,36,6,10
gauntlet/20261001-212327-scrim-b1z2b/replays/kyleezz.jeeryfix3__Intercontinental__botB.bc24,kyleezz.jeeryfix3,0,A,jeeryfix3,0,1773,CAPTURE,2400,6000,201,28,31,217,9,2,7,111,59,8,192,191,422,1284,32.3,9,5,4,0,22.0,49,3,8
gauntlet/20261001-212327-scrim-b1z2b/replays/kyleezz.jeeryfix3__Intercontinental__botB.bc24,kyleezz.jeeryfix3,1,B,b1z2b,1,1773,CAPTURE,2400,3300,201,10,9,225,11,3,8,192,90,7,199,184,1284,422,44.2,11,8,3,0,19.5,46,4,5
gauntlet/20261001-212327-scrim-b1z2b/replays/quesswho.cretplayer2_3__BigDucksBigPond__botA.bc24,quesswho.cretplayer2_3,1,A,b1z2b,1,1843,CAPTURE,5100,8600,201,24,8,395,17,3,14,951,442,19,428,368,1043,445,44.1,17,15,2,0,46.6,46,12,9
gauntlet/20261001-212327-scrim-b1z2b/replays/quesswho.cretplayer2_3__BigDucksBigPond__botA.bc24,quesswho.cretplayer2_3,0,B,cretplayer2_3,0,1843,CAPTURE,5000,5400,201,25,9,237,24,2,19,1247,313,14,223,218,445,1043,36.0,21,9,12,0,30.5,20,2,15
gauntlet/20261001-212327-scrim-b1z2b/replays/kyleezz.jeeryfix3__Fusbol__botB.bc24,kyleezz.jeeryfix3,0,A,jeeryfix3,0,2000,MORE_FLAG_CAPTURES,7200,10800,202,25,17,227,0,0,0,0,0,3,264,258,289,1327,33.8,0,0,0,0,,44,3,1
gauntlet/20261001-212327-scrim-b1z2b/replays/kyleezz.jeeryfix3__Fusbol__botB.bc24,kyleezz.jeeryfix3,1,B,b1z2b,1,2000,MORE_FLAG_CAPTURES,7200,7200,230,14,23,279,4,1,3,188,89,0,648,584,1327,289,46.4,4,1,3,0,43.0,33,0,0
gauntlet/20261001-212327-scrim-b1z2b/replays/kyleezz.jeeryfix3__BedWars__botA.bc24,kyleezz.jeeryfix3,1,A,b1z2b,1,2000,LEVEL_SUM,2400,2700,305,0,0,0,0,0,0,0,0,0,101,0,0,0,50.0,0,0,0,0,,48,0,0
gauntlet/20261001-212327-scrim-b1z2b/replays/kyleezz.jeeryfix3__BedWars__botA.bc24,kyleezz.jeeryfix3,0,B,jeeryfix3,0,2000,LEVEL_SUM,2400,3100,253,0,1,0,0,0,0,0,0,0,14,0,0,0,50.0,0,0,0,0,,50,0,0
gauntlet/20261001-212327-scrim-b1z2b/replays/winkelmantanner.waffle__Soccer__botB.bc24,winkelmantanner.waffle,0,A,waffle,0,1299,CAPTURE,3000,3100,204,6,26,310,39,2,37,268,113,3,177,177,276,831,34.5,39,11,28,0,25.8,28,1,5
gauntlet/20261001-212327-scrim-b1z2b/replays/winkelmantanner.waffle__Soccer__botB.bc24,winkelmantanner.waffle,1,B,b1z2b,1,1299,CAPTURE,3000,3100,245,3,14,277,6,3,3,196,91,37,302,237,831,276,44.8,6,5,1,0,30.3,37,28,11
gauntlet/20261001-212327-scrim-b1z2b/replays/quesswho.cretplayer2_3__Digging__botA.bc24,quesswho.cretplayer2_3,1,A,b1z2b,1,2000,MORE_FLAG_CAPTURES,700,1700,253,0,5,329,7,2,4,101,85,0,279,247,1794,259,46.8,7,4,3,0,20.8,46,0,1
gauntlet/20261001-212327-scrim-b1z2b/replays/quesswho.cretplayer2_3__Digging__botA.bc24,quesswho.cretplayer2_3,0,B,cretplayer2_3,0,2000,MORE_FLAG_CAPTURES,700,3600,211,20,0,225,4,1,0,695,37,4,222,220,259,1794,28.1,1,1,0,0,,39,3,4
gauntlet/20261001-213712-scrim-b1z2b/losses/ColtG5.Goob_final__Snake__botA.bc24,ColtG5.Goob_final,1,A,b1z2b,0,780,CAPTURE,13100,26300,203,33,27,230,1,0,1,0,0,6,303,285,298,163,45.0,1,1,0,0,36.0,47,4,5
gauntlet/20261001-213712-scrim-b1z2b/losses/ColtG5.Goob_final__Snake__botA.bc24,ColtG5.Goob_final,0,B,Goob_final,1,780,CAPTURE,13100,33300,205,20,24,256,9,3,6,318,152,1,294,251,163,298,41.0,9,5,4,0,26.3,43,0,1
gauntlet/20261001-213712-scrim-b1z2b/losses/ColtG5.Goob_final__MazeRunner__botA.bc24,ColtG5.Goob_final,1,A,b1z2b,0,2000,MORE_FLAG_CAPTURES,2600,4100,207,10,16,379,6,0,6,49,21,3,250,198,998,478,44.2,6,4,2,0,26.3,45,0,5
gauntlet/20261001-213712-scrim-b1z2b/losses/ColtG5.Goob_final__MazeRunner__botA.bc24,ColtG5.Goob_final,0,B,Goob_final,1,2000,MORE_FLAG_CAPTURES,2600,6200,207,20,24,274,5,2,3,134,64,6,283,263,478,998,37.8,5,5,0,0,26.7,34,2,4
gauntlet/20261001-212327-scrim-b1z2b/replays/quesswho.cretplayer2_3__Waterworld__botB.bc24,quesswho.cretplayer2_3,0,A,cretplayer2_3,0,2000,LEVEL_SUM,13900,22200,215,9,26,282,15,1,11,963,180,17,312,307,395,1420,32.5,12,7,5,0,28.2,15,3,15
gauntlet/20261001-212327-scrim-b1z2b/replays/quesswho.cretplayer2_3__Waterworld__botB.bc24,quesswho.cretplayer2_3,1,B,b1z2b,1,2000,LEVEL_SUM,11200,13100,216,8,19,297,18,1,17,161,82,11,411,332,1420,395,45.2,18,15,3,0,31.4,45,5,7
gauntlet/20261001-213712-scrim-b1z2b/losses/CyrilSharma.finalBot__BedWars__botB.bc24,CyrilSharma.finalBot,0,A,finalBot,1,834,CAPTURE,2400,8400,205,13,20,235,13,3,10,156,72,5,106,96,138,152,45.6,13,6,7,0,16.3,47,1,5
gauntlet/20261001-213712-scrim-b1z2b/losses/CyrilSharma.finalBot__BedWars__botB.bc24,CyrilSharma.finalBot,1,B,b1z2b,0,834,CAPTURE,2400,2400,230,15,11,248,6,1,5,86,38,10,64,60,152,138,46.0,6,5,1,0,15.6,48,7,6
gauntlet/20261001-213712-scrim-b1z2b/losses/CyrilSharma.finalBot__AceOfSpades__botB.bc24,CyrilSharma.finalBot,0,A,finalBot,1,2000,MORE_FLAG_CAPTURES,1800,17400,205,14,6,228,13,2,11,125,70,3,745,726,490,497,44.0,13,6,7,0,21.3,41,1,3
gauntlet/20261001-213712-scrim-b1z2b/losses/CyrilSharma.finalBot__AceOfSpades__botB.bc24,CyrilSharma.finalBot,1,B,b1z2b,0,2000,MORE_FLAG_CAPTURES,1800,4200,202,21,16,239,4,1,3,53,22,11,253,232,497,490,44.0,4,3,1,0,18.0,44,7,6
gauntlet/20261001-213712-scrim-b1z2b/losses/Gymhgy.v10official__HeMustBeFreed__botB.bc24,Gymhgy.v10official,0,A,v10official,1,626,CAPTURE,5900,12600,201,19,41,233,43,3,0,835,107,9,135,102,63,38,48.5,40,3,0,37,,29,1,9
gauntlet/20261001-213712-scrim-b1z2b/losses/Gymhgy.v10official__HeMustBeFreed__botB.bc24,Gymhgy.v10official,1,B,b1z2b,0,626,CAPTURE,5900,6300,201,7,0,238,10,0,9,69,27,0,64,49,38,63,47.6,10,9,1,0,53.0,32,0,3
gauntlet/20261001-213712-scrim-b1z2b/losses/CyrilSharma.finalBot__QuestionableChess__botB.bc24,CyrilSharma.finalBot,0,A,finalBot,1,1342,CAPTURE,0,0,202,39,33,223,21,3,18,335,130,0,290,273,381,377,43.2,21,8,13,0,20.0,38,0,0
gauntlet/20261001-213712-scrim-b1z2b/losses/CyrilSharma.finalBot__QuestionableChess__botB.bc24,CyrilSharma.finalBot,1,B,b1z2b,0,1342,CAPTURE,0,0,202,6,5,455,0,0,0,0,0,18,110,105,377,381,43.1,0,0,0,0,,42,13,8
gauntlet/20261001-213712-scrim-b1z2b/losses/CyrilSharma.finalBot__DefaultLarge__botA.bc24,CyrilSharma.finalBot,1,A,b1z2b,0,2000,MORE_FLAG_CAPTURES,1800,3400,202,16,16,269,3,0,3,176,80,6,222,208,589,554,43.2,3,3,0,0,31.7,43,1,6
gauntlet/20261001-213712-scrim-b1z2b/losses/CyrilSharma.finalBot__DefaultLarge__botA.bc24,CyrilSharma.finalBot,0,B,finalBot,1,2000,MORE_FLAG_CAPTURES,1800,5700,202,29,34,288,7,1,6,243,120,3,608,587,554,589,42.9,7,6,1,0,42.0,42,0,3
gauntlet/20261001-213712-scrim-b1z2b/losses/CyrilSharma.finalBot__YearOfTheDragon__botA.bc24,CyrilSharma.finalBot,1,A,b1z2b,0,2000,MORE_FLAG_CAPTURES,10800,10800,201,17,18,272,1,0,1,2,1,26,330,309,583,519,43.7,1,1,0,0,19.0,45,14,14
gauntlet/20261001-213712-scrim-b1z2b/losses/CyrilSharma.finalBot__YearOfTheDragon__botA.bc24,CyrilSharma.finalBot,0,B,finalBot,1,2000,MORE_FLAG_CAPTURES,10800,10800,201,12,24,239,28,2,26,257,113,1,657,638,519,583,42.9,28,14,14,0,27.8,39,0,1
gauntlet/20261001-213712-scrim-b1z2b/losses/Gymhgy.v10official__DefaultMedium__botB.bc24,Gymhgy.v10official,0,A,v10official,1,2000,MORE_FLAG_CAPTURES,2900,4700,201,21,18,228,22,1,4,651,34,6,317,231,308,355,45.7,19,5,0,14,26.5,35,0,6
gauntlet/20261001-213712-scrim-b1z2b/losses/Gymhgy.v10official__DefaultMedium__botB.bc24,Gymhgy.v10official,1,B,b1z2b,0,2000,MORE_FLAG_CAPTURES,2900,3200,201,9,16,320,6,0,6,98,46,4,210,186,355,308,46.2,6,6,0,0,31.2,46,0,5
gauntlet/20261001-213712-scrim-b1z2b/losses/Gymhgy.v10official__Starfish__botA.bc24,Gymhgy.v10official,1,A,b1z2b,0,1737,CAPTURE,4100,4100,201,19,6,201,18,1,17,133,60,0,163,159,686,379,44.7,18,17,1,0,12.0,46,0,4
gauntlet/20261001-213712-scrim-b1z2b/losses/Gymhgy.v10official__Starfish__botA.bc24,Gymhgy.v10official,0,B,v10official,1,1737,CAPTURE,4000,4200,201,26,12,201,19,3,0,613,299,17,189,185,379,686,40.4,16,4,0,12,,44,1,17
gauntlet/20261001-213712-scrim-b1z2b/losses/Gymhgy.v10official__GravitationalWaves__botA.bc24,Gymhgy.v10official,1,A,b1z2b,0,2000,MORE_FLAG_CAPTURES,3700,3700,201,23,23,360,9,0,9,135,63,27,220,163,297,179,47.8,9,9,0,0,25.0,16,5,27
gauntlet/20261001-213712-scrim-b1z2b/losses/Gymhgy.v10official__GravitationalWaves__botA.bc24,Gymhgy.v10official,0,B,v10official,1,2000,MORE_FLAG_CAPTURES,3700,3700,201,26,26,201,78,2,27,919,244,9,239,174,179,297,46.4,75,27,5,43,24.3,16,0,9
gauntlet/20261001-213712-scrim-b1z2b/losses/IvanGeffner.kuma__StackGame__botB.bc24,IvanGeffner.kuma,0,A,kuma,1,473,CAPTURE,4600,4600,201,20,44,249,26,3,3,104,47,0,132,105,115,46,47.6,26,4,3,19,19.0,46,0,0
gauntlet/20261001-213712-scrim-b1z2b/losses/IvanGeffner.kuma__StackGame__botB.bc24,IvanGeffner.kuma,1,B,b1z2b,0,473,CAPTURE,4600,4600,201,0,0,384,0,0,0,0,0,3,85,81,46,115,44.3,0,0,0,0,,46,3,4
gauntlet/20261001-213712-scrim-b1z2b/losses/Gymhgy.v10official__Starfish__botB.bc24,Gymhgy.v10official,0,A,v10official,1,489,CAPTURE,3900,4200,201,24,28,201,23,3,7,637,220,0,25,20,39,83,46.0,20,10,1,9,9.0,42,0,1
gauntlet/20261001-213712-scrim-b1z2b/losses/Gymhgy.v10official__Starfish__botB.bc24,Gymhgy.v10official,1,B,b1z2b,0,489,CAPTURE,4100,4100,201,16,6,201,1,1,0,26,13,7,30,28,83,39,48.2,1,1,0,0,,47,1,10
gauntlet/20261001-213712-scrim-b1z2b/losses/IvanGeffner.kuma__Alien__botA.bc24,IvanGeffner.kuma,1,A,b1z2b,0,1324,CAPTURE,3300,3300,203,0,0,223,0,0,0,0,0,10,168,168,259,621,38.7,0,0,0,0,,38,4,9
gauntlet/20261001-213712-scrim-b1z2b/losses/IvanGeffner.kuma__Alien__botA.bc24,IvanGeffner.kuma,0,B,kuma,1,1324,CAPTURE,3300,3300,202,25,39,241,37,3,10,122,53,0,534,477,621,259,45.2,37,9,4,24,14.6,42,0,0
gauntlet/20261001-213712-scrim-b1z2b/losses/IvanGeffner.kuma__Diagonal__botB.bc24,IvanGeffner.kuma,0,A,kuma,1,2000,LEVEL_SUM,5100,5100,201,27,35,624,0,0,0,0,0,0,317,249,200,181,47.8,0,0,0,0,,32,0,0
gauntlet/20261001-213712-scrim-b1z2b/losses/IvanGeffner.kuma__Diagonal__botB.bc24,IvanGeffner.kuma,1,B,b1z2b,0,2000,LEVEL_SUM,5100,5100,201,18,12,350,0,0,0,0,0,0,258,188,181,200,47.5,0,0,0,0,,33,0,0
gauntlet/20261001-213712-scrim-b1z2b/losses/IvanGeffner.kuma__Randy__botB.bc24,IvanGeffner.kuma,0,A,kuma,1,2000,MORE_FLAG_CAPTURES,3400,13600,201,34,8,211,10,2,1,76,36,0,472,421,499,351,45.7,10,3,0,7,21.0,33,0,0
gauntlet/20261001-213712-scrim-b1z2b/losses/IvanGeffner.kuma__Randy__botB.bc24,IvanGeffner.kuma,1,B,b1z2b,0,2000,MORE_FLAG_CAPTURES,3400,3400,201,22,6,211,0,0,0,0,0,1,238,197,351,499,43.9,0,0,0,0,,38,0,3
gauntlet/20261001-213712-scrim-b1z2b/losses/IvanGeffner.kuma__BigDucksBigPond__botA.bc24,IvanGeffner.kuma,1,A,b1z2b,0,2000,MORE_FLAG_CAPTURES,5100,7600,201,21,15,245,1,0,1,9,3,12,238,230,490,997,37.9,1,1,0,0,37.0,47,4,12
gauntlet/20261001-213712-scrim-b1z2b/losses/IvanGeffner.kuma__BigDucksBigPond__botA.bc24,IvanGeffner.kuma,0,B,kuma,1,2000,MORE_FLAG_CAPTURES,5100,6400,201,26,18,240,39,2,12,222,103,1,801,742,997,490,44.0,39,12,4,23,45.3,47,0,1
gauntlet/20261001-213712-scrim-b1z2b/losses/NotLLeon.v3__Decision__botB.bc24,NotLLeon.v3,0,A,v3,1,643,CAPTURE,1500,1600,206,16,22,257,15,3,10,405,198,10,76,70,64,81,47.0,15,7,6,2,34.3,21,1,9
gauntlet/20261001-213712-scrim-b1z2b/losses/NotLLeon.v3__Decision__botB.bc24,NotLLeon.v3,1,B,b1z2b,0,643,CAPTURE,1900,2100,202,31,25,229,10,0,10,310,149,10,58,49,81,64,47.7,10,9,1,0,36.6,42,6,7
gauntlet/20261001-213712-scrim-b1z2b/losses/NotLLeon.v3__Duck__botB.bc24,NotLLeon.v3,0,A,v3,1,771,CAPTURE,2900,2900,201,20,34,261,18,3,7,602,290,10,126,125,115,104,46.7,18,7,3,8,26.9,43,2,10
gauntlet/20261001-213712-scrim-b1z2b/losses/NotLLeon.v3__Duck__botB.bc24,NotLLeon.v3,1,B,b1z2b,0,771,CAPTURE,2900,2900,201,24,19,247,12,0,10,599,288,7,78,55,104,115,46.4,12,10,2,0,33.1,43,3,7
gauntlet/20261001-213712-scrim-b1z2b/losses/NotLLeon.v3__Foxes__botB.bc24,NotLLeon.v3,0,A,v3,1,933,CAPTURE,6900,6900,208,6,23,321,23,3,16,361,163,13,201,183,165,229,44.0,23,15,4,4,27.8,38,1,13
gauntlet/20261001-213712-scrim-b1z2b/losses/NotLLeon.v3__Foxes__botB.bc24,NotLLeon.v3,1,B,b1z2b,0,933,CAPTURE,7500,7800,213,26,33,291,14,1,13,140,57,16,169,158,229,165,45.8,14,13,1,0,29.2,44,4,15
gauntlet/20261001-213712-scrim-b1z2b/losses/NotLLeon.v3__FloodGates__botA.bc24,NotLLeon.v3,1,A,b1z2b,0,2000,MORE_FLAG_CAPTURES,500,1400,331,0,0,440,5,1,4,59,28,3,212,187,436,371,45.5,5,4,1,0,15.5,22,3,2
gauntlet/20261001-213712-scrim-b1z2b/losses/NotLLeon.v3__FloodGates__botA.bc24,NotLLeon.v3,0,B,v3,1,2000,MORE_FLAG_CAPTURES,500,2000,208,6,9,529,17,2,3,126,47,4,207,195,371,436,44.7,17,2,3,12,16.3,31,1,4
gauntlet/20261001-213712-scrim-b1z2b/losses/NotLLeon.v3__Rainbow__botA.bc24,NotLLeon.v3,1,A,b1z2b,0,2000,MORE_FLAG_CAPTURES,6000,6000,201,21,10,251,0,0,0,0,0,21,252,243,460,610,42.7,0,0,0,0,,44,12,12
gauntlet/20261001-213712-scrim-b1z2b/losses/NotLLeon.v3__Rainbow__botA.bc24,NotLLeon.v3,0,B,v3,1,2000,MORE_FLAG_CAPTURES,6000,6000,201,16,18,282,26,2,21,266,129,0,399,369,610,460,44.4,26,12,12,2,37.4,44,0,0
gauntlet/20261001-213712-scrim-b1z2b/losses/SampleProvider.TSPAARKSPRINT1__EndAround__botA.bc24,SampleProvider.TSPAARKSPRINT1,1,A,b1z2b,0,1891,CAPTURE,2200,4000,203,37,41,270,37,0,36,855,449,26,230,216,431,155,48.0,37,25,12,0,23.7,47,15,14
gauntlet/20261001-213712-scrim-b1z2b/losses/SampleProvider.TSPAARKSPRINT1__EndAround__botA.bc24,SampleProvider.TSPAARKSPRINT1,0,B,TSPAARKSPRINT1,1,1891,CAPTURE,2500,5800,310,0,0,349,32,3,26,1083,442,36,130,117,155,431,44.4,29,14,15,0,18.1,43,12,25
gauntlet/20261001-213712-scrim-b1z2b/losses/SampleProvider.TSPAARKSPRINT1__EndAround__botB.bc24,SampleProvider.TSPAARKSPRINT1,0,A,TSPAARKSPRINT1,1,2000,MORE_FLAG_CAPTURES,2500,4600,340,0,0,384,32,1,27,721,326,42,103,84,163,570,43.0,29,14,15,0,19.9,43,8,34
gauntlet/20261001-213712-scrim-b1z2b/losses/SampleProvider.TSPAARKSPRINT1__EndAround__botB.bc24,SampleProvider.TSPAARKSPRINT1,1,B,b1z2b,0,2000,MORE_FLAG_CAPTURES,2200,5800,202,35,39,230,42,0,42,1152,575,27,330,279,570,163,48.0,42,34,8,0,17.9,47,15,14
gauntlet/20261001-213712-scrim-b1z2b/losses/SampleProvider.TSPAARKSPRINT1__Swoop__botA.bc24,SampleProvider.TSPAARKSPRINT1,1,A,b1z2b,0,1387,CAPTURE,4300,4300,201,33,37,260,26,1,25,742,337,87,212,194,528,170,47.0,26,18,8,0,23.6,47,42,48
gauntlet/20261001-213712-scrim-b1z2b/losses/SampleProvider.TSPAARKSPRINT1__Swoop__botA.bc24,SampleProvider.TSPAARKSPRINT1,0,B,TSPAARKSPRINT1,1,1387,CAPTURE,4300,4300,201,22,31,219,93,3,87,1751,780,25,86,77,170,528,40.7,90,48,42,0,21.9,42,8,18
gauntlet/20261001-213712-scrim-b1z2b/losses/Strequals.duck0127v5__Canals__botA.bc24,Strequals.duck0127v5,1,A,b1z2b,0,1020,CAPTURE,4600,4600,206,20,17,254,4,0,4,20,5,10,141,139,134,435,39.7,4,4,0,0,16.3,45,3,10
gauntlet/20261001-213712-scrim-b1z2b/losses/Strequals.duck0127v5__Canals__botA.bc24,Strequals.duck0127v5,0,B,duck0127v5,1,1020,CAPTURE,4600,5900,203,17,14,250,13,3,10,245,117,4,430,371,435,134,46.9,13,10,3,0,32.7,46,0,4
gauntlet/20261001-213712-scrim-b1z2b/losses/Strequals.duck0127v5__Divergent__botA.bc24,Strequals.duck0127v5,1,A,b1z2b,0,2000,MORE_FLAG_CAPTURES,3700,3700,203,30,34,280,11,0,11,153,69,10,227,205,198,437,44.7,11,7,4,0,21.7,46,0,12
gauntlet/20261001-213712-scrim-b1z2b/losses/Strequals.duck0127v5__Divergent__botA.bc24,Strequals.duck0127v5,0,B,duck0127v5,1,2000,MORE_FLAG_CAPTURES,3700,3700,203,2,13,255,12,2,10,417,204,11,453,408,437,198,47.6,12,12,0,0,29.0,27,4,7
gauntlet/20261001-213712-scrim-b1z2b/losses/Strequals.duck0127v5__Skyline__botB.bc24,Strequals.duck0127v5,0,A,duck0127v5,1,874,CAPTURE,21600,21600,202,5,6,252,14,3,11,177,79,10,312,261,150,102,47.2,14,11,3,0,20.1,34,2,8
gauntlet/20261001-213712-scrim-b1z2b/losses/Strequals.duck0127v5__Skyline__botB.bc24,Strequals.duck0127v5,1,B,b1z2b,0,874,CAPTURE,21600,21600,201,32,23,223,10,0,10,82,33,11,265,229,102,150,45.9,10,8,2,0,12.9,45,3,11
gauntlet/20261001-213712-scrim-b1z2b/losses/Strequals.duck0127v5__Soccer__botA.bc24,Strequals.duck0127v5,1,A,b1z2b,0,674,CAPTURE,3000,3000,212,1,1,428,4,1,3,79,38,11,90,82,92,128,45.4,4,3,1,0,27.3,31,6,8
gauntlet/20261001-213712-scrim-b1z2b/losses/Strequals.duck0127v5__Soccer__botA.bc24,Strequals.duck0127v5,0,B,duck0127v5,1,674,CAPTURE,3000,3200,207,17,21,271,14,3,11,224,109,3,168,149,128,92,46.8,14,8,6,0,30.6,31,1,3
gauntlet/20261001-213712-scrim-b1z2b/losses/andli28.v9_USQuals_angle__AceOfSpades__botB.bc24,andli28.v9_USQuals_angle,0,A,v9_USQuals_angle,1,546,CAPTURE,1800,17700,204,5,8,232,11,3,8,146,68,2,254,169,97,67,47.1,11,6,5,0,22.1,37,1,1
gauntlet/20261001-213712-scrim-b1z2b/losses/andli28.v9_USQuals_angle__AceOfSpades__botB.bc24,andli28.v9_USQuals_angle,1,B,b1z2b,0,546,CAPTURE,1800,3900,202,27,22,210,2,0,2,32,13,8,89,87,67,97,45.9,2,1,1,0,20.0,43,5,6
gauntlet/20261001-213712-scrim-b1z2b/losses/Strequals.duck0127v5__Foxes__botB.bc24,Strequals.duck0127v5,0,A,duck0127v5,1,2000,MORE_FLAG_CAPTURES,7500,7500,214,0,22,311,8,2,6,219,108,0,373,334,313,178,47.8,8,7,1,0,26.7,37,0,0
gauntlet/20261001-213712-scrim-b1z2b/losses/Strequals.duck0127v5__Foxes__botB.bc24,Strequals.duck0127v5,1,B,b1z2b,0,2000,MORE_FLAG_CAPTURES,7500,7500,204,18,14,456,0,0,0,0,0,6,280,246,178,313,46.2,0,0,0,0,,39,1,7
gauntlet/20261001-213712-scrim-b1z2b/losses/andli28.v9_USQuals_angle__Funnel__botB.bc24,andli28.v9_USQuals_angle,0,A,v9_USQuals_angle,1,1139,CAPTURE,2200,4500,202,23,26,504,16,3,13,398,192,3,403,366,365,148,46.9,16,6,10,0,46.5,35,1,2
gauntlet/20261001-213712-scrim-b1z2b/losses/andli28.v9_USQuals_angle__Funnel__botB.bc24,andli28.v9_USQuals_angle,1,B,b1z2b,0,1139,CAPTURE,2200,3400,201,18,14,1019,3,0,3,17,7,13,133,118,148,365,42.2,3,2,1,0,51.7,39,10,6
gauntlet/20261001-213712-scrim-b1z2b/losses/andli28.v9_USQuals_angle__Occulus__botA.bc24,andli28.v9_USQuals_angle,1,A,b1z2b,0,816,CAPTURE,1800,3000,201,20,18,223,1,0,1,1,0,23,104,100,148,218,43.5,1,1,0,0,21.0,42,17,9
gauntlet/20261001-213712-scrim-b1z2b/losses/andli28.v9_USQuals_angle__Occulus__botA.bc24,andli28.v9_USQuals_angle,0,B,v9_USQuals_angle,1,816,CAPTURE,1800,6900,201,22,26,276,26,3,23,200,88,1,282,222,218,148,45.6,26,9,17,0,16.2,40,0,1
gauntlet/20261001-213712-scrim-b1z2b/losses/andli28.v9_USQuals_angle__Gated__botA.bc24,andli28.v9_USQuals_angle,1,A,b1z2b,0,2000,MORE_FLAG_CAPTURES,1500,1900,202,16,16,490,7,0,7,21,13,13,213,194,388,552,43.3,7,5,2,0,21.0,36,7,8
gauntlet/20261001-213712-scrim-b1z2b/losses/andli28.v9_USQuals_angle__Gated__botA.bc24,andli28.v9_USQuals_angle,0,B,v9_USQuals_angle,1,2000,MORE_FLAG_CAPTURES,1500,2900,208,17,34,250,15,2,13,105,46,7,513,478,552,388,45.3,15,8,7,0,21.5,32,2,5
gauntlet/20261001-213712-scrim-b1z2b/losses/andli28.v9_USQuals_angle__QuestionableChess__botA.bc24,andli28.v9_USQuals_angle,1,A,b1z2b,0,918,CAPTURE,0,0,201,8,6,410,0,0,0,0,0,28,57,54,188,281,42.7,0,0,0,0,,47,20,11
gauntlet/20261001-213712-scrim-b1z2b/losses/andli28.v9_USQuals_angle__QuestionableChess__botA.bc24,andli28.v9_USQuals_angle,0,B,v9_USQuals_angle,1,918,CAPTURE,0,0,207,23,30,313,31,3,28,359,164,0,207,180,281,188,45.1,31,11,20,0,18.2,36,0,0
gauntlet/20261001-213712-scrim-b1z2b/losses/andli28.v9_USQuals_angle__SteamboatMickey__botB.bc24,andli28.v9_USQuals_angle,0,A,v9_USQuals_angle,1,1722,CAPTURE,7300,16600,201,9,23,201,25,3,22,440,205,12,587,528,662,317,45.5,25,12,13,0,37.0,42,1,13
gauntlet/20261001-213712-scrim-b1z2b/losses/andli28.v9_USQuals_angle__SteamboatMickey__botB.bc24,andli28.v9_USQuals_angle,1,B,b1z2b,0,1722,CAPTURE,7300,10000,201,29,4,201,14,2,12,348,162,22,271,263,317,662,40.6,14,13,1,0,38.7,45,13,12
gauntlet/20261001-213712-scrim-b1z2b/losses/andrewgopher.player22__Snake__botA.bc24,andrewgopher.player22,1,A,b1z2b,0,759,CAPTURE,13100,27800,203,20,15,268,4,0,4,54,25,5,297,270,301,216,43.2,4,3,1,0,33.5,46,2,6
gauntlet/20261001-213712-scrim-b1z2b/losses/andrewgopher.player22__Snake__botA.bc24,andrewgopher.player22,0,B,player22,1,759,CAPTURE,13100,32900,210,10,11,271,14,3,5,262,123,4,259,238,216,301,40.5,11,6,2,3,30.2,41,1,3
gauntlet/20261001-213712-scrim-b1z2b/losses/andrewgopher.player22__StackGame__botA.bc24,andrewgopher.player22,1,A,b1z2b,0,441,CAPTURE,4600,4600,262,0,0,0,0,0,0,0,0,5,82,79,115,99,44.5,0,0,0,0,,42,3,5
gauntlet/20261001-213712-scrim-b1z2b/losses/andrewgopher.player22__StackGame__botA.bc24,andrewgopher.player22,0,B,player22,1,441,CAPTURE,4600,4600,201,32,33,227,11,3,5,150,67,0,92,74,99,115,43.9,8,5,3,0,13.8,42,0,0
gauntlet/20261001-213712-scrim-b1z2b/losses/andrewgopher.player22__Fountain__botA.bc24,andrewgopher.player22,1,A,b1z2b,0,1736,CAPTURE,1700,2500,237,0,0,324,4,2,2,79,37,17,172,166,817,492,43.1,4,2,2,0,15.0,44,3,17
gauntlet/20261001-213712-scrim-b1z2b/losses/andrewgopher.player22__Fountain__botA.bc24,andrewgopher.player22,0,B,player22,1,1736,CAPTURE,1700,2900,209,13,19,245,23,3,17,224,102,2,175,171,492,817,38.5,20,17,3,0,20.4,47,2,2
gauntlet/20261001-213712-scrim-b1z2b/losses/andrewgopher.player22__Divergent__botB.bc24,andrewgopher.player22,0,A,player22,1,2000,LEVEL_SUM,3700,3700,203,4,4,330,5,0,2,24,9,1,310,269,571,521,43.6,2,2,0,0,23.0,44,0,1
gauntlet/20261001-213712-scrim-b1z2b/losses/andrewgopher.player22__Divergent__botB.bc24,andrewgopher.player22,1,B,b1z2b,0,2000,LEVEL_SUM,3700,3700,202,12,13,247,1,0,1,78,38,2,245,204,521,571,43.1,1,1,0,0,18.0,45,0,2
gauntlet/20261001-213712-scrim-b1z2b/losses/andrewgopher.player22__WheresMyWater__botA.bc24,andrewgopher.player22,1,A,b1z2b,0,1391,CAPTURE,3000,3000,201,1,0,201,3,2,1,31,13,0,160,158,445,788,36.1,3,2,1,0,4.0,45,0,3
gauntlet/20261001-213712-scrim-b1z2b/losses/andrewgopher.player22__WheresMyWater__botA.bc24,andrewgopher.player22,0,B,player22,1,1391,CAPTURE,3000,6300,201,30,25,201,6,3,0,91,43,1,344,331,788,445,42.2,3,3,0,0,,41,1,2
gauntlet/20261001-213712-scrim-b1z2b/losses/andrewgopher.player22__Yinyang__botB.bc24,andrewgopher.player22,0,A,player22,1,603,CAPTURE,2900,3500,201,32,30,210,11,3,5,103,45,0,103,94,131,225,41.2,8,6,2,0,18.0,50,0,1
gauntlet/20261001-213712-scrim-b1z2b/losses/andrewgopher.player22__Yinyang__botB.bc24,andrewgopher.player22,1,B,b1z2b,0,603,CAPTURE,2900,2900,201,0,0,371,1,1,0,25,12,5,92,90,225,131,44.7,1,1,0,0,,47,2,6
gauntlet/20261001-213712-scrim-b1z2b/losses/chenyx512.flagbot_final__Bunkers__botA.bc24,chenyx512.flagbot_final,1,A,b1z2b,0,676,CAPTURE,2800,2800,201,1,0,346,10,1,9,172,80,13,86,79,33,135,45.1,10,8,2,0,16.8,47,6,10
gauntlet/20261001-213712-scrim-b1z2b/losses/chenyx512.flagbot_final__Bunkers__botA.bc24,chenyx512.flagbot_final,0,B,flagbot_final,1,676,CAPTURE,2800,2800,201,17,41,285,19,3,13,790,322,9,115,101,135,33,48.8,16,10,6,0,13.2,47,2,8
gauntlet/20261001-213712-scrim-b1z2b/losses/chenyx512.flagbot_final__KingQuacksCastle__botB.bc24,chenyx512.flagbot_final,0,A,flagbot_final,1,567,CAPTURE,1600,12600,211,13,26,241,11,3,5,753,281,2,194,148,101,20,49.0,8,5,3,0,21.0,45,0,3
gauntlet/20261001-213712-scrim-b1z2b/losses/chenyx512.flagbot_final__KingQuacksCastle__botB.bc24,chenyx512.flagbot_final,1,B,b1z2b,0,567,CAPTURE,1600,2200,204,30,16,220,3,1,2,80,39,5,63,62,20,101,45.7,3,3,0,0,24.5,48,3,5
gauntlet/20261001-213712-scrim-b1z2b/losses/chenyx512.flagbot_final__CH3353C4K3F4CT0RY__botB.bc24,chenyx512.flagbot_final,0,A,flagbot_final,1,902,CAPTURE,13000,13400,205,16,14,269,16,3,10,747,306,4,490,363,360,102,47.2,13,6,7,0,21.6,39,1,5
gauntlet/20261001-213712-scrim-b1z2b/losses/chenyx512.flagbot_final__CH3353C4K3F4CT0RY__botB.bc24,chenyx512.flagbot_final,1,B,b1z2b,0,902,CAPTURE,13000,13000,202,26,33,262,6,2,4,129,57,10,211,196,102,360,40.4,6,5,1,0,27.0,45,7,6
gauntlet/20261001-213712-scrim-b1z2b/losses/chenyx512.flagbot_final__OceanFloor__botB.bc24,chenyx512.flagbot_final,0,A,flagbot_final,1,628,CAPTURE,1400,1400,201,34,35,229,11,3,5,837,354,3,78,70,77,43,48.3,8,5,3,0,17.0,46,0,5
gauntlet/20261001-213712-scrim-b1z2b/losses/chenyx512.flagbot_final__OceanFloor__botB.bc24,chenyx512.flagbot_final,1,B,b1z2b,0,628,CAPTURE,1400,1400,201,27,21,229,5,0,3,314,153,5,67,58,43,77,47.0,5,5,0,0,27.0,46,3,5
gauntlet/20261001-213712-scrim-b1z2b/losses/chenyx512.flagbot_final__Alligator__botA.bc24,chenyx512.flagbot_final,1,A,b1z2b,0,1006,CAPTURE,3300,4500,201,9,14,0,0,0,0,0,0,18,130,130,101,504,37.7,0,0,0,0,,32,14,7
gauntlet/20261001-213712-scrim-b1z2b/losses/chenyx512.flagbot_final__Alligator__botA.bc24,chenyx512.flagbot_final,0,B,flagbot_final,1,1006,CAPTURE,3300,8100,201,33,26,217,24,3,18,836,307,0,412,329,504,101,47.5,21,7,14,0,16.7,41,0,0
gauntlet/20261001-213712-scrim-b1z2b/losses/chenyx512.flagbot_final__Intercontinental__botA.bc24,chenyx512.flagbot_final,1,A,b1z2b,0,927,CAPTURE,2400,5400,201,22,18,308,7,1,6,95,46,5,70,69,56,256,43.3,7,6,1,0,22.0,48,0,8
gauntlet/20261001-213712-scrim-b1z2b/losses/chenyx512.flagbot_final__Intercontinental__botA.bc24,chenyx512.flagbot_final,0,B,flagbot_final,1,927,CAPTURE,2400,3600,201,19,19,222,11,3,5,806,307,6,97,90,256,56,48.4,8,8,0,0,18.6,38,1,6
gauntlet/20261001-213712-scrim-b1z2b/losses/clbarrell.duck8__Fountain__botA.bc24,clbarrell.duck8,1,A,b1z2b,0,731,CAPTURE,1700,2600,209,20,18,220,6,1,4,134,61,12,71,62,248,117,46.1,6,4,2,0,19.3,43,11,4
gauntlet/20261001-213712-scrim-b1z2b/losses/clbarrell.duck8__Fountain__botA.bc24,clbarrell.duck8,0,B,duck8,1,731,CAPTURE,1700,2800,209,16,4,243,15,3,12,170,67,4,74,66,117,248,41.8,15,4,11,0,14.7,35,2,4
gauntlet/20261001-213712-scrim-b1z2b/losses/clbarrell.duck8__Diagonal__botB.bc24,clbarrell.duck8,0,A,duck8,1,2000,MORE_FLAG_CAPTURES,5100,5100,201,36,19,262,10,1,9,155,60,10,287,211,283,759,40.7,10,1,9,0,31.9,39,2,8
gauntlet/20261001-213712-scrim-b1z2b/losses/clbarrell.duck8__Diagonal__botB.bc24,clbarrell.duck8,1,B,b1z2b,0,2000,MORE_FLAG_CAPTURES,5100,5100,201,16,16,267,10,0,10,397,154,9,275,228,759,283,46.5,10,8,2,0,22.0,34,9,1
gauntlet/20261001-213712-scrim-b1z2b/losses/dmtrung14.defaultplayer_intlqualifier__DefaultHuge__botA.bc24,dmtrung14.defaultplayer_intlqualifier,1,A,b1z2b,0,2000,MORE_FLAG_CAPTURES,3700,3700,201,30,25,201,4,1,3,194,95,10,211,167,954,29,49.6,4,3,1,0,15.3,47,5,7
gauntlet/20261001-213712-scrim-b1z2b/losses/dmtrung14.defaultplayer_intlqualifier__DefaultHuge__botA.bc24,dmtrung14.defaultplayer_intlqualifier,0,B,defaultplayer_intlqualifier,1,2000,MORE_FLAG_CAPTURES,3700,3700,201,16,10,205,37,2,10,366,116,3,90,77,29,954,38.3,34,7,5,22,13.8,47,1,3
gauntlet/20261001-213712-scrim-b1z2b/losses/hsmalladi.finalbot__HungerGames__botB.bc24,hsmalladi.finalbot,0,A,finalbot,1,341,CAPTURE,700,14600,214,23,24,251,14,3,1,729,68,1,174,147,43,21,48.4,11,3,1,7,21.0,47,0,2
gauntlet/20261001-213712-scrim-b1z2b/losses/hsmalladi.finalbot__HungerGames__botB.bc24,hsmalladi.finalbot,1,B,b1z2b,0,341,CAPTURE,700,7600,206,16,11,240,2,1,1,67,32,1,89,78,21,43,47.1,2,2,0,0,15.0,47,1,3
gauntlet/20261001-213712-scrim-b1z2b/losses/clbarrell.duck8__Whirlpool__botA.bc24,clbarrell.duck8,1,A,b1z2b,0,2000,MORE_FLAG_CAPTURES,2800,2900,201,17,13,620,0,0,0,0,0,24,252,179,950,427,44.8,0,0,0,0,,45,14,12
gauntlet/20261001-213712-scrim-b1z2b/losses/clbarrell.duck8__Whirlpool__botA.bc24,clbarrell.duck8,0,B,duck8,1,2000,MORE_FLAG_CAPTURES,2800,7100,201,18,8,254,26,2,24,165,64,0,289,257,427,950,38.5,26,12,14,0,17.8,36,0,0
gauntlet/20261001-213712-scrim-b1z2b/losses/hsmalladi.finalbot__StackGame__botA.bc24,hsmalladi.finalbot,1,A,b1z2b,0,352,CAPTURE,4600,4600,209,8,4,0,0,0,0,0,0,6,79,73,77,48,46.9,0,0,0,0,,44,6,3
gauntlet/20261001-213712-scrim-b1z2b/losses/hsmalladi.finalbot__StackGame__botA.bc24,hsmalladi.finalbot,0,B,finalbot,1,352,CAPTURE,4600,4600,201,35,4,239,23,3,6,720,75,0,58,48,48,77,45.0,20,3,6,11,10.8,44,0,0
gauntlet/20261001-213712-scrim-b1z2b/losses/dmtrung14.defaultplayer_intlqualifier__GaltonBoard__botB.bc24,dmtrung14.defaultplayer_intlqualifier,0,A,defaultplayer_intlqualifier,1,2000,MORE_FLAG_CAPTURES,0,0,201,8,13,216,23,2,1,313,3,7,54,42,100,1411,32.7,20,2,1,17,15.0,39,0,8
gauntlet/20261001-213712-scrim-b1z2b/losses/dmtrung14.defaultplayer_intlqualifier__GaltonBoard__botB.bc24,dmtrung14.defaultplayer_intlqualifier,1,B,b1z2b,0,2000,MORE_FLAG_CAPTURES,0,300,207,5,9,276,8,1,7,818,384,1,207,149,1411,100,48.8,8,8,0,0,15.9,34,1,2
gauntlet/20261001-213712-scrim-b1z2b/losses/hsmalladi.finalbot__BreadPudding__botB.bc24,hsmalladi.finalbot,0,A,finalbot,1,2000,MORE_FLAG_CAPTURES,2400,2900,213,2,20,295,12,1,5,661,55,13,318,302,506,687,41.6,9,2,4,3,13.4,37,0,13
gauntlet/20261001-213712-scrim-b1z2b/losses/hsmalladi.finalbot__BreadPudding__botB.bc24,hsmalladi.finalbot,1,B,b1z2b,0,2000,MORE_FLAG_CAPTURES,2600,2900,202,0,6,313,13,0,13,227,108,5,217,204,687,506,43.9,13,13,0,0,18.9,43,4,2
gauntlet/20261001-213712-scrim-b1z2b/losses/jmerle.camel_case_v21_final__HungerGames__botB.bc24,jmerle.camel_case_v21_final,0,A,camel_case_v21_final,1,434,CAPTURE,600,18000,205,35,29,244,6,3,3,166,81,0,253,235,153,70,46.3,6,5,1,0,15.3,47,0,1
gauntlet/20261001-213712-scrim-b1z2b/losses/jmerle.camel_case_v21_final__HungerGames__botB.bc24,jmerle.camel_case_v21_final,1,B,b1z2b,0,434,CAPTURE,600,4100,203,5,9,282,1,1,0,28,14,3,75,73,70,153,41.6,1,1,0,0,,45,1,5
gauntlet/20261001-213712-scrim-b1z2b/losses/hsmalladi.finalbot__TwistedTreeline__botA.bc24,hsmalladi.finalbot,1,A,b1z2b,0,1879,CAPTURE,2400,2400,208,15,11,259,5,1,4,132,63,37,219,203,710,552,42.8,5,5,0,0,22.8,46,18,22
gauntlet/20261001-213712-scrim-b1z2b/losses/hsmalladi.finalbot__TwistedTreeline__botA.bc24,hsmalladi.finalbot,0,B,finalbot,1,1879,CAPTURE,2400,2400,205,33,19,236,51,3,37,1472,423,4,310,298,552,710,40.8,48,22,18,8,29.8,45,0,5
gauntlet/20261001-213712-scrim-b1z2b/losses/hsmalladi.finalbot__Hurricane__botA.bc24,hsmalladi.finalbot,1,A,b1z2b,0,2000,MORE_FLAG_CAPTURES,4500,4500,201,19,23,0,0,0,0,0,0,73,229,164,442,156,48.1,0,0,0,0,,47,38,37
gauntlet/20261001-213712-scrim-b1z2b/losses/hsmalladi.finalbot__Hurricane__botA.bc24,hsmalladi.finalbot,0,B,finalbot,1,2000,MORE_FLAG_CAPTURES,4500,4500,201,20,22,206,87,1,73,1181,350,0,244,215,156,442,44.6,84,37,38,9,19.0,47,0,0
gauntlet/20261001-213712-scrim-b1z2b/losses/jmerle.camel_case_v21_final__GravitationalWaves__botB.bc24,jmerle.camel_case_v21_final,0,A,camel_case_v21_final,1,2000,MORE_FLAG_CAPTURES,3700,3700,201,28,31,201,8,1,7,82,35,14,155,121,322,573,43.0,8,6,2,0,27.0,18,4,10
gauntlet/20261001-213712-scrim-b1z2b/losses/jmerle.camel_case_v21_final__GravitationalWaves__botB.bc24,jmerle.camel_case_v21_final,1,B,b1z2b,0,2000,MORE_FLAG_CAPTURES,3400,3400,201,23,22,201,14,0,14,117,60,7,224,163,573,322,46.1,14,10,4,0,23.6,19,2,6
gauntlet/20261001-213712-scrim-b1z2b/losses/jmerle.camel_case_v21_final__Starfish__botB.bc24,jmerle.camel_case_v21_final,0,A,camel_case_v21_final,1,345,CAPTURE,4100,4200,201,20,17,201,7,3,4,131,64,5,26,25,111,76,45.0,7,3,4,0,5.0,36,1,4
gauntlet/20261001-213712-scrim-b1z2b/losses/jmerle.camel_case_v21_final__Starfish__botB.bc24,jmerle.camel_case_v21_final,1,B,b1z2b,0,345,CAPTURE,4100,4100,201,18,4,201,5,0,5,14,2,4,35,33,76,111,42.4,5,4,1,0,7.2,45,4,3
gauntlet/20261001-213712-scrim-b1z2b/losses/kyleezz.jeeryfix3__CH3353C4K3F4CT0RY__botB.bc24,kyleezz.jeeryfix3,0,A,jeeryfix3,1,451,CAPTURE,13000,13300,206,11,11,228,6,3,3,215,106,1,177,138,70,143,42.8,6,4,2,0,19.7,40,0,1
gauntlet/20261001-213712-scrim-b1z2b/losses/kyleezz.jeeryfix3__CH3353C4K3F4CT0RY__botB.bc24,kyleezz.jeeryfix3,1,B,b1z2b,0,451,CAPTURE,13000,13100,202,27,16,252,1,0,1,2,0,3,161,138,143,70,46.2,1,1,0,0,16.0,39,2,4
gauntlet/20261001-213712-scrim-b1z2b/losses/jmerle.camel_case_v21_final__Hurricane__botA.bc24,jmerle.camel_case_v21_final,1,A,b1z2b,0,2000,MORE_FLAG_CAPTURES,4500,4500,201,4,1,207,36,0,36,587,286,7,226,111,229,166,48.0,36,34,2,0,14.7,45,3,6
gauntlet/20261001-213712-scrim-b1z2b/losses/jmerle.camel_case_v21_final__Hurricane__botA.bc24,jmerle.camel_case_v21_final,0,B,camel_case_v21_final,1,2000,MORE_FLAG_CAPTURES,4500,4500,201,31,27,204,9,2,7,289,142,36,133,126,166,229,47.2,9,6,3,0,21.4,46,2,34
gauntlet/20261001-213712-scrim-b1z2b/losses/justinottesen.sprint1__StarryNight__botA.bc24,justinottesen.sprint1,1,A,b1z2b,0,715,CAPTURE,13600,13600,201,14,12,201,5,2,2,139,65,3,241,215,406,67,47.6,5,4,1,0,19.5,40,0,6
gauntlet/20261001-213712-scrim-b1z2b/losses/justinottesen.sprint1__StarryNight__botA.bc24,justinottesen.sprint1,0,B,sprint1,1,715,CAPTURE,13600,17800,201,7,7,218,6,3,3,135,63,2,97,93,67,406,36.3,6,6,0,0,17.7,41,1,4
gauntlet/20261001-213712-scrim-b1z2b/losses/jmerle.camel_case_v21_final__OceanFloor__botB.bc24,jmerle.camel_case_v21_final,0,A,camel_case_v21_final,1,1065,CAPTURE,1400,1400,201,28,24,217,15,3,12,306,147,10,188,183,318,433,40.2,15,12,3,0,37.4,50,2,8
gauntlet/20261001-213712-scrim-b1z2b/losses/jmerle.camel_case_v21_final__OceanFloor__botB.bc24,jmerle.camel_case_v21_final,1,B,b1z2b,0,1065,CAPTURE,1400,1400,201,21,27,234,10,0,10,80,33,12,126,111,433,318,42.7,10,8,2,0,28.4,46,3,12
gauntlet/20261001-213712-scrim-b1z2b/losses/kyleezz.jeeryfix3__Skyline__botA.bc24,kyleezz.jeeryfix3,1,A,b1z2b,0,389,CAPTURE,21600,21600,207,8,9,312,0,0,0,0,0,4,222,192,111,37,47.8,0,0,0,0,,44,2,5
gauntlet/20261001-213712-scrim-b1z2b/losses/kyleezz.jeeryfix3__Skyline__botA.bc24,kyleezz.jeeryfix3,0,B,jeeryfix3,1,389,CAPTURE,21600,21600,201,19,25,231,7,3,4,101,49,0,159,98,37,111,43.3,7,5,2,0,17.5,48,0,0
gauntlet/20261001-213712-scrim-b1z2b/losses/quesswho.cretplayer2_3__Battlefield__botB.bc24,quesswho.cretplayer2_3,0,A,cretplayer2_3,1,349,CAPTURE,3700,3700,204,5,5,209,14,3,8,736,65,2,56,52,66,92,42.5,11,3,8,0,5.8,30,1,1
gauntlet/20261001-213712-scrim-b1z2b/losses/quesswho.cretplayer2_3__Battlefield__botB.bc24,quesswho.cretplayer2_3,1,B,b1z2b,0,349,CAPTURE,3600,3600,202,10,18,233,2,0,2,4,1,8,67,57,92,66,45.5,2,1,1,0,8.0,41,8,3
gauntlet/20261001-213712-scrim-b1z2b/losses/kyleezz.jeeryfix3__Digging__botB.bc24,kyleezz.jeeryfix3,0,A,jeeryfix3,1,2000,MORE_FLAG_CAPTURES,700,2100,208,28,20,236,2,1,1,25,13,0,222,220,407,1511,31.6,2,1,1,0,13.0,47,0,0
gauntlet/20261001-213712-scrim-b1z2b/losses/kyleezz.jeeryfix3__Digging__botB.bc24,kyleezz.jeeryfix3,1,B,b1z2b,0,2000,MORE_FLAG_CAPTURES,700,2100,218,4,5,606,0,0,0,0,0,1,228,207,1511,407,45.1,0,0,0,0,,47,1,1
gauntlet/20261001-213712-scrim-b1z2b/losses/quesswho.cretplayer2_3__KingQuacksCastle__botB.bc24,quesswho.cretplayer2_3,0,A,cretplayer2_3,1,766,CAPTURE,1600,12800,204,17,24,238,22,3,16,1017,217,19,135,127,255,286,40.3,19,5,14,0,13.4,41,6,13
gauntlet/20261001-213712-scrim-b1z2b/losses/quesswho.cretplayer2_3__KingQuacksCastle__botB.bc24,quesswho.cretplayer2_3,1,B,b1z2b,0,766,CAPTURE,1600,2000,205,15,18,251,19,0,19,163,63,16,107,65,286,255,41.9,19,13,6,0,26.1,48,14,5
gauntlet/20261001-213712-scrim-b1z2b/losses/quesswho.cretplayer2_3__Canals__botA.bc24,quesswho.cretplayer2_3,1,A,b1z2b,0,1088,CAPTURE,4600,4800,207,6,3,379,9,2,6,300,145,19,194,158,418,308,43.1,9,6,3,0,27.5,47,16,6
gauntlet/20261001-213712-scrim-b1z2b/losses/quesswho.cretplayer2_3__Canals__botA.bc24,quesswho.cretplayer2_3,0,B,cretplayer2_3,1,1088,CAPTURE,4600,5700,204,25,20,229,25,3,19,1272,371,6,171,168,308,418,40.2,22,6,16,0,22.3,43,3,6
gauntlet/20261001-213712-scrim-b1z2b/losses/winkelmantanner.waffle__Islands__botA.bc24,winkelmantanner.waffle,1,A,b1z2b,0,961,CAPTURE,5800,5800,201,11,19,249,4,2,1,154,75,36,145,143,431,150,46.2,4,4,0,0,6.0,47,26,13
gauntlet/20261001-213712-scrim-b1z2b/losses/winkelmantanner.waffle__Islands__botA.bc24,winkelmantanner.waffle,0,B,waffle,1,961,CAPTURE,5800,5800,201,22,7,215,39,3,36,407,188,1,161,156,150,431,39.1,39,13,26,0,18.9,41,0,4
gauntlet/20261001-213712-scrim-b1z2b/losses/winkelmantanner.waffle__Gauntlet__botB.bc24,winkelmantanner.waffle,0,A,waffle,1,1253,CAPTURE,2100,3500,208,33,39,254,72,3,69,648,294,2,182,178,336,620,37.9,72,18,54,0,22.7,28,0,4
gauntlet/20261001-213712-scrim-b1z2b/losses/winkelmantanner.waffle__Gauntlet__botB.bc24,winkelmantanner.waffle,1,B,b1z2b,0,1253,CAPTURE,2000,2000,205,8,10,243,4,2,2,179,84,69,170,160,620,336,43.5,4,4,0,0,24.0,39,54,18
gauntlet/20261001-213712-scrim-b1z2b/losses/winkelmantanner.waffle__StackGame__botB.bc24,winkelmantanner.waffle,0,A,waffle,1,397,CAPTURE,4600,4600,204,22,14,218,12,3,9,170,79,0,85,77,48,106,43.7,12,3,9,0,11.9,33,0,0
gauntlet/20261001-213712-scrim-b1z2b/losses/winkelmantanner.waffle__StackGame__botB.bc24,winkelmantanner.waffle,1,B,b1z2b,0,397,CAPTURE,4600,4600,201,10,5,302,0,0,0,0,0,9,79,74,106,48,47.0,0,0,0,0,,45,9,3
gauntlet/20261001-213712-scrim-b1z2b/losses/winkelmantanner.waffle__Skyline__botA.bc24,winkelmantanner.waffle,1,A,b1z2b,0,498,CAPTURE,21600,21600,204,11,10,252,0,0,0,0,0,11,227,205,147,86,45.9,0,0,0,0,,46,11,3
gauntlet/20261001-213712-scrim-b1z2b/losses/winkelmantanner.waffle__Skyline__botA.bc24,winkelmantanner.waffle,0,B,waffle,1,498,CAPTURE,21600,21600,201,19,17,232,14,3,11,180,82,0,259,238,86,147,42.9,14,3,11,0,11.5,40,0,0
gauntlet/20261001-213712-scrim-b1z2b/replays/ColtG5.Goob_final__BigDucksBigPond__botB.bc24,ColtG5.Goob_final,0,A,Goob_final,0,1952,CAPTURE,5000,8600,201,34,8,232,8,1,7,114,52,5,284,277,461,1273,34.1,8,6,2,0,43.7,47,5,3
gauntlet/20261001-213712-scrim-b1z2b/replays/ColtG5.Goob_final__BigDucksBigPond__botB.bc24,ColtG5.Goob_final,1,B,b1z2b,1,1952,CAPTURE,5100,5300,201,7,19,242,8,3,5,368,211,7,405,331,1273,461,44.3,8,3,5,0,29.2,46,2,6
gauntlet/20261001-213712-scrim-b1z2b/replays/ColtG5.Goob_final__OceanFloor__botA.bc24,ColtG5.Goob_final,1,A,b1z2b,1,1815,CAPTURE,1400,1400,201,26,17,253,5,3,2,207,105,18,407,307,1157,380,44.9,5,4,1,0,53.5,46,6,14
gauntlet/20261001-213712-scrim-b1z2b/replays/ColtG5.Goob_final__OceanFloor__botA.bc24,ColtG5.Goob_final,0,B,Goob_final,0,1815,CAPTURE,1400,1400,201,29,22,221,20,2,18,283,130,2,231,229,380,1157,34.5,20,14,6,0,35.7,47,1,4
gauntlet/20261001-213712-scrim-b1z2b/replays/ColtG5.Goob_final__DefaultLarge__botA.bc24,ColtG5.Goob_final,1,A,b1z2b,1,2000,MORE_FLAG_CAPTURES,1800,3400,211,16,22,286,5,1,4,200,86,19,483,403,1349,445,44.6,5,4,1,0,42.5,43,8,11
gauntlet/20261001-213712-scrim-b1z2b/replays/ColtG5.Goob_final__DefaultLarge__botA.bc24,ColtG5.Goob_final,0,B,Goob_final,0,2000,MORE_FLAG_CAPTURES,1800,5700,202,24,20,279,19,0,19,127,54,4,280,270,445,1349,33.6,19,11,8,0,40.5,45,1,4
gauntlet/20261001-213712-scrim-b1z2b/replays/CyrilSharma.finalBot__Fusbol__botA.bc24,CyrilSharma.finalBot,1,A,b1z2b,1,2000,LEVEL_SUM,7200,12600,202,44,20,225,0,0,0,0,0,4,306,266,411,432,44.6,0,0,0,0,,38,3,1
gauntlet/20261001-213712-scrim-b1z2b/replays/CyrilSharma.finalBot__Fusbol__botA.bc24,CyrilSharma.finalBot,0,B,finalBot,0,2000,LEVEL_SUM,1200,5400,307,0,0,359,4,0,4,15,5,0,420,403,432,411,43.1,4,1,3,0,43.0,0,0,0
gauntlet/20261001-213712-scrim-b1z2b/replays/ColtG5.Goob_final__Tunnels__botA.bc24,ColtG5.Goob_final,1,A,b1z2b,1,2000,LEVEL_SUM,2400,3000,248,0,0,386,0,0,0,0,0,6,216,201,754,296,46.4,0,0,0,0,,33,0,6
gauntlet/20261001-213712-scrim-b1z2b/replays/ColtG5.Goob_final__Tunnels__botA.bc24,ColtG5.Goob_final,0,B,Goob_final,0,2000,LEVEL_SUM,2400,3600,203,4,0,210,6,0,6,41,20,0,216,195,296,754,40.8,6,6,0,0,14.3,33,0,0
gauntlet/20261001-213712-scrim-b1z2b/replays/IvanGeffner.kuma__Capacitance__botA.bc24,IvanGeffner.kuma,1,A,b1z2b,1,2000,LEVEL_SUM,3600,4600,201,14,10,231,2,1,1,16,7,9,263,243,398,470,44.2,2,2,0,0,10.0,47,5,6
gauntlet/20261001-213712-scrim-b1z2b/replays/IvanGeffner.kuma__Capacitance__botA.bc24,IvanGeffner.kuma,0,B,kuma,0,2000,LEVEL_SUM,3600,5400,201,33,28,210,24,1,9,111,50,1,424,417,470,398,45.2,24,6,5,13,11.7,40,0,2
gauntlet/20261001-213712-scrim-b1z2b/replays/Gymhgy.v10official__Diagonal__botA.bc24,Gymhgy.v10official,1,A,b1z2b,1,2000,LEVEL_SUM,5100,5100,201,24,33,222,5,0,4,902,515,0,264,219,204,109,48.7,5,5,0,0,34.8,37,0,0
gauntlet/20261001-213712-scrim-b1z2b/replays/Gymhgy.v10official__Diagonal__botA.bc24,Gymhgy.v10official,0,B,v10official,0,2000,LEVEL_SUM,5100,5100,201,12,16,352,3,0,0,591,6,4,266,140,109,204,47.5,0,0,0,0,,30,0,5
gauntlet/20261001-213712-scrim-b1z2b/replays/SampleProvider.TSPAARKSPRINT1__KingQuacksCastle__botB.bc24,SampleProvider.TSPAARKSPRINT1,0,A,TSPAARKSPRINT1,0,1550,CAPTURE,1600,11200,205,4,16,262,74,1,70,839,333,9,122,113,212,445,43.0,71,35,36,0,20.4,42,3,9
gauntlet/20261001-213712-scrim-b1z2b/replays/SampleProvider.TSPAARKSPRINT1__KingQuacksCastle__botB.bc24,SampleProvider.TSPAARKSPRINT1,1,B,b1z2b,1,1550,CAPTURE,1600,2100,204,17,14,281,12,3,9,404,181,70,182,172,445,212,46.7,12,9,3,0,22.1,48,36,35
gauntlet/20261001-213712-scrim-b1z2b/replays/NotLLeon.v3__Hurricane__botB.bc24,NotLLeon.v3,0,A,v3,0,2000,LEVEL_SUM,4500,4500,201,18,28,213,75,0,75,538,257,17,239,220,145,221,47.3,75,42,33,0,16.3,46,2,15
gauntlet/20261001-213712-scrim-b1z2b/replays/NotLLeon.v3__Hurricane__botB.bc24,NotLLeon.v3,1,B,b1z2b,1,2000,LEVEL_SUM,4500,4500,201,10,22,217,17,0,17,132,58,75,226,179,221,145,48.2,17,15,2,0,16.5,47,33,42
gauntlet/20261001-213712-scrim-b1z2b/replays/awu7.ExplosiveBot__Alligator__botA.bc24,awu7.ExplosiveBot,1,A,b1z2b,1,1065,CAPTURE,3300,6900,201,24,25,206,32,3,29,386,172,2,331,233,661,115,47.4,32,21,11,0,16.9,37,1,1
gauntlet/20261001-213712-scrim-b1z2b/replays/awu7.ExplosiveBot__Alligator__botA.bc24,awu7.ExplosiveBot,0,B,ExplosiveBot,0,1065,CAPTURE,3300,5700,201,2,1,270,6,0,2,15,2,29,79,74,115,661,35.1,6,1,1,4,19.5,27,11,21
gauntlet/20261001-213712-scrim-b1z2b/replays/SampleProvider.TSPAARKSPRINT1__WheresMyWater__botB.bc24,SampleProvider.TSPAARKSPRINT1,0,A,TSPAARKSPRINT1,0,2000,LEVEL_SUM,3000,3900,201,2,2,201,25,2,19,722,299,7,73,69,107,997,37.8,22,11,11,0,9.5,44,1,8
gauntlet/20261001-213712-scrim-b1z2b/replays/SampleProvider.TSPAARKSPRINT1__WheresMyWater__botB.bc24,SampleProvider.TSPAARKSPRINT1,1,B,b1z2b,1,2000,LEVEL_SUM,3000,4500,201,21,21,201,9,2,7,165,81,19,301,291,997,107,48.7,9,8,1,0,23.9,44,11,11
gauntlet/20261001-213712-scrim-b1z2b/replays/SampleProvider.TSPAARKSPRINT1__English__botA.bc24,SampleProvider.TSPAARKSPRINT1,1,A,b1z2b,1,1506,CAPTURE,10900,10900,201,42,41,227,60,3,57,1404,667,20,387,324,768,135,47.8,60,45,15,0,27.7,47,8,14
gauntlet/20261001-213712-scrim-b1z2b/replays/SampleProvider.TSPAARKSPRINT1__English__botA.bc24,SampleProvider.TSPAARKSPRINT1,0,B,TSPAARKSPRINT1,0,1506,CAPTURE,10900,10900,201,6,6,207,25,2,20,808,285,57,60,50,135,768,37.7,22,14,8,0,27.3,37,15,45
gauntlet/20261001-213712-scrim-b1z2b/replays/awu7.ExplosiveBot__Canals__botA.bc24,awu7.ExplosiveBot,1,A,b1z2b,1,1216,CAPTURE,4600,4600,223,13,39,239,27,3,24,508,237,14,403,318,959,123,47.5,27,15,12,0,29.2,47,1,13
gauntlet/20261001-213712-scrim-b1z2b/replays/awu7.ExplosiveBot__Canals__botA.bc24,awu7.ExplosiveBot,0,B,ExplosiveBot,0,1216,CAPTURE,4600,4900,202,22,4,232,18,0,14,110,46,24,109,93,123,959,30.9,18,13,1,4,24.6,38,12,15
gauntlet/20261001-213712-scrim-b1z2b/replays/awu7.ExplosiveBot__Capacitance__botB.bc24,awu7.ExplosiveBot,0,A,ExplosiveBot,0,1669,CAPTURE,3600,4800,201,8,10,207,54,2,24,355,149,10,134,118,145,1121,33.8,54,20,7,27,11.2,39,4,9
gauntlet/20261001-213712-scrim-b1z2b/replays/awu7.ExplosiveBot__Capacitance__botB.bc24,awu7.ExplosiveBot,1,B,b1z2b,1,1669,CAPTURE,3600,5100,201,24,16,231,13,3,10,284,136,24,367,333,1121,145,47.9,13,9,4,0,12.4,46,7,20
gauntlet/20261001-213712-scrim-b1z2b/replays/awu7.ExplosiveBot__GaltonBoard__botA.bc24,awu7.ExplosiveBot,1,A,b1z2b,1,1687,CAPTURE,0,2100,201,14,10,287,17,3,14,480,198,8,446,286,1438,196,47.1,17,6,11,0,14.8,42,6,4
gauntlet/20261001-213712-scrim-b1z2b/replays/awu7.ExplosiveBot__GaltonBoard__botA.bc24,awu7.ExplosiveBot,0,B,ExplosiveBot,0,1687,CAPTURE,0,1000,205,6,10,224,20,1,8,30,6,14,66,64,196,1438,29.5,20,4,6,10,18.9,21,11,6
gauntlet/20261001-213712-scrim-b1z2b/replays/clbarrell.duck8__Hockey__botB.bc24,clbarrell.duck8,0,A,duck8,0,1011,CAPTURE,3300,3600,207,11,0,845,0,0,0,0,0,3,124,114,87,653,34.5,0,0,0,0,,30,2,4
gauntlet/20261001-213712-scrim-b1z2b/replays/clbarrell.duck8__Hockey__botB.bc24,clbarrell.duck8,1,B,b1z2b,1,1011,CAPTURE,3300,3300,213,20,15,446,6,3,3,366,172,0,304,198,653,87,47.9,6,4,2,0,24.7,37,0,0
gauntlet/20261001-213712-scrim-b1z2b/replays/awu7.ExplosiveBot__Joker__botB.bc24,awu7.ExplosiveBot,0,A,ExplosiveBot,0,1242,CAPTURE,14500,19000,202,15,1,239,4,0,4,6,0,24,197,163,204,778,34.9,4,4,0,0,22.8,26,9,18
gauntlet/20261001-213712-scrim-b1z2b/replays/awu7.ExplosiveBot__Joker__botB.bc24,awu7.ExplosiveBot,1,B,b1z2b,1,1242,CAPTURE,14500,21000,202,33,28,242,27,3,24,587,278,4,507,399,778,204,46.0,27,18,9,0,21.7,46,0,4
gauntlet/20261001-213712-scrim-b1z2b/replays/clbarrell.duck8__Islands__botB.bc24,clbarrell.duck8,0,A,duck8,0,1022,CAPTURE,5800,5800,201,10,9,215,24,2,22,217,87,4,155,141,183,428,39.8,24,10,14,0,14.8,46,2,5
gauntlet/20261001-213712-scrim-b1z2b/replays/clbarrell.duck8__Islands__botB.bc24,clbarrell.duck8,1,B,b1z2b,1,1022,CAPTURE,5800,5800,201,28,19,278,7,3,4,425,202,22,195,170,428,183,45.6,7,5,2,0,18.3,47,14,10
gauntlet/20261001-213712-scrim-b1z2b/replays/awu7.ExplosiveBot__Klein__botB.bc24,awu7.ExplosiveBot,0,A,ExplosiveBot,0,1649,CAPTURE,5700,7500,202,3,1,343,29,0,10,168,64,15,73,64,163,1257,31.5,29,11,1,17,15.7,37,4,14
gauntlet/20261001-213712-scrim-b1z2b/replays/awu7.ExplosiveBot__Klein__botB.bc24,awu7.ExplosiveBot,1,B,b1z2b,1,1649,CAPTURE,6300,6300,202,26,41,239,18,3,15,621,300,10,495,423,1257,163,47.6,18,14,4,0,18.0,49,1,11
gauntlet/20261001-213712-scrim-b1z2b/replays/clbarrell.duck8__Mountain__botB.bc24,clbarrell.duck8,0,A,duck8,0,2000,MORE_FLAG_CAPTURES,4100,6200,203,14,4,203,7,1,6,25,8,1,251,226,372,1215,35.3,7,3,4,0,15.7,45,0,3
gauntlet/20261001-213712-scrim-b1z2b/replays/clbarrell.duck8__Mountain__botB.bc24,clbarrell.duck8,1,B,b1z2b,1,2000,MORE_FLAG_CAPTURES,4100,4700,201,3,8,324,3,2,1,101,48,6,421,316,1215,372,45.5,3,3,0,0,24.0,47,4,3
gauntlet/20261001-213712-scrim-b1z2b/replays/dmtrung14.defaultplayer_intlqualifier__OceanFloor__botB.bc24,dmtrung14.defaultplayer_intlqualifier,0,A,defaultplayer_intlqualifier,0,2000,MORE_FLAG_CAPTURES,1400,1400,201,28,19,240,30,0,13,441,161,2,53,46,115,927,33.5,27,9,4,14,24.5,40,1,2
gauntlet/20261001-213712-scrim-b1z2b/replays/dmtrung14.defaultplayer_intlqualifier__OceanFloor__botB.bc24,dmtrung14.defaultplayer_intlqualifier,1,B,b1z2b,1,2000,MORE_FLAG_CAPTURES,1400,1400,201,31,19,225,3,1,2,112,55,13,478,231,927,115,48.6,3,2,1,0,23.0,46,4,9
gauntlet/20261001-213712-scrim-b1z2b/replays/dmtrung14.defaultplayer_intlqualifier__StarryNight__botA.bc24,dmtrung14.defaultplayer_intlqualifier,1,A,b1z2b,1,2000,LEVEL_SUM,13600,13700,201,24,25,221,13,1,11,237,120,5,291,263,875,81,49.0,13,10,3,0,20.3,41,2,4
gauntlet/20261001-213712-scrim-b1z2b/replays/dmtrung14.defaultplayer_intlqualifier__StarryNight__botA.bc24,dmtrung14.defaultplayer_intlqualifier,0,B,defaultplayer_intlqualifier,0,2000,LEVEL_SUM,13600,13700,201,14,4,201,19,1,5,338,18,11,106,100,81,875,38.6,16,4,2,10,19.6,46,3,10
gauntlet/20261001-213712-scrim-b1z2b/replays/jonters.bling3__Alien__botA.bc24,jonters.bling3,1,A,b1z2b,1,1503,CAPTURE,3300,3300,202,17,14,227,26,3,23,245,109,4,262,206,710,262,45.7,26,23,3,0,15.2,42,3,3
gauntlet/20261001-213712-scrim-b1z2b/replays/jonters.bling3__Alien__botA.bc24,jonters.bling3,0,B,bling3,0,1503,CAPTURE,3300,3300,206,14,16,214,6,2,4,105,44,23,122,115,262,710,38.2,6,3,3,0,14.0,35,3,23
gauntlet/20261001-213712-scrim-b1z2b/replays/dmtrung14.defaultplayer_intlqualifier__Klein__botA.bc24,dmtrung14.defaultplayer_intlqualifier,1,A,b1z2b,1,2000,MORE_FLAG_CAPTURES,6600,6600,202,14,14,201,8,1,7,366,178,0,219,159,285,84,49.0,8,5,3,0,16.9,49,0,0
gauntlet/20261001-213712-scrim-b1z2b/replays/dmtrung14.defaultplayer_intlqualifier__Klein__botA.bc24,dmtrung14.defaultplayer_intlqualifier,0,B,defaultplayer_intlqualifier,0,2000,MORE_FLAG_CAPTURES,6000,7200,202,1,3,959,3,0,0,294,62,7,60,43,84,285,46.5,0,0,0,0,,43,3,5
gauntlet/20261001-213712-scrim-b1z2b/replays/dmtrung14.defaultplayer_intlqualifier__Foxes__botB.bc24,dmtrung14.defaultplayer_intlqualifier,0,A,defaultplayer_intlqualifier,0,2000,MORE_FLAG_CAPTURES,7500,7500,205,3,0,362,3,0,0,294,34,5,109,93,36,429,44.7,0,0,0,0,,36,2,5
gauntlet/20261001-213712-scrim-b1z2b/replays/dmtrung14.defaultplayer_intlqualifier__Foxes__botB.bc24,dmtrung14.defaultplayer_intlqualifier,1,B,b1z2b,1,2000,MORE_FLAG_CAPTURES,7500,7500,203,31,32,276,7,2,5,598,285,0,287,163,429,36,49.5,7,5,2,0,38.6,40,0,0
gauntlet/20261001-213712-scrim-b1z2b/replays/hsmalladi.finalbot__Puzzle__botA.bc24,hsmalladi.finalbot,1,A,b1z2b,1,2000,LEVEL_SUM,0,9000,207,15,23,227,12,2,9,1032,496,10,253,222,283,248,47.0,12,11,1,0,12.8,43,5,7
gauntlet/20261001-213712-scrim-b1z2b/replays/hsmalladi.finalbot__Puzzle__botA.bc24,hsmalladi.finalbot,0,B,finalbot,0,2000,LEVEL_SUM,0,13600,209,36,35,258,24,2,10,874,191,9,307,296,248,283,46.5,21,7,5,9,25.7,47,1,11
gauntlet/20261001-213712-scrim-b1z2b/replays/jonters.bling3__DefaultHuge__botB.bc24,jonters.bling3,0,A,bling3,0,941,CAPTURE,3700,3700,201,30,22,254,11,1,9,349,150,7,83,62,147,321,41.6,11,9,2,0,14.3,27,1,9
gauntlet/20261001-213712-scrim-b1z2b/replays/jonters.bling3__DefaultHuge__botB.bc24,jonters.bling3,1,B,b1z2b,1,941,CAPTURE,3700,3700,201,18,33,211,10,3,7,349,171,9,204,186,321,147,46.2,10,9,1,0,15.6,47,2,9
gauntlet/20261001-213712-scrim-b1z2b/replays/justinottesen.sprint1__GaltonBoard__botB.bc24,justinottesen.sprint1,0,A,sprint1,0,1068,CAPTURE,0,21800,201,14,18,266,0,0,0,0,0,3,188,179,104,856,30.8,0,0,0,0,,31,2,4
gauntlet/20261001-213712-scrim-b1z2b/replays/justinottesen.sprint1__GaltonBoard__botB.bc24,justinottesen.sprint1,1,B,b1z2b,1,1068,CAPTURE,0,5100,203,1,2,220,6,3,3,265,126,0,277,213,856,104,47.6,6,4,2,0,14.7,38,0,0
gauntlet/20261001-213712-scrim-b1z2b/replays/justinottesen.sprint1__Battlecode24__botB.bc24,justinottesen.sprint1,0,A,sprint1,0,627,CAPTURE,10600,18200,204,9,9,324,0,0,0,0,0,11,88,59,55,245,40.9,0,0,0,0,,15,0,14
gauntlet/20261001-213712-scrim-b1z2b/replays/justinottesen.sprint1__Battlecode24__botB.bc24,justinottesen.sprint1,1,B,b1z2b,1,627,CAPTURE,12400,22900,202,30,19,210,14,3,11,334,160,0,320,286,245,55,47.8,14,14,0,0,25.6,27,0,0
gauntlet/20261001-213712-scrim-b1z2b/replays/jonters.bling3__Randy__botB.bc24,jonters.bling3,0,A,bling3,0,1047,CAPTURE,3400,12200,201,15,20,206,9,2,7,276,117,16,109,102,189,365,41.2,9,7,2,0,10.6,34,3,16
gauntlet/20261001-213712-scrim-b1z2b/replays/jonters.bling3__Randy__botB.bc24,jonters.bling3,1,B,b1z2b,1,1047,CAPTURE,3400,4800,201,20,15,207,19,3,16,182,82,7,190,177,365,189,45.6,19,16,3,0,9.9,41,2,7
gauntlet/20261001-213712-scrim-b1z2b/replays/jonters.bling3__Hockey__botB.bc24,jonters.bling3,0,A,bling3,0,1201,CAPTURE,3300,3300,397,0,0,0,0,0,0,0,0,16,64,64,142,331,43.3,0,0,0,0,,40,6,13
gauntlet/20261001-213712-scrim-b1z2b/replays/jonters.bling3__Hockey__botB.bc24,jonters.bling3,1,B,b1z2b,1,1201,CAPTURE,3300,3300,218,7,14,301,19,3,16,300,143,0,204,98,331,142,47.2,19,13,6,0,22.4,35,0,0
gauntlet/20261001-213712-scrim-b1z2b/replays/jonters.bling3__Snake__botA.bc24,jonters.bling3,1,A,b1z2b,1,2000,MORE_FLAG_CAPTURES,13100,32800,203,26,11,219,18,2,16,374,185,1,518,392,726,359,45.6,18,14,4,0,27.5,47,1,1
gauntlet/20261001-213712-scrim-b1z2b/replays/jonters.bling3__Snake__botA.bc24,jonters.bling3,0,B,bling3,0,2000,MORE_FLAG_CAPTURES,13100,25100,207,35,34,293,2,1,1,70,35,16,253,240,359,726,40.8,2,1,1,0,35.0,39,4,14
gauntlet/20261001-213712-scrim-b1z2b/replays/jonters.bling3__Whirlpool__botB.bc24,jonters.bling3,0,A,bling3,0,2000,MORE_FLAG_CAPTURES,2800,7200,201,25,20,242,1,1,0,50,25,3,128,120,251,775,40.2,1,1,0,0,,43,0,5
gauntlet/20261001-213712-scrim-b1z2b/replays/jonters.bling3__Whirlpool__botB.bc24,jonters.bling3,1,B,b1z2b,1,2000,MORE_FLAG_CAPTURES,2800,2800,201,24,21,350,5,2,3,133,66,0,234,206,775,251,46.9,5,5,0,0,15.3,44,0,1
gauntlet/20261001-213712-scrim-b1z2b/replays/justinottesen.sprint1__Rivers__botB.bc24,justinottesen.sprint1,0,A,sprint1,0,632,CAPTURE,1500,2100,201,0,0,0,0,0,0,0,0,9,34,33,25,512,30.8,0,0,0,0,,29,5,7
gauntlet/20261001-213712-scrim-b1z2b/replays/justinottesen.sprint1__Rivers__botB.bc24,justinottesen.sprint1,1,B,b1z2b,1,632,CAPTURE,1500,2100,221,4,27,296,12,3,9,323,155,0,182,100,512,25,49.0,12,7,5,0,19.1,34,0,0
gauntlet/20261001-213712-scrim-b1z2b/replays/justinottesen.sprint1__Joker__botA.bc24,justinottesen.sprint1,1,A,b1z2b,1,907,CAPTURE,14500,20900,202,13,17,224,23,3,20,550,260,4,382,363,526,137,46.2,23,18,5,0,19.6,46,0,4
gauntlet/20261001-213712-scrim-b1z2b/replays/justinottesen.sprint1__Joker__botA.bc24,justinottesen.sprint1,0,B,sprint1,0,907,CAPTURE,14500,21200,202,10,11,341,4,0,4,79,34,20,151,140,137,526,36.0,4,4,0,0,17.5,29,5,18
gauntlet/20261001-213712-scrim-b1z2b/replays/justinottesen.sprint1__Hurricane__botB.bc24,justinottesen.sprint1,0,A,sprint1,0,1343,CAPTURE,4200,4500,201,10,22,243,24,0,24,178,76,24,48,46,57,796,35.8,24,22,2,0,20.0,39,7,20
gauntlet/20261001-213712-scrim-b1z2b/replays/justinottesen.sprint1__Hurricane__botB.bc24,justinottesen.sprint1,1,B,b1z2b,1,1343,CAPTURE,4500,4500,201,19,34,218,27,3,24,969,472,24,339,261,796,57,48.9,27,20,7,0,15.2,45,2,22
gauntlet/20261001-213712-scrim-b1z2b/replays/kyleezz.jeeryfix3__OceanFloor__botA.bc24,kyleezz.jeeryfix3,1,A,b1z2b,1,1589,CAPTURE,1400,1400,201,14,13,317,7,3,4,313,150,20,380,286,951,274,45.8,7,6,1,0,36.0,47,12,10
gauntlet/20261001-213712-scrim-b1z2b/replays/kyleezz.jeeryfix3__OceanFloor__botA.bc24,kyleezz.jeeryfix3,0,B,jeeryfix3,0,1589,CAPTURE,1400,1400,201,26,19,233,22,2,20,230,109,4,163,159,274,951,35.5,22,10,12,0,36.0,49,1,6
gauntlet/20261001-213712-scrim-b1z2b/replays/kyleezz.jeeryfix3__Hurricane__botB.bc24,kyleezz.jeeryfix3,0,A,jeeryfix3,0,2000,LEVEL_SUM,4500,4500,201,23,26,204,8,0,8,37,15,4,50,29,33,184,47.7,8,6,2,0,23.1,46,0,4
gauntlet/20261001-213712-scrim-b1z2b/replays/kyleezz.jeeryfix3__Hurricane__botB.bc24,kyleezz.jeeryfix3,1,B,b1z2b,1,2000,LEVEL_SUM,4500,4500,201,30,31,229,4,0,4,24,10,8,272,58,184,33,49.6,4,4,0,0,20.3,47,2,6
gauntlet/20261001-213712-scrim-b1z2b/replays/kyleezz.jeeryfix3__YearOfTheDragon__botB.bc24,kyleezz.jeeryfix3,0,A,jeeryfix3,0,2000,MORE_FLAG_CAPTURES,10800,10800,201,17,25,224,6,1,5,43,21,5,336,331,357,1488,31.8,6,4,2,0,20.6,41,0,7
gauntlet/20261001-213712-scrim-b1z2b/replays/kyleezz.jeeryfix3__YearOfTheDragon__botB.bc24,kyleezz.jeeryfix3,1,B,b1z2b,1,2000,MORE_FLAG_CAPTURES,10800,10800,201,23,1,233,7,2,5,176,67,5,653,557,1488,357,45.6,7,7,0,0,20.0,44,2,4
gauntlet/20261001-213712-scrim-b1z2b/replays/quesswho.cretplayer2_3__Capacitance__botA.bc24,quesswho.cretplayer2_3,1,A,b1z2b,1,543,CAPTURE,3600,4200,201,27,17,201,7,3,4,169,74,1,94,72,68,42,48.2,7,6,1,0,9.0,46,1,2
gauntlet/20261001-213712-scrim-b1z2b/replays/quesswho.cretplayer2_3__Capacitance__botA.bc24,quesswho.cretplayer2_3,0,B,cretplayer2_3,0,543,CAPTURE,3600,5800,201,18,12,206,6,1,1,871,88,4,97,90,42,68,46.1,3,2,1,0,4.0,33,1,6
gauntlet/20261001-213712-scrim-b1z2b/replays/quesswho.cretplayer2_3__OceanFloor__botA.bc24,quesswho.cretplayer2_3,1,A,b1z2b,1,834,CAPTURE,1400,1400,201,29,9,458,4,3,1,814,386,9,95,60,170,60,48.2,4,4,0,0,7.0,46,7,4
gauntlet/20261001-213712-scrim-b1z2b/replays/quesswho.cretplayer2_3__OceanFloor__botA.bc24,quesswho.cretplayer2_3,0,B,cretplayer2_3,0,834,CAPTURE,1400,1400,201,11,15,219,14,2,9,804,153,1,59,54,60,170,44.4,11,4,7,0,23.8,25,0,4
gauntlet/20261001-213712-scrim-b1z2b/replays/winkelmantanner.waffle__BedWars__botA.bc24,winkelmantanner.waffle,1,A,b1z2b,1,638,CAPTURE,2400,2600,363,0,0,376,5,3,2,156,74,10,43,34,85,32,48.8,5,5,0,0,15.5,48,7,4
gauntlet/20261001-213712-scrim-b1z2b/replays/winkelmantanner.waffle__BedWars__botA.bc24,winkelmantanner.waffle,0,B,waffle,0,638,CAPTURE,2400,4200,205,7,7,257,11,1,10,106,45,2,31,31,32,85,46.8,11,4,7,0,12.5,47,0,5
gauntlet/20261001-213712-scrim-b1z2b/replays/quesswho.cretplayer2_3__Tunnels__botB.bc24,quesswho.cretplayer2_3,0,A,cretplayer2_3,0,2000,LEVEL_SUM,2400,3600,203,5,6,205,17,1,13,681,50,4,211,183,280,1614,30.1,14,3,11,0,11.5,28,2,3
gauntlet/20261001-213712-scrim-b1z2b/replays/quesswho.cretplayer2_3__Tunnels__botB.bc24,quesswho.cretplayer2_3,1,B,b1z2b,1,2000,LEVEL_SUM,2400,3000,219,8,7,404,5,1,4,62,28,13,238,227,1614,280,46.6,5,3,2,0,12.3,36,11,3
gauntlet/20261001-213712-scrim-b1z2b/replays/winkelmantanner.waffle__Whirlpool__botB.bc24,winkelmantanner.waffle,0,A,waffle,0,2000,LEVEL_SUM,2800,4800,201,28,24,270,5,2,3,124,60,0,229,214,296,791,40.3,5,2,3,0,18.3,36,0,2
gauntlet/20261001-213712-scrim-b1z2b/replays/winkelmantanner.waffle__Whirlpool__botB.bc24,winkelmantanner.waffle,1,B,b1z2b,1,2000,LEVEL_SUM,2800,5200,201,15,11,794,2,2,0,81,39,3,242,218,791,296,46.4,2,2,0,0,,43,3,2
