file,opp,us,team,name,won,rounds,wintype,gathered200,gathered400,firstEnemySide,inEnemy250,inEnemy300,firstFlagSight,pickups,captured,carrierDeaths,carrierRounds,carrierMoves,enemyCarrierKills,trapsBuilt,trapsHit,kills,deaths,meanAlive,postPickups,firstGrabs,regrabs,relayPickups,carrierDeathDist,damStage199,enemyRegrabs,enemyFirstGrabs
gauntlet/20261001-234816-scrim-b2fs/losses/ColtG5.Goob_final__Ambush__botA.bc24,ColtG5.Goob_final,1,A,b2fs,0,341,CAPTURE,2000,2000,201,16,8,201,1,1,0,12,6,9,49,47,77,47,47.0,1,1,0,0,,48,4,8
gauntlet/20261001-234816-scrim-b2fs/losses/ColtG5.Goob_final__Ambush__botA.bc24,ColtG5.Goob_final,0,B,Goob_final,1,341,CAPTURE,2300,6200,201,20,21,201,12,3,9,90,40,0,78,51,47,77,45.3,12,8,4,0,7.7,47,0,1
gauntlet/20261001-234816-scrim-b2fs/losses/ColtG5.Goob_final__SteamboatMickey__botB.bc24,ColtG5.Goob_final,0,A,Goob_final,1,557,CAPTURE,7300,16900,201,4,11,201,5,3,2,208,101,1,188,158,76,166,42.9,5,5,0,0,21.0,43,1,1
gauntlet/20261001-234816-scrim-b2fs/losses/ColtG5.Goob_final__SteamboatMickey__botB.bc24,ColtG5.Goob_final,1,B,b2fs,0,557,CAPTURE,7300,9700,201,26,17,201,2,1,1,60,28,2,162,156,166,76,46.6,2,1,1,0,26.0,43,0,5
gauntlet/20261001-234816-scrim-b2fs/losses/CyrilSharma.finalBot__Bunkers__botA.bc24,CyrilSharma.finalBot,1,A,b2fs,0,1030,CAPTURE,2800,2800,201,16,24,232,8,1,7,50,20,19,133,130,337,309,42.7,8,5,3,0,13.3,46,13,9
gauntlet/20261001-234816-scrim-b2fs/losses/CyrilSharma.finalBot__Bunkers__botA.bc24,CyrilSharma.finalBot,0,B,finalBot,1,1030,CAPTURE,2800,2800,201,32,17,228,22,3,19,331,157,7,305,280,309,337,42.1,22,9,13,0,11.7,40,3,5
gauntlet/20261001-234816-scrim-b2fs/losses/ColtG5.Goob_final__Joker__botB.bc24,ColtG5.Goob_final,0,A,Goob_final,1,2000,MORE_FLAG_CAPTURES,14500,20800,201,14,14,257,6,2,4,94,50,2,421,396,470,1283,34.3,6,3,3,0,23.3,43,0,3
gauntlet/20261001-234816-scrim-b2fs/losses/ColtG5.Goob_final__Joker__botB.bc24,ColtG5.Goob_final,1,B,b2fs,0,2000,MORE_FLAG_CAPTURES,14500,21500,206,22,29,229,3,1,2,35,24,4,451,422,1283,470,44.3,3,3,0,0,22.0,44,3,3
gauntlet/20261001-234816-scrim-b2fs/losses/CyrilSharma.finalBot__EvilGrin__botB.bc24,CyrilSharma.finalBot,0,A,finalBot,1,2000,MORE_FLAG_CAPTURES,2000,6400,204,21,23,254,20,1,19,141,68,4,583,574,583,608,42.6,20,9,11,0,26.1,43,2,2
gauntlet/20261001-234816-scrim-b2fs/losses/CyrilSharma.finalBot__EvilGrin__botB.bc24,CyrilSharma.finalBot,1,B,b2fs,0,2000,MORE_FLAG_CAPTURES,2000,3400,204,13,11,244,4,0,4,16,5,19,234,226,608,583,42.9,4,2,2,0,16.5,47,11,9
gauntlet/20261001-234816-scrim-b2fs/losses/ColtG5.Goob_final__EvilGrin__botA.bc24,ColtG5.Goob_final,1,A,b2fs,0,2000,MORE_FLAG_CAPTURES,2000,3400,206,6,14,303,0,0,0,0,0,4,226,219,1351,452,44.5,0,0,0,0,,46,2,3
gauntlet/20261001-234816-scrim-b2fs/losses/ColtG5.Goob_final__EvilGrin__botA.bc24,ColtG5.Goob_final,0,B,Goob_final,1,2000,MORE_FLAG_CAPTURES,2000,7500,206,26,18,256,5,1,4,40,18,0,318,288,452,1351,33.5,5,3,2,0,20.5,47,0,0
gauntlet/20261001-234816-scrim-b2fs/losses/CyrilSharma.finalBot__Decision__botB.bc24,CyrilSharma.finalBot,0,A,finalBot,1,2000,MORE_FLAG_CAPTURES,1300,1500,202,29,33,300,12,2,10,492,234,8,384,365,350,368,45.5,12,8,4,0,36.5,31,3,5
gauntlet/20261001-234816-scrim-b2fs/losses/CyrilSharma.finalBot__Decision__botB.bc24,CyrilSharma.finalBot,1,B,b2fs,0,2000,MORE_FLAG_CAPTURES,1900,2000,202,18,14,247,8,0,8,236,107,10,229,144,368,350,45.8,8,5,3,0,40.1,40,4,8
gauntlet/20261001-234816-scrim-b2fs/losses/CyrilSharma.finalBot__OceanFloor__botA.bc24,CyrilSharma.finalBot,1,A,b2fs,0,812,CAPTURE,1400,1400,201,25,17,268,11,1,10,253,120,8,91,84,94,132,46.1,11,9,2,0,21.6,45,4,7
gauntlet/20261001-234816-scrim-b2fs/losses/CyrilSharma.finalBot__OceanFloor__botA.bc24,CyrilSharma.finalBot,0,B,finalBot,1,812,CAPTURE,1400,1400,201,25,31,234,11,3,8,473,223,10,162,153,132,94,47.2,11,7,4,0,25.6,42,2,9
gauntlet/20261001-234816-scrim-b2fs/losses/Gymhgy.v10official__Backslash__botA.bc24,Gymhgy.v10official,1,A,b2fs,0,352,CAPTURE,4700,11300,201,18,31,280,3,0,1,132,65,1,84,43,11,23,48.4,3,3,0,0,39.0,48,1,3
gauntlet/20261001-234816-scrim-b2fs/losses/Gymhgy.v10official__Backslash__botA.bc24,Gymhgy.v10official,0,B,v10official,1,352,CAPTURE,4700,19900,201,35,35,217,26,3,1,673,108,1,176,58,23,11,49.2,23,3,1,19,26.0,47,0,3
gauntlet/20261001-234816-scrim-b2fs/losses/CyrilSharma.finalBot__Whirlpool__botA.bc24,CyrilSharma.finalBot,1,A,b2fs,0,2000,MORE_FLAG_CAPTURES,2800,2800,201,16,13,482,1,0,1,4,1,1,209,202,715,591,42.8,1,1,0,0,23.0,37,1,2
gauntlet/20261001-234816-scrim-b2fs/losses/CyrilSharma.finalBot__Whirlpool__botA.bc24,CyrilSharma.finalBot,0,B,finalBot,1,2000,MORE_FLAG_CAPTURES,2800,7200,201,18,14,324,3,2,1,136,65,1,484,475,591,715,41.3,3,2,1,0,17.0,39,0,1
gauntlet/20261001-234816-scrim-b2fs/losses/Gymhgy.v10official__Asteroids__botA.bc24,Gymhgy.v10official,1,A,b2fs,0,2000,MORE_FLAG_CAPTURES,800,2500,211,13,32,241,13,0,13,287,132,5,222,203,465,356,45.7,13,13,0,0,34.8,41,1,6
gauntlet/20261001-234816-scrim-b2fs/losses/Gymhgy.v10official__Asteroids__botA.bc24,Gymhgy.v10official,0,B,v10official,1,2000,MORE_FLAG_CAPTURES,800,3000,210,23,4,276,31,2,5,748,74,13,304,246,356,465,44.4,28,6,1,21,28.4,36,0,13
gauntlet/20261001-234816-scrim-b2fs/losses/Gymhgy.v10official__DefaultLarge__botB.bc24,Gymhgy.v10official,0,A,v10official,1,2000,MORE_FLAG_CAPTURES,1800,4400,205,28,37,298,43,2,2,743,69,23,352,321,471,411,45.1,40,4,0,36,45.5,42,4,20
gauntlet/20261001-234816-scrim-b2fs/losses/Gymhgy.v10official__DefaultLarge__botB.bc24,Gymhgy.v10official,1,B,b2fs,0,2000,MORE_FLAG_CAPTURES,1800,4700,221,9,16,327,24,1,23,299,142,2,260,244,411,471,44.2,24,20,4,0,47.1,43,0,4
gauntlet/20261001-234816-scrim-b2fs/losses/IvanGeffner.kuma__Occulus__botA.bc24,IvanGeffner.kuma,1,A,b2fs,0,438,CAPTURE,1800,2100,201,0,0,365,0,0,0,0,0,2,59,57,36,117,44.3,0,0,0,0,,43,2,3
gauntlet/20261001-234816-scrim-b2fs/losses/IvanGeffner.kuma__Occulus__botA.bc24,IvanGeffner.kuma,0,B,kuma,1,438,CAPTURE,1800,9300,201,15,40,303,9,3,2,119,56,0,166,113,117,36,48.1,9,3,2,4,21.0,34,0,0
gauntlet/20261001-234816-scrim-b2fs/losses/Gymhgy.v10official__CH3353C4K3F4CT0RY__botA.bc24,Gymhgy.v10official,1,A,b2fs,0,2000,MORE_FLAG_CAPTURES,13000,13000,210,9,5,268,15,0,14,1919,1002,20,330,319,679,345,45.8,15,11,4,0,17.6,45,3,20
gauntlet/20261001-234816-scrim-b2fs/losses/Gymhgy.v10official__CH3353C4K3F4CT0RY__botA.bc24,Gymhgy.v10official,0,B,v10official,1,2000,MORE_FLAG_CAPTURES,13000,13400,202,18,16,253,49,2,20,691,137,14,445,396,345,679,41.8,46,20,3,23,24.1,46,4,11
gauntlet/20261001-234816-scrim-b2fs/losses/IvanGeffner.kuma__Backslash__botA.bc24,IvanGeffner.kuma,1,A,b2fs,0,1934,CAPTURE,4700,18200,201,28,28,224,0,0,0,0,0,31,331,326,477,866,39.1,0,0,0,0,,48,13,29
gauntlet/20261001-234816-scrim-b2fs/losses/IvanGeffner.kuma__Backslash__botA.bc24,IvanGeffner.kuma,0,B,kuma,1,1934,CAPTURE,700,12200,201,14,12,242,83,3,31,295,137,0,712,661,866,477,44.0,83,29,13,41,27.7,29,0,0
gauntlet/20261001-234816-scrim-b2fs/losses/IvanGeffner.kuma__Swoop__botA.bc24,IvanGeffner.kuma,1,A,b2fs,0,445,CAPTURE,4300,4300,201,14,14,233,0,0,0,0,0,6,70,67,31,72,46.1,0,0,0,0,,47,4,5
gauntlet/20261001-234816-scrim-b2fs/losses/IvanGeffner.kuma__Swoop__botA.bc24,IvanGeffner.kuma,0,B,kuma,1,445,CAPTURE,4300,4300,201,19,17,218,14,3,6,160,77,0,91,65,72,31,48.3,14,5,4,5,23.5,47,0,0
gauntlet/20261001-234816-scrim-b2fs/losses/Gymhgy.v10official__Klein__botB.bc24,Gymhgy.v10official,0,A,v10official,1,2000,MORE_FLAG_CAPTURES,7800,7800,204,17,36,229,10,1,2,618,207,3,323,298,367,441,44.6,7,3,0,4,28.5,48,1,2
gauntlet/20261001-234816-scrim-b2fs/losses/Gymhgy.v10official__Klein__botB.bc24,Gymhgy.v10official,1,B,b2fs,0,2000,MORE_FLAG_CAPTURES,6600,6600,204,3,12,313,3,0,3,5,3,2,235,214,441,367,45.5,3,2,1,0,18.7,49,0,3
gauntlet/20261001-234816-scrim-b2fs/losses/IvanGeffner.kuma__Racetrack__botA.bc24,IvanGeffner.kuma,1,A,b2fs,0,2000,MORE_FLAG_CAPTURES,0,0,202,25,27,258,4,1,3,195,94,38,184,177,612,691,41.6,4,3,1,0,30.7,27,25,23
gauntlet/20261001-234816-scrim-b2fs/losses/IvanGeffner.kuma__Racetrack__botA.bc24,IvanGeffner.kuma,0,B,kuma,1,2000,MORE_FLAG_CAPTURES,0,0,206,25,31,271,119,2,38,295,131,3,429,406,691,612,42.6,119,23,25,71,29.7,21,1,3
gauntlet/20261001-234816-scrim-b2fs/losses/NotLLeon.v3__ORV__botA.bc24,NotLLeon.v3,1,A,b2fs,0,1176,CAPTURE,3200,4100,207,18,16,262,0,0,0,0,0,42,159,150,394,335,43.1,0,0,0,0,,47,30,15
gauntlet/20261001-234816-scrim-b2fs/losses/NotLLeon.v3__ORV__botA.bc24,NotLLeon.v3,0,B,v3,1,1176,CAPTURE,3200,7100,208,31,25,267,70,3,42,584,209,0,240,227,335,394,41.9,70,15,30,25,18.3,48,0,0
gauntlet/20261001-234816-scrim-b2fs/losses/NotLLeon.v3__Backslash__botB.bc24,NotLLeon.v3,0,A,v3,1,1198,CAPTURE,4500,14400,203,11,45,227,46,3,28,337,144,4,293,275,339,401,41.9,46,16,15,15,24.5,47,0,4
gauntlet/20261001-234816-scrim-b2fs/losses/NotLLeon.v3__Backslash__botB.bc24,NotLLeon.v3,1,B,b2fs,0,1198,CAPTURE,4700,12300,201,10,0,392,4,0,4,14,4,28,222,215,401,339,43.1,4,4,0,0,19.5,48,15,16
gauntlet/20261001-234816-scrim-b2fs/losses/NotLLeon.v3__Pancakes__botB.bc24,NotLLeon.v3,0,A,v3,1,391,CAPTURE,0,5100,211,21,36,278,11,3,5,195,87,8,87,82,54,40,47.7,11,4,4,3,12.4,47,2,6
gauntlet/20261001-234816-scrim-b2fs/losses/NotLLeon.v3__Pancakes__botB.bc24,NotLLeon.v3,1,B,b2fs,0,391,CAPTURE,0,4000,201,22,22,220,8,0,8,128,56,5,71,64,40,54,46.7,8,6,2,0,18.4,48,4,4
gauntlet/20261001-234816-scrim-b2fs/losses/NotLLeon.v3__Backslash__botA.bc24,NotLLeon.v3,1,A,b2fs,0,1626,CAPTURE,4700,17600,201,27,33,214,6,2,4,112,52,43,284,271,551,564,41.5,6,3,3,0,19.5,47,21,25
gauntlet/20261001-234816-scrim-b2fs/losses/NotLLeon.v3__Backslash__botA.bc24,NotLLeon.v3,0,B,v3,1,1626,CAPTURE,1500,7000,201,34,29,262,63,3,43,336,140,4,354,345,564,551,41.8,63,25,21,17,24.7,45,3,3
gauntlet/20261001-234816-scrim-b2fs/losses/NotLLeon.v3__Gated__botB.bc24,NotLLeon.v3,0,A,v3,1,2000,MORE_FLAG_CAPTURES,1500,2400,209,25,22,245,52,2,47,287,126,15,272,248,486,622,42.4,52,26,23,3,20.3,39,4,11
gauntlet/20261001-234816-scrim-b2fs/losses/NotLLeon.v3__Gated__botB.bc24,NotLLeon.v3,1,B,b2fs,0,2000,MORE_FLAG_CAPTURES,1500,2200,203,16,10,228,15,0,15,86,31,47,226,212,622,486,44.1,15,11,4,0,20.1,34,23,26
gauntlet/20261001-234816-scrim-b2fs/losses/NotLLeon.v3__Waterworld__botB.bc24,NotLLeon.v3,0,A,v3,1,1707,CAPTURE,13900,14100,246,1,0,443,21,3,14,184,81,5,308,289,363,500,42.8,21,8,9,4,28.3,17,3,3
gauntlet/20261001-234816-scrim-b2fs/losses/NotLLeon.v3__Waterworld__botB.bc24,NotLLeon.v3,1,B,b2fs,0,1707,CAPTURE,13900,19600,203,37,39,311,6,1,5,55,24,14,316,277,500,363,44.8,6,3,3,0,25.0,43,9,8
gauntlet/20261001-234816-scrim-b2fs/losses/SampleProvider.TSPAARKSPRINT1__Foxes__botB.bc24,SampleProvider.TSPAARKSPRINT1,0,A,TSPAARKSPRINT1,1,1236,CAPTURE,7500,7500,202,6,35,269,58,3,52,1368,548,26,99,91,179,265,44.8,55,26,29,0,25.1,36,7,21
gauntlet/20261001-234816-scrim-b2fs/losses/SampleProvider.TSPAARKSPRINT1__Foxes__botB.bc24,SampleProvider.TSPAARKSPRINT1,1,B,b2fs,0,1236,CAPTURE,7500,7500,202,28,28,244,28,1,26,709,336,52,230,184,265,179,46.5,28,21,7,0,32.2,39,29,26
gauntlet/20261001-234816-scrim-b2fs/losses/SampleProvider.TSPAARKSPRINT1__Snake__botB.bc24,SampleProvider.TSPAARKSPRINT1,0,A,TSPAARKSPRINT1,1,650,CAPTURE,13100,29600,203,32,26,234,27,3,21,836,270,3,145,108,106,111,45.5,24,8,16,0,20.8,41,0,3
gauntlet/20261001-234816-scrim-b2fs/losses/SampleProvider.TSPAARKSPRINT1__Snake__botB.bc24,SampleProvider.TSPAARKSPRINT1,1,B,b2fs,0,650,CAPTURE,13100,32100,204,39,40,243,3,0,3,96,44,21,344,305,111,106,46.1,3,3,0,0,32.3,45,16,8
gauntlet/20261001-234816-scrim-b2fs/losses/SampleProvider.TSPAARKSPRINT1__Soccer__botB.bc24,SampleProvider.TSPAARKSPRINT1,0,A,TSPAARKSPRINT1,1,849,CAPTURE,3000,3100,202,5,0,248,31,3,25,848,303,5,56,41,62,147,45.7,28,16,12,0,25.0,34,0,5
gauntlet/20261001-234816-scrim-b2fs/losses/SampleProvider.TSPAARKSPRINT1__Soccer__botB.bc24,SampleProvider.TSPAARKSPRINT1,1,B,b2fs,0,849,CAPTURE,3000,3100,211,21,36,252,5,0,5,18,6,25,126,122,147,62,48.2,5,5,0,0,35.6,32,12,16
gauntlet/20261001-234816-scrim-b2fs/losses/Strequals.duck0127v5__Canals__botA.bc24,Strequals.duck0127v5,1,A,b2fs,0,722,CAPTURE,4600,4600,215,10,4,0,0,0,0,0,0,5,113,105,57,212,43.0,0,0,0,0,,46,3,5
gauntlet/20261001-234816-scrim-b2fs/losses/Strequals.duck0127v5__Canals__botA.bc24,Strequals.duck0127v5,0,B,duck0127v5,1,722,CAPTURE,4600,5900,203,3,2,377,8,3,5,172,86,0,264,202,212,57,48.2,8,5,3,0,31.4,47,0,0
gauntlet/20261001-234816-scrim-b2fs/losses/SampleProvider.TSPAARKSPRINT1__Waterworld__botA.bc24,SampleProvider.TSPAARKSPRINT1,1,A,b2fs,0,1013,CAPTURE,13900,16300,212,34,43,283,29,1,28,516,237,24,219,199,252,102,47.5,29,24,5,0,32.0,43,10,17
gauntlet/20261001-234816-scrim-b2fs/losses/SampleProvider.TSPAARKSPRINT1__Waterworld__botA.bc24,SampleProvider.TSPAARKSPRINT1,0,B,TSPAARKSPRINT1,1,1013,CAPTURE,13900,15700,203,0,26,302,30,3,24,879,310,28,69,61,102,252,43.8,27,17,10,0,24.5,40,5,24
gauntlet/20261001-234816-scrim-b2fs/losses/Strequals.duck0127v5__Divergent__botB.bc24,Strequals.duck0127v5,0,A,duck0127v5,1,2000,LEVEL_SUM,3700,3700,203,3,3,249,29,0,29,216,108,13,355,319,405,266,46.8,29,22,7,0,26.2,23,4,9
gauntlet/20261001-234816-scrim-b2fs/losses/Strequals.duck0127v5__Divergent__botB.bc24,Strequals.duck0127v5,1,B,b2fs,0,2000,LEVEL_SUM,3700,3700,203,25,31,241,13,0,13,55,15,29,236,220,266,405,45.1,13,9,4,0,25.7,44,7,22
gauntlet/20261001-234816-scrim-b2fs/losses/Strequals.duck0127v5__MIT__botB.bc24,Strequals.duck0127v5,0,A,duck0127v5,1,924,CAPTURE,7200,35700,212,12,38,281,8,3,5,344,147,3,410,363,185,75,48.0,8,5,3,0,30.4,47,2,3
gauntlet/20261001-234816-scrim-b2fs/losses/Strequals.duck0127v5__MIT__botB.bc24,Strequals.duck0127v5,1,B,b2fs,0,924,CAPTURE,7200,21500,202,12,11,240,5,1,3,55,26,5,305,286,75,185,45.1,5,3,2,0,11.3,49,3,5
gauntlet/20261001-234816-scrim-b2fs/losses/andli28.v9_USQuals_angle__Canals__botA.bc24,andli28.v9_USQuals_angle,1,A,b2fs,0,1427,CAPTURE,4600,4600,246,1,0,0,0,0,0,0,0,23,185,185,213,638,39.3,0,0,0,0,,47,12,14
gauntlet/20261001-234816-scrim-b2fs/losses/andli28.v9_USQuals_angle__Canals__botA.bc24,andli28.v9_USQuals_angle,0,B,v9_USQuals_angle,1,1427,CAPTURE,4600,6100,202,15,40,369,26,3,23,244,113,0,614,520,638,213,46.4,26,14,12,0,24.8,45,0,0
gauntlet/20261001-234816-scrim-b2fs/losses/andli28.v9_USQuals_angle__Battlecode24__botB.bc24,andli28.v9_USQuals_angle,0,A,v9_USQuals_angle,1,2000,MORE_FLAG_CAPTURES,12400,29200,206,16,14,235,13,1,11,1618,868,3,379,306,451,365,45.6,13,11,2,0,29.4,34,2,1
gauntlet/20261001-234816-scrim-b2fs/losses/andli28.v9_USQuals_angle__Battlecode24__botB.bc24,andli28.v9_USQuals_angle,1,B,b2fs,0,2000,MORE_FLAG_CAPTURES,12400,13300,202,21,22,246,3,0,3,134,66,11,333,294,365,451,44.5,3,1,2,0,33.3,28,2,11
gauntlet/20261001-234816-scrim-b2fs/losses/Strequals.duck0127v5__Rainbow__botA.bc24,Strequals.duck0127v5,1,A,b2fs,0,1658,CAPTURE,6000,6000,201,28,29,307,2,0,2,99,30,9,213,200,245,509,42.5,2,2,0,0,20.0,45,2,10
gauntlet/20261001-234816-scrim-b2fs/losses/Strequals.duck0127v5__Rainbow__botA.bc24,Strequals.duck0127v5,0,B,duck0127v5,1,1658,CAPTURE,6000,6000,201,20,24,293,12,3,9,322,154,2,448,412,509,245,46.4,12,10,2,0,32.7,40,0,2
gauntlet/20261001-234816-scrim-b2fs/losses/Strequals.duck0127v5__MazeRunner__botA.bc24,Strequals.duck0127v5,1,A,b2fs,0,2000,MORE_FLAG_CAPTURES,2600,5600,207,12,27,291,17,1,15,266,125,3,234,204,225,598,42.7,17,14,3,0,25.7,45,1,4
gauntlet/20261001-234816-scrim-b2fs/losses/Strequals.duck0127v5__MazeRunner__botA.bc24,Strequals.duck0127v5,0,B,duck0127v5,1,2000,MORE_FLAG_CAPTURES,2600,5000,212,1,0,387,5,2,3,181,84,15,467,441,598,225,47.3,5,4,1,0,23.7,7,3,14
gauntlet/20261001-234816-scrim-b2fs/losses/andli28.v9_USQuals_angle__EvilGrin__botB.bc24,andli28.v9_USQuals_angle,0,A,v9_USQuals_angle,1,1237,CAPTURE,2000,6000,205,0,2,402,21,3,18,243,106,1,469,408,442,260,44.9,21,9,12,0,21.1,39,0,1
gauntlet/20261001-234816-scrim-b2fs/losses/andli28.v9_USQuals_angle__EvilGrin__botB.bc24,andli28.v9_USQuals_angle,1,B,b2fs,0,1237,CAPTURE,2000,3400,206,8,1,354,1,0,1,2,0,18,144,141,260,442,41.4,1,1,0,0,28.0,45,12,9
gauntlet/20261001-234816-scrim-b2fs/losses/andli28.v9_USQuals_angle__HeMustBeFreed__botB.bc24,andli28.v9_USQuals_angle,0,A,v9_USQuals_angle,1,2000,MORE_FLAG_CAPTURES,2500,12000,205,14,14,336,7,2,5,318,150,7,290,269,359,209,47.4,7,7,0,0,51.2,27,3,4
gauntlet/20261001-234816-scrim-b2fs/losses/andli28.v9_USQuals_angle__HeMustBeFreed__botB.bc24,andli28.v9_USQuals_angle,1,B,b2fs,0,2000,MORE_FLAG_CAPTURES,5900,8800,201,24,25,226,7,0,7,54,24,5,258,167,209,359,45.6,7,4,3,0,45.6,35,0,7
gauntlet/20261001-234816-scrim-b2fs/losses/andli28.v9_USQuals_angle__Joker__botB.bc24,andli28.v9_USQuals_angle,0,A,v9_USQuals_angle,1,2000,MORE_FLAG_CAPTURES,13100,19700,208,31,22,273,16,2,14,235,108,13,605,510,601,331,46.0,16,9,7,0,24.2,41,3,11
gauntlet/20261001-234816-scrim-b2fs/losses/andli28.v9_USQuals_angle__Joker__botB.bc24,andli28.v9_USQuals_angle,1,B,b2fs,0,2000,MORE_FLAG_CAPTURES,14500,22600,202,25,22,227,14,1,13,268,111,14,436,399,331,601,42.7,14,11,3,0,22.5,41,7,9
gauntlet/20261001-234816-scrim-b2fs/losses/andli28.v9_USQuals_angle__Valentine__botA.bc24,andli28.v9_USQuals_angle,1,A,b2fs,0,725,CAPTURE,1800,2800,216,20,20,240,5,0,5,157,68,18,85,78,111,124,45.9,5,5,0,0,32.4,47,10,11
gauntlet/20261001-234816-scrim-b2fs/losses/andli28.v9_USQuals_angle__Valentine__botA.bc24,andli28.v9_USQuals_angle,0,B,v9_USQuals_angle,1,725,CAPTURE,1800,5600,213,33,26,226,21,3,18,317,147,5,187,133,124,111,46.3,21,11,10,0,35.4,44,0,5
gauntlet/20261001-234816-scrim-b2fs/losses/andrewgopher.player22__Diagonal__botA.bc24,andrewgopher.player22,1,A,b2fs,0,2000,LEVEL_SUM,5100,5100,201,21,15,235,21,0,21,188,87,0,257,192,244,262,46.8,21,20,1,0,28.5,33,0,0
gauntlet/20261001-234816-scrim-b2fs/losses/andrewgopher.player22__Diagonal__botA.bc24,andrewgopher.player22,0,B,player22,1,2000,LEVEL_SUM,5100,5100,201,25,30,242,3,0,0,3,0,21,258,236,262,244,47.0,0,0,0,0,,29,1,20
gauntlet/20261001-234816-scrim-b2fs/losses/andrewgopher.player22__Digging__botB.bc24,andrewgopher.player22,0,A,player22,1,1834,CAPTURE,700,1900,206,32,33,219,21,3,15,182,90,0,553,531,1312,834,38.9,18,13,5,0,24.6,41,0,0
gauntlet/20261001-234816-scrim-b2fs/losses/andrewgopher.player22__Digging__botB.bc24,andrewgopher.player22,1,B,b2fs,0,1834,CAPTURE,700,1400,205,0,0,498,0,0,0,0,0,15,212,211,834,1312,32.7,0,0,0,0,,46,5,13
gauntlet/20261001-234816-scrim-b2fs/losses/andrewgopher.player22__ORV__botA.bc24,andrewgopher.player22,1,A,b2fs,0,568,CAPTURE,3200,3800,206,4,0,0,0,0,0,0,0,0,86,82,185,129,44.5,0,0,0,0,,48,0,3
gauntlet/20261001-234816-scrim-b2fs/losses/andrewgopher.player22__ORV__botA.bc24,andrewgopher.player22,0,B,player22,1,568,CAPTURE,3200,7400,206,26,27,247,6,3,0,129,62,0,112,90,129,185,42.3,3,3,0,0,,43,0,0
gauntlet/20261001-234816-scrim-b2fs/losses/andrewgopher.player22__StackGame__botB.bc24,andrewgopher.player22,0,A,player22,1,556,CAPTURE,4600,4600,205,28,31,226,10,3,4,109,50,0,116,97,135,147,43.5,7,4,3,0,12.0,47,0,0
gauntlet/20261001-234816-scrim-b2fs/losses/andrewgopher.player22__StackGame__botB.bc24,andrewgopher.player22,1,B,b2fs,0,556,CAPTURE,4600,4600,201,0,6,0,0,0,0,0,0,4,95,92,147,135,44.3,0,0,0,0,,46,3,4
gauntlet/20261001-234816-scrim-b2fs/losses/andrewgopher.player22__Mountain__botA.bc24,andrewgopher.player22,1,A,b2fs,0,2000,MORE_FLAG_CAPTURES,4100,5900,202,9,12,234,3,1,2,30,14,9,259,243,732,723,41.2,3,3,0,0,21.5,46,4,7
gauntlet/20261001-234816-scrim-b2fs/losses/andrewgopher.player22__Mountain__botA.bc24,andrewgopher.player22,0,B,player22,1,2000,MORE_FLAG_CAPTURES,4100,5300,201,16,23,217,15,2,9,185,80,2,234,231,723,732,41.1,12,7,4,1,18.3,44,0,3
gauntlet/20261001-234816-scrim-b2fs/losses/chenyx512.flagbot_final__AceOfSpades__botB.bc24,chenyx512.flagbot_final,0,A,flagbot_final,1,790,CAPTURE,1800,17100,202,17,5,235,10,3,4,739,291,6,447,330,298,46,48.4,7,4,3,0,22.0,38,0,6
gauntlet/20261001-234816-scrim-b2fs/losses/chenyx512.flagbot_final__AceOfSpades__botB.bc24,chenyx512.flagbot_final,1,B,b2fs,0,790,CAPTURE,1800,4500,202,37,31,220,6,0,6,65,30,4,121,114,46,298,40.9,6,6,0,0,21.2,45,3,4
gauntlet/20261001-234816-scrim-b2fs/losses/andrewgopher.player22__TwistedTreeline__botB.bc24,andrewgopher.player22,0,A,player22,1,1707,CAPTURE,2400,2400,203,36,14,236,13,3,7,426,208,5,262,248,576,803,38.5,10,8,2,0,22.6,36,2,3
gauntlet/20261001-234816-scrim-b2fs/losses/andrewgopher.player22__TwistedTreeline__botB.bc24,andrewgopher.player22,1,B,b2fs,0,1707,CAPTURE,2400,2400,202,13,13,279,5,0,5,58,24,7,233,220,803,576,41.8,5,3,2,0,18.0,47,2,8
gauntlet/20261001-234816-scrim-b2fs/losses/chenyx512.flagbot_final__Racetrack__botA.bc24,chenyx512.flagbot_final,1,A,b2fs,0,1224,CAPTURE,0,0,202,7,16,389,12,0,12,93,39,24,99,98,154,521,39.7,12,8,4,0,33.3,22,18,9
gauntlet/20261001-234816-scrim-b2fs/losses/chenyx512.flagbot_final__Racetrack__botA.bc24,chenyx512.flagbot_final,0,B,flagbot_final,1,1224,CAPTURE,0,0,213,0,25,297,30,3,24,926,301,12,227,187,521,154,46.9,27,9,18,0,28.8,15,4,8
gauntlet/20261001-234816-scrim-b2fs/losses/chenyx512.flagbot_final__Divergent__botB.bc24,chenyx512.flagbot_final,0,A,flagbot_final,1,2000,MORE_FLAG_CAPTURES,3700,3700,240,5,23,313,12,2,7,816,349,6,594,504,920,207,47.5,9,4,5,0,26.3,42,1,6
gauntlet/20261001-234816-scrim-b2fs/losses/chenyx512.flagbot_final__Divergent__botB.bc24,chenyx512.flagbot_final,1,B,b2fs,0,2000,MORE_FLAG_CAPTURES,3700,3700,203,26,29,276,7,1,6,193,81,7,236,223,207,920,38.8,7,6,1,0,31.5,44,5,4
gauntlet/20261001-234816-scrim-b2fs/losses/chenyx512.flagbot_final__Swoop__botA.bc24,chenyx512.flagbot_final,1,A,b2fs,0,916,CAPTURE,4300,4300,201,22,20,220,16,0,16,132,57,11,116,109,56,347,41.1,16,12,4,0,29.8,47,4,10
gauntlet/20261001-234816-scrim-b2fs/losses/chenyx512.flagbot_final__Swoop__botA.bc24,chenyx512.flagbot_final,0,B,flagbot_final,1,916,CAPTURE,4300,4300,201,23,31,224,17,3,11,784,333,16,268,208,347,56,48.5,14,10,4,0,27.0,46,4,12
gauntlet/20261001-234816-scrim-b2fs/losses/chenyx512.flagbot_final__Skyline__botB.bc24,chenyx512.flagbot_final,0,A,flagbot_final,1,920,CAPTURE,21600,21600,202,4,18,279,12,3,6,748,318,5,452,384,353,78,47.8,9,6,3,0,16.2,47,0,7
gauntlet/20261001-234816-scrim-b2fs/losses/chenyx512.flagbot_final__Skyline__botB.bc24,chenyx512.flagbot_final,1,B,b2fs,0,920,CAPTURE,21600,21600,201,26,32,208,7,2,5,144,70,6,277,267,78,353,40.7,7,7,0,0,24.2,47,3,6
gauntlet/20261001-234816-scrim-b2fs/losses/clbarrell.duck8__QuestionableChess__botB.bc24,clbarrell.duck8,0,A,duck8,1,589,CAPTURE,0,0,201,7,21,212,16,3,13,195,84,0,65,25,86,131,44.6,16,7,9,0,19.6,32,0,0
gauntlet/20261001-234816-scrim-b2fs/losses/clbarrell.duck8__QuestionableChess__botB.bc24,clbarrell.duck8,1,B,b2fs,0,589,CAPTURE,0,0,203,6,2,243,0,0,0,0,0,13,33,32,131,86,46.5,0,0,0,0,,42,9,7
gauntlet/20261001-234816-scrim-b2fs/losses/clbarrell.duck8__AceOfSpades__botB.bc24,clbarrell.duck8,0,A,duck8,1,505,CAPTURE,1800,18300,202,7,23,270,10,3,7,166,75,1,236,194,69,129,43.9,10,5,5,0,21.4,44,0,3
gauntlet/20261001-234816-scrim-b2fs/losses/clbarrell.duck8__AceOfSpades__botB.bc24,clbarrell.duck8,1,B,b2fs,0,505,CAPTURE,1800,3300,203,23,23,228,3,2,1,127,59,7,96,86,129,69,46.8,3,3,0,0,24.0,46,5,5
gauntlet/20261001-234816-scrim-b2fs/losses/hsmalladi.finalbot__AceOfSpades__botA.bc24,hsmalladi.finalbot,1,A,b2fs,0,501,CAPTURE,1800,10500,203,20,6,242,3,1,2,56,27,16,151,149,108,89,45.7,3,3,0,0,21.0,40,9,10
gauntlet/20261001-234816-scrim-b2fs/losses/hsmalladi.finalbot__AceOfSpades__botA.bc24,hsmalladi.finalbot,0,B,finalbot,1,501,CAPTURE,1800,11100,206,20,18,258,32,3,16,844,221,2,157,144,89,108,44.8,29,10,9,10,15.8,44,0,3
gauntlet/20261001-234816-scrim-b2fs/losses/chenyx512.flagbot_final__Tunnels__botB.bc24,chenyx512.flagbot_final,0,A,flagbot_final,1,1802,CAPTURE,2400,3300,214,0,1,636,37,3,31,837,296,0,471,376,593,348,45.2,34,11,23,0,12.1,33,0,0
gauntlet/20261001-234816-scrim-b2fs/losses/chenyx512.flagbot_final__Tunnels__botB.bc24,chenyx512.flagbot_final,1,B,b2fs,0,1802,CAPTURE,2400,3300,257,0,0,0,0,0,0,0,0,31,201,201,348,593,42.2,0,0,0,0,,33,23,11
gauntlet/20261001-234816-scrim-b2fs/losses/dmtrung14.defaultplayer_intlqualifier__KingQuacksCastle__botB.bc24,dmtrung14.defaultplayer_intlqualifier,0,A,defaultplayer_intlqualifier,1,2000,MORE_FLAG_CAPTURES,1600,3300,207,9,24,240,39,2,11,387,77,7,88,74,32,282,37.5,36,6,7,23,19.4,48,4,4
gauntlet/20261001-234816-scrim-b2fs/losses/dmtrung14.defaultplayer_intlqualifier__KingQuacksCastle__botB.bc24,dmtrung14.defaultplayer_intlqualifier,1,B,b2fs,0,2000,MORE_FLAG_CAPTURES,1600,4400,204,3,27,281,8,1,7,185,86,11,172,89,282,32,49.6,8,4,4,0,25.1,48,7,6
gauntlet/20261001-234816-scrim-b2fs/losses/clbarrell.duck8__GaltonBoard__botB.bc24,clbarrell.duck8,0,A,duck8,1,2000,MORE_FLAG_CAPTURES,0,37200,201,20,28,251,4,1,3,33,13,0,562,475,546,1064,37.1,4,3,1,0,19.7,39,0,0
gauntlet/20261001-234816-scrim-b2fs/losses/clbarrell.duck8__GaltonBoard__botB.bc24,clbarrell.duck8,1,B,b2fs,0,2000,MORE_FLAG_CAPTURES,0,600,213,9,0,219,0,0,0,0,0,3,214,201,1064,546,43.4,0,0,0,0,,37,1,3
gauntlet/20261001-234816-scrim-b2fs/losses/hsmalladi.finalbot__Fountain__botB.bc24,hsmalladi.finalbot,0,A,finalbot,1,1727,CAPTURE,1300,2300,221,4,4,462,34,3,16,822,261,14,186,183,387,583,41.8,31,8,11,12,15.8,45,1,15
gauntlet/20261001-234816-scrim-b2fs/losses/hsmalladi.finalbot__Fountain__botB.bc24,hsmalladi.finalbot,1,B,b2fs,0,1727,CAPTURE,1700,3100,216,9,15,302,16,2,14,511,241,16,182,169,583,387,44.5,16,15,1,0,20.6,44,11,8
gauntlet/20261001-234816-scrim-b2fs/losses/hsmalladi.finalbot__WheresMyWater__botB.bc24,hsmalladi.finalbot,0,A,finalbot,1,397,CAPTURE,3000,4200,201,14,31,201,18,3,4,679,153,0,54,47,51,58,46.8,15,3,4,8,6.5,44,0,0
gauntlet/20261001-234816-scrim-b2fs/losses/hsmalladi.finalbot__WheresMyWater__botB.bc24,hsmalladi.finalbot,1,B,b2fs,0,397,CAPTURE,3000,4200,201,6,4,378,0,0,0,0,0,4,69,52,58,51,47.3,0,0,0,0,,44,4,3
gauntlet/20261001-234816-scrim-b2fs/losses/hsmalladi.finalbot__WheresMyWater__botA.bc24,hsmalladi.finalbot,1,A,b2fs,0,584,CAPTURE,3000,3300,201,4,4,201,2,2,0,59,28,9,81,79,156,96,46.1,2,2,0,0,,42,5,7
gauntlet/20261001-234816-scrim-b2fs/losses/hsmalladi.finalbot__WheresMyWater__botA.bc24,hsmalladi.finalbot,0,B,finalbot,1,584,CAPTURE,3000,5700,201,35,31,203,18,3,9,751,182,0,106,101,96,156,43.5,15,7,5,3,13.3,47,0,2
gauntlet/20261001-234816-scrim-b2fs/losses/hsmalladi.finalbot__ORV__botB.bc24,hsmalladi.finalbot,0,A,finalbot,1,1239,CAPTURE,3200,5300,211,9,8,248,47,3,28,983,286,2,184,175,287,377,42.5,44,7,24,13,14.1,48,0,4
gauntlet/20261001-234816-scrim-b2fs/losses/hsmalladi.finalbot__ORV__botB.bc24,hsmalladi.finalbot,1,B,b2fs,0,1239,CAPTURE,3200,5900,204,25,17,342,4,2,2,410,174,28,207,187,377,287,44.4,4,4,0,0,27.0,46,24,7
gauntlet/20261001-234816-scrim-b2fs/losses/jmerle.camel_case_v21_final__Battlecode24__botA.bc24,jmerle.camel_case_v21_final,1,A,b2fs,0,951,CAPTURE,12400,15700,203,7,5,241,4,1,3,79,38,1,225,215,319,371,40.5,4,4,0,0,18.7,27,1,3
gauntlet/20261001-234816-scrim-b2fs/losses/jmerle.camel_case_v21_final__Battlecode24__botA.bc24,jmerle.camel_case_v21_final,0,B,camel_case_v21_final,1,951,CAPTURE,9600,25700,202,36,33,253,4,3,1,270,133,3,431,409,371,319,41.8,4,3,1,0,34.0,36,0,4
gauntlet/20261001-234816-scrim-b2fs/losses/jmerle.camel_case_v21_final__Fountain__botA.bc24,jmerle.camel_case_v21_final,1,A,b2fs,0,565,CAPTURE,1700,3100,209,9,10,272,6,0,6,23,9,5,72,70,168,93,46.2,6,3,3,0,16.0,45,3,5
gauntlet/20261001-234816-scrim-b2fs/losses/jmerle.camel_case_v21_final__Fountain__botA.bc24,jmerle.camel_case_v21_final,0,B,camel_case_v21_final,1,565,CAPTURE,1700,2300,224,14,27,250,8,3,5,145,70,6,37,37,93,168,43.0,8,5,3,0,14.8,44,3,3
gauntlet/20261001-234816-scrim-b2fs/losses/jmerle.camel_case_v21_final__Canals__botA.bc24,jmerle.camel_case_v21_final,1,A,b2fs,0,401,CAPTURE,4600,4600,231,2,0,266,1,0,1,3,1,1,81,65,52,126,42.4,1,1,0,0,16.0,47,1,3
gauntlet/20261001-234816-scrim-b2fs/losses/jmerle.camel_case_v21_final__Canals__botA.bc24,jmerle.camel_case_v21_final,0,B,camel_case_v21_final,1,401,CAPTURE,4600,5900,202,42,37,230,4,3,1,231,114,1,124,120,126,52,47.2,4,3,1,0,30.0,50,0,1
gauntlet/20261001-234816-scrim-b2fs/losses/jmerle.camel_case_v21_final__StackGame__botA.bc24,jmerle.camel_case_v21_final,1,A,b2fs,0,426,CAPTURE,4600,4600,331,0,0,341,1,0,1,1,0,0,82,72,85,110,43.8,1,1,0,0,17.0,42,0,3
gauntlet/20261001-234816-scrim-b2fs/losses/jmerle.camel_case_v21_final__StackGame__botA.bc24,jmerle.camel_case_v21_final,0,B,camel_case_v21_final,1,426,CAPTURE,4600,4600,202,37,32,242,3,3,0,108,54,1,109,99,110,85,45.5,3,3,0,0,,43,0,1
gauntlet/20261001-234816-scrim-b2fs/losses/jmerle.camel_case_v21_final__Swoop__botA.bc24,jmerle.camel_case_v21_final,1,A,b2fs,0,413,CAPTURE,4300,4300,201,9,2,228,3,1,2,59,29,3,69,60,111,70,46.0,3,3,0,0,27.0,47,2,4
gauntlet/20261001-234816-scrim-b2fs/losses/jmerle.camel_case_v21_final__Swoop__botA.bc24,jmerle.camel_case_v21_final,0,B,camel_case_v21_final,1,413,CAPTURE,4300,4300,201,29,20,244,6,3,3,168,84,2,86,84,70,111,43.7,6,4,2,0,27.7,48,0,3
gauntlet/20261001-234816-scrim-b2fs/losses/jonters.bling3__Bunkers__botA.bc24,jonters.bling3,1,A,b2fs,0,419,CAPTURE,2800,2800,201,12,11,214,5,1,4,85,42,2,69,59,77,65,46.2,5,4,1,0,15.0,45,2,3
gauntlet/20261001-234816-scrim-b2fs/losses/jonters.bling3__Bunkers__botA.bc24,jonters.bling3,0,B,bling3,1,419,CAPTURE,2800,2800,201,11,25,266,5,3,2,144,69,4,25,23,65,77,45.4,5,3,2,0,13.0,38,1,4
gauntlet/20261001-234816-scrim-b2fs/losses/jmerle.camel_case_v21_final__YearOfTheDragon__botA.bc24,jmerle.camel_case_v21_final,1,A,b2fs,0,668,CAPTURE,10800,10800,201,10,1,222,1,0,1,16,5,6,159,143,226,193,42.9,1,1,0,0,17.0,46,5,4
gauntlet/20261001-234816-scrim-b2fs/losses/jmerle.camel_case_v21_final__YearOfTheDragon__botA.bc24,jmerle.camel_case_v21_final,0,B,camel_case_v21_final,1,668,CAPTURE,10800,10800,201,13,19,224,9,3,6,329,161,1,224,223,193,226,41.9,9,4,5,0,21.7,48,0,1
gauntlet/20261001-234816-scrim-b2fs/losses/kyleezz.jeeryfix3__Intercontinental__botB.bc24,kyleezz.jeeryfix3,0,A,jeeryfix3,1,404,CAPTURE,2400,5400,201,13,12,208,8,3,5,137,67,0,12,9,31,93,44.7,8,4,4,0,22.0,46,0,0
gauntlet/20261001-234816-scrim-b2fs/losses/kyleezz.jeeryfix3__Intercontinental__botB.bc24,kyleezz.jeeryfix3,1,B,b2fs,0,404,CAPTURE,2400,3600,201,5,4,0,0,0,0,0,0,5,23,21,93,31,48.2,0,0,0,0,,48,4,4
gauntlet/20261001-234816-scrim-b2fs/losses/kyleezz.jeeryfix3__Backslash__botB.bc24,kyleezz.jeeryfix3,0,A,jeeryfix3,1,2000,MORE_FLAG_CAPTURES,4700,15300,201,10,20,237,24,2,22,244,126,0,357,338,523,1410,32.9,24,13,11,0,27.1,50,0,1
gauntlet/20261001-234816-scrim-b2fs/losses/kyleezz.jeeryfix3__Backslash__botB.bc24,kyleezz.jeeryfix3,1,B,b2fs,0,2000,MORE_FLAG_CAPTURES,4700,15900,201,30,11,255,1,0,0,5,4,22,343,306,1410,523,43.6,1,1,0,0,,48,11,13
gauntlet/20261001-234816-scrim-b2fs/losses/quesswho.cretplayer2_3__ORV__botA.bc24,quesswho.cretplayer2_3,1,A,b2fs,0,700,CAPTURE,3200,4100,231,1,10,231,4,2,1,419,208,7,124,108,185,44,48.7,4,3,1,0,13.0,49,7,3
gauntlet/20261001-234816-scrim-b2fs/losses/quesswho.cretplayer2_3__ORV__botA.bc24,quesswho.cretplayer2_3,0,B,cretplayer2_3,1,700,CAPTURE,3200,7100,206,9,16,237,13,3,7,998,150,1,114,107,44,185,43.2,10,3,7,0,7.4,33,1,3
gauntlet/20261001-234816-scrim-b2fs/losses/quesswho.cretplayer2_3__BigDucksBigPond__botA.bc24,quesswho.cretplayer2_3,1,A,b2fs,0,1126,CAPTURE,5100,6300,201,33,34,270,8,0,8,447,209,12,192,146,377,356,42.4,8,6,2,0,31.3,47,9,6
gauntlet/20261001-234816-scrim-b2fs/losses/quesswho.cretplayer2_3__BigDucksBigPond__botA.bc24,quesswho.cretplayer2_3,0,B,cretplayer2_3,1,1126,CAPTURE,4000,7700,201,33,29,264,18,3,12,1329,351,8,150,149,356,377,41.5,15,6,9,0,28.9,19,2,6
gauntlet/20261001-234816-scrim-b2fs/losses/quesswho.cretplayer2_3__Checkered__botA.bc24,quesswho.cretplayer2_3,1,A,b2fs,0,614,CAPTURE,4800,4800,201,18,23,206,2,1,1,64,32,3,118,105,124,186,42.9,2,2,0,0,20.0,47,3,3
gauntlet/20261001-234816-scrim-b2fs/losses/quesswho.cretplayer2_3__Checkered__botA.bc24,quesswho.cretplayer2_3,0,B,cretplayer2_3,1,614,CAPTURE,4800,4800,201,8,30,206,9,3,3,927,143,1,130,121,186,124,44.7,6,3,3,0,7.3,38,0,2
gauntlet/20261001-234816-scrim-b2fs/losses/kyleezz.jeeryfix3__Klein__botB.bc24,kyleezz.jeeryfix3,0,A,jeeryfix3,1,2000,MORE_FLAG_CAPTURES,6000,9000,204,25,16,219,41,2,39,334,171,13,223,219,464,1258,34.7,41,11,30,0,21.2,50,3,10
gauntlet/20261001-234816-scrim-b2fs/losses/kyleezz.jeeryfix3__Klein__botB.bc24,kyleezz.jeeryfix3,1,B,b2fs,0,2000,MORE_FLAG_CAPTURES,6300,6300,203,5,19,274,13,0,13,406,218,39,406,369,1258,464,44.4,13,10,3,0,13.4,49,30,11
gauntlet/20261001-234816-scrim-b2fs/losses/winkelmantanner.waffle__Islands__botB.bc24,winkelmantanner.waffle,0,A,waffle,1,449,CAPTURE,5800,5800,201,21,22,213,17,3,14,217,104,1,99,79,44,101,44.4,17,5,12,0,16.4,43,0,1
gauntlet/20261001-234816-scrim-b2fs/losses/winkelmantanner.waffle__Islands__botB.bc24,winkelmantanner.waffle,1,B,b2fs,0,449,CAPTURE,5800,5800,201,11,16,268,1,0,1,6,3,14,82,75,101,44,47.7,1,1,0,0,15.0,47,12,5
gauntlet/20261001-234816-scrim-b2fs/losses/quesswho.cretplayer2_3__Waterworld__botB.bc24,quesswho.cretplayer2_3,0,A,cretplayer2_3,1,2000,MORE_FLAG_CAPTURES,13900,22000,212,28,38,242,20,2,15,1090,222,8,327,310,340,1212,35.1,17,9,8,0,25.8,12,1,7
gauntlet/20261001-234816-scrim-b2fs/losses/quesswho.cretplayer2_3__Waterworld__botB.bc24,quesswho.cretplayer2_3,1,B,b2fs,0,2000,MORE_FLAG_CAPTURES,11200,13300,203,9,12,277,8,0,8,117,53,15,277,258,1212,340,45.8,8,7,1,0,29.0,41,8,9
gauntlet/20261001-234816-scrim-b2fs/losses/winkelmantanner.waffle__Tunnels__botB.bc24,winkelmantanner.waffle,0,A,waffle,1,496,CAPTURE,2400,2700,207,12,16,247,17,3,14,175,78,0,69,56,61,117,44.1,17,4,13,0,12.1,20,0,0
gauntlet/20261001-234816-scrim-b2fs/losses/winkelmantanner.waffle__Tunnels__botB.bc24,winkelmantanner.waffle,1,B,b2fs,0,496,CAPTURE,2400,3900,203,1,0,383,0,0,0,0,0,14,71,66,117,61,47.0,0,0,0,0,,37,13,4
gauntlet/20261001-234816-scrim-b2fs/losses/winkelmantanner.waffle__Puzzle__botA.bc24,winkelmantanner.waffle,1,A,b2fs,0,1167,CAPTURE,0,10200,207,11,15,286,5,2,3,255,125,33,226,214,488,212,45.5,5,5,0,0,21.3,40,25,11
gauntlet/20261001-234816-scrim-b2fs/losses/winkelmantanner.waffle__Puzzle__botA.bc24,winkelmantanner.waffle,0,B,waffle,1,1167,CAPTURE,0,12500,203,20,15,272,36,3,33,524,247,3,257,241,212,488,39.8,36,11,25,0,27.2,44,0,5
gauntlet/20261001-234816-scrim-b2fs/replays/ColtG5.Goob_final__Gated__botA.bc24,ColtG5.Goob_final,1,A,b2fs,1,2000,MORE_FLAG_CAPTURES,1500,1900,274,0,9,443,2,2,0,113,64,25,261,241,1228,371,45.5,2,2,0,0,,37,10,16
gauntlet/20261001-234816-scrim-b2fs/replays/ColtG5.Goob_final__Gated__botA.bc24,ColtG5.Goob_final,0,B,Goob_final,0,2000,MORE_FLAG_CAPTURES,1500,2900,203,34,15,230,26,1,25,142,66,0,237,230,371,1228,35.1,26,16,10,0,19.4,40,0,2
gauntlet/20261001-234816-scrim-b2fs/losses/winkelmantanner.waffle__Mountain__botB.bc24,winkelmantanner.waffle,0,A,waffle,1,2000,MORE_FLAG_CAPTURES,4100,5300,202,14,13,202,28,2,26,385,191,4,261,253,426,1057,37.1,28,18,10,0,22.5,31,2,3
gauntlet/20261001-234816-scrim-b2fs/losses/winkelmantanner.waffle__Mountain__botB.bc24,winkelmantanner.waffle,1,B,b2fs,0,2000,MORE_FLAG_CAPTURES,4100,5300,203,8,11,256,5,1,4,67,28,26,311,298,1057,426,44.8,5,3,2,0,15.3,48,10,18
gauntlet/20261001-234816-scrim-b2fs/replays/ColtG5.Goob_final__Swoop__botB.bc24,ColtG5.Goob_final,0,A,Goob_final,0,1584,CAPTURE,4300,4300,201,30,16,223,6,1,5,67,32,0,243,241,329,1038,34.1,6,4,2,0,27.2,43,0,3
gauntlet/20261001-234816-scrim-b2fs/replays/ColtG5.Goob_final__Swoop__botB.bc24,ColtG5.Goob_final,1,B,b2fs,1,1584,CAPTURE,4300,4300,201,24,22,239,3,3,0,180,90,5,276,252,1038,329,44.9,3,3,0,0,,47,2,4
gauntlet/20261001-234816-scrim-b2fs/replays/CyrilSharma.finalBot__Racetrack__botB.bc24,CyrilSharma.finalBot,0,A,finalBot,0,2000,LEVEL_SUM,0,0,204,10,23,343,11,2,9,166,76,7,300,297,533,717,41.3,11,4,7,0,28.9,27,5,4
gauntlet/20261001-234816-scrim-b2fs/replays/CyrilSharma.finalBot__Racetrack__botB.bc24,CyrilSharma.finalBot,1,B,b2fs,1,2000,LEVEL_SUM,0,0,206,5,16,392,9,2,7,112,54,9,224,200,717,533,43.5,9,4,5,0,26.3,23,7,4
gauntlet/20261001-234816-scrim-b2fs/replays/Gymhgy.v10official__Decision__botB.bc24,Gymhgy.v10official,0,A,v10official,0,2000,LEVEL_SUM,1900,1900,203,28,38,260,49,2,11,811,97,3,287,252,297,472,44.3,46,9,5,32,43.5,32,0,5
gauntlet/20261001-234816-scrim-b2fs/replays/Gymhgy.v10official__Decision__botB.bc24,Gymhgy.v10official,1,B,b2fs,1,2000,LEVEL_SUM,1900,1900,202,20,13,285,5,2,3,356,175,11,201,191,472,297,46.4,5,5,0,0,35.3,37,5,9
gauntlet/20261001-234816-scrim-b2fs/replays/awu7.ExplosiveBot__BedWars__botA.bc24,awu7.ExplosiveBot,1,A,b2fs,1,734,CAPTURE,2400,4500,215,5,8,319,6,3,3,211,103,2,75,35,160,32,48.9,6,4,2,0,8.7,49,1,1
gauntlet/20261001-234816-scrim-b2fs/replays/awu7.ExplosiveBot__BedWars__botA.bc24,awu7.ExplosiveBot,0,B,ExplosiveBot,0,734,CAPTURE,2400,4100,235,3,3,521,2,0,2,6,0,3,23,20,32,160,44.8,2,1,1,0,14.5,47,2,4
gauntlet/20261001-234816-scrim-b2fs/replays/SampleProvider.TSPAARKSPRINT1__WheresMyWater__botA.bc24,SampleProvider.TSPAARKSPRINT1,1,A,b2fs,1,1226,CAPTURE,3000,3900,201,13,28,201,13,3,10,279,131,32,190,185,437,110,47.8,13,11,2,0,20.2,46,25,10
gauntlet/20261001-234816-scrim-b2fs/replays/SampleProvider.TSPAARKSPRINT1__WheresMyWater__botA.bc24,SampleProvider.TSPAARKSPRINT1,0,B,TSPAARKSPRINT1,0,1226,CAPTURE,3000,4800,201,5,7,201,38,2,32,1060,404,10,50,49,110,437,41.4,35,10,25,0,18.3,41,2,11
gauntlet/20261001-234816-scrim-b2fs/replays/awu7.ExplosiveBot__BedWars__botB.bc24,awu7.ExplosiveBot,0,A,ExplosiveBot,0,732,CAPTURE,2400,3200,248,0,0,504,5,0,2,17,6,2,28,23,30,147,45.2,5,2,0,3,11.0,44,0,5
gauntlet/20261001-234816-scrim-b2fs/replays/awu7.ExplosiveBot__BedWars__botB.bc24,awu7.ExplosiveBot,1,B,b2fs,1,732,CAPTURE,2400,2600,216,6,14,284,5,3,2,159,77,2,60,35,147,30,49.1,5,5,0,0,13.5,49,0,2
gauntlet/20261001-234816-scrim-b2fs/replays/IvanGeffner.kuma__EndAround__botA.bc24,IvanGeffner.kuma,1,A,b2fs,1,2000,LEVEL_SUM,2500,3700,216,26,32,1543,1,0,1,3,2,37,229,191,406,551,43.3,1,1,0,0,14.0,47,22,17
gauntlet/20261001-234816-scrim-b2fs/replays/IvanGeffner.kuma__EndAround__botA.bc24,IvanGeffner.kuma,0,B,kuma,0,2000,LEVEL_SUM,2500,6400,207,2,0,466,104,0,37,261,111,1,564,522,551,406,45.0,104,17,22,65,20.6,46,0,1
gauntlet/20261001-234816-scrim-b2fs/replays/awu7.ExplosiveBot__DefaultLarge__botB.bc24,awu7.ExplosiveBot,0,A,ExplosiveBot,0,1329,CAPTURE,1800,3900,203,0,8,305,21,1,5,97,38,24,105,91,130,935,33.0,21,3,3,15,44.8,34,11,16
gauntlet/20261001-234816-scrim-b2fs/replays/awu7.ExplosiveBot__DefaultLarge__botB.bc24,awu7.ExplosiveBot,1,B,b2fs,1,1329,CAPTURE,1800,5200,214,33,40,236,27,3,24,821,383,5,441,350,935,130,47.6,27,16,11,0,43.5,42,3,3
gauntlet/20261001-234816-scrim-b2fs/replays/SampleProvider.TSPAARKSPRINT1__QuestionableChess__botB.bc24,SampleProvider.TSPAARKSPRINT1,0,A,TSPAARKSPRINT1,0,2000,LEVEL_SUM,0,0,201,20,16,233,42,2,37,667,231,31,76,60,285,1145,36.0,39,24,15,0,17.2,39,9,24
gauntlet/20261001-234816-scrim-b2fs/replays/SampleProvider.TSPAARKSPRINT1__QuestionableChess__botB.bc24,SampleProvider.TSPAARKSPRINT1,1,B,b2fs,1,2000,LEVEL_SUM,0,0,202,25,16,231,33,2,31,617,283,37,455,369,1145,285,46.5,33,24,9,0,22.5,38,15,24
gauntlet/20261001-234816-scrim-b2fs/replays/awu7.ExplosiveBot__Randy__botB.bc24,awu7.ExplosiveBot,0,A,ExplosiveBot,0,1797,CAPTURE,3400,12000,201,9,8,216,77,1,42,302,107,12,173,165,268,1380,31.4,77,36,7,34,11.8,24,4,11
gauntlet/20261001-234816-scrim-b2fs/replays/awu7.ExplosiveBot__Randy__botB.bc24,awu7.ExplosiveBot,1,B,b2fs,1,1797,CAPTURE,3400,4200,201,25,15,212,15,3,12,280,131,42,406,374,1380,268,46.3,15,11,4,0,13.6,42,7,36
gauntlet/20261001-234816-scrim-b2fs/replays/awu7.ExplosiveBot__Diagonal__botA.bc24,awu7.ExplosiveBot,1,A,b2fs,1,2000,MORE_FLAG_CAPTURES,5100,5100,201,13,25,313,31,1,30,595,334,0,361,236,655,170,47.9,31,18,13,0,29.5,33,0,0
gauntlet/20261001-234816-scrim-b2fs/replays/awu7.ExplosiveBot__Diagonal__botA.bc24,awu7.ExplosiveBot,0,B,ExplosiveBot,0,2000,MORE_FLAG_CAPTURES,5100,5100,201,6,4,266,0,0,0,0,0,30,116,110,170,655,42.1,0,0,0,0,,27,13,18
gauntlet/20261001-234816-scrim-b2fs/replays/clbarrell.duck8__Foxes__botB.bc24,clbarrell.duck8,0,A,duck8,0,1546,CAPTURE,7500,7500,202,12,34,270,16,2,14,197,81,4,240,212,246,680,39.3,16,9,7,0,30.6,34,1,6
gauntlet/20261001-234816-scrim-b2fs/replays/clbarrell.duck8__Foxes__botB.bc24,clbarrell.duck8,1,B,b2fs,1,1546,CAPTURE,7500,7500,203,21,19,235,7,3,4,1368,660,14,341,261,680,246,46.2,7,6,1,0,17.5,40,7,9
gauntlet/20261001-234816-scrim-b2fs/replays/awu7.ExplosiveBot__OceanFloor__botA.bc24,awu7.ExplosiveBot,1,A,b2fs,1,2000,LEVEL_SUM,1400,1400,201,23,31,219,37,2,34,1398,698,22,572,475,1194,165,48.0,37,30,7,0,40.6,47,7,17
gauntlet/20261001-234816-scrim-b2fs/replays/awu7.ExplosiveBot__OceanFloor__botA.bc24,awu7.ExplosiveBot,0,B,ExplosiveBot,0,2000,LEVEL_SUM,1400,1400,201,7,9,212,43,2,22,422,180,34,122,95,165,1194,35.4,43,17,7,19,29.4,33,7,30
gauntlet/20261001-234816-scrim-b2fs/replays/clbarrell.duck8__OceanFloor__botB.bc24,clbarrell.duck8,0,A,duck8,0,754,CAPTURE,1400,1400,201,27,16,257,24,0,24,226,94,1,85,67,83,247,42.2,24,6,18,0,19.1,37,0,4
gauntlet/20261001-234816-scrim-b2fs/replays/clbarrell.duck8__OceanFloor__botB.bc24,clbarrell.duck8,1,B,b2fs,1,754,CAPTURE,1400,1400,201,25,16,212,4,3,1,300,145,24,141,86,247,83,47.3,4,4,0,0,20.0,47,18,6
gauntlet/20261001-234816-scrim-b2fs/replays/clbarrell.duck8__Pancakes__botB.bc24,clbarrell.duck8,0,A,duck8,0,756,CAPTURE,0,5300,208,11,7,283,8,0,7,38,11,6,122,114,53,300,40.6,8,4,4,0,22.6,48,2,7
gauntlet/20261001-234816-scrim-b2fs/replays/clbarrell.duck8__Pancakes__botB.bc24,clbarrell.duck8,1,B,b2fs,1,756,CAPTURE,0,3500,201,22,31,237,9,3,6,431,193,7,134,105,300,53,48.3,9,7,2,0,19.2,48,4,4
gauntlet/20261001-234816-scrim-b2fs/replays/dmtrung14.defaultplayer_intlqualifier__Battlecode24__botA.bc24,dmtrung14.defaultplayer_intlqualifier,1,A,b2fs,1,2000,LEVEL_SUM,12400,20800,203,21,27,247,7,2,4,1302,714,1,371,146,185,21,49.7,7,6,1,0,18.8,28,1,2
gauntlet/20261001-234816-scrim-b2fs/replays/dmtrung14.defaultplayer_intlqualifier__Battlecode24__botA.bc24,dmtrung14.defaultplayer_intlqualifier,0,B,defaultplayer_intlqualifier,0,2000,LEVEL_SUM,12000,18900,202,11,19,307,25,2,1,360,80,4,94,86,21,185,47.3,22,2,1,19,33.0,23,1,6
gauntlet/20261001-234816-scrim-b2fs/replays/dmtrung14.defaultplayer_intlqualifier__QueenOfHearts__botA.bc24,dmtrung14.defaultplayer_intlqualifier,1,A,b2fs,1,623,CAPTURE,3500,3500,201,23,30,261,7,3,4,493,243,4,78,43,181,23,49.1,7,4,3,0,39.8,45,0,5
gauntlet/20261001-234816-scrim-b2fs/replays/dmtrung14.defaultplayer_intlqualifier__QueenOfHearts__botA.bc24,dmtrung14.defaultplayer_intlqualifier,0,B,defaultplayer_intlqualifier,0,623,CAPTURE,3500,3500,201,0,4,222,17,1,4,391,71,4,56,50,23,181,43.0,14,5,0,9,25.0,32,3,4
gauntlet/20261001-234816-scrim-b2fs/replays/dmtrung14.defaultplayer_intlqualifier__DefaultLarge__botA.bc24,dmtrung14.defaultplayer_intlqualifier,1,A,b2fs,1,1291,CAPTURE,1800,3500,202,28,24,286,10,3,7,751,353,4,200,61,536,25,49.5,10,10,0,0,45.9,42,0,4
gauntlet/20261001-234816-scrim-b2fs/replays/dmtrung14.defaultplayer_intlqualifier__DefaultLarge__botA.bc24,dmtrung14.defaultplayer_intlqualifier,0,B,defaultplayer_intlqualifier,0,1291,CAPTURE,1800,5400,215,1,18,300,10,0,4,331,67,7,87,80,25,536,29.3,7,4,0,3,40.0,39,0,10
gauntlet/20261001-234816-scrim-b2fs/replays/jonters.bling3__Backslash__botB.bc24,jonters.bling3,0,A,bling3,0,754,CAPTURE,4700,14500,218,16,1,251,3,0,3,26,8,12,66,58,75,285,40.5,3,3,0,0,30.3,39,5,10
gauntlet/20261001-234816-scrim-b2fs/replays/jonters.bling3__Backslash__botB.bc24,jonters.bling3,1,B,b2fs,1,754,CAPTURE,4700,15100,201,24,25,211,15,3,12,277,131,3,230,192,285,75,47.7,15,10,5,0,19.8,48,0,3
gauntlet/20261001-234816-scrim-b2fs/replays/dmtrung14.defaultplayer_intlqualifier__BreadPudding__botA.bc24,dmtrung14.defaultplayer_intlqualifier,1,A,b2fs,1,2000,LEVEL_SUM,2600,2700,214,15,17,267,19,1,16,3346,814,2,127,57,273,36,49.5,19,13,6,0,13.9,47,2,1
gauntlet/20261001-234816-scrim-b2fs/replays/dmtrung14.defaultplayer_intlqualifier__BreadPudding__botA.bc24,dmtrung14.defaultplayer_intlqualifier,0,B,defaultplayer_intlqualifier,0,2000,LEVEL_SUM,2600,3100,203,17,18,232,20,1,2,317,57,16,56,51,36,273,29.7,17,1,2,14,12.5,44,6,13
gauntlet/20261001-234816-scrim-b2fs/replays/hsmalladi.finalbot__HeMustBeFreed__botB.bc24,hsmalladi.finalbot,0,A,finalbot,0,1731,CAPTURE,5900,9400,201,27,29,308,24,2,13,1055,234,2,225,214,250,280,46.1,21,7,8,6,45.3,42,0,5
gauntlet/20261001-234816-scrim-b2fs/replays/hsmalladi.finalbot__HeMustBeFreed__botB.bc24,hsmalladi.finalbot,1,B,b2fs,1,1731,CAPTURE,5900,6200,201,19,22,403,5,3,2,851,425,13,189,188,280,250,46.5,5,5,0,0,39.0,33,8,7
gauntlet/20261001-234816-scrim-b2fs/replays/dmtrung14.defaultplayer_intlqualifier__Diagonal__botB.bc24,dmtrung14.defaultplayer_intlqualifier,0,A,defaultplayer_intlqualifier,0,2000,MORE_FLAG_CAPTURES,5100,5100,201,22,27,1352,3,0,0,294,14,18,97,71,35,381,45.3,0,0,0,0,,37,6,14
gauntlet/20261001-234816-scrim-b2fs/replays/dmtrung14.defaultplayer_intlqualifier__Diagonal__botB.bc24,dmtrung14.defaultplayer_intlqualifier,1,B,b2fs,1,2000,MORE_FLAG_CAPTURES,5100,5100,201,7,18,247,20,1,18,1696,887,0,231,105,381,35,49.6,20,14,6,0,23.0,33,0,0
gauntlet/20261001-234816-scrim-b2fs/replays/jonters.bling3__Duck__botB.bc24,jonters.bling3,0,A,bling3,0,846,CAPTURE,2900,2900,201,24,15,281,3,0,3,169,80,12,35,33,76,304,40.8,3,2,1,0,22.3,30,6,9
gauntlet/20261001-234816-scrim-b2fs/replays/jonters.bling3__Duck__botB.bc24,jonters.bling3,1,B,b2fs,1,846,CAPTURE,2900,2900,201,25,35,223,15,3,12,675,330,3,170,123,304,76,47.8,15,9,6,0,40.3,45,1,2
gauntlet/20261001-234816-scrim-b2fs/replays/jonters.bling3__Starfish__botA.bc24,jonters.bling3,1,A,b2fs,1,1021,CAPTURE,4100,4100,201,20,20,201,13,3,10,157,73,3,179,164,508,109,47.4,13,9,4,0,7.5,42,0,4
gauntlet/20261001-234816-scrim-b2fs/replays/jonters.bling3__Starfish__botA.bc24,jonters.bling3,0,B,bling3,0,1021,CAPTURE,4100,4200,201,10,1,201,4,1,3,64,28,10,11,11,109,508,37.6,4,4,0,0,9.7,28,4,9
gauntlet/20261001-234816-scrim-b2fs/replays/justinottesen.sprint1__Decision__botA.bc24,justinottesen.sprint1,1,A,b2fs,1,755,CAPTURE,1900,1900,202,39,45,233,14,3,11,804,396,2,194,125,442,17,49.4,14,12,2,0,36.5,30,0,2
gauntlet/20261001-234816-scrim-b2fs/replays/justinottesen.sprint1__Decision__botA.bc24,justinottesen.sprint1,0,B,sprint1,0,755,CAPTURE,1900,1900,202,12,10,257,2,0,2,91,44,11,15,13,17,442,36.0,2,2,0,0,28.0,30,2,12
gauntlet/20261001-234816-scrim-b2fs/replays/jonters.bling3__Waterworld__botB.bc24,jonters.bling3,0,A,bling3,0,1707,CAPTURE,11200,16000,650,0,0,767,0,0,0,0,0,27,81,79,183,673,40.0,0,0,0,0,,26,11,19
gauntlet/20261001-234816-scrim-b2fs/replays/jonters.bling3__Waterworld__botB.bc24,jonters.bling3,1,B,b2fs,1,1707,CAPTURE,13900,18700,216,7,10,552,30,3,27,513,243,0,426,331,673,183,47.4,30,19,11,0,25.6,45,0,0
gauntlet/20261001-234816-scrim-b2fs/replays/justinottesen.sprint1__Fountain__botA.bc24,justinottesen.sprint1,1,A,b2fs,1,708,CAPTURE,1700,2600,217,17,26,222,14,3,11,290,141,5,144,129,464,29,48.9,14,12,2,0,20.9,48,0,5
gauntlet/20261001-234816-scrim-b2fs/replays/justinottesen.sprint1__Fountain__botA.bc24,justinottesen.sprint1,0,B,sprint1,0,708,CAPTURE,1300,2000,213,3,5,278,5,0,5,90,38,11,14,12,29,464,34.5,5,5,0,0,16.8,34,2,12
gauntlet/20261001-234816-scrim-b2fs/replays/jonters.bling3__Snake__botB.bc24,jonters.bling3,0,A,bling3,0,1984,CAPTURE,13100,22900,203,34,31,264,3,1,2,118,53,15,246,240,375,707,41.0,3,3,0,0,35.0,33,7,11
gauntlet/20261001-234816-scrim-b2fs/replays/jonters.bling3__Snake__botB.bc24,jonters.bling3,1,B,b2fs,1,1984,CAPTURE,13100,32200,204,34,25,217,18,3,15,565,339,2,553,451,707,375,45.4,18,11,7,0,26.1,43,0,3
gauntlet/20261001-234816-scrim-b2fs/replays/justinottesen.sprint1__OceanFloor__botB.bc24,justinottesen.sprint1,0,A,sprint1,0,1501,CAPTURE,1300,1300,201,10,10,218,9,0,9,299,139,18,61,59,28,1271,29.5,9,8,1,0,27.2,37,2,19
gauntlet/20261001-234816-scrim-b2fs/replays/justinottesen.sprint1__OceanFloor__botB.bc24,justinottesen.sprint1,1,B,b2fs,1,1501,CAPTURE,1400,1400,201,38,45,247,21,3,18,1483,729,9,552,508,1271,28,49.6,21,19,2,0,25.7,47,1,8
gauntlet/20261001-234816-scrim-b2fs/replays/justinottesen.sprint1__StackGame__botB.bc24,justinottesen.sprint1,0,A,sprint1,0,704,CAPTURE,4600,4600,201,7,6,285,0,0,0,0,0,9,51,51,44,435,35.3,0,0,0,0,,41,0,12
gauntlet/20261001-234816-scrim-b2fs/replays/justinottesen.sprint1__StackGame__botB.bc24,justinottesen.sprint1,1,B,b2fs,1,704,CAPTURE,4600,4600,201,11,6,232,12,3,9,191,90,0,148,120,435,44,48.4,12,12,0,0,14.9,43,0,0
gauntlet/20261001-234816-scrim-b2fs/replays/kyleezz.jeeryfix3__BedWars__botA.bc24,kyleezz.jeeryfix3,1,A,b2fs,1,2000,LEVEL_SUM,2400,2600,335,0,0,1098,2,0,2,8,2,0,96,1,1,3,50.0,2,2,0,0,14.5,49,0,0
gauntlet/20261001-234816-scrim-b2fs/replays/kyleezz.jeeryfix3__BedWars__botA.bc24,kyleezz.jeeryfix3,0,B,jeeryfix3,0,2000,LEVEL_SUM,2400,2800,215,1,1,0,0,0,0,0,0,2,15,0,3,1,50.0,0,0,0,0,,50,0,2
gauntlet/20261001-234816-scrim-b2fs/replays/kyleezz.jeeryfix3__Fusbol__botA.bc24,kyleezz.jeeryfix3,1,A,b2fs,1,2000,MORE_FLAG_CAPTURES,7200,7500,216,4,42,307,13,1,12,83,59,0,720,634,1477,275,46.5,13,10,3,0,41.3,36,0,0
gauntlet/20261001-234816-scrim-b2fs/replays/kyleezz.jeeryfix3__Fusbol__botA.bc24,kyleezz.jeeryfix3,0,B,jeeryfix3,0,2000,MORE_FLAG_CAPTURES,7200,10500,202,6,0,0,0,0,0,0,0,12,264,256,275,1477,31.9,0,0,0,0,,37,3,10
gauntlet/20261001-234816-scrim-b2fs/replays/quesswho.cretplayer2_3__AceOfSpades__botA.bc24,quesswho.cretplayer2_3,1,A,b2fs,1,1639,CAPTURE,1800,3000,204,25,27,226,20,3,17,610,280,2,249,205,1087,346,44.8,20,17,3,0,19.5,46,1,3
gauntlet/20261001-234816-scrim-b2fs/replays/quesswho.cretplayer2_3__AceOfSpades__botA.bc24,quesswho.cretplayer2_3,0,B,cretplayer2_3,0,1639,CAPTURE,1800,18600,206,31,44,237,7,2,2,833,102,17,400,393,346,1087,33.6,4,3,1,0,15.0,37,3,17
gauntlet/20261001-234816-scrim-b2fs/replays/quesswho.cretplayer2_3__Digging__botA.bc24,quesswho.cretplayer2_3,1,A,b2fs,1,1909,CAPTURE,700,2500,205,5,10,271,28,3,25,322,181,4,332,253,1770,240,46.9,28,12,16,0,21.6,45,2,3
gauntlet/20261001-234816-scrim-b2fs/replays/quesswho.cretplayer2_3__Digging__botA.bc24,quesswho.cretplayer2_3,0,B,cretplayer2_3,0,1909,CAPTURE,700,2400,217,13,3,258,8,1,4,653,27,25,195,195,240,1770,27.3,5,3,2,0,20.0,39,16,12
gauntlet/20261001-234816-scrim-b2fs/replays/kyleezz.jeeryfix3__Fusbol__botB.bc24,kyleezz.jeeryfix3,0,A,jeeryfix3,0,2000,LEVEL_SUM,7200,9300,208,0,0,349,0,0,0,0,0,17,233,229,241,1578,30.9,0,0,0,0,,41,8,9
gauntlet/20261001-234816-scrim-b2fs/replays/kyleezz.jeeryfix3__Fusbol__botB.bc24,kyleezz.jeeryfix3,1,B,b2fs,1,2000,LEVEL_SUM,7200,8700,208,9,43,308,17,0,17,39,13,0,761,649,1578,241,47.0,17,9,8,0,41.8,42,0,0
gauntlet/20261001-234816-scrim-b2fs/replays/winkelmantanner.waffle__Soccer__botB.bc24,winkelmantanner.waffle,0,A,waffle,0,1298,CAPTURE,3000,3200,207,25,19,258,70,1,68,378,142,4,190,190,267,794,35.2,70,22,48,0,28.1,25,1,6
gauntlet/20261001-234816-scrim-b2fs/replays/winkelmantanner.waffle__Soccer__botB.bc24,winkelmantanner.waffle,1,B,b2fs,1,1298,CAPTURE,3000,3000,203,14,18,262,7,3,4,330,161,68,282,249,794,267,45.0,7,6,1,0,15.8,36,48,22
gauntlet/20261001-234816-scrim-b2fs/replays/winkelmantanner.waffle__Funnel__botB.bc24,winkelmantanner.waffle,0,A,waffle,0,1962,CAPTURE,2200,3800,202,22,27,240,34,1,33,263,121,4,259,257,352,972,37.9,34,17,17,0,49.7,33,0,7
gauntlet/20261001-234816-scrim-b2fs/replays/winkelmantanner.waffle__Funnel__botB.bc24,winkelmantanner.waffle,1,B,b2fs,1,1962,CAPTURE,2200,4100,201,12,5,353,7,3,4,508,272,33,371,329,972,352,45.6,7,7,0,0,26.8,36,17,17
gauntlet/20261002-000331-scrim-b2fs/losses/CyrilSharma.finalBot__BedWars__botB.bc24,CyrilSharma.finalBot,0,A,finalBot,1,854,CAPTURE,2400,8200,205,20,32,235,22,3,19,208,96,3,129,127,109,167,45.3,22,9,13,0,17.0,47,1,4
gauntlet/20261002-000331-scrim-b2fs/losses/CyrilSharma.finalBot__BedWars__botB.bc24,CyrilSharma.finalBot,1,B,b2fs,0,854,CAPTURE,2400,2500,227,8,8,256,5,1,3,44,20,19,68,48,167,109,46.9,5,4,1,0,12.7,48,13,9
gauntlet/20261002-000331-scrim-b2fs/losses/ColtG5.Goob_final__Snake__botA.bc24,ColtG5.Goob_final,1,A,b2fs,0,2000,MORE_FLAG_CAPTURES,13100,27500,204,37,23,248,0,0,0,0,0,12,457,436,1056,545,43.4,0,0,0,0,,46,8,6
gauntlet/20261002-000331-scrim-b2fs/losses/ColtG5.Goob_final__Snake__botA.bc24,ColtG5.Goob_final,0,B,Goob_final,1,2000,MORE_FLAG_CAPTURES,13100,33000,207,15,13,271,14,2,12,182,79,0,620,582,545,1056,37.2,14,6,8,0,29.1,41,0,0
gauntlet/20261002-000331-scrim-b2fs/losses/ColtG5.Goob_final__MazeRunner__botA.bc24,ColtG5.Goob_final,1,A,b2fs,0,2000,MORE_FLAG_CAPTURES,2600,4700,207,1,3,716,0,0,0,0,0,9,224,186,1003,331,46.0,0,0,0,0,,47,3,7
gauntlet/20261002-000331-scrim-b2fs/losses/ColtG5.Goob_final__MazeRunner__botA.bc24,ColtG5.Goob_final,0,B,Goob_final,1,2000,MORE_FLAG_CAPTURES,2600,5300,207,19,18,296,10,1,9,106,45,0,224,191,331,1003,37.8,10,7,3,0,25.1,45,0,0
gauntlet/20261002-000331-scrim-b2fs/losses/CyrilSharma.finalBot__AceOfSpades__botB.bc24,CyrilSharma.finalBot,0,A,finalBot,1,723,CAPTURE,1800,16500,204,17,27,302,7,3,4,281,127,7,413,360,190,116,46.1,7,4,3,0,23.3,41,1,7
gauntlet/20261002-000331-scrim-b2fs/losses/CyrilSharma.finalBot__AceOfSpades__botB.bc24,CyrilSharma.finalBot,1,B,b2fs,0,723,CAPTURE,1800,5100,202,30,15,211,8,1,7,154,70,4,123,118,116,190,43.7,8,7,1,0,18.4,47,3,4
gauntlet/20261002-000331-scrim-b2fs/losses/CyrilSharma.finalBot__DefaultLarge__botA.bc24,CyrilSharma.finalBot,1,A,b2fs,0,2000,MORE_FLAG_CAPTURES,1800,3700,202,9,13,756,4,0,4,10,3,26,291,263,630,578,42.9,4,3,1,0,41.8,42,17,11
gauntlet/20261002-000331-scrim-b2fs/losses/CyrilSharma.finalBot__DefaultLarge__botA.bc24,CyrilSharma.finalBot,0,B,finalBot,1,2000,MORE_FLAG_CAPTURES,1800,5400,202,7,8,391,28,2,26,561,271,4,518,487,578,630,42.4,28,11,17,0,42.5,44,1,3
gauntlet/20261002-000331-scrim-b2fs/losses/CyrilSharma.finalBot__YearOfTheDragon__botA.bc24,CyrilSharma.finalBot,1,A,b2fs,0,655,CAPTURE,10800,10800,201,28,14,225,3,0,3,71,24,8,160,130,103,146,44.6,3,3,0,0,14.0,47,6,5
gauntlet/20261002-000331-scrim-b2fs/losses/CyrilSharma.finalBot__YearOfTheDragon__botA.bc24,CyrilSharma.finalBot,0,B,finalBot,1,655,CAPTURE,10800,10800,201,20,22,232,11,3,8,183,85,3,326,315,146,103,46.3,11,5,6,0,22.9,38,0,3
gauntlet/20261002-000331-scrim-b2fs/losses/Gymhgy.v10official__DefaultMedium__botB.bc24,Gymhgy.v10official,0,A,v10official,1,542,CAPTURE,2900,2900,201,35,40,271,39,3,2,740,66,4,84,61,54,37,48.4,36,5,0,31,32.0,37,0,6
gauntlet/20261002-000331-scrim-b2fs/losses/Gymhgy.v10official__DefaultMedium__botB.bc24,Gymhgy.v10official,1,B,b2fs,0,542,CAPTURE,2900,2900,201,3,12,301,6,0,4,167,80,2,47,43,37,54,47.6,6,6,0,0,31.0,46,0,5
gauntlet/20261002-000331-scrim-b2fs/losses/IvanGeffner.kuma__Alien__botA.bc24,IvanGeffner.kuma,1,A,b2fs,0,448,CAPTURE,3300,3300,202,11,9,236,0,0,0,0,0,4,78,74,37,83,45.6,0,0,0,0,,37,3,5
gauntlet/20261002-000331-scrim-b2fs/losses/IvanGeffner.kuma__Alien__botA.bc24,IvanGeffner.kuma,0,B,kuma,1,448,CAPTURE,3300,3300,202,36,33,237,26,3,4,117,56,0,138,94,83,37,48.1,26,5,3,18,13.5,36,0,0
gauntlet/20261002-000331-scrim-b2fs/losses/Gymhgy.v10official__HeMustBeFreed__botB.bc24,Gymhgy.v10official,0,A,v10official,1,858,CAPTURE,5900,18300,201,27,34,313,50,3,3,878,123,3,114,98,87,85,47.6,47,5,1,41,45.3,30,0,4
gauntlet/20261002-000331-scrim-b2fs/losses/Gymhgy.v10official__HeMustBeFreed__botB.bc24,Gymhgy.v10official,1,B,b2fs,0,858,CAPTURE,3000,3300,201,8,8,395,4,1,3,226,113,3,69,56,85,87,47.6,4,4,0,0,49.3,27,1,5
gauntlet/20261002-000331-scrim-b2fs/losses/IvanGeffner.kuma__Capacitance__botA.bc24,IvanGeffner.kuma,1,A,b2fs,0,741,CAPTURE,3600,4100,201,22,17,234,1,1,0,14,7,13,113,110,92,217,43.2,1,1,0,0,,41,9,7
gauntlet/20261002-000331-scrim-b2fs/losses/IvanGeffner.kuma__Capacitance__botA.bc24,IvanGeffner.kuma,0,B,kuma,1,741,CAPTURE,3600,5900,201,36,30,231,49,3,13,209,92,0,217,197,217,92,47.1,49,7,9,33,10.0,38,0,1
gauntlet/20261002-000331-scrim-b2fs/losses/Gymhgy.v10official__GravitationalWaves__botA.bc24,Gymhgy.v10official,1,A,b2fs,0,1560,CAPTURE,3400,3400,201,27,24,641,1,0,1,15,6,21,174,126,223,143,47.7,1,1,0,0,22.0,20,7,17
gauntlet/20261002-000331-scrim-b2fs/losses/Gymhgy.v10official__GravitationalWaves__botA.bc24,Gymhgy.v10official,0,B,v10official,1,1560,CAPTURE,3700,3700,201,27,25,201,60,3,21,908,233,1,203,144,143,223,46.5,57,17,7,33,21.4,12,0,1
gauntlet/20261002-000331-scrim-b2fs/losses/Gymhgy.v10official__Diagonal__botA.bc24,Gymhgy.v10official,1,A,b2fs,0,2000,MORE_FLAG_CAPTURES,5100,5100,201,22,23,670,2,0,2,20,8,3,260,226,202,241,47.1,2,2,0,0,31.0,35,1,5
gauntlet/20261002-000331-scrim-b2fs/losses/Gymhgy.v10official__Diagonal__botA.bc24,Gymhgy.v10official,0,B,v10official,1,2000,MORE_FLAG_CAPTURES,5100,5100,201,25,21,279,13,1,3,662,38,2,302,173,241,202,47.6,10,5,1,4,32.7,31,0,2
gauntlet/20261002-000331-scrim-b2fs/losses/IvanGeffner.kuma__BigDucksBigPond__botA.bc24,IvanGeffner.kuma,1,A,b2fs,0,1531,CAPTURE,5100,5500,201,23,17,233,3,0,3,54,24,8,174,165,280,701,38.9,3,3,0,0,35.0,45,5,8
gauntlet/20261002-000331-scrim-b2fs/losses/IvanGeffner.kuma__BigDucksBigPond__botA.bc24,IvanGeffner.kuma,0,B,kuma,1,1531,CAPTURE,5100,8500,201,28,29,234,33,3,8,346,168,3,558,509,701,280,45.3,33,8,5,20,45.8,42,0,3
gauntlet/20261002-000331-scrim-b2fs/losses/IvanGeffner.kuma__Diagonal__botB.bc24,IvanGeffner.kuma,0,A,kuma,1,2000,LEVEL_SUM,5100,5100,201,25,33,327,0,0,0,0,0,0,360,285,238,170,47.9,0,0,0,0,,35,0,0
gauntlet/20261002-000331-scrim-b2fs/losses/IvanGeffner.kuma__Diagonal__botB.bc24,IvanGeffner.kuma,1,B,b2fs,0,2000,LEVEL_SUM,5100,5100,201,10,12,321,0,0,0,0,0,0,250,180,170,238,47.1,0,0,0,0,,36,0,0
gauntlet/20261002-000331-scrim-b2fs/losses/IvanGeffner.kuma__StackGame__botB.bc24,IvanGeffner.kuma,0,A,kuma,1,818,CAPTURE,4600,4600,201,32,32,245,7,3,2,86,42,0,257,208,311,113,46.7,7,3,2,2,11.0,43,0,0
gauntlet/20261002-000331-scrim-b2fs/losses/IvanGeffner.kuma__StackGame__botB.bc24,IvanGeffner.kuma,1,B,b2fs,0,818,CAPTURE,4600,4600,202,1,0,672,0,0,0,0,0,2,120,106,113,311,40.9,0,0,0,0,,38,2,3
gauntlet/20261002-000331-scrim-b2fs/losses/NotLLeon.v3__Duck__botB.bc24,NotLLeon.v3,0,A,v3,1,494,CAPTURE,2900,2900,201,13,24,253,8,3,3,502,250,9,77,74,27,96,45.5,8,5,1,2,19.0,44,0,10
gauntlet/20261002-000331-scrim-b2fs/losses/NotLLeon.v3__Duck__botB.bc24,NotLLeon.v3,1,B,b2fs,0,494,CAPTURE,2900,2900,201,32,19,262,10,1,9,190,90,3,74,65,96,27,48.6,10,10,0,0,45.8,43,1,5
gauntlet/20261002-000331-scrim-b2fs/losses/IvanGeffner.kuma__Randy__botB.bc24,IvanGeffner.kuma,0,A,kuma,1,2000,MORE_FLAG_CAPTURES,3400,5200,201,18,8,215,27,2,12,90,36,4,481,443,533,332,46.0,27,11,4,12,17.4,30,2,2
gauntlet/20261002-000331-scrim-b2fs/losses/IvanGeffner.kuma__Randy__botB.bc24,IvanGeffner.kuma,1,B,b2fs,0,2000,MORE_FLAG_CAPTURES,3400,3800,201,20,8,210,4,0,4,23,8,12,241,220,332,533,43.5,4,2,2,0,8.0,44,4,11
gauntlet/20261002-000331-scrim-b2fs/losses/NotLLeon.v3__Decision__botB.bc24,NotLLeon.v3,0,A,v3,1,1864,CAPTURE,1400,1500,205,38,38,252,75,3,57,1346,649,30,249,247,338,399,44.8,75,28,35,12,27.6,17,7,25
gauntlet/20261002-000331-scrim-b2fs/losses/NotLLeon.v3__Decision__botB.bc24,NotLLeon.v3,1,B,b2fs,0,1864,CAPTURE,1900,2200,202,25,29,247,32,2,30,1709,831,57,259,204,399,338,45.6,32,25,7,0,28.5,30,35,28
gauntlet/20261002-000331-scrim-b2fs/losses/NotLLeon.v3__Foxes__botB.bc24,NotLLeon.v3,0,A,v3,1,1437,CAPTURE,7500,7500,205,14,18,311,28,3,8,502,218,11,310,287,350,358,43.9,28,8,3,17,23.1,44,3,8
gauntlet/20261002-000331-scrim-b2fs/losses/NotLLeon.v3__Foxes__botB.bc24,NotLLeon.v3,1,B,b2fs,0,1437,CAPTURE,7500,7500,208,12,34,253,11,0,11,88,36,8,217,203,358,350,44.1,11,8,3,0,28.5,38,3,8
gauntlet/20261002-000331-scrim-b2fs/losses/NotLLeon.v3__FloodGates__botA.bc24,NotLLeon.v3,1,A,b2fs,0,2000,MORE_FLAG_CAPTURES,500,1700,345,0,0,378,4,0,4,23,9,28,220,199,422,264,46.8,4,2,2,0,21.8,25,14,15
gauntlet/20261002-000331-scrim-b2fs/losses/NotLLeon.v3__FloodGates__botA.bc24,NotLLeon.v3,0,B,v3,1,2000,MORE_FLAG_CAPTURES,500,1700,211,8,26,302,30,1,28,95,35,4,234,221,264,422,44.9,30,15,14,1,17.0,26,2,2
gauntlet/20261002-000331-scrim-b2fs/losses/NotLLeon.v3__Rainbow__botA.bc24,NotLLeon.v3,1,A,b2fs,0,2000,MORE_FLAG_CAPTURES,6000,6000,201,7,13,0,0,0,0,0,0,49,269,256,582,491,44.0,0,0,0,0,,47,24,27
gauntlet/20261002-000331-scrim-b2fs/losses/NotLLeon.v3__Rainbow__botA.bc24,NotLLeon.v3,0,B,v3,1,2000,MORE_FLAG_CAPTURES,6000,6000,201,11,23,326,56,2,49,396,175,0,384,373,491,582,43.0,56,27,24,5,30.2,46,0,0
gauntlet/20261002-000331-scrim-b2fs/losses/SampleProvider.TSPAARKSPRINT1__EndAround__botA.bc24,SampleProvider.TSPAARKSPRINT1,1,A,b2fs,0,743,CAPTURE,2500,4600,203,34,38,243,11,0,10,794,359,4,106,91,111,56,48.2,11,9,2,0,19.1,47,1,6
gauntlet/20261002-000331-scrim-b2fs/losses/SampleProvider.TSPAARKSPRINT1__EndAround__botA.bc24,SampleProvider.TSPAARKSPRINT1,0,B,TSPAARKSPRINT1,1,743,CAPTURE,2500,7000,274,0,2,359,10,3,4,874,310,10,47,37,56,111,46.2,7,6,1,0,28.5,42,2,9
gauntlet/20261002-000331-scrim-b2fs/losses/SampleProvider.TSPAARKSPRINT1__EndAround__botB.bc24,SampleProvider.TSPAARKSPRINT1,0,A,TSPAARKSPRINT1,1,1822,CAPTURE,2500,7600,206,0,24,323,44,3,38,1063,464,27,109,100,155,694,40.6,41,21,20,0,23.0,42,7,22
gauntlet/20261002-000331-scrim-b2fs/losses/SampleProvider.TSPAARKSPRINT1__EndAround__botB.bc24,SampleProvider.TSPAARKSPRINT1,1,B,b2fs,0,1822,CAPTURE,1900,3400,202,28,27,241,29,1,27,556,262,38,288,280,694,155,47.9,29,22,7,0,25.4,47,20,21
gauntlet/20261002-000331-scrim-b2fs/losses/Strequals.duck0127v5__Canals__botA.bc24,Strequals.duck0127v5,1,A,b2fs,0,1065,CAPTURE,4600,4800,215,5,3,499,1,0,1,3,0,10,149,141,125,436,40.1,1,1,0,0,17.0,47,4,9
gauntlet/20261002-000331-scrim-b2fs/losses/Strequals.duck0127v5__Canals__botA.bc24,Strequals.duck0127v5,0,B,duck0127v5,1,1065,CAPTURE,4600,6100,204,5,2,414,13,3,10,283,140,1,425,380,436,125,47.2,13,9,4,0,31.1,46,0,1
gauntlet/20261002-000331-scrim-b2fs/losses/SampleProvider.TSPAARKSPRINT1__English__botA.bc24,SampleProvider.TSPAARKSPRINT1,1,A,b2fs,0,1934,CAPTURE,10900,10900,201,41,39,262,11,2,9,480,232,66,316,303,466,154,48.1,11,11,0,0,30.0,47,42,27
gauntlet/20261002-000331-scrim-b2fs/losses/SampleProvider.TSPAARKSPRINT1__English__botA.bc24,SampleProvider.TSPAARKSPRINT1,0,B,TSPAARKSPRINT1,1,1934,CAPTURE,10900,10900,201,24,31,250,72,3,66,1512,757,9,67,59,154,466,44.0,69,27,42,0,22.4,38,0,11
gauntlet/20261002-000331-scrim-b2fs/losses/Strequals.duck0127v5__Soccer__botA.bc24,Strequals.duck0127v5,1,A,b2fs,0,760,CAPTURE,3000,3000,221,10,15,264,17,0,17,115,47,8,110,91,92,159,45.0,17,10,7,0,28.1,30,4,7
gauntlet/20261002-000331-scrim-b2fs/losses/Strequals.duck0127v5__Soccer__botA.bc24,Strequals.duck0127v5,0,B,duck0127v5,1,760,CAPTURE,3000,3200,218,9,22,267,11,3,8,242,112,17,189,167,159,92,47.1,11,7,4,0,29.4,31,7,10
gauntlet/20261002-000331-scrim-b2fs/losses/andli28.v9_USQuals_angle__AceOfSpades__botB.bc24,andli28.v9_USQuals_angle,0,A,v9_USQuals_angle,1,769,CAPTURE,1800,19200,202,13,13,228,11,3,8,160,74,0,410,326,254,127,46.1,11,5,6,0,22.4,41,0,0
gauntlet/20261002-000331-scrim-b2fs/losses/andli28.v9_USQuals_angle__AceOfSpades__botB.bc24,andli28.v9_USQuals_angle,1,B,b2fs,0,769,CAPTURE,1800,2400,202,13,13,234,0,0,0,0,0,8,96,95,127,254,42.2,0,0,0,0,,42,6,5
gauntlet/20261002-000331-scrim-b2fs/losses/Strequals.duck0127v5__Divergent__botA.bc24,Strequals.duck0127v5,1,A,b2fs,0,2000,MORE_FLAG_CAPTURES,3700,4000,203,14,19,320,14,0,14,100,38,36,240,218,254,463,44.3,14,9,5,0,29.3,45,12,26
gauntlet/20261002-000331-scrim-b2fs/losses/Strequals.duck0127v5__Divergent__botA.bc24,Strequals.duck0127v5,0,B,duck0127v5,1,2000,MORE_FLAG_CAPTURES,3000,3300,216,0,16,363,38,2,36,476,232,14,460,437,463,254,46.9,38,26,12,0,28.8,24,5,9
gauntlet/20261002-000331-scrim-b2fs/losses/Strequals.duck0127v5__Skyline__botB.bc24,Strequals.duck0127v5,0,A,duck0127v5,1,1452,CAPTURE,21600,21600,202,12,13,255,9,3,6,136,66,7,393,346,352,227,46.2,9,7,2,0,20.3,34,2,5
gauntlet/20261002-000331-scrim-b2fs/losses/Strequals.duck0127v5__Skyline__botB.bc24,Strequals.duck0127v5,1,B,b2fs,0,1452,CAPTURE,21600,21600,201,34,35,232,7,0,7,37,11,6,342,326,227,352,44.2,7,5,2,0,17.9,45,2,7
gauntlet/20261002-000331-scrim-b2fs/losses/andli28.v9_USQuals_angle__Funnel__botB.bc24,andli28.v9_USQuals_angle,0,A,v9_USQuals_angle,1,1222,CAPTURE,2200,4300,202,25,27,333,15,3,12,441,213,2,387,363,358,223,45.6,15,8,7,0,43.6,34,0,2
gauntlet/20261002-000331-scrim-b2fs/losses/andli28.v9_USQuals_angle__Funnel__botB.bc24,andli28.v9_USQuals_angle,1,B,b2fs,0,1222,CAPTURE,2200,3600,201,15,16,431,2,0,2,63,30,12,154,140,223,358,42.9,2,2,0,0,48.0,41,7,8
gauntlet/20261002-000331-scrim-b2fs/losses/andli28.v9_USQuals_angle__Occulus__botA.bc24,andli28.v9_USQuals_angle,1,A,b2fs,0,749,CAPTURE,1800,1800,201,17,16,213,0,0,0,0,0,26,88,83,140,200,43.6,0,0,0,0,,40,23,6
gauntlet/20261002-000331-scrim-b2fs/losses/andli28.v9_USQuals_angle__Occulus__botA.bc24,andli28.v9_USQuals_angle,0,B,v9_USQuals_angle,1,749,CAPTURE,1800,6900,201,27,5,249,29,3,26,287,126,0,255,193,200,140,45.5,29,6,23,0,16.0,41,0,0
gauntlet/20261002-000331-scrim-b2fs/losses/andli28.v9_USQuals_angle__Gated__botA.bc24,andli28.v9_USQuals_angle,1,A,b2fs,0,522,CAPTURE,1500,2400,203,4,1,0,0,0,0,0,0,9,64,58,54,46,47.9,0,0,0,0,,36,7,5
gauntlet/20261002-000331-scrim-b2fs/losses/andli28.v9_USQuals_angle__Gated__botA.bc24,andli28.v9_USQuals_angle,0,B,v9_USQuals_angle,1,522,CAPTURE,1500,2400,208,24,23,281,12,3,9,157,72,0,102,75,46,54,47.6,12,5,7,0,21.3,27,0,0
gauntlet/20261002-000331-scrim-b2fs/losses/andli28.v9_USQuals_angle__QuestionableChess__botA.bc24,andli28.v9_USQuals_angle,1,A,b2fs,0,914,CAPTURE,0,0,201,25,14,217,5,1,4,82,40,23,67,62,186,295,42.3,5,5,0,0,24.3,43,18,8
gauntlet/20261002-000331-scrim-b2fs/losses/andli28.v9_USQuals_angle__QuestionableChess__botA.bc24,andli28.v9_USQuals_angle,0,B,v9_USQuals_angle,1,914,CAPTURE,0,0,203,4,17,280,26,3,23,205,91,4,179,154,295,186,45.0,26,8,18,0,19.7,36,0,5
gauntlet/20261002-000331-scrim-b2fs/losses/andli28.v9_USQuals_angle__SteamboatMickey__botB.bc24,andli28.v9_USQuals_angle,0,A,v9_USQuals_angle,1,2000,MORE_FLAG_CAPTURES,7300,18400,201,12,8,201,24,2,22,317,151,10,702,632,712,377,45.4,24,8,16,0,28.5,43,2,8
gauntlet/20261002-000331-scrim-b2fs/losses/andli28.v9_USQuals_angle__SteamboatMickey__botB.bc24,andli28.v9_USQuals_angle,1,B,b2fs,0,2000,MORE_FLAG_CAPTURES,7300,8200,201,28,25,201,10,0,10,97,42,22,300,283,377,712,41.3,10,8,2,0,23.8,46,16,8
gauntlet/20261002-000331-scrim-b2fs/losses/andrewgopher.player22__Divergent__botB.bc24,andrewgopher.player22,0,A,player22,1,2000,MORE_FLAG_CAPTURES,3400,3400,207,23,23,341,18,2,12,319,152,6,245,234,449,616,42.5,15,14,0,1,27.4,35,1,5
gauntlet/20261002-000331-scrim-b2fs/losses/andrewgopher.player22__Divergent__botB.bc24,andrewgopher.player22,1,B,b2fs,0,2000,MORE_FLAG_CAPTURES,3700,4000,203,7,9,357,6,0,6,89,42,12,237,216,616,449,44.6,6,5,1,0,23.0,44,0,14
gauntlet/20261002-000331-scrim-b2fs/losses/andrewgopher.player22__WheresMyWater__botA.bc24,andrewgopher.player22,1,A,b2fs,0,491,CAPTURE,3000,3600,201,2,0,201,0,0,0,0,0,0,69,64,147,103,45.1,0,0,0,0,,44,0,3
gauntlet/20261002-000331-scrim-b2fs/losses/andrewgopher.player22__WheresMyWater__botA.bc24,andrewgopher.player22,0,B,player22,1,491,CAPTURE,3000,5700,201,33,31,201,6,3,0,82,39,0,80,65,103,147,42.9,3,3,0,0,,37,0,0
gauntlet/20261002-000331-scrim-b2fs/losses/andrewgopher.player22__Fountain__botA.bc24,andrewgopher.player22,1,A,b2fs,0,2000,MORE_FLAG_CAPTURES,1700,2700,212,2,9,301,5,0,5,16,5,6,216,208,716,416,44.9,5,4,1,0,16.0,39,0,7
gauntlet/20261002-000331-scrim-b2fs/losses/andrewgopher.player22__Fountain__botA.bc24,andrewgopher.player22,0,B,player22,1,2000,MORE_FLAG_CAPTURES,1700,2700,245,2,24,274,10,1,6,81,35,5,187,180,416,716,41.3,7,7,0,0,19.2,47,1,4
gauntlet/20261002-000331-scrim-b2fs/losses/andrewgopher.player22__StackGame__botA.bc24,andrewgopher.player22,1,A,b2fs,0,457,CAPTURE,4600,4600,203,0,2,293,0,0,0,0,0,2,85,78,116,88,45.3,0,0,0,0,,42,1,4
gauntlet/20261002-000331-scrim-b2fs/losses/andrewgopher.player22__StackGame__botA.bc24,andrewgopher.player22,0,B,player22,1,457,CAPTURE,4600,4600,201,38,30,226,8,3,2,118,56,0,100,88,88,116,44.1,5,4,1,0,20.5,44,0,0
gauntlet/20261002-000331-scrim-b2fs/losses/andrewgopher.player22__Snake__botA.bc24,andrewgopher.player22,1,A,b2fs,0,1604,CAPTURE,13100,28300,203,23,31,236,5,0,5,35,15,6,429,403,678,738,38.7,5,4,1,0,32.2,45,3,6
gauntlet/20261002-000331-scrim-b2fs/losses/andrewgopher.player22__Snake__botA.bc24,andrewgopher.player22,0,B,player22,1,1604,CAPTURE,13100,32100,206,21,19,273,17,3,6,231,107,5,541,499,738,678,39.6,14,6,3,5,32.5,40,1,4
gauntlet/20261002-000331-scrim-b2fs/losses/andrewgopher.player22__Yinyang__botB.bc24,andrewgopher.player22,0,A,player22,1,691,CAPTURE,2900,3200,201,25,31,203,12,3,6,118,51,0,157,132,329,200,43.0,9,4,5,0,15.0,50,0,0
gauntlet/20261002-000331-scrim-b2fs/losses/andrewgopher.player22__Yinyang__botB.bc24,andrewgopher.player22,1,B,b2fs,0,691,CAPTURE,2900,3200,201,3,5,311,0,0,0,0,0,6,94,93,200,329,38.9,0,0,0,0,,47,5,4
gauntlet/20261002-000331-scrim-b2fs/losses/chenyx512.flagbot_final__Alligator__botA.bc24,chenyx512.flagbot_final,1,A,b2fs,0,1107,CAPTURE,3300,4800,201,12,19,0,0,0,0,0,0,3,141,140,122,536,38.2,0,0,0,0,,32,1,5
gauntlet/20261002-000331-scrim-b2fs/losses/chenyx512.flagbot_final__Alligator__botA.bc24,chenyx512.flagbot_final,0,B,flagbot_final,1,1107,CAPTURE,3300,7800,201,13,16,223,9,3,3,743,308,0,428,333,536,122,47.2,6,5,1,0,14.3,39,0,0
gauntlet/20261002-000331-scrim-b2fs/losses/chenyx512.flagbot_final__Bunkers__botA.bc24,chenyx512.flagbot_final,1,A,b2fs,0,930,CAPTURE,2800,2800,201,7,6,280,3,0,3,10,4,0,112,110,60,429,38.9,3,3,0,0,22.0,46,0,3
gauntlet/20261002-000331-scrim-b2fs/losses/chenyx512.flagbot_final__Bunkers__botA.bc24,chenyx512.flagbot_final,0,B,flagbot_final,1,930,CAPTURE,2800,2800,201,18,18,248,6,3,0,712,288,3,284,207,429,60,48.4,3,3,0,0,,45,0,3
gauntlet/20261002-000331-scrim-b2fs/losses/chenyx512.flagbot_final__KingQuacksCastle__botB.bc24,chenyx512.flagbot_final,0,A,flagbot_final,1,677,CAPTURE,1600,12800,210,20,29,243,8,3,2,741,235,6,256,184,187,25,49.0,5,4,1,0,23.5,43,1,6
gauntlet/20261002-000331-scrim-b2fs/losses/chenyx512.flagbot_final__KingQuacksCastle__botB.bc24,chenyx512.flagbot_final,1,B,b2fs,0,677,CAPTURE,1600,2000,204,22,18,220,7,1,6,177,84,2,75,72,25,187,43.5,7,6,1,0,22.3,48,1,4
gauntlet/20261002-000331-scrim-b2fs/losses/chenyx512.flagbot_final__CH3353C4K3F4CT0RY__botB.bc24,chenyx512.flagbot_final,0,A,flagbot_final,1,972,CAPTURE,13000,13400,206,4,25,317,15,3,9,731,304,5,503,405,437,97,47.5,12,6,6,0,22.1,35,0,5
gauntlet/20261002-000331-scrim-b2fs/losses/chenyx512.flagbot_final__CH3353C4K3F4CT0RY__botB.bc24,chenyx512.flagbot_final,1,B,b2fs,0,972,CAPTURE,13000,13000,202,31,17,242,5,0,5,47,19,9,217,204,97,437,39.2,5,5,0,0,22.4,38,6,6
gauntlet/20261002-000331-scrim-b2fs/losses/chenyx512.flagbot_final__Intercontinental__botA.bc24,chenyx512.flagbot_final,1,A,b2fs,0,1178,CAPTURE,2400,3900,201,8,6,300,6,2,4,205,102,2,97,94,137,580,38.0,6,6,0,0,17.0,48,1,4
gauntlet/20261002-000331-scrim-b2fs/losses/chenyx512.flagbot_final__Intercontinental__botA.bc24,chenyx512.flagbot_final,0,B,flagbot_final,1,1178,CAPTURE,2400,5400,201,19,19,236,8,3,2,755,276,4,260,203,580,137,47.1,5,4,1,0,17.5,38,0,6
gauntlet/20261002-000331-scrim-b2fs/losses/chenyx512.flagbot_final__OceanFloor__botB.bc24,chenyx512.flagbot_final,0,A,flagbot_final,1,1297,CAPTURE,1400,1400,201,36,37,251,22,3,16,891,371,11,360,268,479,96,48.1,19,7,12,0,33.4,47,0,11
gauntlet/20261002-000331-scrim-b2fs/losses/chenyx512.flagbot_final__OceanFloor__botB.bc24,chenyx512.flagbot_final,1,B,b2fs,0,1297,CAPTURE,1400,1400,201,15,13,247,11,0,11,225,108,16,136,121,96,479,41.1,11,11,0,0,47.0,46,12,7
gauntlet/20261002-000331-scrim-b2fs/losses/clbarrell.duck8__Fountain__botA.bc24,clbarrell.duck8,1,A,b2fs,0,922,CAPTURE,1700,2300,210,17,17,221,4,1,2,102,50,12,77,68,340,165,45.6,4,4,0,0,16.5,46,9,6
gauntlet/20261002-000331-scrim-b2fs/losses/clbarrell.duck8__Fountain__botA.bc24,clbarrell.duck8,0,B,duck8,1,922,CAPTURE,1700,3100,208,22,5,220,15,3,12,240,86,2,98,82,165,340,41.1,15,6,9,0,14.6,40,0,4
gauntlet/20261002-000331-scrim-b2fs/losses/dmtrung14.defaultplayer_intlqualifier__OceanFloor__botB.bc24,dmtrung14.defaultplayer_intlqualifier,0,A,defaultplayer_intlqualifier,1,473,CAPTURE,1100,1200,201,18,10,215,38,3,5,447,164,2,33,31,12,128,43.4,35,4,4,27,21.0,44,1,4
gauntlet/20261002-000331-scrim-b2fs/losses/dmtrung14.defaultplayer_intlqualifier__OceanFloor__botB.bc24,dmtrung14.defaultplayer_intlqualifier,1,B,b2fs,0,473,CAPTURE,1400,1400,201,27,36,214,5,1,2,126,61,5,56,45,128,12,49.3,5,4,1,0,37.5,47,4,4
gauntlet/20261002-000331-scrim-b2fs/losses/hsmalladi.finalbot__HungerGames__botB.bc24,hsmalladi.finalbot,0,A,finalbot,1,585,CAPTURE,700,17900,208,20,37,224,23,3,14,777,99,2,239,208,86,98,46.0,20,9,8,3,13.1,47,0,3
gauntlet/20261002-000331-scrim-b2fs/losses/hsmalladi.finalbot__HungerGames__botB.bc24,hsmalladi.finalbot,1,B,b2fs,0,585,CAPTURE,700,4300,204,12,8,357,3,1,2,117,48,14,93,86,98,86,46.4,3,3,0,0,11.5,45,8,9
gauntlet/20261002-000331-scrim-b2fs/losses/hsmalladi.finalbot__BreadPudding__botB.bc24,hsmalladi.finalbot,0,A,finalbot,1,2000,LEVEL_SUM,2600,2900,211,5,20,293,12,1,6,668,52,3,335,316,551,673,41.9,9,3,4,2,13.7,42,0,4
gauntlet/20261002-000331-scrim-b2fs/losses/hsmalladi.finalbot__BreadPudding__botB.bc24,hsmalladi.finalbot,1,B,b2fs,0,2000,LEVEL_SUM,2600,2900,203,20,16,267,4,1,3,375,185,6,236,226,673,551,43.3,4,4,0,0,15.7,44,4,3
gauntlet/20261002-000331-scrim-b2fs/losses/hsmalladi.finalbot__StackGame__botA.bc24,hsmalladi.finalbot,1,A,b2fs,0,432,CAPTURE,4600,4600,220,5,7,0,0,0,0,0,0,5,82,78,83,52,47.1,0,0,0,0,,42,5,3
gauntlet/20261002-000331-scrim-b2fs/losses/hsmalladi.finalbot__StackGame__botA.bc24,hsmalladi.finalbot,0,B,finalbot,1,432,CAPTURE,4600,4600,201,26,9,240,18,3,5,742,95,0,67,51,52,83,45.4,15,3,5,7,9.8,46,0,0
gauntlet/20261002-000331-scrim-b2fs/losses/dmtrung14.defaultplayer_intlqualifier__GaltonBoard__botB.bc24,dmtrung14.defaultplayer_intlqualifier,0,A,defaultplayer_intlqualifier,1,2000,MORE_FLAG_CAPTURES,0,2800,201,9,20,213,11,1,2,315,8,3,65,56,112,997,37.8,8,3,0,5,19.5,35,1,2
gauntlet/20261002-000331-scrim-b2fs/losses/dmtrung14.defaultplayer_intlqualifier__GaltonBoard__botB.bc24,dmtrung14.defaultplayer_intlqualifier,1,B,b2fs,0,2000,MORE_FLAG_CAPTURES,0,2100,209,9,6,228,3,0,3,71,34,2,214,195,997,112,48.6,3,2,1,0,14.7,39,0,3
gauntlet/20261002-000331-scrim-b2fs/losses/hsmalladi.finalbot__Puzzle__botA.bc24,hsmalladi.finalbot,1,A,b2fs,0,699,CAPTURE,0,9600,207,14,14,227,3,1,1,580,290,15,141,116,119,82,47.1,3,3,0,0,24.0,38,8,10
gauntlet/20261002-000331-scrim-b2fs/losses/hsmalladi.finalbot__Puzzle__botA.bc24,hsmalladi.finalbot,0,B,finalbot,1,699,CAPTURE,0,12800,203,26,26,267,36,3,15,1029,264,1,126,122,82,119,45.9,33,10,8,15,23.1,47,0,3
gauntlet/20261002-000331-scrim-b2fs/losses/clbarrell.duck8__Whirlpool__botA.bc24,clbarrell.duck8,1,A,b2fs,0,2000,MORE_FLAG_CAPTURES,2800,4700,201,12,18,350,1,1,0,45,20,9,253,203,949,362,45.6,1,1,0,0,,46,6,5
gauntlet/20261002-000331-scrim-b2fs/losses/clbarrell.duck8__Whirlpool__botA.bc24,clbarrell.duck8,0,B,duck8,1,2000,MORE_FLAG_CAPTURES,2800,5300,201,8,3,349,11,2,9,158,69,0,259,209,362,949,38.5,11,5,6,0,18.9,34,0,1
gauntlet/20261002-000331-scrim-b2fs/losses/jmerle.camel_case_v21_final__HungerGames__botB.bc24,jmerle.camel_case_v21_final,0,A,camel_case_v21_final,1,337,CAPTURE,600,20000,203,35,38,245,3,3,0,131,65,0,212,169,91,30,48.0,3,3,0,0,,46,0,0
gauntlet/20261002-000331-scrim-b2fs/losses/jmerle.camel_case_v21_final__HungerGames__botB.bc24,jmerle.camel_case_v21_final,1,B,b2fs,0,337,CAPTURE,700,2100,205,1,0,251,0,0,0,0,0,0,49,47,30,91,43.7,0,0,0,0,,47,0,3
gauntlet/20261002-000331-scrim-b2fs/losses/hsmalladi.finalbot__TwistedTreeline__botA.bc24,hsmalladi.finalbot,1,A,b2fs,0,2000,MORE_FLAG_CAPTURES,2400,2400,202,25,19,264,9,1,8,230,106,39,279,258,683,513,43.7,9,9,0,0,36.0,46,20,21
gauntlet/20261002-000331-scrim-b2fs/losses/hsmalladi.finalbot__TwistedTreeline__botA.bc24,hsmalladi.finalbot,0,B,finalbot,1,2000,MORE_FLAG_CAPTURES,2400,2400,203,33,18,243,56,2,39,1067,217,8,289,278,513,683,41.6,53,21,20,12,30.2,44,0,9
gauntlet/20261002-000331-scrim-b2fs/losses/jmerle.camel_case_v21_final__Starfish__botB.bc24,jmerle.camel_case_v21_final,0,A,camel_case_v21_final,1,381,CAPTURE,4100,4200,201,26,26,201,4,3,1,141,71,4,26,26,99,96,44.2,4,4,0,0,13.0,43,2,3
gauntlet/20261002-000331-scrim-b2fs/losses/jmerle.camel_case_v21_final__Starfish__botB.bc24,jmerle.camel_case_v21_final,1,B,b2fs,0,381,CAPTURE,4100,4100,201,20,14,201,5,1,4,29,13,1,35,33,96,99,43.9,5,3,2,0,6.5,41,0,4
gauntlet/20261002-000331-scrim-b2fs/losses/jmerle.camel_case_v21_final__OceanFloor__botB.bc24,jmerle.camel_case_v21_final,0,A,camel_case_v21_final,1,634,CAPTURE,1400,1400,201,35,18,217,4,3,1,354,179,11,87,83,132,143,44.5,4,4,0,0,49.0,44,1,11
gauntlet/20261002-000331-scrim-b2fs/losses/jmerle.camel_case_v21_final__OceanFloor__botB.bc24,jmerle.camel_case_v21_final,1,B,b2fs,0,634,CAPTURE,1400,1400,201,19,29,211,12,0,11,196,91,1,79,53,143,132,44.9,12,11,1,0,25.9,47,0,4
gauntlet/20261002-000331-scrim-b2fs/losses/jmerle.camel_case_v21_final__GravitationalWaves__botB.bc24,jmerle.camel_case_v21_final,0,A,camel_case_v21_final,1,2000,MORE_FLAG_CAPTURES,3400,3400,201,33,26,201,4,1,3,64,30,2,191,164,334,694,41.5,4,1,3,0,25.0,16,0,2
gauntlet/20261002-000331-scrim-b2fs/losses/jmerle.camel_case_v21_final__GravitationalWaves__botB.bc24,jmerle.camel_case_v21_final,1,B,b2fs,0,2000,MORE_FLAG_CAPTURES,3400,3400,201,27,15,201,2,0,2,37,18,3,223,154,694,334,45.9,2,2,0,0,24.0,18,3,1
gauntlet/20261002-000331-scrim-b2fs/losses/jmerle.camel_case_v21_final__Hurricane__botA.bc24,jmerle.camel_case_v21_final,1,A,b2fs,0,1317,CAPTURE,4500,4500,201,18,12,204,21,0,21,384,183,12,166,141,269,285,44.7,21,20,1,0,15.3,46,3,12
gauntlet/20261002-000331-scrim-b2fs/losses/jmerle.camel_case_v21_final__Hurricane__botA.bc24,jmerle.camel_case_v21_final,0,B,camel_case_v21_final,1,1317,CAPTURE,4500,4500,201,31,30,207,15,3,12,540,251,21,208,205,285,269,45.0,15,12,3,0,21.5,49,1,20
gauntlet/20261002-000331-scrim-b2fs/losses/jonters.bling3__Randy__botB.bc24,jonters.bling3,0,A,bling3,1,2000,MORE_FLAG_CAPTURES,3400,13600,201,6,21,204,7,1,6,136,60,21,154,134,310,652,41.8,7,2,5,0,8.5,26,2,19
gauntlet/20261002-000331-scrim-b2fs/losses/jonters.bling3__Randy__botB.bc24,jonters.bling3,1,B,b2fs,0,2000,MORE_FLAG_CAPTURES,3400,3400,201,16,20,212,21,0,21,37,8,6,271,225,652,310,46.2,21,19,2,0,10.7,40,5,2
gauntlet/20261002-000331-scrim-b2fs/losses/kyleezz.jeeryfix3__OceanFloor__botA.bc24,kyleezz.jeeryfix3,1,A,b2fs,0,421,CAPTURE,1400,1400,201,8,28,230,1,0,0,31,15,1,66,40,99,32,48.2,1,1,0,0,,47,1,3
gauntlet/20261002-000331-scrim-b2fs/losses/kyleezz.jeeryfix3__OceanFloor__botA.bc24,kyleezz.jeeryfix3,0,B,jeeryfix3,1,421,CAPTURE,1400,1400,201,31,15,227,4,3,1,194,98,0,36,30,32,99,44.6,4,3,1,0,30.0,49,0,1
gauntlet/20261002-000331-scrim-b2fs/losses/kyleezz.jeeryfix3__Skyline__botA.bc24,kyleezz.jeeryfix3,1,A,b2fs,0,454,CAPTURE,21600,21600,204,10,11,239,1,0,1,7,3,6,229,185,142,79,45.8,1,1,0,0,18.0,47,3,6
gauntlet/20261002-000331-scrim-b2fs/losses/kyleezz.jeeryfix3__Skyline__botA.bc24,kyleezz.jeeryfix3,0,B,jeeryfix3,1,454,CAPTURE,21600,21600,201,20,17,216,9,3,6,109,51,1,214,149,79,142,42.5,9,6,3,0,17.0,50,0,1
gauntlet/20261002-000331-scrim-b2fs/losses/kyleezz.jeeryfix3__CH3353C4K3F4CT0RY__botB.bc24,kyleezz.jeeryfix3,0,A,jeeryfix3,1,2000,MORE_FLAG_CAPTURES,13000,13200,209,11,11,259,16,2,14,108,56,4,431,407,464,1442,32.4,16,11,5,0,23.9,40,2,3
gauntlet/20261002-000331-scrim-b2fs/losses/kyleezz.jeeryfix3__CH3353C4K3F4CT0RY__botB.bc24,kyleezz.jeeryfix3,1,B,b2fs,0,2000,MORE_FLAG_CAPTURES,13000,13200,202,25,22,235,5,1,4,57,26,14,419,393,1442,464,44.4,5,3,2,0,23.8,47,5,11
gauntlet/20261002-000331-scrim-b2fs/losses/quesswho.cretplayer2_3__Battlefield__botB.bc24,quesswho.cretplayer2_3,0,A,cretplayer2_3,1,431,CAPTURE,3700,3700,204,25,15,209,25,3,19,858,103,3,68,60,115,126,42.1,22,8,14,0,6.3,30,0,3
gauntlet/20261002-000331-scrim-b2fs/losses/quesswho.cretplayer2_3__Battlefield__botB.bc24,quesswho.cretplayer2_3,1,B,b2fs,0,431,CAPTURE,3700,3700,202,11,4,220,3,0,3,18,7,19,77,63,126,115,43.8,3,3,0,0,8.7,43,14,8
gauntlet/20261002-000331-scrim-b2fs/losses/kyleezz.jeeryfix3__Hurricane__botB.bc24,kyleezz.jeeryfix3,0,A,jeeryfix3,1,2000,MORE_FLAG_CAPTURES,4500,4500,201,34,27,206,7,1,6,139,68,8,32,18,33,60,49.3,7,7,0,0,25.5,47,0,8
gauntlet/20261002-000331-scrim-b2fs/losses/kyleezz.jeeryfix3__Hurricane__botB.bc24,kyleezz.jeeryfix3,1,B,b2fs,0,2000,MORE_FLAG_CAPTURES,4500,4500,201,30,30,216,8,0,8,84,37,6,119,43,60,33,49.6,8,8,0,0,13.3,45,0,7
gauntlet/20261002-000331-scrim-b2fs/losses/quesswho.cretplayer2_3__Canals__botA.bc24,quesswho.cretplayer2_3,1,A,b2fs,0,1190,CAPTURE,4600,4600,221,12,4,238,9,2,7,417,194,10,214,199,418,374,42.3,9,9,0,0,21.0,47,7,6
gauntlet/20261002-000331-scrim-b2fs/losses/quesswho.cretplayer2_3__Canals__botA.bc24,quesswho.cretplayer2_3,0,B,cretplayer2_3,1,1190,CAPTURE,4600,5300,206,28,27,229,16,3,10,1437,450,7,201,193,374,418,41.0,13,6,7,0,7.8,42,0,9
gauntlet/20261002-000331-scrim-b2fs/losses/quesswho.cretplayer2_3__KingQuacksCastle__botB.bc24,quesswho.cretplayer2_3,0,A,cretplayer2_3,1,610,CAPTURE,1600,12700,207,27,38,253,8,3,2,1007,223,0,138,124,162,159,43.0,5,5,0,0,25.5,42,0,0
gauntlet/20261002-000331-scrim-b2fs/losses/quesswho.cretplayer2_3__KingQuacksCastle__botB.bc24,quesswho.cretplayer2_3,1,B,b2fs,0,610,CAPTURE,1600,2100,205,34,37,227,0,0,0,0,0,2,78,66,159,162,43.5,0,0,0,0,,48,0,5
gauntlet/20261002-000331-scrim-b2fs/losses/winkelmantanner.waffle__Gauntlet__botB.bc24,winkelmantanner.waffle,0,A,waffle,1,563,CAPTURE,2100,3400,203,24,35,258,32,3,29,406,189,0,105,94,130,130,44.3,32,5,27,0,26.7,29,0,0
gauntlet/20261002-000331-scrim-b2fs/losses/winkelmantanner.waffle__Gauntlet__botB.bc24,winkelmantanner.waffle,1,B,b2fs,0,563,CAPTURE,2100,2200,207,10,9,286,0,0,0,0,0,29,53,43,130,130,44.5,0,0,0,0,,40,27,5
gauntlet/20261002-000331-scrim-b2fs/losses/quesswho.cretplayer2_3__Tunnels__botB.bc24,quesswho.cretplayer2_3,0,A,cretplayer2_3,1,841,CAPTURE,2400,3600,203,8,5,209,19,3,13,1034,198,8,105,101,176,368,38.8,16,6,10,0,13.0,32,4,5
gauntlet/20261002-000331-scrim-b2fs/losses/quesswho.cretplayer2_3__Tunnels__botB.bc24,quesswho.cretplayer2_3,1,B,b2fs,0,841,CAPTURE,2400,3000,213,5,6,494,9,1,8,113,51,13,114,91,368,176,45.1,9,5,4,0,9.6,34,10,6
gauntlet/20261002-000331-scrim-b2fs/losses/winkelmantanner.waffle__StackGame__botB.bc24,winkelmantanner.waffle,0,A,waffle,1,480,CAPTURE,4600,4600,202,30,15,220,18,3,15,247,115,1,107,100,117,124,43.9,18,6,12,0,12.8,37,0,1
gauntlet/20261002-000331-scrim-b2fs/losses/winkelmantanner.waffle__StackGame__botB.bc24,winkelmantanner.waffle,1,B,b2fs,0,480,CAPTURE,4600,4600,201,1,12,339,1,0,1,29,11,15,89,72,124,117,44.3,1,1,0,0,6.0,41,12,6
gauntlet/20261002-000331-scrim-b2fs/losses/winkelmantanner.waffle__Whirlpool__botB.bc24,winkelmantanner.waffle,0,A,waffle,1,595,CAPTURE,2800,7200,201,23,30,300,10,3,7,150,71,0,107,89,71,105,45.6,10,4,6,0,20.0,39,0,0
gauntlet/20261002-000331-scrim-b2fs/losses/winkelmantanner.waffle__Whirlpool__botB.bc24,winkelmantanner.waffle,1,B,b2fs,0,595,CAPTURE,2800,2800,201,15,16,0,0,0,0,0,0,7,62,54,105,71,47.2,0,0,0,0,,38,6,4
gauntlet/20261002-000331-scrim-b2fs/losses/winkelmantanner.waffle__Skyline__botA.bc24,winkelmantanner.waffle,1,A,b2fs,0,768,CAPTURE,21600,27600,202,15,31,209,15,1,14,183,78,39,366,280,339,107,46.7,15,8,7,0,18.9,47,35,7
gauntlet/20261002-000331-scrim-b2fs/losses/winkelmantanner.waffle__Skyline__botA.bc24,winkelmantanner.waffle,0,B,waffle,1,768,CAPTURE,9300,9300,201,25,10,210,42,3,39,435,183,14,165,162,107,339,39.3,42,7,35,0,13.7,35,7,8
gauntlet/20261002-000331-scrim-b2fs/replays/ColtG5.Goob_final__BigDucksBigPond__botB.bc24,ColtG5.Goob_final,0,A,Goob_final,0,2000,LEVEL_SUM,3200,5300,201,28,5,230,14,2,12,268,124,4,272,270,536,1284,34.4,14,7,7,0,31.0,29,2,5
gauntlet/20261002-000331-scrim-b2fs/replays/ColtG5.Goob_final__BigDucksBigPond__botB.bc24,ColtG5.Goob_final,1,B,b2fs,1,2000,LEVEL_SUM,5100,8600,201,33,27,228,7,2,4,361,179,12,514,443,1284,536,43.4,7,5,2,0,38.8,47,7,7
gauntlet/20261002-000331-scrim-b2fs/replays/ColtG5.Goob_final__OceanFloor__botA.bc24,ColtG5.Goob_final,1,A,b2fs,1,1712,CAPTURE,1400,1400,201,20,18,347,5,3,2,251,120,14,366,269,990,379,44.6,5,3,2,0,35.0,47,5,11
gauntlet/20261002-000331-scrim-b2fs/replays/ColtG5.Goob_final__OceanFloor__botA.bc24,ColtG5.Goob_final,0,B,Goob_final,0,1712,CAPTURE,1400,1400,201,18,19,230,16,2,14,268,128,2,211,206,379,990,35.8,16,11,5,0,30.9,47,2,3
gauntlet/20261002-000331-scrim-b2fs/replays/ColtG5.Goob_final__DefaultLarge__botA.bc24,ColtG5.Goob_final,1,A,b2fs,1,2000,MORE_FLAG_CAPTURES,1800,2800,205,0,17,300,3,1,2,155,75,0,525,434,1435,447,44.6,3,3,0,0,42.0,44,0,0
gauntlet/20261002-000331-scrim-b2fs/replays/ColtG5.Goob_final__DefaultLarge__botA.bc24,ColtG5.Goob_final,0,B,Goob_final,0,2000,MORE_FLAG_CAPTURES,1800,6300,204,20,22,338,0,0,0,0,0,2,274,266,447,1435,32.5,0,0,0,0,,45,0,3
gauntlet/20261002-000331-scrim-b2fs/replays/Gymhgy.v10official__Starfish__botA.bc24,Gymhgy.v10official,1,A,b2fs,1,413,CAPTURE,4100,4200,201,22,11,201,5,3,2,141,70,2,33,29,67,25,48.5,5,5,0,0,7.5,46,1,3
gauntlet/20261002-000331-scrim-b2fs/replays/Gymhgy.v10official__Starfish__botA.bc24,Gymhgy.v10official,0,B,v10official,0,413,CAPTURE,4100,4100,201,11,19,201,12,2,2,603,204,2,13,10,25,67,46.1,9,3,1,5,8.0,41,0,5
gauntlet/20261002-000331-scrim-b2fs/replays/ColtG5.Goob_final__Tunnels__botA.bc24,ColtG5.Goob_final,1,A,b2fs,1,2000,LEVEL_SUM,2400,3000,264,0,0,349,0,0,0,0,0,2,217,195,775,316,46.2,0,0,0,0,,33,0,2
gauntlet/20261002-000331-scrim-b2fs/replays/ColtG5.Goob_final__Tunnels__botA.bc24,ColtG5.Goob_final,0,B,Goob_final,0,2000,LEVEL_SUM,2400,3600,207,7,2,211,2,0,2,36,16,0,209,175,316,775,40.5,2,2,0,0,14.5,33,0,0
gauntlet/20261002-000331-scrim-b2fs/replays/CyrilSharma.finalBot__QuestionableChess__botB.bc24,CyrilSharma.finalBot,0,A,finalBot,0,2000,LEVEL_SUM,0,0,201,19,20,248,15,0,15,114,31,0,329,318,478,610,42.6,15,4,11,0,14.3,39,0,0
gauntlet/20261002-000331-scrim-b2fs/replays/CyrilSharma.finalBot__QuestionableChess__botB.bc24,CyrilSharma.finalBot,1,B,b2fs,1,2000,LEVEL_SUM,0,0,202,11,14,463,0,0,0,0,0,15,233,155,610,478,44.2,0,0,0,0,,40,11,4
gauntlet/20261002-000331-scrim-b2fs/replays/CyrilSharma.finalBot__Fusbol__botA.bc24,CyrilSharma.finalBot,1,A,b2fs,1,2000,LEVEL_SUM,7200,13800,202,40,27,225,0,0,0,0,0,3,402,337,532,399,45.1,0,0,0,0,,37,1,2
gauntlet/20261002-000331-scrim-b2fs/replays/CyrilSharma.finalBot__Fusbol__botA.bc24,CyrilSharma.finalBot,0,B,finalBot,0,2000,LEVEL_SUM,1800,4200,304,0,0,1084,3,0,3,23,11,0,354,345,399,532,41.6,3,2,1,0,48.3,1,0,0
gauntlet/20261002-000331-scrim-b2fs/replays/NotLLeon.v3__Hurricane__botB.bc24,NotLLeon.v3,0,A,v3,0,2000,LEVEL_SUM,4500,4500,201,22,30,207,56,0,55,521,257,23,152,127,98,222,47.3,56,36,20,0,15.7,47,2,21
gauntlet/20261002-000331-scrim-b2fs/replays/NotLLeon.v3__Hurricane__botB.bc24,NotLLeon.v3,1,B,b2fs,1,2000,LEVEL_SUM,4500,4500,201,22,22,232,23,0,23,145,62,55,238,177,222,98,48.8,23,21,2,0,14.8,46,20,36
gauntlet/20261002-000331-scrim-b2fs/replays/SampleProvider.TSPAARKSPRINT1__Swoop__botA.bc24,SampleProvider.TSPAARKSPRINT1,1,A,b2fs,1,1104,CAPTURE,4300,4300,201,22,19,201,34,3,31,526,229,52,154,149,307,97,47.8,34,29,5,0,18.0,47,30,24
gauntlet/20261002-000331-scrim-b2fs/replays/SampleProvider.TSPAARKSPRINT1__Swoop__botA.bc24,SampleProvider.TSPAARKSPRINT1,0,B,TSPAARKSPRINT1,0,1104,CAPTURE,4300,4300,201,26,29,213,57,2,52,767,238,31,56,43,97,307,43.3,54,24,30,0,28.7,44,5,29
gauntlet/20261002-000331-scrim-b2fs/replays/Gymhgy.v10official__Starfish__botB.bc24,Gymhgy.v10official,0,A,v10official,0,1822,CAPTURE,4100,4100,201,14,13,201,31,2,15,641,174,13,150,147,438,892,38.2,28,13,4,11,7.1,45,7,9
gauntlet/20261002-000331-scrim-b2fs/replays/Gymhgy.v10official__Starfish__botB.bc24,Gymhgy.v10official,1,B,b2fs,1,1822,CAPTURE,4100,4200,201,11,10,201,16,3,13,186,85,15,296,280,892,438,44.2,16,9,7,0,8.9,39,4,13
gauntlet/20261002-000331-scrim-b2fs/replays/SampleProvider.TSPAARKSPRINT1__KingQuacksCastle__botB.bc24,SampleProvider.TSPAARKSPRINT1,0,A,TSPAARKSPRINT1,0,1561,CAPTURE,1600,5200,207,11,23,263,53,2,48,1083,430,54,87,82,209,630,40.2,50,25,25,0,19.1,44,14,43
gauntlet/20261002-000331-scrim-b2fs/replays/SampleProvider.TSPAARKSPRINT1__KingQuacksCastle__botB.bc24,SampleProvider.TSPAARKSPRINT1,1,B,b2fs,1,1561,CAPTURE,1600,5100,204,32,33,234,57,3,54,1265,599,48,279,215,630,209,46.7,57,43,14,0,22.8,48,25,25
gauntlet/20261002-000331-scrim-b2fs/replays/SampleProvider.TSPAARKSPRINT1__WheresMyWater__botB.bc24,SampleProvider.TSPAARKSPRINT1,0,A,TSPAARKSPRINT1,0,1745,CAPTURE,3000,4200,201,1,1,236,53,2,47,1077,469,23,63,62,156,887,37.6,50,17,33,0,16.4,45,8,18
gauntlet/20261002-000331-scrim-b2fs/replays/SampleProvider.TSPAARKSPRINT1__WheresMyWater__botB.bc24,SampleProvider.TSPAARKSPRINT1,1,B,b2fs,1,1745,CAPTURE,3000,4200,201,25,20,201,26,3,23,491,205,47,336,328,887,156,47.8,26,18,8,0,17.4,43,33,17
gauntlet/20261002-000331-scrim-b2fs/replays/Strequals.duck0127v5__Foxes__botB.bc24,Strequals.duck0127v5,0,A,duck0127v5,0,744,CAPTURE,7500,7500,210,5,30,286,4,1,3,96,47,11,211,170,112,81,47.5,4,4,0,0,36.3,29,3,11
gauntlet/20261002-000331-scrim-b2fs/replays/Strequals.duck0127v5__Foxes__botB.bc24,Strequals.duck0127v5,1,B,b2fs,1,744,CAPTURE,7500,7500,202,18,13,305,14,3,11,407,197,3,145,123,81,112,46.3,14,11,3,0,30.7,40,0,4
gauntlet/20261002-000331-scrim-b2fs/replays/awu7.ExplosiveBot__Alligator__botA.bc24,awu7.ExplosiveBot,1,A,b2fs,1,1600,CAPTURE,3300,7200,201,32,36,209,14,3,11,423,197,6,563,402,1241,159,47.6,14,7,7,0,16.3,37,0,6
gauntlet/20261002-000331-scrim-b2fs/replays/awu7.ExplosiveBot__Alligator__botA.bc24,awu7.ExplosiveBot,0,B,ExplosiveBot,0,1600,CAPTURE,3300,5400,201,1,3,323,7,0,6,11,2,11,118,111,159,1241,31.3,7,6,0,1,19.2,25,7,7
gauntlet/20261002-000331-scrim-b2fs/replays/awu7.ExplosiveBot__Canals__botA.bc24,awu7.ExplosiveBot,1,A,b2fs,1,1073,CAPTURE,4600,4800,220,10,0,239,9,3,6,309,148,16,272,221,714,118,47.3,9,7,2,0,31.7,47,6,12
gauntlet/20261002-000331-scrim-b2fs/replays/awu7.ExplosiveBot__Canals__botA.bc24,awu7.ExplosiveBot,0,B,ExplosiveBot,0,1073,CAPTURE,4600,5100,204,20,23,235,50,1,16,126,37,6,93,82,118,714,33.8,50,12,6,32,28.1,38,2,7
gauntlet/20261002-000331-scrim-b2fs/replays/awu7.ExplosiveBot__Joker__botB.bc24,awu7.ExplosiveBot,0,A,ExplosiveBot,0,689,CAPTURE,14500,16000,201,18,0,348,6,0,1,8,2,5,128,78,84,329,38.5,6,4,0,2,21.0,22,1,7
gauntlet/20261002-000331-scrim-b2fs/replays/awu7.ExplosiveBot__Joker__botB.bc24,awu7.ExplosiveBot,1,B,b2fs,1,689,CAPTURE,14500,21800,204,25,31,228,8,3,5,339,164,1,370,279,329,84,47.1,8,7,1,0,24.4,47,0,4
gauntlet/20261002-000331-scrim-b2fs/replays/awu7.ExplosiveBot__GaltonBoard__botA.bc24,awu7.ExplosiveBot,1,A,b2fs,1,1700,CAPTURE,0,0,201,15,15,256,5,3,2,217,100,0,367,228,1431,196,47.2,5,4,1,0,13.0,35,0,0
gauntlet/20261002-000331-scrim-b2fs/replays/awu7.ExplosiveBot__GaltonBoard__botA.bc24,awu7.ExplosiveBot,0,B,ExplosiveBot,0,1700,CAPTURE,0,0,206,8,0,253,0,0,0,0,0,2,57,57,196,1431,29.7,0,0,0,0,,22,1,4
gauntlet/20261002-000331-scrim-b2fs/replays/awu7.ExplosiveBot__Capacitance__botB.bc24,awu7.ExplosiveBot,0,A,ExplosiveBot,0,2000,LEVEL_SUM,3600,4300,201,9,18,215,19,2,3,105,41,17,161,140,219,1439,32.5,19,4,1,14,8.7,38,8,11
gauntlet/20261002-000331-scrim-b2fs/replays/awu7.ExplosiveBot__Capacitance__botB.bc24,awu7.ExplosiveBot,1,B,b2fs,1,2000,LEVEL_SUM,3600,5700,201,21,15,222,19,2,17,248,131,3,449,416,1439,219,47.3,19,11,8,0,12.8,47,1,4
gauntlet/20261002-000331-scrim-b2fs/replays/awu7.ExplosiveBot__Klein__botB.bc24,awu7.ExplosiveBot,0,A,ExplosiveBot,0,861,CAPTURE,6500,6500,204,4,6,296,13,1,4,67,23,1,33,31,65,424,38.2,13,4,1,8,23.0,35,0,4
gauntlet/20261002-000331-scrim-b2fs/replays/awu7.ExplosiveBot__Klein__botB.bc24,awu7.ExplosiveBot,1,B,b2fs,1,861,CAPTURE,6300,6300,202,24,27,222,4,3,1,213,105,4,210,163,424,65,48.3,4,4,0,0,19.0,48,1,4
gauntlet/20261002-000331-scrim-b2fs/replays/clbarrell.duck8__Hockey__botB.bc24,clbarrell.duck8,0,A,duck8,0,1145,CAPTURE,3300,3600,209,0,3,0,0,0,0,0,0,2,136,128,129,675,35.8,0,0,0,0,,30,0,5
gauntlet/20261002-000331-scrim-b2fs/replays/clbarrell.duck8__Hockey__botB.bc24,clbarrell.duck8,1,B,b2fs,1,1145,CAPTURE,3300,3300,220,29,19,633,5,3,2,320,159,0,323,209,675,129,47.2,5,5,0,0,24.5,34,0,0
gauntlet/20261002-000331-scrim-b2fs/replays/dmtrung14.defaultplayer_intlqualifier__DefaultHuge__botA.bc24,dmtrung14.defaultplayer_intlqualifier,1,A,b2fs,1,592,CAPTURE,3700,3700,201,19,41,201,7,3,4,289,140,6,103,97,236,16,49.3,7,5,2,0,25.3,47,0,9
gauntlet/20261002-000331-scrim-b2fs/replays/dmtrung14.defaultplayer_intlqualifier__DefaultHuge__botA.bc24,dmtrung14.defaultplayer_intlqualifier,0,B,defaultplayer_intlqualifier,0,592,CAPTURE,3400,3400,201,4,12,205,53,2,6,459,158,4,75,75,16,236,40.6,50,9,0,41,13.2,46,2,5
gauntlet/20261002-000331-scrim-b2fs/replays/clbarrell.duck8__Diagonal__botB.bc24,clbarrell.duck8,0,A,duck8,0,2000,MORE_FLAG_CAPTURES,5100,5100,201,27,29,277,11,1,10,161,52,19,304,281,301,809,40.1,11,2,9,0,29.7,40,4,17
gauntlet/20261002-000331-scrim-b2fs/replays/clbarrell.duck8__Diagonal__botB.bc24,clbarrell.duck8,1,B,b2fs,1,2000,MORE_FLAG_CAPTURES,5100,5100,201,17,24,252,21,2,19,1237,529,10,334,241,809,301,46.3,21,17,4,0,18.8,34,9,2
gauntlet/20261002-000331-scrim-b2fs/replays/clbarrell.duck8__Islands__botB.bc24,clbarrell.duck8,0,A,duck8,0,1106,CAPTURE,5800,5800,201,9,15,221,27,0,27,109,37,4,152,138,158,543,38.2,27,19,8,0,20.9,47,2,5
gauntlet/20261002-000331-scrim-b2fs/replays/clbarrell.duck8__Islands__botB.bc24,clbarrell.duck8,1,B,b2fs,1,1106,CAPTURE,5800,5800,201,20,22,223,7,3,4,323,144,27,228,203,543,158,46.5,7,5,2,0,19.3,47,8,19
gauntlet/20261002-000331-scrim-b2fs/replays/dmtrung14.defaultplayer_intlqualifier__Klein__botA.bc24,dmtrung14.defaultplayer_intlqualifier,1,A,b2fs,1,2000,LEVEL_SUM,6500,6500,202,11,18,201,1,0,1,34,17,0,163,41,132,14,49.8,1,1,0,0,16.0,48,0,0
gauntlet/20261002-000331-scrim-b2fs/replays/dmtrung14.defaultplayer_intlqualifier__Klein__botA.bc24,dmtrung14.defaultplayer_intlqualifier,0,B,defaultplayer_intlqualifier,0,2000,LEVEL_SUM,5900,6200,202,11,20,223,3,0,0,294,63,1,36,30,14,132,44.8,0,0,0,0,,45,0,1
gauntlet/20261002-000331-scrim-b2fs/replays/clbarrell.duck8__Mountain__botB.bc24,clbarrell.duck8,0,A,duck8,0,2000,LEVEL_SUM,4100,5900,203,13,5,207,14,1,13,81,28,6,249,229,429,1166,35.8,14,8,6,0,19.6,41,3,4
gauntlet/20261002-000331-scrim-b2fs/replays/clbarrell.duck8__Mountain__botB.bc24,clbarrell.duck8,1,B,b2fs,1,2000,LEVEL_SUM,4100,4700,203,4,7,281,7,1,6,309,146,13,341,283,1166,429,44.8,7,4,3,0,14.2,47,6,8
gauntlet/20261002-000331-scrim-b2fs/replays/dmtrung14.defaultplayer_intlqualifier__StarryNight__botA.bc24,dmtrung14.defaultplayer_intlqualifier,1,A,b2fs,1,577,CAPTURE,13600,13700,201,16,14,223,8,3,5,353,163,3,155,102,120,21,49.1,8,8,0,0,19.4,46,1,3
gauntlet/20261002-000331-scrim-b2fs/replays/dmtrung14.defaultplayer_intlqualifier__StarryNight__botA.bc24,dmtrung14.defaultplayer_intlqualifier,0,B,defaultplayer_intlqualifier,0,577,CAPTURE,13600,16100,201,12,13,208,18,1,3,324,28,5,45,41,21,120,44.6,15,3,1,11,15.0,44,0,8
gauntlet/20261002-000331-scrim-b2fs/replays/dmtrung14.defaultplayer_intlqualifier__Foxes__botB.bc24,dmtrung14.defaultplayer_intlqualifier,0,A,defaultplayer_intlqualifier,0,2000,LEVEL_SUM,7500,7500,202,0,6,286,19,1,4,377,68,2,68,56,10,656,42.0,16,5,0,11,23.3,34,1,2
gauntlet/20261002-000331-scrim-b2fs/replays/dmtrung14.defaultplayer_intlqualifier__Foxes__botB.bc24,dmtrung14.defaultplayer_intlqualifier,1,B,b2fs,1,2000,LEVEL_SUM,7500,7500,203,36,30,256,3,1,2,154,77,4,268,112,656,10,49.9,3,2,1,0,45.0,42,0,5
gauntlet/20261002-000331-scrim-b2fs/replays/jonters.bling3__DefaultHuge__botB.bc24,jonters.bling3,0,A,bling3,0,537,CAPTURE,3700,3700,201,30,21,204,8,2,5,224,100,7,47,30,54,173,42.0,8,7,1,0,14.4,29,1,9
gauntlet/20261002-000331-scrim-b2fs/replays/jonters.bling3__DefaultHuge__botB.bc24,jonters.bling3,1,B,b2fs,1,537,CAPTURE,3700,3700,201,28,35,208,10,3,7,211,101,5,124,124,173,54,47.8,10,9,1,0,15.3,47,1,7
gauntlet/20261002-000331-scrim-b2fs/replays/hsmalladi.finalbot__Hurricane__botA.bc24,hsmalladi.finalbot,1,A,b2fs,1,2000,LEVEL_SUM,4500,4500,201,17,23,348,7,0,7,1218,594,16,148,76,84,49,49.4,7,7,0,0,21.7,46,4,13
gauntlet/20261002-000331-scrim-b2fs/replays/hsmalladi.finalbot__Hurricane__botA.bc24,hsmalladi.finalbot,0,B,finalbot,0,2000,LEVEL_SUM,4500,4500,201,17,11,214,22,0,16,774,169,7,110,85,49,84,48.9,19,13,4,2,18.0,46,0,7
gauntlet/20261002-000331-scrim-b2fs/replays/jonters.bling3__Alien__botA.bc24,jonters.bling3,1,A,b2fs,1,2000,LEVEL_SUM,3300,3300,202,10,8,235,29,1,26,202,106,4,308,262,992,372,45.5,29,20,9,0,13.3,38,1,4
gauntlet/20261002-000331-scrim-b2fs/replays/jonters.bling3__Alien__botA.bc24,jonters.bling3,0,B,bling3,0,2000,LEVEL_SUM,3300,3300,203,26,25,226,5,1,4,102,45,26,185,184,372,992,37.6,5,4,1,0,10.5,36,9,20
gauntlet/20261002-000331-scrim-b2fs/replays/justinottesen.sprint1__Battlecode24__botB.bc24,justinottesen.sprint1,0,A,sprint1,0,693,CAPTURE,10800,17700,209,1,4,362,1,0,1,1,0,15,87,73,53,261,41.1,1,1,0,0,32.0,14,6,12
gauntlet/20261002-000331-scrim-b2fs/replays/justinottesen.sprint1__Battlecode24__botB.bc24,justinottesen.sprint1,1,B,b2fs,1,693,CAPTURE,12400,22600,202,30,25,214,18,3,15,528,254,1,331,284,261,53,48.1,18,12,6,0,25.3,27,0,1
gauntlet/20261002-000331-scrim-b2fs/replays/jonters.bling3__Hockey__botB.bc24,jonters.bling3,0,A,bling3,0,1517,CAPTURE,3300,3300,675,0,0,981,0,0,0,0,0,35,81,82,213,700,38.5,0,0,0,0,,40,14,24
gauntlet/20261002-000331-scrim-b2fs/replays/jonters.bling3__Hockey__botB.bc24,jonters.bling3,1,B,b2fs,1,1517,CAPTURE,3300,3300,250,1,6,342,38,3,35,542,253,0,347,247,700,213,46.6,38,24,14,0,26.4,34,0,0
gauntlet/20261002-000331-scrim-b2fs/replays/jonters.bling3__Snake__botA.bc24,jonters.bling3,1,A,b2fs,1,2000,MORE_FLAG_CAPTURES,13100,29200,203,28,22,225,10,2,7,348,176,2,478,387,674,378,45.4,10,9,1,0,26.0,46,1,2
gauntlet/20261002-000331-scrim-b2fs/replays/jonters.bling3__Snake__botA.bc24,jonters.bling3,0,B,bling3,0,2000,MORE_FLAG_CAPTURES,13100,27400,204,30,15,267,3,1,2,97,46,7,244,234,378,674,41.6,3,2,1,0,28.5,40,1,9
gauntlet/20261002-000331-scrim-b2fs/replays/justinottesen.sprint1__GaltonBoard__botB.bc24,justinottesen.sprint1,0,A,sprint1,0,1114,CAPTURE,0,24600,201,8,15,240,4,0,4,14,6,3,204,202,160,905,30.6,4,4,0,0,12.8,30,1,5
gauntlet/20261002-000331-scrim-b2fs/replays/justinottesen.sprint1__GaltonBoard__botB.bc24,justinottesen.sprint1,1,B,b2fs,1,1114,CAPTURE,0,1800,202,0,0,204,6,3,3,243,118,4,219,170,905,160,46.4,6,5,1,0,8.7,37,0,4
gauntlet/20261002-000331-scrim-b2fs/replays/jonters.bling3__Whirlpool__botB.bc24,jonters.bling3,0,A,bling3,0,1569,CAPTURE,2800,5600,201,19,13,263,6,1,5,130,56,14,123,120,262,650,39.5,6,4,2,0,15.0,35,8,9
gauntlet/20261002-000331-scrim-b2fs/replays/jonters.bling3__Whirlpool__botB.bc24,jonters.bling3,1,B,b2fs,1,1569,CAPTURE,2800,4400,201,20,3,403,17,3,14,378,179,5,230,190,650,262,46.0,17,9,8,0,16.8,47,2,4
gauntlet/20261002-000331-scrim-b2fs/replays/justinottesen.sprint1__Hurricane__botB.bc24,justinottesen.sprint1,0,A,sprint1,0,1398,CAPTURE,3800,4100,201,13,13,206,27,0,27,556,257,12,47,43,38,900,34.4,27,24,3,0,20.6,41,3,12
gauntlet/20261002-000331-scrim-b2fs/replays/justinottesen.sprint1__Hurricane__botB.bc24,justinottesen.sprint1,1,B,b2fs,1,1398,CAPTURE,4500,4700,201,14,12,215,15,3,12,655,321,27,404,332,900,38,49.3,15,12,3,0,20.6,47,3,24
gauntlet/20261002-000331-scrim-b2fs/replays/justinottesen.sprint1__Joker__botA.bc24,justinottesen.sprint1,1,A,b2fs,1,1066,CAPTURE,14500,20700,202,16,9,226,15,3,12,622,300,5,460,433,744,127,47.0,15,15,0,0,23.6,41,0,5
gauntlet/20261002-000331-scrim-b2fs/replays/justinottesen.sprint1__Joker__botA.bc24,justinottesen.sprint1,0,B,sprint1,0,1066,CAPTURE,14500,18900,206,8,11,272,5,0,5,9,2,12,154,151,127,744,33.2,5,5,0,0,25.2,31,0,15
gauntlet/20261002-000331-scrim-b2fs/replays/justinottesen.sprint1__Rivers__botB.bc24,justinottesen.sprint1,0,A,sprint1,0,575,CAPTURE,1500,2100,202,0,6,309,1,0,1,4,2,2,29,28,31,329,36.4,1,1,0,0,22.0,29,0,5
gauntlet/20261002-000331-scrim-b2fs/replays/justinottesen.sprint1__Rivers__botB.bc24,justinottesen.sprint1,1,B,b2fs,1,575,CAPTURE,1500,2100,207,4,11,282,5,3,2,236,116,1,115,61,329,31,48.7,5,5,0,0,18.5,37,0,1
gauntlet/20261002-000331-scrim-b2fs/replays/justinottesen.sprint1__StarryNight__botA.bc24,justinottesen.sprint1,1,A,b2fs,1,732,CAPTURE,13600,13600,201,10,1,259,14,3,11,205,97,5,260,235,462,91,46.9,14,9,5,0,18.5,47,1,4
gauntlet/20261002-000331-scrim-b2fs/replays/justinottesen.sprint1__StarryNight__botA.bc24,justinottesen.sprint1,0,B,sprint1,0,732,CAPTURE,13600,16900,201,4,13,201,5,0,5,41,17,11,102,101,91,462,35.0,5,4,1,0,17.6,39,5,9
gauntlet/20261002-000331-scrim-b2fs/replays/kyleezz.jeeryfix3__YearOfTheDragon__botB.bc24,kyleezz.jeeryfix3,0,A,jeeryfix3,0,2000,MORE_FLAG_CAPTURES,10800,10800,201,26,13,226,6,1,5,36,18,1,341,334,361,1371,33.3,6,4,2,0,23.0,50,0,3
gauntlet/20261002-000331-scrim-b2fs/replays/kyleezz.jeeryfix3__YearOfTheDragon__botB.bc24,kyleezz.jeeryfix3,1,B,b2fs,1,2000,MORE_FLAG_CAPTURES,10800,10800,201,16,14,233,3,2,1,98,47,5,621,529,1371,361,45.6,3,3,0,0,21.0,47,2,4
gauntlet/20261002-000331-scrim-b2fs/replays/quesswho.cretplayer2_3__OceanFloor__botA.bc24,quesswho.cretplayer2_3,1,A,b2fs,1,1016,CAPTURE,1400,1400,201,34,33,337,10,3,7,1234,597,2,130,69,174,65,48.4,10,9,1,0,25.3,46,1,3
gauntlet/20261002-000331-scrim-b2fs/replays/quesswho.cretplayer2_3__OceanFloor__botA.bc24,quesswho.cretplayer2_3,0,B,cretplayer2_3,0,1016,CAPTURE,1400,1400,201,8,27,215,7,1,2,1297,309,7,84,76,65,174,45.4,4,3,1,0,35.0,26,1,9
gauntlet/20261002-000331-scrim-b2fs/replays/quesswho.cretplayer2_3__Capacitance__botA.bc24,quesswho.cretplayer2_3,1,A,b2fs,1,1471,CAPTURE,3600,4000,201,24,10,201,19,3,16,238,102,8,283,249,945,171,47.1,19,12,7,0,13.6,46,6,2
gauntlet/20261002-000331-scrim-b2fs/replays/quesswho.cretplayer2_3__Capacitance__botA.bc24,quesswho.cretplayer2_3,0,B,cretplayer2_3,0,1471,CAPTURE,3600,6000,201,21,34,212,11,0,8,692,43,16,195,182,171,945,34.2,8,2,6,0,8.6,33,7,12
gauntlet/20261002-000331-scrim-b2fs/replays/kyleezz.jeeryfix3__Digging__botB.bc24,kyleezz.jeeryfix3,0,A,jeeryfix3,0,1932,CAPTURE,700,2100,215,32,24,238,2,1,1,31,16,7,220,219,393,1587,30.1,2,1,1,0,14.0,47,7,3
gauntlet/20261002-000331-scrim-b2fs/replays/kyleezz.jeeryfix3__Digging__botB.bc24,kyleezz.jeeryfix3,1,B,b2fs,1,1932,CAPTURE,700,2600,206,0,1,543,10,3,7,110,81,1,293,209,1587,393,45.1,10,3,7,0,23.7,46,1,1
gauntlet/20261002-000331-scrim-b2fs/replays/winkelmantanner.waffle__BedWars__botA.bc24,winkelmantanner.waffle,1,A,b2fs,1,667,CAPTURE,2400,2400,222,1,0,336,4,3,1,142,69,5,60,54,147,50,48.2,4,4,0,0,14.0,49,3,3
gauntlet/20261002-000331-scrim-b2fs/replays/winkelmantanner.waffle__BedWars__botA.bc24,winkelmantanner.waffle,0,B,waffle,0,667,CAPTURE,2400,5200,210,3,7,340,6,1,5,88,39,1,36,36,50,147,44.8,6,3,3,0,9.6,47,0,4
gauntlet/20261002-000331-scrim-b2fs/replays/winkelmantanner.waffle__Islands__botA.bc24,winkelmantanner.waffle,1,A,b2fs,1,1196,CAPTURE,5800,5800,201,7,8,244,8,3,5,280,131,30,242,211,615,229,45.4,8,7,1,0,18.0,47,22,10
gauntlet/20261002-000331-scrim-b2fs/replays/winkelmantanner.waffle__Islands__botA.bc24,winkelmantanner.waffle,0,B,waffle,0,1196,CAPTURE,5800,5800,201,27,35,244,32,2,30,187,79,5,175,171,229,615,37.4,32,10,22,0,16.8,42,1,7
