file,opp,us,team,name,won,rounds,wintype,gathered200,gathered400,firstEnemySide,inEnemy250,inEnemy300,firstFlagSight,pickups,captured,carrierDeaths,carrierRounds,carrierMoves,enemyCarrierKills,trapsBuilt,trapsHit,kills,deaths,meanAlive,postPickups,firstGrabs,regrabs,relayPickups,carrierDeathDist,damStage199,enemyRegrabs,enemyFirstGrabs,regrabsLate,capturedLate,chasers20,enemyCaptured,escorts20,stillPost,enemyUnseenRounds,unopposedCaps,longTrips25,longCaps25,longCapRate,loneDeaths,trickleDeaths,symOk,psymOk,maxBcK,overruns
gauntlet/20261002-220835-scrim-g1sym/losses/CyrilSharma.finalBot__Bunkers__botA.bc24,CyrilSharma.finalBot,1,A,g1sym,0,432,CAPTURE,2800,2800,201,12,2,298,0,0,0,0,0,1,58,44,69,100,44.7,0,0,0,0,,45,1,3,0,0,0.75,3,0.00,47.8,87,2,3,3,1.000,5,4,1,,22.8,0
gauntlet/20261002-220835-scrim-g1sym/losses/CyrilSharma.finalBot__Bunkers__botA.bc24,CyrilSharma.finalBot,0,B,finalBot,1,432,CAPTURE,2800,2800,201,26,25,209,4,3,1,123,58,0,132,112,100,69,46.3,4,3,1,0,21.0,40,0,0,0,0,0.00,0,4.73,40.6,,,,,,2,0,1,,25.1,14
gauntlet/20261002-220835-scrim-g1sym/losses/ColtG5.Goob_final__Swoop__botB.bc24,ColtG5.Goob_final,0,A,Goob_final,1,1303,CAPTURE,4300,4300,201,29,26,214,23,3,20,202,87,3,212,202,410,685,37.2,23,11,12,0,24.7,46,1,4,2,2,0.66,2,5.56,11.7,74,1,2,2,1.000,127,55,1,1,17.8,0
gauntlet/20261002-220835-scrim-g1sym/losses/ColtG5.Goob_final__Swoop__botB.bc24,ColtG5.Goob_final,1,B,g1sym,0,1303,CAPTURE,4300,4300,201,2,17,220,5,2,3,101,48,20,187,180,685,410,42.4,5,4,1,0,26.0,47,12,11,0,1,2.50,3,1.85,22.9,94,1,3,2,0.667,87,22,1,,15.3,0
gauntlet/20261002-220835-scrim-g1sym/losses/CyrilSharma.finalBot__Decision__botB.bc24,CyrilSharma.finalBot,0,A,finalBot,1,2000,MORE_FLAG_CAPTURES,1200,1800,204,14,27,303,4,2,2,260,129,10,471,416,369,302,46.3,4,2,2,0,49.5,24,3,7,0,0,0.75,0,3.22,49.9,77,0,3,0,0.000,24,1,0,,25.0,3
gauntlet/20261002-220835-scrim-g1sym/losses/CyrilSharma.finalBot__Decision__botB.bc24,CyrilSharma.finalBot,1,B,g1sym,0,2000,MORE_FLAG_CAPTURES,1900,1900,202,20,19,249,10,0,10,118,54,2,205,175,302,369,45.5,10,7,3,0,43.5,34,2,2,2,0,0.62,2,1.39,68.0,181,1,2,2,1.000,54,5,1,,22.8,0
gauntlet/20261002-220835-scrim-g1sym/losses/ColtG5.Goob_final__Joker__botB.bc24,ColtG5.Goob_final,0,A,Goob_final,1,2000,MORE_FLAG_CAPTURES,13000,26500,202,19,13,234,8,2,6,129,62,2,490,452,536,1237,34.9,8,5,3,0,27.0,40,1,1,0,0,9.00,0,3.71,15.3,0,0,,,,121,15,0,0,19.3,0
gauntlet/20261002-220835-scrim-g1sym/losses/ColtG5.Goob_final__Joker__botB.bc24,ColtG5.Goob_final,1,B,g1sym,0,2000,MORE_FLAG_CAPTURES,14500,15500,204,36,32,227,2,0,2,5,1,6,378,353,1237,536,43.5,2,1,1,0,20.5,43,3,5,0,0,1.43,2,5.80,28.8,69,1,2,2,1.000,63,1,1,,15.4,0
gauntlet/20261002-220835-scrim-g1sym/losses/ColtG5.Goob_final__Ambush__botA.bc24,ColtG5.Goob_final,1,A,g1sym,0,1564,CAPTURE,2300,2600,201,7,8,201,2,2,0,26,13,26,288,275,1239,359,44.5,2,2,0,0,,48,12,17,0,1,4.91,3,8.27,28.4,21,1,,,,76,4,1,,15.7,0
gauntlet/20261002-220835-scrim-g1sym/losses/ColtG5.Goob_final__Ambush__botA.bc24,ColtG5.Goob_final,0,B,Goob_final,1,1564,CAPTURE,2300,6500,201,27,19,201,29,3,26,127,52,0,230,220,359,1239,30.8,29,17,12,0,8.1,47,0,2,5,2,0.42,2,6.09,15.3,15,1,,,,128,103,1,1,17.0,0
gauntlet/20261002-220835-scrim-g1sym/losses/ColtG5.Goob_final__Gated__botA.bc24,ColtG5.Goob_final,1,A,g1sym,0,2000,MORE_FLAG_CAPTURES,1500,1900,211,0,0,336,1,1,0,70,34,30,220,207,1136,434,44.7,1,1,0,0,,38,11,21,0,0,2.02,2,1.60,28.9,131,2,3,2,0.667,78,15,1,,22.8,0
gauntlet/20261002-220835-scrim-g1sym/losses/ColtG5.Goob_final__Gated__botA.bc24,ColtG5.Goob_final,0,B,Goob_final,1,2000,MORE_FLAG_CAPTURES,1500,2900,208,39,18,222,32,2,30,240,103,0,272,261,434,1136,36.2,32,21,11,0,20.2,43,0,1,1,1,0.73,1,3.70,10.9,51,0,1,1,1.000,166,42,0,0,16.5,0
gauntlet/20261002-220835-scrim-g1sym/losses/ColtG5.Goob_final__SteamboatMickey__botB.bc24,ColtG5.Goob_final,0,A,Goob_final,1,2000,MORE_FLAG_CAPTURES,7300,19000,201,26,22,201,3,2,1,141,70,1,493,452,417,1017,37.6,3,3,0,0,47.0,45,0,1,0,0,2.13,0,6.23,13.3,20,0,1,0,0.000,107,16,1,1,18.9,0
gauntlet/20261002-220835-scrim-g1sym/losses/ColtG5.Goob_final__SteamboatMickey__botB.bc24,ColtG5.Goob_final,1,B,g1sym,0,2000,MORE_FLAG_CAPTURES,7300,7600,201,11,17,201,1,0,1,45,15,1,283,251,1017,417,44.9,1,1,0,0,10.0,44,0,3,0,0,0.05,2,3.44,28.3,135,2,2,2,1.000,63,4,1,,15.5,0
gauntlet/20261002-220835-scrim-g1sym/losses/CyrilSharma.finalBot__EvilGrin__botB.bc24,CyrilSharma.finalBot,0,A,finalBot,1,2000,MORE_FLAG_CAPTURES,2000,6800,204,10,10,215,6,2,4,149,72,0,737,702,787,624,42.4,6,3,3,0,22.8,42,0,0,0,0,0.00,0,7.91,40.6,,,,,,30,0,0,,25.1,16
gauntlet/20261002-220835-scrim-g1sym/losses/CyrilSharma.finalBot__EvilGrin__botB.bc24,CyrilSharma.finalBot,1,B,g1sym,0,2000,MORE_FLAG_CAPTURES,2000,2400,207,0,7,453,0,0,0,0,0,4,217,204,624,787,40.5,0,0,0,0,,45,3,3,0,0,2.38,2,0.00,51.2,67,0,2,2,1.000,34,21,1,,22.8,0
gauntlet/20261002-220835-scrim-g1sym/losses/Gymhgy.v10official__Backslash__botA.bc24,Gymhgy.v10official,1,A,g1sym,0,365,CAPTURE,4700,14900,201,25,30,287,3,0,0,152,75,0,115,98,36,15,49.1,3,3,0,0,,47,0,3,0,0,0.15,3,5.07,26.7,63,2,,,,2,0,1,,22.8,0
gauntlet/20261002-220835-scrim-g1sym/losses/Gymhgy.v10official__Backslash__botA.bc24,Gymhgy.v10official,0,B,v10official,1,365,CAPTURE,4700,16000,201,30,35,216,27,3,0,662,76,0,138,39,15,36,47.7,24,3,0,21,,47,0,3,0,0,0.04,0,10.92,16.7,149,,,,,11,4,1,,25.0,31
gauntlet/20261002-220835-scrim-g1sym/losses/Gymhgy.v10official__Asteroids__botA.bc24,Gymhgy.v10official,1,A,g1sym,0,409,CAPTURE,800,3100,210,8,18,336,2,0,2,67,29,0,49,40,25,23,48.7,2,2,0,0,31.0,41,0,3,0,0,0.30,3,10.16,23.7,98,2,,,,5,0,1,,22.8,0
gauntlet/20261002-220835-scrim-g1sym/losses/Gymhgy.v10official__Asteroids__botA.bc24,Gymhgy.v10official,0,B,v10official,1,409,CAPTURE,800,3200,211,28,10,238,31,3,0,704,52,2,65,48,23,25,48.6,28,3,0,25,,38,0,2,0,0,1.63,0,11.66,7.7,51,0,1,0,0.000,8,2,0,,25.0,16
gauntlet/20261002-220835-scrim-g1sym/losses/CyrilSharma.finalBot__OceanFloor__botA.bc24,CyrilSharma.finalBot,1,A,g1sym,0,747,CAPTURE,1400,1400,201,9,15,211,2,0,2,73,29,8,83,71,117,178,44.4,2,2,0,0,20.0,44,7,4,0,0,1.23,3,5.10,46.3,211,1,4,3,0.750,37,8,1,,15.5,0
gauntlet/20261002-220835-scrim-g1sym/losses/CyrilSharma.finalBot__OceanFloor__botA.bc24,CyrilSharma.finalBot,0,B,finalBot,1,747,CAPTURE,1400,1400,201,38,31,240,11,3,8,311,146,2,181,172,178,117,46.2,11,4,7,0,40.3,42,0,2,0,0,1.47,0,6.14,36.4,45,0,1,0,0.000,16,1,1,,25.0,7
gauntlet/20261002-220835-scrim-g1sym/losses/Gymhgy.v10official__Decision__botB.bc24,Gymhgy.v10official,0,A,v10official,1,602,CAPTURE,1900,1900,202,41,39,257,63,3,8,898,134,7,63,51,59,32,48.7,60,6,5,49,28.1,30,0,9,0,0,0.79,1,7.61,4.9,390,1,4,1,0.250,15,3,0,,25.1,36
gauntlet/20261002-220835-scrim-g1sym/losses/Gymhgy.v10official__Decision__botB.bc24,Gymhgy.v10official,1,B,g1sym,0,602,CAPTURE,1900,1900,202,18,24,297,9,1,7,453,222,8,41,36,32,59,47.7,9,9,0,0,38.1,42,5,6,0,0,1.11,3,3.81,17.9,197,2,2,0,0.000,24,2,1,,22.8,0
gauntlet/20261002-220835-scrim-g1sym/losses/CyrilSharma.finalBot__Whirlpool__botA.bc24,CyrilSharma.finalBot,1,A,g1sym,0,2000,MORE_FLAG_CAPTURES,2800,2800,201,18,6,602,0,0,0,0,0,34,215,197,700,524,43.6,0,0,0,0,,42,31,5,0,0,5.26,2,0.00,45.2,36,0,2,1,0.500,17,3,1,,22.8,0
gauntlet/20261002-220835-scrim-g1sym/losses/CyrilSharma.finalBot__Whirlpool__botA.bc24,CyrilSharma.finalBot,0,B,finalBot,1,2000,MORE_FLAG_CAPTURES,2800,7200,201,31,30,280,36,2,34,216,89,0,451,440,524,700,41.5,36,5,31,0,14.5,39,0,0,6,0,0.00,0,8.62,46.2,,,,,,22,3,1,,25.0,12
gauntlet/20261002-220835-scrim-g1sym/losses/Gymhgy.v10official__DefaultLarge__botB.bc24,Gymhgy.v10official,0,A,v10official,1,852,CAPTURE,1800,5500,202,42,44,267,59,3,3,855,110,8,163,150,166,105,47.0,56,4,2,50,31.7,41,1,8,0,0,0.66,1,13.89,6.0,369,1,3,1,0.333,31,28,1,,25.1,110
gauntlet/20261002-220835-scrim-g1sym/losses/Gymhgy.v10official__DefaultLarge__botB.bc24,Gymhgy.v10official,1,B,g1sym,0,852,CAPTURE,1800,3600,210,1,2,368,9,1,8,455,214,3,118,99,105,166,45.4,9,8,1,0,38.8,43,2,4,0,0,1.80,3,3.75,23.3,180,3,,,,18,2,1,,18.5,0
gauntlet/20261002-220835-scrim-g1sym/losses/IvanGeffner.kuma__Backslash__botA.bc24,IvanGeffner.kuma,1,A,g1sym,0,1225,CAPTURE,4700,14600,201,25,11,235,1,1,0,50,22,15,202,190,265,497,40.1,1,1,0,0,,48,8,11,0,0,2.04,3,4.30,47.8,82,2,2,2,1.000,48,14,1,,15.4,0
gauntlet/20261002-220835-scrim-g1sym/losses/IvanGeffner.kuma__Backslash__botA.bc24,IvanGeffner.kuma,0,B,kuma,1,1225,CAPTURE,4700,16600,204,21,30,227,48,3,15,167,71,0,514,438,497,265,44.7,48,11,8,29,24.9,47,0,1,0,1,1.26,1,2.97,35.7,19,0,1,1,1.000,40,0,1,,25.0,27
gauntlet/20261002-220835-scrim-g1sym/losses/Gymhgy.v10official__CH3353C4K3F4CT0RY__botA.bc24,Gymhgy.v10official,1,A,g1sym,0,2000,MORE_FLAG_CAPTURES,13000,13200,230,6,18,295,3,1,2,112,53,41,332,327,737,384,45.3,3,3,0,0,13.0,44,11,35,0,0,7.55,2,1.58,25.8,27,2,,,,43,2,1,,22.8,0
gauntlet/20261002-220835-scrim-g1sym/losses/Gymhgy.v10official__CH3353C4K3F4CT0RY__botA.bc24,Gymhgy.v10official,0,B,v10official,1,2000,MORE_FLAG_CAPTURES,13000,13200,202,32,30,244,88,2,41,740,143,2,458,452,384,737,41.1,85,35,11,39,23.4,44,0,3,1,0,1.14,1,8.89,5.7,76,0,2,1,0.500,45,6,0,,25.0,9
gauntlet/20261002-220835-scrim-g1sym/losses/IvanGeffner.kuma__Occulus__botA.bc24,IvanGeffner.kuma,1,A,g1sym,0,556,CAPTURE,1800,1800,201,9,7,250,0,0,0,0,0,7,70,52,65,196,41.7,0,0,0,0,,43,6,7,0,0,1.42,3,0.00,48.8,96,1,3,3,1.000,7,1,1,,15.3,0
gauntlet/20261002-220835-scrim-g1sym/losses/IvanGeffner.kuma__Occulus__botA.bc24,IvanGeffner.kuma,0,B,kuma,1,556,CAPTURE,1800,9600,201,37,33,243,18,3,7,129,59,0,204,146,196,65,47.2,18,7,6,5,20.4,34,0,0,0,0,0.00,0,3.69,30.8,,,,,,6,0,1,,25.1,46
gauntlet/20261002-220835-scrim-g1sym/losses/Gymhgy.v10official__Klein__botB.bc24,Gymhgy.v10official,0,A,v10official,1,1799,CAPTURE,7400,7400,202,20,25,227,38,3,15,760,264,11,257,243,282,342,45.4,35,13,5,17,27.3,49,0,11,2,2,2.22,0,4.27,4.1,29,0,,,,53,13,0,,25.0,22
gauntlet/20261002-220835-scrim-g1sym/losses/Gymhgy.v10official__Klein__botB.bc24,Gymhgy.v10official,1,B,g1sym,0,1799,CAPTURE,6200,6200,205,0,10,442,11,0,11,124,53,15,215,187,342,282,46.3,11,11,0,0,20.5,47,5,13,0,0,1.08,3,4.19,38.6,91,3,2,0,0.000,54,5,1,,15.2,0
gauntlet/20261002-220835-scrim-g1sym/losses/IvanGeffner.kuma__Swoop__botA.bc24,IvanGeffner.kuma,1,A,g1sym,0,621,CAPTURE,4300,4300,201,8,4,254,1,0,1,11,5,10,89,81,79,166,43.9,1,1,0,0,22.0,47,7,8,0,0,1.63,3,1.09,39.1,109,2,1,1,1.000,16,0,1,,15.3,0
gauntlet/20261002-220835-scrim-g1sym/losses/IvanGeffner.kuma__Swoop__botA.bc24,IvanGeffner.kuma,0,B,kuma,1,621,CAPTURE,4300,4300,201,39,33,220,31,3,10,183,83,1,165,132,166,79,47.0,31,8,7,16,17.9,47,0,1,0,0,2.64,0,2.56,32.9,0,0,,,,17,0,1,,25.0,27
gauntlet/20261002-220835-scrim-g1sym/losses/NotLLeon.v3__ORV__botA.bc24,NotLLeon.v3,1,A,g1sym,0,529,CAPTURE,3200,5000,208,15,10,220,3,0,3,43,21,14,88,64,92,87,46.0,3,3,0,0,17.3,47,12,5,0,0,3.60,3,3.67,29.9,23,1,3,2,0.667,9,1,1,,22.8,0
gauntlet/20261002-220835-scrim-g1sym/losses/NotLLeon.v3__ORV__botA.bc24,NotLLeon.v3,0,B,v3,1,529,CAPTURE,3200,6200,206,31,24,258,20,3,14,164,71,3,115,106,87,92,45.8,20,5,12,3,17.2,46,0,3,0,0,2.02,0,9.17,12.0,18,0,,,,7,1,0,,18.8,0
gauntlet/20261002-220835-scrim-g1sym/losses/IvanGeffner.kuma__Racetrack__botA.bc24,IvanGeffner.kuma,1,A,g1sym,0,1326,CAPTURE,0,0,202,37,45,248,8,1,7,209,100,15,106,104,285,404,42.7,8,5,3,0,28.3,22,11,7,0,0,0.93,3,6.40,32.4,213,3,4,3,0.750,65,37,1,,22.8,0
gauntlet/20261002-220835-scrim-g1sym/losses/IvanGeffner.kuma__Racetrack__botA.bc24,IvanGeffner.kuma,0,B,kuma,1,1326,CAPTURE,0,0,457,0,0,474,34,3,15,265,126,7,158,135,404,285,44.7,34,7,11,16,29.1,16,3,5,1,1,1.75,1,3.98,26.1,105,1,2,1,0.500,54,22,0,,25.1,27
gauntlet/20261002-220835-scrim-g1sym/losses/NotLLeon.v3__Backslash__botB.bc24,NotLLeon.v3,0,A,v3,1,821,CAPTURE,3400,13100,201,32,15,233,47,3,34,241,100,11,183,171,164,238,43.0,47,10,27,10,25.7,47,1,10,0,0,2.99,0,7.49,13.6,15,0,,,,34,7,1,,20.8,0
gauntlet/20261002-220835-scrim-g1sym/losses/NotLLeon.v3__Backslash__botB.bc24,NotLLeon.v3,1,B,g1sym,0,821,CAPTURE,4700,14700,201,23,18,230,11,0,11,105,44,34,164,142,238,164,45.1,11,10,1,0,17.5,48,27,10,0,0,3.95,3,4.75,30.2,63,3,1,0,0.000,26,2,1,,15.4,0
gauntlet/20261002-220835-scrim-g1sym/losses/NotLLeon.v3__Backslash__botA.bc24,NotLLeon.v3,1,A,g1sym,0,1625,CAPTURE,4700,14100,201,21,18,221,8,0,8,47,16,37,241,231,521,550,41.8,8,7,1,0,22.1,48,22,18,0,0,3.44,3,4.13,34.1,113,1,1,0,0.000,34,3,1,,15.4,0
gauntlet/20261002-220835-scrim-g1sym/losses/NotLLeon.v3__Backslash__botA.bc24,NotLLeon.v3,0,B,v3,1,1625,CAPTURE,3300,15200,201,24,17,242,54,3,37,257,110,8,405,383,550,521,42.2,54,18,22,14,27.7,48,1,7,2,1,4.87,0,7.68,12.4,3,0,,,,50,2,1,,25.0,1
gauntlet/20261002-220835-scrim-g1sym/losses/NotLLeon.v3__Pancakes__botB.bc24,NotLLeon.v3,0,A,v3,1,421,CAPTURE,0,3100,213,18,24,266,14,3,3,139,58,6,73,70,60,37,48.1,14,3,3,8,23.0,47,1,6,0,0,1.78,1,10.66,8.8,41,1,1,1,1.000,4,2,0,,17.6,0
gauntlet/20261002-220835-scrim-g1sym/losses/NotLLeon.v3__Pancakes__botB.bc24,NotLLeon.v3,1,B,g1sym,0,421,CAPTURE,0,2500,202,11,10,220,7,1,6,64,27,3,56,38,37,60,46.6,7,6,1,0,23.7,48,3,3,0,0,1.39,3,2.05,26.8,95,3,3,2,0.667,9,0,1,,15.5,0
gauntlet/20261002-220835-scrim-g1sym/losses/NotLLeon.v3__Gated__botB.bc24,NotLLeon.v3,0,A,v3,1,2000,MORE_FLAG_CAPTURES,1500,1600,208,9,20,282,13,2,6,140,58,4,257,240,419,449,44.5,13,2,6,5,19.8,36,1,3,0,0,0.90,0,5.86,10.1,45,0,1,0,0.000,11,3,0,,21.4,0
gauntlet/20261002-220835-scrim-g1sym/losses/NotLLeon.v3__Gated__botB.bc24,NotLLeon.v3,1,B,g1sym,0,2000,MORE_FLAG_CAPTURES,1500,3200,202,30,22,211,4,0,4,79,34,6,222,174,449,419,45.0,4,3,1,0,19.8,40,6,2,0,0,3.21,2,7.22,30.7,51,1,1,1,1.000,40,5,1,,22.8,0
gauntlet/20261002-220835-scrim-g1sym/losses/SampleProvider.TSPAARKSPRINT1__Foxes__botB.bc24,SampleProvider.TSPAARKSPRINT1,0,A,TSPAARKSPRINT1,1,1444,CAPTURE,7500,7500,202,33,10,228,55,3,49,1424,604,15,120,93,152,287,45.0,52,13,39,0,21.7,31,0,17,2,2,0.85,1,12.57,14.4,475,1,8,1,0.125,105,63,0,0,22.1,0
gauntlet/20261002-220835-scrim-g1sym/losses/SampleProvider.TSPAARKSPRINT1__Foxes__botB.bc24,SampleProvider.TSPAARKSPRINT1,1,B,g1sym,0,1444,CAPTURE,7500,7500,202,41,41,247,17,1,15,770,379,49,234,222,287,152,47.4,17,17,0,0,29.1,37,39,13,0,0,1.65,3,2.45,45.6,544,2,10,2,0.200,58,0,1,,22.8,0
gauntlet/20261002-220835-scrim-g1sym/losses/NotLLeon.v3__Waterworld__botB.bc24,NotLLeon.v3,0,A,v3,1,1631,CAPTURE,7600,10100,207,14,20,261,56,3,49,210,85,12,222,217,346,582,41.4,56,12,40,4,20.2,37,3,10,24,1,1.92,1,6.45,22.6,49,1,1,1,1.000,62,25,0,,22.3,0
gauntlet/20261002-220835-scrim-g1sym/losses/NotLLeon.v3__Waterworld__botB.bc24,NotLLeon.v3,1,B,g1sym,0,1631,CAPTURE,13900,19500,204,4,17,257,13,1,12,100,43,49,283,229,582,346,44.9,13,10,3,0,23.6,41,40,12,0,0,6.21,3,3.84,26.4,58,2,2,2,1.000,36,4,0,,22.8,0
gauntlet/20261002-220835-scrim-g1sym/losses/SampleProvider.TSPAARKSPRINT1__Soccer__botB.bc24,SampleProvider.TSPAARKSPRINT1,0,A,TSPAARKSPRINT1,1,656,CAPTURE,3000,3200,202,28,18,257,43,3,37,786,264,6,47,37,35,150,44.4,40,13,27,0,26.1,33,0,7,0,0,3.01,1,9.30,14.2,66,0,4,1,0.250,68,52,0,0,21.9,0
gauntlet/20261002-220835-scrim-g1sym/losses/SampleProvider.TSPAARKSPRINT1__Soccer__botB.bc24,SampleProvider.TSPAARKSPRINT1,1,B,g1sym,0,656,CAPTURE,3000,3000,205,23,40,270,7,1,6,219,104,37,94,80,150,35,48.6,7,7,0,0,32.7,36,27,13,0,0,1.63,3,2.80,29.9,194,2,5,3,0.600,19,1,0,,22.8,0
gauntlet/20261002-220835-scrim-g1sym/losses/SampleProvider.TSPAARKSPRINT1__WheresMyWater__botA.bc24,SampleProvider.TSPAARKSPRINT1,1,A,g1sym,0,1098,CAPTURE,3000,5100,201,20,24,201,14,1,13,146,65,54,202,184,330,91,48.0,14,11,3,0,26.6,44,37,20,0,0,2.55,3,5.12,36.9,230,2,4,1,0.250,26,2,1,,15.2,0
gauntlet/20261002-220835-scrim-g1sym/losses/SampleProvider.TSPAARKSPRINT1__WheresMyWater__botA.bc24,SampleProvider.TSPAARKSPRINT1,0,B,TSPAARKSPRINT1,1,1098,CAPTURE,3000,4200,201,3,8,201,60,3,54,1000,370,13,41,32,91,330,42.6,57,20,37,0,16.1,44,3,11,0,0,2.23,1,11.41,17.3,37,1,2,0,0.000,102,70,0,0,22.0,0
gauntlet/20261002-220835-scrim-g1sym/losses/SampleProvider.TSPAARKSPRINT1__Snake__botB.bc24,SampleProvider.TSPAARKSPRINT1,0,A,TSPAARKSPRINT1,1,2000,MORE_FLAG_CAPTURES,13100,24700,203,28,14,268,9,2,4,482,126,40,230,193,237,517,43.7,6,5,1,0,33.8,39,5,35,1,1,3.30,0,0.88,15.8,248,0,8,0,0.000,60,29,0,0,22.8,0
gauntlet/20261002-220835-scrim-g1sym/losses/SampleProvider.TSPAARKSPRINT1__Snake__botB.bc24,SampleProvider.TSPAARKSPRINT1,1,B,g1sym,0,2000,MORE_FLAG_CAPTURES,13100,32600,204,35,38,224,40,0,40,752,342,4,509,458,517,237,47.1,40,35,5,0,35.3,45,1,5,2,0,0.22,2,5.86,39.6,139,2,2,2,1.000,35,0,1,,22.8,0
gauntlet/20261002-220835-scrim-g1sym/losses/Strequals.duck0127v5__Canals__botA.bc24,Strequals.duck0127v5,1,A,g1sym,0,1132,CAPTURE,4600,4800,214,0,0,466,0,0,0,0,0,18,155,141,168,484,39.7,0,0,0,0,,47,9,12,0,0,2.02,3,0.00,40.9,105,0,3,3,1.000,26,11,1,,19.2,0
gauntlet/20261002-220835-scrim-g1sym/losses/Strequals.duck0127v5__Canals__botA.bc24,Strequals.duck0127v5,0,B,duck0127v5,1,1132,CAPTURE,4600,6100,205,3,16,242,21,3,18,221,104,0,446,411,484,168,46.4,21,12,9,0,32.3,47,0,0,0,0,0.00,0,9.54,29.7,,,,,,16,0,1,,24.8,0
gauntlet/20261002-220835-scrim-g1sym/losses/Strequals.duck0127v5__MIT__botB.bc24,Strequals.duck0127v5,0,A,duck0127v5,1,799,CAPTURE,7200,35800,207,4,18,249,9,3,6,328,155,2,198,195,107,123,46.4,9,6,3,0,32.7,48,0,4,0,0,1.16,1,8.49,29.4,120,0,2,1,0.500,40,17,0,,24.5,0
gauntlet/20261002-220835-scrim-g1sym/losses/Strequals.duck0127v5__MIT__botB.bc24,Strequals.duck0127v5,1,B,g1sym,0,799,CAPTURE,7200,20200,202,11,17,303,4,1,2,191,87,6,254,205,123,107,46.7,4,4,0,0,17.5,48,3,6,0,0,0.74,3,8.03,32.0,272,2,4,3,0.750,18,5,1,,15.3,0
gauntlet/20261002-220835-scrim-g1sym/losses/andli28.v9_USQuals_angle__EvilGrin__botB.bc24,andli28.v9_USQuals_angle,0,A,v9_USQuals_angle,1,919,CAPTURE,2000,7900,205,23,33,237,13,3,10,138,65,0,357,294,272,144,46.2,13,6,7,0,20.1,41,0,0,0,0,0.00,0,7.28,12.1,,,,,,22,0,0,1,25.0,2
gauntlet/20261002-220835-scrim-g1sym/losses/andli28.v9_USQuals_angle__EvilGrin__botB.bc24,andli28.v9_USQuals_angle,1,B,g1sym,0,919,CAPTURE,2000,2300,210,1,0,352,0,0,0,0,0,10,92,86,144,272,42.8,0,0,0,0,,46,7,6,0,0,2.85,3,0.00,32.3,60,2,2,1,0.500,24,7,1,,15.3,0
gauntlet/20261002-220835-scrim-g1sym/losses/Strequals.duck0127v5__Rainbow__botA.bc24,Strequals.duck0127v5,1,A,g1sym,0,2000,MORE_FLAG_CAPTURES,6000,6000,201,11,19,279,9,0,9,49,24,22,248,226,317,628,42.3,9,8,1,0,27.8,47,12,12,1,0,1.68,2,1.65,45.1,133,1,6,2,0.333,41,6,1,,22.7,0
gauntlet/20261002-220835-scrim-g1sym/losses/Strequals.duck0127v5__Rainbow__botA.bc24,Strequals.duck0127v5,0,B,duck0127v5,1,2000,MORE_FLAG_CAPTURES,6000,6000,201,34,30,266,24,2,22,329,158,9,491,443,628,317,46.1,24,12,12,0,31.7,34,1,8,0,0,1.41,0,7.80,35.7,20,0,,,,31,1,1,,25.0,1
gauntlet/20261002-220835-scrim-g1sym/losses/Strequals.duck0127v5__MazeRunner__botA.bc24,Strequals.duck0127v5,1,A,g1sym,0,2000,MORE_FLAG_CAPTURES,2600,4700,207,16,15,257,13,1,12,167,75,9,222,193,241,422,44.9,13,11,2,0,27.8,31,5,6,0,1,1.85,2,1.62,38.0,145,2,4,2,0.500,48,0,1,,22.8,0
gauntlet/20261002-220835-scrim-g1sym/losses/Strequals.duck0127v5__MazeRunner__botA.bc24,Strequals.duck0127v5,0,B,duck0127v5,1,2000,MORE_FLAG_CAPTURES,2600,5900,207,6,14,268,11,2,9,288,137,12,377,341,422,241,47.1,11,6,5,0,22.7,15,2,11,0,0,1.13,1,5.12,33.1,109,1,1,1,1.000,33,0,0,,25.0,1
gauntlet/20261002-220835-scrim-g1sym/losses/Strequals.duck0127v5__Divergent__botB.bc24,Strequals.duck0127v5,0,A,duck0127v5,1,2000,MORE_FLAG_CAPTURES,3300,3300,203,19,35,308,16,2,14,403,194,20,235,199,346,199,47.6,16,13,3,0,22.7,30,4,17,1,1,0.76,1,2.85,40.4,234,1,5,1,0.200,48,9,0,,22.1,0
gauntlet/20261002-220835-scrim-g1sym/losses/Strequals.duck0127v5__Divergent__botB.bc24,Strequals.duck0127v5,1,B,g1sym,0,2000,MORE_FLAG_CAPTURES,3300,3600,203,11,11,244,21,1,20,360,165,14,222,190,199,346,45.8,21,17,4,0,24.9,45,3,13,2,0,1.01,2,4.34,40.9,214,1,3,1,0.333,44,0,1,,15.3,0
gauntlet/20261002-220835-scrim-g1sym/losses/andli28.v9_USQuals_angle__Canals__botA.bc24,andli28.v9_USQuals_angle,1,A,g1sym,0,1692,CAPTURE,4600,4600,492,0,0,0,0,0,0,0,0,37,211,209,293,844,38.0,0,0,0,0,,47,20,20,0,0,2.11,3,0.00,35.7,166,2,5,3,0.600,80,48,1,,19.2,0
gauntlet/20261002-220835-scrim-g1sym/losses/andli28.v9_USQuals_angle__Canals__botA.bc24,andli28.v9_USQuals_angle,0,B,v9_USQuals_angle,1,1692,CAPTURE,4600,5900,203,24,28,381,40,3,37,331,143,0,645,563,844,293,45.8,40,20,20,0,28.1,43,0,0,8,1,0.00,0,5.40,13.8,,,,,,73,0,1,1,25.1,3
gauntlet/20261002-220835-scrim-g1sym/losses/andli28.v9_USQuals_angle__HeMustBeFreed__botB.bc24,andli28.v9_USQuals_angle,0,A,v9_USQuals_angle,1,1821,CAPTURE,2500,14000,206,24,26,281,30,3,27,701,344,3,490,425,508,280,46.3,30,14,16,0,47.4,26,1,3,6,1,0.26,1,0.91,11.5,193,1,2,1,0.500,67,9,1,1,25.0,2
gauntlet/20261002-220835-scrim-g1sym/losses/andli28.v9_USQuals_angle__HeMustBeFreed__botB.bc24,andli28.v9_USQuals_angle,1,B,g1sym,0,1821,CAPTURE,2600,5800,206,0,0,732,4,1,3,230,115,27,177,161,280,508,43.2,4,3,1,0,41.0,28,16,14,1,1,0.61,3,2.09,29.1,597,2,5,3,0.600,107,10,1,,22.8,0
gauntlet/20261002-220835-scrim-g1sym/losses/andli28.v9_USQuals_angle__Valentine__botA.bc24,andli28.v9_USQuals_angle,1,A,g1sym,0,2000,MORE_FLAG_CAPTURES,1800,3200,211,7,1,1901,0,0,0,0,0,11,227,197,308,539,43.4,0,0,0,0,,48,3,10,0,0,1.26,2,0.00,41.0,179,2,3,2,0.667,61,15,1,,22.8,0
gauntlet/20261002-220835-scrim-g1sym/losses/andli28.v9_USQuals_angle__Valentine__botA.bc24,andli28.v9_USQuals_angle,0,B,v9_USQuals_angle,1,2000,MORE_FLAG_CAPTURES,1800,5200,211,8,14,318,13,2,11,234,111,0,538,496,539,308,46.2,13,10,3,0,37.9,44,0,0,0,0,0.00,0,1.33,10.4,,,,,,79,0,0,0,25.1,2
gauntlet/20261002-220835-scrim-g1sym/losses/andrewgopher.player22__ORV__botA.bc24,andrewgopher.player22,1,A,g1sym,0,509,CAPTURE,3200,4700,207,1,2,0,0,0,0,0,0,1,78,60,144,124,44.2,0,0,0,0,,46,1,3,0,0,2.27,3,0.00,35.3,78,0,3,3,1.000,8,0,1,,22.8,0
gauntlet/20261002-220835-scrim-g1sym/losses/andrewgopher.player22__ORV__botA.bc24,andrewgopher.player22,0,B,player22,1,509,CAPTURE,3200,6500,206,38,27,238,7,3,1,141,67,0,116,92,124,144,43.4,4,3,1,0,21.0,44,0,0,0,0,0.00,0,8.10,19.4,,,,,,19,3,0,0,25.0,4
gauntlet/20261002-220835-scrim-g1sym/losses/andrewgopher.player22__StackGame__botB.bc24,andrewgopher.player22,0,A,player22,1,401,CAPTURE,4600,4600,201,38,25,218,12,3,6,119,52,0,93,61,76,99,44.3,9,4,5,0,14.7,45,0,0,0,0,0.00,0,9.53,21.6,,,,,,9,0,0,0,25.0,12
gauntlet/20261002-220835-scrim-g1sym/losses/andrewgopher.player22__StackGame__botB.bc24,andrewgopher.player22,1,B,g1sym,0,401,CAPTURE,4600,4600,201,0,0,380,0,0,0,0,0,6,71,54,99,76,45.6,0,0,0,0,,46,5,4,0,0,4.53,3,0.00,39.4,55,1,2,2,1.000,2,1,1,,14.9,0
gauntlet/20261002-220835-scrim-g1sym/losses/andrewgopher.player22__Digging__botB.bc24,andrewgopher.player22,0,A,player22,1,1808,CAPTURE,700,2200,205,38,26,216,19,3,13,161,73,0,417,393,1057,896,37.9,16,4,12,0,19.6,39,0,0,9,2,0.00,0,13.48,20.5,,,,,,31,3,0,0,25.1,111
gauntlet/20261002-220835-scrim-g1sym/losses/andrewgopher.player22__Digging__botB.bc24,andrewgopher.player22,1,B,g1sym,0,1808,CAPTURE,700,1300,391,0,0,404,0,0,0,0,0,13,208,205,896,1057,35.9,0,0,0,0,,45,12,4,0,0,4.62,3,0.00,41.4,49,0,3,2,0.667,93,85,1,,22.8,0
gauntlet/20261002-220835-scrim-g1sym/losses/chenyx512.flagbot_final__AceOfSpades__botB.bc24,chenyx512.flagbot_final,0,A,flagbot_final,1,670,CAPTURE,1800,18300,203,15,2,218,10,3,4,727,290,5,399,304,242,33,48.6,7,3,4,0,21.0,42,2,3,0,0,5.46,0,6.49,22.8,2,0,,,,3,0,0,0,19.7,0
gauntlet/20261002-220835-scrim-g1sym/losses/chenyx512.flagbot_final__AceOfSpades__botB.bc24,chenyx512.flagbot_final,1,B,g1sym,0,670,CAPTURE,1800,3300,202,33,32,244,5,0,5,41,18,4,95,85,33,242,41.3,5,3,2,0,21.8,44,4,3,0,0,1.12,3,5.56,43.8,79,1,3,3,1.000,31,9,1,,22.8,0
gauntlet/20261002-220835-scrim-g1sym/losses/andrewgopher.player22__TwistedTreeline__botB.bc24,andrewgopher.player22,0,A,player22,1,1324,CAPTURE,2400,2400,206,39,20,235,17,3,8,343,160,7,171,168,358,534,40.2,14,8,3,3,31.3,41,4,4,0,1,0.96,1,4.72,12.8,68,1,3,0,0.000,178,47,0,0,25.0,18
gauntlet/20261002-220835-scrim-g1sym/losses/andrewgopher.player22__TwistedTreeline__botB.bc24,andrewgopher.player22,1,B,g1sym,0,1324,CAPTURE,2400,2400,202,15,9,275,8,1,7,122,57,8,176,160,534,358,43.5,8,4,4,0,12.0,46,3,8,3,1,0.66,3,8.87,24.2,269,3,3,2,0.667,75,9,1,,22.8,0
gauntlet/20261002-220835-scrim-g1sym/losses/andrewgopher.player22__Mountain__botA.bc24,andrewgopher.player22,1,A,g1sym,0,2000,MORE_FLAG_CAPTURES,4100,5600,207,0,2,303,4,0,4,40,18,27,250,246,993,804,40.2,4,4,0,0,22.3,47,10,19,0,0,2.95,2,0.78,40.3,173,0,4,1,0.250,68,14,1,,15.3,0
gauntlet/20261002-220835-scrim-g1sym/losses/andrewgopher.player22__Mountain__botA.bc24,andrewgopher.player22,0,B,player22,1,2000,MORE_FLAG_CAPTURES,4100,5600,201,20,26,232,32,2,27,380,172,4,321,316,804,993,37.9,29,19,10,0,16.9,40,0,4,3,1,1.38,0,4.20,10.8,19,0,1,0,0.000,149,28,0,0,25.0,15
gauntlet/20261002-220835-scrim-g1sym/losses/chenyx512.flagbot_final__Racetrack__botA.bc24,chenyx512.flagbot_final,1,A,g1sym,0,1026,CAPTURE,0,0,202,1,7,0,0,0,0,0,0,23,70,67,101,383,40.9,0,0,0,0,,22,15,11,0,0,1.99,3,0.00,30.3,212,2,3,3,1.000,38,32,1,,15.3,0
gauntlet/20261002-220835-scrim-g1sym/losses/chenyx512.flagbot_final__Racetrack__botA.bc24,chenyx512.flagbot_final,0,B,flagbot_final,1,1026,CAPTURE,0,0,211,22,24,257,29,3,23,911,246,0,209,167,383,101,47.5,26,11,15,0,30.7,18,0,0,0,0,0.00,0,7.66,27.9,,,,,,0,0,0,0,19.7,0
gauntlet/20261002-220835-scrim-g1sym/losses/chenyx512.flagbot_final__Skyline__botB.bc24,chenyx512.flagbot_final,0,A,flagbot_final,1,1963,CAPTURE,21600,21600,215,6,13,304,13,3,7,734,318,5,834,763,849,377,45.3,10,6,4,0,17.9,46,0,6,2,1,1.46,1,4.61,43.1,78,0,2,1,0.500,8,0,0,0,19.4,0
gauntlet/20261002-220835-scrim-g1sym/losses/chenyx512.flagbot_final__Skyline__botB.bc24,chenyx512.flagbot_final,1,B,g1sym,0,1963,CAPTURE,21600,21600,201,36,35,245,6,1,5,158,75,7,384,378,377,849,39.5,6,6,0,0,14.2,47,4,6,0,0,0.98,3,3.23,48.3,107,2,3,3,1.000,99,63,1,,15.3,0
gauntlet/20261002-220835-scrim-g1sym/losses/chenyx512.flagbot_final__Divergent__botB.bc24,chenyx512.flagbot_final,0,A,flagbot_final,1,2000,MORE_FLAG_CAPTURES,3700,3700,206,18,18,237,14,2,9,797,343,11,616,541,948,223,47.3,11,5,6,0,24.8,42,0,11,0,0,1.87,0,5.66,38.6,24,0,1,0,0.000,5,0,0,0,23.0,0
gauntlet/20261002-220835-scrim-g1sym/losses/chenyx512.flagbot_final__Divergent__botB.bc24,chenyx512.flagbot_final,1,B,g1sym,0,2000,MORE_FLAG_CAPTURES,3700,3700,203,11,7,237,11,0,11,102,44,9,225,196,223,948,38.4,11,11,0,0,29.5,44,6,5,0,0,0.68,2,1.49,45.2,126,2,2,2,1.000,57,14,1,,15.3,0
gauntlet/20261002-220835-scrim-g1sym/losses/chenyx512.flagbot_final__Swoop__botA.bc24,chenyx512.flagbot_final,1,A,g1sym,0,674,CAPTURE,4300,4300,201,25,20,242,15,0,15,174,76,2,85,82,19,142,45.0,15,11,4,0,28.3,46,1,4,0,0,0.74,3,4.45,25.2,102,1,3,3,1.000,32,7,1,,15.3,0
gauntlet/20261002-220835-scrim-g1sym/losses/chenyx512.flagbot_final__Swoop__botA.bc24,chenyx512.flagbot_final,0,B,flagbot_final,1,674,CAPTURE,4300,4300,201,24,15,222,8,3,2,744,319,15,111,91,142,19,49.2,5,4,1,0,30.0,45,4,11,0,0,3.43,0,7.41,16.7,76,0,2,0,0.000,2,0,1,1,19.1,0
gauntlet/20261002-220835-scrim-g1sym/losses/clbarrell.duck8__AceOfSpades__botB.bc24,clbarrell.duck8,0,A,duck8,1,729,CAPTURE,1800,19200,202,32,2,218,10,3,7,204,92,1,264,242,89,257,41.3,10,4,6,0,14.0,44,0,4,0,0,0.47,2,11.21,32.6,92,1,2,2,1.000,37,20,0,,12.3,0
gauntlet/20261002-220835-scrim-g1sym/losses/clbarrell.duck8__AceOfSpades__botB.bc24,clbarrell.duck8,1,B,g1sym,0,729,CAPTURE,1800,2400,204,21,21,220,4,2,1,115,55,7,138,92,257,89,47.0,4,4,0,0,25.0,42,6,4,0,0,2.85,3,8.77,31.1,86,2,4,2,0.500,20,1,1,,22.8,0
gauntlet/20261002-220835-scrim-g1sym/losses/chenyx512.flagbot_final__Tunnels__botB.bc24,chenyx512.flagbot_final,0,A,flagbot_final,1,2000,MORE_FLAG_CAPTURES,2400,3600,203,1,0,273,67,1,62,912,274,1,524,472,711,403,45.1,64,8,56,0,9.2,28,0,1,52,0,1.00,0,16.36,56.5,0,0,,,,5,0,0,0,19.8,0
gauntlet/20261002-220835-scrim-g1sym/losses/chenyx512.flagbot_final__Tunnels__botB.bc24,chenyx512.flagbot_final,1,B,g1sym,0,2000,MORE_FLAG_CAPTURES,2400,3000,219,0,0,1046,1,0,1,3,1,62,216,198,403,711,41.3,1,1,0,0,19.0,33,56,8,0,0,9.67,1,0.00,52.6,5,0,,,,46,30,1,,22.8,0
gauntlet/20261002-220835-scrim-g1sym/losses/hsmalladi.finalbot__AceOfSpades__botA.bc24,hsmalladi.finalbot,1,A,g1sym,0,343,CAPTURE,1800,2400,203,8,0,0,0,0,0,0,0,3,50,32,27,67,45.3,0,0,0,0,,43,1,5,0,0,1.13,3,0.00,46.7,101,0,3,3,1.000,9,1,1,,22.8,0
gauntlet/20261002-220835-scrim-g1sym/losses/hsmalladi.finalbot__AceOfSpades__botA.bc24,hsmalladi.finalbot,0,B,finalbot,1,343,CAPTURE,1800,19200,203,30,22,227,9,3,3,762,194,0,226,177,67,27,48.0,6,5,1,0,21.0,43,0,0,0,0,0.00,0,7.81,8.0,,,,,,9,0,0,,25.1,104
gauntlet/20261002-220835-scrim-g1sym/losses/clbarrell.duck8__GaltonBoard__botB.bc24,clbarrell.duck8,0,A,duck8,1,2000,MORE_FLAG_CAPTURES,0,37700,201,22,26,252,7,1,6,31,14,0,594,503,562,1016,37.6,7,4,3,0,19.8,40,0,0,0,0,0.00,0,10.55,33.4,,,,,,19,5,0,,11.8,0
gauntlet/20261002-220835-scrim-g1sym/losses/clbarrell.duck8__GaltonBoard__botB.bc24,clbarrell.duck8,1,B,g1sym,0,2000,MORE_FLAG_CAPTURES,0,100,215,0,0,0,0,0,0,0,0,6,211,189,1016,562,43.2,0,0,0,0,,36,3,4,0,0,5.45,1,0.00,43.7,13,0,,,,24,0,1,,15.3,0
gauntlet/20261002-220835-scrim-g1sym/losses/hsmalladi.finalbot__WheresMyWater__botA.bc24,hsmalladi.finalbot,1,A,g1sym,0,911,CAPTURE,3000,3300,201,1,4,201,3,2,1,71,28,24,109,95,296,231,43.8,3,3,0,0,32.0,42,19,9,0,0,4.62,3,10.68,30.7,66,1,1,1,1.000,42,17,1,,15.3,0
gauntlet/20261002-220835-scrim-g1sym/losses/hsmalladi.finalbot__WheresMyWater__botA.bc24,hsmalladi.finalbot,0,B,finalbot,1,911,CAPTURE,2800,6300,201,13,41,201,38,3,24,793,197,1,160,152,231,296,42.1,35,9,19,7,17.9,45,0,3,0,0,0.35,2,10.33,12.5,46,2,1,1,1.000,38,20,1,,25.0,48
gauntlet/20261002-220835-scrim-g1sym/losses/hsmalladi.finalbot__ORV__botB.bc24,hsmalladi.finalbot,0,A,finalbot,1,367,CAPTURE,3200,8000,208,27,10,230,20,3,10,741,194,1,97,91,47,38,47.4,17,5,8,4,17.0,48,0,2,0,0,1.91,0,6.67,9.9,4,0,,,,10,0,0,,25.1,81
gauntlet/20261002-220835-scrim-g1sym/losses/hsmalladi.finalbot__ORV__botB.bc24,hsmalladi.finalbot,1,B,g1sym,0,367,CAPTURE,3200,3200,206,21,17,251,2,0,1,23,11,10,55,27,38,47,46.8,2,2,0,0,23.0,48,8,5,0,0,4.41,3,7.83,31.2,49,1,1,1,1.000,9,0,1,,22.8,0
gauntlet/20261002-220835-scrim-g1sym/losses/hsmalladi.finalbot__HeMustBeFreed__botB.bc24,hsmalladi.finalbot,0,A,finalbot,1,1148,CAPTURE,5900,17000,201,33,40,279,28,3,9,1149,265,4,214,197,155,128,47.3,25,5,7,13,46.4,40,0,6,0,0,0.22,0,7.50,22.6,377,0,2,0,0.000,30,2,1,,25.0,62
gauntlet/20261002-220835-scrim-g1sym/losses/hsmalladi.finalbot__HeMustBeFreed__botB.bc24,hsmalladi.finalbot,1,B,g1sym,0,1148,CAPTURE,2900,3300,201,4,4,705,6,0,4,451,219,9,95,64,128,155,46.7,6,6,0,0,47.3,28,7,5,0,0,0.78,3,5.14,27.2,422,3,8,2,0.250,47,7,1,,22.8,0
gauntlet/20261002-220835-scrim-g1sym/losses/dmtrung14.defaultplayer_intlqualifier__KingQuacksCastle__botB.bc24,dmtrung14.defaultplayer_intlqualifier,0,A,defaultplayer_intlqualifier,1,2000,MORE_FLAG_CAPTURES,1600,3300,206,28,20,221,30,2,5,350,63,1,78,58,28,311,46.1,27,4,3,20,22.2,48,0,1,0,0,6.00,0,7.02,34.7,0,0,,,,28,11,0,0,25.1,556
gauntlet/20261002-220835-scrim-g1sym/losses/dmtrung14.defaultplayer_intlqualifier__KingQuacksCastle__botB.bc24,dmtrung14.defaultplayer_intlqualifier,1,B,g1sym,0,2000,MORE_FLAG_CAPTURES,1600,3700,204,11,12,235,1,0,1,1,0,5,133,74,311,28,49.6,1,1,0,0,24.0,47,3,4,0,0,3.02,2,6.00,76.7,13,2,,,,2,0,1,,22.8,0
gauntlet/20261002-220835-scrim-g1sym/losses/jmerle.camel_case_v21_final__Battlecode24__botA.bc24,jmerle.camel_case_v21_final,1,A,g1sym,0,575,CAPTURE,12400,13800,203,0,0,448,3,0,3,43,18,3,166,148,139,165,42.9,3,2,1,0,24.7,26,2,4,0,0,2.05,3,5.42,47.9,144,2,3,2,0.667,25,1,1,,22.8,0
gauntlet/20261002-220835-scrim-g1sym/losses/jmerle.camel_case_v21_final__Battlecode24__botA.bc24,jmerle.camel_case_v21_final,0,B,camel_case_v21_final,1,575,CAPTURE,9600,28700,202,31,38,236,6,3,3,221,103,3,351,338,165,139,44.2,6,4,2,0,24.3,39,1,2,0,0,0.91,0,7.04,11.4,31,0,1,0,0.000,36,5,0,,21.8,0
gauntlet/20261002-220835-scrim-g1sym/losses/hsmalladi.finalbot__WheresMyWater__botB.bc24,hsmalladi.finalbot,0,A,finalbot,1,1144,CAPTURE,3000,6300,201,15,0,201,73,3,55,829,193,0,182,174,348,438,40.7,70,10,49,11,15.1,45,0,1,0,0,0.62,1,8.21,9.7,14,0,1,1,1.000,42,16,1,,25.0,51
gauntlet/20261002-220835-scrim-g1sym/losses/hsmalladi.finalbot__WheresMyWater__botB.bc24,hsmalladi.finalbot,1,B,g1sym,0,1144,CAPTURE,3000,3000,201,6,6,554,1,1,0,26,13,55,176,165,438,348,42.6,1,1,0,0,,43,49,10,0,0,7.17,3,5.19,25.9,46,1,1,0,0.000,50,17,1,,15.3,0
gauntlet/20261002-220835-scrim-g1sym/losses/jmerle.camel_case_v21_final__Fountain__botA.bc24,jmerle.camel_case_v21_final,1,A,g1sym,0,646,CAPTURE,1700,2600,209,10,5,254,7,1,5,61,28,17,59,54,258,138,44.9,7,4,3,0,16.0,45,14,6,0,0,2.54,3,5.90,29.6,118,0,1,1,1.000,22,1,1,,22.8,0
gauntlet/20261002-220835-scrim-g1sym/losses/jmerle.camel_case_v21_final__Fountain__botA.bc24,jmerle.camel_case_v21_final,0,B,camel_case_v21_final,1,646,CAPTURE,1300,2400,209,22,29,227,20,3,17,237,110,5,54,54,138,258,40.6,20,6,14,0,19.5,44,3,4,0,0,1.05,1,7.40,4.5,37,1,1,1,1.000,66,21,0,,22.0,0
gauntlet/20261002-220835-scrim-g1sym/losses/jmerle.camel_case_v21_final__Swoop__botA.bc24,jmerle.camel_case_v21_final,1,A,g1sym,0,488,CAPTURE,4300,4300,201,19,3,222,3,2,1,142,69,6,65,63,138,114,44.2,3,3,0,0,20.0,47,3,6,0,0,1.06,3,4.59,35.6,133,1,3,3,1.000,17,0,1,,15.3,0
gauntlet/20261002-220835-scrim-g1sym/losses/jmerle.camel_case_v21_final__Swoop__botA.bc24,jmerle.camel_case_v21_final,0,B,camel_case_v21_final,1,488,CAPTURE,4300,4300,201,20,16,211,9,3,6,196,96,1,106,104,114,138,43.3,9,6,3,0,29.5,44,0,3,0,0,0.49,2,6.13,5.2,98,2,2,2,1.000,45,7,1,,25.1,1
gauntlet/20261002-220835-scrim-g1sym/losses/jmerle.camel_case_v21_final__Canals__botA.bc24,jmerle.camel_case_v21_final,1,A,g1sym,0,1115,CAPTURE,4600,4600,218,3,6,240,0,0,0,0,0,19,151,140,456,465,39.9,0,0,0,0,,47,10,12,0,0,1.54,3,0.00,37.3,210,2,5,2,0.400,27,3,1,,19.2,0
gauntlet/20261002-220835-scrim-g1sym/losses/jmerle.camel_case_v21_final__Canals__botA.bc24,jmerle.camel_case_v21_final,0,B,camel_case_v21_final,1,1115,CAPTURE,4600,5600,202,43,21,215,22,3,19,356,167,0,290,289,465,456,40.1,22,12,10,0,29.3,48,0,0,0,0,0.00,0,5.87,5.1,,,,,,95,7,1,,23.6,0
gauntlet/20261002-220835-scrim-g1sym/losses/jmerle.camel_case_v21_final__YearOfTheDragon__botA.bc24,jmerle.camel_case_v21_final,1,A,g1sym,0,476,CAPTURE,10800,10800,201,9,0,229,3,0,3,17,5,7,142,120,113,120,43.9,3,2,1,0,17.3,46,3,7,0,0,1.15,3,0.41,51.3,120,2,3,3,1.000,19,3,1,,15.4,0
gauntlet/20261002-220835-scrim-g1sym/losses/jmerle.camel_case_v21_final__YearOfTheDragon__botA.bc24,jmerle.camel_case_v21_final,0,B,camel_case_v21_final,1,476,CAPTURE,10800,10800,201,10,28,212,10,3,7,165,79,3,189,178,120,113,44.4,10,7,3,0,20.6,46,1,2,0,0,2.94,0,5.95,9.5,4,0,,,,23,0,1,,22.2,0
gauntlet/20261002-220835-scrim-g1sym/losses/jmerle.camel_case_v21_final__StackGame__botA.bc24,jmerle.camel_case_v21_final,1,A,g1sym,0,389,CAPTURE,4600,4600,212,2,0,226,2,0,2,12,5,3,68,54,79,87,44.7,2,2,0,0,14.5,45,3,3,0,0,1.69,3,0.92,46.7,84,1,3,3,1.000,4,0,1,,22.8,0
gauntlet/20261002-220835-scrim-g1sym/losses/jmerle.camel_case_v21_final__StackGame__botA.bc24,jmerle.camel_case_v21_final,0,B,camel_case_v21_final,1,389,CAPTURE,4600,4600,202,36,30,217,6,3,3,138,66,2,102,90,87,79,45.2,6,3,3,0,18.3,45,0,2,0,0,1.83,0,9.35,9.0,4,0,,,,7,0,0,,21.2,0
gauntlet/20261002-220835-scrim-g1sym/losses/kyleezz.jeeryfix3__Intercontinental__botB.bc24,kyleezz.jeeryfix3,0,A,jeeryfix3,1,2000,MORE_FLAG_CAPTURES,2400,4500,201,20,5,224,10,2,8,109,54,1,196,192,409,1246,34.8,10,3,7,0,18.6,45,0,2,0,0,0.66,1,3.01,24.6,58,1,1,1,1.000,169,112,1,1,24.9,0
gauntlet/20261002-220835-scrim-g1sym/losses/kyleezz.jeeryfix3__Intercontinental__botB.bc24,kyleezz.jeeryfix3,1,B,g1sym,0,2000,MORE_FLAG_CAPTURES,2400,3300,201,5,9,317,2,1,1,70,34,8,201,178,1246,409,45.0,2,2,0,0,22.0,46,7,3,0,0,1.77,2,8.97,31.4,69,2,1,1,1.000,58,9,1,,18.9,0
gauntlet/20261002-220835-scrim-g1sym/losses/quesswho.cretplayer2_3__Checkered__botA.bc24,quesswho.cretplayer2_3,1,A,g1sym,0,524,CAPTURE,4800,4800,201,21,16,206,3,1,1,99,47,6,94,84,78,106,45.0,3,3,0,0,22.0,47,5,4,0,0,1.69,3,4.30,26.0,145,2,4,3,0.750,29,17,1,,15.3,0
gauntlet/20261002-220835-scrim-g1sym/losses/quesswho.cretplayer2_3__Checkered__botA.bc24,quesswho.cretplayer2_3,0,B,cretplayer2_3,1,524,CAPTURE,4800,4800,201,21,37,206,12,3,6,845,117,1,115,109,106,78,45.5,9,4,5,0,16.0,29,0,3,0,0,0.32,1,25.63,25.2,76,1,2,1,0.500,22,9,1,1,25.0,4
gauntlet/20261002-220835-scrim-g1sym/losses/quesswho.cretplayer2_3__AceOfSpades__botA.bc24,quesswho.cretplayer2_3,1,A,g1sym,0,996,CAPTURE,1800,3600,202,9,19,216,20,0,20,296,135,30,165,124,386,406,40.1,20,18,2,0,23.3,38,28,5,0,0,4.14,3,5.11,36.7,182,0,8,2,0.250,75,36,1,,22.8,0
gauntlet/20261002-220835-scrim-g1sym/losses/quesswho.cretplayer2_3__AceOfSpades__botA.bc24,quesswho.cretplayer2_3,0,B,cretplayer2_3,1,996,CAPTURE,1800,18000,202,38,7,215,36,3,30,1173,262,20,331,324,406,386,40.1,33,5,28,0,19.4,38,2,18,0,0,2.31,0,18.57,17.9,93,0,4,0,0.000,64,48,0,0,25.0,9
gauntlet/20261002-220835-scrim-g1sym/losses/kyleezz.jeeryfix3__Backslash__botB.bc24,kyleezz.jeeryfix3,0,A,jeeryfix3,1,2000,MORE_FLAG_CAPTURES,4700,16000,201,30,3,219,15,2,13,117,53,4,379,362,564,1378,33.3,15,9,6,0,27.8,44,1,4,1,0,1.25,1,8.33,7.0,75,0,2,1,0.500,125,48,1,1,24.9,0
gauntlet/20261002-220835-scrim-g1sym/losses/kyleezz.jeeryfix3__Backslash__botB.bc24,kyleezz.jeeryfix3,1,B,g1sym,0,2000,MORE_FLAG_CAPTURES,4700,14000,201,26,13,224,5,1,4,146,62,13,301,269,1378,564,43.2,5,4,1,0,14.5,48,6,9,0,0,2.87,2,6.82,30.4,75,1,2,2,1.000,49,3,1,,15.4,0
gauntlet/20261002-220835-scrim-g1sym/losses/quesswho.cretplayer2_3__ORV__botA.bc24,quesswho.cretplayer2_3,1,A,g1sym,0,2000,MORE_FLAG_CAPTURES,3200,6800,206,15,9,232,13,1,12,348,188,57,331,273,1238,500,43.9,13,10,3,0,21.6,44,50,9,3,1,5.56,2,5.17,34.0,177,0,9,1,0.111,80,18,1,,22.8,0
gauntlet/20261002-220835-scrim-g1sym/losses/quesswho.cretplayer2_3__ORV__botA.bc24,quesswho.cretplayer2_3,0,B,cretplayer2_3,1,2000,MORE_FLAG_CAPTURES,3200,4400,204,25,26,222,62,2,57,1316,311,12,262,253,500,1238,34.7,59,9,50,0,13.8,32,3,10,0,0,1.74,1,16.84,19.9,183,1,4,1,0.250,187,225,0,0,25.1,31
gauntlet/20261002-220835-scrim-g1sym/losses/quesswho.cretplayer2_3__BigDucksBigPond__botA.bc24,quesswho.cretplayer2_3,1,A,g1sym,0,1525,CAPTURE,5100,8300,201,40,38,264,49,1,47,1173,534,35,315,268,734,271,45.8,49,38,11,0,47.1,47,29,9,0,0,1.87,3,10.56,20.4,386,2,4,1,0.250,61,17,1,,15.3,0
gauntlet/20261002-220835-scrim-g1sym/losses/quesswho.cretplayer2_3__BigDucksBigPond__botA.bc24,quesswho.cretplayer2_3,0,B,cretplayer2_3,1,1525,CAPTURE,4300,5700,201,28,25,248,41,3,35,1183,282,47,161,135,271,734,38.1,38,9,29,0,27.6,16,11,38,6,1,1.92,1,22.19,16.5,692,0,10,1,0.100,231,190,0,1,25.1,7
gauntlet/20261002-220835-scrim-g1sym/losses/winkelmantanner.waffle__Funnel__botB.bc24,winkelmantanner.waffle,0,A,waffle,1,2000,LEVEL_SUM,2200,3800,202,25,21,226,15,1,14,138,58,19,372,344,541,516,43.7,15,5,10,0,42.1,33,5,15,0,0,0.56,1,4.30,9.3,838,1,10,1,0.100,260,176,1,,13.6,0
gauntlet/20261002-220835-scrim-g1sym/losses/winkelmantanner.waffle__Funnel__botB.bc24,winkelmantanner.waffle,1,B,g1sym,0,2000,LEVEL_SUM,2200,4100,201,9,13,371,20,1,19,1109,542,14,314,240,516,541,43.5,20,15,5,0,33.4,38,10,5,3,0,2.91,1,7.16,25.8,57,0,2,1,0.500,283,285,1,,19.0,0
gauntlet/20261002-220835-scrim-g1sym/losses/winkelmantanner.waffle__Puzzle__botA.bc24,winkelmantanner.waffle,1,A,g1sym,0,467,CAPTURE,0,9300,207,10,11,263,2,0,2,45,19,8,111,99,79,71,46.3,2,2,0,0,21.5,37,7,4,0,0,2.00,3,1.40,35.5,138,1,3,3,1.000,14,1,1,,15.5,0
gauntlet/20261002-220835-scrim-g1sym/losses/winkelmantanner.waffle__Puzzle__botA.bc24,winkelmantanner.waffle,0,B,waffle,1,467,CAPTURE,0,13700,205,38,22,248,11,3,8,245,115,2,181,155,71,79,46.0,11,4,7,0,26.3,34,0,2,0,0,1.11,0,3.22,13.1,23,0,1,0,0.000,25,2,0,,9.0,0
gauntlet/20261002-220835-scrim-g1sym/losses/winkelmantanner.waffle__Soccer__botB.bc24,winkelmantanner.waffle,0,A,waffle,1,637,CAPTURE,3000,3200,202,27,10,254,48,3,45,261,113,8,96,89,109,246,40.6,48,7,41,0,22.2,30,2,7,0,0,2.68,1,6.45,12.8,62,1,2,1,0.500,55,29,0,,11.3,0
gauntlet/20261002-220835-scrim-g1sym/losses/winkelmantanner.waffle__Soccer__botB.bc24,winkelmantanner.waffle,1,B,g1sym,0,637,CAPTURE,3000,3000,232,0,2,362,9,1,8,127,57,45,124,89,246,109,46.0,9,7,2,0,26.3,36,41,7,0,0,5.64,3,4.80,26.7,59,1,1,1,1.000,15,1,0,,22.8,0
gauntlet/20261002-220835-scrim-g1sym/losses/winkelmantanner.waffle__Islands__botB.bc24,winkelmantanner.waffle,0,A,waffle,1,481,CAPTURE,5800,5800,201,31,16,208,38,3,35,310,134,1,111,100,78,149,42.6,38,6,32,0,15.5,34,0,1,0,0,2.00,0,5.43,13.2,0,0,,,,29,14,1,,11.3,0
gauntlet/20261002-220835-scrim-g1sym/losses/winkelmantanner.waffle__Islands__botB.bc24,winkelmantanner.waffle,1,B,g1sym,0,481,CAPTURE,5800,5800,201,11,2,226,1,0,1,6,2,35,79,66,149,78,46.2,1,1,0,0,21.0,47,32,6,0,0,4.65,3,3.00,31.5,141,2,2,1,0.500,9,4,1,,15.4,0
gauntlet/20261002-220835-scrim-g1sym/losses/winkelmantanner.waffle__Tunnels__botB.bc24,winkelmantanner.waffle,0,A,waffle,1,610,CAPTURE,2400,3000,208,15,20,263,23,3,20,144,65,0,93,79,89,187,42.6,23,5,18,0,13.4,17,0,0,0,0,0.00,0,9.77,14.1,,,,,,17,6,0,,12.7,0
gauntlet/20261002-220835-scrim-g1sym/losses/winkelmantanner.waffle__Tunnels__botB.bc24,winkelmantanner.waffle,1,B,g1sym,0,610,CAPTURE,2400,3600,203,0,0,339,0,0,0,0,0,20,78,68,187,89,46.5,0,0,0,0,,30,18,5,0,0,6.12,3,0.00,44.2,13,0,,,,13,2,1,,22.8,0
gauntlet/20261002-220835-scrim-g1sym/losses/winkelmantanner.waffle__Mountain__botB.bc24,winkelmantanner.waffle,0,A,waffle,1,2000,MORE_FLAG_CAPTURES,4100,5900,202,24,18,202,43,2,41,278,117,4,278,271,496,1025,37.4,43,15,28,0,22.0,32,3,2,9,0,2.60,1,3.58,10.9,15,0,1,0,0.000,239,86,0,,11.0,0
gauntlet/20261002-220835-scrim-g1sym/losses/winkelmantanner.waffle__Mountain__botB.bc24,winkelmantanner.waffle,1,B,g1sym,0,2000,MORE_FLAG_CAPTURES,4100,4700,204,1,3,223,5,1,4,53,33,41,305,301,1025,496,44.0,5,2,3,0,14.0,45,28,15,1,0,3.26,2,4.87,34.6,56,1,2,1,0.500,93,11,1,,15.7,0
gauntlet/20261002-220835-scrim-g1sym/replays/ColtG5.Goob_final__EvilGrin__botA.bc24,ColtG5.Goob_final,1,A,g1sym,1,2000,LEVEL_SUM,2000,2600,209,5,2,271,3,2,1,113,86,1,325,246,1519,508,43.8,3,2,1,0,28.0,47,0,3,1,2,1.05,2,10.74,27.3,63,1,2,2,1.000,47,5,1,,15.5,0
gauntlet/20261002-220835-scrim-g1sym/replays/ColtG5.Goob_final__EvilGrin__botA.bc24,ColtG5.Goob_final,0,B,Goob_final,0,2000,LEVEL_SUM,2000,7800,205,26,19,228,3,2,1,100,50,1,311,300,508,1519,31.5,3,3,0,0,18.0,47,1,2,0,0,2.88,2,5.51,15.4,50,0,3,2,0.667,99,85,0,0,18.2,0
gauntlet/20261002-220835-scrim-g1sym/replays/CyrilSharma.finalBot__Racetrack__botB.bc24,CyrilSharma.finalBot,0,A,finalBot,0,2000,MORE_FLAG_CAPTURES,0,0,204,2,0,887,0,0,0,0,0,13,205,202,404,761,40.7,0,0,0,0,,23,8,7,0,0,1.27,2,0.00,66.1,198,2,4,2,0.500,24,9,0,,25.0,9
gauntlet/20261002-220835-scrim-g1sym/replays/CyrilSharma.finalBot__Racetrack__botB.bc24,CyrilSharma.finalBot,1,B,g1sym,1,2000,MORE_FLAG_CAPTURES,0,0,206,2,12,383,15,2,13,269,127,0,331,253,761,404,45.1,15,7,8,0,30.5,27,0,0,6,1,0.00,0,8.59,43.0,,,,,,12,0,1,,22.8,0
gauntlet/20261002-220835-scrim-g1sym/replays/IvanGeffner.kuma__EndAround__botA.bc24,IvanGeffner.kuma,1,A,g1sym,1,2000,LEVEL_SUM,2200,7000,206,23,34,665,0,0,0,0,0,8,256,180,372,492,44.1,0,0,0,0,,47,7,2,0,0,5.67,0,0.00,33.5,0,0,,,,26,2,1,,22.8,0
gauntlet/20261002-220835-scrim-g1sym/replays/IvanGeffner.kuma__EndAround__botA.bc24,IvanGeffner.kuma,0,B,kuma,0,2000,LEVEL_SUM,2500,3700,211,0,0,882,13,0,8,18,5,0,424,383,492,372,45.5,13,2,7,4,22.9,45,0,0,7,0,0.00,0,3.39,26.7,,,,,,54,1,1,,25.0,27
gauntlet/20261002-220835-scrim-g1sym/replays/SampleProvider.TSPAARKSPRINT1__Waterworld__botA.bc24,SampleProvider.TSPAARKSPRINT1,1,A,g1sym,1,1096,CAPTURE,13900,16600,205,36,46,229,38,3,35,652,307,18,259,212,313,90,48.0,38,26,12,0,26.4,41,6,13,0,0,2.15,0,7.39,33.0,55,0,1,0,0.000,19,0,1,,22.8,0
gauntlet/20261002-220835-scrim-g1sym/replays/SampleProvider.TSPAARKSPRINT1__Waterworld__botA.bc24,SampleProvider.TSPAARKSPRINT1,0,B,TSPAARKSPRINT1,0,1096,CAPTURE,13900,16600,204,0,14,294,22,0,18,540,148,35,47,44,90,313,43.0,19,13,6,0,23.9,39,12,26,0,0,2.30,3,3.57,12.5,325,3,7,3,0.429,94,74,0,0,21.5,0
gauntlet/20261002-220835-scrim-g1sym/replays/SampleProvider.TSPAARKSPRINT1__QuestionableChess__botB.bc24,SampleProvider.TSPAARKSPRINT1,0,A,TSPAARKSPRINT1,0,2000,MORE_FLAG_CAPTURES,0,0,201,4,16,276,48,1,44,728,332,77,59,55,229,926,38.7,45,26,19,0,20.1,41,27,52,16,1,1.93,2,3.66,12.8,659,2,15,2,0.133,310,216,0,0,21.9,0
gauntlet/20261002-220835-scrim-g1sym/replays/SampleProvider.TSPAARKSPRINT1__QuestionableChess__botB.bc24,SampleProvider.TSPAARKSPRINT1,1,B,g1sym,1,2000,MORE_FLAG_CAPTURES,0,0,204,16,35,275,79,2,77,1464,709,44,326,306,926,229,47.2,79,52,27,0,18.9,37,19,26,9,1,1.99,1,4.22,30.4,123,1,5,0,0.000,71,4,1,,22.8,0
gauntlet/20261002-220835-scrim-g1sym/replays/andli28.v9_USQuals_angle__Battlecode24__botB.bc24,andli28.v9_USQuals_angle,0,A,v9_USQuals_angle,0,2000,MORE_FLAG_CAPTURES,12400,23200,211,2,4,302,6,0,6,72,31,4,336,263,227,363,45.6,6,6,0,0,22.5,23,1,4,0,0,0.31,1,0.21,23.1,104,1,1,1,1.000,58,4,0,1,25.1,30
gauntlet/20261002-220835-scrim-g1sym/replays/andli28.v9_USQuals_angle__Battlecode24__botB.bc24,andli28.v9_USQuals_angle,1,B,g1sym,1,2000,MORE_FLAG_CAPTURES,12400,18700,202,31,31,222,5,1,4,110,52,6,448,344,363,227,47.2,5,4,1,0,26.3,32,0,6,0,1,0.21,0,7.06,34.7,60,0,1,0,0.000,58,2,1,,15.4,0
gauntlet/20261002-220835-scrim-g1sym/replays/andli28.v9_USQuals_angle__Joker__botB.bc24,andli28.v9_USQuals_angle,0,A,v9_USQuals_angle,0,2000,MORE_FLAG_CAPTURES,13100,21800,203,27,16,258,11,1,9,1512,818,8,588,502,566,322,46.1,11,5,6,0,20.6,42,1,9,0,0,0.97,2,0.21,13.3,141,1,3,2,0.667,56,6,0,0,25.0,6
gauntlet/20261002-220835-scrim-g1sym/replays/andli28.v9_USQuals_angle__Joker__botB.bc24,andli28.v9_USQuals_angle,1,B,g1sym,1,2000,MORE_FLAG_CAPTURES,14500,20500,202,26,24,221,10,2,8,245,107,9,403,354,322,566,43.1,10,9,1,0,25.0,38,6,5,0,0,0.13,1,4.91,33.4,1471,1,,,,88,37,1,,15.3,0
gauntlet/20261002-220835-scrim-g1sym/replays/andrewgopher.player22__Diagonal__botA.bc24,andrewgopher.player22,1,A,g1sym,1,2000,LEVEL_SUM,5100,5100,201,6,8,306,24,0,24,218,96,0,251,170,279,254,46.9,24,17,7,0,29.0,35,0,0,1,0,0.00,0,4.17,65.4,,,,,,23,1,1,,15.1,0
gauntlet/20261002-220835-scrim-g1sym/replays/andrewgopher.player22__Diagonal__botA.bc24,andrewgopher.player22,0,B,player22,0,2000,LEVEL_SUM,5100,5100,201,29,37,543,3,0,0,3,0,24,243,222,254,279,46.6,0,0,0,0,,30,7,17,0,0,0.99,0,0.00,7.5,95,0,2,0,0.000,21,8,1,1,25.1,45
gauntlet/20261002-220835-scrim-g1sym/replays/awu7.ExplosiveBot__BedWars__botA.bc24,awu7.ExplosiveBot,1,A,g1sym,1,989,CAPTURE,2400,2800,272,0,2,336,8,3,5,311,149,5,78,38,208,37,49.1,8,6,2,0,12.6,48,4,1,0,0,5.85,0,9.37,27.7,0,0,,,,12,0,1,,22.8,0
gauntlet/20261002-220835-scrim-g1sym/replays/awu7.ExplosiveBot__BedWars__botA.bc24,awu7.ExplosiveBot,0,B,ExplosiveBot,0,989,CAPTURE,2400,2600,232,1,0,571,5,0,5,13,5,5,23,19,37,208,45.0,5,1,4,0,9.0,46,2,6,0,0,0.40,3,1.31,74.5,259,3,5,3,0.600,121,47,1,,21.5,0
gauntlet/20261002-220835-scrim-g1sym/replays/awu7.ExplosiveBot__DefaultLarge__botB.bc24,awu7.ExplosiveBot,0,A,ExplosiveBot,0,1451,CAPTURE,1800,5300,204,13,12,247,2,0,2,0,0,20,118,106,178,915,34.7,2,2,0,0,46.0,30,6,17,0,0,0.89,3,0.00,15.6,620,3,9,3,0.333,274,214,1,1,22.5,0
gauntlet/20261002-220835-scrim-g1sym/replays/awu7.ExplosiveBot__DefaultLarge__botB.bc24,awu7.ExplosiveBot,1,B,g1sym,1,1451,CAPTURE,1800,3800,203,20,16,248,23,3,20,805,372,2,408,333,915,178,47.0,23,17,6,0,39.4,46,0,2,2,2,0.00,0,8.71,19.4,,0,,,,35,3,1,,18.9,0
gauntlet/20261002-220835-scrim-g1sym/replays/awu7.ExplosiveBot__BedWars__botB.bc24,awu7.ExplosiveBot,0,A,ExplosiveBot,0,792,CAPTURE,2400,3800,230,1,3,628,1,0,1,3,0,3,23,15,41,172,45.0,1,1,0,0,16.0,49,2,4,0,0,0.43,3,2.00,74.1,194,3,3,3,1.000,71,27,1,,21.3,0
gauntlet/20261002-220835-scrim-g1sym/replays/awu7.ExplosiveBot__BedWars__botB.bc24,awu7.ExplosiveBot,1,B,g1sym,1,792,CAPTURE,2400,2800,267,0,0,314,6,3,3,221,108,1,71,32,172,41,48.7,6,4,2,0,15.3,48,0,1,0,0,2.67,0,12.34,34.1,0,0,,,,10,0,1,,15.5,0
gauntlet/20261002-220835-scrim-g1sym/replays/awu7.ExplosiveBot__Randy__botB.bc24,awu7.ExplosiveBot,0,A,ExplosiveBot,0,1804,CAPTURE,3400,13600,201,6,5,208,45,1,36,130,41,17,192,189,244,1558,29.0,45,26,13,6,12.2,24,4,16,4,1,2.32,3,1.32,17.0,222,3,10,3,0.300,592,595,1,0,22.6,0
gauntlet/20261002-220835-scrim-g1sym/replays/awu7.ExplosiveBot__Randy__botB.bc24,awu7.ExplosiveBot,1,B,g1sym,1,1804,CAPTURE,3400,3400,201,18,18,212,20,3,17,468,223,36,488,413,1558,244,46.7,20,16,4,0,11.7,40,13,26,2,1,2.91,1,8.28,22.0,16,0,,,,66,4,1,,15.7,0
gauntlet/20261002-220835-scrim-g1sym/replays/awu7.ExplosiveBot__OceanFloor__botA.bc24,awu7.ExplosiveBot,1,A,g1sym,1,572,CAPTURE,1400,1400,201,29,43,213,7,3,4,325,155,7,111,52,205,24,49.0,7,7,0,0,31.8,47,5,3,0,0,1.89,1,5.23,20.0,32,1,,,,10,0,1,,15.5,0
gauntlet/20261002-220835-scrim-g1sym/replays/awu7.ExplosiveBot__OceanFloor__botA.bc24,awu7.ExplosiveBot,0,B,ExplosiveBot,0,572,CAPTURE,1400,1400,201,8,2,214,17,1,7,91,37,4,31,23,24,205,41.3,17,3,5,9,24.6,41,0,7,0,0,1.09,3,3.66,10.6,219,3,5,3,0.600,75,53,0,1,22.5,0
gauntlet/20261002-220835-scrim-g1sym/replays/awu7.ExplosiveBot__Diagonal__botA.bc24,awu7.ExplosiveBot,1,A,g1sym,1,2000,MORE_FLAG_CAPTURES,5100,5100,201,32,35,241,17,1,16,406,192,1,453,342,870,146,48.2,17,14,3,0,27.1,26,0,1,0,0,0.00,0,6.26,36.3,,0,,,,17,0,1,,22.8,0
gauntlet/20261002-220835-scrim-g1sym/replays/awu7.ExplosiveBot__Diagonal__botA.bc24,awu7.ExplosiveBot,0,B,ExplosiveBot,0,2000,MORE_FLAG_CAPTURES,5100,5100,201,10,12,227,1,0,1,0,0,16,97,91,146,870,39.4,1,1,0,0,33.0,18,3,14,0,0,1.83,1,0.00,10.7,258,1,5,1,0.200,380,290,0,0,21.3,0
gauntlet/20261002-220835-scrim-g1sym/replays/clbarrell.duck8__OceanFloor__botB.bc24,clbarrell.duck8,0,A,duck8,0,731,CAPTURE,1400,1400,201,23,23,263,9,0,9,24,4,6,93,75,98,168,44.4,9,4,5,0,32.9,39,0,9,0,0,0.82,3,1.96,31.5,394,3,8,3,0.375,62,23,1,,12.0,0
gauntlet/20261002-220835-scrim-g1sym/replays/clbarrell.duck8__OceanFloor__botB.bc24,clbarrell.duck8,1,B,g1sym,1,731,CAPTURE,1400,1400,201,20,31,230,9,3,6,558,272,9,103,62,168,98,46.8,9,9,0,0,18.5,46,5,4,0,0,6.75,0,4.03,22.4,0,0,,,,42,0,1,,15.4,0
gauntlet/20261002-220835-scrim-g1sym/replays/clbarrell.duck8__Foxes__botB.bc24,clbarrell.duck8,0,A,duck8,0,1644,CAPTURE,7500,7500,202,16,20,240,8,0,7,49,19,1,285,272,254,748,38.9,8,4,4,0,28.4,34,0,4,1,0,0.51,3,11.06,31.1,191,2,4,3,0.750,89,63,0,,13.1,0
gauntlet/20261002-220835-scrim-g1sym/replays/clbarrell.duck8__Foxes__botB.bc24,clbarrell.duck8,1,B,g1sym,1,1644,CAPTURE,7500,7500,202,24,1,221,4,3,1,239,116,7,294,236,748,254,46.2,4,4,0,0,23.0,37,4,4,0,3,5.18,0,4.08,28.1,27,0,,,,29,1,1,,15.4,0
gauntlet/20261002-220835-scrim-g1sym/replays/clbarrell.duck8__Pancakes__botB.bc24,clbarrell.duck8,0,A,duck8,0,443,CAPTURE,0,5400,207,9,12,230,0,0,0,0,0,0,89,69,15,76,46.0,0,0,0,0,,48,0,3,0,0,0.09,3,0.00,22.8,231,3,3,3,1.000,34,20,0,,12.2,0
gauntlet/20261002-220835-scrim-g1sym/replays/clbarrell.duck8__Pancakes__botB.bc24,clbarrell.duck8,1,B,g1sym,1,443,CAPTURE,0,3700,202,21,25,222,3,3,0,255,114,0,74,33,76,15,49.2,3,3,0,0,,48,0,0,0,0,0.00,0,7.60,25.0,,,,,,10,0,1,,22.8,0
gauntlet/20261002-220835-scrim-g1sym/replays/dmtrung14.defaultplayer_intlqualifier__Battlecode24__botA.bc24,dmtrung14.defaultplayer_intlqualifier,1,A,g1sym,1,1181,CAPTURE,11600,20600,203,34,23,216,8,3,5,1258,610,2,320,212,342,13,49.7,8,6,2,0,13.6,22,0,2,0,0,1.55,0,2.95,52.8,25,0,1,0,0.000,3,0,1,,15.4,0
gauntlet/20261002-220835-scrim-g1sym/replays/dmtrung14.defaultplayer_intlqualifier__Battlecode24__botA.bc24,dmtrung14.defaultplayer_intlqualifier,0,B,defaultplayer_intlqualifier,0,1181,CAPTURE,10300,19100,202,4,16,235,6,0,2,336,71,5,70,61,13,342,42.3,3,2,0,1,15.5,19,2,6,0,0,1.03,3,1.86,53.0,973,2,7,2,0.286,127,102,0,0,25.1,203
gauntlet/20261002-220835-scrim-g1sym/replays/clbarrell.duck8__QuestionableChess__botB.bc24,clbarrell.duck8,0,A,duck8,0,2000,LEVEL_SUM,0,0,201,12,19,209,36,2,34,236,94,3,272,236,525,1093,36.7,36,11,25,0,19.7,25,1,4,11,0,0.14,2,7.66,30.9,717,2,4,2,0.500,160,94,0,,11.8,0
gauntlet/20261002-220835-scrim-g1sym/replays/clbarrell.duck8__QuestionableChess__botB.bc24,clbarrell.duck8,1,B,g1sym,1,2000,LEVEL_SUM,0,0,202,4,3,357,5,2,3,792,388,34,280,236,1093,525,43.6,5,4,1,0,12.3,42,25,11,0,0,4.54,2,2.61,28.6,64,0,3,2,0.667,99,7,1,,22.8,0
gauntlet/20261002-220835-scrim-g1sym/replays/dmtrung14.defaultplayer_intlqualifier__QueenOfHearts__botA.bc24,dmtrung14.defaultplayer_intlqualifier,1,A,g1sym,1,862,CAPTURE,3500,3500,201,29,33,266,8,3,5,419,207,13,130,71,341,43,48.7,8,7,1,0,42.6,44,9,8,0,0,2.02,2,2.27,33.6,74,2,1,0,0.000,11,1,1,,15.3,0
gauntlet/20261002-220835-scrim-g1sym/replays/dmtrung14.defaultplayer_intlqualifier__QueenOfHearts__botA.bc24,dmtrung14.defaultplayer_intlqualifier,0,B,defaultplayer_intlqualifier,0,862,CAPTURE,3500,3500,201,14,6,232,62,2,13,457,84,5,61,57,43,341,35.7,59,8,9,42,11.7,40,1,7,0,0,0.52,3,7.57,24.7,310,1,3,3,1.000,126,70,1,1,25.1,287
gauntlet/20261002-220835-scrim-g1sym/replays/dmtrung14.defaultplayer_intlqualifier__DefaultLarge__botA.bc24,dmtrung14.defaultplayer_intlqualifier,1,A,g1sym,1,2000,MORE_FLAG_CAPTURES,1800,3800,202,9,12,573,9,1,8,534,259,4,139,57,287,33,49.6,9,7,2,0,38.0,45,0,4,0,0,2.74,0,4.92,68.5,8,0,,,,14,0,1,,18.9,0
gauntlet/20261002-220835-scrim-g1sym/replays/dmtrung14.defaultplayer_intlqualifier__DefaultLarge__botA.bc24,dmtrung14.defaultplayer_intlqualifier,0,B,defaultplayer_intlqualifier,0,2000,MORE_FLAG_CAPTURES,1800,5300,202,14,37,300,8,0,4,337,66,8,109,103,33,287,42.1,5,4,0,1,44.3,45,2,7,0,0,0.93,1,1.26,49.2,345,0,4,1,0.250,63,37,1,1,25.1,257
gauntlet/20261002-220835-scrim-g1sym/replays/dmtrung14.defaultplayer_intlqualifier__BreadPudding__botA.bc24,dmtrung14.defaultplayer_intlqualifier,1,A,g1sym,1,2000,LEVEL_SUM,2600,2600,247,3,7,317,5,0,4,1690,910,3,197,90,311,33,49.6,5,4,1,0,21.0,45,2,1,0,0,8.14,0,3.39,76.1,0,0,,,,3,0,1,,15.2,0
gauntlet/20261002-220835-scrim-g1sym/replays/dmtrung14.defaultplayer_intlqualifier__BreadPudding__botA.bc24,dmtrung14.defaultplayer_intlqualifier,0,B,defaultplayer_intlqualifier,0,2000,LEVEL_SUM,2600,3200,202,10,5,217,6,0,3,308,54,4,41,32,33,311,46.2,3,1,2,0,20.3,43,1,4,0,0,1.21,0,2.50,59.6,741,0,,,,5,1,0,0,25.1,255
gauntlet/20261002-220835-scrim-g1sym/replays/dmtrung14.defaultplayer_intlqualifier__Diagonal__botB.bc24,dmtrung14.defaultplayer_intlqualifier,0,A,defaultplayer_intlqualifier,0,2000,MORE_FLAG_CAPTURES,5100,5100,201,28,33,246,3,0,0,294,14,2,52,37,15,114,48.6,0,0,0,0,,34,1,2,0,0,0.13,1,0.00,24.0,227,1,2,1,0.500,10,3,1,1,25.1,340
gauntlet/20261002-220835-scrim-g1sym/replays/dmtrung14.defaultplayer_intlqualifier__Diagonal__botB.bc24,dmtrung14.defaultplayer_intlqualifier,1,B,g1sym,1,2000,MORE_FLAG_CAPTURES,5100,5100,201,13,16,330,3,1,2,255,117,0,221,123,114,15,49.8,3,2,1,0,28.0,28,0,0,0,0,0.00,0,5.07,74.8,,,,,,2,0,1,,15.4,0
gauntlet/20261002-220835-scrim-g1sym/replays/hsmalladi.finalbot__Fountain__botB.bc24,hsmalladi.finalbot,0,A,finalbot,0,2000,MORE_FLAG_CAPTURES,1700,2500,222,7,11,365,6,1,2,617,185,3,180,173,228,510,43.8,3,1,2,0,13.0,45,0,5,0,0,0.71,2,7.26,45.6,481,1,5,2,0.400,21,9,0,,25.1,93
gauntlet/20261002-220835-scrim-g1sym/replays/hsmalladi.finalbot__Fountain__botB.bc24,hsmalladi.finalbot,1,B,g1sym,1,2000,MORE_FLAG_CAPTURES,1700,2900,208,14,17,299,5,2,3,607,293,2,194,167,510,228,47.2,5,5,0,0,17.7,44,2,1,0,0,7.96,1,3.61,53.0,0,0,,,,20,0,1,,22.8,0
gauntlet/20261002-220835-scrim-g1sym/replays/jonters.bling3__Bunkers__botA.bc24,jonters.bling3,1,A,g1sym,1,587,CAPTURE,2800,2800,201,2,19,210,10,3,7,163,77,12,97,83,165,64,47.3,10,9,1,0,18.0,47,7,7,0,0,4.62,1,5.54,19.6,37,0,,,,6,1,1,,22.8,0
gauntlet/20261002-220835-scrim-g1sym/replays/jonters.bling3__Bunkers__botA.bc24,jonters.bling3,0,B,bling3,0,587,CAPTURE,2800,2800,201,27,21,260,14,1,12,122,54,7,39,38,64,165,43.1,14,7,7,0,17.2,38,1,9,0,0,1.49,3,10.06,6.2,98,2,3,2,0.667,30,15,1,1,22.8,0
gauntlet/20261002-220835-scrim-g1sym/replays/jonters.bling3__Duck__botB.bc24,jonters.bling3,0,A,bling3,0,846,CAPTURE,2900,2900,201,41,40,227,10,0,9,328,150,12,60,49,91,311,40.7,10,4,6,0,36.4,30,6,9,0,0,0.65,3,8.27,7.9,538,3,6,3,0.500,116,92,1,1,22.9,0
gauntlet/20261002-220835-scrim-g1sym/replays/jonters.bling3__Duck__botB.bc24,jonters.bling3,1,B,g1sym,1,846,CAPTURE,2900,2900,201,27,32,239,15,3,12,688,333,9,172,148,311,91,47.4,15,9,6,0,42.2,46,6,4,0,0,1.18,0,6.76,15.8,205,0,4,0,0.000,20,11,1,,15.4,0
gauntlet/20261002-220835-scrim-g1sym/replays/jonters.bling3__Backslash__botB.bc24,jonters.bling3,0,A,bling3,0,1481,CAPTURE,4700,12800,201,21,15,251,2,1,1,62,28,23,100,91,188,960,33.8,2,1,1,0,25.0,41,7,19,0,0,1.12,3,9.23,8.2,443,2,8,3,0.375,177,207,1,1,24.6,0
gauntlet/20261002-220835-scrim-g1sym/replays/jonters.bling3__Backslash__botB.bc24,jonters.bling3,1,B,g1sym,1,1481,CAPTURE,4700,12300,201,19,20,234,26,3,23,675,318,1,399,321,960,188,46.9,26,19,7,0,23.3,48,1,1,1,2,0.95,1,10.23,19.5,42,0,1,1,1.000,28,2,1,,15.4,0
gauntlet/20261002-220835-scrim-g1sym/replays/jonters.bling3__Snake__botB.bc24,jonters.bling3,0,A,bling3,0,1508,CAPTURE,13100,20900,203,32,38,257,17,2,14,343,139,28,184,182,275,622,39.6,17,9,8,0,29.1,34,7,24,1,0,0.77,3,9.55,10.8,602,3,9,3,0.333,141,98,0,0,22.7,0
gauntlet/20261002-220835-scrim-g1sym/replays/jonters.bling3__Snake__botB.bc24,jonters.bling3,1,B,g1sym,1,1508,CAPTURE,13100,37100,204,37,20,217,31,3,28,769,369,14,593,531,622,275,45.5,31,24,7,0,30.1,47,8,9,2,1,1.87,2,5.97,19.3,200,0,4,2,0.500,55,9,1,,22.8,0
gauntlet/20261002-220835-scrim-g1sym/replays/jonters.bling3__Starfish__botA.bc24,jonters.bling3,1,A,g1sym,1,1344,CAPTURE,4100,4100,201,21,13,201,3,3,0,58,29,9,215,183,564,152,47.2,3,3,0,0,,36,5,5,0,1,6.97,1,12.67,40.3,0,0,,,,30,6,1,,22.8,0
gauntlet/20261002-220835-scrim-g1sym/replays/jonters.bling3__Starfish__botA.bc24,jonters.bling3,0,B,bling3,0,1344,CAPTURE,4100,4200,201,3,2,201,10,1,9,37,13,0,22,15,152,564,39.5,10,5,5,0,6.0,26,0,3,0,0,1.88,3,11.38,7.7,24,0,1,1,1.000,118,123,0,0,22.0,0
gauntlet/20261002-220835-scrim-g1sym/replays/justinottesen.sprint1__Decision__botA.bc24,justinottesen.sprint1,1,A,g1sym,1,534,CAPTURE,1900,2100,202,33,46,246,9,3,6,442,217,5,105,71,238,6,49.7,9,7,2,0,35.7,39,0,5,0,0,0.63,0,3.32,19.2,59,0,1,0,0.000,4,0,1,,22.8,0
gauntlet/20261002-220835-scrim-g1sym/replays/justinottesen.sprint1__Decision__botA.bc24,justinottesen.sprint1,0,B,sprint1,0,534,CAPTURE,1600,1700,204,5,11,269,5,0,5,84,41,6,8,6,6,238,39.5,5,5,0,0,41.2,30,2,7,0,0,0.82,3,0.75,5.1,268,2,6,3,0.500,132,103,0,,6.6,0
gauntlet/20261002-220835-scrim-g1sym/replays/justinottesen.sprint1__Fountain__botA.bc24,justinottesen.sprint1,1,A,g1sym,1,434,CAPTURE,1700,3100,208,19,32,221,6,3,3,156,77,2,65,28,170,6,49.6,6,3,3,0,13.7,46,0,3,0,0,1.89,0,7.96,30.6,0,0,,,,0,0,1,,22.8,0
gauntlet/20261002-220835-scrim-g1sym/replays/justinottesen.sprint1__Fountain__botA.bc24,justinottesen.sprint1,0,B,sprint1,0,434,CAPTURE,1300,1900,211,2,3,354,3,0,2,9,5,3,7,7,6,170,41.1,3,3,0,0,24.5,37,3,3,0,0,1.00,3,1.78,13.4,103,3,4,3,0.750,65,60,0,,6.8,0
gauntlet/20261002-220835-scrim-g1sym/replays/justinottesen.sprint1__OceanFloor__botB.bc24,justinottesen.sprint1,0,A,sprint1,0,496,CAPTURE,1400,1400,201,24,13,242,5,0,5,51,22,5,14,12,7,202,40.4,5,4,1,0,33.8,42,1,7,0,0,0.70,3,2.12,5.0,200,2,5,3,0.600,118,81,1,,6.6,0
gauntlet/20261002-220835-scrim-g1sym/replays/justinottesen.sprint1__OceanFloor__botB.bc24,justinottesen.sprint1,1,B,g1sym,1,496,CAPTURE,1400,1400,201,31,34,217,8,3,5,364,179,5,98,69,202,7,49.6,8,7,1,0,22.4,46,1,4,0,0,1.20,0,4.68,19.0,12,0,,,,4,0,1,,15.5,0
gauntlet/20261002-220835-scrim-g1sym/replays/jonters.bling3__Waterworld__botB.bc24,jonters.bling3,0,A,bling3,0,2000,MORE_FLAG_CAPTURES,13900,15500,207,0,11,336,4,1,3,69,33,17,108,107,254,982,37.6,4,3,1,0,32.0,34,6,13,0,0,1.76,2,13.06,5.6,248,0,5,2,0.400,111,79,0,0,23.3,0
gauntlet/20261002-220835-scrim-g1sym/replays/jonters.bling3__Waterworld__botB.bc24,jonters.bling3,1,B,g1sym,1,2000,MORE_FLAG_CAPTURES,13900,16500,204,17,30,240,19,2,17,426,196,3,381,320,982,254,46.9,19,13,6,0,26.4,40,1,3,0,0,0.78,1,8.17,19.3,45,0,1,1,1.000,37,4,1,,22.8,0
gauntlet/20261002-220835-scrim-g1sym/replays/justinottesen.sprint1__StackGame__botB.bc24,justinottesen.sprint1,0,A,sprint1,0,788,CAPTURE,4400,4600,201,3,7,205,2,0,2,11,2,12,55,56,35,640,30.7,2,2,0,0,23.0,45,6,9,0,0,1.33,3,0.64,6.4,144,2,3,2,0.667,147,150,0,,6.3,0
gauntlet/20261002-220835-scrim-g1sym/replays/justinottesen.sprint1__StackGame__botB.bc24,justinottesen.sprint1,1,B,g1sym,1,788,CAPTURE,4600,4600,208,1,4,334,15,3,12,214,98,2,190,111,640,35,48.9,15,9,6,0,14.8,40,0,2,0,0,2.27,0,8.59,19.6,1,0,,,,9,0,1,,22.8,0
gauntlet/20261002-220835-scrim-g1sym/replays/kyleezz.jeeryfix3__Fusbol__botB.bc24,kyleezz.jeeryfix3,0,A,jeeryfix3,0,2000,MORE_FLAG_CAPTURES,7200,9300,202,21,15,250,1,0,1,0,0,18,244,233,260,1586,30.7,1,1,0,0,42.0,38,1,18,0,0,1.63,1,0.00,32.6,76,0,1,1,1.000,95,113,0,0,24.9,0
gauntlet/20261002-220835-scrim-g1sym/replays/kyleezz.jeeryfix3__Fusbol__botB.bc24,kyleezz.jeeryfix3,1,B,g1sym,1,2000,MORE_FLAG_CAPTURES,7200,8700,202,13,24,273,19,1,18,144,73,1,745,642,1586,260,46.8,19,18,1,0,41.1,40,0,1,1,1,0.00,0,10.19,31.1,,0,,,,14,0,1,,22.8,0
gauntlet/20261002-220835-scrim-g1sym/replays/kyleezz.jeeryfix3__BedWars__botA.bc24,kyleezz.jeeryfix3,1,A,g1sym,1,2000,LEVEL_SUM,2400,2500,367,0,0,402,4,0,4,29,11,5,86,16,10,12,49.8,4,4,0,0,13.5,47,3,2,0,0,2.73,0,1.17,90.2,1,0,1,0,0.000,9,0,1,,15.4,0
gauntlet/20261002-220835-scrim-g1sym/replays/kyleezz.jeeryfix3__BedWars__botA.bc24,kyleezz.jeeryfix3,0,B,jeeryfix3,0,2000,LEVEL_SUM,2400,3100,219,2,2,575,5,0,5,41,20,4,40,26,12,10,49.9,5,2,3,0,16.4,50,0,4,0,0,4.00,0,0.34,76.6,9,0,,,,6,0,0,1,24.9,0
gauntlet/20261002-220835-scrim-g1sym/replays/kyleezz.jeeryfix3__Fusbol__botA.bc24,kyleezz.jeeryfix3,1,A,g1sym,1,2000,MORE_FLAG_CAPTURES,7200,7500,204,0,0,404,10,1,9,216,100,2,746,663,1604,237,47.0,10,8,2,0,44.0,33,1,1,2,1,3.25,0,9.06,31.5,0,0,,,,12,1,1,,22.8,0
gauntlet/20261002-220835-scrim-g1sym/replays/kyleezz.jeeryfix3__Fusbol__botA.bc24,kyleezz.jeeryfix3,0,B,jeeryfix3,0,2000,MORE_FLAG_CAPTURES,7200,10500,202,32,15,262,2,0,2,4,2,9,262,250,237,1604,30.5,2,1,1,0,48.0,38,2,8,0,0,0.50,1,0.00,35.0,179,1,1,1,1.000,95,82,0,1,24.9,0
gauntlet/20261002-220835-scrim-g1sym/replays/quesswho.cretplayer2_3__Digging__botA.bc24,quesswho.cretplayer2_3,1,A,g1sym,1,1619,CAPTURE,700,1900,205,3,8,340,13,3,10,473,231,10,385,315,1565,279,45.8,13,8,5,0,17.1,46,10,1,2,2,10.89,1,15.24,27.2,9,0,2,0,0.000,41,0,1,,22.8,0
gauntlet/20261002-220835-scrim-g1sym/replays/quesswho.cretplayer2_3__Digging__botA.bc24,quesswho.cretplayer2_3,0,B,cretplayer2_3,0,1619,CAPTURE,700,2400,208,16,0,214,14,1,10,715,41,10,137,131,279,1565,26.4,11,1,10,0,8.8,39,5,8,0,0,1.32,3,25.93,21.9,361,2,3,2,0.667,215,285,0,0,25.1,15
gauntlet/20261002-220835-scrim-g1sym/replays/kyleezz.jeeryfix3__Klein__botB.bc24,kyleezz.jeeryfix3,0,A,jeeryfix3,0,2000,MORE_FLAG_CAPTURES,6300,7800,202,8,6,213,9,1,8,31,12,7,213,204,285,1122,36.4,9,4,5,0,13.0,50,4,5,1,0,1.65,2,4.26,36.3,107,0,3,1,0.333,198,182,0,0,24.9,0
gauntlet/20261002-220835-scrim-g1sym/replays/kyleezz.jeeryfix3__Klein__botB.bc24,kyleezz.jeeryfix3,1,B,g1sym,1,2000,MORE_FLAG_CAPTURES,6200,6200,233,13,15,307,9,2,7,199,90,8,476,412,1122,285,46.6,9,5,4,0,13.9,48,5,4,3,1,6.77,1,6.40,36.0,3,0,,,,38,4,1,,15.7,0
gauntlet/20261002-220835-scrim-g1sym/replays/quesswho.cretplayer2_3__Waterworld__botB.bc24,quesswho.cretplayer2_3,0,A,cretplayer2_3,0,1963,CAPTURE,13900,21000,208,29,18,239,76,1,72,1224,263,32,250,244,515,1437,31.9,73,14,59,0,21.5,7,11,24,2,0,2.85,3,16.88,20.9,117,1,5,3,0.600,298,302,0,1,25.1,12
gauntlet/20261002-220835-scrim-g1sym/replays/quesswho.cretplayer2_3__Waterworld__botB.bc24,quesswho.cretplayer2_3,1,B,g1sym,1,1963,CAPTURE,11200,14300,203,24,16,234,35,3,32,419,245,72,509,433,1437,515,43.6,35,24,11,0,29.0,34,59,14,11,2,4.14,1,6.96,26.4,190,0,7,1,0.143,70,11,1,,22.8,0
gauntlet/20261002-222138-scrim-g1sym/losses/ColtG5.Goob_final__OceanFloor__botA.bc24,ColtG5.Goob_final,1,A,g1sym,0,1415,CAPTURE,1400,1400,201,16,20,218,2,2,0,170,83,15,196,162,677,292,45.0,2,2,0,0,,47,5,13,0,0,1.32,3,6.84,23.4,146,2,3,3,1.000,94,7,1,,15.5,0
gauntlet/20261002-222138-scrim-g1sym/losses/ColtG5.Goob_final__OceanFloor__botA.bc24,ColtG5.Goob_final,0,B,Goob_final,1,1415,CAPTURE,1400,1400,201,27,15,222,18,3,15,265,121,0,189,173,292,677,38.4,18,13,5,0,45.5,45,0,2,0,1,1.17,2,4.65,9.4,132,1,2,2,1.000,202,55,1,1,16.6,0
gauntlet/20261002-222138-scrim-g1sym/losses/ColtG5.Goob_final__MazeRunner__botA.bc24,ColtG5.Goob_final,1,A,g1sym,0,2000,MORE_FLAG_CAPTURES,2600,4400,208,0,0,434,0,0,0,0,0,7,230,194,1017,330,46.0,0,0,0,0,,31,2,7,0,0,1.16,2,0.00,37.3,84,2,3,2,0.667,77,3,1,,22.8,0
gauntlet/20261002-222138-scrim-g1sym/losses/ColtG5.Goob_final__MazeRunner__botA.bc24,ColtG5.Goob_final,0,B,Goob_final,1,2000,MORE_FLAG_CAPTURES,2600,6200,207,33,9,237,9,2,7,135,65,0,195,158,330,1017,37.6,9,7,2,0,24.4,35,0,0,0,0,0.00,0,3.96,13.5,,,,,,121,13,0,0,17.1,0
gauntlet/20261002-222138-scrim-g1sym/losses/CyrilSharma.finalBot__AceOfSpades__botB.bc24,CyrilSharma.finalBot,0,A,finalBot,1,634,CAPTURE,1800,19500,204,17,15,217,19,3,16,296,128,0,374,298,161,112,45.8,19,8,11,0,21.8,43,0,0,0,0,0.00,0,6.79,42.6,,,,,,9,0,0,,25.1,2
gauntlet/20261002-222138-scrim-g1sym/losses/CyrilSharma.finalBot__AceOfSpades__botB.bc24,CyrilSharma.finalBot,1,B,g1sym,0,634,CAPTURE,1800,2100,202,24,22,218,0,0,0,0,0,16,85,73,112,161,43.8,0,0,0,0,,43,11,8,0,0,3.04,3,0.00,51.1,130,1,3,3,1.000,19,8,1,,22.8,0
gauntlet/20261002-222138-scrim-g1sym/losses/ColtG5.Goob_final__Tunnels__botA.bc24,ColtG5.Goob_final,1,A,g1sym,0,2000,MORE_FLAG_CAPTURES,2400,3300,208,0,0,269,0,0,0,0,0,2,217,193,768,323,46.1,0,0,0,0,,31,0,3,0,0,1.91,1,0.00,50.1,32,1,1,1,1.000,9,2,1,,22.8,0
gauntlet/20261002-222138-scrim-g1sym/losses/ColtG5.Goob_final__Tunnels__botA.bc24,ColtG5.Goob_final,0,B,Goob_final,1,2000,MORE_FLAG_CAPTURES,2400,3300,204,6,4,204,3,1,2,45,21,0,213,181,323,768,40.6,3,3,0,0,17.0,28,0,0,0,0,0.00,0,4.07,16.0,,,,,,53,20,0,0,16.7,0
gauntlet/20261002-222138-scrim-g1sym/losses/CyrilSharma.finalBot__QuestionableChess__botB.bc24,CyrilSharma.finalBot,0,A,finalBot,1,2000,MORE_FLAG_CAPTURES,0,0,201,31,30,221,6,1,5,52,21,1,351,325,378,427,44.8,6,1,5,0,18.4,35,0,1,0,0,2.29,0,9.15,66.0,0,0,,,,13,2,0,,25.0,2
gauntlet/20261002-222138-scrim-g1sym/losses/CyrilSharma.finalBot__QuestionableChess__botB.bc24,CyrilSharma.finalBot,1,B,g1sym,0,2000,MORE_FLAG_CAPTURES,0,0,202,9,15,329,1,0,1,7,3,5,181,163,427,378,45.4,1,1,0,0,23.0,43,5,1,0,0,5.27,1,3.86,63.2,15,0,1,1,1.000,9,0,1,,15.4,0
gauntlet/20261002-222138-scrim-g1sym/losses/CyrilSharma.finalBot__BedWars__botB.bc24,CyrilSharma.finalBot,0,A,finalBot,1,2000,MORE_FLAG_CAPTURES,2400,5400,205,17,25,301,38,2,36,179,86,9,171,169,347,582,42.9,38,9,29,0,13.1,47,1,9,2,0,1.96,1,5.78,54.0,43,1,1,0,0.000,54,7,1,,25.0,4
gauntlet/20261002-222138-scrim-g1sym/losses/CyrilSharma.finalBot__BedWars__botB.bc24,CyrilSharma.finalBot,1,B,g1sym,0,2000,MORE_FLAG_CAPTURES,2400,3800,222,9,4,231,10,1,9,109,50,36,200,163,582,347,45.8,10,9,1,0,15.0,47,29,9,1,0,4.68,2,6.54,46.6,46,2,1,1,1.000,46,3,1,,15.4,0
gauntlet/20261002-222138-scrim-g1sym/losses/CyrilSharma.finalBot__YearOfTheDragon__botA.bc24,CyrilSharma.finalBot,1,A,g1sym,0,2000,MORE_FLAG_CAPTURES,10800,10800,201,11,5,205,4,0,4,26,11,19,332,322,736,543,43.4,4,3,1,0,15.0,46,13,9,0,0,2.71,2,6.38,49.1,56,1,2,1,0.500,32,13,1,,15.4,0
gauntlet/20261002-222138-scrim-g1sym/losses/CyrilSharma.finalBot__YearOfTheDragon__botA.bc24,CyrilSharma.finalBot,0,B,finalBot,1,2000,MORE_FLAG_CAPTURES,10800,10800,201,21,13,233,22,2,19,180,99,4,644,638,543,736,41.1,22,9,13,0,24.4,39,1,3,7,0,4.85,0,5.99,39.9,0,0,,,,58,6,1,,25.0,3
gauntlet/20261002-222138-scrim-g1sym/losses/Gymhgy.v10official__DefaultMedium__botB.bc24,Gymhgy.v10official,0,A,v10official,1,2000,MORE_FLAG_CAPTURES,2900,4700,201,31,37,266,34,2,4,713,61,16,313,240,374,353,45.7,31,4,2,25,19.5,36,2,14,0,0,1.67,0,8.93,7.3,208,0,6,0,0.000,28,9,1,,25.1,634
gauntlet/20261002-222138-scrim-g1sym/losses/Gymhgy.v10official__DefaultMedium__botB.bc24,Gymhgy.v10official,1,B,g1sym,0,2000,MORE_FLAG_CAPTURES,2900,2900,201,5,1,345,16,0,16,359,175,4,214,180,353,374,45.5,16,14,2,0,29.1,42,2,4,1,0,1.77,2,4.18,48.2,84,2,,,,57,0,1,,22.8,0
gauntlet/20261002-222138-scrim-g1sym/losses/Gymhgy.v10official__Diagonal__botA.bc24,Gymhgy.v10official,1,A,g1sym,0,2000,LEVEL_SUM,5100,5100,201,16,23,408,2,0,2,22,11,0,254,172,207,199,47.6,2,2,0,0,29.5,35,0,0,0,0,0.00,0,1.09,55.4,,,,,,21,1,1,,15.1,0
gauntlet/20261002-222138-scrim-g1sym/losses/Gymhgy.v10official__Diagonal__botA.bc24,Gymhgy.v10official,0,B,v10official,1,2000,LEVEL_SUM,5100,5100,201,20,12,911,3,0,0,591,6,2,299,200,199,207,47.5,0,0,0,0,,29,0,2,0,0,0.95,0,0.00,3.8,16,0,,,,18,0,1,,25.1,209
gauntlet/20261002-222138-scrim-g1sym/losses/Gymhgy.v10official__Starfish__botA.bc24,Gymhgy.v10official,1,A,g1sym,0,510,CAPTURE,4100,4200,201,18,18,201,3,2,1,83,40,4,53,47,130,32,48.5,3,3,0,0,6.0,36,2,5,0,0,5.00,3,9.29,35.2,5,2,,,,1,0,1,,22.8,0
gauntlet/20261002-222138-scrim-g1sym/losses/Gymhgy.v10official__Starfish__botA.bc24,Gymhgy.v10official,0,B,v10official,1,510,CAPTURE,4100,4100,201,20,13,201,18,3,4,613,301,1,11,11,32,130,43.9,15,5,2,8,9.5,39,0,3,0,0,2.92,2,7.50,19.6,10,0,2,2,1.000,18,15,0,,25.0,1
gauntlet/20261002-222138-scrim-g1sym/losses/Gymhgy.v10official__HeMustBeFreed__botB.bc24,Gymhgy.v10official,0,A,v10official,1,2000,MORE_FLAG_CAPTURES,5900,18500,201,32,35,255,57,2,15,843,108,5,321,272,331,335,45.9,54,11,7,36,46.8,34,0,6,0,0,0.43,1,4.78,5.5,190,1,3,1,0.333,72,10,1,,25.1,40
gauntlet/20261002-222138-scrim-g1sym/losses/Gymhgy.v10official__HeMustBeFreed__botB.bc24,Gymhgy.v10official,1,B,g1sym,0,2000,MORE_FLAG_CAPTURES,2900,3100,201,10,5,628,6,1,5,225,127,15,181,170,335,331,46.0,6,6,0,0,44.6,26,7,11,0,0,1.33,2,0.89,34.1,160,2,1,0,0.000,108,4,1,,22.7,0
gauntlet/20261002-222138-scrim-g1sym/losses/IvanGeffner.kuma__Alien__botA.bc24,IvanGeffner.kuma,1,A,g1sym,0,474,CAPTURE,3300,3300,202,5,10,284,0,0,0,0,0,3,70,58,59,79,46.1,0,0,0,0,,40,3,3,0,0,5.11,3,0.00,41.9,23,0,,,,5,0,1,,22.8,0
gauntlet/20261002-222138-scrim-g1sym/losses/IvanGeffner.kuma__Alien__botA.bc24,IvanGeffner.kuma,0,B,kuma,1,474,CAPTURE,3300,3300,202,31,25,220,25,3,3,76,32,0,124,107,79,59,47.0,25,3,3,19,15.0,37,0,0,0,0,0.00,0,7.39,36.5,,,,,,3,0,0,,25.1,27
gauntlet/20261002-222138-scrim-g1sym/losses/Gymhgy.v10official__Starfish__botB.bc24,Gymhgy.v10official,0,A,v10official,1,2000,MORE_FLAG_CAPTURES,4100,4100,201,16,19,201,35,2,17,640,223,13,199,187,497,838,39.8,32,13,7,12,8.3,40,3,12,0,0,1.89,1,7.06,7.8,220,0,3,1,0.333,39,31,0,,25.1,79
gauntlet/20261002-222138-scrim-g1sym/losses/Gymhgy.v10official__Starfish__botB.bc24,Gymhgy.v10official,1,B,g1sym,0,2000,MORE_FLAG_CAPTURES,4100,4200,201,14,10,201,15,1,13,356,173,17,224,215,838,497,43.9,15,12,3,0,10.8,38,7,13,1,0,6.96,2,4.23,34.6,10,2,,,,76,27,1,,22.8,0
gauntlet/20261002-222138-scrim-g1sym/losses/IvanGeffner.kuma__StackGame__botB.bc24,IvanGeffner.kuma,0,A,kuma,1,866,CAPTURE,4600,4600,203,37,27,212,19,3,4,88,41,0,290,252,348,133,46.3,19,3,4,12,12.5,45,0,0,0,0,0.00,0,5.78,30.9,,,,,,6,0,1,,25.1,39
gauntlet/20261002-222138-scrim-g1sym/losses/IvanGeffner.kuma__StackGame__botB.bc24,IvanGeffner.kuma,1,B,g1sym,0,866,CAPTURE,4600,4600,282,0,1,0,0,0,0,0,0,4,121,102,133,348,40.4,0,0,0,0,,40,4,3,0,0,2.34,3,0.00,47.0,59,1,1,1,1.000,23,19,1,,22.8,0
gauntlet/20261002-222138-scrim-g1sym/losses/IvanGeffner.kuma__Capacitance__botA.bc24,IvanGeffner.kuma,1,A,g1sym,0,1032,CAPTURE,3600,4400,201,15,12,214,1,0,0,2,1,15,140,134,190,301,43.0,1,1,0,0,,47,11,9,0,0,1.86,3,17.50,45.7,92,1,1,0,0.000,42,10,1,,19.1,0
gauntlet/20261002-222138-scrim-g1sym/losses/IvanGeffner.kuma__Capacitance__botA.bc24,IvanGeffner.kuma,0,B,kuma,1,1032,CAPTURE,3600,5600,201,33,27,209,47,3,15,216,99,0,300,265,301,190,45.6,47,9,11,27,12.6,44,0,1,0,0,9.00,0,4.74,34.7,0,,,,,32,2,1,,25.1,36
gauntlet/20261002-222138-scrim-g1sym/losses/NotLLeon.v3__Decision__botB.bc24,NotLLeon.v3,0,A,v3,1,910,CAPTURE,1400,1500,202,16,15,240,32,3,19,716,337,19,115,107,126,155,45.9,32,8,14,10,19.3,26,6,14,0,0,1.03,0,8.51,18.2,410,0,5,0,0.000,71,50,0,,19.0,0
gauntlet/20261002-222138-scrim-g1sym/losses/NotLLeon.v3__Decision__botB.bc24,NotLLeon.v3,1,B,g1sym,0,910,CAPTURE,1900,2100,202,24,10,245,20,0,19,612,287,19,113,66,155,126,46.6,20,14,6,0,40.7,36,14,8,0,0,1.40,3,8.28,15.2,464,2,10,2,0.200,61,33,1,,22.8,0
gauntlet/20261002-222138-scrim-g1sym/losses/IvanGeffner.kuma__BigDucksBigPond__botA.bc24,IvanGeffner.kuma,1,A,g1sym,0,1875,CAPTURE,5100,6600,201,9,6,231,0,0,0,0,0,15,225,212,459,880,38.6,0,0,0,0,,47,9,10,0,0,1.83,3,0.00,44.3,143,2,4,3,0.750,64,30,1,,15.4,0
gauntlet/20261002-222138-scrim-g1sym/losses/IvanGeffner.kuma__BigDucksBigPond__botA.bc24,IvanGeffner.kuma,0,B,kuma,1,1875,CAPTURE,5100,7400,201,35,36,237,33,3,15,220,116,0,751,665,880,459,44.0,33,10,9,14,44.1,47,0,0,2,1,0.00,0,3.05,29.1,,,,,,58,0,1,,25.0,27
gauntlet/20261002-222138-scrim-g1sym/losses/IvanGeffner.kuma__Diagonal__botB.bc24,IvanGeffner.kuma,0,A,kuma,1,2000,LEVEL_SUM,5100,5100,201,24,44,221,9,0,5,12,4,2,314,247,248,143,48.2,9,3,2,4,29.4,39,0,2,0,0,1.97,0,0.42,41.5,0,0,,,,8,0,0,,25.1,27
gauntlet/20261002-222138-scrim-g1sym/losses/IvanGeffner.kuma__Diagonal__botB.bc24,IvanGeffner.kuma,1,B,g1sym,0,2000,LEVEL_SUM,5100,5100,201,8,0,393,2,0,2,29,12,5,242,163,143,248,47.0,2,2,0,0,27.0,34,2,3,0,0,3.00,0,3.14,67.2,0,0,,,,17,0,1,,22.8,0
gauntlet/20261002-222138-scrim-g1sym/losses/NotLLeon.v3__Foxes__botB.bc24,NotLLeon.v3,0,A,v3,1,446,CAPTURE,7500,7500,202,36,20,241,13,3,9,270,123,3,135,114,79,54,47.0,13,3,9,1,27.1,40,2,1,0,0,2.95,0,8.04,11.6,0,0,,,,1,0,0,,19.1,0
gauntlet/20261002-222138-scrim-g1sym/losses/NotLLeon.v3__Foxes__botB.bc24,NotLLeon.v3,1,B,g1sym,0,446,CAPTURE,7500,7500,205,11,9,239,3,0,3,21,9,9,111,54,54,79,45.8,3,1,2,0,22.0,34,9,3,0,0,2.03,3,3.29,36.2,148,3,4,3,0.750,6,0,1,,22.8,0
gauntlet/20261002-222138-scrim-g1sym/losses/NotLLeon.v3__Duck__botB.bc24,NotLLeon.v3,0,A,v3,1,1850,CAPTURE,2900,2900,201,39,33,232,81,3,70,1357,587,33,289,277,425,564,42.5,81,24,49,8,37.7,44,9,26,11,2,0.78,2,5.86,9.1,590,2,11,2,0.182,150,88,1,,20.8,0
gauntlet/20261002-222138-scrim-g1sym/losses/NotLLeon.v3__Duck__botB.bc24,NotLLeon.v3,1,B,g1sym,0,1850,CAPTURE,2900,2900,201,23,39,260,35,2,33,842,397,70,287,225,564,425,44.4,35,26,9,0,42.3,46,49,24,4,2,1.60,3,4.40,21.5,876,2,13,2,0.154,94,8,1,,15.4,0
gauntlet/20261002-222138-scrim-g1sym/losses/NotLLeon.v3__FloodGates__botA.bc24,NotLLeon.v3,1,A,g1sym,0,2000,MORE_FLAG_CAPTURES,500,1700,356,0,0,362,0,0,0,0,0,13,214,182,483,342,45.9,0,0,0,0,,24,12,3,0,0,6.57,2,0.00,29.8,80,2,3,1,0.333,5,1,1,,22.8,0
gauntlet/20261002-222138-scrim-g1sym/losses/NotLLeon.v3__FloodGates__botA.bc24,NotLLeon.v3,0,B,v3,1,2000,MORE_FLAG_CAPTURES,500,1700,216,17,24,275,57,2,13,451,138,0,217,209,342,483,44.1,57,3,12,42,11.7,26,0,0,0,0,0.00,0,18.44,13.9,,,,,,3,0,0,,22.2,0
gauntlet/20261002-222138-scrim-g1sym/losses/NotLLeon.v3__Hurricane__botB.bc24,NotLLeon.v3,0,A,v3,1,2000,LEVEL_SUM,4500,4500,201,21,44,225,52,1,50,444,218,25,215,191,167,183,47.8,52,23,29,0,19.5,40,4,22,5,0,1.58,1,1.68,7.2,165,1,3,1,0.333,58,10,0,,18.5,0
gauntlet/20261002-222138-scrim-g1sym/losses/NotLLeon.v3__Hurricane__botB.bc24,NotLLeon.v3,1,B,g1sym,0,2000,LEVEL_SUM,4500,4500,201,29,24,230,26,1,25,295,130,50,223,175,183,167,47.9,26,22,4,0,15.7,45,29,23,0,0,1.38,1,2.32,52.8,232,1,3,1,0.333,39,1,1,,15.5,0
gauntlet/20261002-222138-scrim-g1sym/losses/NotLLeon.v3__Rainbow__botA.bc24,NotLLeon.v3,1,A,g1sym,0,2000,MORE_FLAG_CAPTURES,6000,6000,201,13,5,302,1,0,1,18,9,39,251,239,441,548,43.3,1,1,0,0,24.0,44,23,18,0,0,4.90,2,1.17,33.9,75,1,2,2,1.000,51,9,1,,15.4,0
gauntlet/20261002-222138-scrim-g1sym/losses/NotLLeon.v3__Rainbow__botA.bc24,NotLLeon.v3,0,B,v3,1,2000,MORE_FLAG_CAPTURES,6000,6000,201,10,30,328,44,2,39,192,78,1,364,346,548,441,44.6,44,18,23,3,32.4,46,0,1,2,0,1.28,0,6.79,10.4,0,0,,,,35,1,1,,22.3,0
gauntlet/20261002-222138-scrim-g1sym/losses/SampleProvider.TSPAARKSPRINT1__EndAround__botB.bc24,SampleProvider.TSPAARKSPRINT1,0,A,TSPAARKSPRINT1,1,2000,MORE_FLAG_CAPTURES,2500,5800,324,0,0,340,56,2,50,1049,500,35,104,97,165,930,38.6,53,24,29,0,25.2,44,13,24,17,1,1.42,1,6.00,13.5,1005,1,18,1,0.056,386,306,0,0,20.6,0
gauntlet/20261002-222138-scrim-g1sym/losses/SampleProvider.TSPAARKSPRINT1__EndAround__botB.bc24,SampleProvider.TSPAARKSPRINT1,1,B,g1sym,0,2000,MORE_FLAG_CAPTURES,1900,4300,202,36,45,223,37,1,35,1755,860,50,391,357,930,165,48.0,37,24,13,0,22.2,47,29,24,5,1,1.24,2,7.43,29.3,287,1,8,1,0.125,47,5,1,,22.8,0
gauntlet/20261002-222138-scrim-g1sym/losses/SampleProvider.TSPAARKSPRINT1__EndAround__botA.bc24,SampleProvider.TSPAARKSPRINT1,1,A,g1sym,0,2000,MORE_FLAG_CAPTURES,2500,4600,203,37,44,226,18,1,17,1071,525,77,241,230,551,152,48.1,18,18,0,0,14.8,47,38,41,0,1,2.09,2,2.76,47.5,284,0,5,1,0.200,51,3,1,,22.8,0
gauntlet/20261002-222138-scrim-g1sym/losses/SampleProvider.TSPAARKSPRINT1__EndAround__botA.bc24,SampleProvider.TSPAARKSPRINT1,0,B,TSPAARKSPRINT1,1,2000,MORE_FLAG_CAPTURES,2500,7000,250,1,7,272,82,2,77,1131,587,17,117,93,152,551,43.3,79,41,38,0,22.4,42,0,18,19,2,1.28,1,4.94,16.5,493,0,18,1,0.056,146,56,0,0,20.9,0
gauntlet/20261002-222138-scrim-g1sym/losses/SampleProvider.TSPAARKSPRINT1__English__botA.bc24,SampleProvider.TSPAARKSPRINT1,1,A,g1sym,0,672,CAPTURE,10900,10900,201,26,29,298,3,1,2,113,46,14,119,76,67,21,49.2,3,3,0,0,43.5,47,11,6,0,0,1.13,3,2.43,49.6,208,3,3,3,1.000,7,0,1,,15.6,0
gauntlet/20261002-222138-scrim-g1sym/losses/SampleProvider.TSPAARKSPRINT1__English__botA.bc24,SampleProvider.TSPAARKSPRINT1,0,B,TSPAARKSPRINT1,1,672,CAPTURE,10900,10900,201,27,20,234,20,3,14,666,216,2,28,24,21,67,47.3,17,6,11,0,30.4,39,0,3,0,0,0.81,1,12.81,16.1,67,1,1,1,1.000,30,15,1,1,19.1,0
gauntlet/20261002-222138-scrim-g1sym/losses/SampleProvider.TSPAARKSPRINT1__KingQuacksCastle__botB.bc24,SampleProvider.TSPAARKSPRINT1,0,A,TSPAARKSPRINT1,1,1547,CAPTURE,1600,11000,208,9,25,268,98,3,92,1005,474,29,92,91,186,598,40.6,95,35,60,0,19.1,39,5,26,21,3,2.17,2,6.71,15.5,124,0,6,2,0.333,167,104,0,0,22.0,0
gauntlet/20261002-222138-scrim-g1sym/losses/SampleProvider.TSPAARKSPRINT1__KingQuacksCastle__botB.bc24,SampleProvider.TSPAARKSPRINT1,1,B,g1sym,0,1547,CAPTURE,1600,2900,204,18,29,227,31,2,29,390,175,92,218,208,598,186,47.1,31,26,5,0,19.9,48,60,35,0,0,2.98,3,4.66,39.9,98,0,4,0,0.000,40,3,1,,22.8,0
gauntlet/20261002-222138-scrim-g1sym/losses/SampleProvider.TSPAARKSPRINT1__Swoop__botA.bc24,SampleProvider.TSPAARKSPRINT1,1,A,g1sym,0,1947,CAPTURE,4300,4300,201,35,33,224,34,2,32,591,259,59,441,407,950,211,47.4,34,20,14,0,30.6,47,33,29,3,0,8.12,3,5.77,37.2,331,0,10,2,0.200,55,14,1,,15.3,0
gauntlet/20261002-222138-scrim-g1sym/losses/SampleProvider.TSPAARKSPRINT1__Swoop__botA.bc24,SampleProvider.TSPAARKSPRINT1,0,B,TSPAARKSPRINT1,1,1947,CAPTURE,4300,4300,201,28,27,215,65,3,59,1700,907,32,97,95,211,950,38.0,62,29,33,0,23.7,42,14,20,11,1,2.59,2,6.61,14.3,193,1,9,2,0.222,344,293,1,1,22.4,0
gauntlet/20261002-222138-scrim-g1sym/losses/SampleProvider.TSPAARKSPRINT1__WheresMyWater__botB.bc24,SampleProvider.TSPAARKSPRINT1,0,A,TSPAARKSPRINT1,1,1084,CAPTURE,3000,4800,201,0,3,201,27,3,21,680,223,4,39,34,58,327,42.6,24,11,13,0,15.4,39,0,6,0,0,4.62,2,9.41,15.9,37,0,1,0,0.000,78,47,1,1,25.1,2
gauntlet/20261002-222138-scrim-g1sym/losses/SampleProvider.TSPAARKSPRINT1__WheresMyWater__botB.bc24,SampleProvider.TSPAARKSPRINT1,1,B,g1sym,0,1084,CAPTURE,3000,3600,201,20,27,201,6,2,4,108,52,21,170,166,327,58,48.7,6,6,0,0,17.3,41,13,11,0,0,1.80,3,9.27,31.0,100,1,2,1,0.500,16,4,1,,15.3,0
gauntlet/20261002-222138-scrim-g1sym/losses/Strequals.duck0127v5__Canals__botA.bc24,Strequals.duck0127v5,1,A,g1sym,0,940,CAPTURE,4600,4600,216,2,0,518,2,0,2,7,1,14,131,116,131,311,42.0,2,1,1,0,16.0,47,5,12,0,0,1.55,3,2.14,38.0,161,1,4,3,0.750,16,4,1,,19.2,0
gauntlet/20261002-222138-scrim-g1sym/losses/Strequals.duck0127v5__Canals__botA.bc24,Strequals.duck0127v5,0,B,duck0127v5,1,940,CAPTURE,4600,5900,203,7,11,392,17,3,14,249,117,2,319,291,311,131,46.7,17,12,5,0,30.9,46,1,1,0,0,6.00,0,9.21,30.7,0,0,,,,24,0,1,,25.1,1
gauntlet/20261002-222138-scrim-g1sym/losses/Strequals.duck0127v5__Skyline__botB.bc24,Strequals.duck0127v5,0,A,duck0127v5,1,985,CAPTURE,21600,21600,208,4,4,325,15,3,12,160,77,10,337,322,200,158,46.1,15,7,8,0,17.7,43,3,8,0,0,1.86,1,9.91,35.7,29,1,1,1,1.000,27,1,0,,20.6,0
gauntlet/20261002-222138-scrim-g1sym/losses/Strequals.duck0127v5__Skyline__botB.bc24,Strequals.duck0127v5,1,B,g1sym,0,985,CAPTURE,21600,21600,201,23,30,291,11,1,10,69,25,12,282,258,158,200,45.1,11,8,3,0,16.8,45,8,7,0,0,1.29,3,4.80,39.8,95,0,3,2,0.667,24,6,1,,15.3,0
gauntlet/20261002-222138-scrim-g1sym/losses/Strequals.duck0127v5__Foxes__botB.bc24,Strequals.duck0127v5,0,A,duck0127v5,1,1586,CAPTURE,7500,7500,230,7,18,281,10,3,7,303,148,7,528,486,538,269,45.9,10,6,4,0,31.4,33,0,8,1,1,1.24,1,10.64,30.0,102,0,2,1,0.500,23,3,0,,25.0,4
gauntlet/20261002-222138-scrim-g1sym/losses/Strequals.duck0127v5__Foxes__botB.bc24,Strequals.duck0127v5,1,B,g1sym,0,1586,CAPTURE,7500,7500,202,25,24,270,8,1,7,157,69,7,230,192,269,538,41.7,8,8,0,0,28.9,39,4,6,0,0,1.31,3,4.31,38.1,229,1,3,3,1.000,47,16,1,,22.8,0
gauntlet/20261002-222138-scrim-g1sym/losses/Strequals.duck0127v5__Divergent__botA.bc24,Strequals.duck0127v5,1,A,g1sym,0,2000,LEVEL_SUM,3700,3700,203,5,3,529,8,0,8,64,30,35,219,186,220,434,44.7,8,6,2,0,30.3,44,15,22,1,0,1.39,0,1.55,36.3,164,0,1,0,0.000,52,7,1,,15.3,0
gauntlet/20261002-222138-scrim-g1sym/losses/Strequals.duck0127v5__Divergent__botA.bc24,Strequals.duck0127v5,0,B,duck0127v5,1,2000,LEVEL_SUM,3700,3700,203,16,19,257,37,0,35,359,239,8,424,351,434,220,47.3,37,22,15,0,30.4,27,2,6,6,0,1.31,0,3.21,29.0,20,0,1,0,0.000,65,1,0,,22.0,0
gauntlet/20261002-222138-scrim-g1sym/losses/andli28.v9_USQuals_angle__AceOfSpades__botB.bc24,andli28.v9_USQuals_angle,0,A,v9_USQuals_angle,1,902,CAPTURE,1800,18900,202,18,11,242,18,3,15,182,84,10,374,306,328,146,46.0,18,5,13,0,20.5,42,3,8,0,0,3.40,1,5.34,12.1,32,1,1,1,1.000,32,5,0,1,25.0,1
gauntlet/20261002-222138-scrim-g1sym/losses/andli28.v9_USQuals_angle__AceOfSpades__botB.bc24,andli28.v9_USQuals_angle,1,B,g1sym,0,902,CAPTURE,1800,2700,202,23,25,234,11,1,10,81,34,15,118,109,146,328,41.3,11,8,3,0,19.9,44,13,5,0,0,2.66,3,5.04,35.6,95,2,2,2,1.000,36,11,1,,22.8,0
gauntlet/20261002-222138-scrim-g1sym/losses/Strequals.duck0127v5__Soccer__botA.bc24,Strequals.duck0127v5,1,A,g1sym,0,812,CAPTURE,3000,3000,218,10,12,237,8,0,8,94,42,13,102,78,112,179,44.7,8,7,1,0,28.8,34,6,10,0,0,1.64,3,3.05,30.3,188,1,6,3,0.500,14,8,0,,22.8,0
gauntlet/20261002-222138-scrim-g1sym/losses/Strequals.duck0127v5__Soccer__botA.bc24,Strequals.duck0127v5,0,B,duck0127v5,1,812,CAPTURE,3000,3200,206,20,39,262,16,3,13,353,175,8,216,192,179,112,46.7,16,10,6,0,28.2,32,1,7,0,0,2.46,0,9.30,28.6,33,0,1,0,0.000,12,2,0,,21.0,0
gauntlet/20261002-222138-scrim-g1sym/losses/andli28.v9_USQuals_angle__QuestionableChess__botA.bc24,andli28.v9_USQuals_angle,1,A,g1sym,0,691,CAPTURE,0,0,201,13,23,301,0,0,0,0,0,25,42,41,107,133,45.5,0,0,0,0,,37,20,8,0,0,3.97,3,0.00,34.8,79,1,2,2,1.000,13,6,1,,22.8,0
gauntlet/20261002-222138-scrim-g1sym/losses/andli28.v9_USQuals_angle__QuestionableChess__botA.bc24,andli28.v9_USQuals_angle,0,B,v9_USQuals_angle,1,691,CAPTURE,0,0,204,1,12,262,28,3,25,166,68,0,88,57,133,107,46.3,28,8,20,0,15.5,19,0,0,0,0,0.00,0,4.18,19.8,,,,,,16,0,0,0,25.1,5
gauntlet/20261002-222138-scrim-g1sym/losses/andli28.v9_USQuals_angle__Funnel__botB.bc24,andli28.v9_USQuals_angle,0,A,v9_USQuals_angle,1,1413,CAPTURE,2200,4500,202,21,19,339,15,3,12,474,229,3,449,400,436,178,47.0,15,7,8,0,46.8,36,2,1,3,1,3.33,0,2.36,14.5,0,0,,,,36,0,1,1,25.0,2
gauntlet/20261002-222138-scrim-g1sym/losses/andli28.v9_USQuals_angle__Funnel__botB.bc24,andli28.v9_USQuals_angle,1,B,g1sym,0,1413,CAPTURE,2200,3400,201,19,27,875,3,0,3,6,2,12,166,155,178,436,42.6,3,1,2,0,48.7,39,8,7,0,0,0.74,3,4.50,34.5,356,2,5,3,0.600,47,6,1,,19.0,0
gauntlet/20261002-222138-scrim-g1sym/losses/andli28.v9_USQuals_angle__SteamboatMickey__botB.bc24,andli28.v9_USQuals_angle,0,A,v9_USQuals_angle,1,1388,CAPTURE,7300,18100,201,20,26,201,13,3,10,244,118,4,533,434,453,227,46.0,13,7,6,0,34.8,42,1,4,2,1,1.83,1,2.83,10.0,49,1,1,1,1.000,54,1,1,1,25.0,3
gauntlet/20261002-222138-scrim-g1sym/losses/andli28.v9_USQuals_angle__SteamboatMickey__botB.bc24,andli28.v9_USQuals_angle,1,B,g1sym,0,1388,CAPTURE,7300,8500,201,28,26,201,5,1,4,76,33,10,219,210,227,453,42.1,5,4,1,0,28.8,41,6,7,0,0,0.52,3,4.57,29.3,210,2,3,3,1.000,33,2,1,,15.5,0
gauntlet/20261002-222138-scrim-g1sym/losses/andli28.v9_USQuals_angle__Gated__botA.bc24,andli28.v9_USQuals_angle,1,A,g1sym,0,2000,MORE_FLAG_CAPTURES,1500,1600,203,5,1,348,1,0,1,26,12,7,205,176,232,497,43.9,1,1,0,0,18.0,35,5,4,0,0,1.91,2,0.00,40.1,57,0,2,2,1.000,31,10,1,,22.8,0
gauntlet/20261002-222138-scrim-g1sym/losses/andli28.v9_USQuals_angle__Gated__botA.bc24,andli28.v9_USQuals_angle,0,B,v9_USQuals_angle,1,2000,MORE_FLAG_CAPTURES,1400,3200,208,34,37,228,9,2,7,89,42,1,363,314,497,232,47.2,9,4,5,0,21.7,32,0,1,0,0,0.46,0,2.34,16.0,19,0,1,0,0.000,18,0,0,0,25.0,1
gauntlet/20261002-222138-scrim-g1sym/losses/andli28.v9_USQuals_angle__Occulus__botA.bc24,andli28.v9_USQuals_angle,1,A,g1sym,0,1043,CAPTURE,1800,2100,201,20,21,218,0,0,0,0,0,19,123,105,205,288,43.4,0,0,0,0,,39,16,6,0,0,3.80,3,0.00,35.9,69,1,3,2,0.667,15,4,1,,22.8,0
gauntlet/20261002-222138-scrim-g1sym/losses/andli28.v9_USQuals_angle__Occulus__botA.bc24,andli28.v9_USQuals_angle,0,B,v9_USQuals_angle,1,1043,CAPTURE,1800,9300,201,12,11,323,22,3,19,199,87,0,331,284,288,205,45.2,22,6,16,0,17.1,35,0,0,0,0,0.00,0,7.59,17.3,,,,,,22,0,1,1,25.0,5
gauntlet/20261002-222138-scrim-g1sym/losses/andrewgopher.player22__Fountain__botA.bc24,andrewgopher.player22,1,A,g1sym,0,1828,CAPTURE,1700,2400,259,0,6,344,10,1,9,52,21,22,188,184,936,485,43.5,10,7,3,0,14.0,44,10,15,0,0,2.92,3,4.17,30.1,85,2,4,3,0.750,73,16,0,,22.8,0
gauntlet/20261002-222138-scrim-g1sym/losses/andrewgopher.player22__Fountain__botA.bc24,andrewgopher.player22,0,B,player22,1,1828,CAPTURE,1700,3000,208,22,14,222,28,3,22,207,100,9,179,175,485,936,37.5,25,15,10,0,20.2,42,3,7,0,2,1.63,1,5.68,14.3,13,0,,,,175,80,0,0,25.1,17
gauntlet/20261002-222138-scrim-g1sym/losses/andrewgopher.player22__Divergent__botB.bc24,andrewgopher.player22,0,A,player22,1,2000,MORE_FLAG_CAPTURES,3600,3600,204,37,16,226,23,2,18,278,130,1,293,259,501,597,42.7,20,13,7,0,21.6,43,0,1,0,1,1.23,0,2.62,9.5,2,0,,,,110,13,0,0,25.1,194
gauntlet/20261002-222138-scrim-g1sym/losses/andrewgopher.player22__Divergent__botB.bc24,andrewgopher.player22,1,B,g1sym,0,2000,MORE_FLAG_CAPTURES,3700,3700,203,2,0,579,1,0,1,13,6,18,221,194,597,501,44.0,1,1,0,0,33.0,45,7,13,0,0,1.05,2,0.00,38.2,196,2,2,2,1.000,47,8,1,,15.2,0
gauntlet/20261002-222138-scrim-g1sym/losses/andrewgopher.player22__StackGame__botA.bc24,andrewgopher.player22,1,A,g1sym,0,493,CAPTURE,4600,4600,201,0,0,323,2,0,2,8,3,4,81,66,141,118,44.2,2,2,0,0,21.5,44,4,3,0,0,4.04,3,0.00,41.7,63,1,1,1,1.000,7,0,1,,22.8,0
gauntlet/20261002-222138-scrim-g1sym/losses/andrewgopher.player22__StackGame__botA.bc24,andrewgopher.player22,0,B,player22,1,493,CAPTURE,4600,4600,202,38,30,219,10,3,4,111,54,2,108,100,118,141,43.2,7,3,4,0,15.3,42,0,2,0,0,1.00,0,10.55,20.8,1,0,,,,14,0,0,0,25.0,8
gauntlet/20261002-222138-scrim-g1sym/losses/andrewgopher.player22__Snake__botA.bc24,andrewgopher.player22,1,A,g1sym,0,1878,CAPTURE,13100,26300,203,22,15,256,1,0,1,13,6,4,404,380,713,966,37.5,1,1,0,0,30.0,47,3,4,0,0,0.35,3,0.00,43.5,1430,3,5,2,0.400,83,21,1,,22.8,0
gauntlet/20261002-222138-scrim-g1sym/losses/andrewgopher.player22__Snake__botA.bc24,andrewgopher.player22,0,B,player22,1,1878,CAPTURE,13100,35300,204,15,25,259,24,3,4,1497,770,1,690,643,966,713,40.8,21,4,3,14,28.3,45,0,1,1,2,1.31,0,4.14,23.0,3,0,,,,84,4,0,0,25.0,93
gauntlet/20261002-222138-scrim-g1sym/losses/andrewgopher.player22__Yinyang__botB.bc24,andrewgopher.player22,0,A,player22,1,903,CAPTURE,2900,3200,201,33,15,216,22,3,16,151,64,4,154,148,305,443,38.1,19,7,12,0,16.3,50,1,5,0,0,1.94,2,10.82,18.1,52,0,2,2,1.000,75,33,1,1,25.1,28
gauntlet/20261002-222138-scrim-g1sym/losses/andrewgopher.player22__Yinyang__botB.bc24,andrewgopher.player22,1,B,g1sym,0,903,CAPTURE,2900,3200,201,0,0,428,6,2,4,119,56,16,125,117,443,305,42.0,6,5,1,0,10.0,47,12,7,0,0,3.52,3,11.63,33.8,49,1,2,1,0.500,45,16,1,,15.5,0
gauntlet/20261002-222138-scrim-g1sym/losses/chenyx512.flagbot_final__Alligator__botA.bc24,chenyx512.flagbot_final,1,A,g1sym,0,1179,CAPTURE,3300,4500,201,11,7,307,0,0,0,0,0,12,143,142,154,745,34.8,0,0,0,0,,34,10,5,0,0,4.42,3,0.00,45.4,67,1,4,3,0.750,68,69,1,,15.3,0
gauntlet/20261002-222138-scrim-g1sym/losses/chenyx512.flagbot_final__Alligator__botA.bc24,chenyx512.flagbot_final,0,B,flagbot_final,1,1179,CAPTURE,3300,8100,201,33,30,229,18,3,12,786,308,0,491,405,745,154,46.8,15,5,10,0,14.5,34,0,0,0,0,0.00,0,9.64,32.8,,,,,,3,0,1,1,22.6,0
gauntlet/20261002-222138-scrim-g1sym/losses/andrewgopher.player22__WheresMyWater__botA.bc24,andrewgopher.player22,1,A,g1sym,0,2000,MORE_FLAG_CAPTURES,3000,3300,201,0,0,201,4,1,3,13,10,2,224,207,704,680,41.7,4,1,3,0,7.7,43,1,3,3,1,3.15,2,9.15,32.0,12,0,,,,119,92,1,,22.8,0
gauntlet/20261002-222138-scrim-g1sym/losses/andrewgopher.player22__WheresMyWater__botA.bc24,andrewgopher.player22,0,B,player22,1,2000,MORE_FLAG_CAPTURES,3000,6000,201,33,32,201,9,2,2,57,24,3,300,286,680,704,41.5,6,3,1,2,17.5,41,3,1,0,0,2.15,1,8.31,11.3,2,1,,,,86,21,1,1,25.1,71
gauntlet/20261002-222138-scrim-g1sym/losses/chenyx512.flagbot_final__Bunkers__botA.bc24,chenyx512.flagbot_final,1,A,g1sym,0,653,CAPTURE,2800,2800,201,10,5,270,3,1,2,84,40,9,81,75,33,183,43.5,3,3,0,0,16.0,46,6,6,0,0,1.76,3,2.86,32.8,88,2,3,3,1.000,32,21,1,,15.4,0
gauntlet/20261002-222138-scrim-g1sym/losses/chenyx512.flagbot_final__Bunkers__botA.bc24,chenyx512.flagbot_final,0,B,flagbot_final,1,653,CAPTURE,2800,2800,201,20,25,225,15,3,9,734,275,2,131,99,183,33,48.7,12,6,6,0,19.2,46,0,3,0,0,2.00,1,6.28,22.2,37,0,1,1,1.000,2,0,1,1,19.3,0
gauntlet/20261002-222138-scrim-g1sym/losses/chenyx512.flagbot_final__CH3353C4K3F4CT0RY__botB.bc24,chenyx512.flagbot_final,0,A,flagbot_final,1,994,CAPTURE,13000,13400,209,11,21,254,23,3,17,778,318,6,543,439,442,109,47.2,20,9,11,0,21.5,41,0,6,0,0,2.83,0,9.03,25.9,6,0,,,,7,0,0,0,19.4,0
gauntlet/20261002-222138-scrim-g1sym/losses/chenyx512.flagbot_final__CH3353C4K3F4CT0RY__botB.bc24,chenyx512.flagbot_final,1,B,g1sym,0,994,CAPTURE,13000,13000,202,27,27,270,6,0,6,29,10,17,224,217,109,442,39.3,6,6,0,0,25.7,41,11,9,0,0,3.51,3,1.28,36.6,82,1,3,2,0.667,35,11,1,,22.8,0
gauntlet/20261002-222138-scrim-g1sym/losses/chenyx512.flagbot_final__KingQuacksCastle__botB.bc24,chenyx512.flagbot_final,0,A,flagbot_final,1,645,CAPTURE,1600,12700,208,20,21,240,8,3,2,742,301,0,219,158,168,31,48.7,5,3,2,0,22.0,46,0,0,0,0,0.00,0,6.91,25.5,,,,,,5,0,0,0,19.1,0
gauntlet/20261002-222138-scrim-g1sym/losses/chenyx512.flagbot_final__KingQuacksCastle__botB.bc24,chenyx512.flagbot_final,1,B,g1sym,0,645,CAPTURE,1600,2100,204,20,20,0,0,0,0,0,0,2,72,64,31,168,43.7,0,0,0,0,,48,2,3,0,0,1.01,3,0.00,37.5,114,3,3,3,1.000,11,5,1,,22.8,0
gauntlet/20261002-222138-scrim-g1sym/losses/chenyx512.flagbot_final__Intercontinental__botA.bc24,chenyx512.flagbot_final,1,A,g1sym,0,1319,CAPTURE,2400,3300,201,6,2,305,15,2,13,340,156,8,110,108,114,521,40.4,15,14,1,0,16.8,46,4,7,0,0,1.15,3,4.39,31.1,124,2,3,3,1.000,91,29,1,,18.9,0
gauntlet/20261002-222138-scrim-g1sym/losses/chenyx512.flagbot_final__Intercontinental__botA.bc24,chenyx512.flagbot_final,0,B,flagbot_final,1,1319,CAPTURE,2400,6000,201,4,21,304,14,3,8,754,286,13,205,152,521,114,47.8,11,7,4,0,22.3,44,1,14,1,1,1.72,2,10.41,18.9,169,1,6,2,0.333,16,1,1,1,21.5,0
gauntlet/20261002-222138-scrim-g1sym/losses/clbarrell.duck8__Fountain__botA.bc24,clbarrell.duck8,1,A,g1sym,0,498,CAPTURE,1700,2900,207,13,10,220,1,0,1,68,34,7,43,40,95,74,46.4,1,1,0,0,19.0,43,7,3,0,0,1.80,3,7.63,24.5,61,0,3,3,1.000,15,3,1,,22.8,0
gauntlet/20261002-222138-scrim-g1sym/losses/clbarrell.duck8__Fountain__botA.bc24,clbarrell.duck8,0,B,duck8,1,498,CAPTURE,1700,2500,211,22,2,228,10,3,7,132,59,1,63,34,74,95,45.4,10,3,7,0,18.9,35,0,1,0,0,2.59,0,13.67,34.2,17,0,1,0,0.000,5,1,0,,12.4,0
gauntlet/20261002-222138-scrim-g1sym/losses/chenyx512.flagbot_final__OceanFloor__botB.bc24,chenyx512.flagbot_final,0,A,flagbot_final,1,686,CAPTURE,1400,1400,201,42,38,220,13,3,7,891,369,8,106,80,128,44,48.3,10,9,1,0,36.6,47,0,9,0,0,2.03,0,5.51,20.1,103,0,3,0,0.000,10,1,1,1,18.5,0
gauntlet/20261002-222138-scrim-g1sym/losses/chenyx512.flagbot_final__OceanFloor__botB.bc24,chenyx512.flagbot_final,1,B,g1sym,0,686,CAPTURE,1400,1400,201,17,19,268,9,0,8,209,97,7,69,67,44,128,45.4,9,9,0,0,45.6,47,1,9,0,0,0.88,3,5.89,25.2,224,2,4,3,0.750,35,5,1,,15.5,0
gauntlet/20261002-222138-scrim-g1sym/losses/clbarrell.duck8__Diagonal__botB.bc24,clbarrell.duck8,0,A,duck8,1,2000,MORE_FLAG_CAPTURES,5100,5100,201,31,21,242,5,1,4,86,38,12,300,215,288,678,41.7,5,1,4,0,36.3,38,2,10,0,0,0.67,0,9.72,31.3,371,0,6,0,0.000,42,32,1,,13.5,0
gauntlet/20261002-222138-scrim-g1sym/losses/clbarrell.duck8__Diagonal__botB.bc24,clbarrell.duck8,1,B,g1sym,0,2000,MORE_FLAG_CAPTURES,5100,5100,201,14,16,256,12,0,12,507,174,4,282,206,678,288,46.5,12,10,2,0,19.8,34,4,1,1,0,2.83,1,4.01,45.1,65,0,1,1,1.000,21,0,1,,15.4,0
gauntlet/20261002-222138-scrim-g1sym/losses/hsmalladi.finalbot__HungerGames__botB.bc24,hsmalladi.finalbot,0,A,finalbot,1,370,CAPTURE,700,16600,208,24,21,238,13,3,4,717,65,0,189,161,35,28,48.1,10,4,3,3,12.3,47,0,1,0,0,0.00,0,11.22,16.9,11,,,,,6,1,0,,25.1,85
gauntlet/20261002-222138-scrim-g1sym/losses/hsmalladi.finalbot__HungerGames__botB.bc24,hsmalladi.finalbot,1,B,g1sym,0,370,CAPTURE,500,5400,203,12,6,353,1,0,0,10,4,4,75,63,28,35,47.6,1,1,0,0,,46,3,4,0,0,2.07,3,10.60,42.8,61,2,2,0,0.000,3,2,1,,22.8,0
gauntlet/20261002-222138-scrim-g1sym/losses/dmtrung14.defaultplayer_intlqualifier__GaltonBoard__botB.bc24,dmtrung14.defaultplayer_intlqualifier,0,A,defaultplayer_intlqualifier,1,2000,MORE_FLAG_CAPTURES,0,1100,201,13,18,225,26,2,8,319,4,26,75,64,109,1206,35.3,23,5,5,13,14.1,38,5,23,0,0,1.36,1,11.64,32.0,615,0,19,1,0.053,79,52,0,0,25.1,1434
gauntlet/20261002-222138-scrim-g1sym/losses/dmtrung14.defaultplayer_intlqualifier__GaltonBoard__botB.bc24,dmtrung14.defaultplayer_intlqualifier,1,B,g1sym,0,2000,MORE_FLAG_CAPTURES,0,2500,205,11,11,238,28,1,26,1653,885,8,211,176,1206,109,48.7,28,23,5,0,17.6,38,5,5,1,1,7.08,2,4.11,70.0,10,2,,,,13,3,1,,15.2,0
gauntlet/20261002-222138-scrim-g1sym/losses/clbarrell.duck8__Whirlpool__botA.bc24,clbarrell.duck8,1,A,g1sym,0,2000,MORE_FLAG_CAPTURES,2800,2800,201,3,11,281,2,0,2,259,127,9,251,194,1041,387,45.3,2,1,1,0,6.5,45,6,4,0,0,5.11,1,4.95,29.8,9,0,1,1,1.000,33,2,1,,15.4,0
gauntlet/20261002-222138-scrim-g1sym/losses/clbarrell.duck8__Whirlpool__botA.bc24,clbarrell.duck8,0,B,duck8,1,2000,MORE_FLAG_CAPTURES,2800,7200,201,15,23,265,10,1,9,66,25,2,285,246,387,1041,37.4,10,4,6,0,19.9,37,1,1,0,0,0.33,0,11.61,33.7,244,0,1,0,0.000,61,40,1,,13.3,0
gauntlet/20261002-222138-scrim-g1sym/losses/hsmalladi.finalbot__BreadPudding__botB.bc24,hsmalladi.finalbot,0,A,finalbot,1,1422,CAPTURE,2600,2900,210,4,19,284,31,3,21,786,99,5,200,193,324,385,43.4,28,4,20,4,9.9,42,0,6,16,1,0.83,1,11.25,28.3,218,1,3,1,0.333,13,2,0,,25.0,68
gauntlet/20261002-222138-scrim-g1sym/losses/hsmalladi.finalbot__BreadPudding__botB.bc24,hsmalladi.finalbot,1,B,g1sym,0,1422,CAPTURE,2600,2900,202,8,8,285,6,1,5,290,132,21,150,126,385,324,44.5,6,6,0,0,19.2,46,20,4,0,1,7.17,3,4.19,41.5,37,0,2,1,0.500,16,1,1,,22.8,0
gauntlet/20261002-222138-scrim-g1sym/losses/dmtrung14.defaultplayer_intlqualifier__Foxes__botB.bc24,dmtrung14.defaultplayer_intlqualifier,0,A,defaultplayer_intlqualifier,1,2000,MORE_FLAG_CAPTURES,7500,7500,202,8,25,225,27,2,3,416,87,10,104,88,34,326,46.0,24,4,1,19,29.0,32,3,7,1,2,1.03,0,4.88,29.5,469,0,6,0,0.000,59,14,0,0,25.1,257
gauntlet/20261002-222138-scrim-g1sym/losses/dmtrung14.defaultplayer_intlqualifier__Foxes__botB.bc24,dmtrung14.defaultplayer_intlqualifier,1,B,g1sym,0,2000,MORE_FLAG_CAPTURES,7500,7500,202,13,9,282,10,0,10,663,319,3,220,133,326,34,49.6,10,7,3,0,23.6,37,1,4,1,0,1.20,2,2.37,61.2,74,2,1,0,0.000,18,0,1,,22.8,0
gauntlet/20261002-222138-scrim-g1sym/losses/dmtrung14.defaultplayer_intlqualifier__Klein__botA.bc24,dmtrung14.defaultplayer_intlqualifier,1,A,g1sym,0,2000,LEVEL_SUM,5600,5900,202,10,11,201,0,0,0,0,0,0,161,2,159,6,49.9,0,0,0,0,,48,0,0,0,0,0.00,0,0.00,75.6,,,,,,2,0,1,,15.8,0
gauntlet/20261002-222138-scrim-g1sym/losses/dmtrung14.defaultplayer_intlqualifier__Klein__botA.bc24,dmtrung14.defaultplayer_intlqualifier,0,B,defaultplayer_intlqualifier,1,2000,LEVEL_SUM,5500,7400,204,20,13,212,3,0,0,295,88,0,50,24,6,159,48.0,0,0,0,0,,45,0,0,0,0,0.00,0,0.00,40.6,,,,,,6,2,0,,25.1,139
gauntlet/20261002-222138-scrim-g1sym/losses/hsmalladi.finalbot__Puzzle__botA.bc24,hsmalladi.finalbot,1,A,g1sym,0,673,CAPTURE,0,7000,202,20,17,225,4,2,2,310,153,28,97,77,148,74,47.4,4,4,0,0,27.5,43,18,13,0,0,2.40,3,1.17,28.9,147,3,4,2,0.500,24,2,1,,15.5,0
gauntlet/20261002-222138-scrim-g1sym/losses/hsmalladi.finalbot__Puzzle__botA.bc24,hsmalladi.finalbot,0,B,finalbot,1,673,CAPTURE,0,15900,209,40,31,250,42,3,28,919,208,2,164,151,74,148,44.6,39,13,18,8,28.2,47,0,4,0,0,0.36,2,5.78,24.7,223,2,4,2,0.500,49,19,0,,25.1,102
gauntlet/20261002-222138-scrim-g1sym/losses/jmerle.camel_case_v21_final__HungerGames__botB.bc24,jmerle.camel_case_v21_final,0,A,camel_case_v21_final,1,308,CAPTURE,700,19300,203,37,22,224,5,3,2,132,64,1,181,142,70,25,48.2,5,3,2,0,16.0,48,0,1,0,0,1.78,0,6.05,10.0,11,0,1,0,0.000,6,0,0,,22.1,0
gauntlet/20261002-222138-scrim-g1sym/losses/jmerle.camel_case_v21_final__HungerGames__botB.bc24,jmerle.camel_case_v21_final,1,B,g1sym,0,308,CAPTURE,700,2900,203,10,0,222,1,0,1,32,12,2,48,38,25,70,44.8,1,1,0,0,8.0,47,2,3,0,0,1.17,3,6.06,59.7,95,2,3,3,1.000,4,0,1,,22.8,0
gauntlet/20261002-222138-scrim-g1sym/losses/hsmalladi.finalbot__StackGame__botA.bc24,hsmalladi.finalbot,1,A,g1sym,0,417,CAPTURE,4600,4600,201,4,7,0,0,0,0,0,0,6,74,63,82,55,46.9,0,0,0,0,,42,5,4,0,0,2.16,3,0.00,28.4,67,2,2,1,0.500,9,6,1,,22.8,0
gauntlet/20261002-222138-scrim-g1sym/losses/hsmalladi.finalbot__StackGame__botA.bc24,hsmalladi.finalbot,0,B,finalbot,1,417,CAPTURE,4600,4600,201,34,19,227,14,3,6,710,77,0,69,59,55,82,45.3,11,4,5,2,18.7,44,0,0,0,0,0.00,0,11.89,15.0,,,,,,3,0,0,,25.0,90
gauntlet/20261002-222138-scrim-g1sym/losses/jmerle.camel_case_v21_final__OceanFloor__botB.bc24,jmerle.camel_case_v21_final,0,A,camel_case_v21_final,1,617,CAPTURE,1400,1400,201,34,19,216,8,3,5,357,174,4,96,95,131,169,43.4,8,5,3,0,34.0,46,0,5,0,0,0.86,1,5.44,4.4,104,1,3,1,0.333,94,20,1,,24.0,0
gauntlet/20261002-222138-scrim-g1sym/losses/jmerle.camel_case_v21_final__OceanFloor__botB.bc24,jmerle.camel_case_v21_final,1,B,g1sym,0,617,CAPTURE,1400,1400,201,20,10,217,5,1,4,161,77,5,73,55,169,131,45.1,5,5,0,0,24.5,47,3,5,0,0,0.85,3,3.94,27.2,265,2,4,3,0.750,44,2,1,,15.5,0
gauntlet/20261002-222138-scrim-g1sym/losses/jmerle.camel_case_v21_final__Starfish__botB.bc24,jmerle.camel_case_v21_final,0,A,camel_case_v21_final,1,411,CAPTURE,4100,4200,201,18,20,201,10,3,7,76,36,4,21,20,113,129,42.9,10,3,7,0,7.1,45,2,2,0,0,11.57,0,10.99,7.4,0,0,,,,8,2,0,,25.0,1
gauntlet/20261002-222138-scrim-g1sym/losses/jmerle.camel_case_v21_final__Starfish__botB.bc24,jmerle.camel_case_v21_final,1,B,g1sym,0,411,CAPTURE,4100,4100,201,18,3,201,4,0,4,14,3,7,53,39,129,113,43.7,4,2,2,0,6.5,37,7,3,0,0,4.24,3,14.29,40.7,23,1,1,1,1.000,8,8,1,,22.8,0
gauntlet/20261002-222138-scrim-g1sym/losses/jmerle.camel_case_v21_final__Hurricane__botA.bc24,jmerle.camel_case_v21_final,1,A,g1sym,0,2000,MORE_FLAG_CAPTURES,4500,4500,201,11,12,205,22,0,22,219,101,26,225,155,306,174,47.8,22,22,0,0,15.9,46,14,14,0,0,1.41,2,1.64,57.0,220,2,4,2,0.500,88,2,1,,15.4,0
gauntlet/20261002-222138-scrim-g1sym/losses/jmerle.camel_case_v21_final__Hurricane__botA.bc24,jmerle.camel_case_v21_final,0,B,camel_case_v21_final,1,2000,MORE_FLAG_CAPTURES,4500,4500,201,30,20,209,28,2,26,404,181,22,127,117,174,306,46.3,28,14,14,0,24.5,46,0,22,0,0,2.79,0,3.83,4.3,113,0,2,0,0.000,135,18,1,,22.7,0
gauntlet/20261002-222138-scrim-g1sym/losses/jmerle.camel_case_v21_final__GravitationalWaves__botB.bc24,jmerle.camel_case_v21_final,0,A,camel_case_v21_final,1,2000,MORE_FLAG_CAPTURES,3700,3700,201,34,32,201,3,1,2,68,33,8,129,91,367,572,43.0,3,2,1,0,21.0,15,1,7,0,0,3.86,0,2.72,2.9,23,0,1,0,0.000,104,44,1,,22.8,0
gauntlet/20261002-222138-scrim-g1sym/losses/jmerle.camel_case_v21_final__GravitationalWaves__botB.bc24,jmerle.camel_case_v21_final,1,B,g1sym,0,2000,MORE_FLAG_CAPTURES,3400,3400,201,18,18,201,8,0,8,91,42,2,222,140,572,367,45.5,8,7,1,0,23.5,18,1,2,1,0,0.26,1,1.31,41.2,49,1,1,1,1.000,40,5,1,,22.8,0
gauntlet/20261002-222138-scrim-g1sym/losses/kyleezz.jeeryfix3__OceanFloor__botA.bc24,kyleezz.jeeryfix3,1,A,g1sym,0,454,CAPTURE,1400,1400,201,5,23,250,1,0,1,21,10,5,72,58,128,47,47.4,1,1,0,0,21.0,46,4,4,0,0,0.70,3,0.05,25.7,168,2,3,3,1.000,16,4,1,,15.5,0
gauntlet/20261002-222138-scrim-g1sym/losses/kyleezz.jeeryfix3__OceanFloor__botA.bc24,kyleezz.jeeryfix3,0,B,jeeryfix3,1,454,CAPTURE,1400,1400,201,22,18,214,8,3,5,217,104,1,47,43,47,128,43.6,8,4,4,0,42.4,49,0,1,0,0,1.48,0,8.31,15.9,15,0,,,,35,5,0,1,24.9,0
gauntlet/20261002-222138-scrim-g1sym/losses/jonters.bling3__Randy__botB.bc24,jonters.bling3,0,A,bling3,1,1277,CAPTURE,3400,10600,201,16,13,206,8,3,5,228,110,34,117,107,212,535,39.4,8,6,2,0,9.8,30,14,21,0,2,4.49,1,7.64,5.7,20,0,1,0,0.000,112,58,0,0,22.3,0
gauntlet/20261002-222138-scrim-g1sym/losses/jonters.bling3__Randy__botB.bc24,jonters.bling3,1,B,g1sym,0,1277,CAPTURE,3400,4800,201,16,19,206,35,1,34,167,65,5,232,213,535,212,45.9,35,21,14,0,10.2,39,2,6,0,0,1.22,3,10.47,27.0,135,3,4,2,0.500,30,18,1,,15.7,0
gauntlet/20261002-222138-scrim-g1sym/losses/kyleezz.jeeryfix3__Hurricane__botB.bc24,kyleezz.jeeryfix3,0,A,jeeryfix3,1,2000,MORE_FLAG_CAPTURES,4500,4500,201,17,19,206,9,1,8,107,48,2,50,22,35,189,47.7,9,6,3,0,19.0,44,0,2,0,0,3.06,0,4.18,57.6,2,0,,,,66,17,1,1,24.9,0
gauntlet/20261002-222138-scrim-g1sym/losses/kyleezz.jeeryfix3__Hurricane__botB.bc24,kyleezz.jeeryfix3,1,B,g1sym,0,2000,MORE_FLAG_CAPTURES,4500,4500,201,25,26,216,2,0,2,16,7,8,172,23,189,35,49.6,2,2,0,0,13.0,47,3,6,0,0,2.08,1,1.00,70.9,30,0,1,1,1.000,16,1,1,,15.5,0
gauntlet/20261002-222138-scrim-g1sym/losses/quesswho.cretplayer2_3__Battlefield__botB.bc24,quesswho.cretplayer2_3,0,A,cretplayer2_3,1,292,CAPTURE,3700,3700,202,1,0,202,15,3,9,669,37,0,50,45,28,61,44.1,12,3,9,0,6.3,28,0,1,0,0,1.10,0,13.10,23.6,1,,,,,1,0,1,1,25.1,2
gauntlet/20261002-222138-scrim-g1sym/losses/quesswho.cretplayer2_3__Battlefield__botB.bc24,quesswho.cretplayer2_3,1,B,g1sym,0,292,CAPTURE,3700,3700,202,11,0,240,1,0,0,10,5,9,58,34,61,28,48.0,1,1,0,0,,40,9,3,0,0,8.74,3,6.60,37.7,0,0,,,,1,0,1,,18.5,0
gauntlet/20261002-222138-scrim-g1sym/losses/kyleezz.jeeryfix3__Skyline__botA.bc24,kyleezz.jeeryfix3,1,A,g1sym,0,569,CAPTURE,21600,21600,204,7,4,236,2,0,2,7,3,9,232,189,218,132,44.5,2,2,0,0,18.5,47,6,6,0,0,3.18,3,1.43,39.8,71,1,3,3,1.000,20,1,1,,22.8,0
gauntlet/20261002-222138-scrim-g1sym/losses/kyleezz.jeeryfix3__Skyline__botA.bc24,kyleezz.jeeryfix3,0,B,jeeryfix3,1,569,CAPTURE,21600,21600,201,20,19,225,12,3,9,104,50,2,243,159,132,218,40.9,12,6,6,0,16.2,50,0,2,0,0,2.86,0,8.33,16.1,0,0,,,,28,6,0,0,24.9,0
gauntlet/20261002-222138-scrim-g1sym/losses/quesswho.cretplayer2_3__OceanFloor__botA.bc24,quesswho.cretplayer2_3,1,A,g1sym,0,946,CAPTURE,1400,1400,201,33,34,272,11,1,9,834,389,1,109,85,109,51,48.7,11,10,1,0,37.8,47,0,4,0,0,0.23,3,9.69,14.4,521,3,3,3,1.000,27,9,1,,15.3,0
gauntlet/20261002-222138-scrim-g1sym/losses/quesswho.cretplayer2_3__OceanFloor__botA.bc24,quesswho.cretplayer2_3,0,B,cretplayer2_3,1,946,CAPTURE,1400,1400,201,24,15,220,7,3,1,1185,294,9,67,65,51,109,46.7,4,4,0,0,54.0,23,1,10,0,0,0.55,1,28.98,24.4,724,1,8,1,0.125,78,58,0,0,25.0,8
gauntlet/20261002-222138-scrim-g1sym/losses/quesswho.cretplayer2_3__KingQuacksCastle__botB.bc24,quesswho.cretplayer2_3,0,A,cretplayer2_3,1,1042,CAPTURE,1600,11500,204,24,26,220,65,3,59,1423,389,6,217,204,429,447,39.1,62,12,50,0,17.5,40,0,6,0,0,1.06,0,15.49,19.1,115,0,3,0,0.000,85,90,0,0,25.0,13
gauntlet/20261002-222138-scrim-g1sym/losses/quesswho.cretplayer2_3__KingQuacksCastle__botB.bc24,quesswho.cretplayer2_3,1,B,g1sym,0,1042,CAPTURE,1600,1900,204,7,7,275,6,0,6,177,83,59,158,133,447,429,40.0,6,6,0,0,18.7,47,50,12,0,0,4.36,3,4.32,23.8,201,1,9,2,0.222,76,46,1,,22.8,0
gauntlet/20261002-222138-scrim-g1sym/losses/quesswho.cretplayer2_3__Canals__botA.bc24,quesswho.cretplayer2_3,1,A,g1sym,0,682,CAPTURE,4600,4600,218,4,0,240,7,2,4,343,163,8,103,87,150,72,47.5,7,6,1,0,25.0,47,8,3,0,0,3.65,3,11.81,29.4,219,2,3,2,0.667,15,4,1,,18.7,0
gauntlet/20261002-222138-scrim-g1sym/losses/quesswho.cretplayer2_3__Canals__botA.bc24,quesswho.cretplayer2_3,0,B,cretplayer2_3,1,682,CAPTURE,4600,5500,206,22,23,229,14,3,8,913,227,4,106,99,72,150,44.0,11,3,8,0,15.6,42,1,6,0,0,0.57,2,24.53,23.8,275,2,3,2,0.667,38,37,1,1,25.0,9
gauntlet/20261002-222138-scrim-g1sym/losses/winkelmantanner.waffle__Gauntlet__botB.bc24,winkelmantanner.waffle,0,A,waffle,1,441,CAPTURE,2100,2800,209,8,23,239,34,3,31,359,166,1,60,53,68,75,45.9,34,5,29,0,19.6,31,0,2,0,0,1.61,1,5.96,12.2,57,1,2,1,0.500,22,3,0,,10.0,0
gauntlet/20261002-222138-scrim-g1sym/losses/winkelmantanner.waffle__Gauntlet__botB.bc24,winkelmantanner.waffle,1,B,g1sym,0,441,CAPTURE,2100,2800,204,8,16,268,2,1,1,99,44,31,53,37,75,68,46.6,2,2,0,0,18.0,36,29,5,0,0,3.47,3,3.11,35.0,76,0,4,0,0.000,15,1,0,,22.8,0
gauntlet/20261002-222138-scrim-g1sym/losses/quesswho.cretplayer2_3__Tunnels__botB.bc24,quesswho.cretplayer2_3,0,A,cretplayer2_3,1,662,CAPTURE,2400,3600,203,5,0,208,36,3,30,881,95,1,73,63,109,232,40.8,33,6,27,0,10.8,29,0,2,0,0,1.95,1,21.11,29.8,40,0,1,1,1.000,29,21,0,1,25.1,29
gauntlet/20261002-222138-scrim-g1sym/losses/quesswho.cretplayer2_3__Tunnels__botB.bc24,quesswho.cretplayer2_3,1,B,g1sym,0,662,CAPTURE,2400,3000,206,6,18,265,2,1,1,76,36,30,85,73,232,109,46.0,2,2,0,0,13.0,33,27,6,0,0,7.65,3,8.01,42.9,74,1,4,2,0.500,19,1,1,,22.8,0
gauntlet/20261002-222138-scrim-g1sym/losses/winkelmantanner.waffle__BedWars__botA.bc24,winkelmantanner.waffle,1,A,g1sym,0,752,CAPTURE,2400,2600,251,0,0,349,7,1,5,84,39,21,61,51,181,77,47.6,7,6,1,0,13.0,49,19,5,0,0,4.13,3,4.05,29.8,44,1,2,1,0.500,19,3,1,,15.4,0
gauntlet/20261002-222138-scrim-g1sym/losses/winkelmantanner.waffle__BedWars__botA.bc24,winkelmantanner.waffle,0,B,waffle,1,752,CAPTURE,2400,6000,207,1,7,335,24,3,21,157,72,5,56,52,77,181,44.1,24,5,19,0,11.7,45,1,6,0,0,1.86,1,3.80,9.0,33,1,2,1,0.500,44,13,1,,9.2,0
gauntlet/20261002-222138-scrim-g1sym/losses/winkelmantanner.waffle__Islands__botA.bc24,winkelmantanner.waffle,1,A,g1sym,0,389,CAPTURE,5800,5800,201,1,1,226,0,0,0,0,0,15,70,48,77,45,47.3,0,0,0,0,,47,14,4,0,0,2.84,3,0.00,33.3,139,3,3,2,0.667,4,0,1,,15.4,0
gauntlet/20261002-222138-scrim-g1sym/losses/winkelmantanner.waffle__Islands__botA.bc24,winkelmantanner.waffle,0,B,waffle,1,389,CAPTURE,5800,5800,201,25,27,208,18,3,15,234,110,0,93,80,45,77,45.4,18,4,14,0,15.1,41,0,0,0,0,0.00,0,4.53,13.7,,,,,,10,1,1,,11.7,0
gauntlet/20261002-222138-scrim-g1sym/losses/winkelmantanner.waffle__StackGame__botB.bc24,winkelmantanner.waffle,0,A,waffle,1,343,CAPTURE,4600,4600,204,24,25,207,15,3,12,121,54,0,81,74,54,73,44.9,15,3,12,0,15.5,30,0,0,0,0,0.00,0,5.90,15.6,,,,,,9,1,0,,10.6,0
gauntlet/20261002-222138-scrim-g1sym/losses/winkelmantanner.waffle__StackGame__botB.bc24,winkelmantanner.waffle,1,B,g1sym,0,343,CAPTURE,4600,4600,201,6,11,299,0,0,0,0,0,12,68,43,73,54,46.2,0,0,0,0,,43,12,3,0,0,3.73,3,0.00,40.3,24,1,1,1,1.000,9,4,1,,22.8,0
gauntlet/20261002-222138-scrim-g1sym/losses/winkelmantanner.waffle__Skyline__botA.bc24,winkelmantanner.waffle,1,A,g1sym,0,484,CAPTURE,21600,21600,203,14,6,247,1,0,1,1,0,11,220,168,99,93,45.4,1,1,0,0,14.0,47,11,3,0,0,3.61,3,2.00,46.9,82,2,4,2,0.500,9,1,1,,15.4,0
gauntlet/20261002-222138-scrim-g1sym/losses/winkelmantanner.waffle__Skyline__botA.bc24,winkelmantanner.waffle,0,B,waffle,1,484,CAPTURE,21600,21600,201,23,31,233,14,3,11,220,104,1,270,241,93,99,45.2,14,3,11,0,17.8,31,0,1,0,0,5.00,0,5.57,21.3,0,0,,,,13,0,0,,10.2,0
gauntlet/20261002-222138-scrim-g1sym/replays/ColtG5.Goob_final__BigDucksBigPond__botB.bc24,ColtG5.Goob_final,0,A,Goob_final,0,2000,MORE_FLAG_CAPTURES,5000,8100,201,30,9,215,6,0,6,129,58,3,259,253,472,1474,32.1,6,5,1,0,35.8,39,1,4,0,0,0.97,2,3.01,17.5,277,1,4,2,0.500,215,145,1,1,17.6,0
gauntlet/20261002-222138-scrim-g1sym/replays/ColtG5.Goob_final__BigDucksBigPond__botB.bc24,ColtG5.Goob_final,1,B,g1sym,1,2000,MORE_FLAG_CAPTURES,5100,5800,201,18,22,252,5,2,3,372,200,6,577,485,1474,472,44.3,5,4,1,0,30.3,45,1,5,0,2,1.59,0,12.20,21.6,71,0,2,0,0.000,52,5,1,,15.4,0
gauntlet/20261002-222138-scrim-g1sym/losses/winkelmantanner.waffle__Whirlpool__botB.bc24,winkelmantanner.waffle,0,A,waffle,1,2000,MORE_FLAG_CAPTURES,2800,6900,201,16,18,262,14,2,12,168,74,0,245,220,328,709,41.4,14,5,9,0,16.8,40,0,0,0,0,0.00,0,6.29,11.6,,,,,,27,10,1,,13.6,0
gauntlet/20261002-222138-scrim-g1sym/losses/winkelmantanner.waffle__Whirlpool__botB.bc24,winkelmantanner.waffle,1,B,g1sym,0,2000,MORE_FLAG_CAPTURES,2800,3100,201,19,18,412,0,0,0,0,0,12,211,199,709,328,46.0,0,0,0,0,,47,9,5,0,0,5.30,2,0.00,37.0,43,1,2,1,0.500,26,1,1,,22.8,0
gauntlet/20261002-222138-scrim-g1sym/replays/ColtG5.Goob_final__Snake__botA.bc24,ColtG5.Goob_final,1,A,g1sym,1,2000,LEVEL_SUM,13100,27300,203,34,37,293,3,1,2,78,39,11,479,459,1072,549,43.3,3,2,1,0,35.5,46,2,10,0,0,0.95,1,4.72,30.8,131,1,2,1,0.500,154,7,1,,22.8,0
gauntlet/20261002-222138-scrim-g1sym/replays/ColtG5.Goob_final__Snake__botA.bc24,ColtG5.Goob_final,0,B,Goob_final,0,2000,LEVEL_SUM,13100,33600,207,14,19,281,12,1,11,197,95,2,614,573,549,1072,37.0,12,10,2,0,31.5,40,1,2,1,0,0.33,1,3.08,14.1,67,1,1,1,1.000,260,54,0,0,17.1,0
gauntlet/20261002-222138-scrim-g1sym/replays/ColtG5.Goob_final__DefaultLarge__botA.bc24,ColtG5.Goob_final,1,A,g1sym,1,2000,MORE_FLAG_CAPTURES,1800,2200,205,3,0,355,2,1,1,161,80,9,457,359,1350,477,44.2,2,2,0,0,49.0,41,1,8,0,1,1.50,0,9.58,21.2,89,0,2,0,0.000,78,2,1,,18.9,0
gauntlet/20261002-222138-scrim-g1sym/replays/ColtG5.Goob_final__DefaultLarge__botA.bc24,ColtG5.Goob_final,0,B,Goob_final,0,2000,MORE_FLAG_CAPTURES,1800,6900,202,31,16,235,9,0,9,171,79,1,303,289,477,1350,33.5,9,8,1,0,36.4,44,0,2,0,0,0.42,1,3.26,15.3,138,1,1,1,1.000,262,174,1,1,18.3,0
gauntlet/20261002-222138-scrim-g1sym/replays/CyrilSharma.finalBot__DefaultLarge__botA.bc24,CyrilSharma.finalBot,1,A,g1sym,1,2000,LEVEL_SUM,1800,3100,205,1,0,345,0,0,0,0,0,3,219,173,559,511,43.8,0,0,0,0,,43,0,3,0,0,2.50,0,0.00,51.6,0,0,,,,31,0,1,,18.9,0
gauntlet/20261002-222138-scrim-g1sym/replays/CyrilSharma.finalBot__DefaultLarge__botA.bc24,CyrilSharma.finalBot,0,B,finalBot,0,2000,LEVEL_SUM,1800,6000,202,29,39,277,3,0,3,8,4,0,570,559,511,559,43.2,3,3,0,0,47.7,43,0,0,0,0,0.00,0,1.63,38.8,,,,,,47,0,1,,25.1,148
gauntlet/20261002-222138-scrim-g1sym/replays/awu7.ExplosiveBot__Alligator__botA.bc24,awu7.ExplosiveBot,1,A,g1sym,1,993,CAPTURE,3300,5400,201,23,31,211,13,3,10,332,155,3,273,194,557,86,47.9,13,12,1,0,15.9,34,1,2,0,0,3.08,0,8.20,27.3,0,0,,,,6,1,1,,15.3,0
gauntlet/20261002-222138-scrim-g1sym/replays/awu7.ExplosiveBot__Alligator__botA.bc24,awu7.ExplosiveBot,0,B,ExplosiveBot,0,993,CAPTURE,3300,6900,201,0,1,214,5,0,3,12,3,10,70,63,86,557,36.6,5,2,1,2,14.7,26,1,12,0,0,1.96,3,1.25,15.3,177,2,5,3,0.600,96,70,1,1,21.4,0
gauntlet/20261002-222138-scrim-g1sym/replays/CyrilSharma.finalBot__Fusbol__botA.bc24,CyrilSharma.finalBot,1,A,g1sym,1,2000,LEVEL_SUM,7200,16200,202,15,19,305,0,0,0,0,0,4,331,280,503,462,43.8,0,0,0,0,,35,1,3,0,0,1.40,0,0.00,48.3,53,0,1,0,0.000,36,2,1,,22.8,0
gauntlet/20261002-222138-scrim-g1sym/replays/CyrilSharma.finalBot__Fusbol__botA.bc24,CyrilSharma.finalBot,0,B,finalBot,0,2000,LEVEL_SUM,1800,1800,215,19,28,287,4,0,4,124,58,0,439,431,462,503,41.9,4,3,1,0,43.0,5,0,0,0,0,0.00,0,4.93,38.9,,,,,,46,1,1,,25.0,9
gauntlet/20261002-222138-scrim-g1sym/replays/awu7.ExplosiveBot__Canals__botA.bc24,awu7.ExplosiveBot,1,A,g1sym,1,1496,CAPTURE,4600,4600,296,0,1,313,25,3,22,743,339,14,523,437,1248,155,47.5,25,18,7,0,27.6,47,9,6,4,1,5.33,1,15.11,19.4,42,0,,,,24,2,1,,19.2,0
gauntlet/20261002-222138-scrim-g1sym/replays/awu7.ExplosiveBot__Canals__botA.bc24,awu7.ExplosiveBot,0,B,ExplosiveBot,0,1496,CAPTURE,4600,5900,202,14,18,216,39,1,14,144,45,22,128,110,155,1248,29.8,39,6,9,24,17.7,40,7,18,0,0,1.73,3,3.37,19.0,483,2,10,3,0.300,399,381,1,0,21.4,0
gauntlet/20261002-222138-scrim-g1sym/replays/Gymhgy.v10official__GravitationalWaves__botA.bc24,Gymhgy.v10official,1,A,g1sym,1,2000,LEVEL_SUM,3400,3400,201,24,24,201,19,0,19,809,389,5,210,106,77,89,48.9,19,14,5,0,25.8,18,0,5,1,0,2.73,0,5.38,38.3,7,0,,,,22,0,1,,15.2,0
gauntlet/20261002-222138-scrim-g1sym/replays/Gymhgy.v10official__GravitationalWaves__botA.bc24,Gymhgy.v10official,0,B,v10official,0,2000,LEVEL_SUM,3700,3700,201,7,5,201,8,0,5,635,216,19,136,56,89,77,49.1,5,5,0,0,24.4,13,5,14,0,0,3.14,0,0.61,6.1,186,0,10,0,0.000,19,0,1,,25.1,91
gauntlet/20261002-222138-scrim-g1sym/replays/IvanGeffner.kuma__Randy__botB.bc24,IvanGeffner.kuma,0,A,kuma,0,2000,MORE_FLAG_CAPTURES,3400,12200,201,19,16,209,46,0,18,46,12,2,471,436,372,337,46.0,46,16,8,22,9.6,24,0,3,3,0,3.17,1,5.72,33.2,25,0,2,1,0.500,59,12,0,,25.1,38
gauntlet/20261002-222138-scrim-g1sym/replays/IvanGeffner.kuma__Randy__botB.bc24,IvanGeffner.kuma,1,B,g1sym,1,2000,MORE_FLAG_CAPTURES,3400,4800,201,26,13,206,3,1,2,99,43,18,224,176,337,372,45.4,3,3,0,0,11.0,40,8,16,0,0,8.89,0,5.43,43.9,1,0,,,,52,4,1,,15.5,0
gauntlet/20261002-222138-scrim-g1sym/replays/awu7.ExplosiveBot__Capacitance__botB.bc24,awu7.ExplosiveBot,0,A,ExplosiveBot,0,1435,CAPTURE,3600,4300,201,14,13,218,63,2,5,329,130,14,125,104,143,868,35.4,63,6,1,56,11.6,34,5,12,0,0,2.28,3,2.93,14.8,103,0,3,2,0.667,287,230,1,0,21.4,0
gauntlet/20261002-222138-scrim-g1sym/replays/awu7.ExplosiveBot__Capacitance__botB.bc24,awu7.ExplosiveBot,1,B,g1sym,1,1435,CAPTURE,3600,5600,201,22,14,215,17,3,14,310,143,5,292,254,868,143,47.6,17,12,5,0,15.2,46,1,6,1,2,0.28,2,10.66,31.3,287,2,2,0,0.000,44,0,1,,19.1,0
gauntlet/20261002-222138-scrim-g1sym/replays/awu7.ExplosiveBot__GaltonBoard__botA.bc24,awu7.ExplosiveBot,1,A,g1sym,1,1197,CAPTURE,0,0,201,16,19,249,9,3,6,251,117,1,316,177,963,112,47.7,9,5,4,0,16.5,40,1,1,0,0,3.89,1,14.37,28.0,5,1,,,,0,0,1,,15.2,0
gauntlet/20261002-222138-scrim-g1sym/replays/awu7.ExplosiveBot__GaltonBoard__botA.bc24,awu7.ExplosiveBot,0,B,ExplosiveBot,0,1197,CAPTURE,0,0,202,16,1,210,9,1,1,9,3,6,59,59,112,963,30.8,9,1,1,7,13.0,22,4,5,0,0,1.01,3,15.00,16.0,190,2,2,2,1.000,291,313,0,0,22.4,0
gauntlet/20261002-222138-scrim-g1sym/replays/awu7.ExplosiveBot__Joker__botB.bc24,awu7.ExplosiveBot,0,A,ExplosiveBot,0,1382,CAPTURE,14500,16200,202,16,0,241,23,0,21,52,16,13,223,200,205,824,35.6,23,8,13,2,25.2,28,3,13,4,0,0.90,3,1.77,15.2,450,2,10,2,0.200,330,249,1,0,21.6,0
gauntlet/20261002-222138-scrim-g1sym/replays/awu7.ExplosiveBot__Joker__botB.bc24,awu7.ExplosiveBot,1,B,g1sym,1,1382,CAPTURE,14500,17900,203,23,40,224,16,3,13,637,309,21,457,406,824,205,46.4,16,13,3,0,19.7,41,13,8,0,1,3.58,0,10.16,19.2,2,0,,,,56,4,1,,15.4,0
gauntlet/20261002-222138-scrim-g1sym/replays/awu7.ExplosiveBot__Klein__botB.bc24,awu7.ExplosiveBot,0,A,ExplosiveBot,0,1306,CAPTURE,6000,6600,208,0,0,341,7,1,5,20,5,19,63,60,140,867,34.1,7,2,4,1,11.2,32,7,15,0,0,2.49,3,3.20,16.5,158,2,5,1,0.200,329,313,0,0,21.9,0
gauntlet/20261002-222138-scrim-g1sym/replays/awu7.ExplosiveBot__Klein__botB.bc24,awu7.ExplosiveBot,1,B,g1sym,1,1306,CAPTURE,6200,6200,203,25,33,210,22,3,19,491,230,5,362,268,867,140,47.4,22,15,7,0,20.4,48,4,2,0,1,3.85,1,9.14,23.9,0,0,,,,34,1,1,,15.8,0
gauntlet/20261002-222138-scrim-g1sym/replays/clbarrell.duck8__Islands__botB.bc24,clbarrell.duck8,0,A,duck8,0,843,CAPTURE,5800,5800,201,10,5,210,16,1,15,65,24,6,125,112,116,355,39.8,16,4,12,0,15.5,47,3,6,0,0,0.73,3,5.40,31.4,257,3,4,3,0.750,75,50,1,,14.0,0
gauntlet/20261002-222138-scrim-g1sym/replays/clbarrell.duck8__Islands__botB.bc24,clbarrell.duck8,1,B,g1sym,1,843,CAPTURE,5800,5800,201,14,27,228,9,3,6,354,170,15,161,131,355,116,46.7,9,6,3,0,11.3,47,12,4,0,0,10.38,1,6.39,27.0,0,0,,,,24,0,1,,15.5,0
gauntlet/20261002-222138-scrim-g1sym/replays/clbarrell.duck8__Hockey__botB.bc24,clbarrell.duck8,0,A,duck8,0,1713,CAPTURE,3300,3600,204,15,10,407,0,0,0,0,0,7,241,231,252,944,36.7,0,0,0,0,,32,1,9,0,0,0.87,3,0.00,32.1,267,2,4,3,0.750,128,145,1,,13.8,0
gauntlet/20261002-222138-scrim-g1sym/replays/clbarrell.duck8__Hockey__botB.bc24,clbarrell.duck8,1,B,g1sym,1,1713,CAPTURE,3300,3300,215,14,2,307,10,3,7,388,186,0,319,221,944,252,46.4,10,9,1,0,27.7,36,0,0,1,3,0.00,0,8.39,24.1,,,,,,29,1,1,,18.9,0
gauntlet/20261002-222138-scrim-g1sym/replays/dmtrung14.defaultplayer_intlqualifier__DefaultHuge__botA.bc24,dmtrung14.defaultplayer_intlqualifier,1,A,g1sym,1,856,CAPTURE,3700,3700,201,23,26,201,7,3,4,626,306,11,146,85,552,32,49.1,7,6,1,0,15.5,47,5,8,0,0,2.70,2,4.48,30.5,20,2,,,,9,0,1,,15.4,0
gauntlet/20261002-222138-scrim-g1sym/replays/dmtrung14.defaultplayer_intlqualifier__DefaultHuge__botA.bc24,dmtrung14.defaultplayer_intlqualifier,0,B,defaultplayer_intlqualifier,0,856,CAPTURE,3400,3400,201,12,17,204,37,2,11,403,136,4,92,89,32,552,34.4,34,8,5,21,15.5,44,1,6,0,0,0.57,3,2.79,17.1,494,3,6,3,0.500,327,309,1,1,25.1,126
gauntlet/20261002-222138-scrim-g1sym/replays/clbarrell.duck8__Mountain__botB.bc24,clbarrell.duck8,0,A,duck8,0,2000,LEVEL_SUM,4100,5900,202,8,13,202,12,1,11,40,13,2,250,197,474,972,38.1,12,9,3,0,19.9,45,2,1,0,0,3.88,1,2.98,31.3,2,0,,,,72,14,0,,12.6,0
gauntlet/20261002-222138-scrim-g1sym/replays/clbarrell.duck8__Mountain__botB.bc24,clbarrell.duck8,1,B,g1sym,1,2000,LEVEL_SUM,4100,5300,204,2,1,382,3,1,2,24,20,11,267,235,972,474,44.2,3,1,2,0,8.5,47,3,9,2,1,6.98,1,9.79,35.9,0,0,,,,43,0,1,,15.6,0
gauntlet/20261002-222138-scrim-g1sym/replays/dmtrung14.defaultplayer_intlqualifier__OceanFloor__botB.bc24,dmtrung14.defaultplayer_intlqualifier,0,A,defaultplayer_intlqualifier,0,2000,MORE_FLAG_CAPTURES,1300,1400,201,17,8,224,15,0,9,432,161,2,68,62,12,2069,24.2,12,8,1,3,23.7,41,0,3,0,0,0.17,1,2.77,25.7,142,1,1,1,1.000,1490,1622,1,,25.1,152
gauntlet/20261002-222138-scrim-g1sym/replays/dmtrung14.defaultplayer_intlqualifier__OceanFloor__botB.bc24,dmtrung14.defaultplayer_intlqualifier,1,B,g1sym,1,2000,MORE_FLAG_CAPTURES,1400,1400,201,25,29,230,3,1,2,162,74,9,839,663,2069,12,49.8,3,3,0,0,38.5,46,1,8,0,0,1.24,0,3.48,40.6,89,0,2,0,0.000,5,0,1,,15.5,0
gauntlet/20261002-222138-scrim-g1sym/replays/hsmalladi.finalbot__TwistedTreeline__botA.bc24,hsmalladi.finalbot,1,A,g1sym,1,1120,CAPTURE,2400,2400,203,5,9,312,9,3,6,408,200,60,155,143,419,229,45.1,9,9,0,0,23.0,46,44,19,0,0,2.50,2,6.18,22.0,401,1,9,2,0.222,74,11,1,,22.8,0
gauntlet/20261002-222138-scrim-g1sym/replays/hsmalladi.finalbot__TwistedTreeline__botA.bc24,hsmalladi.finalbot,0,B,finalbot,0,1120,CAPTURE,2400,2400,203,35,29,254,70,2,60,1258,306,6,146,141,229,419,40.9,67,19,44,4,25.3,42,0,9,0,0,0.63,3,4.20,9.6,279,2,5,3,0.600,124,52,0,,25.1,61
gauntlet/20261002-222138-scrim-g1sym/replays/jonters.bling3__DefaultHuge__botB.bc24,jonters.bling3,0,A,bling3,0,618,CAPTURE,3700,3700,201,20,28,219,3,0,3,30,12,6,43,27,50,166,43.3,3,2,1,0,16.7,27,4,5,0,0,0.97,3,11.30,6.9,105,3,3,3,1.000,20,8,1,1,22.4,0
gauntlet/20261002-222138-scrim-g1sym/replays/jonters.bling3__DefaultHuge__botB.bc24,jonters.bling3,1,B,g1sym,1,618,CAPTURE,3700,3700,201,20,22,205,9,3,6,157,77,3,111,87,166,50,48.1,9,5,4,0,17.8,47,1,2,0,0,6.47,0,6.77,22.6,3,0,,,,14,0,1,,15.4,0
gauntlet/20261002-222138-scrim-g1sym/replays/dmtrung14.defaultplayer_intlqualifier__StarryNight__botA.bc24,dmtrung14.defaultplayer_intlqualifier,1,A,g1sym,1,2000,LEVEL_SUM,13600,13700,201,14,9,232,0,0,0,0,0,0,260,79,236,32,49.6,0,0,0,0,,46,0,0,0,0,0.00,0,0.00,58.0,,,,,,5,0,1,,16.0,0
gauntlet/20261002-222138-scrim-g1sym/replays/dmtrung14.defaultplayer_intlqualifier__StarryNight__botA.bc24,dmtrung14.defaultplayer_intlqualifier,0,B,defaultplayer_intlqualifier,0,2000,LEVEL_SUM,13600,13700,201,6,9,210,3,0,0,295,17,0,57,46,32,236,47.0,0,0,0,0,,46,0,0,0,0,0.00,0,0.00,60.8,,,,,,11,5,1,,25.1,307
gauntlet/20261002-222138-scrim-g1sym/replays/hsmalladi.finalbot__Hurricane__botA.bc24,hsmalladi.finalbot,1,A,g1sym,1,2000,LEVEL_SUM,4500,4500,201,25,16,714,4,0,3,1549,840,45,209,82,127,50,49.4,4,4,0,0,20.7,46,24,22,0,0,2.40,0,0.02,67.8,111,0,2,0,0.000,20,0,1,,15.5,0
gauntlet/20261002-222138-scrim-g1sym/replays/hsmalladi.finalbot__Hurricane__botA.bc24,hsmalladi.finalbot,0,B,finalbot,0,2000,LEVEL_SUM,4500,4500,201,22,9,211,50,0,45,883,205,3,140,111,50,127,48.4,47,22,24,1,18.1,47,0,4,0,0,0.02,0,0.94,53.6,1542,0,3,0,0.000,57,0,1,,25.1,78
gauntlet/20261002-222138-scrim-g1sym/replays/jonters.bling3__Alien__botA.bc24,jonters.bling3,1,A,g1sym,1,1908,CAPTURE,3300,3300,202,11,5,221,28,3,25,284,153,7,360,285,1122,366,45.3,28,18,10,0,14.3,38,5,4,7,2,3.70,2,8.69,26.8,62,0,3,2,0.667,38,0,1,,22.8,0
gauntlet/20261002-222138-scrim-g1sym/replays/jonters.bling3__Alien__botA.bc24,jonters.bling3,0,B,bling3,0,1908,CAPTURE,3300,3300,202,16,16,218,9,2,7,179,82,25,133,133,366,1122,35.2,9,4,5,0,9.7,32,10,18,0,0,2.48,3,17.32,6.3,106,0,3,3,1.000,78,75,0,0,25.0,1
gauntlet/20261002-222138-scrim-g1sym/replays/jonters.bling3__Hockey__botB.bc24,jonters.bling3,0,A,bling3,0,1535,CAPTURE,3300,3300,406,0,0,578,0,0,0,0,0,20,98,98,233,736,37.8,0,0,0,0,,39,12,11,0,0,1.40,3,0.00,6.3,297,3,6,3,0.500,88,89,1,1,24.3,0
gauntlet/20261002-222138-scrim-g1sym/replays/jonters.bling3__Hockey__botB.bc24,jonters.bling3,1,B,g1sym,1,1535,CAPTURE,3300,3300,254,0,8,299,23,3,20,439,210,0,335,247,736,233,46.3,23,11,12,0,24.4,34,0,0,7,2,0.00,0,9.73,23.5,,,,,,31,0,1,,18.9,0
gauntlet/20261002-222138-scrim-g1sym/replays/jonters.bling3__Snake__botA.bc24,jonters.bling3,1,A,g1sym,1,2000,LEVEL_SUM,13100,32500,203,34,31,219,23,1,21,500,258,6,539,392,732,343,45.8,23,19,4,0,27.3,47,4,3,1,0,1.61,1,5.39,25.9,73,0,2,1,0.500,68,4,1,,22.8,0
gauntlet/20261002-222138-scrim-g1sym/replays/jonters.bling3__Snake__botA.bc24,jonters.bling3,0,B,bling3,0,2000,LEVEL_SUM,13100,24000,206,47,42,253,7,1,6,120,52,21,247,237,343,732,40.7,7,3,4,0,34.7,36,4,19,0,0,0.60,1,18.14,7.1,373,1,5,1,0.200,73,43,0,0,23.4,0
gauntlet/20261002-222138-scrim-g1sym/replays/justinottesen.sprint1__GaltonBoard__botB.bc24,justinottesen.sprint1,0,A,sprint1,0,1003,CAPTURE,0,19600,201,9,21,215,0,0,0,0,0,7,173,162,134,828,30.3,0,0,0,0,,32,5,5,0,0,1.30,3,0.00,9.4,190,0,3,3,1.000,207,237,0,,5.7,0
gauntlet/20261002-222138-scrim-g1sym/replays/justinottesen.sprint1__GaltonBoard__botB.bc24,justinottesen.sprint1,1,B,g1sym,1,1003,CAPTURE,0,8200,230,0,1,241,10,3,7,325,149,0,296,235,828,134,46.7,10,5,5,0,12.9,41,0,0,0,0,0.00,0,16.00,24.8,,,,,,12,0,1,,15.2,0
gauntlet/20261002-222138-scrim-g1sym/replays/jonters.bling3__Whirlpool__botB.bc24,jonters.bling3,0,A,bling3,0,1178,CAPTURE,2800,7100,201,24,20,235,5,0,5,136,62,6,80,70,163,436,40.7,5,2,3,0,11.4,43,3,6,0,0,0.49,3,22.35,3.7,386,2,6,3,0.500,54,45,1,1,22.7,0
gauntlet/20261002-222138-scrim-g1sym/replays/jonters.bling3__Whirlpool__botB.bc24,jonters.bling3,1,B,g1sym,1,1178,CAPTURE,2800,2900,201,9,9,589,9,3,6,447,210,5,149,90,436,163,46.6,9,6,3,0,17.5,45,3,2,0,0,2.27,0,8.50,25.5,79,0,1,0,0.000,21,0,1,,22.8,0
gauntlet/20261002-222138-scrim-g1sym/replays/justinottesen.sprint1__Battlecode24__botB.bc24,justinottesen.sprint1,0,A,sprint1,0,1036,CAPTURE,11300,18200,205,9,13,231,1,0,1,9,3,28,115,110,124,517,37.9,1,1,0,0,22.0,10,5,26,0,0,0.87,3,0.00,8.3,425,3,5,3,0.600,212,139,0,,6.9,0
gauntlet/20261002-222138-scrim-g1sym/replays/justinottesen.sprint1__Battlecode24__botB.bc24,justinottesen.sprint1,1,B,g1sym,1,1036,CAPTURE,12400,20600,202,23,11,219,31,3,28,675,324,1,405,337,517,124,47.0,31,26,5,0,20.7,23,0,1,0,0,0.56,0,5.51,24.5,5,0,,,,32,1,1,,22.8,0
gauntlet/20261002-222138-scrim-g1sym/replays/justinottesen.sprint1__Hurricane__botB.bc24,justinottesen.sprint1,0,A,sprint1,0,1115,CAPTURE,4500,4500,201,10,9,229,17,0,17,153,71,23,38,34,40,641,36.1,17,17,0,0,22.3,35,2,24,0,0,0.71,3,0.78,5.6,486,3,9,3,0.333,398,237,1,,6.6,0
gauntlet/20261002-222138-scrim-g1sym/replays/justinottesen.sprint1__Hurricane__botB.bc24,justinottesen.sprint1,1,B,g1sym,1,1115,CAPTURE,4500,4500,201,23,38,216,26,3,23,777,377,17,285,227,641,40,49.1,26,24,2,0,19.6,46,0,17,0,0,1.29,0,3.08,26.1,71,0,1,0,0.000,22,0,1,,15.5,0
gauntlet/20261002-222138-scrim-g1sym/replays/justinottesen.sprint1__Rivers__botB.bc24,justinottesen.sprint1,0,A,sprint1,0,518,CAPTURE,1500,2100,205,0,1,388,2,0,2,39,16,7,26,26,18,329,35.2,2,2,0,0,17.5,32,4,6,0,0,1.14,3,6.82,7.6,136,1,3,3,1.000,89,103,1,,6.1,0
gauntlet/20261002-222138-scrim-g1sym/replays/justinottesen.sprint1__Rivers__botB.bc24,justinottesen.sprint1,1,B,g1sym,1,518,CAPTURE,1500,2100,210,6,23,283,10,3,7,222,103,2,121,81,329,18,49.1,10,6,4,0,19.4,34,0,2,0,0,2.18,0,10.38,26.2,6,0,1,0,0.000,2,0,1,,22.8,0
gauntlet/20261002-222138-scrim-g1sym/replays/justinottesen.sprint1__StarryNight__botA.bc24,justinottesen.sprint1,1,A,g1sym,1,737,CAPTURE,13600,13600,201,12,5,237,8,3,5,183,88,10,234,199,491,80,47.3,8,5,3,0,15.0,45,1,10,0,0,1.86,0,7.73,23.3,17,0,,,,7,0,1,,16.0,0
gauntlet/20261002-222138-scrim-g1sym/replays/justinottesen.sprint1__StarryNight__botA.bc24,justinottesen.sprint1,0,B,sprint1,0,737,CAPTURE,13600,17400,201,4,8,201,11,0,10,58,21,5,100,92,80,491,34.2,11,10,1,0,18.1,41,3,5,0,0,1.60,3,1.40,9.8,96,1,3,2,0.667,138,123,1,,7.1,0
gauntlet/20261002-222138-scrim-g1sym/replays/justinottesen.sprint1__Joker__botA.bc24,justinottesen.sprint1,1,A,g1sym,1,721,CAPTURE,14500,21400,202,32,24,220,18,3,15,240,115,0,326,258,352,113,46.1,18,13,5,0,23.2,44,0,0,0,0,0.00,0,5.50,21.1,,,,,,19,0,1,,22.8,0
gauntlet/20261002-222138-scrim-g1sym/replays/justinottesen.sprint1__Joker__botA.bc24,justinottesen.sprint1,0,B,sprint1,0,721,CAPTURE,14500,18200,204,11,3,223,0,0,0,0,0,15,132,131,113,352,38.5,0,0,0,0,,26,5,13,0,0,1.14,3,0.00,8.6,166,2,3,2,0.667,147,83,0,,6.2,0
gauntlet/20261002-222138-scrim-g1sym/replays/kyleezz.jeeryfix3__CH3353C4K3F4CT0RY__botB.bc24,kyleezz.jeeryfix3,0,A,jeeryfix3,0,1825,CAPTURE,13000,13100,206,18,2,232,39,2,36,155,82,4,401,391,421,1283,32.9,39,14,25,0,24.2,44,2,5,10,0,1.02,3,6.25,11.4,117,0,3,3,1.000,168,77,0,1,24.9,0
gauntlet/20261002-222138-scrim-g1sym/replays/kyleezz.jeeryfix3__CH3353C4K3F4CT0RY__botB.bc24,kyleezz.jeeryfix3,1,B,g1sym,1,1825,CAPTURE,13000,13300,202,21,25,312,7,3,4,161,83,36,405,337,1283,421,44.4,7,5,2,0,24.0,40,25,14,2,3,4.72,2,11.88,25.5,71,1,2,2,1.000,56,3,1,,22.8,0
gauntlet/20261002-222138-scrim-g1sym/replays/kyleezz.jeeryfix3__YearOfTheDragon__botB.bc24,kyleezz.jeeryfix3,0,A,jeeryfix3,0,2000,LEVEL_SUM,10800,10800,201,13,10,228,5,1,4,32,15,3,347,336,370,1427,32.6,5,1,4,0,18.3,41,1,3,0,0,3.18,1,3.66,27.6,23,0,1,1,1.000,218,184,0,1,24.8,0
gauntlet/20261002-222138-scrim-g1sym/replays/kyleezz.jeeryfix3__YearOfTheDragon__botB.bc24,kyleezz.jeeryfix3,1,B,g1sym,1,2000,LEVEL_SUM,10800,10800,201,25,10,230,4,1,3,50,22,4,617,546,1427,370,45.5,4,3,1,0,23.0,47,4,1,0,1,2.56,1,5.22,33.1,8,0,,,,51,1,1,,15.4,0
gauntlet/20261002-222138-scrim-g1sym/replays/kyleezz.jeeryfix3__Digging__botB.bc24,kyleezz.jeeryfix3,0,A,jeeryfix3,0,2000,LEVEL_SUM,700,2300,209,28,18,223,1,1,0,27,14,0,221,220,382,1584,30.7,1,1,0,0,,48,0,1,0,0,2.19,1,10.81,7.3,10,0,,,,44,26,1,0,24.9,0
gauntlet/20261002-222138-scrim-g1sym/replays/kyleezz.jeeryfix3__Digging__botB.bc24,kyleezz.jeeryfix3,1,B,g1sym,1,2000,LEVEL_SUM,700,3000,205,3,6,292,1,1,0,16,14,0,261,196,1584,382,45.4,1,1,0,0,,45,0,1,0,1,5.59,1,16.31,29.7,10,0,1,1,1.000,31,0,1,,22.8,0
gauntlet/20261002-222138-scrim-g1sym/replays/quesswho.cretplayer2_3__Capacitance__botA.bc24,quesswho.cretplayer2_3,1,A,g1sym,1,984,CAPTURE,3600,4600,201,25,9,201,4,3,1,443,208,28,139,117,250,200,45.0,4,4,0,0,10.0,47,25,5,0,0,3.03,1,8.71,26.4,421,0,6,0,0.000,29,11,1,,18.7,0
gauntlet/20261002-222138-scrim-g1sym/replays/quesswho.cretplayer2_3__Capacitance__botA.bc24,quesswho.cretplayer2_3,0,B,cretplayer2_3,0,984,CAPTURE,3600,5400,201,18,29,207,33,1,28,1373,288,1,156,139,200,250,43.4,30,5,25,0,10.6,32,0,4,0,0,0.11,3,23.74,28.3,433,3,2,2,1.000,72,74,0,1,25.0,10
