file,opp,us,team,name,won,rounds,wintype,gathered200,gathered400,firstEnemySide,inEnemy250,inEnemy300,firstFlagSight,pickups,captured,carrierDeaths,carrierRounds,carrierMoves,enemyCarrierKills,trapsBuilt,trapsHit,kills,deaths,meanAlive,postPickups,firstGrabs,regrabs,relayPickups,carrierDeathDist,damStage199,enemyRegrabs,enemyFirstGrabs
gauntlet/20261002-042718-scrim-b2rg/losses/ColtG5.Goob_final__Ambush__botA.bc24,ColtG5.Goob_final,1,A,b2rg,0,534,CAPTURE,2300,2900,201,8,4,201,6,1,4,59,25,5,86,75,184,79,46.6,6,4,2,0,9.3,49,1,7
gauntlet/20261002-042718-scrim-b2rg/losses/ColtG5.Goob_final__Ambush__botA.bc24,ColtG5.Goob_final,0,B,Goob_final,1,534,CAPTURE,2300,6200,201,21,18,201,8,3,5,92,41,4,102,90,79,184,41.6,8,7,1,0,8.2,47,2,4
gauntlet/20261002-042718-scrim-b2rg/losses/CyrilSharma.finalBot__Decision__botB.bc24,CyrilSharma.finalBot,0,A,finalBot,1,877,CAPTURE,1100,1300,205,37,38,268,11,3,8,406,202,16,138,102,105,74,48.1,11,9,2,0,48.8,24,9,7
gauntlet/20261002-042718-scrim-b2rg/losses/CyrilSharma.finalBot__Decision__botB.bc24,CyrilSharma.finalBot,1,B,b2rg,0,877,CAPTURE,1800,2000,202,18,13,252,16,0,16,281,130,8,78,62,74,105,47.1,16,7,9,0,37.9,39,2,9
gauntlet/20261002-042718-scrim-b2rg/losses/CyrilSharma.finalBot__Bunkers__botA.bc24,CyrilSharma.finalBot,1,A,b2rg,0,834,CAPTURE,2800,2800,201,17,8,232,5,1,4,27,11,13,105,96,236,243,43.1,5,2,3,0,13.3,42,7,9
gauntlet/20261002-042718-scrim-b2rg/losses/CyrilSharma.finalBot__Bunkers__botA.bc24,CyrilSharma.finalBot,0,B,finalBot,1,834,CAPTURE,2800,2800,201,19,26,217,16,3,13,262,121,4,251,233,243,236,43.2,16,9,7,0,19.4,41,3,2
gauntlet/20261002-042718-scrim-b2rg/losses/ColtG5.Goob_final__Swoop__botB.bc24,ColtG5.Goob_final,0,A,Goob_final,1,1118,CAPTURE,4300,4300,201,18,12,217,8,3,5,170,80,4,178,171,263,607,36.8,8,6,2,0,24.4,46,2,4
gauntlet/20261002-042718-scrim-b2rg/losses/ColtG5.Goob_final__Swoop__botB.bc24,ColtG5.Goob_final,1,B,b2rg,0,1118,CAPTURE,4300,4300,201,19,20,231,6,2,4,155,75,5,153,145,607,263,44.4,6,4,2,0,19.5,47,2,6
gauntlet/20261002-042718-scrim-b2rg/losses/ColtG5.Goob_final__Gated__botA.bc24,ColtG5.Goob_final,1,A,b2rg,0,2000,MORE_FLAG_CAPTURES,1500,1900,209,0,5,473,2,0,2,4,1,8,217,212,1115,427,44.8,2,1,1,0,20.0,40,1,8
gauntlet/20261002-042718-scrim-b2rg/losses/ColtG5.Goob_final__Gated__botA.bc24,ColtG5.Goob_final,0,B,Goob_final,1,2000,MORE_FLAG_CAPTURES,1500,2900,208,42,19,241,9,1,8,114,56,2,256,241,427,1115,36.4,9,8,1,0,19.8,41,1,1
gauntlet/20261002-042718-scrim-b2rg/losses/ColtG5.Goob_final__Joker__botB.bc24,ColtG5.Goob_final,0,A,Goob_final,1,2000,MORE_FLAG_CAPTURES,14500,26900,201,31,10,246,12,2,10,187,85,4,410,364,422,924,38.7,12,9,3,0,20.7,42,2,2
gauntlet/20261002-042718-scrim-b2rg/losses/ColtG5.Goob_final__Joker__botB.bc24,ColtG5.Goob_final,1,B,b2rg,0,2000,MORE_FLAG_CAPTURES,14500,15100,204,22,17,229,4,0,4,51,22,10,363,345,924,422,44.9,4,2,2,0,16.8,46,3,9
gauntlet/20261002-042718-scrim-b2rg/losses/CyrilSharma.finalBot__EvilGrin__botB.bc24,CyrilSharma.finalBot,0,A,finalBot,1,1850,CAPTURE,2000,6000,204,19,26,257,13,3,10,226,123,5,614,601,590,595,42.2,13,8,5,0,25.4,38,3,2
gauntlet/20261002-042718-scrim-b2rg/losses/CyrilSharma.finalBot__EvilGrin__botB.bc24,CyrilSharma.finalBot,1,B,b2rg,0,1850,CAPTURE,2000,3400,206,7,8,290,5,0,5,23,8,10,214,207,595,590,42.3,5,2,3,0,17.4,47,5,8
gauntlet/20261002-042718-scrim-b2rg/losses/Gymhgy.v10official__Asteroids__botA.bc24,Gymhgy.v10official,1,A,b2rg,0,432,CAPTURE,800,1700,210,0,0,389,3,0,2,61,29,2,41,38,31,41,48.0,3,2,1,0,28.0,39,1,4
gauntlet/20261002-042718-scrim-b2rg/losses/Gymhgy.v10official__Asteroids__botA.bc24,Gymhgy.v10official,0,B,v10official,1,432,CAPTURE,800,4600,210,31,36,256,36,3,2,720,62,2,77,57,41,31,48.3,33,4,1,28,37.5,41,1,2
gauntlet/20261002-042718-scrim-b2rg/losses/CyrilSharma.finalBot__Whirlpool__botA.bc24,CyrilSharma.finalBot,1,A,b2rg,0,1066,CAPTURE,2800,2800,201,14,9,397,0,0,0,0,0,2,111,105,299,365,41.7,0,0,0,0,,46,2,3
gauntlet/20261002-042718-scrim-b2rg/losses/CyrilSharma.finalBot__Whirlpool__botA.bc24,CyrilSharma.finalBot,0,B,finalBot,1,1066,CAPTURE,2800,7200,201,31,22,235,5,3,2,171,82,0,322,317,365,299,43.2,5,3,2,0,18.5,46,0,0
gauntlet/20261002-042718-scrim-b2rg/losses/Gymhgy.v10official__Backslash__botA.bc24,Gymhgy.v10official,1,A,b2rg,0,565,CAPTURE,4700,15400,201,26,24,259,13,0,12,203,90,4,138,125,47,93,46.0,13,9,4,0,30.4,48,1,6
gauntlet/20261002-042718-scrim-b2rg/losses/Gymhgy.v10official__Backslash__botA.bc24,Gymhgy.v10official,0,B,v10official,1,565,CAPTURE,4700,14700,201,29,6,210,30,3,4,700,155,12,147,117,93,47,48.0,27,6,1,20,26.0,47,4,9
gauntlet/20261002-042718-scrim-b2rg/losses/CyrilSharma.finalBot__OceanFloor__botA.bc24,CyrilSharma.finalBot,1,A,b2rg,0,2000,MORE_FLAG_CAPTURES,1400,1400,201,18,13,212,8,0,8,78,36,7,219,193,523,479,44.2,8,5,3,0,22.8,45,1,8
gauntlet/20261002-042718-scrim-b2rg/losses/CyrilSharma.finalBot__OceanFloor__botA.bc24,CyrilSharma.finalBot,0,B,finalBot,1,2000,MORE_FLAG_CAPTURES,1400,1400,201,32,25,214,9,2,7,255,126,8,536,528,479,523,43.6,9,8,1,0,45.1,42,3,5
gauntlet/20261002-042718-scrim-b2rg/losses/Gymhgy.v10official__Decision__botB.bc24,Gymhgy.v10official,0,A,v10official,1,824,CAPTURE,1900,1900,202,28,19,396,51,3,4,803,93,15,84,78,120,73,47.9,48,4,3,41,26.5,30,8,9
gauntlet/20261002-042718-scrim-b2rg/losses/Gymhgy.v10official__Decision__botB.bc24,Gymhgy.v10official,1,B,b2rg,0,824,CAPTURE,1900,1900,202,25,34,241,17,1,15,453,213,4,61,55,73,120,46.4,17,9,8,0,35.7,42,3,4
gauntlet/20261002-042718-scrim-b2rg/losses/Gymhgy.v10official__DefaultLarge__botB.bc24,Gymhgy.v10official,0,A,v10official,1,698,CAPTURE,1800,5500,202,35,45,338,73,3,6,846,106,10,133,126,92,59,48.0,70,8,2,60,31.3,43,7,3
gauntlet/20261002-042718-scrim-b2rg/losses/Gymhgy.v10official__DefaultLarge__botB.bc24,Gymhgy.v10official,1,B,b2rg,0,698,CAPTURE,1800,3600,235,1,7,365,10,0,10,174,82,6,81,74,59,92,46.8,10,3,7,0,29.6,44,2,8
gauntlet/20261002-042718-scrim-b2rg/losses/Gymhgy.v10official__CH3353C4K3F4CT0RY__botA.bc24,Gymhgy.v10official,1,A,b2rg,0,2000,MORE_FLAG_CAPTURES,13000,13100,214,10,12,270,3,0,3,44,21,31,327,314,735,342,45.8,3,1,2,0,16.0,46,8,29
gauntlet/20261002-042718-scrim-b2rg/losses/Gymhgy.v10official__CH3353C4K3F4CT0RY__botA.bc24,Gymhgy.v10official,0,B,v10official,1,2000,MORE_FLAG_CAPTURES,13000,13300,202,8,29,272,59,2,31,702,47,3,464,426,342,735,41.1,56,29,8,19,25.2,44,2,1
gauntlet/20261002-042718-scrim-b2rg/losses/IvanGeffner.kuma__Occulus__botA.bc24,IvanGeffner.kuma,1,A,b2rg,0,478,CAPTURE,1800,1800,201,0,0,0,0,0,0,0,0,1,61,57,40,138,43.3,0,0,0,0,,40,0,4
gauntlet/20261002-042718-scrim-b2rg/losses/IvanGeffner.kuma__Occulus__botA.bc24,IvanGeffner.kuma,0,B,kuma,1,478,CAPTURE,1800,9600,201,32,45,294,14,3,1,133,65,0,175,122,138,40,48.0,14,4,0,10,19.0,37,0,0
gauntlet/20261002-042718-scrim-b2rg/losses/Gymhgy.v10official__Klein__botB.bc24,Gymhgy.v10official,0,A,v10official,1,2000,MORE_FLAG_CAPTURES,7800,7800,202,27,38,222,37,2,6,838,303,3,277,257,333,488,44.1,34,5,3,26,16.3,48,0,4
gauntlet/20261002-042718-scrim-b2rg/losses/Gymhgy.v10official__Klein__botB.bc24,Gymhgy.v10official,1,B,b2rg,0,2000,MORE_FLAG_CAPTURES,6600,6600,203,17,16,302,4,1,3,356,177,6,223,210,488,333,45.9,4,4,0,0,17.0,47,3,5
gauntlet/20261002-042718-scrim-b2rg/losses/IvanGeffner.kuma__Backslash__botA.bc24,IvanGeffner.kuma,1,A,b2rg,0,1909,CAPTURE,4700,18600,201,16,15,211,0,0,0,0,0,17,321,321,425,923,38.2,0,0,0,0,,48,8,14
gauntlet/20261002-042718-scrim-b2rg/losses/IvanGeffner.kuma__Backslash__botA.bc24,IvanGeffner.kuma,0,B,kuma,1,1909,CAPTURE,1800,12600,203,19,20,312,62,3,17,181,94,0,778,716,923,425,44.6,62,14,8,40,22.9,32,0,0
gauntlet/20261002-042718-scrim-b2rg/losses/IvanGeffner.kuma__EndAround__botA.bc24,IvanGeffner.kuma,1,A,b2rg,0,2000,MORE_FLAG_CAPTURES,1900,7000,203,26,26,1227,3,0,3,8,1,6,256,240,397,478,44.2,3,2,1,0,15.7,46,2,6
gauntlet/20261002-042718-scrim-b2rg/losses/IvanGeffner.kuma__EndAround__botA.bc24,IvanGeffner.kuma,0,B,kuma,1,2000,MORE_FLAG_CAPTURES,2500,3100,209,0,0,558,17,1,6,143,67,3,512,486,478,397,45.2,17,6,2,9,22.5,47,1,2
gauntlet/20261002-042718-scrim-b2rg/losses/NotLLeon.v3__Backslash__botA.bc24,NotLLeon.v3,1,A,b2rg,0,456,CAPTURE,4700,15700,201,36,27,211,1,1,0,146,68,4,133,115,75,67,46.4,1,1,0,0,,48,1,6
gauntlet/20261002-042718-scrim-b2rg/losses/NotLLeon.v3__Backslash__botA.bc24,NotLLeon.v3,0,B,v3,1,456,CAPTURE,3500,12000,201,25,17,222,17,3,4,223,89,0,131,115,67,75,46.1,17,6,1,10,17.5,48,0,1
gauntlet/20261002-042718-scrim-b2rg/losses/IvanGeffner.kuma__Swoop__botA.bc24,IvanGeffner.kuma,1,A,b2rg,0,419,CAPTURE,4300,4300,201,18,10,227,1,1,0,45,23,3,65,63,15,103,44.2,1,1,0,0,,47,2,4
gauntlet/20261002-042718-scrim-b2rg/losses/IvanGeffner.kuma__Swoop__botA.bc24,IvanGeffner.kuma,0,B,kuma,1,419,CAPTURE,4300,4300,201,32,28,226,10,3,3,145,71,0,126,92,103,15,49.1,10,4,2,4,29.7,47,0,1
gauntlet/20261002-042718-scrim-b2rg/losses/IvanGeffner.kuma__Racetrack__botA.bc24,IvanGeffner.kuma,1,A,b2rg,0,741,CAPTURE,0,0,202,21,14,242,9,1,8,117,57,8,31,27,95,205,43.2,9,2,7,0,31.8,24,3,10
gauntlet/20261002-042718-scrim-b2rg/losses/IvanGeffner.kuma__Racetrack__botA.bc24,IvanGeffner.kuma,0,B,kuma,1,741,CAPTURE,0,0,214,10,28,332,22,3,8,204,98,8,68,62,205,95,47.1,22,10,3,9,34.8,16,7,2
gauntlet/20261002-042718-scrim-b2rg/losses/NotLLeon.v3__Backslash__botB.bc24,NotLLeon.v3,0,A,v3,1,369,CAPTURE,4700,15900,205,29,17,234,18,3,3,137,61,9,122,105,54,24,48.4,18,3,3,12,11.0,48,4,6
gauntlet/20261002-042718-scrim-b2rg/losses/NotLLeon.v3__Backslash__botB.bc24,NotLLeon.v3,1,B,b2rg,0,369,CAPTURE,4700,14700,201,31,26,236,10,1,9,87,30,3,109,78,24,54,46.9,10,6,4,0,20.8,48,3,3
gauntlet/20261002-042718-scrim-b2rg/losses/NotLLeon.v3__Pancakes__botB.bc24,NotLLeon.v3,0,A,v3,1,452,CAPTURE,0,3200,209,9,27,292,17,3,5,173,72,12,76,76,38,60,46.9,17,4,4,9,21.6,47,8,7
gauntlet/20261002-042718-scrim-b2rg/losses/NotLLeon.v3__Pancakes__botB.bc24,NotLLeon.v3,1,B,b2rg,0,452,CAPTURE,0,4600,202,21,15,220,15,1,12,204,99,5,82,69,60,38,47.9,15,7,8,0,19.6,48,4,4
gauntlet/20261002-042718-scrim-b2rg/losses/NotLLeon.v3__ORV__botA.bc24,NotLLeon.v3,1,A,b2rg,0,580,CAPTURE,3200,4700,208,19,6,228,7,1,6,50,22,15,98,84,111,77,46.8,7,2,5,0,20.8,47,12,6
gauntlet/20261002-042718-scrim-b2rg/losses/NotLLeon.v3__ORV__botA.bc24,NotLLeon.v3,0,B,v3,1,580,CAPTURE,3200,6500,209,26,22,256,29,3,15,264,101,6,123,116,77,111,45.4,29,6,12,11,17.6,46,5,2
gauntlet/20261002-042718-scrim-b2rg/losses/NotLLeon.v3__Gated__botB.bc24,NotLLeon.v3,0,A,v3,1,2000,MORE_FLAG_CAPTURES,1500,2300,208,19,20,235,5,2,3,156,75,21,293,286,452,532,43.6,5,5,0,0,21.0,37,12,9
gauntlet/20261002-042718-scrim-b2rg/losses/NotLLeon.v3__Gated__botB.bc24,NotLLeon.v3,1,B,b2rg,0,2000,MORE_FLAG_CAPTURES,1500,2500,205,18,11,236,21,0,21,114,48,3,219,204,532,452,44.5,21,9,12,0,20.0,38,0,5
gauntlet/20261002-042718-scrim-b2rg/losses/NotLLeon.v3__Waterworld__botB.bc24,NotLLeon.v3,0,A,v3,1,1712,CAPTURE,10300,12800,226,2,5,374,55,3,29,405,167,2,284,269,360,503,42.9,55,16,16,23,23.1,23,1,1
gauntlet/20261002-042718-scrim-b2rg/losses/NotLLeon.v3__Waterworld__botB.bc24,NotLLeon.v3,1,B,b2rg,0,1712,CAPTURE,13900,20400,203,25,27,300,2,0,2,15,5,29,291,262,503,360,44.9,2,1,1,0,24.5,46,16,16
gauntlet/20261002-042718-scrim-b2rg/losses/SampleProvider.TSPAARKSPRINT1__Snake__botB.bc24,SampleProvider.TSPAARKSPRINT1,0,A,TSPAARKSPRINT1,1,795,CAPTURE,13100,23300,203,26,20,224,25,3,19,955,324,21,128,118,130,121,46.1,22,7,15,0,17.1,35,10,12
gauntlet/20261002-042718-scrim-b2rg/losses/SampleProvider.TSPAARKSPRINT1__Snake__botB.bc24,SampleProvider.TSPAARKSPRINT1,1,B,b2rg,0,795,CAPTURE,13100,33600,204,35,29,244,22,1,21,417,203,19,357,317,121,130,46.1,22,12,10,0,31.5,46,15,7
gauntlet/20261002-042718-scrim-b2rg/losses/SampleProvider.TSPAARKSPRINT1__Soccer__botB.bc24,SampleProvider.TSPAARKSPRINT1,0,A,TSPAARKSPRINT1,1,650,CAPTURE,3000,3200,202,12,29,271,18,3,12,678,215,20,52,42,79,79,46.9,15,8,7,0,26.3,34,13,8
gauntlet/20261002-042718-scrim-b2rg/losses/SampleProvider.TSPAARKSPRINT1__Soccer__botB.bc24,SampleProvider.TSPAARKSPRINT1,1,B,b2rg,0,650,CAPTURE,3000,3000,210,26,33,238,21,1,20,263,122,12,83,77,79,79,47.0,21,8,13,0,30.4,33,7,8
gauntlet/20261002-042718-scrim-b2rg/losses/SampleProvider.TSPAARKSPRINT1__QuestionableChess__botB.bc24,SampleProvider.TSPAARKSPRINT1,0,A,TSPAARKSPRINT1,1,1602,CAPTURE,0,0,201,5,4,276,43,3,37,722,341,80,65,62,207,493,42.5,40,26,14,0,18.0,34,44,37
gauntlet/20261002-042718-scrim-b2rg/losses/SampleProvider.TSPAARKSPRINT1__QuestionableChess__botB.bc24,SampleProvider.TSPAARKSPRINT1,1,B,b2rg,0,1602,CAPTURE,0,0,203,29,18,227,81,1,80,626,284,37,166,151,493,207,46.9,81,37,44,0,20.7,42,14,26
gauntlet/20261002-042718-scrim-b2rg/losses/Strequals.duck0127v5__Canals__botA.bc24,Strequals.duck0127v5,1,A,b2rg,0,582,CAPTURE,4600,4600,225,1,3,437,7,0,7,26,11,2,96,87,30,101,45.9,7,3,4,0,16.1,47,1,4
gauntlet/20261002-042718-scrim-b2rg/losses/Strequals.duck0127v5__Canals__botA.bc24,Strequals.duck0127v5,0,B,duck0127v5,1,582,CAPTURE,4600,6300,203,25,31,285,5,3,2,246,118,7,197,168,101,30,48.8,5,4,1,0,16.5,45,4,3
gauntlet/20261002-042718-scrim-b2rg/losses/SampleProvider.TSPAARKSPRINT1__Waterworld__botA.bc24,SampleProvider.TSPAARKSPRINT1,1,A,b2rg,0,1056,CAPTURE,13900,19300,219,45,45,241,12,1,11,399,189,47,222,210,252,114,47.3,12,8,4,0,20.2,44,29,21
gauntlet/20261002-042718-scrim-b2rg/losses/SampleProvider.TSPAARKSPRINT1__Waterworld__botA.bc24,SampleProvider.TSPAARKSPRINT1,0,B,TSPAARKSPRINT1,1,1056,CAPTURE,13900,16000,203,0,1,335,53,3,47,1133,431,11,59,44,114,252,44.0,50,21,29,0,20.8,36,4,8
gauntlet/20261002-042718-scrim-b2rg/losses/Strequals.duck0127v5__MIT__botB.bc24,Strequals.duck0127v5,0,A,duck0127v5,1,999,CAPTURE,7200,42300,212,11,24,281,19,3,16,441,205,26,352,293,222,146,46.4,19,14,5,0,47.1,48,15,12
gauntlet/20261002-042718-scrim-b2rg/losses/Strequals.duck0127v5__MIT__botB.bc24,Strequals.duck0127v5,1,B,b2rg,0,999,CAPTURE,7200,14900,202,16,18,255,27,1,26,284,126,16,231,215,146,222,44.6,27,12,15,0,33.8,48,5,14
gauntlet/20261002-042718-scrim-b2rg/losses/Strequals.duck0127v5__Divergent__botB.bc24,Strequals.duck0127v5,0,A,duck0127v5,1,2000,LEVEL_SUM,3700,3700,203,5,12,244,24,0,24,276,144,24,304,258,394,249,47.0,24,21,3,0,28.6,31,11,13
gauntlet/20261002-042718-scrim-b2rg/losses/Strequals.duck0127v5__Divergent__botB.bc24,Strequals.duck0127v5,1,B,b2rg,0,2000,LEVEL_SUM,3700,3700,206,12,12,264,24,0,24,181,72,24,230,207,249,394,45.2,24,13,11,0,27.6,46,3,21
gauntlet/20261002-042718-scrim-b2rg/losses/Strequals.duck0127v5__MazeRunner__botA.bc24,Strequals.duck0127v5,1,A,b2rg,0,2000,MORE_FLAG_CAPTURES,2600,5600,207,35,33,300,12,1,11,237,86,3,219,146,168,493,44.0,12,4,8,0,20.7,46,1,5
gauntlet/20261002-042718-scrim-b2rg/losses/Strequals.duck0127v5__MazeRunner__botA.bc24,Strequals.duck0127v5,0,B,duck0127v5,1,2000,MORE_FLAG_CAPTURES,2600,5000,208,1,3,271,6,2,3,812,463,11,400,347,493,168,47.9,6,5,1,0,25.7,14,8,4
gauntlet/20261002-042718-scrim-b2rg/losses/andli28.v9_USQuals_angle__EvilGrin__botB.bc24,andli28.v9_USQuals_angle,0,A,v9_USQuals_angle,1,588,CAPTURE,2000,8000,205,9,26,255,18,3,15,182,82,0,207,155,112,58,47.6,18,7,11,0,20.9,37,0,0
gauntlet/20261002-042718-scrim-b2rg/losses/andli28.v9_USQuals_angle__EvilGrin__botB.bc24,andli28.v9_USQuals_angle,1,B,b2rg,0,588,CAPTURE,2000,2200,205,13,0,0,0,0,0,0,0,15,63,61,58,112,45.6,0,0,0,0,,47,11,7
gauntlet/20261002-042718-scrim-b2rg/losses/andli28.v9_USQuals_angle__Battlecode24__botB.bc24,andli28.v9_USQuals_angle,0,A,v9_USQuals_angle,1,2000,MORE_FLAG_CAPTURES,12400,25300,206,18,16,271,5,2,2,1130,630,1,495,415,529,306,46.3,5,3,2,0,21.5,32,0,2
gauntlet/20261002-042718-scrim-b2rg/losses/andli28.v9_USQuals_angle__Battlecode24__botB.bc24,andli28.v9_USQuals_angle,1,B,b2rg,0,2000,MORE_FLAG_CAPTURES,12400,17200,202,24,31,272,2,1,1,197,91,2,362,311,306,529,43.6,2,2,0,0,18.0,26,2,3
gauntlet/20261002-042718-scrim-b2rg/losses/Strequals.duck0127v5__Rainbow__botA.bc24,Strequals.duck0127v5,1,A,b2rg,0,2000,MORE_FLAG_CAPTURES,6000,6000,201,4,7,324,12,0,12,66,31,14,249,231,312,652,42.1,12,9,3,0,28.3,46,10,6
gauntlet/20261002-042718-scrim-b2rg/losses/Strequals.duck0127v5__Rainbow__botA.bc24,Strequals.duck0127v5,0,B,duck0127v5,1,2000,MORE_FLAG_CAPTURES,6000,6000,201,12,30,304,16,2,14,209,98,12,507,456,652,312,46.2,16,6,10,0,25.9,42,3,9
gauntlet/20261002-042718-scrim-b2rg/losses/andli28.v9_USQuals_angle__Canals__botA.bc24,andli28.v9_USQuals_angle,1,A,b2rg,0,1567,CAPTURE,4600,4600,243,1,0,0,0,0,0,0,0,44,197,190,285,643,40.1,0,0,0,0,,47,21,26
gauntlet/20261002-042718-scrim-b2rg/losses/andli28.v9_USQuals_angle__Canals__botA.bc24,andli28.v9_USQuals_angle,0,B,v9_USQuals_angle,1,1567,CAPTURE,4600,6100,207,5,31,319,47,3,44,412,178,0,619,546,643,285,45.6,47,26,21,0,28.3,43,0,0
gauntlet/20261002-042718-scrim-b2rg/losses/andli28.v9_USQuals_angle__HeMustBeFreed__botB.bc24,andli28.v9_USQuals_angle,0,A,v9_USQuals_angle,1,1190,CAPTURE,2600,13100,203,17,19,304,11,3,8,1630,808,8,353,308,245,126,47.4,11,5,6,0,41.1,33,5,4
gauntlet/20261002-042718-scrim-b2rg/losses/andli28.v9_USQuals_angle__HeMustBeFreed__botB.bc24,andli28.v9_USQuals_angle,1,B,b2rg,0,1190,CAPTURE,5900,8200,201,18,18,206,9,1,8,317,152,8,122,86,126,245,45.0,9,4,5,0,44.0,32,6,5
gauntlet/20261002-042718-scrim-b2rg/losses/andli28.v9_USQuals_angle__Joker__botB.bc24,andli28.v9_USQuals_angle,0,A,v9_USQuals_angle,1,2000,MORE_FLAG_CAPTURES,14500,27500,206,13,11,271,14,2,12,152,67,18,590,489,601,295,46.4,14,8,6,0,23.5,41,10,9
gauntlet/20261002-042718-scrim-b2rg/losses/andli28.v9_USQuals_angle__Joker__botB.bc24,andli28.v9_USQuals_angle,1,B,b2rg,0,2000,MORE_FLAG_CAPTURES,14500,14800,202,22,23,217,19,1,18,191,82,12,352,321,295,601,42.7,19,9,10,0,27.4,45,6,8
gauntlet/20261002-042718-scrim-b2rg/losses/andrewgopher.player22__Digging__botB.bc24,andrewgopher.player22,0,A,player22,1,1584,CAPTURE,700,2000,209,14,32,265,14,3,8,177,80,1,377,343,946,740,38.6,11,7,4,0,25.4,39,0,1
gauntlet/20261002-042718-scrim-b2rg/losses/andrewgopher.player22__Digging__botB.bc24,andrewgopher.player22,1,B,b2rg,0,1584,CAPTURE,700,2600,222,0,4,283,1,0,1,8,4,8,187,186,740,946,35.6,1,1,0,0,18.0,40,4,7
gauntlet/20261002-042718-scrim-b2rg/losses/andrewgopher.player22__ORV__botA.bc24,andrewgopher.player22,1,A,b2rg,0,663,CAPTURE,3200,4400,209,0,0,0,0,0,0,0,0,4,97,93,229,179,43.5,0,0,0,0,,45,2,5
gauntlet/20261002-042718-scrim-b2rg/losses/andrewgopher.player22__ORV__botA.bc24,andrewgopher.player22,0,B,player22,1,663,CAPTURE,3200,6800,204,32,26,260,10,3,4,156,72,0,140,115,179,229,41.7,7,5,2,0,23.3,46,0,0
gauntlet/20261002-042718-scrim-b2rg/losses/andli28.v9_USQuals_angle__Valentine__botA.bc24,andli28.v9_USQuals_angle,1,A,b2rg,0,2000,MORE_FLAG_CAPTURES,1800,3000,211,0,0,708,0,0,0,0,0,10,237,215,332,429,44.8,0,0,0,0,,48,4,8
gauntlet/20261002-042718-scrim-b2rg/losses/andli28.v9_USQuals_angle__Valentine__botA.bc24,andli28.v9_USQuals_angle,0,B,v9_USQuals_angle,1,2000,MORE_FLAG_CAPTURES,1800,4900,211,15,26,380,12,2,10,205,96,0,467,407,429,332,46.0,12,8,4,0,39.6,42,0,0
gauntlet/20261002-042718-scrim-b2rg/losses/andrewgopher.player22__Mountain__botA.bc24,andrewgopher.player22,1,A,b2rg,0,2000,MORE_FLAG_CAPTURES,4100,5900,203,5,8,270,5,1,4,22,13,7,258,248,792,730,41.1,5,4,1,0,12.0,45,6,3
gauntlet/20261002-042718-scrim-b2rg/losses/andrewgopher.player22__Mountain__botA.bc24,andrewgopher.player22,0,B,player22,1,2000,MORE_FLAG_CAPTURES,4100,5300,201,18,18,203,12,2,7,280,129,4,265,241,730,792,40.4,9,3,6,0,12.9,43,1,4
gauntlet/20261002-042718-scrim-b2rg/losses/andrewgopher.player22__Diagonal__botA.bc24,andrewgopher.player22,1,A,b2rg,0,2000,LEVEL_SUM,5100,5100,201,14,11,305,19,0,19,231,109,0,251,197,234,220,47.3,19,15,4,0,26.4,37,0,0
gauntlet/20261002-042718-scrim-b2rg/losses/andrewgopher.player22__Diagonal__botA.bc24,andrewgopher.player22,0,B,player22,1,2000,LEVEL_SUM,5100,5100,201,18,24,255,3,0,0,3,0,19,264,211,220,234,47.1,0,0,0,0,,28,4,15
gauntlet/20261002-042718-scrim-b2rg/losses/andrewgopher.player22__StackGame__botB.bc24,andrewgopher.player22,0,A,player22,1,457,CAPTURE,4600,4600,205,29,21,249,8,3,2,135,64,0,97,91,83,123,43.7,5,5,0,0,13.5,46,0,0
gauntlet/20261002-042718-scrim-b2rg/losses/andrewgopher.player22__StackGame__botB.bc24,andrewgopher.player22,1,B,b2rg,0,457,CAPTURE,4600,4600,202,1,1,294,0,0,0,0,0,2,84,82,123,83,45.7,0,0,0,0,,45,0,5
gauntlet/20261002-042718-scrim-b2rg/losses/chenyx512.flagbot_final__AceOfSpades__botB.bc24,chenyx512.flagbot_final,0,A,flagbot_final,1,519,CAPTURE,1800,19200,203,14,14,219,10,3,4,756,299,4,316,255,109,12,49.2,7,5,2,0,17.8,44,3,1
gauntlet/20261002-042718-scrim-b2rg/losses/chenyx512.flagbot_final__AceOfSpades__botB.bc24,chenyx512.flagbot_final,1,B,b2rg,0,519,CAPTURE,1800,2400,202,32,24,233,4,0,4,60,25,4,70,68,12,109,44.9,4,1,3,0,19.8,44,2,5
gauntlet/20261002-042718-scrim-b2rg/losses/chenyx512.flagbot_final__Racetrack__botA.bc24,chenyx512.flagbot_final,1,A,b2rg,0,1179,CAPTURE,0,0,202,23,22,392,22,0,22,83,35,21,80,77,144,543,38.8,22,6,16,0,31.6,26,13,11
gauntlet/20261002-042718-scrim-b2rg/losses/chenyx512.flagbot_final__Racetrack__botA.bc24,chenyx512.flagbot_final,0,B,flagbot_final,1,1179,CAPTURE,0,0,208,27,28,283,27,3,21,952,285,22,261,209,543,144,46.9,24,11,13,0,28.1,20,16,6
gauntlet/20261002-042718-scrim-b2rg/losses/awu7.ExplosiveBot__Randy__botB.bc24,awu7.ExplosiveBot,0,A,ExplosiveBot,1,2000,MORE_FLAG_CAPTURES,3400,10800,201,5,6,208,77,2,30,327,120,19,164,137,259,1098,36.5,77,29,3,45,11.6,21,11,9
gauntlet/20261002-042718-scrim-b2rg/losses/awu7.ExplosiveBot__Randy__botB.bc24,awu7.ExplosiveBot,1,B,b2rg,0,2000,MORE_FLAG_CAPTURES,3400,5200,201,19,12,214,20,1,19,137,61,30,330,307,1098,259,46.8,20,9,11,0,11.2,38,3,29
gauntlet/20261002-042718-scrim-b2rg/losses/chenyx512.flagbot_final__Skyline__botB.bc24,chenyx512.flagbot_final,0,A,flagbot_final,1,861,CAPTURE,21600,21600,202,9,14,224,17,3,11,766,327,7,477,366,359,49,48.5,14,5,9,0,16.3,46,2,5
gauntlet/20261002-042718-scrim-b2rg/losses/chenyx512.flagbot_final__Skyline__botB.bc24,chenyx512.flagbot_final,1,B,b2rg,0,861,CAPTURE,21600,21600,201,31,21,206,7,0,7,163,77,11,272,265,49,359,40.0,7,5,2,0,13.1,47,9,5
gauntlet/20261002-042718-scrim-b2rg/losses/chenyx512.flagbot_final__Divergent__botB.bc24,chenyx512.flagbot_final,0,A,flagbot_final,1,2000,MORE_FLAG_CAPTURES,3700,3700,206,10,18,246,10,2,5,826,354,2,675,576,1062,204,47.5,7,6,1,0,25.4,41,0,2
gauntlet/20261002-042718-scrim-b2rg/losses/chenyx512.flagbot_final__Divergent__botB.bc24,chenyx512.flagbot_final,1,B,b2rg,0,2000,MORE_FLAG_CAPTURES,3700,3700,204,0,2,429,2,0,2,1,0,5,230,214,204,1062,37.0,2,2,0,0,28.5,47,1,6
gauntlet/20261002-042718-scrim-b2rg/losses/chenyx512.flagbot_final__Swoop__botA.bc24,chenyx512.flagbot_final,1,A,b2rg,0,1072,CAPTURE,4300,4300,201,30,22,226,22,2,19,292,136,17,132,123,98,282,43.6,22,10,12,0,24.1,47,6,14
gauntlet/20261002-042718-scrim-b2rg/losses/chenyx512.flagbot_final__Swoop__botA.bc24,chenyx512.flagbot_final,0,B,flagbot_final,1,1072,CAPTURE,4300,4300,201,25,11,234,23,3,17,874,369,19,248,230,282,98,47.7,20,14,6,0,25.3,47,12,10
gauntlet/20261002-042718-scrim-b2rg/losses/chenyx512.flagbot_final__Tunnels__botB.bc24,chenyx512.flagbot_final,0,A,flagbot_final,1,1428,CAPTURE,2400,3600,203,0,3,240,14,3,8,771,300,0,357,259,417,225,46.1,11,3,8,0,10.8,33,0,0
gauntlet/20261002-042718-scrim-b2rg/losses/chenyx512.flagbot_final__Tunnels__botB.bc24,chenyx512.flagbot_final,1,B,b2rg,0,1428,CAPTURE,2400,3000,204,0,0,0,0,0,0,0,0,8,158,156,225,417,43.1,0,0,0,0,,30,8,3
gauntlet/20261002-042718-scrim-b2rg/losses/dmtrung14.defaultplayer_intlqualifier__KingQuacksCastle__botB.bc24,dmtrung14.defaultplayer_intlqualifier,0,A,defaultplayer_intlqualifier,1,347,CAPTURE,1600,3700,204,19,7,224,34,3,0,359,71,2,43,36,15,64,45.5,31,3,0,28,,48,0,2
gauntlet/20261002-042718-scrim-b2rg/losses/dmtrung14.defaultplayer_intlqualifier__KingQuacksCastle__botB.bc24,dmtrung14.defaultplayer_intlqualifier,1,B,b2rg,0,347,CAPTURE,1600,3800,205,15,27,238,2,0,2,6,3,0,44,42,64,15,49.1,2,2,0,0,31.5,48,0,3
gauntlet/20261002-042718-scrim-b2rg/losses/clbarrell.duck8__QuestionableChess__botB.bc24,clbarrell.duck8,0,A,duck8,1,463,CAPTURE,0,0,201,19,31,209,5,3,2,130,58,9,51,41,108,82,45.9,5,4,1,0,19.5,33,6,4
gauntlet/20261002-042718-scrim-b2rg/losses/clbarrell.duck8__QuestionableChess__botB.bc24,clbarrell.duck8,1,B,b2rg,0,463,CAPTURE,0,0,202,7,19,253,10,1,9,163,74,2,14,13,82,108,44.3,10,4,6,0,23.9,39,1,4
gauntlet/20261002-042718-scrim-b2rg/losses/dmtrung14.defaultplayer_intlqualifier__DefaultLarge__botA.bc24,dmtrung14.defaultplayer_intlqualifier,1,A,b2rg,0,545,CAPTURE,1800,4200,202,22,24,262,11,0,11,252,121,4,50,46,122,39,48.2,11,4,7,0,43.3,44,1,6
gauntlet/20261002-042718-scrim-b2rg/losses/dmtrung14.defaultplayer_intlqualifier__DefaultLarge__botA.bc24,dmtrung14.defaultplayer_intlqualifier,0,B,defaultplayer_intlqualifier,1,545,CAPTURE,1800,4900,215,0,26,311,73,3,4,477,117,11,64,61,39,122,44.4,70,6,1,63,42.0,38,7,4
gauntlet/20261002-042718-scrim-b2rg/losses/dmtrung14.defaultplayer_intlqualifier__Battlecode24__botA.bc24,dmtrung14.defaultplayer_intlqualifier,1,A,b2rg,0,2000,MORE_FLAG_CAPTURES,12000,16500,203,13,17,244,14,0,14,145,69,2,300,145,543,39,49.5,14,8,6,0,24.4,26,2,1
gauntlet/20261002-042718-scrim-b2rg/losses/dmtrung14.defaultplayer_intlqualifier__Battlecode24__botA.bc24,dmtrung14.defaultplayer_intlqualifier,0,B,defaultplayer_intlqualifier,1,2000,MORE_FLAG_CAPTURES,10400,17400,202,9,11,274,25,1,2,321,60,14,90,60,39,543,43.4,22,1,2,19,31.0,22,6,8
gauntlet/20261002-042718-scrim-b2rg/losses/clbarrell.duck8__GaltonBoard__botB.bc24,clbarrell.duck8,0,A,duck8,1,2000,MORE_FLAG_CAPTURES,0,35300,201,5,8,253,5,1,4,55,20,2,579,503,531,1054,37.2,5,4,1,0,22.3,39,0,2
gauntlet/20261002-042718-scrim-b2rg/losses/clbarrell.duck8__GaltonBoard__botB.bc24,clbarrell.duck8,1,B,b2rg,0,2000,MORE_FLAG_CAPTURES,0,2500,207,11,1,920,2,0,2,10,3,4,235,226,1054,531,43.5,2,2,0,0,20.0,39,1,4
gauntlet/20261002-042718-scrim-b2rg/losses/hsmalladi.finalbot__AceOfSpades__botA.bc24,hsmalladi.finalbot,1,A,b2rg,0,400,CAPTURE,1800,3300,202,10,10,245,5,0,4,127,56,2,61,56,39,74,45.5,5,3,2,0,15.5,45,2,4
gauntlet/20261002-042718-scrim-b2rg/losses/hsmalladi.finalbot__AceOfSpades__botA.bc24,hsmalladi.finalbot,0,B,finalbot,1,400,CAPTURE,1800,18300,205,31,33,226,17,3,2,828,170,4,220,173,74,39,47.6,14,4,2,8,9.5,43,2,3
gauntlet/20261002-042718-scrim-b2rg/losses/dmtrung14.defaultplayer_intlqualifier__QueenOfHearts__botA.bc24,dmtrung14.defaultplayer_intlqualifier,1,A,b2rg,0,2000,MORE_FLAG_CAPTURES,3500,3500,201,25,21,265,13,0,13,433,215,15,173,67,331,57,49.3,13,10,3,0,29.0,43,4,12
gauntlet/20261002-042718-scrim-b2rg/losses/dmtrung14.defaultplayer_intlqualifier__QueenOfHearts__botA.bc24,dmtrung14.defaultplayer_intlqualifier,0,B,defaultplayer_intlqualifier,1,2000,MORE_FLAG_CAPTURES,3500,3500,201,12,17,210,51,1,15,569,143,13,94,84,57,331,45.9,48,12,4,32,22.5,37,3,10
gauntlet/20261002-042718-scrim-b2rg/losses/hsmalladi.finalbot__WheresMyWater__botA.bc24,hsmalladi.finalbot,1,A,b2rg,0,405,CAPTURE,3000,4800,201,9,1,254,3,1,1,40,19,2,64,63,69,43,47.6,3,2,1,0,9.0,44,2,3
gauntlet/20261002-042718-scrim-b2rg/losses/hsmalladi.finalbot__WheresMyWater__botA.bc24,hsmalladi.finalbot,0,B,finalbot,1,405,CAPTURE,3000,3600,201,2,23,201,15,3,2,677,150,1,46,41,43,69,45.8,12,3,2,7,4.5,45,1,2
gauntlet/20261002-042718-scrim-b2rg/losses/hsmalladi.finalbot__Fountain__botB.bc24,hsmalladi.finalbot,0,A,finalbot,1,1847,CAPTURE,1500,2500,222,6,6,246,44,3,21,928,302,14,240,238,515,681,41.0,41,9,15,17,18.2,44,3,12
gauntlet/20261002-042718-scrim-b2rg/losses/hsmalladi.finalbot__Fountain__botB.bc24,hsmalladi.finalbot,1,B,b2rg,0,1847,CAPTURE,1700,2900,212,13,15,270,15,1,14,803,383,21,202,198,681,515,43.2,15,12,3,0,20.1,45,15,9
gauntlet/20261002-042718-scrim-b2rg/losses/hsmalladi.finalbot__ORV__botB.bc24,hsmalladi.finalbot,0,A,finalbot,1,567,CAPTURE,3200,8000,207,14,10,249,20,3,8,817,224,0,122,113,112,89,46.2,17,4,7,6,13.9,48,0,1
gauntlet/20261002-042718-scrim-b2rg/losses/hsmalladi.finalbot__ORV__botB.bc24,hsmalladi.finalbot,1,B,b2rg,0,567,CAPTURE,3200,3200,205,23,14,233,1,0,0,12,6,8,82,63,89,112,45.2,1,1,0,0,,46,7,4
gauntlet/20261002-042718-scrim-b2rg/losses/hsmalladi.finalbot__HeMustBeFreed__botB.bc24,hsmalladi.finalbot,0,A,finalbot,1,675,CAPTURE,5900,9300,201,32,31,224,16,3,7,1048,232,6,86,81,85,66,47.6,13,4,6,3,33.7,43,1,6
gauntlet/20261002-042718-scrim-b2rg/losses/hsmalladi.finalbot__HeMustBeFreed__botB.bc24,hsmalladi.finalbot,1,B,b2rg,0,675,CAPTURE,5900,6200,201,9,13,281,7,1,6,219,104,7,82,67,66,85,47.0,7,6,1,0,48.2,34,6,4
gauntlet/20261002-042718-scrim-b2rg/losses/jmerle.camel_case_v21_final__Canals__botA.bc24,jmerle.camel_case_v21_final,1,A,b2rg,0,431,CAPTURE,4600,4600,220,3,4,0,0,0,0,0,0,6,83,76,82,137,42.2,0,0,0,0,,47,4,5
gauntlet/20261002-042718-scrim-b2rg/losses/jmerle.camel_case_v21_final__Canals__botA.bc24,jmerle.camel_case_v21_final,0,B,camel_case_v21_final,1,431,CAPTURE,4600,5600,202,42,33,233,9,3,6,169,80,0,127,114,137,82,45.5,9,5,4,0,31.7,48,0,0
gauntlet/20261002-042718-scrim-b2rg/losses/jmerle.camel_case_v21_final__Battlecode24__botA.bc24,jmerle.camel_case_v21_final,1,A,b2rg,0,1140,CAPTURE,12400,14800,203,0,0,380,5,0,5,72,35,3,235,224,426,457,40.3,5,4,1,0,15.6,24,0,6
gauntlet/20261002-042718-scrim-b2rg/losses/jmerle.camel_case_v21_final__Battlecode24__botA.bc24,jmerle.camel_case_v21_final,0,B,camel_case_v21_final,1,1140,CAPTURE,9600,27700,202,39,41,231,6,3,3,288,136,5,507,502,457,426,40.9,6,6,0,0,23.7,35,1,4
gauntlet/20261002-042718-scrim-b2rg/losses/jmerle.camel_case_v21_final__Fountain__botA.bc24,jmerle.camel_case_v21_final,1,A,b2rg,0,379,CAPTURE,1700,2000,362,0,0,374,0,0,0,0,0,1,36,31,81,78,44.9,0,0,0,0,,43,0,4
gauntlet/20261002-042718-scrim-b2rg/losses/jmerle.camel_case_v21_final__Fountain__botA.bc24,jmerle.camel_case_v21_final,0,B,camel_case_v21_final,1,379,CAPTURE,1300,2800,207,31,33,218,4,3,1,151,75,0,48,46,78,81,45.1,4,4,0,0,22.0,43,0,0
gauntlet/20261002-042718-scrim-b2rg/losses/jmerle.camel_case_v21_final__Swoop__botA.bc24,jmerle.camel_case_v21_final,1,A,b2rg,0,534,CAPTURE,4300,4300,201,19,16,229,14,2,12,151,68,6,78,71,142,130,44.1,14,5,9,0,21.3,47,1,8
gauntlet/20261002-042718-scrim-b2rg/losses/jmerle.camel_case_v21_final__Swoop__botA.bc24,jmerle.camel_case_v21_final,0,B,camel_case_v21_final,1,534,CAPTURE,4300,4300,201,30,14,221,9,3,6,200,97,12,110,107,130,142,43.6,9,8,1,0,30.2,48,9,5
gauntlet/20261002-042718-scrim-b2rg/losses/hsmalladi.finalbot__WheresMyWater__botB.bc24,hsmalladi.finalbot,0,A,finalbot,1,1946,CAPTURE,2800,5100,201,15,14,201,63,3,44,991,281,3,336,327,795,870,39.1,60,22,26,12,19.7,42,0,4
gauntlet/20261002-042718-scrim-b2rg/losses/hsmalladi.finalbot__WheresMyWater__botB.bc24,hsmalladi.finalbot,1,B,b2rg,0,1946,CAPTURE,3000,4200,201,5,4,255,4,1,3,62,30,44,308,304,870,795,40.1,4,4,0,0,11.3,45,26,22
gauntlet/20261002-042718-scrim-b2rg/losses/jmerle.camel_case_v21_final__YearOfTheDragon__botA.bc24,jmerle.camel_case_v21_final,1,A,b2rg,0,557,CAPTURE,10800,10800,201,5,18,284,1,1,0,40,19,8,153,137,171,131,44.4,1,1,0,0,,47,5,6
gauntlet/20261002-042718-scrim-b2rg/losses/jmerle.camel_case_v21_final__YearOfTheDragon__botA.bc24,jmerle.camel_case_v21_final,0,B,camel_case_v21_final,1,557,CAPTURE,10800,10800,201,12,32,213,11,3,8,189,86,0,197,196,131,171,42.8,11,6,5,0,23.3,41,0,1
gauntlet/20261002-042718-scrim-b2rg/losses/jmerle.camel_case_v21_final__StackGame__botA.bc24,jmerle.camel_case_v21_final,1,A,b2rg,0,408,CAPTURE,4600,4600,356,0,0,364,1,1,0,24,12,1,78,74,79,77,45.5,1,1,0,0,,40,0,4
gauntlet/20261002-042718-scrim-b2rg/losses/jmerle.camel_case_v21_final__StackGame__botA.bc24,jmerle.camel_case_v21_final,0,B,camel_case_v21_final,1,408,CAPTURE,4600,4600,201,31,33,223,4,3,1,124,62,0,100,92,77,79,45.5,4,4,0,0,21.0,46,0,1
gauntlet/20261002-042718-scrim-b2rg/losses/kyleezz.jeeryfix3__Backslash__botB.bc24,kyleezz.jeeryfix3,0,A,jeeryfix3,1,327,CAPTURE,4700,19500,201,23,21,221,3,3,0,144,73,3,137,86,51,33,47.7,3,3,0,0,,50,2,1
gauntlet/20261002-042718-scrim-b2rg/losses/kyleezz.jeeryfix3__Backslash__botB.bc24,kyleezz.jeeryfix3,1,B,b2rg,0,327,CAPTURE,4700,11700,201,25,3,215,3,0,3,9,2,0,85,53,33,51,46.5,3,1,2,0,28.0,46,0,3
gauntlet/20261002-042718-scrim-b2rg/losses/quesswho.cretplayer2_3__AceOfSpades__botA.bc24,quesswho.cretplayer2_3,1,A,b2rg,0,696,CAPTURE,1800,1800,202,29,22,231,16,0,16,155,63,1,97,88,130,210,42.6,16,10,6,0,21.1,41,0,4
gauntlet/20261002-042718-scrim-b2rg/losses/quesswho.cretplayer2_3__AceOfSpades__botA.bc24,quesswho.cretplayer2_3,0,B,cretplayer2_3,1,696,CAPTURE,1800,19800,203,33,37,221,7,3,1,1000,202,16,294,288,210,130,44.7,4,4,0,0,22.0,38,6,10
gauntlet/20261002-042718-scrim-b2rg/losses/quesswho.cretplayer2_3__ORV__botA.bc24,quesswho.cretplayer2_3,1,A,b2rg,0,575,CAPTURE,3200,3500,204,13,10,203,10,1,8,118,50,2,80,71,119,84,46.5,10,7,3,0,22.9,47,1,4
gauntlet/20261002-042718-scrim-b2rg/losses/quesswho.cretplayer2_3__ORV__botA.bc24,quesswho.cretplayer2_3,0,B,cretplayer2_3,1,575,CAPTURE,3200,7700,206,24,11,243,8,3,2,919,171,8,116,107,84,119,44.2,5,4,1,0,20.5,37,3,7
gauntlet/20261002-042718-scrim-b2rg/losses/winkelmantanner.waffle__Islands__botB.bc24,winkelmantanner.waffle,0,A,waffle,1,487,CAPTURE,5800,5800,201,28,21,255,10,3,7,184,90,1,99,89,38,111,44.5,10,3,7,0,15.1,40,1,2
gauntlet/20261002-042718-scrim-b2rg/losses/winkelmantanner.waffle__Islands__botB.bc24,winkelmantanner.waffle,1,B,b2rg,0,487,CAPTURE,5800,5800,201,8,10,218,3,2,1,97,43,7,80,70,111,38,48.1,3,2,1,0,4.0,47,7,3
gauntlet/20261002-042718-scrim-b2rg/losses/kyleezz.jeeryfix3__Intercontinental__botB.bc24,kyleezz.jeeryfix3,0,A,jeeryfix3,1,2000,MORE_FLAG_CAPTURES,2400,5400,201,21,20,212,4,2,2,92,47,4,239,238,582,1386,33.2,4,4,0,0,23.5,47,2,3
gauntlet/20261002-042718-scrim-b2rg/losses/kyleezz.jeeryfix3__Intercontinental__botB.bc24,kyleezz.jeeryfix3,1,B,b2rg,0,2000,MORE_FLAG_CAPTURES,2400,3600,201,11,8,432,5,1,4,70,32,2,187,177,1386,582,42.9,5,3,2,0,20.5,48,0,4
gauntlet/20261002-042718-scrim-b2rg/losses/quesswho.cretplayer2_3__BigDucksBigPond__botA.bc24,quesswho.cretplayer2_3,1,A,b2rg,0,1024,CAPTURE,5100,7100,201,24,16,588,11,1,9,750,337,21,154,112,322,167,46.2,11,8,3,0,40.8,47,19,5
gauntlet/20261002-042718-scrim-b2rg/losses/quesswho.cretplayer2_3__BigDucksBigPond__botA.bc24,quesswho.cretplayer2_3,0,B,cretplayer2_3,1,1024,CAPTURE,4800,6900,201,13,15,239,27,3,21,1127,249,9,121,114,167,322,42.1,24,5,19,0,30.1,15,3,8
gauntlet/20261002-042718-scrim-b2rg/losses/quesswho.cretplayer2_3__Waterworld__botB.bc24,quesswho.cretplayer2_3,0,A,cretplayer2_3,1,1861,CAPTURE,13900,15400,225,11,17,316,57,3,51,1472,432,47,270,261,520,1156,34.6,54,15,39,0,24.0,4,23,24
gauntlet/20261002-042718-scrim-b2rg/losses/quesswho.cretplayer2_3__Waterworld__botB.bc24,quesswho.cretplayer2_3,1,B,b2rg,0,1861,CAPTURE,13900,16600,203,17,24,300,47,0,47,338,144,51,419,366,1156,520,43.2,47,24,23,0,28.8,43,39,15
gauntlet/20261002-042718-scrim-b2rg/replays/ColtG5.Goob_final__EvilGrin__botA.bc24,ColtG5.Goob_final,1,A,b2rg,1,2000,LEVEL_SUM,2000,2200,206,9,2,232,4,0,4,12,3,4,225,200,1387,484,44.1,4,2,2,0,18.8,45,0,4
gauntlet/20261002-042718-scrim-b2rg/replays/ColtG5.Goob_final__EvilGrin__botA.bc24,ColtG5.Goob_final,0,B,Goob_final,0,2000,LEVEL_SUM,2000,7600,203,29,22,256,4,0,4,32,13,4,321,295,484,1387,33.1,4,4,0,0,23.8,47,2,2
gauntlet/20261002-042718-scrim-b2rg/losses/winkelmantanner.waffle__Tunnels__botB.bc24,winkelmantanner.waffle,0,A,waffle,1,1527,CAPTURE,2400,3000,223,2,25,277,14,3,11,179,83,3,219,204,343,626,40.0,14,3,11,0,13.0,19,2,1
gauntlet/20261002-042718-scrim-b2rg/losses/winkelmantanner.waffle__Tunnels__botB.bc24,winkelmantanner.waffle,1,B,b2rg,0,1527,CAPTURE,2400,3600,203,1,1,410,3,0,3,24,8,11,174,170,626,343,44.5,3,1,2,0,13.0,35,11,3
gauntlet/20261002-042718-scrim-b2rg/replays/ColtG5.Goob_final__SteamboatMickey__botB.bc24,ColtG5.Goob_final,0,A,Goob_final,0,1708,CAPTURE,7300,18100,201,14,9,201,18,2,15,194,85,12,400,394,437,904,37.2,18,9,9,0,34.1,45,8,7
gauntlet/20261002-042718-scrim-b2rg/replays/ColtG5.Goob_final__SteamboatMickey__botB.bc24,ColtG5.Goob_final,1,B,b2rg,1,1708,CAPTURE,7300,8200,201,27,11,201,15,3,12,318,143,15,377,354,904,437,43.8,15,7,8,0,27.9,44,9,9
gauntlet/20261002-042718-scrim-b2rg/losses/winkelmantanner.waffle__Mountain__botB.bc24,winkelmantanner.waffle,0,A,waffle,1,2000,MORE_FLAG_CAPTURES,4100,5900,203,10,15,210,30,2,28,200,84,22,270,266,517,1062,37.0,30,12,18,0,22.0,35,11,12
gauntlet/20261002-042718-scrim-b2rg/losses/winkelmantanner.waffle__Mountain__botB.bc24,winkelmantanner.waffle,1,B,b2rg,0,2000,MORE_FLAG_CAPTURES,4100,5300,203,11,10,231,23,1,22,90,23,28,296,281,1062,517,43.7,23,12,11,0,21.6,44,18,12
gauntlet/20261002-042718-scrim-b2rg/replays/SampleProvider.TSPAARKSPRINT1__Foxes__botB.bc24,SampleProvider.TSPAARKSPRINT1,0,A,TSPAARKSPRINT1,0,1848,CAPTURE,7500,7500,204,30,19,228,34,2,29,896,323,111,145,112,288,393,44.8,31,14,17,0,24.6,34,55,59
gauntlet/20261002-042718-scrim-b2rg/replays/SampleProvider.TSPAARKSPRINT1__Foxes__botB.bc24,SampleProvider.TSPAARKSPRINT1,1,B,b2rg,1,1848,CAPTURE,7500,7500,202,26,23,232,114,3,111,814,403,29,320,280,393,288,46.2,114,59,55,0,23.5,40,17,14
gauntlet/20261002-042718-scrim-b2rg/replays/CyrilSharma.finalBot__Racetrack__botB.bc24,CyrilSharma.finalBot,0,A,finalBot,0,2000,MORE_FLAG_CAPTURES,0,0,205,9,10,684,1,1,0,40,24,17,227,224,485,810,40.2,1,1,0,0,,22,15,4
gauntlet/20261002-042718-scrim-b2rg/replays/CyrilSharma.finalBot__Racetrack__botB.bc24,CyrilSharma.finalBot,1,B,b2rg,1,2000,MORE_FLAG_CAPTURES,0,0,206,7,19,480,19,2,17,182,96,0,292,246,810,485,44.1,19,4,15,0,23.1,30,0,1
gauntlet/20261002-042718-scrim-b2rg/losses/winkelmantanner.waffle__Puzzle__botA.bc24,winkelmantanner.waffle,1,A,b2rg,0,1978,CAPTURE,0,10600,202,26,16,296,16,1,15,237,112,88,278,271,999,405,45.0,16,7,9,0,18.8,41,68,23
gauntlet/20261002-042718-scrim-b2rg/losses/winkelmantanner.waffle__Puzzle__botA.bc24,winkelmantanner.waffle,0,B,waffle,1,1978,CAPTURE,0,10000,212,14,30,264,91,3,88,599,285,15,324,316,405,999,37.7,91,23,68,0,26.8,35,9,7
gauntlet/20261002-042718-scrim-b2rg/replays/awu7.ExplosiveBot__BedWars__botA.bc24,awu7.ExplosiveBot,1,A,b2rg,1,660,CAPTURE,2400,2700,275,0,0,369,8,3,5,92,44,2,54,28,72,29,49.0,8,5,3,0,11.6,48,2,1
gauntlet/20261002-042718-scrim-b2rg/replays/awu7.ExplosiveBot__BedWars__botA.bc24,awu7.ExplosiveBot,0,B,ExplosiveBot,0,660,CAPTURE,2400,3100,229,1,0,517,9,1,2,15,1,5,25,11,29,72,47.7,9,1,2,6,14.5,47,3,5
gauntlet/20261002-042718-scrim-b2rg/replays/andrewgopher.player22__TwistedTreeline__botB.bc24,andrewgopher.player22,0,A,player22,0,1535,CAPTURE,2400,2400,205,32,21,234,28,2,23,669,318,22,194,192,409,742,38.3,25,22,3,0,25.0,39,16,9
gauntlet/20261002-042718-scrim-b2rg/replays/andrewgopher.player22__TwistedTreeline__botB.bc24,andrewgopher.player22,1,B,b2rg,1,1535,CAPTURE,2400,2400,202,11,9,249,25,3,22,364,171,23,227,210,742,409,43.6,25,9,16,0,19.4,47,3,22
gauntlet/20261002-042718-scrim-b2rg/replays/awu7.ExplosiveBot__DefaultLarge__botB.bc24,awu7.ExplosiveBot,0,A,ExplosiveBot,0,1291,CAPTURE,1800,3800,203,0,17,290,6,0,5,16,5,68,107,95,237,784,35.4,6,3,2,1,45.8,28,55,16
gauntlet/20261002-042718-scrim-b2rg/replays/awu7.ExplosiveBot__DefaultLarge__botB.bc24,awu7.ExplosiveBot,1,B,b2rg,1,1291,CAPTURE,1800,5300,204,37,30,282,71,3,68,687,293,5,375,289,784,237,45.5,71,16,55,0,41.6,43,2,3
gauntlet/20261002-042718-scrim-b2rg/replays/awu7.ExplosiveBot__BedWars__botB.bc24,awu7.ExplosiveBot,0,A,ExplosiveBot,0,754,CAPTURE,2400,3900,241,0,1,445,19,0,10,51,17,13,20,13,34,160,45.0,19,8,4,7,12.0,45,11,5
gauntlet/20261002-042718-scrim-b2rg/replays/awu7.ExplosiveBot__BedWars__botB.bc24,awu7.ExplosiveBot,1,B,b2rg,1,754,CAPTURE,2400,2600,223,1,1,397,16,3,13,72,30,10,44,22,160,34,48.9,16,5,11,0,11.7,49,4,8
gauntlet/20261002-042718-scrim-b2rg/replays/SampleProvider.TSPAARKSPRINT1__WheresMyWater__botA.bc24,SampleProvider.TSPAARKSPRINT1,1,A,b2rg,1,2000,LEVEL_SUM,3000,3900,201,24,26,210,8,2,5,1121,625,62,438,414,1328,173,47.9,8,7,1,0,18.8,46,42,22
gauntlet/20261002-042718-scrim-b2rg/replays/SampleProvider.TSPAARKSPRINT1__WheresMyWater__botA.bc24,SampleProvider.TSPAARKSPRINT1,0,B,TSPAARKSPRINT1,0,2000,LEVEL_SUM,3000,5400,201,26,15,226,67,2,62,1089,450,5,88,81,173,1328,33.8,64,22,42,0,19.9,42,1,7
gauntlet/20261002-042718-scrim-b2rg/replays/awu7.ExplosiveBot__OceanFloor__botA.bc24,awu7.ExplosiveBot,1,A,b2rg,1,1419,CAPTURE,1400,1400,201,29,38,221,65,3,62,704,322,9,424,335,950,208,46.4,65,22,43,0,44.6,46,3,7
gauntlet/20261002-042718-scrim-b2rg/replays/awu7.ExplosiveBot__OceanFloor__botA.bc24,awu7.ExplosiveBot,0,B,ExplosiveBot,0,1419,CAPTURE,1300,1300,201,9,1,215,13,1,9,68,24,62,108,103,208,950,33.7,13,7,3,3,30.3,36,43,22
gauntlet/20261002-042718-scrim-b2rg/replays/awu7.ExplosiveBot__Diagonal__botA.bc24,awu7.ExplosiveBot,1,A,b2rg,1,2000,LEVEL_SUM,5100,5100,201,28,39,237,42,0,42,368,160,0,274,178,312,146,48.2,42,21,21,0,31.9,30,0,0
gauntlet/20261002-042718-scrim-b2rg/replays/awu7.ExplosiveBot__Diagonal__botA.bc24,awu7.ExplosiveBot,0,B,ExplosiveBot,0,2000,LEVEL_SUM,5100,5100,201,3,0,243,0,0,0,0,0,42,92,82,146,312,46.2,0,0,0,0,,26,21,21
gauntlet/20261002-042718-scrim-b2rg/replays/clbarrell.duck8__OceanFloor__botB.bc24,clbarrell.duck8,0,A,duck8,0,468,CAPTURE,1400,1400,201,32,13,238,2,1,1,58,29,6,56,43,61,47,47.5,2,2,0,0,49.0,39,5,4
gauntlet/20261002-042718-scrim-b2rg/replays/clbarrell.duck8__OceanFloor__botB.bc24,clbarrell.duck8,1,B,b2rg,1,468,CAPTURE,1400,1400,201,30,30,218,9,3,6,238,115,1,56,34,47,61,46.9,9,4,5,0,29.2,45,0,2
gauntlet/20261002-042718-scrim-b2rg/replays/clbarrell.duck8__AceOfSpades__botB.bc24,clbarrell.duck8,0,A,duck8,0,724,CAPTURE,1800,18600,205,13,24,244,15,2,13,153,63,12,266,240,134,216,42.8,15,5,10,0,18.6,43,7,8
gauntlet/20261002-042718-scrim-b2rg/replays/clbarrell.duck8__AceOfSpades__botB.bc24,clbarrell.duck8,1,B,b2rg,1,724,CAPTURE,1800,3000,202,23,14,210,15,3,12,262,116,13,110,101,216,134,45.5,15,8,7,0,15.7,41,10,5
gauntlet/20261002-042718-scrim-b2rg/replays/clbarrell.duck8__Pancakes__botB.bc24,clbarrell.duck8,0,A,duck8,0,559,CAPTURE,0,4900,212,5,18,313,6,0,6,36,15,11,98,85,57,124,44.6,6,2,4,0,20.8,46,10,4
gauntlet/20261002-042718-scrim-b2rg/replays/clbarrell.duck8__Pancakes__botB.bc24,clbarrell.duck8,1,B,b2rg,1,559,CAPTURE,0,4100,203,26,35,249,14,3,11,329,157,6,95,58,124,57,47.5,14,4,10,0,20.4,47,4,2
gauntlet/20261002-042718-scrim-b2rg/replays/clbarrell.duck8__Foxes__botB.bc24,clbarrell.duck8,0,A,duck8,0,1664,CAPTURE,7500,7500,202,0,6,906,8,0,8,57,21,16,256,246,304,767,38.8,8,2,6,0,21.5,36,11,8
gauntlet/20261002-042718-scrim-b2rg/replays/clbarrell.duck8__Foxes__botB.bc24,clbarrell.duck8,1,B,b2rg,1,1664,CAPTURE,6000,6000,205,17,5,238,19,3,16,479,224,8,336,284,767,304,45.5,19,8,11,0,18.9,37,6,2
gauntlet/20261002-042718-scrim-b2rg/replays/jonters.bling3__Backslash__botB.bc24,jonters.bling3,0,A,bling3,0,890,CAPTURE,4700,15900,201,17,35,253,1,0,1,23,11,10,87,79,102,336,40.6,1,1,0,0,6.0,33,6,7
gauntlet/20261002-042718-scrim-b2rg/replays/jonters.bling3__Backslash__botB.bc24,jonters.bling3,1,B,b2rg,1,890,CAPTURE,4700,14800,201,10,9,218,13,3,10,296,145,1,234,178,336,102,47.2,13,7,6,0,21.7,48,0,1
gauntlet/20261002-042718-scrim-b2rg/replays/dmtrung14.defaultplayer_intlqualifier__BreadPudding__botA.bc24,dmtrung14.defaultplayer_intlqualifier,1,A,b2rg,1,2000,MORE_FLAG_CAPTURES,2600,2800,218,4,5,250,9,1,8,258,124,0,224,148,347,41,49.5,9,8,1,0,20.8,42,0,0
gauntlet/20261002-042718-scrim-b2rg/replays/dmtrung14.defaultplayer_intlqualifier__BreadPudding__botA.bc24,dmtrung14.defaultplayer_intlqualifier,0,B,defaultplayer_intlqualifier,0,2000,MORE_FLAG_CAPTURES,2600,3000,203,10,0,238,3,0,0,294,55,8,57,50,41,347,45.7,0,0,0,0,,43,1,8
gauntlet/20261002-042718-scrim-b2rg/replays/dmtrung14.defaultplayer_intlqualifier__Diagonal__botB.bc24,dmtrung14.defaultplayer_intlqualifier,0,A,defaultplayer_intlqualifier,0,2000,LEVEL_SUM,5100,5100,201,5,1,0,3,0,0,294,13,1,67,41,10,48,49.4,0,0,0,0,,34,0,1
gauntlet/20261002-042718-scrim-b2rg/replays/dmtrung14.defaultplayer_intlqualifier__Diagonal__botB.bc24,dmtrung14.defaultplayer_intlqualifier,1,B,b2rg,1,2000,LEVEL_SUM,5100,5100,201,14,18,377,1,0,1,4,2,0,205,24,48,10,49.9,1,1,0,0,39.0,37,0,0
gauntlet/20261002-042718-scrim-b2rg/replays/jonters.bling3__Bunkers__botA.bc24,jonters.bling3,1,A,b2rg,1,460,CAPTURE,2800,2800,201,18,19,210,4,3,1,135,69,0,74,63,89,64,46.5,4,4,0,0,20.0,45,0,3
gauntlet/20261002-042718-scrim-b2rg/replays/jonters.bling3__Bunkers__botA.bc24,jonters.bling3,0,B,bling3,0,460,CAPTURE,2800,2800,201,35,0,233,3,2,0,152,76,1,41,34,64,89,45.3,3,3,0,0,,35,0,4
gauntlet/20261002-042718-scrim-b2rg/replays/jonters.bling3__Duck__botB.bc24,jonters.bling3,0,A,bling3,0,636,CAPTURE,2900,2900,201,20,36,280,6,1,4,198,94,14,36,29,86,128,45.0,6,3,3,0,45.3,21,9,8
gauntlet/20261002-042718-scrim-b2rg/replays/jonters.bling3__Duck__botB.bc24,jonters.bling3,1,B,b2rg,1,636,CAPTURE,2900,2900,201,21,24,232,17,3,14,483,238,4,93,67,128,86,46.7,17,8,9,0,45.4,47,3,3
gauntlet/20261002-042718-scrim-b2rg/replays/jonters.bling3__Starfish__botA.bc24,jonters.bling3,1,A,b2rg,1,1231,CAPTURE,4100,4100,201,21,12,201,27,3,24,89,35,0,156,142,340,160,46.9,27,8,19,0,8.1,44,0,1
gauntlet/20261002-042718-scrim-b2rg/replays/jonters.bling3__Starfish__botA.bc24,jonters.bling3,0,B,bling3,0,1231,CAPTURE,4100,4200,201,6,1,201,1,1,0,14,7,24,31,29,160,340,43.2,1,1,0,0,,24,19,8
gauntlet/20261002-042718-scrim-b2rg/replays/jonters.bling3__Snake__botB.bc24,jonters.bling3,0,A,bling3,0,2000,MORE_FLAG_CAPTURES,13100,20400,203,41,37,256,4,1,3,179,67,49,218,208,369,701,41.2,4,2,2,0,23.0,35,24,27
gauntlet/20261002-042718-scrim-b2rg/replays/jonters.bling3__Snake__botB.bc24,jonters.bling3,1,B,b2rg,1,2000,MORE_FLAG_CAPTURES,13100,34400,204,31,28,217,51,2,49,667,321,3,551,494,701,369,45.5,51,27,24,0,25.7,45,2,2
gauntlet/20261002-042718-scrim-b2rg/replays/justinottesen.sprint1__Decision__botA.bc24,justinottesen.sprint1,1,A,b2rg,1,1223,CAPTURE,1900,1900,202,32,40,265,21,3,18,1190,585,12,322,289,761,35,49.3,21,16,5,0,35.7,35,0,12
gauntlet/20261002-042718-scrim-b2rg/replays/justinottesen.sprint1__Decision__botA.bc24,justinottesen.sprint1,0,B,sprint1,0,1223,CAPTURE,1900,1900,202,7,7,256,12,0,12,182,81,18,40,38,35,761,35.0,12,12,0,0,43.0,32,5,16
gauntlet/20261002-042718-scrim-b2rg/replays/justinottesen.sprint1__Fountain__botA.bc24,justinottesen.sprint1,1,A,b2rg,1,382,CAPTURE,1700,3200,209,18,22,214,10,3,7,158,77,0,49,35,92,17,48.9,10,5,5,0,15.3,46,0,0
gauntlet/20261002-042718-scrim-b2rg/replays/justinottesen.sprint1__Fountain__botA.bc24,justinottesen.sprint1,0,B,sprint1,0,382,CAPTURE,1300,1800,214,1,8,303,0,0,0,0,0,7,8,7,17,92,44.6,0,0,0,0,,32,5,5
gauntlet/20261002-042718-scrim-b2rg/replays/justinottesen.sprint1__OceanFloor__botB.bc24,justinottesen.sprint1,0,A,sprint1,0,872,CAPTURE,1400,1400,201,4,15,239,11,0,11,164,72,11,30,29,20,521,35.7,11,11,0,0,32.1,38,4,10
gauntlet/20261002-042718-scrim-b2rg/replays/justinottesen.sprint1__OceanFloor__botB.bc24,justinottesen.sprint1,1,B,b2rg,1,872,CAPTURE,1400,1400,201,39,39,220,14,3,11,534,263,11,229,195,521,20,49.4,14,10,4,0,31.0,47,0,11
gauntlet/20261002-042718-scrim-b2rg/replays/jonters.bling3__Waterworld__botB.bc24,jonters.bling3,0,A,bling3,0,1171,CAPTURE,13900,16000,237,0,0,709,1,0,1,38,18,40,49,46,142,473,39.9,1,1,0,0,7.0,33,25,18
gauntlet/20261002-042718-scrim-b2rg/replays/jonters.bling3__Waterworld__botB.bc24,jonters.bling3,1,B,b2rg,1,1171,CAPTURE,11200,17200,210,18,15,227,43,3,40,581,273,1,263,200,473,142,47.1,43,18,25,0,24.4,47,0,1
gauntlet/20261002-042718-scrim-b2rg/replays/justinottesen.sprint1__StackGame__botB.bc24,justinottesen.sprint1,0,A,sprint1,0,579,CAPTURE,4600,4600,203,1,3,217,1,0,1,14,6,22,45,42,46,364,35.2,1,1,0,0,17.0,40,11,14
gauntlet/20261002-042718-scrim-b2rg/replays/justinottesen.sprint1__StackGame__botB.bc24,justinottesen.sprint1,1,B,b2rg,1,579,CAPTURE,4600,4600,203,11,5,258,25,3,22,157,73,1,124,104,364,46,48.0,25,14,11,0,14.6,42,0,1
gauntlet/20261002-042718-scrim-b2rg/replays/kyleezz.jeeryfix3__Fusbol__botA.bc24,kyleezz.jeeryfix3,1,A,b2rg,1,2000,LEVEL_SUM,7200,8400,239,15,41,264,0,0,0,0,0,0,546,495,1003,442,44.5,0,0,0,0,,39,0,0
gauntlet/20261002-042718-scrim-b2rg/replays/kyleezz.jeeryfix3__Fusbol__botA.bc24,kyleezz.jeeryfix3,0,B,jeeryfix3,0,2000,LEVEL_SUM,7200,9600,203,10,0,1128,0,0,0,0,0,0,253,251,442,1003,37.8,0,0,0,0,,39,0,0
gauntlet/20261002-042718-scrim-b2rg/replays/kyleezz.jeeryfix3__Klein__botB.bc24,kyleezz.jeeryfix3,0,A,jeeryfix3,0,2000,LEVEL_SUM,6300,7800,202,13,16,204,13,2,11,183,85,29,262,257,542,1107,36.5,13,7,6,0,23.5,49,11,20
gauntlet/20261002-042718-scrim-b2rg/replays/kyleezz.jeeryfix3__Klein__botB.bc24,kyleezz.jeeryfix3,1,B,b2rg,1,2000,LEVEL_SUM,6300,6600,218,1,6,261,31,2,29,185,102,11,283,247,1107,542,43.4,31,20,11,0,17.7,49,6,7
gauntlet/20261002-042718-scrim-b2rg/replays/quesswho.cretplayer2_3__Checkered__botA.bc24,quesswho.cretplayer2_3,1,A,b2rg,1,854,CAPTURE,4800,4800,201,28,18,212,7,3,4,192,86,31,154,146,338,158,45.5,7,7,0,0,19.3,47,20,13
gauntlet/20261002-042718-scrim-b2rg/replays/quesswho.cretplayer2_3__Checkered__botA.bc24,quesswho.cretplayer2_3,0,B,cretplayer2_3,0,854,CAPTURE,4800,4800,201,16,19,215,36,1,31,1125,227,4,141,132,158,338,40.0,33,13,20,0,12.3,38,0,7
gauntlet/20261002-042718-scrim-b2rg/replays/kyleezz.jeeryfix3__BedWars__botA.bc24,kyleezz.jeeryfix3,1,A,b2rg,1,2000,LEVEL_SUM,2400,2600,253,0,6,1008,1,0,1,2,1,0,98,0,2,1,50.0,1,1,0,0,15.0,48,0,0
gauntlet/20261002-042718-scrim-b2rg/replays/kyleezz.jeeryfix3__BedWars__botA.bc24,kyleezz.jeeryfix3,0,B,jeeryfix3,0,2000,LEVEL_SUM,2400,3100,218,2,2,0,0,0,0,0,0,1,19,5,1,2,50.0,0,0,0,0,,50,0,1
gauntlet/20261002-042718-scrim-b2rg/replays/kyleezz.jeeryfix3__Fusbol__botB.bc24,kyleezz.jeeryfix3,0,A,jeeryfix3,0,2000,LEVEL_SUM,7200,9600,204,9,0,670,0,0,0,0,0,0,248,243,435,958,38.3,0,0,0,0,,41,0,0
gauntlet/20261002-042718-scrim-b2rg/replays/kyleezz.jeeryfix3__Fusbol__botB.bc24,kyleezz.jeeryfix3,1,B,b2rg,1,2000,LEVEL_SUM,7200,8400,202,20,39,256,0,0,0,0,0,0,526,473,958,435,44.6,0,0,0,0,,39,0,0
gauntlet/20261002-042718-scrim-b2rg/replays/quesswho.cretplayer2_3__Digging__botA.bc24,quesswho.cretplayer2_3,1,A,b2rg,1,1947,CAPTURE,700,1900,205,0,23,287,14,3,11,149,103,5,262,185,1710,262,46.7,14,3,11,0,18.8,45,2,4
gauntlet/20261002-042718-scrim-b2rg/replays/quesswho.cretplayer2_3__Digging__botA.bc24,quesswho.cretplayer2_3,0,B,cretplayer2_3,0,1947,CAPTURE,700,2800,208,16,0,231,9,1,5,675,36,11,206,202,262,1710,28.5,6,4,2,0,18.4,37,11,3
gauntlet/20261002-042718-scrim-b2rg/replays/winkelmantanner.waffle__Soccer__botB.bc24,winkelmantanner.waffle,0,A,waffle,0,1523,CAPTURE,3000,3100,205,4,10,322,33,2,31,233,108,15,209,206,331,968,34.4,33,13,20,0,28.3,23,6,12
gauntlet/20261002-042718-scrim-b2rg/replays/winkelmantanner.waffle__Soccer__botB.bc24,winkelmantanner.waffle,1,B,b2rg,1,1523,CAPTURE,3000,3100,256,0,8,311,18,3,15,471,222,31,304,234,968,331,44.7,18,12,6,0,27.5,36,20,13
gauntlet/20261002-042718-scrim-b2rg/replays/winkelmantanner.waffle__Funnel__botB.bc24,winkelmantanner.waffle,0,A,waffle,0,2000,LEVEL_SUM,2200,4200,202,32,24,268,14,1,13,143,70,17,257,244,336,1022,37.5,14,5,9,0,48.4,36,10,8
gauntlet/20261002-042718-scrim-b2rg/replays/winkelmantanner.waffle__Funnel__botB.bc24,winkelmantanner.waffle,1,B,b2rg,1,2000,LEVEL_SUM,2200,3700,201,6,6,277,18,1,17,316,150,13,406,300,1022,336,45.9,18,8,10,0,39.4,36,9,5
gauntlet/20261002-044056-scrim-b2rg/losses/ColtG5.Goob_final__Snake__botA.bc24,ColtG5.Goob_final,1,A,b2rg,0,2000,MORE_FLAG_CAPTURES,13100,25800,203,24,19,227,6,0,6,11,5,2,419,396,1001,558,43.2,6,3,3,0,35.0,46,0,4
gauntlet/20261002-044056-scrim-b2rg/losses/ColtG5.Goob_final__Snake__botA.bc24,ColtG5.Goob_final,0,B,Goob_final,1,2000,MORE_FLAG_CAPTURES,13100,34600,207,24,20,270,4,2,2,142,68,6,581,541,558,1001,37.8,4,4,0,0,33.5,45,3,3
gauntlet/20261002-044056-scrim-b2rg/losses/ColtG5.Goob_final__MazeRunner__botA.bc24,ColtG5.Goob_final,1,A,b2rg,0,2000,MORE_FLAG_CAPTURES,2600,5000,214,5,4,518,3,0,3,4,1,16,221,186,936,413,45.0,3,1,2,0,25.0,47,9,8
gauntlet/20261002-044056-scrim-b2rg/losses/ColtG5.Goob_final__MazeRunner__botA.bc24,ColtG5.Goob_final,0,B,Goob_final,1,2000,MORE_FLAG_CAPTURES,2600,5600,207,17,15,386,17,1,16,294,131,3,288,258,413,936,38.6,17,8,9,0,20.5,36,2,1
gauntlet/20261002-044056-scrim-b2rg/losses/CyrilSharma.finalBot__AceOfSpades__botB.bc24,CyrilSharma.finalBot,0,A,finalBot,1,1423,CAPTURE,1800,19500,204,27,19,242,26,3,23,400,186,26,669,641,484,396,43.3,26,13,13,0,20.0,39,16,12
gauntlet/20261002-044056-scrim-b2rg/losses/CyrilSharma.finalBot__AceOfSpades__botB.bc24,CyrilSharma.finalBot,1,B,b2rg,0,1423,CAPTURE,1800,2100,202,22,20,214,28,2,26,156,58,23,172,168,396,484,41.7,28,12,16,0,22.6,42,13,13
gauntlet/20261002-044056-scrim-b2rg/losses/ColtG5.Goob_final__Tunnels__botA.bc24,ColtG5.Goob_final,1,A,b2rg,0,2000,MORE_FLAG_CAPTURES,2400,3300,358,0,0,358,1,0,1,5,1,3,222,207,750,344,45.8,1,1,0,0,16.0,32,1,3
gauntlet/20261002-044056-scrim-b2rg/losses/ColtG5.Goob_final__Tunnels__botA.bc24,ColtG5.Goob_final,0,B,Goob_final,1,2000,MORE_FLAG_CAPTURES,2400,3300,211,9,7,211,4,1,3,47,22,1,217,191,344,750,40.8,4,3,1,0,11.0,30,0,1
gauntlet/20261002-044056-scrim-b2rg/losses/CyrilSharma.finalBot__BedWars__botB.bc24,CyrilSharma.finalBot,0,A,finalBot,1,1441,CAPTURE,2400,7900,205,23,19,246,10,3,7,247,103,5,211,203,214,382,43.6,10,5,5,0,14.1,47,2,4
gauntlet/20261002-044056-scrim-b2rg/losses/CyrilSharma.finalBot__BedWars__botB.bc24,CyrilSharma.finalBot,1,B,b2rg,0,1441,CAPTURE,2400,2600,209,3,7,365,6,1,5,44,22,7,117,110,382,214,46.4,6,4,2,0,16.8,50,5,5
gauntlet/20261002-044056-scrim-b2rg/losses/CyrilSharma.finalBot__Fusbol__botA.bc24,CyrilSharma.finalBot,1,A,b2rg,0,2000,MORE_FLAG_CAPTURES,7200,16200,202,25,26,223,0,0,0,0,0,9,330,293,478,448,44.4,0,0,0,0,,43,7,4
gauntlet/20261002-044056-scrim-b2rg/losses/CyrilSharma.finalBot__Fusbol__botA.bc24,CyrilSharma.finalBot,0,B,finalBot,1,2000,MORE_FLAG_CAPTURES,1800,1800,238,0,8,415,11,2,9,554,240,0,414,408,448,478,42.2,11,4,7,0,43.8,6,0,0
gauntlet/20261002-044056-scrim-b2rg/losses/CyrilSharma.finalBot__YearOfTheDragon__botA.bc24,CyrilSharma.finalBot,1,A,b2rg,0,1035,CAPTURE,10800,10800,201,17,8,208,10,0,10,70,28,12,216,205,255,195,45.4,10,3,7,0,15.8,46,9,6
gauntlet/20261002-044056-scrim-b2rg/losses/CyrilSharma.finalBot__YearOfTheDragon__botA.bc24,CyrilSharma.finalBot,0,B,finalBot,1,1035,CAPTURE,10800,10800,201,2,15,207,15,3,12,253,106,10,357,344,195,255,44.0,15,6,9,0,21.3,41,7,3
gauntlet/20261002-044056-scrim-b2rg/losses/CyrilSharma.finalBot__DefaultLarge__botA.bc24,CyrilSharma.finalBot,1,A,b2rg,0,2000,MORE_FLAG_CAPTURES,1800,3400,202,15,11,340,3,0,3,13,5,6,225,197,574,578,43.0,3,2,1,0,41.7,44,5,2
gauntlet/20261002-044056-scrim-b2rg/losses/CyrilSharma.finalBot__DefaultLarge__botA.bc24,CyrilSharma.finalBot,0,B,finalBot,1,2000,MORE_FLAG_CAPTURES,1800,5700,202,9,20,285,7,1,6,168,78,3,612,581,578,574,43.0,7,2,5,0,38.7,38,1,2
gauntlet/20261002-044056-scrim-b2rg/losses/CyrilSharma.finalBot__QuestionableChess__botB.bc24,CyrilSharma.finalBot,0,A,finalBot,1,2000,MORE_FLAG_CAPTURES,0,0,201,19,9,217,29,2,27,267,118,1,421,410,610,651,42.1,29,12,17,0,21.8,38,0,1
gauntlet/20261002-044056-scrim-b2rg/losses/CyrilSharma.finalBot__QuestionableChess__botB.bc24,CyrilSharma.finalBot,1,B,b2rg,0,2000,MORE_FLAG_CAPTURES,0,0,202,15,9,351,1,0,1,1,1,27,185,174,651,610,42.6,1,1,0,0,24.0,44,17,12
gauntlet/20261002-044056-scrim-b2rg/losses/Gymhgy.v10official__Diagonal__botA.bc24,Gymhgy.v10official,1,A,b2rg,0,2000,MORE_FLAG_CAPTURES,5100,5100,201,16,23,305,3,0,3,27,11,7,274,231,213,153,48.1,3,2,1,0,34.3,38,3,5
gauntlet/20261002-044056-scrim-b2rg/losses/Gymhgy.v10official__Diagonal__botA.bc24,Gymhgy.v10official,0,B,v10official,1,2000,MORE_FLAG_CAPTURES,5100,5100,201,13,15,383,15,1,7,661,43,3,276,177,153,213,47.4,12,5,3,4,32.3,29,1,2
gauntlet/20261002-044056-scrim-b2rg/losses/Gymhgy.v10official__DefaultMedium__botB.bc24,Gymhgy.v10official,0,A,v10official,1,2000,LEVEL_SUM,2900,3800,201,27,32,278,31,2,5,706,51,12,313,246,348,346,45.8,28,5,2,21,27.6,38,6,8
gauntlet/20261002-044056-scrim-b2rg/losses/Gymhgy.v10official__DefaultMedium__botB.bc24,Gymhgy.v10official,1,B,b2rg,0,2000,LEVEL_SUM,2900,3200,201,10,14,308,14,2,12,427,211,5,207,182,346,348,45.8,14,8,6,0,28.4,45,2,5
gauntlet/20261002-044056-scrim-b2rg/losses/Gymhgy.v10official__GravitationalWaves__botA.bc24,Gymhgy.v10official,1,A,b2rg,0,2000,MORE_FLAG_CAPTURES,3700,3700,201,19,17,0,0,0,0,0,0,28,218,137,289,89,48.9,0,0,0,0,,15,2,27
gauntlet/20261002-044056-scrim-b2rg/losses/Gymhgy.v10official__GravitationalWaves__botA.bc24,Gymhgy.v10official,0,B,v10official,1,2000,MORE_FLAG_CAPTURES,3700,3700,201,29,29,201,42,1,28,715,77,0,186,118,89,289,46.5,39,27,2,10,26.6,13,0,0
gauntlet/20261002-044056-scrim-b2rg/losses/Gymhgy.v10official__Starfish__botA.bc24,Gymhgy.v10official,1,A,b2rg,0,482,CAPTURE,4100,4200,201,16,22,201,10,2,7,258,126,2,34,33,52,72,46.5,10,5,5,0,5.6,47,1,5
gauntlet/20261002-044056-scrim-b2rg/losses/Gymhgy.v10official__Starfish__botA.bc24,Gymhgy.v10official,0,B,v10official,1,482,CAPTURE,4100,4100,201,24,15,201,21,3,2,616,222,7,28,23,72,52,47.5,18,5,1,12,6.0,42,5,5
gauntlet/20261002-044056-scrim-b2rg/losses/Gymhgy.v10official__Starfish__botB.bc24,Gymhgy.v10official,0,A,v10official,1,587,CAPTURE,4100,4100,201,31,17,201,42,3,14,687,254,5,47,40,80,140,44.2,39,12,5,22,8.1,41,4,3
gauntlet/20261002-044056-scrim-b2rg/losses/Gymhgy.v10official__Starfish__botB.bc24,Gymhgy.v10official,1,B,b2rg,0,587,CAPTURE,4100,4200,201,33,9,201,7,2,5,55,25,14,42,40,140,80,46.7,7,3,4,0,8.0,47,5,12
gauntlet/20261002-044056-scrim-b2rg/losses/IvanGeffner.kuma__Alien__botA.bc24,IvanGeffner.kuma,1,A,b2rg,0,677,CAPTURE,3300,3300,202,18,3,220,6,0,6,103,47,9,100,92,89,170,43.9,6,4,2,0,10.8,38,2,11
gauntlet/20261002-044056-scrim-b2rg/losses/IvanGeffner.kuma__Alien__botA.bc24,IvanGeffner.kuma,0,B,kuma,1,677,CAPTURE,3300,3300,202,35,26,217,37,3,9,172,76,6,206,185,170,89,46.8,37,11,2,24,15.1,37,2,4
gauntlet/20261002-044056-scrim-b2rg/losses/Gymhgy.v10official__HeMustBeFreed__botB.bc24,Gymhgy.v10official,0,A,v10official,1,2000,LEVEL_SUM,5900,15400,207,28,39,286,55,2,5,768,73,10,350,287,501,302,46.3,52,6,1,45,43.6,28,3,9
gauntlet/20261002-044056-scrim-b2rg/losses/Gymhgy.v10official__HeMustBeFreed__botB.bc24,Gymhgy.v10official,1,B,b2rg,0,2000,LEVEL_SUM,5900,6200,201,18,14,237,12,2,10,642,315,5,193,176,302,501,43.9,12,9,3,0,34.3,31,1,6
gauntlet/20261002-044056-scrim-b2rg/losses/IvanGeffner.kuma__BigDucksBigPond__botA.bc24,IvanGeffner.kuma,1,A,b2rg,0,1803,CAPTURE,5100,5900,201,12,11,239,4,1,3,98,41,23,197,196,437,807,39.0,4,2,2,0,39.3,47,10,21
gauntlet/20261002-044056-scrim-b2rg/losses/IvanGeffner.kuma__BigDucksBigPond__botA.bc24,IvanGeffner.kuma,0,B,kuma,1,1803,CAPTURE,5100,8100,201,40,32,240,85,3,23,412,193,3,683,659,807,437,44.1,85,21,10,54,40.2,47,2,2
gauntlet/20261002-044056-scrim-b2rg/losses/IvanGeffner.kuma__Diagonal__botB.bc24,IvanGeffner.kuma,0,A,kuma,1,2000,LEVEL_SUM,5100,5100,201,33,24,247,10,0,4,13,5,0,329,251,208,158,48.1,10,1,4,5,33.8,35,0,0
gauntlet/20261002-044056-scrim-b2rg/losses/IvanGeffner.kuma__Diagonal__botB.bc24,IvanGeffner.kuma,1,B,b2rg,0,2000,LEVEL_SUM,5100,5100,201,19,18,0,0,0,0,0,0,4,248,174,158,208,47.4,0,0,0,0,,31,4,1
gauntlet/20261002-044056-scrim-b2rg/losses/IvanGeffner.kuma__StackGame__botB.bc24,IvanGeffner.kuma,0,A,kuma,1,384,CAPTURE,4600,4600,201,36,41,257,24,3,4,90,42,0,111,68,61,31,48.2,24,3,4,17,15.8,46,0,0
gauntlet/20261002-044056-scrim-b2rg/losses/IvanGeffner.kuma__StackGame__botB.bc24,IvanGeffner.kuma,1,B,b2rg,0,384,CAPTURE,4600,4600,0,0,0,0,0,0,0,0,0,4,76,67,31,61,46.3,0,0,0,0,,40,4,3
gauntlet/20261002-044056-scrim-b2rg/losses/IvanGeffner.kuma__Randy__botB.bc24,IvanGeffner.kuma,0,A,kuma,1,2000,MORE_FLAG_CAPTURES,3400,10000,201,19,8,210,8,2,2,87,45,3,599,549,809,319,46.1,8,4,0,4,14.5,31,1,2
gauntlet/20261002-044056-scrim-b2rg/losses/IvanGeffner.kuma__Randy__botB.bc24,IvanGeffner.kuma,1,B,b2rg,0,2000,MORE_FLAG_CAPTURES,3400,6200,201,22,13,209,3,0,3,11,2,2,250,250,319,809,40.2,3,2,1,0,12.3,37,0,4
gauntlet/20261002-044056-scrim-b2rg/losses/NotLLeon.v3__Duck__botB.bc24,NotLLeon.v3,0,A,v3,1,1139,CAPTURE,2900,2900,201,32,42,268,40,3,19,1160,558,42,182,176,263,222,45.3,40,13,11,16,21.7,43,22,21
gauntlet/20261002-044056-scrim-b2rg/losses/NotLLeon.v3__Duck__botB.bc24,NotLLeon.v3,1,B,b2rg,0,1139,CAPTURE,2900,2900,201,33,30,238,43,1,42,1184,563,19,150,119,222,263,44.4,43,21,22,0,39.0,46,11,13
gauntlet/20261002-044056-scrim-b2rg/losses/NotLLeon.v3__Decision__botB.bc24,NotLLeon.v3,0,A,v3,1,947,CAPTURE,1900,1900,204,12,20,273,22,3,15,352,166,15,121,110,130,171,45.6,22,8,10,4,45.1,21,7,8
gauntlet/20261002-044056-scrim-b2rg/losses/NotLLeon.v3__Decision__botB.bc24,NotLLeon.v3,1,B,b2rg,0,947,CAPTURE,1900,1900,202,22,13,240,15,0,15,171,81,15,83,71,171,130,46.7,15,8,7,0,43.9,34,10,8
gauntlet/20261002-044056-scrim-b2rg/losses/NotLLeon.v3__Foxes__botB.bc24,NotLLeon.v3,0,A,v3,1,2000,MORE_FLAG_CAPTURES,7500,7500,210,13,15,289,20,2,16,178,76,22,372,355,436,265,46.8,20,11,7,2,27.9,39,10,12
gauntlet/20261002-044056-scrim-b2rg/losses/NotLLeon.v3__Foxes__botB.bc24,NotLLeon.v3,1,B,b2rg,0,2000,MORE_FLAG_CAPTURES,7500,7500,204,17,18,262,22,0,22,101,38,16,281,250,265,436,44.7,22,12,10,0,29.0,43,7,11
gauntlet/20261002-044056-scrim-b2rg/losses/NotLLeon.v3__FloodGates__botA.bc24,NotLLeon.v3,1,A,b2rg,0,2000,MORE_FLAG_CAPTURES,500,1700,310,0,0,332,9,1,8,66,30,7,220,202,555,368,45.5,9,7,2,0,17.1,27,3,6
gauntlet/20261002-044056-scrim-b2rg/losses/NotLLeon.v3__FloodGates__botA.bc24,NotLLeon.v3,0,B,v3,1,2000,MORE_FLAG_CAPTURES,500,1700,221,2,2,399,45,2,7,306,106,8,230,219,368,555,43.3,45,6,3,36,16.1,28,2,7
gauntlet/20261002-044056-scrim-b2rg/losses/SampleProvider.TSPAARKSPRINT1__EndAround__botA.bc24,SampleProvider.TSPAARKSPRINT1,1,A,b2rg,0,728,CAPTURE,2200,5200,203,37,37,240,1,0,1,15,6,5,115,100,132,45,48.4,1,1,0,0,36.0,47,3,5
gauntlet/20261002-044056-scrim-b2rg/losses/SampleProvider.TSPAARKSPRINT1__EndAround__botA.bc24,SampleProvider.TSPAARKSPRINT1,0,B,TSPAARKSPRINT1,1,728,CAPTURE,2500,5200,272,0,13,340,11,3,5,806,281,1,47,30,45,132,45.4,8,5,3,0,23.4,43,0,1
gauntlet/20261002-044056-scrim-b2rg/losses/NotLLeon.v3__Rainbow__botA.bc24,NotLLeon.v3,1,A,b2rg,0,1501,CAPTURE,6000,6000,201,22,20,341,10,0,10,29,8,21,196,185,338,410,43.4,10,4,6,0,28.2,47,15,9
gauntlet/20261002-044056-scrim-b2rg/losses/NotLLeon.v3__Rainbow__botA.bc24,NotLLeon.v3,0,B,v3,1,1501,CAPTURE,6000,6000,201,2,9,385,35,3,21,320,139,10,309,299,410,338,44.5,35,9,15,11,32.9,41,6,4
gauntlet/20261002-044056-scrim-b2rg/losses/SampleProvider.TSPAARKSPRINT1__English__botA.bc24,SampleProvider.TSPAARKSPRINT1,1,A,b2rg,0,885,CAPTURE,10900,10900,201,34,32,367,10,2,8,353,167,10,145,122,137,60,48.3,10,7,3,0,43.3,46,6,7
gauntlet/20261002-044056-scrim-b2rg/losses/SampleProvider.TSPAARKSPRINT1__English__botA.bc24,SampleProvider.TSPAARKSPRINT1,0,B,TSPAARKSPRINT1,1,885,CAPTURE,10900,10900,201,25,31,231,16,3,10,980,393,8,36,33,60,137,46.0,13,7,6,0,26.8,40,3,7
gauntlet/20261002-044056-scrim-b2rg/losses/SampleProvider.TSPAARKSPRINT1__EndAround__botB.bc24,SampleProvider.TSPAARKSPRINT1,0,A,TSPAARKSPRINT1,1,1932,CAPTURE,2500,5200,252,0,0,370,47,3,41,798,339,12,109,77,115,616,42.2,44,23,21,0,23.6,42,8,4
gauntlet/20261002-044056-scrim-b2rg/losses/SampleProvider.TSPAARKSPRINT1__EndAround__botB.bc24,SampleProvider.TSPAARKSPRINT1,1,B,b2rg,0,1932,CAPTURE,2200,6100,202,33,39,267,12,0,12,121,53,41,296,272,616,115,48.5,12,4,8,0,20.6,47,21,23
gauntlet/20261002-044056-scrim-b2rg/losses/SampleProvider.TSPAARKSPRINT1__KingQuacksCastle__botB.bc24,SampleProvider.TSPAARKSPRINT1,0,A,TSPAARKSPRINT1,1,1531,CAPTURE,1600,8800,211,0,25,303,56,3,50,983,441,12,112,103,222,516,41.8,53,17,36,0,14.3,31,7,7
gauntlet/20261002-044056-scrim-b2rg/losses/SampleProvider.TSPAARKSPRINT1__KingQuacksCastle__botB.bc24,SampleProvider.TSPAARKSPRINT1,1,B,b2rg,0,1531,CAPTURE,1600,4700,204,33,37,222,14,2,12,202,89,50,248,238,516,222,46.4,14,7,7,0,23.2,48,36,17
gauntlet/20261002-044056-scrim-b2rg/losses/SampleProvider.TSPAARKSPRINT1__Swoop__botA.bc24,SampleProvider.TSPAARKSPRINT1,1,A,b2rg,0,810,CAPTURE,4300,4300,201,28,26,226,8,1,7,95,43,24,101,94,119,99,47.0,8,5,3,0,26.6,46,11,16
gauntlet/20261002-044056-scrim-b2rg/losses/SampleProvider.TSPAARKSPRINT1__Swoop__botA.bc24,SampleProvider.TSPAARKSPRINT1,0,B,TSPAARKSPRINT1,1,810,CAPTURE,4300,4300,201,33,12,220,30,3,24,975,350,7,59,51,99,119,46.3,27,16,11,0,25.5,41,3,5
gauntlet/20261002-044056-scrim-b2rg/losses/SampleProvider.TSPAARKSPRINT1__WheresMyWater__botB.bc24,SampleProvider.TSPAARKSPRINT1,0,A,TSPAARKSPRINT1,1,660,CAPTURE,3000,3600,201,5,6,201,18,3,12,648,212,10,19,14,44,108,45.9,15,6,9,0,10.7,46,6,6
gauntlet/20261002-044056-scrim-b2rg/losses/SampleProvider.TSPAARKSPRINT1__WheresMyWater__botB.bc24,SampleProvider.TSPAARKSPRINT1,1,B,b2rg,0,660,CAPTURE,3000,5400,201,6,32,203,12,2,10,160,78,12,116,109,108,44,48.4,12,6,6,0,21.4,40,9,6
gauntlet/20261002-044056-scrim-b2rg/losses/Strequals.duck0127v5__Canals__botA.bc24,Strequals.duck0127v5,1,A,b2rg,0,1231,CAPTURE,4600,4800,213,2,6,444,7,0,7,32,9,21,163,159,181,597,38.2,7,3,4,0,14.7,46,6,18
gauntlet/20261002-044056-scrim-b2rg/losses/Strequals.duck0127v5__Canals__botA.bc24,Strequals.duck0127v5,0,B,duck0127v5,1,1231,CAPTURE,4600,6100,203,11,35,284,24,3,21,506,236,7,518,492,597,181,46.5,24,18,6,0,28.4,46,4,3
gauntlet/20261002-044056-scrim-b2rg/losses/Strequals.duck0127v5__Skyline__botB.bc24,Strequals.duck0127v5,0,A,duck0127v5,1,503,CAPTURE,21600,21600,205,20,21,228,7,3,4,135,59,9,101,84,53,45,47.9,7,4,3,0,15.3,36,6,5
gauntlet/20261002-044056-scrim-b2rg/losses/Strequals.duck0127v5__Skyline__botB.bc24,Strequals.duck0127v5,1,B,b2rg,0,503,CAPTURE,21600,21600,201,35,36,218,11,2,9,127,58,4,223,168,45,53,47.5,11,5,6,0,11.1,46,3,4
gauntlet/20261002-044056-scrim-b2rg/losses/Strequals.duck0127v5__Divergent__botA.bc24,Strequals.duck0127v5,1,A,b2rg,0,2000,MORE_FLAG_CAPTURES,3700,3700,203,24,21,282,17,0,17,69,27,38,221,203,225,401,45.1,17,13,4,0,23.4,46,7,32
gauntlet/20261002-044056-scrim-b2rg/losses/Strequals.duck0127v5__Divergent__botA.bc24,Strequals.duck0127v5,0,B,duck0127v5,1,2000,MORE_FLAG_CAPTURES,3700,3700,206,2,6,436,39,1,38,542,259,17,457,418,401,225,47.3,39,32,7,0,31.1,22,4,13
gauntlet/20261002-044056-scrim-b2rg/losses/Strequals.duck0127v5__Foxes__botB.bc24,Strequals.duck0127v5,0,A,duck0127v5,1,1470,CAPTURE,7500,7500,205,6,8,386,9,3,6,226,106,5,522,454,518,237,46.1,9,8,1,0,32.8,37,2,4
gauntlet/20261002-044056-scrim-b2rg/losses/Strequals.duck0127v5__Foxes__botB.bc24,Strequals.duck0127v5,1,B,b2rg,0,1470,CAPTURE,7500,7500,202,18,8,321,6,1,5,119,55,6,213,192,237,518,41.4,6,4,2,0,30.2,40,1,8
gauntlet/20261002-044056-scrim-b2rg/losses/Strequals.duck0127v5__Soccer__botA.bc24,Strequals.duck0127v5,1,A,b2rg,0,607,CAPTURE,3000,3000,218,12,7,244,5,0,5,16,5,2,82,76,52,93,46.3,5,2,3,0,24.4,37,1,4
gauntlet/20261002-044056-scrim-b2rg/losses/Strequals.duck0127v5__Soccer__botA.bc24,Strequals.duck0127v5,0,B,duck0127v5,1,607,CAPTURE,3000,3200,213,13,12,332,5,3,2,208,103,5,140,124,93,52,48.0,5,4,1,0,31.0,30,3,2
gauntlet/20261002-044056-scrim-b2rg/losses/andli28.v9_USQuals_angle__AceOfSpades__botB.bc24,andli28.v9_USQuals_angle,0,A,v9_USQuals_angle,1,671,CAPTURE,1800,18000,203,4,9,260,17,3,14,207,97,11,281,233,180,112,46.0,17,6,11,0,17.6,41,5,6
gauntlet/20261002-044056-scrim-b2rg/losses/andli28.v9_USQuals_angle__AceOfSpades__botB.bc24,andli28.v9_USQuals_angle,1,B,b2rg,0,671,CAPTURE,1800,3600,204,34,22,227,11,0,11,88,38,14,101,89,112,180,43.6,11,6,5,0,15.7,44,11,6
gauntlet/20261002-044056-scrim-b2rg/losses/andli28.v9_USQuals_angle__Gated__botA.bc24,andli28.v9_USQuals_angle,1,A,b2rg,0,991,CAPTURE,1500,1900,203,19,7,219,15,0,15,104,42,46,101,92,214,298,42.8,15,6,9,0,20.5,40,27,22
gauntlet/20261002-044056-scrim-b2rg/losses/andli28.v9_USQuals_angle__Gated__botA.bc24,andli28.v9_USQuals_angle,0,B,v9_USQuals_angle,1,991,CAPTURE,1500,2900,208,27,18,239,49,3,46,405,175,15,286,266,298,214,44.7,49,22,27,0,20.2,32,9,6
gauntlet/20261002-044056-scrim-b2rg/losses/andli28.v9_USQuals_angle__Funnel__botB.bc24,andli28.v9_USQuals_angle,0,A,v9_USQuals_angle,1,1048,CAPTURE,2200,4500,202,20,22,421,8,3,5,389,191,0,336,320,292,153,46.5,8,5,3,0,45.8,35,0,0
gauntlet/20261002-044056-scrim-b2rg/losses/andli28.v9_USQuals_angle__Funnel__botB.bc24,andli28.v9_USQuals_angle,1,B,b2rg,0,1048,CAPTURE,2200,3400,201,22,8,546,0,0,0,0,0,5,127,120,153,292,43.2,0,0,0,0,,40,3,5
gauntlet/20261002-044056-scrim-b2rg/losses/andli28.v9_USQuals_angle__Occulus__botA.bc24,andli28.v9_USQuals_angle,1,A,b2rg,0,697,CAPTURE,1800,2700,201,16,16,219,6,1,5,68,30,12,93,89,124,150,44.8,6,3,3,0,20.6,43,5,10
gauntlet/20261002-044056-scrim-b2rg/losses/andli28.v9_USQuals_angle__Occulus__botA.bc24,andli28.v9_USQuals_angle,0,B,v9_USQuals_angle,1,697,CAPTURE,1800,8100,201,29,17,244,15,3,12,172,79,5,197,151,150,124,45.8,15,10,5,0,20.5,40,3,3
gauntlet/20261002-044056-scrim-b2rg/losses/andrewgopher.player22__Fountain__botA.bc24,andrewgopher.player22,1,A,b2rg,0,456,CAPTURE,1700,2200,248,1,17,274,2,1,1,47,23,3,40,37,108,70,46.2,2,1,1,0,17.0,41,2,4
gauntlet/20261002-044056-scrim-b2rg/losses/andrewgopher.player22__Fountain__botA.bc24,andrewgopher.player22,0,B,player22,1,456,CAPTURE,1700,3200,207,17,19,218,9,3,3,135,62,1,35,33,70,108,44.6,6,4,2,0,20.3,46,1,1
gauntlet/20261002-044056-scrim-b2rg/losses/andli28.v9_USQuals_angle__QuestionableChess__botA.bc24,andli28.v9_USQuals_angle,1,A,b2rg,0,2000,MORE_FLAG_CAPTURES,0,0,201,5,8,707,6,0,6,17,6,19,173,162,499,837,39.8,6,4,2,0,15.0,38,12,9
gauntlet/20261002-044056-scrim-b2rg/losses/andli28.v9_USQuals_angle__QuestionableChess__botA.bc24,andli28.v9_USQuals_angle,0,B,v9_USQuals_angle,1,2000,MORE_FLAG_CAPTURES,0,0,207,25,29,242,21,2,19,223,102,6,537,483,837,499,43.9,21,9,12,0,21.4,32,2,4
gauntlet/20261002-044056-scrim-b2rg/losses/andrewgopher.player22__StackGame__botA.bc24,andrewgopher.player22,1,A,b2rg,0,469,CAPTURE,4600,4600,202,0,0,0,0,0,0,0,0,7,85,78,129,110,44.5,0,0,0,0,,39,4,6
gauntlet/20261002-044056-scrim-b2rg/losses/andrewgopher.player22__StackGame__botA.bc24,andrewgopher.player22,0,B,player22,1,469,CAPTURE,4600,4600,201,24,31,263,13,3,7,139,63,0,100,90,110,129,43.6,10,6,4,0,15.1,42,0,0
gauntlet/20261002-044056-scrim-b2rg/losses/andli28.v9_USQuals_angle__SteamboatMickey__botB.bc24,andli28.v9_USQuals_angle,0,A,v9_USQuals_angle,1,1749,CAPTURE,7300,17500,201,14,19,202,14,3,11,521,249,20,706,645,696,328,45.4,14,7,7,0,24.3,45,12,10
gauntlet/20261002-044056-scrim-b2rg/losses/andli28.v9_USQuals_angle__SteamboatMickey__botB.bc24,andli28.v9_USQuals_angle,1,B,b2rg,0,1749,CAPTURE,7300,9100,201,24,17,201,22,1,20,278,126,11,278,273,328,696,40.4,22,10,12,0,30.5,45,7,7
gauntlet/20261002-044056-scrim-b2rg/losses/andrewgopher.player22__Snake__botA.bc24,andrewgopher.player22,1,A,b2rg,0,1515,CAPTURE,13100,25200,203,21,9,470,8,0,8,61,26,4,345,329,643,733,38.1,8,4,4,0,32.0,45,2,5
gauntlet/20261002-044056-scrim-b2rg/losses/andrewgopher.player22__Snake__botA.bc24,andrewgopher.player22,0,B,player22,1,1515,CAPTURE,13100,35500,205,8,15,308,10,3,4,238,113,8,574,553,733,643,39.6,7,5,2,0,34.0,42,4,4
gauntlet/20261002-044056-scrim-b2rg/losses/andrewgopher.player22__WheresMyWater__botA.bc24,andrewgopher.player22,1,A,b2rg,0,1981,CAPTURE,3000,3900,201,0,2,201,10,2,8,30,10,3,228,223,680,987,37.9,10,3,7,0,7.3,45,2,4
gauntlet/20261002-044056-scrim-b2rg/losses/andrewgopher.player22__WheresMyWater__botA.bc24,andrewgopher.player22,0,B,player22,1,1981,CAPTURE,3000,5700,201,38,30,201,21,3,3,121,63,8,439,413,987,680,41.6,18,4,2,12,24.0,42,7,3
gauntlet/20261002-044056-scrim-b2rg/losses/andrewgopher.player22__Yinyang__botB.bc24,andrewgopher.player22,0,A,player22,1,1239,CAPTURE,2900,3200,201,32,25,203,14,3,8,161,76,6,231,218,543,610,38.0,11,7,4,0,16.9,50,3,5
gauntlet/20261002-044056-scrim-b2rg/losses/andrewgopher.player22__Yinyang__botB.bc24,andrewgopher.player22,1,B,b2rg,0,1239,CAPTURE,2900,3200,201,2,4,330,8,2,6,58,27,8,160,159,610,543,39.3,8,5,3,0,12.8,47,4,7
gauntlet/20261002-044056-scrim-b2rg/losses/chenyx512.flagbot_final__Bunkers__botA.bc24,chenyx512.flagbot_final,1,A,b2rg,0,866,CAPTURE,2800,2800,201,4,11,293,21,0,21,115,55,11,99,96,68,362,40.0,21,6,15,0,13.0,46,7,7
gauntlet/20261002-044056-scrim-b2rg/losses/chenyx512.flagbot_final__Bunkers__botA.bc24,chenyx512.flagbot_final,0,B,flagbot_final,1,866,CAPTURE,2800,2800,201,17,21,240,17,3,11,757,278,21,248,191,362,68,48.1,14,7,7,0,16.0,46,15,6
gauntlet/20261002-044056-scrim-b2rg/losses/chenyx512.flagbot_final__CH3353C4K3F4CT0RY__botB.bc24,chenyx512.flagbot_final,0,A,flagbot_final,1,710,CAPTURE,13000,13400,208,20,29,274,24,3,18,821,339,5,361,323,175,56,48.0,21,7,14,0,19.1,40,2,3
gauntlet/20261002-044056-scrim-b2rg/losses/chenyx512.flagbot_final__CH3353C4K3F4CT0RY__botB.bc24,chenyx512.flagbot_final,1,B,b2rg,0,710,CAPTURE,13000,13000,202,21,11,350,5,0,5,48,22,18,186,172,56,175,44.2,5,3,2,0,23.6,43,14,7
gauntlet/20261002-044056-scrim-b2rg/losses/chenyx512.flagbot_final__Alligator__botA.bc24,chenyx512.flagbot_final,1,A,b2rg,0,973,CAPTURE,3300,4500,201,6,11,376,0,0,0,0,0,5,126,125,98,447,38.9,0,0,0,0,,34,3,5
gauntlet/20261002-044056-scrim-b2rg/losses/chenyx512.flagbot_final__Alligator__botA.bc24,chenyx512.flagbot_final,0,B,flagbot_final,1,973,CAPTURE,3300,7500,201,15,35,257,11,3,5,806,312,0,375,294,447,98,47.5,8,5,3,0,15.8,34,0,0
gauntlet/20261002-044056-scrim-b2rg/losses/awu7.ExplosiveBot__Capacitance__botB.bc24,awu7.ExplosiveBot,0,A,ExplosiveBot,1,2000,MORE_FLAG_CAPTURES,3600,5100,201,7,6,208,82,2,32,474,192,12,162,127,236,1339,33.7,82,24,11,47,11.3,35,8,5
gauntlet/20261002-044056-scrim-b2rg/losses/awu7.ExplosiveBot__Capacitance__botB.bc24,awu7.ExplosiveBot,1,B,b2rg,0,2000,MORE_FLAG_CAPTURES,3600,4800,201,15,24,205,13,1,12,92,43,32,400,375,1339,236,47.1,13,5,8,0,10.6,46,11,24
gauntlet/20261002-044056-scrim-b2rg/losses/chenyx512.flagbot_final__Intercontinental__botA.bc24,chenyx512.flagbot_final,1,A,b2rg,0,780,CAPTURE,2400,4500,201,14,11,339,21,1,20,257,119,5,50,47,65,172,44.9,21,12,9,0,19.5,48,1,7
gauntlet/20261002-044056-scrim-b2rg/losses/chenyx512.flagbot_final__Intercontinental__botA.bc24,chenyx512.flagbot_final,0,B,flagbot_final,1,780,CAPTURE,2400,4800,201,6,16,262,11,3,5,772,295,20,65,54,172,65,47.8,8,7,1,0,17.2,32,9,12
gauntlet/20261002-044056-scrim-b2rg/losses/chenyx512.flagbot_final__KingQuacksCastle__botB.bc24,chenyx512.flagbot_final,0,A,flagbot_final,1,805,CAPTURE,1600,10900,214,5,10,267,11,3,5,750,258,4,273,231,284,73,47.7,8,4,4,0,22.2,46,1,4
gauntlet/20261002-044056-scrim-b2rg/losses/chenyx512.flagbot_final__KingQuacksCastle__botB.bc24,chenyx512.flagbot_final,1,B,b2rg,0,805,CAPTURE,1600,3900,204,33,4,225,5,1,4,142,59,5,104,101,73,284,41.5,5,4,1,0,23.5,48,4,4
gauntlet/20261002-044056-scrim-b2rg/losses/chenyx512.flagbot_final__OceanFloor__botB.bc24,chenyx512.flagbot_final,0,A,flagbot_final,1,719,CAPTURE,1400,1400,201,31,37,224,19,3,13,1028,437,7,117,104,126,35,48.7,16,11,5,0,21.7,47,3,4
gauntlet/20261002-044056-scrim-b2rg/losses/chenyx512.flagbot_final__OceanFloor__botB.bc24,chenyx512.flagbot_final,1,B,b2rg,0,719,CAPTURE,1400,1400,201,19,24,307,7,0,7,263,129,13,76,62,35,126,45.8,7,4,3,0,32.1,47,5,11
gauntlet/20261002-044056-scrim-b2rg/losses/clbarrell.duck8__Fountain__botA.bc24,clbarrell.duck8,1,A,b2rg,0,487,CAPTURE,1700,2900,210,17,13,224,9,2,6,194,87,4,42,34,107,59,47.3,9,6,3,0,17.5,47,4,3
gauntlet/20261002-044056-scrim-b2rg/losses/clbarrell.duck8__Fountain__botA.bc24,clbarrell.duck8,0,B,duck8,1,487,CAPTURE,1700,2500,214,2,15,273,7,3,4,144,61,6,52,48,59,107,44.7,7,3,4,0,12.0,39,3,6
gauntlet/20261002-044056-scrim-b2rg/losses/dmtrung14.defaultplayer_intlqualifier__DefaultHuge__botA.bc24,dmtrung14.defaultplayer_intlqualifier,1,A,b2rg,0,1758,CAPTURE,3700,3700,201,17,17,209,6,2,4,122,61,11,182,91,298,22,49.7,6,5,1,0,28.3,47,5,10
gauntlet/20261002-044056-scrim-b2rg/losses/dmtrung14.defaultplayer_intlqualifier__DefaultHuge__botA.bc24,dmtrung14.defaultplayer_intlqualifier,0,B,defaultplayer_intlqualifier,1,1758,CAPTURE,3200,3200,201,14,11,212,39,3,11,419,139,4,103,97,22,298,45.8,36,10,5,21,19.0,45,1,5
gauntlet/20261002-044056-scrim-b2rg/losses/dmtrung14.defaultplayer_intlqualifier__GaltonBoard__botB.bc24,dmtrung14.defaultplayer_intlqualifier,0,A,defaultplayer_intlqualifier,1,2000,MORE_FLAG_CAPTURES,0,0,201,13,18,219,24,2,5,319,5,6,79,65,53,1111,36.4,21,5,2,14,18.8,34,1,6
gauntlet/20261002-044056-scrim-b2rg/losses/dmtrung14.defaultplayer_intlqualifier__GaltonBoard__botB.bc24,dmtrung14.defaultplayer_intlqualifier,1,B,b2rg,0,2000,MORE_FLAG_CAPTURES,0,200,206,7,9,268,7,1,6,170,84,5,167,96,1111,53,49.3,7,6,1,0,16.0,38,2,5
gauntlet/20261002-044056-scrim-b2rg/losses/clbarrell.duck8__Diagonal__botB.bc24,clbarrell.duck8,0,A,duck8,1,2000,MORE_FLAG_CAPTURES,5100,5100,201,41,25,256,4,1,3,106,41,17,222,137,288,741,41.0,4,1,3,0,35.3,38,9,8
gauntlet/20261002-044056-scrim-b2rg/losses/clbarrell.duck8__Diagonal__botB.bc24,clbarrell.duck8,1,B,b2rg,0,2000,MORE_FLAG_CAPTURES,5100,5100,201,16,19,255,17,0,17,272,108,3,259,194,741,288,46.5,17,8,9,0,27.0,32,3,1
gauntlet/20261002-044056-scrim-b2rg/losses/hsmalladi.finalbot__HungerGames__botB.bc24,hsmalladi.finalbot,0,A,finalbot,1,684,CAPTURE,700,14400,208,22,16,244,25,3,14,798,104,2,218,208,144,160,44.3,22,11,6,5,13.9,47,0,3
gauntlet/20261002-044056-scrim-b2rg/losses/hsmalladi.finalbot__HungerGames__botB.bc24,hsmalladi.finalbot,1,B,b2rg,0,684,CAPTURE,600,7700,204,12,14,258,3,1,2,120,57,14,130,122,160,144,45.1,3,3,0,0,8.0,46,6,11
gauntlet/20261002-044056-scrim-b2rg/losses/dmtrung14.defaultplayer_intlqualifier__OceanFloor__botB.bc24,dmtrung14.defaultplayer_intlqualifier,0,A,defaultplayer_intlqualifier,1,2000,MORE_FLAG_CAPTURES,1300,1400,201,27,16,239,27,1,10,408,144,5,71,57,28,1489,31.8,24,8,3,13,27.6,44,1,4
gauntlet/20261002-044056-scrim-b2rg/losses/dmtrung14.defaultplayer_intlqualifier__OceanFloor__botB.bc24,dmtrung14.defaultplayer_intlqualifier,1,B,b2rg,0,2000,MORE_FLAG_CAPTURES,1400,1400,201,34,31,230,5,0,5,278,137,10,520,234,1489,28,49.6,5,4,1,0,18.4,45,3,8
gauntlet/20261002-044056-scrim-b2rg/losses/hsmalladi.finalbot__BreadPudding__botB.bc24,hsmalladi.finalbot,0,A,finalbot,1,2000,MORE_FLAG_CAPTURES,2600,3200,203,14,16,266,17,1,11,727,77,3,341,326,543,737,41.0,14,5,7,2,10.5,41,2,1
gauntlet/20261002-044056-scrim-b2rg/losses/hsmalladi.finalbot__BreadPudding__botB.bc24,hsmalladi.finalbot,1,B,b2rg,0,2000,MORE_FLAG_CAPTURES,2600,2600,202,22,22,240,3,0,3,327,162,11,231,223,737,543,43.4,3,1,2,0,10.3,47,7,5
gauntlet/20261002-044056-scrim-b2rg/losses/hsmalladi.finalbot__StackGame__botA.bc24,hsmalladi.finalbot,1,A,b2rg,0,451,CAPTURE,4600,4600,215,12,7,403,2,0,1,51,21,7,91,90,118,72,46.3,2,2,0,0,22.0,46,7,3
gauntlet/20261002-044056-scrim-b2rg/losses/hsmalladi.finalbot__StackGame__botA.bc24,hsmalladi.finalbot,0,B,finalbot,1,451,CAPTURE,4600,4600,201,32,23,247,26,3,7,762,89,1,75,72,72,118,44.0,23,3,7,13,9.9,45,0,2
gauntlet/20261002-044056-scrim-b2rg/losses/hsmalladi.finalbot__Hurricane__botA.bc24,hsmalladi.finalbot,1,A,b2rg,0,2000,MORE_FLAG_CAPTURES,4500,4500,201,18,18,324,5,0,5,241,113,57,241,189,311,141,48.3,5,2,3,0,23.2,44,25,35
gauntlet/20261002-044056-scrim-b2rg/losses/hsmalladi.finalbot__Hurricane__botA.bc24,hsmalladi.finalbot,0,B,finalbot,1,2000,MORE_FLAG_CAPTURES,4500,4500,201,35,28,212,74,2,57,1487,501,5,227,196,141,311,46.2,71,35,25,11,20.8,46,3,2
gauntlet/20261002-044056-scrim-b2rg/losses/hsmalladi.finalbot__TwistedTreeline__botA.bc24,hsmalladi.finalbot,1,A,b2rg,0,1613,CAPTURE,2400,2400,203,14,20,270,12,1,11,270,125,29,186,182,561,408,43.9,12,9,3,0,31.8,47,15,17
gauntlet/20261002-044056-scrim-b2rg/losses/hsmalladi.finalbot__TwistedTreeline__botA.bc24,hsmalladi.finalbot,0,B,finalbot,1,1613,CAPTURE,2400,2400,205,29,20,255,43,3,29,1087,232,11,237,231,408,561,41.5,40,17,15,8,25.8,46,3,9
gauntlet/20261002-044056-scrim-b2rg/losses/jmerle.camel_case_v21_final__Starfish__botB.bc24,jmerle.camel_case_v21_final,0,A,camel_case_v21_final,1,323,CAPTURE,4100,4200,201,28,18,201,4,3,1,81,41,24,23,22,112,49,46.6,4,3,1,0,7.0,37,21,4
gauntlet/20261002-044056-scrim-b2rg/losses/jmerle.camel_case_v21_final__Starfish__botB.bc24,jmerle.camel_case_v21_final,1,B,b2rg,0,323,CAPTURE,4100,4100,201,11,1,201,25,1,24,63,22,1,17,16,49,112,42.4,25,4,21,0,5.9,41,1,3
gauntlet/20261002-044056-scrim-b2rg/losses/jmerle.camel_case_v21_final__HungerGames__botB.bc24,jmerle.camel_case_v21_final,0,A,camel_case_v21_final,1,425,CAPTURE,700,20900,204,35,44,228,5,3,2,158,80,6,281,243,176,41,47.8,5,5,0,0,14.5,47,2,4
gauntlet/20261002-044056-scrim-b2rg/losses/jmerle.camel_case_v21_final__HungerGames__botB.bc24,jmerle.camel_case_v21_final,1,B,b2rg,0,425,CAPTURE,600,1300,206,14,2,237,6,0,6,92,36,2,47,46,41,176,40.3,6,4,2,0,9.3,47,0,5
gauntlet/20261002-044056-scrim-b2rg/losses/kyleezz.jeeryfix3__CH3353C4K3F4CT0RY__botB.bc24,kyleezz.jeeryfix3,0,A,jeeryfix3,1,497,CAPTURE,13000,13100,205,8,8,264,5,3,2,125,61,0,195,162,101,185,41.2,5,3,2,0,20.0,45,0,0
gauntlet/20261002-044056-scrim-b2rg/losses/kyleezz.jeeryfix3__CH3353C4K3F4CT0RY__botB.bc24,kyleezz.jeeryfix3,1,B,b2rg,0,497,CAPTURE,13000,13300,202,29,18,243,0,0,0,0,0,2,185,174,185,101,45.4,0,0,0,0,,44,2,3
gauntlet/20261002-044056-scrim-b2rg/losses/jmerle.camel_case_v21_final__GravitationalWaves__botB.bc24,jmerle.camel_case_v21_final,0,A,camel_case_v21_final,1,2000,MORE_FLAG_CAPTURES,3700,3700,201,26,28,204,5,1,4,97,48,1,172,143,458,640,42.2,5,3,2,0,24.3,15,0,1
gauntlet/20261002-044056-scrim-b2rg/losses/jmerle.camel_case_v21_final__GravitationalWaves__botB.bc24,jmerle.camel_case_v21_final,1,B,b2rg,0,2000,MORE_FLAG_CAPTURES,3700,3700,201,13,11,202,1,0,1,0,0,4,218,176,640,458,44.5,1,1,0,0,21.0,18,2,3
gauntlet/20261002-044056-scrim-b2rg/losses/kyleezz.jeeryfix3__Skyline__botA.bc24,kyleezz.jeeryfix3,1,A,b2rg,0,403,CAPTURE,21600,21600,204,9,22,230,6,2,4,98,46,3,233,199,130,48,47.3,6,2,4,0,8.5,47,3,3
gauntlet/20261002-044056-scrim-b2rg/losses/kyleezz.jeeryfix3__Skyline__botA.bc24,kyleezz.jeeryfix3,0,B,jeeryfix3,1,403,CAPTURE,21600,21600,201,15,29,217,6,3,3,103,47,4,183,131,48,130,42.7,6,3,3,0,17.7,50,4,2
gauntlet/20261002-044056-scrim-b2rg/losses/jmerle.camel_case_v21_final__Hurricane__botA.bc24,jmerle.camel_case_v21_final,1,A,b2rg,0,2000,MORE_FLAG_CAPTURES,4500,4500,201,10,8,207,54,0,53,560,328,7,241,146,269,178,47.8,54,42,12,0,16.3,44,3,6
gauntlet/20261002-044056-scrim-b2rg/losses/jmerle.camel_case_v21_final__Hurricane__botA.bc24,jmerle.camel_case_v21_final,0,B,camel_case_v21_final,1,2000,MORE_FLAG_CAPTURES,4500,4500,201,24,34,209,9,2,7,325,158,53,122,111,178,269,46.7,9,6,3,0,18.4,47,12,42
gauntlet/20261002-044056-scrim-b2rg/losses/kyleezz.jeeryfix3__Hurricane__botB.bc24,kyleezz.jeeryfix3,0,A,jeeryfix3,1,2000,MORE_FLAG_CAPTURES,4200,4200,201,28,28,207,11,2,9,328,161,16,68,49,88,225,47.2,11,7,4,0,24.4,47,7,9
gauntlet/20261002-044056-scrim-b2rg/losses/kyleezz.jeeryfix3__Hurricane__botB.bc24,kyleezz.jeeryfix3,1,B,b2rg,0,2000,MORE_FLAG_CAPTURES,4500,4500,201,22,29,224,16,0,16,247,117,9,233,62,225,88,48.9,16,9,7,0,14.9,46,4,7
gauntlet/20261002-044056-scrim-b2rg/losses/kyleezz.jeeryfix3__Digging__botB.bc24,kyleezz.jeeryfix3,0,A,jeeryfix3,1,2000,MORE_FLAG_CAPTURES,700,1800,211,32,26,234,2,1,1,33,17,0,216,213,409,1533,31.3,2,1,1,0,11.0,42,0,0
gauntlet/20261002-044056-scrim-b2rg/losses/kyleezz.jeeryfix3__Digging__botB.bc24,kyleezz.jeeryfix3,1,B,b2rg,0,2000,MORE_FLAG_CAPTURES,700,1900,210,0,1,738,0,0,0,0,0,1,233,218,1533,409,45.0,0,0,0,0,,46,1,1
gauntlet/20261002-044056-scrim-b2rg/losses/quesswho.cretplayer2_3__Battlefield__botB.bc24,quesswho.cretplayer2_3,0,A,cretplayer2_3,1,327,CAPTURE,3700,3700,205,3,11,209,13,3,7,681,43,1,57,48,38,93,42.2,10,3,7,0,6.6,21,0,1
gauntlet/20261002-044056-scrim-b2rg/losses/quesswho.cretplayer2_3__Battlefield__botB.bc24,quesswho.cretplayer2_3,1,B,b2rg,0,327,CAPTURE,3700,3700,202,12,3,249,1,0,1,3,1,7,63,46,93,38,47.5,1,1,0,0,8.0,46,7,3
gauntlet/20261002-044056-scrim-b2rg/losses/quesswho.cretplayer2_3__Canals__botA.bc24,quesswho.cretplayer2_3,1,A,b2rg,0,1418,CAPTURE,4600,4600,222,3,3,438,16,1,15,240,107,7,276,269,704,457,42.1,16,12,4,0,29.7,47,3,7
gauntlet/20261002-044056-scrim-b2rg/losses/quesswho.cretplayer2_3__Canals__botA.bc24,quesswho.cretplayer2_3,0,B,cretplayer2_3,1,1418,CAPTURE,4600,5600,208,26,23,236,13,3,7,1192,349,15,229,221,457,704,37.5,10,7,3,0,28.1,43,4,12
gauntlet/20261002-044056-scrim-b2rg/losses/quesswho.cretplayer2_3__KingQuacksCastle__botB.bc24,quesswho.cretplayer2_3,0,A,cretplayer2_3,1,803,CAPTURE,1600,11400,209,15,14,243,15,3,9,1086,236,19,142,130,292,235,42.3,12,6,6,0,20.8,40,10,9
gauntlet/20261002-044056-scrim-b2rg/losses/quesswho.cretplayer2_3__KingQuacksCastle__botB.bc24,quesswho.cretplayer2_3,1,B,b2rg,0,803,CAPTURE,1600,3400,204,18,5,241,19,0,19,244,107,9,93,77,235,292,41.4,19,9,10,0,24.4,48,6,6
gauntlet/20261002-044056-scrim-b2rg/losses/kyleezz.jeeryfix3__YearOfTheDragon__botB.bc24,kyleezz.jeeryfix3,0,A,jeeryfix3,1,2000,MORE_FLAG_CAPTURES,10800,10800,201,15,23,226,5,2,3,76,39,4,413,375,407,954,38.3,5,2,3,0,20.3,48,2,3
gauntlet/20261002-044056-scrim-b2rg/losses/kyleezz.jeeryfix3__YearOfTheDragon__botB.bc24,kyleezz.jeeryfix3,1,B,b2rg,0,2000,MORE_FLAG_CAPTURES,10800,10800,201,15,0,218,5,1,4,102,50,3,305,272,954,407,45.0,5,3,2,0,16.8,44,3,2
gauntlet/20261002-044056-scrim-b2rg/losses/quesswho.cretplayer2_3__OceanFloor__botA.bc24,quesswho.cretplayer2_3,1,A,b2rg,0,713,CAPTURE,1400,1400,201,21,38,325,10,0,8,595,280,7,64,55,100,40,48.6,10,8,2,0,36.6,47,4,6
gauntlet/20261002-044056-scrim-b2rg/losses/quesswho.cretplayer2_3__OceanFloor__botA.bc24,quesswho.cretplayer2_3,0,B,cretplayer2_3,1,713,CAPTURE,1400,1400,201,17,15,213,13,3,7,1126,281,8,61,56,40,100,45.9,10,6,4,0,32.0,27,2,8
gauntlet/20261002-044056-scrim-b2rg/losses/quesswho.cretplayer2_3__Tunnels__botB.bc24,quesswho.cretplayer2_3,0,A,cretplayer2_3,1,598,CAPTURE,2400,3600,203,7,0,219,20,3,14,800,96,7,68,63,98,238,39.7,17,6,11,0,12.3,31,4,5
gauntlet/20261002-044056-scrim-b2rg/losses/quesswho.cretplayer2_3__Tunnels__botB.bc24,quesswho.cretplayer2_3,1,B,b2rg,0,598,CAPTURE,2400,3000,218,7,16,285,9,0,7,31,12,14,78,67,238,98,46.2,9,5,4,0,11.0,33,11,6
gauntlet/20261002-044056-scrim-b2rg/losses/winkelmantanner.waffle__Islands__botA.bc24,winkelmantanner.waffle,1,A,b2rg,0,996,CAPTURE,5800,5800,208,8,8,231,13,2,11,204,79,32,180,168,487,203,45.1,13,8,5,0,21.5,47,27,8
gauntlet/20261002-044056-scrim-b2rg/losses/winkelmantanner.waffle__Islands__botA.bc24,winkelmantanner.waffle,0,B,waffle,1,996,CAPTURE,5800,5800,201,27,15,226,35,3,32,270,122,11,169,162,203,487,38.2,35,8,27,0,15.6,44,5,8
gauntlet/20261002-044056-scrim-b2rg/losses/winkelmantanner.waffle__BedWars__botA.bc24,winkelmantanner.waffle,1,A,b2rg,0,659,CAPTURE,2400,2800,229,0,3,317,3,2,1,58,27,17,54,48,125,55,48.0,3,2,1,0,16.0,48,14,6
gauntlet/20261002-044056-scrim-b2rg/losses/winkelmantanner.waffle__BedWars__botA.bc24,winkelmantanner.waffle,0,B,waffle,1,659,CAPTURE,2400,4200,205,5,11,264,20,3,17,142,60,1,39,37,55,125,45.4,20,6,14,0,11.0,47,1,2
gauntlet/20261002-044056-scrim-b2rg/losses/winkelmantanner.waffle__Skyline__botA.bc24,winkelmantanner.waffle,1,A,b2rg,0,555,CAPTURE,21600,28200,204,14,18,268,8,2,6,111,49,7,336,241,177,67,47.1,8,5,3,0,17.8,46,6,4
gauntlet/20261002-044056-scrim-b2rg/losses/winkelmantanner.waffle__Skyline__botA.bc24,winkelmantanner.waffle,0,B,waffle,1,555,CAPTURE,9300,9600,201,14,12,268,10,3,7,194,89,6,153,148,67,177,42.1,10,4,6,0,16.6,33,3,5
gauntlet/20261002-044056-scrim-b2rg/losses/winkelmantanner.waffle__StackGame__botB.bc24,winkelmantanner.waffle,0,A,waffle,1,652,CAPTURE,4600,4600,202,24,12,219,25,3,22,195,95,14,120,116,101,288,39.3,25,7,18,0,19.0,35,9,6
gauntlet/20261002-044056-scrim-b2rg/losses/winkelmantanner.waffle__StackGame__botB.bc24,winkelmantanner.waffle,1,B,b2rg,0,652,CAPTURE,4600,4600,201,21,14,254,15,1,14,77,29,22,109,101,288,101,46.2,15,6,9,0,12.7,44,18,7
gauntlet/20261002-044056-scrim-b2rg/replays/ColtG5.Goob_final__DefaultLarge__botA.bc24,ColtG5.Goob_final,1,A,b2rg,1,1933,CAPTURE,1800,3000,228,17,28,375,18,3,15,520,287,3,548,466,1445,418,44.7,18,6,12,0,45.6,45,0,3
gauntlet/20261002-044056-scrim-b2rg/replays/ColtG5.Goob_final__DefaultLarge__botA.bc24,ColtG5.Goob_final,0,B,Goob_final,0,1933,CAPTURE,1800,6100,202,19,11,293,3,0,3,19,7,15,248,239,418,1445,31.7,3,3,0,0,45.0,45,12,6
gauntlet/20261002-044056-scrim-b2rg/losses/winkelmantanner.waffle__Whirlpool__botB.bc24,winkelmantanner.waffle,0,A,waffle,1,1661,CAPTURE,2800,7200,201,24,22,322,15,3,12,195,92,3,243,222,367,614,41.0,15,7,8,0,18.7,36,1,2
gauntlet/20261002-044056-scrim-b2rg/losses/winkelmantanner.waffle__Whirlpool__botB.bc24,winkelmantanner.waffle,1,B,b2rg,0,1661,CAPTURE,2800,2800,201,15,6,224,3,0,3,15,6,12,173,167,614,367,44.6,3,2,1,0,18.7,46,8,7
gauntlet/20261002-044056-scrim-b2rg/replays/ColtG5.Goob_final__BigDucksBigPond__botB.bc24,ColtG5.Goob_final,0,A,Goob_final,0,2000,LEVEL_SUM,4800,8800,201,33,9,226,11,2,9,174,84,24,310,302,525,1310,34.1,11,6,5,0,40.2,46,17,10
gauntlet/20261002-044056-scrim-b2rg/replays/ColtG5.Goob_final__BigDucksBigPond__botB.bc24,ColtG5.Goob_final,1,B,b2rg,1,2000,LEVEL_SUM,5100,5100,201,21,3,234,27,2,24,350,170,9,414,318,1310,525,43.6,27,10,17,0,34.4,45,5,6
gauntlet/20261002-044056-scrim-b2rg/replays/ColtG5.Goob_final__OceanFloor__botA.bc24,ColtG5.Goob_final,1,A,b2rg,1,2000,LEVEL_SUM,1400,1400,201,31,23,251,12,2,10,225,109,5,277,210,1120,408,45.1,12,6,6,0,22.1,46,2,6
gauntlet/20261002-044056-scrim-b2rg/replays/ColtG5.Goob_final__OceanFloor__botA.bc24,ColtG5.Goob_final,0,B,Goob_final,0,2000,LEVEL_SUM,1400,1400,201,21,21,211,8,2,5,216,109,10,298,287,408,1120,36.3,8,6,2,0,28.4,47,6,6
gauntlet/20261002-044056-scrim-b2rg/replays/IvanGeffner.kuma__Capacitance__botA.bc24,IvanGeffner.kuma,1,A,b2rg,1,2000,MORE_FLAG_CAPTURES,3600,4400,201,13,11,206,9,1,8,54,20,10,271,245,404,473,44.2,9,4,5,0,8.9,47,4,6
gauntlet/20261002-044056-scrim-b2rg/replays/IvanGeffner.kuma__Capacitance__botA.bc24,IvanGeffner.kuma,0,B,kuma,0,2000,MORE_FLAG_CAPTURES,3600,5600,201,28,29,208,28,0,10,49,19,8,425,408,473,404,45.1,28,6,4,18,15.4,43,5,4
gauntlet/20261002-044056-scrim-b2rg/replays/andrewgopher.player22__Divergent__botB.bc24,andrewgopher.player22,0,A,player22,0,2000,MORE_FLAG_CAPTURES,3700,3700,219,4,7,307,3,0,0,3,0,17,219,210,370,687,41.6,0,0,0,0,,41,11,7
gauntlet/20261002-044056-scrim-b2rg/replays/andrewgopher.player22__Divergent__botB.bc24,andrewgopher.player22,1,B,b2rg,1,2000,MORE_FLAG_CAPTURES,3700,3700,202,22,21,232,18,1,17,384,184,0,248,172,687,370,45.5,18,7,11,0,22.9,47,0,0
gauntlet/20261002-044056-scrim-b2rg/replays/NotLLeon.v3__Hurricane__botB.bc24,NotLLeon.v3,0,A,v3,0,2000,LEVEL_SUM,4500,4500,201,16,31,229,65,0,65,472,219,22,143,121,102,177,47.9,65,39,26,0,17.3,47,8,14
gauntlet/20261002-044056-scrim-b2rg/replays/NotLLeon.v3__Hurricane__botB.bc24,NotLLeon.v3,1,B,b2rg,1,2000,LEVEL_SUM,4500,4500,201,21,17,232,22,0,22,105,41,65,221,174,177,102,48.8,22,14,8,0,16.6,47,26,39
gauntlet/20261002-044056-scrim-b2rg/replays/awu7.ExplosiveBot__Alligator__botA.bc24,awu7.ExplosiveBot,1,A,b2rg,1,1825,CAPTURE,3300,6300,201,19,35,208,22,3,19,188,91,2,420,328,995,316,45.8,22,12,10,0,14.8,36,0,2
gauntlet/20261002-044056-scrim-b2rg/replays/awu7.ExplosiveBot__Alligator__botA.bc24,awu7.ExplosiveBot,0,B,ExplosiveBot,0,1825,CAPTURE,3300,6300,201,12,0,221,2,0,2,6,1,19,138,127,316,995,36.8,2,2,0,0,18.0,26,10,12
gauntlet/20261002-044056-scrim-b2rg/replays/awu7.ExplosiveBot__GaltonBoard__botA.bc24,awu7.ExplosiveBot,1,A,b2rg,1,1475,CAPTURE,0,200,201,14,15,233,26,3,23,196,73,0,241,176,937,235,46.1,26,9,17,0,18.0,37,0,0
gauntlet/20261002-044056-scrim-b2rg/replays/awu7.ExplosiveBot__GaltonBoard__botA.bc24,awu7.ExplosiveBot,0,B,ExplosiveBot,0,1475,CAPTURE,0,0,209,3,0,236,0,0,0,0,0,23,90,73,235,937,34.6,0,0,0,0,,25,17,9
gauntlet/20261002-044056-scrim-b2rg/replays/awu7.ExplosiveBot__Canals__botA.bc24,awu7.ExplosiveBot,1,A,b2rg,1,1520,CAPTURE,4600,4600,217,1,0,650,30,3,27,302,138,13,367,285,1150,243,46.1,30,9,21,0,29.5,47,0,13
gauntlet/20261002-044056-scrim-b2rg/replays/awu7.ExplosiveBot__Canals__botA.bc24,awu7.ExplosiveBot,0,B,ExplosiveBot,0,1520,CAPTURE,4600,5300,203,23,10,241,17,0,13,62,20,27,123,107,243,1150,31.7,17,13,0,4,30.1,39,21,9
gauntlet/20261002-044056-scrim-b2rg/replays/awu7.ExplosiveBot__Joker__botB.bc24,awu7.ExplosiveBot,0,A,ExplosiveBot,0,879,CAPTURE,14500,18800,201,5,0,389,8,0,7,43,16,24,166,133,164,387,39.4,8,5,2,1,26.1,30,17,10
gauntlet/20261002-044056-scrim-b2rg/replays/awu7.ExplosiveBot__Joker__botB.bc24,awu7.ExplosiveBot,1,B,b2rg,1,879,CAPTURE,14500,21400,202,35,35,228,27,3,24,272,123,7,356,294,387,164,45.5,27,10,17,0,29.5,45,2,5
gauntlet/20261002-044056-scrim-b2rg/replays/clbarrell.duck8__Hockey__botB.bc24,clbarrell.duck8,0,A,duck8,0,862,CAPTURE,3300,3600,216,1,0,803,0,0,0,0,0,10,112,95,126,315,41.1,0,0,0,0,,36,6,7
gauntlet/20261002-044056-scrim-b2rg/replays/clbarrell.duck8__Hockey__botB.bc24,clbarrell.duck8,1,B,b2rg,1,862,CAPTURE,3300,3300,214,11,9,235,13,3,10,299,140,0,165,89,315,126,46.6,13,7,6,0,28.9,37,0,0
gauntlet/20261002-044056-scrim-b2rg/replays/awu7.ExplosiveBot__Klein__botB.bc24,awu7.ExplosiveBot,0,A,ExplosiveBot,0,1891,CAPTURE,6000,7200,202,0,0,203,21,1,12,77,26,44,149,147,307,1134,35.4,21,9,4,8,20.0,38,30,17
gauntlet/20261002-044056-scrim-b2rg/replays/awu7.ExplosiveBot__Klein__botB.bc24,awu7.ExplosiveBot,1,B,b2rg,1,1891,CAPTURE,6300,6300,203,19,24,229,47,3,44,396,209,12,460,390,1134,307,46.1,47,17,30,0,23.3,48,4,9
gauntlet/20261002-044056-scrim-b2rg/replays/clbarrell.duck8__Islands__botB.bc24,clbarrell.duck8,0,A,duck8,0,1183,CAPTURE,5800,5800,201,6,0,212,11,2,9,99,45,6,167,147,234,506,39.7,11,7,4,0,19.6,47,2,7
gauntlet/20261002-044056-scrim-b2rg/replays/clbarrell.duck8__Islands__botB.bc24,clbarrell.duck8,1,B,b2rg,1,1183,CAPTURE,5800,5800,201,13,16,219,9,3,6,317,144,9,207,201,506,234,45.2,9,7,2,0,11.5,47,4,7
gauntlet/20261002-044056-scrim-b2rg/replays/clbarrell.duck8__Mountain__botB.bc24,clbarrell.duck8,0,A,duck8,0,2000,LEVEL_SUM,4100,5900,202,11,0,202,18,1,17,74,22,8,251,228,402,1096,36.7,18,11,7,0,21.2,40,6,3
gauntlet/20261002-044056-scrim-b2rg/replays/clbarrell.duck8__Mountain__botB.bc24,clbarrell.duck8,1,B,b2rg,1,2000,LEVEL_SUM,4100,4700,201,11,19,299,9,1,8,145,67,17,332,300,1096,402,45.1,9,3,6,0,13.1,47,7,11
gauntlet/20261002-044056-scrim-b2rg/replays/dmtrung14.defaultplayer_intlqualifier__Foxes__botB.bc24,dmtrung14.defaultplayer_intlqualifier,0,A,defaultplayer_intlqualifier,0,2000,MORE_FLAG_CAPTURES,7500,7500,202,5,14,320,6,0,2,313,46,5,70,54,17,236,47.1,3,2,0,1,23.5,36,3,3
gauntlet/20261002-044056-scrim-b2rg/replays/dmtrung14.defaultplayer_intlqualifier__Foxes__botB.bc24,dmtrung14.defaultplayer_intlqualifier,1,B,b2rg,1,2000,MORE_FLAG_CAPTURES,7500,7500,202,35,35,252,6,1,5,348,174,2,272,128,236,17,49.8,6,3,3,0,44.4,39,0,2
gauntlet/20261002-044056-scrim-b2rg/replays/clbarrell.duck8__Whirlpool__botA.bc24,clbarrell.duck8,1,A,b2rg,1,2000,LEVEL_SUM,2800,5700,201,8,5,618,10,1,9,166,75,13,250,205,937,396,45.2,10,3,7,0,11.0,43,10,4
gauntlet/20261002-044056-scrim-b2rg/replays/clbarrell.duck8__Whirlpool__botA.bc24,clbarrell.duck8,0,B,duck8,0,2000,LEVEL_SUM,2800,4300,201,6,6,231,14,1,13,102,38,9,241,204,396,937,38.6,14,4,10,0,16.4,34,7,3
gauntlet/20261002-044056-scrim-b2rg/replays/dmtrung14.defaultplayer_intlqualifier__StarryNight__botA.bc24,dmtrung14.defaultplayer_intlqualifier,1,A,b2rg,1,733,CAPTURE,13600,14300,201,25,22,224,11,3,8,356,176,2,171,127,189,27,49.1,11,6,5,0,21.9,47,0,4
gauntlet/20261002-044056-scrim-b2rg/replays/dmtrung14.defaultplayer_intlqualifier__StarryNight__botA.bc24,dmtrung14.defaultplayer_intlqualifier,0,B,defaultplayer_intlqualifier,0,733,CAPTURE,13600,13700,201,17,8,201,27,2,2,338,40,8,54,51,27,189,43.3,24,4,0,20,16.5,48,5,6
gauntlet/20261002-044056-scrim-b2rg/replays/jmerle.camel_case_v21_final__OceanFloor__botB.bc24,jmerle.camel_case_v21_final,0,A,camel_case_v21_final,0,425,CAPTURE,1400,1400,201,32,26,241,4,0,3,95,46,4,68,68,63,86,45.4,4,3,1,0,24.0,50,3,4
gauntlet/20261002-044056-scrim-b2rg/replays/jmerle.camel_case_v21_final__OceanFloor__botB.bc24,jmerle.camel_case_v21_final,1,B,b2rg,1,425,CAPTURE,1400,1400,201,27,16,235,7,3,4,219,108,3,48,46,86,63,46.5,7,4,3,0,16.0,46,1,3
gauntlet/20261002-044056-scrim-b2rg/replays/hsmalladi.finalbot__Puzzle__botA.bc24,hsmalladi.finalbot,1,A,b2rg,1,1284,CAPTURE,0,9000,207,10,17,283,8,3,5,831,397,31,182,156,348,231,45.6,8,7,1,0,22.2,43,19,14
gauntlet/20261002-044056-scrim-b2rg/replays/hsmalladi.finalbot__Puzzle__botA.bc24,hsmalladi.finalbot,0,B,finalbot,0,1284,CAPTURE,0,13400,205,22,31,258,50,2,31,1337,394,5,214,197,231,348,43.4,47,14,19,14,19.8,46,1,7
gauntlet/20261002-044056-scrim-b2rg/replays/dmtrung14.defaultplayer_intlqualifier__Klein__botA.bc24,dmtrung14.defaultplayer_intlqualifier,1,A,b2rg,1,2000,MORE_FLAG_CAPTURES,6300,6300,202,11,13,201,5,2,3,1450,732,0,251,23,269,10,49.9,5,4,1,0,19.0,47,0,0
gauntlet/20261002-044056-scrim-b2rg/replays/dmtrung14.defaultplayer_intlqualifier__Klein__botA.bc24,dmtrung14.defaultplayer_intlqualifier,0,B,defaultplayer_intlqualifier,0,2000,MORE_FLAG_CAPTURES,5600,7700,202,1,0,385,3,0,0,295,83,3,54,29,10,269,46.7,0,0,0,0,,47,1,4
gauntlet/20261002-044056-scrim-b2rg/replays/jonters.bling3__DefaultHuge__botB.bc24,jonters.bling3,0,A,bling3,0,530,CAPTURE,3700,3700,201,27,28,230,0,0,0,0,0,16,54,37,57,145,43.3,0,0,0,0,,31,7,12
gauntlet/20261002-044056-scrim-b2rg/replays/jonters.bling3__DefaultHuge__botB.bc24,jonters.bling3,1,B,b2rg,1,530,CAPTURE,3700,3700,201,20,19,206,19,3,16,290,140,0,90,63,145,57,47.4,19,12,7,0,18.5,47,0,0
gauntlet/20261002-044056-scrim-b2rg/replays/jonters.bling3__Alien__botA.bc24,jonters.bling3,1,A,b2rg,1,1836,CAPTURE,3300,3300,202,10,21,215,52,3,49,146,69,8,282,241,879,366,45.1,52,16,36,0,13.1,38,6,4
gauntlet/20261002-044056-scrim-b2rg/replays/jonters.bling3__Alien__botA.bc24,jonters.bling3,0,B,bling3,0,1836,CAPTURE,3300,3300,203,26,11,224,10,2,8,127,56,49,134,132,366,879,38.0,10,4,6,0,9.0,33,36,16
gauntlet/20261002-044056-scrim-b2rg/replays/jonters.bling3__Hockey__botB.bc24,jonters.bling3,0,A,bling3,0,1417,CAPTURE,3300,3300,460,0,0,984,0,0,0,0,0,53,82,66,215,530,40.6,0,0,0,0,,37,42,14
gauntlet/20261002-044056-scrim-b2rg/replays/jonters.bling3__Hockey__botB.bc24,jonters.bling3,1,B,b2rg,1,1417,CAPTURE,3300,3300,275,0,1,389,56,3,53,446,207,0,270,188,530,215,46.4,56,14,42,0,23.1,33,0,0
gauntlet/20261002-044056-scrim-b2rg/replays/justinottesen.sprint1__Battlecode24__botB.bc24,justinottesen.sprint1,0,A,sprint1,0,545,CAPTURE,10300,17200,205,4,0,342,0,0,0,0,0,4,89,79,76,159,43.0,0,0,0,0,,19,4,3
gauntlet/20261002-044056-scrim-b2rg/replays/justinottesen.sprint1__Battlecode24__botB.bc24,justinottesen.sprint1,1,B,b2rg,1,545,CAPTURE,12400,22600,202,19,9,218,7,3,4,227,113,0,284,192,159,76,46.5,7,3,4,0,16.8,27,0,0
gauntlet/20261002-044056-scrim-b2rg/replays/jonters.bling3__Snake__botA.bc24,jonters.bling3,1,A,b2rg,1,1983,CAPTURE,13100,31400,203,35,32,218,50,3,47,782,417,5,521,456,722,412,44.9,50,24,26,0,29.2,45,1,5
gauntlet/20261002-044056-scrim-b2rg/replays/jonters.bling3__Snake__botA.bc24,jonters.bling3,0,B,bling3,0,1983,CAPTURE,13100,27100,204,29,18,249,6,1,5,391,190,47,243,233,412,722,40.8,6,5,1,0,25.2,35,26,24
gauntlet/20261002-044056-scrim-b2rg/replays/jonters.bling3__Randy__botB.bc24,jonters.bling3,0,A,bling3,0,2000,LEVEL_SUM,3400,11600,201,9,4,205,10,2,8,301,139,29,141,131,399,660,41.7,10,7,3,0,10.6,30,22,9
gauntlet/20261002-044056-scrim-b2rg/replays/jonters.bling3__Randy__botB.bc24,jonters.bling3,1,B,b2rg,1,2000,LEVEL_SUM,3400,5000,201,12,10,206,31,2,29,194,97,8,279,251,660,399,45.1,31,9,22,0,14.3,40,3,7
gauntlet/20261002-044056-scrim-b2rg/replays/justinottesen.sprint1__GaltonBoard__botB.bc24,justinottesen.sprint1,0,A,sprint1,0,1085,CAPTURE,0,26500,201,12,32,286,0,0,0,0,0,3,189,188,128,836,31.7,0,0,0,0,,35,3,3
gauntlet/20261002-044056-scrim-b2rg/replays/justinottesen.sprint1__GaltonBoard__botB.bc24,justinottesen.sprint1,1,B,b2rg,1,1085,CAPTURE,0,8200,204,0,0,209,6,3,3,176,86,0,265,209,836,128,47.1,6,3,3,0,16.7,34,0,0
gauntlet/20261002-044056-scrim-b2rg/replays/jonters.bling3__Whirlpool__botB.bc24,jonters.bling3,0,A,bling3,0,2000,LEVEL_SUM,2800,7200,201,25,26,236,1,1,0,55,27,17,152,142,235,776,40.2,1,1,0,0,,40,12,6
gauntlet/20261002-044056-scrim-b2rg/replays/jonters.bling3__Whirlpool__botB.bc24,jonters.bling3,1,B,b2rg,1,2000,LEVEL_SUM,2800,2800,201,18,12,348,18,1,17,137,65,0,215,191,776,235,47.1,18,6,12,0,15.7,45,0,1
gauntlet/20261002-044056-scrim-b2rg/replays/justinottesen.sprint1__Joker__botA.bc24,justinottesen.sprint1,1,A,b2rg,1,862,CAPTURE,14500,22700,201,28,24,235,27,3,24,437,210,6,354,330,397,122,46.5,27,12,15,0,17.8,41,1,5
gauntlet/20261002-044056-scrim-b2rg/replays/justinottesen.sprint1__Joker__botA.bc24,justinottesen.sprint1,0,B,sprint1,0,862,CAPTURE,14500,15400,209,3,6,339,6,0,6,97,41,24,137,120,122,397,39.0,6,5,1,0,17.7,22,15,12
gauntlet/20261002-044056-scrim-b2rg/replays/justinottesen.sprint1__StarryNight__botA.bc24,justinottesen.sprint1,1,A,b2rg,1,559,CAPTURE,13600,13700,201,4,6,201,10,3,7,139,67,0,207,125,295,59,47.4,10,5,5,0,16.3,46,0,0
gauntlet/20261002-044056-scrim-b2rg/replays/justinottesen.sprint1__StarryNight__botA.bc24,justinottesen.sprint1,0,B,sprint1,0,559,CAPTURE,13600,14500,201,8,7,202,0,0,0,0,0,7,71,71,59,295,37.7,0,0,0,0,,42,5,5
gauntlet/20261002-044056-scrim-b2rg/replays/justinottesen.sprint1__Rivers__botB.bc24,justinottesen.sprint1,0,A,sprint1,0,542,CAPTURE,1500,2100,206,1,5,310,0,0,0,0,0,13,29,28,28,349,34.9,0,0,0,0,,31,9,7
gauntlet/20261002-044056-scrim-b2rg/replays/justinottesen.sprint1__Rivers__botB.bc24,justinottesen.sprint1,1,B,b2rg,1,542,CAPTURE,1500,2100,220,2,21,302,16,3,13,186,90,0,130,55,349,28,48.7,16,7,9,0,19.8,37,0,0
gauntlet/20261002-044056-scrim-b2rg/replays/kyleezz.jeeryfix3__OceanFloor__botA.bc24,kyleezz.jeeryfix3,1,A,b2rg,1,1266,CAPTURE,1400,1600,201,14,16,273,10,3,7,365,182,1,268,153,628,174,46.6,10,5,5,0,34.7,45,0,3
gauntlet/20261002-044056-scrim-b2rg/replays/kyleezz.jeeryfix3__OceanFloor__botA.bc24,kyleezz.jeeryfix3,0,B,jeeryfix3,0,1266,CAPTURE,1200,1200,201,15,16,215,3,2,1,105,53,7,115,113,174,628,38.0,3,3,0,0,53.0,49,5,5
gauntlet/20261002-044056-scrim-b2rg/replays/justinottesen.sprint1__Hurricane__botB.bc24,justinottesen.sprint1,0,A,sprint1,0,2000,MORE_FLAG_CAPTURES,4500,4500,201,9,21,212,36,0,36,327,139,69,78,75,124,1137,36.2,36,34,2,0,21.1,38,33,38
gauntlet/20261002-044056-scrim-b2rg/replays/justinottesen.sprint1__Hurricane__botB.bc24,justinottesen.sprint1,1,B,b2rg,1,2000,MORE_FLAG_CAPTURES,4500,4500,201,26,32,226,71,1,69,806,406,36,427,369,1137,124,48.5,71,38,33,0,18.2,46,2,34
gauntlet/20261002-044056-scrim-b2rg/replays/quesswho.cretplayer2_3__Capacitance__botA.bc24,quesswho.cretplayer2_3,1,A,b2rg,1,890,CAPTURE,3600,4800,201,21,25,201,8,3,5,658,322,5,167,111,300,75,47.9,8,4,4,0,7.2,46,5,2
gauntlet/20261002-044056-scrim-b2rg/replays/quesswho.cretplayer2_3__Capacitance__botA.bc24,quesswho.cretplayer2_3,0,B,cretplayer2_3,0,890,CAPTURE,3600,5200,201,31,13,204,10,2,5,710,59,5,110,107,75,300,41.4,7,2,5,0,3.2,30,4,4
gauntlet/20261002-044056-scrim-b2rg/replays/winkelmantanner.waffle__Gauntlet__botB.bc24,winkelmantanner.waffle,0,A,waffle,0,1929,CAPTURE,2100,3500,205,20,24,276,38,2,36,263,118,3,244,244,467,1122,35.9,38,11,27,0,28.6,35,2,4
gauntlet/20261002-044056-scrim-b2rg/replays/winkelmantanner.waffle__Gauntlet__botB.bc24,winkelmantanner.waffle,1,B,b2rg,1,1929,CAPTURE,2100,2100,232,1,1,288,6,3,3,152,86,36,303,236,1122,467,44.1,6,4,2,0,29.7,37,27,11
