file,opp,us,team,name,won,rounds,wintype,gathered200,gathered400,firstEnemySide,inEnemy250,inEnemy300,firstFlagSight,pickups,captured,carrierDeaths,carrierRounds,carrierMoves,enemyCarrierKills,trapsBuilt,trapsHit,kills,deaths,meanAlive,postPickups,firstGrabs,regrabs,relayPickups,carrierDeathDist,damStage199,enemyRegrabs,enemyFirstGrabs,regrabsLate,capturedLate,chasers20,enemyCaptured,escorts20,stillPost,enemyUnseenRounds,unopposedCaps,longTrips25,longCaps25,longCapRate,loneDeaths,trickleDeaths,symOk,psymOk,maxBcK,overruns,exceptions,symDecidedRound,symWrong,alertWrites,alertNoThreat,maxParkOnHome,efStaleCarry,efStaleLoc
gauntlet/20261003-014247-scrim-g1basics/losses/CyrilSharma.finalBot__HungerGames__botA.bc24,CyrilSharma.finalBot,1,A,g1basics,0,590,CAPTURE,700,5300,203,5,8,217,8,0,8,42,17,16,106,87,96,151,44.0,8,6,2,0,14.1,46,13,6,0,0,2.32,3,3.64,44.7,93,1,4,3,0.750,37,24,1,,20.7,0,0,1,0,452,7,13,8,1
gauntlet/20261003-014247-scrim-g1basics/losses/CyrilSharma.finalBot__HungerGames__botA.bc24,CyrilSharma.finalBot,0,B,finalBot,1,590,CAPTURE,700,16900,203,10,18,223,19,3,16,247,118,8,343,276,151,96,46.1,19,6,13,0,17.8,41,2,6,0,0,2.17,0,6.09,41.1,7,0,,,,17,1,0,,25.0,7,0,403,1,0,0,4,0,0
gauntlet/20261003-014247-scrim-g1basics/losses/ColtG5.Goob_final__TreeSearch__botA.bc24,ColtG5.Goob_final,1,A,g1basics,0,709,CAPTURE,3200,3500,244,0,5,528,0,0,0,0,0,10,98,81,288,126,45.8,0,0,0,0,,42,6,7,0,0,2.49,3,0.00,25.8,49,1,2,1,0.500,28,9,1,,22.8,0,0,17,0,529,7,13,0,0
gauntlet/20261003-014247-scrim-g1basics/losses/ColtG5.Goob_final__TreeSearch__botA.bc24,ColtG5.Goob_final,0,B,Goob_final,1,709,CAPTURE,3200,6500,203,34,13,221,13,3,10,146,65,0,114,89,126,288,40.2,13,7,6,0,22.0,41,0,0,0,0,0.00,0,4.10,14.9,,,,,,55,24,0,0,16.4,0,0,,0,0,0,509,0,0
gauntlet/20261003-014247-scrim-g1basics/losses/CyrilSharma.finalBot__HungerGames__botB.bc24,CyrilSharma.finalBot,0,A,finalBot,1,493,CAPTURE,700,17600,203,32,17,237,17,3,14,315,133,2,328,276,125,67,46.7,17,8,9,0,17.1,39,0,3,0,0,0.53,1,6.23,45.4,51,1,2,1,0.500,8,0,0,,25.1,18,0,280,1,0,0,9,0,0
gauntlet/20261003-014247-scrim-g1basics/losses/CyrilSharma.finalBot__HungerGames__botB.bc24,CyrilSharma.finalBot,1,B,g1basics,0,493,CAPTURE,700,4600,203,14,10,226,3,1,2,66,27,14,87,66,67,125,44.0,3,3,0,0,12.5,47,9,8,0,0,2.97,3,2.39,54.6,135,1,4,3,0.750,28,16,1,,22.8,0,0,207,0,474,0,31,3,0
gauntlet/20261003-014247-scrim-g1basics/losses/ColtG5.Goob_final__Racetrack__botA.bc24,ColtG5.Goob_final,1,A,g1basics,0,1955,CAPTURE,0,0,232,12,22,268,2,2,0,85,61,3,365,301,1349,558,43.0,2,2,0,0,,27,3,3,0,2,0.73,3,7.13,25.8,111,3,3,3,1.000,55,15,1,,20.2,0,0,1,0,935,25,18,2,0
gauntlet/20261003-014247-scrim-g1basics/losses/ColtG5.Goob_final__Racetrack__botA.bc24,ColtG5.Goob_final,0,B,Goob_final,1,1955,CAPTURE,0,0,204,31,17,228,6,3,3,141,80,0,257,249,558,1349,33.1,6,3,3,0,25.3,18,0,2,1,1,0.72,2,5.06,15.4,66,0,2,2,1.000,161,84,0,0,17.8,0,0,,0,0,0,1737,0,0
gauntlet/20261003-014247-scrim-g1basics/losses/CyrilSharma.finalBot__Asteroids__botB.bc24,CyrilSharma.finalBot,0,A,finalBot,1,948,CAPTURE,800,4700,210,44,40,244,19,3,16,577,260,11,203,198,205,194,45.1,19,8,11,0,26.7,36,4,8,0,0,0.92,0,6.26,42.0,129,0,2,0,0.000,52,8,0,,25.1,3,0,303,1,0,0,8,0,0
gauntlet/20261003-014247-scrim-g1basics/losses/CyrilSharma.finalBot__Asteroids__botB.bc24,CyrilSharma.finalBot,1,B,g1basics,0,948,CAPTURE,800,1600,210,6,5,232,12,0,11,236,108,16,119,84,194,205,44.7,12,8,4,0,25.2,33,11,8,0,0,1.21,3,2.48,43.1,422,1,6,3,0.500,57,30,1,,22.8,0,0,222,0,664,7,11,12,1
gauntlet/20261003-014247-scrim-g1basics/losses/ColtG5.Goob_final__Tunnels__botA.bc24,ColtG5.Goob_final,1,A,g1basics,0,2000,MORE_FLAG_CAPTURES,2400,3000,291,0,0,371,0,0,0,0,0,3,253,176,881,469,44.3,0,0,0,0,,33,2,2,0,0,3.35,1,0.00,36.5,16,0,,,,35,4,1,,22.8,0,0,203,0,334,8,13,0,0
gauntlet/20261003-014247-scrim-g1basics/losses/ColtG5.Goob_final__Tunnels__botA.bc24,ColtG5.Goob_final,0,B,Goob_final,1,2000,MORE_FLAG_CAPTURES,2400,3600,203,26,13,210,4,1,3,57,28,0,238,221,469,881,39.2,4,2,2,0,12.3,31,0,0,0,0,0.00,0,9.46,15.2,,,,,,58,29,0,0,15.5,0,0,,0,0,0,1800,0,0
gauntlet/20261003-014247-scrim-g1basics/losses/ColtG5.Goob_final__Joker__botA.bc24,ColtG5.Goob_final,1,A,g1basics,0,2000,MORE_FLAG_CAPTURES,14500,15900,205,14,13,223,4,1,3,45,21,5,468,406,1310,621,42.4,4,3,1,0,31.0,48,3,4,0,0,0.88,2,3.07,24.0,90,2,2,2,1.000,125,11,1,,21.5,0,0,1,0,1065,41,12,3,0
gauntlet/20261003-014247-scrim-g1basics/losses/ColtG5.Goob_final__Joker__botA.bc24,ColtG5.Goob_final,0,B,Goob_final,1,2000,MORE_FLAG_CAPTURES,14500,26400,202,38,5,243,7,2,5,121,57,3,502,482,621,1310,34.0,7,4,3,0,25.4,40,1,3,0,0,0.29,1,3.88,12.8,39,1,1,1,1.000,262,124,0,0,17.1,0,0,,0,0,0,753,0,0
gauntlet/20261003-014247-scrim-g1basics/losses/Gymhgy.v10official__Ambush__botA.bc24,Gymhgy.v10official,1,A,g1basics,0,444,CAPTURE,2000,2300,201,13,13,201,2,2,0,35,16,3,58,48,34,39,47.9,2,2,0,0,,47,0,8,0,0,6.22,3,5.03,31.2,10,3,,,,6,2,1,,21.4,0,0,1,0,516,2,12,2,0
gauntlet/20261003-014247-scrim-g1basics/losses/Gymhgy.v10official__Ambush__botA.bc24,Gymhgy.v10official,0,B,v10official,1,444,CAPTURE,2000,6800,201,30,34,201,25,3,3,642,220,0,113,83,39,34,48.2,22,8,0,14,9.0,49,0,2,0,0,2.54,2,9.63,5.7,7,0,,,,4,0,1,,25.0,5,0,,0,0,0,1,0,0
gauntlet/20261003-014247-scrim-g1basics/losses/Gymhgy.v10official__Swoop__botB.bc24,Gymhgy.v10official,0,A,v10official,1,343,CAPTURE,4300,4300,201,44,16,232,22,3,1,695,56,2,50,43,24,27,48.1,19,4,0,15,19.0,47,0,3,0,0,1.07,0,8.15,5.6,76,0,,,,11,3,1,,25.0,3,0,,0,0,0,1,0,0
gauntlet/20261003-014247-scrim-g1basics/losses/Gymhgy.v10official__Swoop__botB.bc24,Gymhgy.v10official,1,B,g1basics,0,343,CAPTURE,4300,4300,201,18,14,255,3,0,2,106,51,1,49,34,27,24,48.3,3,3,0,0,25.0,47,0,4,0,0,0.57,3,2.65,22.4,72,2,,,,6,1,1,,19.6,0,0,1,0,149,2,8,3,0
gauntlet/20261003-014247-scrim-g1basics/losses/CyrilSharma.finalBot__Racetrack__botB.bc24,CyrilSharma.finalBot,0,A,finalBot,1,2000,LEVEL_SUM,0,0,202,13,12,626,7,2,5,115,54,3,387,379,580,672,41.9,7,2,5,0,25.8,28,0,5,0,0,0.68,2,7.67,47.9,126,1,2,2,1.000,48,8,0,,25.1,12,0,659,1,0,0,11,0,0
gauntlet/20261003-014247-scrim-g1basics/losses/CyrilSharma.finalBot__Racetrack__botB.bc24,CyrilSharma.finalBot,1,B,g1basics,0,2000,LEVEL_SUM,0,0,204,10,16,455,5,2,3,173,83,5,186,125,672,580,42.9,5,5,0,0,35.0,25,5,2,0,0,1.07,2,5.77,42.0,89,2,2,2,1.000,38,12,1,,22.8,0,0,105,0,529,31,16,5,0
gauntlet/20261003-014247-scrim-g1basics/losses/Gymhgy.v10official__Alligator__botA.bc24,Gymhgy.v10official,1,A,g1basics,0,2000,MORE_FLAG_CAPTURES,3300,6600,201,13,22,331,29,1,28,369,165,5,255,195,497,548,43.3,29,25,4,0,18.4,35,4,3,0,0,1.33,2,2.93,35.9,171,1,1,0,0.000,59,1,1,,22.8,0,0,5,0,1450,138,55,29,2
gauntlet/20261003-014247-scrim-g1basics/losses/Gymhgy.v10official__Alligator__botA.bc24,Gymhgy.v10official,0,B,v10official,1,2000,MORE_FLAG_CAPTURES,3300,6000,201,18,15,221,27,2,5,838,122,28,379,314,548,497,44.0,24,3,4,17,10.4,21,4,25,0,0,2.00,1,13.50,5.7,166,1,4,1,0.250,29,2,1,,25.1,187,0,,0,0,0,1,0,0
gauntlet/20261003-014247-scrim-g1basics/losses/Gymhgy.v10official__BigDucksBigPond__botA.bc24,Gymhgy.v10official,1,A,g1basics,0,2000,LEVEL_SUM,5100,7700,201,11,33,307,38,1,37,620,255,1,303,222,505,557,43.2,38,32,6,0,42.6,47,0,2,0,0,0.88,1,6.15,25.7,43,0,,,,77,2,1,,21.6,0,0,1,0,459,37,27,38,5
gauntlet/20261003-014247-scrim-g1basics/losses/Gymhgy.v10official__BigDucksBigPond__botA.bc24,Gymhgy.v10official,0,B,v10official,1,2000,LEVEL_SUM,5100,6300,201,38,35,258,22,1,1,649,36,37,397,380,557,505,43.9,19,2,0,17,27.0,46,6,32,0,0,2.65,1,13.98,4.1,358,1,8,1,0.125,81,31,1,,25.1,166,0,,0,0,0,4,0,0
gauntlet/20261003-014247-scrim-g1basics/losses/Gymhgy.v10official__Yinyang__botB.bc24,Gymhgy.v10official,0,A,v10official,1,680,CAPTURE,2900,3500,201,30,30,208,37,3,8,650,119,5,76,73,60,133,45.5,34,9,2,23,15.1,48,1,7,0,0,2.85,2,10.95,7.0,49,1,2,2,1.000,36,17,1,,25.0,24,0,,0,0,0,1,0,0
gauntlet/20261003-014247-scrim-g1basics/losses/Gymhgy.v10official__Yinyang__botB.bc24,Gymhgy.v10official,1,B,g1basics,0,680,CAPTURE,2900,2900,201,5,22,266,8,2,5,117,57,8,109,79,133,60,47.8,8,7,1,0,20.2,47,2,9,0,0,4.54,3,6.69,25.7,26,3,,,,14,0,1,,21.3,0,0,1,0,594,9,12,8,0
gauntlet/20261003-014247-scrim-g1basics/losses/IvanGeffner.kuma__Battlecode24__botB.bc24,IvanGeffner.kuma,0,A,kuma,1,2000,MORE_FLAG_CAPTURES,12400,26200,206,31,19,241,35,2,10,142,80,0,609,577,475,448,44.5,35,9,5,21,26.4,34,0,0,1,0,0.00,0,2.27,33.3,,,,,,105,1,0,,25.0,27,0,107,1,0,0,1800,0,0
gauntlet/20261003-014247-scrim-g1basics/losses/IvanGeffner.kuma__Battlecode24__botB.bc24,IvanGeffner.kuma,1,B,g1basics,0,2000,MORE_FLAG_CAPTURES,11600,15200,202,11,8,637,0,0,0,0,0,10,432,357,448,475,44.2,0,0,0,0,,22,5,9,0,0,1.35,2,0.00,38.0,104,1,3,2,0.667,59,5,1,,21.8,0,0,1,0,1246,65,28,0,0
gauntlet/20261003-014247-scrim-g1basics/losses/IvanGeffner.kuma__DefaultLarge__botB.bc24,IvanGeffner.kuma,0,A,kuma,1,1150,CAPTURE,1800,5300,205,39,36,273,36,3,14,282,134,1,432,389,443,214,45.4,36,5,12,19,39.9,39,0,1,0,0,1.90,0,2.79,24.8,11,0,1,0,0.000,28,0,1,,25.1,27,0,64,1,0,0,950,0,0
gauntlet/20261003-014247-scrim-g1basics/losses/IvanGeffner.kuma__DefaultLarge__botB.bc24,IvanGeffner.kuma,1,B,g1basics,0,1150,CAPTURE,1800,3800,202,11,8,285,1,0,1,52,24,14,155,97,214,443,40.7,1,1,0,0,31.0,43,12,5,0,0,1.44,3,1.90,37.9,214,3,3,3,1.000,32,2,1,,21.6,0,0,1,0,740,31,73,1,1
gauntlet/20261003-014247-scrim-g1basics/losses/IvanGeffner.kuma__Soccer__botA.bc24,IvanGeffner.kuma,1,A,g1basics,0,388,CAPTURE,3000,3000,203,0,0,0,0,0,0,0,0,3,58,32,27,83,44.8,0,0,0,0,,39,2,4,0,0,1.67,3,0.00,35.8,121,2,3,3,1.000,4,2,0,,24.7,0,0,,0,217,2,15,0,0
gauntlet/20261003-014247-scrim-g1basics/losses/IvanGeffner.kuma__Soccer__botA.bc24,IvanGeffner.kuma,0,B,kuma,1,388,CAPTURE,3000,3200,211,27,37,245,22,3,3,165,80,0,117,69,83,27,48.4,22,4,2,16,31.7,38,0,0,0,0,0.00,0,3.52,26.3,,,,,,5,0,0,,25.1,27,0,57,1,0,0,188,0,0
gauntlet/20261003-014247-scrim-g1basics/losses/IvanGeffner.kuma__Fountain__botA.bc24,IvanGeffner.kuma,1,A,g1basics,0,624,CAPTURE,1700,2900,207,11,12,239,2,1,1,43,21,5,63,46,67,107,46.1,2,1,1,0,18.0,45,4,4,0,0,1.56,3,9.09,37.5,74,2,2,2,1.000,19,6,1,,22.8,0,0,217,0,447,10,24,2,0
gauntlet/20261003-014247-scrim-g1basics/losses/IvanGeffner.kuma__Fountain__botA.bc24,IvanGeffner.kuma,0,B,kuma,1,624,CAPTURE,1700,2500,213,11,19,271,22,3,5,117,52,1,85,80,107,67,47.5,22,4,4,14,18.8,37,1,1,0,0,3.14,1,4.32,30.5,0,0,1,1,1.000,12,0,0,,25.1,27,0,227,1,0,0,242,0,0
gauntlet/20261003-014247-scrim-g1basics/losses/IvanGeffner.kuma__CH3353C4K3F4CT0RY__botA.bc24,IvanGeffner.kuma,1,A,g1basics,0,2000,MORE_FLAG_CAPTURES,13000,13200,204,7,13,248,3,1,2,56,27,14,411,397,556,705,41.5,3,3,0,0,22.5,43,10,9,0,1,2.49,2,3.50,44.9,48,1,2,2,1.000,79,7,1,,22.8,0,0,29,0,1740,62,16,3,0
gauntlet/20261003-014247-scrim-g1basics/losses/IvanGeffner.kuma__CH3353C4K3F4CT0RY__botA.bc24,IvanGeffner.kuma,0,B,kuma,1,2000,MORE_FLAG_CAPTURES,13000,13200,203,37,27,231,26,2,14,90,43,2,721,688,705,556,43.3,26,9,10,7,22.4,40,0,3,8,0,1.16,1,3.66,37.5,27,0,1,1,1.000,87,6,0,,25.1,27,0,57,1,0,0,1800,0,0
gauntlet/20261003-014247-scrim-g1basics/losses/NotLLeon.v3__AceOfSpades__botA.bc24,NotLLeon.v3,1,A,g1basics,0,447,CAPTURE,1800,7800,203,25,20,271,0,0,0,0,0,9,113,85,47,74,46.0,0,0,0,0,,43,7,5,0,0,2.12,3,0.00,38.8,59,2,3,2,0.667,5,1,1,,19.5,0,0,1,0,160,6,10,0,0
gauntlet/20261003-014247-scrim-g1basics/losses/NotLLeon.v3__AceOfSpades__botA.bc24,NotLLeon.v3,0,B,v3,1,447,CAPTURE,1800,13800,208,30,11,250,19,3,9,125,55,0,189,181,74,47,47.6,19,5,7,7,22.1,47,0,0,0,0,0.00,0,9.55,14.9,,,,,,8,0,0,,19.4,0,0,272,0,0,0,247,0,39
gauntlet/20261003-014247-scrim-g1basics/losses/IvanGeffner.kuma__TreeSearch__botB.bc24,IvanGeffner.kuma,0,A,kuma,1,886,CAPTURE,3200,6500,204,14,32,265,29,3,7,138,64,3,286,263,291,162,45.7,29,7,6,16,23.4,26,1,2,0,0,2.72,0,4.09,26.7,6,0,,,,29,0,1,,25.1,30,0,201,1,0,0,686,0,0
gauntlet/20261003-014247-scrim-g1basics/losses/IvanGeffner.kuma__TreeSearch__botB.bc24,IvanGeffner.kuma,1,B,g1basics,0,886,CAPTURE,3200,3500,203,5,3,222,3,0,3,39,17,7,103,64,162,291,42.0,3,2,1,0,21.7,38,6,7,0,0,1.86,3,1.51,37.3,93,3,2,2,1.000,19,4,1,,20.5,0,0,1,0,636,19,18,3,5
gauntlet/20261003-014247-scrim-g1basics/losses/NotLLeon.v3__Checkered__botB.bc24,NotLLeon.v3,0,A,v3,1,715,CAPTURE,4800,4800,201,24,17,209,42,3,38,196,79,8,140,138,125,223,42.6,42,10,31,1,12.9,46,3,6,0,0,1.97,1,6.11,8.6,34,1,1,1,1.000,22,2,1,,21.4,0,0,246,1,0,0,515,0,21
gauntlet/20261003-014247-scrim-g1basics/losses/NotLLeon.v3__Checkered__botB.bc24,NotLLeon.v3,1,B,g1basics,0,715,CAPTURE,4800,4800,201,10,24,206,9,1,8,62,23,38,151,95,223,125,45.8,9,6,3,0,16.4,47,31,10,0,0,6.02,3,3.44,24.7,41,0,2,1,0.500,14,0,1,,22.8,0,0,11,0,295,7,7,9,0
gauntlet/20261003-014247-scrim-g1basics/losses/NotLLeon.v3__StackGame__botA.bc24,NotLLeon.v3,1,A,g1basics,0,323,CAPTURE,4600,4600,212,0,6,279,0,0,0,0,0,9,66,34,38,45,46.6,0,0,0,0,,45,8,4,0,0,6.40,3,0.00,38.4,19,1,1,1,1.000,2,0,1,,22.8,0,0,5,0,118,0,5,0,0
gauntlet/20261003-014247-scrim-g1basics/losses/NotLLeon.v3__StackGame__botA.bc24,NotLLeon.v3,0,B,v3,1,323,CAPTURE,4600,4600,202,32,24,238,16,3,9,83,34,0,78,64,45,38,47.5,16,4,8,4,13.3,46,0,0,0,0,0.00,0,8.67,12.6,,,,,,4,0,0,,17.7,0,0,,0,0,0,123,0,22
gauntlet/20261003-014247-scrim-g1basics/losses/NotLLeon.v3__Pancakes__botB.bc24,NotLLeon.v3,0,A,v3,1,525,CAPTURE,0,4700,220,17,24,246,33,3,25,194,84,8,102,97,97,83,46.2,33,6,22,5,18.0,47,2,7,0,0,1.20,1,7.75,8.3,81,1,3,1,0.333,10,3,0,,18.1,0,0,,1,0,0,213,0,15
gauntlet/20261003-014247-scrim-g1basics/losses/NotLLeon.v3__Pancakes__botB.bc24,NotLLeon.v3,1,B,g1basics,0,525,CAPTURE,0,3800,201,11,10,220,9,1,8,153,71,25,93,65,83,97,45.5,9,7,2,0,20.1,48,22,6,0,0,4.15,3,3.25,28.5,70,2,2,1,0.500,15,4,1,,19.8,0,0,1,0,308,6,11,9,0
gauntlet/20261003-014247-scrim-g1basics/losses/NotLLeon.v3__DefaultSmall__botB.bc24,NotLLeon.v3,0,A,v3,1,637,CAPTURE,4100,4100,201,39,17,246,28,3,19,176,72,5,120,116,115,144,44.5,28,8,14,6,18.9,47,1,4,0,0,1.98,0,9.99,10.1,28,0,1,0,0.000,8,1,1,,24.7,0,0,426,1,0,0,437,0,60
gauntlet/20261003-014247-scrim-g1basics/losses/NotLLeon.v3__DefaultSmall__botB.bc24,NotLLeon.v3,1,B,g1basics,0,637,CAPTURE,4100,4100,201,7,2,292,5,0,5,62,26,19,117,69,144,115,45.7,5,4,1,0,17.4,47,14,8,0,0,4.02,3,6.21,26.6,50,3,2,0,0.000,16,0,1,,21.1,0,0,1,0,364,15,10,5,0
gauntlet/20261003-014247-scrim-g1basics/losses/SampleProvider.TSPAARKSPRINT1__Joker__botA.bc24,SampleProvider.TSPAARKSPRINT1,1,A,g1basics,0,1313,CAPTURE,14500,21300,201,36,30,219,12,2,10,571,256,71,391,347,458,241,45.5,12,10,2,0,30.0,46,52,22,0,0,2.81,3,4.27,25.9,111,0,7,3,0.429,58,19,1,,22.8,0,0,204,0,1284,26,19,12,0
gauntlet/20261003-014247-scrim-g1basics/losses/SampleProvider.TSPAARKSPRINT1__Joker__botA.bc24,SampleProvider.TSPAARKSPRINT1,0,B,TSPAARKSPRINT1,1,1313,CAPTURE,14500,21000,202,35,10,250,77,3,71,1053,395,10,187,176,241,458,41.4,74,22,52,0,31.5,37,2,10,4,1,1.21,2,9.17,14.4,318,2,9,2,0.222,185,112,0,0,22.5,0,0,,1,1,0,630,0,0
gauntlet/20261003-014247-scrim-g1basics/losses/Strequals.duck0127v5__AceOfSpades__botB.bc24,Strequals.duck0127v5,0,A,duck0127v5,1,546,CAPTURE,1800,16200,202,34,25,238,9,3,6,258,129,3,196,162,89,55,47.7,9,5,4,0,18.8,37,1,3,0,0,1.97,1,11.05,34.5,31,0,1,1,1.000,16,5,0,,21.5,0,0,,0,0,0,131,0,0
gauntlet/20261003-014247-scrim-g1basics/losses/Strequals.duck0127v5__AceOfSpades__botB.bc24,Strequals.duck0127v5,1,B,g1basics,0,546,CAPTURE,1800,5400,202,30,25,210,4,1,3,73,35,6,102,55,55,89,46.1,4,3,1,0,18.0,45,4,5,0,0,1.00,3,5.23,33.3,128,0,4,3,0.750,17,6,1,,22.8,0,0,40,0,205,11,11,4,0
gauntlet/20261003-014247-scrim-g1basics/losses/Strequals.duck0127v5__KingQuacksCastle__botB.bc24,Strequals.duck0127v5,0,A,duck0127v5,1,699,CAPTURE,1600,12400,204,10,17,278,6,3,3,147,71,13,209,189,151,72,47.5,6,3,3,0,21.3,43,4,9,0,0,4.76,0,11.46,26.3,4,0,,,,21,0,0,,20.9,0,0,,0,0,0,87,0,0
gauntlet/20261003-014247-scrim-g1basics/losses/Strequals.duck0127v5__KingQuacksCastle__botB.bc24,Strequals.duck0127v5,1,B,g1basics,0,699,CAPTURE,1600,2000,206,12,28,239,13,0,13,68,26,3,91,60,72,151,44.9,13,9,4,0,23.3,48,3,3,0,0,1.10,3,3.72,33.6,86,1,3,3,1.000,20,6,1,,22.8,0,0,11,0,328,20,12,12,0
gauntlet/20261003-014247-scrim-g1basics/losses/Strequals.duck0127v5__BedWars__botB.bc24,Strequals.duck0127v5,0,A,duck0127v5,1,1041,CAPTURE,2400,4200,208,5,3,438,7,3,4,97,45,11,118,112,128,162,46.2,7,5,2,0,16.3,46,2,11,0,0,1.71,2,7.52,29.2,96,2,2,2,1.000,34,9,1,,21.7,0,0,,0,0,0,157,0,0
gauntlet/20261003-014247-scrim-g1basics/losses/Strequals.duck0127v5__BedWars__botB.bc24,Strequals.duck0127v5,1,B,g1basics,0,1041,CAPTURE,2400,2500,217,1,3,399,13,2,11,193,88,4,86,38,162,128,47.0,13,11,2,0,14.5,48,2,5,0,0,1.51,3,5.19,24.8,65,1,2,2,1.000,18,0,1,,21.0,0,0,1,0,278,34,11,13,0
gauntlet/20261003-014247-scrim-g1basics/losses/Strequals.duck0127v5__Fusbol__botB.bc24,Strequals.duck0127v5,0,A,duck0127v5,1,2000,MORE_FLAG_CAPTURES,7200,9600,205,4,35,361,19,2,17,318,145,0,730,623,724,321,46.0,19,9,10,0,47.9,30,0,0,2,0,0.00,0,8.68,26.7,,,,,,39,1,1,,21.4,0,0,,0,0,0,204,0,0
gauntlet/20261003-014247-scrim-g1basics/losses/Strequals.duck0127v5__Fusbol__botB.bc24,Strequals.duck0127v5,1,B,g1basics,0,2000,MORE_FLAG_CAPTURES,7200,8400,202,8,0,466,0,0,0,0,0,17,231,200,321,724,40.8,0,0,0,0,,30,10,9,0,0,1.30,2,0.00,37.6,216,1,3,2,0.667,37,18,1,,22.8,0,0,454,0,2609,11,185,0,0
gauntlet/20261003-014247-scrim-g1basics/losses/andli28.v9_USQuals_angle__Battlefield__botA.bc24,andli28.v9_USQuals_angle,1,A,g1basics,0,906,CAPTURE,3700,3700,205,5,27,231,17,2,14,63,26,10,135,69,163,168,45.5,17,10,7,0,7.6,40,9,4,0,0,9.30,3,13.52,33.8,0,0,,,,0,0,1,,22.1,0,0,1,0,206,9,11,16,0
gauntlet/20261003-014247-scrim-g1basics/losses/andli28.v9_USQuals_angle__Battlefield__botA.bc24,andli28.v9_USQuals_angle,0,B,v9_USQuals_angle,1,906,CAPTURE,3700,3700,202,0,0,202,13,3,10,30,12,14,207,191,168,163,45.8,13,4,9,0,5.8,44,7,10,0,0,5.49,2,6.10,19.0,5,1,,,,5,1,0,0,25.1,24,0,,1,0,0,11,0,0
gauntlet/20261003-014247-scrim-g1basics/losses/Strequals.duck0127v5__Duck__botA.bc24,Strequals.duck0127v5,1,A,g1basics,0,1454,CAPTURE,2900,2900,201,27,32,260,44,1,43,668,304,13,191,135,250,322,44.6,44,36,8,0,46.6,47,7,9,4,1,1.07,3,2.19,29.9,393,2,6,3,0.500,69,4,1,,22.8,0,0,27,0,674,24,21,43,3
gauntlet/20261003-014247-scrim-g1basics/losses/Strequals.duck0127v5__Duck__botA.bc24,Strequals.duck0127v5,0,B,duck0127v5,1,1454,CAPTURE,2800,2800,201,26,27,240,16,3,13,607,295,43,357,328,322,250,45.8,16,9,7,0,45.2,46,8,36,1,1,1.28,1,7.66,27.3,351,1,5,1,0.200,73,18,1,,21.0,0,0,,0,0,0,105,0,0
gauntlet/20261003-014247-scrim-g1basics/losses/andli28.v9_USQuals_angle__Intercontinental__botB.bc24,andli28.v9_USQuals_angle,0,A,v9_USQuals_angle,1,947,CAPTURE,2400,5400,203,27,26,230,31,3,28,202,86,8,195,177,344,182,45.3,31,8,23,0,19.4,43,1,9,0,0,0.78,2,4.15,8.0,159,2,5,2,0.400,55,6,1,1,25.0,4,0,,1,0,0,298,0,0
gauntlet/20261003-014247-scrim-g1basics/losses/andli28.v9_USQuals_angle__Intercontinental__botB.bc24,andli28.v9_USQuals_angle,1,B,g1basics,0,947,CAPTURE,2400,3600,201,3,11,278,10,2,8,234,111,28,76,56,182,344,41.2,10,9,1,0,14.8,47,23,8,0,0,3.10,3,2.53,24.6,95,2,2,2,1.000,65,18,1,,21.5,0,0,1,0,423,21,15,10,5
gauntlet/20261003-014247-scrim-g1basics/losses/Strequals.duck0127v5__Klein__botA.bc24,Strequals.duck0127v5,1,A,g1basics,0,2000,MORE_FLAG_CAPTURES,6300,6300,203,11,11,217,8,1,7,107,49,28,281,250,316,647,42.1,8,8,0,0,17.6,47,19,11,0,0,2.29,2,4.14,34.0,68,1,3,1,0.333,69,16,1,,20.2,0,0,1,0,2285,67,26,7,2
gauntlet/20261003-014247-scrim-g1basics/losses/Strequals.duck0127v5__Klein__botA.bc24,Strequals.duck0127v5,0,B,duck0127v5,1,2000,MORE_FLAG_CAPTURES,6300,8100,203,16,38,222,30,2,28,251,128,7,507,492,647,316,46.2,30,11,19,0,26.8,44,0,8,3,0,2.25,1,5.59,30.2,36,1,2,1,0.500,73,3,0,,20.7,0,0,,0,0,0,131,0,0
gauntlet/20261003-014247-scrim-g1basics/losses/andli28.v9_USQuals_angle__Capacitance__botA.bc24,andli28.v9_USQuals_angle,1,A,g1basics,0,1613,CAPTURE,3600,4200,201,21,15,205,16,2,14,220,100,28,272,239,401,762,38.6,16,12,4,0,14.1,46,23,8,0,0,2.98,3,2.99,27.0,87,1,2,2,1.000,131,64,1,,20.3,0,0,1,0,1083,40,18,15,4
gauntlet/20261003-014247-scrim-g1basics/losses/andli28.v9_USQuals_angle__Capacitance__botA.bc24,andli28.v9_USQuals_angle,0,B,v9_USQuals_angle,1,1613,CAPTURE,3600,5800,201,27,24,281,31,3,28,187,76,14,504,493,762,401,43.9,31,8,23,0,15.3,38,4,12,3,1,1.53,2,3.84,8.3,90,1,3,1,0.333,81,14,1,0,25.0,2,0,290,0,0,0,298,0,0
gauntlet/20261003-014247-scrim-g1basics/losses/andli28.v9_USQuals_angle__OceanFloor__botA.bc24,andli28.v9_USQuals_angle,1,A,g1basics,0,2000,LEVEL_SUM,1400,1400,201,29,23,250,20,2,18,416,191,26,280,213,355,925,38.8,20,18,2,0,29.5,47,16,12,0,0,1.68,2,1.52,27.0,227,1,5,1,0.200,190,52,1,,20.3,0,0,1,0,1371,74,22,20,5
gauntlet/20261003-014247-scrim-g1basics/losses/andli28.v9_USQuals_angle__OceanFloor__botA.bc24,andli28.v9_USQuals_angle,0,B,v9_USQuals_angle,1,2000,LEVEL_SUM,1400,1400,201,32,26,241,28,2,26,405,185,18,615,559,925,355,45.7,28,12,16,0,30.9,42,2,18,1,0,0.68,2,3.03,7.3,271,2,7,2,0.286,125,9,0,1,24.2,0,0,,1,0,0,230,0,0
gauntlet/20261003-014247-scrim-g1basics/losses/andrewgopher.player22__GaltonBoard__botA.bc24,andrewgopher.player22,1,A,g1basics,0,831,CAPTURE,0,500,201,0,0,0,0,0,0,0,0,9,85,81,168,527,34.7,0,0,0,0,,35,7,5,0,0,4.62,3,0.00,62.2,65,1,3,3,1.000,34,40,1,,19.9,0,0,1,0,1541,1,28,0,0
gauntlet/20261003-014247-scrim-g1basics/losses/andrewgopher.player22__GaltonBoard__botA.bc24,andrewgopher.player22,0,B,player22,1,831,CAPTURE,0,37300,205,36,42,254,15,3,9,157,72,0,541,450,527,168,45.0,12,5,7,0,17.6,38,0,0,0,0,0.00,0,13.72,19.5,,,,,,4,0,0,0,25.0,45,0,,0,0,0,2,0,0
gauntlet/20261003-014247-scrim-g1basics/losses/andli28.v9_USQuals_angle__SteamboatMickey__botA.bc24,andli28.v9_USQuals_angle,1,A,g1basics,0,664,CAPTURE,7300,10300,201,25,23,201,1,1,0,49,24,14,174,149,109,159,44.4,1,1,0,0,,42,9,8,0,0,1.09,3,2.86,28.8,203,3,3,3,1.000,29,3,1,,19.9,0,0,1,0,283,9,10,1,0
gauntlet/20261003-014247-scrim-g1basics/losses/andli28.v9_USQuals_angle__SteamboatMickey__botA.bc24,andli28.v9_USQuals_angle,0,B,v9_USQuals_angle,1,664,CAPTURE,7300,16300,201,20,5,201,17,3,14,265,121,0,309,245,159,109,46.0,17,8,9,0,26.6,45,0,1,0,0,0.33,1,1.18,11.7,39,1,1,1,1.000,29,0,1,0,25.0,3,0,,0,0,0,298,0,0
gauntlet/20261003-014247-scrim-g1basics/losses/andrewgopher.player22__KingQuacksCastle__botB.bc24,andrewgopher.player22,0,A,player22,1,575,CAPTURE,1600,12800,204,4,29,293,12,3,5,152,69,1,126,111,113,185,42.4,9,5,3,1,20.6,50,0,1,0,0,1.62,0,7.16,14.8,3,0,,,,32,11,0,0,25.0,12,0,,0,0,0,3,0,0
gauntlet/20261003-014247-scrim-g1basics/losses/andrewgopher.player22__KingQuacksCastle__botB.bc24,andrewgopher.player22,1,B,g1basics,0,575,CAPTURE,1600,2000,212,1,7,354,1,0,1,13,6,5,76,49,185,113,45.3,1,1,0,0,16.0,48,3,5,0,0,1.12,3,1.31,29.9,111,1,4,3,0.750,9,2,1,,22.8,0,0,16,0,341,8,9,1,0
gauntlet/20261003-014247-scrim-g1basics/losses/andrewgopher.player22__TreeSearch__botA.bc24,andrewgopher.player22,1,A,g1basics,0,1498,CAPTURE,3200,6800,203,3,1,458,3,1,2,51,25,5,291,225,791,495,42.0,3,3,0,0,18.0,41,3,5,0,0,1.15,3,4.29,24.7,100,2,3,3,1.000,46,4,1,,20.0,0,0,1,0,632,31,12,3,0
gauntlet/20261003-014247-scrim-g1basics/losses/andrewgopher.player22__TreeSearch__botA.bc24,andrewgopher.player22,0,B,player22,1,1498,CAPTURE,3200,3200,205,17,20,251,12,3,5,141,67,2,210,203,495,791,37.1,9,5,3,1,27.8,37,0,3,1,1,0.63,1,3.12,15.3,35,1,1,1,1.000,165,84,0,0,25.0,23,0,,0,0,0,10,0,0
gauntlet/20261003-014247-scrim-g1basics/losses/andli28.v9_USQuals_angle__Valentine__botB.bc24,andli28.v9_USQuals_angle,0,A,v9_USQuals_angle,1,2000,MORE_FLAG_CAPTURES,1800,5700,212,42,34,226,29,2,26,996,552,3,492,469,717,403,45.1,29,8,21,0,31.0,45,1,2,8,0,3.00,0,2.61,9.3,0,0,,,,109,2,0,0,25.0,3,0,,1,0,0,431,0,0
gauntlet/20261003-014247-scrim-g1basics/losses/andli28.v9_USQuals_angle__Valentine__botB.bc24,andli28.v9_USQuals_angle,1,B,g1basics,0,2000,MORE_FLAG_CAPTURES,1800,2700,643,0,0,861,3,0,3,3,0,26,278,215,403,717,41.2,3,2,1,0,35.0,42,21,8,1,0,0.79,2,6.33,22.6,809,1,5,2,0.400,105,17,1,,22.8,0,0,221,0,1110,120,15,2,0
gauntlet/20261003-014247-scrim-g1basics/losses/andrewgopher.player22__TreeSearch__botB.bc24,andrewgopher.player22,0,A,player22,1,412,CAPTURE,3200,3200,203,33,22,229,13,3,7,161,70,2,53,51,58,113,43.5,10,6,4,0,20.7,38,0,2,0,0,2.21,0,3.99,16.7,3,0,,,,28,6,0,0,24.8,0,0,,0,0,0,1,0,0
gauntlet/20261003-014247-scrim-g1basics/losses/andrewgopher.player22__TreeSearch__botB.bc24,andrewgopher.player22,1,B,g1basics,0,412,CAPTURE,3200,6500,203,9,11,280,2,0,2,19,8,7,82,60,113,58,46.7,2,2,0,0,15.5,39,4,6,0,0,2.60,3,0.11,23.9,73,1,3,2,0.667,20,4,1,,22.8,0,0,21,0,250,2,12,2,0
gauntlet/20261003-014247-scrim-g1basics/losses/chenyx512.flagbot_final__AceOfSpades__botA.bc24,chenyx512.flagbot_final,1,A,g1basics,0,748,CAPTURE,1800,4500,202,20,17,221,15,0,15,95,37,5,112,82,29,300,40.2,15,9,6,0,22.3,42,4,4,0,0,1.56,3,8.93,41.8,68,0,3,3,1.000,38,10,1,,22.8,0,0,33,0,787,35,29,14,0
gauntlet/20261003-014247-scrim-g1basics/losses/chenyx512.flagbot_final__AceOfSpades__botA.bc24,chenyx512.flagbot_final,0,B,flagbot_final,1,748,CAPTURE,1800,17100,203,24,28,223,11,3,5,732,265,15,434,374,300,29,48.9,8,4,4,0,20.4,39,6,9,0,0,6.31,0,5.94,18.5,8,0,,,,6,0,0,0,18.8,0,0,,1,0,0,211,0,0
gauntlet/20261003-014247-scrim-g1basics/losses/andrewgopher.player22__YearOfTheDragon__botA.bc24,andrewgopher.player22,1,A,g1basics,0,2000,MORE_FLAG_CAPTURES,10800,10800,201,18,2,350,6,0,6,65,30,6,327,290,722,1003,37.8,6,4,2,0,14.7,47,3,5,1,0,3.97,2,1.00,40.3,67,1,2,2,1.000,93,2,1,,21.5,0,0,1,0,2098,5,34,6,10
gauntlet/20261003-014247-scrim-g1basics/losses/andrewgopher.player22__YearOfTheDragon__botA.bc24,andrewgopher.player22,0,B,player22,1,2000,MORE_FLAG_CAPTURES,10800,10800,201,18,21,220,11,2,6,116,79,6,495,465,1003,722,41.2,8,5,3,0,26.8,47,2,4,3,1,0.71,0,6.25,16.1,24,0,1,0,0.000,96,29,1,1,25.1,112,0,,0,0,0,3,0,0
gauntlet/20261003-014247-scrim-g1basics/losses/chenyx512.flagbot_final__Intercontinental__botB.bc24,chenyx512.flagbot_final,0,A,flagbot_final,1,1226,CAPTURE,2400,3900,201,12,15,324,16,3,10,754,290,19,165,133,467,171,46.5,13,5,8,0,20.4,40,4,17,0,1,1.99,2,6.50,16.4,161,2,6,2,0.333,34,5,1,1,20.4,0,0,1180,0,0,0,185,0,0
gauntlet/20261003-014247-scrim-g1basics/losses/chenyx512.flagbot_final__Intercontinental__botB.bc24,chenyx512.flagbot_final,1,B,g1basics,0,1226,CAPTURE,2400,3900,201,10,13,272,21,2,19,368,172,10,103,78,171,467,40.8,21,17,4,0,18.3,43,8,5,0,1,1.48,3,3.76,27.3,112,2,3,3,1.000,85,18,1,,20.6,0,0,1,0,546,47,36,21,2
gauntlet/20261003-014247-scrim-g1basics/losses/chenyx512.flagbot_final__OceanFloor__botB.bc24,chenyx512.flagbot_final,0,A,flagbot_final,1,657,CAPTURE,1400,1400,201,23,21,213,13,3,7,844,357,7,64,56,103,37,48.6,10,7,3,0,22.9,47,2,5,0,0,2.10,0,3.47,21.2,88,0,3,0,0.000,12,0,0,1,16.7,0,0,249,1,0,0,148,0,0
gauntlet/20261003-014247-scrim-g1basics/losses/chenyx512.flagbot_final__OceanFloor__botB.bc24,chenyx512.flagbot_final,1,B,g1basics,0,657,CAPTURE,1400,1400,201,25,21,235,7,0,7,176,85,7,89,60,37,103,46.2,7,5,2,0,42.1,44,3,7,0,0,0.70,3,4.16,26.0,168,3,4,3,0.750,34,0,1,,20.7,0,0,1,0,328,13,15,7,1
gauntlet/20261003-014247-scrim-g1basics/losses/chenyx512.flagbot_final__WheresMyWater__botA.bc24,chenyx512.flagbot_final,1,A,g1basics,0,972,CAPTURE,3000,3000,201,19,18,238,5,2,3,95,43,16,113,97,86,384,40.7,5,4,1,0,17.7,44,10,9,0,0,2.76,3,5.92,32.3,57,2,1,1,1.000,52,16,1,,20.2,0,0,1,0,984,23,21,371,2
gauntlet/20261003-014247-scrim-g1basics/losses/chenyx512.flagbot_final__WheresMyWater__botA.bc24,chenyx512.flagbot_final,0,B,flagbot_final,1,972,CAPTURE,3000,7200,201,19,23,244,22,3,16,740,305,3,309,255,384,86,47.8,19,9,10,0,13.2,35,1,4,0,0,2.16,2,8.88,19.8,32,0,2,1,0.500,11,2,1,1,20.0,0,0,581,1,0,0,509,0,0
gauntlet/20261003-014247-scrim-g1basics/losses/chenyx512.flagbot_final__Racetrack__botA.bc24,chenyx512.flagbot_final,1,A,g1basics,0,912,CAPTURE,0,0,202,16,18,0,0,0,0,0,0,11,65,48,72,331,41.2,0,0,0,0,,23,8,6,0,0,1.05,3,0.00,34.1,139,3,3,3,1.000,21,15,1,,22.8,0,0,203,0,752,31,13,0,0
gauntlet/20261003-014247-scrim-g1basics/losses/chenyx512.flagbot_final__Racetrack__botA.bc24,chenyx512.flagbot_final,0,B,flagbot_final,1,912,CAPTURE,0,0,211,6,26,338,17,3,11,796,216,0,174,152,331,72,48.0,14,6,8,0,31.0,16,0,0,0,0,0.00,0,6.73,29.7,,,,,,4,0,0,0,19.6,0,0,856,1,0,0,712,0,0
gauntlet/20261003-014247-scrim-g1basics/losses/chenyx512.flagbot_final__Fusbol__botB.bc24,chenyx512.flagbot_final,0,A,flagbot_final,1,2000,MORE_FLAG_CAPTURES,0,3000,299,0,1,461,46,2,40,1093,196,1,744,652,1428,156,45.8,43,16,27,0,46.7,0,0,1,21,2,0.60,0,10.31,32.5,25,0,1,0,0.000,15,0,1,1,23.2,0,0,,1,0,0,1452,0,0
gauntlet/20261003-014247-scrim-g1basics/losses/chenyx512.flagbot_final__Fusbol__botB.bc24,chenyx512.flagbot_final,1,B,g1basics,0,2000,MORE_FLAG_CAPTURES,7200,15000,202,45,37,278,1,0,1,48,25,40,283,277,156,1428,32.4,1,1,0,0,26.0,37,27,16,0,0,2.09,2,1.23,42.7,293,2,4,2,0.500,223,238,1,,22.8,0,0,226,0,3277,3,92,1,1
gauntlet/20261003-014247-scrim-g1basics/losses/clbarrell.duck8__Tunnels__botB.bc24,clbarrell.duck8,0,A,duck8,1,2000,MORE_FLAG_CAPTURES,2400,3600,203,4,3,226,8,2,6,67,22,1,266,230,444,1350,33.5,8,2,6,0,7.0,25,0,2,0,0,3.12,1,13.93,35.0,24,0,1,1,1.000,38,34,0,,14.1,0,0,,1,0,0,8,0,0
gauntlet/20261003-014247-scrim-g1basics/losses/clbarrell.duck8__Tunnels__botB.bc24,clbarrell.duck8,1,B,g1basics,0,2000,MORE_FLAG_CAPTURES,2400,3000,215,11,20,229,2,1,1,49,23,6,236,169,1350,444,44.6,2,2,0,0,19.0,35,6,2,0,0,5.58,2,6.39,42.8,37,1,1,1,1.000,29,3,1,,22.8,0,0,203,0,1129,29,23,2,0
gauntlet/20261003-014247-scrim-g1basics/losses/hsmalladi.finalbot__Checkered__botB.bc24,hsmalladi.finalbot,0,A,finalbot,1,481,CAPTURE,4800,4800,201,30,25,212,33,3,21,823,268,1,84,79,55,93,45.3,30,9,15,6,13.3,48,0,2,0,0,0.84,1,7.31,11.8,37,0,1,1,1.000,27,4,1,,25.0,62,0,,0,0,0,3,0,0
gauntlet/20261003-014247-scrim-g1basics/losses/hsmalladi.finalbot__Checkered__botB.bc24,hsmalladi.finalbot,1,B,g1basics,0,481,CAPTURE,4800,4800,201,14,24,201,2,1,1,62,28,21,97,90,93,55,47.2,2,2,0,0,15.0,47,15,9,0,0,2.82,3,4.16,18.7,99,3,2,2,1.000,16,4,1,,22.8,0,0,10,0,320,9,10,2,0
gauntlet/20261003-014247-scrim-g1basics/losses/jmerle.camel_case_v21_final__Anchor__botA.bc24,jmerle.camel_case_v21_final,1,A,g1basics,0,527,CAPTURE,6300,9900,203,2,3,293,0,0,0,0,0,4,141,113,165,156,42.8,0,0,0,0,,44,4,3,0,0,1.20,3,0.00,41.8,71,1,2,2,1.000,12,6,1,,22.8,0,0,10,0,516,4,15,0,0
gauntlet/20261003-014247-scrim-g1basics/losses/jmerle.camel_case_v21_final__Anchor__botA.bc24,jmerle.camel_case_v21_final,0,B,camel_case_v21_final,1,527,CAPTURE,6300,10200,209,29,24,234,7,3,4,118,58,0,179,175,156,165,42.5,7,3,4,0,20.3,50,0,0,0,0,0.00,0,8.85,9.3,,,,,,25,3,0,,22.0,0,0,,0,0,0,1,0,0
gauntlet/20261003-014247-scrim-g1basics/losses/hsmalladi.finalbot__BreadPudding__botB.bc24,hsmalladi.finalbot,0,A,finalbot,1,606,CAPTURE,2600,2900,209,4,17,306,45,3,16,785,90,1,79,76,111,110,45.6,42,3,16,23,16.8,43,0,2,0,0,0.37,1,13.30,21.0,95,0,2,1,0.500,7,1,0,,25.0,68,0,,0,1,1,11,0,0
gauntlet/20261003-014247-scrim-g1basics/losses/hsmalladi.finalbot__BreadPudding__botB.bc24,hsmalladi.finalbot,1,B,g1basics,0,606,CAPTURE,2600,2900,202,4,4,287,2,1,1,125,62,16,72,34,110,111,45.5,2,2,0,0,16.0,45,16,3,0,0,6.59,3,1.35,27.6,25,1,1,1,1.000,11,0,1,,20.9,0,0,1,0,182,3,11,2,0
gauntlet/20261003-014247-scrim-g1basics/losses/jmerle.camel_case_v21_final__Occulus__botA.bc24,jmerle.camel_case_v21_final,1,A,g1basics,0,407,CAPTURE,1800,1800,201,1,0,0,0,0,0,0,0,7,54,43,87,115,43.1,0,0,0,0,,41,6,4,0,0,2.76,3,0.00,50.7,96,1,3,3,1.000,4,0,1,,19.6,0,0,1,0,413,6,14,0,0
gauntlet/20261003-014247-scrim-g1basics/losses/jmerle.camel_case_v21_final__Occulus__botA.bc24,jmerle.camel_case_v21_final,0,B,camel_case_v21_final,1,407,CAPTURE,1800,9600,201,32,22,215,10,3,7,161,76,0,150,136,115,87,45.1,10,4,6,0,21.6,44,0,0,0,0,0.00,0,8.81,5.4,,,,,,13,0,1,,21.9,0,0,,0,0,0,1,0,0
gauntlet/20261003-014247-scrim-g1basics/losses/hsmalladi.finalbot__Rainbow__botB.bc24,hsmalladi.finalbot,0,A,finalbot,1,2000,MORE_FLAG_CAPTURES,6000,6000,201,29,42,315,18,1,11,712,122,20,406,379,638,420,44.9,15,4,8,3,26.6,44,0,20,0,0,0.69,0,11.97,23.7,330,0,7,0,0.000,28,5,1,,25.0,64,0,,0,1,0,353,0,0
gauntlet/20261003-014247-scrim-g1basics/losses/hsmalladi.finalbot__Rainbow__botB.bc24,hsmalladi.finalbot,1,B,g1basics,0,2000,MORE_FLAG_CAPTURES,6000,6000,201,11,12,277,20,0,20,499,233,11,262,182,420,638,42.3,20,20,0,0,27.0,47,8,4,0,0,3.36,1,1.50,29.8,34,1,1,0,0.000,77,2,1,,24.9,0,0,10,0,170,4,12,20,6
gauntlet/20261003-014247-scrim-g1basics/losses/jmerle.camel_case_v21_final__EndAround__botB.bc24,jmerle.camel_case_v21_final,0,A,camel_case_v21_final,1,2000,MORE_FLAG_CAPTURES,1900,4900,219,1,19,292,6,1,5,89,39,10,360,349,601,691,41.6,6,3,3,0,27.4,40,0,10,1,0,1.84,0,4.48,3.0,82,0,1,0,0.000,165,28,0,,23.2,0,0,,0,0,0,1,0,2
gauntlet/20261003-014247-scrim-g1basics/losses/jmerle.camel_case_v21_final__EndAround__botB.bc24,jmerle.camel_case_v21_final,1,B,g1basics,0,2000,MORE_FLAG_CAPTURES,2200,4900,202,15,26,261,10,0,10,170,69,5,284,220,691,601,42.7,10,10,0,0,25.9,47,3,3,0,0,0.62,1,5.15,20.4,74,1,1,1,1.000,70,3,1,,22.8,0,0,20,0,581,40,16,10,3
gauntlet/20261003-014247-scrim-g1basics/losses/jmerle.camel_case_v21_final__Puzzle__botB.bc24,jmerle.camel_case_v21_final,0,A,camel_case_v21_final,1,542,CAPTURE,0,19000,207,46,27,228,7,3,4,278,138,2,228,227,150,102,45.6,7,4,3,0,33.8,49,0,4,0,0,0.38,1,6.31,3.8,128,1,3,1,0.333,46,9,0,,23.6,0,0,,0,0,0,1,0,38
gauntlet/20261003-014247-scrim-g1basics/losses/jmerle.camel_case_v21_final__Puzzle__botB.bc24,jmerle.camel_case_v21_final,1,B,g1basics,0,542,CAPTURE,0,4100,210,2,3,269,4,1,2,170,83,4,77,46,102,150,43.2,4,4,0,0,16.5,43,3,4,0,0,0.23,3,1.40,33.8,255,3,3,3,1.000,25,0,1,,20.0,0,0,1,0,379,4,19,4,0
gauntlet/20261003-014247-scrim-g1basics/losses/jmerle.camel_case_v21_final__Snake__botA.bc24,jmerle.camel_case_v21_final,1,A,g1basics,0,482,CAPTURE,13100,26100,203,13,20,248,2,0,2,82,39,6,240,216,92,140,42.9,2,2,0,0,33.5,46,4,5,0,0,0.89,3,1.95,47.4,156,2,3,3,1.000,16,2,1,,22.8,0,0,248,0,296,3,18,2,0
gauntlet/20261003-014247-scrim-g1basics/losses/jmerle.camel_case_v21_final__Snake__botA.bc24,jmerle.camel_case_v21_final,0,B,camel_case_v21_final,1,482,CAPTURE,13100,35600,208,17,32,270,9,3,6,215,107,2,363,313,140,92,45.5,9,5,4,0,33.7,34,0,2,0,0,0.61,0,4.95,16.0,74,0,1,0,0.000,30,2,0,,23.8,0,0,,0,0,0,1,0,0
gauntlet/20261003-014247-scrim-g1basics/losses/jmerle.camel_case_v21_final__Soccer__botB.bc24,jmerle.camel_case_v21_final,0,A,camel_case_v21_final,1,574,CAPTURE,3000,3200,203,39,26,251,8,3,5,197,92,1,119,117,185,147,43.8,8,5,3,0,30.4,37,0,1,0,0,3.18,0,7.11,3.8,0,0,,,,28,3,0,,22.2,0,0,,0,0,0,1,0,0
gauntlet/20261003-014247-scrim-g1basics/losses/jmerle.camel_case_v21_final__Soccer__botB.bc24,jmerle.camel_case_v21_final,1,B,g1basics,0,574,CAPTURE,3000,3000,355,0,0,506,1,0,1,11,5,5,92,56,147,185,42.2,1,1,0,0,30.0,31,3,5,0,0,1.74,3,3.36,34.8,115,1,3,2,0.667,24,8,0,,22.8,0,0,504,0,326,11,18,1,0
gauntlet/20261003-014247-scrim-g1basics/losses/jonters.bling3__HungerGames__botA.bc24,jonters.bling3,1,A,g1basics,0,381,CAPTURE,700,4500,203,23,17,214,6,1,5,92,43,2,81,63,37,81,45.0,6,5,1,0,18.0,47,2,3,0,0,1.40,3,6.97,18.0,85,1,3,3,1.000,7,5,1,,22.8,0,0,208,0,140,1,9,5,0
gauntlet/20261003-014247-scrim-g1basics/losses/jonters.bling3__HungerGames__botA.bc24,jonters.bling3,0,B,bling3,1,381,CAPTURE,700,17700,203,35,26,224,5,3,2,136,64,5,94,54,81,37,47.5,5,3,2,0,18.5,33,1,5,0,0,1.37,1,16.04,9.9,60,1,1,1,1.000,8,3,0,0,23.1,0,0,,0,0,0,2,0,0
gauntlet/20261003-014247-scrim-g1basics/losses/kyleezz.jeeryfix3__DefaultHuge__botB.bc24,kyleezz.jeeryfix3,0,A,jeeryfix3,1,576,CAPTURE,3700,3700,201,20,27,205,11,3,8,134,63,2,104,92,77,189,42.1,11,5,6,0,18.0,50,1,3,0,0,1.03,2,4.20,10.4,97,1,2,2,1.000,69,35,1,1,24.9,0,0,2,1,0,0,4,0,0
gauntlet/20261003-014247-scrim-g1basics/losses/kyleezz.jeeryfix3__DefaultHuge__botB.bc24,kyleezz.jeeryfix3,1,B,g1basics,0,576,CAPTURE,3700,3700,201,14,0,217,4,2,2,143,68,8,144,100,189,77,46.8,4,3,1,0,15.5,47,6,5,0,0,1.54,3,8.41,20.5,79,1,3,3,1.000,19,3,1,,22.2,0,0,1,0,371,5,10,3,0
gauntlet/20261003-014247-scrim-g1basics/losses/kyleezz.jeeryfix3__Racetrack__botA.bc24,kyleezz.jeeryfix3,1,A,g1basics,0,694,CAPTURE,0,0,203,1,0,390,4,1,3,176,86,10,62,37,269,140,45.1,4,2,2,0,19.3,26,9,4,0,0,2.39,3,4.16,21.9,111,2,3,3,1.000,23,7,1,,22.8,0,0,116,0,235,5,11,4,0
gauntlet/20261003-014247-scrim-g1basics/losses/kyleezz.jeeryfix3__Racetrack__botA.bc24,kyleezz.jeeryfix3,0,B,jeeryfix3,1,694,CAPTURE,0,0,211,29,23,249,13,3,10,179,87,3,26,24,140,269,40.5,13,4,9,0,25.8,19,2,2,0,0,0.70,1,6.97,7.3,129,1,3,1,0.333,53,27,0,1,24.9,0,0,2,1,0,0,2,0,0
gauntlet/20261003-014247-scrim-g1basics/losses/quesswho.cretplayer2_3__Islands__botA.bc24,quesswho.cretplayer2_3,1,A,g1basics,0,785,CAPTURE,5800,5800,201,23,41,241,22,1,19,604,283,12,126,93,171,153,45.3,22,20,2,0,19.9,47,7,8,0,0,0.60,3,5.57,23.6,326,3,4,3,0.750,84,65,1,,20.1,0,0,1,0,589,6,31,22,0
gauntlet/20261003-014247-scrim-g1basics/losses/quesswho.cretplayer2_3__Islands__botA.bc24,quesswho.cretplayer2_3,0,B,cretplayer2_3,1,785,CAPTURE,5800,5800,201,17,35,210,18,3,12,1027,222,19,123,114,153,171,44.1,15,8,7,0,19.6,40,2,20,0,0,2.08,1,22.09,16.1,359,0,12,1,0.083,83,54,1,1,25.1,9,0,1,1,0,0,223,0,9
gauntlet/20261003-014247-scrim-g1basics/losses/kyleezz.jeeryfix3__DefaultMedium__botA.bc24,kyleezz.jeeryfix3,1,A,g1basics,0,2000,MORE_FLAG_CAPTURES,2900,2900,201,0,1,595,4,1,3,62,28,17,546,460,1359,365,45.5,4,2,2,0,22.3,34,12,7,2,1,3.32,2,4.02,25.8,110,0,2,2,1.000,28,5,1,,23.1,0,0,11,0,689,38,17,4,0
gauntlet/20261003-014247-scrim-g1basics/losses/kyleezz.jeeryfix3__DefaultMedium__botA.bc24,kyleezz.jeeryfix3,0,B,jeeryfix3,1,2000,MORE_FLAG_CAPTURES,2900,5000,201,31,23,240,19,2,17,213,104,3,246,238,365,1359,33.5,19,7,12,0,30.2,47,2,2,3,0,1.42,1,5.92,14.8,39,1,1,0,0.000,152,28,1,1,24.8,0,0,18,1,2,1,9,0,0
gauntlet/20261003-014247-scrim-g1basics/losses/winkelmantanner.waffle__YearOfTheDragon__botA.bc24,winkelmantanner.waffle,1,A,g1basics,0,673,CAPTURE,10800,10800,201,7,5,264,3,2,1,124,60,28,192,133,199,129,45.5,3,2,1,0,21.0,44,26,5,0,0,3.43,3,7.35,30.8,127,1,3,2,0.667,18,0,1,,20.1,0,0,1,0,304,7,14,3,0
gauntlet/20261003-014247-scrim-g1basics/losses/winkelmantanner.waffle__YearOfTheDragon__botA.bc24,winkelmantanner.waffle,0,B,waffle,1,673,CAPTURE,10800,10800,201,26,22,247,31,3,28,280,127,1,196,191,129,199,42.9,31,5,26,0,18.5,40,1,2,0,0,1.09,2,4.59,12.5,70,1,2,2,1.000,41,19,1,,10.1,0,0,,0,25,0,473,0,0
gauntlet/20261003-014247-scrim-g1basics/losses/kyleezz.jeeryfix3__Diagonal__botA.bc24,kyleezz.jeeryfix3,1,A,g1basics,0,2000,MORE_FLAG_CAPTURES,5100,5100,201,26,25,236,20,0,20,202,85,6,422,344,786,276,46.6,20,11,9,0,29.7,39,6,1,9,0,3.33,1,7.79,22.1,64,0,1,1,1.000,18,0,1,,22.8,0,0,14,0,509,31,20,20,16
gauntlet/20261003-014247-scrim-g1basics/losses/kyleezz.jeeryfix3__Diagonal__botA.bc24,kyleezz.jeeryfix3,0,B,jeeryfix3,1,2000,MORE_FLAG_CAPTURES,5100,5100,201,24,19,244,7,1,6,94,45,20,263,239,276,786,40.4,7,1,6,0,35.7,26,9,11,0,0,2.08,0,10.53,21.0,64,0,2,0,0.000,69,50,1,1,24.9,0,0,2,1,1,1,10,0,0
gauntlet/20261003-014247-scrim-g1basics/losses/winkelmantanner.waffle__Gated__botA.bc24,winkelmantanner.waffle,1,A,g1basics,0,1424,CAPTURE,1500,2400,203,6,6,268,9,2,7,259,121,38,205,143,571,313,44.7,9,7,2,0,17.1,38,30,11,0,0,3.14,3,3.73,22.6,102,0,2,1,0.500,36,7,1,,20.2,0,0,1,0,533,13,12,9,1
gauntlet/20261003-014247-scrim-g1basics/losses/winkelmantanner.waffle__Gated__botA.bc24,winkelmantanner.waffle,0,B,waffle,1,1424,CAPTURE,1500,2400,210,36,24,262,41,3,38,284,128,7,167,165,313,571,40.2,41,11,30,0,19.8,32,2,7,11,1,1.33,2,5.33,7.8,124,1,5,2,0.400,99,34,0,,11.5,0,0,,0,12,12,1224,0,0
gauntlet/20261003-014247-scrim-g1basics/replays/ColtG5.Goob_final__Bunkers__botA.bc24,ColtG5.Goob_final,1,A,g1basics,1,1377,CAPTURE,2800,2800,201,15,15,264,5,3,2,129,62,10,311,256,1020,398,43.0,5,5,0,0,18.0,45,5,7,0,3,3.21,2,8.84,24.1,60,1,2,2,1.000,49,4,1,,22.8,0,0,5,0,762,29,16,5,0
gauntlet/20261003-014247-scrim-g1basics/replays/ColtG5.Goob_final__Bunkers__botA.bc24,ColtG5.Goob_final,0,B,Goob_final,0,1377,CAPTURE,2800,2800,201,21,14,209,12,2,10,117,52,2,207,205,398,1020,32.1,12,7,5,0,13.1,43,0,5,0,0,0.63,3,5.72,14.8,96,2,3,3,1.000,192,188,1,1,17.9,0,0,,0,0,0,559,0,0
gauntlet/20261003-014247-scrim-g1basics/replays/CyrilSharma.finalBot__Rivers__botB.bc24,CyrilSharma.finalBot,0,A,finalBot,0,2000,MORE_FLAG_CAPTURES,1500,2400,202,1,11,441,7,0,7,11,6,8,311,308,454,979,38.1,7,3,4,0,20.4,31,6,3,0,0,3.22,1,2.82,57.4,22,0,1,1,1.000,26,4,1,,25.0,8,0,,0,0,0,19,0,0
gauntlet/20261003-014247-scrim-g1basics/replays/CyrilSharma.finalBot__Rivers__botB.bc24,CyrilSharma.finalBot,1,B,g1basics,1,2000,MORE_FLAG_CAPTURES,1500,1800,202,7,1,526,9,1,8,69,31,7,392,290,979,454,44.4,9,3,6,0,17.9,35,4,3,4,0,10.18,0,5.25,38.6,0,0,,,,11,1,1,,22.8,0,0,9,0,186,10,9,9,0
gauntlet/20261003-014247-scrim-g1basics/replays/CyrilSharma.finalBot__Decision__botA.bc24,CyrilSharma.finalBot,1,A,g1basics,1,2000,MORE_FLAG_CAPTURES,1900,2300,202,11,9,225,23,2,21,733,380,37,280,223,449,331,46.0,23,18,5,0,38.4,40,23,14,3,2,2.23,0,1.61,55.2,183,0,4,0,0.000,98,16,1,,22.8,0,0,24,0,706,14,101,23,4
gauntlet/20261003-014247-scrim-g1basics/replays/CyrilSharma.finalBot__Decision__botA.bc24,CyrilSharma.finalBot,0,B,finalBot,0,2000,MORE_FLAG_CAPTURES,1100,1300,202,45,36,247,37,0,37,460,233,21,399,398,331,449,43.9,37,14,23,0,38.5,23,5,18,14,0,0.52,2,4.26,56.0,565,2,12,2,0.167,110,7,0,,25.0,13,0,313,1,0,0,28,0,0
gauntlet/20261003-014247-scrim-g1basics/replays/Gymhgy.v10official__BreadPudding__botA.bc24,Gymhgy.v10official,1,A,g1basics,1,2000,MORE_FLAG_CAPTURES,2600,2900,202,8,10,321,51,1,50,456,190,0,332,263,646,401,45.1,51,34,17,0,17.4,46,0,0,1,0,0.00,0,8.18,26.8,,,,,,39,0,1,,22.8,0,0,5,0,74,7,11,50,3
gauntlet/20261003-014247-scrim-g1basics/replays/Gymhgy.v10official__BreadPudding__botA.bc24,Gymhgy.v10official,0,B,v10official,0,2000,MORE_FLAG_CAPTURES,2600,2900,208,0,1,1231,3,0,0,591,8,50,271,235,401,646,42.2,0,0,0,0,,41,17,34,0,0,5.57,1,0.00,7.1,114,0,3,1,0.333,47,31,0,,25.1,200,0,,0,0,0,6,0,0
gauntlet/20261003-014247-scrim-g1basics/replays/ColtG5.Goob_final__Fountain__botA.bc24,ColtG5.Goob_final,1,A,g1basics,1,1955,CAPTURE,1700,2700,228,8,4,351,6,3,3,123,75,1,280,240,1472,562,43.0,6,4,2,0,11.3,49,1,1,1,3,0.97,1,7.17,23.5,13,0,1,1,1.000,93,8,1,,22.8,0,0,233,0,801,54,22,6,0
gauntlet/20261003-014247-scrim-g1basics/replays/ColtG5.Goob_final__Fountain__botA.bc24,ColtG5.Goob_final,0,B,Goob_final,0,1955,CAPTURE,1700,2700,211,15,11,257,2,1,1,31,16,3,187,187,562,1472,31.6,2,1,1,0,15.0,44,2,4,0,0,0.91,3,7.84,15.1,82,1,3,2,0.667,212,207,0,0,18.3,0,0,,0,0,0,1160,0,0
gauntlet/20261003-014247-scrim-g1basics/replays/SampleProvider.TSPAARKSPRINT1__Battlefield__botA.bc24,SampleProvider.TSPAARKSPRINT1,1,A,g1basics,1,887,CAPTURE,3700,3700,202,17,28,203,21,3,18,308,144,31,179,134,347,70,48.0,21,19,2,0,14.1,44,17,14,0,0,5.99,0,4.78,26.7,7,0,,,,17,1,1,,20.8,0,0,1,0,946,36,30,24,0
gauntlet/20261003-014247-scrim-g1basics/replays/SampleProvider.TSPAARKSPRINT1__Battlefield__botA.bc24,SampleProvider.TSPAARKSPRINT1,0,B,TSPAARKSPRINT1,0,887,CAPTURE,3700,3700,207,14,14,207,34,0,31,550,151,18,48,47,70,347,40.7,31,14,17,0,9.1,44,2,19,0,0,3.18,3,9.26,13.4,91,2,4,3,0.750,79,57,0,1,23.2,0,0,,0,1,0,442,0,0
gauntlet/20261003-014247-scrim-g1basics/replays/SampleProvider.TSPAARKSPRINT1__Capacitance__botA.bc24,SampleProvider.TSPAARKSPRINT1,1,A,g1basics,1,1177,CAPTURE,3600,5500,201,20,20,208,17,3,14,715,340,40,199,165,460,82,48.3,17,13,4,0,17.7,47,30,12,0,0,3.78,1,2.92,22.9,51,0,3,0,0.000,26,3,1,,21.6,0,0,1,0,557,18,13,329,0
gauntlet/20261003-014247-scrim-g1basics/replays/SampleProvider.TSPAARKSPRINT1__Capacitance__botA.bc24,SampleProvider.TSPAARKSPRINT1,0,B,TSPAARKSPRINT1,0,1177,CAPTURE,3600,4200,201,13,16,219,45,1,40,730,261,14,87,84,82,460,40.6,42,12,30,0,15.0,44,4,13,0,0,1.29,3,8.92,13.3,302,2,7,2,0.286,135,100,1,1,23.9,0,0,,1,1,0,537,0,0
gauntlet/20261003-014247-scrim-g1basics/replays/NotLLeon.v3__Gated__botA.bc24,NotLLeon.v3,1,A,g1basics,1,2000,MORE_FLAG_CAPTURES,1500,2100,208,29,14,243,24,2,22,333,151,79,310,267,732,607,42.6,24,19,5,0,19.6,36,56,24,0,0,6.31,1,2.04,21.6,27,1,,,,77,9,1,,22.8,0,0,205,0,938,18,12,24,2
gauntlet/20261003-014247-scrim-g1basics/replays/NotLLeon.v3__Gated__botA.bc24,NotLLeon.v3,0,B,v3,0,2000,MORE_FLAG_CAPTURES,1500,2700,208,33,28,238,88,1,79,363,136,22,293,284,607,732,41.1,88,24,56,8,20.1,32,5,19,17,0,0.99,2,7.90,6.1,228,2,6,2,0.333,111,6,0,,19.6,0,0,,1,0,0,927,0,11
gauntlet/20261003-014247-scrim-g1basics/replays/awu7.ExplosiveBot__Alien__botA.bc24,awu7.ExplosiveBot,1,A,g1basics,1,1014,CAPTURE,3300,3300,202,12,39,229,14,3,11,302,138,7,317,242,679,106,47.4,14,12,2,0,14.3,41,2,5,0,0,9.00,0,8.80,25.3,0,0,,,,6,1,1,,22.8,0,0,8,0,121,1,11,14,0
gauntlet/20261003-014247-scrim-g1basics/replays/awu7.ExplosiveBot__Alien__botA.bc24,awu7.ExplosiveBot,0,B,ExplosiveBot,0,1014,CAPTURE,3300,3300,206,14,0,215,7,0,7,13,2,11,106,101,106,679,33.9,7,5,2,0,14.3,25,2,12,0,0,2.13,3,4.00,17.4,173,2,4,3,0.750,116,137,0,0,21.6,0,0,8,1,0,0,608,0,0
gauntlet/20261003-014247-scrim-g1basics/replays/SampleProvider.TSPAARKSPRINT1__Hockey__botA.bc24,SampleProvider.TSPAARKSPRINT1,1,A,g1basics,1,1370,CAPTURE,3300,3300,205,4,23,287,47,3,44,1247,584,18,387,295,852,131,47.6,47,38,9,0,30.8,37,4,14,0,2,4.82,0,8.55,25.3,3,0,,,,21,0,1,,21.2,0,0,1,0,477,26,23,47,1
gauntlet/20261003-014247-scrim-g1basics/replays/SampleProvider.TSPAARKSPRINT1__Hockey__botA.bc24,SampleProvider.TSPAARKSPRINT1,0,B,TSPAARKSPRINT1,0,1370,CAPTURE,3300,3600,202,21,25,223,21,0,18,576,151,44,69,68,131,852,35.0,18,14,4,0,28.2,29,9,38,0,0,2.16,3,4.52,12.6,684,2,16,3,0.188,301,319,1,1,22.4,0,0,,0,1,0,379,0,0
gauntlet/20261003-014247-scrim-g1basics/replays/awu7.ExplosiveBot__Fountain__botB.bc24,awu7.ExplosiveBot,0,A,ExplosiveBot,0,589,CAPTURE,1700,2500,219,2,3,333,10,0,7,29,12,7,22,21,27,282,38.7,10,4,3,3,15.3,33,1,9,0,0,3.31,3,1.90,24.0,106,2,3,3,1.000,71,80,0,1,19.0,0,0,6,1,0,0,205,0,0
gauntlet/20261003-014247-scrim-g1basics/replays/awu7.ExplosiveBot__Fountain__botB.bc24,awu7.ExplosiveBot,1,B,g1basics,1,589,CAPTURE,1700,2900,209,44,40,232,10,3,7,254,120,7,100,56,282,27,48.9,10,9,1,0,21.4,47,3,4,0,0,3.66,0,8.97,23.2,1,0,,,,5,0,1,,21.1,0,0,1,0,94,2,9,10,0
gauntlet/20261003-014247-scrim-g1basics/replays/SampleProvider.TSPAARKSPRINT1__English__botA.bc24,SampleProvider.TSPAARKSPRINT1,1,A,g1basics,1,2000,MORE_FLAG_CAPTURES,10900,10900,201,32,30,299,94,2,92,1801,847,38,514,472,993,221,47.3,94,57,37,0,34.9,46,25,16,10,1,1.52,1,7.32,22.0,219,1,4,1,0.250,53,1,1,,20.6,0,0,1,0,876,65,27,92,5
gauntlet/20261003-014247-scrim-g1basics/replays/SampleProvider.TSPAARKSPRINT1__English__botA.bc24,SampleProvider.TSPAARKSPRINT1,0,B,TSPAARKSPRINT1,0,2000,MORE_FLAG_CAPTURES,10900,10900,201,23,15,217,44,1,38,817,327,92,78,75,221,993,37.7,41,16,25,0,29.1,43,37,57,14,0,2.10,2,5.04,10.9,914,2,26,2,0.077,441,383,1,1,23.3,0,0,520,1,0,0,366,0,0
gauntlet/20261003-014247-scrim-g1basics/replays/SampleProvider.TSPAARKSPRINT1__Occulus__botA.bc24,SampleProvider.TSPAARKSPRINT1,1,A,g1basics,1,1161,CAPTURE,1800,1800,201,24,13,244,31,3,28,685,324,49,201,138,497,177,46.3,31,21,10,0,20.8,43,36,15,0,0,3.61,2,5.44,27.3,79,1,2,0,0.000,25,4,1,,22.8,0,0,3,0,837,24,13,30,0
gauntlet/20261003-014247-scrim-g1basics/replays/SampleProvider.TSPAARKSPRINT1__Occulus__botA.bc24,SampleProvider.TSPAARKSPRINT1,0,B,TSPAARKSPRINT1,0,1161,CAPTURE,1800,8100,201,39,22,234,54,2,49,594,211,28,108,105,177,497,39.5,51,15,36,0,21.2,35,10,21,0,0,2.09,3,8.83,14.3,261,3,9,2,0.222,119,83,1,0,24.3,0,0,,0,1,0,550,0,0
gauntlet/20261003-014247-scrim-g1basics/replays/awu7.ExplosiveBot__FloodGates__botA.bc24,awu7.ExplosiveBot,1,A,g1basics,1,1193,CAPTURE,500,1700,208,8,12,225,16,3,13,281,129,4,248,168,708,116,47.6,16,9,7,0,12.4,23,2,2,0,0,12.29,0,9.07,23.1,0,0,,,,13,0,1,,22.1,0,0,1,0,236,4,13,15,0
gauntlet/20261003-014247-scrim-g1basics/replays/awu7.ExplosiveBot__FloodGates__botA.bc24,awu7.ExplosiveBot,0,B,ExplosiveBot,0,1193,CAPTURE,500,1700,210,22,15,215,4,0,4,7,0,13,63,55,116,708,35.6,4,2,2,0,16.5,16,7,9,0,0,2.54,3,1.14,13.4,131,2,4,3,0.750,178,125,1,0,21.4,0,0,11,1,1,0,948,0,0
gauntlet/20261003-014247-scrim-g1basics/replays/andrewgopher.player22__HeMustBeFreed__botA.bc24,andrewgopher.player22,1,A,g1basics,1,2000,MORE_FLAG_CAPTURES,3000,6200,201,9,9,384,15,2,13,726,359,1,284,227,702,537,43.5,15,11,4,0,41.2,26,1,1,2,1,1.15,1,2.05,17.0,93,1,1,1,1.000,130,7,1,,22.8,0,0,74,0,821,64,14,15,5
gauntlet/20261003-014247-scrim-g1basics/replays/andrewgopher.player22__HeMustBeFreed__botA.bc24,andrewgopher.player22,0,B,player22,0,2000,MORE_FLAG_CAPTURES,3000,13000,201,26,36,272,5,1,1,114,54,13,249,244,537,702,41.5,2,1,1,0,52.0,19,4,11,0,0,0.28,2,4.89,8.7,577,2,8,2,0.250,315,77,1,1,24.2,0,0,,0,0,0,3,0,0
gauntlet/20261003-014247-scrim-g1basics/replays/awu7.ExplosiveBot__Hockey__botB.bc24,awu7.ExplosiveBot,0,A,ExplosiveBot,0,1038,CAPTURE,3300,3600,206,24,0,226,20,0,15,46,9,5,96,86,98,773,32.1,20,7,9,4,25.5,18,1,7,0,0,0.67,3,7.76,18.1,251,2,4,3,0.750,241,251,1,1,22.4,0,0,3,1,0,0,592,0,0
gauntlet/20261003-014247-scrim-g1basics/replays/awu7.ExplosiveBot__Hockey__botB.bc24,awu7.ExplosiveBot,1,B,g1basics,1,1038,CAPTURE,3300,3300,208,22,22,248,8,3,5,326,159,15,353,264,773,98,47.7,8,7,1,0,24.8,37,9,7,0,0,5.63,0,7.91,21.5,5,0,,,,6,1,1,,22.4,0,0,1,0,213,5,15,7,0
gauntlet/20261003-014247-scrim-g1basics/replays/awu7.ExplosiveBot__Waterworld__botA.bc24,awu7.ExplosiveBot,1,A,g1basics,1,771,CAPTURE,11200,16800,205,12,12,259,17,3,14,435,210,4,293,217,501,51,48.3,17,14,3,0,25.4,34,3,2,0,0,3.92,1,8.07,21.1,15,0,,,,12,1,1,,22.8,0,0,223,0,117,3,13,17,1
gauntlet/20261003-014247-scrim-g1basics/replays/awu7.ExplosiveBot__Waterworld__botA.bc24,awu7.ExplosiveBot,0,B,ExplosiveBot,0,771,CAPTURE,13900,16100,204,16,0,233,16,1,4,50,14,14,46,36,51,501,34.6,16,2,3,11,20.5,28,3,14,0,0,2.48,3,5.08,22.1,210,0,6,3,0.500,119,123,0,0,21.4,0,0,6,1,0,0,217,0,0
gauntlet/20261003-014247-scrim-g1basics/replays/awu7.ExplosiveBot__SteamboatMickey__botB.bc24,awu7.ExplosiveBot,0,A,ExplosiveBot,0,1213,CAPTURE,7300,11500,201,19,6,201,16,0,11,62,21,18,135,129,154,712,35.7,16,5,6,5,24.9,26,3,18,0,0,0.78,3,3.21,14.4,588,3,9,3,0.333,340,251,1,0,21.9,0,0,19,1,0,0,539,0,0
gauntlet/20261003-014247-scrim-g1basics/replays/awu7.ExplosiveBot__SteamboatMickey__botB.bc24,awu7.ExplosiveBot,1,B,g1basics,1,1213,CAPTURE,7300,15100,201,34,32,201,21,3,18,816,398,11,455,383,712,154,46.9,21,18,3,0,29.8,38,6,5,0,1,0.97,0,6.07,15.5,26,0,,,,51,5,1,,20.6,0,0,1,0,270,6,10,21,1
gauntlet/20261003-014247-scrim-g1basics/replays/clbarrell.duck8__Duck__botA.bc24,clbarrell.duck8,1,A,g1basics,1,796,CAPTURE,2900,2900,201,32,41,245,8,3,5,543,263,9,140,72,240,92,47.2,8,8,0,0,43.8,47,6,4,0,0,1.80,0,2.98,19.4,133,0,1,0,0.000,37,4,1,,20.9,0,0,1,0,158,8,11,8,0
gauntlet/20261003-014247-scrim-g1basics/replays/clbarrell.duck8__Duck__botA.bc24,clbarrell.duck8,0,B,duck8,0,796,CAPTURE,2900,2900,201,15,24,278,10,0,9,240,97,5,99,79,92,240,42.6,10,4,6,0,27.7,36,0,8,0,0,0.89,3,10.13,24.9,376,3,7,3,0.429,79,52,1,,12.9,0,0,2,0,0,0,17,0,0
gauntlet/20261003-014247-scrim-g1basics/replays/clbarrell.duck8__AceOfSpades__botA.bc24,clbarrell.duck8,1,A,g1basics,1,738,CAPTURE,1800,4800,202,24,18,231,4,3,1,139,64,14,161,106,280,122,46.0,4,3,1,0,21.0,43,9,8,0,0,3.37,2,1.76,28.5,53,0,2,2,1.000,26,4,1,,22.8,0,0,36,0,286,5,8,4,0
gauntlet/20261003-014247-scrim-g1basics/replays/clbarrell.duck8__AceOfSpades__botA.bc24,clbarrell.duck8,0,B,duck8,0,738,CAPTURE,1800,16800,203,13,20,238,17,2,14,177,75,1,251,246,122,280,41.1,17,8,9,0,18.9,40,1,3,0,0,0.28,3,9.54,30.4,112,3,3,3,1.000,56,50,0,,12.5,0,0,,1,1,0,14,0,0
gauntlet/20261003-014247-scrim-g1basics/replays/clbarrell.duck8__Fountain__botA.bc24,clbarrell.duck8,1,A,g1basics,1,818,CAPTURE,1700,3100,207,27,27,223,13,3,10,264,125,14,96,69,328,125,46.2,13,10,3,0,20.4,44,10,5,0,0,3.15,1,7.78,23.5,26,1,1,1,1.000,29,4,1,,22.8,0,0,213,0,314,11,12,13,0
gauntlet/20261003-014247-scrim-g1basics/replays/clbarrell.duck8__Fountain__botA.bc24,clbarrell.duck8,0,B,duck8,0,818,CAPTURE,1700,2300,219,23,11,241,15,1,14,72,26,10,70,65,125,328,40.6,15,5,10,0,18.4,36,3,10,0,0,2.08,3,9.26,32.2,120,1,5,3,0.600,57,28,0,,14.5,0,0,,1,0,0,79,0,0
gauntlet/20261003-014247-scrim-g1basics/replays/clbarrell.duck8__Racetrack__botA.bc24,clbarrell.duck8,1,A,g1basics,1,910,CAPTURE,0,0,207,12,9,238,6,3,3,370,178,17,75,30,374,167,45.5,6,5,1,0,31.0,23,15,4,0,0,2.26,2,4.03,22.3,145,2,3,2,0.667,21,7,1,,22.8,0,0,143,0,309,14,10,6,0
gauntlet/20261003-014247-scrim-g1basics/replays/clbarrell.duck8__Racetrack__botA.bc24,clbarrell.duck8,0,B,duck8,0,910,CAPTURE,0,0,203,15,9,227,19,2,17,243,101,3,128,103,167,374,40.0,19,4,15,0,28.9,15,1,5,0,0,0.32,3,10.25,27.7,310,3,5,3,0.600,102,81,0,,12.5,0,0,,1,0,0,14,0,0
gauntlet/20261003-014247-scrim-g1basics/replays/clbarrell.duck8__Waterworld__botA.bc24,clbarrell.duck8,1,A,g1basics,1,1072,CAPTURE,11200,14800,204,34,33,474,12,3,9,291,135,0,308,233,615,145,46.8,12,9,3,0,31.2,34,0,0,0,0,0.00,0,8.84,30.1,,,,,,19,2,1,,22.8,0,0,207,0,43,0,6,11,0
gauntlet/20261003-014247-scrim-g1basics/replays/clbarrell.duck8__Waterworld__botA.bc24,clbarrell.duck8,0,B,duck8,0,1072,CAPTURE,4900,5500,210,0,0,825,0,0,0,0,0,9,104,97,145,615,36.1,0,0,0,0,,9,3,9,0,0,1.39,3,0.00,37.8,178,1,3,3,1.000,78,84,0,,12.4,0,0,,1,0,0,23,0,0
gauntlet/20261003-014247-scrim-g1basics/replays/dmtrung14.defaultplayer_intlqualifier__Ambush__botB.bc24,dmtrung14.defaultplayer_intlqualifier,0,A,defaultplayer_intlqualifier,0,833,CAPTURE,2300,3500,201,1,13,201,29,2,9,364,93,5,86,82,23,521,34.9,26,6,5,15,7.9,46,2,6,0,0,2.07,3,4.78,23.8,136,1,3,2,0.667,89,71,1,1,25.1,192,0,298,1,0,0,513,0,0
gauntlet/20261003-014247-scrim-g1basics/replays/dmtrung14.defaultplayer_intlqualifier__Ambush__botB.bc24,dmtrung14.defaultplayer_intlqualifier,1,B,g1basics,1,833,CAPTURE,2300,2300,201,19,12,201,8,3,5,259,126,9,101,49,521,23,49.3,8,6,2,0,12.4,47,5,6,0,0,3.52,2,7.71,24.4,17,2,,,,4,0,1,,20.1,0,0,1,0,283,14,13,8,0
gauntlet/20261003-014247-scrim-g1basics/replays/dmtrung14.defaultplayer_intlqualifier__EndAround__botB.bc24,dmtrung14.defaultplayer_intlqualifier,0,A,defaultplayer_intlqualifier,0,779,CAPTURE,2500,3400,294,0,0,478,3,0,0,294,18,10,36,36,19,226,40.3,0,0,0,0,,36,4,9,0,0,1.38,3,0.00,45.0,762,1,8,3,0.375,42,31,0,0,25.1,307,0,,1,0,0,385,0,0
gauntlet/20261003-014247-scrim-g1basics/replays/dmtrung14.defaultplayer_intlqualifier__EndAround__botB.bc24,dmtrung14.defaultplayer_intlqualifier,1,B,g1basics,1,779,CAPTURE,2500,5500,202,19,22,255,13,3,10,1099,541,0,127,40,226,19,49.4,13,9,4,0,21.1,47,0,0,0,0,0.00,0,5.39,20.6,,,,,,1,0,1,,22.8,0,0,34,0,13,0,11,13,0
gauntlet/20261003-014247-scrim-g1basics/replays/dmtrung14.defaultplayer_intlqualifier__SteamboatMickey__botB.bc24,dmtrung14.defaultplayer_intlqualifier,0,A,defaultplayer_intlqualifier,0,893,CAPTURE,6400,14200,201,22,19,204,35,2,10,452,68,4,100,97,27,473,37.2,32,11,1,20,35.1,38,1,6,0,0,0.74,3,3.50,32.8,442,2,7,3,0.429,308,300,1,1,25.1,331,0,1,0,2,1,416,0,0
gauntlet/20261003-014247-scrim-g1basics/replays/dmtrung14.defaultplayer_intlqualifier__SteamboatMickey__botB.bc24,dmtrung14.defaultplayer_intlqualifier,1,B,g1basics,1,893,CAPTURE,7300,11500,201,30,29,201,7,3,4,668,328,10,228,164,473,27,49.2,7,6,1,0,26.8,33,1,11,0,0,0.99,2,3.07,24.6,70,2,1,0,0.000,14,0,1,,19.4,0,0,1,0,356,13,10,7,0
gauntlet/20261003-014247-scrim-g1basics/replays/dmtrung14.defaultplayer_intlqualifier__Mountain__botB.bc24,dmtrung14.defaultplayer_intlqualifier,0,A,defaultplayer_intlqualifier,0,1261,CAPTURE,4100,5300,206,15,11,208,20,1,6,346,68,14,68,64,62,928,31.9,17,3,4,10,11.2,48,3,14,0,0,0.74,3,7.96,32.4,928,2,11,3,0.273,68,45,0,,25.1,276,0,,0,0,0,651,0,0
gauntlet/20261003-014247-scrim-g1basics/replays/dmtrung14.defaultplayer_intlqualifier__Mountain__botB.bc24,dmtrung14.defaultplayer_intlqualifier,1,B,g1basics,1,1261,CAPTURE,4100,5300,201,7,14,261,17,3,14,1193,588,6,138,82,928,62,48.8,17,14,3,0,13.6,48,4,3,0,1,6.85,1,2.89,37.1,15,1,,,,14,0,1,,19.5,0,0,1,0,779,5,14,16,1
gauntlet/20261003-014247-scrim-g1basics/replays/dmtrung14.defaultplayer_intlqualifier__Swoop__botB.bc24,dmtrung14.defaultplayer_intlqualifier,0,A,defaultplayer_intlqualifier,0,624,CAPTURE,4300,4300,201,19,14,218,68,2,22,526,150,2,63,58,18,367,36.0,65,15,9,41,18.6,46,0,5,0,0,0.65,3,4.66,13.7,299,2,4,3,0.750,168,135,0,0,25.1,240,0,201,1,0,0,181,0,0
gauntlet/20261003-014247-scrim-g1basics/replays/dmtrung14.defaultplayer_intlqualifier__Swoop__botB.bc24,dmtrung14.defaultplayer_intlqualifier,1,B,g1basics,1,624,CAPTURE,4300,4300,201,24,35,220,5,3,2,452,222,22,138,82,367,18,49.3,5,5,0,0,38.0,47,9,15,0,0,2.53,2,3.66,19.7,59,2,,,,11,0,1,,19.7,0,0,1,0,353,4,10,5,0
gauntlet/20261003-014247-scrim-g1basics/replays/dmtrung14.defaultplayer_intlqualifier__WheresMyWater__botB.bc24,dmtrung14.defaultplayer_intlqualifier,0,A,defaultplayer_intlqualifier,0,514,CAPTURE,3000,3600,201,7,8,213,22,2,7,353,94,4,33,30,14,240,38.7,19,5,4,10,12.1,43,3,4,0,0,0.60,3,5.80,27.0,158,2,3,3,1.000,21,5,1,1,25.1,222,0,,1,0,0,314,0,0
gauntlet/20261003-014247-scrim-g1basics/replays/dmtrung14.defaultplayer_intlqualifier__WheresMyWater__botB.bc24,dmtrung14.defaultplayer_intlqualifier,1,B,g1basics,1,514,CAPTURE,3000,4800,201,14,30,223,7,3,4,240,119,7,93,55,240,14,49.3,7,4,3,0,23.0,41,4,5,0,0,3.42,2,3.23,34.8,14,1,,,,3,0,1,,21.0,0,0,1,0,286,7,14,7,0
gauntlet/20261003-014247-scrim-g1basics/replays/hsmalladi.finalbot__TreeSearch__botB.bc24,hsmalladi.finalbot,0,A,finalbot,0,1341,CAPTURE,3200,3200,204,23,23,258,52,2,38,888,134,10,203,201,409,420,42.3,49,12,29,8,23.9,37,0,13,4,0,0.63,3,9.96,9.1,278,1,6,3,0.500,80,42,0,,25.0,78,0,,0,1,1,20,0,0
gauntlet/20261003-014247-scrim-g1basics/replays/hsmalladi.finalbot__TreeSearch__botB.bc24,hsmalladi.finalbot,1,B,g1basics,1,1341,CAPTURE,3200,6800,206,9,19,266,13,3,10,394,184,38,237,183,420,409,42.6,13,13,0,0,26.0,40,29,12,0,2,2.82,2,2.24,23.0,125,1,2,1,0.500,73,7,1,,21.4,0,0,1,0,839,32,12,13,2
gauntlet/20261003-014247-scrim-g1basics/replays/hsmalladi.finalbot__KingQuacksCastle__botA.bc24,hsmalladi.finalbot,1,A,g1basics,1,1066,CAPTURE,1600,3300,206,7,8,364,13,3,10,578,282,26,164,134,348,368,41.6,13,13,0,0,19.4,48,20,8,0,0,4.15,2,4.24,22.7,59,0,,,,145,122,1,,22.8,0,0,11,0,896,5,14,13,1
gauntlet/20261003-014247-scrim-g1basics/replays/hsmalladi.finalbot__KingQuacksCastle__botA.bc24,hsmalladi.finalbot,0,B,finalbot,0,1066,CAPTURE,1600,5700,208,34,21,249,38,2,26,792,145,10,216,211,368,348,42.2,35,8,20,7,17.0,48,0,13,0,0,0.76,3,9.95,16.4,353,1,9,3,0.333,113,85,0,,25.0,85,0,,0,0,0,8,0,0
gauntlet/20261003-014247-scrim-g1basics/replays/jonters.bling3__MIT__botB.bc24,jonters.bling3,0,A,bling3,0,904,CAPTURE,7200,28900,230,1,32,302,0,0,0,0,0,2,161,143,149,245,43.2,0,0,0,0,,45,1,4,0,0,0.39,3,0.00,8.5,186,3,2,2,1.000,52,23,0,0,23.4,0,0,,1,0,0,10,0,0
gauntlet/20261003-014247-scrim-g1basics/replays/jonters.bling3__MIT__botB.bc24,jonters.bling3,1,B,g1basics,1,904,CAPTURE,7200,27300,202,18,15,209,5,3,2,214,106,0,375,227,245,149,45.9,5,4,1,0,24.5,48,0,0,0,0,0.00,0,4.23,19.4,,,,,,31,1,1,,22.0,0,0,1,0,225,12,12,5,0
gauntlet/20261003-014247-scrim-g1basics/replays/hsmalladi.finalbot__Diagonal__botB.bc24,hsmalladi.finalbot,0,A,finalbot,0,2000,MORE_FLAG_CAPTURES,4900,5100,201,32,26,253,14,1,3,746,100,24,265,239,236,367,45.5,11,1,3,7,34.3,39,1,25,0,0,0.43,2,13.91,40.1,1023,1,20,2,0.100,129,117,1,,25.0,26,0,,0,1,0,5,0,0
gauntlet/20261003-014247-scrim-g1basics/replays/hsmalladi.finalbot__Diagonal__botB.bc24,hsmalladi.finalbot,1,B,g1basics,1,2000,MORE_FLAG_CAPTURES,5100,5100,201,18,20,271,26,2,24,1249,609,3,303,229,367,236,47.1,26,25,1,0,19.5,31,3,1,1,0,2.56,1,1.75,14.6,83,1,2,1,0.500,76,1,1,,22.3,0,0,1,0,432,28,34,26,11
gauntlet/20261003-014247-scrim-g1basics/replays/jonters.bling3__TwistedTreeline__botB.bc24,jonters.bling3,0,A,bling3,0,815,CAPTURE,2400,2400,202,29,35,264,8,0,8,144,65,6,44,28,75,302,41.1,8,3,5,0,17.8,39,1,8,0,0,0.76,3,11.40,4.3,329,3,5,3,0.600,115,100,0,0,24.0,0,0,,0,0,0,4,0,0
gauntlet/20261003-014247-scrim-g1basics/replays/jonters.bling3__TwistedTreeline__botB.bc24,jonters.bling3,1,B,g1basics,1,815,CAPTURE,2400,2400,202,27,35,264,9,3,6,401,194,8,180,111,302,75,47.9,9,8,1,0,19.0,45,5,3,0,0,3.35,0,6.09,16.5,46,0,1,0,0.000,22,2,1,,20.0,0,0,1,0,322,14,15,9,0
gauntlet/20261003-014247-scrim-g1basics/replays/jonters.bling3__BreadPudding__botA.bc24,jonters.bling3,1,A,g1basics,1,1800,CAPTURE,2600,2700,202,7,14,305,62,3,59,1106,522,4,421,353,1262,314,45.7,62,28,34,0,14.9,46,1,3,22,3,13.75,0,8.70,22.0,0,0,,,,33,0,1,,21.0,0,0,1,0,487,35,30,60,0
gauntlet/20261003-014247-scrim-g1basics/replays/jonters.bling3__BreadPudding__botA.bc24,jonters.bling3,0,B,bling3,0,1800,CAPTURE,2600,3100,203,26,13,218,4,0,4,16,4,59,115,110,314,1262,32.2,4,3,1,0,13.3,33,34,28,0,0,2.84,3,16.13,7.9,448,3,13,3,0.231,149,181,0,0,22.1,0,0,1,0,0,0,8,0,0
gauntlet/20261003-014247-scrim-g1basics/replays/justinottesen.sprint1__GravitationalWaves__botB.bc24,justinottesen.sprint1,0,A,sprint1,0,1400,CAPTURE,3100,3100,201,15,13,204,0,0,0,0,0,38,59,57,67,1212,29.2,0,0,0,0,,12,7,34,0,0,1.23,3,0.00,5.9,564,2,7,3,0.429,487,527,1,,6.9,0,0,,0,0,0,14,0,0
gauntlet/20261003-014247-scrim-g1basics/replays/justinottesen.sprint1__GravitationalWaves__botB.bc24,justinottesen.sprint1,1,B,g1basics,1,1400,CAPTURE,3400,3400,201,34,28,201,41,3,38,830,399,0,441,310,1212,67,48.8,41,34,7,0,23.4,19,0,0,0,2,0.00,0,4.91,22.1,,,,,,20,0,1,,22.8,0,0,10,0,248,67,97,41,6
gauntlet/20261003-014247-scrim-g1basics/replays/justinottesen.sprint1__QueenOfHearts__botB.bc24,justinottesen.sprint1,0,A,sprint1,0,646,CAPTURE,3500,3500,201,8,5,210,11,0,11,58,25,6,24,22,20,330,37.8,11,9,2,0,25.9,31,2,7,0,0,0.50,3,3.41,3.8,293,3,6,3,0.500,199,136,1,,6.0,0,0,,0,0,0,3,0,0
gauntlet/20261003-014247-scrim-g1basics/replays/justinottesen.sprint1__QueenOfHearts__botB.bc24,justinottesen.sprint1,1,B,g1basics,1,646,CAPTURE,3500,3500,201,33,40,226,9,3,6,435,215,11,153,97,330,20,49.3,9,7,2,0,18.5,44,2,9,0,0,2.31,0,5.46,15.4,2,0,,,,9,0,1,,20.6,0,0,1,0,409,9,10,9,0
gauntlet/20261003-014247-scrim-g1basics/replays/justinottesen.sprint1__QueenOfHearts__botA.bc24,justinottesen.sprint1,1,A,g1basics,1,588,CAPTURE,3500,3500,201,36,38,231,14,3,11,531,258,2,149,88,300,25,49.0,14,13,1,0,22.4,43,0,2,0,0,3.25,0,5.62,19.1,0,0,,,,11,0,1,,20.8,0,0,1,0,270,17,25,14,0
gauntlet/20261003-014247-scrim-g1basics/replays/justinottesen.sprint1__QueenOfHearts__botA.bc24,justinottesen.sprint1,0,B,sprint1,0,588,CAPTURE,3500,3500,201,13,14,232,2,0,2,4,1,11,23,19,25,300,38.1,2,2,0,0,27.5,21,1,13,0,0,1.03,3,0.50,4.4,298,1,8,3,0.375,128,93,1,,6.1,0,0,,0,0,0,4,0,0
gauntlet/20261003-014247-scrim-g1basics/replays/justinottesen.sprint1__Skyline__botB.bc24,justinottesen.sprint1,0,A,sprint1,0,522,CAPTURE,21600,21600,209,7,17,229,1,0,1,0,0,4,104,92,76,244,38.8,1,1,0,0,21.0,34,3,4,0,0,1.14,3,0.00,12.4,83,1,3,3,1.000,81,58,0,,6.3,0,0,,0,0,0,1,0,0
gauntlet/20261003-014247-scrim-g1basics/replays/justinottesen.sprint1__Skyline__botB.bc24,justinottesen.sprint1,1,B,g1basics,1,522,CAPTURE,21600,21600,201,8,23,266,7,3,4,182,89,1,247,197,244,76,46.3,7,4,3,0,13.8,47,0,1,0,0,0.00,0,4.12,17.8,,0,,,,12,2,1,,19.0,0,0,1,0,196,8,10,7,0
gauntlet/20261003-014247-scrim-g1basics/replays/justinottesen.sprint1__Rainbow__botA.bc24,justinottesen.sprint1,1,A,g1basics,1,817,CAPTURE,6000,6000,201,13,28,239,11,3,8,529,258,5,267,214,530,48,48.5,11,8,3,0,31.9,46,1,4,0,0,1.63,0,7.81,17.5,22,0,1,0,0.000,11,1,1,,22.8,0,0,10,0,361,35,44,11,1
gauntlet/20261003-014247-scrim-g1basics/replays/justinottesen.sprint1__Rainbow__botA.bc24,justinottesen.sprint1,0,B,sprint1,0,817,CAPTURE,6000,6000,201,9,1,259,5,0,5,60,28,8,65,64,48,530,34.5,5,4,1,0,26.0,47,3,8,0,0,0.79,3,5.13,7.5,347,2,4,3,0.750,285,242,1,,6.5,0,0,,0,0,0,4,0,0
gauntlet/20261003-014247-scrim-g1basics/replays/jonters.bling3__YearOfTheDragon__botA.bc24,jonters.bling3,1,A,g1basics,1,1758,CAPTURE,10800,10800,201,15,13,228,25,3,22,533,247,1,512,436,1069,319,45.5,25,17,8,0,23.0,45,0,2,4,1,1.40,1,6.09,20.1,27,1,1,1,1.000,52,2,1,,20.3,0,0,1,0,826,36,14,24,0
gauntlet/20261003-014247-scrim-g1basics/replays/jonters.bling3__YearOfTheDragon__botA.bc24,jonters.bling3,0,B,bling3,0,1758,CAPTURE,10800,10800,201,21,18,222,2,1,1,42,20,22,156,151,319,1069,34.6,2,2,0,0,17.0,45,8,17,0,0,1.29,3,11.48,8.2,328,1,7,3,0.429,285,270,1,1,22.6,0,0,,1,0,0,4,0,0
gauntlet/20261003-014247-scrim-g1basics/replays/jonters.bling3__Valentine__botA.bc24,jonters.bling3,1,A,g1basics,1,1963,CAPTURE,1800,2800,229,13,22,249,56,3,53,1241,651,12,281,200,718,319,46.0,56,41,15,0,30.6,48,10,3,9,3,2.19,1,3.37,20.4,134,1,4,1,0.250,89,1,1,,22.8,0,0,216,0,1129,139,16,53,9
gauntlet/20261003-014247-scrim-g1basics/replays/jonters.bling3__Valentine__botA.bc24,jonters.bling3,0,B,bling3,0,1963,CAPTURE,1800,5600,212,41,35,225,13,1,12,235,105,53,132,119,319,718,40.7,13,3,10,0,32.8,35,15,41,0,0,0.80,3,9.54,4.1,882,3,18,3,0.167,175,130,0,0,24.9,0,0,,0,0,0,7,0,0
gauntlet/20261003-014247-scrim-g1basics/replays/justinottesen.sprint1__Waterworld__botB.bc24,justinottesen.sprint1,0,A,sprint1,0,660,CAPTURE,5500,8400,213,0,6,341,4,0,4,32,12,12,6,4,17,476,33.1,4,3,1,0,20.5,17,3,12,0,0,1.24,3,3.16,14.5,321,2,6,3,0.500,231,236,0,,6.3,0,0,,0,0,0,4,0,0
gauntlet/20261003-014247-scrim-g1basics/replays/justinottesen.sprint1__Waterworld__botB.bc24,justinottesen.sprint1,1,B,g1basics,1,660,CAPTURE,10600,13100,203,37,40,262,15,3,12,562,270,4,245,171,476,17,49.3,15,12,3,0,23.9,18,1,3,0,0,2.47,0,6.68,18.4,0,0,,,,8,0,1,,22.8,0,0,215,0,242,5,19,15,0
gauntlet/20261003-014247-scrim-g1basics/replays/quesswho.cretplayer2_3__Gated__botB.bc24,quesswho.cretplayer2_3,0,A,cretplayer2_3,0,1104,CAPTURE,1500,2700,208,16,4,229,12,0,9,616,37,24,97,95,152,846,31.0,9,2,7,0,20.2,29,9,18,0,0,2.09,3,4.53,12.9,334,2,9,3,0.333,170,176,0,0,21.5,0,0,1,1,0,0,520,0,11
gauntlet/20261003-014247-scrim-g1basics/replays/quesswho.cretplayer2_3__Gated__botB.bc24,quesswho.cretplayer2_3,1,B,g1basics,1,1104,CAPTURE,1500,2100,208,13,18,320,27,3,24,646,303,9,196,113,846,152,46.7,27,18,9,0,20.9,36,7,2,0,0,6.00,0,9.11,21.8,0,0,,,,35,1,1,,22.7,0,0,144,0,128,16,17,25,0
gauntlet/20261003-014247-scrim-g1basics/replays/kyleezz.jeeryfix3__BigDucksBigPond__botB.bc24,kyleezz.jeeryfix3,0,A,jeeryfix3,0,1820,CAPTURE,4900,8200,201,26,8,221,43,2,40,327,172,6,244,244,403,1452,30.6,43,17,26,0,37.2,47,0,9,7,0,1.21,3,5.45,9.3,217,2,5,3,0.600,250,166,1,0,24.9,0,0,2,1,0,0,5,0,0
gauntlet/20261003-014247-scrim-g1basics/replays/kyleezz.jeeryfix3__BigDucksBigPond__botB.bc24,kyleezz.jeeryfix3,1,B,g1basics,1,1820,CAPTURE,5000,5500,201,8,4,258,9,3,6,304,153,40,558,499,1452,403,44.6,9,9,0,0,50.5,44,26,17,0,3,3.13,2,6.96,20.9,161,1,3,1,0.333,55,3,1,,21.5,0,0,1,0,643,16,14,9,1
gauntlet/20261003-014247-scrim-g1basics/replays/quesswho.cretplayer2_3__OceanFloor__botB.bc24,quesswho.cretplayer2_3,0,A,cretplayer2_3,0,506,CAPTURE,1400,1400,201,34,23,213,4,0,0,864,103,2,36,32,19,45,46.9,1,1,0,0,,30,0,5,0,0,0.20,3,34.68,32.5,374,3,5,3,0.600,36,25,0,1,23.4,0,0,331,1,0,0,145,0,289
gauntlet/20261003-014247-scrim-g1basics/replays/quesswho.cretplayer2_3__OceanFloor__botB.bc24,quesswho.cretplayer2_3,1,B,g1basics,1,506,CAPTURE,1400,1400,201,30,32,224,5,3,2,429,209,0,61,19,45,19,49.0,5,5,0,0,28.5,47,0,1,0,0,0.14,0,3.86,14.5,249,,,,,10,3,1,,19.6,0,0,1,0,59,3,4,5,0
gauntlet/20261003-014247-scrim-g1basics/replays/quesswho.cretplayer2_3__Funnel__botB.bc24,quesswho.cretplayer2_3,0,A,cretplayer2_3,0,1554,CAPTURE,2200,4200,202,29,28,288,22,2,16,1079,211,20,173,167,237,658,39.4,19,5,14,0,37.9,25,1,22,2,0,0.71,3,18.97,18.5,793,3,12,3,0.250,273,243,1,1,25.1,3,0,1,0,3,0,528,0,1084
gauntlet/20261003-014247-scrim-g1basics/replays/quesswho.cretplayer2_3__Funnel__botB.bc24,quesswho.cretplayer2_3,1,B,g1basics,1,1554,CAPTURE,2200,3700,201,16,34,258,23,3,20,1067,519,16,296,235,658,237,46.3,23,22,1,0,40.1,37,14,5,0,1,1.31,2,2.98,18.0,352,1,5,1,0.200,87,14,1,,21.7,0,0,1,0,521,13,16,23,0
gauntlet/20261003-014247-scrim-g1basics/replays/quesswho.cretplayer2_3__Anchor__botA.bc24,quesswho.cretplayer2_3,1,A,g1basics,1,1795,CAPTURE,6300,10200,202,16,33,286,53,3,50,1309,605,33,524,452,1388,412,44.4,53,39,14,0,23.4,47,29,6,8,2,4.13,2,7.63,22.1,116,1,6,1,0.167,119,55,1,,22.8,0,0,12,0,657,15,10,53,1
gauntlet/20261003-014247-scrim-g1basics/replays/quesswho.cretplayer2_3__Anchor__botA.bc24,quesswho.cretplayer2_3,0,B,cretplayer2_3,0,1795,CAPTURE,6300,9900,202,19,22,268,38,2,33,1041,216,50,280,276,412,1388,30.9,35,6,29,0,14.6,45,14,39,0,0,1.61,3,11.45,22.3,641,1,18,2,0.111,385,434,0,0,25.0,5,0,4,1,3,0,455,0,16
gauntlet/20261003-014247-scrim-g1basics/replays/kyleezz.jeeryfix3__Hurricane__botA.bc24,kyleezz.jeeryfix3,1,A,g1basics,1,2000,LEVEL_SUM,4500,4500,201,8,32,221,21,2,18,351,205,33,454,362,921,272,46.7,21,19,2,0,14.4,47,18,17,2,1,2.39,2,2.63,17.9,67,1,2,2,1.000,86,7,1,,20.9,0,0,1,0,579,15,14,19,5
gauntlet/20261003-014247-scrim-g1basics/replays/kyleezz.jeeryfix3__Hurricane__botA.bc24,kyleezz.jeeryfix3,0,B,jeeryfix3,0,2000,LEVEL_SUM,4500,4500,201,26,32,206,35,2,33,195,107,18,203,199,272,921,38.7,35,17,18,0,28.1,46,2,19,11,1,1.36,2,4.81,28.4,222,1,3,2,0.667,211,106,1,0,24.9,0,0,29,1,0,0,9,0,0
gauntlet/20261003-014247-scrim-g1basics/replays/winkelmantanner.waffle__Snake__botA.bc24,winkelmantanner.waffle,1,A,g1basics,1,1000,CAPTURE,13100,38300,203,42,40,299,12,3,9,265,126,21,494,430,365,190,45.4,12,12,0,0,33.8,46,18,5,0,0,1.87,1,2.51,28.2,119,0,4,1,0.250,40,9,1,,22.9,0,0,217,0,314,5,11,12,0
gauntlet/20261003-014247-scrim-g1basics/replays/winkelmantanner.waffle__Snake__botA.bc24,winkelmantanner.waffle,0,B,waffle,0,1000,CAPTURE,12900,16000,213,2,0,479,23,1,21,229,107,9,266,265,190,365,41.0,23,5,18,0,29.1,5,0,12,0,0,0.86,3,4.90,15.4,178,2,3,3,1.000,84,22,0,,12.6,0,0,,0,69,14,346,0,0
gauntlet/20261003-014247-scrim-g1basics/replays/winkelmantanner.waffle__CH3353C4K3F4CT0RY__botB.bc24,winkelmantanner.waffle,0,A,waffle,0,1083,CAPTURE,13000,13200,204,16,24,230,74,1,73,270,104,6,275,262,207,659,35.4,74,11,63,0,21.9,32,2,7,0,0,0.71,3,4.88,12.7,127,2,5,3,0.600,143,106,0,,12.8,0,0,,0,40,16,691,0,0
gauntlet/20261003-014247-scrim-g1basics/replays/winkelmantanner.waffle__CH3353C4K3F4CT0RY__botB.bc24,winkelmantanner.waffle,1,B,g1basics,1,1083,CAPTURE,13000,13100,202,14,13,236,9,3,6,218,104,73,323,277,659,207,45.4,9,7,2,0,17.8,45,63,11,0,0,4.54,1,4.22,26.8,60,0,2,1,0.500,32,2,1,,22.8,0,0,26,0,488,9,12,9,0
gauntlet/20261003-015453-scrim-g1basics/losses/ColtG5.Goob_final__Battlefield__botA.bc24,ColtG5.Goob_final,1,A,g1basics,0,668,CAPTURE,3700,3700,244,4,0,248,1,0,1,0,0,16,106,94,304,115,46.0,1,1,0,0,8.0,45,7,12,0,0,6.96,3,0.00,31.6,5,0,,,,5,0,1,,19.9,0,0,1,0,1042,0,12,1,0
gauntlet/20261003-015453-scrim-g1basics/losses/ColtG5.Goob_final__Battlefield__botA.bc24,ColtG5.Goob_final,0,B,Goob_final,1,668,CAPTURE,3700,3700,202,28,32,202,19,3,16,55,21,1,98,91,115,304,39.2,19,12,7,0,7.1,43,0,1,0,0,0.00,0,9.85,15.9,,0,,,,10,6,1,1,16.5,0,0,,0,0,0,203,0,0
gauntlet/20261003-014247-scrim-g1basics/replays/quesswho.cretplayer2_3__Soccer__botA.bc24,quesswho.cretplayer2_3,1,A,g1basics,1,1828,CAPTURE,3000,3000,202,23,16,250,59,3,56,1231,589,37,408,333,1107,532,42.9,59,49,10,0,30.4,32,31,8,7,2,2.89,2,5.80,21.1,303,0,9,2,0.222,113,34,0,,23.0,0,0,252,0,673,21,28,59,5
gauntlet/20261003-014247-scrim-g1basics/replays/quesswho.cretplayer2_3__Soccer__botA.bc24,quesswho.cretplayer2_3,0,B,cretplayer2_3,0,1828,CAPTURE,3000,3200,204,16,21,225,42,2,37,1218,266,56,225,222,532,1107,35.1,39,8,31,0,27.2,24,10,49,2,0,1.38,3,17.94,16.4,707,2,18,3,0.167,335,325,0,0,25.0,11,0,4,1,1,0,488,0,19
gauntlet/20261003-014247-scrim-g1basics/replays/winkelmantanner.waffle__Klein__botA.bc24,winkelmantanner.waffle,1,A,g1basics,1,2000,LEVEL_SUM,6200,6200,202,15,16,224,7,2,5,68,32,49,425,375,887,347,45.7,7,5,2,0,23.4,47,37,14,1,0,3.82,2,4.28,24.1,77,0,2,1,0.500,49,17,1,,20.4,0,0,1,0,1155,27,14,7,0
gauntlet/20261003-014247-scrim-g1basics/replays/winkelmantanner.waffle__Klein__botA.bc24,winkelmantanner.waffle,0,B,waffle,0,2000,LEVEL_SUM,6000,6600,205,5,5,216,51,2,49,264,115,5,264,260,347,887,39.2,51,14,37,0,18.8,35,2,5,14,1,1.63,2,3.50,8.6,43,2,1,1,1.000,250,122,0,,12.4,0,0,,0,51,8,1713,0,0
gauntlet/20261003-014247-scrim-g1basics/replays/winkelmantanner.waffle__GravitationalWaves__botA.bc24,winkelmantanner.waffle,1,A,g1basics,1,2000,LEVEL_SUM,3700,3700,201,18,16,206,5,0,5,84,36,0,221,121,450,96,48.8,5,3,2,0,16.8,16,0,0,0,0,0.00,0,4.80,32.7,,,,,,24,0,1,,22.8,0,0,10,0,1798,14,24,4,0
gauntlet/20261003-014247-scrim-g1basics/replays/winkelmantanner.waffle__GravitationalWaves__botA.bc24,winkelmantanner.waffle,0,B,waffle,0,2000,LEVEL_SUM,3700,3700,201,32,39,203,0,0,0,0,0,5,181,113,96,450,44.5,0,0,0,0,,8,2,3,0,0,1.17,0,0.00,11.2,4,0,2,0,0.000,56,18,1,,16.4,0,0,,0,0,0,1800,0,0
gauntlet/20261003-015453-scrim-g1basics/losses/ColtG5.Goob_final__BreadPudding__botA.bc24,ColtG5.Goob_final,1,A,g1basics,0,2000,MORE_FLAG_CAPTURES,2600,2600,285,0,6,355,0,0,0,0,0,8,394,328,1436,392,45.2,0,0,0,0,,46,6,3,0,0,5.48,1,0.00,23.7,18,0,1,1,1.000,27,0,1,,21.0,0,0,1,0,584,30,36,0,0
gauntlet/20261003-015453-scrim-g1basics/losses/ColtG5.Goob_final__BreadPudding__botA.bc24,ColtG5.Goob_final,0,B,Goob_final,1,2000,MORE_FLAG_CAPTURES,2600,3200,202,35,20,224,9,1,8,75,32,0,242,224,392,1436,32.5,9,3,6,0,14.9,45,0,0,0,0,0.00,0,7.08,17.6,,,,,,66,63,0,0,16.9,0,0,,0,0,0,1800,0,0
gauntlet/20261003-015453-scrim-g1basics/losses/CyrilSharma.finalBot__Capacitance__botA.bc24,CyrilSharma.finalBot,1,A,g1basics,0,441,CAPTURE,3600,4200,201,24,17,218,0,0,0,0,0,3,78,60,57,108,44.4,0,0,0,0,,46,3,3,0,0,2.57,3,0.00,46.5,110,1,3,3,1.000,13,9,1,,19.4,0,0,1,0,365,1,16,0,0
gauntlet/20261003-015453-scrim-g1basics/losses/CyrilSharma.finalBot__Capacitance__botA.bc24,CyrilSharma.finalBot,0,B,finalBot,1,441,CAPTURE,3600,5800,201,26,29,209,6,3,3,187,84,0,156,144,108,57,46.9,6,3,3,0,16.0,47,0,0,0,0,0.00,0,6.12,43.4,,,,,,3,1,1,,25.1,8,0,252,1,0,0,7,0,0
gauntlet/20261003-015453-scrim-g1basics/losses/ColtG5.Goob_final__Decision__botA.bc24,ColtG5.Goob_final,1,A,g1basics,0,699,CAPTURE,1900,1900,202,7,13,370,4,2,1,268,132,5,119,66,282,102,46.4,4,4,0,0,51.0,38,3,5,0,0,0.34,3,2.13,17.4,279,3,3,3,1.000,38,2,1,,22.8,0,0,24,0,476,18,10,4,0
gauntlet/20261003-015453-scrim-g1basics/losses/ColtG5.Goob_final__Decision__botA.bc24,ColtG5.Goob_final,0,B,Goob_final,1,699,CAPTURE,1900,1900,202,34,19,233,8,3,5,310,153,1,61,59,102,282,40.4,8,5,3,0,46.6,38,0,4,0,0,0.07,2,4.28,7.9,257,2,2,2,1.000,130,63,0,0,17.0,0,0,,0,0,0,223,0,0
gauntlet/20261003-015453-scrim-g1basics/losses/ColtG5.Goob_final__QuestionableChess__botA.bc24,ColtG5.Goob_final,1,A,g1basics,0,1827,CAPTURE,0,0,201,8,17,264,3,2,1,58,29,30,274,221,1258,606,41.9,3,2,1,0,14.0,34,18,15,1,2,3.87,3,4.19,25.7,64,2,2,2,1.000,86,8,1,,20.0,0,0,1,0,1064,41,12,3,0
gauntlet/20261003-015453-scrim-g1basics/losses/ColtG5.Goob_final__QuestionableChess__botA.bc24,ColtG5.Goob_final,0,B,Goob_final,1,1827,CAPTURE,0,0,202,24,16,213,33,3,30,176,80,1,236,233,606,1258,33.3,33,15,18,0,22.3,39,1,2,6,1,0.45,2,4.65,14.6,39,1,1,1,1.000,238,165,0,0,15.5,0,0,,0,0,0,1307,0,0
gauntlet/20261003-015453-scrim-g1basics/losses/CyrilSharma.finalBot__Hockey__botA.bc24,CyrilSharma.finalBot,1,A,g1basics,0,2000,LEVEL_SUM,3300,3300,209,5,13,279,9,1,8,101,43,5,273,193,654,718,41.3,9,4,5,0,21.3,38,4,2,1,0,2.54,1,10.30,50.7,29,0,1,1,1.000,38,6,1,,21.0,0,0,1,0,744,50,20,9,0
gauntlet/20261003-015453-scrim-g1basics/losses/CyrilSharma.finalBot__Hockey__botA.bc24,CyrilSharma.finalBot,0,B,finalBot,1,2000,LEVEL_SUM,3300,3600,202,9,29,312,6,1,5,56,27,8,631,619,718,654,42.0,6,2,4,0,24.4,34,5,4,0,0,2.11,1,5.11,45.0,31,0,1,0,0.000,35,1,1,,25.1,75,0,499,0,0,0,6,0,0
gauntlet/20261003-015453-scrim-g1basics/losses/CyrilSharma.finalBot__Rainbow__botA.bc24,CyrilSharma.finalBot,1,A,g1basics,0,2000,LEVEL_SUM,6000,6000,201,9,13,222,5,1,4,170,80,15,296,209,561,491,44.0,5,5,0,0,17.8,47,11,5,0,0,3.45,1,1.37,41.0,95,1,2,1,0.500,44,2,1,,23.5,0,0,1,0,366,27,15,5,1
gauntlet/20261003-015453-scrim-g1basics/losses/CyrilSharma.finalBot__Rainbow__botA.bc24,CyrilSharma.finalBot,0,B,finalBot,1,2000,LEVEL_SUM,6000,6000,201,31,37,281,16,1,15,208,94,4,525,501,491,561,43.2,16,5,11,0,28.6,42,0,5,0,0,0.96,1,4.92,40.0,111,0,3,1,0.333,50,4,1,,25.0,24,0,444,1,0,0,7,0,0
gauntlet/20261003-015453-scrim-g1basics/losses/Gymhgy.v10official__Islands__botB.bc24,Gymhgy.v10official,0,A,v10official,1,389,CAPTURE,5800,5800,201,39,26,223,38,3,6,706,147,6,72,39,28,39,47.6,35,8,2,25,10.3,47,2,4,0,0,3.74,0,5.99,6.4,55,0,2,0,0.000,11,1,1,,25.0,7,0,,0,0,0,3,0,0
gauntlet/20261003-015453-scrim-g1basics/losses/Gymhgy.v10official__Islands__botB.bc24,Gymhgy.v10official,1,B,g1basics,0,389,CAPTURE,5800,5800,201,22,27,237,6,0,6,113,54,6,69,51,39,28,48.4,6,4,2,0,9.2,47,2,8,0,0,2.11,3,4.65,24.1,62,3,,,,1,0,1,,20.2,0,0,1,0,269,4,14,6,1
gauntlet/20261003-015453-scrim-g1basics/losses/CyrilSharma.finalBot__TwistedTreeline__botA.bc24,CyrilSharma.finalBot,1,A,g1basics,0,2000,MORE_FLAG_CAPTURES,2400,2400,202,20,19,258,14,1,13,231,104,37,292,219,443,480,44.1,14,10,4,0,27.9,47,24,15,4,0,2.90,2,1.84,51.9,134,1,4,2,0.500,102,16,1,,22.8,0,0,12,0,988,30,12,13,3
gauntlet/20261003-015453-scrim-g1basics/losses/CyrilSharma.finalBot__TwistedTreeline__botA.bc24,CyrilSharma.finalBot,0,B,finalBot,1,2000,MORE_FLAG_CAPTURES,2400,2400,204,27,28,227,39,2,37,326,174,13,427,420,480,443,44.6,39,15,24,0,36.3,28,4,10,6,1,0.79,1,3.66,46.4,156,1,3,1,0.333,107,9,0,,25.0,11,0,269,1,0,0,8,0,0
gauntlet/20261003-015453-scrim-g1basics/losses/CyrilSharma.finalBot__Randy__botB.bc24,CyrilSharma.finalBot,0,A,finalBot,1,2000,MORE_FLAG_CAPTURES,3400,12800,201,10,13,206,10,2,8,129,42,7,437,427,346,661,42.0,10,3,7,0,10.8,34,2,6,0,0,3.58,1,8.74,55.1,12,1,,,,19,6,0,,25.1,145,0,231,1,0,0,11,0,0
gauntlet/20261003-015453-scrim-g1basics/losses/CyrilSharma.finalBot__Randy__botB.bc24,CyrilSharma.finalBot,1,B,g1basics,0,2000,MORE_FLAG_CAPTURES,3400,4200,201,10,18,206,8,1,7,38,15,8,276,165,661,346,45.7,8,6,2,0,10.4,42,7,3,0,0,1.70,2,5.00,51.9,59,1,2,1,0.500,21,0,1,,21.9,0,0,1,0,348,16,11,7,0
gauntlet/20261003-015453-scrim-g1basics/losses/Gymhgy.v10official__Canals__botB.bc24,Gymhgy.v10official,0,A,v10official,1,1706,CAPTURE,4600,5900,204,44,36,232,30,3,3,679,55,40,343,338,429,450,43.6,27,3,3,21,16.3,48,6,36,3,1,1.81,1,10.35,4.0,695,0,16,1,0.063,71,17,1,,25.1,73,0,,0,0,0,2,0,0
gauntlet/20261003-015453-scrim-g1basics/losses/Gymhgy.v10official__Canals__botB.bc24,Gymhgy.v10official,1,B,g1basics,0,1706,CAPTURE,4600,4800,214,10,19,292,42,1,40,1056,497,3,307,240,450,429,44.0,42,36,6,0,22.5,47,3,3,1,1,0.83,3,3.07,25.2,62,3,,,,73,1,1,,21.7,0,0,1,0,906,66,13,40,6
gauntlet/20261003-015453-scrim-g1basics/losses/Gymhgy.v10official__Yinyang__botA.bc24,Gymhgy.v10official,1,A,g1basics,0,1192,CAPTURE,2900,3200,201,19,35,247,20,2,17,298,138,24,170,137,361,240,45.1,20,17,3,0,17.7,47,11,17,0,0,4.78,3,5.02,24.6,44,2,,,,33,1,1,,20.7,0,0,1,0,1073,34,17,20,3
gauntlet/20261003-015453-scrim-g1basics/losses/Gymhgy.v10official__Yinyang__botA.bc24,Gymhgy.v10official,0,B,v10official,1,1192,CAPTURE,2900,3200,201,21,22,217,65,3,24,694,45,17,172,167,240,361,42.6,62,17,11,34,21.0,48,3,17,0,0,1.47,2,13.70,6.7,180,1,6,2,0.333,58,38,1,,25.1,44,0,,0,0,0,2,0,0
gauntlet/20261003-015453-scrim-g1basics/losses/Gymhgy.v10official__Soccer__botA.bc24,Gymhgy.v10official,1,A,g1basics,0,1299,CAPTURE,3000,3000,204,0,10,388,26,1,24,658,315,15,211,164,346,268,45.0,26,23,3,0,29.3,31,7,11,0,0,2.80,3,3.85,24.2,103,3,,,,55,7,0,,22.8,0,0,350,0,807,31,29,26,4
gauntlet/20261003-015453-scrim-g1basics/losses/Gymhgy.v10official__Soccer__botA.bc24,Gymhgy.v10official,0,B,v10official,1,1299,CAPTURE,3000,3200,209,30,23,278,80,3,15,790,356,24,236,223,268,346,43.5,77,11,7,59,19.9,31,3,23,1,1,0.93,1,10.21,3.9,481,1,9,1,0.111,87,53,0,,25.1,44,0,,0,0,0,2,0,0
gauntlet/20261003-015453-scrim-g1basics/losses/Gymhgy.v10official__Fusbol__botB.bc24,Gymhgy.v10official,0,A,v10official,1,2000,MORE_FLAG_CAPTURES,7200,10500,203,16,37,274,52,2,8,835,125,26,388,338,463,366,45.5,49,8,2,39,44.1,36,4,22,0,0,1.82,0,10.19,6.6,265,0,3,0,0.000,46,5,1,,25.1,215,0,,0,0,0,4,0,0
gauntlet/20261003-015453-scrim-g1basics/losses/Gymhgy.v10official__Fusbol__botB.bc24,Gymhgy.v10official,1,B,g1basics,0,2000,MORE_FLAG_CAPTURES,7200,7500,202,3,11,337,26,0,26,472,216,8,223,181,366,463,43.8,26,22,4,0,40.7,37,2,8,0,0,0.85,2,2.45,32.6,173,2,1,0,0.000,83,5,1,,22.8,0,0,313,0,2979,7,142,25,4
gauntlet/20261003-015453-scrim-g1basics/losses/IvanGeffner.kuma__Occulus__botB.bc24,IvanGeffner.kuma,0,A,kuma,1,1423,CAPTURE,1800,9600,201,44,39,222,13,3,4,110,54,0,565,512,682,315,44.7,13,4,4,5,20.8,38,0,0,1,1,0.00,0,3.00,28.3,,,,,,9,0,1,,25.1,42,0,48,1,0,0,1223,0,0
gauntlet/20261003-015453-scrim-g1basics/losses/IvanGeffner.kuma__Occulus__botB.bc24,IvanGeffner.kuma,1,B,g1basics,0,1423,CAPTURE,1800,1800,201,0,0,928,0,0,0,0,0,4,163,161,315,682,38.4,0,0,0,0,,39,4,4,0,0,1.56,3,0.00,45.3,69,2,3,3,1.000,34,28,1,,22.8,0,0,4,0,2411,18,19,0,0
gauntlet/20261003-015453-scrim-g1basics/losses/NotLLeon.v3__Capacitance__botB.bc24,NotLLeon.v3,0,A,v3,1,567,CAPTURE,3600,5300,201,23,18,207,43,3,16,263,111,1,133,132,98,116,45.3,43,5,14,24,12.8,44,0,1,0,0,12.00,0,10.17,11.3,0,0,,,,7,0,0,,25.0,0,0,,0,0,0,367,0,22
gauntlet/20261003-015453-scrim-g1basics/losses/NotLLeon.v3__Capacitance__botB.bc24,NotLLeon.v3,1,B,g1basics,0,567,CAPTURE,3600,4700,201,31,17,206,1,0,1,1,0,16,111,64,116,98,45.8,1,1,0,0,8.0,47,14,5,0,0,2.47,3,15.00,30.4,88,2,3,0,0.000,7,0,1,,19.8,0,0,1,0,195,6,9,1,0
gauntlet/20261003-015453-scrim-g1basics/losses/IvanGeffner.kuma__Capacitance__botB.bc24,IvanGeffner.kuma,0,A,kuma,1,2000,MORE_FLAG_CAPTURES,3600,5300,201,21,26,222,19,2,7,87,62,0,453,437,719,522,43.6,19,5,6,8,14.4,39,0,0,5,2,0.00,0,3.51,34.0,,,,,,80,6,1,,25.1,35,0,32,1,0,0,1800,0,0
gauntlet/20261003-015453-scrim-g1basics/losses/IvanGeffner.kuma__Capacitance__botB.bc24,IvanGeffner.kuma,1,B,g1basics,0,2000,MORE_FLAG_CAPTURES,3600,4700,201,18,12,204,0,0,0,0,0,7,304,264,522,719,41.3,0,0,0,0,,46,6,5,0,0,1.05,2,0.00,41.6,35,0,1,0,0.000,75,9,1,,22.3,0,0,1,0,1090,89,19,0,0
gauntlet/20261003-015453-scrim-g1basics/losses/IvanGeffner.kuma__Hurricane__botA.bc24,IvanGeffner.kuma,1,A,g1basics,0,2000,LEVEL_SUM,4500,4500,201,7,14,244,33,0,33,347,182,1,261,164,155,233,47.1,33,31,2,0,14.3,44,0,2,1,0,4.00,0,2.30,38.2,0,0,,,,78,0,1,,20.8,0,0,1,0,173,15,10,33,47
gauntlet/20261003-015453-scrim-g1basics/losses/IvanGeffner.kuma__Hurricane__botA.bc24,IvanGeffner.kuma,0,B,kuma,1,2000,LEVEL_SUM,4500,4500,201,26,24,225,2,0,1,1,0,33,307,269,233,155,48.1,2,2,0,0,16.0,38,2,31,0,0,2.13,0,0.00,39.9,103,0,,,,75,8,1,,25.0,27,0,40,1,0,0,707,0,0
gauntlet/20261003-015453-scrim-g1basics/losses/NotLLeon.v3__Fountain__botB.bc24,NotLLeon.v3,0,A,v3,1,688,CAPTURE,1700,2700,211,9,4,258,33,3,14,144,57,20,75,66,109,155,44.6,33,5,12,16,17.6,43,12,9,0,0,3.54,1,11.03,9.2,42,0,1,0,0.000,14,2,0,,19.2,0,0,,1,0,0,385,0,28
gauntlet/20261003-015453-scrim-g1basics/losses/NotLLeon.v3__Fountain__botB.bc24,NotLLeon.v3,1,B,g1basics,0,688,CAPTURE,1700,2700,209,15,12,222,21,1,20,140,56,14,56,38,155,109,46.3,21,9,12,0,16.5,42,12,5,0,0,4.49,3,6.17,23.6,32,2,,,,21,3,1,,22.8,0,0,209,0,180,3,10,19,0
gauntlet/20261003-015453-scrim-g1basics/losses/IvanGeffner.kuma__OceanFloor__botB.bc24,IvanGeffner.kuma,0,A,kuma,1,2000,MORE_FLAG_CAPTURES,1400,1400,201,23,28,213,26,2,9,134,61,4,622,590,677,374,45.4,26,6,6,14,31.9,44,2,2,0,0,5.20,0,2.89,29.7,0,0,,,,102,5,1,,25.0,27,0,56,1,0,0,1800,0,0
gauntlet/20261003-015453-scrim-g1basics/losses/IvanGeffner.kuma__OceanFloor__botB.bc24,IvanGeffner.kuma,1,B,g1basics,0,2000,MORE_FLAG_CAPTURES,1400,1400,201,19,9,245,4,0,4,15,6,9,273,207,374,677,41.8,4,2,2,0,32.5,47,6,6,0,0,1.45,2,5.80,42.0,64,1,2,1,0.500,110,9,1,,21.3,0,0,1,0,788,63,17,4,0
gauntlet/20261003-015453-scrim-g1basics/losses/IvanGeffner.kuma__WheresMyWater__botA.bc24,IvanGeffner.kuma,1,A,g1basics,0,1659,CAPTURE,3000,3000,201,0,0,201,1,0,1,3,1,19,199,196,356,1013,35.1,1,1,0,0,8.0,41,14,11,0,0,2.64,3,6.67,42.5,89,2,1,1,1.000,89,59,1,,22.8,0,0,2,0,2320,11,29,1,1
gauntlet/20261003-015453-scrim-g1basics/losses/IvanGeffner.kuma__WheresMyWater__botA.bc24,IvanGeffner.kuma,0,B,kuma,1,1659,CAPTURE,3000,7200,201,25,47,201,50,3,19,185,80,1,651,603,1013,356,42.9,50,11,14,25,20.5,36,0,1,8,1,7.67,0,5.03,28.3,0,0,,,,32,11,1,,25.0,36,0,56,1,0,0,1459,0,0
gauntlet/20261003-015453-scrim-g1basics/losses/NotLLeon.v3__Funnel__botA.bc24,NotLLeon.v3,1,A,g1basics,0,1397,CAPTURE,2200,3500,202,15,22,239,28,0,28,925,446,49,201,140,271,302,44.7,28,18,10,0,34.5,34,38,14,2,0,1.43,3,6.77,15.4,682,2,12,1,0.083,109,61,1,,20.5,0,0,1,0,401,7,10,27,1
gauntlet/20261003-015453-scrim-g1basics/losses/NotLLeon.v3__Funnel__botA.bc24,NotLLeon.v3,0,B,v3,1,1397,CAPTURE,2200,4400,201,29,37,284,93,3,49,1001,450,28,229,212,302,271,45.3,93,14,38,41,28.0,35,10,18,6,1,0.76,0,9.68,19.6,695,0,14,0,0.000,84,57,0,,19.3,0,0,1056,1,0,0,1197,0,18
gauntlet/20261003-015453-scrim-g1basics/losses/SampleProvider.TSPAARKSPRINT1__SteamboatMickey__botB.bc24,SampleProvider.TSPAARKSPRINT1,0,A,TSPAARKSPRINT1,1,1477,CAPTURE,7300,10600,201,26,13,255,83,3,77,978,390,27,132,125,155,572,40.4,80,35,45,0,25.3,41,0,30,2,1,0.92,2,6.73,13.8,721,2,15,2,0.133,232,154,1,1,23.5,0,0,1089,1,1,0,714,0,0
gauntlet/20261003-015453-scrim-g1basics/losses/SampleProvider.TSPAARKSPRINT1__SteamboatMickey__botB.bc24,SampleProvider.TSPAARKSPRINT1,1,B,g1basics,0,1477,CAPTURE,7300,16000,201,29,32,232,30,2,27,1109,527,77,391,311,572,155,47.4,30,30,0,0,25.0,45,45,35,0,1,2.81,3,5.16,25.0,137,3,3,2,0.667,52,2,1,,20.2,0,0,1,0,1053,21,12,78,1
gauntlet/20261003-015453-scrim-g1basics/losses/Strequals.duck0127v5__Decision__botB.bc24,Strequals.duck0127v5,0,A,duck0127v5,1,899,CAPTURE,1100,1600,204,11,33,267,11,3,8,459,223,19,190,175,168,95,47.4,11,7,4,0,40.0,28,5,15,0,0,0.77,1,8.62,25.0,300,1,5,1,0.200,32,7,0,,20.7,0,0,,0,0,0,108,0,0
gauntlet/20261003-015453-scrim-g1basics/losses/Strequals.duck0127v5__Decision__botB.bc24,Strequals.duck0127v5,1,B,g1basics,0,899,CAPTURE,1900,2200,202,23,29,292,20,1,19,445,205,8,86,37,95,168,45.5,20,15,5,0,42.6,36,4,7,0,0,0.88,3,1.78,28.4,310,2,4,2,0.500,39,0,1,,22.8,0,0,25,0,426,35,25,20,2
gauntlet/20261003-015453-scrim-g1basics/losses/Strequals.duck0127v5__DefaultLarge__botB.bc24,Strequals.duck0127v5,0,A,duck0127v5,1,1208,CAPTURE,1800,6200,202,32,30,266,15,3,12,423,206,18,406,374,339,164,46.7,15,10,5,0,42.8,36,5,13,0,1,1.91,0,9.40,27.5,84,0,2,0,0.000,19,8,1,,24.3,0,0,,0,0,0,136,0,0
gauntlet/20261003-015453-scrim-g1basics/losses/Strequals.duck0127v5__DefaultLarge__botB.bc24,Strequals.duck0127v5,1,B,g1basics,0,1208,CAPTURE,1800,2900,203,15,26,234,18,0,18,175,77,12,160,103,164,339,43.2,18,13,5,0,40.8,43,5,10,0,0,1.14,3,3.93,32.6,329,1,4,3,0.750,40,1,1,,22.2,0,0,1,0,834,44,12,18,0
gauntlet/20261003-015453-scrim-g1basics/losses/NotLLeon.v3__Klein__botB.bc24,NotLLeon.v3,0,A,v3,1,2000,MORE_FLAG_CAPTURES,1800,3500,205,6,15,229,19,2,15,98,34,17,344,327,600,609,42.6,19,6,11,2,17.6,45,3,15,0,0,0.72,1,7.32,9.2,285,1,4,1,0.250,31,6,0,,19.7,0,0,525,1,0,0,1800,0,85
gauntlet/20261003-015453-scrim-g1basics/losses/NotLLeon.v3__Klein__botB.bc24,NotLLeon.v3,1,B,g1basics,0,2000,MORE_FLAG_CAPTURES,6000,8100,203,20,16,227,18,1,17,401,195,15,261,208,609,600,42.7,18,15,3,0,25.0,40,11,6,3,1,3.52,2,1.38,28.4,18,1,,,,71,8,1,,20.5,0,0,1,0,1593,49,45,17,5
gauntlet/20261003-015453-scrim-g1basics/losses/NotLLeon.v3__Hockey__botA.bc24,NotLLeon.v3,1,A,g1basics,0,2000,MORE_FLAG_CAPTURES,3300,3300,223,0,0,373,0,0,0,0,0,12,265,235,631,837,39.9,0,0,0,0,,35,9,6,0,0,3.54,2,0.00,30.1,60,1,2,1,0.500,45,8,1,,20.6,0,0,1,0,582,7,20,0,0
gauntlet/20261003-015453-scrim-g1basics/losses/NotLLeon.v3__Hockey__botA.bc24,NotLLeon.v3,0,B,v3,1,2000,MORE_FLAG_CAPTURES,3300,3300,238,1,7,368,21,2,12,94,48,0,415,378,837,631,42.4,21,6,9,6,28.3,34,0,0,5,2,0.00,0,10.81,10.7,,,,,,22,0,1,,22.3,0,0,374,0,0,0,1800,0,42
gauntlet/20261003-015453-scrim-g1basics/losses/Strequals.duck0127v5__GaltonBoard__botA.bc24,Strequals.duck0127v5,1,A,g1basics,0,867,CAPTURE,0,200,201,13,3,256,0,0,0,0,0,9,83,78,118,461,37.3,0,0,0,0,,39,8,4,0,0,4.97,3,0.00,47.9,36,0,1,1,1.000,12,15,1,,21.4,0,0,1,0,1192,10,34,0,0
gauntlet/20261003-015453-scrim-g1basics/losses/Strequals.duck0127v5__GaltonBoard__botA.bc24,Strequals.duck0127v5,0,B,duck0127v5,1,867,CAPTURE,0,37600,203,20,23,249,12,3,9,142,66,0,447,309,461,118,46.7,12,4,8,0,16.3,38,0,0,0,0,0.00,0,15.20,34.8,,,,,,1,0,0,,25.0,6,0,,0,0,0,135,0,0
gauntlet/20261003-015453-scrim-g1basics/losses/andli28.v9_USQuals_angle__Capacitance__botB.bc24,andli28.v9_USQuals_angle,0,A,v9_USQuals_angle,1,639,CAPTURE,3600,5400,201,17,20,235,21,3,18,264,119,6,192,161,130,107,46.1,21,7,14,0,14.3,38,3,5,0,0,3.26,1,1.47,10.6,7,0,,,,34,6,1,1,25.0,4,0,,0,0,0,298,0,0
gauntlet/20261003-015453-scrim-g1basics/losses/andli28.v9_USQuals_angle__Capacitance__botB.bc24,andli28.v9_USQuals_angle,1,B,g1basics,0,639,CAPTURE,3600,4600,201,22,12,204,8,1,6,47,18,18,108,83,107,130,45.2,8,5,3,0,19.3,47,14,7,0,0,0.93,3,8.34,26.9,184,2,3,2,0.667,27,5,1,,20.4,0,0,1,0,509,16,11,8,0
gauntlet/20261003-015453-scrim-g1basics/losses/andli28.v9_USQuals_angle__Anchor__botB.bc24,andli28.v9_USQuals_angle,0,A,v9_USQuals_angle,1,1853,CAPTURE,6300,9000,207,0,0,411,9,3,6,103,56,6,719,672,853,419,44.4,9,5,4,0,19.7,48,0,6,0,1,4.52,0,5.03,11.6,0,0,,,,74,4,0,0,25.1,58,0,,1,0,0,427,0,0
gauntlet/20261003-015453-scrim-g1basics/losses/andli28.v9_USQuals_angle__Anchor__botB.bc24,andli28.v9_USQuals_angle,1,B,g1basics,0,1853,CAPTURE,6300,10800,203,28,21,244,6,0,6,23,7,6,369,344,419,853,38.8,6,6,0,0,25.0,43,4,5,0,0,3.07,3,6.13,32.3,57,0,2,2,1.000,94,33,1,,22.8,0,0,8,0,1165,42,40,6,0
gauntlet/20261003-015453-scrim-g1basics/losses/Strequals.duck0127v5__Yinyang__botB.bc24,Strequals.duck0127v5,0,A,duck0127v5,1,1004,CAPTURE,2900,3200,201,13,2,207,16,3,13,115,53,2,261,247,356,178,45.7,16,5,11,0,18.0,46,1,3,0,0,0.89,2,15.57,31.9,30,1,,,,27,10,1,,24.3,0,0,,0,0,0,135,0,0
gauntlet/20261003-015453-scrim-g1basics/losses/Strequals.duck0127v5__Yinyang__botB.bc24,Strequals.duck0127v5,1,B,g1basics,0,1004,CAPTURE,2900,3200,201,3,12,211,4,2,2,47,22,13,141,102,178,356,41.7,4,3,1,0,11.0,47,11,5,0,0,5.96,3,6.28,34.8,28,0,2,1,0.500,45,41,1,,20.9,0,0,1,0,803,37,14,4,0
gauntlet/20261003-015453-scrim-g1basics/losses/Strequals.duck0127v5__Occulus__botB.bc24,Strequals.duck0127v5,0,A,duck0127v5,1,2000,MORE_FLAG_CAPTURES,1800,8400,201,27,17,285,11,2,9,105,49,22,729,689,920,414,45.0,11,6,5,0,19.6,36,2,20,2,1,4.00,0,10.68,34.0,27,0,,,,15,1,1,,24.7,0,0,,0,0,0,145,0,0
gauntlet/20261003-015453-scrim-g1basics/losses/Strequals.duck0127v5__Occulus__botB.bc24,Strequals.duck0127v5,1,B,g1basics,0,2000,MORE_FLAG_CAPTURES,1800,3000,201,13,18,240,22,0,22,142,56,9,250,220,414,920,38.8,22,20,2,0,17.3,41,5,6,0,0,2.48,2,3.38,41.4,58,1,2,2,1.000,52,25,1,,21.6,0,0,1,0,1754,94,29,22,2
gauntlet/20261003-015453-scrim-g1basics/losses/andli28.v9_USQuals_angle__Diagonal__botA.bc24,andli28.v9_USQuals_angle,1,A,g1basics,0,2000,MORE_FLAG_CAPTURES,5100,5500,201,27,23,237,10,0,10,128,54,3,283,210,198,307,46.2,10,7,3,0,33.0,34,2,2,0,0,3.19,1,9.53,20.9,62,0,1,1,1.000,9,0,1,,21.2,0,0,1,0,529,47,14,9,0
gauntlet/20261003-015453-scrim-g1basics/losses/andli28.v9_USQuals_angle__Diagonal__botA.bc24,andli28.v9_USQuals_angle,0,B,v9_USQuals_angle,1,2000,MORE_FLAG_CAPTURES,3800,4700,201,38,24,253,4,1,3,98,48,10,371,298,307,198,47.6,4,2,2,0,32.7,24,3,7,0,0,2.05,0,5.35,11.8,73,0,2,0,0.000,9,3,1,0,24.9,0,0,,1,0,0,436,0,0
gauntlet/20261003-015453-scrim-g1basics/losses/Strequals.duck0127v5__Racetrack__botB.bc24,Strequals.duck0127v5,0,A,duck0127v5,1,1554,CAPTURE,0,0,204,0,0,371,12,3,9,276,134,18,364,344,543,310,45.2,12,8,4,0,28.6,8,9,11,2,2,2.91,2,13.93,29.2,77,1,3,2,0.667,40,13,0,,25.0,1,0,,0,0,0,112,0,0
gauntlet/20261003-015453-scrim-g1basics/losses/Strequals.duck0127v5__Racetrack__botB.bc24,Strequals.duck0127v5,1,B,g1basics,0,1554,CAPTURE,0,0,204,44,38,216,20,2,18,224,98,9,133,96,310,543,41.4,20,11,9,0,31.8,25,4,8,0,0,1.26,3,6.67,33.2,193,1,3,3,1.000,29,16,1,,22.8,0,0,136,0,856,39,33,18,0
gauntlet/20261003-015453-scrim-g1basics/losses/andli28.v9_USQuals_angle__Mountain__botB.bc24,andli28.v9_USQuals_angle,0,A,v9_USQuals_angle,1,2000,MORE_FLAG_CAPTURES,4100,5900,204,19,19,240,21,1,20,55,13,0,624,563,1017,492,44.0,21,8,13,0,17.7,41,0,0,1,0,0.00,0,6.00,14.7,,,,,,114,2,0,0,25.1,11,0,,1,0,0,444,0,0
gauntlet/20261003-015453-scrim-g1basics/losses/andli28.v9_USQuals_angle__Mountain__botB.bc24,andli28.v9_USQuals_angle,1,B,g1basics,0,2000,MORE_FLAG_CAPTURES,4100,5300,201,11,16,252,0,0,0,0,0,20,322,287,492,1017,37.7,0,0,0,0,,46,13,8,0,0,8.20,1,0.00,36.4,5,1,,,,83,36,1,,21.1,0,0,1,0,1325,58,74,0,0
gauntlet/20261003-015453-scrim-g1basics/losses/andrewgopher.player22__Battlefield__botB.bc24,andrewgopher.player22,0,A,player22,1,339,CAPTURE,3700,3700,203,32,29,203,7,3,1,45,20,3,62,37,57,68,45.2,4,3,1,0,6.0,33,1,2,0,0,2.00,0,11.00,27.3,0,0,,,,10,5,1,1,25.0,2,0,,0,0,0,3,0,0
gauntlet/20261003-015453-scrim-g1basics/losses/andrewgopher.player22__Battlefield__botB.bc24,andrewgopher.player22,1,B,g1basics,0,339,CAPTURE,3700,3700,203,0,3,211,3,0,3,12,5,1,60,44,68,57,46.4,3,2,1,0,6.3,43,1,3,0,0,3.93,3,2.25,36.7,10,0,,,,2,1,1,,18.9,0,0,1,0,377,0,8,2,0
gauntlet/20261003-015453-scrim-g1basics/losses/andrewgopher.player22__Anchor__botB.bc24,andrewgopher.player22,0,A,player22,1,579,CAPTURE,6300,9600,206,7,34,284,12,3,6,138,65,0,163,159,155,193,42.0,9,4,5,0,18.8,50,0,0,0,0,0.00,0,7.99,22.4,,,,,,24,2,0,0,25.0,36,0,,0,0,0,2,0,0
gauntlet/20261003-015453-scrim-g1basics/losses/andrewgopher.player22__Anchor__botB.bc24,andrewgopher.player22,1,B,g1basics,0,579,CAPTURE,6300,10500,202,3,0,349,0,0,0,0,0,6,155,122,193,155,43.6,0,0,0,0,,48,5,4,0,0,2.71,3,0.00,37.9,49,1,2,1,0.500,14,2,1,,22.8,0,0,11,0,387,5,10,0,0
gauntlet/20261003-015453-scrim-g1basics/losses/andrewgopher.player22__Occulus__botA.bc24,andrewgopher.player22,1,A,g1basics,0,550,CAPTURE,1800,1800,201,13,0,0,0,0,0,0,0,7,69,44,147,190,41.6,0,0,0,0,,42,5,5,0,0,3.60,3,0.00,38.9,105,1,3,3,1.000,20,21,1,,20.1,0,0,1,0,513,10,10,0,0
gauntlet/20261003-015453-scrim-g1basics/losses/andrewgopher.player22__Occulus__botA.bc24,andrewgopher.player22,0,B,player22,1,550,CAPTURE,1800,9600,201,32,34,236,13,3,7,197,91,0,159,147,190,147,43.7,10,5,5,0,20.9,41,0,0,0,0,0.00,0,9.47,16.9,,,,,,14,2,1,1,25.0,10,0,,0,0,0,1,0,0
gauntlet/20261003-015453-scrim-g1basics/losses/andli28.v9_USQuals_angle__Randy__botB.bc24,andli28.v9_USQuals_angle,0,A,v9_USQuals_angle,1,2000,MORE_FLAG_CAPTURES,3400,4000,201,20,13,257,18,2,16,50,16,6,603,549,699,409,45.0,18,6,12,0,9.6,30,2,4,0,0,4.43,0,3.60,11.3,0,0,,,,101,11,0,1,25.1,26,0,,1,0,0,387,0,0
gauntlet/20261003-015453-scrim-g1basics/losses/andli28.v9_USQuals_angle__Randy__botB.bc24,andli28.v9_USQuals_angle,1,B,g1basics,0,2000,MORE_FLAG_CAPTURES,3400,4200,201,20,12,251,6,0,6,7,1,16,315,253,409,699,41.5,6,4,2,0,11.3,42,12,6,0,0,7.74,2,3.86,27.3,0,0,,,,72,13,1,,21.1,0,0,1,0,960,45,13,6,0
gauntlet/20261003-015453-scrim-g1basics/losses/andli28.v9_USQuals_angle__Valentine__botB.bc24,andli28.v9_USQuals_angle,0,A,v9_USQuals_angle,1,2000,LEVEL_SUM,1800,5200,212,9,10,323,32,0,32,121,58,0,459,435,661,478,44.2,32,16,16,0,36.4,47,0,0,10,0,0.00,0,3.03,10.3,,,,,,149,2,0,0,25.1,22,0,,1,0,0,427,0,0
gauntlet/20261003-015453-scrim-g1basics/losses/andli28.v9_USQuals_angle__Valentine__botB.bc24,andli28.v9_USQuals_angle,1,B,g1basics,0,2000,LEVEL_SUM,1800,3200,211,3,0,710,0,0,0,0,0,32,307,269,478,661,42.0,0,0,0,0,,45,16,16,0,0,5.26,0,0.00,22.0,24,0,1,0,0.000,81,10,1,,22.8,0,0,210,0,998,52,20,0,0
gauntlet/20261003-015453-scrim-g1basics/losses/andrewgopher.player22__Rivers__botA.bc24,andrewgopher.player22,1,A,g1basics,0,431,CAPTURE,1500,1800,201,7,11,262,0,0,0,0,0,2,56,30,100,72,45.9,0,0,0,0,,32,2,3,0,0,0.82,3,0.00,34.3,115,3,3,3,1.000,5,2,1,,22.8,0,0,10,0,232,2,9,0,0
gauntlet/20261003-015453-scrim-g1basics/losses/andrewgopher.player22__Rivers__botA.bc24,andrewgopher.player22,0,B,player22,1,431,CAPTURE,1500,2400,203,27,6,229,10,3,2,141,68,0,54,42,72,100,44.6,7,3,2,2,20.5,31,0,0,0,0,0.00,0,6.49,16.3,,,,,,11,1,1,1,25.0,5,0,,0,0,0,3,0,0
gauntlet/20261003-015453-scrim-g1basics/losses/andrewgopher.player22__Rainbow__botB.bc24,andrewgopher.player22,0,A,player22,1,2000,MORE_FLAG_CAPTURES,6000,6000,201,37,21,235,9,1,3,89,41,3,382,365,732,839,39.8,6,3,1,2,29.3,47,0,3,0,0,0.62,0,4.45,12.6,15,0,,,,174,35,1,1,25.1,61,0,,0,0,0,4,0,0
gauntlet/20261003-015453-scrim-g1basics/losses/andrewgopher.player22__Rainbow__botB.bc24,andrewgopher.player22,1,B,g1basics,0,2000,MORE_FLAG_CAPTURES,6000,6000,201,0,1,304,3,0,3,26,11,3,328,260,839,732,41.1,3,3,0,0,25.3,45,1,3,0,0,2.23,1,0.46,25.8,54,1,1,1,1.000,85,10,1,,25.0,1,0,1,0,616,23,11,3,0
gauntlet/20261003-015453-scrim-g1basics/losses/chenyx512.flagbot_final__Islands__botA.bc24,chenyx512.flagbot_final,1,A,g1basics,0,1027,CAPTURE,5800,5800,201,25,25,244,20,2,18,285,128,13,156,126,86,537,37.3,20,16,4,0,22.5,47,9,7,0,0,1.78,3,3.53,31.4,63,1,3,3,1.000,130,104,1,,19.9,0,0,1,0,1066,38,35,18,2
gauntlet/20261003-015453-scrim-g1basics/losses/chenyx512.flagbot_final__Islands__botA.bc24,chenyx512.flagbot_final,0,B,flagbot_final,1,1027,CAPTURE,5800,5800,203,21,23,227,19,3,13,747,315,18,290,231,537,86,47.9,16,7,9,0,19.4,47,4,16,0,0,2.11,2,10.07,18.4,110,0,5,2,0.400,9,0,1,1,19.6,0,0,,1,0,0,183,0,0
gauntlet/20261003-015453-scrim-g1basics/losses/hsmalladi.finalbot__Battlefield__botA.bc24,hsmalladi.finalbot,1,A,g1basics,0,295,CAPTURE,3700,3700,202,14,0,206,5,0,5,54,23,8,56,26,51,27,47.8,5,4,1,0,7.6,45,8,3,0,0,8.89,3,5.98,34.6,9,2,,,,3,0,1,,20.9,0,0,1,0,157,4,10,5,0
gauntlet/20261003-015453-scrim-g1basics/losses/hsmalladi.finalbot__Battlefield__botA.bc24,hsmalladi.finalbot,0,B,finalbot,1,295,CAPTURE,3500,3500,204,4,0,204,18,3,8,647,189,5,36,27,27,51,46.1,15,3,8,4,5.3,46,1,4,0,0,3.50,0,12.96,20.1,5,0,,,,5,6,1,,25.0,35,0,,0,0,0,2,0,0
gauntlet/20261003-015453-scrim-g1basics/losses/chenyx512.flagbot_final__English__botA.bc24,chenyx512.flagbot_final,1,A,g1basics,0,1779,CAPTURE,10900,10900,201,16,19,284,28,1,26,587,277,11,278,247,178,875,38.0,28,26,2,0,36.2,48,6,8,0,0,0.69,3,2.23,32.8,172,3,3,3,1.000,154,56,1,,22.8,0,0,25,0,1334,88,32,27,3
gauntlet/20261003-015453-scrim-g1basics/losses/chenyx512.flagbot_final__English__botA.bc24,chenyx512.flagbot_final,0,B,flagbot_final,1,1779,CAPTURE,10900,10900,201,42,43,224,17,3,11,810,330,26,534,502,875,178,47.5,14,8,6,0,35.2,47,2,26,5,3,1.60,1,8.42,21.3,253,1,11,1,0.091,23,5,1,1,19.3,0,0,,0,0,0,400,0,0
gauntlet/20261003-015453-scrim-g1basics/losses/chenyx512.flagbot_final__Foxes__botB.bc24,chenyx512.flagbot_final,0,A,flagbot_final,1,1605,CAPTURE,7500,7500,202,30,33,242,19,3,13,815,333,15,681,621,684,153,47.6,16,9,7,0,33.2,34,0,15,4,3,1.82,0,8.49,22.1,120,0,8,0,0.000,23,0,0,0,19.5,0,0,,1,0,0,955,0,0
gauntlet/20261003-015453-scrim-g1basics/losses/chenyx512.flagbot_final__Foxes__botB.bc24,chenyx512.flagbot_final,1,B,g1basics,0,1605,CAPTURE,7500,7500,202,21,13,272,15,0,15,347,152,13,295,270,153,684,39.5,15,15,0,0,27.5,37,7,9,0,0,0.61,3,2.28,30.9,182,3,3,3,1.000,111,46,1,,21.3,0,0,1,0,1812,49,41,15,1
gauntlet/20261003-015453-scrim-g1basics/losses/chenyx512.flagbot_final__TreeSearch__botA.bc24,chenyx512.flagbot_final,1,A,g1basics,0,842,CAPTURE,3200,4700,204,11,17,229,3,2,1,142,69,12,111,81,62,307,41.3,3,3,0,0,17.0,38,9,6,0,0,1.91,3,1.46,32.2,122,2,4,3,0.750,42,26,1,,22.8,0,0,20,0,694,19,12,3,0
gauntlet/20261003-015453-scrim-g1basics/losses/chenyx512.flagbot_final__TreeSearch__botA.bc24,chenyx512.flagbot_final,0,B,flagbot_final,1,842,CAPTURE,3200,5300,204,19,20,306,18,3,12,783,293,1,274,237,307,62,48.1,15,6,9,0,21.5,38,0,3,0,0,0.27,2,7.69,19.3,118,2,2,2,1.000,4,2,0,0,23.0,0,0,777,1,0,0,97,0,0
gauntlet/20261003-015453-scrim-g1basics/losses/chenyx512.flagbot_final__Klein__botB.bc24,chenyx512.flagbot_final,0,A,flagbot_final,1,1511,CAPTURE,6600,6600,224,12,18,256,31,3,25,821,291,11,332,310,662,147,47.5,28,8,20,0,15.7,42,0,13,13,2,1.49,2,7.08,27.2,126,1,4,2,0.500,17,0,0,0,21.3,0,0,698,1,0,0,824,0,0
gauntlet/20261003-015453-scrim-g1basics/losses/chenyx512.flagbot_final__Klein__botB.bc24,chenyx512.flagbot_final,1,B,g1basics,0,1511,CAPTURE,6200,6200,202,18,11,255,13,2,11,282,133,25,202,178,147,662,39.4,13,13,0,0,20.3,48,20,8,0,0,2.42,3,2.27,33.8,92,1,1,0,0.000,133,64,1,,20.5,0,0,1,0,1407,60,36,13,3
gauntlet/20261003-015453-scrim-g1basics/losses/hsmalladi.finalbot__DefaultHuge__botB.bc24,hsmalladi.finalbot,0,A,finalbot,1,397,CAPTURE,3500,3500,201,39,11,225,30,3,23,747,121,1,73,63,42,74,45.6,27,6,20,1,16.5,47,0,1,0,0,1.00,0,5.33,5.9,0,0,,,,11,4,1,,25.1,79,0,,0,0,0,16,0,0
gauntlet/20261003-015453-scrim-g1basics/losses/hsmalladi.finalbot__DefaultHuge__botB.bc24,hsmalladi.finalbot,1,B,g1basics,0,397,CAPTURE,3700,3900,201,10,3,232,1,0,1,19,9,23,81,42,74,42,47.5,1,1,0,0,38.0,47,20,6,0,0,4.88,3,0.63,21.7,41,1,2,2,1.000,12,0,1,,20.5,0,0,1,0,222,2,10,1,0
gauntlet/20261003-015453-scrim-g1basics/losses/chenyx512.flagbot_final__QuestionableChess__botA.bc24,chenyx512.flagbot_final,1,A,g1basics,0,2000,LEVEL_SUM,0,0,201,42,41,253,14,2,12,181,85,7,192,132,349,842,39.7,14,11,3,0,18.3,37,5,4,0,0,2.69,2,3.74,43.5,23,0,1,0,0.000,72,15,1,,20.1,0,0,1,0,1555,27,31,67,3
gauntlet/20261003-015453-scrim-g1basics/losses/chenyx512.flagbot_final__QuestionableChess__botA.bc24,chenyx512.flagbot_final,0,B,flagbot_final,1,2000,LEVEL_SUM,0,0,388,0,0,414,12,2,7,680,279,12,505,458,842,349,45.7,9,4,5,0,18.3,22,3,11,0,0,2.05,2,5.13,41.7,94,2,2,2,1.000,10,2,0,0,18.0,0,0,,0,0,0,285,0,0
gauntlet/20261003-015453-scrim-g1basics/losses/hsmalladi.finalbot__Occulus__botA.bc24,hsmalladi.finalbot,1,A,g1basics,0,391,CAPTURE,1800,2100,201,10,0,341,0,0,0,0,0,10,55,34,63,74,45.6,0,0,0,0,,43,10,3,0,0,4.54,3,0.00,35.5,95,3,2,1,0.500,3,3,1,,22.8,0,0,3,0,167,2,11,0,0
gauntlet/20261003-015453-scrim-g1basics/losses/hsmalladi.finalbot__Occulus__botA.bc24,hsmalladi.finalbot,0,B,finalbot,1,391,CAPTURE,1800,7800,201,27,34,232,20,3,10,754,84,0,101,83,74,63,46.2,17,3,10,4,18.3,45,0,0,0,0,0.00,0,7.95,15.0,,,,,,2,1,1,,25.0,51,0,,0,0,0,4,0,0
gauntlet/20261003-015453-scrim-g1basics/losses/hsmalladi.finalbot__MazeRunner__botB.bc24,hsmalladi.finalbot,0,A,finalbot,1,816,CAPTURE,2600,5300,209,7,21,278,39,3,22,1080,223,4,115,114,152,158,45.3,36,7,18,11,18.1,46,0,5,0,0,0.59,1,8.18,13.1,189,1,4,1,0.250,49,18,0,,25.1,104,0,,0,1,0,9,0,0
gauntlet/20261003-015453-scrim-g1basics/losses/hsmalladi.finalbot__MazeRunner__botB.bc24,hsmalladi.finalbot,1,B,g1basics,0,816,CAPTURE,2600,5300,207,20,31,276,5,1,4,283,137,22,123,80,158,152,45.5,5,5,0,0,24.0,32,18,7,0,0,1.70,3,2.59,19.6,264,1,6,1,0.167,39,1,1,,22.8,0,0,204,0,274,12,4,5,1
gauntlet/20261003-015453-scrim-g1basics/losses/hsmalladi.finalbot__Intercontinental__botB.bc24,hsmalladi.finalbot,0,A,finalbot,1,1226,CAPTURE,2400,4200,201,20,27,298,112,3,78,1021,220,11,112,111,261,553,39.1,109,21,60,28,17.3,48,3,10,0,1,1.30,2,6.34,10.9,246,2,7,2,0.286,145,72,1,,25.1,11,0,,0,0,0,4,0,0
gauntlet/20261003-015453-scrim-g1basics/losses/hsmalladi.finalbot__Intercontinental__botB.bc24,hsmalladi.finalbot,1,B,g1basics,0,1226,CAPTURE,2400,4200,201,2,7,286,13,2,11,428,205,78,140,88,553,261,44.8,13,10,3,0,19.0,46,60,21,0,0,4.77,3,8.86,18.0,140,3,4,3,0.750,52,10,1,,20.8,0,0,1,0,545,18,11,13,2
gauntlet/20261003-015453-scrim-g1basics/losses/jmerle.camel_case_v21_final__Bunkers__botB.bc24,jmerle.camel_case_v21_final,0,A,camel_case_v21_final,1,393,CAPTURE,2800,2800,201,33,34,223,9,3,6,114,53,1,93,90,141,70,45.9,9,4,5,0,19.2,36,0,1,0,0,0.67,0,8.50,5.8,3,0,,,,10,0,1,,22.2,0,0,,0,0,0,1,0,0
gauntlet/20261003-015453-scrim-g1basics/losses/jmerle.camel_case_v21_final__Bunkers__botB.bc24,jmerle.camel_case_v21_final,1,B,g1basics,0,393,CAPTURE,2800,2800,201,5,2,334,1,0,1,3,1,6,59,42,70,141,41.5,1,1,0,0,13.0,45,5,4,0,0,2.75,3,0.00,43.3,57,1,2,2,1.000,14,12,1,,22.8,0,0,5,0,280,0,31,1,1
gauntlet/20261003-015453-scrim-g1basics/losses/jmerle.camel_case_v21_final__Digging__botA.bc24,jmerle.camel_case_v21_final,1,A,g1basics,0,1368,CAPTURE,700,1500,205,9,2,246,3,0,3,24,9,25,169,169,549,1073,30.8,3,3,0,0,13.3,47,15,13,0,0,2.91,3,1.75,44.6,92,0,4,2,0.500,114,130,1,,22.8,0,0,207,0,2407,5,31,3,1
gauntlet/20261003-015453-scrim-g1basics/losses/jmerle.camel_case_v21_final__Digging__botA.bc24,jmerle.camel_case_v21_final,0,B,camel_case_v21_final,1,1368,CAPTURE,700,3100,205,44,34,215,28,3,25,275,124,3,463,462,1073,549,40.3,28,13,15,0,23.6,35,0,3,3,1,3.79,0,9.72,5.1,8,0,,,,63,2,0,,22.1,0,0,,0,0,0,1,0,0
gauntlet/20261003-015453-scrim-g1basics/losses/jmerle.camel_case_v21_final__Islands__botA.bc24,jmerle.camel_case_v21_final,1,A,g1basics,0,464,CAPTURE,5800,5800,201,7,5,244,4,0,4,28,11,6,87,62,116,126,43.4,4,3,1,0,14.0,47,2,7,0,0,1.50,3,5.29,35.8,119,2,4,3,0.750,18,3,1,,19.3,0,0,1,0,331,7,18,3,0
gauntlet/20261003-015453-scrim-g1basics/losses/jmerle.camel_case_v21_final__Islands__botA.bc24,jmerle.camel_case_v21_final,0,B,camel_case_v21_final,1,464,CAPTURE,5800,5800,201,37,22,215,9,3,6,206,101,4,109,108,126,116,44.1,9,7,2,0,18.7,43,1,3,0,0,2.50,0,7.73,4.3,6,0,,,,59,9,1,,22.3,0,0,,0,0,0,1,0,0
gauntlet/20261003-015453-scrim-g1basics/losses/jmerle.camel_case_v21_final__Starfish__botB.bc24,jmerle.camel_case_v21_final,0,A,camel_case_v21_final,1,491,CAPTURE,4100,4200,201,9,12,201,15,3,12,113,49,3,33,32,151,194,40.6,15,4,11,0,7.0,34,0,3,0,0,12.56,0,10.79,4.4,0,0,,,,12,8,0,,21.7,0,0,,0,0,0,1,0,0
gauntlet/20261003-015453-scrim-g1basics/losses/jmerle.camel_case_v21_final__Starfish__botB.bc24,jmerle.camel_case_v21_final,1,B,g1basics,0,491,CAPTURE,4100,4100,201,8,9,201,3,0,3,9,2,12,61,43,194,151,42.7,3,3,0,0,7.3,35,11,4,0,0,3.65,3,12.56,39.4,35,1,1,1,1.000,12,5,1,,22.8,0,0,9,0,489,0,17,3,0
gauntlet/20261003-015453-scrim-g1basics/losses/jmerle.camel_case_v21_final__Foxes__botB.bc24,jmerle.camel_case_v21_final,0,A,camel_case_v21_final,1,1205,CAPTURE,7500,7500,205,44,29,236,9,3,6,217,106,1,347,346,535,534,39.3,9,4,5,0,32.5,40,0,1,0,1,1.00,0,7.65,4.9,0,0,,,,80,11,0,,22.1,0,0,,0,0,0,1,0,0
gauntlet/20261003-015453-scrim-g1basics/losses/jmerle.camel_case_v21_final__Foxes__botB.bc24,jmerle.camel_case_v21_final,1,B,g1basics,0,1205,CAPTURE,7500,7500,202,2,1,296,1,0,1,2,1,6,200,156,534,535,39.2,1,1,0,0,27.0,39,5,4,0,0,0.91,3,0.00,39.8,166,2,3,3,1.000,47,6,1,,21.3,0,0,1,0,1209,21,55,1,0
gauntlet/20261003-015453-scrim-g1basics/losses/jmerle.camel_case_v21_final__YearOfTheDragon__botB.bc24,jmerle.camel_case_v21_final,0,A,camel_case_v21_final,1,1555,CAPTURE,10800,10800,201,20,26,226,9,3,6,210,100,2,516,515,810,628,40.2,9,5,4,0,21.5,40,0,3,0,1,1.89,1,8.67,7.0,41,1,1,1,1.000,84,14,1,,22.0,0,0,,0,0,0,1,0,0
gauntlet/20261003-015453-scrim-g1basics/losses/jmerle.camel_case_v21_final__YearOfTheDragon__botB.bc24,jmerle.camel_case_v21_final,1,B,g1basics,0,1555,CAPTURE,10800,10800,201,10,8,214,3,1,2,61,27,6,265,234,628,810,37.4,3,3,0,0,15.0,42,4,5,0,0,1.41,3,2.80,42.2,153,1,3,3,1.000,151,126,1,,21.8,0,0,1,0,2066,8,24,3,0
gauntlet/20261003-015453-scrim-g1basics/losses/kyleezz.jeeryfix3__Duck__botB.bc24,kyleezz.jeeryfix3,0,A,jeeryfix3,1,1473,CAPTURE,2900,2900,201,14,24,271,45,3,42,361,204,11,178,174,377,759,37.4,45,16,29,0,46.9,43,2,10,4,2,0.83,1,5.64,8.6,148,1,2,1,0.500,216,52,1,1,24.9,0,0,17,1,3,3,4,0,0
gauntlet/20261003-015453-scrim-g1basics/losses/kyleezz.jeeryfix3__Duck__botB.bc24,kyleezz.jeeryfix3,1,B,g1basics,0,1473,CAPTURE,2900,2900,201,15,9,285,12,1,11,232,110,42,330,271,759,377,43.8,12,10,2,0,44.5,47,29,16,2,0,1.63,3,2.28,17.3,235,3,4,3,0.750,107,3,1,,21.0,0,0,1,0,562,26,17,12,4
gauntlet/20261003-015453-scrim-g1basics/losses/kyleezz.jeeryfix3__Decision__botA.bc24,kyleezz.jeeryfix3,1,A,g1basics,0,1483,CAPTURE,1900,1900,205,9,4,263,8,1,7,275,136,47,283,213,833,372,43.9,8,8,0,0,37.3,40,33,17,0,1,2.15,3,3.11,15.7,167,2,3,1,0.333,129,11,1,,22.8,0,0,26,0,469,21,11,8,3
gauntlet/20261003-015453-scrim-g1basics/losses/kyleezz.jeeryfix3__Decision__botA.bc24,kyleezz.jeeryfix3,0,B,jeeryfix3,1,1483,CAPTURE,1900,1900,202,28,14,229,50,3,47,353,198,7,149,146,372,833,36.3,50,17,33,0,38.1,34,0,8,17,2,0.58,1,5.60,6.7,221,1,4,1,0.250,333,114,0,0,24.9,0,0,2,1,0,0,4,0,0
gauntlet/20261003-015453-scrim-g1basics/losses/kyleezz.jeeryfix3__EvilGrin__botB.bc24,kyleezz.jeeryfix3,0,A,jeeryfix3,1,579,CAPTURE,2000,6000,206,26,11,224,15,3,12,164,75,0,103,97,104,247,39.8,15,5,10,0,20.2,46,0,0,0,0,0.00,0,7.81,5.8,,,,,,29,1,1,0,24.9,0,0,24,1,0,0,2,0,0
gauntlet/20261003-015453-scrim-g1basics/losses/kyleezz.jeeryfix3__EvilGrin__botB.bc24,kyleezz.jeeryfix3,1,B,g1basics,0,579,CAPTURE,2000,4000,204,0,0,0,0,0,0,0,0,12,86,46,247,104,45.7,0,0,0,0,,45,10,5,0,0,4.74,3,0.00,29.5,56,0,1,1,1.000,7,0,1,,22.8,0,0,10,0,210,7,14,0,0
gauntlet/20261003-015453-scrim-g1basics/losses/winkelmantanner.waffle__Alligator__botA.bc24,winkelmantanner.waffle,1,A,g1basics,0,561,CAPTURE,3300,7800,201,21,18,248,5,0,5,53,22,28,118,88,200,97,45.9,5,4,1,0,15.8,33,25,6,0,0,6.95,3,4.53,33.2,38,1,2,2,1.000,11,0,1,,19.5,0,0,1,0,338,14,8,5,0
gauntlet/20261003-015453-scrim-g1basics/losses/winkelmantanner.waffle__Alligator__botA.bc24,winkelmantanner.waffle,0,B,waffle,1,561,CAPTURE,3300,4800,201,21,17,225,31,3,28,183,80,5,111,98,97,200,41.4,31,6,25,0,14.5,12,1,4,0,0,3.45,0,7.11,13.8,10,0,1,0,0.000,37,3,1,,10.6,0,0,,0,13,0,361,0,0
gauntlet/20261003-015453-scrim-g1basics/losses/winkelmantanner.waffle__Battlefield__botA.bc24,winkelmantanner.waffle,1,A,g1basics,0,1509,CAPTURE,3700,3700,203,17,2,205,12,3,9,121,50,17,265,200,790,428,43.0,12,8,4,0,8.2,45,14,6,3,2,5.68,3,13.00,33.8,47,1,1,0,0.000,7,0,1,,20.5,0,0,1,0,2112,14,14,11,0
gauntlet/20261003-015453-scrim-g1basics/losses/winkelmantanner.waffle__Battlefield__botA.bc24,winkelmantanner.waffle,0,B,waffle,1,1509,CAPTURE,3700,3700,202,9,15,202,20,3,17,149,65,9,225,224,428,790,37.4,20,6,14,0,6.0,36,4,8,4,1,3.29,3,7.14,10.8,53,0,1,1,1.000,77,88,1,,12.1,0,0,,0,168,52,1209,0,0
gauntlet/20261003-015453-scrim-g1basics/losses/kyleezz.jeeryfix3__HeMustBeFreed__botA.bc24,kyleezz.jeeryfix3,1,A,g1basics,0,1302,CAPTURE,2900,3400,201,1,0,494,4,1,3,173,85,25,184,109,482,280,44.7,4,4,0,0,43.7,29,18,10,0,1,2.44,3,1.07,17.8,248,2,8,3,0.375,53,5,1,,22.8,0,0,84,0,531,20,11,4,1
gauntlet/20261003-015453-scrim-g1basics/losses/kyleezz.jeeryfix3__HeMustBeFreed__botA.bc24,kyleezz.jeeryfix3,0,B,jeeryfix3,1,1302,CAPTURE,5800,18200,201,28,27,217,28,3,25,470,255,3,244,240,280,482,41.0,28,10,18,0,50.7,28,0,4,5,1,0.29,1,4.69,9.2,141,1,2,1,0.500,152,51,1,0,24.9,0,0,33,1,1,1,2,0,0
gauntlet/20261003-015453-scrim-g1basics/replays/ColtG5.Goob_final__Canals__botB.bc24,ColtG5.Goob_final,0,A,Goob_final,0,1241,CAPTURE,4600,4900,203,29,22,210,3,1,1,38,18,3,163,160,218,955,31.4,3,2,1,0,31.0,47,2,4,1,0,1.37,3,5.29,16.3,172,1,5,3,0.600,146,142,1,1,17.5,0,0,,0,0,0,816,0,0
gauntlet/20261003-015453-scrim-g1basics/replays/ColtG5.Goob_final__Canals__botB.bc24,ColtG5.Goob_final,1,B,g1basics,1,1241,CAPTURE,4600,4600,225,2,0,466,6,3,3,262,128,1,376,311,955,218,45.7,6,4,2,0,18.0,47,1,2,0,1,1.16,1,9.28,24.9,19,0,1,1,1.000,20,1,1,,21.2,0,0,1,0,238,17,11,5,0
gauntlet/20261003-015453-scrim-g1basics/losses/winkelmantanner.waffle__Bunkers__botA.bc24,winkelmantanner.waffle,1,A,g1basics,0,715,CAPTURE,2800,2800,201,11,9,236,4,1,3,71,34,26,113,72,220,154,44.8,4,3,1,0,14.0,44,23,6,0,0,4.77,3,3.07,29.5,39,1,2,2,1.000,9,0,1,,22.8,0,0,5,0,517,18,11,4,0
gauntlet/20261003-015453-scrim-g1basics/losses/winkelmantanner.waffle__Bunkers__botA.bc24,winkelmantanner.waffle,0,B,waffle,1,715,CAPTURE,2800,2800,201,30,23,222,29,3,26,174,80,3,120,109,154,220,42.6,29,6,23,0,14.9,39,1,3,0,0,2.06,1,6.55,8.6,39,1,1,1,1.000,28,15,1,,12.2,0,0,,0,24,0,515,0,0
gauntlet/20261003-015453-scrim-g1basics/replays/ColtG5.Goob_final__Backslash__botB.bc24,ColtG5.Goob_final,0,A,Goob_final,0,1459,CAPTURE,2600,17800,201,4,19,232,3,0,3,6,0,4,269,263,374,1042,32.7,3,3,0,0,23.0,47,3,4,0,0,1.47,3,10.00,15.1,136,1,3,3,1.000,140,120,1,1,18.5,0,0,,0,0,0,803,0,0
gauntlet/20261003-015453-scrim-g1basics/replays/ColtG5.Goob_final__Backslash__botB.bc24,ColtG5.Goob_final,1,B,g1basics,1,1459,CAPTURE,4000,10500,201,29,22,232,7,3,4,217,102,3,341,268,1042,374,43.7,7,4,3,0,19.8,46,0,3,0,2,13.17,0,9.12,27.0,0,0,,,,52,1,1,,22.8,0,0,6,0,322,36,16,7,0
gauntlet/20261003-015453-scrim-g1basics/replays/Gymhgy.v10official__Rivers__botB.bc24,Gymhgy.v10official,0,A,v10official,0,885,CAPTURE,1500,2100,201,10,35,682,29,1,9,651,23,19,138,133,134,166,45.6,26,5,5,16,17.4,34,7,15,0,0,2.39,3,7.57,4.9,214,2,5,3,0.600,41,24,1,,25.1,52,0,,0,0,0,1,0,0
gauntlet/20261003-015453-scrim-g1basics/replays/Gymhgy.v10official__Rivers__botB.bc24,Gymhgy.v10official,1,B,g1basics,1,885,CAPTURE,1500,2100,281,0,1,358,22,3,19,342,153,9,105,82,166,134,46.4,22,15,7,0,20.2,34,5,5,0,0,5.23,1,6.07,26.5,11,1,,,,17,1,1,,22.8,0,0,9,0,307,1,13,22,1
gauntlet/20261003-015453-scrim-g1basics/replays/CyrilSharma.finalBot__EndAround__botA.bc24,CyrilSharma.finalBot,1,A,g1basics,1,2000,LEVEL_SUM,2200,4000,203,29,26,233,0,0,0,0,0,0,216,126,343,335,45.9,0,0,0,0,,47,0,0,0,0,0.00,0,0.00,32.0,,,,,,17,0,1,,22.8,0,0,24,0,41,4,14,0,0
gauntlet/20261003-015453-scrim-g1basics/replays/CyrilSharma.finalBot__EndAround__botA.bc24,CyrilSharma.finalBot,0,B,finalBot,0,2000,LEVEL_SUM,2500,6400,206,0,0,798,0,0,0,0,0,0,418,399,335,343,45.8,0,0,0,0,,43,0,0,0,0,0.00,0,0.00,42.3,,,,,,23,0,0,,25.0,2,0,,0,0,0,1,0,0
gauntlet/20261003-015453-scrim-g1basics/replays/SampleProvider.TSPAARKSPRINT1__Intercontinental__botA.bc24,SampleProvider.TSPAARKSPRINT1,1,A,g1basics,1,887,CAPTURE,2400,3600,201,17,25,224,28,3,25,509,241,27,115,81,235,80,47.8,28,22,6,0,18.7,48,18,10,0,0,2.75,0,7.55,25.9,21,0,1,0,0.000,17,7,1,,20.0,0,0,1,0,367,12,12,28,0
gauntlet/20261003-015453-scrim-g1basics/replays/SampleProvider.TSPAARKSPRINT1__Intercontinental__botA.bc24,SampleProvider.TSPAARKSPRINT1,0,B,TSPAARKSPRINT1,0,887,CAPTURE,2400,3300,201,7,10,307,31,0,27,678,175,25,19,13,80,235,43.6,28,10,18,0,20.1,43,6,22,0,0,2.74,3,8.99,12.4,228,2,7,3,0.429,88,57,1,1,22.9,0,0,353,0,0,0,171,0,0
gauntlet/20261003-015453-scrim-g1basics/replays/IvanGeffner.kuma__Duck__botA.bc24,IvanGeffner.kuma,1,A,g1basics,1,2000,LEVEL_SUM,2900,2900,201,23,18,257,6,1,5,197,89,16,298,221,420,473,44.2,6,4,2,0,44.4,44,11,9,1,1,1.32,1,3.15,40.7,166,1,3,0,0.000,151,10,1,,21.1,0,0,1,0,609,34,23,6,0
gauntlet/20261003-015453-scrim-g1basics/replays/IvanGeffner.kuma__Duck__botA.bc24,IvanGeffner.kuma,0,B,kuma,0,2000,LEVEL_SUM,2900,2900,201,35,28,229,49,1,16,282,128,5,423,401,473,420,44.9,49,9,11,29,37.4,35,2,4,0,0,1.02,1,1.73,35.8,125,1,2,1,0.500,166,17,1,,25.0,27,0,72,1,1,1,1298,0,0
gauntlet/20261003-015453-scrim-g1basics/replays/SampleProvider.TSPAARKSPRINT1__FloodGates__botB.bc24,SampleProvider.TSPAARKSPRINT1,0,A,TSPAARKSPRINT1,0,1255,CAPTURE,500,1700,206,11,8,226,9,1,5,258,62,25,56,45,63,642,37.5,6,4,2,0,18.2,31,9,19,0,0,3.62,3,8.92,19.4,325,1,5,3,0.600,140,125,0,0,24.8,0,0,,1,0,0,647,0,0
gauntlet/20261003-015453-scrim-g1basics/replays/SampleProvider.TSPAARKSPRINT1__FloodGates__botB.bc24,SampleProvider.TSPAARKSPRINT1,1,B,g1basics,1,1255,CAPTURE,500,1700,290,0,4,368,28,3,25,642,300,5,274,192,642,63,48.7,28,19,9,0,15.9,26,2,4,0,1,0.97,1,12.23,27.7,53,1,1,1,1.000,6,0,1,,25.0,2,0,1,0,219,8,18,27,0
gauntlet/20261003-015453-scrim-g1basics/replays/NotLLeon.v3__DefaultMedium__botB.bc24,NotLLeon.v3,0,A,v3,0,2000,MORE_FLAG_CAPTURES,2900,4100,201,21,20,267,61,0,59,270,108,12,240,221,418,540,43.4,61,20,39,2,27.1,41,5,8,7,0,1.07,1,4.53,10.0,144,1,5,1,0.200,95,2,1,,21.9,0,0,436,1,0,0,1539,0,62
gauntlet/20261003-015453-scrim-g1basics/replays/NotLLeon.v3__DefaultMedium__botB.bc24,NotLLeon.v3,1,B,g1basics,1,2000,MORE_FLAG_CAPTURES,2900,2900,201,24,28,307,13,1,12,257,121,59,382,305,540,418,44.9,13,8,5,0,27.4,38,39,20,0,1,4.01,0,2.23,25.2,49,0,3,0,0.000,36,6,1,,23.5,0,0,11,0,696,16,18,13,0
gauntlet/20261003-015453-scrim-g1basics/replays/SampleProvider.TSPAARKSPRINT1__Randy__botB.bc24,SampleProvider.TSPAARKSPRINT1,0,A,TSPAARKSPRINT1,0,1500,CAPTURE,3400,8400,201,29,16,212,25,1,21,568,190,49,108,104,159,533,41.5,22,6,16,0,10.1,39,18,34,0,0,3.21,3,16.13,16.5,246,2,3,3,1.000,137,106,0,0,24.4,0,0,,0,1,0,826,0,0
gauntlet/20261003-015453-scrim-g1basics/replays/SampleProvider.TSPAARKSPRINT1__Randy__botB.bc24,SampleProvider.TSPAARKSPRINT1,1,B,g1basics,1,1500,CAPTURE,3400,4400,201,17,14,208,52,3,49,424,191,21,272,181,533,159,47.4,52,34,18,0,11.4,40,16,6,4,2,4.57,1,6.11,29.3,16,0,1,0,0.000,16,1,1,,22.8,0,0,7,0,490,26,12,153,1
gauntlet/20261003-015453-scrim-g1basics/replays/SampleProvider.TSPAARKSPRINT1__Soccer__botB.bc24,SampleProvider.TSPAARKSPRINT1,0,A,TSPAARKSPRINT1,0,1911,CAPTURE,3000,3100,202,24,33,262,104,1,100,1215,478,37,131,129,245,983,37.5,101,31,70,0,24.2,33,8,32,17,0,1.60,3,10.37,13.5,581,2,18,3,0.167,372,266,0,0,23.1,0,0,,0,1,1,307,0,0
gauntlet/20261003-015453-scrim-g1basics/replays/SampleProvider.TSPAARKSPRINT1__Soccer__botB.bc24,SampleProvider.TSPAARKSPRINT1,1,B,g1basics,1,1911,CAPTURE,3000,3100,204,25,35,265,40,3,37,1104,557,100,430,351,983,245,46.9,40,32,8,0,29.1,36,70,31,6,2,2.47,1,5.40,20.6,211,0,8,1,0.125,74,13,0,,22.8,0,0,267,0,1249,22,16,39,0
gauntlet/20261003-015453-scrim-g1basics/replays/SampleProvider.TSPAARKSPRINT1__Foxes__botB.bc24,SampleProvider.TSPAARKSPRINT1,0,A,TSPAARKSPRINT1,0,1878,CAPTURE,7500,7500,203,21,33,218,59,2,54,827,289,60,109,109,240,830,39.1,56,14,42,0,22.8,31,16,47,9,0,2.17,3,10.24,12.5,710,3,18,3,0.167,275,201,0,0,22.4,0,0,,1,1,0,219,0,0
gauntlet/20261003-015453-scrim-g1basics/replays/SampleProvider.TSPAARKSPRINT1__Foxes__botB.bc24,SampleProvider.TSPAARKSPRINT1,1,B,g1basics,1,1878,CAPTURE,7500,7500,204,26,27,269,63,3,60,1579,781,54,461,381,830,240,46.9,63,47,16,0,29.6,36,42,14,8,1,2.61,2,5.20,24.0,142,0,5,0,0.000,57,1,1,,22.8,0,0,14,0,968,50,49,61,1
gauntlet/20261003-015453-scrim-g1basics/replays/awu7.ExplosiveBot__DefaultMedium__botA.bc24,awu7.ExplosiveBot,1,A,g1basics,1,1069,CAPTURE,2900,2900,201,31,39,236,22,3,19,600,285,20,288,216,602,121,47.3,22,15,7,0,30.3,34,12,8,0,0,5.32,0,10.41,20.1,25,0,,,,23,4,1,,21.5,0,0,1,0,192,1,11,22,0
gauntlet/20261003-015453-scrim-g1basics/replays/awu7.ExplosiveBot__DefaultMedium__botA.bc24,awu7.ExplosiveBot,0,B,ExplosiveBot,0,1069,CAPTURE,2900,5000,201,29,0,226,44,0,20,121,31,19,75,64,121,602,36.4,44,8,12,24,19.2,34,7,15,0,0,1.82,3,7.84,15.5,351,1,7,3,0.429,180,149,1,1,22.4,0,0,1,1,1,0,627,0,0
gauntlet/20261003-015453-scrim-g1basics/replays/awu7.ExplosiveBot__Asteroids__botA.bc24,awu7.ExplosiveBot,1,A,g1basics,1,825,CAPTURE,800,2800,210,17,29,269,13,3,10,342,165,15,223,148,469,63,48.1,13,8,5,0,28.6,38,6,9,0,0,2.80,0,5.66,20.1,0,0,,,,18,0,1,,22.8,0,0,211,0,158,2,10,12,2
gauntlet/20261003-015453-scrim-g1basics/replays/awu7.ExplosiveBot__Asteroids__botA.bc24,awu7.ExplosiveBot,0,B,ExplosiveBot,0,825,CAPTURE,800,3200,210,16,10,255,15,0,15,30,8,10,69,61,63,469,36.3,15,9,6,0,35.3,29,5,8,0,0,0.86,3,1.23,12.9,234,2,4,3,0.750,157,105,1,0,21.6,0,0,4,1,2,0,374,0,0
gauntlet/20261003-015453-scrim-g1basics/replays/andrewgopher.player22__GravitationalWaves__botA.bc24,andrewgopher.player22,1,A,g1basics,1,2000,LEVEL_SUM,3700,3700,201,18,18,202,18,0,18,245,121,2,258,165,507,207,47.5,18,12,6,0,26.2,18,0,2,6,0,0.00,0,2.29,27.0,,0,,,,43,1,1,,22.0,0,0,1,0,1867,151,12,18,7
gauntlet/20261003-015453-scrim-g1basics/replays/andrewgopher.player22__GravitationalWaves__botA.bc24,andrewgopher.player22,0,B,player22,0,2000,LEVEL_SUM,3700,3700,201,23,15,202,5,0,2,3,0,18,108,94,207,507,43.8,2,2,0,0,27.0,14,6,12,0,0,3.74,0,0.00,4.2,59,0,4,0,0.000,139,37,1,1,25.1,404,0,,0,0,0,1,0,0
gauntlet/20261003-015453-scrim-g1basics/replays/awu7.ExplosiveBot__EvilGrin__botA.bc24,awu7.ExplosiveBot,1,A,g1basics,1,829,CAPTURE,2000,4600,204,18,40,238,14,3,11,299,140,11,245,169,532,74,47.8,14,13,1,0,19.4,46,5,6,0,0,3.23,0,7.87,22.7,0,0,,,,6,0,1,,22.8,0,0,20,0,162,1,10,14,0
gauntlet/20261003-015453-scrim-g1basics/replays/awu7.ExplosiveBot__EvilGrin__botA.bc24,awu7.ExplosiveBot,0,B,ExplosiveBot,0,829,CAPTURE,2000,3600,210,16,2,226,14,0,11,60,20,11,64,55,74,532,34.7,14,6,5,3,21.7,33,1,13,0,0,2.08,3,2.33,17.1,151,3,4,3,0.750,121,105,0,0,21.8,0,0,5,1,0,0,449,0,0
gauntlet/20261003-015453-scrim-g1basics/replays/awu7.ExplosiveBot__MazeRunner__botA.bc24,awu7.ExplosiveBot,1,A,g1basics,1,1042,CAPTURE,2600,5000,207,11,20,271,15,3,12,537,260,3,257,174,604,123,47.1,15,10,5,0,24.7,28,2,1,0,0,4.65,0,5.65,19.3,0,0,,,,24,2,1,,22.8,0,0,204,0,29,1,9,15,0
gauntlet/20261003-015453-scrim-g1basics/replays/awu7.ExplosiveBot__MazeRunner__botA.bc24,awu7.ExplosiveBot,0,B,ExplosiveBot,0,1042,CAPTURE,2600,4700,207,8,6,258,4,0,3,17,7,12,65,46,123,604,36.0,4,1,2,1,20.7,29,5,10,0,0,1.48,3,1.88,13.4,315,2,7,3,0.429,242,178,1,1,24.4,0,0,4,1,0,0,526,0,0
gauntlet/20261003-015453-scrim-g1basics/replays/awu7.ExplosiveBot__Diagonal__botA.bc24,awu7.ExplosiveBot,1,A,g1basics,1,2000,MORE_FLAG_CAPTURES,5100,5100,201,19,29,282,28,2,26,1226,604,2,600,517,1191,170,47.9,28,17,11,0,21.3,39,0,2,4,2,2.50,0,9.92,17.3,0,0,,,,29,0,1,,23.6,0,0,14,0,98,5,13,26,0
gauntlet/20261003-015453-scrim-g1basics/replays/awu7.ExplosiveBot__Diagonal__botA.bc24,awu7.ExplosiveBot,0,B,ExplosiveBot,0,2000,MORE_FLAG_CAPTURES,5100,5100,201,5,8,249,2,0,2,2,2,26,117,111,170,1191,35.6,2,2,0,0,33.0,27,11,17,0,0,1.10,2,2.00,13.9,816,1,11,2,0.182,414,364,0,1,21.5,0,0,22,1,1,0,1634,0,0
gauntlet/20261003-015453-scrim-g1basics/replays/awu7.ExplosiveBot__Rainbow__botB.bc24,awu7.ExplosiveBot,0,A,ExplosiveBot,0,1150,CAPTURE,6000,6000,201,20,13,266,3,0,3,5,1,24,113,100,133,773,33.7,3,2,1,0,29.0,39,8,19,0,0,2.57,3,1.40,16.4,273,3,6,3,0.500,232,200,1,1,21.6,0,0,12,1,1,0,696,0,0
gauntlet/20261003-015453-scrim-g1basics/replays/awu7.ExplosiveBot__Rainbow__botB.bc24,awu7.ExplosiveBot,1,B,g1basics,1,1150,CAPTURE,6000,6000,201,23,28,244,27,3,24,509,241,3,367,301,773,133,47.1,27,19,8,0,31.7,47,1,2,0,0,1.00,0,8.55,18.5,0,0,,,,18,3,1,,22.8,0,0,11,0,121,1,10,27,0
gauntlet/20261003-015453-scrim-g1basics/replays/clbarrell.duck8__Bunkers__botB.bc24,clbarrell.duck8,0,A,duck8,0,523,CAPTURE,2800,2800,201,7,14,208,15,1,14,34,8,0,68,54,50,124,44.2,15,4,11,0,11.4,39,0,3,0,0,0.99,3,4.26,32.1,97,1,3,3,1.000,23,7,1,,11.9,0,0,2,0,0,0,8,0,0
gauntlet/20261003-015453-scrim-g1basics/replays/clbarrell.duck8__Bunkers__botB.bc24,clbarrell.duck8,1,B,g1basics,1,523,CAPTURE,2800,2800,201,7,1,306,3,3,0,160,75,14,92,57,124,50,47.7,3,3,0,0,,42,11,4,0,0,11.44,1,7.85,23.0,0,1,,,,7,0,1,,22.8,0,0,5,0,180,4,10,3,0
gauntlet/20261003-015453-scrim-g1basics/replays/clbarrell.duck8__EvilGrin__botB.bc24,clbarrell.duck8,0,A,duck8,0,812,CAPTURE,2000,7100,205,12,11,228,7,0,7,23,9,3,136,125,97,373,39.3,7,2,5,0,16.0,36,3,3,0,0,1.55,3,5.65,31.7,129,2,3,2,0.667,97,81,0,,13.0,0,0,,1,0,0,11,0,0
gauntlet/20261003-015453-scrim-g1basics/replays/clbarrell.duck8__EvilGrin__botB.bc24,clbarrell.duck8,1,B,g1basics,1,812,CAPTURE,2000,3100,204,11,5,442,6,3,3,222,104,7,159,70,373,97,47.1,6,3,3,0,19.7,40,5,2,0,0,15.26,0,10.96,27.9,0,0,,,,12,0,1,,22.8,0,0,9,0,59,2,3,6,0
gauntlet/20261003-015453-scrim-g1basics/replays/clbarrell.duck8__Gauntlet__botB.bc24,clbarrell.duck8,0,A,duck8,0,712,CAPTURE,2100,3500,203,25,24,257,18,0,18,233,45,5,102,93,112,231,42.1,18,5,13,0,24.8,36,3,5,0,0,1.29,3,8.82,33.4,197,2,7,3,0.429,48,25,0,,13.4,0,0,,1,0,0,9,0,0
gauntlet/20261003-015453-scrim-g1basics/replays/clbarrell.duck8__Gauntlet__botB.bc24,clbarrell.duck8,1,B,g1basics,1,712,CAPTURE,2100,2100,211,2,11,282,8,3,5,302,137,18,103,42,231,112,46.1,8,5,3,0,21.8,38,13,5,0,0,2.76,0,6.74,22.1,128,0,1,0,0.000,25,11,0,,22.8,0,0,282,0,188,2,10,7,0
gauntlet/20261003-015453-scrim-g1basics/replays/clbarrell.duck8__Skyline__botB.bc24,clbarrell.duck8,0,A,duck8,0,523,CAPTURE,9300,14100,205,15,5,249,20,1,18,78,19,5,164,136,51,158,42.7,20,7,13,0,18.8,35,2,6,0,0,1.63,3,6.79,38.2,93,1,4,3,0.750,36,17,0,,12.8,0,0,,1,0,0,8,0,0
gauntlet/20261003-015453-scrim-g1basics/replays/clbarrell.duck8__Skyline__botB.bc24,clbarrell.duck8,1,B,g1basics,1,523,CAPTURE,21600,26100,201,28,19,227,8,3,5,217,92,18,301,239,158,51,47.6,8,6,2,0,18.2,47,13,7,0,0,5.49,1,7.13,26.9,0,0,,,,6,0,1,,19.0,0,0,1,0,298,2,10,8,0
gauntlet/20261003-015453-scrim-g1basics/replays/clbarrell.duck8__Hurricane__botB.bc24,clbarrell.duck8,0,A,duck8,0,1447,CAPTURE,4500,4500,201,31,30,287,9,0,9,36,12,19,165,129,150,483,42.0,9,1,8,0,21.2,40,3,19,0,0,0.71,3,12.89,45.9,753,3,16,3,0.188,218,170,1,,14.1,0,0,2,0,0,0,40,0,0
gauntlet/20261003-015453-scrim-g1basics/replays/clbarrell.duck8__Hurricane__botB.bc24,clbarrell.duck8,1,B,g1basics,1,1447,CAPTURE,4500,4500,201,40,41,246,22,3,19,1033,487,9,282,171,483,150,47.4,22,19,3,0,15.9,46,8,1,1,1,8.94,0,4.37,13.8,0,0,,,,54,0,1,,21.5,0,0,1,0,63,2,10,22,0
gauntlet/20261003-015453-scrim-g1basics/replays/clbarrell.duck8__SteamboatMickey__botB.bc24,clbarrell.duck8,0,A,duck8,0,1021,CAPTURE,7300,18100,201,1,17,201,30,1,29,152,57,5,279,248,174,354,41.6,30,8,22,0,27.5,34,1,7,0,0,0.50,3,8.78,28.2,421,3,7,2,0.286,91,51,1,,11.8,0,0,2,0,0,0,13,0,0
gauntlet/20261003-015453-scrim-g1basics/replays/clbarrell.duck8__SteamboatMickey__botB.bc24,clbarrell.duck8,1,B,g1basics,1,1021,CAPTURE,7300,8500,201,25,10,201,8,3,5,507,247,29,254,203,354,174,45.8,8,7,1,0,23.2,46,22,8,0,0,3.18,1,6.02,20.4,89,1,2,1,0.500,62,7,1,,21.0,0,0,1,0,396,2,11,8,1
gauntlet/20261003-015453-scrim-g1basics/replays/dmtrung14.defaultplayer_intlqualifier__Asteroids__botA.bc24,dmtrung14.defaultplayer_intlqualifier,1,A,g1basics,1,1349,CAPTURE,800,1800,210,21,14,235,26,3,23,1219,544,6,81,24,494,63,48.8,26,21,5,0,30.6,38,4,2,0,2,3.58,0,2.93,32.6,7,0,,,,25,1,1,,22.8,0,0,220,0,154,10,15,26,2
gauntlet/20261003-015453-scrim-g1basics/replays/dmtrung14.defaultplayer_intlqualifier__Asteroids__botA.bc24,dmtrung14.defaultplayer_intlqualifier,0,B,defaultplayer_intlqualifier,0,1349,CAPTURE,800,4500,210,24,7,230,12,0,6,328,68,23,133,131,63,494,41.2,9,2,4,3,23.5,39,5,21,0,0,1.28,3,5.64,32.9,534,2,15,3,0.200,230,187,0,0,25.1,237,0,,1,0,0,424,0,0
gauntlet/20261003-015453-scrim-g1basics/replays/dmtrung14.defaultplayer_intlqualifier__Bunkers__botB.bc24,dmtrung14.defaultplayer_intlqualifier,0,A,defaultplayer_intlqualifier,0,763,CAPTURE,2800,2800,201,12,18,209,41,2,11,447,148,11,70,70,48,519,33.8,38,8,5,25,13.4,42,4,10,0,0,1.39,3,3.72,18.5,194,1,3,2,0.667,190,191,1,0,25.1,135,0,320,1,0,0,231,0,0
gauntlet/20261003-015453-scrim-g1basics/replays/dmtrung14.defaultplayer_intlqualifier__Bunkers__botB.bc24,dmtrung14.defaultplayer_intlqualifier,1,B,g1basics,1,763,CAPTURE,2800,2800,201,13,22,224,14,3,11,383,186,11,130,64,519,48,48.4,14,10,4,0,16.1,46,5,8,0,0,2.52,2,4.05,28.1,53,2,2,1,0.500,11,0,1,,19.8,0,0,1,0,297,10,11,14,0
gauntlet/20261003-015453-scrim-g1basics/replays/dmtrung14.defaultplayer_intlqualifier__Foxes__botA.bc24,dmtrung14.defaultplayer_intlqualifier,1,A,g1basics,1,1782,CAPTURE,7500,7500,202,14,36,339,22,3,19,1763,867,6,508,380,1428,83,48.8,22,16,6,0,36.9,39,4,3,1,1,3.12,1,3.31,32.4,3,1,,,,17,0,1,,22.8,0,0,14,0,164,7,14,22,1
gauntlet/20261003-015453-scrim-g1basics/replays/dmtrung14.defaultplayer_intlqualifier__Foxes__botA.bc24,dmtrung14.defaultplayer_intlqualifier,0,B,defaultplayer_intlqualifier,0,1782,CAPTURE,7200,7200,205,8,2,253,23,1,6,344,50,19,148,148,83,1428,30.1,20,3,4,13,27.2,40,6,16,0,0,0.76,3,5.28,35.8,1108,3,12,3,0.250,602,580,0,0,25.1,237,0,,1,0,0,969,0,0
gauntlet/20261003-015453-scrim-g1basics/replays/dmtrung14.defaultplayer_intlqualifier__Puzzle__botB.bc24,dmtrung14.defaultplayer_intlqualifier,0,A,defaultplayer_intlqualifier,0,1323,CAPTURE,0,12300,202,16,27,225,25,1,4,333,72,5,109,106,42,309,44.3,22,5,0,17,29.5,44,2,6,0,0,0.74,3,4.76,30.3,408,2,5,3,0.600,151,93,0,0,25.1,336,0,277,1,0,0,1037,0,0
gauntlet/20261003-015453-scrim-g1basics/replays/dmtrung14.defaultplayer_intlqualifier__Puzzle__botB.bc24,dmtrung14.defaultplayer_intlqualifier,1,B,g1basics,1,1323,CAPTURE,0,7600,208,9,11,225,8,3,5,594,294,4,98,37,309,42,49.2,8,6,2,0,33.8,41,0,5,0,1,2.39,1,3.66,22.3,9,1,,,,17,0,1,,18.5,0,0,1,0,197,10,17,8,0
gauntlet/20261003-015453-scrim-g1basics/replays/dmtrung14.defaultplayer_intlqualifier__TreeSearch__botB.bc24,dmtrung14.defaultplayer_intlqualifier,0,A,defaultplayer_intlqualifier,0,871,CAPTURE,3200,5600,203,11,22,218,7,0,2,311,61,14,81,81,33,306,41.6,4,2,1,1,22.0,29,5,12,0,0,1.25,3,5.06,36.0,336,3,7,3,0.429,119,108,0,0,25.1,235,0,,1,0,0,417,0,0
gauntlet/20261003-015453-scrim-g1basics/replays/dmtrung14.defaultplayer_intlqualifier__TreeSearch__botB.bc24,dmtrung14.defaultplayer_intlqualifier,1,B,g1basics,1,871,CAPTURE,3200,4400,203,16,18,265,17,3,14,608,294,2,67,23,306,33,49.0,17,12,5,0,23.7,42,1,2,0,0,2.06,0,3.48,29.0,2,0,,,,7,0,1,,22.8,0,0,16,0,98,5,10,17,1
gauntlet/20261003-015453-scrim-g1basics/replays/jonters.bling3__Anchor__botB.bc24,jonters.bling3,0,A,bling3,0,1035,CAPTURE,6300,10200,206,0,7,330,2,0,2,8,3,23,102,91,141,573,36.2,2,1,1,0,24.0,48,13,13,0,0,2.08,3,6.25,8.5,167,2,6,3,0.500,117,110,0,0,22.5,0,0,,0,0,0,7,0,0
gauntlet/20261003-015453-scrim-g1basics/replays/jonters.bling3__Anchor__botB.bc24,jonters.bling3,1,B,g1basics,1,1035,CAPTURE,6300,9900,202,4,1,396,26,3,23,319,150,2,311,236,573,141,46.6,26,13,13,0,21.3,48,1,1,0,0,2.25,0,9.97,20.4,0,0,,,,8,0,1,,22.8,0,0,6,0,160,10,12,24,0
gauntlet/20261003-015453-scrim-g1basics/replays/hsmalladi.finalbot__Mountain__botA.bc24,hsmalladi.finalbot,1,A,g1basics,1,1354,CAPTURE,4100,5000,205,6,13,337,12,3,9,1433,705,27,200,152,271,123,47.8,12,10,2,0,18.7,45,18,11,0,1,2.28,2,7.12,14.5,230,2,7,1,0.143,53,16,1,,22.8,0,0,3,0,505,4,29,12,1
gauntlet/20261003-015453-scrim-g1basics/replays/hsmalladi.finalbot__Mountain__botA.bc24,hsmalladi.finalbot,0,B,finalbot,0,1354,CAPTURE,4100,5600,201,16,6,202,45,2,27,1058,300,9,133,131,123,271,45.0,42,11,18,13,16.2,41,2,10,0,0,0.25,3,8.72,30.3,1232,3,10,3,0.300,135,84,0,,25.0,68,0,,0,0,0,4,0,0
gauntlet/20261003-015453-scrim-g1basics/replays/jonters.bling3__Foxes__botB.bc24,jonters.bling3,0,A,bling3,0,879,CAPTURE,7500,7500,203,33,16,246,0,0,0,0,0,14,78,74,121,252,42.8,0,0,0,0,,31,7,10,0,0,0.88,3,0.00,5.1,352,2,7,2,0.286,50,19,0,0,24.1,0,0,,1,0,0,4,0,0
gauntlet/20261003-015453-scrim-g1basics/replays/jonters.bling3__Foxes__botB.bc24,jonters.bling3,1,B,g1basics,1,879,CAPTURE,7500,7500,202,14,14,217,17,3,14,531,258,0,196,116,252,121,46.6,17,10,7,0,19.3,40,0,0,0,0,0.00,0,3.76,19.0,,,,,,32,0,1,,22.8,0,0,16,0,126,6,10,17,1
gauntlet/20261003-015453-scrim-g1basics/replays/jonters.bling3__GaltonBoard__botB.bc24,jonters.bling3,0,A,bling3,0,1541,CAPTURE,0,26400,201,15,13,216,5,1,4,74,34,12,219,216,437,896,35.4,5,1,4,0,11.3,27,7,8,0,0,2.23,3,21.50,6.4,116,1,3,3,1.000,34,48,0,0,25.0,3,0,,0,0,0,10,0,0
gauntlet/20261003-015453-scrim-g1basics/replays/jonters.bling3__GaltonBoard__botB.bc24,jonters.bling3,1,B,g1basics,1,1541,CAPTURE,0,800,202,10,14,250,15,3,12,221,101,4,290,200,896,437,43.1,15,8,7,0,17.3,31,4,1,6,3,4.72,1,13.12,30.9,33,0,1,1,1.000,20,3,1,,21.8,0,0,1,0,397,18,14,14,2
gauntlet/20261003-015453-scrim-g1basics/replays/justinottesen.sprint1__DefaultSmall__botB.bc24,justinottesen.sprint1,0,A,sprint1,0,575,CAPTURE,4100,4100,201,1,0,230,3,0,3,11,2,10,49,42,45,392,34.1,3,2,1,0,20.7,45,6,7,0,0,2.21,3,4.27,9.1,142,1,5,3,0.600,98,99,1,,6.9,0,0,,0,0,0,7,0,0
gauntlet/20261003-015453-scrim-g1basics/replays/justinottesen.sprint1__DefaultSmall__botB.bc24,justinottesen.sprint1,1,B,g1basics,1,575,CAPTURE,4100,4100,201,6,12,316,13,3,10,307,149,3,178,93,392,45,48.0,13,7,6,0,20.8,47,1,2,0,0,4.18,0,8.94,19.1,0,0,,,,7,0,1,,21.1,0,0,1,0,119,4,12,13,0
gauntlet/20261003-015453-scrim-g1basics/replays/jonters.bling3__Whirlpool__botB.bc24,jonters.bling3,0,A,bling3,0,939,CAPTURE,2800,7200,201,23,30,259,11,0,11,86,34,6,69,65,149,344,40.8,11,6,5,0,16.4,36,3,6,0,0,0.75,3,10.34,2.9,170,3,5,3,0.600,50,35,1,1,22.7,0,0,,0,0,0,1,0,0
gauntlet/20261003-015453-scrim-g1basics/replays/jonters.bling3__Whirlpool__botB.bc24,jonters.bling3,1,B,g1basics,1,939,CAPTURE,2800,2800,201,20,23,561,9,3,6,244,118,11,150,89,344,149,46.2,9,6,3,0,15.7,46,5,6,0,0,5.37,0,5.16,22.5,3,0,,,,23,0,1,,22.8,0,0,21,0,368,10,13,9,0
gauntlet/20261003-015453-scrim-g1basics/replays/jonters.bling3__Snake__botB.bc24,jonters.bling3,0,A,bling3,0,1345,CAPTURE,13100,20200,203,43,29,262,5,0,5,91,32,22,151,138,211,705,36.9,5,2,3,0,31.0,30,8,17,0,0,1.04,3,11.73,12.0,492,2,9,3,0.333,176,151,0,0,24.0,0,0,1,0,0,0,4,0,0
gauntlet/20261003-015453-scrim-g1basics/replays/jonters.bling3__Snake__botB.bc24,jonters.bling3,1,B,g1basics,1,1345,CAPTURE,13100,36600,204,32,36,217,25,3,22,795,386,5,654,506,705,211,46.2,25,17,8,0,29.2,47,3,2,0,1,1.62,0,6.38,17.9,44,0,1,0,0.000,43,4,1,,22.8,0,0,210,0,389,24,36,25,0
gauntlet/20261003-015453-scrim-g1basics/replays/justinottesen.sprint1__Digging__botA.bc24,justinottesen.sprint1,1,A,g1basics,1,644,CAPTURE,700,1500,206,12,16,333,13,3,10,302,147,0,160,87,500,28,48.9,13,6,7,0,16.4,42,0,0,0,0,0.00,0,13.42,22.2,,,,,,0,0,1,,22.8,0,0,207,0,59,7,12,13,0
gauntlet/20261003-015453-scrim-g1basics/replays/justinottesen.sprint1__Digging__botA.bc24,justinottesen.sprint1,0,B,sprint1,0,644,CAPTURE,700,2600,211,1,0,245,0,0,0,0,0,10,33,32,28,500,31.8,0,0,0,0,,40,7,6,0,0,1.95,3,0.00,6.1,179,2,4,2,0.500,124,143,0,,6.6,0,0,,0,0,0,4,0,0
gauntlet/20261003-015453-scrim-g1basics/replays/jonters.bling3__ORV__botA.bc24,jonters.bling3,1,A,g1basics,1,1597,CAPTURE,3200,4400,207,23,21,223,33,3,30,821,399,3,460,390,1081,256,46.1,33,19,14,0,20.0,46,0,3,7,1,7.28,0,7.20,18.4,2,0,1,0,0.000,42,2,1,,22.8,0,0,203,0,436,18,15,32,1
gauntlet/20261003-015453-scrim-g1basics/replays/jonters.bling3__ORV__botA.bc24,jonters.bling3,0,B,bling3,0,1597,CAPTURE,3200,6800,203,22,24,234,3,0,3,43,18,30,108,106,256,1081,32.8,3,3,0,0,17.7,33,14,19,0,0,1.56,3,7.88,9.3,454,1,12,3,0.250,236,226,0,0,22.7,0,0,,0,0,0,13,0,0
gauntlet/20261003-015453-scrim-g1basics/replays/justinottesen.sprint1__SteamboatMickey__botA.bc24,justinottesen.sprint1,1,A,g1basics,1,591,CAPTURE,7300,16400,201,22,22,201,14,3,11,292,140,0,277,205,231,85,46.4,14,11,3,0,40.5,48,0,0,0,0,0.00,0,4.64,15.3,,,,,,18,2,1,,19.7,0,0,1,0,119,10,18,14,0
gauntlet/20261003-015453-scrim-g1basics/replays/justinottesen.sprint1__SteamboatMickey__botA.bc24,justinottesen.sprint1,0,B,sprint1,0,591,CAPTURE,7100,9900,201,12,8,259,0,0,0,0,0,11,72,70,85,231,40.7,0,0,0,0,,26,3,11,0,0,0.91,3,0.00,8.4,203,3,4,3,0.750,146,111,1,,6.1,0,0,,0,0,0,4,0,0
gauntlet/20261003-015453-scrim-g1basics/replays/justinottesen.sprint1__QueenOfHearts__botB.bc24,justinottesen.sprint1,0,A,sprint1,0,726,CAPTURE,3500,3500,201,7,9,212,4,1,3,138,68,16,30,27,33,384,37.2,4,4,0,0,26.0,36,4,15,0,0,0.77,3,7.91,5.2,376,1,8,3,0.375,196,136,1,,6.3,0,0,,0,0,0,4,0,0
gauntlet/20261003-015453-scrim-g1basics/replays/justinottesen.sprint1__QueenOfHearts__botB.bc24,justinottesen.sprint1,1,B,g1basics,1,726,CAPTURE,3500,3500,201,30,38,217,19,3,16,600,290,3,169,106,384,33,48.8,19,15,4,0,23.6,44,0,4,0,0,0.30,1,4.84,15.8,117,1,1,1,1.000,12,0,1,,20.7,0,0,1,0,320,24,29,19,1
gauntlet/20261003-015453-scrim-g1basics/replays/justinottesen.sprint1__Soccer__botB.bc24,justinottesen.sprint1,0,A,sprint1,0,653,CAPTURE,3000,3200,210,0,13,282,10,0,10,106,45,2,39,38,18,492,32.4,10,10,0,0,26.3,23,0,5,0,0,0.50,3,1.47,8.0,292,3,5,3,0.600,259,215,0,,6.6,0,0,,0,0,0,8,0,0
gauntlet/20261003-015453-scrim-g1basics/replays/justinottesen.sprint1__Soccer__botB.bc24,justinottesen.sprint1,1,B,g1basics,1,653,CAPTURE,3000,3000,203,28,35,240,5,3,2,388,193,10,231,168,492,18,49.3,5,5,0,0,15.5,32,0,10,0,0,0.83,0,7.63,15.9,43,0,1,0,0.000,2,0,1,,22.8,0,0,221,0,314,16,25,5,0
gauntlet/20261003-015453-scrim-g1basics/replays/justinottesen.sprint1__EndAround__botB.bc24,justinottesen.sprint1,0,A,sprint1,0,2000,MORE_FLAG_CAPTURES,1900,5500,205,8,12,322,0,0,0,0,0,18,95,94,60,2087,24.7,0,0,0,0,,44,3,18,0,0,0.30,2,0.00,16.7,2032,2,5,2,0.400,1113,1094,0,,6.3,0,0,,0,0,0,9,0,0
gauntlet/20261003-015453-scrim-g1basics/replays/justinottesen.sprint1__EndAround__botB.bc24,justinottesen.sprint1,1,B,g1basics,1,2000,MORE_FLAG_CAPTURES,2500,4300,203,12,7,303,21,2,18,2336,1220,0,859,779,2087,60,49.2,21,18,3,0,19.3,47,0,0,0,1,0.00,0,7.93,12.0,,,,,,21,0,1,,22.8,0,0,23,0,246,37,66,21,2
gauntlet/20261003-015453-scrim-g1basics/replays/kyleezz.jeeryfix3__Duck__botA.bc24,kyleezz.jeeryfix3,1,A,g1basics,1,1579,CAPTURE,2900,2900,201,18,9,302,12,3,9,504,247,19,342,278,827,394,43.9,12,11,1,0,43.6,46,12,10,1,2,1.42,2,3.27,16.7,196,1,3,2,0.667,145,5,1,,22.8,0,0,27,0,453,24,12,12,1
gauntlet/20261003-015453-scrim-g1basics/replays/kyleezz.jeeryfix3__Duck__botA.bc24,kyleezz.jeeryfix3,0,B,jeeryfix3,0,1579,CAPTURE,2900,2900,201,23,20,226,22,2,19,322,175,9,193,193,394,827,37.3,22,10,12,0,46.6,46,1,11,3,0,0.53,3,5.79,12.2,402,1,5,3,0.600,294,112,1,1,24.9,0,0,12,1,0,0,4,0,0
gauntlet/20261003-015453-scrim-g1basics/replays/kyleezz.jeeryfix3__TreeSearch__botA.bc24,kyleezz.jeeryfix3,1,A,g1basics,1,1418,CAPTURE,3200,4700,210,0,4,309,5,3,2,200,92,23,339,255,970,297,44.9,5,5,0,0,18.0,35,20,5,0,1,3.16,2,7.45,25.9,24,0,1,1,1.000,40,3,1,,22.8,0,0,19,0,608,23,14,5,0
gauntlet/20261003-015453-scrim-g1basics/replays/kyleezz.jeeryfix3__TreeSearch__botA.bc24,kyleezz.jeeryfix3,0,B,jeeryfix3,0,1418,CAPTURE,3200,5300,204,31,16,227,25,2,23,122,57,2,194,193,297,970,33.4,25,5,20,0,25.0,43,0,5,3,0,0.60,3,4.61,14.2,153,2,3,3,1.000,174,144,0,0,24.9,0,0,4,1,1,0,10,0,0
gauntlet/20261003-015453-scrim-g1basics/replays/quesswho.cretplayer2_3__Alien__botB.bc24,quesswho.cretplayer2_3,0,A,cretplayer2_3,0,1585,CAPTURE,3300,3300,202,24,13,209,20,2,15,855,94,8,207,205,348,1305,29.9,17,6,11,0,13.4,29,3,8,0,0,1.09,3,25.34,22.5,247,1,5,3,0.600,187,222,0,1,25.0,7,0,4,1,3,0,1068,0,1154
gauntlet/20261003-015453-scrim-g1basics/replays/quesswho.cretplayer2_3__Alien__botB.bc24,quesswho.cretplayer2_3,1,B,g1basics,1,1585,CAPTURE,3300,3300,202,10,20,232,11,3,8,382,186,15,359,285,1305,348,44.6,11,8,3,0,17.6,37,11,6,3,1,3.22,2,7.30,31.3,122,0,2,2,1.000,49,4,1,,22.8,0,0,7,0,676,20,33,10,1
gauntlet/20261003-015453-scrim-g1basics/replays/quesswho.cretplayer2_3__BreadPudding__botA.bc24,quesswho.cretplayer2_3,1,A,g1basics,1,1472,CAPTURE,2600,2700,218,5,9,309,26,3,23,611,286,7,413,349,1293,214,46.4,26,14,12,0,13.9,42,6,2,2,2,3.65,1,10.71,24.3,31,1,1,1,1.000,29,1,1,,22.8,0,0,5,0,395,11,11,25,0
gauntlet/20261003-015453-scrim-g1basics/replays/quesswho.cretplayer2_3__BreadPudding__botA.bc24,quesswho.cretplayer2_3,0,B,cretplayer2_3,0,1472,CAPTURE,2600,3100,202,6,17,214,11,1,7,696,47,23,143,138,214,1293,28.3,8,2,6,0,15.9,41,12,14,0,0,2.69,3,13.78,21.6,231,1,7,3,0.429,202,265,1,1,25.1,4,0,1206,1,0,0,975,0,919
gauntlet/20261003-015453-scrim-g1basics/replays/quesswho.cretplayer2_3__Swoop__botB.bc24,quesswho.cretplayer2_3,0,A,cretplayer2_3,0,517,CAPTURE,4300,4300,201,34,1,216,12,2,6,983,202,2,64,60,69,72,45.7,9,4,5,0,22.5,28,0,5,0,0,0.23,3,25.68,20.5,306,3,4,3,0.750,34,26,1,1,25.0,7,0,6,1,0,0,177,0,228
gauntlet/20261003-015453-scrim-g1basics/replays/quesswho.cretplayer2_3__Swoop__botB.bc24,quesswho.cretplayer2_3,1,B,g1basics,1,517,CAPTURE,4300,4300,201,12,42,241,5,3,2,360,171,6,69,46,72,69,46.9,5,5,0,0,31.5,47,5,4,0,0,1.26,2,6.45,16.5,262,1,4,2,0.500,24,11,1,,20.1,0,0,1,0,192,6,17,5,0
gauntlet/20261003-015453-scrim-g1basics/replays/quesswho.cretplayer2_3__MazeRunner__botA.bc24,quesswho.cretplayer2_3,1,A,g1basics,1,1865,CAPTURE,2600,5600,207,11,32,253,40,3,37,861,425,45,329,237,851,493,43.6,40,35,5,0,28.8,32,39,8,5,2,2.26,2,3.65,20.9,366,0,7,1,0.143,149,34,1,,22.8,0,0,204,0,538,11,13,40,3
gauntlet/20261003-015453-scrim-g1basics/replays/quesswho.cretplayer2_3__MazeRunner__botA.bc24,quesswho.cretplayer2_3,0,B,cretplayer2_3,0,1865,CAPTURE,2600,5000,207,18,27,297,50,2,45,1391,327,37,195,186,493,851,38.7,47,8,39,0,21.7,10,5,35,11,0,1.41,3,18.45,16.6,443,3,10,3,0.300,269,193,0,0,25.0,11,0,297,1,0,0,254,0,798
gauntlet/20261003-015453-scrim-g1basics/replays/quesswho.cretplayer2_3__Hurricane__botB.bc24,quesswho.cretplayer2_3,0,A,cretplayer2_3,0,2000,MORE_FLAG_CAPTURES,4500,4500,201,15,6,206,72,0,69,1392,505,5,232,213,195,899,38.8,69,22,47,0,15.3,30,2,5,25,0,0.35,2,17.74,18.1,328,2,6,2,0.333,233,82,0,1,25.0,5,0,8,1,2,0,1405,0,339
gauntlet/20261003-015453-scrim-g1basics/replays/quesswho.cretplayer2_3__Hurricane__botB.bc24,quesswho.cretplayer2_3,1,B,g1basics,1,2000,MORE_FLAG_CAPTURES,4500,4500,201,18,26,270,7,2,5,464,223,69,315,264,899,195,47.6,7,5,2,0,27.2,47,47,22,2,2,3.10,0,2.26,15.5,445,0,4,0,0.000,61,10,1,,20.9,0,0,1,0,1105,30,38,7,0
gauntlet/20261003-015453-scrim-g1basics/replays/quesswho.cretplayer2_3__WheresMyWater__botB.bc24,quesswho.cretplayer2_3,0,A,cretplayer2_3,0,1534,CAPTURE,3000,5400,201,16,1,201,11,2,6,699,107,14,164,160,235,1348,28.3,8,2,6,0,6.5,35,3,14,0,0,2.30,3,17.97,18.5,108,1,3,1,0.333,327,419,1,1,25.0,6,0,6,1,0,0,960,0,1271
gauntlet/20261003-015453-scrim-g1basics/replays/quesswho.cretplayer2_3__WheresMyWater__botB.bc24,quesswho.cretplayer2_3,1,B,g1basics,1,1534,CAPTURE,3000,3300,201,8,15,201,17,3,14,243,109,6,416,334,1348,235,46.3,17,14,3,0,19.0,46,6,2,3,1,6.02,2,6.91,23.0,23,1,1,0,0.000,54,7,1,,22.8,0,0,2,0,599,22,21,17,0
gauntlet/20261003-015453-scrim-g1basics/replays/winkelmantanner.waffle__Canals__botB.bc24,winkelmantanner.waffle,0,A,waffle,0,1499,CAPTURE,4600,5100,222,16,0,254,14,0,13,42,19,7,198,198,267,777,37.4,14,3,11,0,12.1,37,5,5,7,0,1.72,3,8.60,14.5,172,0,4,2,0.500,102,100,1,,12.9,0,0,,0,0,0,1067,0,0
gauntlet/20261003-015453-scrim-g1basics/replays/winkelmantanner.waffle__Canals__botB.bc24,winkelmantanner.waffle,1,B,g1basics,1,1499,CAPTURE,4600,5400,203,28,16,248,10,3,7,257,119,13,401,330,777,267,45.7,10,5,5,0,13.7,47,11,3,1,2,6.55,0,7.09,26.7,1,0,,,,26,1,1,,21.6,0,0,1,0,153,2,10,9,0
gauntlet/20261003-015453-scrim-g1basics/replays/winkelmantanner.waffle__Digging__botB.bc24,winkelmantanner.waffle,0,A,waffle,0,1348,CAPTURE,700,1600,206,29,18,226,9,1,8,33,14,11,141,141,234,1047,31.1,9,5,4,0,18.3,34,8,6,0,0,3.10,3,8.39,15.0,127,0,3,3,1.000,210,221,0,,12.6,0,0,,0,0,0,1038,0,0
gauntlet/20261003-015453-scrim-g1basics/replays/winkelmantanner.waffle__Digging__botB.bc24,winkelmantanner.waffle,1,B,g1basics,1,1348,CAPTURE,700,2800,217,9,4,244,14,3,11,260,117,8,341,250,1047,234,45.7,14,6,8,0,13.6,44,4,5,0,1,8.64,1,12.37,28.2,0,0,,,,8,0,1,,22.8,0,0,204,0,330,12,10,13,1
gauntlet/20261003-015453-scrim-g1basics/replays/winkelmantanner.waffle__MazeRunner__botB.bc24,winkelmantanner.waffle,0,A,waffle,0,1468,CAPTURE,2600,3500,226,7,24,271,41,0,41,107,39,7,166,161,288,756,37.5,41,14,27,0,24.6,2,1,9,0,0,0.87,3,4.46,6.4,233,2,4,3,0.750,266,92,0,,13.2,0,0,,0,45,14,505,0,0
gauntlet/20261003-015453-scrim-g1basics/replays/winkelmantanner.waffle__MazeRunner__botB.bc24,winkelmantanner.waffle,1,B,g1basics,1,1468,CAPTURE,2600,7100,207,25,21,267,10,3,7,347,167,41,313,231,756,288,45.2,10,9,1,0,24.1,27,27,14,1,1,7.90,0,4.37,22.5,1,0,,,,65,3,1,,22.8,0,0,204,0,455,4,12,10,0
