file,opp,us,team,name,won,rounds,wintype,gathered200,gathered400,firstEnemySide,inEnemy250,inEnemy300,firstFlagSight,pickups,captured,carrierDeaths,carrierRounds,carrierMoves,enemyCarrierKills,trapsBuilt,trapsHit,kills,deaths,meanAlive,postPickups,firstGrabs,regrabs,relayPickups,carrierDeathDist,damStage199,enemyRegrabs,enemyFirstGrabs
gauntlet/20261002-031317-scrim-b3own/losses/ColtG5.Goob_final__SteamboatMickey__botB.bc24,ColtG5.Goob_final,0,A,Goob_final,1,629,CAPTURE,7300,17200,201,18,32,201,5,3,2,232,114,0,214,171,144,148,44.5,5,4,1,0,23.5,45,0,0
gauntlet/20261002-031317-scrim-b3own/losses/ColtG5.Goob_final__SteamboatMickey__botB.bc24,ColtG5.Goob_final,1,B,b3own,0,629,CAPTURE,7300,9400,201,14,25,201,0,0,0,0,0,2,135,126,148,144,44.6,0,0,0,0,,43,1,4
gauntlet/20261002-031317-scrim-b3own/losses/CyrilSharma.finalBot__Bunkers__botA.bc24,CyrilSharma.finalBot,1,A,b3own,0,707,CAPTURE,2800,2800,201,2,1,241,0,0,0,0,0,7,58,51,159,200,43.2,0,0,0,0,,39,7,3
gauntlet/20261002-031317-scrim-b3own/losses/CyrilSharma.finalBot__Bunkers__botA.bc24,CyrilSharma.finalBot,0,B,finalBot,1,707,CAPTURE,2800,2800,201,32,28,225,10,3,7,135,51,0,219,190,200,159,44.6,10,3,7,0,17.4,38,0,0
gauntlet/20261002-031317-scrim-b3own/losses/CyrilSharma.finalBot__Decision__botB.bc24,CyrilSharma.finalBot,0,A,finalBot,1,799,CAPTURE,1200,1200,205,19,25,258,9,3,6,425,206,10,141,128,120,121,46.4,9,4,5,0,46.7,28,3,8
gauntlet/20261002-031317-scrim-b3own/losses/CyrilSharma.finalBot__Decision__botB.bc24,CyrilSharma.finalBot,1,B,b3own,0,799,CAPTURE,1900,2200,202,24,27,307,11,1,10,258,123,6,90,75,121,120,46.4,11,8,3,0,39.9,33,5,4
gauntlet/20261002-031317-scrim-b3own/losses/ColtG5.Goob_final__Joker__botB.bc24,ColtG5.Goob_final,0,A,Goob_final,1,2000,MORE_FLAG_CAPTURES,14500,22800,201,15,18,246,3,2,1,117,58,0,326,279,382,970,38.1,3,3,0,0,34.0,39,0,0
gauntlet/20261002-031317-scrim-b3own/losses/ColtG5.Goob_final__Joker__botB.bc24,ColtG5.Goob_final,1,B,b3own,0,2000,MORE_FLAG_CAPTURES,14500,19300,204,17,20,219,0,0,0,0,0,1,383,356,970,382,45.3,0,0,0,0,,43,0,3
gauntlet/20261002-031317-scrim-b3own/losses/ColtG5.Goob_final__Swoop__botB.bc24,ColtG5.Goob_final,0,A,Goob_final,1,1453,CAPTURE,4300,4300,201,26,13,222,23,3,20,201,90,1,216,208,348,851,35.7,23,9,14,0,22.7,45,0,2
gauntlet/20261002-031317-scrim-b3own/losses/ColtG5.Goob_final__Swoop__botB.bc24,ColtG5.Goob_final,1,B,b3own,0,1453,CAPTURE,4300,4300,201,31,18,217,2,1,1,58,29,20,225,200,851,348,44.2,2,2,0,0,31.0,47,14,9
gauntlet/20261002-031317-scrim-b3own/losses/ColtG5.Goob_final__Gated__botA.bc24,ColtG5.Goob_final,1,A,b3own,0,2000,MORE_FLAG_CAPTURES,1500,2100,266,0,0,435,0,0,0,0,0,13,205,194,1060,373,45.4,0,0,0,0,,36,2,13
gauntlet/20261002-031317-scrim-b3own/losses/ColtG5.Goob_final__Gated__botA.bc24,ColtG5.Goob_final,0,B,Goob_final,1,2000,MORE_FLAG_CAPTURES,1500,2700,203,35,25,250,15,2,13,194,88,0,216,184,373,1060,37.1,15,13,2,0,20.5,44,0,0
gauntlet/20261002-031317-scrim-b3own/losses/ColtG5.Goob_final__EvilGrin__botA.bc24,ColtG5.Goob_final,1,A,b3own,0,2000,MORE_FLAG_CAPTURES,2000,3600,208,6,11,259,0,0,0,0,0,7,216,211,1339,491,44.0,0,0,0,0,,46,4,5
gauntlet/20261002-031317-scrim-b3own/losses/ColtG5.Goob_final__EvilGrin__botA.bc24,ColtG5.Goob_final,0,B,Goob_final,1,2000,MORE_FLAG_CAPTURES,2000,6300,206,18,32,263,9,2,7,95,44,0,341,313,491,1339,33.7,9,5,4,0,21.0,47,0,0
gauntlet/20261002-031317-scrim-b3own/losses/CyrilSharma.finalBot__EvilGrin__botB.bc24,CyrilSharma.finalBot,0,A,finalBot,1,671,CAPTURE,2000,7000,205,24,23,230,12,3,9,431,208,1,265,252,205,95,46.6,12,9,3,0,23.4,42,0,1
gauntlet/20261002-031317-scrim-b3own/losses/CyrilSharma.finalBot__EvilGrin__botB.bc24,CyrilSharma.finalBot,1,B,b3own,0,671,CAPTURE,2000,2200,204,23,13,241,1,0,1,3,1,9,57,56,95,205,42.7,1,1,0,0,27.0,47,3,9
gauntlet/20261002-031317-scrim-b3own/losses/CyrilSharma.finalBot__OceanFloor__botA.bc24,CyrilSharma.finalBot,1,A,b3own,0,677,CAPTURE,1400,1400,201,18,12,248,9,1,6,183,87,8,65,56,89,93,46.7,9,7,2,0,28.8,45,5,6
gauntlet/20261002-031317-scrim-b3own/losses/CyrilSharma.finalBot__OceanFloor__botA.bc24,CyrilSharma.finalBot,0,B,finalBot,1,677,CAPTURE,1400,1400,201,29,35,210,11,3,8,623,302,6,121,115,93,89,46.9,11,6,5,0,26.0,45,2,7
gauntlet/20261002-031317-scrim-b3own/losses/Gymhgy.v10official__Asteroids__botA.bc24,Gymhgy.v10official,1,A,b3own,0,581,CAPTURE,800,2200,210,14,27,281,11,0,10,431,203,4,60,53,34,81,46.5,11,11,0,0,33.4,43,2,6
gauntlet/20261002-031317-scrim-b3own/losses/Gymhgy.v10official__Asteroids__botA.bc24,Gymhgy.v10official,0,B,v10official,1,581,CAPTURE,800,4000,211,31,40,274,48,3,4,756,77,10,89,77,81,34,48.6,45,6,2,37,24.3,39,0,11
gauntlet/20261002-031317-scrim-b3own/losses/Gymhgy.v10official__Backslash__botA.bc24,Gymhgy.v10official,1,A,b3own,0,600,CAPTURE,4000,13400,201,14,21,507,2,0,2,123,58,9,129,126,45,85,46.6,2,2,0,0,25.5,48,4,9
gauntlet/20261002-031317-scrim-b3own/losses/Gymhgy.v10official__Backslash__botA.bc24,Gymhgy.v10official,0,B,v10official,1,600,CAPTURE,4700,16400,201,34,44,248,61,3,9,757,163,2,158,120,85,45,48.2,58,9,4,45,18.3,47,0,2
gauntlet/20261002-031317-scrim-b3own/losses/Gymhgy.v10official__CH3353C4K3F4CT0RY__botA.bc24,Gymhgy.v10official,1,A,b3own,0,2000,MORE_FLAG_CAPTURES,11800,11800,256,0,6,334,10,0,10,141,69,38,317,302,683,450,44.6,10,9,1,0,18.6,39,9,37
gauntlet/20261002-031317-scrim-b3own/losses/Gymhgy.v10official__CH3353C4K3F4CT0RY__botA.bc24,Gymhgy.v10official,0,B,v10official,1,2000,MORE_FLAG_CAPTURES,13000,13800,202,25,26,240,79,2,38,740,148,10,491,458,450,683,41.7,76,37,9,30,24.4,45,1,9
gauntlet/20261002-031317-scrim-b3own/losses/CyrilSharma.finalBot__Whirlpool__botA.bc24,CyrilSharma.finalBot,1,A,b3own,0,2000,MORE_FLAG_CAPTURES,2800,2800,201,18,14,319,0,0,0,0,0,0,206,185,393,480,44.1,0,0,0,0,,46,0,1
gauntlet/20261002-031317-scrim-b3own/losses/CyrilSharma.finalBot__Whirlpool__botA.bc24,CyrilSharma.finalBot,0,B,finalBot,1,2000,MORE_FLAG_CAPTURES,2800,7200,201,21,17,221,1,1,0,47,24,0,471,444,480,393,45.2,1,1,0,0,,39,0,0
gauntlet/20261002-031317-scrim-b3own/losses/Gymhgy.v10official__Decision__botB.bc24,Gymhgy.v10official,0,A,v10official,1,720,CAPTURE,1900,1900,207,26,36,258,75,3,9,870,115,9,85,74,104,48,48.4,72,5,8,59,18.7,30,1,9
gauntlet/20261002-031317-scrim-b3own/losses/Gymhgy.v10official__Decision__botB.bc24,Gymhgy.v10official,1,B,b3own,0,720,CAPTURE,1900,1900,202,1,17,324,10,1,9,536,260,9,51,30,48,104,46.6,10,9,1,0,37.7,37,8,5
gauntlet/20261002-031317-scrim-b3own/losses/Gymhgy.v10official__DefaultLarge__botB.bc24,Gymhgy.v10official,0,A,v10official,1,2000,MORE_FLAG_CAPTURES,1800,5100,202,20,24,283,55,1,15,896,136,26,353,327,418,477,44.2,52,13,4,35,34.4,43,4,22
gauntlet/20261002-031317-scrim-b3own/losses/Gymhgy.v10official__DefaultLarge__botB.bc24,Gymhgy.v10official,1,B,b3own,0,2000,MORE_FLAG_CAPTURES,1800,4000,217,4,17,334,26,0,26,475,224,15,256,223,477,418,44.9,26,22,4,0,42.9,43,4,13
gauntlet/20261002-031317-scrim-b3own/losses/Gymhgy.v10official__Klein__botB.bc24,Gymhgy.v10official,0,A,v10official,1,2000,MORE_FLAG_CAPTURES,7600,8200,204,13,29,220,21,1,11,644,141,11,282,268,374,461,44.4,18,9,3,6,23.6,48,1,10
gauntlet/20261002-031317-scrim-b3own/losses/Gymhgy.v10official__Klein__botB.bc24,Gymhgy.v10official,1,B,b3own,0,2000,MORE_FLAG_CAPTURES,4600,5100,206,3,6,388,11,0,11,215,105,11,214,196,461,374,45.4,11,10,1,0,20.8,48,3,9
gauntlet/20261002-031317-scrim-b3own/losses/IvanGeffner.kuma__Occulus__botA.bc24,IvanGeffner.kuma,1,A,b3own,0,541,CAPTURE,1800,4200,201,6,14,264,2,1,1,65,22,7,77,72,78,137,43.9,2,1,1,0,20.0,41,4,7
gauntlet/20261002-031317-scrim-b3own/losses/IvanGeffner.kuma__Occulus__botA.bc24,IvanGeffner.kuma,0,B,kuma,1,541,CAPTURE,1800,7200,201,25,36,280,19,3,7,101,47,1,177,133,137,78,46.7,19,7,4,8,21.3,34,1,1
gauntlet/20261002-031317-scrim-b3own/losses/IvanGeffner.kuma__Backslash__botA.bc24,IvanGeffner.kuma,1,A,b3own,0,1726,CAPTURE,3900,15200,201,16,12,218,3,0,3,7,1,28,284,278,412,859,37.9,3,3,0,0,26.3,47,14,18
gauntlet/20261002-031317-scrim-b3own/losses/IvanGeffner.kuma__Backslash__botA.bc24,IvanGeffner.kuma,0,B,kuma,1,1726,CAPTURE,4700,15800,201,38,33,247,89,3,28,333,153,3,677,625,859,412,44.2,89,18,14,57,24.8,45,0,3
gauntlet/20261002-031317-scrim-b3own/losses/IvanGeffner.kuma__Swoop__botA.bc24,IvanGeffner.kuma,1,A,b3own,0,822,CAPTURE,4300,4300,201,11,9,293,1,1,0,46,22,9,83,81,141,166,45.1,1,1,0,0,,47,4,9
gauntlet/20261002-031317-scrim-b3own/losses/IvanGeffner.kuma__Swoop__botA.bc24,IvanGeffner.kuma,0,B,kuma,1,822,CAPTURE,4300,4300,201,26,35,227,33,3,9,203,94,0,197,177,166,141,45.9,33,9,4,20,22.4,47,0,1
gauntlet/20261002-031317-scrim-b3own/losses/NotLLeon.v3__Backslash__botA.bc24,NotLLeon.v3,1,A,b3own,0,1685,CAPTURE,4400,15400,201,31,25,218,6,1,5,117,57,28,268,224,538,661,40.5,6,6,0,0,26.8,47,9,22
gauntlet/20261002-031317-scrim-b3own/losses/NotLLeon.v3__Backslash__botA.bc24,NotLLeon.v3,0,B,v3,1,1685,CAPTURE,3500,11900,201,25,13,247,52,3,28,338,136,5,430,410,661,538,42.2,52,22,9,21,27.8,48,0,6
gauntlet/20261002-031317-scrim-b3own/losses/IvanGeffner.kuma__Racetrack__botA.bc24,IvanGeffner.kuma,1,A,b3own,0,642,CAPTURE,0,0,203,25,19,254,1,1,0,46,23,2,28,27,60,106,46.0,1,1,0,0,,26,2,3
gauntlet/20261002-031317-scrim-b3own/losses/IvanGeffner.kuma__Racetrack__botA.bc24,IvanGeffner.kuma,0,B,kuma,1,642,CAPTURE,0,0,228,8,31,292,18,3,2,178,86,0,25,20,106,60,47.8,18,3,2,13,34.0,19,0,1
gauntlet/20261002-031317-scrim-b3own/losses/NotLLeon.v3__Pancakes__botB.bc24,NotLLeon.v3,0,A,v3,1,527,CAPTURE,0,3800,210,19,16,243,19,3,9,213,92,6,93,90,70,89,46.0,19,6,6,7,17.0,47,2,5
gauntlet/20261002-031317-scrim-b3own/losses/NotLLeon.v3__Pancakes__botB.bc24,NotLLeon.v3,1,B,b3own,0,527,CAPTURE,0,5000,203,35,34,222,7,1,6,71,33,9,95,89,89,70,46.8,7,5,2,0,23.0,48,6,6
gauntlet/20261002-031317-scrim-b3own/losses/NotLLeon.v3__ORV__botA.bc24,NotLLeon.v3,1,A,b3own,0,502,CAPTURE,3200,4400,208,23,13,243,0,0,0,0,0,13,60,56,68,71,46.6,0,0,0,0,,45,9,7
gauntlet/20261002-031317-scrim-b3own/losses/NotLLeon.v3__ORV__botA.bc24,NotLLeon.v3,0,B,v3,1,502,CAPTURE,3200,6800,204,17,25,263,24,3,13,212,95,0,118,98,71,68,46.8,24,7,9,8,23.0,45,0,0
gauntlet/20261002-031317-scrim-b3own/losses/NotLLeon.v3__Backslash__botB.bc24,NotLLeon.v3,0,A,v3,1,1819,CAPTURE,1000,10700,201,19,3,230,71,3,56,389,170,3,445,425,701,657,41.2,71,34,25,12,26.8,46,1,2
gauntlet/20261002-031317-scrim-b3own/losses/NotLLeon.v3__Backslash__botB.bc24,NotLLeon.v3,1,B,b3own,0,1819,CAPTURE,3600,14700,201,18,33,263,3,0,3,12,1,56,282,273,657,701,40.6,3,2,1,0,20.0,47,25,34
gauntlet/20261002-031317-scrim-b3own/losses/NotLLeon.v3__Gated__botB.bc24,NotLLeon.v3,0,A,v3,1,1678,CAPTURE,1500,2400,212,22,20,258,53,3,31,595,252,9,240,223,404,475,43.1,53,15,20,18,19.2,36,1,8
gauntlet/20261002-031317-scrim-b3own/losses/NotLLeon.v3__Gated__botB.bc24,NotLLeon.v3,1,B,b3own,0,1678,CAPTURE,1500,2400,205,25,20,226,9,0,9,170,33,31,173,156,475,404,44.1,9,8,1,0,20.2,38,20,15
gauntlet/20261002-031317-scrim-b3own/losses/NotLLeon.v3__Waterworld__botB.bc24,NotLLeon.v3,0,A,v3,1,1046,CAPTURE,4900,9500,313,0,0,412,19,3,6,196,82,9,138,122,171,197,45.5,19,5,4,10,28.5,16,2,7
gauntlet/20261002-031317-scrim-b3own/losses/NotLLeon.v3__Waterworld__botB.bc24,NotLLeon.v3,1,B,b3own,0,1046,CAPTURE,5000,9400,219,7,12,326,9,0,9,107,41,6,103,95,197,171,46.0,9,7,2,0,25.8,27,4,5
gauntlet/20261002-031317-scrim-b3own/losses/SampleProvider.TSPAARKSPRINT1__Snake__botB.bc24,SampleProvider.TSPAARKSPRINT1,0,A,TSPAARKSPRINT1,1,772,CAPTURE,13100,33300,203,12,28,252,25,3,19,688,209,18,163,137,141,118,46.1,22,10,12,0,31.2,40,6,13
gauntlet/20261002-031317-scrim-b3own/losses/SampleProvider.TSPAARKSPRINT1__Snake__botB.bc24,SampleProvider.TSPAARKSPRINT1,1,B,b3own,0,772,CAPTURE,11900,26900,204,27,23,238,19,0,18,327,71,19,288,273,118,141,45.6,19,13,6,0,34.7,33,12,10
gauntlet/20261002-031317-scrim-b3own/losses/SampleProvider.TSPAARKSPRINT1__Foxes__botB.bc24,SampleProvider.TSPAARKSPRINT1,0,A,TSPAARKSPRINT1,1,1931,CAPTURE,7500,7500,211,7,34,324,53,3,47,1253,623,14,125,118,174,451,44.2,50,29,21,0,26.7,35,1,13
gauntlet/20261002-031317-scrim-b3own/losses/SampleProvider.TSPAARKSPRINT1__Foxes__botB.bc24,SampleProvider.TSPAARKSPRINT1,1,B,b3own,0,1931,CAPTURE,7500,7500,202,26,25,225,14,0,14,142,77,47,306,294,451,174,47.8,14,13,1,0,32.0,35,21,29
gauntlet/20261002-031317-scrim-b3own/losses/Strequals.duck0127v5__Canals__botA.bc24,Strequals.duck0127v5,1,A,b3own,0,746,CAPTURE,4600,4800,211,0,0,434,6,0,6,35,13,1,83,77,57,189,44.0,6,4,2,0,18.5,46,0,4
gauntlet/20261002-031317-scrim-b3own/losses/Strequals.duck0127v5__Canals__botA.bc24,Strequals.duck0127v5,0,B,duck0127v5,1,746,CAPTURE,4600,5900,203,0,1,407,4,3,1,205,101,6,259,208,189,57,48.2,4,4,0,0,33.0,43,2,4
gauntlet/20261002-031317-scrim-b3own/losses/SampleProvider.TSPAARKSPRINT1__Soccer__botB.bc24,SampleProvider.TSPAARKSPRINT1,0,A,TSPAARKSPRINT1,1,616,CAPTURE,3000,3200,202,2,39,271,19,3,13,694,225,8,53,39,52,87,46.4,16,10,6,0,22.2,37,2,8
gauntlet/20261002-031317-scrim-b3own/losses/SampleProvider.TSPAARKSPRINT1__Soccer__botB.bc24,SampleProvider.TSPAARKSPRINT1,1,B,b3own,0,616,CAPTURE,3000,3000,207,29,30,273,10,0,8,327,95,13,73,64,87,52,47.9,10,8,2,0,26.5,33,6,10
gauntlet/20261002-031317-scrim-b3own/losses/SampleProvider.TSPAARKSPRINT1__Waterworld__botA.bc24,SampleProvider.TSPAARKSPRINT1,1,A,b3own,0,1313,CAPTURE,4600,6500,210,32,27,295,10,0,9,569,279,58,144,139,362,148,47.2,10,9,1,0,24.2,40,35,26
gauntlet/20261002-031317-scrim-b3own/losses/SampleProvider.TSPAARKSPRINT1__Waterworld__botA.bc24,SampleProvider.TSPAARKSPRINT1,0,B,TSPAARKSPRINT1,1,1313,CAPTURE,13900,24100,203,14,31,222,64,3,58,1323,546,9,104,70,148,362,43.3,61,26,35,0,21.4,35,1,9
gauntlet/20261002-031317-scrim-b3own/losses/Strequals.duck0127v5__MIT__botB.bc24,Strequals.duck0127v5,0,A,duck0127v5,1,597,CAPTURE,7200,47200,202,20,26,288,8,3,5,285,136,1,186,132,81,42,48.3,8,6,2,0,30.6,49,0,2
gauntlet/20261002-031317-scrim-b3own/losses/Strequals.duck0127v5__MIT__botB.bc24,Strequals.duck0127v5,1,B,b3own,0,597,CAPTURE,7200,10000,228,11,13,254,2,1,1,111,53,5,127,113,42,81,46.8,2,2,0,0,15.0,47,2,6
gauntlet/20261002-031317-scrim-b3own/losses/Strequals.duck0127v5__Divergent__botB.bc24,Strequals.duck0127v5,0,A,duck0127v5,1,2000,LEVEL_SUM,3700,3700,210,0,8,322,20,1,19,182,87,22,366,327,551,251,46.9,20,18,2,0,27.5,28,3,20
gauntlet/20261002-031317-scrim-b3own/losses/Strequals.duck0127v5__Divergent__botB.bc24,Strequals.duck0127v5,1,B,b3own,0,2000,LEVEL_SUM,3700,3700,203,20,25,279,23,1,22,316,157,19,207,188,251,551,43.3,23,20,3,0,26.4,40,2,18
gauntlet/20261002-031317-scrim-b3own/losses/Strequals.duck0127v5__MazeRunner__botA.bc24,Strequals.duck0127v5,1,A,b3own,0,1653,CAPTURE,2600,5300,207,12,22,256,26,1,25,416,193,10,181,165,240,341,45.0,26,16,10,0,25.4,38,4,9
gauntlet/20261002-031317-scrim-b3own/losses/Strequals.duck0127v5__MazeRunner__botA.bc24,Strequals.duck0127v5,0,B,duck0127v5,1,1653,CAPTURE,2600,5300,209,10,13,369,13,3,10,345,166,25,326,291,341,240,46.5,13,9,4,0,23.9,13,10,16
gauntlet/20261002-031317-scrim-b3own/losses/Strequals.duck0127v5__Rainbow__botA.bc24,Strequals.duck0127v5,1,A,b3own,0,2000,MORE_FLAG_CAPTURES,6000,6000,201,18,25,325,14,1,13,272,120,9,242,222,321,565,43.1,14,13,1,0,32.1,46,3,8
gauntlet/20261002-031317-scrim-b3own/losses/Strequals.duck0127v5__Rainbow__botA.bc24,Strequals.duck0127v5,0,B,duck0127v5,1,2000,MORE_FLAG_CAPTURES,6000,6000,201,1,34,253,11,2,9,209,102,13,390,373,565,321,46.1,11,8,3,0,33.9,40,1,13
gauntlet/20261002-031317-scrim-b3own/losses/andli28.v9_USQuals_angle__Canals__botA.bc24,andli28.v9_USQuals_angle,1,A,b3own,0,630,CAPTURE,4600,4600,207,10,12,297,0,0,0,0,0,2,72,70,68,142,44.7,0,0,0,0,,47,2,3
gauntlet/20261002-031317-scrim-b3own/losses/andli28.v9_USQuals_angle__Canals__botA.bc24,andli28.v9_USQuals_angle,0,B,v9_USQuals_angle,1,630,CAPTURE,4600,6300,203,32,26,272,5,3,2,237,117,0,228,172,142,68,47.4,5,3,2,0,15.0,41,0,0
gauntlet/20261002-031317-scrim-b3own/losses/andli28.v9_USQuals_angle__HeMustBeFreed__botB.bc24,andli28.v9_USQuals_angle,0,A,v9_USQuals_angle,1,576,CAPTURE,2300,12000,203,26,30,335,5,3,2,378,187,2,109,82,63,38,48.4,5,3,2,0,52.5,37,0,3
gauntlet/20261002-031317-scrim-b3own/losses/andli28.v9_USQuals_angle__HeMustBeFreed__botB.bc24,andli28.v9_USQuals_angle,1,B,b3own,0,576,CAPTURE,5900,9200,201,22,17,218,3,1,2,126,62,2,77,64,38,63,47.4,3,3,0,0,54.5,40,2,3
gauntlet/20261002-031317-scrim-b3own/losses/andli28.v9_USQuals_angle__Joker__botB.bc24,andli28.v9_USQuals_angle,0,A,v9_USQuals_angle,1,2000,MORE_FLAG_CAPTURES,13100,19400,206,5,0,378,10,2,8,172,82,7,643,571,639,353,45.7,10,5,5,0,29.4,42,0,8
gauntlet/20261002-031317-scrim-b3own/losses/andli28.v9_USQuals_angle__Joker__botB.bc24,andli28.v9_USQuals_angle,1,B,b3own,0,2000,MORE_FLAG_CAPTURES,14500,22900,202,20,35,221,8,1,7,105,49,8,414,380,353,639,42.2,8,8,0,0,30.0,45,5,5
gauntlet/20261002-031317-scrim-b3own/losses/andli28.v9_USQuals_angle__EvilGrin__botB.bc24,andli28.v9_USQuals_angle,0,A,v9_USQuals_angle,1,708,CAPTURE,2000,6500,205,17,29,279,27,3,24,235,105,0,262,180,146,117,46.0,27,10,17,0,16.8,40,0,0
gauntlet/20261002-031317-scrim-b3own/losses/andli28.v9_USQuals_angle__EvilGrin__botB.bc24,andli28.v9_USQuals_angle,1,B,b3own,0,708,CAPTURE,1900,2800,206,9,0,353,0,0,0,0,0,24,76,69,117,146,45.1,0,0,0,0,,43,17,10
gauntlet/20261002-031317-scrim-b3own/losses/andli28.v9_USQuals_angle__Battlecode24__botB.bc24,andli28.v9_USQuals_angle,0,A,v9_USQuals_angle,1,2000,MORE_FLAG_CAPTURES,12400,26800,208,15,12,282,35,2,32,1486,786,4,287,232,368,320,46.1,35,15,20,0,19.1,29,1,4
gauntlet/20261002-031317-scrim-b3own/losses/andli28.v9_USQuals_angle__Battlecode24__botB.bc24,andli28.v9_USQuals_angle,1,B,b3own,0,2000,MORE_FLAG_CAPTURES,12400,13900,202,31,28,232,5,1,4,72,32,32,315,278,320,368,45.5,5,4,1,0,18.0,24,20,15
gauntlet/20261002-031317-scrim-b3own/losses/andli28.v9_USQuals_angle__Valentine__botA.bc24,andli28.v9_USQuals_angle,1,A,b3own,0,2000,MORE_FLAG_CAPTURES,1800,3200,212,9,15,290,3,0,3,85,38,22,208,187,383,454,44.5,3,3,0,0,35.3,48,7,16
gauntlet/20261002-031317-scrim-b3own/losses/andli28.v9_USQuals_angle__Valentine__botA.bc24,andli28.v9_USQuals_angle,0,B,v9_USQuals_angle,1,2000,MORE_FLAG_CAPTURES,1800,5200,213,21,35,258,23,1,22,174,66,3,499,449,454,383,45.4,23,16,7,0,40.5,45,0,3
gauntlet/20261002-031317-scrim-b3own/losses/andrewgopher.player22__Digging__botB.bc24,andrewgopher.player22,0,A,player22,1,2000,MORE_FLAG_CAPTURES,700,3000,205,31,33,226,14,1,10,55,24,0,501,475,1280,961,38.3,11,9,2,0,24.7,36,0,0
gauntlet/20261002-031317-scrim-b3own/losses/andrewgopher.player22__Digging__botB.bc24,andrewgopher.player22,1,B,b3own,0,2000,MORE_FLAG_CAPTURES,700,1400,401,0,0,505,0,0,0,0,0,10,207,207,961,1280,34.5,0,0,0,0,,38,2,9
gauntlet/20261002-031317-scrim-b3own/losses/andrewgopher.player22__ORV__botA.bc24,andrewgopher.player22,1,A,b3own,0,483,CAPTURE,3000,3300,204,9,0,0,0,0,0,0,0,6,53,48,122,116,44.2,0,0,0,0,,44,4,5
gauntlet/20261002-031317-scrim-b3own/losses/andrewgopher.player22__ORV__botA.bc24,andrewgopher.player22,0,B,player22,1,483,CAPTURE,3200,7700,206,25,20,239,13,3,6,173,80,0,105,88,116,122,43.9,10,5,4,1,17.3,41,0,0
gauntlet/20261002-031317-scrim-b3own/losses/andrewgopher.player22__StackGame__botB.bc24,andrewgopher.player22,0,A,player22,1,371,CAPTURE,4600,4600,208,22,26,224,6,3,0,102,48,2,84,65,67,61,46.0,3,3,0,0,,47,1,1
gauntlet/20261002-031317-scrim-b3own/losses/andrewgopher.player22__StackGame__botB.bc24,andrewgopher.player22,1,B,b3own,0,371,CAPTURE,4600,4600,270,0,11,327,2,0,2,2,0,0,55,52,61,67,46.1,2,1,1,0,23.5,40,0,3
gauntlet/20261002-031317-scrim-b3own/losses/chenyx512.flagbot_final__AceOfSpades__botB.bc24,chenyx512.flagbot_final,0,A,flagbot_final,1,605,CAPTURE,1800,18000,202,22,27,236,7,3,1,792,295,11,366,271,192,26,48.8,4,4,0,0,5.0,41,2,9
gauntlet/20261002-031317-scrim-b3own/losses/chenyx512.flagbot_final__AceOfSpades__botB.bc24,chenyx512.flagbot_final,1,B,b3own,0,605,CAPTURE,1500,3300,202,24,20,256,11,0,11,134,52,1,75,75,26,192,42.3,11,9,2,0,22.2,36,0,4
gauntlet/20261002-031317-scrim-b3own/losses/andrewgopher.player22__Mountain__botA.bc24,andrewgopher.player22,1,A,b3own,0,2000,LEVEL_SUM,3800,5900,214,5,5,237,7,0,7,79,35,1,224,208,977,881,39.3,7,7,0,0,20.4,43,0,1
gauntlet/20261002-031317-scrim-b3own/losses/andrewgopher.player22__Mountain__botA.bc24,andrewgopher.player22,0,B,player22,1,2000,LEVEL_SUM,4100,5300,201,16,19,207,4,0,1,7,1,7,386,377,881,977,38.1,1,1,0,0,27.0,44,0,7
gauntlet/20261002-031317-scrim-b3own/losses/chenyx512.flagbot_final__Racetrack__botA.bc24,chenyx512.flagbot_final,1,A,b3own,0,731,CAPTURE,0,0,202,17,9,612,8,0,8,135,62,3,42,39,57,142,45.2,8,5,3,0,33.6,27,1,5
gauntlet/20261002-031317-scrim-b3own/losses/chenyx512.flagbot_final__Racetrack__botA.bc24,chenyx512.flagbot_final,0,B,flagbot_final,1,731,CAPTURE,0,0,207,15,24,317,9,3,3,813,251,8,15,13,142,57,48.0,6,5,1,0,28.3,16,3,5
gauntlet/20261002-031317-scrim-b3own/losses/chenyx512.flagbot_final__Divergent__botB.bc24,chenyx512.flagbot_final,0,A,flagbot_final,1,2000,MORE_FLAG_CAPTURES,3600,4200,203,14,31,255,11,2,6,835,360,0,604,536,939,191,47.6,8,7,1,0,25.3,42,0,0
gauntlet/20261002-031317-scrim-b3own/losses/chenyx512.flagbot_final__Divergent__botB.bc24,chenyx512.flagbot_final,1,B,b3own,0,2000,MORE_FLAG_CAPTURES,3100,3100,203,0,0,0,0,0,0,0,0,6,199,182,191,939,38.5,0,0,0,0,,44,1,7
gauntlet/20261002-031317-scrim-b3own/losses/chenyx512.flagbot_final__Skyline__botB.bc24,chenyx512.flagbot_final,0,A,flagbot_final,1,1177,CAPTURE,21600,21700,204,9,16,295,19,3,13,759,322,10,586,507,768,92,48.0,16,8,8,0,20.1,47,2,9
gauntlet/20261002-031317-scrim-b3own/losses/chenyx512.flagbot_final__Skyline__botB.bc24,chenyx512.flagbot_final,1,B,b3own,0,1177,CAPTURE,21500,21500,201,28,26,209,11,1,10,337,159,13,267,264,92,768,34.1,11,9,2,0,17.6,45,8,8
gauntlet/20261002-031317-scrim-b3own/losses/chenyx512.flagbot_final__Swoop__botA.bc24,chenyx512.flagbot_final,1,A,b3own,0,1033,CAPTURE,4300,4300,201,25,25,233,13,1,12,311,147,14,118,114,92,390,40.9,13,12,1,0,25.8,47,5,12
gauntlet/20261002-031317-scrim-b3own/losses/chenyx512.flagbot_final__Swoop__botA.bc24,chenyx512.flagbot_final,0,B,flagbot_final,1,1033,CAPTURE,4300,4300,201,34,24,227,20,3,14,920,392,12,290,233,390,92,47.8,17,12,5,0,19.7,44,1,12
gauntlet/20261002-031317-scrim-b3own/losses/clbarrell.duck8__AceOfSpades__botB.bc24,clbarrell.duck8,0,A,duck8,1,770,CAPTURE,1800,19400,202,14,25,314,8,3,5,196,89,4,287,226,139,233,42.7,8,6,2,0,16.2,36,0,5
gauntlet/20261002-031317-scrim-b3own/losses/clbarrell.duck8__AceOfSpades__botB.bc24,clbarrell.duck8,1,B,b3own,0,770,CAPTURE,1600,2200,202,29,14,224,5,1,4,122,50,5,103,88,233,139,45.6,5,5,0,0,16.5,43,2,6
gauntlet/20261002-031317-scrim-b3own/losses/chenyx512.flagbot_final__Tunnels__botB.bc24,chenyx512.flagbot_final,0,A,flagbot_final,1,2000,MORE_FLAG_CAPTURES,2400,3600,203,0,1,937,14,2,8,777,197,0,436,355,621,406,45.0,11,4,7,0,11.3,36,0,0
gauntlet/20261002-031317-scrim-b3own/losses/chenyx512.flagbot_final__Tunnels__botB.bc24,chenyx512.flagbot_final,1,B,b3own,0,2000,MORE_FLAG_CAPTURES,2200,2800,220,0,0,0,0,0,0,0,0,8,204,201,406,621,42.6,0,0,0,0,,30,7,4
gauntlet/20261002-031317-scrim-b3own/losses/dmtrung14.defaultplayer_intlqualifier__BreadPudding__botA.bc24,dmtrung14.defaultplayer_intlqualifier,1,A,b3own,0,338,CAPTURE,2400,2500,203,2,12,276,1,0,0,17,6,0,13,13,83,8,49.5,1,1,0,0,,33,0,3
gauntlet/20261002-031317-scrim-b3own/losses/dmtrung14.defaultplayer_intlqualifier__BreadPudding__botA.bc24,dmtrung14.defaultplayer_intlqualifier,0,B,defaultplayer_intlqualifier,1,338,CAPTURE,2600,3200,202,13,26,221,30,3,0,354,75,0,30,21,8,83,43.9,27,3,0,24,,43,0,1
gauntlet/20261002-031317-scrim-b3own/losses/hsmalladi.finalbot__AceOfSpades__botA.bc24,hsmalladi.finalbot,1,A,b3own,0,667,CAPTURE,1800,5400,202,16,12,235,9,0,8,243,115,15,121,113,180,183,43.4,9,9,0,0,18.4,42,13,5
gauntlet/20261002-031317-scrim-b3own/losses/hsmalladi.finalbot__AceOfSpades__botA.bc24,hsmalladi.finalbot,0,B,finalbot,1,667,CAPTURE,1800,16200,205,26,37,238,34,3,15,954,223,8,244,217,183,180,43.6,31,5,13,13,8.9,41,0,9
gauntlet/20261002-031317-scrim-b3own/losses/clbarrell.duck8__GaltonBoard__botB.bc24,clbarrell.duck8,0,A,duck8,1,2000,MORE_FLAG_CAPTURES,0,36300,201,11,0,293,2,1,1,21,9,0,576,495,580,1073,37.0,2,1,1,0,12.0,40,0,0
gauntlet/20261002-031317-scrim-b3own/losses/clbarrell.duck8__GaltonBoard__botB.bc24,clbarrell.duck8,1,B,b3own,0,2000,MORE_FLAG_CAPTURES,0,1500,224,24,22,237,0,0,0,0,0,1,230,217,1073,580,43.0,0,0,0,0,,36,1,1
gauntlet/20261002-031317-scrim-b3own/losses/clbarrell.duck8__QuestionableChess__botB.bc24,clbarrell.duck8,0,A,duck8,1,2000,MORE_FLAG_CAPTURES,0,0,201,19,26,206,30,2,28,228,88,9,245,235,464,1076,36.9,30,13,17,0,21.3,30,0,10
gauntlet/20261002-031317-scrim-b3own/losses/clbarrell.duck8__QuestionableChess__botB.bc24,clbarrell.duck8,1,B,b3own,0,2000,MORE_FLAG_CAPTURES,0,0,202,10,10,514,10,1,9,573,262,28,286,238,1076,464,44.3,10,10,0,0,19.2,45,17,13
gauntlet/20261002-031317-scrim-b3own/losses/dmtrung14.defaultplayer_intlqualifier__Battlecode24__botA.bc24,dmtrung14.defaultplayer_intlqualifier,1,A,b3own,0,2000,MORE_FLAG_CAPTURES,9600,15900,203,18,17,220,1,0,1,0,0,9,294,156,280,23,49.7,1,1,0,0,28.0,26,3,7
gauntlet/20261002-031317-scrim-b3own/losses/dmtrung14.defaultplayer_intlqualifier__Battlecode24__botA.bc24,dmtrung14.defaultplayer_intlqualifier,0,B,defaultplayer_intlqualifier,1,2000,MORE_FLAG_CAPTURES,10500,19900,202,3,7,351,25,1,9,478,134,1,91,68,23,280,46.5,22,7,3,12,16.6,20,0,1
gauntlet/20261002-031317-scrim-b3own/losses/dmtrung14.defaultplayer_intlqualifier__KingQuacksCastle__botB.bc24,dmtrung14.defaultplayer_intlqualifier,0,A,defaultplayer_intlqualifier,1,2000,MORE_FLAG_CAPTURES,1600,3200,204,16,15,225,57,2,11,425,91,3,106,90,30,300,46.3,54,8,5,41,19.6,48,0,4
gauntlet/20261002-031317-scrim-b3own/losses/dmtrung14.defaultplayer_intlqualifier__KingQuacksCastle__botB.bc24,dmtrung14.defaultplayer_intlqualifier,1,B,b3own,0,2000,MORE_FLAG_CAPTURES,1600,3400,205,16,14,252,4,1,3,280,138,11,162,115,300,30,49.6,4,4,0,0,26.0,48,5,8
gauntlet/20261002-031317-scrim-b3own/losses/hsmalladi.finalbot__HeMustBeFreed__botB.bc24,hsmalladi.finalbot,0,A,finalbot,1,786,CAPTURE,5900,13800,201,31,28,317,15,3,0,983,200,2,134,128,101,65,48.0,12,3,0,9,,40,0,3
gauntlet/20261002-031317-scrim-b3own/losses/hsmalladi.finalbot__HeMustBeFreed__botB.bc24,hsmalladi.finalbot,1,B,b3own,0,786,CAPTURE,5900,6300,201,14,12,268,3,1,2,240,116,0,84,62,65,101,46.9,3,3,0,0,44.0,31,0,3
gauntlet/20261002-031317-scrim-b3own/losses/hsmalladi.finalbot__ORV__botB.bc24,hsmalladi.finalbot,0,A,finalbot,1,740,CAPTURE,3200,6800,213,13,15,268,35,3,23,913,263,0,129,118,155,152,45.1,32,10,16,6,15.1,46,0,0
gauntlet/20261002-031317-scrim-b3own/losses/hsmalladi.finalbot__ORV__botB.bc24,hsmalladi.finalbot,1,B,b3own,0,740,CAPTURE,3200,4400,208,25,30,271,0,0,0,0,0,23,101,92,152,155,45.0,0,0,0,0,,45,16,10
gauntlet/20261002-031317-scrim-b3own/losses/hsmalladi.finalbot__WheresMyWater__botA.bc24,hsmalladi.finalbot,1,A,b3own,0,507,CAPTURE,3000,3300,201,0,9,201,3,0,3,77,27,4,45,42,94,119,44.5,3,3,0,0,10.7,44,4,3
gauntlet/20261002-031317-scrim-b3own/losses/hsmalladi.finalbot__WheresMyWater__botA.bc24,hsmalladi.finalbot,0,B,finalbot,1,507,CAPTURE,3000,6000,201,28,38,201,22,3,4,751,180,3,93,87,119,94,45.8,19,3,4,12,15.0,45,0,3
gauntlet/20261002-031317-scrim-b3own/losses/jmerle.camel_case_v21_final__Canals__botA.bc24,jmerle.camel_case_v21_final,1,A,b3own,0,838,CAPTURE,4600,4800,224,0,0,353,1,0,1,14,6,3,100,98,315,283,41.8,1,1,0,0,28.0,47,0,6
gauntlet/20261002-031317-scrim-b3own/losses/jmerle.camel_case_v21_final__Canals__botA.bc24,jmerle.camel_case_v21_final,0,B,camel_case_v21_final,1,838,CAPTURE,4600,5900,202,45,34,240,6,3,3,308,151,1,200,198,283,315,41.0,6,6,0,0,28.0,48,0,1
gauntlet/20261002-031317-scrim-b3own/losses/hsmalladi.finalbot__Fountain__botB.bc24,hsmalladi.finalbot,0,A,finalbot,1,2000,MORE_FLAG_CAPTURES,1500,2300,221,8,19,321,38,2,17,856,270,1,250,241,515,851,39.6,35,8,12,15,16.2,43,0,2
gauntlet/20261002-031317-scrim-b3own/losses/hsmalladi.finalbot__Fountain__botB.bc24,hsmalladi.finalbot,1,B,b3own,0,2000,MORE_FLAG_CAPTURES,1700,3100,207,18,18,246,2,1,1,109,54,17,196,189,851,515,43.8,2,2,0,0,17.0,39,12,8
gauntlet/20261002-031317-scrim-b3own/losses/jmerle.camel_case_v21_final__Battlecode24__botA.bc24,jmerle.camel_case_v21_final,1,A,b3own,0,599,CAPTURE,9600,9600,339,0,0,0,0,0,0,0,0,2,102,96,121,179,42.7,0,0,0,0,,22,1,4
gauntlet/20261002-031317-scrim-b3own/losses/jmerle.camel_case_v21_final__Battlecode24__botA.bc24,jmerle.camel_case_v21_final,0,B,camel_case_v21_final,1,599,CAPTURE,9600,32600,202,41,35,238,5,3,2,256,126,0,360,330,179,121,45.2,5,4,1,0,33.5,36,0,0
gauntlet/20261002-031317-scrim-b3own/losses/jmerle.camel_case_v21_final__Fountain__botA.bc24,jmerle.camel_case_v21_final,1,A,b3own,0,422,CAPTURE,1700,2300,291,0,2,322,1,0,1,1,0,3,33,31,102,70,46.0,1,1,0,0,17.0,40,3,3
gauntlet/20261002-031317-scrim-b3own/losses/jmerle.camel_case_v21_final__Fountain__botA.bc24,jmerle.camel_case_v21_final,0,B,camel_case_v21_final,1,422,CAPTURE,1300,2700,211,23,23,237,6,3,3,156,76,1,37,37,70,102,44.2,6,3,3,0,13.0,43,0,1
gauntlet/20261002-031317-scrim-b3own/losses/jmerle.camel_case_v21_final__StackGame__botA.bc24,jmerle.camel_case_v21_final,1,A,b3own,0,324,CAPTURE,4600,4600,0,0,0,0,0,0,0,0,0,2,38,37,50,59,45.7,0,0,0,0,,39,2,3
gauntlet/20261002-031317-scrim-b3own/losses/jmerle.camel_case_v21_final__StackGame__botA.bc24,jmerle.camel_case_v21_final,0,B,camel_case_v21_final,1,324,CAPTURE,4600,4600,201,34,30,218,5,3,2,108,50,0,84,66,59,50,46.6,5,3,2,0,17.5,47,0,0
gauntlet/20261002-031317-scrim-b3own/losses/jmerle.camel_case_v21_final__YearOfTheDragon__botA.bc24,jmerle.camel_case_v21_final,1,A,b3own,0,419,CAPTURE,10700,10700,201,11,9,304,1,0,1,6,2,0,123,108,73,83,45.2,1,1,0,0,17.0,41,0,3
gauntlet/20261002-031317-scrim-b3own/losses/jmerle.camel_case_v21_final__YearOfTheDragon__botA.bc24,jmerle.camel_case_v21_final,0,B,camel_case_v21_final,1,419,CAPTURE,10800,10800,201,16,21,217,3,3,0,156,79,1,147,135,83,73,45.8,3,3,0,0,,42,0,1
gauntlet/20261002-031317-scrim-b3own/losses/jmerle.camel_case_v21_final__Swoop__botA.bc24,jmerle.camel_case_v21_final,1,A,b3own,0,636,CAPTURE,4300,4300,201,11,0,224,4,0,4,51,22,4,66,61,183,197,42.5,4,3,1,0,23.0,47,1,6
gauntlet/20261002-031317-scrim-b3own/losses/jmerle.camel_case_v21_final__Swoop__botA.bc24,jmerle.camel_case_v21_final,0,B,camel_case_v21_final,1,636,CAPTURE,4300,4300,201,33,30,237,7,3,4,210,103,4,141,136,197,183,43.2,7,6,1,0,31.3,49,1,3
gauntlet/20261002-031317-scrim-b3own/losses/kyleezz.jeeryfix3__Backslash__botB.bc24,kyleezz.jeeryfix3,0,A,jeeryfix3,1,2000,MORE_FLAG_CAPTURES,4700,17800,201,12,12,223,13,2,11,207,108,2,366,361,589,1363,33.4,13,9,4,0,29.5,50,1,2
gauntlet/20261002-031317-scrim-b3own/losses/kyleezz.jeeryfix3__Backslash__botB.bc24,kyleezz.jeeryfix3,1,B,b3own,0,2000,MORE_FLAG_CAPTURES,4300,13000,201,25,15,322,3,1,2,121,91,11,337,301,1363,589,42.8,3,2,1,0,20.5,47,4,9
gauntlet/20261002-031317-scrim-b3own/losses/kyleezz.jeeryfix3__BedWars__botA.bc24,kyleezz.jeeryfix3,1,A,b3own,0,2000,MORE_FLAG_CAPTURES,2400,2500,0,0,0,0,0,0,0,0,0,0,90,10,10,6,49.9,0,0,0,0,,50,0,1
gauntlet/20261002-031317-scrim-b3own/losses/kyleezz.jeeryfix3__BedWars__botA.bc24,kyleezz.jeeryfix3,0,B,jeeryfix3,1,2000,MORE_FLAG_CAPTURES,2400,3100,214,12,1,226,1,1,0,36,17,0,21,7,6,10,49.9,1,1,0,0,,50,0,0
gauntlet/20261002-031317-scrim-b3own/losses/quesswho.cretplayer2_3__AceOfSpades__botA.bc24,quesswho.cretplayer2_3,1,A,b3own,0,400,CAPTURE,1800,3900,202,21,11,211,2,0,2,12,5,3,73,58,55,76,45.4,2,2,0,0,19.5,44,3,3
gauntlet/20261002-031317-scrim-b3own/losses/quesswho.cretplayer2_3__AceOfSpades__botA.bc24,quesswho.cretplayer2_3,0,B,cretplayer2_3,1,400,CAPTURE,1800,17700,205,27,27,238,9,3,3,944,183,2,205,196,76,55,45.6,6,3,3,0,13.3,41,0,2
gauntlet/20261002-031317-scrim-b3own/losses/kyleezz.jeeryfix3__Intercontinental__botB.bc24,kyleezz.jeeryfix3,0,A,jeeryfix3,1,1737,CAPTURE,2400,5100,201,18,8,209,7,3,4,118,67,2,171,170,404,1272,32.2,7,5,2,0,23.0,42,0,4
gauntlet/20261002-031317-scrim-b3own/losses/kyleezz.jeeryfix3__Intercontinental__botB.bc24,kyleezz.jeeryfix3,1,B,b3own,0,1737,CAPTURE,2400,3600,201,11,19,341,4,2,2,143,68,4,222,201,1272,404,44.3,4,4,0,0,17.5,46,2,5
gauntlet/20261002-031317-scrim-b3own/losses/quesswho.cretplayer2_3__ORV__botA.bc24,quesswho.cretplayer2_3,1,A,b3own,0,1036,CAPTURE,3100,4600,204,13,25,299,27,1,26,332,151,21,145,128,501,269,43.8,27,22,5,0,27.3,44,14,10
gauntlet/20261002-031317-scrim-b3own/losses/quesswho.cretplayer2_3__ORV__botA.bc24,quesswho.cretplayer2_3,0,B,cretplayer2_3,1,1036,CAPTURE,3200,6500,209,25,40,243,27,3,21,994,202,26,133,131,269,501,37.8,24,10,14,0,17.1,30,5,22
gauntlet/20261002-031317-scrim-b3own/losses/kyleezz.jeeryfix3__Klein__botB.bc24,kyleezz.jeeryfix3,0,A,jeeryfix3,1,2000,MORE_FLAG_CAPTURES,6300,10000,203,16,16,212,31,2,29,226,129,3,246,241,403,1126,36.3,31,13,18,0,18.1,50,1,2
gauntlet/20261002-031317-scrim-b3own/losses/kyleezz.jeeryfix3__Klein__botB.bc24,kyleezz.jeeryfix3,1,B,b3own,0,2000,MORE_FLAG_CAPTURES,4200,4500,204,14,13,253,3,0,3,26,12,29,314,280,1126,403,45.1,3,2,1,0,10.0,45,18,13
gauntlet/20261002-031317-scrim-b3own/losses/quesswho.cretplayer2_3__Waterworld__botB.bc24,quesswho.cretplayer2_3,0,A,cretplayer2_3,1,1137,CAPTURE,13900,15300,209,32,41,252,44,3,38,1158,233,25,108,99,338,450,39.9,41,16,25,0,22.5,5,2,23
gauntlet/20261002-031317-scrim-b3own/losses/quesswho.cretplayer2_3__Waterworld__botB.bc24,quesswho.cretplayer2_3,1,B,b3own,0,1137,CAPTURE,4400,7400,203,25,23,260,25,0,25,227,101,38,119,94,450,338,42.7,25,23,2,0,28.3,23,25,16
gauntlet/20261002-031317-scrim-b3own/losses/winkelmantanner.waffle__Puzzle__botA.bc24,winkelmantanner.waffle,1,A,b3own,0,518,CAPTURE,0,10200,207,19,11,278,1,0,1,10,4,19,117,115,128,57,47.5,1,1,0,0,24.0,40,12,10
gauntlet/20261002-031317-scrim-b3own/losses/winkelmantanner.waffle__Puzzle__botA.bc24,winkelmantanner.waffle,0,B,waffle,1,518,CAPTURE,0,9800,203,18,19,245,22,3,19,291,141,1,149,139,57,128,43.9,22,10,12,0,24.8,33,0,1
gauntlet/20261002-031317-scrim-b3own/losses/winkelmantanner.waffle__Tunnels__botB.bc24,winkelmantanner.waffle,0,A,waffle,1,415,CAPTURE,2400,3300,206,17,25,230,13,3,10,205,89,0,71,58,75,56,46.6,13,3,10,0,14.2,22,0,0
gauntlet/20261002-031317-scrim-b3own/losses/winkelmantanner.waffle__Tunnels__botB.bc24,winkelmantanner.waffle,1,B,b3own,0,415,CAPTURE,2400,3300,220,0,2,265,0,0,0,0,0,10,35,28,56,75,45.7,0,0,0,0,,25,10,3
gauntlet/20261002-031317-scrim-b3own/losses/winkelmantanner.waffle__Mountain__botB.bc24,winkelmantanner.waffle,0,A,waffle,1,2000,MORE_FLAG_CAPTURES,4100,5300,204,15,10,206,17,2,15,289,133,0,261,251,470,1032,37.4,17,7,10,0,19.3,33,0,0
gauntlet/20261002-031317-scrim-b3own/losses/winkelmantanner.waffle__Mountain__botB.bc24,winkelmantanner.waffle,1,B,b3own,0,2000,MORE_FLAG_CAPTURES,4100,5600,205,2,5,212,0,0,0,0,0,15,248,237,1032,470,44.3,0,0,0,0,,43,10,7
gauntlet/20261002-031317-scrim-b3own/losses/winkelmantanner.waffle__Funnel__botB.bc24,winkelmantanner.waffle,0,A,waffle,1,1693,CAPTURE,2200,2500,202,34,26,257,44,3,41,519,233,4,218,191,249,573,41.7,44,17,27,0,50.2,37,1,4
gauntlet/20261002-031317-scrim-b3own/losses/winkelmantanner.waffle__Funnel__botB.bc24,winkelmantanner.waffle,1,B,b3own,0,1693,CAPTURE,1900,5100,201,11,7,307,5,1,4,257,122,41,326,292,573,249,46.4,5,4,1,0,43.3,38,27,17
gauntlet/20261002-031317-scrim-b3own/replays/CyrilSharma.finalBot__Racetrack__botB.bc24,CyrilSharma.finalBot,0,A,finalBot,0,2000,LEVEL_SUM,0,0,207,16,10,292,16,2,14,196,85,11,365,354,540,722,41.2,16,6,10,0,31.1,26,8,5
gauntlet/20261002-031317-scrim-b3own/replays/CyrilSharma.finalBot__Racetrack__botB.bc24,CyrilSharma.finalBot,1,B,b3own,1,2000,LEVEL_SUM,0,0,206,1,7,335,13,2,11,287,130,14,191,181,722,540,43.5,13,5,8,0,27.6,24,10,6
gauntlet/20261002-031317-scrim-b3own/replays/ColtG5.Goob_final__Ambush__botA.bc24,ColtG5.Goob_final,1,A,b3own,1,1796,CAPTURE,2300,2900,201,6,6,201,5,3,2,90,39,7,307,296,1298,419,44.3,5,4,1,0,8.0,48,3,6
gauntlet/20261002-031317-scrim-b3own/replays/ColtG5.Goob_final__Ambush__botA.bc24,ColtG5.Goob_final,0,B,Goob_final,0,1796,CAPTURE,2300,5900,201,22,16,201,9,2,7,87,40,2,258,252,419,1298,32.4,9,6,3,0,8.6,47,1,4
gauntlet/20261002-031317-scrim-b3own/replays/SampleProvider.TSPAARKSPRINT1__WheresMyWater__botA.bc24,SampleProvider.TSPAARKSPRINT1,1,A,b3own,1,649,CAPTURE,3000,3000,201,22,18,201,7,3,4,198,96,18,37,35,108,49,48.2,7,7,0,0,15.5,45,10,11
gauntlet/20261002-031317-scrim-b3own/replays/SampleProvider.TSPAARKSPRINT1__WheresMyWater__botA.bc24,SampleProvider.TSPAARKSPRINT1,0,B,TSPAARKSPRINT1,0,649,CAPTURE,3000,7200,201,14,31,201,24,2,18,630,203,4,32,28,49,108,45.8,21,11,10,0,12.1,40,0,7
gauntlet/20261002-031317-scrim-b3own/replays/SampleProvider.TSPAARKSPRINT1__QuestionableChess__botB.bc24,SampleProvider.TSPAARKSPRINT1,0,A,TSPAARKSPRINT1,0,1386,CAPTURE,0,0,202,22,14,224,16,1,12,539,180,56,37,32,161,498,41.2,13,7,6,0,16.3,41,23,36
gauntlet/20261002-031317-scrim-b3own/replays/SampleProvider.TSPAARKSPRINT1__QuestionableChess__botB.bc24,SampleProvider.TSPAARKSPRINT1,1,B,b3own,1,1386,CAPTURE,0,0,203,26,28,253,59,3,56,944,431,12,199,140,498,161,47.2,59,36,23,0,20.4,44,6,7
gauntlet/20261002-031317-scrim-b3own/replays/andrewgopher.player22__Diagonal__botA.bc24,andrewgopher.player22,1,A,b3own,1,2000,LEVEL_SUM,5100,5100,201,8,9,299,26,0,26,274,128,0,241,193,237,271,46.7,26,23,3,0,27.5,31,0,0
gauntlet/20261002-031317-scrim-b3own/replays/andrewgopher.player22__Diagonal__botA.bc24,andrewgopher.player22,0,B,player22,0,2000,LEVEL_SUM,5100,5100,201,29,43,257,3,0,0,3,0,26,141,107,271,237,47.1,0,0,0,0,,33,3,23
gauntlet/20261002-031317-scrim-b3own/replays/IvanGeffner.kuma__EndAround__botA.bc24,IvanGeffner.kuma,1,A,b3own,1,2000,LEVEL_SUM,2500,6100,205,17,10,539,1,0,1,1,0,8,226,187,380,454,44.5,1,1,0,0,16.0,47,3,7
gauntlet/20261002-031317-scrim-b3own/replays/IvanGeffner.kuma__EndAround__botA.bc24,IvanGeffner.kuma,0,B,kuma,0,2000,LEVEL_SUM,2500,5500,202,0,9,353,15,0,8,38,17,1,480,453,454,380,45.3,15,7,3,5,23.6,47,0,1
gauntlet/20261002-031317-scrim-b3own/replays/awu7.ExplosiveBot__BedWars__botA.bc24,awu7.ExplosiveBot,1,A,b3own,1,857,CAPTURE,2400,2600,235,1,5,454,5,3,2,162,79,1,48,29,184,32,49.1,5,4,1,0,8.5,48,0,1
gauntlet/20261002-031317-scrim-b3own/replays/awu7.ExplosiveBot__BedWars__botA.bc24,awu7.ExplosiveBot,0,B,ExplosiveBot,0,857,CAPTURE,2400,2600,233,1,0,573,1,0,1,7,3,2,26,22,32,184,44.9,1,1,0,0,12.0,43,1,4
gauntlet/20261002-031317-scrim-b3own/replays/andrewgopher.player22__TwistedTreeline__botB.bc24,andrewgopher.player22,0,A,player22,0,2000,LEVEL_SUM,2400,2400,205,30,11,230,39,2,27,427,202,2,259,249,555,982,38.0,36,22,7,7,32.3,34,0,4
gauntlet/20261002-031317-scrim-b3own/replays/andrewgopher.player22__TwistedTreeline__botB.bc24,andrewgopher.player22,1,B,b3own,1,2000,LEVEL_SUM,2400,2400,202,11,10,542,4,2,2,217,106,27,268,256,982,555,43.3,4,4,0,0,10.5,45,7,22
gauntlet/20261002-031317-scrim-b3own/replays/awu7.ExplosiveBot__BedWars__botB.bc24,awu7.ExplosiveBot,0,A,ExplosiveBot,0,903,CAPTURE,2400,3400,250,1,1,320,7,1,3,33,10,3,22,16,51,227,44.0,7,4,0,3,13.3,44,0,6
gauntlet/20261002-031317-scrim-b3own/replays/awu7.ExplosiveBot__BedWars__botB.bc24,awu7.ExplosiveBot,1,B,b3own,1,903,CAPTURE,2400,2700,249,1,2,385,6,3,3,296,145,3,62,34,227,51,48.6,6,6,0,0,16.7,49,0,4
gauntlet/20261002-031317-scrim-b3own/replays/awu7.ExplosiveBot__OceanFloor__botA.bc24,awu7.ExplosiveBot,1,A,b3own,1,1186,CAPTURE,1400,1400,201,27,40,223,26,3,23,834,401,5,373,294,895,118,47.6,26,20,6,0,35.6,47,0,5
gauntlet/20261002-031317-scrim-b3own/replays/awu7.ExplosiveBot__OceanFloor__botA.bc24,awu7.ExplosiveBot,0,B,ExplosiveBot,0,1186,CAPTURE,1400,1400,201,20,2,216,12,0,5,82,34,23,69,54,118,895,31.7,12,5,0,7,26.2,41,6,20
gauntlet/20261002-031317-scrim-b3own/replays/awu7.ExplosiveBot__DefaultLarge__botB.bc24,awu7.ExplosiveBot,0,A,ExplosiveBot,0,1415,CAPTURE,1800,4900,203,12,8,246,5,0,2,16,5,23,106,93,133,1102,31.0,5,1,1,3,38.0,34,6,20
gauntlet/20261002-031317-scrim-b3own/replays/awu7.ExplosiveBot__DefaultLarge__botB.bc24,awu7.ExplosiveBot,1,B,b3own,1,1415,CAPTURE,1800,4200,203,34,33,257,26,3,23,989,462,2,483,378,1102,133,47.7,26,20,6,0,41.4,41,1,1
gauntlet/20261002-031317-scrim-b3own/replays/awu7.ExplosiveBot__Diagonal__botA.bc24,awu7.ExplosiveBot,1,A,b3own,1,2000,LEVEL_SUM,5100,5100,201,26,29,251,18,0,18,139,56,2,292,216,375,130,48.4,18,18,0,0,30.4,29,1,1
gauntlet/20261002-031317-scrim-b3own/replays/awu7.ExplosiveBot__Diagonal__botA.bc24,awu7.ExplosiveBot,0,B,ExplosiveBot,0,2000,LEVEL_SUM,5100,5100,201,8,4,222,3,0,2,15,4,18,93,84,130,375,45.5,3,1,1,1,28.5,18,0,18
gauntlet/20261002-031317-scrim-b3own/replays/awu7.ExplosiveBot__Randy__botB.bc24,awu7.ExplosiveBot,0,A,ExplosiveBot,0,1758,CAPTURE,3400,11600,201,14,26,209,43,1,32,125,49,12,147,140,262,1141,34.3,43,21,12,10,14.3,26,2,13
gauntlet/20261002-031317-scrim-b3own/replays/awu7.ExplosiveBot__Randy__botB.bc24,awu7.ExplosiveBot,1,B,b3own,1,1758,CAPTURE,3400,5200,201,17,19,206,15,3,12,261,123,32,336,318,1141,262,46.4,15,13,2,0,13.3,34,12,21
gauntlet/20261002-031317-scrim-b3own/replays/clbarrell.duck8__Pancakes__botB.bc24,clbarrell.duck8,0,A,duck8,0,547,CAPTURE,0,5500,205,4,7,301,15,0,15,91,33,3,107,99,47,169,42.8,15,3,12,0,19.1,49,1,5
gauntlet/20261002-031317-scrim-b3own/replays/clbarrell.duck8__Pancakes__botB.bc24,clbarrell.duck8,1,B,b3own,1,547,CAPTURE,0,3600,202,34,36,258,6,3,3,221,102,15,96,73,169,47,47.9,6,5,1,0,16.3,47,12,3
gauntlet/20261002-031317-scrim-b3own/replays/clbarrell.duck8__Foxes__botB.bc24,clbarrell.duck8,0,A,duck8,0,1225,CAPTURE,7500,7500,202,7,10,419,8,1,7,128,46,6,230,207,232,474,40.6,8,5,3,0,25.3,34,1,8
gauntlet/20261002-031317-scrim-b3own/replays/clbarrell.duck8__Foxes__botB.bc24,clbarrell.duck8,1,B,b3own,1,1225,CAPTURE,6900,6900,204,7,1,343,9,3,6,341,156,7,202,138,474,232,45.4,9,8,1,0,26.0,34,3,5
gauntlet/20261002-031317-scrim-b3own/replays/clbarrell.duck8__OceanFloor__botB.bc24,clbarrell.duck8,0,A,duck8,0,876,CAPTURE,1300,1400,201,13,14,414,9,0,9,81,33,4,105,91,128,309,41.4,9,4,5,0,21.8,38,0,7
gauntlet/20261002-031317-scrim-b3own/replays/clbarrell.duck8__OceanFloor__botB.bc24,clbarrell.duck8,1,B,b3own,1,876,CAPTURE,1400,1400,201,25,27,218,7,3,4,336,156,9,146,100,309,128,46.5,7,7,0,0,29.5,46,5,4
gauntlet/20261002-031317-scrim-b3own/replays/dmtrung14.defaultplayer_intlqualifier__DefaultLarge__botA.bc24,dmtrung14.defaultplayer_intlqualifier,1,A,b3own,1,2000,MORE_FLAG_CAPTURES,1800,3600,202,27,18,438,8,2,5,1410,751,3,162,61,295,30,49.6,8,6,2,0,41.0,39,1,2
gauntlet/20261002-031317-scrim-b3own/replays/dmtrung14.defaultplayer_intlqualifier__DefaultLarge__botA.bc24,dmtrung14.defaultplayer_intlqualifier,0,B,defaultplayer_intlqualifier,0,2000,MORE_FLAG_CAPTURES,1800,5500,208,16,15,244,9,0,3,348,73,5,127,114,30,295,44.7,6,2,1,3,30.7,43,2,6
gauntlet/20261002-031317-scrim-b3own/replays/dmtrung14.defaultplayer_intlqualifier__QueenOfHearts__botA.bc24,dmtrung14.defaultplayer_intlqualifier,1,A,b3own,1,1387,CAPTURE,3500,3500,201,15,36,412,9,3,6,705,351,15,138,74,344,40,49.3,9,7,2,0,31.5,43,7,10
gauntlet/20261002-031317-scrim-b3own/replays/dmtrung14.defaultplayer_intlqualifier__QueenOfHearts__botA.bc24,dmtrung14.defaultplayer_intlqualifier,0,B,defaultplayer_intlqualifier,0,1387,CAPTURE,3500,3500,201,9,12,210,52,2,15,457,89,6,110,94,40,344,43.9,49,10,7,32,27.0,31,2,7
gauntlet/20261002-031317-scrim-b3own/replays/dmtrung14.defaultplayer_intlqualifier__Diagonal__botB.bc24,dmtrung14.defaultplayer_intlqualifier,0,A,defaultplayer_intlqualifier,0,2000,MORE_FLAG_CAPTURES,5100,5100,201,2,11,422,3,0,0,294,14,2,86,56,32,199,47.5,0,0,0,0,,32,1,2
gauntlet/20261002-031317-scrim-b3own/replays/dmtrung14.defaultplayer_intlqualifier__Diagonal__botB.bc24,dmtrung14.defaultplayer_intlqualifier,1,B,b3own,1,2000,MORE_FLAG_CAPTURES,5100,5100,201,17,21,306,3,1,2,210,103,0,218,134,199,32,49.6,3,2,1,0,32.0,34,0,0
gauntlet/20261002-031317-scrim-b3own/replays/jonters.bling3__Backslash__botB.bc24,jonters.bling3,0,A,bling3,0,1070,CAPTURE,4700,12300,201,17,0,240,6,1,5,249,120,12,72,56,130,634,35.0,6,5,1,0,8.6,45,2,13
gauntlet/20261002-031317-scrim-b3own/replays/jonters.bling3__Backslash__botB.bc24,jonters.bling3,1,B,b3own,1,1070,CAPTURE,4300,16900,201,29,27,223,15,3,12,554,269,5,384,371,634,130,47.0,15,13,2,0,22.0,47,1,5
gauntlet/20261002-031317-scrim-b3own/replays/hsmalladi.finalbot__WheresMyWater__botB.bc24,hsmalladi.finalbot,0,A,finalbot,0,1620,CAPTURE,3000,4200,201,8,9,201,15,2,9,626,129,2,112,102,184,211,46.8,12,2,9,1,4.4,42,0,5
gauntlet/20261002-031317-scrim-b3own/replays/hsmalladi.finalbot__WheresMyWater__botB.bc24,hsmalladi.finalbot,1,B,b3own,1,1620,CAPTURE,3000,6000,201,3,28,294,5,3,2,1230,545,9,174,117,211,184,47.2,5,5,0,0,5.0,42,9,2
gauntlet/20261002-031317-scrim-b3own/replays/jonters.bling3__Duck__botB.bc24,jonters.bling3,0,A,bling3,0,769,CAPTURE,2900,2900,201,20,23,237,5,1,4,387,181,13,38,32,75,299,40.3,5,4,1,0,21.5,25,2,14
gauntlet/20261002-031317-scrim-b3own/replays/jonters.bling3__Duck__botB.bc24,jonters.bling3,1,B,b3own,1,769,CAPTURE,2900,2900,201,32,32,223,16,3,13,738,362,4,153,134,299,75,47.7,16,14,2,0,40.4,44,1,4
gauntlet/20261002-031317-scrim-b3own/replays/jonters.bling3__Bunkers__botA.bc24,jonters.bling3,1,A,b3own,1,2000,LEVEL_SUM,2800,2800,201,16,13,212,4,1,3,53,25,0,225,208,1029,251,46.9,4,4,0,0,16.3,42,0,1
gauntlet/20261002-031317-scrim-b3own/replays/jonters.bling3__Bunkers__botA.bc24,jonters.bling3,0,B,bling3,0,2000,LEVEL_SUM,2800,2800,201,24,16,215,1,1,0,48,24,3,133,129,251,1029,37.0,1,1,0,0,,31,0,4
gauntlet/20261002-031317-scrim-b3own/replays/jonters.bling3__Starfish__botA.bc24,jonters.bling3,1,A,b3own,1,1343,CAPTURE,3500,3500,201,17,28,201,7,3,4,90,43,3,188,154,417,133,47.6,7,5,2,0,9.5,41,0,4
gauntlet/20261002-031317-scrim-b3own/replays/jonters.bling3__Starfish__botA.bc24,jonters.bling3,0,B,bling3,0,1343,CAPTURE,4100,4200,201,6,12,201,4,0,3,47,21,4,26,10,133,417,42.2,4,4,0,0,6.0,32,2,5
gauntlet/20261002-031317-scrim-b3own/replays/jonters.bling3__Waterworld__botB.bc24,jonters.bling3,0,A,bling3,0,829,CAPTURE,13900,16800,329,0,0,526,2,1,1,86,35,17,31,27,97,281,41.5,2,2,0,0,13.0,28,7,13
gauntlet/20261002-031317-scrim-b3own/replays/jonters.bling3__Waterworld__botB.bc24,jonters.bling3,1,B,b3own,1,829,CAPTURE,4400,6900,205,16,16,252,20,3,17,364,173,1,129,91,281,97,47.2,20,13,7,0,24.4,30,0,2
gauntlet/20261002-031317-scrim-b3own/replays/justinottesen.sprint1__Fountain__botA.bc24,justinottesen.sprint1,1,A,b3own,1,526,CAPTURE,1700,3100,208,7,7,234,6,3,3,214,104,0,63,54,146,7,49.6,6,6,0,0,15.3,44,0,1
gauntlet/20261002-031317-scrim-b3own/replays/justinottesen.sprint1__Fountain__botA.bc24,justinottesen.sprint1,0,B,sprint1,0,526,CAPTURE,900,1500,212,5,4,390,1,0,0,18,9,3,5,5,7,146,43.6,1,1,0,0,,30,0,6
gauntlet/20261002-031317-scrim-b3own/replays/justinottesen.sprint1__Decision__botA.bc24,justinottesen.sprint1,1,A,b3own,1,900,CAPTURE,1900,2000,202,38,45,246,19,3,16,930,454,6,230,208,557,26,49.3,19,13,6,0,33.9,28,0,7
gauntlet/20261002-031317-scrim-b3own/replays/justinottesen.sprint1__Decision__botA.bc24,justinottesen.sprint1,0,B,sprint1,0,900,CAPTURE,1700,1700,207,5,8,245,7,1,6,143,66,16,19,17,26,557,35.1,7,7,0,0,46.8,29,6,13
gauntlet/20261002-031317-scrim-b3own/replays/jonters.bling3__Snake__botB.bc24,jonters.bling3,0,A,bling3,0,2000,LEVEL_SUM,13100,23400,203,40,22,262,4,1,3,116,54,16,223,213,358,666,41.6,4,2,2,0,34.7,34,3,14
gauntlet/20261002-031317-scrim-b3own/replays/jonters.bling3__Snake__botB.bc24,jonters.bling3,1,B,b3own,1,2000,LEVEL_SUM,11800,28300,204,32,23,217,17,1,16,416,199,3,492,397,666,358,45.6,17,14,3,0,30.6,35,2,2
gauntlet/20261002-031317-scrim-b3own/replays/justinottesen.sprint1__OceanFloor__botB.bc24,justinottesen.sprint1,0,A,sprint1,0,744,CAPTURE,900,900,201,11,8,282,12,0,12,271,123,5,11,10,10,352,38.8,12,11,1,0,25.5,46,0,8
gauntlet/20261002-031317-scrim-b3own/replays/justinottesen.sprint1__OceanFloor__botB.bc24,justinottesen.sprint1,1,B,b3own,1,744,CAPTURE,1400,1500,201,39,41,226,8,3,5,531,259,12,142,133,352,10,49.6,8,8,0,0,36.4,47,1,11
gauntlet/20261002-031317-scrim-b3own/replays/justinottesen.sprint1__StackGame__botB.bc24,justinottesen.sprint1,0,A,sprint1,0,807,CAPTURE,4600,4600,203,10,2,220,3,0,3,11,5,18,55,55,51,638,31.3,3,3,0,0,20.0,35,6,15
gauntlet/20261002-031317-scrim-b3own/replays/justinottesen.sprint1__StackGame__botB.bc24,justinottesen.sprint1,1,B,b3own,1,807,CAPTURE,4600,4600,201,21,12,227,21,3,18,394,181,3,194,121,638,51,48.4,21,15,6,0,12.2,41,0,3
gauntlet/20261002-031317-scrim-b3own/replays/quesswho.cretplayer2_3__Checkered__botA.bc24,quesswho.cretplayer2_3,1,A,b3own,1,499,CAPTURE,4200,4200,201,21,16,207,5,3,2,198,96,0,57,43,38,29,48.5,5,5,0,0,21.5,45,0,3
gauntlet/20261002-031317-scrim-b3own/replays/quesswho.cretplayer2_3__Checkered__botA.bc24,quesswho.cretplayer2_3,0,B,cretplayer2_3,0,499,CAPTURE,4800,5400,201,39,27,207,6,2,0,822,93,2,74,68,29,38,47.2,3,3,0,0,,35,0,5
gauntlet/20261002-031317-scrim-b3own/replays/kyleezz.jeeryfix3__Fusbol__botA.bc24,kyleezz.jeeryfix3,1,A,b3own,1,2000,LEVEL_SUM,7200,7500,215,5,0,1154,0,0,0,0,0,0,443,389,913,307,45.3,0,0,0,0,,30,0,0
gauntlet/20261002-031317-scrim-b3own/replays/kyleezz.jeeryfix3__Fusbol__botA.bc24,kyleezz.jeeryfix3,0,B,jeeryfix3,0,2000,LEVEL_SUM,7200,10500,202,27,30,256,0,0,0,0,0,0,295,288,307,913,38.9,0,0,0,0,,37,0,0
gauntlet/20261002-031317-scrim-b3own/replays/quesswho.cretplayer2_3__BigDucksBigPond__botA.bc24,quesswho.cretplayer2_3,1,A,b3own,1,1256,CAPTURE,5100,6100,201,22,20,304,29,3,26,1071,507,23,220,170,525,238,45.4,29,22,7,0,44.4,45,17,8
gauntlet/20261002-031317-scrim-b3own/replays/quesswho.cretplayer2_3__BigDucksBigPond__botA.bc24,quesswho.cretplayer2_3,0,B,cretplayer2_3,0,1256,CAPTURE,5100,7900,201,20,6,241,28,2,23,1081,271,26,141,133,238,525,39.5,25,8,17,0,27.0,15,7,22
gauntlet/20261002-031317-scrim-b3own/replays/kyleezz.jeeryfix3__Fusbol__botB.bc24,kyleezz.jeeryfix3,0,A,jeeryfix3,0,2000,MORE_FLAG_CAPTURES,7200,10500,202,23,6,246,1,0,1,3,2,13,260,256,255,1516,31.5,1,1,0,0,41.0,33,5,9
gauntlet/20261002-031317-scrim-b3own/replays/kyleezz.jeeryfix3__Fusbol__botB.bc24,kyleezz.jeeryfix3,1,B,b3own,1,2000,MORE_FLAG_CAPTURES,7200,7500,202,10,19,242,14,1,13,146,67,1,709,624,1516,255,46.8,14,9,5,0,41.2,34,0,1
gauntlet/20261002-031317-scrim-b3own/replays/quesswho.cretplayer2_3__Digging__botA.bc24,quesswho.cretplayer2_3,1,A,b3own,1,1902,CAPTURE,700,1500,205,1,0,340,6,3,3,186,108,5,304,261,1744,266,46.6,6,4,2,0,17.3,37,4,2
gauntlet/20261002-031317-scrim-b3own/replays/quesswho.cretplayer2_3__Digging__botA.bc24,quesswho.cretplayer2_3,0,B,cretplayer2_3,0,1902,CAPTURE,700,3200,209,19,3,225,9,1,5,713,43,3,205,203,266,1744,27.6,6,2,4,0,8.6,37,2,4
gauntlet/20261002-031317-scrim-b3own/replays/winkelmantanner.waffle__Islands__botB.bc24,winkelmantanner.waffle,0,A,waffle,0,1535,CAPTURE,5800,5800,201,23,16,218,35,2,33,412,189,7,265,258,412,682,39.1,35,9,26,0,12.5,32,5,5
gauntlet/20261002-031317-scrim-b3own/replays/winkelmantanner.waffle__Islands__botB.bc24,winkelmantanner.waffle,1,B,b3own,1,1535,CAPTURE,5800,5800,201,17,18,239,10,3,7,180,83,33,214,183,682,412,43.5,10,5,5,0,20.1,47,26,9
gauntlet/20261002-031317-scrim-b3own/replays/winkelmantanner.waffle__Soccer__botB.bc24,winkelmantanner.waffle,0,A,waffle,0,1881,CAPTURE,3000,3200,205,10,23,279,37,2,35,370,167,6,282,282,466,1182,34.7,37,13,24,0,27.3,28,0,9
gauntlet/20261002-031317-scrim-b3own/replays/winkelmantanner.waffle__Soccer__botB.bc24,winkelmantanner.waffle,1,B,b3own,1,1881,CAPTURE,3000,3000,258,0,0,351,9,3,6,371,190,35,362,290,1182,466,43.9,9,9,0,0,24.7,30,24,13
gauntlet/20261002-032719-scrim-b3own/losses/ColtG5.Goob_final__MazeRunner__botA.bc24,ColtG5.Goob_final,1,A,b3own,0,2000,MORE_FLAG_CAPTURES,2600,4700,213,10,14,307,0,0,0,0,0,7,226,188,1042,365,45.5,0,0,0,0,,46,3,6
gauntlet/20261002-032719-scrim-b3own/losses/ColtG5.Goob_final__MazeRunner__botA.bc24,ColtG5.Goob_final,0,B,Goob_final,1,2000,MORE_FLAG_CAPTURES,2600,5600,207,22,25,281,9,2,7,210,101,0,246,211,365,1042,37.4,9,6,3,0,23.7,31,0,0
gauntlet/20261002-032719-scrim-b3own/losses/ColtG5.Goob_final__Tunnels__botA.bc24,ColtG5.Goob_final,1,A,b3own,0,2000,MORE_FLAG_CAPTURES,2400,2700,222,0,0,222,0,0,0,0,0,9,193,177,754,335,45.9,0,0,0,0,,30,3,7
gauntlet/20261002-032719-scrim-b3own/losses/ColtG5.Goob_final__Tunnels__botA.bc24,ColtG5.Goob_final,0,B,Goob_final,1,2000,MORE_FLAG_CAPTURES,2400,3900,203,5,14,214,10,1,9,73,32,0,230,198,335,754,40.8,10,7,3,0,17.1,33,0,0
gauntlet/20261002-032719-scrim-b3own/losses/ColtG5.Goob_final__OceanFloor__botA.bc24,ColtG5.Goob_final,1,A,b3own,0,1497,CAPTURE,1400,1400,201,20,36,332,2,1,0,176,86,12,211,200,843,295,45.2,2,2,0,0,,47,7,8
gauntlet/20261002-032719-scrim-b3own/losses/ColtG5.Goob_final__OceanFloor__botA.bc24,ColtG5.Goob_final,0,B,Goob_final,1,1497,CAPTURE,1400,1400,201,21,12,230,15,3,12,302,142,0,203,192,295,843,36.3,15,8,7,0,25.3,45,0,2
gauntlet/20261002-032719-scrim-b3own/losses/ColtG5.Goob_final__Snake__botA.bc24,ColtG5.Goob_final,1,A,b3own,0,2000,MORE_FLAG_CAPTURES,10500,19500,204,27,27,238,0,0,0,0,0,17,388,370,995,596,42.7,0,0,0,0,,26,5,14
gauntlet/20261002-032719-scrim-b3own/losses/ColtG5.Goob_final__Snake__botA.bc24,ColtG5.Goob_final,0,B,Goob_final,1,2000,MORE_FLAG_CAPTURES,13100,36800,204,25,19,256,19,2,17,289,130,0,610,572,596,995,37.9,19,14,5,0,32.8,41,0,0
gauntlet/20261002-032719-scrim-b3own/losses/CyrilSharma.finalBot__AceOfSpades__botB.bc24,CyrilSharma.finalBot,0,A,finalBot,1,412,CAPTURE,1800,19800,202,43,27,215,5,3,2,253,125,5,171,127,64,29,48.3,5,3,2,0,17.5,43,2,4
gauntlet/20261002-032719-scrim-b3own/losses/CyrilSharma.finalBot__AceOfSpades__botB.bc24,CyrilSharma.finalBot,1,B,b3own,0,412,CAPTURE,1700,1700,202,27,20,218,6,1,5,119,51,2,42,37,29,64,46.3,6,4,2,0,23.2,36,2,3
gauntlet/20261002-032719-scrim-b3own/losses/CyrilSharma.finalBot__BedWars__botB.bc24,CyrilSharma.finalBot,0,A,finalBot,1,509,CAPTURE,2400,8400,205,16,22,227,4,3,1,178,79,8,55,51,57,51,47.5,4,3,1,0,15.0,47,3,7
gauntlet/20261002-032719-scrim-b3own/losses/CyrilSharma.finalBot__BedWars__botB.bc24,CyrilSharma.finalBot,1,B,b3own,0,509,CAPTURE,2400,2400,222,4,10,228,10,1,8,65,27,1,31,22,51,57,47.2,10,7,3,0,14.3,49,1,3
gauntlet/20261002-032719-scrim-b3own/losses/CyrilSharma.finalBot__QuestionableChess__botB.bc24,CyrilSharma.finalBot,0,A,finalBot,1,844,CAPTURE,0,0,201,25,15,224,5,3,2,218,101,0,84,78,112,175,45.0,5,3,2,0,13.0,38,0,0
gauntlet/20261002-032719-scrim-b3own/losses/CyrilSharma.finalBot__QuestionableChess__botB.bc24,CyrilSharma.finalBot,1,B,b3own,0,844,CAPTURE,0,0,202,5,11,508,0,0,0,0,0,2,60,47,175,112,46.8,0,0,0,0,,41,2,3
gauntlet/20261002-032719-scrim-b3own/losses/Gymhgy.v10official__Starfish__botA.bc24,Gymhgy.v10official,1,A,b3own,0,494,CAPTURE,3500,3600,201,26,19,201,1,1,0,18,9,12,47,46,111,40,48.0,1,1,0,0,,40,7,8
gauntlet/20261002-032719-scrim-b3own/losses/Gymhgy.v10official__Starfish__botA.bc24,Gymhgy.v10official,0,B,v10official,1,494,CAPTURE,4100,4700,201,19,26,201,35,3,12,633,222,0,21,18,40,111,44.6,32,8,7,17,6.3,46,0,1
gauntlet/20261002-032719-scrim-b3own/losses/CyrilSharma.finalBot__Fusbol__botA.bc24,CyrilSharma.finalBot,1,A,b3own,0,2000,MORE_FLAG_CAPTURES,7200,16200,202,24,18,751,1,0,0,0,0,3,381,333,473,387,44.3,1,1,0,0,,29,3,1
gauntlet/20261002-032719-scrim-b3own/losses/CyrilSharma.finalBot__Fusbol__botA.bc24,CyrilSharma.finalBot,0,B,finalBot,1,2000,MORE_FLAG_CAPTURES,1800,1800,225,1,9,469,4,1,3,240,114,0,357,343,387,473,42.3,4,1,3,0,43.0,3,0,1
gauntlet/20261002-032719-scrim-b3own/losses/CyrilSharma.finalBot__YearOfTheDragon__botA.bc24,CyrilSharma.finalBot,1,A,b3own,0,2000,MORE_FLAG_CAPTURES,10800,10800,201,12,13,209,1,1,0,38,19,25,307,285,606,567,43.1,1,1,0,0,,41,14,13
gauntlet/20261002-032719-scrim-b3own/losses/CyrilSharma.finalBot__YearOfTheDragon__botA.bc24,CyrilSharma.finalBot,0,B,finalBot,1,2000,MORE_FLAG_CAPTURES,10800,10800,201,16,17,221,27,2,25,404,184,0,673,668,567,606,42.6,27,13,14,0,23.6,38,0,1
gauntlet/20261002-032719-scrim-b3own/losses/Gymhgy.v10official__DefaultMedium__botB.bc24,Gymhgy.v10official,0,A,v10official,1,2000,MORE_FLAG_CAPTURES,2900,3800,201,23,31,245,26,2,1,653,31,5,357,279,360,334,46.0,23,3,0,20,31.0,36,0,6
gauntlet/20261002-032719-scrim-b3own/losses/Gymhgy.v10official__DefaultMedium__botB.bc24,Gymhgy.v10official,1,B,b3own,0,2000,MORE_FLAG_CAPTURES,2900,2900,201,11,19,335,6,1,5,230,102,1,187,166,334,360,45.6,6,6,0,0,28.4,46,0,3
gauntlet/20261002-032719-scrim-b3own/losses/Gymhgy.v10official__HeMustBeFreed__botB.bc24,Gymhgy.v10official,0,A,v10official,1,2000,MORE_FLAG_CAPTURES,5900,15400,201,27,35,304,36,2,2,738,65,4,344,299,462,304,46.3,33,3,1,29,55.0,27,0,5
gauntlet/20261002-032719-scrim-b3own/losses/Gymhgy.v10official__HeMustBeFreed__botB.bc24,Gymhgy.v10official,1,B,b3own,0,2000,MORE_FLAG_CAPTURES,5900,6200,201,8,9,301,5,1,4,260,127,2,208,193,304,462,44.4,5,5,0,0,39.8,34,1,3
gauntlet/20261002-032719-scrim-b3own/losses/Gymhgy.v10official__GravitationalWaves__botA.bc24,Gymhgy.v10official,1,A,b3own,0,2000,MORE_FLAG_CAPTURES,3400,3400,201,15,13,0,0,0,0,0,0,28,198,134,324,154,48.1,0,0,0,0,,17,5,25
gauntlet/20261002-032719-scrim-b3own/losses/Gymhgy.v10official__GravitationalWaves__botA.bc24,Gymhgy.v10official,0,B,v10official,1,2000,MORE_FLAG_CAPTURES,3700,3700,201,30,32,201,56,2,28,740,169,0,248,180,154,324,46.1,53,25,5,23,26.0,15,0,0
gauntlet/20261002-032719-scrim-b3own/losses/IvanGeffner.kuma__Alien__botA.bc24,IvanGeffner.kuma,1,A,b3own,0,508,CAPTURE,3300,3300,205,0,0,0,0,0,0,0,0,8,37,35,48,128,43.9,0,0,0,0,,33,5,7
gauntlet/20261002-032719-scrim-b3own/losses/IvanGeffner.kuma__Alien__botA.bc24,IvanGeffner.kuma,0,B,kuma,1,508,CAPTURE,3300,3300,203,45,42,235,40,3,8,102,43,0,134,107,128,48,47.7,40,7,5,28,15.9,41,0,0
gauntlet/20261002-032719-scrim-b3own/losses/Gymhgy.v10official__Starfish__botB.bc24,Gymhgy.v10official,0,A,v10official,1,1119,CAPTURE,4100,4700,201,9,21,201,60,3,30,716,158,13,81,78,190,566,37.7,57,27,7,23,8.0,42,5,9
gauntlet/20261002-032719-scrim-b3own/losses/Gymhgy.v10official__Starfish__botB.bc24,Gymhgy.v10official,1,B,b3own,0,1119,CAPTURE,3500,3600,201,16,20,201,14,1,13,118,51,30,155,151,566,190,45.9,14,9,5,0,11.0,36,7,27
gauntlet/20261002-032719-scrim-b3own/losses/IvanGeffner.kuma__BigDucksBigPond__botA.bc24,IvanGeffner.kuma,1,A,b3own,0,2000,MORE_FLAG_CAPTURES,5100,5500,201,12,7,268,0,0,0,0,0,20,213,212,465,1161,35.9,0,0,0,0,,47,11,15
gauntlet/20261002-032719-scrim-b3own/losses/IvanGeffner.kuma__BigDucksBigPond__botA.bc24,IvanGeffner.kuma,0,B,kuma,1,2000,MORE_FLAG_CAPTURES,5100,8500,201,36,28,241,63,2,20,291,142,0,867,809,1161,465,44.3,63,15,11,37,46.2,46,0,0
gauntlet/20261002-032719-scrim-b3own/losses/IvanGeffner.kuma__Capacitance__botA.bc24,IvanGeffner.kuma,1,A,b3own,0,484,CAPTURE,3600,3800,201,7,3,211,0,0,0,0,0,4,45,37,26,113,44.5,0,0,0,0,,46,3,5
gauntlet/20261002-032719-scrim-b3own/losses/IvanGeffner.kuma__Capacitance__botA.bc24,IvanGeffner.kuma,0,B,kuma,1,484,CAPTURE,3600,6200,201,24,24,208,14,3,4,166,80,0,139,101,113,26,48.7,14,5,3,6,12.5,43,0,0
gauntlet/20261002-032719-scrim-b3own/losses/IvanGeffner.kuma__StackGame__botB.bc24,IvanGeffner.kuma,0,A,kuma,1,844,CAPTURE,4600,4800,201,24,34,245,22,3,5,80,35,0,276,245,352,148,45.8,22,3,5,14,15.2,46,0,0
gauntlet/20261002-032719-scrim-b3own/losses/IvanGeffner.kuma__StackGame__botB.bc24,IvanGeffner.kuma,1,B,b3own,0,844,CAPTURE,4300,4300,352,0,0,515,0,0,0,0,0,5,103,99,148,352,40.0,0,0,0,0,,39,5,3
gauntlet/20261002-032719-scrim-b3own/losses/IvanGeffner.kuma__Diagonal__botB.bc24,IvanGeffner.kuma,0,A,kuma,1,2000,LEVEL_SUM,5100,5100,201,18,23,356,3,0,2,3,0,1,385,314,345,162,48.0,3,2,0,1,31.0,32,0,1
gauntlet/20261002-032719-scrim-b3own/losses/IvanGeffner.kuma__Diagonal__botB.bc24,IvanGeffner.kuma,1,B,b3own,0,2000,LEVEL_SUM,5100,5100,201,11,19,323,1,0,1,3,0,2,244,198,162,345,45.8,1,1,0,0,33.0,38,0,2
gauntlet/20261002-032719-scrim-b3own/losses/IvanGeffner.kuma__Randy__botB.bc24,IvanGeffner.kuma,0,A,kuma,1,2000,MORE_FLAG_CAPTURES,3400,12000,201,25,9,210,35,2,11,99,44,5,402,363,377,268,46.7,35,15,2,18,18.2,26,1,4
gauntlet/20261002-032719-scrim-b3own/losses/IvanGeffner.kuma__Randy__botB.bc24,IvanGeffner.kuma,1,B,b3own,0,2000,MORE_FLAG_CAPTURES,3400,5000,201,25,5,206,5,0,5,36,10,11,221,180,268,377,45.4,5,4,1,0,8.0,34,2,15
gauntlet/20261002-032719-scrim-b3own/losses/NotLLeon.v3__Decision__botB.bc24,NotLLeon.v3,0,A,v3,1,1521,CAPTURE,1500,1500,202,12,22,277,43,3,33,736,350,21,209,204,263,332,44.7,43,18,18,7,36.0,26,2,19
gauntlet/20261002-032719-scrim-b3own/losses/NotLLeon.v3__Decision__botB.bc24,NotLLeon.v3,1,B,b3own,0,1521,CAPTURE,1900,2100,202,34,37,239,21,0,21,752,363,33,149,121,332,263,45.8,21,19,2,0,35.1,37,18,18
gauntlet/20261002-032719-scrim-b3own/losses/NotLLeon.v3__Duck__botB.bc24,NotLLeon.v3,0,A,v3,1,1298,CAPTURE,2900,2900,201,32,39,272,29,3,22,454,214,20,202,191,229,360,43.2,29,10,15,4,43.0,47,5,16
gauntlet/20261002-032719-scrim-b3own/losses/NotLLeon.v3__Duck__botB.bc24,NotLLeon.v3,1,B,b3own,0,1298,CAPTURE,2900,2900,201,24,29,245,21,1,20,305,139,22,150,139,360,229,45.7,21,16,5,0,46.4,46,15,10
gauntlet/20261002-032719-scrim-b3own/losses/NotLLeon.v3__FloodGates__botA.bc24,NotLLeon.v3,1,A,b3own,0,2000,MORE_FLAG_CAPTURES,500,1700,326,0,0,344,4,0,4,23,7,1,203,183,470,389,45.3,4,1,3,0,18.0,27,1,2
gauntlet/20261002-032719-scrim-b3own/losses/NotLLeon.v3__FloodGates__botA.bc24,NotLLeon.v3,0,B,v3,1,2000,MORE_FLAG_CAPTURES,500,1700,251,0,5,395,50,2,1,306,115,4,220,208,389,470,44.3,50,2,1,47,17.0,30,3,1
gauntlet/20261002-032719-scrim-b3own/losses/NotLLeon.v3__Foxes__botB.bc24,NotLLeon.v3,0,A,v3,1,2000,LEVEL_SUM,7500,7500,203,18,34,337,49,2,36,430,181,11,386,368,449,390,45.2,49,17,21,11,26.3,43,2,11
gauntlet/20261002-032719-scrim-b3own/losses/NotLLeon.v3__Foxes__botB.bc24,NotLLeon.v3,1,B,b3own,0,2000,LEVEL_SUM,7200,7200,205,8,17,250,13,2,11,254,116,36,254,225,390,449,44.5,13,11,2,0,25.7,41,21,17
gauntlet/20261002-032719-scrim-b3own/losses/NotLLeon.v3__Hurricane__botB.bc24,NotLLeon.v3,0,A,v3,1,2000,MORE_FLAG_CAPTURES,4500,4500,201,15,22,215,71,1,70,528,227,13,150,132,96,305,46.3,71,45,26,0,19.1,43,5,8
gauntlet/20261002-032719-scrim-b3own/losses/NotLLeon.v3__Hurricane__botB.bc24,NotLLeon.v3,1,B,b3own,0,2000,MORE_FLAG_CAPTURES,4500,4500,201,22,16,222,13,0,13,110,42,70,224,169,305,96,48.8,13,8,5,0,19.8,46,26,45
gauntlet/20261002-032719-scrim-b3own/losses/NotLLeon.v3__Rainbow__botA.bc24,NotLLeon.v3,1,A,b3own,0,1978,CAPTURE,5700,5700,201,18,25,277,0,0,0,0,0,31,234,219,492,524,43.6,0,0,0,0,,45,17,17
gauntlet/20261002-032719-scrim-b3own/losses/NotLLeon.v3__Rainbow__botA.bc24,NotLLeon.v3,0,B,v3,1,1978,CAPTURE,6000,6000,201,2,20,286,39,3,31,385,201,0,401,374,524,492,43.9,39,17,17,5,31.1,44,0,0
gauntlet/20261002-032719-scrim-b3own/losses/SampleProvider.TSPAARKSPRINT1__EndAround__botA.bc24,SampleProvider.TSPAARKSPRINT1,1,A,b3own,0,2000,MORE_FLAG_CAPTURES,2500,3400,203,36,37,225,46,1,45,1255,634,38,328,294,710,251,46.9,46,34,12,0,22.3,47,14,27
gauntlet/20261002-032719-scrim-b3own/losses/SampleProvider.TSPAARKSPRINT1__EndAround__botA.bc24,SampleProvider.TSPAARKSPRINT1,0,B,TSPAARKSPRINT1,1,2000,MORE_FLAG_CAPTURES,2500,7300,204,0,21,290,44,2,38,1389,623,45,119,113,251,710,41.3,41,27,14,0,20.9,44,12,34
gauntlet/20261002-032719-scrim-b3own/losses/SampleProvider.TSPAARKSPRINT1__English__botA.bc24,SampleProvider.TSPAARKSPRINT1,1,A,b3own,0,832,CAPTURE,9300,9300,201,39,43,361,7,0,6,278,135,4,108,85,100,18,49.4,7,7,0,0,40.0,41,1,6
gauntlet/20261002-032719-scrim-b3own/losses/SampleProvider.TSPAARKSPRINT1__English__botA.bc24,SampleProvider.TSPAARKSPRINT1,0,B,TSPAARKSPRINT1,1,832,CAPTURE,10900,10900,201,7,8,209,10,3,4,871,302,6,30,26,18,100,46.8,7,6,1,0,32.3,40,0,7
gauntlet/20261002-032719-scrim-b3own/losses/SampleProvider.TSPAARKSPRINT1__EndAround__botB.bc24,SampleProvider.TSPAARKSPRINT1,0,A,TSPAARKSPRINT1,1,1983,CAPTURE,2500,7000,211,0,17,314,56,3,50,1020,443,29,101,84,191,830,39.7,53,21,32,0,23.9,43,14,16
gauntlet/20261002-032719-scrim-b3own/losses/SampleProvider.TSPAARKSPRINT1__EndAround__botB.bc24,SampleProvider.TSPAARKSPRINT1,1,B,b3own,0,1983,CAPTURE,2200,4000,202,36,34,253,30,0,29,1069,546,50,358,325,830,191,47.6,30,16,14,0,15.9,47,32,21
gauntlet/20261002-032719-scrim-b3own/losses/SampleProvider.TSPAARKSPRINT1__KingQuacksCastle__botB.bc24,SampleProvider.TSPAARKSPRINT1,0,A,TSPAARKSPRINT1,1,678,CAPTURE,1600,12200,204,7,39,278,16,3,10,680,283,1,69,33,71,65,47.7,13,6,7,0,13.2,35,0,2
gauntlet/20261002-032719-scrim-b3own/losses/SampleProvider.TSPAARKSPRINT1__KingQuacksCastle__botB.bc24,SampleProvider.TSPAARKSPRINT1,1,B,b3own,0,678,CAPTURE,1600,2100,204,29,29,220,2,0,1,25,12,10,67,58,65,71,47.4,2,2,0,0,27.0,48,7,6
gauntlet/20261002-032719-scrim-b3own/losses/Strequals.duck0127v5__Skyline__botB.bc24,Strequals.duck0127v5,0,A,duck0127v5,1,526,CAPTURE,21600,21600,207,11,14,236,10,3,7,173,83,8,145,126,60,50,47.8,10,5,5,0,9.1,42,1,8
gauntlet/20261002-032719-scrim-b3own/losses/Strequals.duck0127v5__Skyline__botB.bc24,Strequals.duck0127v5,1,B,b3own,0,526,CAPTURE,21600,21600,201,23,34,256,9,0,8,74,28,7,190,161,50,60,47.3,9,8,1,0,20.8,45,5,5
gauntlet/20261002-032719-scrim-b3own/losses/Strequals.duck0127v5__Canals__botA.bc24,Strequals.duck0127v5,1,A,b3own,0,682,CAPTURE,4600,4900,206,0,0,0,0,0,0,0,0,6,77,72,53,206,42.8,0,0,0,0,,47,2,7
gauntlet/20261002-032719-scrim-b3own/losses/Strequals.duck0127v5__Canals__botA.bc24,Strequals.duck0127v5,0,B,duck0127v5,1,682,CAPTURE,4600,6000,202,26,46,262,9,3,6,231,112,0,252,192,206,53,48.1,9,7,2,0,32.3,45,0,0
gauntlet/20261002-032719-scrim-b3own/losses/Strequals.duck0127v5__Foxes__botB.bc24,Strequals.duck0127v5,0,A,duck0127v5,1,1165,CAPTURE,7500,7500,216,1,8,368,14,3,11,278,135,15,383,348,263,125,47.4,14,8,6,0,27.7,31,3,12
gauntlet/20261002-032719-scrim-b3own/losses/Strequals.duck0127v5__Foxes__botB.bc24,Strequals.duck0127v5,1,B,b3own,0,1165,CAPTURE,7500,7500,202,30,23,278,15,0,15,144,61,11,170,159,125,263,44.5,15,12,3,0,29.5,37,6,8
gauntlet/20261002-032719-scrim-b3own/losses/andli28.v9_USQuals_angle__AceOfSpades__botB.bc24,andli28.v9_USQuals_angle,0,A,v9_USQuals_angle,1,538,CAPTURE,1800,19600,203,19,17,225,27,3,24,358,163,0,269,206,102,88,46.1,27,13,14,0,17.8,39,0,0
gauntlet/20261002-032719-scrim-b3own/losses/andli28.v9_USQuals_angle__AceOfSpades__botB.bc24,andli28.v9_USQuals_angle,1,B,b3own,0,538,CAPTURE,1700,2000,202,19,6,232,0,0,0,0,0,24,57,43,88,102,45.5,0,0,0,0,,41,14,13
gauntlet/20261002-032719-scrim-b3own/losses/Strequals.duck0127v5__Soccer__botA.bc24,Strequals.duck0127v5,1,A,b3own,0,756,CAPTURE,3000,3000,214,2,14,376,2,0,2,164,80,0,87,78,75,119,46.1,2,1,1,0,20.5,34,0,3
gauntlet/20261002-032719-scrim-b3own/losses/Strequals.duck0127v5__Soccer__botA.bc24,Strequals.duck0127v5,0,B,duck0127v5,1,756,CAPTURE,3000,3200,210,0,9,310,3,3,0,176,89,2,166,149,119,75,47.6,3,3,0,0,,30,1,1
gauntlet/20261002-032719-scrim-b3own/losses/andli28.v9_USQuals_angle__Gated__botA.bc24,andli28.v9_USQuals_angle,1,A,b3own,0,632,CAPTURE,1500,2200,203,22,8,229,6,0,6,45,19,30,58,54,122,122,45.5,6,3,3,0,21.5,32,24,9
gauntlet/20261002-032719-scrim-b3own/losses/andli28.v9_USQuals_angle__Gated__botA.bc24,andli28.v9_USQuals_angle,0,B,v9_USQuals_angle,1,632,CAPTURE,1500,2600,208,32,20,247,33,3,30,289,128,6,127,109,122,122,45.4,33,9,24,0,20.3,31,3,3
gauntlet/20261002-032719-scrim-b3own/losses/andli28.v9_USQuals_angle__Funnel__botB.bc24,andli28.v9_USQuals_angle,0,A,v9_USQuals_angle,1,2000,MORE_FLAG_CAPTURES,2200,4400,203,6,10,376,36,2,34,487,222,3,614,565,778,297,46.4,36,12,24,0,46.9,37,0,5
gauntlet/20261002-032719-scrim-b3own/losses/andli28.v9_USQuals_angle__Funnel__botB.bc24,andli28.v9_USQuals_angle,1,B,b3own,0,2000,MORE_FLAG_CAPTURES,2200,3500,201,17,21,552,5,1,3,375,228,34,223,183,297,778,40.6,5,5,0,0,54.0,40,24,12
gauntlet/20261002-032719-scrim-b3own/losses/andli28.v9_USQuals_angle__QuestionableChess__botA.bc24,andli28.v9_USQuals_angle,1,A,b3own,0,1306,CAPTURE,0,0,201,27,34,261,0,0,0,0,0,25,110,104,267,540,40.0,0,0,0,0,,45,20,8
gauntlet/20261002-032719-scrim-b3own/losses/andli28.v9_USQuals_angle__QuestionableChess__botA.bc24,andli28.v9_USQuals_angle,0,B,v9_USQuals_angle,1,1306,CAPTURE,0,0,204,1,0,215,28,3,25,209,89,0,348,293,540,267,45.0,28,8,20,0,18.6,36,0,0
gauntlet/20261002-032719-scrim-b3own/losses/andli28.v9_USQuals_angle__Occulus__botA.bc24,andli28.v9_USQuals_angle,1,A,b3own,0,769,CAPTURE,1800,1800,201,22,16,214,0,0,0,0,0,15,77,74,128,190,44.1,0,0,0,0,,39,9,9
gauntlet/20261002-032719-scrim-b3own/losses/andli28.v9_USQuals_angle__Occulus__botA.bc24,andli28.v9_USQuals_angle,0,B,v9_USQuals_angle,1,769,CAPTURE,1800,6900,201,23,20,257,18,3,15,199,87,0,265,202,190,128,46.0,18,9,9,0,19.2,42,0,0
gauntlet/20261002-032719-scrim-b3own/losses/andrewgopher.player22__Fountain__botA.bc24,andrewgopher.player22,1,A,b3own,0,453,CAPTURE,1700,2700,209,3,7,297,0,0,0,0,0,1,26,25,93,44,47.7,0,0,0,0,,41,0,4
gauntlet/20261002-032719-scrim-b3own/losses/andrewgopher.player22__Fountain__botA.bc24,andrewgopher.player22,0,B,player22,1,453,CAPTURE,1700,2700,209,10,21,259,8,3,1,129,60,0,25,22,44,93,45.2,5,4,0,1,25.0,44,0,0
gauntlet/20261002-032719-scrim-b3own/losses/andli28.v9_USQuals_angle__SteamboatMickey__botB.bc24,andli28.v9_USQuals_angle,0,A,v9_USQuals_angle,1,690,CAPTURE,7300,16300,201,10,15,330,11,3,8,303,149,0,232,194,151,81,47.2,11,9,2,0,27.0,41,0,0
gauntlet/20261002-032719-scrim-b3own/losses/andli28.v9_USQuals_angle__SteamboatMickey__botB.bc24,andli28.v9_USQuals_angle,1,B,b3own,0,690,CAPTURE,7300,10300,201,26,14,201,0,0,0,0,0,8,133,123,81,151,44.8,0,0,0,0,,37,2,9
gauntlet/20261002-032719-scrim-b3own/losses/andrewgopher.player22__Divergent__botB.bc24,andrewgopher.player22,0,A,player22,1,2000,MORE_FLAG_CAPTURES,3700,4100,203,16,17,300,18,2,8,477,228,4,248,229,489,561,43.2,15,10,0,5,24.3,39,0,4
gauntlet/20261002-032719-scrim-b3own/losses/andrewgopher.player22__Divergent__botB.bc24,andrewgopher.player22,1,B,b3own,0,2000,MORE_FLAG_CAPTURES,3300,3300,203,4,3,296,4,0,4,90,41,8,196,175,561,489,44.0,4,4,0,0,23.3,46,0,10
gauntlet/20261002-032719-scrim-b3own/losses/andrewgopher.player22__Snake__botA.bc24,andrewgopher.player22,1,A,b3own,0,803,CAPTURE,10900,24800,203,21,12,427,0,0,0,0,0,7,284,254,246,200,43.9,0,0,0,0,,33,6,4
gauntlet/20261002-032719-scrim-b3own/losses/andrewgopher.player22__Snake__botA.bc24,andrewgopher.player22,0,B,player22,1,803,CAPTURE,13100,34700,205,20,0,231,15,3,7,370,177,0,266,220,200,246,42.5,12,4,6,2,20.7,37,0,0
gauntlet/20261002-032719-scrim-b3own/losses/andrewgopher.player22__StackGame__botA.bc24,andrewgopher.player22,1,A,b3own,0,572,CAPTURE,4600,4600,201,0,0,527,0,0,0,0,0,8,47,46,150,181,42.6,0,0,0,0,,41,5,6
gauntlet/20261002-032719-scrim-b3own/losses/andrewgopher.player22__StackGame__botA.bc24,andrewgopher.player22,0,B,player22,1,572,CAPTURE,4600,4600,204,29,38,225,15,3,8,191,89,0,124,106,181,150,43.7,12,6,5,1,14.1,44,0,0
gauntlet/20261002-032719-scrim-b3own/losses/chenyx512.flagbot_final__Alligator__botA.bc24,chenyx512.flagbot_final,1,A,b3own,0,1051,CAPTURE,3000,3300,201,8,7,271,3,0,3,25,11,7,101,101,100,583,36.7,3,3,0,0,21.0,33,4,6
gauntlet/20261002-032719-scrim-b3own/losses/chenyx512.flagbot_final__Alligator__botA.bc24,chenyx512.flagbot_final,0,B,flagbot_final,1,1051,CAPTURE,3300,9300,201,20,31,215,13,3,7,853,335,3,398,295,583,100,47.6,10,6,4,0,11.3,40,0,3
gauntlet/20261002-032719-scrim-b3own/losses/andrewgopher.player22__Yinyang__botB.bc24,andrewgopher.player22,0,A,player22,1,405,CAPTURE,2900,3600,201,39,36,209,7,3,1,126,59,0,83,77,103,74,45.8,4,4,0,0,22.0,50,0,0
gauntlet/20261002-032719-scrim-b3own/losses/andrewgopher.player22__Yinyang__botB.bc24,andrewgopher.player22,1,B,b3own,0,405,CAPTURE,2800,2800,201,0,0,379,0,0,0,0,0,1,26,24,74,103,44.0,0,0,0,0,,47,0,4
gauntlet/20261002-032719-scrim-b3own/losses/andrewgopher.player22__WheresMyWater__botA.bc24,andrewgopher.player22,1,A,b3own,0,2000,MORE_FLAG_CAPTURES,3000,3900,201,0,0,201,2,1,1,17,8,2,207,195,759,899,39.1,2,2,0,0,6.0,42,2,3
gauntlet/20261002-032719-scrim-b3own/losses/andrewgopher.player22__WheresMyWater__botA.bc24,andrewgopher.player22,0,B,player22,1,2000,MORE_FLAG_CAPTURES,3000,5400,201,29,30,201,9,2,2,52,20,1,368,348,899,759,40.7,6,3,2,1,15.5,38,0,2
gauntlet/20261002-032719-scrim-b3own/losses/awu7.ExplosiveBot__Capacitance__botB.bc24,awu7.ExplosiveBot,0,A,ExplosiveBot,1,2000,MORE_FLAG_CAPTURES,3600,5300,201,7,13,211,45,2,12,174,68,1,159,127,204,1315,34.0,45,10,4,31,12.9,39,0,2
gauntlet/20261002-032719-scrim-b3own/losses/awu7.ExplosiveBot__Capacitance__botB.bc24,awu7.ExplosiveBot,1,B,b3own,0,2000,MORE_FLAG_CAPTURES,3600,4700,201,27,29,206,2,1,1,79,39,12,395,367,1315,204,47.5,2,2,0,0,8.0,44,4,10
gauntlet/20261002-032719-scrim-b3own/losses/chenyx512.flagbot_final__Bunkers__botA.bc24,chenyx512.flagbot_final,1,A,b3own,0,826,CAPTURE,2800,2800,201,18,14,232,4,2,2,93,46,11,78,75,70,374,39.3,4,4,0,0,24.0,41,6,8
gauntlet/20261002-032719-scrim-b3own/losses/chenyx512.flagbot_final__Bunkers__botA.bc24,chenyx512.flagbot_final,0,B,flagbot_final,1,826,CAPTURE,2800,2800,201,23,18,233,17,3,11,763,309,2,221,150,374,70,47.9,14,8,6,0,13.4,47,0,4
gauntlet/20261002-032719-scrim-b3own/losses/chenyx512.flagbot_final__CH3353C4K3F4CT0RY__botB.bc24,chenyx512.flagbot_final,0,A,flagbot_final,1,852,CAPTURE,13000,15000,207,23,24,249,19,3,13,789,320,1,416,356,287,76,47.7,16,9,7,0,22.2,34,0,1
gauntlet/20261002-032719-scrim-b3own/losses/chenyx512.flagbot_final__CH3353C4K3F4CT0RY__botB.bc24,chenyx512.flagbot_final,1,B,b3own,0,852,CAPTURE,11300,11400,202,30,26,374,1,0,1,0,0,13,165,164,76,287,42.1,1,1,0,0,28.0,40,7,9
gauntlet/20261002-032719-scrim-b3own/losses/chenyx512.flagbot_final__Intercontinental__botA.bc24,chenyx512.flagbot_final,1,A,b3own,0,1184,CAPTURE,2400,4500,201,18,18,319,10,1,9,162,77,6,91,88,130,542,39.0,10,9,1,0,19.0,48,2,7
gauntlet/20261002-032719-scrim-b3own/losses/chenyx512.flagbot_final__Intercontinental__botA.bc24,chenyx512.flagbot_final,0,B,flagbot_final,1,1184,CAPTURE,2400,4200,201,10,10,215,12,3,6,778,304,9,203,170,542,130,47.3,9,7,2,0,19.8,35,1,9
gauntlet/20261002-032719-scrim-b3own/losses/clbarrell.duck8__Fountain__botA.bc24,clbarrell.duck8,1,A,b3own,0,480,CAPTURE,1700,3100,208,14,12,225,2,2,0,66,33,3,37,34,110,67,46.6,2,2,0,0,,41,3,3
gauntlet/20261002-032719-scrim-b3own/losses/clbarrell.duck8__Fountain__botA.bc24,clbarrell.duck8,0,B,duck8,1,480,CAPTURE,1700,2300,213,8,12,261,6,3,3,140,57,0,50,42,67,110,44.6,6,3,3,0,16.3,40,0,2
gauntlet/20261002-032719-scrim-b3own/losses/chenyx512.flagbot_final__KingQuacksCastle__botB.bc24,chenyx512.flagbot_final,0,A,flagbot_final,1,429,CAPTURE,1600,12700,204,19,21,255,9,3,3,751,293,5,149,103,58,20,48.6,6,3,3,0,21.0,44,1,5
gauntlet/20261002-032719-scrim-b3own/losses/chenyx512.flagbot_final__KingQuacksCastle__botB.bc24,chenyx512.flagbot_final,1,B,b3own,0,429,CAPTURE,1600,2100,204,23,22,219,6,1,5,221,102,3,38,35,20,58,46.8,6,5,1,0,22.8,48,3,3
gauntlet/20261002-032719-scrim-b3own/losses/chenyx512.flagbot_final__OceanFloor__botB.bc24,chenyx512.flagbot_final,0,A,flagbot_final,1,1151,CAPTURE,1400,1400,201,33,22,232,11,3,5,854,340,5,287,216,421,82,48.2,8,5,3,0,20.6,45,1,4
gauntlet/20261002-032719-scrim-b3own/losses/chenyx512.flagbot_final__OceanFloor__botB.bc24,chenyx512.flagbot_final,1,B,b3own,0,1151,CAPTURE,1400,1400,201,26,28,253,5,0,5,237,113,5,108,96,82,421,41.2,5,4,1,0,35.6,46,3,5
gauntlet/20261002-032719-scrim-b3own/losses/dmtrung14.defaultplayer_intlqualifier__Foxes__botB.bc24,dmtrung14.defaultplayer_intlqualifier,0,A,defaultplayer_intlqualifier,1,409,CAPTURE,7500,7500,202,6,22,286,33,3,0,401,78,3,66,48,14,113,43.2,30,3,0,27,,31,1,3
gauntlet/20261002-032719-scrim-b3own/losses/dmtrung14.defaultplayer_intlqualifier__Foxes__botB.bc24,dmtrung14.defaultplayer_intlqualifier,1,B,b3own,0,409,CAPTURE,7500,7500,202,32,32,230,4,0,3,120,59,0,75,67,113,14,49.2,4,3,1,0,30.7,41,0,3
gauntlet/20261002-032719-scrim-b3own/losses/dmtrung14.defaultplayer_intlqualifier__StarryNight__botA.bc24,dmtrung14.defaultplayer_intlqualifier,1,A,b3own,0,366,CAPTURE,12700,13700,201,14,16,223,1,1,0,42,21,1,125,67,71,15,48.9,1,1,0,0,,48,1,3
gauntlet/20261002-032719-scrim-b3own/losses/dmtrung14.defaultplayer_intlqualifier__StarryNight__botA.bc24,dmtrung14.defaultplayer_intlqualifier,0,B,defaultplayer_intlqualifier,1,366,CAPTURE,13600,13700,201,13,23,205,39,3,1,361,28,0,40,26,15,71,45.0,36,3,1,32,12.0,48,0,1
gauntlet/20261002-032719-scrim-b3own/losses/hsmalladi.finalbot__BreadPudding__botB.bc24,hsmalladi.finalbot,0,A,finalbot,1,598,CAPTURE,2600,3000,209,19,11,254,34,3,13,813,104,1,76,70,104,111,45.4,31,4,12,15,12.8,44,0,1
gauntlet/20261002-032719-scrim-b3own/losses/hsmalladi.finalbot__BreadPudding__botB.bc24,hsmalladi.finalbot,1,B,b3own,0,598,CAPTURE,2600,2800,202,6,16,271,1,0,1,81,40,13,50,45,111,104,45.8,1,1,0,0,18.0,40,12,4
gauntlet/20261002-032719-scrim-b3own/losses/dmtrung14.defaultplayer_intlqualifier__OceanFloor__botB.bc24,dmtrung14.defaultplayer_intlqualifier,0,A,defaultplayer_intlqualifier,1,2000,MORE_FLAG_CAPTURES,1200,1200,201,30,18,231,29,2,9,430,161,3,46,40,12,808,40.1,26,8,3,15,33.7,45,0,3
gauntlet/20261002-032719-scrim-b3own/losses/dmtrung14.defaultplayer_intlqualifier__OceanFloor__botB.bc24,dmtrung14.defaultplayer_intlqualifier,1,B,b3own,0,2000,MORE_FLAG_CAPTURES,1400,1400,201,32,31,261,3,0,3,21,10,9,387,95,808,12,49.8,3,3,0,0,39.3,47,3,8
gauntlet/20261002-032719-scrim-b3own/losses/hsmalladi.finalbot__HungerGames__botB.bc24,hsmalladi.finalbot,0,A,finalbot,1,596,CAPTURE,700,15100,208,16,31,242,25,3,13,768,87,5,211,169,90,109,45.7,22,9,7,6,13.6,47,0,6
gauntlet/20261002-032719-scrim-b3own/losses/hsmalladi.finalbot__HungerGames__botB.bc24,hsmalladi.finalbot,1,B,b3own,0,596,CAPTURE,700,7100,203,22,19,286,6,1,5,108,47,13,110,106,109,90,46.4,6,6,0,0,20.4,46,7,9
gauntlet/20261002-032719-scrim-b3own/losses/dmtrung14.defaultplayer_intlqualifier__GaltonBoard__botB.bc24,dmtrung14.defaultplayer_intlqualifier,0,A,defaultplayer_intlqualifier,1,2000,MORE_FLAG_CAPTURES,0,200,201,12,14,222,22,2,3,314,3,2,77,66,114,1250,34.7,19,5,0,14,19.7,35,0,3
gauntlet/20261002-032719-scrim-b3own/losses/dmtrung14.defaultplayer_intlqualifier__GaltonBoard__botB.bc24,dmtrung14.defaultplayer_intlqualifier,1,B,b3own,0,2000,MORE_FLAG_CAPTURES,0,500,211,11,9,237,3,1,2,79,39,3,234,204,1250,114,48.6,3,3,0,0,21.0,39,0,5
gauntlet/20261002-032719-scrim-b3own/losses/hsmalladi.finalbot__Hurricane__botA.bc24,hsmalladi.finalbot,1,A,b3own,0,1379,CAPTURE,4500,4500,201,12,20,674,1,0,1,203,100,41,120,56,140,58,48.9,1,1,0,0,39.0,42,14,30
gauntlet/20261002-032719-scrim-b3own/losses/hsmalladi.finalbot__Hurricane__botA.bc24,hsmalladi.finalbot,0,B,finalbot,1,1379,CAPTURE,4500,4500,201,29,18,216,54,3,41,1174,334,1,109,90,58,140,47.5,51,30,14,7,20.2,47,0,1
gauntlet/20261002-032719-scrim-b3own/losses/hsmalladi.finalbot__Puzzle__botA.bc24,hsmalladi.finalbot,1,A,b3own,0,493,CAPTURE,0,4400,204,6,12,228,3,0,1,279,75,10,61,47,63,67,46.7,3,3,0,0,37.0,40,8,5
gauntlet/20261002-032719-scrim-b3own/losses/hsmalladi.finalbot__Puzzle__botA.bc24,hsmalladi.finalbot,0,B,finalbot,1,493,CAPTURE,0,18300,209,43,30,234,26,3,10,877,200,1,179,164,67,63,47.0,23,5,8,10,19.6,47,0,3
gauntlet/20261002-032719-scrim-b3own/losses/hsmalladi.finalbot__StackGame__botA.bc24,hsmalladi.finalbot,1,A,b3own,0,432,CAPTURE,4500,4500,215,8,8,303,1,0,1,88,42,9,70,65,101,68,46.4,1,1,0,0,22.0,42,9,3
gauntlet/20261002-032719-scrim-b3own/losses/hsmalladi.finalbot__StackGame__botA.bc24,hsmalladi.finalbot,0,B,finalbot,1,432,CAPTURE,4600,4600,201,18,26,273,21,3,9,720,73,1,69,62,68,101,44.6,18,3,9,6,10.8,44,0,1
gauntlet/20261002-032719-scrim-b3own/losses/jmerle.camel_case_v21_final__HungerGames__botB.bc24,jmerle.camel_case_v21_final,0,A,camel_case_v21_final,1,334,CAPTURE,700,20500,203,36,46,230,4,3,1,121,59,0,215,170,97,31,48.1,4,4,0,0,14.0,48,0,0
gauntlet/20261002-032719-scrim-b3own/losses/jmerle.camel_case_v21_final__HungerGames__botB.bc24,jmerle.camel_case_v21_final,1,B,b3own,0,334,CAPTURE,600,1700,203,1,0,0,0,0,0,0,0,1,34,32,31,97,43.3,0,0,0,0,,44,0,4
gauntlet/20261002-032719-scrim-b3own/losses/hsmalladi.finalbot__TwistedTreeline__botA.bc24,hsmalladi.finalbot,1,A,b3own,0,1368,CAPTURE,2400,2400,203,12,41,285,4,1,3,168,82,46,181,172,494,327,44.3,4,4,0,0,25.7,43,28,22
gauntlet/20261002-032719-scrim-b3own/losses/hsmalladi.finalbot__TwistedTreeline__botA.bc24,hsmalladi.finalbot,0,B,finalbot,1,1368,CAPTURE,2400,2400,202,28,27,258,65,3,46,1598,458,3,179,178,327,494,41.3,62,22,28,12,20.3,45,0,4
gauntlet/20261002-032719-scrim-b3own/losses/jmerle.camel_case_v21_final__GravitationalWaves__botB.bc24,jmerle.camel_case_v21_final,0,A,camel_case_v21_final,1,2000,MORE_FLAG_CAPTURES,3700,3700,201,24,28,203,5,1,4,76,36,2,158,129,375,612,42.5,5,3,2,0,25.8,16,0,2
gauntlet/20261002-032719-scrim-b3own/losses/jmerle.camel_case_v21_final__GravitationalWaves__botB.bc24,jmerle.camel_case_v21_final,1,B,b3own,0,2000,MORE_FLAG_CAPTURES,3100,3100,201,22,22,204,2,0,2,35,17,4,201,145,612,375,45.5,2,2,0,0,25.0,13,2,3
gauntlet/20261002-032719-scrim-b3own/losses/jmerle.camel_case_v21_final__Starfish__botB.bc24,jmerle.camel_case_v21_final,0,A,camel_case_v21_final,1,386,CAPTURE,4100,4200,201,22,17,201,5,3,2,78,38,7,13,13,97,123,42.8,5,3,2,0,6.0,38,1,6
gauntlet/20261002-032719-scrim-b3own/losses/jmerle.camel_case_v21_final__Starfish__botB.bc24,jmerle.camel_case_v21_final,1,B,b3own,0,386,CAPTURE,3800,3800,201,23,16,201,7,0,7,30,12,2,32,31,123,97,44.2,7,6,1,0,6.7,37,2,3
gauntlet/20261002-032719-scrim-b3own/losses/jmerle.camel_case_v21_final__Hurricane__botA.bc24,jmerle.camel_case_v21_final,1,A,b3own,0,2000,MORE_FLAG_CAPTURES,4500,4500,201,19,15,217,25,1,24,268,133,18,217,152,314,216,47.3,25,25,0,0,14.6,47,10,10
gauntlet/20261002-032719-scrim-b3own/losses/jmerle.camel_case_v21_final__Hurricane__botA.bc24,jmerle.camel_case_v21_final,0,B,camel_case_v21_final,1,2000,MORE_FLAG_CAPTURES,4500,4500,201,38,18,209,20,2,18,634,309,24,139,130,216,314,46.2,20,10,10,0,24.1,48,0,25
gauntlet/20261002-032719-scrim-b3own/losses/jonters.bling3__DefaultHuge__botB.bc24,jonters.bling3,0,A,bling3,1,452,CAPTURE,3700,3700,201,28,10,204,6,3,3,143,70,4,27,25,35,110,43.8,6,4,2,0,20.0,40,0,6
gauntlet/20261002-032719-scrim-b3own/losses/jonters.bling3__DefaultHuge__botB.bc24,jonters.bling3,1,B,b3own,0,452,CAPTURE,3700,3700,201,18,30,236,6,1,4,117,55,3,76,53,110,35,48.0,6,6,0,0,20.3,47,2,4
gauntlet/20261002-032719-scrim-b3own/losses/jmerle.camel_case_v21_final__OceanFloor__botB.bc24,jmerle.camel_case_v21_final,0,A,camel_case_v21_final,1,1821,CAPTURE,1400,1400,201,40,14,226,17,3,14,305,154,12,290,278,517,774,39.6,17,13,4,0,48.1,48,2,10
gauntlet/20261002-032719-scrim-b3own/losses/jmerle.camel_case_v21_final__OceanFloor__botB.bc24,jmerle.camel_case_v21_final,1,B,b3own,0,1821,CAPTURE,1400,1400,201,12,11,211,12,0,12,255,116,14,211,201,774,517,43.0,12,10,2,0,20.4,47,4,13
gauntlet/20261002-032719-scrim-b3own/losses/kyleezz.jeeryfix3__Skyline__botA.bc24,kyleezz.jeeryfix3,1,A,b3own,0,395,CAPTURE,20400,20400,207,17,10,257,0,0,0,0,0,5,183,170,109,41,47.5,0,0,0,0,,44,4,4
gauntlet/20261002-032719-scrim-b3own/losses/kyleezz.jeeryfix3__Skyline__botA.bc24,kyleezz.jeeryfix3,0,B,jeeryfix3,1,395,CAPTURE,21600,21600,201,13,9,223,8,3,5,105,48,0,169,121,41,109,43.4,8,4,4,0,15.6,49,0,0
gauntlet/20261002-032719-scrim-b3own/losses/kyleezz.jeeryfix3__Hurricane__botB.bc24,kyleezz.jeeryfix3,0,A,jeeryfix3,1,2000,MORE_FLAG_CAPTURES,4500,4500,201,26,17,206,11,2,9,235,145,9,115,69,76,204,47.5,11,9,2,0,22.8,48,0,9
gauntlet/20261002-032719-scrim-b3own/losses/kyleezz.jeeryfix3__Hurricane__botB.bc24,kyleezz.jeeryfix3,1,B,b3own,0,2000,MORE_FLAG_CAPTURES,4500,4500,201,17,23,219,9,0,9,178,79,9,204,98,204,76,49.1,9,9,0,0,8.6,45,2,9
gauntlet/20261002-032719-scrim-b3own/losses/kyleezz.jeeryfix3__CH3353C4K3F4CT0RY__botB.bc24,kyleezz.jeeryfix3,0,A,jeeryfix3,1,2000,MORE_FLAG_CAPTURES,13000,13600,209,16,26,241,12,1,11,66,33,1,504,460,598,1326,33.9,12,9,3,0,26.0,36,0,1
gauntlet/20261002-032719-scrim-b3own/losses/kyleezz.jeeryfix3__CH3353C4K3F4CT0RY__botB.bc24,kyleezz.jeeryfix3,1,B,b3own,0,2000,MORE_FLAG_CAPTURES,11100,11100,202,3,0,230,1,0,1,16,7,11,280,265,1326,598,42.7,1,1,0,0,9.0,37,3,9
gauntlet/20261002-032719-scrim-b3own/losses/kyleezz.jeeryfix3__Digging__botB.bc24,kyleezz.jeeryfix3,0,A,jeeryfix3,1,2000,MORE_FLAG_CAPTURES,700,1300,211,38,27,228,1,1,0,31,16,0,231,227,459,1508,31.6,1,1,0,0,,42,0,0
gauntlet/20261002-032719-scrim-b3own/losses/kyleezz.jeeryfix3__Digging__botB.bc24,kyleezz.jeeryfix3,1,B,b3own,0,2000,MORE_FLAG_CAPTURES,700,1800,206,0,0,405,0,0,0,0,0,0,227,211,1508,459,44.4,0,0,0,0,,38,0,1
gauntlet/20261002-032719-scrim-b3own/losses/quesswho.cretplayer2_3__Battlefield__botB.bc24,quesswho.cretplayer2_3,0,A,cretplayer2_3,1,513,CAPTURE,3700,3700,208,15,19,212,19,3,13,675,34,12,73,69,82,170,41.2,16,7,9,0,6.2,32,2,11
gauntlet/20261002-032719-scrim-b3own/losses/quesswho.cretplayer2_3__Battlefield__botB.bc24,quesswho.cretplayer2_3,1,B,b3own,0,513,CAPTURE,3700,3700,202,14,7,212,13,1,12,99,39,13,57,54,170,82,46.4,13,11,2,0,7.8,40,9,7
gauntlet/20261002-032719-scrim-b3own/losses/kyleezz.jeeryfix3__YearOfTheDragon__botB.bc24,kyleezz.jeeryfix3,0,A,jeeryfix3,1,2000,MORE_FLAG_CAPTURES,10800,10800,201,25,13,219,8,2,6,88,40,0,414,375,408,860,39.5,8,4,4,0,20.8,50,0,1
gauntlet/20261002-032719-scrim-b3own/losses/kyleezz.jeeryfix3__YearOfTheDragon__botB.bc24,kyleezz.jeeryfix3,1,B,b3own,0,2000,MORE_FLAG_CAPTURES,10800,10800,201,8,4,224,1,1,0,46,22,6,273,249,860,408,45.0,1,1,0,0,,44,4,4
gauntlet/20261002-032719-scrim-b3own/losses/quesswho.cretplayer2_3__Canals__botA.bc24,quesswho.cretplayer2_3,1,A,b3own,0,1056,CAPTURE,4600,4600,217,4,3,240,7,1,6,110,49,10,156,133,471,249,44.4,7,6,1,0,27.0,47,7,6
gauntlet/20261002-032719-scrim-b3own/losses/quesswho.cretplayer2_3__Canals__botA.bc24,quesswho.cretplayer2_3,0,B,cretplayer2_3,1,1056,CAPTURE,4600,5500,202,31,10,232,16,3,10,1057,299,6,145,138,249,471,38.7,13,6,7,0,29.0,41,1,6
gauntlet/20261002-032719-scrim-b3own/losses/quesswho.cretplayer2_3__OceanFloor__botA.bc24,quesswho.cretplayer2_3,1,A,b3own,0,846,CAPTURE,1300,1300,201,35,43,314,6,1,5,850,393,3,98,58,153,91,47.4,6,5,1,0,28.2,47,2,4
gauntlet/20261002-032719-scrim-b3own/losses/quesswho.cretplayer2_3__OceanFloor__botA.bc24,quesswho.cretplayer2_3,0,B,cretplayer2_3,1,846,CAPTURE,1400,1500,201,21,27,252,9,3,3,1176,305,5,74,67,91,153,45.0,6,4,2,0,13.7,21,1,5
gauntlet/20261002-032719-scrim-b3own/losses/quesswho.cretplayer2_3__Tunnels__botB.bc24,quesswho.cretplayer2_3,0,A,cretplayer2_3,1,659,CAPTURE,2400,3900,203,14,6,238,35,3,29,889,125,0,86,77,97,311,37.9,32,10,22,0,13.2,33,0,1
gauntlet/20261002-032719-scrim-b3own/losses/quesswho.cretplayer2_3__Tunnels__botB.bc24,quesswho.cretplayer2_3,1,B,b3own,0,659,CAPTURE,2200,2500,226,4,4,349,1,0,0,3,1,29,57,52,311,97,46.5,1,1,0,0,,32,22,10
gauntlet/20261002-032719-scrim-b3own/losses/winkelmantanner.waffle__Islands__botA.bc24,winkelmantanner.waffle,1,A,b3own,0,403,CAPTURE,5800,5800,206,20,11,225,2,0,2,7,3,11,43,38,70,87,45.0,2,2,0,0,20.0,46,11,3
gauntlet/20261002-032719-scrim-b3own/losses/winkelmantanner.waffle__Islands__botA.bc24,winkelmantanner.waffle,0,B,waffle,1,403,CAPTURE,5800,5800,201,35,33,217,14,3,11,322,153,2,100,77,87,70,46.1,14,3,11,0,14.1,38,0,2
gauntlet/20261002-032719-scrim-b3own/losses/winkelmantanner.waffle__Skyline__botA.bc24,winkelmantanner.waffle,1,A,b3own,0,696,CAPTURE,21600,24300,202,19,9,209,0,0,0,0,0,21,237,228,238,173,44.1,0,0,0,0,,42,16,8
gauntlet/20261002-032719-scrim-b3own/losses/winkelmantanner.waffle__Skyline__botA.bc24,winkelmantanner.waffle,0,B,waffle,1,696,CAPTURE,13200,14700,201,17,16,245,24,3,21,171,71,0,227,212,173,238,41.6,24,8,16,0,15.1,35,0,0
gauntlet/20261002-032719-scrim-b3own/losses/winkelmantanner.waffle__BedWars__botA.bc24,winkelmantanner.waffle,1,A,b3own,0,514,CAPTURE,2400,3900,228,0,0,316,2,2,0,64,31,10,49,24,70,24,48.9,2,2,0,0,,48,10,3
gauntlet/20261002-032719-scrim-b3own/losses/winkelmantanner.waffle__BedWars__botA.bc24,winkelmantanner.waffle,0,B,waffle,1,514,CAPTURE,2400,4200,205,5,9,282,13,3,10,142,67,0,29,28,24,70,46.6,13,3,10,0,7.7,47,0,2
gauntlet/20261002-032719-scrim-b3own/losses/quesswho.cretplayer2_3__Capacitance__botA.bc24,quesswho.cretplayer2_3,1,A,b3own,0,1959,CAPTURE,3600,5100,201,23,29,201,4,2,2,278,128,37,292,252,877,497,43.8,4,4,0,0,8.0,47,23,17
gauntlet/20261002-032719-scrim-b3own/losses/quesswho.cretplayer2_3__Capacitance__botA.bc24,quesswho.cretplayer2_3,0,B,cretplayer2_3,1,1959,CAPTURE,3600,4900,201,26,29,206,43,3,37,2811,985,2,336,327,497,877,39.0,40,17,23,0,12.5,29,0,4
gauntlet/20261002-032719-scrim-b3own/losses/winkelmantanner.waffle__StackGame__botB.bc24,winkelmantanner.waffle,0,A,waffle,1,402,CAPTURE,4600,4600,201,27,15,231,14,3,11,133,60,3,90,83,52,106,43.6,14,3,11,0,17.0,38,1,3
gauntlet/20261002-032719-scrim-b3own/losses/winkelmantanner.waffle__StackGame__botB.bc24,winkelmantanner.waffle,1,B,b3own,0,402,CAPTURE,4500,4500,201,0,7,293,4,0,3,49,21,11,63,63,106,52,46.8,4,3,1,0,8.7,43,11,3
gauntlet/20261002-032719-scrim-b3own/replays/ColtG5.Goob_final__DefaultLarge__botA.bc24,ColtG5.Goob_final,1,A,b3own,1,2000,MORE_FLAG_CAPTURES,1800,3100,208,9,19,288,11,2,8,367,225,9,406,327,1261,438,44.7,11,5,6,0,41.1,42,2,7
gauntlet/20261002-032719-scrim-b3own/replays/ColtG5.Goob_final__DefaultLarge__botA.bc24,ColtG5.Goob_final,0,B,Goob_final,0,2000,MORE_FLAG_CAPTURES,1800,5900,202,26,30,296,9,0,9,49,17,8,303,292,438,1261,34.6,9,7,2,0,44.1,44,6,5
gauntlet/20261002-032719-scrim-b3own/replays/ColtG5.Goob_final__BigDucksBigPond__botB.bc24,ColtG5.Goob_final,0,A,Goob_final,0,2000,MORE_FLAG_CAPTURES,4900,8200,201,36,16,240,3,1,2,79,36,3,273,270,472,1445,32.4,3,2,1,0,45.5,47,1,5
gauntlet/20261002-032719-scrim-b3own/replays/ColtG5.Goob_final__BigDucksBigPond__botB.bc24,ColtG5.Goob_final,1,B,b3own,1,2000,MORE_FLAG_CAPTURES,5100,5600,201,12,8,262,6,2,3,330,174,2,549,463,1445,472,44.3,6,5,1,0,41.0,47,1,2
gauntlet/20261002-032719-scrim-b3own/losses/winkelmantanner.waffle__Whirlpool__botB.bc24,winkelmantanner.waffle,0,A,waffle,1,2000,MORE_FLAG_CAPTURES,2800,6700,201,20,15,255,21,2,19,155,65,1,297,278,497,826,40.0,21,6,15,0,18.4,33,0,1
gauntlet/20261002-032719-scrim-b3own/losses/winkelmantanner.waffle__Whirlpool__botB.bc24,winkelmantanner.waffle,1,B,b3own,0,2000,MORE_FLAG_CAPTURES,2800,3300,201,20,10,944,1,0,1,2,0,19,200,192,826,497,44.0,1,1,0,0,18.0,47,15,6
gauntlet/20261002-032719-scrim-b3own/replays/Gymhgy.v10official__Diagonal__botA.bc24,Gymhgy.v10official,1,A,b3own,1,2000,LEVEL_SUM,5100,5100,201,20,25,342,5,0,5,26,9,2,262,223,182,132,48.4,5,4,1,0,33.8,37,0,2
gauntlet/20261002-032719-scrim-b3own/replays/Gymhgy.v10official__Diagonal__botA.bc24,Gymhgy.v10official,0,B,v10official,0,2000,LEVEL_SUM,5100,5100,201,13,21,292,5,0,2,607,13,5,269,156,132,182,47.8,2,2,0,0,28.5,33,1,4
gauntlet/20261002-032719-scrim-b3own/replays/CyrilSharma.finalBot__DefaultLarge__botA.bc24,CyrilSharma.finalBot,1,A,b3own,1,2000,LEVEL_SUM,1800,3100,202,27,12,277,0,0,0,0,0,6,237,211,491,464,44.3,0,0,0,0,,40,3,3
gauntlet/20261002-032719-scrim-b3own/replays/CyrilSharma.finalBot__DefaultLarge__botA.bc24,CyrilSharma.finalBot,0,B,finalBot,0,2000,LEVEL_SUM,1800,6000,202,15,29,309,6,0,6,48,19,0,565,560,464,491,44.0,6,3,3,0,47.0,42,0,0
gauntlet/20261002-032719-scrim-b3own/replays/SampleProvider.TSPAARKSPRINT1__WheresMyWater__botB.bc24,SampleProvider.TSPAARKSPRINT1,0,A,TSPAARKSPRINT1,0,2000,LEVEL_SUM,3000,4200,201,10,7,201,39,2,33,827,351,3,56,51,124,1171,35.7,36,19,17,0,10.0,42,0,5
gauntlet/20261002-032719-scrim-b3own/replays/SampleProvider.TSPAARKSPRINT1__WheresMyWater__botB.bc24,SampleProvider.TSPAARKSPRINT1,1,B,b3own,1,2000,LEVEL_SUM,3000,4200,201,35,31,201,5,2,3,65,31,33,458,441,1171,124,48.5,5,5,0,0,19.7,41,17,19
gauntlet/20261002-032719-scrim-b3own/replays/SampleProvider.TSPAARKSPRINT1__Swoop__botA.bc24,SampleProvider.TSPAARKSPRINT1,1,A,b3own,1,1847,CAPTURE,4300,4300,201,14,21,240,26,3,23,756,353,79,266,247,800,168,47.8,26,19,7,0,25.0,47,31,50
gauntlet/20261002-032719-scrim-b3own/replays/SampleProvider.TSPAARKSPRINT1__Swoop__botA.bc24,SampleProvider.TSPAARKSPRINT1,0,B,TSPAARKSPRINT1,0,1847,CAPTURE,4300,4300,201,35,36,211,84,2,79,1509,685,23,90,89,168,800,39.5,81,50,31,0,24.9,44,7,19
gauntlet/20261002-032719-scrim-b3own/replays/awu7.ExplosiveBot__Alligator__botA.bc24,awu7.ExplosiveBot,1,A,b3own,1,1699,CAPTURE,3300,5700,201,8,36,232,14,3,11,270,125,10,365,284,936,207,47.0,14,10,4,0,16.0,33,4,7
gauntlet/20261002-032719-scrim-b3own/replays/awu7.ExplosiveBot__Alligator__botA.bc24,awu7.ExplosiveBot,0,B,ExplosiveBot,0,1699,CAPTURE,3300,6900,201,7,0,228,18,0,10,54,19,11,147,143,207,936,36.7,18,7,4,7,16.5,25,4,10
gauntlet/20261002-032719-scrim-b3own/replays/awu7.ExplosiveBot__GaltonBoard__botA.bc24,awu7.ExplosiveBot,1,A,b3own,1,1024,CAPTURE,0,0,201,17,22,253,27,3,24,328,145,0,330,193,883,100,47.6,27,6,21,0,15.0,40,0,0
gauntlet/20261002-032719-scrim-b3own/replays/awu7.ExplosiveBot__GaltonBoard__botA.bc24,awu7.ExplosiveBot,0,B,ExplosiveBot,0,1024,CAPTURE,0,0,213,13,0,235,0,0,0,0,0,24,68,69,100,883,29.4,0,0,0,0,,19,21,6
gauntlet/20261002-032719-scrim-b3own/replays/Strequals.duck0127v5__Divergent__botA.bc24,Strequals.duck0127v5,1,A,b3own,1,2000,LEVEL_SUM,3600,3900,203,13,13,295,14,0,14,81,28,35,208,188,228,306,46.3,14,12,2,0,26.2,42,12,23
gauntlet/20261002-032719-scrim-b3own/replays/Strequals.duck0127v5__Divergent__botA.bc24,Strequals.duck0127v5,0,B,duck0127v5,0,2000,LEVEL_SUM,3400,3400,203,7,23,275,35,0,35,490,256,14,314,278,306,228,47.2,35,23,12,0,28.5,23,2,12
gauntlet/20261002-032719-scrim-b3own/replays/awu7.ExplosiveBot__Canals__botA.bc24,awu7.ExplosiveBot,1,A,b3own,1,1691,CAPTURE,4600,4800,218,7,34,283,32,3,29,807,358,9,570,513,1413,185,47.3,32,21,11,0,26.9,47,3,7
gauntlet/20261002-032719-scrim-b3own/replays/awu7.ExplosiveBot__Canals__botA.bc24,awu7.ExplosiveBot,0,B,ExplosiveBot,0,1691,CAPTURE,4600,5100,202,19,12,221,41,1,9,137,46,29,130,120,185,1413,29.7,41,7,3,31,26.8,42,11,21
gauntlet/20261002-032719-scrim-b3own/replays/awu7.ExplosiveBot__Joker__botB.bc24,awu7.ExplosiveBot,0,A,ExplosiveBot,0,1500,CAPTURE,14500,18500,201,11,0,223,27,1,11,89,29,18,229,214,276,850,36.2,27,8,4,15,25.4,26,4,17
gauntlet/20261002-032719-scrim-b3own/replays/awu7.ExplosiveBot__Joker__botB.bc24,awu7.ExplosiveBot,1,B,b3own,1,1500,CAPTURE,13600,19900,204,23,30,233,21,3,18,594,282,11,468,400,850,276,45.5,21,17,4,0,22.9,43,4,8
gauntlet/20261002-032719-scrim-b3own/replays/awu7.ExplosiveBot__Klein__botB.bc24,awu7.ExplosiveBot,0,A,ExplosiveBot,0,1355,CAPTURE,6600,6600,243,1,0,354,14,1,7,69,28,17,70,66,123,849,35.0,14,6,2,6,23.0,35,4,16
gauntlet/20261002-032719-scrim-b3own/replays/awu7.ExplosiveBot__Klein__botB.bc24,awu7.ExplosiveBot,1,B,b3own,1,1355,CAPTURE,5100,5100,204,10,37,249,20,3,17,568,273,7,332,240,849,123,47.8,20,16,4,0,24.0,46,2,6
gauntlet/20261002-032719-scrim-b3own/replays/clbarrell.duck8__Diagonal__botB.bc24,clbarrell.duck8,0,A,duck8,0,2000,LEVEL_SUM,5100,5100,201,21,39,302,7,0,7,31,2,15,302,221,277,859,39.5,7,2,5,0,35.4,36,4,11
gauntlet/20261002-032719-scrim-b3own/replays/clbarrell.duck8__Diagonal__botB.bc24,clbarrell.duck8,1,B,b3own,1,2000,LEVEL_SUM,5100,5100,201,13,18,299,15,0,15,1049,460,7,310,274,859,277,46.6,15,11,4,0,13.6,37,5,2
gauntlet/20261002-032719-scrim-b3own/replays/dmtrung14.defaultplayer_intlqualifier__DefaultHuge__botA.bc24,dmtrung14.defaultplayer_intlqualifier,1,A,b3own,1,640,CAPTURE,3700,3700,201,36,32,201,6,3,3,270,131,2,81,57,243,16,49.3,6,3,3,0,26.0,47,1,3
gauntlet/20261002-032719-scrim-b3own/replays/dmtrung14.defaultplayer_intlqualifier__DefaultHuge__botA.bc24,dmtrung14.defaultplayer_intlqualifier,0,B,defaultplayer_intlqualifier,0,640,CAPTURE,3100,3100,201,8,20,204,56,2,2,440,142,3,78,70,16,243,40.9,53,3,1,49,8.0,43,3,3
gauntlet/20261002-032719-scrim-b3own/replays/clbarrell.duck8__Islands__botB.bc24,clbarrell.duck8,0,A,duck8,0,806,CAPTURE,5800,5800,201,6,10,214,16,1,14,123,50,2,130,114,148,307,40.7,16,7,9,0,18.9,47,0,5
gauntlet/20261002-032719-scrim-b3own/replays/clbarrell.duck8__Islands__botB.bc24,clbarrell.duck8,1,B,b3own,1,806,CAPTURE,5800,5800,201,22,14,236,5,3,2,128,61,14,128,110,307,148,45.6,5,5,0,0,20.0,45,9,7
gauntlet/20261002-032719-scrim-b3own/replays/clbarrell.duck8__Hockey__botB.bc24,clbarrell.duck8,0,A,duck8,0,1385,CAPTURE,3300,3600,210,16,11,244,4,1,3,61,25,8,172,165,255,768,36.6,4,2,2,0,22.7,33,5,6
gauntlet/20261002-032719-scrim-b3own/replays/clbarrell.duck8__Hockey__botB.bc24,clbarrell.duck8,1,B,b3own,1,1385,CAPTURE,3300,3300,224,13,14,243,11,3,8,465,226,3,318,218,768,255,45.5,11,6,5,0,25.1,35,2,2
gauntlet/20261002-032719-scrim-b3own/replays/clbarrell.duck8__Mountain__botB.bc24,clbarrell.duck8,0,A,duck8,0,2000,LEVEL_SUM,4100,5900,204,13,2,206,13,1,12,40,13,0,251,219,412,1168,35.8,13,8,5,0,19.3,40,0,1
gauntlet/20261002-032719-scrim-b3own/replays/clbarrell.duck8__Mountain__botB.bc24,clbarrell.duck8,1,B,b3own,1,2000,LEVEL_SUM,4100,5000,201,8,9,269,1,1,0,20,16,12,285,233,1168,412,45.0,1,1,0,0,,42,5,8
gauntlet/20261002-032719-scrim-b3own/replays/clbarrell.duck8__Whirlpool__botA.bc24,clbarrell.duck8,1,A,b3own,1,2000,LEVEL_SUM,2800,3900,201,18,4,354,5,1,3,208,125,26,250,202,960,389,45.3,5,2,3,0,14.3,43,14,13
gauntlet/20261002-032719-scrim-b3own/replays/clbarrell.duck8__Whirlpool__botA.bc24,clbarrell.duck8,0,B,duck8,0,2000,LEVEL_SUM,2800,6100,201,14,6,244,27,1,26,189,68,3,263,247,389,960,38.3,27,13,14,0,19.6,35,3,2
gauntlet/20261002-032719-scrim-b3own/replays/dmtrung14.defaultplayer_intlqualifier__Klein__botA.bc24,dmtrung14.defaultplayer_intlqualifier,1,A,b3own,1,2000,MORE_FLAG_CAPTURES,5400,5700,202,6,6,201,7,2,5,256,97,0,191,128,410,48,49.4,7,4,3,0,18.6,49,0,1
gauntlet/20261002-032719-scrim-b3own/replays/dmtrung14.defaultplayer_intlqualifier__Klein__botA.bc24,dmtrung14.defaultplayer_intlqualifier,0,B,defaultplayer_intlqualifier,0,2000,MORE_FLAG_CAPTURES,6300,8000,202,8,5,212,10,1,0,301,90,5,35,22,48,410,45.0,7,1,0,6,,44,3,4
gauntlet/20261002-032719-scrim-b3own/replays/jonters.bling3__Alien__botA.bc24,jonters.bling3,1,A,b3own,1,1649,CAPTURE,3300,3300,202,4,3,244,22,3,19,182,79,2,204,193,728,289,45.7,22,16,6,0,14.3,34,0,3
gauntlet/20261002-032719-scrim-b3own/replays/jonters.bling3__Alien__botA.bc24,jonters.bling3,0,B,bling3,0,1649,CAPTURE,3300,3300,202,37,23,249,3,1,2,98,45,19,142,125,289,728,39.0,3,3,0,0,13.0,36,6,16
gauntlet/20261002-032719-scrim-b3own/replays/jonters.bling3__Randy__botB.bc24,jonters.bling3,0,A,bling3,0,1843,CAPTURE,3400,13600,201,12,21,207,4,2,2,67,32,41,163,163,354,794,39.2,4,4,0,0,17.5,37,16,28
gauntlet/20261002-032719-scrim-b3own/replays/jonters.bling3__Randy__botB.bc24,jonters.bling3,1,B,b3own,1,1843,CAPTURE,3400,3400,201,17,15,206,44,3,41,419,197,2,267,262,794,354,45.3,44,28,16,0,9.4,40,0,4
gauntlet/20261002-032719-scrim-b3own/replays/justinottesen.sprint1__GaltonBoard__botB.bc24,justinottesen.sprint1,0,A,sprint1,0,1122,CAPTURE,0,20400,201,11,15,364,0,0,0,0,0,3,185,175,109,811,32.7,0,0,0,0,,32,1,5
gauntlet/20261002-032719-scrim-b3own/replays/justinottesen.sprint1__GaltonBoard__botB.bc24,justinottesen.sprint1,1,B,b3own,1,1122,CAPTURE,0,5900,205,2,0,412,6,3,3,146,70,0,230,173,811,109,47.6,6,5,1,0,17.3,35,0,0
gauntlet/20261002-032719-scrim-b3own/replays/jonters.bling3__Snake__botA.bc24,jonters.bling3,1,A,b3own,1,1584,CAPTURE,11300,23900,203,30,22,227,17,3,14,642,313,5,451,406,582,310,45.2,17,15,2,0,25.5,29,0,7
gauntlet/20261002-032719-scrim-b3own/replays/jonters.bling3__Snake__botA.bc24,jonters.bling3,0,B,bling3,0,1584,CAPTURE,13100,30500,204,45,21,236,7,2,5,276,118,14,203,187,310,582,40.8,7,7,0,0,31.8,38,2,15
gauntlet/20261002-032719-scrim-b3own/replays/justinottesen.sprint1__Battlecode24__botB.bc24,justinottesen.sprint1,0,A,sprint1,0,804,CAPTURE,11500,16500,203,7,7,318,4,0,4,36,14,5,76,59,58,397,38.3,4,2,2,0,21.5,15,0,8
gauntlet/20261002-032719-scrim-b3own/replays/justinottesen.sprint1__Battlecode24__botB.bc24,justinottesen.sprint1,1,B,b3own,1,804,CAPTURE,12400,23200,202,18,19,228,8,3,5,377,184,4,369,300,397,58,48.2,8,8,0,0,26.8,25,2,2
gauntlet/20261002-032719-scrim-b3own/replays/jonters.bling3__Hockey__botB.bc24,jonters.bling3,0,A,bling3,0,1750,CAPTURE,3300,3300,1108,0,0,1558,0,0,0,0,0,24,93,91,234,871,37.4,0,0,0,0,,36,2,25
gauntlet/20261002-032719-scrim-b3own/replays/jonters.bling3__Hockey__botB.bc24,jonters.bling3,1,B,b3own,1,1750,CAPTURE,3300,3300,257,0,3,337,27,3,24,993,482,0,411,327,871,234,46.8,27,25,2,0,25.3,33,0,0
gauntlet/20261002-032719-scrim-b3own/replays/jonters.bling3__Whirlpool__botB.bc24,jonters.bling3,0,A,bling3,0,2000,MORE_FLAG_CAPTURES,2800,6100,201,27,18,267,1,1,0,50,25,5,141,134,261,838,39.4,1,1,0,0,,36,1,6
gauntlet/20261002-032719-scrim-b3own/replays/jonters.bling3__Whirlpool__botB.bc24,jonters.bling3,1,B,b3own,1,2000,MORE_FLAG_CAPTURES,2800,3900,201,20,13,339,7,2,5,160,78,0,234,211,838,261,46.8,7,6,1,0,14.2,47,0,1
gauntlet/20261002-032719-scrim-b3own/replays/justinottesen.sprint1__Hurricane__botB.bc24,justinottesen.sprint1,0,A,sprint1,0,1935,CAPTURE,4500,4500,201,16,19,209,27,0,27,333,152,48,52,50,76,1213,34.8,27,27,0,0,20.3,38,12,39
gauntlet/20261002-032719-scrim-b3own/replays/justinottesen.sprint1__Hurricane__botB.bc24,justinottesen.sprint1,1,B,b3own,1,1935,CAPTURE,4500,4500,201,34,35,218,51,3,48,1479,750,27,494,464,1213,76,49.0,51,39,12,0,13.7,47,0,27
gauntlet/20261002-032719-scrim-b3own/replays/justinottesen.sprint1__Rivers__botB.bc24,justinottesen.sprint1,0,A,sprint1,0,499,CAPTURE,1500,1800,202,1,3,381,2,0,1,25,9,2,22,22,15,267,37.7,2,2,0,0,20.0,28,0,5
gauntlet/20261002-032719-scrim-b3own/replays/justinottesen.sprint1__Rivers__botB.bc24,justinottesen.sprint1,1,B,b3own,1,499,CAPTURE,1500,2400,202,4,18,284,5,3,2,212,103,1,109,79,267,15,49.2,5,5,0,0,18.5,38,0,2
gauntlet/20261002-032719-scrim-b3own/replays/justinottesen.sprint1__StarryNight__botA.bc24,justinottesen.sprint1,1,A,b3own,1,707,CAPTURE,12500,12500,201,16,2,206,10,3,7,298,142,2,205,170,408,91,46.8,10,8,2,0,16.7,38,0,2
gauntlet/20261002-032719-scrim-b3own/replays/justinottesen.sprint1__StarryNight__botA.bc24,justinottesen.sprint1,0,B,sprint1,0,707,CAPTURE,13600,18500,201,11,18,234,2,0,2,19,5,7,96,96,91,408,36.3,2,2,0,0,17.5,41,2,8
gauntlet/20261002-032719-scrim-b3own/replays/justinottesen.sprint1__Joker__botA.bc24,justinottesen.sprint1,1,A,b3own,1,878,CAPTURE,14500,23900,205,27,13,240,15,3,12,310,150,10,412,380,559,99,47.2,15,12,3,0,22.3,43,1,10
gauntlet/20261002-032719-scrim-b3own/replays/justinottesen.sprint1__Joker__botA.bc24,justinottesen.sprint1,0,B,sprint1,0,878,CAPTURE,14500,17400,203,13,7,221,11,0,10,174,75,12,115,106,99,559,34.7,11,10,1,0,25.8,25,3,12
gauntlet/20261002-032719-scrim-b3own/replays/quesswho.cretplayer2_3__KingQuacksCastle__botB.bc24,quesswho.cretplayer2_3,0,A,cretplayer2_3,0,1711,CAPTURE,1600,9600,206,13,13,237,30,2,25,1102,255,14,218,217,328,1153,33.4,27,8,19,0,15.7,38,0,17
gauntlet/20261002-032719-scrim-b3own/replays/quesswho.cretplayer2_3__KingQuacksCastle__botB.bc24,quesswho.cretplayer2_3,1,B,b3own,1,1711,CAPTURE,1600,3300,206,11,11,242,17,3,14,673,317,25,294,255,1153,328,45.3,17,17,0,0,22.9,48,19,8
gauntlet/20261002-032719-scrim-b3own/replays/kyleezz.jeeryfix3__OceanFloor__botA.bc24,kyleezz.jeeryfix3,1,A,b3own,1,1751,CAPTURE,1400,1400,201,4,20,261,7,3,4,416,205,24,463,355,1155,295,45.9,7,4,3,0,39.5,47,14,12
gauntlet/20261002-032719-scrim-b3own/replays/kyleezz.jeeryfix3__OceanFloor__botA.bc24,kyleezz.jeeryfix3,0,B,jeeryfix3,0,1751,CAPTURE,1300,1300,201,20,17,224,26,2,24,265,138,4,172,172,295,1155,33.9,26,12,14,0,31.0,50,3,4
gauntlet/20261002-032719-scrim-b3own/replays/winkelmantanner.waffle__Gauntlet__botB.bc24,winkelmantanner.waffle,0,A,waffle,0,1928,CAPTURE,2100,3400,208,27,27,270,34,2,31,331,160,10,245,245,360,1210,34.8,34,10,24,0,28.0,31,3,10
gauntlet/20261002-032719-scrim-b3own/replays/winkelmantanner.waffle__Gauntlet__botB.bc24,winkelmantanner.waffle,1,B,b3own,1,1928,CAPTURE,2100,2200,207,1,3,461,13,3,10,404,209,31,332,254,1210,360,45.4,13,10,3,0,24.0,38,24,10
