file,opp,us,team,name,won,rounds,wintype,gathered200,gathered400,firstEnemySide,inEnemy250,inEnemy300,firstFlagSight,pickups,captured,carrierDeaths,carrierRounds,carrierMoves,enemyCarrierKills,trapsBuilt,trapsHit,kills,deaths,meanAlive,postPickups,firstGrabs,regrabs,relayPickups,carrierDeathDist,damStage199,enemyRegrabs,enemyFirstGrabs,regrabsLate,capturedLate,chasers20,enemyCaptured,escorts20,stillPost,enemyUnseenRounds,unopposedCaps,longTrips25,longCaps25,longCapRate,loneDeaths,trickleDeaths,symOk,psymOk,maxBcK,overruns,exceptions,symDecidedRound,symWrong,alertWrites,alertNoThreat,maxParkOnHome,efStaleCarry,efStaleLoc
gauntlet/20261003-011650-scrim-g_iter1/losses/ColtG5.Goob_final__Bunkers__botA.bc24,ColtG5.Goob_final,1,A,g_iter1,0,2000,MORE_FLAG_CAPTURES,2800,2800,201,0,3,444,0,0,0,0,0,11,244,238,1537,653,42.1,0,0,0,0,,47,5,8,0,0,3.03,2,0.00,30.4,38,1,1,1,1.000,35,6,1,,14.9,0,0,,0,2274,932,433,0,0
gauntlet/20261003-011650-scrim-g_iter1/losses/ColtG5.Goob_final__Bunkers__botA.bc24,ColtG5.Goob_final,0,B,Goob_final,1,2000,MORE_FLAG_CAPTURES,2800,2800,201,12,28,216,13,2,11,92,45,0,393,375,653,1537,31.3,13,8,5,0,14.1,43,0,0,2,1,0.00,0,5.62,16.5,,,,,,109,84,1,1,18.4,0,0,,0,0,0,1800,0,0
gauntlet/20261003-011650-scrim-g_iter1/losses/ColtG5.Goob_final__Racetrack__botA.bc24,ColtG5.Goob_final,1,A,g_iter1,0,2000,MORE_FLAG_CAPTURES,0,0,202,10,20,250,1,1,0,74,37,23,181,168,1094,509,43.8,1,1,0,0,,30,14,11,0,1,4.28,2,8.15,25.5,84,2,2,2,1.000,67,22,1,,14.8,0,0,1,0,1999,931,224,1,0
gauntlet/20261003-011650-scrim-g_iter1/losses/ColtG5.Goob_final__Racetrack__botA.bc24,ColtG5.Goob_final,0,B,Goob_final,1,2000,MORE_FLAG_CAPTURES,0,0,206,31,20,240,25,2,23,159,63,0,298,283,509,1094,36.6,25,11,14,0,31.9,18,0,1,6,0,0.11,1,6.54,12.6,70,1,1,1,1.000,130,49,0,0,17.5,0,0,,0,0,0,1800,0,0
gauntlet/20261003-011650-scrim-g_iter1/losses/ColtG5.Goob_final__Tunnels__botA.bc24,ColtG5.Goob_final,1,A,g_iter1,0,2000,MORE_FLAG_CAPTURES,2400,3300,206,0,0,379,0,0,0,0,0,1,217,186,715,353,45.7,0,0,0,0,,36,1,1,0,0,0.31,1,0.00,48.7,26,1,1,1,1.000,10,1,0,,14.9,0,0,,0,2055,1662,1631,0,0
gauntlet/20261003-011650-scrim-g_iter1/losses/ColtG5.Goob_final__Tunnels__botA.bc24,ColtG5.Goob_final,0,B,Goob_final,1,2000,MORE_FLAG_CAPTURES,2400,3300,204,4,7,257,2,1,1,36,17,0,204,175,353,715,41.3,2,1,1,0,17.0,35,0,0,0,0,0.00,0,4.11,16.0,,,,,,43,11,0,0,15.9,0,0,,0,0,0,1800,0,0
gauntlet/20261003-011650-scrim-g_iter1/losses/ColtG5.Goob_final__Joker__botA.bc24,ColtG5.Goob_final,1,A,g_iter1,0,2000,MORE_FLAG_CAPTURES,14500,16900,205,13,3,222,2,1,1,36,18,11,387,377,1295,527,43.6,2,1,1,0,21.0,44,6,7,0,0,2.45,2,5.11,25.9,66,0,2,2,1.000,73,5,1,,14.6,0,0,1,0,2227,741,188,1,0
gauntlet/20261003-011650-scrim-g_iter1/losses/ColtG5.Goob_final__Joker__botA.bc24,ColtG5.Goob_final,0,B,Goob_final,1,2000,MORE_FLAG_CAPTURES,14500,25400,202,31,25,249,13,2,11,128,58,1,489,466,527,1295,34.2,13,7,6,0,24.3,42,1,1,4,0,0.03,1,5.63,13.3,35,1,1,1,1.000,247,122,0,0,16.0,0,0,,0,0,0,1800,0,0
gauntlet/20261003-011650-scrim-g_iter1/losses/ColtG5.Goob_final__TreeSearch__botA.bc24,ColtG5.Goob_final,1,A,g_iter1,0,2000,MORE_FLAG_CAPTURES,3200,4400,246,1,2,359,0,0,0,0,0,11,220,209,1345,375,45.4,0,0,0,0,,35,5,7,0,0,2.31,1,0.00,24.1,42,1,1,1,1.000,26,4,0,,14.9,0,0,,0,1935,1340,1057,0,0
gauntlet/20261003-011650-scrim-g_iter1/losses/ColtG5.Goob_final__TreeSearch__botA.bc24,ColtG5.Goob_final,0,B,Goob_final,1,2000,MORE_FLAG_CAPTURES,3200,5600,203,30,7,221,12,1,11,91,41,0,326,307,375,1345,33.7,12,7,5,0,24.5,41,0,0,0,0,0.00,0,2.45,14.5,,,,,,152,53,0,0,18.8,0,0,,0,0,0,1800,0,0
gauntlet/20261003-011650-scrim-g_iter1/losses/ColtG5.Goob_final__Fountain__botA.bc24,ColtG5.Goob_final,1,A,g_iter1,0,2000,MORE_FLAG_CAPTURES,1700,2200,228,2,3,402,0,0,0,0,0,4,199,175,1205,300,46.3,0,0,0,0,,44,1,4,0,0,2.36,1,0.00,32.9,13,0,1,1,1.000,42,1,0,,14.8,0,0,,0,2217,1475,879,0,0
gauntlet/20261003-011650-scrim-g_iter1/losses/ColtG5.Goob_final__Fountain__botA.bc24,ColtG5.Goob_final,0,B,Goob_final,1,2000,MORE_FLAG_CAPTURES,1700,3200,208,20,7,230,5,1,4,50,20,0,197,174,300,1205,35.3,5,4,1,0,19.0,44,0,0,0,0,0.00,0,6.14,16.5,,,,,,87,18,0,0,18.2,0,0,,0,0,0,1800,0,0
gauntlet/20261003-011650-scrim-g_iter1/losses/CyrilSharma.finalBot__Asteroids__botB.bc24,CyrilSharma.finalBot,0,A,finalBot,1,2000,MORE_FLAG_CAPTURES,800,5100,210,38,32,260,9,2,7,235,114,3,497,450,522,663,42.0,9,4,5,0,35.9,36,0,3,0,0,2.95,0,5.45,34.3,1,0,,,,44,1,0,,25.1,13,0,424,1,0,0,6,0,0
gauntlet/20261003-011650-scrim-g_iter1/losses/CyrilSharma.finalBot__Asteroids__botB.bc24,CyrilSharma.finalBot,1,B,g_iter1,0,2000,MORE_FLAG_CAPTURES,800,1200,216,7,10,255,3,0,3,21,8,7,211,197,663,522,43.6,3,3,0,0,30.0,34,5,4,0,0,1.20,2,1.62,51.1,165,1,3,2,0.667,43,2,0,,14.8,0,0,,0,2020,1545,1332,1663,27
gauntlet/20261003-011650-scrim-g_iter1/losses/CyrilSharma.finalBot__HungerGames__botA.bc24,CyrilSharma.finalBot,1,A,g_iter1,0,512,CAPTURE,700,3900,203,1,0,379,0,0,0,0,0,1,84,76,74,101,45.2,0,0,0,0,,43,1,3,0,0,2.14,3,0.00,51.5,94,0,3,3,1.000,12,3,1,,14.6,0,0,1,0,439,28,48,0,0
gauntlet/20261003-011650-scrim-g_iter1/losses/CyrilSharma.finalBot__HungerGames__botA.bc24,CyrilSharma.finalBot,0,B,finalBot,1,512,CAPTURE,700,18300,203,19,29,267,4,3,1,142,64,0,314,225,101,74,46.6,4,3,1,0,15.0,41,0,0,0,0,0.00,0,8.06,46.4,,,,,,2,0,0,,25.1,23,0,322,1,0,0,5,0,0
gauntlet/20261003-011650-scrim-g_iter1/losses/CyrilSharma.finalBot__HungerGames__botB.bc24,CyrilSharma.finalBot,0,A,finalBot,1,573,CAPTURE,700,21100,203,26,37,240,8,3,5,304,140,5,409,321,243,64,47.4,8,5,3,0,15.6,40,1,5,0,0,1.65,1,8.13,39.3,24,1,,,,9,0,0,,25.0,21,0,258,1,0,0,5,0,0
gauntlet/20261003-011650-scrim-g_iter1/losses/CyrilSharma.finalBot__HungerGames__botB.bc24,CyrilSharma.finalBot,1,B,g_iter1,0,573,CAPTURE,700,1100,203,17,9,212,6,1,5,75,29,5,62,55,64,243,40.2,6,5,1,0,15.2,46,3,5,0,0,1.89,3,4.49,57.1,144,0,3,3,1.000,44,47,0,,14.8,0,0,,0,531,17,30,8,14
gauntlet/20261003-011650-scrim-g_iter1/losses/Gymhgy.v10official__Ambush__botA.bc24,Gymhgy.v10official,1,A,g_iter1,0,334,CAPTURE,2000,2000,201,12,7,201,3,2,0,52,24,2,41,37,21,18,48.8,3,3,0,0,,47,0,7,0,0,3.60,3,5.21,36.5,21,2,,,,2,0,1,,14.6,0,0,1,0,336,0,15,3,0
gauntlet/20261003-011650-scrim-g_iter1/losses/Gymhgy.v10official__Ambush__botA.bc24,Gymhgy.v10official,0,B,v10official,1,334,CAPTURE,2300,7100,201,26,36,201,26,3,2,644,221,0,88,72,18,21,48.6,23,7,0,16,3.5,48,0,3,0,0,0.42,2,6.55,7.0,34,0,,,,2,0,1,,24.6,0,0,,0,0,0,4,0,0
gauntlet/20261003-011650-scrim-g_iter1/losses/CyrilSharma.finalBot__Decision__botA.bc24,CyrilSharma.finalBot,1,A,g_iter1,0,865,CAPTURE,1900,2100,202,16,11,225,8,1,7,244,117,18,78,70,123,133,46.3,8,7,1,0,39.7,37,15,6,0,0,1.36,3,2.40,52.1,339,2,4,3,0.750,46,12,0,,14.8,0,0,,0,528,225,178,174,1
gauntlet/20261003-011650-scrim-g_iter1/losses/CyrilSharma.finalBot__Decision__botA.bc24,CyrilSharma.finalBot,0,B,finalBot,1,865,CAPTURE,1100,1200,203,31,25,238,21,3,18,489,232,7,133,123,133,123,46.6,21,6,15,0,46.6,23,1,7,0,0,0.60,1,6.91,39.1,156,1,4,1,0.250,31,7,0,,25.0,5,0,275,1,0,0,32,0,0
gauntlet/20261003-011650-scrim-g_iter1/losses/Gymhgy.v10official__Alligator__botA.bc24,Gymhgy.v10official,1,A,g_iter1,0,2000,MORE_FLAG_CAPTURES,3300,6900,201,15,15,270,9,0,9,196,94,3,253,225,541,372,45.5,9,9,0,0,19.2,36,2,3,0,0,2.38,2,1.99,38.3,23,2,,,,50,0,1,,14.7,0,0,,0,3827,1270,236,1967,354
gauntlet/20261003-011650-scrim-g_iter1/losses/Gymhgy.v10official__Alligator__botA.bc24,Gymhgy.v10official,0,B,v10official,1,2000,MORE_FLAG_CAPTURES,3300,5700,201,11,28,268,23,2,3,643,32,9,340,316,372,541,43.4,20,3,2,15,15.0,23,0,9,0,0,0.83,0,10.27,6.2,138,0,3,0,0.000,23,1,1,,25.1,174,0,,0,0,0,0,0,0
gauntlet/20261003-011650-scrim-g_iter1/losses/CyrilSharma.finalBot__Racetrack__botB.bc24,CyrilSharma.finalBot,0,A,finalBot,1,2000,MORE_FLAG_CAPTURES,0,0,202,9,4,469,9,2,7,151,67,3,451,445,603,731,41.1,9,4,5,0,29.1,28,3,1,0,0,1.86,1,7.76,34.8,56,1,1,1,1.000,46,1,0,,25.0,26,0,504,1,0,0,12,0,0
gauntlet/20261003-011650-scrim-g_iter1/losses/CyrilSharma.finalBot__Racetrack__botB.bc24,CyrilSharma.finalBot,1,B,g_iter1,0,2000,MORE_FLAG_CAPTURES,0,0,203,7,20,335,4,1,3,79,36,7,176,162,731,603,42.6,4,1,3,0,28.3,26,5,4,0,0,2.16,2,9.22,36.9,101,0,2,2,1.000,35,14,0,,14.8,0,0,,0,2236,747,251,4,0
gauntlet/20261003-011650-scrim-g_iter1/losses/CyrilSharma.finalBot__Rivers__botB.bc24,CyrilSharma.finalBot,0,A,finalBot,1,1821,CAPTURE,1500,2400,202,2,17,345,12,3,9,143,77,0,561,531,690,741,40.1,12,5,7,0,22.2,31,0,0,2,1,0.00,0,8.06,40.9,,,,,,5,0,1,,25.0,30,0,696,1,0,0,4,0,0
gauntlet/20261003-011650-scrim-g_iter1/losses/CyrilSharma.finalBot__Rivers__botB.bc24,CyrilSharma.finalBot,1,B,g_iter1,0,1821,CAPTURE,1500,1800,218,5,3,323,0,0,0,0,0,9,205,195,741,690,40.7,0,0,0,0,,34,7,5,0,0,1.27,3,0.00,48.4,106,2,3,3,1.000,12,6,1,,14.8,0,0,,0,3095,625,604,0,0
gauntlet/20261003-011650-scrim-g_iter1/losses/Gymhgy.v10official__Swoop__botB.bc24,Gymhgy.v10official,0,A,v10official,1,604,CAPTURE,4300,4300,201,33,12,238,33,3,1,695,55,8,92,78,71,30,48.8,30,4,0,26,22.0,47,0,9,0,0,2.09,0,9.65,5.2,168,0,4,0,0.000,12,0,1,,25.0,29,0,,0,0,0,15,0,0
gauntlet/20261003-011650-scrim-g_iter1/losses/Gymhgy.v10official__Swoop__botB.bc24,Gymhgy.v10official,1,B,g_iter1,0,604,CAPTURE,4300,4300,201,5,9,261,9,0,8,293,140,1,74,64,30,71,47.2,9,9,0,0,29.0,47,0,4,0,0,0.49,3,4.94,24.3,83,3,1,0,0.000,21,4,1,,14.4,0,0,1,0,264,71,73,51,61
gauntlet/20261003-011650-scrim-g_iter1/losses/Gymhgy.v10official__Yinyang__botB.bc24,Gymhgy.v10official,0,A,v10official,1,396,CAPTURE,2900,3500,201,25,29,208,26,3,3,644,119,3,53,33,24,47,47.2,23,5,1,17,17.3,48,2,1,0,0,3.57,0,9.85,11.2,8,0,,,,4,0,1,,25.1,16,0,,0,0,0,0,0,0
gauntlet/20261003-011650-scrim-g_iter1/losses/Gymhgy.v10official__Yinyang__botB.bc24,Gymhgy.v10official,1,B,g_iter1,0,396,CAPTURE,2900,2900,201,2,2,371,3,0,3,14,5,3,56,44,47,24,48.8,3,1,2,0,8.0,47,1,5,0,0,2.02,3,2.86,28.7,27,3,,,,4,1,1,,14.4,0,0,1,0,453,35,45,3,0
gauntlet/20261003-011650-scrim-g_iter1/losses/Gymhgy.v10official__BigDucksBigPond__botA.bc24,Gymhgy.v10official,1,A,g_iter1,0,2000,MORE_FLAG_CAPTURES,5100,7700,201,19,32,314,9,0,9,299,131,2,245,215,551,430,44.7,9,9,0,0,38.9,47,2,2,0,0,1.59,1,5.38,29.3,30,1,,,,37,2,1,,14.5,0,0,1,0,1899,1081,485,9,1465
gauntlet/20261003-011650-scrim-g_iter1/losses/Gymhgy.v10official__BigDucksBigPond__botA.bc24,Gymhgy.v10official,0,B,v10official,1,2000,MORE_FLAG_CAPTURES,5100,6300,201,31,32,243,23,1,2,640,33,9,375,325,430,551,43.3,20,2,2,16,2.5,47,0,9,0,0,2.22,0,14.00,4.9,212,0,5,0,0.000,49,7,1,,25.1,137,0,,0,0,0,2,0,0
gauntlet/20261003-011650-scrim-g_iter1/losses/Gymhgy.v10official__BreadPudding__botA.bc24,Gymhgy.v10official,1,A,g_iter1,0,2000,MORE_FLAG_CAPTURES,2600,2800,202,13,15,253,10,0,10,52,19,1,224,195,491,353,45.7,10,8,2,0,17.6,47,0,2,0,0,3.32,1,5.12,47.6,13,1,,,,17,5,0,,14.7,0,0,,0,3525,214,304,1510,1503
gauntlet/20261003-011650-scrim-g_iter1/losses/Gymhgy.v10official__BreadPudding__botA.bc24,Gymhgy.v10official,0,B,v10official,1,2000,MORE_FLAG_CAPTURES,2600,3000,209,12,19,249,20,1,1,622,15,10,294,249,353,491,44.0,17,2,0,15,11.0,41,2,8,0,0,6.52,0,10.97,4.9,4,0,,,,12,0,0,,25.1,103,0,,0,0,0,4,0,0
gauntlet/20261003-011650-scrim-g_iter1/losses/IvanGeffner.kuma__Fountain__botA.bc24,IvanGeffner.kuma,1,A,g_iter1,0,575,CAPTURE,1700,2900,212,3,0,389,1,1,0,54,27,1,60,53,48,67,47.2,1,1,0,0,,45,1,3,0,0,1.07,3,5.43,51.2,72,2,2,2,1.000,4,1,0,,14.8,0,0,,0,582,131,219,1,0
gauntlet/20261003-011650-scrim-g_iter1/losses/IvanGeffner.kuma__Fountain__botA.bc24,IvanGeffner.kuma,0,B,kuma,1,575,CAPTURE,1700,2500,217,12,25,319,7,3,1,95,46,0,72,65,67,48,48.0,7,3,1,3,25.0,37,0,1,0,0,2.00,1,4.72,32.4,24,0,1,1,1.000,6,0,0,,25.1,27,0,227,1,0,0,375,0,0
gauntlet/20261003-011650-scrim-g_iter1/losses/IvanGeffner.kuma__CH3353C4K3F4CT0RY__botA.bc24,IvanGeffner.kuma,1,A,g_iter1,0,679,CAPTURE,13000,13000,203,4,0,263,0,0,0,0,0,12,189,164,112,216,42.4,0,0,0,0,,43,8,8,0,0,1.97,3,0.00,47.3,72,2,3,3,1.000,14,0,0,,14.9,0,0,,0,1262,41,54,0,0
gauntlet/20261003-011650-scrim-g_iter1/losses/IvanGeffner.kuma__CH3353C4K3F4CT0RY__botA.bc24,IvanGeffner.kuma,0,B,kuma,1,679,CAPTURE,13000,13400,202,24,34,257,27,3,12,118,52,0,324,250,216,112,46.0,27,8,8,11,23.9,40,0,0,0,0,0.00,0,3.95,34.3,,,,,,11,0,0,,25.1,27,0,49,1,0,0,479,0,0
gauntlet/20261003-011650-scrim-g_iter1/losses/IvanGeffner.kuma__Battlecode24__botB.bc24,IvanGeffner.kuma,0,A,kuma,1,1621,CAPTURE,12400,28300,205,36,31,242,9,3,3,166,78,0,693,538,666,234,46.5,9,4,2,3,26.3,34,0,0,0,1,0.00,0,2.78,30.4,,,,,,25,0,0,,25.0,27,0,123,1,0,0,1421,0,0
gauntlet/20261003-011650-scrim-g_iter1/losses/IvanGeffner.kuma__Battlecode24__botB.bc24,IvanGeffner.kuma,1,B,g_iter1,0,1621,CAPTURE,12400,14200,202,0,0,1121,0,0,0,0,0,3,278,252,234,666,40.1,0,0,0,0,,21,2,4,0,0,0.75,3,0.00,54.6,143,3,2,2,1.000,35,11,1,,14.7,0,0,1,0,1999,81,1170,0,0
gauntlet/20261003-011650-scrim-g_iter1/losses/IvanGeffner.kuma__Soccer__botA.bc24,IvanGeffner.kuma,1,A,g_iter1,0,737,CAPTURE,3000,3000,221,0,0,0,0,0,0,0,0,4,94,83,100,237,42.3,0,0,0,0,,35,3,4,0,0,0.70,3,0.00,41.7,136,3,3,3,1.000,7,2,0,,14.9,0,0,,0,1218,35,179,0,0
gauntlet/20261003-011650-scrim-g_iter1/losses/IvanGeffner.kuma__Soccer__botA.bc24,IvanGeffner.kuma,0,B,kuma,1,737,CAPTURE,3000,3200,225,23,28,284,12,3,4,162,79,0,241,196,237,100,46.7,12,4,3,5,30.8,39,0,0,0,0,0.00,0,2.75,29.7,,,,,,9,0,0,,25.1,27,0,73,1,0,0,537,0,0
gauntlet/20261003-011650-scrim-g_iter1/losses/NotLLeon.v3__AceOfSpades__botA.bc24,NotLLeon.v3,1,A,g_iter1,0,384,CAPTURE,1800,10200,203,21,19,272,0,0,0,0,0,5,126,88,45,49,46.9,0,0,0,0,,43,5,3,0,0,2.29,3,0.00,41.0,61,2,2,2,1.000,7,0,1,,15.2,0,0,1,0,73,19,21,0,0
gauntlet/20261003-011650-scrim-g_iter1/losses/NotLLeon.v3__AceOfSpades__botA.bc24,NotLLeon.v3,0,B,v3,1,384,CAPTURE,1800,10500,209,25,12,253,17,3,5,136,61,0,143,127,49,45,47.4,17,3,5,9,15.2,46,0,0,0,0,0.00,0,9.21,18.8,,,,,,5,0,0,,21.7,0,0,273,1,0,0,184,0,25
gauntlet/20261003-011650-scrim-g_iter1/losses/IvanGeffner.kuma__DefaultLarge__botB.bc24,IvanGeffner.kuma,0,A,kuma,1,2000,MORE_FLAG_CAPTURES,1800,4500,204,28,45,299,23,2,8,217,105,0,693,647,969,378,45.4,23,4,6,13,41.3,39,0,0,1,0,0.00,0,2.60,26.1,,,,,,25,1,1,,25.1,27,0,41,1,0,0,1698,0,0
gauntlet/20261003-011650-scrim-g_iter1/losses/IvanGeffner.kuma__DefaultLarge__botB.bc24,IvanGeffner.kuma,1,B,g_iter1,0,2000,MORE_FLAG_CAPTURES,1800,4600,202,6,4,245,0,0,0,0,0,8,232,218,378,969,38.2,0,0,0,0,,45,6,4,0,0,1.07,2,0.00,48.3,180,2,2,2,1.000,90,42,1,,14.9,0,0,1,0,3803,55,205,0,0
gauntlet/20261003-011650-scrim-g_iter1/losses/NotLLeon.v3__Checkered__botB.bc24,NotLLeon.v3,0,A,v3,1,352,CAPTURE,4800,4800,201,30,17,206,19,3,12,139,56,2,91,73,55,49,46.8,19,4,11,4,11.2,46,0,2,0,0,3.41,0,6.92,12.8,17,0,1,0,0.000,8,3,1,,19.2,0,0,336,1,0,0,152,0,17
gauntlet/20261003-011650-scrim-g_iter1/losses/NotLLeon.v3__Checkered__botB.bc24,NotLLeon.v3,1,B,g_iter1,0,352,CAPTURE,4800,4800,201,9,26,206,2,0,2,51,20,12,83,53,49,55,46.4,2,2,0,0,11.0,47,11,4,0,0,4.07,3,11.61,32.5,57,3,2,0,0.000,8,0,1,,14.8,0,0,,0,153,18,18,2,25
gauntlet/20261003-011650-scrim-g_iter1/losses/NotLLeon.v3__DefaultSmall__botB.bc24,NotLLeon.v3,0,A,v3,1,972,CAPTURE,4100,4100,201,37,24,228,38,3,25,184,76,8,158,144,189,305,42.5,38,6,22,10,13.0,47,2,6,0,0,2.35,0,10.05,13.6,30,0,1,0,0.000,15,4,1,,19.6,0,0,,1,0,0,459,0,172
gauntlet/20261003-011650-scrim-g_iter1/losses/NotLLeon.v3__DefaultSmall__botB.bc24,NotLLeon.v3,1,B,g_iter1,0,972,CAPTURE,4100,4100,201,5,12,302,8,0,8,57,18,25,177,165,305,189,45.3,8,6,2,0,19.8,47,22,6,0,0,3.94,3,6.23,30.1,27,3,1,0,0.000,9,3,1,,14.8,0,0,1,0,867,125,77,8,305
gauntlet/20261003-011650-scrim-g_iter1/losses/NotLLeon.v3__Pancakes__botB.bc24,NotLLeon.v3,0,A,v3,1,558,CAPTURE,0,4000,222,14,27,255,24,3,12,192,84,5,95,86,76,84,46.3,24,5,10,9,19.8,47,1,5,0,0,1.61,1,7.46,8.8,33,1,1,1,1.000,9,2,0,,20.5,0,0,,1,0,0,358,0,17
gauntlet/20261003-011650-scrim-g_iter1/losses/NotLLeon.v3__Pancakes__botB.bc24,NotLLeon.v3,1,B,g_iter1,0,558,CAPTURE,0,5000,202,26,13,220,6,1,5,59,26,12,88,70,84,76,46.6,6,5,1,0,23.0,47,10,5,0,0,2.95,3,2.81,29.3,78,1,3,3,1.000,10,1,1,,14.7,0,0,1,0,372,143,80,5,26
gauntlet/20261003-011650-scrim-g_iter1/losses/NotLLeon.v3__StackGame__botA.bc24,NotLLeon.v3,1,A,g_iter1,0,393,CAPTURE,4600,4600,208,0,1,302,0,0,0,0,0,4,73,60,57,48,47.1,0,0,0,0,,43,4,3,0,0,4.64,3,0.00,37.3,39,1,1,0,0.000,4,1,0,,14.8,0,0,,0,420,51,31,0,0
gauntlet/20261003-011650-scrim-g_iter1/losses/NotLLeon.v3__StackGame__botA.bc24,NotLLeon.v3,0,B,v3,1,393,CAPTURE,4600,4600,201,40,12,252,11,3,4,87,38,0,84,80,48,57,46.6,11,3,4,4,16.3,45,0,0,0,0,0.00,0,10.03,14.4,,,,,,3,0,0,,20.4,0,0,,0,0,0,193,0,31
gauntlet/20261003-011650-scrim-g_iter1/losses/IvanGeffner.kuma__TreeSearch__botB.bc24,IvanGeffner.kuma,0,A,kuma,1,2000,MORE_FLAG_CAPTURES,3200,6800,203,25,21,253,57,2,23,218,99,8,478,446,460,373,45.5,57,21,8,28,27.0,26,0,8,3,1,2.18,0,2.89,28.7,35,0,1,0,0.000,119,9,0,,25.1,30,0,209,1,2,0,1800,0,0
gauntlet/20261003-011650-scrim-g_iter1/losses/IvanGeffner.kuma__TreeSearch__botB.bc24,IvanGeffner.kuma,1,B,g_iter1,0,2000,MORE_FLAG_CAPTURES,3200,3200,203,8,2,227,8,0,8,117,46,23,210,195,373,460,44.4,8,8,0,0,19.6,42,8,21,0,0,1.80,2,3.40,50.5,92,2,3,2,0.667,91,12,1,,14.7,0,0,1,0,2068,695,178,7,31
gauntlet/20261003-011650-scrim-g_iter1/losses/SampleProvider.TSPAARKSPRINT1__Battlefield__botA.bc24,SampleProvider.TSPAARKSPRINT1,1,A,g_iter1,0,616,CAPTURE,3700,3700,202,11,21,203,4,0,4,18,6,15,96,87,131,32,48.9,4,4,0,0,10.8,48,11,7,0,0,7.69,3,4.22,41.5,4,1,,,,5,0,1,,14.8,0,0,1,0,864,115,47,7,0
gauntlet/20261003-011650-scrim-g_iter1/losses/SampleProvider.TSPAARKSPRINT1__Battlefield__botA.bc24,SampleProvider.TSPAARKSPRINT1,0,B,TSPAARKSPRINT1,1,616,CAPTURE,3700,3700,208,5,1,209,21,3,15,479,128,4,44,30,32,131,45.0,18,7,11,0,7.5,44,0,4,0,0,2.94,0,15.42,15.0,0,0,,,,17,11,0,1,25.0,0,0,414,0,0,0,416,0,0
gauntlet/20261003-011650-scrim-g_iter1/losses/NotLLeon.v3__Gated__botA.bc24,NotLLeon.v3,1,A,g_iter1,0,1494,CAPTURE,1500,2400,206,25,29,259,11,1,10,157,73,29,163,144,383,361,44.1,11,8,3,0,20.1,38,25,7,0,0,3.12,3,2.75,32.2,139,3,3,1,0.333,38,3,0,,14.8,0,0,,0,1687,1210,355,23,15
gauntlet/20261003-011650-scrim-g_iter1/losses/NotLLeon.v3__Gated__botA.bc24,NotLLeon.v3,0,B,v3,1,1494,CAPTURE,1500,2400,212,22,33,249,47,3,29,330,133,10,229,209,361,383,43.8,47,7,25,15,16.6,32,3,8,5,1,0.99,1,8.69,9.4,103,1,3,1,0.333,34,7,0,,22.3,0,0,,1,0,0,1294,0,23
gauntlet/20261003-011650-scrim-g_iter1/losses/SampleProvider.TSPAARKSPRINT1__English__botA.bc24,SampleProvider.TSPAARKSPRINT1,1,A,g_iter1,0,543,CAPTURE,10900,10900,201,36,38,356,8,0,6,215,83,13,109,88,109,18,49.1,8,6,2,0,45.7,46,10,6,0,0,0.57,3,13.94,31.0,349,3,4,3,0.750,9,0,1,,14.7,0,0,1,0,329,78,55,8,0
gauntlet/20261003-011650-scrim-g_iter1/losses/SampleProvider.TSPAARKSPRINT1__English__botA.bc24,SampleProvider.TSPAARKSPRINT1,0,B,TSPAARKSPRINT1,1,543,CAPTURE,10900,10900,201,27,18,228,19,3,13,847,302,6,34,33,18,109,44.8,16,6,10,0,34.2,42,2,6,0,0,1.41,0,7.65,14.8,106,0,2,0,0.000,53,46,1,1,23.0,0,0,469,0,0,0,343,0,0
gauntlet/20261003-011650-scrim-g_iter1/losses/SampleProvider.TSPAARKSPRINT1__Capacitance__botA.bc24,SampleProvider.TSPAARKSPRINT1,1,A,g_iter1,0,1945,CAPTURE,3600,5700,201,21,15,213,23,1,22,348,151,46,308,280,720,188,47.6,23,19,4,0,14.3,46,26,23,0,0,2.21,3,3.18,41.4,514,2,12,2,0.167,51,9,1,,15.1,0,0,1,0,1562,552,605,1787,39
gauntlet/20261003-011650-scrim-g_iter1/losses/SampleProvider.TSPAARKSPRINT1__Capacitance__botA.bc24,SampleProvider.TSPAARKSPRINT1,0,B,TSPAARKSPRINT1,1,1945,CAPTURE,3600,4300,201,35,22,244,52,3,46,1485,878,22,117,86,188,720,40.9,49,23,26,0,15.5,43,4,19,17,2,2.19,1,9.62,16.0,134,0,3,0,0.000,256,210,1,1,24.3,0,0,1863,1,1,0,1725,0,0
gauntlet/20261003-011650-scrim-g_iter1/losses/Strequals.duck0127v5__AceOfSpades__botB.bc24,Strequals.duck0127v5,0,A,duck0127v5,1,522,CAPTURE,1800,17100,202,25,27,231,13,3,10,219,104,2,248,201,99,54,47.7,13,8,5,0,18.8,39,0,3,0,0,1.00,1,9.69,28.3,30,1,1,1,1.000,10,3,0,,22.1,0,0,,0,0,0,116,0,0
gauntlet/20261003-011650-scrim-g_iter1/losses/Strequals.duck0127v5__AceOfSpades__botB.bc24,Strequals.duck0127v5,1,B,g_iter1,0,522,CAPTURE,1800,4500,202,25,18,223,3,1,2,43,19,10,88,63,54,99,45.6,3,3,0,0,22.5,46,5,8,0,0,2.01,3,7.47,40.0,98,2,3,2,0.667,11,1,0,,15.2,0,0,,0,505,66,58,3,0
gauntlet/20261003-011650-scrim-g_iter1/losses/SampleProvider.TSPAARKSPRINT1__Joker__botA.bc24,SampleProvider.TSPAARKSPRINT1,1,A,g_iter1,0,698,CAPTURE,14500,19000,201,39,25,230,2,0,2,19,8,15,245,198,79,111,46.1,2,2,0,0,37.0,42,11,7,0,0,1.13,3,1.95,40.1,226,1,6,3,0.500,24,4,0,,14.9,0,0,,0,738,136,56,2,0
gauntlet/20261003-011650-scrim-g_iter1/losses/SampleProvider.TSPAARKSPRINT1__Joker__botA.bc24,SampleProvider.TSPAARKSPRINT1,0,B,TSPAARKSPRINT1,1,698,CAPTURE,14500,23300,204,21,24,244,21,3,15,887,305,2,173,113,111,79,47.0,18,7,11,0,20.2,42,0,2,0,0,2.16,0,11.29,20.3,0,0,,,,28,2,0,0,21.9,0,0,,1,0,0,498,0,0
gauntlet/20261003-011650-scrim-g_iter1/losses/Strequals.duck0127v5__BedWars__botB.bc24,Strequals.duck0127v5,0,A,duck0127v5,1,960,CAPTURE,2400,8700,227,1,16,236,6,3,3,89,41,8,105,92,106,117,47.1,6,4,2,0,16.3,46,1,10,0,0,1.08,2,9.55,31.4,133,1,1,1,1.000,43,17,1,,21.6,0,0,,0,0,0,124,0,0
gauntlet/20261003-011650-scrim-g_iter1/losses/Strequals.duck0127v5__BedWars__botB.bc24,Strequals.duck0127v5,1,B,g_iter1,0,960,CAPTURE,2400,2500,264,0,5,324,11,2,8,220,104,3,53,40,117,106,47.4,11,10,1,0,15.8,47,2,4,0,0,1.64,3,7.14,35.3,56,1,2,2,1.000,19,1,1,,14.6,0,0,1,0,813,507,290,11,13
gauntlet/20261003-011650-scrim-g_iter1/losses/Strequals.duck0127v5__Duck__botA.bc24,Strequals.duck0127v5,1,A,g_iter1,0,1723,CAPTURE,2900,2900,201,25,23,243,28,0,28,572,257,15,187,164,347,504,42.8,28,23,5,0,44.1,44,8,10,0,0,1.10,3,3.08,34.7,419,2,7,3,0.429,70,1,1,,14.8,0,0,,0,1520,708,876,1709,24
gauntlet/20261003-011650-scrim-g_iter1/losses/Strequals.duck0127v5__Duck__botA.bc24,Strequals.duck0127v5,0,B,duck0127v5,1,1723,CAPTURE,2800,2800,201,33,30,259,18,3,15,634,310,28,467,452,504,347,45.1,18,10,8,0,42.9,46,5,23,1,1,1.32,0,6.70,26.7,332,0,5,0,0.000,84,29,1,,25.0,1,0,,0,0,0,131,0,0
gauntlet/20261003-011650-scrim-g_iter1/losses/Strequals.duck0127v5__KingQuacksCastle__botB.bc24,Strequals.duck0127v5,0,A,duck0127v5,1,817,CAPTURE,1600,11400,204,13,13,272,15,3,12,206,94,5,256,228,196,121,46.4,15,7,8,0,22.8,43,1,4,0,0,3.44,0,11.51,29.3,0,0,,,,22,0,0,,22.2,0,0,,0,0,0,138,0,0
gauntlet/20261003-011650-scrim-g_iter1/losses/Strequals.duck0127v5__KingQuacksCastle__botB.bc24,Strequals.duck0127v5,1,B,g_iter1,0,817,CAPTURE,1600,2500,204,16,14,387,5,0,5,27,11,12,94,87,121,196,44.2,5,4,1,0,21.0,47,8,7,0,0,2.52,3,7.89,34.4,112,0,4,3,0.750,11,1,0,,14.8,0,0,,0,765,280,106,18,155
gauntlet/20261003-011650-scrim-g_iter1/losses/andli28.v9_USQuals_angle__Intercontinental__botB.bc24,andli28.v9_USQuals_angle,0,A,v9_USQuals_angle,1,948,CAPTURE,2400,5100,224,18,21,258,29,3,26,185,80,2,192,171,273,185,45.3,29,9,20,0,19.6,42,1,2,0,0,0.65,1,3.85,11.0,33,1,1,1,1.000,42,8,1,1,25.0,2,0,,1,0,0,348,0,0
gauntlet/20261003-011650-scrim-g_iter1/losses/andli28.v9_USQuals_angle__Intercontinental__botB.bc24,andli28.v9_USQuals_angle,1,B,g_iter1,0,948,CAPTURE,2400,4200,201,1,3,355,3,1,2,48,24,26,79,72,185,273,43.1,3,2,1,0,20.0,47,20,9,0,0,2.94,3,2.35,29.5,91,2,2,1,0.500,38,7,1,,14.8,0,0,1,0,788,329,143,3,0
gauntlet/20261003-011650-scrim-g_iter1/losses/andli28.v9_USQuals_angle__Capacitance__botA.bc24,andli28.v9_USQuals_angle,1,A,g_iter1,0,779,CAPTURE,3600,5000,201,19,15,226,9,1,8,44,16,14,121,110,153,131,46.0,9,7,2,0,11.3,46,12,5,0,0,2.47,3,8.09,33.0,117,3,2,1,0.500,35,5,1,,15.1,0,0,1,0,869,407,109,552,0
gauntlet/20261003-011650-scrim-g_iter1/losses/andli28.v9_USQuals_angle__Capacitance__botA.bc24,andli28.v9_USQuals_angle,0,B,v9_USQuals_angle,1,779,CAPTURE,3600,5000,201,20,31,215,17,3,14,180,82,8,219,185,131,153,45.3,17,5,12,0,9.3,37,2,7,0,0,3.68,1,2.71,11.7,4,0,,,,31,3,1,1,25.0,4,0,,0,0,0,265,0,0
gauntlet/20261003-011650-scrim-g_iter1/losses/andli28.v9_USQuals_angle__Battlefield__botA.bc24,andli28.v9_USQuals_angle,1,A,g_iter1,0,1909,CAPTURE,3700,3700,202,26,15,203,5,1,4,34,15,6,276,265,435,417,44.7,5,5,0,0,8.0,46,6,3,0,0,8.63,3,2.65,29.4,0,0,,,,24,8,1,,14.8,0,0,1,0,3221,818,380,883,0
gauntlet/20261003-011650-scrim-g_iter1/losses/andli28.v9_USQuals_angle__Battlefield__botA.bc24,andli28.v9_USQuals_angle,0,B,v9_USQuals_angle,1,1909,CAPTURE,3500,3500,202,6,11,202,9,3,6,46,25,4,400,369,417,435,44.5,9,3,6,0,6.8,47,0,5,2,1,1.56,1,7.15,25.4,21,1,,,,29,4,0,1,25.0,22,0,,1,0,0,358,0,0
gauntlet/20261003-011650-scrim-g_iter1/losses/Strequals.duck0127v5__Fusbol__botB.bc24,Strequals.duck0127v5,0,A,duck0127v5,1,2000,LEVEL_SUM,7200,9300,205,1,18,339,13,0,13,33,12,2,649,526,551,349,45.6,13,11,2,0,47.6,30,0,2,1,0,0.43,0,3.73,22.7,26,0,,,,44,0,1,,23.4,0,0,,0,0,0,224,0,0
gauntlet/20261003-011650-scrim-g_iter1/losses/Strequals.duck0127v5__Fusbol__botB.bc24,Strequals.duck0127v5,1,B,g_iter1,0,2000,LEVEL_SUM,7200,8700,202,11,0,818,2,0,2,35,22,13,247,225,349,551,42.9,2,2,0,0,49.0,32,2,11,0,0,1.73,0,0.46,50.8,7,0,,,,31,3,1,,14.9,0,0,,0,4261,16,280,548,0
gauntlet/20261003-011650-scrim-g_iter1/losses/andli28.v9_USQuals_angle__OceanFloor__botA.bc24,andli28.v9_USQuals_angle,1,A,g_iter1,0,2000,MORE_FLAG_CAPTURES,1400,1400,201,25,20,274,9,0,8,52,30,27,292,225,414,483,44.1,9,5,4,0,33.8,47,17,12,1,0,0.21,1,7.13,25.5,1864,1,4,1,0.250,103,6,1,,14.8,0,0,1,0,770,311,76,9,48
gauntlet/20261003-011650-scrim-g_iter1/losses/andli28.v9_USQuals_angle__OceanFloor__botA.bc24,andli28.v9_USQuals_angle,0,B,v9_USQuals_angle,1,2000,MORE_FLAG_CAPTURES,1400,1400,201,29,7,238,29,1,27,1973,1041,8,418,388,483,414,45.0,29,12,17,0,33.1,42,4,5,9,1,4.25,0,0.19,10.2,5,0,,,,118,4,1,0,25.0,4,0,,1,0,0,454,0,0
gauntlet/20261003-011650-scrim-g_iter1/losses/andli28.v9_USQuals_angle__SteamboatMickey__botA.bc24,andli28.v9_USQuals_angle,1,A,g_iter1,0,1107,CAPTURE,7300,8200,201,26,3,201,2,2,0,160,80,31,179,161,196,298,43.5,2,2,0,0,,44,23,11,0,0,1.82,3,2.06,25.7,191,2,2,2,1.000,64,14,1,,14.9,0,0,1,0,985,292,148,2,0
gauntlet/20261003-011650-scrim-g_iter1/losses/andli28.v9_USQuals_angle__SteamboatMickey__botA.bc24,andli28.v9_USQuals_angle,0,B,v9_USQuals_angle,1,1107,CAPTURE,7300,18400,201,15,11,201,34,3,31,293,132,0,446,397,298,196,45.7,34,11,23,0,25.3,46,0,2,0,0,0.33,2,2.19,10.8,144,1,2,2,1.000,57,4,1,1,25.0,12,0,,0,0,0,340,0,0
gauntlet/20261003-011650-scrim-g_iter1/losses/andrewgopher.player22__GaltonBoard__botA.bc24,andrewgopher.player22,1,A,g_iter1,0,664,CAPTURE,0,0,201,0,0,0,0,0,0,0,0,7,64,63,97,431,34.6,0,0,0,0,,37,6,4,0,0,6.85,3,0.00,62.2,51,1,2,1,0.500,19,18,1,,14.5,0,0,1,0,1054,30,89,0,0
gauntlet/20261003-011650-scrim-g_iter1/losses/andrewgopher.player22__GaltonBoard__botA.bc24,andrewgopher.player22,0,B,player22,1,664,CAPTURE,0,37800,202,35,39,225,13,3,7,147,67,0,446,344,431,97,46.5,10,4,6,0,17.1,41,0,0,0,0,0.00,0,14.13,21.8,,,,,,1,0,0,0,25.1,18,0,,0,0,0,3,0,0
gauntlet/20261003-011650-scrim-g_iter1/losses/andli28.v9_USQuals_angle__Valentine__botB.bc24,andli28.v9_USQuals_angle,0,A,v9_USQuals_angle,1,2000,MORE_FLAG_CAPTURES,1800,5700,213,33,40,226,22,2,19,1650,880,2,545,525,578,317,46.1,22,15,7,0,39.0,45,0,2,0,0,2.83,0,1.78,11.0,0,0,,,,83,1,0,0,25.0,3,0,,1,0,0,498,0,0
gauntlet/20261003-011650-scrim-g_iter1/losses/andli28.v9_USQuals_angle__Valentine__botB.bc24,andli28.v9_USQuals_angle,1,B,g_iter1,0,2000,MORE_FLAG_CAPTURES,1800,2700,226,1,0,704,2,0,2,6,3,19,219,206,317,578,43.0,2,2,0,0,34.5,44,7,15,0,0,0.18,2,3.83,35.6,1553,2,3,2,0.667,91,18,0,,14.8,0,0,,0,2668,821,379,2,0
gauntlet/20261003-011650-scrim-g_iter1/losses/andrewgopher.player22__KingQuacksCastle__botB.bc24,andrewgopher.player22,0,A,player22,1,503,CAPTURE,1600,12300,204,15,31,272,21,3,9,218,100,0,100,88,83,151,42.8,18,5,7,6,16.7,50,0,0,0,0,0.00,0,5.80,14.5,,,,,,34,4,0,0,25.0,4,0,,0,0,0,1,0,0
gauntlet/20261003-011650-scrim-g_iter1/losses/andrewgopher.player22__KingQuacksCastle__botB.bc24,andrewgopher.player22,1,B,g_iter1,0,503,CAPTURE,1600,2200,204,2,1,0,0,0,0,0,0,9,60,54,151,83,46.0,0,0,0,0,,47,7,5,0,0,2.33,3,0.00,31.8,114,3,3,2,0.667,9,2,0,,14.4,0,0,,0,365,29,81,0,0
gauntlet/20261003-011650-scrim-g_iter1/losses/andrewgopher.player22__TreeSearch__botA.bc24,andrewgopher.player22,1,A,g_iter1,0,854,CAPTURE,3200,6800,203,0,1,339,2,1,1,60,30,10,132,109,327,170,45.2,2,2,0,0,24.0,39,4,9,0,0,1.24,3,0.97,29.3,87,2,2,2,1.000,24,5,1,,14.6,0,0,1,0,729,251,117,96,0
gauntlet/20261003-011650-scrim-g_iter1/losses/andrewgopher.player22__TreeSearch__botA.bc24,andrewgopher.player22,0,B,player22,1,854,CAPTURE,3200,3200,205,2,26,302,16,3,10,162,74,1,111,111,170,327,40.7,13,9,4,0,24.3,37,0,2,0,0,0.07,1,5.34,13.4,56,1,1,1,1.000,84,26,0,0,25.0,12,0,,0,0,0,4,0,0
gauntlet/20261003-011650-scrim-g_iter1/losses/andrewgopher.player22__HeMustBeFreed__botA.bc24,andrewgopher.player22,1,A,g_iter1,0,2000,MORE_FLAG_CAPTURES,2600,4500,201,12,5,512,10,0,9,485,254,3,207,191,512,404,45.0,10,6,4,0,36.1,29,1,4,3,0,0.42,2,3.99,34.5,190,2,3,2,0.667,122,32,1,,14.7,0,0,,0,2163,866,1428,1341,147
gauntlet/20261003-011650-scrim-g_iter1/losses/andrewgopher.player22__HeMustBeFreed__botA.bc24,andrewgopher.player22,0,B,player22,1,2000,MORE_FLAG_CAPTURES,3000,17100,201,26,29,235,11,2,3,227,108,9,194,183,404,512,43.8,8,4,1,3,49.7,19,4,6,0,0,0.31,0,1.75,7.4,407,0,5,0,0.000,212,91,1,1,25.0,3,0,,0,0,0,4,0,0
gauntlet/20261003-011650-scrim-g_iter1/losses/andrewgopher.player22__TreeSearch__botB.bc24,andrewgopher.player22,0,A,player22,1,1533,CAPTURE,3200,3200,203,21,16,232,14,3,8,178,81,6,254,235,445,683,39.1,11,5,6,0,25.3,38,1,7,2,1,0.44,2,4.83,14.5,109,2,2,1,0.500,144,75,0,0,25.0,30,0,,0,0,0,2,0,0
gauntlet/20261003-011650-scrim-g_iter1/losses/andrewgopher.player22__TreeSearch__botB.bc24,andrewgopher.player22,1,B,g_iter1,0,1533,CAPTURE,3200,6500,203,7,9,358,8,2,6,154,75,8,212,202,683,445,42.9,8,7,1,0,20.3,35,6,5,0,0,1.94,3,5.15,33.3,122,2,3,3,1.000,42,5,0,,14.4,0,0,,0,1652,859,415,420,0
gauntlet/20261003-011650-scrim-g_iter1/losses/chenyx512.flagbot_final__AceOfSpades__botA.bc24,chenyx512.flagbot_final,1,A,g_iter1,0,616,CAPTURE,1800,4500,202,32,15,219,7,2,5,183,77,6,96,77,28,227,41.6,7,6,1,0,20.8,41,5,4,0,0,1.54,3,5.89,44.3,135,2,4,3,0.750,15,1,0,,15.0,0,0,,0,410,102,148,43,0
gauntlet/20261003-011650-scrim-g_iter1/losses/chenyx512.flagbot_final__AceOfSpades__botA.bc24,chenyx512.flagbot_final,0,B,flagbot_final,1,616,CAPTURE,1800,17100,203,19,19,221,12,3,6,799,288,5,347,264,227,28,48.7,9,4,5,0,16.3,39,1,6,0,0,1.95,2,6.54,28.9,110,2,2,2,1.000,2,0,0,0,18.8,0,0,,0,0,0,171,0,0
gauntlet/20261003-011650-scrim-g_iter1/losses/andrewgopher.player22__YearOfTheDragon__botA.bc24,andrewgopher.player22,1,A,g_iter1,0,2000,MORE_FLAG_CAPTURES,10800,10800,201,4,1,325,1,0,1,3,1,44,310,298,874,757,40.8,1,1,0,0,18.0,45,24,23,0,0,8.12,2,0.00,35.4,30,0,2,1,0.500,68,29,1,,14.6,0,0,1,0,3467,786,118,421,0
gauntlet/20261003-011650-scrim-g_iter1/losses/andrewgopher.player22__YearOfTheDragon__botA.bc24,andrewgopher.player22,0,B,player22,1,2000,MORE_FLAG_CAPTURES,10800,10800,201,18,14,223,50,2,44,250,98,1,404,383,757,874,39.4,47,23,24,0,25.9,47,0,1,9,0,2.00,0,5.98,12.0,0,0,,,,113,33,1,1,25.1,82,0,,0,0,0,3,0,0
gauntlet/20261003-011650-scrim-g_iter1/losses/awu7.ExplosiveBot__FloodGates__botA.bc24,awu7.ExplosiveBot,1,A,g_iter1,0,2000,MORE_FLAG_CAPTURES,500,1400,211,10,14,234,3,0,3,42,16,35,232,197,1066,136,48.3,3,2,1,0,19.0,23,15,21,0,0,6.33,1,6.21,24.6,27,0,,,,23,0,1,,14.8,0,0,1,0,2271,1352,496,3,1
gauntlet/20261003-011650-scrim-g_iter1/losses/awu7.ExplosiveBot__FloodGates__botA.bc24,awu7.ExplosiveBot,0,B,ExplosiveBot,1,2000,MORE_FLAG_CAPTURES,500,2000,209,25,16,225,46,1,35,122,37,3,63,49,136,1066,37.0,46,21,15,10,18.3,16,1,2,2,1,6.33,0,2.98,13.8,7,0,1,0,0.000,232,111,1,0,21.4,0,0,11,1,1,0,1800,0,0
gauntlet/20261003-011650-scrim-g_iter1/losses/chenyx512.flagbot_final__OceanFloor__botB.bc24,chenyx512.flagbot_final,0,A,flagbot_final,1,1205,CAPTURE,1400,1400,201,30,18,228,13,3,7,904,377,17,292,234,432,106,47.8,10,7,3,0,33.3,47,2,15,0,1,2.24,0,5.82,21.9,126,0,5,0,0.000,13,2,1,1,19.6,0,0,,1,0,0,296,0,0
gauntlet/20261003-011650-scrim-g_iter1/losses/chenyx512.flagbot_final__OceanFloor__botB.bc24,chenyx512.flagbot_final,1,B,g_iter1,0,1205,CAPTURE,1400,1400,201,32,32,237,17,0,17,304,146,7,126,120,106,432,41.3,17,15,2,0,45.5,46,3,7,0,0,0.91,3,5.07,34.4,241,2,6,3,0.500,52,2,1,,14.8,0,0,1,0,1164,318,297,299,279
gauntlet/20261003-011650-scrim-g_iter1/losses/chenyx512.flagbot_final__Intercontinental__botB.bc24,chenyx512.flagbot_final,0,A,flagbot_final,1,1130,CAPTURE,2400,5400,201,8,17,305,16,3,10,740,283,9,183,129,474,125,47.2,13,4,9,0,21.9,40,0,11,0,0,1.76,2,9.00,23.6,105,1,3,2,0.667,13,3,1,1,20.7,0,0,817,0,0,0,187,0,0
gauntlet/20261003-011650-scrim-g_iter1/losses/chenyx512.flagbot_final__Intercontinental__botB.bc24,chenyx512.flagbot_final,1,B,g_iter1,0,1130,CAPTURE,2400,3600,201,12,23,319,11,2,9,268,128,10,98,93,125,474,39.9,11,11,0,0,21.6,37,9,4,0,0,1.59,3,4.76,36.5,109,2,3,3,1.000,48,5,1,,14.8,0,0,1,0,824,173,218,194,40
gauntlet/20261003-011650-scrim-g_iter1/losses/chenyx512.flagbot_final__Fusbol__botB.bc24,chenyx512.flagbot_final,0,A,flagbot_final,1,1965,CAPTURE,0,3900,283,0,1,409,39,3,33,1059,226,6,676,642,1260,169,45.5,36,14,22,0,42.6,0,0,6,14,2,3.53,0,8.21,31.3,12,0,,,,10,1,1,1,23.2,0,0,1914,1,0,0,1393,0,0
gauntlet/20261003-011650-scrim-g_iter1/losses/chenyx512.flagbot_final__Fusbol__botB.bc24,chenyx512.flagbot_final,1,B,g_iter1,0,1965,CAPTURE,7200,14100,202,40,31,235,6,0,6,49,29,33,273,267,169,1260,34.2,6,6,0,0,40.2,42,22,14,0,0,1.09,3,3.22,43.7,318,2,4,3,0.750,183,192,1,,14.9,0,0,,0,3286,92,385,74,61
gauntlet/20261003-011650-scrim-g_iter1/losses/chenyx512.flagbot_final__Racetrack__botA.bc24,chenyx512.flagbot_final,1,A,g_iter1,0,858,CAPTURE,0,0,202,14,20,0,0,0,0,0,0,13,55,52,87,256,42.7,0,0,0,0,,20,11,5,0,0,1.79,3,0.00,31.4,137,3,3,3,1.000,31,17,0,,14.8,0,0,,0,767,137,131,0,0
gauntlet/20261003-011650-scrim-g_iter1/losses/chenyx512.flagbot_final__Racetrack__botA.bc24,chenyx512.flagbot_final,0,B,flagbot_final,1,858,CAPTURE,0,0,214,3,23,321,19,3,13,795,211,0,87,77,256,87,47.6,16,5,11,0,28.5,16,0,0,0,0,0.00,0,7.52,31.2,,,,,,3,0,0,0,19.5,0,0,461,1,0,0,658,0,0
gauntlet/20261003-011650-scrim-g_iter1/losses/chenyx512.flagbot_final__WheresMyWater__botA.bc24,chenyx512.flagbot_final,1,A,g_iter1,0,1077,CAPTURE,3000,3600,201,0,0,488,1,1,0,22,11,10,121,121,107,517,38.5,1,1,0,0,,42,8,5,0,0,3.91,3,2.86,38.1,19,1,,,,37,13,1,,14.7,0,0,1,0,1554,180,337,1166,0
gauntlet/20261003-011650-scrim-g_iter1/losses/chenyx512.flagbot_final__WheresMyWater__botA.bc24,chenyx512.flagbot_final,0,B,flagbot_final,1,1077,CAPTURE,3000,6600,201,29,27,224,16,3,10,676,282,0,365,261,517,107,47.5,13,5,8,0,9.5,38,0,1,0,0,0.36,1,9.97,30.1,11,1,,,,10,0,1,1,20.0,0,0,1039,1,0,0,810,0,0
gauntlet/20261003-011650-scrim-g_iter1/losses/dmtrung14.defaultplayer_intlqualifier__Ambush__botB.bc24,dmtrung14.defaultplayer_intlqualifier,0,A,defaultplayer_intlqualifier,1,555,CAPTURE,2300,3200,201,6,3,205,43,3,18,391,99,7,65,61,28,257,38.9,40,17,5,18,8.6,46,1,8,0,0,1.50,2,4.22,15.7,96,1,4,1,0.250,55,37,1,1,25.1,204,0,369,1,0,0,281,0,0
gauntlet/20261003-011650-scrim-g_iter1/losses/dmtrung14.defaultplayer_intlqualifier__Ambush__botB.bc24,dmtrung14.defaultplayer_intlqualifier,1,B,g_iter1,0,555,CAPTURE,2000,2300,201,18,21,201,9,2,7,226,109,18,60,53,257,28,48.8,9,8,1,0,12.0,48,5,17,0,0,5.73,3,2.68,36.1,5,3,,,,7,0,1,,14.8,0,0,1,0,659,70,47,9,14
gauntlet/20261003-011650-scrim-g_iter1/losses/dmtrung14.defaultplayer_intlqualifier__Swoop__botB.bc24,dmtrung14.defaultplayer_intlqualifier,0,A,defaultplayer_intlqualifier,1,574,CAPTURE,4300,4300,201,24,17,214,49,3,12,457,127,3,54,49,11,202,41.2,46,13,2,31,24.3,46,0,5,0,0,1.17,2,6.77,16.2,107,0,2,2,1.000,55,15,1,,25.1,255,0,201,1,0,0,374,0,0
gauntlet/20261003-011650-scrim-g_iter1/losses/dmtrung14.defaultplayer_intlqualifier__Swoop__botB.bc24,dmtrung14.defaultplayer_intlqualifier,1,B,g_iter1,0,574,CAPTURE,4300,4300,201,23,18,219,5,2,3,175,86,12,98,87,202,11,49.5,5,5,0,0,31.7,47,2,13,0,0,1.64,3,2.77,26.9,87,3,1,0,0.000,3,1,1,,14.7,0,0,1,0,311,44,27,5,0
gauntlet/20261003-011650-scrim-g_iter1/losses/clbarrell.duck8__Tunnels__botB.bc24,clbarrell.duck8,0,A,duck8,1,2000,MORE_FLAG_CAPTURES,2400,3600,203,3,2,224,10,1,9,50,21,1,239,185,222,957,38.3,10,4,6,0,10.2,22,0,1,0,0,3.00,0,9.16,45.2,0,0,,,,36,18,0,,14.8,0,0,,1,1,1,76,0,0
gauntlet/20261003-011650-scrim-g_iter1/losses/clbarrell.duck8__Tunnels__botB.bc24,clbarrell.duck8,1,B,g_iter1,0,2000,MORE_FLAG_CAPTURES,2400,3000,212,15,13,236,1,0,1,1,0,9,213,192,957,222,47.3,1,1,0,0,17.0,36,6,4,0,0,5.66,1,0.00,52.9,8,0,,,,18,2,0,,14.9,0,0,,0,2146,904,1231,1045,0
gauntlet/20261003-011650-scrim-g_iter1/losses/hsmalladi.finalbot__BreadPudding__botB.bc24,hsmalladi.finalbot,0,A,finalbot,1,1074,CAPTURE,2600,2900,205,13,23,268,56,3,37,837,118,4,146,138,246,337,42.3,53,9,31,13,13.6,43,0,4,0,0,1.29,0,11.06,22.3,50,0,2,0,0.000,20,5,0,,25.0,68,0,,0,1,1,4,0,0
gauntlet/20261003-011650-scrim-g_iter1/losses/hsmalladi.finalbot__BreadPudding__botB.bc24,hsmalladi.finalbot,1,B,g_iter1,0,1074,CAPTURE,2600,2900,204,3,0,226,4,0,4,171,69,37,128,110,337,246,44.5,4,4,0,0,20.5,43,31,9,0,0,7.84,3,1.38,38.7,46,0,2,2,1.000,20,2,1,,14.7,0,0,1,0,1377,630,280,984,0
gauntlet/20261003-011650-scrim-g_iter1/losses/hsmalladi.finalbot__KingQuacksCastle__botA.bc24,hsmalladi.finalbot,1,A,g_iter1,0,390,CAPTURE,1600,2300,204,4,0,365,1,0,0,4,2,8,48,42,62,43,47.3,1,1,0,0,,47,7,4,0,0,2.91,3,5.00,31.9,68,1,3,2,0.667,3,0,0,,14.8,0,0,,0,195,26,22,1,0
gauntlet/20261003-011650-scrim-g_iter1/losses/hsmalladi.finalbot__KingQuacksCastle__botA.bc24,hsmalladi.finalbot,0,B,finalbot,1,390,CAPTURE,1600,7100,205,36,13,241,14,3,8,754,144,0,82,68,43,62,46.3,11,4,7,0,18.1,48,0,1,0,0,0.00,0,9.36,17.5,5,,,,,5,2,0,,25.0,85,0,,0,0,0,5,0,0
gauntlet/20261003-011650-scrim-g_iter1/losses/hsmalladi.finalbot__Checkered__botB.bc24,hsmalladi.finalbot,0,A,finalbot,1,608,CAPTURE,4800,4800,201,22,9,218,22,3,14,802,266,7,98,85,94,177,42.9,19,6,11,2,11.9,48,0,7,0,0,1.99,0,5.00,10.0,42,0,3,0,0.000,21,4,1,,25.0,62,0,,0,0,0,3,0,0
gauntlet/20261003-011650-scrim-g_iter1/losses/hsmalladi.finalbot__Checkered__botB.bc24,hsmalladi.finalbot,1,B,g_iter1,0,608,CAPTURE,4800,4800,201,14,15,201,7,0,7,137,57,14,98,86,177,94,46.4,7,7,0,0,12.9,47,11,6,0,0,2.91,3,5.06,28.0,79,1,2,2,1.000,21,1,1,,14.8,0,0,,0,430,147,166,309,0
gauntlet/20261003-011650-scrim-g_iter1/losses/dmtrung14.defaultplayer_intlqualifier__WheresMyWater__botB.bc24,dmtrung14.defaultplayer_intlqualifier,0,A,defaultplayer_intlqualifier,1,2000,MORE_FLAG_CAPTURES,3000,3900,201,6,11,201,29,2,3,355,96,0,65,43,65,1054,37.1,26,5,1,20,7.7,43,0,0,0,0,0.00,0,8.16,32.2,,,,,,24,10,1,1,25.1,275,0,,1,0,0,1800,0,0
gauntlet/20261003-011650-scrim-g_iter1/losses/dmtrung14.defaultplayer_intlqualifier__WheresMyWater__botB.bc24,dmtrung14.defaultplayer_intlqualifier,1,B,g_iter1,0,2000,MORE_FLAG_CAPTURES,3000,4500,201,5,15,219,0,0,0,0,0,3,479,438,1054,65,49.2,0,0,0,0,,42,1,5,0,0,2.64,2,0.00,47.1,17,2,,,,7,0,1,,14.7,0,0,1,0,2516,1833,1439,0,0
gauntlet/20261003-011650-scrim-g_iter1/losses/jmerle.camel_case_v21_final__Anchor__botA.bc24,jmerle.camel_case_v21_final,1,A,g_iter1,0,566,CAPTURE,6300,10200,202,3,4,298,1,0,1,3,1,8,141,128,176,173,42.5,1,1,0,0,23.0,48,6,5,0,0,1.59,3,2.00,40.7,91,2,2,2,1.000,18,14,0,,14.9,0,0,,0,661,26,77,1,0
gauntlet/20261003-011650-scrim-g_iter1/losses/jmerle.camel_case_v21_final__Anchor__botA.bc24,jmerle.camel_case_v21_final,0,B,camel_case_v21_final,1,566,CAPTURE,6300,9900,206,23,26,222,11,3,8,152,72,1,188,178,173,176,42.6,11,5,6,0,22.4,50,0,1,0,0,1.33,0,7.05,8.9,0,0,,,,37,5,0,,23.3,0,0,,0,0,0,1,0,0
gauntlet/20261003-011650-scrim-g_iter1/losses/jmerle.camel_case_v21_final__Occulus__botA.bc24,jmerle.camel_case_v21_final,1,A,g_iter1,0,401,CAPTURE,1800,2700,201,0,0,374,1,0,1,1,0,5,62,50,97,113,43.1,1,1,0,0,19.0,40,4,4,0,0,2.14,3,0.00,50.3,91,2,3,3,1.000,7,1,1,,14.8,0,0,1,0,489,24,54,23,0
gauntlet/20261003-011650-scrim-g_iter1/losses/jmerle.camel_case_v21_final__Occulus__botA.bc24,jmerle.camel_case_v21_final,0,B,camel_case_v21_final,1,401,CAPTURE,1800,8700,201,31,23,218,8,3,5,146,68,1,142,136,113,97,44.6,8,4,4,0,20.4,45,0,1,0,0,1.00,0,7.60,6.6,0,0,,,,11,2,1,,22.0,0,0,,0,0,0,1,0,0
gauntlet/20261003-011650-scrim-g_iter1/losses/jmerle.camel_case_v21_final__Puzzle__botB.bc24,jmerle.camel_case_v21_final,0,A,camel_case_v21_final,1,466,CAPTURE,0,19400,207,47,26,232,5,3,2,217,107,1,244,219,152,59,47.0,5,3,2,0,31.0,49,0,2,0,0,0.16,1,5.99,4.4,109,1,2,1,0.500,17,1,0,,22.0,0,0,,0,0,0,1,0,142
gauntlet/20261003-011650-scrim-g_iter1/losses/jmerle.camel_case_v21_final__Puzzle__botB.bc24,jmerle.camel_case_v21_final,1,B,g_iter1,0,466,CAPTURE,0,3700,211,2,3,285,2,1,1,115,55,2,60,46,59,152,42.0,2,2,0,0,6.0,40,2,3,0,0,0.58,3,0.66,45.9,178,2,3,3,1.000,22,6,1,,14.6,0,0,1,0,470,8,64,34,0
gauntlet/20261003-011650-scrim-g_iter1/losses/hsmalladi.finalbot__TreeSearch__botB.bc24,hsmalladi.finalbot,0,A,finalbot,1,1916,CAPTURE,3200,3200,210,33,19,254,35,3,27,752,91,7,401,400,752,582,42.7,32,12,18,2,19.2,37,0,8,9,1,0.81,1,4.44,16.4,327,1,8,1,0.125,114,62,0,,25.0,78,0,,0,1,1,31,0,0
gauntlet/20261003-011650-scrim-g_iter1/losses/hsmalladi.finalbot__TreeSearch__botB.bc24,hsmalladi.finalbot,1,B,g_iter1,0,1916,CAPTURE,3200,6800,204,16,22,250,8,1,7,527,242,27,224,197,582,752,40.4,8,8,0,0,11.3,37,18,12,0,0,2.81,3,5.60,25.6,86,2,2,1,0.500,167,118,1,,14.7,0,0,1,0,1637,395,197,1634,1110
gauntlet/20261003-011650-scrim-g_iter1/losses/hsmalladi.finalbot__Rainbow__botB.bc24,hsmalladi.finalbot,0,A,finalbot,1,2000,MORE_FLAG_CAPTURES,6000,6000,201,19,24,283,11,1,5,652,102,5,353,334,427,450,44.5,8,2,4,2,26.6,44,0,5,0,0,1.48,0,12.03,25.0,25,0,,,,9,0,1,,25.0,64,0,,0,1,1,7,0,0
gauntlet/20261003-011650-scrim-g_iter1/losses/hsmalladi.finalbot__Rainbow__botB.bc24,hsmalladi.finalbot,1,B,g_iter1,0,2000,MORE_FLAG_CAPTURES,6000,6000,201,10,14,498,5,0,5,67,31,5,250,205,450,427,44.8,5,5,0,0,32.0,47,4,2,0,0,2.84,1,1.24,28.8,25,1,1,1,1.000,36,0,1,,14.9,0,0,,0,1700,1566,1462,785,25
gauntlet/20261003-011650-scrim-g_iter1/losses/jmerle.camel_case_v21_final__EndAround__botB.bc24,jmerle.camel_case_v21_final,0,A,camel_case_v21_final,1,2000,MORE_FLAG_CAPTURES,1900,5200,257,0,39,294,42,2,39,873,424,15,346,342,587,651,42.1,42,27,15,0,24.7,40,4,11,4,1,1.43,0,5.74,4.2,154,0,4,0,0.000,216,31,0,,23.2,0,0,,0,0,0,4,0,0
gauntlet/20261003-011650-scrim-g_iter1/losses/jmerle.camel_case_v21_final__EndAround__botB.bc24,jmerle.camel_case_v21_final,1,B,g_iter1,0,2000,MORE_FLAG_CAPTURES,2200,5200,203,35,29,267,15,0,15,253,112,39,250,225,651,587,42.9,15,11,4,0,14.3,47,15,27,2,0,2.03,2,6.87,21.0,505,2,12,2,0.167,89,25,0,,14.9,0,0,,0,1589,477,87,220,928
gauntlet/20261003-011650-scrim-g_iter1/losses/jmerle.camel_case_v21_final__Snake__botA.bc24,jmerle.camel_case_v21_final,1,A,g_iter1,0,658,CAPTURE,13100,26200,203,17,16,304,4,0,4,102,40,5,260,240,155,232,41.4,4,4,0,0,25.8,47,3,5,0,0,0.74,3,2.53,51.8,199,1,3,3,1.000,40,9,0,,15.0,0,0,,0,702,69,115,264,67
gauntlet/20261003-011650-scrim-g_iter1/losses/jmerle.camel_case_v21_final__Snake__botA.bc24,jmerle.camel_case_v21_final,0,B,camel_case_v21_final,1,658,CAPTURE,13100,34700,209,25,22,253,8,3,5,263,130,4,442,429,232,155,44.4,8,5,3,0,34.0,34,0,4,0,0,1.02,0,6.53,11.1,72,0,1,0,0.000,47,3,0,,23.4,0,0,,0,0,0,1,0,0
gauntlet/20261003-011650-scrim-g_iter1/losses/jonters.bling3__HungerGames__botA.bc24,jonters.bling3,1,A,g_iter1,0,456,CAPTURE,700,2100,203,20,5,234,7,2,5,82,40,5,60,56,82,111,44.0,7,3,4,0,12.6,47,4,4,0,0,1.77,3,4.96,22.7,66,2,2,2,1.000,13,2,0,,14.8,0,0,,0,418,54,55,11,0
gauntlet/20261003-011650-scrim-g_iter1/losses/jonters.bling3__HungerGames__botA.bc24,jonters.bling3,0,B,bling3,1,456,CAPTURE,700,20100,203,41,6,236,8,3,5,111,53,5,108,73,111,82,45.4,8,4,4,0,15.6,33,4,3,0,0,0.74,2,12.52,9.4,51,1,1,1,1.000,8,4,0,0,23.1,0,0,,0,0,0,2,0,0
gauntlet/20261003-011650-scrim-g_iter1/losses/jmerle.camel_case_v21_final__Soccer__botB.bc24,jmerle.camel_case_v21_final,0,A,camel_case_v21_final,1,638,CAPTURE,3000,3200,203,45,25,231,16,3,13,215,98,0,131,121,160,196,42.7,16,6,10,0,32.6,37,0,0,0,0,0.00,0,6.41,4.8,,,,,,22,0,0,,22.3,0,0,,0,0,0,1,0,4
gauntlet/20261003-011650-scrim-g_iter1/losses/jmerle.camel_case_v21_final__Soccer__botB.bc24,jmerle.camel_case_v21_final,1,B,g_iter1,0,638,CAPTURE,3000,3000,552,0,0,585,0,0,0,0,0,13,81,59,196,160,43.8,0,0,0,0,,35,10,6,0,0,1.98,3,0.00,35.5,162,1,3,3,1.000,8,1,0,,14.9,0,0,,0,653,134,88,0,0
gauntlet/20261003-011650-scrim-g_iter1/losses/kyleezz.jeeryfix3__DefaultHuge__botB.bc24,kyleezz.jeeryfix3,0,A,jeeryfix3,1,359,CAPTURE,3700,3700,201,9,37,205,10,3,7,115,57,1,77,58,59,85,44.7,10,5,5,0,21.0,50,0,1,0,0,1.42,0,3.45,10.3,4,0,,,,31,0,1,1,24.9,0,0,2,1,0,0,1,0,0
gauntlet/20261003-011650-scrim-g_iter1/losses/kyleezz.jeeryfix3__DefaultHuge__botB.bc24,kyleezz.jeeryfix3,1,B,g_iter1,0,359,CAPTURE,3700,3700,201,12,1,302,1,0,1,12,5,7,69,51,85,59,46.0,1,1,0,0,14.0,47,5,5,0,0,1.15,3,0.17,27.0,78,1,3,3,1.000,11,0,1,,14.7,0,0,1,0,249,40,51,1,33
gauntlet/20261003-011650-scrim-g_iter1/losses/kyleezz.jeeryfix3__DefaultMedium__botA.bc24,kyleezz.jeeryfix3,1,A,g_iter1,0,471,CAPTURE,2900,2900,201,0,0,368,0,0,0,0,0,14,58,37,118,66,46.6,0,0,0,0,,40,13,4,0,0,2.27,3,0.00,33.9,112,1,3,2,0.667,9,1,1,,14.9,0,0,,0,384,31,61,0,0
gauntlet/20261003-011650-scrim-g_iter1/losses/kyleezz.jeeryfix3__DefaultMedium__botA.bc24,kyleezz.jeeryfix3,0,B,jeeryfix3,1,471,CAPTURE,2900,5000,201,36,26,220,17,3,14,206,102,0,69,61,66,118,44.0,17,4,13,0,24.5,47,0,0,0,0,0.00,0,8.17,12.9,,,,,,28,2,0,1,24.8,0,0,18,1,0,0,2,0,0
gauntlet/20261003-011650-scrim-g_iter1/losses/kyleezz.jeeryfix3__Racetrack__botA.bc24,kyleezz.jeeryfix3,1,A,g_iter1,0,444,CAPTURE,0,0,203,0,0,0,0,0,0,0,0,9,10,9,110,50,47.2,0,0,0,0,,23,8,4,0,0,2.10,3,0.00,24.8,96,1,3,3,1.000,9,3,0,,14.8,0,0,,0,299,62,24,0,0
gauntlet/20261003-011650-scrim-g_iter1/losses/kyleezz.jeeryfix3__Racetrack__botA.bc24,kyleezz.jeeryfix3,0,B,jeeryfix3,1,444,CAPTURE,0,0,208,34,14,242,12,3,9,185,91,0,12,9,50,110,44.2,12,4,8,0,27.6,19,0,0,0,0,0.00,0,7.54,5.2,,,,,,22,1,0,1,24.9,0,0,2,1,0,0,1,0,0
gauntlet/20261003-011650-scrim-g_iter1/losses/quesswho.cretplayer2_3__Islands__botA.bc24,quesswho.cretplayer2_3,1,A,g_iter1,0,961,CAPTURE,5800,5800,201,11,5,251,8,2,6,297,139,16,147,106,278,263,43.4,8,7,1,0,22.2,47,15,4,0,0,2.35,3,7.60,24.3,250,1,6,3,0.500,59,25,1,,14.6,0,0,1,0,432,116,115,409,0
gauntlet/20261003-011650-scrim-g_iter1/losses/quesswho.cretplayer2_3__Islands__botA.bc24,quesswho.cretplayer2_3,0,B,cretplayer2_3,1,961,CAPTURE,5800,5800,201,27,8,207,22,3,16,1097,226,6,150,141,263,278,42.5,19,4,15,0,15.8,40,1,7,0,0,0.31,2,26.29,25.8,252,2,4,2,0.500,73,47,1,1,25.1,9,0,1,1,2,0,279,0,611
gauntlet/20261003-011650-scrim-g_iter1/losses/kyleezz.jeeryfix3__Hurricane__botA.bc24,kyleezz.jeeryfix3,1,A,g_iter1,0,2000,MORE_FLAG_CAPTURES,4500,4500,201,7,30,226,10,0,10,65,24,7,251,88,212,68,49.2,10,9,1,0,17.5,46,4,5,0,0,1.62,2,5.42,71.8,95,0,4,2,0.500,27,0,1,,14.7,0,0,1,0,1956,1688,1009,1038,0
gauntlet/20261003-011650-scrim-g_iter1/losses/kyleezz.jeeryfix3__Hurricane__botA.bc24,kyleezz.jeeryfix3,0,B,jeeryfix3,1,2000,MORE_FLAG_CAPTURES,4500,4500,201,23,32,209,9,2,7,204,92,10,99,72,68,212,47.4,9,5,4,0,18.0,46,1,9,0,0,4.42,0,7.39,63.3,8,0,,,,72,16,1,1,24.9,0,0,29,1,0,0,2,0,0
gauntlet/20261003-011650-scrim-g_iter1/losses/winkelmantanner.waffle__YearOfTheDragon__botA.bc24,winkelmantanner.waffle,1,A,g_iter1,0,762,CAPTURE,10800,10800,201,9,2,227,2,1,1,79,32,32,178,141,230,143,45.4,2,2,0,0,6.0,46,27,8,0,0,3.99,3,2.00,39.6,127,2,3,3,1.000,16,3,1,,15.0,0,0,1,0,704,240,67,2,82
gauntlet/20261003-011650-scrim-g_iter1/losses/winkelmantanner.waffle__YearOfTheDragon__botA.bc24,winkelmantanner.waffle,0,B,waffle,1,762,CAPTURE,10800,10800,201,27,22,230,35,3,32,326,149,1,208,196,143,230,42.6,35,8,27,0,20.8,40,0,2,0,0,1.20,1,7.12,11.9,42,0,2,1,0.500,41,9,1,,11.1,0,0,,0,24,6,562,0,0
gauntlet/20261003-011650-scrim-g_iter1/losses/quesswho.cretplayer2_3__OceanFloor__botB.bc24,quesswho.cretplayer2_3,0,A,cretplayer2_3,1,1525,CAPTURE,1400,1400,201,24,27,213,28,3,22,1629,386,9,183,172,262,342,44.2,25,6,19,0,22.9,30,3,8,11,2,0.51,2,25.00,26.8,1162,1,8,1,0.125,103,70,0,1,25.0,16,0,767,1,0,0,963,0,403
gauntlet/20261003-011650-scrim-g_iter1/losses/quesswho.cretplayer2_3__OceanFloor__botB.bc24,quesswho.cretplayer2_3,1,B,g_iter1,0,1525,CAPTURE,1400,1400,201,32,29,222,11,2,9,1250,599,22,189,119,342,262,45.9,11,8,3,0,17.7,47,19,6,1,0,2.45,3,9.20,21.1,651,1,8,2,0.250,55,19,1,,14.4,0,0,1,0,469,64,127,173,216
gauntlet/20261003-011650-scrim-g_iter1/replays/SampleProvider.TSPAARKSPRINT1__Hockey__botA.bc24,SampleProvider.TSPAARKSPRINT1,1,A,g_iter1,1,1277,CAPTURE,3300,3600,206,17,26,273,47,3,44,867,412,14,345,266,638,111,47.9,47,40,7,0,25.6,34,5,9,0,1,3.04,0,7.48,27.7,10,0,,,,17,0,1,,14.9,0,0,1,0,594,212,121,66,28
gauntlet/20261003-011650-scrim-g_iter1/replays/SampleProvider.TSPAARKSPRINT1__Hockey__botA.bc24,SampleProvider.TSPAARKSPRINT1,0,B,TSPAARKSPRINT1,0,1277,CAPTURE,3300,3300,202,0,7,342,17,0,14,561,143,44,73,57,111,638,38.0,14,9,5,0,26.0,28,7,40,0,0,3.26,3,2.58,16.7,394,2,10,3,0.300,242,224,1,1,24.5,0,0,,0,1,0,650,0,0
gauntlet/20261003-011650-scrim-g_iter1/losses/winkelmantanner.waffle__Gated__botA.bc24,winkelmantanner.waffle,1,A,g_iter1,0,2000,MORE_FLAG_CAPTURES,1500,2400,203,9,6,257,4,0,4,70,31,6,223,195,816,359,45.6,4,4,0,0,17.5,38,4,4,0,0,1.89,2,2.13,35.7,88,0,2,2,1.000,36,2,1,,14.8,0,0,1,0,2966,2115,1542,8,5
gauntlet/20261003-011650-scrim-g_iter1/losses/winkelmantanner.waffle__Gated__botA.bc24,winkelmantanner.waffle,0,B,waffle,1,2000,MORE_FLAG_CAPTURES,1500,2400,209,25,23,243,8,2,6,157,73,4,269,253,359,816,40.0,8,4,4,0,21.3,32,0,4,0,0,2.44,0,6.55,11.5,14,0,1,0,0.000,39,10,0,,12.5,0,0,,0,3,0,1800,0,0
gauntlet/20261003-011650-scrim-g_iter1/replays/SampleProvider.TSPAARKSPRINT1__Occulus__botA.bc24,SampleProvider.TSPAARKSPRINT1,1,A,g_iter1,1,1456,CAPTURE,1800,3300,201,20,15,241,19,3,16,331,129,80,250,208,650,186,46.8,19,13,6,0,26.1,41,47,34,5,2,4.81,1,5.52,37.3,58,1,1,0,0.000,27,3,1,,14.9,0,0,,0,2139,318,126,34,0
gauntlet/20261003-011650-scrim-g_iter1/replays/SampleProvider.TSPAARKSPRINT1__Occulus__botA.bc24,SampleProvider.TSPAARKSPRINT1,0,B,TSPAARKSPRINT1,0,1456,CAPTURE,1800,8100,201,17,29,248,84,1,80,595,202,16,123,121,186,650,39.1,81,34,47,0,20.6,33,6,13,0,0,1.79,3,8.10,17.0,151,3,6,3,0.500,187,148,1,1,23.8,0,0,,0,0,0,1191,0,0
gauntlet/20261003-011650-scrim-g_iter1/replays/awu7.ExplosiveBot__Alien__botA.bc24,awu7.ExplosiveBot,1,A,g_iter1,1,1111,CAPTURE,3300,3300,202,19,29,225,20,3,17,222,99,12,317,245,761,129,47.2,20,11,9,0,14.4,40,9,5,0,0,6.72,2,8.41,27.2,4,2,,,,6,0,0,,14.8,0,0,,0,660,191,61,19,0
gauntlet/20261003-011650-scrim-g_iter1/replays/awu7.ExplosiveBot__Alien__botA.bc24,awu7.ExplosiveBot,0,B,ExplosiveBot,0,1111,CAPTURE,3300,3300,203,4,15,215,25,2,12,58,17,17,74,72,129,761,33.5,25,5,9,11,13.0,23,9,11,0,0,2.33,3,5.84,17.0,134,2,3,3,1.000,77,81,0,0,21.6,0,0,8,1,0,0,683,0,0
gauntlet/20261003-011650-scrim-g_iter1/replays/Strequals.duck0127v5__Klein__botA.bc24,Strequals.duck0127v5,1,A,g_iter1,1,1577,CAPTURE,6300,6300,203,14,15,218,25,3,22,402,186,24,168,157,264,388,44.0,25,16,9,0,16.6,47,13,13,0,1,2.01,2,3.54,36.1,207,1,7,2,0.286,48,13,1,,14.9,0,0,1,0,1900,463,313,45,16
gauntlet/20261003-011650-scrim-g_iter1/replays/Strequals.duck0127v5__Klein__botA.bc24,Strequals.duck0127v5,0,B,duck0127v5,0,1577,CAPTURE,6300,9000,203,5,15,213,26,2,24,513,245,22,329,315,388,264,45.9,26,13,13,0,18.0,44,9,16,4,0,1.89,3,5.91,31.7,195,2,4,2,0.500,71,23,0,,21.1,0,0,,0,0,0,129,0,0
gauntlet/20261003-011650-scrim-g_iter1/replays/awu7.ExplosiveBot__Fountain__botB.bc24,awu7.ExplosiveBot,0,A,ExplosiveBot,0,1008,CAPTURE,1700,2400,213,3,4,428,4,0,4,3,0,25,46,43,89,718,32.8,4,2,2,0,15.3,33,9,19,0,0,2.77,3,1.67,20.3,216,1,7,3,0.429,198,223,0,1,19.0,0,0,6,1,1,0,235,0,0
gauntlet/20261003-011650-scrim-g_iter1/replays/awu7.ExplosiveBot__Fountain__botB.bc24,awu7.ExplosiveBot,1,B,g_iter1,1,1008,CAPTURE,1700,3000,209,15,35,241,28,3,25,543,250,4,225,170,718,89,47.8,28,19,9,0,17.7,44,2,2,0,0,3.00,0,8.83,24.9,0,0,,,,20,1,1,,14.7,0,0,1,0,207,89,60,29,0
gauntlet/20261003-011650-scrim-g_iter1/replays/awu7.ExplosiveBot__SteamboatMickey__botB.bc24,awu7.ExplosiveBot,0,A,ExplosiveBot,0,1238,CAPTURE,7300,11800,201,11,10,201,26,0,16,82,23,11,136,134,179,697,36.6,26,6,10,10,21.2,28,1,13,0,0,0.71,3,2.89,13.9,462,3,6,3,0.500,355,257,1,0,21.9,0,0,19,1,0,0,260,0,0
gauntlet/20261003-011650-scrim-g_iter1/replays/awu7.ExplosiveBot__SteamboatMickey__botB.bc24,awu7.ExplosiveBot,1,B,g_iter1,1,1238,CAPTURE,7300,14500,201,34,35,201,14,3,11,642,297,16,452,373,697,179,46.4,14,13,1,0,31.3,38,10,6,0,1,2.37,0,8.98,18.4,43,0,,,,67,8,1,,14.8,0,0,1,0,425,129,87,18,9
gauntlet/20261003-011650-scrim-g_iter1/replays/clbarrell.duck8__Duck__botA.bc24,clbarrell.duck8,1,A,g_iter1,1,610,CAPTURE,2900,2900,201,36,38,264,5,3,2,604,284,4,101,44,104,44,48.4,5,5,0,0,33.5,47,4,1,0,0,0.83,0,4.89,19.2,207,0,1,0,0.000,17,2,1,,14.6,0,0,1,0,114,40,45,29,0
gauntlet/20261003-011650-scrim-g_iter1/replays/clbarrell.duck8__Duck__botA.bc24,clbarrell.duck8,0,B,duck8,0,610,CAPTURE,2900,2900,201,8,11,232,5,0,4,286,137,2,72,63,44,104,46.0,5,1,4,0,39.8,36,0,5,0,0,0.29,3,12.70,27.4,506,3,5,3,0.600,52,26,1,,12.9,0,0,2,0,0,0,19,0,0
gauntlet/20261003-011650-scrim-g_iter1/replays/awu7.ExplosiveBot__Hockey__botB.bc24,awu7.ExplosiveBot,0,A,ExplosiveBot,0,1367,CAPTURE,3300,3300,210,26,6,225,11,0,8,23,3,4,111,105,197,1013,32.1,11,4,5,2,25.0,20,2,5,0,0,1.40,3,8.09,15.6,149,0,3,3,1.000,242,216,1,1,22.4,0,0,3,1,0,0,1104,0,0
gauntlet/20261003-011650-scrim-g_iter1/replays/awu7.ExplosiveBot__Hockey__botB.bc24,awu7.ExplosiveBot,1,B,g_iter1,1,1367,CAPTURE,3300,3300,212,4,5,245,7,3,4,233,112,8,345,251,1013,197,46.5,7,5,2,0,23.0,38,5,4,0,2,8.30,0,7.34,22.0,0,0,,,,17,0,1,,14.9,0,0,1,0,550,346,194,7,0
gauntlet/20261003-011650-scrim-g_iter1/replays/awu7.ExplosiveBot__Waterworld__botA.bc24,awu7.ExplosiveBot,1,A,g_iter1,1,757,CAPTURE,11200,12800,238,14,32,252,13,3,10,373,178,17,255,187,478,47,48.5,13,10,3,0,18.8,24,12,6,0,0,2.50,1,9.02,22.6,46,1,,,,8,1,0,,15.1,0,0,,0,291,35,45,21,0
gauntlet/20261003-011650-scrim-g_iter1/replays/awu7.ExplosiveBot__Waterworld__botA.bc24,awu7.ExplosiveBot,0,B,ExplosiveBot,0,757,CAPTURE,13900,16500,204,21,8,258,35,1,17,108,38,10,44,40,47,478,35.2,35,6,12,17,21.2,28,3,10,0,0,1.58,3,4.46,21.0,221,1,5,3,0.600,115,119,0,0,21.4,0,0,6,1,0,0,444,0,0
gauntlet/20261003-011650-scrim-g_iter1/replays/clbarrell.duck8__AceOfSpades__botA.bc24,clbarrell.duck8,1,A,g_iter1,1,867,CAPTURE,1800,2400,202,27,20,238,6,3,3,240,105,5,143,103,306,125,46.5,6,6,0,0,14.0,42,3,3,0,0,3.14,1,6.98,35.3,34,0,1,1,1.000,18,0,0,,15.2,0,0,,0,622,351,211,6,0
gauntlet/20261003-011650-scrim-g_iter1/replays/clbarrell.duck8__AceOfSpades__botA.bc24,clbarrell.duck8,0,B,duck8,0,867,CAPTURE,1800,19200,203,19,17,230,6,1,5,66,23,3,299,243,125,306,41.5,6,3,3,0,21.2,43,0,6,0,0,1.02,3,13.00,29.2,161,3,5,3,0.600,40,25,0,,13.2,0,0,,1,0,0,16,0,0
gauntlet/20261003-011650-scrim-g_iter1/replays/clbarrell.duck8__Fountain__botA.bc24,clbarrell.duck8,1,A,g_iter1,1,1620,CAPTURE,1700,3100,207,26,21,220,21,3,18,435,193,20,245,213,932,267,46.0,21,13,8,0,18.3,40,14,8,0,1,4.12,2,8.25,26.2,41,1,2,2,1.000,50,6,0,,14.8,0,0,,0,1419,593,259,358,9
gauntlet/20261003-011650-scrim-g_iter1/replays/clbarrell.duck8__Fountain__botA.bc24,clbarrell.duck8,0,B,duck8,0,1620,CAPTURE,1700,2300,230,1,11,268,22,2,20,126,48,18,167,155,267,932,36.1,22,8,14,0,21.4,36,8,13,0,0,2.07,3,6.55,32.9,195,2,6,3,0.500,193,159,0,,14.8,0,0,,1,0,0,29,0,0
gauntlet/20261003-011650-scrim-g_iter1/replays/clbarrell.duck8__Racetrack__botA.bc24,clbarrell.duck8,1,A,g_iter1,1,1414,CAPTURE,0,0,207,15,14,238,8,3,5,475,206,22,86,77,569,263,45.5,8,8,0,0,24.2,28,16,8,0,1,2.77,2,5.67,25.3,130,1,2,2,1.000,70,9,0,,14.8,0,0,,0,1304,554,239,166,17
gauntlet/20261003-011650-scrim-g_iter1/replays/clbarrell.duck8__Racetrack__botA.bc24,clbarrell.duck8,0,B,duck8,0,1414,CAPTURE,0,0,203,24,13,230,24,2,22,242,95,5,203,191,263,569,40.3,24,8,16,0,32.6,15,0,8,3,0,0.47,3,10.90,29.8,344,3,6,3,0.500,68,44,0,,12.5,0,0,,1,0,0,22,0,0
gauntlet/20261003-011650-scrim-g_iter1/replays/dmtrung14.defaultplayer_intlqualifier__EndAround__botB.bc24,dmtrung14.defaultplayer_intlqualifier,0,A,defaultplayer_intlqualifier,0,1591,CAPTURE,2500,2800,454,0,0,506,3,0,0,294,18,12,26,25,23,421,28.8,0,0,0,0,,36,6,9,0,0,1.12,3,0.00,54.1,1337,1,8,3,0.375,41,17,0,0,25.1,273,0,,1,0,0,554,0,0
gauntlet/20261003-011650-scrim-g_iter1/replays/dmtrung14.defaultplayer_intlqualifier__EndAround__botB.bc24,dmtrung14.defaultplayer_intlqualifier,1,B,g_iter1,1,1591,CAPTURE,2500,7000,202,28,37,248,15,3,12,1704,781,0,270,150,421,23,49.6,15,9,6,0,24.0,47,0,0,0,2,0.00,0,8.70,51.3,,,,,,2,0,0,,14.9,0,0,,0,23,14,32,141,623
gauntlet/20261003-011650-scrim-g_iter1/replays/clbarrell.duck8__Waterworld__botA.bc24,clbarrell.duck8,1,A,g_iter1,1,1223,CAPTURE,11200,15000,204,43,39,416,3,3,0,300,147,2,391,284,851,119,47.6,3,3,0,0,,41,1,1,0,1,5.22,0,8.00,32.1,0,0,,,,22,0,0,,15.1,0,0,,0,92,28,22,3,0
gauntlet/20261003-011650-scrim-g_iter1/replays/clbarrell.duck8__Waterworld__botA.bc24,clbarrell.duck8,0,B,duck8,0,1223,CAPTURE,4900,5300,342,0,0,466,2,0,2,9,2,0,109,108,119,851,33.3,2,1,1,0,24.5,9,0,3,0,0,0.43,3,2.11,39.0,250,2,3,3,1.000,215,245,0,,13.9,0,0,,1,0,0,273,0,0
gauntlet/20261003-011650-scrim-g_iter1/replays/dmtrung14.defaultplayer_intlqualifier__Mountain__botB.bc24,dmtrung14.defaultplayer_intlqualifier,0,A,defaultplayer_intlqualifier,0,2000,MORE_FLAG_CAPTURES,4100,5900,205,18,16,215,9,0,2,335,66,9,57,43,20,140,48.2,6,2,0,4,22.5,48,2,8,0,0,0.93,1,3.80,54.4,473,1,2,1,0.500,15,0,0,0,25.1,215,0,,0,0,0,1800,0,0
gauntlet/20261003-011650-scrim-g_iter1/replays/dmtrung14.defaultplayer_intlqualifier__Mountain__botB.bc24,dmtrung14.defaultplayer_intlqualifier,1,B,g_iter1,1,2000,MORE_FLAG_CAPTURES,4100,4700,201,2,4,236,10,1,9,548,268,2,240,165,140,20,49.7,10,8,2,0,15.9,47,0,2,1,0,3.29,0,3.41,86.4,3,0,,,,4,0,1,,15.2,0,0,1,0,1873,1723,1616,10,9
gauntlet/20261003-011650-scrim-g_iter1/replays/hsmalladi.finalbot__Diagonal__botB.bc24,hsmalladi.finalbot,0,A,finalbot,0,2000,MORE_FLAG_CAPTURES,4900,5100,201,32,29,249,3,0,0,594,38,2,273,235,142,140,48.3,0,0,0,0,,39,0,3,0,0,0.17,1,0.00,68.4,125,1,1,1,1.000,5,0,1,,25.0,26,0,,0,1,1,4,0,0
gauntlet/20261003-011650-scrim-g_iter1/replays/hsmalladi.finalbot__Diagonal__botB.bc24,hsmalladi.finalbot,1,B,g_iter1,1,2000,MORE_FLAG_CAPTURES,5100,5100,201,6,7,329,3,1,2,144,68,0,239,169,140,142,48.3,3,3,0,0,31.0,35,0,0,0,0,0.00,0,6.18,81.8,,,,,,6,0,1,,14.8,0,0,1,0,1823,1702,1766,1618,5
gauntlet/20261003-011650-scrim-g_iter1/replays/dmtrung14.defaultplayer_intlqualifier__SteamboatMickey__botB.bc24,dmtrung14.defaultplayer_intlqualifier,0,A,defaultplayer_intlqualifier,0,2000,MORE_FLAG_CAPTURES,6400,13900,201,19,13,246,8,0,5,320,20,9,102,100,69,1217,35.1,5,4,1,0,37.0,38,1,10,0,0,1.15,2,0.27,32.7,284,2,6,2,0.333,43,11,1,,25.1,363,0,1,0,0,0,1715,0,0
gauntlet/20261003-011650-scrim-g_iter1/replays/dmtrung14.defaultplayer_intlqualifier__SteamboatMickey__botB.bc24,dmtrung14.defaultplayer_intlqualifier,1,B,g_iter1,1,2000,MORE_FLAG_CAPTURES,7300,11800,201,28,34,201,11,2,9,438,205,5,576,489,1217,69,49.1,11,10,1,0,30.3,25,1,4,1,0,1.58,0,3.74,65.6,0,0,,,,14,0,1,,14.8,0,0,1,0,1848,1432,645,724,21
gauntlet/20261003-011650-scrim-g_iter1/replays/jonters.bling3__TwistedTreeline__botB.bc24,jonters.bling3,0,A,bling3,0,1125,CAPTURE,2400,2400,202,32,28,274,15,0,15,322,136,14,54,39,141,571,37.3,15,7,8,0,20.9,42,3,14,0,0,0.80,3,10.73,7.6,695,1,11,3,0.273,171,166,0,0,22.4,0,0,,0,0,0,4,0,0
gauntlet/20261003-011650-scrim-g_iter1/replays/jonters.bling3__TwistedTreeline__botB.bc24,jonters.bling3,1,B,g_iter1,1,1125,CAPTURE,2400,2400,202,26,45,244,17,3,14,937,457,15,284,220,571,141,46.9,17,14,3,0,20.6,47,8,7,0,0,2.07,0,7.07,17.4,132,0,4,0,0.000,29,8,1,,14.7,0,0,1,0,548,179,126,174,130
gauntlet/20261003-011650-scrim-g_iter1/replays/jonters.bling3__BreadPudding__botA.bc24,jonters.bling3,1,A,g_iter1,1,2000,MORE_FLAG_CAPTURES,2600,2800,202,6,12,312,26,2,24,583,277,7,324,287,1113,305,46.3,26,15,11,0,13.7,45,7,1,3,1,6.07,1,7.46,32.2,15,0,1,1,1.000,29,0,1,,14.6,0,0,1,0,2301,1482,1150,25,20
gauntlet/20261003-011650-scrim-g_iter1/replays/jonters.bling3__BreadPudding__botA.bc24,jonters.bling3,0,B,bling3,0,2000,MORE_FLAG_CAPTURES,2600,3000,203,23,6,219,8,1,7,106,48,24,121,118,305,1113,35.9,8,1,7,0,11.0,34,11,15,0,0,2.37,2,15.62,6.5,266,0,4,1,0.250,75,98,0,0,22.2,0,0,1,0,0,0,4,0,0
gauntlet/20261003-011650-scrim-g_iter1/replays/jonters.bling3__MIT__botB.bc24,jonters.bling3,0,A,bling3,0,1273,CAPTURE,7200,43400,225,22,14,250,8,1,7,122,55,11,250,216,272,335,43.3,8,6,2,0,32.9,46,2,12,0,0,0.34,3,7.44,5.4,429,3,8,2,0.250,85,39,0,0,23.4,0,0,,1,0,0,5,0,0
gauntlet/20261003-011650-scrim-g_iter1/replays/jonters.bling3__MIT__botB.bc24,jonters.bling3,1,B,g_iter1,1,1273,CAPTURE,7200,12300,202,13,15,214,14,3,11,527,260,7,247,204,335,272,44.8,14,12,2,0,26.2,48,2,6,1,1,1.11,1,3.17,21.5,77,0,2,1,0.500,70,9,1,,14.6,0,0,1,0,801,494,332,544,170
gauntlet/20261003-011650-scrim-g_iter1/replays/jonters.bling3__Valentine__botA.bc24,jonters.bling3,1,A,g_iter1,1,2000,MORE_FLAG_CAPTURES,1800,2600,225,10,24,256,20,1,18,321,198,10,251,185,618,281,46.6,20,13,7,0,31.8,43,7,3,6,1,2.74,0,5.52,31.8,52,0,1,0,0.000,61,2,0,,14.9,0,0,,0,1480,802,555,238,247
gauntlet/20261003-011650-scrim-g_iter1/replays/jonters.bling3__Valentine__botA.bc24,jonters.bling3,0,B,bling3,0,2000,MORE_FLAG_CAPTURES,1800,5800,212,37,37,225,10,0,10,117,49,18,131,117,281,618,42.1,10,3,7,0,36.7,35,7,13,0,0,1.22,1,9.44,3.0,221,1,3,1,0.333,83,41,0,0,22.2,0,0,,0,0,0,4,0,0
gauntlet/20261003-011650-scrim-g_iter1/replays/justinottesen.sprint1__QueenOfHearts__botA.bc24,justinottesen.sprint1,1,A,g_iter1,1,488,CAPTURE,3500,3500,201,31,31,220,11,3,8,359,174,1,107,71,221,17,49.1,11,6,5,0,19.0,44,0,1,0,0,4.00,0,7.33,22.0,0,0,,,,4,0,1,,14.6,0,0,1,0,187,39,105,14,2
gauntlet/20261003-011650-scrim-g_iter1/replays/justinottesen.sprint1__QueenOfHearts__botA.bc24,justinottesen.sprint1,0,B,sprint1,0,488,CAPTURE,3500,3500,201,4,5,220,1,0,1,3,1,8,19,11,17,221,39.3,1,1,0,0,30.0,25,5,6,0,0,1.25,3,1.00,5.5,214,1,4,2,0.500,78,51,1,,6.1,0,0,,0,0,0,4,0,0
gauntlet/20261003-011650-scrim-g_iter1/replays/jonters.bling3__YearOfTheDragon__botA.bc24,jonters.bling3,1,A,g_iter1,1,2000,MORE_FLAG_CAPTURES,10800,10800,201,16,16,230,10,1,9,74,40,0,338,286,859,385,45.3,10,7,3,0,16.7,44,0,0,1,0,0.00,0,4.20,32.5,,,,,,33,0,1,,14.7,0,0,1,0,1836,1005,1479,15,267
gauntlet/20261003-011650-scrim-g_iter1/replays/jonters.bling3__YearOfTheDragon__botA.bc24,jonters.bling3,0,B,bling3,0,2000,MORE_FLAG_CAPTURES,10800,10800,201,28,16,218,0,0,0,0,0,9,212,208,385,859,39.2,0,0,0,0,,46,3,7,0,0,1.93,1,0.00,5.7,27,0,1,1,1.000,52,15,1,1,24.5,0,0,,1,0,0,4,0,0
gauntlet/20261003-011650-scrim-g_iter1/replays/justinottesen.sprint1__GravitationalWaves__botB.bc24,justinottesen.sprint1,0,A,sprint1,0,2000,MORE_FLAG_CAPTURES,3100,3100,201,20,12,203,1,0,1,4,2,41,90,77,96,1972,26.1,1,1,0,0,21.0,19,16,28,0,0,0.51,1,5.25,12.4,2432,1,8,1,0.125,489,602,1,,6.8,0,0,,0,0,0,11,0,0
gauntlet/20261003-011650-scrim-g_iter1/replays/justinottesen.sprint1__GravitationalWaves__botB.bc24,justinottesen.sprint1,1,B,g_iter1,1,2000,MORE_FLAG_CAPTURES,3700,3700,201,31,37,201,44,1,41,2965,1598,1,718,596,1972,96,48.8,44,28,16,0,20.9,20,0,1,5,1,7.50,0,6.29,32.2,0,0,,,,15,0,1,,14.9,0,0,,0,477,183,118,198,25
gauntlet/20261003-011650-scrim-g_iter1/replays/justinottesen.sprint1__Waterworld__botB.bc24,justinottesen.sprint1,0,A,sprint1,0,553,CAPTURE,5500,10000,209,0,1,333,5,0,5,76,35,9,20,18,19,301,37.1,5,4,1,0,18.8,17,5,7,0,0,1.04,3,1.39,14.5,247,2,7,1,0.143,115,126,0,,6.1,0,0,,0,0,0,5,0,0
gauntlet/20261003-011650-scrim-g_iter1/replays/justinottesen.sprint1__Waterworld__botB.bc24,justinottesen.sprint1,1,B,g_iter1,1,553,CAPTURE,13900,16000,216,7,46,287,12,3,9,482,237,5,178,132,301,19,49.2,12,7,5,0,12.6,43,1,4,0,0,0.96,0,6.37,23.1,31,0,1,0,0.000,4,0,0,,15.0,0,0,,0,213,12,33,22,0
gauntlet/20261003-011650-scrim-g_iter1/replays/justinottesen.sprint1__QueenOfHearts__botB.bc24,justinottesen.sprint1,0,A,sprint1,0,730,CAPTURE,3500,3500,201,14,11,216,4,0,4,18,6,10,31,28,34,409,36.6,4,3,1,0,27.5,28,3,10,0,0,0.66,3,0.89,5.6,271,3,5,3,0.600,211,153,1,,6.5,0,0,,0,0,0,7,0,0
gauntlet/20261003-011650-scrim-g_iter1/replays/justinottesen.sprint1__QueenOfHearts__botB.bc24,justinottesen.sprint1,1,B,g_iter1,1,730,CAPTURE,3500,3500,201,24,19,234,13,3,10,394,190,4,167,121,409,34,48.8,13,10,3,0,21.9,42,1,3,0,0,1.61,0,7.38,20.5,6,0,,,,17,0,1,,14.8,0,0,1,0,376,103,88,138,12
gauntlet/20261003-011650-scrim-g_iter1/replays/justinottesen.sprint1__Skyline__botB.bc24,justinottesen.sprint1,0,A,sprint1,0,684,CAPTURE,21600,21600,208,5,10,247,2,0,2,6,2,10,111,110,97,424,35.2,2,2,0,0,20.0,39,4,9,0,0,0.74,3,1.00,13.8,193,2,4,3,0.750,139,136,0,,6.3,0,0,,0,0,0,3,0,0
gauntlet/20261003-011650-scrim-g_iter1/replays/justinottesen.sprint1__Skyline__botB.bc24,justinottesen.sprint1,1,B,g_iter1,1,684,CAPTURE,21600,21600,201,15,19,230,13,3,10,312,151,2,315,272,424,97,46.5,13,9,4,0,14.9,47,0,2,0,0,0.67,0,6.55,23.0,2,0,,,,11,1,1,,14.7,0,0,1,0,432,133,229,17,70
gauntlet/20261003-011650-scrim-g_iter1/replays/justinottesen.sprint1__Rainbow__botA.bc24,justinottesen.sprint1,1,A,g_iter1,1,961,CAPTURE,6000,6000,201,18,21,212,22,3,19,555,269,0,276,196,595,66,48.3,22,15,7,0,29.1,47,0,0,0,0,0.00,0,8.03,22.7,,,,,,14,0,1,,14.8,0,0,,0,398,240,143,247,43
gauntlet/20261003-011650-scrim-g_iter1/replays/justinottesen.sprint1__Rainbow__botA.bc24,justinottesen.sprint1,0,B,sprint1,0,961,CAPTURE,6000,6000,201,15,14,266,0,0,0,0,0,19,72,63,66,595,35.1,0,0,0,0,,47,7,15,0,0,1.28,3,0.00,5.6,310,3,6,3,0.500,245,192,1,,6.3,0,0,,0,0,0,2,0,0
gauntlet/20261003-011650-scrim-g_iter1/replays/kyleezz.jeeryfix3__BigDucksBigPond__botB.bc24,kyleezz.jeeryfix3,0,A,jeeryfix3,0,1867,CAPTURE,4900,7500,201,37,2,232,18,1,17,88,53,10,260,259,403,1518,30.2,18,7,11,0,32.6,47,3,10,4,1,1.09,3,3.74,9.9,321,3,7,3,0.429,285,238,1,1,24.9,0,0,2,1,0,0,13,0,0
gauntlet/20261003-011650-scrim-g_iter1/replays/kyleezz.jeeryfix3__BigDucksBigPond__botB.bc24,kyleezz.jeeryfix3,1,B,g_iter1,1,1867,CAPTURE,5000,6400,201,14,7,236,13,3,10,444,237,17,549,473,1518,403,44.8,13,10,3,0,45.7,44,11,7,3,3,3.72,1,7.94,21.6,31,1,1,0,0.000,61,2,1,,14.6,0,0,1,0,874,520,424,15,1018
gauntlet/20261003-011650-scrim-g_iter1/replays/kyleezz.jeeryfix3__Diagonal__botA.bc24,kyleezz.jeeryfix3,1,A,g_iter1,1,2000,LEVEL_SUM,5100,5100,201,18,16,0,0,0,0,0,0,3,266,187,435,138,48.3,0,0,0,0,,31,2,1,0,0,10.43,0,0.00,64.2,0,0,,,,5,0,1,,14.8,0,0,,0,1825,1593,1715,0,0
gauntlet/20261003-011650-scrim-g_iter1/replays/kyleezz.jeeryfix3__Diagonal__botA.bc24,kyleezz.jeeryfix3,0,B,jeeryfix3,0,2000,LEVEL_SUM,5100,5100,201,25,23,234,3,0,3,7,3,0,216,172,138,435,44.7,3,1,2,0,31.3,26,0,0,0,0,0.00,0,0.43,46.7,,,,,,35,3,1,0,24.9,0,0,2,1,1,1,2,0,0
gauntlet/20261003-011650-scrim-g_iter1/replays/quesswho.cretplayer2_3__Soccer__botA.bc24,quesswho.cretplayer2_3,1,A,g_iter1,1,1539,CAPTURE,3000,3000,221,16,11,335,25,3,22,533,250,57,350,292,1095,332,44.7,25,17,8,0,30.7,33,46,13,5,3,4.66,2,8.79,26.5,119,1,4,2,0.500,61,12,0,,14.7,0,0,,0,853,272,97,29,206
gauntlet/20261003-011650-scrim-g_iter1/replays/quesswho.cretplayer2_3__Soccer__botA.bc24,quesswho.cretplayer2_3,0,B,cretplayer2_3,0,1539,CAPTURE,3000,3200,205,14,3,227,62,2,57,1043,185,22,184,180,332,1095,32.4,59,13,46,0,24.2,24,8,17,11,0,1.90,3,15.25,18.7,248,1,7,3,0.429,246,255,0,0,25.0,5,0,4,1,4,0,1195,0,132
gauntlet/20261003-011650-scrim-g_iter1/replays/quesswho.cretplayer2_3__Anchor__botA.bc24,quesswho.cretplayer2_3,1,A,g_iter1,1,1826,CAPTURE,6300,11100,201,24,16,253,10,3,7,469,217,12,415,354,1589,323,45.6,10,8,2,0,19.9,47,9,3,0,2,6.20,0,10.20,27.5,9,0,1,0,0.000,53,9,0,,14.7,0,0,,0,1244,687,508,9,1
gauntlet/20261003-011650-scrim-g_iter1/replays/quesswho.cretplayer2_3__Anchor__botA.bc24,quesswho.cretplayer2_3,0,B,cretplayer2_3,0,1826,CAPTURE,6300,9000,202,26,26,224,15,0,12,751,86,7,283,279,323,1589,28.6,12,3,9,0,12.3,45,2,8,0,0,0.90,3,19.66,19.7,317,2,4,2,0.500,273,352,0,0,25.0,8,0,4,1,0,0,1404,0,352
gauntlet/20261003-011650-scrim-g_iter1/replays/winkelmantanner.waffle__CH3353C4K3F4CT0RY__botB.bc24,winkelmantanner.waffle,0,A,waffle,0,1227,CAPTURE,13000,13100,208,16,29,231,47,2,44,264,108,14,294,279,213,643,37.3,47,11,36,0,22.4,32,4,13,0,0,1.15,3,4.47,14.7,153,2,5,3,0.600,179,114,0,,12.7,0,0,,0,41,6,587,0,0
gauntlet/20261003-011650-scrim-g_iter1/replays/winkelmantanner.waffle__CH3353C4K3F4CT0RY__botB.bc24,winkelmantanner.waffle,1,B,g_iter1,1,1227,CAPTURE,13000,13300,202,18,12,297,17,3,14,275,124,44,343,330,643,213,45.8,17,13,4,0,21.8,44,36,11,0,1,3.16,2,6.05,28.3,126,1,3,2,0.667,36,7,0,,14.9,0,0,,0,1205,294,89,23,47
gauntlet/20261003-011650-scrim-g_iter1/replays/quesswho.cretplayer2_3__Gated__botB.bc24,quesswho.cretplayer2_3,0,A,cretplayer2_3,0,1771,CAPTURE,1500,2400,208,23,5,228,52,1,48,1129,252,26,179,174,315,1159,33.8,49,13,36,0,18.3,29,11,18,0,0,1.36,3,11.41,13.9,601,3,6,3,0.500,233,226,0,0,24.0,0,0,1,1,3,0,977,0,1166
gauntlet/20261003-011650-scrim-g_iter1/replays/quesswho.cretplayer2_3__Gated__botB.bc24,quesswho.cretplayer2_3,1,B,g_iter1,1,1771,CAPTURE,1500,2400,207,28,20,235,29,3,26,852,398,48,235,169,1159,315,45.7,29,18,11,0,19.9,45,36,13,4,2,1.91,1,7.51,23.4,313,1,5,1,0.200,75,20,0,,14.4,0,0,,0,1184,560,303,930,8
gauntlet/20261003-011650-scrim-g_iter1/replays/quesswho.cretplayer2_3__Funnel__botB.bc24,quesswho.cretplayer2_3,0,A,cretplayer2_3,0,2000,LEVEL_SUM,2200,3700,202,21,16,230,49,2,44,960,200,6,224,204,293,1217,34.9,46,7,39,0,45.3,23,0,8,20,1,1.01,2,12.72,16.3,199,1,4,2,0.500,368,332,1,1,24.3,0,0,1,0,0,0,1138,0,430
gauntlet/20261003-011650-scrim-g_iter1/replays/quesswho.cretplayer2_3__Funnel__botB.bc24,quesswho.cretplayer2_3,1,B,g_iter1,1,2000,LEVEL_SUM,2200,4200,201,9,17,274,8,2,6,314,152,44,453,378,1217,293,46.4,8,8,0,0,53.7,36,39,7,0,0,2.93,2,5.37,22.7,124,1,4,2,0.500,61,10,1,,14.4,0,0,1,0,726,297,154,8,0
gauntlet/20261003-012840-scrim-g_iter1/losses/ColtG5.Goob_final__Battlefield__botA.bc24,ColtG5.Goob_final,1,A,g_iter1,0,465,CAPTURE,3700,3700,202,0,7,275,0,0,0,0,0,12,82,68,160,55,47.3,0,0,0,0,,46,7,8,0,0,6.23,3,0.00,32.7,0,0,,,,6,0,1,,14.8,0,0,1,0,793,6,17,0,0
gauntlet/20261003-012840-scrim-g_iter1/losses/ColtG5.Goob_final__Battlefield__botA.bc24,ColtG5.Goob_final,0,B,Goob_final,1,465,CAPTURE,3700,3700,202,27,19,202,15,3,12,56,22,0,68,55,55,160,41.9,15,8,7,0,7.1,43,0,0,0,0,0.00,0,6.80,17.6,,,,,,5,6,1,1,16.7,0,0,,0,0,0,179,0,0
gauntlet/20261003-011650-scrim-g_iter1/replays/winkelmantanner.waffle__GravitationalWaves__botA.bc24,winkelmantanner.waffle,1,A,g_iter1,1,1597,CAPTURE,3700,3700,201,14,10,201,6,3,3,249,118,1,175,85,231,77,48.8,6,6,0,0,19.0,13,0,1,0,1,1.00,0,3.02,42.9,0,0,,,,26,0,1,,14.9,0,0,,0,1412,10,1095,6,0
gauntlet/20261003-011650-scrim-g_iter1/replays/winkelmantanner.waffle__GravitationalWaves__botA.bc24,winkelmantanner.waffle,0,B,waffle,0,1597,CAPTURE,3700,3700,201,34,33,201,1,0,1,1,0,3,127,74,77,231,46.5,1,1,0,0,29.0,13,0,6,0,0,1.06,3,0.00,8.3,122,2,3,3,1.000,40,15,1,,15.5,0,0,,0,0,0,1332,0,0
gauntlet/20261003-011650-scrim-g_iter1/replays/winkelmantanner.waffle__Snake__botA.bc24,winkelmantanner.waffle,1,A,g_iter1,1,1002,CAPTURE,13100,39300,203,46,46,374,6,3,3,358,166,16,543,465,392,125,47.0,6,5,1,0,33.3,47,13,4,0,0,2.68,1,4.27,32.5,52,1,1,0,0.000,16,2,0,,15.0,0,0,,0,446,167,91,6,0
gauntlet/20261003-011650-scrim-g_iter1/replays/winkelmantanner.waffle__Snake__botA.bc24,winkelmantanner.waffle,0,B,waffle,0,1002,CAPTURE,12900,15000,422,0,0,443,17,1,16,116,50,3,232,229,125,392,40.6,17,4,13,0,30.6,5,1,5,0,0,0.91,3,4.96,17.9,224,0,3,3,1.000,73,18,0,,11.1,0,0,,0,19,0,314,0,0
gauntlet/20261003-012840-scrim-g_iter1/losses/ColtG5.Goob_final__Decision__botA.bc24,ColtG5.Goob_final,1,A,g_iter1,0,1163,CAPTURE,1900,1900,220,8,6,306,3,1,1,239,117,28,186,182,580,220,45.4,3,3,0,0,8.0,38,12,19,0,0,0.97,3,4.06,18.3,410,3,5,3,0.600,81,9,0,,14.8,0,0,,0,1051,235,82,7,0
gauntlet/20261003-012840-scrim-g_iter1/losses/ColtG5.Goob_final__Decision__botA.bc24,ColtG5.Goob_final,0,B,Goob_final,1,1163,CAPTURE,1900,1900,202,36,11,240,31,3,28,591,273,1,122,119,220,580,37.8,31,19,12,0,43.0,36,0,3,0,0,0.27,1,3.08,13.4,216,1,2,1,0.500,209,85,0,0,15.9,0,0,,0,0,0,963,0,0
gauntlet/20261003-012840-scrim-g_iter1/losses/ColtG5.Goob_final__Canals__botB.bc24,ColtG5.Goob_final,0,A,Goob_final,1,2000,MORE_FLAG_CAPTURES,4600,4600,203,33,32,217,4,1,3,35,16,0,344,315,458,1270,34.5,4,2,2,0,11.7,47,0,0,0,0,0.00,0,10.60,14.9,,,,,,48,22,1,1,18.1,0,0,,0,0,0,1800,0,0
gauntlet/20261003-012840-scrim-g_iter1/losses/ColtG5.Goob_final__Canals__botB.bc24,ColtG5.Goob_final,1,B,g_iter1,0,2000,MORE_FLAG_CAPTURES,4600,4800,235,2,0,284,0,0,0,0,0,3,250,201,1270,458,44.4,0,0,0,0,,47,2,2,0,0,6.94,1,0.00,29.0,8,1,,,,28,0,1,,15.1,0,0,1,0,1711,1300,1032,0,0
gauntlet/20261003-012840-scrim-g_iter1/losses/ColtG5.Goob_final__BreadPudding__botA.bc24,ColtG5.Goob_final,1,A,g_iter1,0,2000,MORE_FLAG_CAPTURES,2600,2600,427,0,0,0,0,0,0,0,0,2,221,187,1115,417,44.9,0,0,0,0,,46,2,1,0,0,5.02,1,0.00,43.3,34,0,1,1,1.000,41,1,1,,14.8,0,0,1,0,3315,1120,1705,0,0
gauntlet/20261003-012840-scrim-g_iter1/losses/ColtG5.Goob_final__BreadPudding__botA.bc24,ColtG5.Goob_final,0,B,Goob_final,1,2000,MORE_FLAG_CAPTURES,2600,3200,202,37,22,224,3,1,2,54,27,0,293,275,417,1115,36.4,3,1,2,0,16.0,46,0,0,0,0,0.00,0,6.78,13.9,,,,,,37,26,0,0,18.2,0,0,,0,0,0,1800,0,0
gauntlet/20261003-011650-scrim-g_iter1/replays/winkelmantanner.waffle__Klein__botA.bc24,winkelmantanner.waffle,1,A,g_iter1,1,2000,MORE_FLAG_CAPTURES,5800,5800,203,17,10,262,7,2,5,338,173,27,294,267,803,407,45.0,7,7,0,0,11.2,47,17,11,0,1,3.92,1,6.09,30.2,73,1,1,1,1.000,65,4,1,,14.9,0,0,1,0,2109,456,279,247,68
gauntlet/20261003-011650-scrim-g_iter1/replays/winkelmantanner.waffle__Klein__botA.bc24,winkelmantanner.waffle,0,B,waffle,0,2000,MORE_FLAG_CAPTURES,6000,6900,204,18,14,209,28,1,27,155,71,5,286,280,407,803,40.2,28,11,17,0,18.7,35,0,7,6,0,0.63,2,3.65,9.7,228,1,5,1,0.200,212,59,0,,12.4,0,0,,0,41,3,1194,0,0
gauntlet/20261003-012840-scrim-g_iter1/losses/ColtG5.Goob_final__QuestionableChess__botA.bc24,ColtG5.Goob_final,1,A,g_iter1,0,2000,MORE_FLAG_CAPTURES,0,0,201,1,7,274,0,0,0,0,0,31,184,175,1152,742,41.0,0,0,0,0,,44,19,14,0,0,4.66,2,0.00,42.8,56,2,1,1,1.000,103,30,1,,14.6,0,0,1,0,2745,567,422,0,0
gauntlet/20261003-012840-scrim-g_iter1/losses/ColtG5.Goob_final__QuestionableChess__botA.bc24,ColtG5.Goob_final,0,B,Goob_final,1,2000,MORE_FLAG_CAPTURES,0,0,202,21,18,210,33,2,31,168,66,0,334,300,742,1152,35.9,33,14,19,0,20.2,36,0,0,0,0,0.00,0,4.74,14.5,,,,,,126,54,0,0,16.2,0,0,,0,0,0,1800,0,0
gauntlet/20261003-012840-scrim-g_iter1/losses/CyrilSharma.finalBot__TwistedTreeline__botA.bc24,CyrilSharma.finalBot,1,A,g_iter1,0,918,CAPTURE,2400,2400,202,18,10,250,6,1,5,142,62,13,103,92,145,170,45.6,6,5,1,0,23.8,46,8,8,0,0,0.84,3,6.38,51.0,379,2,6,3,0.500,42,5,0,,14.9,0,0,,0,530,123,102,67,232
gauntlet/20261003-012840-scrim-g_iter1/losses/CyrilSharma.finalBot__TwistedTreeline__botA.bc24,CyrilSharma.finalBot,0,B,finalBot,1,918,CAPTURE,2400,2400,204,28,22,220,16,3,13,501,245,5,178,174,170,145,46.2,16,8,8,0,27.5,28,1,5,0,0,1.08,1,5.30,47.0,91,0,2,1,0.500,28,1,0,,25.0,5,0,293,1,0,0,5,0,0
gauntlet/20261003-012840-scrim-g_iter1/losses/CyrilSharma.finalBot__Rainbow__botA.bc24,CyrilSharma.finalBot,1,A,g_iter1,0,2000,MORE_FLAG_CAPTURES,6000,6000,201,9,9,216,3,0,3,26,12,5,254,213,494,452,44.5,3,3,0,0,30.0,47,3,4,0,0,1.54,2,4.69,50.1,91,1,3,2,0.667,57,5,1,,14.7,0,0,1,0,3716,558,685,1666,0
gauntlet/20261003-012840-scrim-g_iter1/losses/CyrilSharma.finalBot__Rainbow__botA.bc24,CyrilSharma.finalBot,0,B,finalBot,1,2000,MORE_FLAG_CAPTURES,6000,6000,201,28,18,255,7,2,5,164,81,3,513,497,452,494,44.0,7,4,3,0,30.2,42,0,3,0,0,2.69,0,6.70,42.7,1,0,,,,36,0,1,,25.0,11,0,381,1,0,0,5,0,0
gauntlet/20261003-012840-scrim-g_iter1/losses/CyrilSharma.finalBot__Hockey__botA.bc24,CyrilSharma.finalBot,1,A,g_iter1,0,2000,MORE_FLAG_CAPTURES,3300,3300,208,1,1,482,0,0,0,0,0,2,234,207,718,635,42.2,0,0,0,0,,37,2,2,0,0,1.03,2,0.00,47.7,106,1,2,2,1.000,30,4,1,,14.9,0,0,1,0,3114,840,736,0,0
gauntlet/20261003-012840-scrim-g_iter1/losses/CyrilSharma.finalBot__Hockey__botA.bc24,CyrilSharma.finalBot,0,B,finalBot,1,2000,MORE_FLAG_CAPTURES,3300,3600,202,11,16,383,4,2,2,121,56,0,609,600,635,718,41.2,4,2,2,0,24.0,34,0,0,0,0,0.00,0,7.69,38.6,,,,,,18,0,1,,25.1,136,0,731,1,0,0,7,0,0
gauntlet/20261003-012840-scrim-g_iter1/losses/CyrilSharma.finalBot__Capacitance__botA.bc24,CyrilSharma.finalBot,1,A,g_iter1,0,1728,CAPTURE,3600,4500,201,19,5,217,6,1,4,76,27,5,235,202,685,326,45.4,6,5,1,0,11.5,47,3,5,1,1,0.21,3,15.00,42.3,1181,2,4,3,0.750,26,9,1,,15.1,0,0,1,0,1470,1122,971,35,0
gauntlet/20261003-012840-scrim-g_iter1/losses/CyrilSharma.finalBot__Capacitance__botA.bc24,CyrilSharma.finalBot,0,B,finalBot,1,1728,CAPTURE,3600,5500,201,18,21,208,8,3,5,1284,619,4,298,294,326,685,40.4,8,5,3,0,12.4,47,1,5,1,1,1.66,1,6.68,45.3,42,0,1,1,1.000,46,30,1,,25.1,117,0,241,1,0,0,33,0,0
gauntlet/20261003-012840-scrim-g_iter1/losses/CyrilSharma.finalBot__Randy__botB.bc24,CyrilSharma.finalBot,0,A,finalBot,1,2000,MORE_FLAG_CAPTURES,3400,13600,201,16,10,211,18,1,17,199,88,3,418,398,308,602,42.7,18,6,12,0,16.5,34,0,3,3,0,1.34,0,4.68,56.5,23,0,1,0,0.000,28,2,0,,25.0,91,0,357,1,0,0,5,0,0
gauntlet/20261003-012840-scrim-g_iter1/losses/CyrilSharma.finalBot__Randy__botB.bc24,CyrilSharma.finalBot,1,B,g_iter1,0,2000,MORE_FLAG_CAPTURES,3400,3400,201,21,17,213,3,0,3,44,21,17,239,177,602,308,46.2,3,3,0,0,8.7,39,12,6,0,0,4.01,1,2.70,60.5,38,0,2,1,0.500,33,6,1,,15.3,0,0,1,0,3381,1063,566,3,100
gauntlet/20261003-012840-scrim-g_iter1/losses/Gymhgy.v10official__Canals__botB.bc24,Gymhgy.v10official,0,A,v10official,1,2000,MORE_FLAG_CAPTURES,4600,5600,204,21,13,210,31,2,4,685,56,10,336,310,430,580,42.9,28,6,0,22,26.5,48,1,11,0,0,0.13,1,10.03,6.2,1908,1,6,1,0.167,28,4,1,,25.1,125,0,,0,0,0,1,0,0
gauntlet/20261003-012840-scrim-g_iter1/losses/Gymhgy.v10official__Canals__botB.bc24,Gymhgy.v10official,1,B,g_iter1,0,2000,MORE_FLAG_CAPTURES,4600,5000,214,2,16,235,12,1,10,1962,1037,4,245,229,580,430,44.8,12,11,1,0,16.9,47,0,6,0,0,1.88,2,0.27,31.2,54,2,,,,74,12,1,,14.4,0,0,1,0,2573,410,444,1726,75
gauntlet/20261003-012840-scrim-g_iter1/losses/Gymhgy.v10official__Rivers__botB.bc24,Gymhgy.v10official,0,A,v10official,1,531,CAPTURE,1500,2100,201,23,43,276,33,3,2,661,29,3,74,68,66,58,47.4,30,5,1,24,18.0,34,1,5,0,0,0.92,2,10.97,8.0,130,2,2,2,1.000,17,11,1,,25.1,44,0,,0,0,0,5,0,0
gauntlet/20261003-012840-scrim-g_iter1/losses/Gymhgy.v10official__Rivers__botB.bc24,Gymhgy.v10official,1,B,g_iter1,0,531,CAPTURE,1500,2100,224,0,0,334,6,2,3,156,76,2,54,41,58,66,46.9,6,5,1,0,23.0,32,1,5,0,0,1.27,3,4.63,30.0,42,2,,,,6,1,1,,14.4,0,0,,0,434,43,57,6,0
gauntlet/20261003-012840-scrim-g_iter1/losses/Gymhgy.v10official__Soccer__botA.bc24,Gymhgy.v10official,1,A,g_iter1,0,468,CAPTURE,3000,3000,210,0,23,362,3,0,3,75,34,5,62,50,38,42,48.1,3,3,0,0,28.0,33,4,4,0,0,2.12,3,4.31,26.7,55,2,,,,6,0,0,,14.7,0,0,,0,348,23,36,11,26
gauntlet/20261003-012840-scrim-g_iter1/losses/Gymhgy.v10official__Soccer__botA.bc24,Gymhgy.v10official,0,B,v10official,1,468,CAPTURE,3000,3100,207,31,37,268,46,3,5,702,336,3,66,51,42,38,48.1,43,4,4,35,12.2,31,0,3,0,0,1.61,0,12.52,6.0,51,0,2,0,0.000,6,3,0,,25.0,27,0,,0,0,0,1,0,0
gauntlet/20261003-012840-scrim-g_iter1/losses/Gymhgy.v10official__Yinyang__botA.bc24,Gymhgy.v10official,1,A,g_iter1,0,695,CAPTURE,2900,3200,201,8,4,255,4,1,3,69,33,8,87,81,146,80,47.3,4,3,1,0,12.3,47,4,8,0,0,3.68,3,2.32,33.6,30,2,,,,9,2,1,,14.7,0,0,1,0,947,60,110,4,20
gauntlet/20261003-012840-scrim-g_iter1/losses/Gymhgy.v10official__Yinyang__botA.bc24,Gymhgy.v10official,0,B,v10official,1,695,CAPTURE,2900,3200,201,28,24,228,36,3,8,669,38,3,101,75,80,146,45.0,33,8,4,21,22.3,48,1,3,0,0,1.39,1,11.51,9.3,24,0,,,,13,1,1,,25.0,11,0,,0,0,0,1,0,0
gauntlet/20261003-012840-scrim-g_iter1/losses/Gymhgy.v10official__Islands__botB.bc24,Gymhgy.v10official,0,A,v10official,1,2000,LEVEL_SUM,5800,5800,201,39,32,219,25,2,8,669,128,8,380,313,443,443,44.6,22,10,1,11,20.5,47,1,9,0,0,1.96,2,7.15,7.1,118,1,3,2,0.667,15,4,1,,25.1,629,0,,0,0,0,4,0,0
gauntlet/20261003-012840-scrim-g_iter1/losses/Gymhgy.v10official__Islands__botB.bc24,Gymhgy.v10official,1,B,g_iter1,0,2000,LEVEL_SUM,5800,5800,201,9,17,240,10,2,8,212,95,8,233,214,443,443,44.6,10,9,1,0,19.5,47,1,10,0,0,3.15,2,3.88,45.0,30,2,,,,16,0,1,,14.4,0,0,1,0,2318,62,1552,9,1371
gauntlet/20261003-012840-scrim-g_iter1/losses/IvanGeffner.kuma__Duck__botA.bc24,IvanGeffner.kuma,1,A,g_iter1,0,941,CAPTURE,2800,2800,201,23,20,248,9,0,9,407,194,6,105,82,140,250,43.5,9,7,2,0,36.8,45,2,9,0,0,0.41,3,2.62,35.5,506,3,7,2,0.286,76,9,1,,14.6,0,0,1,0,683,97,56,418,129
gauntlet/20261003-012840-scrim-g_iter1/losses/IvanGeffner.kuma__Duck__botA.bc24,IvanGeffner.kuma,0,B,kuma,1,941,CAPTURE,2900,3000,201,30,29,237,28,3,6,638,310,9,232,212,250,140,46.4,28,9,2,17,21.2,34,2,7,0,0,0.89,0,1.45,25.0,239,0,7,0,0.000,59,9,1,,25.0,27,0,72,1,0,0,451,0,0
gauntlet/20261003-012840-scrim-g_iter1/losses/IvanGeffner.kuma__Occulus__botB.bc24,IvanGeffner.kuma,0,A,kuma,1,624,CAPTURE,1800,9300,201,45,42,238,16,3,1,116,56,0,237,184,245,52,48.2,16,3,1,12,19.0,36,0,0,0,0,0.00,0,3.54,30.4,,,,,,2,0,1,,25.1,42,0,48,1,0,0,424,0,0
gauntlet/20261003-012840-scrim-g_iter1/losses/IvanGeffner.kuma__Occulus__botB.bc24,IvanGeffner.kuma,1,B,g_iter1,0,624,CAPTURE,1800,2100,201,0,0,0,0,0,0,0,0,1,77,69,52,245,40.8,0,0,0,0,,40,1,3,0,0,1.75,3,0.00,50.4,59,2,3,2,0.667,11,11,1,,14.9,0,0,,0,883,11,98,0,0
gauntlet/20261003-012840-scrim-g_iter1/losses/IvanGeffner.kuma__WheresMyWater__botA.bc24,IvanGeffner.kuma,1,A,g_iter1,0,405,CAPTURE,3000,3000,201,12,0,201,0,0,0,0,0,2,44,36,32,81,45.4,0,0,0,0,,40,2,3,0,0,1.39,3,0.00,37.3,33,1,1,0,0.000,11,7,1,,14.8,0,0,,0,336,46,42,0,0
gauntlet/20261003-012840-scrim-g_iter1/losses/IvanGeffner.kuma__WheresMyWater__botA.bc24,IvanGeffner.kuma,0,B,kuma,1,405,CAPTURE,3000,7200,201,31,42,201,10,3,2,70,33,0,90,78,81,32,48.2,10,3,2,5,17.0,36,0,0,0,0,0.00,0,7.57,27.2,,,,,,2,0,0,,25.0,27,0,32,1,0,0,205,0,0
gauntlet/20261003-012840-scrim-g_iter1/losses/IvanGeffner.kuma__OceanFloor__botB.bc24,IvanGeffner.kuma,0,A,kuma,1,1588,CAPTURE,1400,1400,201,19,16,222,31,3,13,427,203,1,421,398,523,280,45.7,31,13,5,13,23.8,44,1,2,1,2,0.38,1,1.41,39.6,42,1,1,1,1.000,62,1,1,,25.0,27,0,56,1,0,0,1388,0,0
gauntlet/20261003-012840-scrim-g_iter1/losses/IvanGeffner.kuma__OceanFloor__botB.bc24,IvanGeffner.kuma,1,B,g_iter1,0,1588,CAPTURE,1400,1400,201,25,25,239,3,1,1,61,26,13,174,163,280,523,42.0,3,2,1,0,35.0,47,5,13,0,0,0.65,3,2.56,48.7,304,3,5,3,0.600,78,17,1,,14.8,0,0,1,0,1298,458,508,3,0
gauntlet/20261003-012840-scrim-g_iter1/losses/NotLLeon.v3__Capacitance__botB.bc24,NotLLeon.v3,0,A,v3,1,1067,CAPTURE,3600,5200,201,18,22,206,63,3,36,551,219,0,190,186,164,196,45.5,63,11,28,24,10.3,44,0,1,0,0,0.16,1,9.51,20.1,16,1,,,,42,26,1,,20.8,0,0,328,0,0,0,867,0,13
gauntlet/20261003-012840-scrim-g_iter1/losses/NotLLeon.v3__Capacitance__botB.bc24,NotLLeon.v3,1,B,g_iter1,0,1067,CAPTURE,3600,4800,201,20,13,207,1,1,0,19,7,36,151,133,196,164,46.2,1,1,0,0,,46,28,11,0,0,5.03,3,12.26,38.3,218,2,4,0,0.000,34,13,1,,15.0,0,0,1,0,997,226,94,1,0
gauntlet/20261003-012840-scrim-g_iter1/losses/NotLLeon.v3__DefaultMedium__botB.bc24,NotLLeon.v3,0,A,v3,1,1771,CAPTURE,2900,3800,201,12,34,272,40,3,20,388,166,16,330,305,560,545,42.5,40,9,14,17,20.9,41,8,8,1,1,2.37,0,8.71,10.4,87,0,5,0,0.000,40,22,1,,21.5,0,0,367,0,0,0,1571,0,126
gauntlet/20261003-012840-scrim-g_iter1/losses/NotLLeon.v3__DefaultMedium__botB.bc24,NotLLeon.v3,1,B,g_iter1,0,1771,CAPTURE,2900,2900,201,3,18,311,16,0,16,243,112,20,210,182,545,560,42.3,16,8,8,0,28.9,36,14,9,0,0,1.94,3,9.31,42.2,251,3,7,0,0.000,73,11,1,,14.9,0,0,,0,1876,468,987,28,0
gauntlet/20261003-012840-scrim-g_iter1/losses/NotLLeon.v3__Funnel__botA.bc24,NotLLeon.v3,1,A,g_iter1,0,590,CAPTURE,2200,4100,202,10,20,266,5,0,5,133,58,8,81,62,76,102,45.8,5,4,1,0,43.8,37,6,5,0,0,1.13,3,3.01,24.9,237,1,4,2,0.500,23,1,1,,14.9,0,0,1,0,313,90,30,9,118
gauntlet/20261003-012840-scrim-g_iter1/losses/NotLLeon.v3__Funnel__botA.bc24,NotLLeon.v3,0,B,v3,1,590,CAPTURE,2200,3800,201,35,29,258,20,3,8,402,186,5,105,97,102,76,46.9,20,5,6,9,45.0,34,1,4,0,0,1.14,0,7.83,10.2,76,0,1,0,0.000,15,4,1,,19.3,0,0,525,0,0,0,390,0,24
gauntlet/20261003-012840-scrim-g_iter1/losses/NotLLeon.v3__Fountain__botB.bc24,NotLLeon.v3,0,A,v3,1,2000,MORE_FLAG_CAPTURES,1700,2500,211,7,8,361,28,2,19,230,103,15,224,214,342,481,44.2,28,10,12,6,17.9,43,2,14,4,1,2.65,1,6.99,10.2,55,1,2,1,0.500,34,7,0,,21.3,0,0,,1,0,0,779,0,21
gauntlet/20261003-012840-scrim-g_iter1/losses/NotLLeon.v3__Fountain__botB.bc24,NotLLeon.v3,1,B,g_iter1,0,2000,MORE_FLAG_CAPTURES,1700,2900,209,16,18,231,16,1,15,137,57,19,199,188,481,342,45.9,16,14,2,0,18.8,44,12,10,0,0,1.88,2,3.99,40.1,133,1,1,0,0.000,50,7,0,,14.8,0,0,,0,2287,810,178,20,100
gauntlet/20261003-012840-scrim-g_iter1/losses/NotLLeon.v3__Klein__botB.bc24,NotLLeon.v3,0,A,v3,1,2000,MORE_FLAG_CAPTURES,1800,5900,206,21,16,229,46,2,40,220,99,6,322,302,491,534,43.5,46,15,27,4,20.9,45,1,6,10,0,1.54,1,3.65,9.3,14,0,,,,99,23,0,,16.1,0,0,1280,1,0,0,1597,0,216
gauntlet/20261003-012840-scrim-g_iter1/losses/NotLLeon.v3__Klein__botB.bc24,NotLLeon.v3,1,B,g_iter1,0,2000,MORE_FLAG_CAPTURES,6300,6300,202,16,13,232,7,1,6,69,29,40,236,212,534,491,44.0,7,6,1,0,15.3,44,27,15,0,0,3.49,2,3.25,30.6,48,2,3,0,0.000,83,16,1,,15.1,0,0,1,0,2161,770,165,10,0
gauntlet/20261003-012840-scrim-g_iter1/losses/NotLLeon.v3__Hockey__botA.bc24,NotLLeon.v3,1,A,g_iter1,0,1560,CAPTURE,3300,3300,243,0,0,481,0,0,0,0,0,19,195,170,419,483,42.5,0,0,0,0,,36,10,12,0,0,3.36,3,0.00,31.3,139,3,2,1,0.500,19,1,1,,14.9,0,0,1,0,1132,391,134,0,0
gauntlet/20261003-012840-scrim-g_iter1/losses/NotLLeon.v3__Hockey__botA.bc24,NotLLeon.v3,0,B,v3,1,1560,CAPTURE,3300,3300,226,7,18,352,34,3,19,222,95,0,304,288,483,419,43.5,34,12,10,12,28.2,32,0,0,3,2,0.00,0,9.32,10.6,,,,,,25,0,1,,22.9,0,0,482,0,0,0,1360,0,895
gauntlet/20261003-012840-scrim-g_iter1/losses/SampleProvider.TSPAARKSPRINT1__Soccer__botB.bc24,SampleProvider.TSPAARKSPRINT1,0,A,TSPAARKSPRINT1,1,681,CAPTURE,3000,3200,202,34,27,225,28,3,22,712,227,3,57,39,86,107,46.0,25,10,15,0,30.1,32,0,4,0,0,1.61,1,14.47,15.6,53,0,1,1,1.000,42,39,0,0,21.5,0,0,,1,0,0,481,0,0
gauntlet/20261003-012840-scrim-g_iter1/losses/SampleProvider.TSPAARKSPRINT1__Soccer__botB.bc24,SampleProvider.TSPAARKSPRINT1,1,B,g_iter1,0,681,CAPTURE,3000,3000,206,26,22,253,4,1,3,139,55,22,101,84,107,86,47.0,4,4,0,0,39.0,33,15,10,0,0,2.10,3,3.55,37.1,163,1,6,3,0.500,21,16,0,,14.9,0,0,,0,589,24,19,4,0
gauntlet/20261003-012840-scrim-g_iter1/losses/SampleProvider.TSPAARKSPRINT1__Foxes__botB.bc24,SampleProvider.TSPAARKSPRINT1,0,A,TSPAARKSPRINT1,1,2000,MORE_FLAG_CAPTURES,7500,7500,205,26,28,223,57,2,52,979,342,9,135,108,164,500,43.9,54,16,38,0,21.7,33,0,11,0,0,1.06,1,9.95,17.4,161,1,5,1,0.200,161,96,0,0,20.6,0,0,,1,1,0,1799,0,0
gauntlet/20261003-012840-scrim-g_iter1/losses/SampleProvider.TSPAARKSPRINT1__Foxes__botB.bc24,SampleProvider.TSPAARKSPRINT1,1,B,g_iter1,0,2000,MORE_FLAG_CAPTURES,7500,7500,202,26,27,285,11,1,9,1270,152,52,333,308,500,164,48.0,11,11,0,0,28.8,42,38,16,0,1,1.95,2,4.61,57.2,289,1,7,2,0.286,40,1,0,,14.9,0,0,,0,2506,987,355,31,43
gauntlet/20261003-012840-scrim-g_iter1/losses/SampleProvider.TSPAARKSPRINT1__Randy__botB.bc24,SampleProvider.TSPAARKSPRINT1,0,A,TSPAARKSPRINT1,1,2000,MORE_FLAG_CAPTURES,3400,11400,201,27,26,212,26,1,22,547,184,23,136,94,144,568,43.1,23,12,11,0,14.1,39,3,20,2,0,7.37,0,4.99,18.1,0,0,,,,60,8,0,0,25.1,3,0,,0,1,0,1800,0,0
gauntlet/20261003-012840-scrim-g_iter1/losses/SampleProvider.TSPAARKSPRINT1__Randy__botB.bc24,SampleProvider.TSPAARKSPRINT1,1,B,g_iter1,0,2000,MORE_FLAG_CAPTURES,3400,5600,201,10,12,208,23,0,23,67,22,22,266,244,568,144,48.2,23,20,3,0,10.3,38,11,12,0,0,3.40,1,3.45,47.8,24,0,1,1,1.000,15,0,0,,15.3,0,0,,0,2438,1146,401,173,0
gauntlet/20261003-012840-scrim-g_iter1/losses/Strequals.duck0127v5__Decision__botB.bc24,Strequals.duck0127v5,0,A,duck0127v5,1,868,CAPTURE,1100,1400,204,8,10,306,11,3,8,528,262,16,173,156,129,74,47.9,11,9,2,0,39.6,28,0,17,0,0,1.20,0,7.06,26.1,186,0,5,0,0.000,29,3,0,,21.9,0,0,,0,0,0,179,0,0
gauntlet/20261003-012840-scrim-g_iter1/losses/Strequals.duck0127v5__Decision__botB.bc24,Strequals.duck0127v5,1,B,g_iter1,0,868,CAPTURE,1900,2100,202,20,17,317,17,0,16,326,152,8,69,50,74,129,46.4,17,17,0,0,44.1,34,2,9,0,0,1.08,3,3.61,31.2,334,1,5,3,0.600,32,1,0,,14.8,0,0,,0,558,172,150,458,68
gauntlet/20261003-012840-scrim-g_iter1/losses/Strequals.duck0127v5__DefaultLarge__botB.bc24,Strequals.duck0127v5,0,A,duck0127v5,1,1496,CAPTURE,1800,6200,202,30,22,252,21,3,18,471,228,23,504,491,479,219,46.4,21,11,10,0,43.7,36,5,18,2,1,1.63,0,11.56,27.1,194,0,4,0,0.000,38,6,1,,22.8,0,0,,0,0,0,138,0,0
gauntlet/20261003-012840-scrim-g_iter1/losses/Strequals.duck0127v5__DefaultLarge__botB.bc24,Strequals.duck0127v5,1,B,g_iter1,0,1496,CAPTURE,1800,2900,203,23,19,232,23,0,23,314,143,18,164,142,219,479,42.2,23,18,5,0,39.3,43,10,11,0,0,1.08,3,2.51,35.8,323,2,4,3,0.750,34,2,1,,14.9,0,0,1,0,1744,618,238,752,196
gauntlet/20261003-012840-scrim-g_iter1/losses/Strequals.duck0127v5__Occulus__botB.bc24,Strequals.duck0127v5,0,A,duck0127v5,1,854,CAPTURE,1800,9600,201,30,35,295,11,3,8,160,77,1,312,259,227,100,47.2,11,5,6,0,21.5,39,0,1,0,0,2.22,0,10.82,35.3,0,0,,,,5,0,1,,24.2,0,0,,0,0,0,127,0,0
gauntlet/20261003-012840-scrim-g_iter1/losses/Strequals.duck0127v5__Occulus__botB.bc24,Strequals.duck0127v5,1,B,g_iter1,0,854,CAPTURE,1800,1800,201,11,2,242,1,0,1,9,4,8,97,82,100,227,43.5,1,1,0,0,21.0,41,6,5,0,0,2.36,3,1.67,41.5,79,1,3,3,1.000,10,2,1,,14.6,0,0,1,0,1513,178,98,1,0
gauntlet/20261003-012840-scrim-g_iter1/losses/Strequals.duck0127v5__GaltonBoard__botA.bc24,Strequals.duck0127v5,1,A,g_iter1,0,611,CAPTURE,0,100,201,9,8,289,0,0,0,0,0,3,60,48,45,182,42.9,0,0,0,0,,38,3,3,0,0,3.82,3,0.00,48.1,60,0,2,2,1.000,5,5,1,,14.8,0,0,1,0,950,114,142,0,0
gauntlet/20261003-012840-scrim-g_iter1/losses/Strequals.duck0127v5__GaltonBoard__botA.bc24,Strequals.duck0127v5,0,B,duck0127v5,1,611,CAPTURE,0,37700,203,15,23,249,6,3,3,112,55,0,275,194,182,45,48.3,6,3,3,0,16.7,44,0,0,0,0,0.00,0,18.49,34.5,,,,,,0,0,0,,25.0,3,0,,0,0,0,165,0,0
gauntlet/20261003-012840-scrim-g_iter1/losses/Strequals.duck0127v5__Yinyang__botB.bc24,Strequals.duck0127v5,0,A,duck0127v5,1,413,CAPTURE,2900,3500,201,28,28,204,10,3,7,108,46,0,120,87,77,32,48.2,10,4,6,0,13.9,46,0,0,0,0,0.00,0,11.52,31.2,,,,,,0,0,1,,24.5,0,0,,0,0,0,141,0,0
gauntlet/20261003-012840-scrim-g_iter1/losses/Strequals.duck0127v5__Yinyang__botB.bc24,Strequals.duck0127v5,1,B,g_iter1,0,413,CAPTURE,2900,2900,201,0,0,269,0,0,0,0,0,7,61,44,32,77,45.6,0,0,0,0,,47,6,4,0,0,3.91,3,0.00,40.0,35,1,1,1,1.000,5,6,1,,14.8,0,0,1,0,432,36,31,0,0
gauntlet/20261003-012840-scrim-g_iter1/losses/andli28.v9_USQuals_angle__Anchor__botB.bc24,andli28.v9_USQuals_angle,0,A,v9_USQuals_angle,1,875,CAPTURE,6300,9600,207,5,25,313,22,3,19,115,47,0,322,264,277,143,46.0,22,5,17,0,15.9,48,0,0,0,0,0.00,0,5.81,14.0,,,,,,22,0,0,0,25.1,64,0,,0,0,0,310,0,0
gauntlet/20261003-012840-scrim-g_iter1/losses/andli28.v9_USQuals_angle__Anchor__botB.bc24,andli28.v9_USQuals_angle,1,B,g_iter1,0,875,CAPTURE,6300,10500,202,11,8,226,0,0,0,0,0,19,172,165,143,277,42.6,0,0,0,0,,47,17,5,0,0,6.04,3,0.00,32.2,17,0,1,0,0.000,33,20,0,,14.9,0,0,,0,980,322,162,0,0
gauntlet/20261003-012840-scrim-g_iter1/losses/Strequals.duck0127v5__Racetrack__botB.bc24,Strequals.duck0127v5,0,A,duck0127v5,1,1888,CAPTURE,0,0,388,0,0,438,5,3,2,284,159,12,507,463,685,360,45.3,5,4,1,0,29.0,8,5,8,0,1,2.36,1,10.30,29.0,89,1,1,1,1.000,26,10,0,,25.0,1,0,,0,0,0,138,0,0
gauntlet/20261003-012840-scrim-g_iter1/losses/Strequals.duck0127v5__Racetrack__botB.bc24,Strequals.duck0127v5,1,B,g_iter1,0,1888,CAPTURE,0,0,205,43,39,217,13,1,12,138,61,2,139,134,360,685,41.2,13,8,5,0,34.3,23,1,4,0,0,1.05,3,7.77,39.6,183,2,4,3,0.750,30,2,0,,14.8,0,0,,0,1726,579,242,261,0
gauntlet/20261003-012840-scrim-g_iter1/losses/andli28.v9_USQuals_angle__Capacitance__botB.bc24,andli28.v9_USQuals_angle,0,A,v9_USQuals_angle,1,982,CAPTURE,3600,5200,201,28,27,224,22,3,19,132,60,2,265,230,266,193,45.5,22,10,12,0,13.2,36,0,2,0,0,5.50,0,3.80,9.7,0,0,,,,29,4,1,1,25.0,6,0,,0,0,0,439,0,0
gauntlet/20261003-012840-scrim-g_iter1/losses/andli28.v9_USQuals_angle__Capacitance__botB.bc24,andli28.v9_USQuals_angle,1,B,g_iter1,0,982,CAPTURE,3600,4800,201,22,15,223,2,0,2,2,0,19,136,110,193,266,43.5,2,2,0,0,8.0,47,12,10,0,0,2.25,3,7.00,39.1,70,0,2,1,0.500,28,3,1,,15.0,0,0,1,0,966,550,224,2,0
gauntlet/20261003-012840-scrim-g_iter1/losses/andli28.v9_USQuals_angle__Randy__botB.bc24,andli28.v9_USQuals_angle,0,A,v9_USQuals_angle,1,359,CAPTURE,3400,4400,201,25,11,213,16,3,13,157,60,1,76,51,22,46,47.1,16,8,8,0,9.2,26,0,1,0,0,4.00,0,2.86,13.5,0,0,,,,13,0,0,0,25.0,9,0,,1,0,0,157,0,0
gauntlet/20261003-012840-scrim-g_iter1/losses/andli28.v9_USQuals_angle__Randy__botB.bc24,andli28.v9_USQuals_angle,1,B,g_iter1,0,359,CAPTURE,3400,7400,201,13,11,206,1,0,1,2,1,13,79,46,46,22,48.4,1,1,0,0,10.0,43,8,8,0,0,2.19,3,0.00,28.4,81,2,2,2,1.000,2,0,1,,15.4,0,0,1,0,254,47,20,70,0
gauntlet/20261003-012840-scrim-g_iter1/losses/andli28.v9_USQuals_angle__Mountain__botB.bc24,andli28.v9_USQuals_angle,0,A,v9_USQuals_angle,1,1140,CAPTURE,4100,5900,205,22,25,253,31,3,28,302,131,0,321,270,405,243,44.8,31,12,19,0,18.4,36,0,0,0,0,0.00,0,4.08,15.9,,,,,,39,0,0,1,25.0,10,0,,1,0,0,455,0,0
gauntlet/20261003-012840-scrim-g_iter1/losses/andli28.v9_USQuals_angle__Mountain__botB.bc24,andli28.v9_USQuals_angle,1,B,g_iter1,0,1140,CAPTURE,4100,5300,201,4,1,371,0,0,0,0,0,28,149,136,243,405,41.5,0,0,0,0,,48,19,12,0,0,2.98,3,0.00,40.2,171,1,3,2,0.667,26,2,1,,15.2,0,0,1,0,1214,609,132,0,0
gauntlet/20261003-012840-scrim-g_iter1/losses/andrewgopher.player22__Anchor__botB.bc24,andrewgopher.player22,0,A,player22,1,2000,MORE_FLAG_CAPTURES,6300,9300,217,28,30,251,24,2,19,208,92,1,482,458,940,920,38.7,21,11,10,0,17.5,50,1,1,0,0,0.81,1,6.98,16.3,17,1,,,,114,38,0,0,25.1,111,0,,0,0,0,4,0,0
gauntlet/20261003-012840-scrim-g_iter1/losses/andrewgopher.player22__Anchor__botB.bc24,andrewgopher.player22,1,B,g_iter1,0,2000,MORE_FLAG_CAPTURES,6300,10800,202,3,1,607,2,1,1,32,13,19,305,295,920,940,38.6,2,1,1,0,9.0,48,10,11,0,0,4.23,2,6.59,36.7,75,0,4,2,0.500,94,42,0,,14.4,0,0,,0,2643,265,586,2,0
gauntlet/20261003-012840-scrim-g_iter1/losses/andrewgopher.player22__Battlefield__botB.bc24,andrewgopher.player22,0,A,player22,1,368,CAPTURE,3700,3700,203,26,21,203,13,3,7,58,22,0,69,55,75,91,44.3,10,5,5,0,7.7,33,0,0,0,0,0.00,0,14.51,27.2,,,,,,9,1,1,1,25.0,10,0,,0,0,0,4,0,0
gauntlet/20261003-012840-scrim-g_iter1/losses/andrewgopher.player22__Battlefield__botB.bc24,andrewgopher.player22,1,B,g_iter1,0,368,CAPTURE,3700,3700,202,0,0,202,0,0,0,0,0,7,64,52,91,75,45.5,0,0,0,0,,45,5,5,0,0,3.76,3,0.00,40.1,17,0,,,,4,4,1,,14.6,0,0,1,0,467,9,20,0,0
gauntlet/20261003-012840-scrim-g_iter1/losses/andli28.v9_USQuals_angle__Valentine__botB.bc24,andli28.v9_USQuals_angle,0,A,v9_USQuals_angle,1,2000,MORE_FLAG_CAPTURES,1800,5200,212,10,22,256,28,2,26,363,166,0,506,453,493,365,45.5,28,14,14,0,35.7,47,0,0,0,0,0.00,0,1.99,10.7,,,,,,91,2,0,0,25.1,22,0,,1,0,0,458,0,0
gauntlet/20261003-012840-scrim-g_iter1/losses/andli28.v9_USQuals_angle__Valentine__botB.bc24,andli28.v9_USQuals_angle,1,B,g_iter1,0,2000,MORE_FLAG_CAPTURES,1800,3200,211,3,9,660,0,0,0,0,0,26,234,213,365,493,44.0,0,0,0,0,,47,14,14,0,0,1.67,2,0.00,39.3,247,2,3,2,0.667,76,15,0,,14.8,0,0,,0,2337,860,775,0,0
gauntlet/20261003-012840-scrim-g_iter1/losses/andli28.v9_USQuals_angle__Diagonal__botA.bc24,andli28.v9_USQuals_angle,1,A,g_iter1,0,2000,MORE_FLAG_CAPTURES,5100,5300,201,24,17,226,6,0,6,48,19,1,243,155,143,168,47.9,6,5,1,0,31.0,39,1,1,0,0,2.67,1,5.38,63.3,64,0,1,1,1.000,9,0,1,,14.6,0,0,1,0,1754,1714,1525,1142,0
gauntlet/20261003-012840-scrim-g_iter1/losses/andli28.v9_USQuals_angle__Diagonal__botA.bc24,andli28.v9_USQuals_angle,0,B,v9_USQuals_angle,1,2000,MORE_FLAG_CAPTURES,3000,3000,201,34,29,268,2,1,1,102,50,6,168,107,168,143,48.3,2,1,1,0,35.0,21,1,5,0,0,2.81,0,7.25,10.3,7,0,,,,6,1,1,1,24.4,0,0,,1,0,0,425,0,0
gauntlet/20261003-012840-scrim-g_iter1/losses/andrewgopher.player22__GravitationalWaves__botA.bc24,andrewgopher.player22,1,A,g_iter1,0,2000,MORE_FLAG_CAPTURES,3700,3700,201,22,13,201,1,0,1,18,14,17,218,111,512,134,48.4,1,1,0,0,29.0,16,1,17,0,0,4.64,1,2.22,42.6,21,0,1,1,1.000,59,6,1,,14.5,0,0,1,0,2485,151,363,15,0
gauntlet/20261003-012840-scrim-g_iter1/losses/andrewgopher.player22__GravitationalWaves__botA.bc24,andrewgopher.player22,0,B,player22,1,2000,MORE_FLAG_CAPTURES,3700,3700,201,18,20,202,21,1,17,107,48,1,69,62,134,512,43.8,18,17,1,0,25.9,14,0,1,0,0,2.22,0,3.68,3.8,3,0,,,,204,62,1,1,25.1,771,0,,0,0,0,3,0,0
gauntlet/20261003-012840-scrim-g_iter1/losses/andrewgopher.player22__Occulus__botA.bc24,andrewgopher.player22,1,A,g_iter1,0,1776,CAPTURE,1800,5400,201,20,14,245,4,0,4,36,16,11,233,229,687,772,39.6,4,3,1,0,16.5,41,6,8,0,0,3.23,3,3.33,38.1,95,2,3,3,1.000,48,22,1,,14.7,0,0,1,0,3232,494,481,2868,0
gauntlet/20261003-012840-scrim-g_iter1/losses/andrewgopher.player22__Occulus__botA.bc24,andrewgopher.player22,0,B,player22,1,1776,CAPTURE,1800,6000,201,31,28,211,18,3,11,185,85,4,433,404,772,687,40.6,15,8,6,1,22.1,38,1,3,1,1,1.47,0,8.94,16.0,13,0,,,,48,9,1,1,25.0,43,0,,0,0,0,3,0,0
gauntlet/20261003-012840-scrim-g_iter1/losses/andrewgopher.player22__Rivers__botA.bc24,andrewgopher.player22,1,A,g_iter1,0,479,CAPTURE,1500,2100,201,0,11,389,1,0,1,28,13,1,64,50,116,66,46.6,1,1,0,0,10.0,36,1,3,0,0,0.73,3,1.50,34.9,111,2,3,3,1.000,9,1,1,,14.7,0,0,,0,309,73,63,1,19
gauntlet/20261003-012840-scrim-g_iter1/losses/andrewgopher.player22__Rivers__botA.bc24,andrewgopher.player22,0,B,player22,1,479,CAPTURE,1500,2100,204,26,20,253,7,3,1,134,65,1,61,57,66,116,44.3,4,3,1,0,19.0,31,0,1,0,0,1.14,0,6.11,17.9,11,0,1,0,0.000,21,4,1,0,25.0,8,0,,0,0,0,5,0,0
gauntlet/20261003-012840-scrim-g_iter1/losses/andrewgopher.player22__Rainbow__botB.bc24,andrewgopher.player22,0,A,player22,1,2000,MORE_FLAG_CAPTURES,6000,6000,201,40,14,241,5,1,1,64,30,5,390,360,657,841,39.7,2,2,0,0,27.0,47,1,4,0,0,1.60,0,4.64,13.3,18,0,1,0,0.000,39,5,1,1,25.1,71,0,,0,0,0,1,0,0
gauntlet/20261003-012840-scrim-g_iter1/losses/andrewgopher.player22__Rainbow__botB.bc24,andrewgopher.player22,1,B,g_iter1,0,2000,MORE_FLAG_CAPTURES,6000,6000,201,0,0,357,5,0,5,48,22,1,247,213,841,657,42.0,5,4,1,0,26.6,45,0,2,0,0,0.38,1,4.08,38.5,52,1,1,1,1.000,51,5,1,,14.6,0,0,1,0,1942,1039,1692,2372,3
gauntlet/20261003-012840-scrim-g_iter1/losses/chenyx512.flagbot_final__English__botA.bc24,chenyx512.flagbot_final,1,A,g_iter1,0,1452,CAPTURE,10900,10900,201,27,28,260,15,0,14,258,118,5,198,186,139,609,39.8,15,14,1,0,40.6,47,4,4,0,0,0.33,3,4.55,37.4,184,3,3,3,1.000,87,31,1,,14.8,0,0,,0,1342,608,741,791,0
gauntlet/20261003-012840-scrim-g_iter1/losses/chenyx512.flagbot_final__English__botA.bc24,chenyx512.flagbot_final,0,B,flagbot_final,1,1452,CAPTURE,10900,10900,201,32,28,210,11,3,5,798,329,14,447,390,609,139,47.6,8,4,4,0,29.4,47,1,14,3,1,2.94,0,7.12,26.8,99,0,3,0,0.000,11,1,1,1,19.0,0,0,1413,1,0,0,877,0,0
gauntlet/20261003-012840-scrim-g_iter1/losses/chenyx512.flagbot_final__Islands__botA.bc24,chenyx512.flagbot_final,1,A,g_iter1,0,929,CAPTURE,5800,5800,201,15,16,217,8,2,6,218,106,15,124,119,66,347,41.0,8,8,0,0,20.2,47,9,9,0,0,2.17,3,4.13,38.3,80,0,3,3,1.000,69,30,1,,14.8,0,0,1,0,1246,154,73,260,0
gauntlet/20261003-012840-scrim-g_iter1/losses/chenyx512.flagbot_final__Islands__botA.bc24,chenyx512.flagbot_final,0,B,flagbot_final,1,929,CAPTURE,5800,5800,201,46,41,223,21,3,15,793,339,6,284,251,347,66,48.2,18,9,9,0,17.2,47,0,8,0,0,1.24,2,5.91,18.5,91,0,3,2,0.667,6,0,1,1,19.6,0,0,902,1,0,0,138,0,0
gauntlet/20261003-012840-scrim-g_iter1/losses/chenyx512.flagbot_final__Foxes__botB.bc24,chenyx512.flagbot_final,0,A,flagbot_final,1,1209,CAPTURE,7500,7500,202,27,25,245,10,3,4,790,327,5,479,390,419,91,48.1,7,3,4,0,29.5,34,0,5,0,1,3.17,0,6.02,32.1,16,0,1,0,0.000,4,0,0,0,19.5,0,0,,1,0,0,583,0,0
gauntlet/20261003-012840-scrim-g_iter1/losses/chenyx512.flagbot_final__Foxes__botB.bc24,chenyx512.flagbot_final,1,B,g_iter1,0,1209,CAPTURE,7500,7500,202,24,19,301,5,0,5,63,30,4,192,180,91,419,41.6,5,5,0,0,34.0,39,4,3,0,0,0.50,3,3.78,40.9,161,3,3,3,1.000,56,25,1,,14.7,0,0,1,0,1930,507,414,5,14
gauntlet/20261003-012840-scrim-g_iter1/losses/chenyx512.flagbot_final__TreeSearch__botA.bc24,chenyx512.flagbot_final,1,A,g_iter1,0,919,CAPTURE,3200,3200,206,13,7,230,9,1,8,233,113,10,96,90,78,435,38.4,9,8,1,0,24.8,39,3,10,0,0,0.61,3,3.86,35.5,152,3,4,3,0.750,62,62,0,,14.9,0,0,,0,1022,256,232,12,438
gauntlet/20261003-012840-scrim-g_iter1/losses/chenyx512.flagbot_final__TreeSearch__botA.bc24,chenyx512.flagbot_final,0,B,flagbot_final,1,919,CAPTURE,3200,6800,204,36,30,251,16,3,10,808,306,8,375,286,435,78,47.8,13,10,3,0,24.5,38,1,8,0,0,1.45,1,6.84,21.8,160,1,3,1,0.333,9,0,0,0,23.0,0,0,,0,0,0,379,0,0
gauntlet/20261003-012840-scrim-g_iter1/losses/chenyx512.flagbot_final__Klein__botB.bc24,chenyx512.flagbot_final,0,A,flagbot_final,1,2000,MORE_FLAG_CAPTURES,6600,6600,203,13,20,252,18,2,13,714,273,5,555,492,909,199,47.5,15,5,10,0,23.1,42,0,6,10,1,1.45,1,5.48,29.1,22,1,,,,17,5,0,0,21.3,0,0,,1,0,0,849,0,0
gauntlet/20261003-012840-scrim-g_iter1/losses/chenyx512.flagbot_final__Klein__botB.bc24,chenyx512.flagbot_final,1,B,g_iter1,0,2000,MORE_FLAG_CAPTURES,6200,6200,202,24,27,233,6,1,5,53,32,13,232,229,199,909,39.0,6,6,0,0,23.0,47,10,5,0,1,2.71,2,1.62,43.0,56,0,2,1,0.500,144,84,1,,14.7,0,0,1,0,3213,256,469,1137,37
gauntlet/20261003-012840-scrim-g_iter1/losses/hsmalladi.finalbot__Battlefield__botA.bc24,hsmalladi.finalbot,1,A,g_iter1,0,345,CAPTURE,3700,3700,202,20,17,215,2,1,1,21,10,13,59,40,75,35,47.6,2,2,0,0,8.0,46,12,4,0,0,8.30,3,9.43,33.2,5,0,,,,0,0,1,,15.1,0,0,1,0,396,46,26,2,0
gauntlet/20261003-012840-scrim-g_iter1/losses/hsmalladi.finalbot__Battlefield__botA.bc24,hsmalladi.finalbot,0,B,finalbot,1,345,CAPTURE,3500,3500,204,1,6,206,27,3,13,684,201,1,43,37,35,75,45.0,24,4,12,8,5.8,46,0,2,0,0,1.76,1,9.26,17.0,12,0,,,,1,1,1,,25.1,26,0,,0,0,0,4,0,0
gauntlet/20261003-012840-scrim-g_iter1/losses/chenyx512.flagbot_final__QuestionableChess__botA.bc24,chenyx512.flagbot_final,1,A,g_iter1,0,2000,MORE_FLAG_CAPTURES,0,0,201,42,39,214,6,1,5,70,32,4,184,165,369,786,40.4,6,6,0,0,20.2,36,4,2,0,0,1.09,2,6.07,49.8,50,2,1,1,1.000,70,23,1,,14.6,0,0,1,0,2078,461,1141,121,43
gauntlet/20261003-012840-scrim-g_iter1/losses/chenyx512.flagbot_final__QuestionableChess__botA.bc24,chenyx512.flagbot_final,0,B,flagbot_final,1,2000,MORE_FLAG_CAPTURES,0,0,345,0,0,379,9,2,4,664,274,5,263,223,786,369,45.5,6,2,4,0,21.5,17,0,6,0,0,1.96,1,7.69,44.0,30,0,1,1,1.000,9,0,0,0,18.0,0,0,,0,0,0,1800,0,0
gauntlet/20261003-012840-scrim-g_iter1/losses/clbarrell.duck8__Skyline__botB.bc24,clbarrell.duck8,0,A,duck8,1,1378,CAPTURE,9300,21000,206,0,9,268,37,3,34,261,112,12,350,332,234,671,38.1,37,11,26,0,16.6,35,6,9,1,1,1.87,2,8.37,33.4,116,0,3,2,0.667,113,90,0,,11.7,0,0,,1,0,0,137,0,0
gauntlet/20261003-012840-scrim-g_iter1/losses/clbarrell.duck8__Skyline__botB.bc24,clbarrell.duck8,1,B,g_iter1,0,1378,CAPTURE,21600,22200,201,29,22,227,15,2,12,265,119,34,415,359,671,234,45.9,15,9,6,0,16.8,47,26,11,0,1,3.01,3,7.21,27.7,117,1,2,1,0.500,51,5,1,,14.6,0,0,1,0,1176,466,103,186,20
gauntlet/20261003-012840-scrim-g_iter1/losses/hsmalladi.finalbot__DefaultHuge__botB.bc24,hsmalladi.finalbot,0,A,finalbot,1,604,CAPTURE,3500,3500,201,33,28,215,19,3,12,832,164,0,95,86,66,108,45.7,16,6,9,1,18.0,47,0,2,0,0,0.14,2,7.53,7.9,221,2,2,2,1.000,35,18,1,,25.1,79,0,,0,0,0,16,0,0
gauntlet/20261003-012840-scrim-g_iter1/losses/hsmalladi.finalbot__DefaultHuge__botB.bc24,hsmalladi.finalbot,1,B,g_iter1,0,604,CAPTURE,3700,3700,201,21,19,229,2,2,0,234,117,12,102,91,108,66,47.4,2,2,0,0,,47,9,6,0,0,1.43,3,2.33,17.7,142,1,4,2,0.500,32,7,1,,14.7,0,0,1,0,415,59,31,2,0
gauntlet/20261003-012840-scrim-g_iter1/losses/hsmalladi.finalbot__Occulus__botA.bc24,hsmalladi.finalbot,1,A,g_iter1,0,348,CAPTURE,1800,2400,201,6,2,0,0,0,0,0,0,8,52,34,53,58,46.1,0,0,0,0,,41,8,3,0,0,4.73,3,0.00,42.2,52,2,2,1,0.500,5,1,1,,14.9,0,0,,0,220,73,52,0,0
gauntlet/20261003-012840-scrim-g_iter1/losses/hsmalladi.finalbot__Occulus__botA.bc24,hsmalladi.finalbot,0,B,finalbot,1,348,CAPTURE,1800,6000,201,37,13,220,20,3,8,739,76,0,75,64,58,53,46.6,17,3,8,6,17.9,45,0,0,0,0,0.00,0,11.54,20.4,,,,,,3,0,1,,25.0,51,0,,0,0,0,4,0,0
gauntlet/20261003-012840-scrim-g_iter1/losses/dmtrung14.defaultplayer_intlqualifier__TreeSearch__botB.bc24,dmtrung14.defaultplayer_intlqualifier,0,A,defaultplayer_intlqualifier,1,2000,MORE_FLAG_CAPTURES,3200,6200,203,12,18,218,56,2,16,447,95,4,87,73,57,312,46.1,53,12,6,35,20.9,29,0,5,0,0,0.95,1,4.37,41.9,96,1,3,1,0.333,38,7,0,0,25.1,250,0,,1,0,0,1800,0,0
gauntlet/20261003-012840-scrim-g_iter1/losses/dmtrung14.defaultplayer_intlqualifier__TreeSearch__botB.bc24,dmtrung14.defaultplayer_intlqualifier,1,B,g_iter1,0,2000,MORE_FLAG_CAPTURES,3200,3800,204,4,6,332,5,1,4,147,70,16,140,109,312,57,49.3,5,5,0,0,23.5,34,6,12,0,0,4.22,2,3.42,70.6,38,2,,,,8,0,0,,14.8,0,0,,0,2032,1500,916,5,2
gauntlet/20261003-012840-scrim-g_iter1/losses/hsmalladi.finalbot__Intercontinental__botB.bc24,hsmalladi.finalbot,0,A,finalbot,1,737,CAPTURE,2400,4200,201,13,28,223,36,3,24,762,136,4,62,58,135,225,42.6,33,7,20,6,20.8,48,0,5,0,0,1.24,1,5.64,18.0,80,1,3,1,0.333,28,8,1,,25.1,12,0,,0,0,0,10,0,0
gauntlet/20261003-012840-scrim-g_iter1/losses/hsmalladi.finalbot__Intercontinental__botB.bc24,hsmalladi.finalbot,1,B,g_iter1,0,737,CAPTURE,2400,4500,201,7,6,255,5,1,4,175,80,24,61,49,225,135,45.5,5,5,0,0,15.0,47,20,7,0,0,5.83,3,3.86,30.2,68,1,2,1,0.500,21,1,1,,14.8,0,0,1,0,419,231,126,9,214
gauntlet/20261003-012840-scrim-g_iter1/losses/hsmalladi.finalbot__MazeRunner__botB.bc24,hsmalladi.finalbot,0,A,finalbot,1,1779,CAPTURE,2600,5600,209,10,31,285,32,3,20,878,148,15,307,288,537,416,44.3,29,9,15,5,24.9,46,0,15,2,1,1.01,0,6.14,20.0,273,0,7,0,0.000,56,19,0,,25.1,104,0,,0,1,0,18,0,0
gauntlet/20261003-012840-scrim-g_iter1/losses/hsmalladi.finalbot__MazeRunner__botB.bc24,hsmalladi.finalbot,1,B,g_iter1,0,1779,CAPTURE,2600,5000,207,15,25,298,15,0,15,488,214,20,195,174,416,537,42.7,15,15,0,0,26.1,33,15,9,0,0,2.90,3,5.84,36.0,152,2,7,3,0.429,40,3,0,,14.9,0,0,,0,1823,1106,815,1357,50
gauntlet/20261003-012840-scrim-g_iter1/losses/jmerle.camel_case_v21_final__Bunkers__botB.bc24,jmerle.camel_case_v21_final,0,A,camel_case_v21_final,1,357,CAPTURE,2800,2800,201,27,21,209,9,3,6,125,57,4,66,65,73,71,45.4,9,4,5,0,17.3,37,1,3,0,0,4.43,0,8.66,9.0,1,0,,,,25,5,1,,22.1,0,0,,0,0,0,1,0,0
gauntlet/20261003-012840-scrim-g_iter1/losses/jmerle.camel_case_v21_final__Bunkers__botB.bc24,jmerle.camel_case_v21_final,1,B,g_iter1,0,357,CAPTURE,2800,2800,201,12,26,242,4,0,4,30,10,6,58,45,71,73,45.2,4,3,1,0,12.8,45,5,4,0,0,1.76,3,7.30,36.1,74,1,3,2,0.667,11,5,1,,14.9,0,0,,0,208,8,24,4,17
gauntlet/20261003-012840-scrim-g_iter1/losses/hsmalladi.finalbot__Mountain__botA.bc24,hsmalladi.finalbot,1,A,g_iter1,0,1773,CAPTURE,4100,5300,205,14,15,261,20,0,20,397,185,75,229,220,693,553,42.4,20,19,1,0,23.6,46,52,27,0,0,3.76,3,3.34,35.0,404,2,10,0,0.000,101,22,0,,15.2,0,0,,0,2165,347,392,2060,383
gauntlet/20261003-012840-scrim-g_iter1/losses/hsmalladi.finalbot__Mountain__botA.bc24,hsmalladi.finalbot,0,B,finalbot,1,1773,CAPTURE,4100,5600,201,21,23,206,102,3,75,1396,421,20,262,259,553,693,40.5,99,27,52,20,15.2,44,1,19,10,1,0.80,0,6.08,15.2,247,0,5,0,0.000,118,35,0,,25.0,68,0,,0,0,0,4,0,0
gauntlet/20261003-012840-scrim-g_iter1/losses/jmerle.camel_case_v21_final__Foxes__botB.bc24,jmerle.camel_case_v21_final,0,A,camel_case_v21_final,1,614,CAPTURE,7500,7500,204,38,27,254,10,3,7,240,115,5,162,158,136,153,44.0,10,5,5,0,27.4,35,0,5,0,0,1.43,0,8.12,6.4,71,0,3,0,0.000,35,3,0,,22.2,0,0,,0,0,0,1,0,47
gauntlet/20261003-012840-scrim-g_iter1/losses/jmerle.camel_case_v21_final__Foxes__botB.bc24,jmerle.camel_case_v21_final,1,B,g_iter1,0,614,CAPTURE,7500,7500,202,0,0,380,5,0,5,111,49,7,125,95,153,136,44.6,5,5,0,0,20.8,35,5,5,0,0,1.22,3,2.76,34.4,182,2,4,3,0.750,27,2,1,,14.7,0,0,1,0,530,155,64,236,28
gauntlet/20261003-012840-scrim-g_iter1/losses/jmerle.camel_case_v21_final__Digging__botA.bc24,jmerle.camel_case_v21_final,1,A,g_iter1,0,1117,CAPTURE,700,2400,220,5,3,246,5,0,5,36,17,6,132,130,440,664,35.5,5,5,0,0,12.4,44,5,4,0,0,3.18,3,1.03,45.1,73,1,3,3,1.000,75,65,0,,14.8,0,0,,0,1831,47,72,796,720
gauntlet/20261003-012840-scrim-g_iter1/losses/jmerle.camel_case_v21_final__Digging__botA.bc24,jmerle.camel_case_v21_final,0,B,camel_case_v21_final,1,1117,CAPTURE,700,2200,206,38,32,232,9,3,6,164,78,5,312,311,664,440,40.4,9,4,5,0,22.2,35,0,5,0,0,2.50,0,10.88,6.4,12,0,,,,46,0,0,,23.4,0,0,,0,0,0,1,0,0
gauntlet/20261003-012840-scrim-g_iter1/losses/jmerle.camel_case_v21_final__Islands__botA.bc24,jmerle.camel_case_v21_final,1,A,g_iter1,0,395,CAPTURE,5800,5800,201,11,2,231,4,0,4,42,17,6,73,56,75,80,45.3,4,2,2,0,18.3,47,4,5,0,0,1.34,3,0.98,37.8,107,1,3,3,1.000,12,2,1,,14.8,0,0,1,0,337,27,32,106,0
gauntlet/20261003-012840-scrim-g_iter1/losses/jmerle.camel_case_v21_final__Islands__botA.bc24,jmerle.camel_case_v21_final,0,B,camel_case_v21_final,1,395,CAPTURE,5800,5800,201,33,26,211,9,3,6,179,84,4,99,99,80,75,45.5,9,5,4,0,18.8,42,2,2,0,0,1.05,0,6.30,7.1,30,0,1,0,0.000,21,1,1,,22.1,0,0,,0,0,0,1,0,0
gauntlet/20261003-012840-scrim-g_iter1/losses/jmerle.camel_case_v21_final__Starfish__botB.bc24,jmerle.camel_case_v21_final,0,A,camel_case_v21_final,1,461,CAPTURE,4100,4200,201,8,14,201,5,3,2,105,50,1,25,24,102,122,43.6,5,3,2,0,9.0,35,0,1,0,0,11.50,0,8.92,6.2,0,0,,,,7,0,0,,22.0,0,0,,0,0,0,1,0,0
gauntlet/20261003-012840-scrim-g_iter1/losses/jmerle.camel_case_v21_final__Starfish__botB.bc24,jmerle.camel_case_v21_final,1,B,g_iter1,0,461,CAPTURE,4100,4100,201,11,0,201,1,0,1,2,1,2,47,40,122,102,44.8,1,1,0,0,7.0,38,2,3,0,0,1.68,3,10.00,43.8,68,0,2,2,1.000,20,15,0,,15.5,0,0,,0,560,0,54,1,0
gauntlet/20261003-012840-scrim-g_iter1/losses/kyleezz.jeeryfix3__Duck__botB.bc24,kyleezz.jeeryfix3,0,A,jeeryfix3,1,581,CAPTURE,2900,2900,201,26,24,261,18,3,15,300,143,3,64,62,96,178,42.6,18,5,13,0,43.3,43,0,3,0,0,1.67,0,4.21,14.8,8,0,,,,71,8,1,1,24.9,0,0,17,1,0,0,1,0,0
gauntlet/20261003-012840-scrim-g_iter1/losses/kyleezz.jeeryfix3__Duck__botB.bc24,kyleezz.jeeryfix3,1,B,g_iter1,0,581,CAPTURE,2900,2900,201,11,13,280,3,0,3,18,7,15,108,68,178,96,46.0,3,3,0,0,48.3,46,13,5,0,0,1.20,3,0.11,22.9,198,1,3,1,0.333,32,1,1,,14.8,0,0,1,0,215,25,20,149,0
gauntlet/20261003-012840-scrim-g_iter1/losses/jmerle.camel_case_v21_final__YearOfTheDragon__botB.bc24,jmerle.camel_case_v21_final,0,A,camel_case_v21_final,1,2000,MORE_FLAG_CAPTURES,10800,10800,201,13,35,236,5,2,3,60,30,2,615,599,950,756,40.7,5,2,3,0,20.0,41,0,2,0,0,5.57,0,7.25,7.3,6,0,1,0,0.000,90,8,1,,22.0,0,0,,0,0,0,1,0,0
gauntlet/20261003-012840-scrim-g_iter1/losses/jmerle.camel_case_v21_final__YearOfTheDragon__botB.bc24,jmerle.camel_case_v21_final,1,B,g_iter1,0,2000,MORE_FLAG_CAPTURES,10800,10800,201,9,3,209,2,0,2,44,13,3,299,279,756,950,38.4,2,2,0,0,18.5,46,3,2,0,0,0.27,2,7.82,47.8,55,2,2,2,1.000,172,136,1,,14.8,0,0,1,0,2526,59,889,1746,1746
gauntlet/20261003-012840-scrim-g_iter1/losses/kyleezz.jeeryfix3__Duck__botA.bc24,kyleezz.jeeryfix3,1,A,g_iter1,0,1531,CAPTURE,2900,2900,201,9,5,237,8,1,6,305,147,36,326,253,841,289,45.4,8,6,2,0,42.3,46,23,16,1,0,1.71,3,6.58,19.1,222,3,4,3,0.750,88,1,1,,14.8,0,0,,0,738,269,119,408,137
gauntlet/20261003-012840-scrim-g_iter1/losses/kyleezz.jeeryfix3__Duck__botA.bc24,kyleezz.jeeryfix3,0,B,jeeryfix3,1,1531,CAPTURE,2900,2900,201,22,24,228,39,3,36,367,206,6,186,184,289,841,36.7,39,16,23,0,47.4,46,2,6,8,2,0.88,1,4.46,17.6,233,0,3,1,0.333,212,75,1,1,24.9,0,0,12,1,0,0,7,0,0
gauntlet/20261003-012840-scrim-g_iter1/losses/jonters.bling3__GaltonBoard__botB.bc24,jonters.bling3,0,A,bling3,1,2000,MORE_FLAG_CAPTURES,0,22600,201,31,29,272,7,1,6,61,27,7,283,272,471,1040,36.8,7,4,3,0,12.2,27,1,6,0,0,2.73,0,24.00,6.6,11,0,,,,18,8,0,0,25.0,1,0,,0,0,0,1,0,0
gauntlet/20261003-012840-scrim-g_iter1/losses/jonters.bling3__GaltonBoard__botB.bc24,jonters.bling3,1,B,g_iter1,0,2000,MORE_FLAG_CAPTURES,0,100,202,4,1,273,7,0,7,40,20,6,258,250,1040,471,44.2,7,6,1,0,18.0,34,3,4,1,0,6.21,1,1.45,32.8,19,0,1,1,1.000,38,0,1,,14.6,0,0,1,0,3309,837,359,1037,246
gauntlet/20261003-012840-scrim-g_iter1/losses/kyleezz.jeeryfix3__EvilGrin__botB.bc24,kyleezz.jeeryfix3,0,A,jeeryfix3,1,2000,MORE_FLAG_CAPTURES,2000,5000,207,27,15,238,3,2,1,87,41,0,351,346,539,1418,32.8,3,2,1,0,20.0,46,0,0,0,0,0.00,0,7.53,6.2,,,,,,103,23,0,1,24.9,0,0,24,1,2,2,2,0,0
gauntlet/20261003-012840-scrim-g_iter1/losses/kyleezz.jeeryfix3__EvilGrin__botB.bc24,kyleezz.jeeryfix3,1,B,g_iter1,0,2000,MORE_FLAG_CAPTURES,2000,3400,204,0,0,0,0,0,0,0,0,1,230,218,1418,539,43.5,0,0,0,0,,45,1,2,0,0,3.08,2,0.00,29.1,34,0,2,2,1.000,51,2,0,,14.8,0,0,,0,2059,1105,595,0,0
gauntlet/20261003-012840-scrim-g_iter1/losses/kyleezz.jeeryfix3__Decision__botA.bc24,kyleezz.jeeryfix3,1,A,g_iter1,0,1459,CAPTURE,1900,1900,233,2,0,255,15,0,14,270,124,18,279,213,784,333,44.4,15,11,4,0,41.6,38,12,9,3,0,1.24,3,4.10,21.7,319,2,5,3,0.600,82,7,0,,14.8,0,0,,0,694,286,142,1556,215
gauntlet/20261003-012840-scrim-g_iter1/losses/kyleezz.jeeryfix3__Decision__botA.bc24,kyleezz.jeeryfix3,0,B,jeeryfix3,1,1459,CAPTURE,1900,1900,202,29,18,228,21,3,18,418,220,14,156,153,333,784,37.0,21,9,12,0,38.0,34,4,11,2,1,1.62,0,7.15,9.3,123,0,3,0,0.000,195,75,0,0,24.9,0,0,2,1,0,0,7,0,0
gauntlet/20261003-012840-scrim-g_iter1/losses/kyleezz.jeeryfix3__HeMustBeFreed__botA.bc24,kyleezz.jeeryfix3,1,A,g_iter1,0,2000,LEVEL_SUM,2800,3100,201,10,7,429,7,1,6,400,187,0,192,7,52,121,48.5,7,7,0,0,40.3,27,0,1,0,0,0.59,1,4.46,45.3,88,0,1,1,1.000,25,5,1,,14.9,0,0,,0,95,19,30,10,213
gauntlet/20261003-012840-scrim-g_iter1/losses/kyleezz.jeeryfix3__HeMustBeFreed__botA.bc24,kyleezz.jeeryfix3,0,B,jeeryfix3,1,2000,LEVEL_SUM,5900,18200,201,28,25,227,1,1,0,116,57,6,144,123,121,52,49.4,1,1,0,0,,28,0,7,0,0,0.47,1,4.56,41.0,317,1,3,1,0.333,35,11,0,1,24.9,0,0,33,1,1,1,2,0,0
gauntlet/20261003-012840-scrim-g_iter1/losses/quesswho.cretplayer2_3__Swoop__botB.bc24,quesswho.cretplayer2_3,0,A,cretplayer2_3,1,553,CAPTURE,4300,4300,201,31,39,217,23,3,17,1050,228,0,77,77,82,102,44.7,20,5,15,0,24.6,28,0,3,0,0,0.05,1,19.18,22.6,226,1,1,1,1.000,21,12,1,1,25.0,3,0,6,1,0,0,269,0,208
gauntlet/20261003-012840-scrim-g_iter1/losses/quesswho.cretplayer2_3__Swoop__botB.bc24,quesswho.cretplayer2_3,1,B,g_iter1,0,553,CAPTURE,4300,4300,201,8,7,282,3,1,0,236,112,17,72,35,102,82,46.3,3,3,0,0,,47,15,5,0,0,3.30,3,12.79,28.2,256,2,4,2,0.500,16,4,1,,14.4,0,0,1,0,190,36,24,3,0
gauntlet/20261003-012840-scrim-g_iter1/losses/winkelmantanner.waffle__Alligator__botA.bc24,winkelmantanner.waffle,1,A,g_iter1,0,522,CAPTURE,3300,7500,201,22,13,238,2,0,2,30,14,29,106,100,155,98,45.5,2,2,0,0,12.0,31,27,5,0,0,5.21,3,3.97,38.0,36,1,1,1,1.000,13,4,1,,14.7,0,0,1,0,577,175,32,2,0
gauntlet/20261003-012840-scrim-g_iter1/losses/winkelmantanner.waffle__Alligator__botA.bc24,winkelmantanner.waffle,0,B,waffle,1,522,CAPTURE,3300,5100,201,23,5,212,32,3,29,230,94,2,104,91,98,155,42.8,32,5,27,0,12.6,8,0,2,0,0,2.93,0,7.23,16.1,5,0,,,,25,4,1,,9.6,0,0,,0,3,2,322,0,0
gauntlet/20261003-012840-scrim-g_iter1/losses/winkelmantanner.waffle__Battlefield__botA.bc24,winkelmantanner.waffle,1,A,g_iter1,0,257,CAPTURE,3700,3700,204,16,0,221,0,0,0,0,0,4,48,22,27,15,48.9,0,0,0,0,,39,4,3,0,0,6.20,3,0.00,45.1,5,0,,,,1,0,1,,14.8,0,0,1,0,171,6,13,0,0
gauntlet/20261003-012840-scrim-g_iter1/losses/winkelmantanner.waffle__Battlefield__botA.bc24,winkelmantanner.waffle,0,B,waffle,1,257,CAPTURE,3700,3700,203,8,0,203,7,3,4,50,23,0,55,43,15,27,47.5,7,3,4,0,7.5,33,0,0,0,0,0.00,0,10.56,17.7,,,,,,5,0,1,,10.8,0,0,,0,12,1,57,0,0
gauntlet/20261003-012840-scrim-g_iter1/losses/quesswho.cretplayer2_3__Alien__botB.bc24,quesswho.cretplayer2_3,0,A,cretplayer2_3,1,2000,MORE_FLAG_CAPTURES,3300,3300,202,16,5,210,38,2,33,1054,172,2,299,287,587,1516,31.3,35,5,30,0,11.1,29,0,2,0,0,3.18,0,21.28,22.7,3,0,,,,67,64,0,1,25.1,29,0,4,1,3,0,1800,0,1700
gauntlet/20261003-012840-scrim-g_iter1/losses/quesswho.cretplayer2_3__Alien__botB.bc24,quesswho.cretplayer2_3,1,B,g_iter1,0,2000,MORE_FLAG_CAPTURES,3300,3300,202,11,23,241,2,0,2,11,4,33,273,248,1516,587,42.8,2,2,0,0,19.0,42,30,5,0,0,7.46,2,2.64,37.0,74,0,6,1,0.167,46,3,0,,14.4,0,0,,0,2816,1148,838,2,0
gauntlet/20261003-012840-scrim-g_iter1/losses/winkelmantanner.waffle__Bunkers__botA.bc24,winkelmantanner.waffle,1,A,g_iter1,0,462,CAPTURE,2800,2800,201,8,11,223,2,1,1,68,30,15,67,55,105,58,46.9,2,2,0,0,14.0,46,14,4,0,0,3.95,3,2.56,28.4,40,0,2,2,1.000,5,2,1,,14.9,0,0,,0,452,12,37,6,0
gauntlet/20261003-012840-scrim-g_iter1/losses/winkelmantanner.waffle__Bunkers__botA.bc24,winkelmantanner.waffle,0,B,waffle,1,462,CAPTURE,2800,2800,201,30,27,219,18,3,15,134,60,1,76,60,58,105,44.7,18,4,14,0,13.5,41,0,2,0,0,0.62,1,6.07,11.6,38,1,2,1,0.500,13,4,1,,10.7,0,0,,0,12,0,262,0,0
gauntlet/20261003-012840-scrim-g_iter1/losses/quesswho.cretplayer2_3__BreadPudding__botA.bc24,quesswho.cretplayer2_3,1,A,g_iter1,0,2000,MORE_FLAG_CAPTURES,2600,2900,203,5,2,361,8,0,8,21,7,11,301,267,1437,270,46.7,8,7,1,0,14.3,41,11,1,0,0,4.90,1,8.52,39.8,73,0,2,1,0.500,46,2,0,,14.7,0,0,,0,2776,1644,1531,7,0
gauntlet/20261003-012840-scrim-g_iter1/losses/quesswho.cretplayer2_3__BreadPudding__botA.bc24,quesswho.cretplayer2_3,0,B,cretplayer2_3,1,2000,MORE_FLAG_CAPTURES,2600,2900,202,24,21,210,15,1,11,794,78,8,227,221,270,1437,32.2,12,1,11,0,16.3,41,1,7,0,0,7.81,0,17.58,19.2,0,0,,,,94,120,1,1,25.0,3,0,,0,0,0,1799,0,1538
gauntlet/20261003-012840-scrim-g_iter1/losses/winkelmantanner.waffle__MazeRunner__botB.bc24,winkelmantanner.waffle,0,A,waffle,1,808,CAPTURE,2600,3800,230,7,16,252,18,3,15,299,145,4,102,95,112,282,41.5,18,6,12,0,17.5,2,2,4,0,0,1.14,2,3.37,9.7,94,1,3,2,0.667,114,42,0,,11.0,0,0,,0,21,14,608,0,0
gauntlet/20261003-012840-scrim-g_iter1/losses/winkelmantanner.waffle__MazeRunner__botB.bc24,winkelmantanner.waffle,1,B,g_iter1,0,808,CAPTURE,2600,6800,207,32,27,311,6,2,4,212,97,15,131,110,282,112,46.6,6,4,2,0,21.3,26,12,6,0,0,1.58,3,2.50,28.3,143,2,4,2,0.500,32,3,0,,14.9,0,0,,0,583,83,50,6,0
gauntlet/20261003-012840-scrim-g_iter1/replays/CyrilSharma.finalBot__EndAround__botA.bc24,CyrilSharma.finalBot,1,A,g_iter1,1,2000,LEVEL_SUM,1900,3400,203,26,17,244,0,0,0,0,0,0,213,122,136,221,47.3,0,0,0,0,,47,0,0,0,0,0.00,0,0.00,43.7,,,,,,8,0,0,,14.9,0,0,,0,0,0,1,0,0
gauntlet/20261003-012840-scrim-g_iter1/replays/CyrilSharma.finalBot__EndAround__botA.bc24,CyrilSharma.finalBot,0,B,finalBot,0,2000,LEVEL_SUM,2500,6100,205,0,0,0,0,0,0,0,0,0,312,261,221,136,48.4,0,0,0,0,,43,0,0,0,0,0.00,0,0.00,59.2,,,,,,8,0,0,,25.0,1,0,,0,0,0,4,0,0
gauntlet/20261003-012840-scrim-g_iter1/replays/IvanGeffner.kuma__Capacitance__botB.bc24,IvanGeffner.kuma,0,A,kuma,0,2000,MORE_BREAD,3600,4600,201,32,26,240,20,1,9,241,113,1,434,424,572,398,45.2,20,8,3,9,11.7,42,0,2,0,1,3.75,1,1.73,43.7,0,0,,,,31,4,1,,25.1,35,0,24,1,0,0,1800,0,0
gauntlet/20261003-012840-scrim-g_iter1/replays/IvanGeffner.kuma__Capacitance__botB.bc24,IvanGeffner.kuma,1,B,g_iter1,1,2000,MORE_BREAD,3600,5300,201,19,13,279,2,1,1,28,12,9,261,241,398,572,43.1,2,2,0,0,17.0,46,3,8,0,0,0.59,1,6.36,53.4,170,1,4,1,0.250,42,2,1,,15.0,0,0,1,0,2476,848,667,2,91
gauntlet/20261003-012840-scrim-g_iter1/replays/Gymhgy.v10official__Fusbol__botB.bc24,Gymhgy.v10official,0,A,v10official,0,2000,MORE_FLAG_CAPTURES,7200,10200,203,34,46,300,11,0,8,603,23,4,395,372,368,422,44.7,8,5,3,0,44.6,36,1,4,2,0,0.75,1,3.92,8.1,73,0,2,1,0.500,34,4,1,,25.1,26,0,,0,0,0,3,0,0
gauntlet/20261003-012840-scrim-g_iter1/replays/Gymhgy.v10official__Fusbol__botB.bc24,Gymhgy.v10official,1,B,g_iter1,1,2000,MORE_FLAG_CAPTURES,7200,7800,349,0,0,414,5,1,4,116,79,8,240,219,422,368,45.0,5,4,1,0,41.3,36,3,5,1,1,3.83,0,2.13,36.0,2,0,,,,42,0,1,,14.4,0,0,,0,2527,537,397,1682,0
gauntlet/20261003-012840-scrim-g_iter1/replays/ColtG5.Goob_final__Backslash__botB.bc24,ColtG5.Goob_final,0,A,Goob_final,0,2000,LEVEL_SUM,2600,17600,201,13,11,226,11,1,10,150,68,1,413,385,592,1254,34.7,11,6,5,0,16.4,47,1,1,0,0,0.76,1,4.35,12.8,46,0,1,1,1.000,120,24,1,1,18.7,0,0,,0,0,0,1800,0,0
gauntlet/20261003-012840-scrim-g_iter1/replays/ColtG5.Goob_final__Backslash__botB.bc24,ColtG5.Goob_final,1,B,g_iter1,1,2000,LEVEL_SUM,4700,11100,201,31,22,258,2,1,1,63,31,10,263,254,1254,592,42.8,2,1,1,0,19.0,46,5,6,0,0,2.53,1,9.95,32.0,61,0,2,1,0.500,65,11,1,,14.9,0,0,,0,1845,864,953,2,0
gauntlet/20261003-012840-scrim-g_iter1/replays/IvanGeffner.kuma__Hurricane__botA.bc24,IvanGeffner.kuma,1,A,g_iter1,1,2000,LEVEL_SUM,4500,4500,201,17,23,209,4,1,3,119,58,36,255,220,345,286,46.5,4,4,0,0,19.0,45,18,26,0,0,1.52,1,1.37,50.1,149,1,3,1,0.333,73,9,1,,14.7,0,0,1,0,1884,689,255,183,82
gauntlet/20261003-012840-scrim-g_iter1/replays/IvanGeffner.kuma__Hurricane__botA.bc24,IvanGeffner.kuma,0,B,kuma,0,2000,LEVEL_SUM,4500,4500,201,26,35,234,82,1,36,316,137,3,386,351,286,345,45.8,82,26,18,38,17.7,35,0,4,11,0,0.29,1,1.93,37.2,105,1,1,1,1.000,112,3,1,,25.0,27,0,48,1,0,0,1800,0,0
gauntlet/20261003-012840-scrim-g_iter1/replays/SampleProvider.TSPAARKSPRINT1__Intercontinental__botA.bc24,SampleProvider.TSPAARKSPRINT1,1,A,g_iter1,1,1140,CAPTURE,2400,3300,226,1,8,305,54,3,51,697,320,20,125,100,399,96,48.0,54,41,13,0,18.2,47,7,14,0,0,2.61,1,6.59,27.6,53,1,2,1,0.500,13,0,1,,14.8,0,0,1,0,713,298,139,176,3
gauntlet/20261003-012840-scrim-g_iter1/replays/SampleProvider.TSPAARKSPRINT1__Intercontinental__botA.bc24,SampleProvider.TSPAARKSPRINT1,0,B,TSPAARKSPRINT1,0,1140,CAPTURE,2400,4200,201,12,26,286,24,1,20,624,150,51,16,14,96,399,41.3,21,14,7,0,21.5,46,13,41,0,0,3.16,3,2.70,11.9,191,3,8,1,0.125,94,70,1,1,22.0,0,0,806,0,0,0,417,0,0
gauntlet/20261003-012840-scrim-g_iter1/replays/SampleProvider.TSPAARKSPRINT1__FloodGates__botB.bc24,SampleProvider.TSPAARKSPRINT1,0,A,TSPAARKSPRINT1,0,2000,MORE_FLAG_CAPTURES,500,1700,206,11,19,229,19,0,16,277,62,6,91,69,86,1152,35.9,16,7,9,0,21.8,31,2,6,0,0,5.38,2,6.69,24.3,90,0,3,2,0.667,157,134,0,0,25.1,1,0,,1,1,1,1800,0,0
gauntlet/20261003-012840-scrim-g_iter1/replays/SampleProvider.TSPAARKSPRINT1__FloodGates__botB.bc24,SampleProvider.TSPAARKSPRINT1,1,B,g_iter1,1,2000,MORE_FLAG_CAPTURES,500,1700,257,0,3,367,8,2,6,281,135,16,469,445,1152,86,48.9,8,6,2,0,13.8,24,9,7,0,0,2.94,0,10.48,43.5,20,0,,,,12,1,1,,14.6,0,0,1,0,1914,1478,1012,8,0
gauntlet/20261003-012840-scrim-g_iter1/replays/awu7.ExplosiveBot__Asteroids__botA.bc24,awu7.ExplosiveBot,1,A,g_iter1,1,891,CAPTURE,800,2000,210,26,39,248,18,3,15,536,249,1,186,115,466,83,47.7,18,12,6,0,27.9,39,0,1,0,0,1.75,0,9.25,19.0,0,0,,,,30,1,0,,14.9,0,0,,0,110,42,61,281,4
gauntlet/20261003-012840-scrim-g_iter1/replays/awu7.ExplosiveBot__Asteroids__botA.bc24,awu7.ExplosiveBot,0,B,ExplosiveBot,0,891,CAPTURE,800,3400,210,14,25,273,1,0,1,12,3,15,71,59,83,466,37.3,1,1,0,0,37.0,29,6,12,0,0,1.05,3,0.92,11.3,354,2,8,2,0.250,157,119,1,0,21.6,0,0,4,1,2,0,426,0,0
gauntlet/20261003-012840-scrim-g_iter1/replays/awu7.ExplosiveBot__EvilGrin__botA.bc24,awu7.ExplosiveBot,1,A,g_iter1,1,812,CAPTURE,2000,4400,204,19,33,235,8,3,5,204,95,14,178,125,417,81,47.6,8,7,1,0,24.0,47,7,7,0,0,9.82,0,9.50,21.6,0,0,,,,9,0,0,,14.8,0,0,,0,328,104,56,8,0
gauntlet/20261003-012840-scrim-g_iter1/replays/awu7.ExplosiveBot__EvilGrin__botA.bc24,awu7.ExplosiveBot,0,B,ExplosiveBot,0,812,CAPTURE,2000,4000,207,9,0,223,20,0,14,34,5,5,72,66,81,417,37.6,20,7,7,6,20.0,33,1,7,0,0,1.55,3,4.56,14.8,131,1,4,3,0.750,116,69,0,0,21.8,0,0,5,1,0,0,612,0,0
gauntlet/20261003-012840-scrim-g_iter1/replays/awu7.ExplosiveBot__Rainbow__botB.bc24,awu7.ExplosiveBot,0,A,ExplosiveBot,0,1533,CAPTURE,6000,6000,201,25,16,225,8,0,8,21,4,24,148,141,165,1215,30.8,8,7,1,0,29.3,41,7,20,0,0,2.33,3,1.29,17.0,543,2,12,3,0.250,431,423,1,1,21.6,0,0,12,1,1,0,488,0,0
gauntlet/20261003-012840-scrim-g_iter1/replays/awu7.ExplosiveBot__Rainbow__botB.bc24,awu7.ExplosiveBot,1,B,g_iter1,1,1533,CAPTURE,6000,6000,201,30,27,245,27,3,24,968,457,8,542,453,1215,165,47.3,27,20,7,0,28.6,47,1,7,1,1,3.95,0,11.10,20.7,0,0,,,,14,0,1,,14.9,0,0,,0,193,31,32,31,0
gauntlet/20261003-012840-scrim-g_iter1/replays/SampleProvider.TSPAARKSPRINT1__SteamboatMickey__botB.bc24,SampleProvider.TSPAARKSPRINT1,0,A,TSPAARKSPRINT1,0,1651,CAPTURE,7300,11200,201,10,3,285,44,0,41,830,408,20,122,104,144,893,36.9,41,17,24,0,24.0,38,3,20,18,0,1.21,3,4.63,16.1,685,3,12,3,0.250,369,297,1,1,22.2,0,0,,0,0,0,220,0,0
gauntlet/20261003-012840-scrim-g_iter1/replays/SampleProvider.TSPAARKSPRINT1__SteamboatMickey__botB.bc24,SampleProvider.TSPAARKSPRINT1,1,B,g_iter1,1,1651,CAPTURE,7300,15400,201,39,32,201,23,3,20,1105,525,41,466,422,893,144,47.9,23,20,3,0,32.4,42,24,17,0,1,1.69,0,8.13,28.3,110,0,4,0,0.000,46,4,1,,14.8,0,0,1,0,899,268,131,32,0
gauntlet/20261003-012840-scrim-g_iter1/replays/awu7.ExplosiveBot__Diagonal__botA.bc24,awu7.ExplosiveBot,1,A,g_iter1,1,2000,MORE_FLAG_CAPTURES,5100,5100,201,22,28,281,16,1,15,219,104,6,475,372,927,94,48.8,16,11,5,0,32.8,36,3,3,5,0,5.15,0,11.21,39.2,0,0,,,,13,0,1,,14.8,0,0,,0,1084,979,628,14,0
gauntlet/20261003-012840-scrim-g_iter1/replays/awu7.ExplosiveBot__Diagonal__botA.bc24,awu7.ExplosiveBot,0,B,ExplosiveBot,0,2000,MORE_FLAG_CAPTURES,5100,5100,201,7,11,365,7,0,6,13,4,15,48,42,94,927,38.7,7,3,3,1,33.2,24,5,11,0,0,1.87,1,2.31,10.8,157,1,1,1,1.000,423,333,0,1,21.5,0,0,22,1,1,0,1800,0,0
gauntlet/20261003-012840-scrim-g_iter1/replays/awu7.ExplosiveBot__DefaultMedium__botA.bc24,awu7.ExplosiveBot,1,A,g_iter1,1,2000,MORE_FLAG_CAPTURES,2900,2900,201,22,18,240,30,2,27,382,240,27,467,361,916,217,47.4,30,17,13,0,32.5,40,13,14,10,2,5.44,0,9.02,35.2,2,0,,,,26,3,1,,14.6,0,0,1,0,1248,529,218,34,32
gauntlet/20261003-012840-scrim-g_iter1/replays/awu7.ExplosiveBot__DefaultMedium__botA.bc24,awu7.ExplosiveBot,0,B,ExplosiveBot,0,2000,MORE_FLAG_CAPTURES,2900,5000,201,24,5,230,41,0,27,105,28,27,170,152,217,916,38.9,41,14,13,14,30.1,36,13,17,1,0,2.54,2,3.79,13.3,165,1,4,2,0.500,227,127,0,0,22.4,0,0,1,1,2,1,1601,0,0
gauntlet/20261003-012840-scrim-g_iter1/replays/awu7.ExplosiveBot__MazeRunner__botA.bc24,awu7.ExplosiveBot,1,A,g_iter1,1,1820,CAPTURE,2600,4700,207,9,24,247,19,3,16,1049,492,7,537,444,1234,206,47.2,19,13,6,0,22.8,29,2,8,0,1,0.81,1,9.35,20.3,70,1,,,,73,4,0,,14.9,0,0,,0,410,159,98,22,19
gauntlet/20261003-012840-scrim-g_iter1/replays/awu7.ExplosiveBot__MazeRunner__botA.bc24,awu7.ExplosiveBot,0,B,ExplosiveBot,0,1820,CAPTURE,2600,5600,207,12,7,272,42,1,7,116,40,16,143,135,206,1234,33.6,42,8,2,32,26.4,29,6,13,2,1,0.94,3,4.92,13.6,768,2,9,3,0.333,477,379,1,1,24.4,0,0,4,1,0,0,646,0,0
gauntlet/20261003-012840-scrim-g_iter1/replays/clbarrell.duck8__Bunkers__botB.bc24,clbarrell.duck8,0,A,duck8,0,1108,CAPTURE,2800,2800,201,3,6,208,43,2,41,186,63,1,149,143,177,454,40.1,43,11,32,0,19.1,39,1,3,0,0,0.51,3,9.85,32.3,100,2,2,1,0.500,85,45,1,,13.3,0,0,2,0,0,0,11,0,0
gauntlet/20261003-012840-scrim-g_iter1/replays/clbarrell.duck8__Bunkers__botB.bc24,clbarrell.duck8,1,B,g_iter1,1,1108,CAPTURE,2800,2800,201,9,13,234,4,3,1,124,57,41,179,154,454,177,46.1,4,3,1,0,14.0,45,32,11,0,0,5.45,2,6.58,22.5,55,2,1,1,1.000,44,11,1,,14.9,0,0,,0,814,306,123,4,0
gauntlet/20261003-012840-scrim-g_iter1/replays/clbarrell.duck8__Gauntlet__botB.bc24,clbarrell.duck8,0,A,duck8,0,871,CAPTURE,2100,3300,203,30,19,266,5,0,5,10,4,3,112,100,117,305,41.6,5,2,3,0,29.8,36,3,3,0,0,1.26,3,2.20,33.0,170,2,4,2,0.500,47,23,0,,13.3,0,0,,1,0,0,12,0,0
gauntlet/20261003-012840-scrim-g_iter1/replays/clbarrell.duck8__Gauntlet__botB.bc24,clbarrell.duck8,1,B,g_iter1,1,871,CAPTURE,2100,2300,210,2,10,633,6,3,3,244,107,5,106,44,305,117,46.8,6,3,3,0,20.3,36,3,2,0,0,7.50,0,8.75,28.3,0,0,,,,14,0,0,,14.8,0,0,,0,310,215,127,6,0
gauntlet/20261003-012840-scrim-g_iter1/replays/clbarrell.duck8__SteamboatMickey__botB.bc24,clbarrell.duck8,0,A,duck8,0,1850,CAPTURE,7300,18100,201,9,3,201,49,2,47,337,138,13,410,397,328,882,38.4,49,18,31,0,26.1,34,5,11,19,1,1.00,3,12.22,28.9,468,3,10,3,0.300,254,147,1,,11.2,0,0,2,0,0,0,22,0,0
gauntlet/20261003-012840-scrim-g_iter1/replays/clbarrell.duck8__SteamboatMickey__botB.bc24,clbarrell.duck8,1,B,g_iter1,1,1850,CAPTURE,7300,8500,201,12,3,201,16,3,13,688,321,47,450,390,882,328,45.7,16,11,5,0,27.8,45,31,18,5,2,2.53,2,7.89,20.3,171,1,3,1,0.333,91,10,1,,14.8,0,0,1,0,852,255,100,307,60
gauntlet/20261003-012840-scrim-g_iter1/replays/clbarrell.duck8__EvilGrin__botB.bc24,clbarrell.duck8,0,A,duck8,0,1206,CAPTURE,2000,7200,205,15,10,235,14,0,14,45,15,2,187,178,183,573,38.6,14,5,9,0,22.1,36,0,5,0,0,0.40,3,7.82,31.3,129,3,3,3,1.000,83,57,0,,12.8,0,0,,1,0,0,257,0,0
gauntlet/20261003-012840-scrim-g_iter1/replays/clbarrell.duck8__EvilGrin__botB.bc24,clbarrell.duck8,1,B,g_iter1,1,1206,CAPTURE,2000,3000,204,15,6,377,5,3,2,161,80,14,205,127,573,183,46.3,5,5,0,0,23.0,44,9,5,0,1,7.76,0,7.08,25.4,0,0,,,,27,0,0,,14.8,0,0,,0,578,362,200,638,0
gauntlet/20261003-012840-scrim-g_iter1/replays/clbarrell.duck8__Hurricane__botB.bc24,clbarrell.duck8,0,A,duck8,0,2000,MORE_FLAG_CAPTURES,4500,4500,201,29,5,237,21,0,21,41,8,7,223,202,126,539,43.4,21,9,12,0,19.1,37,0,9,0,0,0.50,2,4.68,38.0,580,2,8,2,0.250,176,69,1,,15.3,0,0,2,0,0,0,19,0,0
gauntlet/20261003-012840-scrim-g_iter1/replays/clbarrell.duck8__Hurricane__botB.bc24,clbarrell.duck8,1,B,g_iter1,1,2000,MORE_FLAG_CAPTURES,4500,4500,201,29,15,247,9,2,7,684,331,21,317,187,539,126,48.4,9,9,0,0,15.6,46,12,9,0,1,12.12,0,5.88,37.7,0,0,,,,36,0,1,,14.8,0,0,1,0,972,707,372,1139,155
gauntlet/20261003-012840-scrim-g_iter1/replays/dmtrung14.defaultplayer_intlqualifier__Bunkers__botB.bc24,dmtrung14.defaultplayer_intlqualifier,0,A,defaultplayer_intlqualifier,0,2000,MORE_FLAG_CAPTURES,2800,2800,201,8,8,209,24,0,15,388,132,2,87,73,36,838,39.8,21,10,5,6,15.4,42,0,4,0,0,0.51,2,1.45,42.1,124,2,2,2,1.000,68,45,1,1,25.1,140,0,700,1,0,0,1496,0,0
gauntlet/20261003-012840-scrim-g_iter1/replays/dmtrung14.defaultplayer_intlqualifier__Bunkers__botB.bc24,dmtrung14.defaultplayer_intlqualifier,1,B,g_iter1,1,2000,MORE_FLAG_CAPTURES,2800,2800,201,8,7,297,4,2,2,184,87,15,276,229,838,36,49.6,4,4,0,0,23.5,44,5,10,0,0,2.79,0,2.28,61.5,16,0,,,,5,0,1,,14.8,0,0,1,0,2039,1638,740,8,0
gauntlet/20261003-012840-scrim-g_iter1/replays/dmtrung14.defaultplayer_intlqualifier__Asteroids__botA.bc24,dmtrung14.defaultplayer_intlqualifier,1,A,g_iter1,1,2000,LEVEL_SUM,800,2300,210,11,9,231,16,2,14,557,262,15,125,94,294,53,49.3,16,15,1,0,30.6,39,7,10,1,1,1.59,2,2.70,63.6,137,2,3,0,0.000,26,0,0,,14.9,0,0,,0,1776,1496,858,674,325
gauntlet/20261003-012840-scrim-g_iter1/replays/dmtrung14.defaultplayer_intlqualifier__Asteroids__botA.bc24,dmtrung14.defaultplayer_intlqualifier,0,B,defaultplayer_intlqualifier,0,2000,LEVEL_SUM,800,3900,210,19,21,233,50,2,15,552,160,14,128,109,53,294,46.3,47,10,7,30,18.7,39,1,15,0,0,0.98,2,2.80,28.0,314,1,8,2,0.250,124,41,0,0,25.1,274,0,227,1,0,0,1061,0,0
gauntlet/20261003-012840-scrim-g_iter1/replays/jonters.bling3__Foxes__botB.bc24,jonters.bling3,0,A,bling3,0,2000,LEVEL_SUM,7500,7500,205,18,31,233,3,1,2,54,25,31,151,148,311,982,37.7,3,1,2,0,25.5,34,7,26,0,0,0.84,1,11.11,5.6,570,1,7,1,0.143,172,157,0,0,22.4,0,0,,1,0,0,7,0,0
gauntlet/20261003-012840-scrim-g_iter1/replays/jonters.bling3__Foxes__botB.bc24,jonters.bling3,1,B,g_iter1,1,2000,LEVEL_SUM,7500,7500,202,18,19,260,33,1,31,773,380,2,443,335,982,311,46.2,33,26,7,0,25.5,43,2,1,7,1,0.74,1,3.82,22.4,39,1,1,1,1.000,51,1,0,,14.9,0,0,,0,1405,661,389,1505,41
gauntlet/20261003-012840-scrim-g_iter1/replays/jonters.bling3__Anchor__botB.bc24,jonters.bling3,0,A,bling3,0,1425,CAPTURE,6300,10200,206,13,14,257,4,1,3,62,30,22,130,127,224,714,37.3,4,3,1,0,19.3,48,9,16,0,0,1.75,3,14.24,6.6,185,0,5,2,0.400,105,104,0,0,24.2,0,0,,0,0,0,5,0,0
gauntlet/20261003-012840-scrim-g_iter1/replays/jonters.bling3__Anchor__botB.bc24,jonters.bling3,1,B,g_iter1,1,1425,CAPTURE,6300,9900,202,3,0,435,25,3,22,369,165,3,330,270,714,224,46.2,25,16,9,0,21.3,47,1,3,4,2,3.06,1,9.05,22.6,24,1,1,1,1.000,44,2,0,,14.9,0,0,,0,1227,569,377,26,100
gauntlet/20261003-012840-scrim-g_iter1/replays/dmtrung14.defaultplayer_intlqualifier__Foxes__botA.bc24,dmtrung14.defaultplayer_intlqualifier,1,A,g_iter1,1,2000,MORE_FLAG_CAPTURES,7500,7500,202,21,25,306,11,2,9,746,357,2,214,47,283,39,49.5,11,6,5,0,28.4,40,1,1,0,0,1.00,0,3.20,56.5,37,0,,,,12,0,0,,14.8,0,0,,0,761,681,305,54,226
gauntlet/20261003-012840-scrim-g_iter1/replays/dmtrung14.defaultplayer_intlqualifier__Foxes__botA.bc24,dmtrung14.defaultplayer_intlqualifier,0,B,defaultplayer_intlqualifier,0,2000,MORE_FLAG_CAPTURES,7200,7200,202,10,16,284,9,0,2,341,55,9,99,80,39,283,46.0,6,1,1,4,8.5,40,5,6,0,0,0.66,2,5.77,45.7,549,1,5,2,0.400,50,16,0,0,25.1,241,0,,1,0,0,1318,0,0
gauntlet/20261003-012840-scrim-g_iter1/replays/jonters.bling3__Snake__botB.bc24,jonters.bling3,0,A,bling3,0,337,CAPTURE,13100,19600,203,41,19,268,2,0,2,8,3,2,66,29,32,50,46.3,2,1,1,0,35.5,30,1,4,0,0,0.46,3,10.75,24.6,219,3,4,3,0.750,13,8,0,0,22.6,0,0,1,0,0,0,4,0,0
gauntlet/20261003-012840-scrim-g_iter1/replays/jonters.bling3__Snake__botB.bc24,jonters.bling3,1,B,g_iter1,1,337,CAPTURE,13100,35500,204,28,20,218,5,3,2,259,128,2,329,120,50,32,47.7,5,4,1,0,23.0,47,1,1,0,0,8.75,0,4.06,20.3,0,0,,,,5,0,0,,15.0,0,0,,0,81,15,47,5,0
gauntlet/20261003-012840-scrim-g_iter1/replays/dmtrung14.defaultplayer_intlqualifier__Puzzle__botB.bc24,dmtrung14.defaultplayer_intlqualifier,0,A,defaultplayer_intlqualifier,0,2000,LEVEL_SUM,0,13700,202,23,22,231,16,1,5,338,75,6,88,67,27,109,48.6,13,4,2,7,27.8,44,0,7,0,0,1.87,1,4.74,34.2,88,1,2,1,0.500,26,5,0,0,25.1,401,0,,1,0,0,1800,0,0
gauntlet/20261003-012840-scrim-g_iter1/replays/dmtrung14.defaultplayer_intlqualifier__Puzzle__botB.bc24,dmtrung14.defaultplayer_intlqualifier,1,B,g_iter1,1,2000,LEVEL_SUM,0,7500,208,9,16,225,7,1,6,176,76,5,183,42,109,27,49.7,7,7,0,0,32.8,43,2,4,0,0,2.47,1,1.76,73.8,25,1,,,,6,0,1,,14.6,0,0,1,0,168,53,65,9,0
gauntlet/20261003-012840-scrim-g_iter1/replays/jonters.bling3__ORV__botA.bc24,jonters.bling3,1,A,g_iter1,1,2000,MORE_FLAG_CAPTURES,3200,4400,206,19,12,249,12,2,10,152,71,0,249,204,689,286,46.5,12,9,3,0,20.2,45,0,1,0,0,2.86,1,3.55,22.5,70,0,1,1,1.000,43,0,0,,14.8,0,0,,0,2037,1253,1182,396,184
gauntlet/20261003-012840-scrim-g_iter1/replays/jonters.bling3__ORV__botA.bc24,jonters.bling3,0,B,bling3,0,2000,MORE_FLAG_CAPTURES,3200,6800,203,29,18,239,1,1,0,138,65,10,186,178,286,689,41.3,1,1,0,0,,33,3,9,0,0,1.25,2,16.54,4.8,104,2,2,2,1.000,29,8,0,0,23.8,0,0,,0,0,0,4,0,0
gauntlet/20261003-012840-scrim-g_iter1/replays/justinottesen.sprint1__Digging__botA.bc24,justinottesen.sprint1,1,A,g_iter1,1,915,CAPTURE,700,1500,206,2,4,433,10,3,7,314,151,0,204,120,803,40,48.9,10,8,2,0,21.6,45,0,0,0,0,0.00,0,12.32,18.9,,,,,,5,0,0,,14.8,0,0,,0,369,359,270,148,0
gauntlet/20261003-012840-scrim-g_iter1/replays/justinottesen.sprint1__Digging__botA.bc24,justinottesen.sprint1,0,B,sprint1,0,915,CAPTURE,700,3200,208,9,1,286,0,0,0,0,0,7,49,47,40,803,29.1,0,0,0,0,,40,2,8,0,0,0.77,3,0.00,5.8,242,3,3,3,1.000,161,200,0,,6.6,0,0,,0,0,0,13,0,0
gauntlet/20261003-012840-scrim-g_iter1/replays/justinottesen.sprint1__DefaultSmall__botB.bc24,justinottesen.sprint1,0,A,sprint1,0,784,CAPTURE,4100,4100,201,0,16,218,0,0,0,0,0,20,60,56,69,660,30.0,0,0,0,0,,45,8,15,0,0,1.65,3,0.00,8.9,172,2,3,3,1.000,139,165,1,,7.0,0,0,,0,0,0,7,0,0
gauntlet/20261003-012840-scrim-g_iter1/replays/justinottesen.sprint1__DefaultSmall__botB.bc24,justinottesen.sprint1,1,B,g_iter1,1,784,CAPTURE,4100,4100,201,11,3,210,23,3,20,317,147,0,244,148,660,69,47.8,23,15,8,0,19.9,46,0,0,0,0,0.00,0,8.15,22.3,,,,,,9,0,1,,14.9,0,0,1,0,385,185,135,53,0
gauntlet/20261003-012840-scrim-g_iter1/replays/jonters.bling3__Whirlpool__botB.bc24,jonters.bling3,0,A,bling3,0,2000,MORE_FLAG_CAPTURES,2800,7200,201,22,25,304,5,1,4,65,28,2,146,130,250,857,39.1,5,2,3,0,18.0,37,0,4,0,0,0.24,2,13.31,4.6,169,2,2,2,1.000,44,29,1,1,25.0,1,0,,0,0,0,2,0,0
gauntlet/20261003-012840-scrim-g_iter1/replays/jonters.bling3__Whirlpool__botB.bc24,jonters.bling3,1,B,g_iter1,1,2000,MORE_FLAG_CAPTURES,2800,2800,201,19,20,648,4,2,2,206,103,4,230,200,857,250,47.0,4,4,0,0,18.0,47,3,2,0,0,3.11,1,4.40,35.5,16,0,1,1,1.000,13,0,1,,14.8,0,0,,0,2281,2015,1452,4,0
gauntlet/20261003-012840-scrim-g_iter1/replays/justinottesen.sprint1__EndAround__botB.bc24,justinottesen.sprint1,0,A,sprint1,0,1636,CAPTURE,1900,7000,210,8,5,390,6,0,6,44,18,14,82,78,56,1578,26.5,6,6,0,0,23.3,44,3,14,0,0,0.48,3,2.57,11.2,1377,3,8,3,0.375,844,870,0,,6.3,0,0,,0,0,0,7,0,0
gauntlet/20261003-012840-scrim-g_iter1/replays/justinottesen.sprint1__EndAround__botB.bc24,justinottesen.sprint1,1,B,g_iter1,1,1636,CAPTURE,2500,4000,202,13,20,268,17,3,14,1704,835,6,657,565,1578,56,49.1,17,14,3,0,16.3,47,0,6,0,1,1.64,0,9.77,15.8,23,0,1,0,0.000,20,0,0,,14.9,0,0,,0,662,109,198,23,116
gauntlet/20261003-012840-scrim-g_iter1/replays/justinottesen.sprint1__QueenOfHearts__botB.bc24,justinottesen.sprint1,0,A,sprint1,0,448,CAPTURE,3500,3500,201,6,3,332,2,0,2,23,11,4,17,16,16,207,39.2,2,1,1,0,18.5,36,3,4,0,0,0.50,3,1.91,5.0,207,2,4,3,0.750,62,26,1,,5.9,0,0,,0,0,0,1,0,0
gauntlet/20261003-012840-scrim-g_iter1/replays/justinottesen.sprint1__QueenOfHearts__botB.bc24,justinottesen.sprint1,1,B,g_iter1,1,448,CAPTURE,3500,3500,201,32,32,246,7,3,4,262,129,2,95,52,207,16,49.1,7,4,3,0,23.3,43,1,1,0,0,2.74,0,5.57,20.8,13,0,,,,2,0,1,,14.6,0,0,1,0,102,46,42,7,0
gauntlet/20261003-012840-scrim-g_iter1/replays/justinottesen.sprint1__SteamboatMickey__botA.bc24,justinottesen.sprint1,1,A,g_iter1,1,722,CAPTURE,7300,15100,201,26,21,201,6,3,3,306,150,5,279,229,299,86,47.0,6,5,1,0,24.7,46,1,4,0,0,1.88,0,5.56,20.3,1,0,,,,11,0,1,,14.9,0,0,1,0,321,100,112,10,58
gauntlet/20261003-012840-scrim-g_iter1/replays/justinottesen.sprint1__SteamboatMickey__botA.bc24,justinottesen.sprint1,0,B,sprint1,0,722,CAPTURE,7100,10700,201,8,12,291,5,0,5,8,3,3,83,81,86,299,40.0,5,4,1,0,42.8,26,1,5,0,0,0.24,3,0.50,7.8,254,3,3,3,1.000,170,113,1,,6.1,0,0,,0,0,0,8,0,0
gauntlet/20261003-012840-scrim-g_iter1/replays/justinottesen.sprint1__Soccer__botB.bc24,justinottesen.sprint1,0,A,sprint1,0,532,CAPTURE,3000,3200,205,6,18,292,2,0,2,12,5,8,32,32,25,263,38.1,2,2,0,0,26.5,23,1,10,0,0,0.82,3,1.58,6.9,236,3,5,3,0.600,97,68,0,,5.9,0,0,,0,0,0,4,0,0
gauntlet/20261003-012840-scrim-g_iter1/replays/justinottesen.sprint1__Soccer__botB.bc24,justinottesen.sprint1,1,B,g_iter1,1,532,CAPTURE,3000,3000,203,20,20,244,11,3,8,350,170,2,122,92,263,25,48.8,11,10,1,0,25.1,31,0,2,0,0,3.25,0,7.57,20.7,2,0,,,,7,0,0,,14.9,0,0,,0,226,43,95,11,18
gauntlet/20261003-012840-scrim-g_iter1/replays/quesswho.cretplayer2_3__MazeRunner__botA.bc24,quesswho.cretplayer2_3,1,A,g_iter1,1,2000,LEVEL_SUM,2600,5300,207,16,25,250,32,1,30,414,224,19,328,245,1221,341,45.8,32,22,10,0,29.7,31,10,10,9,1,2.01,1,7.29,26.7,139,1,2,1,0.500,108,4,0,,14.7,0,0,,0,1065,632,380,583,93
gauntlet/20261003-012840-scrim-g_iter1/replays/quesswho.cretplayer2_3__MazeRunner__botA.bc24,quesswho.cretplayer2_3,0,B,cretplayer2_3,0,2000,LEVEL_SUM,2600,5300,207,19,23,298,23,1,19,817,115,30,196,189,341,1221,35.0,20,10,10,0,26.5,10,10,22,0,0,2.34,1,11.07,15.1,193,1,7,0,0.000,390,245,0,0,25.1,10,0,295,1,0,0,1799,0,22
gauntlet/20261003-012840-scrim-g_iter1/replays/kyleezz.jeeryfix3__TreeSearch__botA.bc24,kyleezz.jeeryfix3,1,A,g_iter1,1,2000,LEVEL_SUM,3200,4400,239,1,2,321,8,2,6,181,88,8,354,274,761,265,46.8,8,8,0,0,24.7,39,6,4,0,0,3.17,2,9.08,38.1,37,0,2,2,1.000,40,2,0,,14.9,0,0,,0,971,665,183,11,326
gauntlet/20261003-012840-scrim-g_iter1/replays/kyleezz.jeeryfix3__TreeSearch__botA.bc24,kyleezz.jeeryfix3,0,B,jeeryfix3,0,2000,LEVEL_SUM,3200,5600,206,35,4,226,10,2,8,102,50,6,260,258,265,761,40.8,10,4,6,0,27.1,43,0,8,1,0,0.95,2,5.64,39.0,134,2,2,2,1.000,154,120,0,1,24.9,0,0,4,1,1,1,5,0,0
gauntlet/20261003-012840-scrim-g_iter1/replays/winkelmantanner.waffle__Canals__botB.bc24,winkelmantanner.waffle,0,A,waffle,0,1919,CAPTURE,4600,5100,223,15,24,255,32,2,30,236,108,3,293,293,428,925,38.3,32,10,22,0,25.1,37,1,5,9,1,1.31,3,5.45,12.2,203,3,4,3,0.750,160,105,1,,15.0,0,0,,0,27,13,1398,0,0
gauntlet/20261003-012840-scrim-g_iter1/replays/winkelmantanner.waffle__Canals__botB.bc24,winkelmantanner.waffle,1,B,g_iter1,1,1919,CAPTURE,4600,5100,203,20,10,233,6,3,3,272,141,30,427,344,925,428,44.6,6,5,1,0,18.7,47,22,10,1,3,3.32,2,12.26,28.8,127,1,3,0,0.000,36,11,1,,15.1,0,0,1,0,1078,459,401,6,18
gauntlet/20261003-012840-scrim-g_iter1/replays/quesswho.cretplayer2_3__WheresMyWater__botB.bc24,quesswho.cretplayer2_3,0,A,cretplayer2_3,0,2000,LEVEL_SUM,3000,5400,201,33,25,202,88,2,83,1496,449,21,223,221,522,1284,34.2,85,16,69,0,12.4,35,4,19,34,0,2.55,2,17.38,19.0,162,0,5,0,0.000,313,361,1,1,25.0,16,0,6,1,4,0,1413,0,1742
gauntlet/20261003-012840-scrim-g_iter1/replays/quesswho.cretplayer2_3__WheresMyWater__botB.bc24,quesswho.cretplayer2_3,1,B,g_iter1,1,2000,LEVEL_SUM,3000,3000,201,4,8,201,23,2,21,321,164,83,395,385,1284,522,43.6,23,19,4,0,14.3,46,69,16,1,0,3.60,2,5.09,27.1,390,0,11,0,0.000,111,47,1,,14.6,0,0,,0,2080,367,59,130,19
gauntlet/20261003-012840-scrim-g_iter1/replays/quesswho.cretplayer2_3__Hurricane__botB.bc24,quesswho.cretplayer2_3,0,A,cretplayer2_3,0,2000,LEVEL_SUM,4500,4500,201,26,4,207,146,0,143,1340,434,2,261,207,257,793,40.1,143,54,89,0,17.0,30,0,2,42,0,0.55,0,8.33,15.8,92,0,2,0,0.000,228,57,0,1,25.0,4,0,8,1,3,0,1799,0,71
gauntlet/20261003-012840-scrim-g_iter1/replays/quesswho.cretplayer2_3__Hurricane__botB.bc24,quesswho.cretplayer2_3,1,B,g_iter1,1,2000,LEVEL_SUM,4500,4500,201,29,15,283,2,0,2,120,59,143,256,225,793,257,46.9,2,2,0,0,26.5,46,89,54,0,0,3.49,0,1.09,27.9,200,0,6,0,0.000,88,15,1,,14.4,0,0,1,0,2615,579,109,583,0
gauntlet/20261003-012840-scrim-g_iter1/replays/winkelmantanner.waffle__Digging__botB.bc24,winkelmantanner.waffle,0,A,waffle,0,1637,CAPTURE,700,1900,205,32,26,214,15,2,13,77,30,0,184,184,272,1251,31.5,15,2,13,0,12.2,34,0,3,0,0,1.36,3,10.55,12.1,109,0,3,3,1.000,166,172,0,,12.9,0,0,,0,3,0,1336,0,0
gauntlet/20261003-012840-scrim-g_iter1/replays/winkelmantanner.waffle__Digging__botB.bc24,winkelmantanner.waffle,1,B,g_iter1,1,1637,CAPTURE,700,2500,220,6,7,234,3,3,0,179,85,13,292,186,1251,272,45.9,3,3,0,0,,44,13,2,0,2,11.77,2,10.59,31.6,3,0,,,,14,0,0,,14.8,0,0,,0,1225,675,748,3,0
