file,opp,us,team,name,won,rounds,wintype,gathered200,gathered400,firstEnemySide,inEnemy250,inEnemy300,firstFlagSight,pickups,captured,carrierDeaths,carrierRounds,carrierMoves,enemyCarrierKills,trapsBuilt,trapsHit,kills,deaths,meanAlive,postPickups,firstGrabs,regrabs,relayPickups,carrierDeathDist,damStage199,enemyRegrabs,enemyFirstGrabs,regrabsLate,capturedLate,chasers20,enemyCaptured,escorts20,stillPost,enemyUnseenRounds,unopposedCaps,longTrips25,longCaps25,longCapRate,loneDeaths,trickleDeaths,symOk,psymOk,maxBcK,overruns,exceptions,symDecidedRound,symWrong,alertWrites,alertNoThreat,maxParkOnHome,efStaleCarry,efStaleLoc
gauntlet/20261003-002104-scrim-g1basics/losses/ColtG5.Goob_final__Ambush__botA.bc24,ColtG5.Goob_final,1,A,g1basics,0,386,CAPTURE,2300,2300,201,15,9,201,1,1,0,34,17,7,54,50,107,50,46.9,1,1,0,0,,48,4,6,0,0,2.22,3,8.41,26.7,17,0,,,,18,2,1,,19.9,0,0,1,0,403,2,9,1,0
gauntlet/20261003-002104-scrim-g1basics/losses/ColtG5.Goob_final__Ambush__botA.bc24,ColtG5.Goob_final,0,B,Goob_final,1,386,CAPTURE,2300,6200,201,19,23,201,10,3,7,100,45,0,85,67,50,107,43.5,10,6,4,0,8.0,46,0,1,0,0,0.71,1,4.39,11.8,22,0,1,1,1.000,25,1,1,1,14.9,0,0,,0,0,0,117,0,0
gauntlet/20261003-002104-scrim-g1basics/losses/CyrilSharma.finalBot__Bunkers__botA.bc24,CyrilSharma.finalBot,1,A,g1basics,0,1558,CAPTURE,2800,2800,201,1,5,450,5,1,4,55,23,21,217,190,521,623,40.3,5,4,1,0,13.0,44,16,8,0,0,3.68,3,4.27,51.7,85,0,3,3,1.000,47,31,1,,22.8,0,0,5,0,1595,24,23,5,0
gauntlet/20261003-002104-scrim-g1basics/losses/CyrilSharma.finalBot__Bunkers__botA.bc24,CyrilSharma.finalBot,0,B,finalBot,1,1558,CAPTURE,2800,2800,201,33,26,224,24,3,21,187,85,4,554,534,623,521,41.9,24,8,16,0,19.1,41,1,4,2,1,1.78,1,7.63,43.7,39,1,1,1,1.000,37,1,1,,25.0,26,0,474,1,0,0,5,0,0
gauntlet/20261003-002104-scrim-g1basics/losses/CyrilSharma.finalBot__Whirlpool__botA.bc24,CyrilSharma.finalBot,1,A,g1basics,0,1030,CAPTURE,2800,2800,201,20,13,391,0,0,0,0,0,21,108,91,310,306,42.8,0,0,0,0,,42,16,8,0,0,3.79,3,0.00,45.2,140,0,6,3,0.500,19,2,1,,22.8,0,0,21,0,803,19,15,0,0
gauntlet/20261003-002104-scrim-g1basics/losses/CyrilSharma.finalBot__Whirlpool__botA.bc24,CyrilSharma.finalBot,0,B,finalBot,1,1030,CAPTURE,2800,7200,201,24,26,242,24,3,21,371,170,0,270,260,306,310,42.8,24,8,16,0,20.1,46,0,0,0,0,0.00,0,8.01,40.1,,,,,,16,0,1,,25.0,9,0,426,1,0,0,9,0,0
gauntlet/20261003-002104-scrim-g1basics/losses/CyrilSharma.finalBot__Decision__botB.bc24,CyrilSharma.finalBot,0,A,finalBot,1,1275,CAPTURE,1000,1300,202,16,25,302,25,3,22,374,180,6,256,207,164,137,47.4,25,8,17,0,48.4,16,2,5,0,1,0.48,0,4.82,50.2,159,0,2,0,0.000,37,1,0,,25.0,3,0,488,1,0,0,7,0,0
gauntlet/20261003-002104-scrim-g1basics/losses/CyrilSharma.finalBot__Decision__botB.bc24,CyrilSharma.finalBot,1,B,g1basics,0,1275,CAPTURE,1900,2000,202,16,17,357,7,0,6,191,90,22,142,81,137,164,46.9,7,5,2,0,34.5,38,17,8,0,0,0.99,3,1.12,63.3,273,3,3,3,1.000,37,6,1,,22.8,0,0,25,0,405,7,25,7,0
gauntlet/20261003-002104-scrim-g1basics/losses/ColtG5.Goob_final__Joker__botB.bc24,ColtG5.Goob_final,0,A,Goob_final,1,2000,MORE_FLAG_CAPTURES,14500,24800,201,18,11,261,4,2,2,102,50,1,475,458,629,1316,33.9,4,2,2,0,27.5,45,0,2,0,0,0.84,1,6.61,13.4,45,0,1,1,1.000,249,123,0,0,17.1,0,0,,0,0,0,687,0,0
gauntlet/20261003-002104-scrim-g1basics/losses/ColtG5.Goob_final__Joker__botB.bc24,ColtG5.Goob_final,1,B,g1basics,0,2000,MORE_FLAG_CAPTURES,14500,17500,206,13,23,227,2,1,1,62,29,2,507,436,1316,629,42.4,2,2,0,0,34.0,45,2,2,0,0,0.74,2,8.15,23.8,82,1,2,2,1.000,122,3,1,,21.2,0,0,1,0,767,53,20,2,0
gauntlet/20261003-002104-scrim-g1basics/losses/CyrilSharma.finalBot__EvilGrin__botB.bc24,CyrilSharma.finalBot,0,A,finalBot,1,2000,MORE_FLAG_CAPTURES,2000,7300,205,12,29,249,8,2,6,272,130,16,434,432,493,510,43.8,8,4,4,0,24.2,36,5,12,0,0,2.71,1,5.31,51.2,37,1,1,0,0.000,38,2,0,,25.0,9,0,427,1,0,0,9,0,0
gauntlet/20261003-002104-scrim-g1basics/losses/CyrilSharma.finalBot__EvilGrin__botB.bc24,CyrilSharma.finalBot,1,B,g1basics,0,2000,MORE_FLAG_CAPTURES,2000,2900,205,13,7,274,17,1,16,107,39,6,247,190,510,493,44.0,17,12,5,0,19.6,47,4,4,4,1,2.15,2,4.64,55.9,120,1,3,2,0.667,44,10,1,,22.8,0,0,10,0,536,27,18,17,0
gauntlet/20261003-002104-scrim-g1basics/losses/CyrilSharma.finalBot__OceanFloor__botA.bc24,CyrilSharma.finalBot,1,A,g1basics,0,1429,CAPTURE,1400,1400,201,13,11,211,4,1,3,123,54,37,184,133,254,268,45.4,4,4,0,0,21.0,45,26,14,0,0,1.91,3,0.89,61.0,294,2,8,3,0.375,64,24,1,,20.9,0,0,1,0,1010,14,18,4,0
gauntlet/20261003-002104-scrim-g1basics/losses/CyrilSharma.finalBot__OceanFloor__botA.bc24,CyrilSharma.finalBot,0,B,finalBot,1,1429,CAPTURE,1400,1400,201,31,38,212,40,3,37,598,278,3,286,255,268,254,45.7,40,14,26,0,40.2,45,0,4,2,1,0.68,1,5.06,47.2,69,1,2,1,0.500,42,0,1,,25.0,1,0,254,1,0,0,9,0,0
gauntlet/20261003-002104-scrim-g1basics/losses/Gymhgy.v10official__Asteroids__botA.bc24,Gymhgy.v10official,1,A,g1basics,0,580,CAPTURE,800,1500,210,0,14,308,8,1,6,172,82,8,63,39,79,52,47.9,8,6,2,0,32.0,45,3,8,0,0,1.52,3,3.92,22.1,87,2,,,,11,1,1,,22.8,0,0,213,0,357,5,8,8,1
gauntlet/20261003-002104-scrim-g1basics/losses/Gymhgy.v10official__Asteroids__botA.bc24,Gymhgy.v10official,0,B,v10official,1,580,CAPTURE,800,4800,210,44,41,276,45,3,8,748,69,6,112,81,52,79,46.7,42,8,3,31,35.1,39,2,6,0,0,1.13,1,9.34,5.6,118,1,2,1,0.500,36,17,0,,25.1,17,0,,0,0,0,2,0,0
gauntlet/20261003-002104-scrim-g1basics/losses/Gymhgy.v10official__Backslash__botA.bc24,Gymhgy.v10official,1,A,g1basics,0,563,CAPTURE,4700,14000,201,19,24,225,16,0,15,470,222,0,118,102,50,83,46.5,16,16,0,0,29.1,48,0,3,0,0,0.25,3,4.16,21.4,60,3,,,,22,3,1,,22.8,0,0,7,0,315,20,31,16,5
gauntlet/20261003-002104-scrim-g1basics/losses/Gymhgy.v10official__Backslash__botA.bc24,Gymhgy.v10official,0,B,v10official,1,563,CAPTURE,4700,16800,201,36,33,231,26,3,0,659,85,15,161,111,83,50,47.8,23,3,0,20,,47,0,16,0,0,1.39,0,13.04,8.4,329,0,9,0,0.000,20,4,1,,25.1,57,0,,0,0,0,0,0,0
gauntlet/20261003-002104-scrim-g1basics/losses/IvanGeffner.kuma__Occulus__botA.bc24,IvanGeffner.kuma,1,A,g1basics,0,347,CAPTURE,1800,2400,201,15,18,226,4,1,3,71,28,6,51,31,28,69,45.7,4,1,3,0,18.0,40,6,3,0,0,2.90,3,4.61,41.0,65,2,2,2,1.000,6,2,1,,19.5,0,0,1,0,170,0,18,3,0
gauntlet/20261003-002104-scrim-g1basics/losses/IvanGeffner.kuma__Occulus__botA.bc24,IvanGeffner.kuma,0,B,kuma,1,347,CAPTURE,1800,9000,201,38,17,241,31,3,6,126,58,3,110,85,69,28,48.1,31,3,6,22,15.0,31,3,1,0,0,2.38,1,3.56,29.7,35,1,1,1,1.000,2,0,1,,25.1,46,0,88,1,0,0,147,0,0
gauntlet/20261003-002104-scrim-g1basics/losses/Gymhgy.v10official__CH3353C4K3F4CT0RY__botA.bc24,Gymhgy.v10official,1,A,g1basics,0,2000,MORE_FLAG_CAPTURES,13000,13000,222,5,11,296,9,1,7,182,97,2,404,309,695,426,44.8,9,9,0,0,18.9,46,2,2,0,0,3.04,2,3.98,31.8,12,1,,,,38,2,1,,22.8,0,0,18,0,605,30,49,9,5
gauntlet/20261003-002104-scrim-g1basics/losses/Gymhgy.v10official__CH3353C4K3F4CT0RY__botA.bc24,Gymhgy.v10official,0,B,v10official,1,2000,MORE_FLAG_CAPTURES,13000,13400,202,26,32,270,24,2,2,645,126,7,440,434,426,695,41.7,21,2,2,17,25.0,46,0,9,0,0,1.11,1,5.48,5.7,116,1,1,1,1.000,54,26,0,,25.1,124,0,,0,0,0,1,0,0
gauntlet/20261003-002104-scrim-g1basics/losses/Gymhgy.v10official__DefaultLarge__botB.bc24,Gymhgy.v10official,0,A,v10official,1,2000,LEVEL_SUM,1800,5600,202,43,43,291,64,2,6,864,122,47,360,337,508,423,44.8,61,6,2,53,15.3,41,5,44,0,1,1.63,2,9.42,5.2,661,0,11,1,0.091,84,24,1,,25.1,160,0,,0,0,0,5,0,0
gauntlet/20261003-002104-scrim-g1basics/losses/Gymhgy.v10official__DefaultLarge__botB.bc24,Gymhgy.v10official,1,B,g1basics,0,2000,LEVEL_SUM,1800,3500,203,0,10,326,49,2,47,1025,490,6,317,245,423,508,43.8,49,44,5,0,43.2,45,2,6,0,1,1.11,2,3.38,20.5,196,2,1,0,0.000,100,3,1,,21.0,0,0,1,0,647,24,34,48,4
gauntlet/20261003-002104-scrim-g1basics/losses/IvanGeffner.kuma__Racetrack__botA.bc24,IvanGeffner.kuma,1,A,g1basics,0,1930,CAPTURE,0,0,202,23,26,290,6,1,5,74,34,26,199,171,548,766,40.3,6,2,4,0,24.6,26,18,14,0,0,2.23,3,6.73,33.1,132,2,3,3,1.000,62,32,1,,20.9,0,0,1,0,1637,52,24,6,0
gauntlet/20261003-002104-scrim-g1basics/losses/IvanGeffner.kuma__Racetrack__botA.bc24,IvanGeffner.kuma,0,B,kuma,1,1930,CAPTURE,0,0,211,20,20,268,57,3,26,238,125,5,509,501,766,548,43.0,57,14,18,25,32.3,25,4,2,12,1,4.57,1,3.40,24.3,40,1,1,1,1.000,66,2,0,,25.1,27,0,219,1,1,1,1730,0,0
gauntlet/20261003-002104-scrim-g1basics/losses/IvanGeffner.kuma__Backslash__botA.bc24,IvanGeffner.kuma,1,A,g1basics,0,1714,CAPTURE,4700,13300,201,9,6,265,1,0,1,17,5,8,266,261,392,1114,34.2,1,1,0,0,13.0,48,5,7,0,0,2.50,3,1.53,57.0,96,2,3,3,1.000,160,137,1,,20.8,0,0,1,0,1756,12,20,1,1
gauntlet/20261003-002104-scrim-g1basics/losses/IvanGeffner.kuma__Backslash__botA.bc24,IvanGeffner.kuma,0,B,kuma,1,1714,CAPTURE,4700,17900,201,22,30,239,40,3,8,190,87,1,859,756,1114,392,44.4,40,7,5,28,28.3,41,0,1,5,1,4.06,0,3.70,36.5,0,0,,,,44,0,1,,25.0,27,0,208,1,0,0,1514,0,0
gauntlet/20261003-002104-scrim-g1basics/losses/IvanGeffner.kuma__Swoop__botA.bc24,IvanGeffner.kuma,1,A,g1basics,0,514,CAPTURE,4300,4300,201,9,24,241,2,1,0,85,40,4,76,47,50,125,44.3,2,2,0,0,,47,3,4,0,0,0.80,3,2.55,40.7,111,3,4,3,0.750,22,2,1,,20.3,0,0,1,0,367,9,12,2,0
gauntlet/20261003-002104-scrim-g1basics/losses/IvanGeffner.kuma__Swoop__botA.bc24,IvanGeffner.kuma,0,B,kuma,1,514,CAPTURE,4300,4300,201,41,30,229,18,3,4,169,81,0,156,108,125,50,47.6,18,4,3,11,18.8,47,0,2,0,0,0.38,1,2.63,32.4,56,1,1,1,1.000,8,0,0,,25.0,27,0,72,1,0,0,266,0,0
gauntlet/20261003-002104-scrim-g1basics/losses/Gymhgy.v10official__Klein__botB.bc24,Gymhgy.v10official,0,A,v10official,1,2000,MORE_FLAG_CAPTURES,7800,8400,204,2,20,230,26,2,7,747,183,32,244,235,398,512,43.8,23,6,4,13,20.0,48,11,22,2,0,0.66,0,6.71,3.9,1230,0,2,0,0.000,139,29,0,,25.1,48,0,,0,0,0,1,0,0
gauntlet/20261003-002104-scrim-g1basics/losses/Gymhgy.v10official__Klein__botB.bc24,Gymhgy.v10official,1,B,g1basics,0,2000,MORE_FLAG_CAPTURES,6000,6000,205,13,13,390,33,0,32,1458,803,7,366,312,512,398,45.1,33,22,11,0,19.9,45,4,6,4,0,1.73,2,0.95,24.2,60,2,1,0,0.000,100,13,1,,21.8,0,0,1,0,1731,77,20,32,1
gauntlet/20261003-002104-scrim-g1basics/losses/NotLLeon.v3__Backslash__botB.bc24,NotLLeon.v3,0,A,v3,1,710,CAPTURE,4500,15900,206,23,3,238,30,3,15,142,57,7,192,184,154,190,43.6,30,7,11,12,24.3,48,5,3,0,0,1.62,1,8.88,12.3,27,1,1,1,1.000,28,21,1,,20.8,0,0,428,1,0,0,510,0,96
gauntlet/20261003-002104-scrim-g1basics/losses/NotLLeon.v3__Backslash__botB.bc24,NotLLeon.v3,1,B,g1basics,0,710,CAPTURE,3300,13100,201,25,14,258,8,1,7,61,23,15,182,115,190,154,44.8,8,3,5,0,20.0,48,11,7,0,0,3.47,3,9.54,29.9,54,2,1,0,0.000,16,1,1,,20.4,0,0,1,0,308,3,10,7,0
gauntlet/20261003-002104-scrim-g1basics/losses/NotLLeon.v3__ORV__botA.bc24,NotLLeon.v3,1,A,g1basics,0,397,CAPTURE,3200,6200,206,7,5,253,0,0,0,0,0,13,85,42,58,44,47.3,0,0,0,0,,46,13,3,0,0,3.69,3,0.00,31.5,36,3,1,1,1.000,5,0,1,,22.8,0,0,137,0,107,3,5,0,0
gauntlet/20261003-002104-scrim-g1basics/losses/NotLLeon.v3__ORV__botA.bc24,NotLLeon.v3,0,B,v3,1,397,CAPTURE,3200,5000,207,21,19,224,26,3,13,138,56,0,85,76,44,58,46.6,26,3,13,10,17.1,48,0,0,0,0,0.00,0,9.99,11.9,,,,,,1,1,0,,19.2,0,0,,0,0,0,197,0,18
gauntlet/20261003-002104-scrim-g1basics/losses/NotLLeon.v3__Backslash__botA.bc24,NotLLeon.v3,1,A,g1basics,0,1703,CAPTURE,1200,9500,201,16,22,211,4,0,4,135,61,24,274,246,556,801,38.6,4,3,1,0,17.8,44,18,9,0,0,3.16,3,7.74,33.6,77,3,3,0,0.000,73,26,1,,20.5,0,0,1,0,1577,62,15,4,0
gauntlet/20261003-002104-scrim-g1basics/losses/NotLLeon.v3__Backslash__botA.bc24,NotLLeon.v3,0,B,v3,1,1703,CAPTURE,3600,15700,201,29,24,220,36,3,24,200,85,4,492,466,801,556,42.1,36,9,18,9,28.0,48,1,3,1,1,1.54,0,10.57,10.0,87,0,1,0,0.000,61,0,1,,23.2,0,0,212,1,0,0,1503,0,64
gauntlet/20261003-002104-scrim-g1basics/losses/NotLLeon.v3__Pancakes__botB.bc24,NotLLeon.v3,0,A,v3,1,406,CAPTURE,0,4600,205,31,7,252,22,3,13,137,58,10,81,77,55,39,47.7,22,7,9,6,21.4,46,4,8,0,0,2.38,1,9.18,5.7,70,1,1,1,1.000,13,2,0,,15.1,0,0,,0,0,0,141,0,12
gauntlet/20261003-002104-scrim-g1basics/losses/NotLLeon.v3__Pancakes__botB.bc24,NotLLeon.v3,1,B,g1basics,0,406,CAPTURE,0,4500,202,27,25,214,12,1,10,124,56,13,74,32,39,55,46.7,12,8,4,0,20.0,48,9,7,0,0,2.28,3,3.60,25.3,43,1,2,1,0.500,10,2,1,,22.8,0,0,208,0,106,5,8,11,1
gauntlet/20261003-002104-scrim-g1basics/losses/NotLLeon.v3__Gated__botB.bc24,NotLLeon.v3,0,A,v3,1,587,CAPTURE,1500,2200,208,17,14,226,35,3,23,247,105,6,82,78,110,97,46.1,35,6,20,9,19.0,39,0,6,0,0,5.44,0,10.15,8.9,1,0,,,,11,1,0,,16.2,0,0,392,1,0,0,387,0,15
gauntlet/20261003-002104-scrim-g1basics/losses/NotLLeon.v3__Gated__botB.bc24,NotLLeon.v3,1,B,g1basics,0,587,CAPTURE,1500,2600,202,19,3,217,6,0,6,32,11,23,72,40,97,110,45.5,6,6,0,0,22.2,37,20,6,0,0,3.71,3,7.84,23.5,76,2,1,1,1.000,18,5,1,,22.8,0,0,205,0,229,8,7,6,0
gauntlet/20261003-002104-scrim-g1basics/losses/Strequals.duck0127v5__Canals__botA.bc24,Strequals.duck0127v5,1,A,g1basics,0,783,CAPTURE,4600,4600,269,0,4,395,2,0,2,10,2,9,129,86,83,266,41.7,2,2,0,0,17.5,47,7,5,0,0,2.63,3,0.60,40.7,81,0,3,3,1.000,8,0,1,,20.6,0,0,1,0,626,15,25,2,0
gauntlet/20261003-002104-scrim-g1basics/losses/Strequals.duck0127v5__Canals__botA.bc24,Strequals.duck0127v5,0,B,duck0127v5,1,783,CAPTURE,4600,6100,203,22,17,233,12,3,9,160,76,2,307,252,266,83,47.4,12,5,7,0,29.9,46,0,2,0,0,2.30,0,12.82,28.9,1,0,,,,3,0,1,,24.6,0,0,,0,0,0,212,0,0
gauntlet/20261003-002104-scrim-g1basics/losses/NotLLeon.v3__Waterworld__botB.bc24,NotLLeon.v3,0,A,v3,1,2000,MORE_FLAG_CAPTURES,7600,8100,238,0,8,304,64,2,55,179,82,12,253,225,557,829,40.0,64,18,39,7,26.2,21,7,6,10,1,2.23,1,7.16,11.7,43,1,1,1,1.000,70,10,0,,22.6,0,0,574,1,0,0,1800,0,174
gauntlet/20261003-002104-scrim-g1basics/losses/NotLLeon.v3__Waterworld__botB.bc24,NotLLeon.v3,1,B,g1basics,0,2000,MORE_FLAG_CAPTURES,13900,17600,203,20,33,295,13,1,12,91,36,55,422,366,829,557,43.2,13,6,7,0,24.3,42,39,18,0,0,4.46,2,4.96,23.6,43,2,1,1,1.000,40,4,1,,22.5,0,0,1,0,476,15,23,13,0
gauntlet/20261003-002104-scrim-g1basics/losses/Strequals.duck0127v5__MazeRunner__botA.bc24,Strequals.duck0127v5,1,A,g1basics,0,1025,CAPTURE,2600,4400,207,22,19,267,20,2,17,352,161,7,127,67,125,175,45.8,20,14,6,0,26.9,27,6,4,0,0,0.63,3,3.55,29.6,188,2,3,3,1.000,15,0,1,,22.8,0,0,204,0,263,16,17,20,0
gauntlet/20261003-002104-scrim-g1basics/losses/Strequals.duck0127v5__MazeRunner__botA.bc24,Strequals.duck0127v5,0,B,duck0127v5,1,1025,CAPTURE,2600,6200,207,11,18,252,10,3,7,220,107,17,151,143,175,125,47.0,10,4,6,0,27.3,22,6,14,0,0,0.96,2,13.56,31.2,229,2,3,2,0.667,35,9,0,,21.6,0,0,,0,0,0,145,0,0
gauntlet/20261003-002104-scrim-g1basics/losses/Strequals.duck0127v5__Divergent__botB.bc24,Strequals.duck0127v5,0,A,duck0127v5,1,2000,LEVEL_SUM,2600,3000,203,9,24,216,2,0,2,6,2,27,512,470,542,266,46.8,2,2,0,0,40.0,33,9,18,0,0,3.92,0,0.67,32.0,13,0,,,,65,9,0,,22.3,0,0,,0,0,0,158,0,0
gauntlet/20261003-002104-scrim-g1basics/losses/Strequals.duck0127v5__Divergent__botB.bc24,Strequals.duck0127v5,1,B,g1basics,0,2000,LEVEL_SUM,3700,4300,203,18,24,307,27,0,27,164,65,2,265,198,266,542,43.4,27,18,9,0,24.4,47,0,2,4,0,1.17,0,4.95,30.8,0,0,,,,48,3,1,,24.3,0,0,1,0,542,70,21,26,3
gauntlet/20261003-002104-scrim-g1basics/losses/Strequals.duck0127v5__MIT__botB.bc24,Strequals.duck0127v5,0,A,duck0127v5,1,1592,CAPTURE,7200,41600,204,8,8,246,19,3,16,227,108,24,707,664,506,266,45.9,19,9,10,0,41.9,45,9,17,4,1,1.13,2,11.99,25.8,189,0,3,0,0.000,90,23,0,,25.0,2,0,,0,0,0,132,0,0
gauntlet/20261003-002104-scrim-g1basics/losses/Strequals.duck0127v5__MIT__botB.bc24,Strequals.duck0127v5,1,B,g1basics,0,1592,CAPTURE,7200,15600,203,24,13,238,26,2,24,325,138,16,348,290,266,506,42.2,26,17,9,0,24.1,49,10,9,3,2,1.49,3,2.88,32.7,156,1,3,2,0.667,59,8,1,,21.7,0,0,1,0,713,53,15,26,1
gauntlet/20261003-002104-scrim-g1basics/losses/andli28.v9_USQuals_angle__Battlecode24__botB.bc24,andli28.v9_USQuals_angle,0,A,v9_USQuals_angle,1,2000,LEVEL_SUM,12300,28300,206,14,12,278,27,1,26,113,37,7,714,672,714,388,45.3,27,12,15,0,23.8,32,2,6,8,0,0.71,1,3.50,11.2,71,1,1,1,1.000,129,12,0,1,25.1,18,0,846,1,0,0,375,0,0
gauntlet/20261003-002104-scrim-g1basics/losses/andli28.v9_USQuals_angle__Battlecode24__botB.bc24,andli28.v9_USQuals_angle,1,B,g1basics,0,2000,LEVEL_SUM,12400,14200,202,17,31,227,8,1,7,119,51,26,381,337,388,714,41.3,8,6,2,0,24.1,26,15,12,0,1,4.60,1,1.48,29.4,24,0,1,1,1.000,137,15,1,,22.8,0,0,38,0,1774,74,41,8,1
gauntlet/20261003-002104-scrim-g1basics/losses/andli28.v9_USQuals_angle__Canals__botA.bc24,andli28.v9_USQuals_angle,1,A,g1basics,0,1911,CAPTURE,4600,4800,231,0,0,0,0,0,0,0,0,68,322,316,400,1143,35.4,0,0,0,0,,46,51,20,0,0,3.73,3,0.00,35.3,200,3,7,1,0.143,128,111,1,,20.8,0,0,1,0,1670,46,24,0,0
gauntlet/20261003-002104-scrim-g1basics/losses/andli28.v9_USQuals_angle__Canals__botA.bc24,andli28.v9_USQuals_angle,0,B,v9_USQuals_angle,1,1911,CAPTURE,4600,5900,206,16,17,242,71,3,68,466,220,0,906,832,1143,400,44.9,71,20,51,0,24.4,41,0,0,38,2,0.00,0,4.96,11.4,,,,,,86,1,1,1,24.9,0,0,461,0,0,0,498,0,0
gauntlet/20261003-002104-scrim-g1basics/losses/Strequals.duck0127v5__Rainbow__botA.bc24,Strequals.duck0127v5,1,A,g1basics,0,1882,CAPTURE,6000,6000,201,14,10,261,16,1,15,201,102,13,320,268,389,632,41.8,16,13,3,0,25.5,47,8,8,0,1,1.52,3,4.11,31.8,123,0,3,3,1.000,65,11,1,,22.8,0,0,1,0,969,57,20,16,1
gauntlet/20261003-002104-scrim-g1basics/losses/Strequals.duck0127v5__Rainbow__botA.bc24,Strequals.duck0127v5,0,B,duck0127v5,1,1882,CAPTURE,6000,6000,201,35,39,262,16,3,13,207,130,15,640,611,632,389,45.0,16,8,8,0,31.4,37,3,13,6,2,1.78,1,10.86,29.7,70,0,4,1,0.250,88,17,1,,22.7,0,0,,0,0,0,138,0,0
gauntlet/20261003-002104-scrim-g1basics/losses/andli28.v9_USQuals_angle__EvilGrin__botB.bc24,andli28.v9_USQuals_angle,0,A,v9_USQuals_angle,1,1578,CAPTURE,2000,7200,205,13,11,243,22,3,19,176,76,0,629,565,691,295,45.4,22,10,12,0,24.8,42,0,0,11,2,0.00,0,3.88,10.2,,,,,,67,1,0,1,25.0,7,0,,1,0,0,494,0,0
gauntlet/20261003-002104-scrim-g1basics/losses/andli28.v9_USQuals_angle__EvilGrin__botB.bc24,andli28.v9_USQuals_angle,1,B,g1basics,0,1578,CAPTURE,2000,2000,205,11,20,315,0,0,0,0,0,19,217,208,295,691,39.3,0,0,0,0,,47,12,10,0,0,2.18,3,0.00,32.0,95,2,3,3,1.000,34,3,1,,22.8,0,0,20,0,899,13,22,0,0
gauntlet/20261003-002104-scrim-g1basics/losses/andrewgopher.player22__Digging__botB.bc24,andrewgopher.player22,0,A,player22,1,1642,CAPTURE,700,2900,205,32,24,237,27,3,21,194,78,1,479,456,1260,715,39.4,24,12,12,0,25.0,34,0,1,7,1,1.64,0,9.34,18.1,3,0,,,,55,5,0,0,25.1,79,0,,0,0,0,2,0,0
gauntlet/20261003-002104-scrim-g1basics/losses/andrewgopher.player22__Digging__botB.bc24,andrewgopher.player22,1,B,g1basics,0,1642,CAPTURE,700,2100,227,1,1,317,1,0,1,11,3,21,189,185,715,1260,31.4,1,1,0,0,11.0,46,12,12,0,0,2.56,3,1.73,36.8,94,2,2,2,1.000,140,145,1,,22.8,0,0,205,0,2245,4,10,1,0
gauntlet/20261003-002104-scrim-g1basics/losses/andli28.v9_USQuals_angle__HeMustBeFreed__botB.bc24,andli28.v9_USQuals_angle,0,A,v9_USQuals_angle,1,2000,MORE_FLAG_CAPTURES,2900,15600,201,34,32,261,13,2,10,1878,998,0,334,296,379,284,46.5,13,6,7,0,49.3,33,0,0,0,0,0.00,0,0.31,11.4,,,,,,68,0,1,0,25.0,3,0,,1,0,0,495,0,0
gauntlet/20261003-002104-scrim-g1basics/losses/andli28.v9_USQuals_angle__HeMustBeFreed__botB.bc24,andli28.v9_USQuals_angle,1,B,g1basics,0,2000,MORE_FLAG_CAPTURES,2900,6000,204,3,11,284,0,0,0,0,0,10,244,169,284,379,45.4,0,0,0,0,,26,7,6,0,0,0.24,2,0.00,16.2,1798,2,2,2,1.000,77,7,1,,22.8,0,0,81,0,307,31,15,0,0
gauntlet/20261003-002104-scrim-g1basics/losses/andli28.v9_USQuals_angle__Joker__botB.bc24,andli28.v9_USQuals_angle,0,A,v9_USQuals_angle,1,1362,CAPTURE,14500,23200,206,18,17,354,48,3,45,397,169,25,670,573,617,346,43.8,48,24,24,0,28.5,40,3,23,4,1,1.50,1,2.82,10.2,204,1,6,1,0.167,98,19,0,0,25.0,3,0,,1,0,0,194,0,0
gauntlet/20261003-002104-scrim-g1basics/losses/andli28.v9_USQuals_angle__Joker__botB.bc24,andli28.v9_USQuals_angle,1,B,g1basics,0,1362,CAPTURE,14500,18800,202,24,18,219,26,1,25,408,180,45,373,359,346,617,39.0,26,23,3,0,22.6,41,24,24,0,0,2.04,3,2.27,25.0,194,2,6,2,0.333,161,46,1,,21.1,0,0,1,0,1026,27,12,26,3
gauntlet/20261003-002104-scrim-g1basics/losses/andrewgopher.player22__StackGame__botB.bc24,andrewgopher.player22,0,A,player22,1,380,CAPTURE,4600,4600,205,29,26,214,8,3,2,123,58,0,91,58,95,89,44.8,5,4,1,0,14.0,44,0,0,0,0,0.00,0,10.93,20.6,,,,,,11,2,0,0,25.0,6,0,,0,0,0,2,0,0
gauntlet/20261003-002104-scrim-g1basics/losses/andrewgopher.player22__StackGame__botB.bc24,andrewgopher.player22,1,B,g1basics,0,380,CAPTURE,4600,4600,201,0,1,245,0,0,0,0,0,2,68,53,89,95,44.0,0,0,0,0,,46,1,4,0,0,4.25,3,0.00,38.5,43,0,2,2,1.000,8,4,1,,22.8,0,0,5,0,358,0,12,0,0
gauntlet/20261003-002104-scrim-g1basics/losses/andrewgopher.player22__ORV__botA.bc24,andrewgopher.player22,1,A,g1basics,0,1033,CAPTURE,3200,3200,206,0,0,439,1,0,1,48,21,5,140,92,463,350,41.8,1,1,0,0,6.0,43,2,6,0,0,2.19,3,3.71,26.7,89,1,3,3,1.000,26,5,1,,22.8,0,0,93,0,618,42,13,1,0
gauntlet/20261003-002104-scrim-g1basics/losses/andrewgopher.player22__ORV__botA.bc24,andrewgopher.player22,0,B,player22,1,1033,CAPTURE,3200,8000,204,36,27,235,11,3,5,163,76,1,185,180,350,463,39.0,8,6,2,0,20.2,47,0,1,0,0,1.00,0,5.54,11.5,30,0,1,0,0.000,99,32,0,0,25.1,14,0,,0,0,0,8,0,0
gauntlet/20261003-002104-scrim-g1basics/losses/andrewgopher.player22__Mountain__botA.bc24,andrewgopher.player22,1,A,g1basics,0,2000,MORE_FLAG_CAPTURES,4100,5000,209,0,1,334,2,0,2,49,24,9,265,228,1074,1094,36.7,2,2,0,0,13.5,47,9,2,0,0,4.18,2,0.00,38.9,48,0,2,1,0.500,93,44,1,,21.1,0,0,1,0,2372,23,22,2,1
gauntlet/20261003-002104-scrim-g1basics/losses/andrewgopher.player22__Mountain__botA.bc24,andrewgopher.player22,0,B,player22,1,2000,MORE_FLAG_CAPTURES,4100,5600,201,21,26,204,14,2,9,157,73,2,454,435,1094,1074,36.9,11,2,9,0,11.3,41,0,2,0,0,0.27,0,6.77,11.7,43,0,1,0,0.000,160,13,0,0,25.0,15,0,,0,0,0,1,0,0
gauntlet/20261003-002104-scrim-g1basics/losses/andli28.v9_USQuals_angle__Valentine__botA.bc24,andli28.v9_USQuals_angle,1,A,g1basics,0,2000,MORE_FLAG_CAPTURES,1800,2400,290,0,0,435,0,0,0,0,0,29,305,269,496,721,41.2,0,0,0,0,,47,17,13,0,0,3.53,1,0.00,21.8,55,0,1,1,1.000,107,10,1,,22.8,0,0,215,0,1174,65,15,0,0
gauntlet/20261003-002104-scrim-g1basics/losses/andli28.v9_USQuals_angle__Valentine__botA.bc24,andli28.v9_USQuals_angle,0,B,v9_USQuals_angle,1,2000,MORE_FLAG_CAPTURES,1800,6000,211,40,41,227,30,1,29,175,72,0,520,489,721,496,44.1,30,13,17,0,38.5,44,0,0,6,0,0.00,0,2.65,9.3,,,,,,168,3,0,1,25.0,2,0,,1,0,0,460,0,0
gauntlet/20261003-002104-scrim-g1basics/losses/chenyx512.flagbot_final__AceOfSpades__botB.bc24,chenyx512.flagbot_final,0,A,flagbot_final,1,715,CAPTURE,1800,19200,203,21,17,217,10,3,4,748,296,3,453,344,321,36,48.6,7,4,3,0,20.3,42,0,3,0,0,2.48,0,5.49,21.4,14,0,2,0,0.000,2,0,0,0,19.3,0,0,,1,0,0,483,0,0
gauntlet/20261003-002104-scrim-g1basics/losses/chenyx512.flagbot_final__AceOfSpades__botB.bc24,chenyx512.flagbot_final,1,B,g1basics,0,715,CAPTURE,1800,2400,202,33,19,226,3,0,3,54,25,4,93,70,36,321,39.4,3,3,0,0,17.0,45,3,4,0,0,1.15,3,1.87,44.1,81,0,3,3,1.000,25,3,1,,21.2,0,0,1,0,864,14,18,3,0
gauntlet/20261003-002104-scrim-g1basics/losses/chenyx512.flagbot_final__Skyline__botB.bc24,chenyx512.flagbot_final,0,A,flagbot_final,1,733,CAPTURE,21600,21600,205,16,16,261,11,3,5,726,307,2,377,298,196,56,48.0,8,3,5,0,18.2,47,0,5,0,0,0.41,2,7.88,22.6,86,2,2,2,1.000,6,2,0,0,18.9,0,0,671,1,0,0,259,0,0
gauntlet/20261003-002104-scrim-g1basics/losses/chenyx512.flagbot_final__Skyline__botB.bc24,chenyx512.flagbot_final,1,B,g1basics,0,733,CAPTURE,21600,21600,201,32,23,207,5,2,2,107,52,5,255,230,56,196,43.6,5,5,0,0,27.5,47,5,3,0,0,1.44,3,2.67,36.4,85,0,3,3,1.000,28,1,1,,19.6,0,0,1,0,665,9,34,5,0
gauntlet/20261003-002104-scrim-g1basics/losses/chenyx512.flagbot_final__Racetrack__botA.bc24,chenyx512.flagbot_final,1,A,g1basics,0,1074,CAPTURE,0,0,202,19,15,462,17,1,16,184,83,14,80,67,97,420,40.4,17,13,4,0,33.6,23,10,7,0,0,1.26,3,3.54,28.6,164,3,3,3,1.000,74,39,1,,20.7,0,0,1,0,899,20,43,324,0
gauntlet/20261003-002104-scrim-g1basics/losses/chenyx512.flagbot_final__Racetrack__botA.bc24,chenyx512.flagbot_final,0,B,flagbot_final,1,1074,CAPTURE,0,0,208,26,27,274,20,3,14,823,254,16,115,108,420,97,47.7,17,7,10,0,26.1,19,4,13,0,0,3.15,1,7.55,24.5,64,0,2,1,0.500,15,4,0,0,19.4,0,0,482,1,0,0,286,0,0
gauntlet/20261003-002104-scrim-g1basics/losses/chenyx512.flagbot_final__Swoop__botA.bc24,chenyx512.flagbot_final,1,A,g1basics,0,701,CAPTURE,4300,4300,201,27,20,223,16,0,15,218,100,11,94,80,36,174,43.9,16,14,2,0,28.3,47,4,10,0,0,1.09,3,5.12,28.0,129,3,3,3,1.000,40,10,1,,20.6,0,0,1,0,635,12,22,16,3
gauntlet/20261003-002104-scrim-g1basics/losses/chenyx512.flagbot_final__Swoop__botA.bc24,chenyx512.flagbot_final,0,B,flagbot_final,1,701,CAPTURE,4300,4300,201,25,12,222,17,3,11,770,325,15,161,141,174,36,48.6,14,10,4,0,29.1,43,2,14,0,0,2.94,0,5.39,18.6,59,0,2,0,0.000,2,1,1,1,19.2,0,0,,1,0,0,206,0,0
gauntlet/20261003-002104-scrim-g1basics/losses/hsmalladi.finalbot__AceOfSpades__botA.bc24,hsmalladi.finalbot,1,A,g1basics,0,654,CAPTURE,1800,4800,202,20,19,234,12,1,10,265,124,25,111,106,159,163,44.0,12,11,1,0,22.6,44,19,9,0,0,2.39,3,5.26,31.3,157,2,6,2,0.333,43,8,1,,22.8,0,0,34,0,749,1,14,12,1
gauntlet/20261003-002104-scrim-g1basics/losses/hsmalladi.finalbot__AceOfSpades__botA.bc24,hsmalladi.finalbot,0,B,finalbot,1,654,CAPTURE,1800,16800,211,37,20,224,38,3,25,932,252,10,236,227,163,159,44.2,35,9,19,7,12.4,44,1,11,0,0,1.50,1,5.27,10.9,94,1,4,1,0.250,50,28,0,,25.1,136,0,,0,1,0,4,0,0
gauntlet/20261003-002104-scrim-g1basics/losses/hsmalladi.finalbot__ORV__botB.bc24,hsmalladi.finalbot,0,A,finalbot,1,605,CAPTURE,3200,7400,208,23,27,267,50,3,43,884,249,1,125,116,138,153,43.8,47,7,39,1,16.5,48,0,2,0,0,1.82,1,7.06,13.1,92,0,2,1,0.500,27,16,0,,25.1,88,0,,0,1,0,53,0,0
gauntlet/20261003-002104-scrim-g1basics/losses/hsmalladi.finalbot__ORV__botB.bc24,hsmalladi.finalbot,1,B,g1basics,0,605,CAPTURE,3200,3800,205,2,7,217,2,1,1,157,77,43,98,60,153,138,44.6,2,2,0,0,29.0,47,39,7,0,0,4.96,3,6.94,24.9,57,1,3,1,0.333,14,5,1,,22.8,0,0,98,0,242,2,10,2,0
gauntlet/20261003-002104-scrim-g1basics/losses/hsmalladi.finalbot__Fountain__botB.bc24,hsmalladi.finalbot,0,A,finalbot,1,668,CAPTURE,1500,2000,223,6,24,301,31,3,18,830,300,2,49,43,119,131,45.2,28,6,15,7,13.9,45,0,3,0,0,0.58,1,11.24,21.2,131,1,2,1,0.500,25,9,0,,25.1,94,0,,0,0,0,3,0,0
gauntlet/20261003-002104-scrim-g1basics/losses/hsmalladi.finalbot__Fountain__botB.bc24,hsmalladi.finalbot,1,B,g1basics,0,668,CAPTURE,1700,3100,208,14,27,302,3,1,2,165,81,18,66,53,131,119,45.8,3,3,0,0,20.5,49,15,6,0,0,2.81,3,7.07,20.7,86,3,3,0,0.000,17,4,1,,22.8,0,0,213,0,469,7,17,3,0
gauntlet/20261003-002104-scrim-g1basics/losses/chenyx512.flagbot_final__Divergent__botB.bc24,chenyx512.flagbot_final,0,A,flagbot_final,1,2000,MORE_FLAG_CAPTURES,3700,3700,204,22,24,219,9,1,5,703,299,13,578,526,866,213,47.4,6,4,2,0,25.2,41,0,13,1,1,2.49,0,5.15,23.7,28,0,1,0,0.000,30,0,0,0,23.1,0,0,,0,0,0,1227,0,0
gauntlet/20261003-002104-scrim-g1basics/losses/chenyx512.flagbot_final__Divergent__botB.bc24,chenyx512.flagbot_final,1,B,g1basics,0,2000,MORE_FLAG_CAPTURES,3700,3700,203,20,25,228,13,0,13,165,74,5,261,213,213,866,39.5,13,13,0,0,25.8,46,2,4,0,0,1.32,1,2.15,31.3,76,1,1,1,1.000,98,20,1,,21.7,0,0,1,0,2025,88,70,104,2
gauntlet/20261003-002104-scrim-g1basics/losses/chenyx512.flagbot_final__Tunnels__botB.bc24,chenyx512.flagbot_final,0,A,flagbot_final,1,2000,MORE_FLAG_CAPTURES,2400,3600,203,0,2,355,7,1,3,622,241,0,458,389,502,395,45.2,4,2,2,0,16.3,38,0,0,2,1,0.00,0,3.68,55.7,,,,,,1,0,0,0,18.8,0,0,,0,2,2,1800,0,0
gauntlet/20261003-002104-scrim-g1basics/losses/chenyx512.flagbot_final__Tunnels__botB.bc24,chenyx512.flagbot_final,1,B,g1basics,0,2000,MORE_FLAG_CAPTURES,2400,3000,210,0,0,0,0,0,0,0,0,3,209,174,395,502,43.9,0,0,0,0,,33,2,2,0,0,1.00,1,0.00,41.9,17,1,,,,8,7,1,,21.5,0,0,1,0,758,21,17,0,0
gauntlet/20261003-002104-scrim-g1basics/losses/jmerle.camel_case_v21_final__Battlecode24__botA.bc24,jmerle.camel_case_v21_final,1,A,g1basics,0,537,CAPTURE,12400,16700,203,7,4,275,2,0,2,8,1,5,193,175,138,139,43.8,2,1,1,0,16.0,29,4,4,0,0,0.88,3,2.88,41.7,87,1,3,3,1.000,22,0,1,,19.2,0,0,1,0,372,7,20,2,0
gauntlet/20261003-002104-scrim-g1basics/losses/jmerle.camel_case_v21_final__Battlecode24__botA.bc24,jmerle.camel_case_v21_final,0,B,camel_case_v21_final,1,537,CAPTURE,9600,24600,202,27,36,276,8,3,5,134,64,2,303,286,139,138,43.8,8,4,4,0,23.2,33,1,1,0,0,2.63,0,6.66,12.8,1,0,,,,44,4,0,,21.3,0,0,,0,0,0,1,0,0
gauntlet/20261003-002104-scrim-g1basics/losses/hsmalladi.finalbot__HeMustBeFreed__botB.bc24,hsmalladi.finalbot,0,A,finalbot,1,1923,CAPTURE,5900,13900,201,43,39,258,39,3,23,1078,259,21,331,328,503,420,44.6,36,7,19,10,44.3,44,0,22,1,1,0.34,1,5.40,11.7,860,1,16,1,0.063,98,31,1,,25.0,61,0,,0,1,0,55,0,0
gauntlet/20261003-002104-scrim-g1basics/losses/hsmalladi.finalbot__HeMustBeFreed__botB.bc24,hsmalladi.finalbot,1,B,g1basics,0,1923,CAPTURE,3000,3900,201,3,9,312,22,1,21,1123,534,23,235,167,420,503,43.6,22,22,0,0,42.9,21,19,7,0,0,2.02,3,1.07,18.4,322,3,4,3,0.750,123,0,1,,22.8,0,0,81,0,473,15,11,22,6
gauntlet/20261003-002104-scrim-g1basics/losses/jmerle.camel_case_v21_final__Swoop__botA.bc24,jmerle.camel_case_v21_final,1,A,g1basics,0,422,CAPTURE,4300,4300,201,8,7,234,6,0,6,55,24,5,66,51,68,97,44.4,6,5,1,0,23.2,47,2,6,0,0,1.28,3,0.98,35.5,117,1,3,3,1.000,16,3,1,,20.1,0,0,1,0,294,10,11,6,1
gauntlet/20261003-002104-scrim-g1basics/losses/jmerle.camel_case_v21_final__Swoop__botA.bc24,jmerle.camel_case_v21_final,0,B,camel_case_v21_final,1,422,CAPTURE,4300,4300,201,32,14,211,8,3,5,188,91,6,93,89,97,68,46.1,8,6,2,0,29.8,50,1,5,0,0,2.80,0,6.87,3.4,22,0,,,,28,1,1,,23.0,0,0,,0,0,0,1,0,4
gauntlet/20261003-002104-scrim-g1basics/losses/hsmalladi.finalbot__WheresMyWater__botB.bc24,hsmalladi.finalbot,0,A,finalbot,1,1811,CAPTURE,3000,5400,201,12,15,201,56,3,48,855,221,4,332,322,786,827,38.9,53,14,37,2,18.0,43,0,5,16,1,0.61,1,5.90,7.8,158,1,2,1,0.500,89,40,1,,25.0,48,0,,0,1,0,4,0,0
gauntlet/20261003-002104-scrim-g1basics/losses/hsmalladi.finalbot__WheresMyWater__botB.bc24,hsmalladi.finalbot,1,B,g1basics,0,1811,CAPTURE,3000,3900,201,4,21,276,5,1,4,216,47,48,363,326,827,786,39.5,5,5,0,0,22.8,46,37,14,0,0,3.72,3,3.06,24.9,75,1,1,0,0.000,74,31,1,,20.8,0,0,1,0,1851,44,12,5,0
gauntlet/20261003-002104-scrim-g1basics/losses/jmerle.camel_case_v21_final__Canals__botA.bc24,jmerle.camel_case_v21_final,1,A,g1basics,0,522,CAPTURE,4600,4800,299,0,1,471,0,0,0,0,0,5,97,69,131,188,41.2,0,0,0,0,,47,3,5,0,0,1.38,3,0.00,39.7,76,1,3,2,0.667,13,2,1,,19.9,0,0,1,0,426,1,24,0,0
gauntlet/20261003-002104-scrim-g1basics/losses/jmerle.camel_case_v21_final__Canals__botA.bc24,jmerle.camel_case_v21_final,0,B,camel_case_v21_final,1,522,CAPTURE,4600,5800,202,40,42,211,8,3,5,161,79,0,149,147,188,131,44.2,8,5,3,0,27.8,49,0,0,0,0,0.00,0,6.69,4.7,,,,,,25,0,1,,22.2,0,0,,0,0,0,1,0,0
gauntlet/20261003-002104-scrim-g1basics/losses/jmerle.camel_case_v21_final__StackGame__botA.bc24,jmerle.camel_case_v21_final,1,A,g1basics,0,386,CAPTURE,4600,4600,265,0,2,290,2,0,1,29,12,5,74,53,93,86,44.7,2,2,0,0,17.0,44,2,6,0,0,1.44,3,7.69,42.5,71,1,2,2,1.000,7,3,1,,22.8,0,0,5,0,316,2,15,2,0
gauntlet/20261003-002104-scrim-g1basics/losses/jmerle.camel_case_v21_final__StackGame__botA.bc24,jmerle.camel_case_v21_final,0,B,camel_case_v21_final,1,386,CAPTURE,4600,4600,201,37,29,221,8,3,5,108,53,1,96,93,86,93,44.6,8,6,2,0,19.0,47,0,2,0,0,1.28,0,7.07,6.9,14,0,,,,15,4,0,,21.7,0,0,,0,0,0,1,0,0
gauntlet/20261003-002104-scrim-g1basics/losses/jmerle.camel_case_v21_final__Fountain__botA.bc24,jmerle.camel_case_v21_final,1,A,g1basics,0,452,CAPTURE,1700,2700,209,0,9,279,6,1,5,90,39,3,43,33,115,120,43.6,6,3,3,0,13.0,46,2,4,0,0,0.72,3,4.46,30.3,106,1,3,3,1.000,33,7,1,,22.8,0,0,211,0,304,10,22,6,1
gauntlet/20261003-002104-scrim-g1basics/losses/jmerle.camel_case_v21_final__Fountain__botA.bc24,jmerle.camel_case_v21_final,0,B,camel_case_v21_final,1,452,CAPTURE,1300,2300,210,27,31,238,6,3,3,149,74,5,43,43,120,115,44.0,6,4,2,0,23.3,39,3,3,0,0,1.72,1,9.29,3.7,39,1,1,1,1.000,38,8,0,,22.0,0,0,,0,0,0,2,0,0
gauntlet/20261003-002104-scrim-g1basics/losses/jmerle.camel_case_v21_final__YearOfTheDragon__botA.bc24,jmerle.camel_case_v21_final,1,A,g1basics,0,669,CAPTURE,10800,10800,201,10,6,356,2,0,1,20,9,6,173,135,215,230,41.8,2,2,0,0,17.0,47,4,5,0,0,1.10,3,4.00,43.5,103,2,3,3,1.000,21,7,1,,20.0,0,0,1,0,545,6,52,2,0
gauntlet/20261003-002104-scrim-g1basics/losses/jmerle.camel_case_v21_final__YearOfTheDragon__botA.bc24,jmerle.camel_case_v21_final,0,B,camel_case_v21_final,1,669,CAPTURE,10800,10800,201,20,21,214,9,3,6,144,69,1,234,226,230,215,42.4,9,5,4,0,21.5,46,0,2,0,0,2.90,0,6.23,6.2,6,0,,,,45,5,1,,22.1,0,0,,0,0,0,1,0,0
gauntlet/20261003-002104-scrim-g1basics/losses/quesswho.cretplayer2_3__AceOfSpades__botA.bc24,quesswho.cretplayer2_3,1,A,g1basics,0,635,CAPTURE,1800,4500,202,19,13,241,16,1,13,422,195,6,111,72,129,98,46.2,16,16,0,0,19.2,44,4,5,0,0,0.85,3,5.48,26.0,232,1,3,3,1.000,35,20,1,,22.8,0,0,33,0,343,5,20,16,1
gauntlet/20261003-002104-scrim-g1basics/losses/quesswho.cretplayer2_3__AceOfSpades__botA.bc24,quesswho.cretplayer2_3,0,B,cretplayer2_3,1,635,CAPTURE,1800,17100,202,34,40,227,12,3,6,909,151,13,234,214,98,129,44.5,9,5,4,0,20.2,42,0,16,0,0,1.38,1,23.05,20.8,238,1,6,1,0.167,58,36,0,0,25.1,3,0,17,1,0,0,222,0,174
gauntlet/20261003-002104-scrim-g1basics/losses/winkelmantanner.waffle__Islands__botB.bc24,winkelmantanner.waffle,0,A,waffle,1,635,CAPTURE,5800,5800,201,36,14,216,42,3,39,228,100,0,124,116,122,215,42.0,42,9,33,0,14.8,43,0,1,0,0,0.12,1,5.78,9.8,46,1,1,1,1.000,48,15,1,,10.4,0,0,,0,21,21,435,0,0
gauntlet/20261003-002104-scrim-g1basics/losses/winkelmantanner.waffle__Islands__botB.bc24,winkelmantanner.waffle,1,B,g1basics,0,635,CAPTURE,5800,5800,201,5,8,231,1,1,0,52,26,39,107,68,215,122,45.4,1,1,0,0,,47,33,9,0,0,5.96,3,1.88,26.9,30,1,,,,15,2,1,,20.6,0,0,1,0,437,8,9,1,0
gauntlet/20261003-002104-scrim-g1basics/losses/kyleezz.jeeryfix3__Backslash__botB.bc24,kyleezz.jeeryfix3,0,A,jeeryfix3,1,1721,CAPTURE,4700,18800,201,30,6,214,18,3,15,130,74,8,329,326,478,1334,31.1,18,11,7,0,33.5,49,2,8,2,1,0.54,2,5.98,8.4,283,0,4,2,0.500,227,136,0,1,24.9,0,0,15,1,0,0,8,0,0
gauntlet/20261003-002104-scrim-g1basics/losses/kyleezz.jeeryfix3__Backslash__botB.bc24,kyleezz.jeeryfix3,1,B,g1basics,0,1721,CAPTURE,4700,12400,201,27,21,229,10,2,8,348,165,15,418,375,1334,478,43.3,10,8,2,0,25.5,48,7,11,2,2,1.20,3,12.10,23.8,86,1,3,3,1.000,88,24,1,,21.1,0,0,1,0,847,38,17,10,0
gauntlet/20261003-002104-scrim-g1basics/losses/quesswho.cretplayer2_3__ORV__botA.bc24,quesswho.cretplayer2_3,1,A,g1basics,0,1019,CAPTURE,3200,6500,206,9,6,244,2,0,2,25,11,31,162,89,303,413,40.1,2,2,0,0,24.0,46,30,4,0,0,5.33,3,0.36,32.7,192,1,10,3,0.300,40,13,1,,22.8,0,0,101,0,485,21,16,2,0
gauntlet/20261003-002104-scrim-g1basics/losses/quesswho.cretplayer2_3__ORV__botA.bc24,quesswho.cretplayer2_3,0,B,cretplayer2_3,1,1019,CAPTURE,3200,4700,204,18,32,222,37,3,31,1567,403,2,177,170,413,303,42.3,34,4,30,0,17.5,35,0,2,0,0,1.20,0,23.17,24.2,9,0,,,,32,32,0,1,25.1,43,0,10,1,0,0,818,0,546
gauntlet/20261003-002104-scrim-g1basics/losses/kyleezz.jeeryfix3__Intercontinental__botB.bc24,kyleezz.jeeryfix3,0,A,jeeryfix3,1,1466,CAPTURE,2400,6000,201,23,16,218,39,3,36,176,98,10,113,112,376,1113,31.6,39,8,31,0,17.0,48,2,9,11,1,2.56,1,3.34,7.3,31,0,1,1,1.000,253,188,1,0,24.9,0,0,3,1,0,0,7,0,0
gauntlet/20261003-002104-scrim-g1basics/losses/kyleezz.jeeryfix3__Intercontinental__botB.bc24,kyleezz.jeeryfix3,1,B,g1basics,0,1466,CAPTURE,2400,3000,201,0,10,328,11,1,10,85,37,36,218,161,1113,376,43.7,11,9,2,0,20.5,41,31,8,1,1,4.01,3,3.88,18.9,57,2,1,1,1.000,60,8,1,,20.5,0,0,1,0,543,40,14,11,3
gauntlet/20261003-002104-scrim-g1basics/losses/winkelmantanner.waffle__Puzzle__botA.bc24,winkelmantanner.waffle,1,A,g1basics,0,900,CAPTURE,0,10800,207,10,7,256,9,2,7,276,125,37,201,175,361,168,45.5,9,8,1,0,21.9,46,29,11,0,0,2.75,3,2.89,23.6,184,1,5,1,0.200,53,19,0,,22.8,0,0,253,0,537,5,25,9,5
gauntlet/20261003-002104-scrim-g1basics/losses/winkelmantanner.waffle__Puzzle__botA.bc24,winkelmantanner.waffle,0,B,waffle,1,900,CAPTURE,0,12000,206,33,21,242,40,3,37,414,189,7,203,201,168,361,40.2,40,11,29,0,27.6,40,1,8,0,0,1.09,2,3.79,11.0,163,2,5,2,0.400,153,64,0,,10.6,0,0,,0,2,0,700,0,0
gauntlet/20261003-002104-scrim-g1basics/losses/winkelmantanner.waffle__Soccer__botB.bc24,winkelmantanner.waffle,0,A,waffle,1,836,CAPTURE,3000,3200,202,25,25,239,40,3,37,431,191,6,141,138,189,333,40.5,40,7,33,0,27.3,32,2,6,0,0,1.08,2,5.77,10.6,142,0,3,2,0.667,97,77,0,,10.6,0,0,,0,8,8,429,0,0
gauntlet/20261003-002104-scrim-g1basics/losses/winkelmantanner.waffle__Soccer__botB.bc24,winkelmantanner.waffle,1,B,g1basics,0,836,CAPTURE,3000,3000,260,0,1,273,8,2,6,247,112,37,172,147,333,189,44.6,8,6,2,0,28.5,35,33,7,0,0,1.97,3,4.29,24.4,223,2,5,2,0.400,58,46,0,,24.0,0,0,381,0,606,2,10,8,0
gauntlet/20261003-002104-scrim-g1basics/replays/ColtG5.Goob_final__EvilGrin__botA.bc24,ColtG5.Goob_final,1,A,g1basics,1,1843,CAPTURE,2000,3600,210,2,3,321,11,3,8,282,146,5,377,292,1479,469,43.8,11,4,7,0,21.5,46,2,3,7,3,7.52,0,7.99,24.0,1,0,,,,49,0,1,,20.8,0,0,1,0,308,29,12,9,0
gauntlet/20261003-002104-scrim-g1basics/replays/ColtG5.Goob_final__EvilGrin__botA.bc24,ColtG5.Goob_final,0,B,Goob_final,0,1843,CAPTURE,2000,6200,204,32,29,234,5,0,5,21,7,8,242,236,469,1479,30.6,5,3,2,0,18.4,47,7,4,0,0,1.91,3,11.00,15.8,157,1,4,2,0.500,205,218,0,0,17.0,0,0,,0,0,0,1493,0,0
gauntlet/20261003-002104-scrim-g1basics/losses/winkelmantanner.waffle__Tunnels__botB.bc24,winkelmantanner.waffle,0,A,waffle,1,841,CAPTURE,2400,2400,213,2,3,315,21,3,18,91,38,0,105,91,106,324,40.8,21,6,15,0,13.3,19,0,0,0,0,0.00,0,7.58,11.4,,,,,,28,8,0,,12.0,0,0,,0,35,10,641,0,0
gauntlet/20261003-002104-scrim-g1basics/losses/winkelmantanner.waffle__Tunnels__botB.bc24,winkelmantanner.waffle,1,B,g1basics,0,841,CAPTURE,2400,4200,203,0,0,358,0,0,0,0,0,18,110,75,324,106,46.9,0,0,0,0,,34,15,6,0,0,6.47,3,0.00,39.1,14,0,1,1,1.000,14,1,1,,20.6,0,0,1,0,580,10,19,0,0
gauntlet/20261003-002104-scrim-g1basics/replays/ColtG5.Goob_final__Swoop__botB.bc24,ColtG5.Goob_final,0,A,Goob_final,0,1560,CAPTURE,4300,4300,201,23,22,215,21,2,19,263,119,3,214,213,482,1102,32.9,21,10,11,0,23.5,45,0,6,1,0,1.07,3,5.63,11.6,178,2,4,3,0.750,303,207,1,1,16.0,0,0,,0,0,0,471,0,0
gauntlet/20261003-002104-scrim-g1basics/replays/ColtG5.Goob_final__Swoop__botB.bc24,ColtG5.Goob_final,1,B,g1basics,1,1560,CAPTURE,4300,4300,201,8,26,290,6,3,3,277,132,19,439,371,1102,482,42.5,6,6,0,0,29.3,47,11,10,0,1,2.03,2,7.54,19.7,148,0,5,2,0.400,112,16,1,,20.6,0,0,1,0,900,20,12,6,0
gauntlet/20261003-002104-scrim-g1basics/replays/ColtG5.Goob_final__Gated__botA.bc24,ColtG5.Goob_final,1,A,g1basics,1,1757,CAPTURE,1500,1900,324,0,0,332,5,3,2,283,136,23,356,280,1207,449,43.8,5,4,1,0,15.5,41,11,13,1,2,2.33,1,8.20,19.6,59,1,1,1,1.000,83,16,1,,22.8,0,0,125,0,782,24,13,5,0
gauntlet/20261003-002104-scrim-g1basics/replays/ColtG5.Goob_final__Gated__botA.bc24,ColtG5.Goob_final,0,B,Goob_final,0,1757,CAPTURE,1500,2900,203,40,31,222,24,1,23,169,71,2,210,206,449,1207,33.4,24,13,11,0,19.3,40,1,4,2,0,0.57,3,6.75,10.7,212,1,4,3,0.750,313,220,0,0,15.5,0,0,,0,0,0,1111,0,0
gauntlet/20261003-002104-scrim-g1basics/replays/ColtG5.Goob_final__SteamboatMickey__botB.bc24,ColtG5.Goob_final,0,A,Goob_final,0,1840,CAPTURE,7200,18900,201,11,19,201,3,2,1,93,46,5,451,447,579,1150,34.7,3,2,1,0,24.0,47,3,5,0,0,1.01,3,5.37,12.6,182,0,6,3,0.500,279,135,1,1,19.3,0,0,,0,0,0,1076,0,0
gauntlet/20261003-002104-scrim-g1basics/replays/ColtG5.Goob_final__SteamboatMickey__botB.bc24,ColtG5.Goob_final,1,B,g1basics,1,1840,CAPTURE,7300,7600,201,17,11,201,8,3,5,272,141,1,453,401,1150,579,42.3,8,5,3,0,23.4,45,1,2,2,2,0.78,2,4.96,23.5,64,1,2,2,1.000,123,9,1,,21.4,0,0,1,0,1238,37,16,8,0
gauntlet/20261003-002104-scrim-g1basics/replays/CyrilSharma.finalBot__Racetrack__botB.bc24,CyrilSharma.finalBot,0,A,finalBot,0,2000,LEVEL_SUM,0,0,205,2,0,448,10,2,8,135,61,5,284,282,544,823,40.0,10,3,7,0,28.6,28,4,3,1,1,1.30,2,5.61,43.2,105,1,3,2,0.667,48,7,0,,25.1,18,0,948,1,0,0,16,0,0
gauntlet/20261003-002104-scrim-g1basics/replays/CyrilSharma.finalBot__Racetrack__botB.bc24,CyrilSharma.finalBot,1,B,g1basics,1,2000,LEVEL_SUM,0,0,204,3,22,343,7,2,5,145,69,8,256,172,823,544,43.4,7,3,4,0,24.8,27,7,3,0,0,2.01,2,5.99,30.8,86,1,2,2,1.000,12,3,1,,22.8,0,0,96,0,437,22,13,7,0
gauntlet/20261003-002104-scrim-g1basics/replays/Gymhgy.v10official__Decision__botB.bc24,Gymhgy.v10official,0,A,v10official,0,752,CAPTURE,1900,1900,202,27,34,252,47,1,2,783,88,12,101,81,115,44,48.6,44,4,1,39,17.0,31,2,13,0,0,0.87,3,11.84,3.9,574,3,8,3,0.375,24,10,0,,25.1,104,0,,0,0,0,0,0,0
gauntlet/20261003-002104-scrim-g1basics/replays/Gymhgy.v10official__Decision__botB.bc24,Gymhgy.v10official,1,B,g1basics,1,752,CAPTURE,1900,1900,202,16,21,288,15,3,12,688,331,2,66,43,44,115,46.2,15,13,2,0,41.5,40,1,4,0,0,0.63,1,1.64,16.0,162,1,,,,38,4,1,,22.8,0,0,26,0,186,4,10,15,1
gauntlet/20261003-002104-scrim-g1basics/replays/SampleProvider.TSPAARKSPRINT1__QuestionableChess__botB.bc24,SampleProvider.TSPAARKSPRINT1,0,A,TSPAARKSPRINT1,0,677,CAPTURE,0,0,201,3,17,263,6,0,3,407,117,17,12,10,45,119,45.8,3,3,0,0,23.7,40,3,17,0,0,2.52,3,0.44,9.5,154,1,9,3,0.333,53,32,0,0,21.0,0,0,,0,0,0,305,0,0
gauntlet/20261003-002104-scrim-g1basics/replays/SampleProvider.TSPAARKSPRINT1__QuestionableChess__botB.bc24,SampleProvider.TSPAARKSPRINT1,1,B,g1basics,1,677,CAPTURE,0,0,203,24,18,208,20,3,17,407,192,3,71,24,119,45,48.5,20,17,3,0,17.9,40,0,3,0,0,2.33,0,5.35,30.8,0,0,,,,9,0,1,,18.8,0,0,1,0,150,20,18,19,0
gauntlet/20261003-002104-scrim-g1basics/replays/SampleProvider.TSPAARKSPRINT1__Snake__botB.bc24,SampleProvider.TSPAARKSPRINT1,0,A,TSPAARKSPRINT1,0,1345,CAPTURE,13100,28200,203,28,21,223,46,2,41,790,272,46,196,192,196,434,42.0,43,16,27,0,25.9,39,7,42,0,0,1.89,3,9.84,13.9,625,3,15,3,0.200,159,101,0,0,24.1,0,0,,1,0,0,304,0,0
gauntlet/20261003-002104-scrim-g1basics/replays/SampleProvider.TSPAARKSPRINT1__Snake__botB.bc24,SampleProvider.TSPAARKSPRINT1,1,B,g1basics,1,1345,CAPTURE,13100,30100,204,36,35,231,49,3,46,1122,542,41,473,386,434,196,46.4,49,42,7,0,34.2,42,27,16,1,1,2.11,2,6.57,23.8,141,1,6,2,0.333,43,6,1,,22.8,0,0,212,0,736,43,33,46,2
gauntlet/20261003-002104-scrim-g1basics/replays/SampleProvider.TSPAARKSPRINT1__Soccer__botB.bc24,SampleProvider.TSPAARKSPRINT1,0,A,TSPAARKSPRINT1,0,1282,CAPTURE,3000,3200,202,14,21,335,83,0,80,878,286,14,99,95,156,446,41.6,80,32,48,0,25.0,33,3,14,1,0,1.17,3,9.44,12.3,281,2,5,3,0.600,168,99,0,0,23.2,0,0,,1,1,0,827,0,0
gauntlet/20261003-002104-scrim-g1basics/replays/SampleProvider.TSPAARKSPRINT1__Soccer__botB.bc24,SampleProvider.TSPAARKSPRINT1,1,B,g1basics,1,1282,CAPTURE,3000,3000,207,5,21,268,17,3,14,460,216,80,213,164,446,156,47.0,17,14,3,0,33.9,31,48,32,2,1,3.12,0,5.00,23.8,86,0,4,0,0.000,40,5,0,,22.8,0,0,269,0,898,20,29,17,0
gauntlet/20261003-002104-scrim-g1basics/replays/SampleProvider.TSPAARKSPRINT1__Waterworld__botA.bc24,SampleProvider.TSPAARKSPRINT1,1,A,g1basics,1,1010,CAPTURE,13900,20300,207,32,37,244,47,3,44,600,275,19,305,237,354,86,47.9,47,23,24,0,27.6,43,9,10,0,0,2.53,0,8.10,27.5,4,0,1,0,0.000,6,0,1,,22.8,0,0,211,0,347,13,10,46,0
gauntlet/20261003-002104-scrim-g1basics/replays/SampleProvider.TSPAARKSPRINT1__Waterworld__botA.bc24,SampleProvider.TSPAARKSPRINT1,0,B,TSPAARKSPRINT1,0,1010,CAPTURE,13900,15900,203,27,4,245,22,0,19,519,142,44,31,28,86,354,41.3,19,10,9,0,22.7,33,24,23,0,0,4.26,3,5.67,14.2,204,3,6,2,0.333,130,97,0,0,22.5,0,0,,1,0,0,162,0,0
gauntlet/20261003-002104-scrim-g1basics/replays/SampleProvider.TSPAARKSPRINT1__WheresMyWater__botA.bc24,SampleProvider.TSPAARKSPRINT1,1,A,g1basics,1,944,CAPTURE,3000,3300,201,6,15,201,16,3,13,440,209,44,132,106,349,88,47.7,16,15,1,0,17.2,43,29,16,0,0,5.80,1,4.84,25.2,12,1,1,0,0.000,19,5,1,,20.9,0,0,1,0,885,26,27,16,1
gauntlet/20261003-002104-scrim-g1basics/replays/SampleProvider.TSPAARKSPRINT1__WheresMyWater__botA.bc24,SampleProvider.TSPAARKSPRINT1,0,B,TSPAARKSPRINT1,0,944,CAPTURE,3000,6000,201,14,5,201,48,1,44,656,204,13,48,41,88,349,41.0,45,16,29,0,14.1,44,1,15,0,0,2.75,3,10.83,11.5,152,0,9,1,0.111,92,51,0,1,23.8,0,0,,1,0,0,382,0,0
gauntlet/20261003-002104-scrim-g1basics/replays/SampleProvider.TSPAARKSPRINT1__Foxes__botB.bc24,SampleProvider.TSPAARKSPRINT1,0,A,TSPAARKSPRINT1,0,2000,MORE_FLAG_CAPTURES,7500,7500,202,22,16,262,10,0,7,427,82,119,123,120,274,725,41.0,7,4,3,0,33.6,32,31,91,0,0,2.09,1,3.71,10.6,1358,1,31,1,0.032,292,200,0,0,21.2,0,0,,0,1,0,338,0,0
gauntlet/20261003-002104-scrim-g1basics/replays/SampleProvider.TSPAARKSPRINT1__Foxes__botB.bc24,SampleProvider.TSPAARKSPRINT1,1,B,g1basics,1,2000,MORE_FLAG_CAPTURES,7500,7500,202,29,28,227,122,1,119,2797,1454,7,444,356,725,274,46.6,122,91,31,0,33.1,42,3,4,22,1,4.00,0,3.69,25.2,0,0,,,,76,0,1,,22.5,0,0,1,0,632,45,25,121,2
gauntlet/20261003-002104-scrim-g1basics/replays/IvanGeffner.kuma__EndAround__botA.bc24,IvanGeffner.kuma,1,A,g1basics,1,2000,LEVEL_SUM,2500,5800,203,10,20,1133,0,0,0,0,0,7,280,208,427,501,43.9,0,0,0,0,,47,2,5,0,0,2.89,0,0.00,27.9,2,0,,,,48,3,1,,22.8,0,0,33,0,614,51,19,0,0
gauntlet/20261003-002104-scrim-g1basics/replays/IvanGeffner.kuma__EndAround__botA.bc24,IvanGeffner.kuma,0,B,kuma,0,2000,LEVEL_SUM,2500,5800,204,3,14,291,7,0,7,9,1,0,567,531,501,427,44.8,7,5,2,0,28.9,46,0,0,1,0,0.00,0,1.22,21.7,,,,,,90,1,0,,25.0,27,0,265,1,0,0,1800,0,0
gauntlet/20261003-002104-scrim-g1basics/replays/awu7.ExplosiveBot__BedWars__botB.bc24,awu7.ExplosiveBot,0,A,ExplosiveBot,0,813,CAPTURE,2400,5200,238,2,1,534,1,0,1,1,0,2,22,22,47,206,44.0,1,1,0,0,21.0,46,0,5,0,0,0.78,3,1.00,67.3,173,2,4,3,0.750,97,55,1,,21.3,0,0,16,1,0,0,297,0,0
gauntlet/20261003-002104-scrim-g1basics/replays/awu7.ExplosiveBot__BedWars__botB.bc24,awu7.ExplosiveBot,1,B,g1basics,1,813,CAPTURE,2400,2500,222,0,2,379,5,3,2,248,122,1,76,35,206,47,48.6,5,5,0,0,15.5,49,0,1,0,0,3.00,0,8.54,15.1,0,0,,,,15,1,1,,20.0,0,0,1,0,71,1,10,5,1
gauntlet/20261003-002104-scrim-g1basics/replays/andrewgopher.player22__Diagonal__botA.bc24,andrewgopher.player22,1,A,g1basics,1,2000,LEVEL_SUM,5100,5100,201,21,25,229,90,0,87,906,426,0,343,271,535,406,45.0,90,59,31,0,28.0,40,0,0,19,0,0.00,0,5.44,16.3,,,,,,53,0,1,,22.8,0,0,14,0,582,59,18,90,2
gauntlet/20261003-002104-scrim-g1basics/replays/andrewgopher.player22__Diagonal__botA.bc24,andrewgopher.player22,0,B,player22,0,2000,LEVEL_SUM,5100,5100,201,22,33,267,3,0,0,3,0,87,237,215,406,535,43.4,0,0,0,0,,26,31,59,0,0,1.71,0,0.00,8.6,341,0,10,0,0.000,137,109,1,0,25.1,36,0,,1,0,0,8,0,0
gauntlet/20261003-002104-scrim-g1basics/replays/awu7.ExplosiveBot__BedWars__botA.bc24,awu7.ExplosiveBot,1,A,g1basics,1,635,CAPTURE,2400,2500,289,0,0,322,8,3,5,175,84,0,57,12,123,26,49.1,8,7,1,0,12.2,48,0,0,0,0,0.00,0,6.29,14.6,,,,,,7,0,1,,22.8,0,0,5,0,21,0,10,7,0
gauntlet/20261003-002104-scrim-g1basics/replays/awu7.ExplosiveBot__BedWars__botA.bc24,awu7.ExplosiveBot,0,B,ExplosiveBot,0,635,CAPTURE,2400,5300,239,1,4,411,0,0,0,0,0,5,20,11,26,123,45.7,0,0,0,0,,45,1,7,0,0,1.11,3,0.00,58.9,115,2,3,3,1.000,51,23,1,,21.3,0,0,3,1,0,0,105,0,0
gauntlet/20261003-002104-scrim-g1basics/replays/awu7.ExplosiveBot__DefaultLarge__botB.bc24,awu7.ExplosiveBot,0,A,ExplosiveBot,0,1290,CAPTURE,1800,5500,204,9,12,250,2,0,2,5,2,21,112,103,179,867,33.6,2,1,1,0,47.0,29,8,16,0,0,1.50,3,0.40,17.5,470,3,8,3,0.375,236,203,1,1,22.6,0,0,1,1,2,0,693,0,0
gauntlet/20261003-002104-scrim-g1basics/replays/awu7.ExplosiveBot__DefaultLarge__botB.bc24,awu7.ExplosiveBot,1,B,g1basics,1,1290,CAPTURE,1800,3600,217,14,17,249,24,3,21,697,333,2,384,301,867,179,46.6,24,16,8,0,39.8,43,1,1,0,1,4.00,0,6.56,18.4,0,0,,,,47,3,1,,22.0,0,0,1,0,69,1,14,24,0
gauntlet/20261003-002104-scrim-g1basics/replays/andrewgopher.player22__TwistedTreeline__botB.bc24,andrewgopher.player22,0,A,player22,0,2000,LEVEL_SUM,2400,2400,202,35,24,219,30,1,25,368,167,13,276,272,764,1059,37.1,27,15,11,1,24.4,32,5,10,0,0,0.60,1,3.92,11.6,219,1,5,0,0.000,411,117,0,0,25.1,23,0,,0,0,0,3,0,0
gauntlet/20261003-002104-scrim-g1basics/replays/andrewgopher.player22__TwistedTreeline__botB.bc24,andrewgopher.player22,1,B,g1basics,1,2000,LEVEL_SUM,2400,2400,202,9,4,462,15,1,13,326,180,25,418,369,1059,764,40.7,15,10,5,0,16.8,41,11,15,1,1,2.22,1,6.79,20.0,181,1,5,0,0.000,154,27,1,,20.9,0,0,1,0,1321,36,15,14,0
gauntlet/20261003-002104-scrim-g1basics/replays/awu7.ExplosiveBot__OceanFloor__botA.bc24,awu7.ExplosiveBot,1,A,g1basics,1,1315,CAPTURE,1400,1400,201,23,36,225,27,3,24,839,400,17,381,295,852,148,47.2,27,21,6,0,38.1,44,11,9,1,1,1.45,2,7.74,15.0,100,1,3,0,0.000,41,2,1,,20.9,0,0,1,0,261,3,11,27,1
gauntlet/20261003-002104-scrim-g1basics/replays/awu7.ExplosiveBot__OceanFloor__botA.bc24,awu7.ExplosiveBot,0,B,ExplosiveBot,0,1315,CAPTURE,1400,1400,201,26,6,211,38,2,17,242,90,24,88,76,148,852,34.3,38,9,11,18,32.5,36,6,21,0,0,1.37,3,3.45,12.9,489,3,10,3,0.300,382,338,1,0,22.4,0,0,7,1,0,0,216,0,0
gauntlet/20261003-002104-scrim-g1basics/replays/awu7.ExplosiveBot__Diagonal__botA.bc24,awu7.ExplosiveBot,1,A,g1basics,1,2000,MORE_FLAG_CAPTURES,5100,5100,201,32,31,234,31,2,28,1670,876,4,797,543,1700,118,48.5,31,22,9,0,24.9,28,1,3,3,2,1.60,0,8.70,19.7,0,0,,,,21,0,1,,24.2,0,0,14,0,104,1,12,31,0
gauntlet/20261003-002104-scrim-g1basics/replays/awu7.ExplosiveBot__Diagonal__botA.bc24,awu7.ExplosiveBot,0,B,ExplosiveBot,0,2000,MORE_FLAG_CAPTURES,5100,5100,201,10,10,255,4,0,4,5,1,28,89,88,118,1700,29.5,4,3,1,0,33.8,25,9,22,0,0,1.00,2,0.60,13.3,1202,1,10,2,0.200,996,1022,1,1,22.0,0,0,7,1,0,0,1254,0,0
gauntlet/20261003-002104-scrim-g1basics/replays/clbarrell.duck8__AceOfSpades__botB.bc24,clbarrell.duck8,0,A,duck8,0,1028,CAPTURE,1800,17400,202,27,10,219,30,2,27,293,125,8,286,274,175,482,38.7,30,11,19,0,17.2,41,0,11,0,0,1.30,3,11.84,29.7,162,2,6,3,0.500,106,76,0,,11.3,0,0,,1,0,0,84,0,0
gauntlet/20261003-002104-scrim-g1basics/replays/clbarrell.duck8__AceOfSpades__botB.bc24,clbarrell.duck8,1,B,g1basics,1,1028,CAPTURE,1800,4200,202,21,10,212,11,3,8,274,125,27,220,171,482,175,45.9,11,11,0,0,18.9,47,19,11,0,0,2.18,2,6.52,25.6,119,0,3,2,0.667,43,6,1,,22.8,0,0,40,0,334,8,13,11,0
gauntlet/20261003-002104-scrim-g1basics/replays/awu7.ExplosiveBot__Randy__botB.bc24,awu7.ExplosiveBot,0,A,ExplosiveBot,0,1534,CAPTURE,3400,13200,201,8,5,207,27,0,26,90,31,20,153,144,274,1184,31.2,27,14,12,1,10.5,22,3,20,0,0,2.37,3,2.16,13.9,206,1,5,2,0.400,456,461,0,0,22.4,0,0,14,1,0,0,404,0,0
gauntlet/20261003-002104-scrim-g1basics/replays/awu7.ExplosiveBot__Randy__botB.bc24,awu7.ExplosiveBot,1,B,g1basics,1,1534,CAPTURE,3400,3400,201,21,26,209,23,3,20,473,223,26,450,367,1184,274,45.6,23,20,3,0,13.9,39,12,14,1,1,3.88,0,9.17,20.6,20,0,,,,67,7,1,,20.8,0,0,1,0,556,18,11,23,0
gauntlet/20261003-002104-scrim-g1basics/replays/clbarrell.duck8__Pancakes__botB.bc24,clbarrell.duck8,0,A,duck8,0,577,CAPTURE,0,6200,205,7,12,230,10,1,9,65,28,5,114,97,45,155,43.4,10,1,9,0,20.8,49,2,6,0,0,1.97,3,6.71,21.0,164,1,5,3,0.600,39,22,0,,11.9,0,0,,1,0,0,9,0,0
gauntlet/20261003-002104-scrim-g1basics/replays/clbarrell.duck8__Pancakes__botB.bc24,clbarrell.duck8,1,B,g1basics,1,577,CAPTURE,0,2900,201,30,34,238,8,3,5,268,125,9,97,26,155,45,48.2,8,6,2,0,21.2,48,9,1,0,0,4.15,1,8.60,23.5,11,0,1,1,1.000,14,0,1,,19.9,0,0,1,0,45,0,10,8,0
gauntlet/20261003-002104-scrim-g1basics/replays/clbarrell.duck8__OceanFloor__botB.bc24,clbarrell.duck8,0,A,duck8,0,612,CAPTURE,1400,1400,201,37,21,233,18,0,17,123,44,1,86,71,108,144,44.3,18,2,16,0,20.0,38,0,4,0,0,0.57,3,9.01,28.9,258,2,4,3,0.750,39,19,1,,12.4,0,0,2,0,0,0,10,0,0
gauntlet/20261003-002104-scrim-g1basics/replays/clbarrell.duck8__OceanFloor__botB.bc24,clbarrell.duck8,1,B,g1basics,1,612,CAPTURE,1400,1400,201,32,31,235,4,3,1,346,162,17,93,40,144,108,45.7,4,4,0,0,23.0,45,16,2,0,0,5.17,0,5.87,20.0,60,0,1,0,0.000,34,9,1,,20.5,0,0,1,0,126,1,4,4,0
gauntlet/20261003-002104-scrim-g1basics/replays/clbarrell.duck8__Foxes__botB.bc24,clbarrell.duck8,0,A,duck8,0,1220,CAPTURE,7500,7500,202,27,9,232,32,1,31,223,76,14,209,183,186,661,36.8,32,5,27,0,22.5,36,1,16,0,0,0.89,3,10.35,28.1,572,2,10,3,0.300,232,198,0,,13.0,0,0,,1,0,0,17,0,0
gauntlet/20261003-002104-scrim-g1basics/replays/clbarrell.duck8__Foxes__botB.bc24,clbarrell.duck8,1,B,g1basics,1,1220,CAPTURE,7500,7500,203,17,14,354,17,3,14,792,371,31,344,256,661,186,46.3,17,16,1,0,19.6,44,27,5,0,1,4.70,1,6.34,19.6,97,0,3,1,0.333,52,4,1,,22.8,0,0,17,0,327,5,10,17,2
gauntlet/20261003-002104-scrim-g1basics/replays/clbarrell.duck8__GaltonBoard__botB.bc24,clbarrell.duck8,0,A,duck8,0,1749,CAPTURE,0,37100,201,20,21,249,13,1,12,86,26,14,452,411,446,1151,34.1,13,2,11,0,12.8,39,13,4,0,0,4.07,3,15.81,34.6,120,0,3,3,1.000,165,168,0,,12.4,0,0,,1,0,0,178,0,0
gauntlet/20261003-002104-scrim-g1basics/replays/clbarrell.duck8__GaltonBoard__botB.bc24,clbarrell.duck8,1,B,g1basics,1,1749,CAPTURE,0,700,209,14,0,227,17,3,14,310,129,12,355,226,1151,446,43.7,17,4,13,0,14.6,40,11,2,10,3,11.38,1,18.22,39.0,12,0,1,1,1.000,6,0,1,,22.0,0,0,1,0,228,13,28,17,0
gauntlet/20261003-002104-scrim-g1basics/replays/clbarrell.duck8__QuestionableChess__botB.bc24,clbarrell.duck8,0,A,duck8,0,844,CAPTURE,0,0,201,16,8,207,22,2,20,222,89,4,90,77,193,294,41.5,22,8,14,0,21.3,31,0,7,0,0,0.88,3,8.98,31.0,145,3,4,3,0.750,64,41,0,,11.8,0,0,,1,0,0,12,0,0
gauntlet/20261003-002104-scrim-g1basics/replays/clbarrell.duck8__QuestionableChess__botB.bc24,clbarrell.duck8,1,B,g1basics,1,844,CAPTURE,0,0,202,11,18,227,7,3,4,227,109,20,82,50,294,193,44.6,7,7,0,0,21.0,43,14,8,0,0,2.05,2,3.30,23.6,96,1,1,1,1.000,58,28,1,,22.8,0,0,72,0,435,10,7,7,0
gauntlet/20261003-002104-scrim-g1basics/replays/dmtrung14.defaultplayer_intlqualifier__Battlecode24__botA.bc24,dmtrung14.defaultplayer_intlqualifier,1,A,g1basics,1,686,CAPTURE,12400,21800,203,29,33,249,6,3,3,591,294,2,279,120,227,21,49.2,6,6,0,0,25.7,25,0,2,0,0,2.67,0,1.81,44.7,0,0,,,,17,0,1,,22.8,0,0,149,0,103,1,10,5,0
gauntlet/20261003-002104-scrim-g1basics/replays/dmtrung14.defaultplayer_intlqualifier__Battlecode24__botA.bc24,dmtrung14.defaultplayer_intlqualifier,0,B,defaultplayer_intlqualifier,0,686,CAPTURE,10500,17700,202,10,6,250,5,0,2,298,59,3,73,67,21,227,42.0,2,2,0,0,24.5,21,0,6,0,0,0.34,3,0.67,43.3,465,3,4,3,0.750,71,25,0,0,25.1,216,0,,0,0,0,310,0,0
gauntlet/20261003-002104-scrim-g1basics/replays/dmtrung14.defaultplayer_intlqualifier__DefaultLarge__botA.bc24,dmtrung14.defaultplayer_intlqualifier,1,A,g1basics,1,999,CAPTURE,1800,3300,202,14,15,380,11,3,8,819,400,1,63,8,280,36,49.1,11,8,3,0,46.3,44,0,1,0,0,1.80,0,3.14,33.4,1,0,,,,7,0,1,,19.1,0,0,1,0,22,1,9,11,0
gauntlet/20261003-002104-scrim-g1basics/replays/dmtrung14.defaultplayer_intlqualifier__DefaultLarge__botA.bc24,dmtrung14.defaultplayer_intlqualifier,0,B,defaultplayer_intlqualifier,0,999,CAPTURE,1800,5800,202,15,13,707,6,0,1,304,56,8,111,108,36,280,34.6,3,1,0,2,40.0,43,3,8,0,0,0.83,3,1.30,51.4,550,0,6,3,0.500,100,55,1,,25.1,218,0,1,0,0,0,631,0,0
gauntlet/20261003-002104-scrim-g1basics/replays/dmtrung14.defaultplayer_intlqualifier__BreadPudding__botA.bc24,dmtrung14.defaultplayer_intlqualifier,1,A,g1basics,1,742,CAPTURE,2600,2800,209,5,13,225,15,3,12,462,221,4,70,23,286,38,48.7,15,13,2,0,14.8,43,3,2,0,0,5.36,1,6.07,36.1,0,1,,,,7,0,1,,22.8,0,0,5,0,159,9,17,15,1
gauntlet/20261003-002104-scrim-g1basics/replays/dmtrung14.defaultplayer_intlqualifier__BreadPudding__botA.bc24,dmtrung14.defaultplayer_intlqualifier,0,B,defaultplayer_intlqualifier,0,742,CAPTURE,2600,3000,202,7,2,214,18,1,4,319,61,12,57,57,38,286,40.7,15,2,3,10,11.8,42,2,13,0,0,1.97,3,15.56,41.6,181,1,7,3,0.429,58,44,1,0,25.1,283,0,235,1,1,0,266,0,0
gauntlet/20261003-002104-scrim-g1basics/replays/dmtrung14.defaultplayer_intlqualifier__QueenOfHearts__botA.bc24,dmtrung14.defaultplayer_intlqualifier,1,A,g1basics,1,756,CAPTURE,3500,3500,201,24,31,302,7,3,4,502,249,17,153,101,462,35,48.9,7,6,1,0,29.0,41,3,15,0,0,1.81,1,2.83,23.4,111,1,2,0,0.000,15,1,1,,22.8,0,0,12,0,346,11,11,7,0
gauntlet/20261003-002104-scrim-g1basics/replays/dmtrung14.defaultplayer_intlqualifier__QueenOfHearts__botA.bc24,dmtrung14.defaultplayer_intlqualifier,0,B,defaultplayer_intlqualifier,0,756,CAPTURE,3500,3500,201,14,10,221,43,1,17,537,125,4,72,69,35,462,35.3,40,15,3,22,20.8,40,1,6,0,0,0.58,3,2.91,15.0,353,2,4,3,0.750,206,170,1,1,25.1,282,0,454,1,1,1,376,0,0
gauntlet/20261003-002104-scrim-g1basics/replays/dmtrung14.defaultplayer_intlqualifier__KingQuacksCastle__botB.bc24,dmtrung14.defaultplayer_intlqualifier,0,A,defaultplayer_intlqualifier,0,1239,CAPTURE,1600,3400,204,28,13,222,22,1,2,338,62,12,122,120,75,543,35.6,19,2,1,16,22.0,48,4,11,0,0,1.24,3,11.14,35.6,342,1,6,3,0.500,179,136,0,0,25.1,793,0,625,1,0,0,567,0,0
gauntlet/20261003-002104-scrim-g1basics/replays/dmtrung14.defaultplayer_intlqualifier__KingQuacksCastle__botB.bc24,dmtrung14.defaultplayer_intlqualifier,1,B,g1basics,1,1239,CAPTURE,1600,4500,204,9,4,221,15,3,12,588,285,2,116,48,543,75,48.5,15,11,4,0,23.0,47,1,2,0,1,3.70,1,3.58,34.0,6,1,,,,17,0,1,,22.8,0,0,12,0,265,10,11,15,0
gauntlet/20261003-002104-scrim-g1basics/replays/dmtrung14.defaultplayer_intlqualifier__Diagonal__botB.bc24,dmtrung14.defaultplayer_intlqualifier,0,A,defaultplayer_intlqualifier,0,2000,MORE_FLAG_CAPTURES,5100,5100,201,22,40,758,10,0,7,299,13,18,135,104,52,709,40.5,7,4,3,0,32.9,36,7,14,2,0,0.77,1,2.80,24.0,2044,1,9,1,0.111,442,432,1,1,25.1,303,0,992,1,1,0,382,0,0
gauntlet/20261003-002104-scrim-g1basics/replays/dmtrung14.defaultplayer_intlqualifier__Diagonal__botB.bc24,dmtrung14.defaultplayer_intlqualifier,1,B,g1basics,1,2000,MORE_FLAG_CAPTURES,5100,5100,201,14,24,249,21,1,18,3247,1727,7,361,279,709,52,49.3,21,14,7,0,28.1,35,3,4,1,0,4.60,0,3.80,12.5,0,0,,,,12,0,1,,22.8,0,0,14,0,264,12,15,21,0
gauntlet/20261003-002104-scrim-g1basics/replays/jonters.bling3__Bunkers__botA.bc24,jonters.bling3,1,A,g1basics,1,550,CAPTURE,2800,2800,201,18,14,210,14,3,11,186,89,6,118,70,169,61,47.3,14,12,2,0,11.6,46,4,4,0,0,2.43,2,5.59,17.8,55,0,3,1,0.333,11,1,1,,22.8,0,0,5,0,199,4,11,14,0
gauntlet/20261003-002104-scrim-g1basics/replays/jonters.bling3__Bunkers__botA.bc24,jonters.bling3,0,B,bling3,0,550,CAPTURE,2800,2800,201,27,5,217,8,2,6,121,53,11,36,25,61,169,42.6,8,4,4,0,11.5,37,2,12,0,0,1.68,3,13.18,6.1,108,2,2,2,1.000,41,22,1,1,22.9,0,0,,0,0,0,4,0,0
gauntlet/20261003-002104-scrim-g1basics/replays/jonters.bling3__Duck__botB.bc24,jonters.bling3,0,A,bling3,0,785,CAPTURE,2900,2900,201,22,26,223,5,0,5,166,80,10,35,34,70,280,41.1,5,2,3,0,35.6,38,2,11,0,0,0.68,3,10.52,4.9,516,3,11,3,0.273,152,125,1,1,22.7,0,0,,1,0,0,4,0,0
gauntlet/20261003-002104-scrim-g1basics/replays/jonters.bling3__Duck__botB.bc24,jonters.bling3,1,B,g1basics,1,785,CAPTURE,2900,2900,201,29,28,229,13,3,10,672,329,5,181,102,280,70,47.8,13,11,2,0,31.7,47,3,2,0,0,1.36,0,4.29,16.3,111,0,2,0,0.000,33,4,1,,19.7,0,0,1,0,240,7,15,13,0
gauntlet/20261003-002104-scrim-g1basics/replays/hsmalladi.finalbot__WheresMyWater__botA.bc24,hsmalladi.finalbot,1,A,g1basics,1,2000,LEVEL_SUM,3000,3900,201,9,18,201,11,2,9,384,181,1,376,295,1043,694,41.5,11,11,0,0,8.1,44,1,2,0,0,8.81,2,5.77,29.7,0,0,,,,97,61,1,,21.0,0,0,1,0,1053,36,21,11,5
gauntlet/20261003-002104-scrim-g1basics/replays/hsmalladi.finalbot__WheresMyWater__botA.bc24,hsmalladi.finalbot,0,B,finalbot,0,2000,LEVEL_SUM,3000,5400,201,8,35,201,7,2,1,631,132,9,266,263,694,1043,37.3,4,2,1,1,8.0,46,0,11,0,0,0.99,2,10.00,17.0,268,2,6,2,0.333,74,47,1,,25.0,47,0,,0,1,1,4,0,0
gauntlet/20261003-002104-scrim-g1basics/replays/jonters.bling3__Backslash__botB.bc24,jonters.bling3,0,A,bling3,0,954,CAPTURE,4700,13300,201,17,2,239,0,0,0,0,0,17,70,63,99,632,33.5,0,0,0,0,,43,7,13,0,0,1.63,3,0.00,11.7,298,1,10,1,0.100,182,190,1,1,23.1,0,0,,0,0,0,10,0,0
gauntlet/20261003-002104-scrim-g1basics/replays/jonters.bling3__Backslash__botB.bc24,jonters.bling3,1,B,g1basics,1,954,CAPTURE,4500,17500,201,32,30,215,20,3,17,522,250,0,396,305,632,99,47.5,20,13,7,0,21.5,48,0,0,0,0,0.00,0,8.96,17.3,,,,,,9,1,1,,20.4,0,0,1,0,291,9,17,20,0
gauntlet/20261003-002104-scrim-g1basics/replays/jonters.bling3__Starfish__botA.bc24,jonters.bling3,1,A,g1basics,1,739,CAPTURE,4100,4100,201,23,9,201,13,3,10,263,123,0,143,79,358,36,48.8,13,8,5,0,8.9,37,0,0,0,0,0.00,0,12.00,21.4,,,,,,7,0,1,,22.8,0,0,11,0,295,22,23,13,0
gauntlet/20261003-002104-scrim-g1basics/replays/jonters.bling3__Starfish__botA.bc24,jonters.bling3,0,B,bling3,0,739,CAPTURE,4100,4200,201,1,3,201,0,0,0,0,0,10,4,4,36,358,38.1,0,0,0,0,,31,5,8,0,0,1.90,3,0.00,5.0,145,2,5,2,0.400,87,75,0,0,21.0,0,0,,1,0,0,5,0,0
gauntlet/20261003-002104-scrim-g1basics/replays/jonters.bling3__Waterworld__botB.bc24,jonters.bling3,0,A,bling3,0,943,CAPTURE,13900,15700,208,36,0,247,9,0,9,61,26,19,47,46,113,556,35.2,9,5,4,0,24.6,31,7,15,0,0,1.17,3,10.23,7.3,333,1,8,3,0.375,138,122,0,0,22.3,0,0,,1,0,0,6,0,0
gauntlet/20261003-002104-scrim-g1basics/replays/jonters.bling3__Waterworld__botB.bc24,jonters.bling3,1,B,g1basics,1,943,CAPTURE,13900,16300,203,4,8,254,22,3,19,551,266,9,304,233,556,113,47.1,22,15,7,0,20.9,43,4,5,0,0,2.84,0,7.14,17.1,8,0,1,0,0.000,24,2,1,,20.7,0,0,1,0,387,10,13,22,0
gauntlet/20261003-002104-scrim-g1basics/replays/jonters.bling3__Snake__botB.bc24,jonters.bling3,0,A,bling3,0,1850,CAPTURE,13100,23300,203,44,30,257,4,0,4,196,84,42,195,182,297,1228,33.2,4,2,2,0,19.5,29,22,23,0,0,1.60,3,5.33,12.1,617,2,17,3,0.176,360,390,0,0,22.8,0,0,,0,0,0,10,0,0
gauntlet/20261003-002104-scrim-g1basics/replays/jonters.bling3__Snake__botB.bc24,jonters.bling3,1,B,g1basics,1,1850,CAPTURE,13100,34400,204,39,36,217,45,3,42,1028,506,4,864,734,1228,297,46.0,45,23,22,0,29.5,47,2,2,12,1,0.90,0,6.05,16.9,154,0,2,0,0.000,62,9,1,,22.8,0,0,210,0,591,28,18,43,0
gauntlet/20261003-002104-scrim-g1basics/replays/justinottesen.sprint1__Fountain__botA.bc24,justinottesen.sprint1,1,A,g1basics,1,572,CAPTURE,1700,3200,209,20,37,215,15,3,12,324,157,0,107,57,358,15,49.3,15,10,5,0,15.3,49,0,0,0,0,0.00,0,8.97,22.2,,,,,,4,0,1,,22.8,0,0,214,0,129,25,45,15,0
gauntlet/20261003-002104-scrim-g1basics/replays/justinottesen.sprint1__Fountain__botA.bc24,justinottesen.sprint1,0,B,sprint1,0,572,CAPTURE,1300,1800,213,2,6,281,0,0,0,0,0,12,14,12,15,358,35.2,0,0,0,0,,29,5,10,0,0,1.79,3,0.00,9.9,154,1,7,3,0.429,147,147,0,,7.1,0,0,,0,0,0,6,0,0
gauntlet/20261003-002104-scrim-g1basics/replays/justinottesen.sprint1__Decision__botA.bc24,justinottesen.sprint1,1,A,g1basics,1,1497,CAPTURE,1900,2000,202,34,41,243,46,3,43,2168,1059,3,604,514,1404,51,49.1,46,40,6,0,32.5,33,0,3,1,1,2.24,0,4.34,15.0,0,0,,,,33,0,1,,22.8,0,0,26,0,582,63,81,45,5
gauntlet/20261003-002104-scrim-g1basics/replays/justinottesen.sprint1__Decision__botA.bc24,justinottesen.sprint1,0,B,sprint1,0,1497,CAPTURE,1800,1800,202,11,11,230,3,0,3,17,3,43,54,53,51,1404,27.4,3,3,0,0,48.7,31,6,40,0,0,0.52,3,1.59,6.9,1516,3,30,2,0.067,1034,940,0,,6.8,0,0,,0,0,0,7,0,0
gauntlet/20261003-002104-scrim-g1basics/replays/justinottesen.sprint1__StackGame__botB.bc24,justinottesen.sprint1,0,A,sprint1,0,509,CAPTURE,4600,4600,201,1,1,213,0,0,0,0,0,17,42,41,42,307,36.1,0,0,0,0,,38,8,12,0,0,3.73,3,0.00,6.9,51,0,1,1,1.000,48,55,0,,6.3,0,0,,0,0,0,4,0,0
gauntlet/20261003-002104-scrim-g1basics/replays/justinottesen.sprint1__StackGame__botB.bc24,justinottesen.sprint1,1,B,g1basics,1,509,CAPTURE,4600,4600,201,12,26,281,20,3,17,192,87,0,135,59,307,42,47.9,20,12,8,0,17.3,42,0,0,0,0,0.00,0,8.36,22.1,,,,,,3,0,1,,22.8,0,0,5,0,46,5,11,20,0
gauntlet/20261003-002104-scrim-g1basics/replays/justinottesen.sprint1__OceanFloor__botB.bc24,justinottesen.sprint1,0,A,sprint1,0,622,CAPTURE,1300,1400,201,21,14,282,2,0,2,16,6,15,20,18,22,280,39.2,2,2,0,0,41.0,39,4,14,0,0,0.78,3,1.75,3.8,325,2,8,2,0.250,142,96,1,,6.3,0,0,,0,0,0,4,0,0
gauntlet/20261003-002104-scrim-g1basics/replays/justinottesen.sprint1__OceanFloor__botB.bc24,justinottesen.sprint1,1,B,g1basics,1,622,CAPTURE,1400,1400,201,29,42,225,18,3,15,535,260,2,150,100,280,22,49.1,18,14,4,0,19.7,45,0,2,0,0,0.81,0,3.62,16.1,4,0,,,,15,0,1,,20.3,0,0,1,0,386,47,52,18,1
gauntlet/20261003-002104-scrim-g1basics/replays/kyleezz.jeeryfix3__BedWars__botA.bc24,kyleezz.jeeryfix3,1,A,g1basics,1,1387,CAPTURE,2400,2500,260,0,12,284,10,3,7,177,83,23,179,101,896,340,44.0,10,8,2,0,12.3,48,18,7,1,1,5.90,2,5.77,20.3,16,1,,,,61,6,1,,20.6,0,0,1,0,385,22,14,10,0
gauntlet/20261003-002104-scrim-g1basics/replays/kyleezz.jeeryfix3__BedWars__botA.bc24,kyleezz.jeeryfix3,0,B,jeeryfix3,0,1387,CAPTURE,2400,6700,205,24,5,210,25,2,23,72,35,7,100,98,340,896,34.3,25,7,18,0,15.3,50,2,8,0,0,1.03,3,4.07,13.0,97,2,3,2,0.667,181,137,1,0,24.9,0,0,57,1,1,1,4,0,0
gauntlet/20261003-002104-scrim-g1basics/replays/kyleezz.jeeryfix3__Fusbol__botA.bc24,kyleezz.jeeryfix3,1,A,g1basics,1,2000,LEVEL_SUM,7200,7800,202,0,1,382,5,0,5,20,4,2,675,590,1387,237,47.0,5,4,1,0,41.0,37,0,2,1,0,0.00,0,14.80,36.9,,0,,,,18,1,1,,22.8,0,0,293,0,178,3,1800,5,0
gauntlet/20261003-002104-scrim-g1basics/replays/kyleezz.jeeryfix3__Fusbol__botA.bc24,kyleezz.jeeryfix3,0,B,jeeryfix3,0,2000,LEVEL_SUM,7200,10200,202,28,5,385,2,0,2,0,0,5,252,246,237,1387,33.1,2,2,0,0,49.0,47,1,4,0,0,3.65,0,0.00,31.6,0,0,,,,109,49,1,1,24.9,0,0,44,1,0,0,44,0,0
gauntlet/20261003-002104-scrim-g1basics/replays/quesswho.cretplayer2_3__Checkered__botA.bc24,quesswho.cretplayer2_3,1,A,g1basics,1,654,CAPTURE,4800,4800,201,16,7,206,6,3,3,280,135,5,117,84,143,64,47.6,6,6,0,0,15.3,47,2,6,0,0,0.65,2,6.43,18.3,274,0,2,2,1.000,19,2,1,,22.8,0,0,11,0,311,7,13,6,0
gauntlet/20261003-002104-scrim-g1basics/replays/quesswho.cretplayer2_3__Checkered__botA.bc24,quesswho.cretplayer2_3,0,B,cretplayer2_3,0,654,CAPTURE,4800,4800,201,22,36,207,11,2,5,945,145,3,112,108,64,143,43.9,8,6,2,0,18.0,36,0,6,0,0,0.52,3,24.39,26.4,219,3,5,3,0.600,45,35,1,1,25.0,1,0,1,1,0,0,274,0,338
gauntlet/20261003-002104-scrim-g1basics/replays/quesswho.cretplayer2_3__Digging__botA.bc24,quesswho.cretplayer2_3,1,A,g1basics,1,1304,CAPTURE,700,1900,234,1,1,322,18,3,15,324,153,11,373,288,1335,170,46.8,18,10,8,0,25.8,45,10,2,1,1,11.51,1,10.72,25.5,4,0,1,0,0.000,8,0,1,,22.8,0,0,205,0,256,16,14,17,0
gauntlet/20261003-002104-scrim-g1basics/replays/quesswho.cretplayer2_3__Digging__botA.bc24,quesswho.cretplayer2_3,0,B,cretplayer2_3,0,1304,CAPTURE,700,3000,205,15,1,216,15,1,11,667,25,15,132,132,170,1335,25.0,12,2,10,0,15.2,37,8,10,0,0,2.26,3,23.14,21.5,142,0,5,3,0.600,291,363,0,0,25.0,7,0,734,1,0,0,726,0,113
gauntlet/20261003-002104-scrim-g1basics/replays/quesswho.cretplayer2_3__BigDucksBigPond__botA.bc24,quesswho.cretplayer2_3,1,A,g1basics,1,1447,CAPTURE,5100,8800,201,37,36,296,42,3,39,1074,507,19,422,347,924,253,45.7,42,35,7,0,45.8,46,10,10,0,2,1.12,1,5.83,19.3,172,1,2,1,0.500,65,9,1,,20.6,0,0,1,0,349,20,17,42,2
gauntlet/20261003-002104-scrim-g1basics/replays/quesswho.cretplayer2_3__BigDucksBigPond__botA.bc24,quesswho.cretplayer2_3,0,B,cretplayer2_3,0,1447,CAPTURE,5100,5200,201,12,13,233,23,1,19,863,170,39,145,135,253,924,34.3,20,10,10,0,40.6,17,7,35,0,0,1.76,3,17.64,15.4,669,2,15,3,0.200,269,265,1,1,25.0,5,0,1,1,0,0,308,0,0
gauntlet/20261003-002104-scrim-g1basics/replays/kyleezz.jeeryfix3__Fusbol__botB.bc24,kyleezz.jeeryfix3,0,A,jeeryfix3,0,2000,MORE_FLAG_CAPTURES,7200,9300,202,17,1,381,0,0,0,0,0,2,247,242,266,1518,31.5,0,0,0,0,,40,1,2,0,0,1.70,1,0.00,34.0,110,0,1,1,1.000,66,87,0,1,24.9,0,0,2,1,0,0,32,0,0
gauntlet/20261003-002104-scrim-g1basics/replays/kyleezz.jeeryfix3__Fusbol__botB.bc24,kyleezz.jeeryfix3,1,B,g1basics,1,2000,MORE_FLAG_CAPTURES,7200,8700,202,12,23,242,3,1,2,173,87,0,739,642,1518,266,46.7,3,2,1,0,44.0,41,0,0,1,1,0.00,0,10.03,22.7,,,,,,13,0,1,,22.8,0,0,244,0,33,0,9,3,0
gauntlet/20261003-002104-scrim-g1basics/replays/kyleezz.jeeryfix3__Klein__botB.bc24,kyleezz.jeeryfix3,0,A,jeeryfix3,0,2000,LEVEL_SUM,6300,9000,205,18,10,206,21,2,19,134,63,6,213,211,453,1449,32.4,21,6,15,0,17.6,50,2,6,0,0,1.94,2,6.03,22.9,48,0,1,1,1.000,252,183,0,0,24.9,0,0,8,1,1,0,12,0,0
gauntlet/20261003-002104-scrim-g1basics/replays/kyleezz.jeeryfix3__Klein__botB.bc24,kyleezz.jeeryfix3,1,B,g1basics,1,2000,LEVEL_SUM,6200,6500,207,14,16,358,8,2,6,85,38,19,527,446,1449,453,44.5,8,6,2,0,16.3,46,15,6,2,2,4.74,2,8.19,25.0,10,0,1,0,0.000,76,10,1,,20.4,0,0,1,0,897,60,15,8,0
gauntlet/20261003-002104-scrim-g1basics/replays/quesswho.cretplayer2_3__Waterworld__botB.bc24,quesswho.cretplayer2_3,0,A,cretplayer2_3,0,761,CAPTURE,13900,15400,212,21,6,244,36,1,31,1009,176,4,91,91,112,221,42.3,33,5,28,0,25.4,7,1,6,0,0,0.61,3,22.50,26.0,246,3,3,3,1.000,56,45,1,1,25.0,2,0,24,1,2,0,214,0,340
gauntlet/20261003-002104-scrim-g1basics/replays/quesswho.cretplayer2_3__Waterworld__botB.bc24,quesswho.cretplayer2_3,1,B,g1basics,1,761,CAPTURE,11200,13900,203,11,15,298,7,3,4,310,151,31,129,79,221,112,46.4,7,6,1,0,32.8,24,28,5,0,0,2.21,1,6.12,20.6,251,0,1,1,1.000,24,4,1,,22.8,0,0,209,0,231,6,17,7,0
gauntlet/20261003-003405-scrim-g1basics/losses/CyrilSharma.finalBot__AceOfSpades__botB.bc24,CyrilSharma.finalBot,0,A,finalBot,1,568,CAPTURE,1800,17700,204,16,26,219,11,3,8,172,79,5,356,304,147,97,45.8,11,4,7,0,18.9,45,1,4,0,0,1.78,0,6.30,41.4,8,0,,,,6,0,0,,25.0,4,0,334,1,0,0,15,0,0
gauntlet/20261003-003405-scrim-g1basics/losses/CyrilSharma.finalBot__AceOfSpades__botB.bc24,CyrilSharma.finalBot,1,B,g1basics,0,568,CAPTURE,1800,3900,202,20,23,222,5,0,5,37,12,8,92,75,97,147,43.9,5,4,1,0,18.6,45,7,4,0,0,1.81,3,1.92,51.4,92,1,3,2,0.667,25,15,1,,22.8,0,0,33,0,357,2,20,5,0
gauntlet/20261003-003405-scrim-g1basics/losses/ColtG5.Goob_final__OceanFloor__botA.bc24,ColtG5.Goob_final,1,A,g1basics,0,552,CAPTURE,1400,1400,201,11,21,248,1,0,0,115,56,8,91,73,179,79,46.6,1,1,0,0,,47,4,7,0,0,0.96,3,2.20,20.8,183,1,4,2,0.500,33,3,1,,19.7,0,0,1,0,443,4,34,1,0
gauntlet/20261003-003405-scrim-g1basics/losses/ColtG5.Goob_final__OceanFloor__botA.bc24,ColtG5.Goob_final,0,B,Goob_final,1,552,CAPTURE,1400,1400,201,23,19,209,11,3,8,262,124,0,64,50,79,179,42.2,11,7,4,0,29.3,47,0,1,0,0,0.07,0,4.42,13.8,108,,,,,78,20,1,1,16.8,0,0,,0,0,0,352,0,0
gauntlet/20261003-002104-scrim-g1basics/replays/winkelmantanner.waffle__Mountain__botB.bc24,winkelmantanner.waffle,0,A,waffle,0,2000,LEVEL_SUM,4100,5300,203,8,9,206,56,2,54,385,164,6,267,265,383,1243,34.8,56,17,39,0,22.9,28,0,8,10,1,1.12,2,4.02,10.7,159,0,4,2,0.500,324,169,0,,12.9,0,0,,0,85,14,1193,0,0
gauntlet/20261003-002104-scrim-g1basics/replays/winkelmantanner.waffle__Mountain__botB.bc24,winkelmantanner.waffle,1,B,g1basics,1,2000,LEVEL_SUM,4100,5900,201,6,9,281,8,2,6,271,127,54,499,425,1243,383,45.4,8,8,0,0,18.0,47,39,17,0,0,2.86,2,6.26,25.8,130,1,3,1,0.333,69,14,1,,22.8,0,0,2,0,1006,55,14,8,1
gauntlet/20261003-002104-scrim-g1basics/replays/winkelmantanner.waffle__Funnel__botB.bc24,winkelmantanner.waffle,0,A,waffle,0,2000,LEVEL_SUM,2200,3700,202,30,23,224,35,2,33,360,189,5,265,245,348,949,38.3,35,10,25,0,45.3,40,0,7,11,1,0.60,2,4.17,9.7,260,2,5,2,0.400,385,259,1,,12.1,0,0,,0,50,18,1189,0,0
gauntlet/20261003-002104-scrim-g1basics/replays/winkelmantanner.waffle__Funnel__botB.bc24,winkelmantanner.waffle,1,B,g1basics,1,2000,LEVEL_SUM,2200,4200,201,5,2,469,7,2,5,350,171,33,434,371,949,348,45.7,7,7,0,0,41.2,37,25,10,0,1,2.68,2,2.38,20.4,149,0,3,0,0.000,112,36,1,,21.6,0,0,1,0,808,9,10,7,0
gauntlet/20261003-003405-scrim-g1basics/losses/ColtG5.Goob_final__Tunnels__botA.bc24,ColtG5.Goob_final,1,A,g1basics,0,2000,MORE_FLAG_CAPTURES,2400,2700,207,0,0,257,0,0,0,0,0,0,234,160,867,434,44.7,0,0,0,0,,34,0,1,0,0,0.31,1,0.00,38.0,34,1,1,1,1.000,59,20,1,,22.8,0,0,224,0,432,9,21,0,0
gauntlet/20261003-003405-scrim-g1basics/losses/ColtG5.Goob_final__Tunnels__botA.bc24,ColtG5.Goob_final,0,B,Goob_final,1,2000,MORE_FLAG_CAPTURES,2400,3900,204,18,22,208,1,1,0,42,21,0,237,219,434,867,39.4,1,1,0,0,,33,0,0,0,0,0.00,0,9.14,14.5,,,,,,66,35,0,0,16.5,0,0,,0,0,0,1800,0,0
gauntlet/20261003-003405-scrim-g1basics/losses/CyrilSharma.finalBot__DefaultLarge__botA.bc24,CyrilSharma.finalBot,1,A,g1basics,0,2000,MORE_FLAG_CAPTURES,1800,3000,202,10,11,298,0,0,0,0,0,16,271,198,617,629,42.3,0,0,0,0,,44,13,4,0,0,2.47,1,0.00,40.3,108,1,3,1,0.333,56,7,1,,21.3,0,0,1,0,907,56,21,0,0
gauntlet/20261003-003405-scrim-g1basics/losses/CyrilSharma.finalBot__DefaultLarge__botA.bc24,CyrilSharma.finalBot,0,B,finalBot,1,2000,MORE_FLAG_CAPTURES,1800,6100,202,31,33,270,17,1,16,223,104,0,575,559,629,617,42.5,17,4,13,0,45.3,41,0,0,0,0,0.00,0,6.84,35.6,,,,,,52,0,1,,25.1,67,0,528,1,0,0,5,0,0
gauntlet/20261003-003405-scrim-g1basics/losses/IvanGeffner.kuma__Alien__botA.bc24,IvanGeffner.kuma,1,A,g1basics,0,377,CAPTURE,3300,3300,202,0,0,0,0,0,0,0,0,3,62,41,28,80,45.1,0,0,0,0,,42,3,3,0,0,2.54,3,0.00,43.0,24,0,1,1,1.000,10,4,1,,19.5,0,0,1,0,345,1,10,0,0
gauntlet/20261003-003405-scrim-g1basics/losses/IvanGeffner.kuma__Alien__botA.bc24,IvanGeffner.kuma,0,B,kuma,1,377,CAPTURE,3300,3300,202,40,45,220,11,3,3,71,32,0,114,79,80,28,48.3,11,3,3,5,15.0,38,0,0,0,0,0.00,0,4.10,29.8,,,,,,1,0,0,,25.1,27,0,73,1,0,0,177,0,0
gauntlet/20261003-003405-scrim-g1basics/losses/Gymhgy.v10official__DefaultMedium__botB.bc24,Gymhgy.v10official,0,A,v10official,1,1009,CAPTURE,2900,4100,201,35,37,244,55,3,7,791,84,40,159,146,203,178,45.7,52,7,3,42,25.0,37,13,28,0,0,2.30,1,8.83,5.6,315,1,11,1,0.091,53,35,1,,25.1,73,0,,0,0,0,5,0,0
gauntlet/20261003-003405-scrim-g1basics/losses/Gymhgy.v10official__DefaultMedium__botB.bc24,Gymhgy.v10official,1,B,g1basics,0,1009,CAPTURE,2900,2900,201,27,29,266,41,1,40,640,295,7,136,86,178,203,45.2,41,28,13,0,32.7,38,3,7,0,0,1.54,3,7.01,24.3,136,3,1,0,0.000,41,3,1,,22.8,0,0,12,0,583,25,10,40,2
gauntlet/20261003-003405-scrim-g1basics/losses/Gymhgy.v10official__Starfish__botB.bc24,Gymhgy.v10official,0,A,v10official,1,953,CAPTURE,3900,4000,201,15,20,201,44,3,16,652,270,7,58,56,123,415,39.5,41,18,2,21,7.9,40,1,8,0,0,3.21,2,7.98,8.3,32,0,1,0,0.000,86,58,0,,25.0,9,0,,0,0,0,4,0,0
gauntlet/20261003-003405-scrim-g1basics/losses/Gymhgy.v10official__Starfish__botB.bc24,Gymhgy.v10official,1,B,g1basics,0,953,CAPTURE,4100,4200,201,17,14,201,9,2,7,119,54,16,144,120,415,123,46.9,9,8,1,0,12.0,42,2,18,0,0,6.72,3,10.76,27.4,5,2,,,,24,2,1,,22.8,0,0,9,0,1066,30,11,9,0
gauntlet/20261003-003405-scrim-g1basics/losses/CyrilSharma.finalBot__YearOfTheDragon__botA.bc24,CyrilSharma.finalBot,1,A,g1basics,0,2000,MORE_FLAG_CAPTURES,10800,10800,201,15,4,232,6,0,6,73,27,9,341,283,589,599,42.7,6,5,1,0,17.5,45,5,6,1,0,4.43,2,6.70,50.8,49,0,2,2,1.000,39,1,1,,21.2,0,0,1,0,1583,36,57,6,0
gauntlet/20261003-003405-scrim-g1basics/losses/CyrilSharma.finalBot__YearOfTheDragon__botA.bc24,CyrilSharma.finalBot,0,B,finalBot,1,2000,MORE_FLAG_CAPTURES,10800,10800,201,18,33,221,11,2,9,111,49,6,677,669,599,589,42.8,11,6,5,0,24.2,41,1,5,0,0,2.77,0,8.35,49.9,23,0,1,0,0.000,42,4,1,,25.0,11,0,375,1,0,0,6,0,0
gauntlet/20261003-003405-scrim-g1basics/losses/Gymhgy.v10official__GravitationalWaves__botA.bc24,Gymhgy.v10official,1,A,g1basics,0,2000,MORE_FLAG_CAPTURES,3700,3700,201,19,21,479,1,0,1,26,12,10,275,197,317,191,47.7,1,1,0,0,36.0,18,7,5,0,0,4.79,1,0.19,25.6,23,1,,,,24,0,1,,22.3,0,0,1,0,2256,206,31,1,0
gauntlet/20261003-003405-scrim-g1basics/losses/Gymhgy.v10official__GravitationalWaves__botA.bc24,Gymhgy.v10official,0,B,v10official,1,2000,MORE_FLAG_CAPTURES,3700,3700,201,24,27,201,33,1,10,671,170,1,247,183,191,317,46.2,30,5,7,18,24.1,11,0,1,1,0,1.19,0,9.29,2.8,17,0,1,0,0.000,56,1,1,,25.1,93,0,,0,0,0,1,0,0
gauntlet/20261003-003405-scrim-g1basics/losses/IvanGeffner.kuma__BigDucksBigPond__botA.bc24,IvanGeffner.kuma,1,A,g1basics,0,1903,CAPTURE,5100,6100,201,2,0,488,0,0,0,0,0,6,250,223,443,870,38.9,0,0,0,0,,47,4,6,0,0,0.57,3,0.00,47.9,166,2,3,2,0.667,82,29,1,,20.4,0,0,1,0,1354,46,16,0,0
gauntlet/20261003-003405-scrim-g1basics/losses/IvanGeffner.kuma__BigDucksBigPond__botA.bc24,IvanGeffner.kuma,0,B,kuma,1,1903,CAPTURE,5100,7900,201,39,42,249,19,3,6,209,118,0,767,725,870,443,44.3,19,6,4,9,44.2,47,0,0,1,1,0.00,0,2.29,33.7,,,,,,57,0,1,,25.0,27,0,72,1,3,3,1703,0,0
gauntlet/20261003-003405-scrim-g1basics/losses/IvanGeffner.kuma__Capacitance__botA.bc24,IvanGeffner.kuma,1,A,g1basics,0,574,CAPTURE,3600,4200,201,6,2,206,0,0,0,0,0,7,95,70,68,165,43.1,0,0,0,0,,40,4,8,0,0,0.94,3,0.00,39.6,145,2,2,2,1.000,17,0,1,,20.7,0,0,1,0,482,11,19,0,0
gauntlet/20261003-003405-scrim-g1basics/losses/IvanGeffner.kuma__Capacitance__botA.bc24,IvanGeffner.kuma,0,B,kuma,1,574,CAPTURE,3600,5800,201,28,20,210,27,3,7,207,99,0,184,162,165,68,47.1,27,8,4,15,15.6,41,0,0,0,0,0.00,0,2.95,30.6,,,,,,14,0,1,,25.1,36,0,24,1,0,0,374,0,0
gauntlet/20261003-003405-scrim-g1basics/losses/IvanGeffner.kuma__StackGame__botB.bc24,IvanGeffner.kuma,0,A,kuma,1,340,CAPTURE,4600,4600,202,19,40,213,8,3,0,82,39,0,92,48,54,19,48.8,8,3,0,5,,44,0,0,0,0,0.00,0,6.16,32.2,,,,,,0,0,0,,25.1,39,0,25,1,0,0,140,0,0
gauntlet/20261003-003405-scrim-g1basics/losses/IvanGeffner.kuma__StackGame__botB.bc24,IvanGeffner.kuma,1,B,g1basics,0,340,CAPTURE,4600,4600,202,0,0,0,0,0,0,0,0,0,64,38,19,54,46.4,0,0,0,0,,44,0,3,0,0,1.82,3,0.00,43.5,46,1,1,1,1.000,2,1,1,,22.8,0,0,5,0,206,3,8,0,0
gauntlet/20261003-003405-scrim-g1basics/losses/NotLLeon.v3__Decision__botB.bc24,NotLLeon.v3,0,A,v3,1,700,CAPTURE,1900,1900,202,11,33,246,34,3,24,423,197,15,97,96,112,112,46.2,34,9,18,7,42.3,26,6,10,0,0,0.67,1,4.45,6.4,257,1,5,1,0.200,26,7,0,,19.2,0,0,,1,2,0,315,0,7
gauntlet/20261003-003405-scrim-g1basics/losses/NotLLeon.v3__Decision__botB.bc24,NotLLeon.v3,1,B,g1basics,0,700,CAPTURE,1900,1900,202,18,20,241,16,1,15,408,192,24,67,29,112,112,46.1,16,10,6,0,38.3,34,18,9,0,0,1.84,3,0.81,20.6,234,3,3,2,0.667,37,4,1,,20.0,0,0,1,0,243,5,10,15,2
gauntlet/20261003-003405-scrim-g1basics/losses/IvanGeffner.kuma__Diagonal__botB.bc24,IvanGeffner.kuma,0,A,kuma,1,2000,LEVEL_SUM,5100,5100,201,34,33,247,64,0,43,68,15,0,389,339,324,312,46.2,64,30,19,15,33.1,35,0,0,15,0,0.00,0,5.87,30.7,,,,,,16,0,0,,25.1,27,0,104,1,0,0,1800,0,0
gauntlet/20261003-003405-scrim-g1basics/losses/IvanGeffner.kuma__Diagonal__botB.bc24,IvanGeffner.kuma,1,B,g1basics,0,2000,LEVEL_SUM,5100,5100,201,15,20,257,0,0,0,0,0,43,279,222,312,324,46.1,0,0,0,0,,34,19,30,0,0,6.57,0,0.00,20.7,2,0,,,,12,0,1,,22.8,0,0,14,0,1037,46,14,0,0
gauntlet/20261003-003405-scrim-g1basics/losses/IvanGeffner.kuma__Randy__botB.bc24,IvanGeffner.kuma,0,A,kuma,1,2000,MORE_FLAG_CAPTURES,3400,13600,201,15,9,208,25,2,8,62,27,7,502,450,624,440,44.7,25,4,6,15,13.9,28,1,6,1,0,9.53,0,8.45,27.5,0,0,,,,75,9,0,,25.1,38,0,17,1,0,0,1278,0,0
gauntlet/20261003-003405-scrim-g1basics/losses/IvanGeffner.kuma__Randy__botB.bc24,IvanGeffner.kuma,1,B,g1basics,0,2000,MORE_FLAG_CAPTURES,3400,3400,201,25,14,212,7,0,7,15,2,8,303,246,440,624,42.4,7,6,1,0,13.9,39,6,4,0,0,3.55,2,9.60,32.9,24,1,1,1,1.000,58,4,1,,22.8,0,0,7,0,1192,65,16,6,0
gauntlet/20261003-003405-scrim-g1basics/losses/NotLLeon.v3__Duck__botB.bc24,NotLLeon.v3,0,A,v3,1,1564,CAPTURE,2900,2900,201,37,33,239,71,3,58,734,329,31,258,246,385,443,43.1,71,18,43,10,45.2,45,9,23,8,2,1.00,1,5.17,9.3,317,1,4,1,0.250,98,36,1,,19.9,0,0,569,1,1,0,1241,0,25
gauntlet/20261003-003405-scrim-g1basics/losses/NotLLeon.v3__Duck__botB.bc24,NotLLeon.v3,1,B,g1basics,0,1564,CAPTURE,2900,2900,201,25,22,241,32,1,31,509,229,58,252,194,443,385,44.0,32,23,9,0,44.3,46,43,18,2,1,1.82,3,2.32,21.1,457,3,6,3,0.500,97,5,1,,20.0,0,0,1,0,650,12,13,31,1
gauntlet/20261003-003405-scrim-g1basics/losses/NotLLeon.v3__FloodGates__botA.bc24,NotLLeon.v3,1,A,g1basics,0,2000,MORE_FLAG_CAPTURES,500,1400,207,1,0,425,12,0,12,80,33,3,220,161,536,448,44.6,12,12,0,0,17.3,25,1,3,0,0,1.37,1,4.56,29.2,32,1,1,1,1.000,28,0,1,,24.7,0,0,205,0,1509,30,559,12,0
gauntlet/20261003-003405-scrim-g1basics/losses/NotLLeon.v3__FloodGates__botA.bc24,NotLLeon.v3,0,B,v3,1,2000,MORE_FLAG_CAPTURES,500,2000,211,9,20,347,6,1,3,43,18,12,242,227,448,536,43.5,6,3,1,2,19.7,27,0,12,0,0,2.36,0,13.30,11.6,34,0,1,0,0.000,14,7,0,,25.0,2,0,,0,0,0,1800,0,200
gauntlet/20261003-003405-scrim-g1basics/losses/NotLLeon.v3__Foxes__botB.bc24,NotLLeon.v3,0,A,v3,1,1683,CAPTURE,7500,7500,205,27,27,274,39,3,30,340,147,10,381,372,511,479,43.1,39,11,22,6,24.3,43,0,11,1,1,0.72,1,7.91,8.8,219,1,4,1,0.250,63,9,0,,19.6,0,0,,1,0,0,914,0,104
gauntlet/20261003-003405-scrim-g1basics/losses/NotLLeon.v3__Foxes__botB.bc24,NotLLeon.v3,1,B,g1basics,0,1683,CAPTURE,7500,7500,205,13,20,246,11,1,10,282,134,30,317,256,479,511,42.6,11,11,0,0,24.6,42,22,11,0,0,1.82,3,1.67,23.9,186,3,4,2,0.500,80,3,1,,22.7,0,0,1,0,902,36,14,11,1
gauntlet/20261003-003405-scrim-g1basics/losses/NotLLeon.v3__Rainbow__botA.bc24,NotLLeon.v3,1,A,g1basics,0,1828,CAPTURE,6000,6000,201,21,9,415,12,2,10,295,135,34,364,300,575,538,42.8,12,9,3,0,23.0,46,25,12,2,2,3.46,3,4.04,22.3,98,1,4,2,0.500,83,8,1,,21.7,0,0,1,0,844,35,16,12,2
gauntlet/20261003-003405-scrim-g1basics/losses/NotLLeon.v3__Rainbow__botA.bc24,NotLLeon.v3,0,B,v3,1,1828,CAPTURE,6000,6000,201,24,22,243,47,3,34,301,131,10,332,331,538,575,42.3,47,12,25,10,34.4,45,3,9,8,1,0.88,2,8.69,9.8,197,2,4,2,0.500,82,23,1,,22.0,0,0,623,1,0,0,1628,0,27
gauntlet/20261003-003405-scrim-g1basics/losses/SampleProvider.TSPAARKSPRINT1__WheresMyWater__botB.bc24,SampleProvider.TSPAARKSPRINT1,0,A,TSPAARKSPRINT1,1,786,CAPTURE,3000,4800,201,8,3,210,26,3,20,641,227,13,33,31,54,225,42.9,23,10,13,0,9.4,44,4,12,0,0,7.11,2,11.07,13.7,29,0,2,1,0.500,79,40,1,1,24.7,0,0,671,0,1,0,519,0,0
gauntlet/20261003-003405-scrim-g1basics/losses/SampleProvider.TSPAARKSPRINT1__WheresMyWater__botB.bc24,SampleProvider.TSPAARKSPRINT1,1,B,g1basics,0,786,CAPTURE,3000,4500,201,36,33,205,16,2,13,190,86,20,133,109,225,54,48.3,16,12,4,0,12.7,43,13,10,0,0,2.71,3,10.01,25.2,47,3,1,1,1.000,14,3,1,,21.7,0,0,1,0,559,14,10,65,0
gauntlet/20261003-003405-scrim-g1basics/losses/NotLLeon.v3__Hurricane__botB.bc24,NotLLeon.v3,0,A,v3,1,2000,MORE_FLAG_CAPTURES,4500,4500,201,6,34,212,162,1,156,604,244,18,281,263,313,513,43.8,162,47,111,4,20.6,47,4,14,36,0,2.98,0,5.33,9.2,41,0,1,0,0.000,127,2,0,,19.0,0,0,1064,1,0,0,1800,0,21
gauntlet/20261003-003405-scrim-g1basics/losses/NotLLeon.v3__Hurricane__botB.bc24,NotLLeon.v3,1,B,g1basics,0,2000,MORE_FLAG_CAPTURES,4500,4500,201,25,26,225,18,0,18,112,43,156,334,308,513,313,46.2,18,14,4,0,18.8,43,111,47,1,0,6.66,1,5.53,17.0,130,1,3,1,0.333,73,6,1,,21.4,0,0,1,0,1133,17,27,18,2
gauntlet/20261003-003405-scrim-g1basics/losses/Strequals.duck0127v5__Canals__botA.bc24,Strequals.duck0127v5,1,A,g1basics,0,1111,CAPTURE,4600,4600,311,0,0,609,3,0,3,52,24,26,176,133,184,527,38.7,3,3,0,0,15.0,47,17,12,0,0,2.13,3,1.42,39.4,147,1,4,3,0.750,38,29,1,,22.7,0,0,1,0,1060,8,14,3,1
gauntlet/20261003-003405-scrim-g1basics/losses/Strequals.duck0127v5__Canals__botA.bc24,Strequals.duck0127v5,0,B,duck0127v5,1,1111,CAPTURE,4600,6300,202,13,18,258,29,3,26,285,128,3,499,448,527,184,46.0,29,12,17,0,31.6,45,0,3,0,0,0.85,0,10.61,27.5,33,0,1,0,0.000,20,1,1,,25.0,0,0,,0,0,0,160,0,0
gauntlet/20261003-003405-scrim-g1basics/losses/Strequals.duck0127v5__Foxes__botB.bc24,Strequals.duck0127v5,0,A,duck0127v5,1,861,CAPTURE,7500,7500,203,4,36,288,16,3,13,294,144,16,261,239,190,113,46.9,16,6,10,0,31.8,28,2,14,0,0,1.05,0,8.61,28.2,130,0,1,0,0.000,15,3,0,,25.0,1,0,,0,0,0,137,0,0
gauntlet/20261003-003405-scrim-g1basics/losses/Strequals.duck0127v5__Foxes__botB.bc24,Strequals.duck0127v5,1,B,g1basics,0,861,CAPTURE,7500,7500,202,22,23,217,16,0,16,215,99,13,179,113,113,190,44.7,16,14,2,0,29.7,37,10,6,0,0,0.70,3,1.57,31.6,218,3,3,3,1.000,31,2,1,,21.2,0,0,1,0,454,12,20,16,5
gauntlet/20261003-003405-scrim-g1basics/losses/Strequals.duck0127v5__Soccer__botA.bc24,Strequals.duck0127v5,1,A,g1basics,0,602,CAPTURE,3000,3000,205,12,18,240,9,0,8,107,51,10,83,44,55,101,45.9,9,7,2,0,26.9,32,8,5,0,0,2.09,3,6.54,31.2,105,1,3,3,1.000,10,0,0,,22.8,0,0,270,0,198,4,10,9,0
gauntlet/20261003-003405-scrim-g1basics/losses/Strequals.duck0127v5__Soccer__botA.bc24,Strequals.duck0127v5,0,B,duck0127v5,1,602,CAPTURE,3000,3200,206,14,22,244,13,3,10,183,88,8,150,127,101,55,47.9,13,5,8,0,29.4,28,2,7,0,0,2.06,0,12.44,27.9,40,0,1,0,0.000,12,3,0,,22.7,0,0,,0,0,0,115,0,0
gauntlet/20261003-003405-scrim-g1basics/losses/Strequals.duck0127v5__Skyline__botB.bc24,Strequals.duck0127v5,0,A,duck0127v5,1,1563,CAPTURE,21600,21600,210,7,17,273,28,3,25,210,95,25,470,439,445,323,45.0,28,13,15,0,16.2,37,5,20,2,2,3.36,0,7.84,32.4,20,0,1,0,0.000,56,4,0,,20.9,0,0,,0,0,0,117,0,0
gauntlet/20261003-003405-scrim-g1basics/losses/Strequals.duck0127v5__Skyline__botB.bc24,Strequals.duck0127v5,1,B,g1basics,0,1563,CAPTURE,21600,21600,201,32,28,214,25,0,25,144,55,25,371,351,323,445,43.1,25,20,5,0,17.9,46,15,13,0,0,2.84,3,4.56,38.6,73,2,3,2,0.667,50,7,1,,19.9,0,0,1,0,2286,36,30,24,1
gauntlet/20261003-003405-scrim-g1basics/losses/andli28.v9_USQuals_angle__AceOfSpades__botB.bc24,andli28.v9_USQuals_angle,0,A,v9_USQuals_angle,1,632,CAPTURE,1800,18900,203,8,26,260,20,3,17,183,76,0,272,180,174,85,46.7,20,7,13,0,17.7,38,0,0,0,0,0.00,0,4.19,11.0,,,,,,16,2,0,0,24.6,0,0,,1,0,0,298,0,0
gauntlet/20261003-003405-scrim-g1basics/losses/andli28.v9_USQuals_angle__AceOfSpades__botB.bc24,andli28.v9_USQuals_angle,1,B,g1basics,0,632,CAPTURE,1800,2700,202,22,23,303,0,0,0,0,0,17,86,69,85,174,43.6,0,0,0,0,,43,13,7,0,0,4.34,3,0.00,30.1,99,1,2,2,1.000,15,2,1,,22.8,0,0,31,0,341,13,11,0,0
gauntlet/20261003-003405-scrim-g1basics/losses/andli28.v9_USQuals_angle__Funnel__botB.bc24,andli28.v9_USQuals_angle,0,A,v9_USQuals_angle,1,1889,CAPTURE,2200,4400,202,17,18,360,28,3,25,414,243,4,757,724,766,373,45.2,28,11,17,0,46.3,35,0,4,13,2,1.30,0,2.54,9.7,24,0,2,0,0.000,67,4,1,1,25.1,4,0,,1,0,0,492,0,0
gauntlet/20261003-003405-scrim-g1basics/losses/andli28.v9_USQuals_angle__Funnel__botB.bc24,andli28.v9_USQuals_angle,1,B,g1basics,0,1889,CAPTURE,2200,3500,201,16,9,332,4,0,4,73,33,25,293,248,373,766,40.2,4,4,0,0,50.3,39,17,11,0,0,2.15,3,1.48,28.7,286,2,4,3,0.750,71,9,1,,21.8,0,0,1,0,677,24,11,4,0
gauntlet/20261003-003405-scrim-g1basics/losses/andli28.v9_USQuals_angle__Occulus__botA.bc24,andli28.v9_USQuals_angle,1,A,g1basics,0,1641,CAPTURE,1800,1800,201,20,15,226,0,0,0,0,0,13,193,178,296,770,38.6,0,0,0,0,,42,10,6,0,0,3.25,3,0.00,36.4,72,0,3,3,1.000,15,7,1,,20.0,0,0,1,0,1213,91,13,0,0
gauntlet/20261003-003405-scrim-g1basics/losses/andli28.v9_USQuals_angle__Occulus__botA.bc24,andli28.v9_USQuals_angle,0,B,v9_USQuals_angle,1,1641,CAPTURE,1800,9600,201,29,11,231,16,3,13,154,70,0,528,469,770,296,45.6,16,6,10,0,19.2,39,0,0,3,1,0.00,0,5.53,14.4,,,,,,22,1,1,0,25.0,4,0,430,1,0,0,496,0,0
gauntlet/20261003-003405-scrim-g1basics/losses/andli28.v9_USQuals_angle__Gated__botA.bc24,andli28.v9_USQuals_angle,1,A,g1basics,0,2000,MORE_FLAG_CAPTURES,1500,2200,207,8,5,579,10,1,9,273,128,17,252,182,346,767,40.7,10,10,0,0,20.3,32,12,7,0,1,2.37,2,2.21,27.0,66,1,2,2,1.000,75,7,1,,22.8,0,0,151,0,998,64,15,10,1
gauntlet/20261003-003405-scrim-g1basics/losses/andli28.v9_USQuals_angle__Gated__botA.bc24,andli28.v9_USQuals_angle,0,B,v9_USQuals_angle,1,2000,MORE_FLAG_CAPTURES,1500,2600,208,25,19,241,19,2,17,150,66,9,544,495,767,346,45.8,19,7,12,0,20.6,33,0,10,0,0,0.60,1,3.15,10.4,199,1,3,1,0.333,68,7,0,0,25.0,3,0,,1,0,0,443,0,0
gauntlet/20261003-003405-scrim-g1basics/losses/andrewgopher.player22__StackGame__botA.bc24,andrewgopher.player22,1,A,g1basics,0,386,CAPTURE,4600,4600,201,1,10,0,0,0,0,0,0,6,71,51,96,74,45.5,0,0,0,0,,45,5,4,0,0,3.96,3,0.00,35.7,49,2,1,1,1.000,0,0,1,,22.8,0,0,5,0,301,0,10,0,0
gauntlet/20261003-003405-scrim-g1basics/losses/andrewgopher.player22__StackGame__botA.bc24,andrewgopher.player22,0,B,player22,1,386,CAPTURE,4600,4600,201,31,22,222,13,3,6,116,50,0,84,69,74,96,44.2,10,4,5,1,15.3,41,0,0,0,0,0.00,0,8.18,21.5,,,,,,7,2,0,0,25.0,4,0,,0,0,0,1,0,0
gauntlet/20261003-003405-scrim-g1basics/losses/andli28.v9_USQuals_angle__QuestionableChess__botA.bc24,andli28.v9_USQuals_angle,1,A,g1basics,0,877,CAPTURE,0,0,201,3,26,276,8,0,8,144,63,23,67,41,153,256,42.9,8,5,3,0,16.3,39,17,9,0,0,3.05,3,3.00,34.1,86,1,3,1,0.333,30,5,1,,22.8,0,0,17,0,430,14,17,7,0
gauntlet/20261003-003405-scrim-g1basics/losses/andli28.v9_USQuals_angle__QuestionableChess__botA.bc24,andli28.v9_USQuals_angle,0,B,v9_USQuals_angle,1,877,CAPTURE,0,0,203,10,24,292,26,3,23,275,124,8,171,144,256,153,45.9,26,9,17,0,18.2,33,3,5,0,0,1.47,0,5.39,15.5,75,0,1,0,0.000,33,5,0,0,25.0,2,0,,1,0,0,321,0,0
gauntlet/20261003-003405-scrim-g1basics/losses/andrewgopher.player22__Snake__botA.bc24,andrewgopher.player22,1,A,g1basics,0,2000,MORE_FLAG_CAPTURES,13100,25600,203,21,28,495,5,0,5,98,47,2,430,397,884,1027,37.5,5,5,0,0,33.4,47,1,3,0,0,1.04,1,1.60,37.6,65,1,1,1,1.000,129,15,1,,22.8,0,0,215,0,2375,89,22,5,1
gauntlet/20261003-003405-scrim-g1basics/losses/andrewgopher.player22__Snake__botA.bc24,andrewgopher.player22,0,B,player22,1,2000,MORE_FLAG_CAPTURES,13100,36100,205,26,14,259,10,1,2,83,42,5,695,650,1027,884,39.2,7,3,1,3,33.5,41,0,5,1,0,0.48,0,4.69,16.2,63,0,1,0,0.000,137,24,0,1,25.0,57,0,,0,0,0,2,0,0
gauntlet/20261003-003405-scrim-g1basics/losses/andrewgopher.player22__WheresMyWater__botA.bc24,andrewgopher.player22,1,A,g1basics,0,920,CAPTURE,3000,3000,201,2,0,201,5,1,4,43,18,1,109,78,322,399,39.5,5,5,0,0,5.3,45,1,3,0,0,2.70,3,2.12,40.5,46,1,1,1,1.000,43,27,1,,20.0,0,0,1,0,1346,2,25,5,1
gauntlet/20261003-003405-scrim-g1basics/losses/andrewgopher.player22__WheresMyWater__botA.bc24,andrewgopher.player22,0,B,player22,1,920,CAPTURE,3000,5400,201,29,26,201,7,3,1,87,42,4,205,191,399,322,41.5,4,3,1,0,7.0,44,0,5,0,0,0.79,1,9.57,16.6,20,1,,,,34,15,1,1,25.1,45,0,,0,0,0,2,0,0
gauntlet/20261003-003405-scrim-g1basics/losses/andli28.v9_USQuals_angle__SteamboatMickey__botB.bc24,andli28.v9_USQuals_angle,0,A,v9_USQuals_angle,1,2000,MORE_FLAG_CAPTURES,7300,17800,201,13,9,201,12,2,10,111,53,8,875,812,1156,371,44.5,12,7,5,0,37.0,43,1,8,3,0,2.23,1,3.50,12.5,36,0,1,1,1.000,74,1,1,1,25.0,3,0,,0,0,0,497,0,0
gauntlet/20261003-003405-scrim-g1basics/losses/andli28.v9_USQuals_angle__SteamboatMickey__botB.bc24,andli28.v9_USQuals_angle,1,B,g1basics,0,2000,MORE_FLAG_CAPTURES,7300,8800,201,26,22,201,9,1,8,114,53,10,335,292,371,1156,35.9,9,8,1,0,24.3,43,5,7,0,0,2.32,2,5.40,37.5,60,0,2,2,1.000,75,38,1,,21.7,0,0,1,0,1306,35,22,9,0
gauntlet/20261003-003405-scrim-g1basics/losses/chenyx512.flagbot_final__Bunkers__botA.bc24,chenyx512.flagbot_final,1,A,g1basics,0,922,CAPTURE,2800,2800,201,11,5,385,4,2,2,160,74,7,131,116,67,412,39.2,4,4,0,0,8.5,45,3,7,0,0,1.36,3,5.72,33.1,101,1,3,3,1.000,57,36,1,,22.8,0,0,5,0,971,28,12,4,0
gauntlet/20261003-003405-scrim-g1basics/losses/chenyx512.flagbot_final__Bunkers__botA.bc24,chenyx512.flagbot_final,0,B,flagbot_final,1,922,CAPTURE,2800,2800,201,18,31,220,13,3,7,748,304,2,282,243,412,67,48.1,10,7,3,0,20.7,46,0,4,0,0,1.44,2,10.28,18.7,97,0,4,2,0.500,3,0,1,1,19.3,0,0,,1,0,0,206,0,0
gauntlet/20261003-003405-scrim-g1basics/losses/andrewgopher.player22__Yinyang__botB.bc24,andrewgopher.player22,0,A,player22,1,1362,CAPTURE,2900,3200,201,30,26,210,27,3,21,173,73,0,352,330,867,675,38.0,24,10,14,0,16.5,50,0,2,6,1,0.84,2,11.14,17.2,33,0,1,1,1.000,104,63,1,1,25.0,48,0,,0,0,0,3,0,0
gauntlet/20261003-003405-scrim-g1basics/losses/andrewgopher.player22__Yinyang__botB.bc24,andrewgopher.player22,1,B,g1basics,0,1362,CAPTURE,2900,3200,201,0,2,439,2,2,0,63,30,21,182,155,675,867,34.6,2,2,0,0,,47,14,10,0,0,3.75,3,8.97,35.0,51,1,1,1,1.000,103,90,1,,21.4,0,0,2,0,1805,7,18,2,0
gauntlet/20261003-003405-scrim-g1basics/losses/chenyx512.flagbot_final__Alligator__botA.bc24,chenyx512.flagbot_final,1,A,g1basics,0,1130,CAPTURE,3300,4200,201,11,14,380,4,1,3,67,29,12,139,119,120,694,35.2,4,4,0,0,22.3,35,9,6,0,0,2.86,3,0.48,43.1,64,2,3,2,0.667,65,31,1,,22.8,0,0,5,0,1817,8,17,4,0
gauntlet/20261003-003405-scrim-g1basics/losses/chenyx512.flagbot_final__Alligator__botA.bc24,chenyx512.flagbot_final,0,B,flagbot_final,1,1130,CAPTURE,3300,8400,201,34,30,221,18,3,12,732,294,3,522,458,694,120,47.3,15,6,9,0,15.3,37,0,4,0,0,1.01,1,8.04,31.0,36,0,1,1,1.000,4,0,1,1,22.8,0,0,,1,0,0,720,0,0
gauntlet/20261003-003405-scrim-g1basics/losses/chenyx512.flagbot_final__CH3353C4K3F4CT0RY__botB.bc24,chenyx512.flagbot_final,0,A,flagbot_final,1,929,CAPTURE,13000,13400,213,25,27,296,11,3,5,735,305,9,471,395,399,81,47.8,8,3,5,0,20.0,38,0,9,0,0,2.36,0,9.21,24.7,20,0,,,,3,0,0,0,19.7,0,0,,0,0,0,322,0,0
gauntlet/20261003-003405-scrim-g1basics/losses/chenyx512.flagbot_final__CH3353C4K3F4CT0RY__botB.bc24,chenyx512.flagbot_final,1,B,g1basics,0,929,CAPTURE,13000,13000,202,18,17,304,9,0,9,101,42,5,234,189,81,399,39.7,9,9,0,0,22.9,42,5,3,0,0,3.51,3,1.24,38.2,74,0,3,3,1.000,36,0,1,,21.4,0,0,1,0,655,19,18,9,331
gauntlet/20261003-003405-scrim-g1basics/losses/dmtrung14.defaultplayer_intlqualifier__DefaultHuge__botA.bc24,dmtrung14.defaultplayer_intlqualifier,1,A,g1basics,0,489,CAPTURE,3700,3700,201,23,31,313,5,2,3,183,90,6,55,47,125,8,49.5,5,4,1,0,20.7,47,3,6,0,0,0.88,3,3.41,16.4,80,3,,,,3,0,1,,20.1,0,0,1,0,202,4,4,5,1
gauntlet/20261003-003405-scrim-g1basics/losses/dmtrung14.defaultplayer_intlqualifier__DefaultHuge__botA.bc24,dmtrung14.defaultplayer_intlqualifier,0,B,defaultplayer_intlqualifier,1,489,CAPTURE,3700,3700,201,12,7,204,43,3,6,440,143,3,69,64,8,125,43.5,40,6,3,31,17.0,46,1,4,0,0,0.31,2,4.39,15.7,152,2,3,2,0.667,49,20,1,1,25.1,145,0,202,1,0,0,289,0,0
gauntlet/20261003-003405-scrim-g1basics/losses/chenyx512.flagbot_final__KingQuacksCastle__botB.bc24,chenyx512.flagbot_final,0,A,flagbot_final,1,836,CAPTURE,1600,13000,204,22,31,241,14,3,8,768,302,10,301,295,271,43,48.6,11,6,5,0,23.6,46,2,8,0,0,2.16,0,6.53,21.9,43,0,1,0,0.000,6,0,0,0,19.0,0,0,516,1,0,0,380,0,0
gauntlet/20261003-003405-scrim-g1basics/losses/chenyx512.flagbot_final__KingQuacksCastle__botB.bc24,chenyx512.flagbot_final,1,B,g1basics,0,836,CAPTURE,1600,1800,204,15,13,465,10,0,10,115,52,8,101,79,43,271,42.0,10,8,2,0,22.1,48,5,6,0,0,1.17,3,2.06,33.6,118,2,3,3,1.000,29,5,1,,22.8,0,0,13,0,840,17,41,10,8
gauntlet/20261003-003405-scrim-g1basics/losses/chenyx512.flagbot_final__OceanFloor__botB.bc24,chenyx512.flagbot_final,0,A,flagbot_final,1,1097,CAPTURE,1400,1400,201,40,32,264,9,3,3,809,339,16,259,222,340,77,48.2,6,5,1,0,52.0,47,1,15,0,0,1.51,0,4.01,17.1,162,0,4,0,0.000,16,4,1,1,18.9,0,0,,1,0,0,207,0,0
gauntlet/20261003-003405-scrim-g1basics/losses/chenyx512.flagbot_final__OceanFloor__botB.bc24,chenyx512.flagbot_final,1,B,g1basics,0,1097,CAPTURE,1400,1400,201,10,18,240,16,0,16,296,141,3,135,98,77,340,42.6,16,15,1,0,43.7,46,1,5,0,0,0.36,3,2.45,26.4,171,3,3,3,1.000,97,17,1,,20.7,0,0,1,0,626,25,12,16,5
gauntlet/20261003-003405-scrim-g1basics/losses/dmtrung14.defaultplayer_intlqualifier__StarryNight__botA.bc24,dmtrung14.defaultplayer_intlqualifier,1,A,g1basics,0,535,CAPTURE,13600,13700,201,19,28,203,6,2,3,228,111,5,136,84,204,24,48.9,6,5,1,0,20.0,45,3,5,0,0,3.23,3,4.17,28.4,22,3,,,,6,0,1,,18.8,0,0,1,0,139,4,7,5,0
gauntlet/20261003-003405-scrim-g1basics/losses/dmtrung14.defaultplayer_intlqualifier__StarryNight__botA.bc24,dmtrung14.defaultplayer_intlqualifier,0,B,defaultplayer_intlqualifier,1,535,CAPTURE,13600,13700,201,12,6,209,39,3,5,359,39,3,60,58,24,204,40.7,36,5,3,28,17.0,47,1,5,0,0,0.45,2,9.55,28.9,193,1,2,2,1.000,25,8,1,1,25.1,356,0,338,0,0,0,206,0,0
gauntlet/20261003-003405-scrim-g1basics/losses/hsmalladi.finalbot__HungerGames__botB.bc24,hsmalladi.finalbot,0,A,finalbot,1,409,CAPTURE,700,17000,208,33,25,238,25,3,13,733,71,0,198,178,91,55,46.7,22,4,12,6,14.4,47,0,1,0,0,0.00,1,8.69,14.6,45,1,1,1,1.000,12,6,0,,25.1,87,0,,0,0,0,8,0,0
gauntlet/20261003-003405-scrim-g1basics/losses/hsmalladi.finalbot__HungerGames__botB.bc24,hsmalladi.finalbot,1,B,g1basics,0,409,CAPTURE,700,5200,203,13,9,231,1,1,0,45,22,13,84,78,55,91,44.7,1,1,0,0,,47,12,4,0,0,3.41,3,1.31,34.2,41,2,,,,9,3,1,,22.8,0,0,207,0,255,7,13,1,0
gauntlet/20261003-003405-scrim-g1basics/losses/chenyx512.flagbot_final__Intercontinental__botA.bc24,chenyx512.flagbot_final,1,A,g1basics,0,1394,CAPTURE,2400,4200,201,8,6,240,14,1,13,262,128,13,133,110,179,860,34.9,14,13,1,0,20.0,47,10,6,0,0,2.46,3,5.15,33.9,105,2,3,3,1.000,89,40,1,,20.4,0,0,1,0,984,28,19,14,5
gauntlet/20261003-003405-scrim-g1basics/losses/chenyx512.flagbot_final__Intercontinental__botA.bc24,chenyx512.flagbot_final,0,B,flagbot_final,1,1394,CAPTURE,2400,4800,201,13,20,299,19,3,13,780,305,13,321,299,860,179,46.8,16,6,10,0,19.5,41,1,13,4,2,1.74,1,8.49,22.3,92,0,3,0,0.000,8,1,1,1,23.2,0,0,1278,1,0,0,1064,0,0
gauntlet/20261003-003405-scrim-g1basics/losses/hsmalladi.finalbot__Puzzle__botA.bc24,hsmalladi.finalbot,1,A,g1basics,0,720,CAPTURE,0,8900,207,11,7,228,6,1,5,245,121,30,135,101,161,127,45.7,6,5,1,0,18.6,40,19,14,0,0,2.49,3,2.31,21.9,151,3,2,2,1.000,52,11,1,,22.8,0,0,222,0,543,18,10,6,1
gauntlet/20261003-003405-scrim-g1basics/losses/hsmalladi.finalbot__Puzzle__botA.bc24,hsmalladi.finalbot,0,B,finalbot,1,720,CAPTURE,0,13700,205,37,23,262,44,3,30,889,197,5,160,155,127,161,44.6,41,14,19,8,28.0,44,1,5,0,0,0.50,1,4.63,15.0,190,1,4,1,0.250,62,15,0,,25.1,94,0,,0,0,0,4,0,0
gauntlet/20261003-003405-scrim-g1basics/losses/hsmalladi.finalbot__StackGame__botA.bc24,hsmalladi.finalbot,1,A,g1basics,0,470,CAPTURE,4600,4600,208,8,9,263,4,0,3,135,64,13,92,68,113,88,45.5,4,4,0,0,20.3,43,12,4,0,0,3.19,3,0.69,28.0,53,3,1,0,0.000,5,2,1,,19.2,0,0,1,0,215,5,8,4,0
gauntlet/20261003-003405-scrim-g1basics/losses/hsmalladi.finalbot__StackGame__botA.bc24,hsmalladi.finalbot,0,B,finalbot,1,470,CAPTURE,4600,4600,201,22,24,213,26,3,13,747,87,3,77,74,88,113,44.2,23,4,12,7,14.2,45,0,4,0,0,0.44,0,11.73,12.7,106,0,1,0,0.000,8,4,0,,25.0,88,0,,0,0,0,4,0,0
gauntlet/20261003-003405-scrim-g1basics/losses/hsmalladi.finalbot__BreadPudding__botB.bc24,hsmalladi.finalbot,0,A,finalbot,1,1794,CAPTURE,2600,3100,213,24,7,244,58,3,41,845,107,10,293,283,620,623,41.5,55,7,37,11,13.0,43,3,8,11,1,2.00,1,11.52,21.4,110,0,2,1,0.500,30,7,0,,25.0,66,0,,0,1,0,4,0,0
gauntlet/20261003-003405-scrim-g1basics/losses/hsmalladi.finalbot__BreadPudding__botB.bc24,hsmalladi.finalbot,1,B,g1basics,0,1794,CAPTURE,2600,2700,203,19,22,270,11,1,10,233,109,41,237,192,623,620,41.6,11,8,3,0,17.9,45,37,7,0,0,7.71,3,7.08,29.8,26,1,1,1,1.000,25,0,1,,21.6,0,0,1,0,1262,118,31,11,1
gauntlet/20261003-003405-scrim-g1basics/losses/hsmalladi.finalbot__Hurricane__botA.bc24,hsmalladi.finalbot,1,A,g1basics,0,2000,MORE_FLAG_CAPTURES,4500,4500,201,16,15,463,1,0,0,335,234,119,296,226,689,225,47.3,1,1,0,0,,45,73,49,0,0,5.49,1,0.00,15.0,165,1,4,1,0.250,49,4,1,,21.8,0,0,1,0,969,10,13,1,0
gauntlet/20261003-003405-scrim-g1basics/losses/hsmalladi.finalbot__Hurricane__botA.bc24,hsmalladi.finalbot,0,B,finalbot,1,2000,MORE_FLAG_CAPTURES,4500,4500,201,19,12,208,134,1,119,1086,264,0,249,233,225,689,41.6,131,49,73,9,18.7,47,0,1,17,0,0.00,0,4.38,25.2,336,,,,,238,18,1,,25.1,70,0,,0,0,0,21,0,0
gauntlet/20261003-003405-scrim-g1basics/losses/hsmalladi.finalbot__TwistedTreeline__botA.bc24,hsmalladi.finalbot,1,A,g1basics,0,897,CAPTURE,2400,2400,203,13,20,262,7,1,6,185,87,68,162,142,313,206,44.4,7,7,0,0,20.5,44,56,15,0,0,3.27,3,5.37,19.0,309,3,7,2,0.286,51,8,1,,20.6,0,0,1,0,476,6,11,7,0
gauntlet/20261003-003405-scrim-g1basics/losses/hsmalladi.finalbot__TwistedTreeline__botA.bc24,hsmalladi.finalbot,0,B,finalbot,1,897,CAPTURE,2200,2200,202,36,12,249,80,3,68,1265,300,6,117,112,206,313,41.5,77,15,56,6,19.4,42,0,7,0,0,1.40,1,6.54,9.3,96,1,3,1,0.333,92,40,0,,25.1,60,0,,0,0,0,6,0,0
gauntlet/20261003-003405-scrim-g1basics/losses/jmerle.camel_case_v21_final__HungerGames__botB.bc24,jmerle.camel_case_v21_final,0,A,camel_case_v21_final,1,301,CAPTURE,700,20700,203,39,27,207,3,3,0,109,56,0,190,145,66,29,47.8,3,3,0,0,,45,0,0,0,0,0.00,0,5.67,7.8,,,,,,7,1,0,,23.7,0,0,,0,0,0,0,0,0
gauntlet/20261003-003405-scrim-g1basics/losses/jmerle.camel_case_v21_final__HungerGames__botB.bc24,jmerle.camel_case_v21_final,1,B,g1basics,0,301,CAPTURE,700,1500,203,6,2,254,0,0,0,0,0,0,39,30,29,66,45.2,0,0,0,0,,47,0,3,0,0,1.14,3,0.00,54.9,63,0,3,3,1.000,4,1,1,,22.8,0,0,209,0,158,0,11,0,0
gauntlet/20261003-003405-scrim-g1basics/losses/jmerle.camel_case_v21_final__GravitationalWaves__botB.bc24,jmerle.camel_case_v21_final,0,A,camel_case_v21_final,1,2000,MORE_FLAG_CAPTURES,3700,3700,201,22,28,203,5,1,4,85,39,10,153,132,488,648,42.1,5,4,1,0,27.3,19,0,11,0,0,1.38,0,3.21,2.8,125,0,3,0,0.000,137,41,1,,22.7,0,0,,0,0,0,2,0,0
gauntlet/20261003-003405-scrim-g1basics/losses/jmerle.camel_case_v21_final__GravitationalWaves__botB.bc24,jmerle.camel_case_v21_final,1,B,g1basics,0,2000,MORE_FLAG_CAPTURES,3400,3400,201,13,10,212,11,0,10,185,114,4,247,166,648,488,44.1,11,11,0,0,22.7,19,1,4,0,0,2.80,1,1.67,29.5,30,0,1,1,1.000,85,1,1,,22.9,0,0,1,0,1959,116,19,11,5
gauntlet/20261003-003405-scrim-g1basics/losses/kyleezz.jeeryfix3__Skyline__botA.bc24,kyleezz.jeeryfix3,1,A,g1basics,0,410,CAPTURE,21600,21600,204,8,18,249,0,0,0,0,0,6,223,168,149,49,47.1,0,0,0,0,,47,6,3,0,0,1.62,3,0.00,30.8,41,0,2,2,1.000,9,1,1,,19.6,0,0,1,0,185,2,8,0,0
gauntlet/20261003-003405-scrim-g1basics/losses/kyleezz.jeeryfix3__Skyline__botA.bc24,kyleezz.jeeryfix3,0,B,jeeryfix3,1,410,CAPTURE,21600,21600,201,9,16,245,9,3,6,99,49,0,191,134,49,149,41.5,9,3,6,0,16.2,50,0,0,0,0,0.00,0,4.53,22.4,,,,,,28,9,0,0,24.9,0,0,14,1,0,0,2,0,0
gauntlet/20261003-003405-scrim-g1basics/losses/quesswho.cretplayer2_3__KingQuacksCastle__botB.bc24,quesswho.cretplayer2_3,0,A,cretplayer2_3,1,621,CAPTURE,1600,11800,205,22,18,214,21,3,15,981,195,3,123,119,107,117,44.7,18,7,11,0,21.6,41,0,4,0,0,2.41,0,19.58,21.0,29,0,1,0,0.000,41,24,0,0,25.0,2,0,35,1,3,3,420,0,145
gauntlet/20261003-003405-scrim-g1basics/losses/quesswho.cretplayer2_3__KingQuacksCastle__botB.bc24,quesswho.cretplayer2_3,1,B,g1basics,0,621,CAPTURE,1600,2300,204,7,4,376,4,0,3,63,23,15,85,64,117,107,45.8,4,4,0,0,25.7,48,11,7,0,0,1.99,3,2.54,22.8,197,1,4,3,0.750,22,10,1,,22.8,0,0,11,0,381,3,12,4,0
gauntlet/20261003-003405-scrim-g1basics/losses/quesswho.cretplayer2_3__Battlefield__botB.bc24,quesswho.cretplayer2_3,0,A,cretplayer2_3,1,373,CAPTURE,3700,3700,202,1,19,204,15,3,9,705,54,0,61,55,55,119,41.4,12,3,9,0,7.4,30,0,1,0,0,0.39,1,18.84,24.4,11,1,,,,7,6,1,1,25.0,3,0,4,0,0,0,172,0,102
gauntlet/20261003-003405-scrim-g1basics/losses/quesswho.cretplayer2_3__Battlefield__botB.bc24,quesswho.cretplayer2_3,1,B,g1basics,0,373,CAPTURE,3700,3700,202,13,12,209,1,1,0,18,9,9,64,41,119,55,46.8,1,1,0,0,,45,9,3,0,0,5.56,3,7.89,37.1,25,0,1,1,1.000,3,0,1,,20.5,0,0,1,0,277,3,5,1,0
gauntlet/20261003-003405-scrim-g1basics/losses/quesswho.cretplayer2_3__Canals__botA.bc24,quesswho.cretplayer2_3,1,A,g1basics,0,971,CAPTURE,4600,4600,263,0,8,371,8,1,7,354,173,24,206,128,371,263,43.6,8,6,2,0,18.0,47,24,3,0,0,2.84,3,5.41,22.2,287,1,4,1,0.250,45,12,1,,21.1,0,0,1,0,279,16,10,7,1
gauntlet/20261003-003405-scrim-g1basics/losses/quesswho.cretplayer2_3__Canals__botA.bc24,quesswho.cretplayer2_3,0,B,cretplayer2_3,1,971,CAPTURE,4600,5600,207,29,35,228,30,3,24,1139,331,7,149,143,263,371,40.3,27,3,24,0,12.0,40,2,6,0,0,0.90,1,22.45,21.0,260,1,5,1,0.200,95,92,1,1,25.0,13,0,1,0,0,0,316,0,430
gauntlet/20261003-003405-scrim-g1basics/losses/winkelmantanner.waffle__Gauntlet__botB.bc24,winkelmantanner.waffle,0,A,waffle,1,512,CAPTURE,2100,3500,204,37,32,234,42,3,39,268,116,0,86,82,81,137,43.4,42,7,35,0,24.9,22,0,0,0,0,0.00,0,6.18,10.4,,,,,,29,3,0,,10.4,0,0,,0,20,20,312,0,0
gauntlet/20261003-003405-scrim-g1basics/losses/winkelmantanner.waffle__Gauntlet__botB.bc24,winkelmantanner.waffle,1,B,g1basics,0,512,CAPTURE,2100,2100,210,3,6,285,0,0,0,0,0,39,43,29,137,81,46.4,0,0,0,0,,38,35,7,0,0,5.67,3,0.00,28.0,50,1,3,2,0.667,14,1,0,,22.8,0,0,267,0,229,1,8,0,0
gauntlet/20261003-003405-scrim-g1basics/losses/quesswho.cretplayer2_3__OceanFloor__botA.bc24,quesswho.cretplayer2_3,1,A,g1basics,0,1039,CAPTURE,1400,1400,201,21,21,336,14,2,11,1038,506,9,152,86,244,163,46.1,14,13,1,0,32.6,46,7,5,0,0,1.27,3,3.80,15.0,453,1,6,3,0.500,53,17,1,,20.4,0,0,1,0,392,46,52,14,1
gauntlet/20261003-003405-scrim-g1basics/losses/quesswho.cretplayer2_3__OceanFloor__botA.bc24,quesswho.cretplayer2_3,0,B,cretplayer2_3,1,1039,CAPTURE,1400,1400,201,32,38,212,15,3,9,1212,322,11,109,102,163,244,43.8,12,5,7,0,27.7,27,1,13,0,0,0.32,2,22.10,19.4,893,2,12,2,0.167,144,110,0,0,25.1,6,0,8,1,0,0,341,0,460
gauntlet/20261003-003405-scrim-g1basics/losses/winkelmantanner.waffle__Skyline__botA.bc24,winkelmantanner.waffle,1,A,g1basics,0,485,CAPTURE,21600,21600,202,15,15,267,5,1,4,122,40,13,225,166,131,67,46.6,5,5,0,0,16.3,47,10,6,0,0,1.24,3,2.02,38.1,134,1,3,2,0.667,10,0,1,,20.1,0,0,1,0,386,4,12,5,0
gauntlet/20261003-003405-scrim-g1basics/losses/winkelmantanner.waffle__Skyline__botA.bc24,winkelmantanner.waffle,0,B,waffle,1,485,CAPTURE,21600,21600,201,24,19,263,16,3,13,234,113,4,252,228,67,131,43.4,16,6,10,0,16.0,34,0,5,0,0,1.22,1,3.98,19.7,46,0,2,1,0.500,36,8,0,,10.1,0,0,,0,8,0,285,0,0
gauntlet/20261003-003405-scrim-g1basics/losses/winkelmantanner.waffle__Islands__botA.bc24,winkelmantanner.waffle,1,A,g1basics,0,485,CAPTURE,5800,5800,201,3,8,261,1,1,0,39,16,32,96,44,148,81,46.2,1,1,0,0,,47,32,3,0,0,4.73,3,8.51,28.0,42,0,2,1,0.500,10,0,1,,19.9,0,0,1,0,248,6,11,1,0
gauntlet/20261003-003405-scrim-g1basics/losses/winkelmantanner.waffle__Islands__botA.bc24,winkelmantanner.waffle,0,B,waffle,1,485,CAPTURE,5800,5800,201,26,15,211,35,3,32,260,120,0,101,88,81,148,42.6,35,3,32,0,14.3,42,0,1,0,0,2.10,1,5.99,10.6,6,0,1,1,1.000,28,15,1,,10.5,0,0,,0,11,0,285,0,0
gauntlet/20261003-003405-scrim-g1basics/losses/winkelmantanner.waffle__StackGame__botB.bc24,winkelmantanner.waffle,0,A,waffle,1,373,CAPTURE,4600,4600,204,18,28,207,10,3,7,117,58,1,81,75,49,94,44.1,10,3,7,0,16.4,29,1,1,0,0,0.64,1,6.15,13.9,15,1,,,,10,5,0,,10.3,0,0,,0,18,3,173,0,0
gauntlet/20261003-003405-scrim-g1basics/losses/winkelmantanner.waffle__StackGame__botB.bc24,winkelmantanner.waffle,1,B,g1basics,0,373,CAPTURE,4600,4600,201,12,4,262,2,1,1,22,9,7,75,57,94,49,46.8,2,1,1,0,12.0,47,7,3,0,0,1.97,3,3.50,36.0,60,1,3,3,1.000,9,4,1,,22.8,0,0,5,0,288,1,10,2,0
gauntlet/20261003-003405-scrim-g1basics/replays/ColtG5.Goob_final__BigDucksBigPond__botB.bc24,ColtG5.Goob_final,0,A,Goob_final,0,1540,CAPTURE,5000,8400,201,31,6,235,3,1,2,60,30,1,201,195,320,1180,31.4,3,1,2,0,24.5,47,1,3,0,0,0.52,3,7.10,19.8,200,3,4,3,0.750,149,140,1,1,18.5,0,0,,0,0,0,1213,0,0
gauntlet/20261003-003405-scrim-g1basics/replays/ColtG5.Goob_final__BigDucksBigPond__botB.bc24,ColtG5.Goob_final,1,B,g1basics,1,1540,CAPTURE,5100,5600,201,6,4,243,4,3,1,254,123,2,493,414,1180,320,44.9,4,3,1,0,41.0,47,2,1,1,3,1.68,1,4.86,23.0,25,1,1,0,0.000,40,2,1,,21.3,0,0,1,0,151,7,16,4,0
gauntlet/20261003-003405-scrim-g1basics/replays/ColtG5.Goob_final__DefaultLarge__botA.bc24,ColtG5.Goob_final,1,A,g1basics,1,1877,CAPTURE,1800,2900,225,10,19,286,9,3,6,433,229,0,552,464,1450,380,45.1,9,8,1,0,39.8,43,0,0,1,3,0.00,0,4.99,20.9,,,,,,51,5,1,,20.9,0,0,1,0,383,13,14,8,1
gauntlet/20261003-003405-scrim-g1basics/replays/ColtG5.Goob_final__DefaultLarge__botA.bc24,ColtG5.Goob_final,0,B,Goob_final,0,1877,CAPTURE,1800,6200,203,29,19,238,0,0,0,0,0,6,257,252,380,1450,31.2,0,0,0,0,,43,1,8,0,0,0.82,3,0.00,15.8,293,2,4,3,0.750,322,262,1,1,17.6,0,0,,0,0,0,1335,0,0
gauntlet/20261003-003405-scrim-g1basics/replays/CyrilSharma.finalBot__BedWars__botB.bc24,CyrilSharma.finalBot,0,A,finalBot,0,592,CAPTURE,2400,4700,206,27,24,224,21,2,18,84,42,3,17,16,47,92,46.3,21,5,16,0,13.8,46,0,6,0,0,0.72,3,5.40,54.5,84,3,3,3,1.000,23,1,1,,25.0,1,0,284,1,0,0,11,0,0
gauntlet/20261003-003405-scrim-g1basics/replays/CyrilSharma.finalBot__BedWars__botB.bc24,CyrilSharma.finalBot,1,B,g1basics,1,592,CAPTURE,2400,3600,257,0,1,318,6,3,3,103,49,18,66,41,92,47,48.2,6,6,0,0,12.7,48,16,5,0,0,4.93,2,4.45,37.5,22,0,,,,10,3,1,,22.8,0,0,5,0,270,5,8,6,0
gauntlet/20261003-003405-scrim-g1basics/losses/winkelmantanner.waffle__Whirlpool__botB.bc24,winkelmantanner.waffle,0,A,waffle,1,1729,CAPTURE,2800,6600,201,19,20,211,40,3,37,223,101,1,248,236,469,793,38.8,40,8,32,0,15.3,36,0,2,10,1,0.91,1,8.64,9.4,36,1,1,1,1.000,62,31,1,,12.2,0,0,,0,26,26,1529,0,0
gauntlet/20261003-003405-scrim-g1basics/losses/winkelmantanner.waffle__Whirlpool__botB.bc24,winkelmantanner.waffle,1,B,g1basics,0,1729,CAPTURE,2800,3400,201,15,6,582,2,1,1,53,25,37,240,167,793,469,43.4,2,2,0,0,19.0,45,32,8,0,0,6.78,3,5.49,27.8,45,0,1,1,1.000,33,5,1,,22.8,0,0,28,0,496,9,13,2,0
gauntlet/20261003-003405-scrim-g1basics/replays/ColtG5.Goob_final__MazeRunner__botA.bc24,ColtG5.Goob_final,1,A,g1basics,1,2000,LEVEL_SUM,2600,4400,210,0,1,303,4,1,3,99,45,10,324,253,1151,547,43.4,4,2,2,0,26.7,28,5,6,0,0,2.25,1,3.76,21.1,32,1,1,1,1.000,143,13,1,,22.8,0,0,204,0,844,51,16,4,0
gauntlet/20261003-003405-scrim-g1basics/replays/ColtG5.Goob_final__MazeRunner__botA.bc24,ColtG5.Goob_final,0,B,Goob_final,0,2000,LEVEL_SUM,2600,6200,207,33,28,311,11,1,10,83,42,3,260,242,547,1151,36.0,11,6,5,0,24.7,43,2,2,2,1,0.73,1,3.63,13.3,66,1,2,1,0.500,273,110,0,0,15.7,0,0,,0,0,0,1800,0,0
gauntlet/20261003-003405-scrim-g1basics/replays/ColtG5.Goob_final__Snake__botA.bc24,ColtG5.Goob_final,1,A,g1basics,1,2000,LEVEL_SUM,13000,27200,203,28,25,249,0,0,0,0,0,6,709,626,1370,579,43.0,0,0,0,0,,44,2,4,0,0,5.70,0,0.00,22.6,0,0,,,,138,8,1,,22.8,0,0,241,0,582,35,21,0,0
gauntlet/20261003-003405-scrim-g1basics/replays/ColtG5.Goob_final__Snake__botA.bc24,ColtG5.Goob_final,0,B,Goob_final,0,2000,LEVEL_SUM,13100,33000,207,0,10,317,6,0,6,23,8,0,539,519,579,1370,33.3,6,4,2,0,32.5,40,0,0,0,0,0.00,0,1.70,19.2,,,,,,343,200,0,0,15.4,0,0,,0,0,0,1214,0,0
gauntlet/20261003-003405-scrim-g1basics/replays/CyrilSharma.finalBot__Fusbol__botA.bc24,CyrilSharma.finalBot,1,A,g1basics,1,2000,LEVEL_SUM,7200,16200,202,32,28,222,3,0,3,15,6,6,385,327,541,377,45.3,3,1,2,0,41.3,40,4,2,0,0,8.03,0,4.87,37.7,0,0,,,,40,0,1,,22.8,0,0,216,0,1660,13,67,3,0
gauntlet/20261003-003405-scrim-g1basics/replays/CyrilSharma.finalBot__Fusbol__botA.bc24,CyrilSharma.finalBot,0,B,finalBot,0,2000,LEVEL_SUM,1800,1800,224,5,25,294,6,0,6,35,14,3,366,361,377,541,41.5,6,2,4,0,44.3,6,2,1,0,0,1.80,0,3.46,42.0,1,0,,,,99,3,1,,25.0,4,0,,0,0,0,25,0,0
gauntlet/20261003-003405-scrim-g1basics/replays/Gymhgy.v10official__Starfish__botA.bc24,Gymhgy.v10official,1,A,g1basics,1,1078,CAPTURE,4100,4200,201,12,19,201,8,3,5,112,54,4,155,102,417,185,45.9,8,5,3,0,9.8,36,0,7,0,0,3.78,2,7.54,32.4,11,2,,,,19,0,1,,22.8,0,0,10,0,911,60,20,7,0
gauntlet/20261003-003405-scrim-g1basics/replays/Gymhgy.v10official__Starfish__botA.bc24,Gymhgy.v10official,0,B,v10official,0,1078,CAPTURE,4100,4100,201,23,28,201,21,2,4,627,155,5,81,78,185,417,40.6,18,7,0,11,8.0,43,3,5,0,0,2.58,3,7.83,7.1,39,1,2,2,1.000,50,29,0,,25.1,6,0,,0,0,0,2,0,0
gauntlet/20261003-003405-scrim-g1basics/replays/CyrilSharma.finalBot__QuestionableChess__botB.bc24,CyrilSharma.finalBot,0,A,finalBot,0,2000,LEVEL_SUM,0,0,201,29,28,230,2,1,1,35,15,1,334,329,463,551,43.3,2,1,1,0,14.0,36,0,2,0,0,1.25,1,7.60,61.1,18,1,,,,47,7,0,,25.0,4,0,259,1,0,0,21,0,0
gauntlet/20261003-003405-scrim-g1basics/replays/CyrilSharma.finalBot__QuestionableChess__botB.bc24,CyrilSharma.finalBot,1,B,g1basics,1,2000,LEVEL_SUM,0,0,203,2,5,310,2,1,1,24,20,1,218,151,551,463,44.4,2,2,0,0,15.0,39,1,1,0,1,3.00,1,2.29,53.8,14,0,1,1,1.000,17,2,1,,22.8,0,0,124,0,1024,47,19,2,0
gauntlet/20261003-003405-scrim-g1basics/replays/Gymhgy.v10official__HeMustBeFreed__botB.bc24,Gymhgy.v10official,0,A,v10official,0,1858,CAPTURE,5900,13700,201,24,32,324,48,2,3,818,104,0,344,303,354,346,45.5,45,4,2,39,32.7,31,0,3,1,0,0.00,3,7.74,5.2,375,3,3,3,1.000,79,37,1,,25.1,85,0,,0,0,0,2,0,0
gauntlet/20261003-003405-scrim-g1basics/replays/Gymhgy.v10official__HeMustBeFreed__botB.bc24,Gymhgy.v10official,1,B,g1basics,1,1858,CAPTURE,2900,3300,201,9,6,400,3,3,0,376,202,3,197,129,346,354,45.4,3,3,0,0,,27,2,4,0,1,0.55,2,2.11,20.2,198,2,2,0,0.000,93,8,1,,22.8,0,0,91,0,697,50,14,3,0
gauntlet/20261003-003405-scrim-g1basics/replays/Gymhgy.v10official__Diagonal__botA.bc24,Gymhgy.v10official,1,A,g1basics,1,2000,MORE_FLAG_CAPTURES,5100,5100,201,21,18,244,82,1,81,1056,471,9,305,233,281,343,45.8,82,52,30,0,29.9,36,2,8,7,0,6.56,0,4.57,16.6,0,0,,,,53,0,1,,21.8,0,0,1,0,617,22,108,80,7
gauntlet/20261003-003405-scrim-g1basics/replays/Gymhgy.v10official__Diagonal__botA.bc24,Gymhgy.v10official,0,B,v10official,0,2000,MORE_FLAG_CAPTURES,5100,5100,201,36,25,223,13,0,9,609,9,81,311,245,343,281,46.6,10,8,2,0,32.7,28,30,52,0,0,4.75,1,8.39,4.3,259,1,11,1,0.091,24,16,1,,25.1,143,0,,0,0,0,7,0,0
gauntlet/20261003-003405-scrim-g1basics/replays/SampleProvider.TSPAARKSPRINT1__EndAround__botB.bc24,SampleProvider.TSPAARKSPRINT1,0,A,TSPAARKSPRINT1,0,2000,MORE_FLAG_CAPTURES,2500,7000,253,0,4,272,6,0,3,349,52,133,97,97,235,917,38.8,3,3,0,0,23.7,44,36,100,0,0,2.84,2,1.82,9.9,1396,1,55,2,0.036,295,229,0,0,23.2,0,0,,0,1,0,185,0,0
gauntlet/20261003-003405-scrim-g1basics/replays/SampleProvider.TSPAARKSPRINT1__EndAround__botB.bc24,SampleProvider.TSPAARKSPRINT1,1,B,g1basics,1,2000,MORE_FLAG_CAPTURES,2500,4600,202,27,35,246,136,2,133,3178,1583,3,409,323,917,235,47.1,136,100,36,0,22.8,47,0,3,22,2,1.23,0,6.95,18.4,27,0,1,0,0.000,37,0,1,,22.8,0,0,34,0,371,40,34,136,2
gauntlet/20261003-003405-scrim-g1basics/replays/SampleProvider.TSPAARKSPRINT1__EndAround__botA.bc24,SampleProvider.TSPAARKSPRINT1,1,A,g1basics,1,2000,MORE_FLAG_CAPTURES,2200,4000,203,32,38,253,123,1,120,3248,1697,3,411,326,962,235,47.1,123,90,33,0,25.7,47,1,2,24,1,2.50,0,8.09,20.7,0,0,,,,40,0,1,,22.8,0,0,41,0,566,43,36,120,1
gauntlet/20261003-003405-scrim-g1basics/replays/SampleProvider.TSPAARKSPRINT1__EndAround__botA.bc24,SampleProvider.TSPAARKSPRINT1,0,B,TSPAARKSPRINT1,0,2000,MORE_FLAG_CAPTURES,2500,6700,287,0,5,324,6,0,3,360,62,120,96,96,235,962,38.3,3,2,1,0,32.7,41,33,90,0,0,2.63,1,1.00,9.0,1576,1,45,0,0.000,413,368,0,0,22.7,0,0,,1,1,0,175,0,0
gauntlet/20261003-003405-scrim-g1basics/replays/SampleProvider.TSPAARKSPRINT1__KingQuacksCastle__botB.bc24,SampleProvider.TSPAARKSPRINT1,0,A,TSPAARKSPRINT1,0,1046,CAPTURE,1600,8200,205,37,10,234,57,1,52,626,203,24,79,66,116,336,42.3,54,22,32,0,19.1,45,7,20,0,0,2.29,3,8.51,15.2,237,2,11,3,0.273,87,76,0,0,22.4,0,0,258,0,1,0,808,0,0
gauntlet/20261003-003405-scrim-g1basics/replays/SampleProvider.TSPAARKSPRINT1__KingQuacksCastle__botB.bc24,SampleProvider.TSPAARKSPRINT1,1,B,g1basics,1,1046,CAPTURE,1600,4300,204,22,19,225,27,3,24,607,286,52,188,129,336,116,47.3,27,20,7,0,23.1,48,32,22,0,0,3.39,1,5.50,26.2,73,0,3,0,0.000,18,3,1,,22.8,0,0,13,0,753,24,11,26,0
gauntlet/20261003-003405-scrim-g1basics/replays/SampleProvider.TSPAARKSPRINT1__English__botA.bc24,SampleProvider.TSPAARKSPRINT1,1,A,g1basics,1,1335,CAPTURE,10900,10900,201,29,29,371,17,3,14,646,306,46,250,183,397,109,48.0,17,12,5,0,39.7,48,34,14,0,1,1.29,2,8.33,21.3,454,2,8,2,0.250,39,3,1,,20.9,0,0,1,0,792,29,19,17,0
gauntlet/20261003-003405-scrim-g1basics/replays/SampleProvider.TSPAARKSPRINT1__English__botA.bc24,SampleProvider.TSPAARKSPRINT1,0,B,TSPAARKSPRINT1,0,1335,CAPTURE,10900,10900,201,28,24,231,51,2,46,1237,518,14,57,57,109,397,42.8,48,14,34,0,28.7,42,5,12,2,0,0.88,3,8.51,12.0,487,3,7,3,0.429,182,146,1,1,22.6,0,0,691,0,0,0,513,0,0
gauntlet/20261003-003405-scrim-g1basics/replays/SampleProvider.TSPAARKSPRINT1__Swoop__botA.bc24,SampleProvider.TSPAARKSPRINT1,1,A,g1basics,1,1512,CAPTURE,4300,4300,201,16,12,213,51,3,48,868,412,94,316,288,656,138,47.8,51,43,8,0,25.2,47,47,49,0,1,2.20,1,5.41,26.8,183,1,4,0,0.000,46,2,1,,20.8,0,0,1,0,1482,43,42,51,1
gauntlet/20261003-003405-scrim-g1basics/replays/SampleProvider.TSPAARKSPRINT1__Swoop__botA.bc24,SampleProvider.TSPAARKSPRINT1,0,B,TSPAARKSPRINT1,0,1512,CAPTURE,4300,4300,201,35,33,211,99,1,94,1121,412,48,89,81,138,656,39.5,96,49,47,0,26.5,43,8,43,15,0,2.34,3,4.41,15.6,381,2,13,3,0.231,280,170,1,1,22.7,0,0,,0,1,0,559,0,0
gauntlet/20261003-003405-scrim-g1basics/replays/awu7.ExplosiveBot__Alligator__botA.bc24,awu7.ExplosiveBot,1,A,g1basics,1,893,CAPTURE,3300,6300,201,31,44,211,8,3,5,160,72,4,282,203,568,107,47.2,8,6,2,0,15.6,31,0,4,0,0,4.20,0,8.62,23.8,0,0,,,,16,2,1,,22.8,0,0,5,0,223,8,20,8,0
gauntlet/20261003-003405-scrim-g1basics/replays/awu7.ExplosiveBot__Alligator__botA.bc24,awu7.ExplosiveBot,0,B,ExplosiveBot,0,893,CAPTURE,3300,5700,201,1,0,223,6,0,4,15,4,5,89,76,107,568,34.9,6,4,0,2,18.3,26,2,6,0,0,2.90,3,1.40,15.6,49,0,3,2,0.667,112,135,0,1,21.4,0,0,7,1,0,0,600,0,0
gauntlet/20261003-003405-scrim-g1basics/replays/Strequals.duck0127v5__Divergent__botA.bc24,Strequals.duck0127v5,1,A,g1basics,1,2000,LEVEL_SUM,3400,3600,205,22,31,234,23,0,23,260,120,8,254,180,229,333,45.9,23,17,6,0,22.6,46,3,5,4,0,2.49,0,3.07,27.1,1,0,,,,38,3,1,,22.1,0,0,1,0,430,50,21,23,3
gauntlet/20261003-003405-scrim-g1basics/replays/Strequals.duck0127v5__Divergent__botA.bc24,Strequals.duck0127v5,0,B,duck0127v5,0,2000,LEVEL_SUM,3000,3100,203,1,4,237,8,0,8,43,17,23,321,301,333,229,47.3,8,5,3,0,33.0,22,6,17,0,0,1.36,0,4.60,30.8,134,0,3,0,0.000,54,3,0,,24.0,0,0,,0,0,0,144,0,0
gauntlet/20261003-003405-scrim-g1basics/replays/andrewgopher.player22__Fountain__botA.bc24,andrewgopher.player22,1,A,g1basics,1,2000,LEVEL_SUM,1700,2500,208,4,10,294,16,1,15,94,40,3,201,148,953,679,41.8,16,10,6,0,19.7,44,2,2,3,0,2.01,1,3.13,30.7,54,1,2,1,0.500,66,11,1,,23.3,0,0,214,0,699,67,28,16,1
gauntlet/20261003-003405-scrim-g1basics/replays/andrewgopher.player22__Fountain__botA.bc24,andrewgopher.player22,0,B,player22,0,2000,LEVEL_SUM,1700,2900,207,3,20,272,22,1,3,107,44,15,197,191,679,953,38.4,19,2,2,15,15.7,47,6,10,0,0,1.39,1,3.97,14.8,37,1,,,,103,62,0,1,25.0,34,0,,0,0,0,3,0,0
gauntlet/20261003-003405-scrim-g1basics/replays/andrewgopher.player22__Divergent__botB.bc24,andrewgopher.player22,0,A,player22,0,2000,MORE_FLAG_CAPTURES,3700,3700,212,18,21,284,3,0,0,3,0,4,240,216,487,783,40.4,0,0,0,0,,35,1,4,0,0,0.56,1,0.00,9.9,142,1,2,1,0.500,125,34,0,0,25.1,93,0,,0,0,0,9,0,0
gauntlet/20261003-003405-scrim-g1basics/replays/andrewgopher.player22__Divergent__botB.bc24,andrewgopher.player22,1,B,g1basics,1,2000,MORE_FLAG_CAPTURES,3700,3700,203,2,2,444,5,1,4,190,93,0,296,236,783,487,44.1,5,4,1,0,19.3,47,0,0,1,1,0.00,0,6.31,19.1,,,,,,67,0,1,,21.8,0,0,1,0,280,22,20,5,0
gauntlet/20261003-003405-scrim-g1basics/replays/awu7.ExplosiveBot__Canals__botA.bc24,awu7.ExplosiveBot,1,A,g1basics,1,990,CAPTURE,4600,4600,226,0,12,296,12,3,9,481,232,5,311,226,674,89,47.8,12,9,3,0,22.3,47,2,4,0,0,2.29,1,10.64,19.1,4,1,,,,16,2,1,,21.1,0,0,1,0,227,7,12,12,0
gauntlet/20261003-003405-scrim-g1basics/replays/awu7.ExplosiveBot__Canals__botA.bc24,awu7.ExplosiveBot,0,B,ExplosiveBot,0,990,CAPTURE,4600,4900,202,20,12,210,14,1,5,21,6,9,86,76,89,674,33.6,14,4,2,8,34.6,38,3,9,0,0,1.78,3,8.67,15.7,293,1,6,3,0.500,234,205,1,1,21.3,0,0,1,1,0,0,471,0,0
gauntlet/20261003-003405-scrim-g1basics/replays/awu7.ExplosiveBot__GaltonBoard__botA.bc24,awu7.ExplosiveBot,1,A,g1basics,1,812,CAPTURE,0,0,201,16,25,227,14,3,11,256,108,1,243,120,667,45,48.6,14,8,6,0,17.0,42,0,2,0,0,2.53,1,15.20,28.4,8,1,,,,1,0,1,,21.6,0,0,1,0,76,6,14,14,0
gauntlet/20261003-003405-scrim-g1basics/replays/awu7.ExplosiveBot__GaltonBoard__botA.bc24,awu7.ExplosiveBot,0,B,ExplosiveBot,0,812,CAPTURE,0,100,204,6,9,216,6,1,1,19,7,11,34,33,45,667,30.6,6,2,0,4,14.0,23,6,8,0,0,2.88,3,7.84,14.8,137,1,3,3,1.000,288,314,1,0,22.5,0,0,6,1,1,0,481,0,0
gauntlet/20261003-003405-scrim-g1basics/replays/awu7.ExplosiveBot__Capacitance__botB.bc24,awu7.ExplosiveBot,0,A,ExplosiveBot,0,1464,CAPTURE,3600,5200,201,7,8,217,57,2,14,312,118,22,116,85,142,1056,32.4,57,11,6,40,17.1,36,4,21,3,0,1.64,3,2.99,14.3,377,1,8,2,0.250,412,363,1,1,21.9,0,0,4,1,2,0,838,0,0
gauntlet/20261003-003405-scrim-g1basics/replays/awu7.ExplosiveBot__Capacitance__botB.bc24,awu7.ExplosiveBot,1,B,g1basics,1,1464,CAPTURE,3600,4800,201,30,35,209,25,3,22,650,310,14,438,373,1056,142,47.6,25,21,4,0,12.5,48,6,11,1,1,0.79,2,10.11,14.2,228,2,2,1,0.500,39,2,1,,20.9,0,0,1,0,515,16,11,25,1
gauntlet/20261003-003405-scrim-g1basics/replays/awu7.ExplosiveBot__Joker__botB.bc24,awu7.ExplosiveBot,0,A,ExplosiveBot,0,736,CAPTURE,14500,15700,204,23,2,251,8,0,7,13,4,12,122,76,97,381,37.7,8,3,4,1,18.1,27,4,11,0,0,3.08,3,1.54,16.8,135,1,5,2,0.400,105,58,1,0,22.1,0,0,14,1,1,0,387,0,0
gauntlet/20261003-003405-scrim-g1basics/replays/awu7.ExplosiveBot__Joker__botB.bc24,awu7.ExplosiveBot,1,B,g1basics,1,736,CAPTURE,14500,21800,202,31,33,234,15,3,12,367,176,7,365,245,381,97,47.0,15,11,4,0,21.1,44,4,3,0,0,5.85,0,9.46,21.9,0,0,,,,13,0,1,,21.0,0,0,1,0,80,4,8,15,0
gauntlet/20261003-003405-scrim-g1basics/replays/awu7.ExplosiveBot__Klein__botB.bc24,awu7.ExplosiveBot,0,A,ExplosiveBot,0,595,CAPTURE,6600,6600,206,0,0,209,1,0,1,0,0,6,10,6,34,260,39.7,1,1,0,0,10.0,34,1,8,0,0,2.00,3,0.00,24.1,126,0,5,2,0.400,103,86,0,1,21.8,0,0,12,1,1,0,127,0,0
gauntlet/20261003-003405-scrim-g1basics/replays/awu7.ExplosiveBot__Klein__botB.bc24,awu7.ExplosiveBot,1,B,g1basics,1,595,CAPTURE,6300,6600,202,35,40,213,9,3,6,308,151,1,148,81,260,34,48.6,9,8,1,0,13.7,48,0,1,0,0,0.00,0,4.46,19.0,,0,,,,7,0,1,,19.3,0,0,1,0,68,7,18,9,0
gauntlet/20261003-003405-scrim-g1basics/replays/clbarrell.duck8__Fountain__botA.bc24,clbarrell.duck8,1,A,g1basics,1,776,CAPTURE,1700,2600,209,20,19,214,11,3,8,284,133,7,79,42,273,130,46.0,11,8,3,0,19.0,44,6,3,0,0,2.32,2,5.19,24.2,43,1,1,1,1.000,36,4,1,,22.8,0,0,214,0,331,9,10,11,1
gauntlet/20261003-003405-scrim-g1basics/replays/clbarrell.duck8__Fountain__botA.bc24,clbarrell.duck8,0,B,duck8,0,776,CAPTURE,1700,2800,208,30,13,223,9,2,7,101,43,8,77,73,130,273,41.6,9,3,6,0,17.9,39,3,8,0,0,1.64,3,12.07,30.6,139,2,5,3,0.600,46,20,0,,14.1,0,0,,1,0,0,12,0,0
gauntlet/20261003-003405-scrim-g1basics/replays/clbarrell.duck8__Hockey__botB.bc24,clbarrell.duck8,0,A,duck8,0,916,CAPTURE,3300,3600,203,6,0,381,0,0,0,0,0,4,119,115,111,449,38.4,0,0,0,0,,32,0,7,0,0,0.93,3,0.00,33.0,212,1,5,3,0.600,75,81,1,,14.1,0,0,2,0,0,0,40,0,0
gauntlet/20261003-003405-scrim-g1basics/replays/clbarrell.duck8__Hockey__botB.bc24,clbarrell.duck8,1,B,g1basics,1,916,CAPTURE,3300,3300,221,13,17,285,7,3,4,340,162,0,200,102,449,111,47.1,7,7,0,0,21.3,32,0,0,0,0,0.00,0,5.14,27.7,,,,,,15,0,1,,21.7,0,0,1,0,13,0,10,7,0
gauntlet/20261003-003405-scrim-g1basics/replays/clbarrell.duck8__Diagonal__botB.bc24,clbarrell.duck8,0,A,duck8,0,1760,CAPTURE,5100,5100,201,32,22,269,37,0,37,148,45,25,266,248,286,964,36.7,37,5,32,0,27.8,37,7,21,3,0,0.78,3,10.71,36.9,866,3,14,3,0.214,282,266,1,,15.0,0,0,2,0,1,0,37,0,0
gauntlet/20261003-003405-scrim-g1basics/replays/clbarrell.duck8__Diagonal__botB.bc24,clbarrell.duck8,1,B,g1basics,1,1760,CAPTURE,5100,5100,201,14,20,279,28,3,25,1212,513,37,417,333,964,286,46.0,28,21,7,0,19.5,34,32,5,2,1,7.16,0,4.41,17.6,47,0,1,0,0.000,49,0,1,,24.0,0,0,14,0,372,3,18,28,0
gauntlet/20261003-003405-scrim-g1basics/replays/clbarrell.duck8__Islands__botB.bc24,clbarrell.duck8,0,A,duck8,0,1034,CAPTURE,5800,5800,201,12,16,211,43,0,42,116,34,6,151,128,165,482,38.6,43,18,25,0,18.1,47,2,7,0,0,0.68,3,6.28,30.5,148,3,3,2,0.667,112,60,1,,12.7,0,0,2,0,0,0,71,0,0
gauntlet/20261003-003405-scrim-g1basics/replays/clbarrell.duck8__Islands__botB.bc24,clbarrell.duck8,1,B,g1basics,1,1034,CAPTURE,5800,5800,201,6,10,236,9,3,6,196,90,42,244,196,482,165,46.3,9,7,2,0,21.3,47,25,18,0,0,7.16,0,9.54,20.7,10,0,,,,27,3,1,,21.4,0,0,1,0,455,2,13,9,0
gauntlet/20261003-003405-scrim-g1basics/replays/clbarrell.duck8__Mountain__botB.bc24,clbarrell.duck8,0,A,duck8,0,1566,CAPTURE,4100,5900,205,22,8,239,9,1,8,20,6,10,203,190,259,1102,33.0,9,2,7,0,10.0,45,6,7,0,0,0.89,3,5.75,31.1,315,1,5,2,0.400,285,258,0,,12.2,0,0,,1,0,0,174,0,0
gauntlet/20261003-003405-scrim-g1basics/replays/clbarrell.duck8__Mountain__botB.bc24,clbarrell.duck8,1,B,g1basics,1,1566,CAPTURE,4100,5000,203,3,1,211,13,3,10,436,206,8,393,311,1102,259,45.9,13,7,6,0,19.1,47,7,2,4,2,14.15,1,7.56,27.1,0,1,,,,50,2,1,,21.9,0,0,1,0,304,14,16,13,1
gauntlet/20261003-003405-scrim-g1basics/replays/dmtrung14.defaultplayer_intlqualifier__GaltonBoard__botB.bc24,dmtrung14.defaultplayer_intlqualifier,0,A,defaultplayer_intlqualifier,0,1333,CAPTURE,0,300,201,12,25,211,28,2,4,320,5,12,96,96,114,1138,29.4,25,3,3,19,18.0,35,6,9,0,0,1.79,3,10.85,20.3,259,0,5,3,0.600,92,94,0,0,25.1,863,0,,1,0,0,855,0,0
gauntlet/20261003-003405-scrim-g1basics/replays/dmtrung14.defaultplayer_intlqualifier__GaltonBoard__botB.bc24,dmtrung14.defaultplayer_intlqualifier,1,B,g1basics,1,1333,CAPTURE,0,500,205,11,10,273,15,3,12,595,286,4,209,141,1138,114,47.9,15,9,6,0,14.3,38,3,3,3,1,6.50,2,8.69,51.6,2,2,,,,13,3,1,,21.4,0,0,1,0,993,4,82,15,0
gauntlet/20261003-003405-scrim-g1basics/replays/dmtrung14.defaultplayer_intlqualifier__Klein__botA.bc24,dmtrung14.defaultplayer_intlqualifier,1,A,g1basics,1,895,CAPTURE,5900,5900,202,6,8,201,18,3,15,449,212,4,158,63,592,33,49.1,18,12,6,0,10.3,49,3,2,0,0,15.00,1,4.93,28.9,0,1,,,,3,0,1,,19.0,0,0,1,0,140,6,9,18,0
gauntlet/20261003-003405-scrim-g1basics/replays/dmtrung14.defaultplayer_intlqualifier__Klein__botA.bc24,dmtrung14.defaultplayer_intlqualifier,0,B,defaultplayer_intlqualifier,0,895,CAPTURE,6000,8100,202,12,5,228,11,1,4,302,72,15,67,59,33,592,34.1,8,2,3,3,13.3,45,6,12,0,0,1.93,3,7.00,22.6,260,1,2,2,1.000,237,264,0,,25.1,179,0,,0,0,0,479,0,0
gauntlet/20261003-003405-scrim-g1basics/replays/dmtrung14.defaultplayer_intlqualifier__Foxes__botB.bc24,dmtrung14.defaultplayer_intlqualifier,0,A,defaultplayer_intlqualifier,0,2000,MORE_FLAG_CAPTURES,7500,7500,204,7,19,225,39,1,9,394,59,7,136,129,55,1223,33.8,36,4,6,26,15.0,33,2,8,0,0,0.18,2,7.01,55.7,1605,2,7,2,0.286,909,874,0,0,25.1,292,0,,0,0,0,1156,0,0
gauntlet/20261003-003405-scrim-g1basics/replays/dmtrung14.defaultplayer_intlqualifier__Foxes__botB.bc24,dmtrung14.defaultplayer_intlqualifier,1,B,g1basics,1,2000,MORE_FLAG_CAPTURES,7500,7500,202,11,27,414,10,2,7,1719,921,9,508,323,1223,55,49.3,10,8,2,0,34.1,42,6,4,0,0,2.72,1,2.11,24.6,11,1,,,,16,1,1,,22.8,0,0,27,0,167,7,12,10,1
gauntlet/20261003-003405-scrim-g1basics/replays/dmtrung14.defaultplayer_intlqualifier__OceanFloor__botB.bc24,dmtrung14.defaultplayer_intlqualifier,0,A,defaultplayer_intlqualifier,0,743,CAPTURE,1200,1400,201,12,12,215,21,1,7,403,143,10,52,52,25,383,37.6,18,6,2,10,27.3,45,5,8,0,0,1.11,3,3.78,19.8,325,1,6,3,0.500,197,152,1,1,25.1,132,0,392,1,2,1,346,0,0
gauntlet/20261003-003405-scrim-g1basics/replays/dmtrung14.defaultplayer_intlqualifier__OceanFloor__botB.bc24,dmtrung14.defaultplayer_intlqualifier,1,B,g1basics,1,743,CAPTURE,1400,1400,201,28,29,273,13,3,10,501,240,7,124,55,383,25,49.1,13,8,5,0,37.9,47,2,6,0,0,1.25,1,4.90,27.3,54,1,1,0,0.000,9,1,1,,19.8,0,0,1,0,255,7,11,13,0
gauntlet/20261003-003405-scrim-g1basics/replays/clbarrell.duck8__Whirlpool__botA.bc24,clbarrell.duck8,1,A,g1basics,1,2000,MORE_FLAG_CAPTURES,2800,3400,201,9,9,331,2,2,0,182,88,12,281,196,1074,411,45.0,2,2,0,0,,45,8,4,0,0,11.69,0,9.39,30.7,0,0,,,,19,1,1,,22.8,0,0,21,0,165,0,11,2,0
gauntlet/20261003-003405-scrim-g1basics/replays/clbarrell.duck8__Whirlpool__botA.bc24,clbarrell.duck8,0,B,duck8,0,2000,MORE_FLAG_CAPTURES,2800,6600,201,7,5,388,12,0,12,29,8,0,257,220,411,1074,36.9,12,4,8,0,19.0,34,0,2,0,0,0.86,2,6.00,33.9,125,0,2,2,1.000,95,89,1,,13.3,0,0,2,0,0,0,357,0,0
gauntlet/20261003-003405-scrim-g1basics/replays/jmerle.camel_case_v21_final__Hurricane__botA.bc24,jmerle.camel_case_v21_final,1,A,g1basics,1,2000,LEVEL_SUM,4500,4500,201,15,18,205,74,1,73,656,295,19,344,257,576,544,43.3,74,68,6,0,16.2,47,10,10,4,0,2.20,1,2.27,16.7,48,1,1,1,1.000,170,9,1,,20.3,0,0,1,0,602,21,17,72,8
gauntlet/20261003-003405-scrim-g1basics/replays/jmerle.camel_case_v21_final__Hurricane__botA.bc24,jmerle.camel_case_v21_final,0,B,camel_case_v21_final,0,2000,LEVEL_SUM,4500,4500,201,20,33,205,20,1,19,128,51,73,258,251,544,576,43.0,20,10,10,0,25.9,49,6,68,0,0,1.93,1,5.70,2.7,361,1,6,1,0.167,303,63,1,,24.7,0,0,,0,0,0,7,0,412
gauntlet/20261003-003405-scrim-g1basics/replays/jmerle.camel_case_v21_final__OceanFloor__botB.bc24,jmerle.camel_case_v21_final,0,A,camel_case_v21_final,0,1147,CAPTURE,1400,1400,201,30,18,213,15,2,13,296,141,8,182,176,359,450,40.5,15,6,9,0,34.3,44,2,9,0,0,0.31,3,5.59,3.5,382,3,6,3,0.500,205,79,1,,23.2,0,0,,0,0,0,3,0,228
gauntlet/20261003-003405-scrim-g1basics/replays/jmerle.camel_case_v21_final__OceanFloor__botB.bc24,jmerle.camel_case_v21_final,1,B,g1basics,1,1147,CAPTURE,1400,1400,201,21,18,209,11,3,8,446,216,13,205,158,450,359,42.5,11,9,2,0,31.5,44,9,6,0,0,1.19,2,2.63,23.8,174,0,4,0,0.000,95,18,1,,22.0,0,0,1,0,683,26,10,11,2
gauntlet/20261003-003405-scrim-g1basics/replays/jmerle.camel_case_v21_final__Starfish__botB.bc24,jmerle.camel_case_v21_final,0,A,camel_case_v21_final,0,628,CAPTURE,4100,4200,201,19,14,201,14,2,11,100,47,8,47,46,221,269,39.8,14,5,9,0,8.0,36,5,6,0,0,3.44,3,9.82,4.9,30,2,,,,43,16,0,,21.9,0,0,,0,0,0,2,0,0
gauntlet/20261003-003405-scrim-g1basics/replays/jmerle.camel_case_v21_final__Starfish__botB.bc24,jmerle.camel_case_v21_final,1,B,g1basics,1,628,CAPTURE,4100,4100,201,13,11,201,11,3,8,62,26,11,77,68,269,221,41.7,11,6,5,0,5.9,34,9,5,0,0,4.60,2,6.87,37.4,34,2,1,1,1.000,31,14,1,,22.8,0,0,14,0,763,2,12,10,0
gauntlet/20261003-003405-scrim-g1basics/replays/jonters.bling3__DefaultHuge__botB.bc24,jonters.bling3,0,A,bling3,0,470,CAPTURE,3700,3700,201,26,27,217,7,0,6,61,26,2,50,35,34,117,43.8,7,4,3,0,18.5,37,2,3,0,0,0.83,3,7.59,5.5,94,2,2,2,1.000,25,9,1,1,22.3,0,0,,0,0,0,2,0,0
gauntlet/20261003-003405-scrim-g1basics/replays/jonters.bling3__DefaultHuge__botB.bc24,jonters.bling3,1,B,g1basics,1,470,CAPTURE,3700,3700,201,28,27,209,5,3,2,120,59,6,111,73,117,34,48.2,5,3,2,0,17.5,47,3,4,0,0,3.67,0,7.19,16.0,15,0,,,,2,0,1,,19.9,0,0,1,0,241,2,47,5,0
gauntlet/20261003-003405-scrim-g1basics/replays/jonters.bling3__Hockey__botB.bc24,jonters.bling3,0,A,bling3,0,859,CAPTURE,3300,3300,236,6,21,303,17,1,16,189,75,8,62,57,123,395,38.7,17,6,11,0,17.3,32,3,8,0,0,1.18,3,12.14,5.6,167,3,4,3,0.750,106,96,1,1,22.4,0,0,1,0,0,0,4,0,0
gauntlet/20261003-003405-scrim-g1basics/replays/jonters.bling3__Hockey__botB.bc24,jonters.bling3,1,B,g1basics,1,859,CAPTURE,3300,3600,211,0,12,321,11,3,8,238,115,16,227,147,395,123,46.5,11,8,3,0,28.5,35,11,6,0,0,3.20,1,6.49,20.6,71,0,2,0,0.000,11,2,1,,20.9,0,0,1,0,244,4,11,11,0
gauntlet/20261003-003405-scrim-g1basics/replays/jonters.bling3__Alien__botA.bc24,jonters.bling3,1,A,g1basics,1,1421,CAPTURE,3300,3300,202,11,5,214,51,3,48,511,235,10,364,287,844,267,45.4,51,35,16,0,14.0,41,6,5,10,2,7.21,1,8.44,24.8,6,0,1,1,1.000,21,0,1,,22.8,0,0,8,0,409,9,13,50,2
gauntlet/20261003-003405-scrim-g1basics/replays/jonters.bling3__Alien__botA.bc24,jonters.bling3,0,B,bling3,0,1421,CAPTURE,3300,3300,203,24,36,214,11,1,10,78,29,48,93,90,267,844,35.1,11,5,6,0,12.8,32,16,35,0,0,3.43,3,15.04,8.8,171,0,7,3,0.429,68,75,0,0,22.4,0,0,,1,0,0,8,0,0
gauntlet/20261003-003405-scrim-g1basics/replays/jonters.bling3__Randy__botB.bc24,jonters.bling3,0,A,bling3,0,1074,CAPTURE,3400,13600,201,4,21,201,10,1,9,99,43,39,102,98,208,577,36.5,10,4,6,0,8.8,26,12,30,0,0,3.16,3,10.85,5.7,120,1,4,2,0.500,90,52,0,0,25.0,1,0,,0,0,0,9,0,0
gauntlet/20261003-003405-scrim-g1basics/replays/jonters.bling3__Randy__botB.bc24,jonters.bling3,1,B,g1basics,1,1074,CAPTURE,3400,3400,201,11,13,210,42,3,39,345,154,9,264,186,577,208,45.2,42,30,12,0,10.6,36,6,4,0,0,5.58,1,6.68,19.7,0,0,,,,40,10,1,,21.3,0,0,1,0,567,16,17,40,3
gauntlet/20261003-003405-scrim-g1basics/replays/jonters.bling3__Whirlpool__botB.bc24,jonters.bling3,0,A,bling3,0,786,CAPTURE,2800,7200,201,20,20,240,3,0,3,14,5,5,50,45,72,281,41.1,3,2,1,0,22.7,39,5,3,0,0,1.66,3,7.07,2.8,91,1,3,3,1.000,38,27,1,1,21.5,0,0,,1,0,0,6,0,0
gauntlet/20261003-003405-scrim-g1basics/replays/jonters.bling3__Whirlpool__botB.bc24,jonters.bling3,1,B,g1basics,1,786,CAPTURE,2800,2800,201,18,17,433,8,3,5,142,68,3,125,58,281,72,47.8,8,3,5,0,20.0,45,1,2,0,0,4.00,0,7.27,24.7,0,0,,,,5,0,1,,22.8,0,0,13,0,161,8,12,8,0
gauntlet/20261003-003405-scrim-g1basics/replays/justinottesen.sprint1__Battlecode24__botB.bc24,justinottesen.sprint1,0,A,sprint1,0,669,CAPTURE,10800,17400,208,5,6,242,0,0,0,0,0,18,83,73,84,342,37.9,0,0,0,0,,17,5,16,0,0,1.42,3,0.00,11.0,128,3,3,3,1.000,143,104,0,,6.7,0,0,,0,0,0,4,0,0
gauntlet/20261003-003405-scrim-g1basics/replays/justinottesen.sprint1__Battlecode24__botB.bc24,justinottesen.sprint1,1,B,g1basics,1,669,CAPTURE,12400,22900,202,23,24,221,21,3,18,229,109,0,354,264,342,84,46.8,21,16,5,0,24.4,28,0,0,0,0,0.00,0,3.98,17.1,,,,,,7,0,1,,19.6,0,0,1,0,101,16,26,19,0
gauntlet/20261003-003405-scrim-g1basics/replays/justinottesen.sprint1__GaltonBoard__botB.bc24,justinottesen.sprint1,0,A,sprint1,0,729,CAPTURE,0,14500,201,2,25,301,0,0,0,0,0,2,107,107,91,610,30.2,0,0,0,0,,34,0,5,0,0,0.99,3,0.00,10.6,140,0,2,2,1.000,207,235,0,,6.0,0,0,,0,0,0,5,0,0
gauntlet/20261003-003405-scrim-g1basics/replays/justinottesen.sprint1__GaltonBoard__botB.bc24,justinottesen.sprint1,1,B,g1basics,1,729,CAPTURE,0,10600,202,6,0,217,5,3,2,235,113,0,287,217,610,91,46.9,5,5,0,0,20.0,37,0,0,0,0,0.00,0,16.26,25.7,,,,,,3,0,1,,22.4,0,0,1,0,53,13,20,5,2
gauntlet/20261003-003405-scrim-g1basics/replays/jonters.bling3__Snake__botA.bc24,jonters.bling3,1,A,g1basics,1,1582,CAPTURE,13000,31300,203,30,29,219,28,3,25,1006,490,14,616,531,805,320,45.1,28,20,8,0,27.8,47,10,5,2,1,2.15,1,5.62,16.6,96,1,2,1,0.500,62,5,1,,22.8,0,0,210,0,582,27,20,27,1
gauntlet/20261003-003405-scrim-g1basics/replays/jonters.bling3__Snake__botA.bc24,jonters.bling3,0,B,bling3,0,1582,CAPTURE,13100,24800,204,42,24,250,15,1,14,187,82,25,184,181,320,805,37.1,15,5,10,0,29.4,34,8,20,0,0,0.89,3,11.37,9.6,695,3,10,3,0.300,252,253,0,0,23.5,0,0,,0,0,0,5,0,0
gauntlet/20261003-003405-scrim-g1basics/replays/justinottesen.sprint1__Hurricane__botB.bc24,justinottesen.sprint1,0,A,sprint1,0,833,CAPTURE,3900,3900,201,13,17,211,9,0,9,117,55,21,25,23,32,461,36.7,9,8,1,0,20.1,41,6,18,0,0,0.75,3,0.44,4.1,556,2,13,3,0.231,242,140,1,,6.6,0,0,,0,0,0,4,0,0
gauntlet/20261003-003405-scrim-g1basics/replays/justinottesen.sprint1__Hurricane__botB.bc24,justinottesen.sprint1,1,B,g1basics,1,833,CAPTURE,4500,4500,201,39,37,205,24,3,21,868,424,9,252,173,461,32,49.1,24,18,6,0,17.8,45,1,8,0,0,0.75,0,2.57,13.0,91,0,1,0,0.000,10,0,1,,19.4,0,0,1,0,485,21,56,24,2
gauntlet/20261003-003405-scrim-g1basics/replays/justinottesen.sprint1__Joker__botA.bc24,justinottesen.sprint1,1,A,g1basics,1,782,CAPTURE,14500,19300,202,25,31,216,21,3,18,300,143,0,344,261,375,127,46.0,21,18,3,0,23.2,39,0,0,0,0,0.00,0,4.27,17.4,,,,,,28,1,1,,20.7,0,0,1,0,253,26,22,21,1
gauntlet/20261003-003405-scrim-g1basics/replays/justinottesen.sprint1__Joker__botA.bc24,justinottesen.sprint1,0,B,sprint1,0,782,CAPTURE,14500,22900,206,10,10,249,0,0,0,0,0,18,150,137,127,375,38.6,0,0,0,0,,28,3,18,0,0,1.48,3,0.00,7.2,178,3,5,3,0.600,200,113,0,,6.5,0,0,,0,0,0,7,0,0
gauntlet/20261003-003405-scrim-g1basics/replays/justinottesen.sprint1__Rivers__botB.bc24,justinottesen.sprint1,0,A,sprint1,0,422,CAPTURE,1500,2100,202,4,5,0,0,0,0,0,0,1,23,22,14,225,37.8,0,0,0,0,,30,1,3,0,0,0.78,3,0.00,3.9,119,2,3,3,1.000,45,61,1,,5.9,0,0,,0,0,0,5,0,0
gauntlet/20261003-003405-scrim-g1basics/replays/justinottesen.sprint1__Rivers__botB.bc24,justinottesen.sprint1,1,B,g1basics,1,422,CAPTURE,1500,2100,204,13,14,246,4,3,1,162,81,0,86,22,225,14,49.1,4,3,1,0,21.0,31,0,0,0,0,0.00,0,5.53,21.5,,,,,,2,0,1,,22.8,0,0,9,0,0,0,1,4,0
gauntlet/20261003-003405-scrim-g1basics/replays/justinottesen.sprint1__StarryNight__botA.bc24,justinottesen.sprint1,1,A,g1basics,1,630,CAPTURE,13600,13600,201,14,7,251,11,3,8,210,101,1,233,152,389,109,45.7,11,7,4,0,18.5,47,0,1,0,0,5.00,0,7.09,21.1,0,0,,,,10,0,1,,19.2,0,0,1,0,257,16,14,11,0
gauntlet/20261003-003405-scrim-g1basics/replays/justinottesen.sprint1__StarryNight__botA.bc24,justinottesen.sprint1,0,B,sprint1,0,630,CAPTURE,13600,16900,201,7,13,277,1,0,1,2,0,8,98,96,109,389,35.4,1,1,0,0,21.0,43,4,7,0,0,0.94,3,0.00,8.6,135,1,4,3,0.750,112,112,1,,6.9,0,0,,0,0,0,3,0,0
gauntlet/20261003-003405-scrim-g1basics/replays/kyleezz.jeeryfix3__Digging__botB.bc24,kyleezz.jeeryfix3,0,A,jeeryfix3,0,1654,CAPTURE,700,2400,209,32,22,225,2,1,1,26,12,9,201,201,438,1517,27.7,2,1,1,0,14.0,47,5,7,0,0,2.88,3,13.77,6.6,123,0,3,2,0.667,161,187,0,0,24.9,0,0,5,1,0,0,14,0,0
gauntlet/20261003-003405-scrim-g1basics/replays/kyleezz.jeeryfix3__Digging__botB.bc24,kyleezz.jeeryfix3,1,B,g1basics,1,1654,CAPTURE,700,2100,207,0,2,302,12,3,9,288,137,1,354,272,1517,438,43.6,12,7,5,0,19.9,46,1,1,5,3,5.23,1,12.68,28.1,13,0,,,,40,4,1,,22.8,0,0,207,0,393,8,8,12,0
gauntlet/20261003-003405-scrim-g1basics/replays/kyleezz.jeeryfix3__CH3353C4K3F4CT0RY__botB.bc24,kyleezz.jeeryfix3,0,A,jeeryfix3,0,1449,CAPTURE,13000,13400,204,14,5,245,8,1,7,53,24,4,318,309,355,1124,31.2,8,4,4,0,25.3,42,2,5,0,0,1.55,3,3.09,10.9,100,1,3,3,1.000,151,112,0,1,24.9,0,0,7,1,0,0,7,0,0
gauntlet/20261003-003405-scrim-g1basics/replays/kyleezz.jeeryfix3__CH3353C4K3F4CT0RY__botB.bc24,kyleezz.jeeryfix3,1,B,g1basics,1,1449,CAPTURE,13000,13000,203,6,6,575,7,3,4,160,78,7,436,348,1124,355,44.0,7,5,2,0,19.5,41,4,4,2,2,1.57,1,10.32,25.8,26,0,1,1,1.000,36,1,1,,22.8,0,0,17,0,378,37,17,7,0
gauntlet/20261003-003405-scrim-g1basics/replays/kyleezz.jeeryfix3__OceanFloor__botA.bc24,kyleezz.jeeryfix3,1,A,g1basics,1,1590,CAPTURE,1400,1400,201,0,20,359,14,3,11,564,275,26,419,349,924,297,45.4,14,12,2,0,33.6,47,19,9,0,1,2.19,2,3.91,18.1,101,2,3,2,0.667,71,9,1,,20.1,0,0,1,0,517,24,25,12,1
gauntlet/20261003-003405-scrim-g1basics/replays/kyleezz.jeeryfix3__OceanFloor__botA.bc24,kyleezz.jeeryfix3,0,B,jeeryfix3,0,1590,CAPTURE,1300,1300,201,28,12,221,28,2,26,229,110,11,153,145,297,924,35.8,28,9,19,0,33.0,49,2,12,2,0,0.71,3,4.29,20.1,449,3,7,3,0.429,259,180,0,1,24.9,0,0,13,1,1,0,7,0,0
gauntlet/20261003-003405-scrim-g1basics/replays/kyleezz.jeeryfix3__Hurricane__botB.bc24,kyleezz.jeeryfix3,0,A,jeeryfix3,0,2000,MORE_FLAG_CAPTURES,4500,4500,201,24,16,206,21,0,21,119,56,30,185,174,183,624,42.4,21,9,12,0,17.1,48,4,29,7,0,0.79,2,6.70,28.8,602,2,16,2,0.125,204,151,0,0,24.9,0,0,16,1,0,0,6,0,0
gauntlet/20261003-003405-scrim-g1basics/replays/kyleezz.jeeryfix3__Hurricane__botB.bc24,kyleezz.jeeryfix3,1,B,g1basics,1,2000,MORE_FLAG_CAPTURES,4500,4500,201,17,33,204,33,2,30,867,428,21,383,251,624,183,47.8,33,29,4,0,17.8,45,12,9,3,1,2.11,0,3.30,17.7,30,0,1,0,0.000,81,3,1,,21.5,0,0,1,0,206,6,12,32,7
gauntlet/20261003-003405-scrim-g1basics/replays/quesswho.cretplayer2_3__Capacitance__botA.bc24,quesswho.cretplayer2_3,1,A,g1basics,1,1652,CAPTURE,3600,4400,201,17,5,201,9,3,6,708,332,46,309,236,567,305,45.5,9,7,2,0,11.2,47,39,9,0,1,2.37,1,11.90,16.5,840,0,13,1,0.077,75,35,1,,21.1,0,0,1,0,752,41,16,9,0
gauntlet/20261003-003405-scrim-g1basics/replays/quesswho.cretplayer2_3__Capacitance__botA.bc24,quesswho.cretplayer2_3,0,B,cretplayer2_3,0,1652,CAPTURE,3600,5600,201,33,8,207,51,1,46,2223,661,6,248,245,305,567,41.3,48,9,39,0,13.3,31,2,7,12,0,0.32,3,18.02,23.9,618,1,6,2,0.333,228,223,1,1,25.1,6,0,1,1,0,0,794,0,159
gauntlet/20261003-003405-scrim-g1basics/replays/winkelmantanner.waffle__BedWars__botA.bc24,winkelmantanner.waffle,1,A,g1basics,1,682,CAPTURE,2400,2600,285,0,0,353,3,3,0,147,73,6,66,32,106,22,49.2,3,3,0,0,,48,5,3,0,0,5.35,1,10.14,14.6,16,0,,,,7,0,1,,20.2,0,0,1,0,100,1,4,3,0
gauntlet/20261003-003405-scrim-g1basics/replays/winkelmantanner.waffle__BedWars__botA.bc24,winkelmantanner.waffle,0,B,waffle,0,682,CAPTURE,2400,5500,207,4,9,254,8,1,6,55,21,0,29,29,22,106,46.3,8,3,5,0,12.2,44,0,3,0,0,0.52,3,4.71,7.3,114,1,3,3,1.000,47,27,1,,9.1,0,0,,0,0,0,391,0,0
gauntlet/20261003-003405-scrim-g1basics/replays/kyleezz.jeeryfix3__YearOfTheDragon__botB.bc24,kyleezz.jeeryfix3,0,A,jeeryfix3,0,1993,CAPTURE,10800,10800,201,25,20,226,3,1,2,33,15,10,335,331,388,1663,29.7,3,1,2,0,19.5,49,7,6,0,0,1.65,3,7.73,22.9,233,1,4,2,0.500,325,299,1,1,24.9,0,0,10,1,0,0,13,0,0
gauntlet/20261003-003405-scrim-g1basics/replays/kyleezz.jeeryfix3__YearOfTheDragon__botB.bc24,kyleezz.jeeryfix3,1,B,g1basics,1,1993,CAPTURE,10800,10800,201,16,6,230,13,3,10,356,230,2,753,658,1663,388,45.2,13,6,7,0,22.6,44,2,1,7,2,1.94,1,4.81,26.8,20,0,1,1,1.000,49,15,1,,20.4,0,0,1,0,592,28,11,13,1
gauntlet/20261003-003405-scrim-g1basics/replays/quesswho.cretplayer2_3__Tunnels__botB.bc24,quesswho.cretplayer2_3,0,A,cretplayer2_3,0,1734,CAPTURE,2400,3000,205,5,11,215,27,2,22,810,103,10,189,185,301,1519,28.4,24,4,20,0,12.7,27,4,9,0,0,1.43,3,17.74,21.4,187,2,3,3,1.000,197,285,0,1,25.0,3,0,1677,1,0,0,1428,0,1320
gauntlet/20261003-003405-scrim-g1basics/replays/quesswho.cretplayer2_3__Tunnels__botB.bc24,quesswho.cretplayer2_3,1,B,g1basics,1,1734,CAPTURE,2400,3600,203,16,9,242,13,3,10,276,130,22,305,245,1519,301,45.8,13,9,4,0,14.8,29,20,4,4,3,6.04,2,10.38,32.2,34,0,2,1,0.500,24,7,1,,22.8,0,0,203,0,843,58,20,13,0
