file,opp,us,team,name,won,rounds,wintype,gathered200,gathered400,firstEnemySide,inEnemy250,inEnemy300,firstFlagSight,pickups,captured,carrierDeaths,carrierRounds,carrierMoves,enemyCarrierKills,trapsBuilt,trapsHit,kills,deaths,meanAlive,postPickups,firstGrabs,regrabs,relayPickups,carrierDeathDist,damStage199,enemyRegrabs,enemyFirstGrabs,regrabsLate,capturedLate,chasers20,enemyCaptured,escorts20,stillPost,enemyUnseenRounds,unopposedCaps,longTrips25,longCaps25,longCapRate,loneDeaths,trickleDeaths,symOk,psymOk,maxBcK,overruns,exceptions,symDecidedRound,symWrong,alertWrites,alertNoThreat,maxParkOnHome,efStaleCarry,efStaleLoc
gauntlet/20261003-023912-scrim-g2nonav/losses/ColtG5.Goob_final__Swoop__botB.bc24,ColtG5.Goob_final,0,A,Goob_final,1,538,CAPTURE,4300,4300,201,34,13,215,10,3,7,178,81,0,81,70,75,186,41.7,10,5,5,0,20.7,46,0,1,0,0,0.55,1,5.49,13.5,31,0,1,1,1.000,54,18,1,1,16.7,0,0,,0,0,0,321,0,0
gauntlet/20261003-023912-scrim-g2nonav/losses/ColtG5.Goob_final__Swoop__botB.bc24,ColtG5.Goob_final,1,B,g2nonav,0,538,CAPTURE,4300,4300,201,13,26,258,1,1,0,53,25,7,117,95,186,75,46.6,1,1,0,0,,47,5,5,0,0,1.50,3,5.94,21.5,74,0,2,2,1.000,17,4,1,,20.0,0,0,1,0,375,2,11,1,0
gauntlet/20261003-023912-scrim-g2nonav/losses/ColtG5.Goob_final__Ambush__botA.bc24,ColtG5.Goob_final,1,A,g2nonav,0,907,CAPTURE,2300,2600,201,10,11,201,2,2,0,36,18,13,152,125,558,188,45.1,2,2,0,0,,48,5,11,0,0,3.68,3,6.78,25.4,26,2,,,,32,2,1,,21.7,0,0,1,0,1048,22,18,2,0
gauntlet/20261003-023912-scrim-g2nonav/losses/ColtG5.Goob_final__Ambush__botA.bc24,ColtG5.Goob_final,0,B,Goob_final,1,907,CAPTURE,2300,5300,201,23,12,201,16,3,13,84,32,0,160,149,188,558,35.3,16,11,5,0,8.7,47,0,2,0,0,1.97,2,3.73,11.3,15,0,,,,78,58,1,1,17.8,0,0,,0,0,0,690,0,0
gauntlet/20261003-023912-scrim-g2nonav/losses/ColtG5.Goob_final__SteamboatMickey__botB.bc24,ColtG5.Goob_final,0,A,Goob_final,1,1236,CAPTURE,7200,18900,201,10,26,201,10,3,7,197,96,1,350,337,313,679,36.6,10,6,4,0,31.6,47,1,2,1,1,0.28,2,5.11,14.2,91,2,2,2,1.000,87,13,1,1,17.2,0,0,,0,0,0,1036,0,0
gauntlet/20261003-023912-scrim-g2nonav/losses/ColtG5.Goob_final__SteamboatMickey__botB.bc24,ColtG5.Goob_final,1,B,g2nonav,0,1236,CAPTURE,7300,7600,201,18,24,201,3,2,1,105,52,7,283,219,679,313,43.8,3,2,1,0,26.0,44,4,6,0,1,1.21,3,7.40,28.3,141,2,3,3,1.000,37,6,1,,20.9,0,0,1,0,815,27,14,2,0
gauntlet/20261003-023912-scrim-g2nonav/losses/CyrilSharma.finalBot__Bunkers__botA.bc24,CyrilSharma.finalBot,1,A,g2nonav,0,675,CAPTURE,2800,2800,201,3,4,219,5,1,4,103,49,26,106,74,187,191,43.1,5,4,1,0,15.5,47,23,6,0,0,4.06,3,7.18,40.5,73,2,3,3,1.000,14,7,1,,22.8,0,0,5,0,533,5,18,5,0
gauntlet/20261003-023912-scrim-g2nonav/losses/CyrilSharma.finalBot__Bunkers__botA.bc24,CyrilSharma.finalBot,0,B,finalBot,1,675,CAPTURE,2800,2800,201,22,26,224,29,3,26,191,82,4,208,203,191,187,43.4,29,6,23,0,18.6,41,1,4,0,0,0.93,1,7.91,36.6,60,1,2,1,0.500,19,8,1,,25.1,14,0,,1,0,0,6,0,0
gauntlet/20261003-023912-scrim-g2nonav/losses/CyrilSharma.finalBot__Decision__botB.bc24,CyrilSharma.finalBot,0,A,finalBot,1,1360,CAPTURE,1000,1700,206,23,31,304,39,3,36,631,305,16,276,268,301,287,44.9,39,15,24,0,45.7,16,2,15,4,1,0.42,1,4.65,39.0,388,1,8,1,0.125,75,7,0,,25.0,4,0,361,1,0,0,12,0,0
gauntlet/20261003-023912-scrim-g2nonav/losses/CyrilSharma.finalBot__Decision__botB.bc24,CyrilSharma.finalBot,1,B,g2nonav,0,1360,CAPTURE,1900,1900,202,18,12,315,17,1,16,497,236,36,175,122,287,301,44.6,17,15,2,0,38.9,35,24,15,1,0,1.88,3,1.88,44.6,342,3,5,3,0.600,71,13,1,,22.8,0,0,25,0,656,11,10,17,0
gauntlet/20261003-023912-scrim-g2nonav/losses/CyrilSharma.finalBot__Whirlpool__botA.bc24,CyrilSharma.finalBot,1,A,g2nonav,0,2000,MORE_FLAG_CAPTURES,2800,3100,201,20,18,448,7,1,5,125,93,24,270,225,882,623,42.4,7,4,3,0,15.6,42,16,11,2,1,5.04,2,5.12,38.6,45,0,2,1,0.500,31,5,1,,22.8,0,0,30,0,879,21,22,7,0
gauntlet/20261003-023912-scrim-g2nonav/losses/CyrilSharma.finalBot__Whirlpool__botA.bc24,CyrilSharma.finalBot,0,B,finalBot,1,2000,MORE_FLAG_CAPTURES,2800,6900,201,20,25,232,27,2,24,150,73,5,411,408,623,882,39.4,27,11,16,0,22.6,47,3,4,5,1,1.45,1,6.12,40.9,64,0,1,0,0.000,62,15,1,,25.0,30,0,523,1,0,0,4,0,0
gauntlet/20261003-023912-scrim-g2nonav/losses/Gymhgy.v10official__Asteroids__botA.bc24,Gymhgy.v10official,1,A,g2nonav,0,651,CAPTURE,800,2000,219,1,19,289,6,2,4,205,99,8,76,35,56,85,46.9,6,6,0,0,32.0,43,4,7,0,0,1.59,3,2.60,24.0,89,3,,,,24,1,1,,22.8,0,0,211,0,242,15,9,6,0
gauntlet/20261003-023912-scrim-g2nonav/losses/Gymhgy.v10official__Asteroids__botA.bc24,Gymhgy.v10official,0,B,v10official,1,651,CAPTURE,800,4100,210,36,38,257,59,3,8,748,66,4,106,103,85,56,48.0,56,7,4,45,19.8,39,0,6,0,0,1.37,2,9.75,3.7,137,1,2,2,1.000,13,0,0,,25.1,10,0,,0,0,0,1,0,0
gauntlet/20261003-023912-scrim-g2nonav/losses/CyrilSharma.finalBot__OceanFloor__botA.bc24,CyrilSharma.finalBot,1,A,g2nonav,0,1814,CAPTURE,1400,1400,201,11,8,210,12,2,9,496,241,49,245,204,333,283,46.2,12,10,2,0,22.4,46,34,18,1,1,2.51,3,4.25,60.3,263,2,6,3,0.500,56,19,1,,19.8,0,0,1,0,1223,29,48,11,0
gauntlet/20261003-023912-scrim-g2nonav/losses/CyrilSharma.finalBot__OceanFloor__botA.bc24,CyrilSharma.finalBot,0,B,finalBot,1,1814,CAPTURE,1400,1400,201,27,31,216,52,3,49,591,275,9,314,276,283,333,45.5,52,18,34,0,34.4,45,2,10,0,1,0.51,2,5.22,47.5,382,2,5,2,0.400,88,7,1,,25.0,4,0,368,1,0,0,9,0,0
gauntlet/20261003-023912-scrim-g2nonav/losses/Gymhgy.v10official__Decision__botB.bc24,Gymhgy.v10official,0,A,v10official,1,640,CAPTURE,1900,1900,203,42,47,255,57,3,6,834,103,3,73,40,59,24,49.2,54,4,5,45,6.8,31,0,6,0,0,0.33,1,12.69,3.3,589,1,4,1,0.250,11,6,0,,25.1,91,0,,0,0,0,0,0,0
gauntlet/20261003-023912-scrim-g2nonav/losses/Gymhgy.v10official__Decision__botB.bc24,Gymhgy.v10official,1,B,g2nonav,0,640,CAPTURE,1900,1900,202,21,21,280,6,1,3,612,290,6,37,22,24,59,48.0,6,6,0,0,29.3,37,5,4,0,0,1.00,3,6.14,13.7,212,2,1,0,0.000,24,4,1,,22.8,0,0,26,0,112,1,10,6,0
gauntlet/20261003-023912-scrim-g2nonav/losses/Gymhgy.v10official__DefaultLarge__botB.bc24,Gymhgy.v10official,0,A,v10official,1,882,CAPTURE,1800,5300,202,47,47,273,53,3,6,795,91,17,172,163,168,126,46.5,50,6,3,41,46.7,41,4,13,0,0,1.39,0,12.00,4.0,311,0,5,0,0.000,35,7,1,,25.1,57,0,,0,0,0,1,0,0
gauntlet/20261003-023912-scrim-g2nonav/losses/Gymhgy.v10official__DefaultLarge__botB.bc24,Gymhgy.v10official,1,B,g2nonav,0,882,CAPTURE,1800,3800,223,0,10,301,17,0,17,445,213,6,134,80,126,168,45.3,17,13,4,0,31.2,44,3,6,0,0,0.99,3,4.28,24.0,139,3,,,,34,0,1,,21.0,0,0,1,0,388,16,16,16,4
gauntlet/20261003-023912-scrim-g2nonav/losses/Gymhgy.v10official__Klein__botB.bc24,Gymhgy.v10official,0,A,v10official,1,1171,CAPTURE,7800,7800,202,12,34,233,41,3,8,767,191,12,132,115,192,230,45.3,38,6,6,26,22.8,48,2,10,0,0,1.96,0,7.61,4.8,179,0,4,0,0.000,73,22,0,,25.1,8,0,,0,0,0,2,0,0
gauntlet/20261003-023912-scrim-g2nonav/losses/Gymhgy.v10official__Klein__botB.bc24,Gymhgy.v10official,1,B,g2nonav,0,1171,CAPTURE,6200,6200,203,6,0,405,12,0,12,310,148,8,206,159,230,192,46.0,12,10,2,0,21.4,49,6,6,0,0,2.61,3,3.45,25.1,77,3,2,0,0.000,43,1,1,,20.6,0,0,1,0,882,50,25,12,3
gauntlet/20261003-023912-scrim-g2nonav/losses/IvanGeffner.kuma__Backslash__botA.bc24,IvanGeffner.kuma,1,A,g2nonav,0,1845,CAPTURE,4700,15600,201,22,0,244,0,0,0,0,0,21,313,287,467,1200,34.1,0,0,0,0,,48,14,11,0,0,3.15,3,0.00,47.6,82,2,2,2,1.000,122,90,1,,21.0,0,0,1,0,1943,28,40,0,0
gauntlet/20261003-023912-scrim-g2nonav/losses/IvanGeffner.kuma__Backslash__botA.bc24,IvanGeffner.kuma,0,B,kuma,1,1845,CAPTURE,4700,15600,201,17,32,240,52,3,21,164,79,0,887,800,1200,467,43.8,52,11,14,27,29.6,41,0,0,10,1,0.00,0,4.15,30.3,,,,,,57,0,1,,25.0,27,0,208,1,0,0,1645,0,0
gauntlet/20261003-023912-scrim-g2nonav/losses/IvanGeffner.kuma__Swoop__botA.bc24,IvanGeffner.kuma,1,A,g2nonav,0,388,CAPTURE,4300,4300,201,22,15,242,1,1,0,58,23,3,59,49,37,57,46.3,1,1,0,0,,47,3,3,0,0,0.95,3,3.12,38.4,85,3,2,1,0.500,17,2,1,,19.8,0,0,1,0,311,1,11,1,0
gauntlet/20261003-023912-scrim-g2nonav/losses/IvanGeffner.kuma__Swoop__botA.bc24,IvanGeffner.kuma,0,B,kuma,1,388,CAPTURE,4300,4300,201,31,20,220,15,3,3,129,62,0,88,77,57,37,47.8,15,3,3,9,19.0,47,0,1,0,0,1.02,1,2.27,29.8,19,0,1,1,1.000,13,0,1,,25.0,27,0,40,1,0,0,188,0,0
gauntlet/20261003-023912-scrim-g2nonav/losses/NotLLeon.v3__Backslash__botA.bc24,NotLLeon.v3,1,A,g2nonav,0,588,CAPTURE,4700,12700,201,25,22,207,12,1,11,221,98,19,119,93,99,114,45.3,12,10,2,0,19.1,48,15,7,0,0,4.64,3,3.63,31.8,50,3,,,,10,2,1,,20.9,0,0,1,0,360,3,10,12,0
gauntlet/20261003-023912-scrim-g2nonav/losses/NotLLeon.v3__Backslash__botA.bc24,NotLLeon.v3,0,B,v3,1,588,CAPTURE,3600,12700,201,33,15,231,41,3,19,163,59,11,160,150,114,99,45.9,41,7,15,19,26.6,48,2,10,0,0,1.19,1,11.20,9.2,131,0,4,1,0.250,25,5,1,,24.0,0,0,208,1,0,0,197,0,10
gauntlet/20261003-023912-scrim-g2nonav/losses/IvanGeffner.kuma__Occulus__botA.bc24,IvanGeffner.kuma,1,A,g2nonav,0,1472,CAPTURE,1800,2100,201,21,10,227,3,0,3,67,27,5,180,148,352,563,40.8,3,2,1,0,17.7,40,3,6,0,0,1.43,3,7.39,41.9,94,2,3,3,1.000,17,1,1,,20.4,0,0,1,0,1293,88,23,3,0
gauntlet/20261003-023912-scrim-g2nonav/losses/IvanGeffner.kuma__Occulus__botA.bc24,IvanGeffner.kuma,0,B,kuma,1,1472,CAPTURE,1800,9300,201,39,21,244,27,3,5,139,68,3,539,482,563,352,44.3,27,6,3,18,13.4,34,1,2,1,1,2.76,0,4.09,28.5,7,0,1,0,0.000,29,4,0,,25.1,46,0,24,1,0,0,1182,0,0
gauntlet/20261003-023912-scrim-g2nonav/losses/IvanGeffner.kuma__Racetrack__botA.bc24,IvanGeffner.kuma,1,A,g2nonav,0,1962,CAPTURE,0,0,204,23,22,289,0,0,0,0,0,49,214,181,584,750,40.6,0,0,0,0,,27,34,23,0,0,3.49,3,0.00,31.7,120,2,2,2,1.000,46,30,1,,21.3,0,0,1,0,1772,72,18,0,0
gauntlet/20261003-023912-scrim-g2nonav/losses/IvanGeffner.kuma__Racetrack__botA.bc24,IvanGeffner.kuma,0,B,kuma,1,1962,CAPTURE,0,0,210,19,14,264,94,3,49,272,131,0,472,464,750,584,42.8,94,23,34,37,30.9,25,0,0,22,1,0.00,0,4.90,23.1,,,,,,86,1,0,,25.1,27,0,179,1,0,0,1762,0,0
gauntlet/20261003-023912-scrim-g2nonav/losses/NotLLeon.v3__Pancakes__botB.bc24,NotLLeon.v3,0,A,v3,1,492,CAPTURE,0,2500,205,42,19,253,31,3,17,203,85,9,75,70,78,77,46.3,31,5,15,11,18.6,46,3,8,0,0,1.61,2,8.74,7.3,137,2,4,2,0.500,19,4,0,,15.5,0,0,,0,0,0,137,0,20
gauntlet/20261003-023912-scrim-g2nonav/losses/NotLLeon.v3__Pancakes__botB.bc24,NotLLeon.v3,1,B,g2nonav,0,492,CAPTURE,0,4800,202,28,24,220,11,2,9,206,95,17,102,60,77,78,46.3,11,8,3,0,20.2,48,15,5,0,0,2.57,3,3.73,20.0,52,1,2,0,0.000,14,3,1,,22.8,0,0,75,0,171,5,11,11,0
gauntlet/20261003-023912-scrim-g2nonav/losses/NotLLeon.v3__Backslash__botB.bc24,NotLLeon.v3,0,A,v3,1,1381,CAPTURE,4500,14800,206,30,15,241,50,3,35,217,81,7,381,356,545,419,42.6,50,15,23,12,27.7,48,2,5,2,1,7.00,0,9.25,10.6,0,0,,,,49,1,1,,24.3,0,0,408,1,0,0,1181,0,57
gauntlet/20261003-023912-scrim-g2nonav/losses/NotLLeon.v3__Backslash__botB.bc24,NotLLeon.v3,1,B,g2nonav,0,1381,CAPTURE,4700,15400,201,29,17,244,7,0,7,23,5,35,270,223,419,545,40.5,7,5,2,0,18.7,48,23,15,0,0,4.02,3,6.17,36.4,76,1,,,,33,3,1,,20.5,0,0,1,0,1137,40,14,7,0
gauntlet/20261003-023912-scrim-g2nonav/losses/Strequals.duck0127v5__Canals__botA.bc24,Strequals.duck0127v5,1,A,g2nonav,0,897,CAPTURE,4600,4600,217,3,10,800,0,0,0,0,0,17,146,109,113,353,40.6,0,0,0,0,,46,6,14,0,0,2.27,3,0.00,37.2,116,1,3,3,1.000,19,10,1,,21.6,0,0,1,0,828,11,25,0,0
gauntlet/20261003-023912-scrim-g2nonav/losses/Strequals.duck0127v5__Canals__botA.bc24,Strequals.duck0127v5,0,B,duck0127v5,1,897,CAPTURE,4600,5900,203,12,22,269,20,3,17,260,122,0,371,317,353,113,46.9,20,14,6,0,32.7,46,0,0,0,0,0.00,0,12.20,27.2,,,,,,18,0,1,,24.3,0,0,,0,0,0,128,0,0
gauntlet/20261003-023912-scrim-g2nonav/losses/NotLLeon.v3__ORV__botA.bc24,NotLLeon.v3,1,A,g2nonav,0,1395,CAPTURE,3200,7400,204,6,29,267,7,0,7,42,16,54,264,209,522,389,43.2,7,6,1,0,22.1,47,41,16,0,0,5.46,3,4.76,24.3,61,3,3,1,0.333,20,1,1,,22.8,0,0,203,0,540,17,10,7,1
gauntlet/20261003-023912-scrim-g2nonav/losses/NotLLeon.v3__ORV__botA.bc24,NotLLeon.v3,0,B,v3,1,1395,CAPTURE,3200,3800,206,19,12,229,66,3,54,258,102,7,219,210,389,522,41.0,66,16,41,9,20.3,48,1,6,11,1,3.36,0,9.14,11.7,5,0,,,,50,5,0,,22.2,0,0,,1,0,0,1195,0,27
gauntlet/20261003-023912-scrim-g2nonav/losses/NotLLeon.v3__Gated__botB.bc24,NotLLeon.v3,0,A,v3,1,2000,LEVEL_SUM,1500,2200,208,24,21,252,57,1,53,204,93,8,277,262,602,654,42.0,57,18,36,3,20.3,39,2,7,24,1,1.14,1,6.53,7.4,105,1,2,1,0.500,84,14,0,,21.0,0,0,274,1,0,0,1456,0,19
gauntlet/20261003-023912-scrim-g2nonav/losses/NotLLeon.v3__Gated__botB.bc24,NotLLeon.v3,1,B,g2nonav,0,2000,LEVEL_SUM,1500,2600,203,28,17,233,9,1,8,185,85,53,295,248,654,602,42.7,9,7,2,0,18.1,31,36,18,0,0,5.60,1,4.20,22.5,57,0,1,0,0.000,61,12,1,,22.8,0,0,196,0,688,2,16,9,0
gauntlet/20261003-023912-scrim-g2nonav/losses/NotLLeon.v3__Waterworld__botB.bc24,NotLLeon.v3,0,A,v3,1,2000,MORE_FLAG_CAPTURES,7600,8600,216,10,15,293,75,2,68,372,167,14,242,222,511,843,39.7,75,22,48,5,23.8,21,7,8,15,1,2.48,1,6.39,11.1,57,1,2,1,0.500,93,24,0,,21.9,0,0,344,1,0,0,1800,0,53
gauntlet/20261003-023912-scrim-g2nonav/losses/NotLLeon.v3__Waterworld__botB.bc24,NotLLeon.v3,1,B,g2nonav,0,2000,MORE_FLAG_CAPTURES,13900,20100,203,29,35,251,15,1,14,128,57,68,410,344,843,511,43.8,15,8,7,0,23.5,43,48,22,0,0,4.55,2,9.37,22.6,61,1,4,1,0.250,39,6,1,,22.2,0,0,1,0,542,12,10,12,0
gauntlet/20261003-023912-scrim-g2nonav/losses/Strequals.duck0127v5__Divergent__botB.bc24,Strequals.duck0127v5,0,A,duck0127v5,1,1803,CAPTURE,3300,3300,205,1,23,319,13,3,10,270,129,18,403,371,324,277,46.3,13,5,8,0,25.3,35,7,12,2,3,1.72,1,9.96,27.5,120,1,3,1,0.333,74,17,0,,20.9,0,0,,0,1,0,123,0,0
gauntlet/20261003-023912-scrim-g2nonav/losses/Strequals.duck0127v5__Divergent__botB.bc24,Strequals.duck0127v5,1,B,g2nonav,0,1803,CAPTURE,3700,4000,203,8,20,250,19,1,18,225,99,10,253,184,277,324,45.6,19,12,7,0,29.3,41,8,5,4,0,1.05,3,4.12,24.7,187,3,3,3,1.000,39,5,1,,22.7,0,0,1,0,772,59,16,18,0
gauntlet/20261003-023912-scrim-g2nonav/losses/Strequals.duck0127v5__MIT__botB.bc24,Strequals.duck0127v5,0,A,duck0127v5,1,811,CAPTURE,7200,39100,204,9,13,257,10,3,7,370,155,13,235,211,124,98,47.1,10,5,5,0,36.4,45,9,7,0,0,0.97,2,9.04,26.5,236,2,4,1,0.250,27,13,0,,22.9,0,0,,0,0,0,128,0,0
gauntlet/20261003-023912-scrim-g2nonav/losses/Strequals.duck0127v5__MIT__botB.bc24,Strequals.duck0127v5,1,B,g2nonav,0,811,CAPTURE,7200,18100,202,25,22,221,16,2,13,345,152,7,250,203,98,124,46.2,16,7,9,0,13.8,49,5,5,0,0,0.59,3,6.37,27.0,284,2,3,2,0.667,27,8,1,,20.9,0,0,1,0,280,19,24,16,0
gauntlet/20261003-023912-scrim-g2nonav/losses/Strequals.duck0127v5__MazeRunner__botA.bc24,Strequals.duck0127v5,1,A,g2nonav,0,2000,LEVEL_SUM,2600,5900,207,20,21,331,16,0,16,119,45,6,292,216,343,484,44.1,16,8,8,0,25.3,27,3,3,2,0,4.29,0,7.19,31.2,0,0,,,,56,1,1,,22.8,0,0,204,0,732,78,17,14,0
gauntlet/20261003-023912-scrim-g2nonav/losses/Strequals.duck0127v5__MazeRunner__botA.bc24,Strequals.duck0127v5,0,B,duck0127v5,1,2000,LEVEL_SUM,2600,4700,207,1,1,335,6,0,6,17,4,16,383,330,484,343,45.8,6,3,3,0,26.0,22,8,8,0,0,3.34,0,3.82,33.9,19,0,2,0,0.000,80,2,0,,23.7,0,0,,0,0,0,139,0,0
gauntlet/20261003-023912-scrim-g2nonav/losses/andli28.v9_USQuals_angle__HeMustBeFreed__botB.bc24,andli28.v9_USQuals_angle,0,A,v9_USQuals_angle,1,881,CAPTURE,2900,15500,201,29,24,261,22,3,19,461,218,1,244,211,210,105,47.1,22,6,16,0,47.0,33,0,1,0,0,3.00,0,2.72,14.1,0,0,,,,26,0,1,1,25.0,3,0,,1,0,0,355,0,0
gauntlet/20261003-023912-scrim-g2nonav/losses/andli28.v9_USQuals_angle__HeMustBeFreed__botB.bc24,andli28.v9_USQuals_angle,1,B,g2nonav,0,881,CAPTURE,2800,6100,201,12,12,575,1,0,1,3,1,19,91,62,105,210,44.3,1,1,0,0,54.0,29,16,6,0,0,1.44,3,0.00,20.9,310,3,5,3,0.600,36,5,1,,22.8,0,0,84,0,306,7,13,1,0
gauntlet/20261003-023912-scrim-g2nonav/losses/andli28.v9_USQuals_angle__Canals__botA.bc24,andli28.v9_USQuals_angle,1,A,g2nonav,0,1530,CAPTURE,4600,4800,297,0,0,1466,0,0,0,0,0,10,234,222,258,801,37.3,0,0,0,0,,47,7,6,0,0,1.58,3,0.00,35.3,108,0,3,2,0.667,56,61,1,,21.3,0,0,1,0,975,25,68,0,0
gauntlet/20261003-023912-scrim-g2nonav/losses/andli28.v9_USQuals_angle__Canals__botA.bc24,andli28.v9_USQuals_angle,0,B,v9_USQuals_angle,1,1530,CAPTURE,4600,5900,227,13,8,255,13,3,10,165,77,0,584,527,801,258,46.0,13,6,7,0,29.3,41,0,0,5,2,0.00,0,4.25,11.2,,,,,,57,1,1,1,24.9,0,0,501,0,0,0,493,0,0
gauntlet/20261003-023912-scrim-g2nonav/losses/Strequals.duck0127v5__Rainbow__botA.bc24,Strequals.duck0127v5,1,A,g2nonav,0,2000,MORE_FLAG_CAPTURES,6000,6000,201,12,10,371,16,1,15,157,74,12,322,302,407,785,40.4,16,13,3,0,28.7,47,9,5,3,1,2.16,2,3.48,34.1,110,1,2,2,1.000,75,8,1,,22.5,0,0,1,0,1521,92,22,15,0
gauntlet/20261003-023912-scrim-g2nonav/losses/Strequals.duck0127v5__Rainbow__botA.bc24,Strequals.duck0127v5,0,B,duck0127v5,1,2000,MORE_FLAG_CAPTURES,6000,6000,201,29,38,302,14,2,12,186,87,15,717,682,785,407,45.0,14,5,9,0,29.4,37,3,13,2,1,1.62,1,8.59,28.8,63,1,2,1,0.500,78,8,1,,22.9,0,0,,0,0,0,131,0,0
gauntlet/20261003-023912-scrim-g2nonav/losses/andli28.v9_USQuals_angle__EvilGrin__botB.bc24,andli28.v9_USQuals_angle,0,A,v9_USQuals_angle,1,1776,CAPTURE,2000,7000,205,15,8,245,15,3,12,159,73,0,683,628,826,403,44.5,15,7,8,0,23.2,42,0,0,1,1,0.00,0,5.94,10.7,,,,,,70,2,0,0,25.0,7,0,,1,0,0,457,0,0
gauntlet/20261003-023912-scrim-g2nonav/losses/andli28.v9_USQuals_angle__EvilGrin__botB.bc24,andli28.v9_USQuals_angle,1,B,g2nonav,0,1776,CAPTURE,2000,2200,205,16,23,1510,0,0,0,0,0,12,257,231,403,826,38.7,0,0,0,0,,45,8,7,0,0,3.41,3,0.00,31.8,72,1,3,3,1.000,54,17,1,,22.8,0,0,20,0,1009,70,33,0,0
gauntlet/20261003-023912-scrim-g2nonav/losses/andli28.v9_USQuals_angle__Joker__botB.bc24,andli28.v9_USQuals_angle,0,A,v9_USQuals_angle,1,1484,CAPTURE,14500,25500,206,15,21,284,11,3,8,173,84,14,691,629,741,317,44.8,11,5,6,0,18.3,43,0,16,1,1,1.67,2,3.51,9.1,177,2,2,2,1.000,58,6,0,0,25.0,5,0,,1,0,0,231,0,0
gauntlet/20261003-023912-scrim-g2nonav/losses/andli28.v9_USQuals_angle__Joker__botB.bc24,andli28.v9_USQuals_angle,1,B,g2nonav,0,1484,CAPTURE,14500,16800,202,22,23,219,16,2,14,321,143,8,356,325,317,741,38.0,16,16,0,0,26.8,47,6,5,0,0,1.77,3,4.70,32.4,124,2,3,3,1.000,103,41,1,,24.0,0,0,1,0,1143,37,22,16,1
gauntlet/20261003-023912-scrim-g2nonav/losses/andrewgopher.player22__StackGame__botB.bc24,andrewgopher.player22,0,A,player22,1,384,CAPTURE,4600,4600,202,37,23,214,9,3,3,100,44,2,85,72,71,102,44.0,6,3,3,0,16.3,44,1,1,0,0,6.75,0,8.58,22.0,0,0,,,,13,1,0,0,25.0,7,0,,0,0,0,3,0,0
gauntlet/20261003-023912-scrim-g2nonav/losses/andrewgopher.player22__StackGame__botB.bc24,andrewgopher.player22,1,B,g2nonav,0,384,CAPTURE,4600,4600,201,0,6,353,2,0,2,4,0,3,73,55,102,71,45.6,2,1,1,0,11.5,45,3,3,0,0,3.70,3,11.50,36.7,44,1,2,2,1.000,2,1,1,,22.8,0,0,5,0,296,4,11,2,0
gauntlet/20261003-023912-scrim-g2nonav/losses/andli28.v9_USQuals_angle__Valentine__botA.bc24,andli28.v9_USQuals_angle,1,A,g2nonav,0,1465,CAPTURE,1800,2400,216,1,0,544,0,0,0,0,0,27,218,159,322,462,42.4,0,0,0,0,,45,16,14,0,0,1.22,3,0.00,22.9,394,3,6,2,0.333,76,5,0,,22.8,0,0,333,0,867,47,14,0,0
gauntlet/20261003-023912-scrim-g2nonav/losses/andli28.v9_USQuals_angle__Valentine__botA.bc24,andli28.v9_USQuals_angle,0,B,v9_USQuals_angle,1,1465,CAPTURE,1800,6000,211,29,32,227,30,3,27,541,255,0,409,390,462,322,44.6,30,14,16,0,34.7,44,0,0,1,1,0.00,0,1.80,9.1,,,,,,102,3,0,0,25.0,2,0,,1,0,0,377,0,0
gauntlet/20261003-023912-scrim-g2nonav/losses/andrewgopher.player22__ORV__botA.bc24,andrewgopher.player22,1,A,g2nonav,0,379,CAPTURE,3200,3200,211,0,0,343,0,0,0,0,0,3,56,25,59,74,45.3,0,0,0,0,,43,2,4,0,0,0.57,3,0.00,32.9,144,2,3,3,1.000,6,1,1,,22.8,0,0,202,0,248,7,17,0,0
gauntlet/20261003-023912-scrim-g2nonav/losses/andrewgopher.player22__ORV__botA.bc24,andrewgopher.player22,0,B,player22,1,379,CAPTURE,3200,8000,206,43,33,227,9,3,3,169,82,0,103,78,74,59,46.3,6,4,2,0,19.7,47,0,0,0,0,0.00,0,5.90,16.1,,,,,,10,1,0,0,25.0,1,0,,0,0,0,2,0,0
gauntlet/20261003-023912-scrim-g2nonav/losses/andrewgopher.player22__Digging__botB.bc24,andrewgopher.player22,0,A,player22,1,1098,CAPTURE,700,1900,205,34,19,227,14,3,8,173,81,0,318,295,808,392,41.4,11,6,5,0,22.1,34,0,0,0,0,0.00,0,13.61,18.2,,,,,,32,2,0,0,25.1,44,0,,0,0,0,2,0,0
gauntlet/20261003-023912-scrim-g2nonav/losses/andrewgopher.player22__Digging__botB.bc24,andrewgopher.player22,1,B,g2nonav,0,1098,CAPTURE,700,1300,275,0,1,508,0,0,0,0,0,8,126,126,392,808,32.2,0,0,0,0,,44,5,6,0,0,5.00,3,0.00,41.8,68,0,3,3,1.000,87,114,1,,22.8,0,0,205,0,1378,7,14,0,0
gauntlet/20261003-023912-scrim-g2nonav/losses/andrewgopher.player22__Mountain__botA.bc24,andrewgopher.player22,1,A,g2nonav,0,2000,LEVEL_SUM,4100,4700,207,3,3,330,5,0,5,33,14,2,253,192,1043,886,39.2,5,5,0,0,24.2,47,1,1,0,0,1.80,0,0.27,45.3,0,0,,,,33,1,1,,21.2,0,0,1,0,1825,53,33,5,2
gauntlet/20261003-023912-scrim-g2nonav/losses/andrewgopher.player22__Mountain__botA.bc24,andrewgopher.player22,0,B,player22,1,2000,LEVEL_SUM,4100,5600,201,12,12,227,5,0,2,8,4,5,359,346,886,1043,37.3,2,1,1,0,25.5,41,0,5,1,0,0.55,0,0.00,11.2,14,0,,,,39,2,0,0,25.1,20,0,,0,0,0,1,0,0
gauntlet/20261003-023912-scrim-g2nonav/losses/chenyx512.flagbot_final__AceOfSpades__botB.bc24,chenyx512.flagbot_final,0,A,flagbot_final,1,829,CAPTURE,1800,19800,203,26,22,217,12,3,6,789,313,3,513,420,421,47,48.5,9,6,3,0,17.0,42,0,3,0,0,2.00,0,6.69,23.0,41,0,2,0,0.000,3,0,0,0,19.4,0,0,,1,0,0,466,0,0
gauntlet/20261003-023912-scrim-g2nonav/losses/chenyx512.flagbot_final__AceOfSpades__botB.bc24,chenyx512.flagbot_final,1,B,g2nonav,0,829,CAPTURE,1800,1800,202,28,7,234,3,0,3,100,47,6,95,73,47,421,37.7,3,3,0,0,10.3,43,3,6,0,0,1.47,3,3.14,43.8,111,0,4,3,0.750,58,19,1,,21.5,0,0,1,0,833,21,34,3,0
gauntlet/20261003-023912-scrim-g2nonav/losses/andrewgopher.player22__TwistedTreeline__botB.bc24,andrewgopher.player22,0,A,player22,1,2000,LEVEL_SUM,2400,2400,203,32,4,221,9,0,6,63,27,1,374,361,810,913,38.9,6,4,2,0,25.5,32,0,1,0,0,1.28,0,6.50,13.0,6,0,1,0,0.000,229,25,0,0,25.0,72,0,,0,0,0,2,0,0
gauntlet/20261003-023912-scrim-g2nonav/losses/andrewgopher.player22__TwistedTreeline__botB.bc24,andrewgopher.player22,1,B,g2nonav,0,2000,LEVEL_SUM,2400,2400,202,23,15,241,1,0,1,32,12,6,286,213,913,810,40.1,1,1,0,0,9.0,45,2,4,0,0,5.82,0,6.38,29.5,7,0,,,,90,7,1,,21.4,0,0,1,0,625,48,20,1,0
gauntlet/20261003-023912-scrim-g2nonav/losses/chenyx512.flagbot_final__Racetrack__botA.bc24,chenyx512.flagbot_final,1,A,g2nonav,0,1138,CAPTURE,0,0,202,23,21,347,1,0,1,0,0,25,80,63,128,535,38.8,1,1,0,0,28.0,26,19,9,0,0,2.49,3,0.00,32.2,148,2,4,3,0.750,42,32,1,,20.7,0,0,1,0,1026,27,40,148,0
gauntlet/20261003-023912-scrim-g2nonav/losses/chenyx512.flagbot_final__Racetrack__botA.bc24,chenyx512.flagbot_final,0,B,flagbot_final,1,1138,CAPTURE,0,0,210,27,29,282,31,3,25,856,301,1,237,175,535,128,47.2,28,9,19,0,29.0,19,0,1,0,0,0.00,0,7.37,26.3,,0,,,,10,0,0,0,19.1,0,0,649,1,0,0,938,0,0
gauntlet/20261003-023912-scrim-g2nonav/losses/chenyx512.flagbot_final__Swoop__botA.bc24,chenyx512.flagbot_final,1,A,g2nonav,0,768,CAPTURE,4300,4300,201,25,25,255,12,1,11,215,92,4,111,67,53,353,39.2,12,9,3,0,30.8,47,3,4,0,0,0.73,3,8.33,30.3,111,3,3,3,1.000,38,20,1,,20.8,0,0,1,0,502,6,14,11,1
gauntlet/20261003-023912-scrim-g2nonav/losses/chenyx512.flagbot_final__Swoop__botA.bc24,chenyx512.flagbot_final,0,B,flagbot_final,1,768,CAPTURE,4300,4300,201,41,26,219,10,3,4,746,320,11,229,159,353,53,48.2,7,4,3,0,27.0,44,3,9,0,0,2.64,1,4.86,19.9,85,1,3,0,0.000,7,4,1,1,19.7,0,0,285,1,0,0,275,0,0
gauntlet/20261003-023912-scrim-g2nonav/losses/chenyx512.flagbot_final__Skyline__botB.bc24,chenyx512.flagbot_final,0,A,flagbot_final,1,1041,CAPTURE,21600,21600,204,9,31,271,19,3,13,734,309,2,559,433,425,77,48.1,16,10,6,0,20.3,47,0,4,0,0,0.32,2,7.34,21.2,110,2,2,2,1.000,7,1,0,0,18.9,0,0,309,1,0,0,419,0,0
gauntlet/20261003-023912-scrim-g2nonav/losses/chenyx512.flagbot_final__Skyline__botB.bc24,chenyx512.flagbot_final,1,B,g2nonav,0,1041,CAPTURE,21600,21600,201,18,27,209,4,2,2,128,63,13,286,270,77,425,40.2,4,4,0,0,26.5,47,6,10,0,0,2.66,3,3.75,36.6,81,1,3,3,1.000,68,26,1,,20.1,0,0,1,0,1349,33,19,4,1
gauntlet/20261003-023912-scrim-g2nonav/losses/hsmalladi.finalbot__AceOfSpades__botA.bc24,hsmalladi.finalbot,1,A,g2nonav,0,316,CAPTURE,1800,1800,202,18,17,230,1,1,0,39,18,10,42,35,30,49,46.6,1,1,0,0,,42,10,3,0,0,3.56,3,8.74,48.5,43,0,2,1,0.500,5,0,1,,22.8,0,0,35,0,139,0,7,1,0
gauntlet/20261003-023912-scrim-g2nonav/losses/hsmalladi.finalbot__AceOfSpades__botA.bc24,hsmalladi.finalbot,0,B,finalbot,1,316,CAPTURE,1800,19800,205,43,16,223,23,3,10,731,171,0,225,153,49,30,47.4,20,3,10,7,13.7,44,0,1,0,0,0.92,1,8.23,13.6,19,0,1,1,1.000,8,0,0,,25.1,136,0,,0,0,0,4,0,0
gauntlet/20261003-023912-scrim-g2nonav/losses/clbarrell.duck8__OceanFloor__botB.bc24,clbarrell.duck8,0,A,duck8,1,578,CAPTURE,1400,1400,201,34,16,232,6,3,3,244,115,1,69,55,71,123,44.8,6,3,3,0,39.3,42,0,4,0,0,0.36,2,9.30,26.7,216,2,2,2,1.000,44,24,1,,12.1,0,0,2,0,0,0,18,0,0
gauntlet/20261003-023912-scrim-g2nonav/losses/clbarrell.duck8__OceanFloor__botB.bc24,clbarrell.duck8,1,B,g2nonav,0,578,CAPTURE,1400,1400,201,30,26,213,4,2,1,256,121,3,94,47,123,71,47.0,4,4,0,0,51.0,45,3,3,0,0,0.64,3,9.21,17.1,193,2,3,3,1.000,28,3,1,,20.4,0,0,1,0,188,3,10,4,0
gauntlet/20261003-023912-scrim-g2nonav/losses/chenyx512.flagbot_final__Divergent__botB.bc24,chenyx512.flagbot_final,0,A,flagbot_final,1,2000,MORE_FLAG_CAPTURES,3700,3700,210,17,20,366,19,1,15,726,312,12,692,610,803,194,47.7,16,10,6,0,29.5,41,0,12,4,1,1.07,0,6.26,21.1,216,0,5,0,0.000,24,1,0,0,23.0,0,0,,1,0,0,1800,0,0
gauntlet/20261003-023912-scrim-g2nonav/losses/chenyx512.flagbot_final__Divergent__botB.bc24,chenyx512.flagbot_final,1,B,g2nonav,0,2000,MORE_FLAG_CAPTURES,3700,3700,203,4,5,240,12,0,12,404,194,15,266,249,194,803,40.2,12,12,0,0,22.3,46,6,10,0,0,1.33,1,1.07,28.2,96,1,1,1,1.000,139,39,1,,21.7,0,0,1,0,1316,114,23,74,8
gauntlet/20261003-023912-scrim-g2nonav/losses/hsmalladi.finalbot__Fountain__botB.bc24,hsmalladi.finalbot,0,A,finalbot,1,450,CAPTURE,1500,2000,223,10,14,279,28,3,7,761,281,0,21,20,34,58,46.9,25,4,7,14,17.9,45,0,1,0,0,1.63,0,9.11,26.9,2,,,,,9,1,0,,25.1,94,0,,0,0,0,3,0,0
gauntlet/20261003-023912-scrim-g2nonav/losses/hsmalladi.finalbot__Fountain__botB.bc24,hsmalladi.finalbot,1,B,g2nonav,0,450,CAPTURE,1700,3100,207,17,24,431,1,0,0,8,4,7,43,33,58,34,48.1,1,1,0,0,,46,7,4,0,0,2.63,3,1.50,22.6,79,2,3,3,1.000,4,2,1,,22.8,0,0,208,0,159,2,4,1,0
gauntlet/20261003-023912-scrim-g2nonav/losses/hsmalladi.finalbot__ORV__botB.bc24,hsmalladi.finalbot,0,A,finalbot,1,1031,CAPTURE,3200,6800,209,29,8,253,52,3,42,821,216,4,174,170,293,326,42.3,49,11,34,4,18.3,48,0,5,0,0,0.71,1,7.28,12.5,111,1,2,1,0.500,47,17,0,,25.1,88,0,,0,1,1,27,0,0
gauntlet/20261003-023912-scrim-g2nonav/losses/hsmalladi.finalbot__ORV__botB.bc24,hsmalladi.finalbot,1,B,g2nonav,0,1031,CAPTURE,3200,4400,204,15,4,242,5,1,4,147,71,42,181,134,326,293,43.1,5,5,0,0,21.3,47,34,11,0,0,7.06,3,4.82,22.8,26,1,1,1,1.000,26,6,1,,22.8,0,0,202,0,481,8,11,4,0
gauntlet/20261003-023912-scrim-g2nonav/losses/jmerle.camel_case_v21_final__Battlecode24__botA.bc24,jmerle.camel_case_v21_final,1,A,g2nonav,0,650,CAPTURE,12400,16600,203,7,4,251,2,0,2,5,1,4,214,175,192,216,42.0,2,2,0,0,17.5,29,4,3,0,0,0.66,3,0.00,42.1,131,1,3,3,1.000,21,1,1,,19.2,0,0,1,0,480,7,18,2,0
gauntlet/20261003-023912-scrim-g2nonav/losses/jmerle.camel_case_v21_final__Battlecode24__botA.bc24,jmerle.camel_case_v21_final,0,B,camel_case_v21_final,1,650,CAPTURE,9600,24000,202,26,23,262,7,3,4,179,89,2,336,328,216,192,42.8,7,3,4,0,21.8,33,0,2,0,0,2.20,0,7.20,10.3,0,0,,,,48,5,0,,21.7,0,0,,0,0,0,1,0,0
gauntlet/20261003-023912-scrim-g2nonav/losses/hsmalladi.finalbot__HeMustBeFreed__botB.bc24,hsmalladi.finalbot,0,A,finalbot,1,1736,CAPTURE,5900,15100,201,45,43,256,64,3,44,1231,297,11,291,289,402,407,44.3,61,13,34,14,43.0,44,0,14,10,1,0.15,2,5.27,9.6,1047,2,10,2,0.200,144,65,1,,25.0,61,0,,0,1,0,41,0,0
gauntlet/20261003-023912-scrim-g2nonav/losses/hsmalladi.finalbot__HeMustBeFreed__botB.bc24,hsmalladi.finalbot,1,B,g2nonav,0,1736,CAPTURE,2900,3500,201,7,6,398,14,2,11,1169,566,44,211,140,407,402,44.4,14,14,0,0,45.7,20,34,13,0,1,2.08,3,2.93,17.1,342,3,6,1,0.167,110,4,1,,22.8,0,0,68,0,662,20,21,14,2
gauntlet/20261003-023912-scrim-g2nonav/losses/jmerle.camel_case_v21_final__Fountain__botA.bc24,jmerle.camel_case_v21_final,1,A,g2nonav,0,525,CAPTURE,1700,2700,209,4,3,296,5,1,4,82,38,20,43,35,168,163,42.6,5,5,0,0,15.8,44,15,8,0,0,2.59,3,3.32,29.6,88,1,4,1,0.250,31,15,1,,22.8,0,0,210,0,414,7,10,5,1
gauntlet/20261003-023912-scrim-g2nonav/losses/jmerle.camel_case_v21_final__Fountain__botA.bc24,jmerle.camel_case_v21_final,0,B,camel_case_v21_final,1,525,CAPTURE,1300,2300,211,30,28,219,23,3,20,230,99,4,55,53,163,168,42.3,23,8,15,0,16.3,39,0,5,0,0,0.95,1,8.00,3.6,51,1,1,1,1.000,55,9,0,,22.0,0,0,,0,0,0,1,0,0
gauntlet/20261003-023912-scrim-g2nonav/losses/hsmalladi.finalbot__WheresMyWater__botA.bc24,hsmalladi.finalbot,1,A,g2nonav,0,1401,CAPTURE,3000,3600,201,1,8,201,7,2,5,150,72,26,262,242,698,511,41.2,7,7,0,0,10.8,41,22,7,0,0,5.43,3,7.31,24.7,36,1,1,1,1.000,97,22,1,,20.6,0,0,1,0,1519,42,16,7,0
gauntlet/20261003-023912-scrim-g2nonav/losses/hsmalladi.finalbot__WheresMyWater__botA.bc24,hsmalladi.finalbot,0,B,finalbot,1,1401,CAPTURE,3000,4800,201,20,30,201,36,3,26,737,169,5,222,218,511,698,37.8,33,7,22,4,20.1,46,0,7,1,1,1.57,2,9.52,8.6,66,1,4,2,0.500,127,65,1,,25.0,47,0,,0,1,0,4,0,0
gauntlet/20261003-023912-scrim-g2nonav/losses/hsmalladi.finalbot__WheresMyWater__botB.bc24,hsmalladi.finalbot,0,A,finalbot,1,1833,CAPTURE,3000,4500,201,9,32,221,70,3,57,873,221,1,330,323,875,788,39.6,67,15,45,7,16.9,43,0,2,30,1,0.68,1,7.30,7.1,66,1,1,1,1.000,99,54,1,,25.0,48,0,,0,1,0,18,0,0
gauntlet/20261003-023912-scrim-g2nonav/losses/hsmalladi.finalbot__WheresMyWater__botB.bc24,hsmalladi.finalbot,1,B,g2nonav,0,1833,CAPTURE,3000,4200,201,3,5,325,2,1,1,99,49,57,358,331,788,875,38.4,2,2,0,0,23.0,45,45,15,0,0,5.54,3,12.26,24.9,66,0,2,0,0.000,81,34,1,,21.3,0,0,1,0,1990,34,24,2,0
gauntlet/20261003-023912-scrim-g2nonav/losses/jmerle.camel_case_v21_final__Canals__botA.bc24,jmerle.camel_case_v21_final,1,A,g2nonav,0,1935,CAPTURE,4600,4800,209,1,4,235,6,1,5,39,25,17,390,338,1117,943,38.2,6,5,1,0,16.0,47,9,11,1,1,2.03,3,6.90,31.2,69,0,3,2,0.667,63,15,1,,20.8,0,0,1,0,1492,49,33,6,1
gauntlet/20261003-023912-scrim-g2nonav/losses/jmerle.camel_case_v21_final__Canals__botA.bc24,jmerle.camel_case_v21_final,0,B,camel_case_v21_final,1,1935,CAPTURE,4600,5800,202,44,32,213,20,3,17,189,109,5,445,442,943,1117,35.9,20,11,9,0,29.9,49,1,5,6,2,1.36,1,6.26,4.5,10,0,,,,252,62,1,,23.2,0,0,,0,0,0,4,0,0
gauntlet/20261003-023912-scrim-g2nonav/losses/jmerle.camel_case_v21_final__Swoop__botA.bc24,jmerle.camel_case_v21_final,1,A,g2nonav,0,443,CAPTURE,4300,4300,201,15,13,227,6,1,4,117,56,8,64,54,103,109,43.9,6,6,0,0,25.5,47,5,6,0,0,0.98,3,2.47,34.5,118,1,3,3,1.000,25,2,1,,20.8,0,0,1,0,274,6,16,6,4
gauntlet/20261003-023912-scrim-g2nonav/losses/jmerle.camel_case_v21_final__Swoop__botA.bc24,jmerle.camel_case_v21_final,0,B,camel_case_v21_final,1,443,CAPTURE,4300,4300,201,25,19,219,11,3,8,187,82,4,99,97,109,103,44.5,11,6,5,0,28.6,50,0,6,0,0,0.84,1,5.41,4.8,84,1,2,1,0.500,41,5,1,,24.0,0,0,,0,0,0,1,0,32
gauntlet/20261003-023912-scrim-g2nonav/losses/jmerle.camel_case_v21_final__StackGame__botA.bc24,jmerle.camel_case_v21_final,1,A,g2nonav,0,323,CAPTURE,4600,4600,291,0,1,322,0,0,0,0,0,5,65,42,52,69,45.1,0,0,0,0,,39,5,3,0,0,3.17,3,0.00,42.3,48,0,3,2,0.667,2,2,1,,22.8,0,0,5,0,140,2,7,0,0
gauntlet/20261003-023912-scrim-g2nonav/losses/jmerle.camel_case_v21_final__StackGame__botA.bc24,jmerle.camel_case_v21_final,0,B,camel_case_v21_final,1,323,CAPTURE,4600,4600,201,29,7,217,8,3,5,118,56,0,78,70,69,52,46.5,8,3,5,0,14.2,47,0,0,0,0,0.00,0,8.54,7.2,,,,,,2,0,0,,21.7,0,0,,0,0,0,1,0,0
gauntlet/20261003-023912-scrim-g2nonav/losses/kyleezz.jeeryfix3__BedWars__botA.bc24,kyleezz.jeeryfix3,1,A,g2nonav,0,433,CAPTURE,2400,2500,238,2,13,280,0,0,0,0,0,15,49,29,136,48,47.5,0,0,0,0,,48,13,5,0,0,7.24,3,0.00,20.7,5,0,,,,12,1,1,,21.0,0,0,1,0,189,14,11,0,0
gauntlet/20261003-023912-scrim-g2nonav/losses/kyleezz.jeeryfix3__BedWars__botA.bc24,kyleezz.jeeryfix3,0,B,jeeryfix3,1,433,CAPTURE,2400,7800,205,30,3,218,18,3,15,84,42,0,44,40,48,136,42.8,18,5,13,0,12.2,50,0,0,0,0,0.00,0,4.86,18.0,,,,,,28,2,0,1,24.9,0,0,57,1,0,0,2,0,0
gauntlet/20261003-023912-scrim-g2nonav/losses/kyleezz.jeeryfix3__Klein__botB.bc24,kyleezz.jeeryfix3,0,A,jeeryfix3,1,692,CAPTURE,6300,9000,202,12,10,206,15,3,12,149,69,2,59,56,100,257,41.2,15,3,12,0,13.3,50,0,2,0,0,6.00,0,6.16,18.3,0,0,,,,55,12,1,1,24.9,0,0,8,1,0,0,4,0,0
gauntlet/20261003-023912-scrim-g2nonav/losses/kyleezz.jeeryfix3__Klein__botB.bc24,kyleezz.jeeryfix3,1,B,g2nonav,0,692,CAPTURE,6600,6600,204,14,15,262,2,0,2,2,0,12,137,76,257,100,46.5,2,2,0,0,19.0,45,12,3,0,0,2.47,3,9.50,25.1,83,1,1,1,1.000,28,2,1,,21.5,0,0,1,0,409,11,17,2,0
gauntlet/20261003-023912-scrim-g2nonav/losses/jmerle.camel_case_v21_final__YearOfTheDragon__botA.bc24,jmerle.camel_case_v21_final,1,A,g2nonav,0,503,CAPTURE,10800,10800,201,9,4,258,6,0,6,61,24,10,156,114,125,119,44.2,6,4,2,0,14.2,47,8,5,0,0,1.15,3,3.15,37.7,144,2,3,3,1.000,25,3,1,,19.2,0,0,1,0,269,3,12,5,0
gauntlet/20261003-023912-scrim-g2nonav/losses/jmerle.camel_case_v21_final__YearOfTheDragon__botA.bc24,jmerle.camel_case_v21_final,0,B,camel_case_v21_final,1,503,CAPTURE,10800,10800,201,22,23,214,13,3,10,227,106,6,179,175,119,125,44.2,13,5,8,0,22.6,40,2,4,0,0,3.87,0,6.93,7.5,14,0,,,,39,2,1,,22.1,0,0,,0,0,0,1,0,0
gauntlet/20261003-023912-scrim-g2nonav/losses/quesswho.cretplayer2_3__AceOfSpades__botA.bc24,quesswho.cretplayer2_3,1,A,g2nonav,0,549,CAPTURE,1800,5100,202,22,16,240,10,0,10,190,73,20,109,73,142,114,45.0,10,6,4,0,19.9,42,14,9,0,0,2.23,3,5.62,30.9,136,0,4,3,0.750,28,6,1,,22.8,0,0,33,0,377,5,9,9,1
gauntlet/20261003-023912-scrim-g2nonav/losses/quesswho.cretplayer2_3__AceOfSpades__botA.bc24,quesswho.cretplayer2_3,0,B,cretplayer2_3,1,549,CAPTURE,1800,16500,202,25,23,228,26,3,20,880,151,10,232,215,114,142,43.0,23,9,14,0,20.7,42,4,6,0,0,2.74,0,16.76,18.0,62,0,4,0,0.000,43,29,0,0,25.0,3,0,17,1,0,0,348,0,219
gauntlet/20261003-023912-scrim-g2nonav/losses/quesswho.cretplayer2_3__Checkered__botA.bc24,quesswho.cretplayer2_3,1,A,g2nonav,0,622,CAPTURE,4800,4800,201,13,7,212,3,2,1,206,99,8,126,88,117,83,46.8,3,3,0,0,22.0,47,5,6,0,0,1.07,3,4.09,20.3,254,0,4,3,0.750,33,12,1,,22.8,0,0,11,0,365,5,10,3,0
gauntlet/20261003-023912-scrim-g2nonav/losses/quesswho.cretplayer2_3__Checkered__botA.bc24,quesswho.cretplayer2_3,0,B,cretplayer2_3,1,622,CAPTURE,4800,4800,201,30,1,206,14,3,8,977,163,1,123,109,83,117,44.9,11,6,5,0,14.5,36,0,3,0,0,0.31,2,22.85,22.8,154,2,3,2,0.667,61,46,1,1,25.0,4,0,1,1,0,0,308,0,107
gauntlet/20261003-023912-scrim-g2nonav/losses/winkelmantanner.waffle__Tunnels__botB.bc24,winkelmantanner.waffle,0,A,waffle,1,749,CAPTURE,2400,2700,224,14,25,241,29,3,26,194,83,0,108,97,109,316,39.9,29,7,22,0,14.8,19,0,0,0,0,0.00,0,8.20,11.5,,,,,,30,15,0,,10.9,0,0,,0,26,25,549,0,0
gauntlet/20261003-023912-scrim-g2nonav/losses/winkelmantanner.waffle__Tunnels__botB.bc24,winkelmantanner.waffle,1,B,g2nonav,0,749,CAPTURE,2400,3900,203,0,1,299,0,0,0,0,0,26,102,66,316,109,46.4,0,0,0,0,,36,22,7,0,0,6.43,3,0.00,33.9,42,1,2,1,0.500,16,2,1,,20.5,0,0,1,0,600,10,13,0,0
gauntlet/20261003-023912-scrim-g2nonav/losses/winkelmantanner.waffle__Funnel__botB.bc24,winkelmantanner.waffle,0,A,waffle,1,1158,CAPTURE,2200,4200,203,31,24,228,38,3,35,437,199,1,179,159,170,383,41.9,38,10,28,0,46.1,41,1,1,0,0,0.15,1,4.66,8.7,137,1,1,1,1.000,147,63,1,,10.5,0,0,,0,9,0,958,0,0
gauntlet/20261003-023912-scrim-g2nonav/losses/winkelmantanner.waffle__Funnel__botB.bc24,winkelmantanner.waffle,1,B,g2nonav,0,1158,CAPTURE,2200,3700,201,0,0,473,2,1,1,149,74,35,219,162,383,170,46.4,2,1,1,0,53.0,38,28,10,0,0,2.18,3,4.74,22.5,215,1,4,3,0.750,37,7,1,,20.7,0,0,1,0,488,9,11,2,0
gauntlet/20261003-023912-scrim-g2nonav/losses/winkelmantanner.waffle__Puzzle__botA.bc24,winkelmantanner.waffle,1,A,g2nonav,0,2000,MORE_FLAG_CAPTURES,0,8900,207,10,14,263,7,1,6,210,103,65,377,343,1042,438,44.7,7,7,0,0,23.3,48,52,16,0,1,3.11,2,5.23,23.1,133,1,3,2,0.667,107,21,1,,22.8,0,0,223,0,1467,37,24,7,2
gauntlet/20261003-023912-scrim-g2nonav/losses/winkelmantanner.waffle__Puzzle__botA.bc24,winkelmantanner.waffle,0,B,waffle,1,2000,MORE_FLAG_CAPTURES,0,14000,203,35,22,241,68,2,65,445,204,6,357,346,438,1042,37.3,68,16,52,0,27.7,40,0,7,21,0,0.59,1,3.69,10.4,160,1,4,1,0.250,350,143,0,,11.6,0,0,,0,10,0,1800,0,0
gauntlet/20261003-023912-scrim-g2nonav/replays/ColtG5.Goob_final__Gated__botA.bc24,ColtG5.Goob_final,1,A,g2nonav,1,2000,MORE_FLAG_CAPTURES,1500,1900,274,0,17,285,5,2,3,189,127,13,336,259,1313,554,43.3,5,4,1,0,19.7,39,6,7,0,2,4.73,0,6.63,17.5,1,0,,,,119,7,1,,22.8,0,0,105,0,674,28,13,5,1
gauntlet/20261003-023912-scrim-g2nonav/replays/ColtG5.Goob_final__Gated__botA.bc24,ColtG5.Goob_final,0,B,Goob_final,0,2000,MORE_FLAG_CAPTURES,1500,2900,205,38,20,221,13,0,13,60,22,3,235,225,554,1313,34.0,13,7,6,0,20.1,45,1,4,0,0,0.88,2,4.52,13.1,129,2,3,2,0.667,276,192,0,0,15.9,0,0,,0,0,0,1700,0,0
gauntlet/20261003-023912-scrim-g2nonav/replays/ColtG5.Goob_final__EvilGrin__botA.bc24,ColtG5.Goob_final,1,A,g2nonav,1,1705,CAPTURE,2000,2400,209,8,7,271,7,3,4,225,110,2,286,210,1244,454,43.6,7,3,4,0,19.8,43,0,3,4,3,2.62,1,11.44,25.0,40,1,1,1,1.000,36,4,1,,20.9,0,0,1,0,239,18,11,7,0
gauntlet/20261003-023912-scrim-g2nonav/replays/ColtG5.Goob_final__EvilGrin__botA.bc24,ColtG5.Goob_final,0,B,Goob_final,0,1705,CAPTURE,2000,8000,204,33,18,239,3,1,2,60,28,4,240,232,454,1244,32.2,3,3,0,0,17.0,47,4,3,0,0,0.68,3,5.28,14.7,171,3,3,3,1.000,98,102,0,0,18.6,0,0,,0,0,0,1364,0,0
gauntlet/20261003-023912-scrim-g2nonav/replays/ColtG5.Goob_final__Joker__botB.bc24,ColtG5.Goob_final,0,A,Goob_final,0,2000,LEVEL_SUM,14500,21900,201,5,21,267,4,1,3,73,35,1,436,425,585,1459,32.2,4,3,1,0,27.0,44,1,2,0,0,0.79,1,4.11,15.7,48,0,1,1,1.000,240,155,0,0,19.1,0,0,,0,0,0,609,0,0
gauntlet/20261003-023912-scrim-g2nonav/replays/ColtG5.Goob_final__Joker__botB.bc24,ColtG5.Goob_final,1,B,g2nonav,1,2000,LEVEL_SUM,14500,20200,206,20,23,255,3,1,1,72,48,3,582,508,1459,585,42.9,3,2,1,0,21.0,42,1,3,0,0,1.26,1,4.60,23.4,52,0,1,1,1.000,122,4,1,,21.4,0,0,1,0,615,32,16,2,0
gauntlet/20261003-023912-scrim-g2nonav/replays/CyrilSharma.finalBot__EvilGrin__botB.bc24,CyrilSharma.finalBot,0,A,finalBot,0,2000,MORE_FLAG_CAPTURES,2000,9000,205,29,19,256,34,1,33,176,102,15,635,629,643,651,42.1,34,11,23,0,26.1,36,4,13,13,0,1.46,2,3.78,46.6,153,2,3,2,0.667,59,6,0,,25.1,32,0,291,1,0,0,7,0,0
gauntlet/20261003-023912-scrim-g2nonav/replays/CyrilSharma.finalBot__EvilGrin__botB.bc24,CyrilSharma.finalBot,1,B,g2nonav,1,2000,MORE_FLAG_CAPTURES,2000,2200,205,11,17,262,17,2,15,248,120,33,268,242,651,643,42.1,17,13,4,0,18.4,45,23,11,3,1,3.28,1,5.81,53.9,56,1,1,1,1.000,55,10,1,,22.8,0,0,10,0,1682,44,19,16,1
gauntlet/20261003-023912-scrim-g2nonav/replays/Gymhgy.v10official__Backslash__botA.bc24,Gymhgy.v10official,1,A,g2nonav,1,2000,LEVEL_SUM,4700,13300,201,24,24,242,57,2,55,1339,641,14,367,306,549,508,43.8,57,49,8,0,27.4,48,7,9,2,1,2.73,2,3.83,22.4,43,2,,,,109,12,1,,22.8,0,0,7,0,1146,65,15,56,45
gauntlet/20261003-023912-scrim-g2nonav/replays/Gymhgy.v10official__Backslash__botA.bc24,Gymhgy.v10official,0,B,v10official,0,2000,LEVEL_SUM,4700,17700,201,31,15,218,45,2,14,693,92,55,414,400,508,549,43.4,42,9,7,26,28.6,47,8,49,1,0,1.59,2,10.30,4.5,916,2,22,2,0.091,136,46,1,,25.1,137,0,,0,0,0,0,0,0
gauntlet/20261003-023912-scrim-g2nonav/replays/CyrilSharma.finalBot__Racetrack__botB.bc24,CyrilSharma.finalBot,0,A,finalBot,0,2000,MORE_FLAG_CAPTURES,0,0,203,0,1,636,7,1,6,75,34,7,257,250,410,702,41.5,7,2,5,0,32.3,28,4,5,0,0,1.17,2,3.43,55.8,127,2,3,1,0.333,44,9,0,,25.0,8,0,681,1,0,0,15,0,0
gauntlet/20261003-023912-scrim-g2nonav/replays/CyrilSharma.finalBot__Racetrack__botB.bc24,CyrilSharma.finalBot,1,B,g2nonav,1,2000,MORE_FLAG_CAPTURES,0,0,207,4,20,402,9,2,7,197,87,6,269,198,702,410,45.0,9,5,4,0,22.9,24,5,2,0,0,1.91,1,9.32,38.5,47,0,1,1,1.000,26,1,1,,22.8,0,0,124,0,283,21,25,9,0
gauntlet/20261003-023912-scrim-g2nonav/replays/Gymhgy.v10official__CH3353C4K3F4CT0RY__botA.bc24,Gymhgy.v10official,1,A,g2nonav,1,1986,CAPTURE,13000,13200,233,1,16,315,55,3,52,815,402,21,530,458,774,446,44.5,55,46,9,0,20.9,47,7,18,7,3,3.40,2,3.88,25.8,33,2,,,,93,5,1,,22.8,0,0,18,0,1245,50,11,55,9
gauntlet/20261003-023912-scrim-g2nonav/replays/Gymhgy.v10official__CH3353C4K3F4CT0RY__botA.bc24,Gymhgy.v10official,0,B,v10official,0,1986,CAPTURE,13000,13200,202,20,31,249,54,2,21,726,146,52,436,428,446,774,40.7,51,18,7,26,23.0,46,9,46,4,0,2.38,3,6.79,6.0,431,1,10,2,0.200,123,48,0,,25.1,88,0,,0,0,0,1,0,0
gauntlet/20261003-023912-scrim-g2nonav/replays/IvanGeffner.kuma__EndAround__botA.bc24,IvanGeffner.kuma,1,A,g2nonav,1,2000,LEVEL_SUM,2500,5200,203,14,19,326,2,0,2,130,50,1,268,201,407,550,43.3,2,1,1,0,22.0,47,0,1,0,0,7.00,0,7.33,27.1,0,0,,,,41,2,1,,22.8,0,0,40,0,499,36,17,2,0
gauntlet/20261003-023912-scrim-g2nonav/replays/IvanGeffner.kuma__EndAround__botA.bc24,IvanGeffner.kuma,0,B,kuma,0,2000,LEVEL_SUM,2500,4900,202,0,0,368,1,0,1,1,0,2,515,475,550,407,45.0,1,1,0,0,30.0,46,1,1,0,0,2.50,0,0.00,21.5,26,0,1,0,0.000,65,2,0,,25.0,27,0,105,1,0,0,1800,0,0
gauntlet/20261003-023912-scrim-g2nonav/replays/SampleProvider.TSPAARKSPRINT1__Snake__botB.bc24,SampleProvider.TSPAARKSPRINT1,0,A,TSPAARKSPRINT1,0,1018,CAPTURE,13100,26200,203,33,5,242,51,1,47,779,248,15,158,148,121,217,44.6,48,24,24,0,32.3,39,0,18,0,0,1.58,3,5.77,18.2,495,2,10,3,0.300,87,21,0,0,20.8,0,0,,1,0,0,166,0,0
gauntlet/20261003-023912-scrim-g2nonav/replays/SampleProvider.TSPAARKSPRINT1__Snake__botB.bc24,SampleProvider.TSPAARKSPRINT1,1,B,g2nonav,1,1018,CAPTURE,13100,32100,204,32,36,228,18,3,15,823,390,47,421,319,217,121,47.1,18,18,0,0,34.5,46,24,24,0,0,2.08,1,3.96,28.0,141,0,2,1,0.500,26,2,1,,22.8,0,0,211,0,667,29,17,18,0
gauntlet/20261003-023912-scrim-g2nonav/replays/SampleProvider.TSPAARKSPRINT1__QuestionableChess__botB.bc24,SampleProvider.TSPAARKSPRINT1,0,A,TSPAARKSPRINT1,0,2000,MORE_FLAG_CAPTURES,0,0,201,4,23,289,36,1,32,642,224,18,64,59,242,1329,33.7,33,16,17,0,19.9,39,10,10,4,0,4.02,2,7.69,27.2,93,0,5,2,0.400,117,44,0,0,22.8,0,0,,0,1,0,1585,0,0
gauntlet/20261003-023912-scrim-g2nonav/replays/SampleProvider.TSPAARKSPRINT1__QuestionableChess__botB.bc24,SampleProvider.TSPAARKSPRINT1,1,B,g2nonav,1,2000,MORE_FLAG_CAPTURES,0,0,205,28,24,207,20,2,18,265,123,32,580,496,1329,242,47.0,20,10,10,0,24.9,42,17,16,9,0,2.48,1,6.79,37.8,53,0,2,0,0.000,17,1,1,,19.6,0,0,1,0,547,43,21,19,0
gauntlet/20261003-023912-scrim-g2nonav/replays/SampleProvider.TSPAARKSPRINT1__Foxes__botB.bc24,SampleProvider.TSPAARKSPRINT1,0,A,TSPAARKSPRINT1,0,2000,LEVEL_SUM,7500,7500,202,21,13,246,42,1,37,782,309,45,151,132,248,633,42.2,39,15,24,0,28.8,36,8,38,14,1,2.11,1,7.68,12.2,293,1,12,1,0.083,277,181,0,0,21.6,0,0,,1,1,0,427,0,0
gauntlet/20261003-023912-scrim-g2nonav/replays/SampleProvider.TSPAARKSPRINT1__Foxes__botB.bc24,SampleProvider.TSPAARKSPRINT1,1,B,g2nonav,1,2000,LEVEL_SUM,7500,7500,202,21,23,224,46,1,45,821,382,37,396,364,633,248,47.0,46,38,8,0,34.3,44,24,15,0,0,2.25,1,3.80,25.1,80,1,4,1,0.250,64,7,1,,23.1,0,0,1,0,1268,70,35,46,3
gauntlet/20261003-023912-scrim-g2nonav/replays/SampleProvider.TSPAARKSPRINT1__Soccer__botB.bc24,SampleProvider.TSPAARKSPRINT1,0,A,TSPAARKSPRINT1,0,1286,CAPTURE,3000,3200,202,17,33,236,56,1,52,813,268,31,75,73,131,540,39.8,53,24,29,0,26.1,33,8,26,0,0,1.25,3,8.07,12.4,661,2,16,3,0.188,187,136,0,0,23.3,0,0,,0,0,0,543,0,0
gauntlet/20261003-023912-scrim-g2nonav/replays/SampleProvider.TSPAARKSPRINT1__Soccer__botB.bc24,SampleProvider.TSPAARKSPRINT1,1,B,g2nonav,1,1286,CAPTURE,3000,3000,205,27,17,242,34,3,31,1093,527,52,230,162,540,131,47.5,34,26,8,0,27.4,38,29,24,1,1,2.38,1,4.51,24.1,201,1,5,1,0.200,30,4,1,,22.9,0,0,243,0,743,20,13,34,1
gauntlet/20261003-023912-scrim-g2nonav/replays/SampleProvider.TSPAARKSPRINT1__Waterworld__botA.bc24,SampleProvider.TSPAARKSPRINT1,1,A,g2nonav,1,1100,CAPTURE,13900,17700,207,21,38,232,48,3,45,698,329,20,279,222,309,115,47.4,48,39,9,0,25.7,44,10,10,0,0,2.37,0,7.39,27.0,15,0,1,0,0.000,24,1,1,,22.8,0,0,210,0,542,28,26,47,0
gauntlet/20261003-023912-scrim-g2nonav/replays/SampleProvider.TSPAARKSPRINT1__Waterworld__botA.bc24,SampleProvider.TSPAARKSPRINT1,0,B,TSPAARKSPRINT1,0,1100,CAPTURE,13900,16400,203,25,3,219,23,0,20,486,128,45,32,30,115,309,43.1,20,10,10,0,24.7,33,9,39,0,0,3.12,3,6.07,12.1,313,2,6,3,0.500,97,63,0,0,22.8,0,0,,1,0,0,255,0,0
gauntlet/20261003-023912-scrim-g2nonav/replays/SampleProvider.TSPAARKSPRINT1__WheresMyWater__botA.bc24,SampleProvider.TSPAARKSPRINT1,1,A,g2nonav,1,1695,CAPTURE,3000,4500,201,8,14,201,9,3,6,1009,497,54,575,504,1538,105,48.5,9,7,2,0,17.8,44,38,17,0,1,4.81,1,2.29,21.5,24,1,,,,11,4,1,,22.2,0,0,1,0,846,31,17,9,0
gauntlet/20261003-023912-scrim-g2nonav/replays/SampleProvider.TSPAARKSPRINT1__WheresMyWater__botA.bc24,SampleProvider.TSPAARKSPRINT1,0,B,TSPAARKSPRINT1,0,1695,CAPTURE,3000,4800,201,19,7,201,58,1,54,662,215,6,60,59,105,1538,28.0,55,17,38,0,9.9,44,2,7,9,1,1.79,3,10.83,20.0,197,1,3,1,0.333,534,633,0,1,24.2,0,0,,1,1,0,499,0,0
gauntlet/20261003-023912-scrim-g2nonav/replays/awu7.ExplosiveBot__BedWars__botA.bc24,awu7.ExplosiveBot,1,A,g2nonav,1,932,CAPTURE,2400,3700,245,0,5,328,7,3,4,247,118,13,85,52,289,41,49.0,7,6,1,0,16.0,48,3,10,0,0,3.49,0,6.44,14.1,8,0,,,,12,0,1,,22.8,0,0,5,0,163,4,12,7,0
gauntlet/20261003-023912-scrim-g2nonav/replays/awu7.ExplosiveBot__BedWars__botA.bc24,awu7.ExplosiveBot,0,B,ExplosiveBot,0,932,CAPTURE,2400,5200,239,2,1,373,13,0,13,51,17,4,24,23,41,289,42.7,13,10,3,0,13.7,45,1,6,0,0,0.81,3,0.59,65.0,167,2,3,2,0.667,153,86,1,,21.3,0,0,3,1,0,0,351,0,0
gauntlet/20261003-023912-scrim-g2nonav/replays/andrewgopher.player22__Diagonal__botA.bc24,andrewgopher.player22,1,A,g2nonav,1,2000,MORE_FLAG_CAPTURES,5100,5100,201,17,20,236,73,1,72,897,453,0,337,265,543,426,44.8,73,49,24,0,27.5,37,0,0,5,1,0.00,0,5.34,17.3,,,,,,67,0,1,,22.8,0,0,14,0,445,38,17,66,1
gauntlet/20261003-023912-scrim-g2nonav/replays/andrewgopher.player22__Diagonal__botA.bc24,andrewgopher.player22,0,B,player22,0,2000,MORE_FLAG_CAPTURES,5100,5100,201,20,32,274,3,0,0,3,0,72,240,226,426,543,43.3,0,0,0,0,,26,24,49,0,0,1.56,1,0.00,8.9,415,1,11,1,0.091,127,119,1,1,25.1,23,0,,0,0,0,5,0,0
gauntlet/20261003-023912-scrim-g2nonav/replays/andli28.v9_USQuals_angle__Battlecode24__botB.bc24,andli28.v9_USQuals_angle,0,A,v9_USQuals_angle,0,2000,LEVEL_SUM,12300,26500,207,12,22,230,11,2,9,135,61,12,266,239,421,488,44.0,11,3,8,0,10.3,32,5,9,0,0,2.01,2,4.36,17.9,82,1,2,2,1.000,82,4,0,0,25.1,24,0,588,1,0,0,467,0,0
gauntlet/20261003-023912-scrim-g2nonav/replays/andli28.v9_USQuals_angle__Battlecode24__botB.bc24,andli28.v9_USQuals_angle,1,B,g2nonav,1,2000,LEVEL_SUM,11600,15200,202,29,26,231,14,2,12,169,69,9,453,334,488,421,44.9,14,9,5,0,26.3,26,8,3,3,1,3.43,2,3.96,26.0,69,1,2,1,0.500,68,4,1,,22.8,0,0,36,0,393,46,22,13,0
gauntlet/20261003-023912-scrim-g2nonav/replays/Strequals.duck0127v5__Divergent__botB.bc24,Strequals.duck0127v5,0,A,duck0127v5,0,2000,MORE_FLAG_CAPTURES,2600,3300,229,3,23,296,5,0,5,21,10,31,400,364,491,299,46.4,5,4,1,0,30.8,32,8,24,0,0,1.23,1,1.00,32.5,235,1,4,1,0.250,73,7,0,,22.1,0,0,,0,0,0,120,0,0
gauntlet/20261003-023912-scrim-g2nonav/replays/Strequals.duck0127v5__Divergent__botB.bc24,Strequals.duck0127v5,1,B,g2nonav,1,2000,MORE_FLAG_CAPTURES,3700,4100,203,18,25,262,32,1,31,425,190,5,263,200,299,491,44.1,32,24,8,0,23.6,47,1,4,0,0,2.38,0,3.78,28.2,0,0,,,,53,1,1,,25.0,1,0,1,0,618,72,19,31,1
gauntlet/20261003-023912-scrim-g2nonav/replays/awu7.ExplosiveBot__BedWars__botB.bc24,awu7.ExplosiveBot,0,A,ExplosiveBot,0,771,CAPTURE,2400,2700,229,1,1,473,22,1,12,44,9,2,22,20,36,226,43.2,22,6,7,9,14.8,46,1,4,0,0,0.62,3,4.52,66.0,137,3,3,2,0.667,112,68,1,,21.3,0,0,16,1,0,0,346,0,0
gauntlet/20261003-023912-scrim-g2nonav/replays/awu7.ExplosiveBot__BedWars__botB.bc24,awu7.ExplosiveBot,1,B,g2nonav,1,771,CAPTURE,2400,2400,256,0,1,407,5,3,2,183,89,12,58,28,226,36,48.9,5,4,1,0,11.0,47,7,6,0,0,4.09,1,9.56,13.8,10,1,,,,11,0,1,,20.3,0,0,1,0,168,4,9,5,0
gauntlet/20261003-023912-scrim-g2nonav/replays/awu7.ExplosiveBot__DefaultLarge__botB.bc24,awu7.ExplosiveBot,0,A,ExplosiveBot,0,1212,CAPTURE,1800,5200,202,22,4,238,23,0,15,42,8,20,97,87,137,787,34.4,23,6,9,8,42.1,33,5,18,0,0,0.95,3,5.55,16.4,733,3,10,3,0.300,254,233,1,1,22.6,0,0,1,1,2,0,334,0,0
gauntlet/20261003-023912-scrim-g2nonav/replays/awu7.ExplosiveBot__DefaultLarge__botB.bc24,awu7.ExplosiveBot,1,B,g2nonav,1,1212,CAPTURE,1800,3900,203,35,32,237,23,3,20,952,453,15,365,281,787,137,47.3,23,18,5,0,40.5,40,9,6,0,1,4.86,0,9.01,18.1,2,0,,,,30,0,1,,21.5,0,0,1,0,136,1,7,23,0
gauntlet/20261003-023912-scrim-g2nonav/replays/awu7.ExplosiveBot__Diagonal__botA.bc24,awu7.ExplosiveBot,1,A,g2nonav,1,2000,MORE_FLAG_CAPTURES,5100,5100,201,31,24,232,47,2,44,1543,735,4,524,439,982,211,47.4,47,19,28,0,27.4,29,2,2,7,2,4.14,0,11.31,17.5,0,0,,,,35,0,1,,23.4,0,0,14,0,103,3,11,44,1
gauntlet/20261003-023912-scrim-g2nonav/replays/awu7.ExplosiveBot__Diagonal__botA.bc24,awu7.ExplosiveBot,0,B,ExplosiveBot,0,2000,MORE_FLAG_CAPTURES,5100,5100,201,15,9,304,4,0,4,7,2,44,114,108,211,982,38.1,4,2,2,0,33.0,24,28,19,1,0,1.59,2,3.14,12.1,1031,2,12,2,0.167,324,263,1,1,22.0,0,0,7,1,0,0,1651,0,0
gauntlet/20261003-023912-scrim-g2nonav/replays/awu7.ExplosiveBot__OceanFloor__botA.bc24,awu7.ExplosiveBot,1,A,g2nonav,1,911,CAPTURE,1400,1400,201,28,33,223,14,3,11,360,167,24,260,183,568,93,47.5,14,9,5,0,40.1,46,12,12,0,0,3.77,0,7.84,16.3,10,0,,,,25,1,1,,20.3,0,0,1,0,211,4,20,14,0
gauntlet/20261003-023912-scrim-g2nonav/replays/awu7.ExplosiveBot__OceanFloor__botA.bc24,awu7.ExplosiveBot,0,B,ExplosiveBot,0,911,CAPTURE,1400,1400,201,21,7,209,38,0,24,116,37,11,56,45,93,568,34.8,38,12,12,14,32.2,36,5,9,0,0,1.55,3,5.54,13.0,222,3,5,3,0.600,249,197,1,0,22.4,0,0,7,1,0,0,387,0,0
gauntlet/20261003-023912-scrim-g2nonav/replays/awu7.ExplosiveBot__Randy__botB.bc24,awu7.ExplosiveBot,0,A,ExplosiveBot,0,1548,CAPTURE,3400,11600,201,8,12,212,25,1,22,33,10,31,168,155,211,1306,29.5,25,13,10,2,10.5,22,10,24,5,1,2.28,3,3.45,15.7,336,1,7,2,0.286,565,574,0,0,22.4,0,0,14,1,0,0,496,0,0
gauntlet/20261003-023912-scrim-g2nonav/replays/awu7.ExplosiveBot__Randy__botB.bc24,awu7.ExplosiveBot,1,B,g2nonav,1,1548,CAPTURE,3400,4000,201,21,31,208,34,3,31,731,332,22,530,443,1306,211,46.7,34,24,10,0,13.1,43,10,13,0,1,5.61,1,10.88,20.6,0,1,,,,44,7,1,,21.3,0,0,1,0,540,8,20,33,0
gauntlet/20261003-023912-scrim-g2nonav/replays/clbarrell.duck8__AceOfSpades__botB.bc24,clbarrell.duck8,0,A,duck8,0,814,CAPTURE,1800,18000,202,25,5,231,11,2,8,147,70,0,271,260,147,301,41.1,11,5,6,0,21.6,39,0,3,0,0,0.59,3,6.63,30.7,146,1,3,3,1.000,69,26,0,,10.8,0,0,,1,0,0,172,0,0
gauntlet/20261003-023912-scrim-g2nonav/replays/clbarrell.duck8__AceOfSpades__botB.bc24,clbarrell.duck8,1,B,g2nonav,1,814,CAPTURE,1800,3600,202,18,14,211,3,3,0,207,102,8,140,95,301,147,45.7,3,3,0,0,,47,6,5,0,0,2.58,2,5.12,27.4,51,0,2,2,1.000,23,5,1,,22.8,0,0,41,0,317,16,12,3,0
gauntlet/20261003-023912-scrim-g2nonav/replays/clbarrell.duck8__Foxes__botB.bc24,clbarrell.duck8,0,A,duck8,0,1860,CAPTURE,7500,7500,202,19,13,247,17,0,17,87,25,5,319,299,393,878,38.6,17,6,11,0,25.3,37,0,8,5,0,0.57,3,11.49,28.7,503,2,7,3,0.429,202,129,0,,13.2,0,0,,1,1,0,52,0,0
gauntlet/20261003-023912-scrim-g2nonav/replays/clbarrell.duck8__Foxes__botB.bc24,clbarrell.duck8,1,B,g2nonav,1,1860,CAPTURE,7500,7500,205,16,19,275,8,3,5,643,315,17,371,296,878,393,44.8,8,8,0,0,17.8,42,11,6,0,2,4.98,0,7.13,23.4,43,0,1,0,0.000,63,8,1,,23.4,0,0,16,0,279,1,23,8,0
gauntlet/20261003-023912-scrim-g2nonav/replays/chenyx512.flagbot_final__Tunnels__botB.bc24,chenyx512.flagbot_final,0,A,flagbot_final,0,2000,LEVEL_SUM,2400,3600,203,1,5,349,3,0,0,597,192,0,351,290,385,399,45.1,0,0,0,0,,26,0,0,0,0,0.00,0,0.00,60.0,,,,,,6,0,0,0,17.8,0,0,,0,2,2,1800,0,0
gauntlet/20261003-023912-scrim-g2nonav/replays/chenyx512.flagbot_final__Tunnels__botB.bc24,chenyx512.flagbot_final,1,B,g2nonav,1,2000,LEVEL_SUM,2400,3000,208,0,0,0,0,0,0,0,0,0,213,152,399,385,45.3,0,0,0,0,,33,0,0,0,0,0.00,0,0.00,45.5,,,,,,4,1,1,,21.1,0,0,1,0,208,19,12,0,0
gauntlet/20261003-023912-scrim-g2nonav/replays/clbarrell.duck8__GaltonBoard__botB.bc24,clbarrell.duck8,0,A,duck8,0,1991,CAPTURE,0,37400,201,19,6,247,7,1,6,42,14,3,519,483,571,1259,34.7,7,2,5,0,21.0,38,3,3,0,0,3.24,3,8.64,34.8,66,1,3,2,0.667,105,107,0,,11.7,0,0,,1,1,0,48,0,0
gauntlet/20261003-023912-scrim-g2nonav/replays/clbarrell.duck8__GaltonBoard__botB.bc24,clbarrell.duck8,1,B,g2nonav,1,1991,CAPTURE,0,400,215,22,1,234,6,3,3,131,75,6,389,251,1259,571,43.0,6,3,3,0,18.3,38,5,2,3,3,6.29,1,16.24,41.3,9,0,,,,14,0,1,,21.7,0,0,1,0,409,27,22,6,0
gauntlet/20261003-023912-scrim-g2nonav/replays/clbarrell.duck8__Pancakes__botB.bc24,clbarrell.duck8,0,A,duck8,0,508,CAPTURE,0,7400,210,3,5,227,7,0,6,49,21,2,120,114,43,118,44.4,7,2,5,0,19.5,49,0,5,0,0,0.55,3,7.90,19.2,180,3,3,3,1.000,31,11,0,,12.4,0,0,,1,0,0,13,0,0
gauntlet/20261003-023912-scrim-g2nonav/replays/clbarrell.duck8__Pancakes__botB.bc24,clbarrell.duck8,1,B,g2nonav,1,508,CAPTURE,0,1400,201,24,27,233,5,3,2,224,105,6,69,20,118,43,48.0,5,5,0,0,19.5,48,5,2,0,0,2.61,0,4.87,25.6,17,0,1,0,0.000,13,1,1,,20.0,0,0,1,0,61,3,11,5,0
gauntlet/20261003-023912-scrim-g2nonav/replays/dmtrung14.defaultplayer_intlqualifier__Battlecode24__botA.bc24,dmtrung14.defaultplayer_intlqualifier,1,A,g2nonav,1,1070,CAPTURE,12400,20400,203,37,30,250,12,3,9,1155,573,1,245,169,441,56,48.7,12,11,1,0,20.0,29,0,2,0,0,2.50,1,4.56,26.4,1,1,,,,18,5,1,,22.8,0,0,42,0,340,11,12,12,0
gauntlet/20261003-023912-scrim-g2nonav/replays/dmtrung14.defaultplayer_intlqualifier__Battlecode24__botA.bc24,dmtrung14.defaultplayer_intlqualifier,0,B,defaultplayer_intlqualifier,0,1070,CAPTURE,10500,18800,202,1,10,263,11,1,1,307,62,9,107,103,56,441,39.8,8,2,0,6,24.0,21,1,11,0,0,1.55,3,6.42,34.5,695,1,8,3,0.375,87,37,0,0,25.1,216,0,,0,0,0,359,0,0
gauntlet/20261003-023912-scrim-g2nonav/replays/dmtrung14.defaultplayer_intlqualifier__BreadPudding__botA.bc24,dmtrung14.defaultplayer_intlqualifier,1,A,g2nonav,1,1159,CAPTURE,2600,2800,205,3,10,232,54,3,51,1426,635,3,196,129,813,103,47.8,54,20,34,0,13.4,44,2,2,0,0,5.40,1,6.90,37.4,5,1,,,,7,0,1,,22.8,0,0,5,0,525,7,69,53,1
gauntlet/20261003-023912-scrim-g2nonav/replays/dmtrung14.defaultplayer_intlqualifier__BreadPudding__botA.bc24,dmtrung14.defaultplayer_intlqualifier,0,B,defaultplayer_intlqualifier,0,1159,CAPTURE,2600,3000,202,14,15,215,21,1,3,324,63,51,78,78,103,813,32.8,18,2,2,14,16.7,42,34,20,0,0,2.83,3,12.10,39.2,642,2,10,2,0.200,135,113,1,0,25.1,307,0,231,1,0,0,404,0,0
gauntlet/20261003-023912-scrim-g2nonav/replays/clbarrell.duck8__QuestionableChess__botB.bc24,clbarrell.duck8,0,A,duck8,0,1569,CAPTURE,0,0,201,23,25,210,20,1,18,89,32,7,170,155,314,889,36.3,20,10,10,0,20.7,31,3,7,0,0,0.69,3,6.94,30.5,435,2,6,3,0.500,233,186,0,,13.3,0,0,,1,0,0,16,0,0
gauntlet/20261003-023912-scrim-g2nonav/replays/clbarrell.duck8__QuestionableChess__botB.bc24,clbarrell.duck8,1,B,g2nonav,1,1569,CAPTURE,0,0,204,4,5,292,10,3,7,616,289,18,288,230,889,314,45.1,10,7,3,0,18.4,41,10,10,1,1,3.98,1,10.39,23.7,17,0,1,1,1.000,74,14,1,,22.8,0,0,107,0,505,13,13,10,1
gauntlet/20261003-023912-scrim-g2nonav/replays/dmtrung14.defaultplayer_intlqualifier__DefaultLarge__botA.bc24,dmtrung14.defaultplayer_intlqualifier,1,A,g2nonav,1,1090,CAPTURE,1800,3200,203,18,21,299,14,3,11,1273,618,8,120,57,709,47,48.9,14,11,3,0,38.5,41,1,7,0,0,2.30,0,6.06,25.0,20,0,,,,18,0,1,,20.4,0,0,1,0,187,5,12,14,4
gauntlet/20261003-023912-scrim-g2nonav/replays/dmtrung14.defaultplayer_intlqualifier__DefaultLarge__botA.bc24,dmtrung14.defaultplayer_intlqualifier,0,B,defaultplayer_intlqualifier,0,1090,CAPTURE,1800,5900,202,18,11,239,19,0,8,358,74,11,130,128,47,709,33.7,16,7,1,8,38.4,43,3,11,0,0,0.80,3,2.14,29.9,864,3,9,3,0.333,303,301,1,1,25.1,213,0,1,1,0,0,430,0,0
gauntlet/20261003-023912-scrim-g2nonav/replays/dmtrung14.defaultplayer_intlqualifier__QueenOfHearts__botA.bc24,dmtrung14.defaultplayer_intlqualifier,1,A,g2nonav,1,701,CAPTURE,3500,3500,201,17,27,299,10,3,7,522,256,9,79,45,295,44,48.5,10,8,2,0,26.7,39,6,5,0,0,2.30,2,3.86,26.0,22,2,1,0,0.000,12,0,1,,22.8,0,0,12,0,323,10,58,9,1
gauntlet/20261003-023912-scrim-g2nonav/replays/dmtrung14.defaultplayer_intlqualifier__QueenOfHearts__botA.bc24,dmtrung14.defaultplayer_intlqualifier,0,B,defaultplayer_intlqualifier,0,701,CAPTURE,3500,3500,201,20,13,225,41,2,9,418,77,7,67,64,44,295,39.7,38,5,6,27,22.7,42,2,8,0,0,0.89,3,4.65,16.1,341,2,7,3,0.429,98,42,1,1,25.1,275,0,226,1,1,1,250,0,0
gauntlet/20261003-023912-scrim-g2nonav/replays/jonters.bling3__Bunkers__botA.bc24,jonters.bling3,1,A,g2nonav,1,595,CAPTURE,2800,2800,201,17,15,214,10,3,7,131,61,3,100,36,151,49,48.0,10,6,4,0,10.6,46,1,3,0,0,2.24,1,6.44,21.5,29,1,1,1,1.000,5,0,1,,22.8,0,0,5,0,96,3,8,10,0
gauntlet/20261003-023912-scrim-g2nonav/replays/jonters.bling3__Bunkers__botA.bc24,jonters.bling3,0,B,bling3,0,595,CAPTURE,2800,2800,201,30,15,212,4,1,3,50,25,7,37,35,49,151,44.1,4,3,1,0,16.0,36,4,6,0,0,2.66,3,8.36,2.5,82,3,2,2,1.000,17,4,1,1,23.4,0,0,,0,0,0,4,0,0
gauntlet/20261003-023912-scrim-g2nonav/replays/dmtrung14.defaultplayer_intlqualifier__Diagonal__botB.bc24,dmtrung14.defaultplayer_intlqualifier,0,A,defaultplayer_intlqualifier,0,2000,MORE_FLAG_CAPTURES,5100,5100,201,23,28,259,4,0,1,294,13,37,189,185,80,1195,35.3,1,1,0,0,33.0,36,14,26,0,0,2.23,2,0.00,33.7,773,1,11,2,0.182,693,705,1,1,25.1,544,0,796,1,0,0,1564,0,0
gauntlet/20261003-023912-scrim-g2nonav/replays/dmtrung14.defaultplayer_intlqualifier__Diagonal__botB.bc24,dmtrung14.defaultplayer_intlqualifier,1,B,g2nonav,1,2000,MORE_FLAG_CAPTURES,5100,5100,201,18,20,229,40,2,37,1792,892,1,390,294,1195,80,49.0,40,26,14,0,31.7,35,0,1,8,1,0.00,0,8.77,21.7,,0,,,,15,0,1,,22.8,0,0,14,0,120,16,23,39,0
gauntlet/20261003-023912-scrim-g2nonav/replays/dmtrung14.defaultplayer_intlqualifier__KingQuacksCastle__botB.bc24,dmtrung14.defaultplayer_intlqualifier,0,A,defaultplayer_intlqualifier,0,824,CAPTURE,1600,2200,204,14,16,220,18,1,7,350,72,20,71,68,43,444,36.2,15,5,3,7,20.6,48,6,17,0,0,2.03,3,3.73,31.7,282,3,8,3,0.375,181,153,1,0,25.1,331,0,250,1,0,0,479,0,0
gauntlet/20261003-023912-scrim-g2nonav/replays/dmtrung14.defaultplayer_intlqualifier__KingQuacksCastle__botB.bc24,dmtrung14.defaultplayer_intlqualifier,1,B,g2nonav,1,824,CAPTURE,1600,4900,205,14,13,222,23,3,20,587,279,7,119,47,444,43,48.7,23,17,6,0,25.3,48,3,5,0,0,2.95,1,5.93,28.4,9,1,,,,8,0,1,,22.8,0,0,12,0,222,13,10,23,0
gauntlet/20261003-023912-scrim-g2nonav/replays/jonters.bling3__Backslash__botB.bc24,jonters.bling3,0,A,bling3,0,1047,CAPTURE,4700,13400,201,23,3,243,3,0,3,40,19,24,71,69,139,752,32.0,3,1,2,0,22.7,43,9,18,0,0,1.68,3,6.73,13.2,321,2,6,3,0.500,153,175,1,1,22.0,0,0,,0,0,0,7,0,0
gauntlet/20261003-023912-scrim-g2nonav/replays/jonters.bling3__Backslash__botB.bc24,jonters.bling3,1,B,g2nonav,1,1047,CAPTURE,4700,17800,201,31,24,216,27,3,24,521,251,3,439,356,752,139,46.7,27,18,9,0,25.6,48,2,1,0,0,2.15,0,10.99,17.5,17,0,1,0,0.000,14,0,1,,21.1,0,0,1,0,190,11,14,26,0
gauntlet/20261003-023912-scrim-g2nonav/replays/jonters.bling3__Duck__botB.bc24,jonters.bling3,0,A,bling3,0,1173,CAPTURE,2900,2900,201,33,20,259,6,0,6,270,130,19,61,52,95,558,37.8,6,5,1,0,31.5,40,5,17,0,0,0.53,3,7.30,6.2,746,3,9,2,0.222,259,233,1,1,22.7,0,0,,1,0,0,3,0,0
gauntlet/20261003-023912-scrim-g2nonav/replays/jonters.bling3__Duck__botB.bc24,jonters.bling3,1,B,g2nonav,1,1173,CAPTURE,2900,2900,201,18,37,223,22,3,19,910,428,6,303,237,558,95,48.0,22,17,5,0,38.6,47,1,5,0,0,0.67,0,10.60,13.2,220,0,3,0,0.000,32,1,1,,20.9,0,0,1,0,541,9,26,22,0
gauntlet/20261003-023912-scrim-g2nonav/replays/jonters.bling3__Snake__botB.bc24,jonters.bling3,0,A,bling3,0,877,CAPTURE,13100,21900,203,35,34,263,0,0,0,0,0,22,127,109,151,229,43.4,0,0,0,0,,29,10,15,0,0,0.96,3,0.00,11.2,414,2,8,2,0.250,50,14,0,0,22.8,0,0,,0,0,0,2,0,0
gauntlet/20261003-023912-scrim-g2nonav/replays/jonters.bling3__Snake__botB.bc24,jonters.bling3,1,B,g2nonav,1,877,CAPTURE,13100,35300,204,31,16,217,25,3,22,610,293,0,410,251,229,151,45.8,25,15,10,0,23.4,46,0,0,0,0,0.00,0,6.36,21.1,,,,,,37,1,1,,22.8,0,0,210,0,319,27,12,25,1
gauntlet/20261003-023912-scrim-g2nonav/replays/jonters.bling3__Starfish__botA.bc24,jonters.bling3,1,A,g2nonav,1,481,CAPTURE,4100,4100,201,24,14,201,6,3,3,95,45,0,54,4,94,15,49.2,6,4,2,0,8.3,32,0,0,0,0,0.00,0,17.31,29.7,,,,,,0,0,1,,22.8,0,0,16,0,59,8,13,6,0
gauntlet/20261003-023912-scrim-g2nonav/replays/jonters.bling3__Starfish__botA.bc24,jonters.bling3,0,B,bling3,0,481,CAPTURE,4100,4200,201,6,5,201,0,0,0,0,0,3,0,0,15,94,45.2,0,0,0,0,,35,2,4,0,0,2.12,3,0.00,5.3,41,0,1,1,1.000,29,17,0,0,22.5,0,0,,1,0,0,2,0,0
gauntlet/20261003-023912-scrim-g2nonav/replays/jonters.bling3__Waterworld__botB.bc24,jonters.bling3,0,A,bling3,0,703,CAPTURE,13900,15800,205,30,16,241,6,0,6,71,30,13,38,37,74,238,41.7,6,2,4,0,21.3,31,6,10,0,0,1.06,3,11.79,3.9,232,2,5,2,0.400,51,23,0,0,22.4,0,0,,1,0,0,5,0,0
gauntlet/20261003-023912-scrim-g2nonav/replays/jonters.bling3__Waterworld__botB.bc24,jonters.bling3,1,B,g2nonav,1,703,CAPTURE,13900,16200,203,4,1,301,16,3,13,342,164,6,158,92,238,74,47.5,16,10,6,0,21.5,45,4,2,0,0,5.20,0,6.41,19.1,5,0,1,0,0.000,15,2,1,,21.3,0,0,1,0,263,7,9,16,2
gauntlet/20261003-023912-scrim-g2nonav/replays/justinottesen.sprint1__Fountain__botA.bc24,justinottesen.sprint1,1,A,g2nonav,1,471,CAPTURE,1700,2900,210,31,19,215,11,3,8,246,121,2,72,50,245,16,49.1,11,8,3,0,13.8,46,0,2,0,0,1.75,0,9.81,20.9,2,0,,,,2,0,1,,22.8,0,0,215,0,171,7,23,11,0
gauntlet/20261003-023912-scrim-g2nonav/replays/justinottesen.sprint1__Fountain__botA.bc24,justinottesen.sprint1,0,B,sprint1,0,471,CAPTURE,1300,2100,215,2,5,278,2,0,2,8,4,8,7,7,16,245,38.0,2,2,0,0,17.5,29,3,8,0,0,1.89,3,1.63,11.5,104,2,5,3,0.600,106,96,0,,7.4,0,0,,0,0,0,4,0,0
gauntlet/20261003-023912-scrim-g2nonav/replays/justinottesen.sprint1__Decision__botA.bc24,justinottesen.sprint1,1,A,g2nonav,1,868,CAPTURE,1900,2000,202,29,42,242,16,3,13,1208,586,2,260,186,580,20,49.4,16,15,1,0,32.1,32,0,2,0,0,1.71,0,4.65,15.6,1,0,,,,13,0,1,,22.8,0,0,26,0,264,27,27,16,0
gauntlet/20261003-023912-scrim-g2nonav/replays/justinottesen.sprint1__Decision__botA.bc24,justinottesen.sprint1,0,B,sprint1,0,868,CAPTURE,1800,1800,202,11,7,244,2,0,2,7,1,13,21,16,20,580,33.9,2,2,0,0,50.0,31,1,15,0,0,0.41,3,0.86,6.4,921,3,10,3,0.300,385,330,0,,6.9,0,0,,0,0,0,7,0,0
gauntlet/20261003-023912-scrim-g2nonav/replays/justinottesen.sprint1__OceanFloor__botB.bc24,justinottesen.sprint1,0,A,sprint1,0,642,CAPTURE,1300,1300,201,2,6,229,5,0,5,122,58,2,19,18,15,319,38.3,5,4,1,0,20.0,41,1,4,0,0,0.26,3,4.94,3.4,504,3,5,3,0.600,199,143,1,,6.1,0,0,,0,0,0,1,0,0
gauntlet/20261003-023912-scrim-g2nonav/replays/justinottesen.sprint1__OceanFloor__botB.bc24,justinottesen.sprint1,1,B,g2nonav,1,642,CAPTURE,1400,1400,201,36,42,220,5,3,2,604,291,5,172,101,319,15,49.5,5,4,1,0,46.0,47,1,4,0,0,0.60,0,5.60,15.5,82,0,2,0,0.000,8,0,1,,20.2,0,0,1,0,288,21,54,5,0
gauntlet/20261003-023912-scrim-g2nonav/replays/justinottesen.sprint1__StackGame__botB.bc24,justinottesen.sprint1,0,A,sprint1,0,586,CAPTURE,4600,4600,201,1,9,207,0,0,0,0,0,8,46,43,41,440,32.3,0,0,0,0,,37,0,11,0,0,1.81,3,0.00,10.1,113,1,3,3,1.000,85,91,0,,6.4,0,0,,0,0,0,9,0,0
gauntlet/20261003-023912-scrim-g2nonav/replays/justinottesen.sprint1__StackGame__botB.bc24,justinottesen.sprint1,1,B,g2nonav,1,586,CAPTURE,4600,4600,201,9,11,308,11,3,8,221,107,0,179,104,440,41,48.2,11,11,0,0,16.1,43,0,0,0,0,0.00,0,8.62,23.0,,,,,,8,0,1,,22.8,0,0,5,0,105,6,10,11,2
gauntlet/20261003-023912-scrim-g2nonav/replays/kyleezz.jeeryfix3__Backslash__botB.bc24,kyleezz.jeeryfix3,0,A,jeeryfix3,0,1650,CAPTURE,4700,18300,201,27,5,219,9,2,7,107,52,8,285,280,407,1336,30.3,9,4,5,0,27.4,49,4,7,0,0,0.88,3,3.19,8.9,209,2,5,3,0.600,265,192,0,1,24.9,0,0,15,1,0,0,6,0,0
gauntlet/20261003-023912-scrim-g2nonav/replays/kyleezz.jeeryfix3__Backslash__botB.bc24,kyleezz.jeeryfix3,1,B,g2nonav,1,1650,CAPTURE,4500,12700,201,24,7,229,11,3,8,289,135,7,447,372,1336,407,44.0,11,7,4,0,21.4,48,5,4,4,3,1.88,2,9.32,23.4,46,1,2,2,1.000,67,2,1,,21.2,0,0,1,0,602,33,16,11,0
gauntlet/20261003-023912-scrim-g2nonav/replays/kyleezz.jeeryfix3__Fusbol__botA.bc24,kyleezz.jeeryfix3,1,A,g2nonav,1,2000,LEVEL_SUM,7200,8100,202,0,0,483,28,0,28,73,19,0,744,657,1597,298,46.2,28,20,8,0,40.9,39,0,0,8,0,0.00,0,15.84,23.1,,,,,,18,0,1,,22.8,0,0,473,0,301,5,156,26,0
gauntlet/20261003-023912-scrim-g2nonav/replays/kyleezz.jeeryfix3__Fusbol__botA.bc24,kyleezz.jeeryfix3,0,B,jeeryfix3,0,2000,LEVEL_SUM,7200,9900,202,41,33,253,0,0,0,0,0,28,249,243,298,1597,30.5,0,0,0,0,,47,8,20,0,0,3.74,0,0.00,30.4,0,0,,,,76,93,1,1,24.9,0,0,44,1,0,0,40,0,0
gauntlet/20261003-023912-scrim-g2nonav/replays/kyleezz.jeeryfix3__Intercontinental__botB.bc24,kyleezz.jeeryfix3,0,A,jeeryfix3,0,1590,CAPTURE,2400,6000,201,17,29,216,43,2,41,216,105,8,123,123,419,1214,31.4,43,18,25,0,20.2,46,2,9,3,0,0.99,3,4.37,8.0,198,3,4,3,0.750,322,219,1,1,24.9,0,0,3,1,1,1,4,0,0
gauntlet/20261003-023912-scrim-g2nonav/replays/kyleezz.jeeryfix3__Intercontinental__botB.bc24,kyleezz.jeeryfix3,1,B,g2nonav,1,1590,CAPTURE,2400,3300,201,0,6,291,11,3,8,259,122,41,243,184,1214,419,43.6,11,9,2,0,18.9,44,25,18,2,2,3.13,2,7.42,18.1,59,1,2,2,1.000,81,11,1,,20.2,0,0,1,0,749,46,12,11,0
gauntlet/20261003-023912-scrim-g2nonav/replays/kyleezz.jeeryfix3__Fusbol__botB.bc24,kyleezz.jeeryfix3,0,A,jeeryfix3,0,2000,MORE_FLAG_CAPTURES,7200,10200,202,22,13,251,0,0,0,0,0,22,257,251,278,1597,30.5,0,0,0,0,,40,7,16,0,0,2.31,1,0.00,36.2,51,0,1,1,1.000,57,74,1,1,24.9,0,0,2,1,0,0,49,0,0
gauntlet/20261003-023912-scrim-g2nonav/replays/kyleezz.jeeryfix3__Fusbol__botB.bc24,kyleezz.jeeryfix3,1,B,g2nonav,1,2000,MORE_FLAG_CAPTURES,7200,7800,202,6,17,290,23,1,22,89,55,0,753,670,1597,278,46.6,23,16,7,0,41.1,35,0,0,7,1,0.00,0,10.18,24.7,,,,,,11,1,1,,22.8,0,0,285,0,213,1,35,16,0
gauntlet/20261003-023912-scrim-g2nonav/replays/quesswho.cretplayer2_3__Digging__botA.bc24,quesswho.cretplayer2_3,1,A,g2nonav,1,1183,CAPTURE,700,2100,211,3,2,280,15,3,12,441,215,10,330,252,1080,167,46.5,15,8,7,0,19.3,46,9,2,0,0,8.89,1,10.60,26.8,13,0,1,0,0.000,24,1,1,,22.8,0,0,207,0,257,16,13,15,0
gauntlet/20261003-023912-scrim-g2nonav/replays/quesswho.cretplayer2_3__Digging__botA.bc24,quesswho.cretplayer2_3,0,B,cretplayer2_3,0,1183,CAPTURE,700,2700,205,10,0,216,14,1,10,678,33,12,121,116,167,1080,27.5,11,2,9,0,13.0,37,7,8,0,0,1.50,3,22.16,22.0,320,3,4,3,0.750,137,157,0,0,25.0,10,0,704,1,3,0,721,0,128
gauntlet/20261003-023912-scrim-g2nonav/replays/quesswho.cretplayer2_3__BigDucksBigPond__botA.bc24,quesswho.cretplayer2_3,1,A,g2nonav,1,2000,LEVEL_SUM,5100,8800,201,30,28,376,62,2,59,1924,912,19,525,432,1318,413,44.9,62,42,20,0,45.1,47,16,5,11,2,1.86,2,8.57,17.4,273,2,4,1,0.250,127,32,1,,20.2,0,0,1,0,544,17,19,61,2
gauntlet/20261003-023912-scrim-g2nonav/replays/quesswho.cretplayer2_3__BigDucksBigPond__botA.bc24,quesswho.cretplayer2_3,0,B,cretplayer2_3,0,2000,LEVEL_SUM,5100,5200,201,26,9,234,24,2,19,1030,237,59,202,196,413,1318,33.8,21,5,16,0,29.3,17,20,42,0,0,1.19,2,20.79,16.1,1324,2,24,2,0.083,397,383,1,1,25.0,2,0,1,1,0,0,224,0,1579
gauntlet/20261003-023912-scrim-g2nonav/replays/quesswho.cretplayer2_3__ORV__botA.bc24,quesswho.cretplayer2_3,1,A,g2nonav,1,2000,LEVEL_SUM,3200,7100,206,19,18,251,32,2,29,1308,674,58,450,370,1393,451,44.5,32,28,4,0,25.1,45,50,10,1,2,5.16,2,6.51,22.7,84,0,5,1,0.200,105,9,1,,22.8,0,0,133,0,1055,46,21,32,2
gauntlet/20261003-023912-scrim-g2nonav/replays/quesswho.cretplayer2_3__ORV__botA.bc24,quesswho.cretplayer2_3,0,B,cretplayer2_3,0,2000,LEVEL_SUM,3200,4100,206,22,22,230,63,2,58,1074,205,29,227,221,451,1393,32.8,60,10,50,0,16.9,35,4,28,10,0,1.31,2,15.68,17.2,854,1,9,2,0.222,411,414,0,1,25.1,25,0,10,1,0,0,540,0,998
gauntlet/20261003-023912-scrim-g2nonav/replays/quesswho.cretplayer2_3__Waterworld__botB.bc24,quesswho.cretplayer2_3,0,A,cretplayer2_3,0,1444,CAPTURE,13900,15800,205,31,29,216,11,1,7,741,95,30,147,143,249,1077,31.6,8,3,5,0,25.3,7,11,22,0,0,1.87,3,26.26,21.3,423,3,5,3,0.600,257,288,1,1,25.0,4,0,24,1,0,0,918,0,279
gauntlet/20261003-023912-scrim-g2nonav/replays/quesswho.cretplayer2_3__Waterworld__botB.bc24,quesswho.cretplayer2_3,1,B,g2nonav,1,1444,CAPTURE,11200,13500,203,13,10,268,33,3,30,657,310,7,458,393,1077,249,45.8,33,22,11,0,29.1,36,5,3,1,2,2.80,1,7.21,22.0,75,0,1,1,1.000,45,2,1,,22.8,0,0,207,0,311,10,14,32,0
gauntlet/20261003-023912-scrim-g2nonav/replays/winkelmantanner.waffle__Islands__botB.bc24,winkelmantanner.waffle,0,A,waffle,0,1207,CAPTURE,5800,5800,201,28,23,212,65,2,62,411,175,10,198,197,280,603,37.8,65,15,50,0,18.2,42,3,10,0,0,1.20,3,6.36,11.9,171,2,5,1,0.200,193,124,1,,12.0,0,0,,0,115,10,689,0,0
gauntlet/20261003-023912-scrim-g2nonav/replays/winkelmantanner.waffle__Islands__botB.bc24,winkelmantanner.waffle,1,B,g2nonav,1,1207,CAPTURE,5800,5800,201,9,13,293,13,3,10,290,138,62,293,239,603,280,44.3,13,10,3,0,17.1,47,50,15,0,1,3.25,2,7.02,25.5,117,0,2,1,0.500,68,21,1,,20.7,0,0,1,0,762,15,16,10,0
gauntlet/20261003-025235-scrim-g2nonav/losses/ColtG5.Goob_final__Snake__botA.bc24,ColtG5.Goob_final,1,A,g2nonav,0,913,CAPTURE,13000,24800,203,17,30,243,1,0,1,0,0,9,348,274,394,245,43.6,1,1,0,0,36.0,45,7,5,0,0,1.57,3,0.00,30.2,130,2,3,3,1.000,61,4,1,,22.8,0,0,220,0,542,18,18,0,0
gauntlet/20261003-025235-scrim-g2nonav/losses/ColtG5.Goob_final__Snake__botA.bc24,ColtG5.Goob_final,0,B,Goob_final,1,913,CAPTURE,13100,34500,207,13,10,266,12,3,9,223,106,1,393,350,245,394,39.5,12,5,7,0,27.4,40,0,1,0,0,0.00,0,5.01,17.9,,0,,,,109,28,0,0,16.5,0,0,,0,0,0,713,0,0
gauntlet/20261003-023912-scrim-g2nonav/replays/winkelmantanner.waffle__Soccer__botB.bc24,winkelmantanner.waffle,0,A,waffle,0,1533,CAPTURE,3000,3200,206,36,12,250,37,0,37,160,65,14,220,220,322,1106,32.3,37,7,30,0,24.6,32,4,13,13,0,1.00,3,6.11,13.3,374,3,8,3,0.375,272,242,0,,13.8,0,0,,0,68,3,714,0,0
gauntlet/20261003-023912-scrim-g2nonav/replays/winkelmantanner.waffle__Soccer__botB.bc24,winkelmantanner.waffle,1,B,g2nonav,1,1533,CAPTURE,3000,3000,208,0,0,391,17,3,14,553,265,37,390,340,1106,322,44.9,17,13,4,0,24.4,33,30,7,0,2,5.09,0,7.82,23.3,39,0,1,0,0.000,49,17,0,,24.3,0,0,518,0,485,1,19,17,0
gauntlet/20261003-023912-scrim-g2nonav/replays/winkelmantanner.waffle__Mountain__botB.bc24,winkelmantanner.waffle,0,A,waffle,0,2000,LEVEL_SUM,4100,5300,204,10,16,204,14,2,12,131,58,2,273,273,457,1193,35.4,14,8,6,0,26.8,31,1,4,0,0,1.31,2,3.23,10.2,71,0,2,2,1.000,316,150,0,,12.3,0,0,,0,297,9,1768,0,0
gauntlet/20261003-023912-scrim-g2nonav/replays/winkelmantanner.waffle__Mountain__botB.bc24,winkelmantanner.waffle,1,B,g2nonav,1,2000,LEVEL_SUM,4100,5300,201,3,7,257,5,2,2,147,89,12,456,370,1193,457,44.4,5,4,1,0,26.5,44,6,8,1,1,2.36,2,14.27,29.3,61,1,1,1,1.000,66,3,1,,22.8,0,0,2,0,1257,79,23,5,0
gauntlet/20261003-025235-scrim-g2nonav/losses/CyrilSharma.finalBot__AceOfSpades__botB.bc24,CyrilSharma.finalBot,0,A,finalBot,1,591,CAPTURE,1800,15600,204,18,33,227,11,3,8,214,99,1,317,281,101,91,46.2,11,5,6,0,21.1,45,0,1,0,0,1.71,0,5.60,43.3,4,0,,,,14,0,0,,25.0,1,0,436,1,0,0,5,0,0
gauntlet/20261003-025235-scrim-g2nonav/losses/CyrilSharma.finalBot__AceOfSpades__botB.bc24,CyrilSharma.finalBot,1,B,g2nonav,0,591,CAPTURE,1800,6000,202,13,7,256,1,0,1,7,3,8,106,91,91,101,46.0,1,1,0,0,22.0,43,6,5,0,0,1.57,3,0.00,53.3,115,0,3,3,1.000,17,5,1,,22.8,0,0,35,0,453,3,22,1,0
gauntlet/20261003-025235-scrim-g2nonav/losses/CyrilSharma.finalBot__DefaultLarge__botA.bc24,CyrilSharma.finalBot,1,A,g2nonav,0,2000,MORE_FLAG_CAPTURES,1800,2600,202,13,10,338,0,0,0,0,0,31,252,189,584,632,42.3,0,0,0,0,,43,23,9,0,0,3.69,1,0.00,43.8,72,0,1,1,1.000,58,5,1,,21.7,0,0,1,0,877,56,20,0,0
gauntlet/20261003-025235-scrim-g2nonav/losses/CyrilSharma.finalBot__DefaultLarge__botA.bc24,CyrilSharma.finalBot,0,B,finalBot,1,2000,MORE_FLAG_CAPTURES,1800,6500,202,31,37,251,32,1,31,194,84,0,590,582,632,584,42.9,32,9,23,0,45.5,41,0,0,9,0,0.00,0,6.20,34.0,,,,,,67,2,1,,25.1,39,0,403,1,0,0,3,0,0
gauntlet/20261003-025235-scrim-g2nonav/losses/Gymhgy.v10official__DefaultMedium__botB.bc24,Gymhgy.v10official,0,A,v10official,1,910,CAPTURE,2900,4700,201,38,36,262,90,3,21,941,132,16,132,117,147,166,45.7,87,11,14,62,17.0,36,5,11,0,0,2.67,0,10.35,5.4,148,0,4,0,0.000,24,14,1,,25.1,106,0,,0,0,0,1,0,0
gauntlet/20261003-025235-scrim-g2nonav/losses/Gymhgy.v10official__DefaultMedium__botB.bc24,Gymhgy.v10official,1,B,g2nonav,0,910,CAPTURE,2900,2900,201,19,24,271,16,0,16,289,130,21,121,57,166,147,46.2,16,11,5,0,29.5,44,14,11,0,0,2.55,3,6.73,25.8,221,3,1,0,0.000,17,1,1,,22.8,0,0,12,0,371,8,12,16,0
gauntlet/20261003-025235-scrim-g2nonav/losses/CyrilSharma.finalBot__QuestionableChess__botB.bc24,CyrilSharma.finalBot,0,A,finalBot,1,2000,MORE_FLAG_CAPTURES,0,0,201,13,14,205,1,1,0,40,20,4,166,156,224,317,46.2,1,1,0,0,,36,3,1,0,0,3.67,0,6.65,76.3,0,0,,,,3,0,0,,25.0,7,0,235,1,0,0,7,0,0
gauntlet/20261003-025235-scrim-g2nonav/losses/CyrilSharma.finalBot__QuestionableChess__botB.bc24,CyrilSharma.finalBot,1,B,g2nonav,0,2000,MORE_FLAG_CAPTURES,0,0,202,9,19,343,4,0,4,15,5,0,240,175,317,224,47.3,4,1,3,0,24.0,40,0,1,3,0,0.10,1,5.80,68.1,35,1,1,1,1.000,7,0,1,,22.8,0,0,58,0,156,11,36,4,0
gauntlet/20261003-025235-scrim-g2nonav/losses/CyrilSharma.finalBot__YearOfTheDragon__botA.bc24,CyrilSharma.finalBot,1,A,g2nonav,0,2000,MORE_FLAG_CAPTURES,10800,10800,201,11,20,233,0,0,0,0,0,6,317,273,630,688,41.6,0,0,0,0,,44,4,4,0,0,1.38,2,0.00,53.1,118,0,2,2,1.000,33,6,1,,20.2,0,0,1,0,1298,23,57,0,0
gauntlet/20261003-025235-scrim-g2nonav/losses/CyrilSharma.finalBot__YearOfTheDragon__botA.bc24,CyrilSharma.finalBot,0,B,finalBot,1,2000,MORE_FLAG_CAPTURES,10800,10800,201,8,9,210,8,2,6,162,74,0,727,693,688,630,42.4,8,4,4,0,19.5,41,0,0,0,0,0.00,0,7.82,49.0,,,,,,27,2,1,,25.0,9,0,853,1,0,0,5,0,0
gauntlet/20261003-025235-scrim-g2nonav/losses/Gymhgy.v10official__HeMustBeFreed__botB.bc24,Gymhgy.v10official,0,A,v10official,1,1424,CAPTURE,5900,18300,201,28,33,256,45,3,1,806,91,8,275,266,266,184,46.9,42,3,1,38,53.0,31,0,10,0,1,0.59,1,8.10,4.7,356,1,4,1,0.250,53,8,1,,25.1,49,0,,0,0,0,0,0,0
gauntlet/20261003-025235-scrim-g2nonav/losses/Gymhgy.v10official__HeMustBeFreed__botB.bc24,Gymhgy.v10official,1,B,g2nonav,0,1424,CAPTURE,2800,3200,201,8,2,352,10,1,8,450,220,1,145,76,184,266,45.4,10,10,0,0,46.1,27,1,3,0,0,0.37,3,2.20,18.0,187,3,2,0,0.000,68,0,1,,22.8,0,0,57,0,362,33,14,10,1
gauntlet/20261003-025235-scrim-g2nonav/losses/Gymhgy.v10official__Diagonal__botA.bc24,Gymhgy.v10official,1,A,g2nonav,0,2000,LEVEL_SUM,5100,5100,201,19,27,240,84,0,84,387,145,18,334,278,367,338,45.9,84,35,49,0,33.1,34,9,9,33,0,7.18,0,9.55,18.7,0,0,,,,31,2,1,,20.8,0,0,1,0,763,34,12,79,3
gauntlet/20261003-025235-scrim-g2nonav/losses/Gymhgy.v10official__Diagonal__botA.bc24,Gymhgy.v10official,0,B,v10official,1,2000,LEVEL_SUM,5100,5100,201,17,14,283,27,0,18,624,9,84,306,240,338,367,45.5,24,9,9,6,32.4,27,49,35,3,0,7.28,0,7.70,5.0,53,0,2,0,0.000,17,4,1,,25.1,240,0,,0,0,0,4,0,0
gauntlet/20261003-025235-scrim-g2nonav/losses/Gymhgy.v10official__GravitationalWaves__botA.bc24,Gymhgy.v10official,1,A,g2nonav,0,2000,MORE_BREAD,3400,3400,201,19,20,465,2,0,2,84,39,9,286,211,330,219,47.4,2,2,0,0,32.5,19,2,8,0,0,5.83,0,1.11,29.6,3,0,,,,41,0,1,,22.1,0,0,1,0,2394,209,25,2,0
gauntlet/20261003-025235-scrim-g2nonav/losses/Gymhgy.v10official__GravitationalWaves__botA.bc24,Gymhgy.v10official,0,B,v10official,1,2000,MORE_BREAD,3700,4000,201,16,28,204,18,0,9,645,158,2,259,200,219,330,46.0,15,8,2,5,25.3,14,0,2,1,0,2.18,0,2.30,2.8,49,0,2,0,0.000,54,2,1,,25.1,83,0,,0,0,0,1,0,0
gauntlet/20261003-025235-scrim-g2nonav/losses/Gymhgy.v10official__Starfish__botB.bc24,Gymhgy.v10official,0,A,v10official,1,513,CAPTURE,3900,4100,201,10,14,201,15,3,2,610,262,1,20,18,36,118,44.6,12,3,2,7,7.0,40,0,3,0,0,1.06,2,7.58,10.1,26,1,1,1,1.000,10,6,0,,25.0,1,0,,0,0,0,2,0,0
gauntlet/20261003-025235-scrim-g2nonav/losses/Gymhgy.v10official__Starfish__botB.bc24,Gymhgy.v10official,1,B,g2nonav,0,513,CAPTURE,4100,4100,201,14,4,201,3,2,1,52,24,2,52,33,118,36,48.4,3,3,0,0,15.0,35,2,3,0,0,2.68,3,8.81,34.1,12,3,,,,5,2,1,,22.8,0,0,8,0,349,15,17,3,0
gauntlet/20261003-025235-scrim-g2nonav/losses/IvanGeffner.kuma__Capacitance__botA.bc24,IvanGeffner.kuma,1,A,g2nonav,0,458,CAPTURE,3600,4100,201,21,3,206,3,1,2,73,35,6,85,53,45,107,44.7,3,2,1,0,8.5,43,5,4,0,0,1.17,3,4.10,43.5,103,3,2,1,0.500,11,2,1,,20.7,0,0,1,0,428,4,22,3,0
gauntlet/20261003-025235-scrim-g2nonav/losses/IvanGeffner.kuma__Capacitance__botA.bc24,IvanGeffner.kuma,0,B,kuma,1,458,CAPTURE,3600,5900,201,21,40,215,22,3,6,155,75,2,147,101,107,45,47.7,22,4,5,13,8.8,43,1,2,0,0,2.16,1,1.97,29.6,33,0,1,0,0.000,5,0,1,,25.1,36,0,32,1,0,0,258,0,0
gauntlet/20261003-025235-scrim-g2nonav/losses/IvanGeffner.kuma__Alien__botA.bc24,IvanGeffner.kuma,1,A,g2nonav,0,1510,CAPTURE,3300,3300,205,1,0,1053,0,0,0,0,0,7,197,177,355,590,40.5,0,0,0,0,,41,6,4,0,0,2.63,3,0.00,45.9,44,3,1,1,1.000,21,6,1,,20.3,0,0,1,0,2142,36,30,0,0
gauntlet/20261003-025235-scrim-g2nonav/losses/IvanGeffner.kuma__Alien__botA.bc24,IvanGeffner.kuma,0,B,kuma,1,1510,CAPTURE,3300,3300,202,33,46,220,21,3,7,81,34,0,524,479,590,355,44.3,21,4,6,11,13.7,40,0,0,4,1,0.00,0,3.75,35.8,,,,,,20,1,0,,25.1,27,0,33,1,0,0,1310,0,0
gauntlet/20261003-025235-scrim-g2nonav/losses/IvanGeffner.kuma__StackGame__botB.bc24,IvanGeffner.kuma,0,A,kuma,1,346,CAPTURE,4600,4600,203,34,41,209,13,3,1,77,37,0,99,71,50,24,48.3,13,3,1,9,16.0,43,0,0,0,0,0.00,0,5.43,31.2,,,,,,1,0,1,,25.1,39,0,129,1,0,0,146,0,0
gauntlet/20261003-025235-scrim-g2nonav/losses/IvanGeffner.kuma__StackGame__botB.bc24,IvanGeffner.kuma,1,B,g2nonav,0,346,CAPTURE,4600,4600,202,0,0,0,0,0,0,0,0,1,70,35,24,50,46.9,0,0,0,0,,43,1,3,0,0,1.45,3,0.00,43.8,48,2,1,1,1.000,0,0,1,,22.8,0,0,5,0,213,4,8,0,0
gauntlet/20261003-025235-scrim-g2nonav/losses/NotLLeon.v3__Decision__botB.bc24,NotLLeon.v3,0,A,v3,1,808,CAPTURE,1900,1900,203,11,20,282,34,3,23,465,209,9,93,90,104,144,45.8,34,8,18,8,29.1,25,4,8,0,0,0.60,1,6.42,8.4,372,1,5,1,0.200,35,14,0,,23.2,0,0,667,1,0,0,341,0,45
gauntlet/20261003-025235-scrim-g2nonav/losses/NotLLeon.v3__Decision__botB.bc24,NotLLeon.v3,1,B,g2nonav,0,808,CAPTURE,1900,1900,202,32,33,288,12,1,9,452,216,23,106,84,144,104,46.9,12,8,4,0,37.4,37,18,8,0,0,1.35,3,4.58,19.7,295,2,5,2,0.400,39,17,1,,20.6,0,0,1,0,387,8,9,12,0
gauntlet/20261003-025235-scrim-g2nonav/losses/IvanGeffner.kuma__BigDucksBigPond__botA.bc24,IvanGeffner.kuma,1,A,g2nonav,0,2000,MORE_FLAG_CAPTURES,5100,7400,201,8,7,310,0,0,0,0,0,1,300,245,457,812,40.2,0,0,0,0,,47,1,2,0,0,0.40,2,0.00,44.3,115,2,2,2,1.000,66,4,1,,20.8,0,0,1,0,994,58,20,0,0
gauntlet/20261003-025235-scrim-g2nonav/losses/IvanGeffner.kuma__BigDucksBigPond__botA.bc24,IvanGeffner.kuma,0,B,kuma,1,2000,MORE_FLAG_CAPTURES,5100,6600,201,36,30,248,5,2,1,135,67,0,715,662,812,457,44.4,5,2,1,2,40.0,45,0,0,0,0,0.00,0,1.82,32.6,,,,,,63,0,1,,25.0,27,0,64,1,0,0,1800,0,0
gauntlet/20261003-025235-scrim-g2nonav/losses/IvanGeffner.kuma__Randy__botB.bc24,IvanGeffner.kuma,0,A,kuma,1,2000,LEVEL_SUM,3400,10600,201,23,21,207,36,0,15,93,40,5,459,430,530,430,44.8,36,7,9,20,10.3,34,1,4,0,0,7.88,0,5.51,30.6,0,0,,,,98,6,1,,25.1,38,0,9,1,0,0,1701,0,0
gauntlet/20261003-025235-scrim-g2nonav/losses/IvanGeffner.kuma__Randy__botB.bc24,IvanGeffner.kuma,1,B,g2nonav,0,2000,LEVEL_SUM,3400,6400,201,24,13,214,5,0,5,8,0,15,303,220,430,530,43.6,5,4,1,0,10.4,44,9,7,0,0,4.19,0,6.75,34.0,9,0,,,,69,8,1,,22.8,0,0,7,0,791,59,13,4,0
gauntlet/20261003-025235-scrim-g2nonav/losses/IvanGeffner.kuma__Diagonal__botB.bc24,IvanGeffner.kuma,0,A,kuma,1,2000,LEVEL_SUM,5100,5100,201,41,34,241,27,0,12,24,2,2,370,313,365,302,46.3,27,12,8,7,33.2,36,1,1,3,0,6.00,0,8.21,29.4,0,0,,,,10,0,1,,25.1,27,0,64,1,1,1,1800,0,0
gauntlet/20261003-025235-scrim-g2nonav/losses/IvanGeffner.kuma__Diagonal__botB.bc24,IvanGeffner.kuma,1,B,g2nonav,0,2000,LEVEL_SUM,5100,5100,201,13,15,273,2,0,2,2,0,12,284,217,302,365,45.5,2,1,1,0,33.5,33,8,12,0,0,10.00,0,4.00,23.0,0,0,,,,7,0,1,,22.8,0,0,14,0,921,41,70,1,0
gauntlet/20261003-025235-scrim-g2nonav/losses/NotLLeon.v3__Duck__botB.bc24,NotLLeon.v3,0,A,v3,1,607,CAPTURE,2900,2900,202,30,29,244,24,3,18,415,194,15,105,98,102,69,47.4,24,7,14,3,38.3,45,2,14,0,0,0.80,1,5.90,5.7,252,1,3,1,0.333,11,1,0,,22.3,0,0,,1,1,0,211,0,14
gauntlet/20261003-025235-scrim-g2nonav/losses/NotLLeon.v3__Duck__botB.bc24,NotLLeon.v3,1,B,g2nonav,0,607,CAPTURE,2900,2900,201,19,10,244,16,1,15,339,162,18,81,41,69,102,45.9,16,14,2,0,44.3,45,14,7,0,0,1.62,3,0.86,24.7,249,3,4,3,0.750,21,3,1,,19.5,0,0,1,0,195,8,7,16,0
gauntlet/20261003-025235-scrim-g2nonav/losses/NotLLeon.v3__FloodGates__botA.bc24,NotLLeon.v3,1,A,g2nonav,0,2000,MORE_FLAG_CAPTURES,500,1700,207,1,1,364,4,1,3,76,36,14,240,165,383,386,45.3,4,4,0,0,20.3,25,11,5,0,0,2.78,2,2.82,31.8,81,2,1,1,1.000,25,1,1,,23.0,0,0,203,0,595,9,26,4,0
gauntlet/20261003-025235-scrim-g2nonav/losses/NotLLeon.v3__FloodGates__botA.bc24,NotLLeon.v3,0,B,v3,1,2000,MORE_FLAG_CAPTURES,500,1700,208,16,19,352,29,2,14,136,55,3,222,201,386,383,45.3,29,5,11,13,19.3,27,0,4,7,1,0.72,1,12.87,9.6,51,1,1,1,1.000,33,0,0,,22.4,0,0,,0,0,0,1800,0,1127
gauntlet/20261003-025235-scrim-g2nonav/losses/NotLLeon.v3__Foxes__botB.bc24,NotLLeon.v3,0,A,v3,1,1989,CAPTURE,7500,7500,202,22,38,241,48,3,34,328,158,16,418,393,698,645,42.1,48,13,24,11,26.1,40,3,13,3,1,1.57,0,9.29,11.0,104,0,2,0,0.000,56,11,0,,22.2,0,0,1043,1,0,0,976,0,145
gauntlet/20261003-025235-scrim-g2nonav/losses/NotLLeon.v3__Foxes__botB.bc24,NotLLeon.v3,1,B,g2nonav,0,1989,CAPTURE,7500,7500,208,8,5,273,16,0,16,198,87,34,382,314,645,698,41.6,16,13,3,0,29.8,36,24,13,0,0,3.25,3,4.46,23.5,131,2,4,1,0.250,91,4,1,,22.9,0,0,1,0,803,32,20,16,1
gauntlet/20261003-025235-scrim-g2nonav/losses/NotLLeon.v3__Hurricane__botB.bc24,NotLLeon.v3,0,A,v3,1,2000,MORE_FLAG_CAPTURES,4500,4500,201,15,33,206,147,1,142,485,194,47,270,245,318,577,42.9,147,49,94,4,20.0,47,10,37,49,1,0.94,0,4.34,8.2,664,0,6,0,0.000,164,24,0,,20.4,0,0,394,1,1,0,1013,0,20
gauntlet/20261003-025235-scrim-g2nonav/losses/NotLLeon.v3__Hurricane__botB.bc24,NotLLeon.v3,1,B,g2nonav,0,2000,MORE_FLAG_CAPTURES,4500,4500,201,17,29,215,47,0,47,916,430,142,346,308,577,318,46.1,47,37,10,0,17.6,44,94,49,0,0,6.28,1,3.37,15.1,106,1,2,1,0.500,80,6,1,,21.1,0,0,1,0,1060,11,12,47,1
gauntlet/20261003-025235-scrim-g2nonav/losses/Strequals.duck0127v5__Skyline__botB.bc24,Strequals.duck0127v5,0,A,duck0127v5,1,855,CAPTURE,21600,21600,208,11,16,263,11,3,8,164,78,8,236,222,178,141,46.1,11,9,2,0,17.0,41,3,7,0,0,2.42,2,14.57,35.7,24,0,1,1,1.000,26,7,0,,22.4,0,0,,0,0,0,116,0,0
gauntlet/20261003-025235-scrim-g2nonav/losses/Strequals.duck0127v5__Skyline__botB.bc24,Strequals.duck0127v5,1,B,g2nonav,0,855,CAPTURE,21600,21600,201,26,23,229,10,2,8,108,46,8,273,225,141,178,45.0,10,7,3,0,18.3,47,2,9,0,0,3.21,3,4.03,38.3,66,1,3,2,0.667,20,1,1,,19.3,0,0,1,0,664,22,11,10,0
gauntlet/20261003-025235-scrim-g2nonav/losses/Strequals.duck0127v5__Canals__botA.bc24,Strequals.duck0127v5,1,A,g2nonav,0,937,CAPTURE,4600,4600,230,0,0,432,0,0,0,0,0,21,156,112,125,367,40.7,0,0,0,0,,45,15,9,0,0,2.85,3,0.00,39.1,94,0,3,3,1.000,13,4,1,,22.5,0,0,1,0,822,34,20,0,0
gauntlet/20261003-025235-scrim-g2nonav/losses/Strequals.duck0127v5__Canals__botA.bc24,Strequals.duck0127v5,0,B,duck0127v5,1,937,CAPTURE,4600,6100,203,13,30,263,24,3,21,208,96,0,400,332,367,125,46.8,24,9,15,0,30.3,45,0,0,0,0,0.00,0,10.12,27.9,,,,,,19,0,1,,24.6,0,0,,0,0,0,134,0,0
gauntlet/20261003-025235-scrim-g2nonav/losses/SampleProvider.TSPAARKSPRINT1__English__botA.bc24,SampleProvider.TSPAARKSPRINT1,1,A,g2nonav,0,1161,CAPTURE,10900,10900,201,38,40,259,32,2,30,924,439,19,219,183,260,108,47.7,32,23,9,0,36.2,47,11,11,0,0,0.87,3,7.15,22.9,247,3,5,3,0.600,40,4,1,,20.1,0,0,1,0,653,22,22,31,1
gauntlet/20261003-025235-scrim-g2nonav/losses/SampleProvider.TSPAARKSPRINT1__English__botA.bc24,SampleProvider.TSPAARKSPRINT1,0,B,TSPAARKSPRINT1,1,1161,CAPTURE,10900,10900,201,29,18,230,25,3,19,811,275,30,50,46,108,260,44.4,22,11,11,0,35.6,31,9,23,0,0,2.21,2,11.34,12.5,502,2,15,2,0.133,127,79,1,0,21.6,0,0,658,0,0,0,222,0,0
gauntlet/20261003-025235-scrim-g2nonav/losses/NotLLeon.v3__Rainbow__botA.bc24,NotLLeon.v3,1,A,g2nonav,0,1891,CAPTURE,6000,6000,201,21,20,462,20,1,19,512,239,50,375,328,654,525,43.2,20,14,6,0,23.5,47,38,15,0,1,3.81,3,4.95,22.8,115,2,5,1,0.200,73,13,1,,21.5,0,0,1,0,889,58,21,19,3
gauntlet/20261003-025235-scrim-g2nonav/losses/NotLLeon.v3__Rainbow__botA.bc24,NotLLeon.v3,0,B,v3,1,1891,CAPTURE,6000,6000,201,19,16,273,63,3,50,383,178,19,338,330,525,654,41.6,63,15,38,10,29.5,45,6,14,24,1,0.94,1,8.31,9.4,345,1,9,1,0.111,117,54,1,,21.7,0,0,511,1,0,0,1691,0,34
gauntlet/20261003-025235-scrim-g2nonav/losses/Strequals.duck0127v5__Soccer__botA.bc24,Strequals.duck0127v5,1,A,g2nonav,0,649,CAPTURE,3000,3000,202,13,19,247,13,1,11,322,145,5,84,50,72,131,45.2,13,10,3,0,27.5,33,4,4,0,0,0.66,3,4.55,33.5,151,2,3,3,1.000,15,10,0,,23.2,0,0,265,0,303,16,24,13,0
gauntlet/20261003-025235-scrim-g2nonav/losses/Strequals.duck0127v5__Soccer__botA.bc24,Strequals.duck0127v5,0,B,duck0127v5,1,649,CAPTURE,3000,3200,205,10,15,265,8,3,5,209,102,11,173,159,131,72,47.4,8,4,4,0,31.0,28,3,10,0,0,0.97,1,13.10,28.3,231,1,4,1,0.250,26,6,0,,22.9,0,0,,0,0,0,111,0,0
gauntlet/20261003-025235-scrim-g2nonav/losses/andli28.v9_USQuals_angle__AceOfSpades__botB.bc24,andli28.v9_USQuals_angle,0,A,v9_USQuals_angle,1,959,CAPTURE,1800,17700,202,19,5,226,48,3,45,322,132,9,401,364,355,237,44.0,48,17,31,0,21.5,39,3,8,0,0,2.23,2,5.76,15.8,82,1,3,2,0.667,56,9,0,0,24.6,0,0,,0,0,0,145,0,0
gauntlet/20261003-025235-scrim-g2nonav/losses/andli28.v9_USQuals_angle__AceOfSpades__botB.bc24,andli28.v9_USQuals_angle,1,B,g2nonav,0,959,CAPTURE,1800,3900,202,25,21,233,11,2,9,164,70,45,167,126,237,355,41.1,11,8,3,0,20.3,44,31,17,0,0,2.84,3,4.88,31.0,85,0,2,1,0.500,75,44,1,,22.8,0,0,33,0,709,25,17,11,2
gauntlet/20261003-025235-scrim-g2nonav/losses/andli28.v9_USQuals_angle__Gated__botA.bc24,andli28.v9_USQuals_angle,1,A,g2nonav,0,2000,MORE_FLAG_CAPTURES,1500,2200,202,7,4,347,5,0,5,193,95,26,310,254,530,652,42.1,5,5,0,0,16.6,36,16,12,0,0,2.38,2,3.92,23.0,94,1,3,2,0.667,86,15,1,,22.8,0,0,206,0,1069,49,20,4,2
gauntlet/20261003-025235-scrim-g2nonav/losses/andli28.v9_USQuals_angle__Gated__botA.bc24,andli28.v9_USQuals_angle,0,B,v9_USQuals_angle,1,2000,MORE_FLAG_CAPTURES,1500,2600,208,25,32,237,28,2,26,178,77,5,470,459,652,530,43.5,28,12,16,0,20.2,28,0,5,5,1,0.68,0,2.94,10.5,145,0,2,0,0.000,128,8,0,0,25.0,3,0,,1,0,0,453,0,0
gauntlet/20261003-025235-scrim-g2nonav/losses/andli28.v9_USQuals_angle__Funnel__botB.bc24,andli28.v9_USQuals_angle,0,A,v9_USQuals_angle,1,2000,MORE_FLAG_CAPTURES,2200,4400,202,15,13,370,25,2,23,309,141,4,366,295,592,170,47.9,25,9,16,0,45.3,36,1,4,0,0,0.26,1,2.75,10.0,369,1,4,0,0.000,52,5,1,1,25.1,47,0,,1,0,0,457,0,0
gauntlet/20261003-025235-scrim-g2nonav/losses/andli28.v9_USQuals_angle__Funnel__botB.bc24,andli28.v9_USQuals_angle,1,B,g2nonav,0,2000,MORE_FLAG_CAPTURES,2200,3500,201,24,26,306,5,1,4,426,213,23,232,118,170,592,42.8,5,4,1,0,16.3,41,16,9,0,0,2.14,2,3.69,18.4,196,2,3,1,0.333,232,228,1,,21.5,0,0,1,0,966,15,12,5,0
gauntlet/20261003-025235-scrim-g2nonav/losses/andli28.v9_USQuals_angle__Occulus__botA.bc24,andli28.v9_USQuals_angle,1,A,g2nonav,0,1528,CAPTURE,1800,2100,201,20,21,218,1,0,1,2,0,15,187,163,280,632,40.0,1,1,0,0,22.0,42,14,4,0,0,5.28,3,0.00,36.8,49,0,3,2,0.667,20,5,1,,20.5,0,0,1,0,1095,78,11,1,0
gauntlet/20261003-025235-scrim-g2nonav/losses/andli28.v9_USQuals_angle__Occulus__botA.bc24,andli28.v9_USQuals_angle,0,B,v9_USQuals_angle,1,1528,CAPTURE,1800,9300,201,17,16,237,18,3,15,183,85,1,593,549,632,280,45.5,18,4,14,0,15.9,42,0,1,4,1,2.50,0,3.89,13.4,0,0,,,,28,1,1,0,25.0,28,0,,1,0,0,473,0,0
gauntlet/20261003-025235-scrim-g2nonav/losses/andli28.v9_USQuals_angle__QuestionableChess__botA.bc24,andli28.v9_USQuals_angle,1,A,g2nonav,0,1851,CAPTURE,0,0,201,16,15,386,2,0,2,10,4,32,247,216,543,679,41.1,2,2,0,0,23.0,40,22,13,0,0,2.79,3,2.30,29.5,128,2,3,2,0.667,66,17,1,,22.8,0,0,17,0,707,20,11,2,0
gauntlet/20261003-025235-scrim-g2nonav/losses/andli28.v9_USQuals_angle__QuestionableChess__botA.bc24,andli28.v9_USQuals_angle,0,B,v9_USQuals_angle,1,1851,CAPTURE,0,0,202,2,0,375,35,3,32,235,117,2,426,392,679,543,42.8,35,13,22,0,22.5,38,0,2,22,3,3.70,0,2.35,19.8,0,0,,,,80,5,0,0,25.0,3,0,,1,0,0,459,0,0
gauntlet/20261003-025235-scrim-g2nonav/losses/andrewgopher.player22__StackGame__botA.bc24,andrewgopher.player22,1,A,g2nonav,0,651,CAPTURE,4600,4600,201,0,2,505,4,0,4,53,22,5,107,75,208,195,42.9,4,4,0,0,13.5,44,3,5,0,0,4.37,3,1.75,40.3,48,1,2,2,1.000,9,0,1,,22.8,0,0,5,0,756,23,13,4,3
gauntlet/20261003-025235-scrim-g2nonav/losses/andrewgopher.player22__StackGame__botA.bc24,andrewgopher.player22,0,B,player22,1,651,CAPTURE,4600,4600,201,38,34,223,11,3,5,119,56,4,142,136,195,208,42.4,8,5,3,0,13.2,41,0,4,0,0,0.91,0,9.87,18.7,42,0,1,0,0.000,22,1,0,0,25.1,23,0,,0,0,0,2,0,0
gauntlet/20261003-025235-scrim-g2nonav/losses/andli28.v9_USQuals_angle__SteamboatMickey__botB.bc24,andli28.v9_USQuals_angle,0,A,v9_USQuals_angle,1,2000,LEVEL_SUM,7300,18700,201,20,20,201,17,2,15,172,80,13,803,713,731,403,44.1,17,6,11,0,43.1,42,7,8,0,0,1.47,2,1.95,11.9,243,2,5,2,0.400,77,8,1,0,25.0,11,0,,0,0,0,463,0,0
gauntlet/20261003-025235-scrim-g2nonav/losses/andli28.v9_USQuals_angle__SteamboatMickey__botB.bc24,andli28.v9_USQuals_angle,1,B,g2nonav,0,2000,LEVEL_SUM,7300,7900,201,13,32,201,15,2,13,345,167,15,330,263,403,731,41.1,15,8,7,0,24.7,42,11,6,4,2,2.14,2,7.68,28.9,113,1,2,2,1.000,111,7,1,,20.9,0,0,1,0,740,32,11,15,0
gauntlet/20261003-025235-scrim-g2nonav/losses/andrewgopher.player22__Yinyang__botB.bc24,andrewgopher.player22,0,A,player22,1,1052,CAPTURE,2900,3200,201,27,31,218,24,3,18,146,63,0,265,245,620,488,38.7,21,6,15,0,15.8,50,0,2,0,0,0.18,2,10.90,18.7,57,2,1,1,1.000,79,33,1,1,25.0,54,0,,0,0,0,2,0,0
gauntlet/20261003-025235-scrim-g2nonav/losses/andrewgopher.player22__Yinyang__botB.bc24,andrewgopher.player22,1,B,g2nonav,0,1052,CAPTURE,2900,3200,201,1,0,374,2,2,0,67,32,18,151,140,488,620,35.9,2,2,0,0,,47,15,6,0,0,5.03,3,4.46,37.9,33,0,,,,58,41,1,,22.0,0,0,2,0,1375,3,20,2,0
gauntlet/20261003-025235-scrim-g2nonav/losses/andrewgopher.player22__WheresMyWater__botA.bc24,andrewgopher.player22,1,A,g2nonav,0,2000,MORE_FLAG_CAPTURES,3000,3900,201,2,0,201,2,1,1,18,8,2,271,240,1087,1192,35.4,2,2,0,0,9.0,44,1,3,0,0,4.92,2,5.61,33.2,9,0,,,,146,105,1,,21.4,0,0,1,0,2658,21,17,2,0
gauntlet/20261003-025235-scrim-g2nonav/losses/andrewgopher.player22__WheresMyWater__botA.bc24,andrewgopher.player22,0,B,player22,1,2000,MORE_FLAG_CAPTURES,3000,5400,201,31,34,201,7,2,2,39,17,1,472,457,1192,1087,36.8,4,3,1,0,24.0,44,0,2,0,0,0.11,1,7.06,15.3,16,1,,,,172,55,1,1,25.1,99,0,,0,0,0,3,0,0
gauntlet/20261003-025235-scrim-g2nonav/losses/andrewgopher.player22__Snake__botA.bc24,andrewgopher.player22,1,A,g2nonav,0,1959,CAPTURE,13100,29100,203,16,1,236,11,0,11,113,51,4,483,451,895,932,38.4,11,10,1,0,31.5,47,3,4,1,0,1.21,3,0.12,36.1,115,2,2,2,1.000,117,6,1,,22.8,0,0,232,0,2168,113,19,11,4
gauntlet/20261003-025235-scrim-g2nonav/losses/andrewgopher.player22__Snake__botA.bc24,andrewgopher.player22,0,B,player22,1,1959,CAPTURE,13100,31700,206,19,14,257,10,3,4,157,101,11,614,592,932,895,38.8,7,4,3,0,29.8,41,1,10,3,2,0.64,0,4.95,15.5,63,0,1,0,0.000,151,44,0,0,25.1,76,0,,0,0,0,2,0,0
gauntlet/20261003-025235-scrim-g2nonav/losses/chenyx512.flagbot_final__CH3353C4K3F4CT0RY__botB.bc24,chenyx512.flagbot_final,0,A,flagbot_final,1,843,CAPTURE,13000,13400,206,26,37,242,17,3,11,768,320,8,424,365,295,85,47.5,14,8,6,0,21.3,38,2,7,0,0,1.61,1,6.16,22.4,75,1,2,1,0.500,6,0,0,0,19.3,0,0,482,1,0,0,226,0,0
gauntlet/20261003-025235-scrim-g2nonav/losses/chenyx512.flagbot_final__CH3353C4K3F4CT0RY__botB.bc24,chenyx512.flagbot_final,1,B,g2nonav,0,843,CAPTURE,13000,13000,202,22,24,293,9,1,8,142,62,11,217,186,85,295,41.6,9,7,2,0,23.4,39,6,8,0,0,4.41,3,5.12,36.4,67,0,3,3,1.000,28,3,1,,21.0,0,0,1,0,794,13,13,9,0
gauntlet/20261003-025235-scrim-g2nonav/losses/chenyx512.flagbot_final__Bunkers__botA.bc24,chenyx512.flagbot_final,1,A,g2nonav,0,996,CAPTURE,2800,2800,201,5,5,385,5,0,5,58,27,3,138,104,80,479,38.4,5,5,0,0,14.8,47,3,3,0,0,0.95,3,1.91,34.2,84,1,2,2,1.000,50,32,1,,22.8,0,0,5,0,781,38,21,5,2
gauntlet/20261003-025235-scrim-g2nonav/losses/chenyx512.flagbot_final__Bunkers__botA.bc24,chenyx512.flagbot_final,0,B,flagbot_final,1,996,CAPTURE,2800,2800,201,27,30,210,9,3,3,708,288,5,326,238,479,80,48.0,6,3,3,0,16.0,46,0,5,0,0,1.14,0,8.08,21.3,26,0,1,0,0.000,2,0,1,1,19.6,0,0,,1,0,0,796,0,0
gauntlet/20261003-025235-scrim-g2nonav/losses/chenyx512.flagbot_final__Alligator__botA.bc24,chenyx512.flagbot_final,1,A,g2nonav,0,1331,CAPTURE,3300,4500,201,12,20,389,5,0,5,20,6,21,178,171,178,722,36.8,5,4,1,0,23.0,31,19,5,0,0,4.29,3,4.10,38.8,103,0,4,3,0.750,57,48,1,,22.8,0,0,5,0,1571,29,26,5,0
gauntlet/20261003-025235-scrim-g2nonav/losses/chenyx512.flagbot_final__Alligator__botA.bc24,chenyx512.flagbot_final,0,B,flagbot_final,1,1331,CAPTURE,3300,8100,201,16,16,224,27,3,21,872,333,5,577,485,722,178,46.7,24,5,19,0,15.9,31,1,4,7,1,4.10,0,12.39,32.1,0,0,,,,5,0,1,1,21.7,0,0,1258,1,0,0,895,0,0
gauntlet/20261003-025235-scrim-g2nonav/losses/chenyx512.flagbot_final__KingQuacksCastle__botB.bc24,chenyx512.flagbot_final,0,A,flagbot_final,1,754,CAPTURE,1600,13100,204,11,25,241,14,3,8,759,294,4,288,262,247,27,49.0,11,5,6,0,16.9,46,0,4,0,0,1.84,0,5.52,22.0,23,0,1,0,0.000,2,0,0,0,19.3,0,0,,0,0,0,336,0,0
gauntlet/20261003-025235-scrim-g2nonav/losses/chenyx512.flagbot_final__KingQuacksCastle__botB.bc24,chenyx512.flagbot_final,1,B,g2nonav,0,754,CAPTURE,1600,1700,204,4,11,255,4,0,4,55,21,8,87,83,27,247,42.1,4,4,0,0,23.3,48,6,5,0,0,1.54,3,2.82,37.7,92,3,3,2,0.667,27,2,1,,22.8,0,0,13,0,794,11,15,4,2
gauntlet/20261003-025235-scrim-g2nonav/losses/chenyx512.flagbot_final__OceanFloor__botB.bc24,chenyx512.flagbot_final,0,A,flagbot_final,1,604,CAPTURE,1400,1400,201,42,35,252,8,3,2,799,337,10,86,71,111,33,48.6,5,4,1,0,34.5,47,1,10,0,0,1.56,0,5.51,16.8,181,0,3,0,0.000,8,1,1,1,16.8,0,0,515,1,0,0,122,0,0
gauntlet/20261003-025235-scrim-g2nonav/losses/chenyx512.flagbot_final__OceanFloor__botB.bc24,chenyx512.flagbot_final,1,B,g2nonav,0,604,CAPTURE,1400,1400,201,13,21,245,11,0,10,304,147,2,70,56,33,111,45.7,11,10,1,0,43.1,46,1,4,0,0,0.74,3,5.18,24.6,168,2,3,3,1.000,36,4,1,,20.2,0,0,1,0,275,14,12,11,1
gauntlet/20261003-025235-scrim-g2nonav/losses/hsmalladi.finalbot__HungerGames__botB.bc24,hsmalladi.finalbot,0,A,finalbot,1,340,CAPTURE,700,15100,208,34,8,239,13,3,4,718,70,1,171,147,43,40,47.3,10,3,4,3,7.8,47,0,1,0,0,0.78,0,5.85,16.5,44,0,1,0,0.000,3,2,0,,25.1,86,0,,0,0,0,8,0,0
gauntlet/20261003-025235-scrim-g2nonav/losses/hsmalladi.finalbot__HungerGames__botB.bc24,hsmalladi.finalbot,1,B,g2nonav,0,340,CAPTURE,700,7100,203,20,14,235,1,0,1,65,32,4,86,55,40,43,47.2,1,1,0,0,17.0,47,4,3,0,0,2.81,3,3.55,37.8,44,0,3,2,0.667,3,1,1,,22.8,0,0,205,0,84,1,9,1,0
gauntlet/20261003-025235-scrim-g2nonav/losses/dmtrung14.defaultplayer_intlqualifier__OceanFloor__botB.bc24,dmtrung14.defaultplayer_intlqualifier,0,A,defaultplayer_intlqualifier,1,529,CAPTURE,1200,1400,201,21,13,211,52,3,4,461,156,2,35,31,14,140,43.4,49,5,2,42,45.8,45,1,3,0,0,0.28,1,9.42,16.3,196,1,2,1,0.500,72,46,1,1,25.1,222,0,250,1,0,0,329,0,0
gauntlet/20261003-025235-scrim-g2nonav/losses/dmtrung14.defaultplayer_intlqualifier__OceanFloor__botB.bc24,dmtrung14.defaultplayer_intlqualifier,1,B,g2nonav,0,529,CAPTURE,1400,1400,201,31,38,243,4,1,2,217,106,4,70,42,140,14,49.3,4,3,1,0,33.0,47,2,5,0,0,1.18,3,4.07,18.5,102,3,1,0,0.000,6,0,1,,18.6,0,0,1,0,193,1,10,4,0
gauntlet/20261003-025235-scrim-g2nonav/losses/hsmalladi.finalbot__Puzzle__botA.bc24,hsmalladi.finalbot,1,A,g2nonav,0,940,CAPTURE,0,9100,207,20,16,232,8,1,6,467,228,57,193,146,323,189,45.2,8,7,1,0,9.0,41,46,14,0,0,2.77,3,4.40,20.8,207,3,5,2,0.400,54,11,1,,22.8,0,0,225,0,508,20,23,8,2
gauntlet/20261003-025235-scrim-g2nonav/losses/hsmalladi.finalbot__Puzzle__botA.bc24,hsmalladi.finalbot,0,B,finalbot,1,940,CAPTURE,0,13200,205,30,19,241,74,3,57,1066,265,6,159,151,189,323,41.6,71,14,46,11,18.9,44,1,7,0,0,0.77,1,5.34,13.0,345,1,5,1,0.200,104,42,0,,25.1,96,0,,0,0,0,4,0,0
gauntlet/20261003-025235-scrim-g2nonav/losses/hsmalladi.finalbot__StackGame__botA.bc24,hsmalladi.finalbot,1,A,g2nonav,0,576,CAPTURE,4600,4600,204,6,0,568,0,0,0,0,0,16,104,85,176,112,45.3,0,0,0,0,,42,13,6,0,0,5.52,3,0.00,28.8,37,2,1,0,0.000,4,2,1,,20.2,0,0,1,0,360,19,9,0,0
gauntlet/20261003-025235-scrim-g2nonav/losses/hsmalladi.finalbot__StackGame__botA.bc24,hsmalladi.finalbot,0,B,finalbot,1,576,CAPTURE,4600,4600,201,17,42,207,28,3,16,722,73,0,95,85,112,176,42.6,25,6,13,6,17.0,45,0,0,0,0,0.00,0,10.34,10.5,,,,,,14,3,0,,25.0,88,0,,0,1,1,8,0,0
gauntlet/20261003-025235-scrim-g2nonav/losses/hsmalladi.finalbot__BreadPudding__botB.bc24,hsmalladi.finalbot,0,A,finalbot,1,2000,MORE_FLAG_CAPTURES,2600,3000,209,25,6,247,50,2,28,826,98,22,328,312,710,694,41.5,47,10,20,17,15.5,43,10,13,4,0,1.59,0,12.40,24.1,379,0,8,0,0.000,59,28,0,,25.0,66,0,,0,1,1,8,0,0
gauntlet/20261003-025235-scrim-g2nonav/losses/hsmalladi.finalbot__BreadPudding__botB.bc24,hsmalladi.finalbot,1,B,g2nonav,0,2000,MORE_FLAG_CAPTURES,2600,2800,202,22,17,300,23,0,22,652,329,28,271,216,694,710,41.4,23,13,10,0,15.2,45,20,10,8,0,6.89,2,5.93,28.7,10,2,1,0,0.000,37,0,1,,21.5,0,0,1,0,1173,95,41,23,4
gauntlet/20261003-025235-scrim-g2nonav/losses/hsmalladi.finalbot__Hurricane__botA.bc24,hsmalladi.finalbot,1,A,g2nonav,0,2000,MORE_FLAG_CAPTURES,4500,4500,201,19,16,461,1,0,1,30,15,80,294,231,668,251,46.9,1,1,0,0,32.0,45,46,35,0,0,4.93,1,0.67,15.0,68,1,1,0,0.000,63,4,1,,21.3,0,0,1,0,851,13,12,1,1
gauntlet/20261003-025235-scrim-g2nonav/losses/hsmalladi.finalbot__Hurricane__botA.bc24,hsmalladi.finalbot,0,B,finalbot,1,2000,MORE_FLAG_CAPTURES,4500,4500,201,22,14,208,92,1,80,893,194,1,260,248,251,668,41.9,89,35,46,8,18.8,47,0,1,17,0,1.27,0,3.77,26.2,12,0,1,0,0.000,216,8,1,,25.1,70,0,,0,0,0,21,0,0
gauntlet/20261003-025235-scrim-g2nonav/losses/jmerle.camel_case_v21_final__HungerGames__botB.bc24,jmerle.camel_case_v21_final,0,A,camel_case_v21_final,1,292,CAPTURE,700,20500,204,31,0,214,6,3,3,110,53,1,161,125,51,20,48.6,6,3,3,0,16.7,45,0,1,0,0,1.05,0,7.52,8.2,5,0,,,,8,0,0,,23.2,0,0,,0,0,0,1,0,0
gauntlet/20261003-025235-scrim-g2nonav/losses/jmerle.camel_case_v21_final__HungerGames__botB.bc24,jmerle.camel_case_v21_final,1,B,g2nonav,0,292,CAPTURE,700,1700,203,9,0,220,1,0,1,19,8,3,39,37,20,51,46.0,1,1,0,0,7.0,47,3,3,0,0,1.36,3,3.95,58.1,61,1,2,2,1.000,8,3,1,,22.8,0,0,207,0,135,0,11,1,1
gauntlet/20261003-025235-scrim-g2nonav/losses/jmerle.camel_case_v21_final__GravitationalWaves__botB.bc24,jmerle.camel_case_v21_final,0,A,camel_case_v21_final,1,2000,MORE_FLAG_CAPTURES,3700,3700,201,26,29,205,11,1,10,102,44,18,174,150,560,601,42.7,11,9,2,0,26.6,18,1,17,0,0,1.89,0,5.76,3.3,137,0,4,0,0.000,134,42,1,,22.5,0,0,,0,0,0,1,0,0
gauntlet/20261003-025235-scrim-g2nonav/losses/jmerle.camel_case_v21_final__GravitationalWaves__botB.bc24,jmerle.camel_case_v21_final,1,B,g2nonav,0,2000,MORE_FLAG_CAPTURES,3400,3400,201,13,19,206,18,0,18,307,144,10,271,190,601,560,43.2,18,17,1,0,24.0,15,2,9,1,0,2.72,1,2.25,33.0,24,0,1,1,1.000,86,7,1,,23.1,0,0,1,0,2117,74,19,17,1
gauntlet/20261003-025235-scrim-g2nonav/losses/hsmalladi.finalbot__TwistedTreeline__botA.bc24,hsmalladi.finalbot,1,A,g2nonav,0,2000,MORE_FLAG_CAPTURES,2400,2600,205,12,14,250,7,1,6,227,107,31,295,235,780,768,40.7,7,6,1,0,24.5,46,22,11,0,0,2.38,2,3.48,22.8,234,0,6,1,0.167,91,27,1,,20.1,0,0,1,0,659,24,13,7,2
gauntlet/20261003-025235-scrim-g2nonav/losses/hsmalladi.finalbot__TwistedTreeline__botA.bc24,hsmalladi.finalbot,0,B,finalbot,1,2000,MORE_FLAG_CAPTURES,2200,2200,203,34,20,264,40,2,31,1017,197,6,379,370,768,780,40.5,37,11,22,4,23.0,41,1,6,1,0,0.87,1,7.83,6.6,138,1,4,1,0.250,122,25,0,,25.1,60,0,,0,1,1,6,0,0
gauntlet/20261003-025235-scrim-g2nonav/losses/kyleezz.jeeryfix3__Skyline__botA.bc24,kyleezz.jeeryfix3,1,A,g2nonav,0,423,CAPTURE,21600,21600,204,10,10,243,1,0,1,6,2,10,221,188,151,70,46.4,1,1,0,0,13.0,46,9,4,0,0,2.44,3,2.50,32.9,44,0,2,2,1.000,11,3,1,,19.9,0,0,1,0,226,5,7,1,0
gauntlet/20261003-025235-scrim-g2nonav/losses/kyleezz.jeeryfix3__Skyline__botA.bc24,kyleezz.jeeryfix3,0,B,jeeryfix3,1,423,CAPTURE,21600,21600,201,6,21,269,13,3,10,107,50,1,203,143,70,151,41.5,13,4,9,0,17.1,49,0,1,0,0,2.17,0,5.94,20.9,1,0,,,,30,5,1,0,24.9,0,0,14,1,0,0,3,0,0
gauntlet/20261003-025235-scrim-g2nonav/losses/jmerle.camel_case_v21_final__Starfish__botB.bc24,jmerle.camel_case_v21_final,0,A,camel_case_v21_final,1,442,CAPTURE,4100,4200,201,13,15,201,6,3,3,81,39,3,24,24,106,170,41.0,6,3,3,0,9.0,32,0,3,0,0,10.00,0,8.19,4.7,0,0,,,,25,18,0,,25.0,1,0,,0,0,0,1,0,0
gauntlet/20261003-025235-scrim-g2nonav/losses/jmerle.camel_case_v21_final__Starfish__botB.bc24,jmerle.camel_case_v21_final,1,B,g2nonav,0,442,CAPTURE,4100,4100,201,25,4,201,3,0,3,8,1,3,53,46,170,106,44.5,3,3,0,0,7.0,33,3,3,0,0,1.12,3,14.25,35.0,56,1,1,1,1.000,11,0,1,,22.8,0,0,11,0,431,0,10,3,0
gauntlet/20261003-025235-scrim-g2nonav/losses/jmerle.camel_case_v21_final__Hurricane__botA.bc24,jmerle.camel_case_v21_final,1,A,g2nonav,0,2000,MORE_FLAG_CAPTURES,4500,4500,201,14,10,203,41,0,41,543,254,32,359,300,579,377,45.4,41,39,2,0,16.0,45,14,19,1,0,2.99,1,1.27,17.1,59,1,1,1,1.000,127,6,1,,20.9,0,0,1,0,967,47,16,41,25
gauntlet/20261003-025235-scrim-g2nonav/losses/jmerle.camel_case_v21_final__Hurricane__botA.bc24,jmerle.camel_case_v21_final,0,B,camel_case_v21_final,1,2000,MORE_FLAG_CAPTURES,4500,4500,201,27,22,210,33,1,32,199,116,41,265,257,377,579,42.9,33,19,14,0,23.1,49,2,39,8,1,1.13,0,4.51,2.0,348,0,7,0,0.000,294,40,1,,23.7,0,0,,0,0,0,1,0,799
gauntlet/20261003-025235-scrim-g2nonav/losses/quesswho.cretplayer2_3__Battlefield__botB.bc24,quesswho.cretplayer2_3,0,A,cretplayer2_3,1,384,CAPTURE,3700,3700,202,13,15,202,18,3,12,742,70,1,58,52,56,137,40.7,15,3,12,0,7.5,30,0,2,0,0,2.32,1,13.41,20.6,4,0,,,,15,19,1,1,25.0,2,0,4,1,0,0,183,0,122
gauntlet/20261003-025235-scrim-g2nonav/losses/quesswho.cretplayer2_3__Battlefield__botB.bc24,quesswho.cretplayer2_3,1,B,g2nonav,0,384,CAPTURE,3700,3700,202,14,23,210,2,1,1,22,10,12,74,49,137,56,46.8,2,2,0,0,8.0,39,12,3,0,0,4.43,3,10.82,31.9,36,0,2,2,1.000,3,0,1,,18.7,0,0,1,0,329,1,10,2,0
gauntlet/20261003-025235-scrim-g2nonav/losses/kyleezz.jeeryfix3__Hurricane__botB.bc24,kyleezz.jeeryfix3,0,A,jeeryfix3,1,2000,MORE_FLAG_CAPTURES,4500,4500,201,21,21,206,22,1,21,141,81,33,181,149,159,606,42.6,22,13,9,0,21.3,48,2,31,5,1,1.17,0,3.91,30.2,510,0,7,0,0.000,148,59,0,1,24.9,0,0,16,1,1,1,6,0,0
gauntlet/20261003-025235-scrim-g2nonav/losses/kyleezz.jeeryfix3__Hurricane__botB.bc24,kyleezz.jeeryfix3,1,B,g2nonav,0,2000,MORE_FLAG_CAPTURES,4500,4500,201,17,45,206,33,0,33,752,349,21,354,233,606,159,48.0,33,31,2,0,14.1,47,9,13,1,0,2.40,1,4.16,16.8,44,0,1,0,0.000,87,2,1,,21.3,0,0,1,0,292,8,10,33,8
gauntlet/20261003-025235-scrim-g2nonav/losses/quesswho.cretplayer2_3__Capacitance__botA.bc24,quesswho.cretplayer2_3,1,A,g2nonav,0,512,CAPTURE,3600,4800,201,14,32,201,5,1,2,175,64,3,103,69,89,38,48.2,5,5,0,0,9.5,45,2,4,0,0,0.71,3,12.01,17.8,312,2,3,3,1.000,8,3,1,,21.3,0,0,1,0,152,5,6,5,0
gauntlet/20261003-025235-scrim-g2nonav/losses/quesswho.cretplayer2_3__Capacitance__botA.bc24,quesswho.cretplayer2_3,0,B,cretplayer2_3,1,512,CAPTURE,3600,5200,201,22,33,206,9,3,3,975,165,2,86,83,38,89,44.9,6,4,2,0,15.7,31,0,5,0,0,0.38,1,21.33,22.7,147,1,1,1,1.000,30,22,0,1,21.9,0,0,1,1,0,0,262,0,97
gauntlet/20261003-025235-scrim-g2nonav/losses/quesswho.cretplayer2_3__Canals__botA.bc24,quesswho.cretplayer2_3,1,A,g2nonav,0,927,CAPTURE,4600,4600,212,0,4,359,5,1,2,299,142,22,171,108,344,234,43.8,5,5,0,0,15.5,47,22,3,0,0,3.13,3,12.57,21.1,256,0,6,2,0.333,34,20,1,,20.5,0,0,1,0,278,11,13,5,0
gauntlet/20261003-025235-scrim-g2nonav/losses/quesswho.cretplayer2_3__Canals__botA.bc24,quesswho.cretplayer2_3,0,B,cretplayer2_3,1,927,CAPTURE,4600,5800,206,20,21,230,28,3,22,1114,316,2,153,151,234,344,40.5,25,3,22,0,14.1,40,0,5,0,0,0.70,1,22.36,19.7,226,0,3,1,0.333,80,85,1,1,25.1,5,0,1,0,0,0,332,0,364
gauntlet/20261003-025235-scrim-g2nonav/losses/quesswho.cretplayer2_3__KingQuacksCastle__botB.bc24,quesswho.cretplayer2_3,0,A,cretplayer2_3,1,822,CAPTURE,1600,11500,205,29,25,217,37,3,31,1090,261,10,178,170,258,286,41.0,34,7,27,0,21.1,41,0,11,0,0,1.98,1,15.26,14.4,209,0,6,1,0.167,68,74,0,0,25.0,5,0,35,1,4,0,279,0,37
gauntlet/20261003-025235-scrim-g2nonav/losses/quesswho.cretplayer2_3__KingQuacksCastle__botB.bc24,quesswho.cretplayer2_3,1,B,g2nonav,0,822,CAPTURE,1600,2200,205,6,9,335,11,1,10,343,161,31,127,67,286,258,42.3,11,11,0,0,25.6,48,27,7,0,0,3.31,3,8.39,26.2,181,1,6,3,0.500,39,11,1,,22.8,0,0,11,0,372,15,10,11,0
gauntlet/20261003-025235-scrim-g2nonav/losses/quesswho.cretplayer2_3__OceanFloor__botA.bc24,quesswho.cretplayer2_3,1,A,g2nonav,0,1044,CAPTURE,1400,1400,201,29,35,329,10,2,7,1482,713,3,110,55,89,42,49.0,10,10,0,0,16.1,45,3,3,0,0,0.10,3,10.12,11.6,651,3,4,3,0.750,21,4,1,,20.2,0,0,1,0,233,4,10,10,3
gauntlet/20261003-025235-scrim-g2nonav/losses/quesswho.cretplayer2_3__OceanFloor__botA.bc24,quesswho.cretplayer2_3,0,B,cretplayer2_3,1,1044,CAPTURE,1400,1400,201,24,36,221,9,3,3,1278,311,7,66,65,42,89,47.5,6,3,3,0,27.7,27,0,10,0,0,0.24,2,29.15,26.0,1403,2,9,2,0.222,70,50,0,0,25.0,3,0,8,1,0,0,254,0,129
gauntlet/20261003-025235-scrim-g2nonav/losses/quesswho.cretplayer2_3__Tunnels__botB.bc24,quesswho.cretplayer2_3,0,A,cretplayer2_3,1,568,CAPTURE,2400,3000,205,0,0,255,19,3,13,718,73,11,46,40,103,160,42.4,16,3,13,0,11.2,27,1,10,0,0,7.52,0,16.36,22.3,3,0,,,,22,16,0,0,25.0,4,0,,1,0,0,176,0,255
gauntlet/20261003-025235-scrim-g2nonav/losses/quesswho.cretplayer2_3__Tunnels__botB.bc24,quesswho.cretplayer2_3,1,B,g2nonav,0,568,CAPTURE,2400,3600,204,22,23,242,11,0,11,67,26,13,78,48,160,103,45.9,11,10,1,0,14.8,33,13,3,0,0,6.44,3,6.55,29.3,9,0,2,2,1.000,12,0,1,,22.8,0,0,203,0,205,11,4,10,0
gauntlet/20261003-025235-scrim-g2nonav/losses/winkelmantanner.waffle__BedWars__botA.bc24,winkelmantanner.waffle,1,A,g2nonav,0,706,CAPTURE,2400,2600,249,0,0,448,5,2,2,147,71,14,48,35,167,48,48.4,5,4,1,0,15.0,48,12,5,0,0,4.04,3,5.97,17.1,53,1,1,1,1.000,8,2,1,,20.3,0,0,1,0,232,9,10,5,0
gauntlet/20261003-025235-scrim-g2nonav/losses/winkelmantanner.waffle__BedWars__botA.bc24,winkelmantanner.waffle,0,B,waffle,1,706,CAPTURE,2400,5700,207,3,5,344,17,3,14,136,61,2,47,46,48,167,44.3,17,5,12,0,11.6,44,1,4,0,0,0.57,2,3.19,7.8,108,2,2,1,0.500,44,8,1,,10.2,0,0,,0,6,0,452,0,0
gauntlet/20261003-025235-scrim-g2nonav/losses/winkelmantanner.waffle__StackGame__botB.bc24,winkelmantanner.waffle,0,A,waffle,1,329,CAPTURE,4600,4600,203,23,19,207,14,3,11,153,69,0,81,71,58,68,45.3,14,3,11,0,17.5,29,0,0,0,0,0.00,0,6.22,14.8,,,,,,8,4,0,,10.7,0,0,,0,11,11,129,0,0
gauntlet/20261003-025235-scrim-g2nonav/losses/winkelmantanner.waffle__StackGame__botB.bc24,winkelmantanner.waffle,1,B,g2nonav,0,329,CAPTURE,4600,4600,202,8,8,283,0,0,0,0,0,11,64,43,68,58,45.8,0,0,0,0,,46,11,3,0,0,2.84,3,0.00,40.0,59,1,3,2,0.667,12,4,1,,22.8,0,0,5,0,139,1,11,0,0
gauntlet/20261003-025235-scrim-g2nonav/losses/winkelmantanner.waffle__Skyline__botA.bc24,winkelmantanner.waffle,1,A,g2nonav,0,452,CAPTURE,21600,21600,204,22,10,242,6,0,6,53,18,11,220,150,85,97,44.7,6,5,1,0,14.3,43,10,4,0,0,2.77,3,2.94,43.8,79,1,3,2,0.667,17,5,1,,18.7,0,0,1,0,286,0,13,6,1
gauntlet/20261003-025235-scrim-g2nonav/losses/winkelmantanner.waffle__Skyline__botA.bc24,winkelmantanner.waffle,0,B,waffle,1,452,CAPTURE,21600,21600,201,31,20,234,14,3,11,206,99,6,269,235,97,85,45.3,14,4,10,0,18.4,35,1,5,0,0,2.42,0,5.02,19.2,7,0,1,0,0.000,20,6,0,,9.7,0,0,,0,9,0,252,0,0
gauntlet/20261003-025235-scrim-g2nonav/losses/winkelmantanner.waffle__Gauntlet__botB.bc24,winkelmantanner.waffle,0,A,waffle,1,664,CAPTURE,2100,3500,205,33,35,241,25,3,22,349,162,6,129,120,194,150,44.5,25,5,20,0,27.4,22,2,5,0,0,1.00,1,7.43,9.8,57,1,1,1,1.000,35,16,0,,10.5,0,0,,0,29,0,464,0,0
gauntlet/20261003-025235-scrim-g2nonav/losses/winkelmantanner.waffle__Gauntlet__botB.bc24,winkelmantanner.waffle,1,B,g2nonav,0,664,CAPTURE,2100,2100,205,9,7,233,7,1,6,109,49,22,69,50,150,194,43.0,7,5,2,0,25.5,38,20,5,0,0,4.51,3,3.35,31.4,139,0,5,2,0.400,48,24,1,,22.8,0,0,230,0,516,3,11,7,0
gauntlet/20261003-025235-scrim-g2nonav/replays/ColtG5.Goob_final__BigDucksBigPond__botB.bc24,ColtG5.Goob_final,0,A,Goob_final,0,1749,CAPTURE,5000,8200,201,40,24,242,2,1,1,58,29,5,239,234,390,1372,31.0,2,1,1,0,39.0,46,2,6,0,0,0.42,3,4.67,16.0,506,2,4,3,0.750,264,224,1,1,17.9,0,0,,0,0,0,906,0,0
gauntlet/20261003-025235-scrim-g2nonav/replays/ColtG5.Goob_final__BigDucksBigPond__botB.bc24,ColtG5.Goob_final,1,B,g2nonav,1,1749,CAPTURE,5100,5700,201,0,6,359,8,3,5,584,286,1,531,429,1372,390,44.6,8,6,2,0,42.2,46,1,1,0,3,0.50,1,7.60,21.5,49,0,1,1,1.000,62,2,1,,20.7,0,0,1,0,205,21,10,8,0
gauntlet/20261003-025235-scrim-g2nonav/replays/ColtG5.Goob_final__DefaultLarge__botA.bc24,ColtG5.Goob_final,1,A,g2nonav,1,1958,CAPTURE,1800,3300,232,12,11,265,12,3,9,406,233,7,600,507,1558,393,45.1,12,7,5,0,46.0,43,4,3,5,3,6.81,0,8.59,19.6,0,0,,,,48,2,1,,20.3,0,0,1,0,205,14,10,11,0
gauntlet/20261003-025235-scrim-g2nonav/replays/ColtG5.Goob_final__DefaultLarge__botA.bc24,ColtG5.Goob_final,0,B,Goob_final,0,1958,CAPTURE,1800,5800,202,34,4,238,7,0,7,16,4,9,252,251,393,1558,30.7,7,3,4,0,44.6,43,5,7,0,0,0.83,3,4.25,18.3,293,3,3,3,1.000,305,247,1,1,17.8,0,0,,0,0,0,1239,0,0
gauntlet/20261003-025235-scrim-g2nonav/replays/ColtG5.Goob_final__MazeRunner__botA.bc24,ColtG5.Goob_final,1,A,g2nonav,1,2000,MORE_FLAG_CAPTURES,2600,4400,207,0,7,363,5,2,3,189,118,11,326,261,1127,484,44.1,5,2,3,0,27.0,29,7,6,2,1,1.55,1,6.09,22.0,69,0,1,1,1.000,115,7,1,,22.8,0,0,204,0,608,34,11,5,0
gauntlet/20261003-025235-scrim-g2nonav/replays/ColtG5.Goob_final__MazeRunner__botA.bc24,ColtG5.Goob_final,0,B,Goob_final,0,2000,MORE_FLAG_CAPTURES,2600,6200,207,21,8,233,13,1,11,136,73,3,240,229,484,1127,36.2,13,6,7,0,25.1,43,3,2,4,0,0.70,2,5.46,12.9,157,2,2,2,1.000,245,59,0,0,15.3,0,0,,0,0,0,1800,0,0
gauntlet/20261003-025235-scrim-g2nonav/replays/ColtG5.Goob_final__Tunnels__botA.bc24,ColtG5.Goob_final,1,A,g2nonav,1,2000,LEVEL_SUM,2400,3000,232,1,0,232,0,0,0,0,0,7,215,137,775,361,45.6,0,0,0,0,,33,3,4,0,0,8.91,0,0.00,39.1,0,0,,,,8,0,1,,23.4,0,0,205,0,347,6,14,0,0
gauntlet/20261003-025235-scrim-g2nonav/replays/ColtG5.Goob_final__Tunnels__botA.bc24,ColtG5.Goob_final,0,B,Goob_final,0,2000,LEVEL_SUM,2400,3600,204,16,15,207,7,0,7,33,14,0,209,185,361,775,40.5,7,4,3,0,15.7,32,0,0,0,0,0.00,0,6.30,15.3,,,,,,27,11,0,0,18.2,0,0,,0,0,0,1800,0,0
gauntlet/20261003-025235-scrim-g2nonav/replays/CyrilSharma.finalBot__BedWars__botB.bc24,CyrilSharma.finalBot,0,A,finalBot,0,1503,CAPTURE,2400,7900,206,21,16,229,52,2,50,221,110,4,186,184,179,305,45.0,52,13,39,0,14.9,46,0,7,14,1,0.92,3,4.63,57.9,93,3,3,3,1.000,43,12,1,,25.0,0,0,323,1,0,0,5,0,0
gauntlet/20261003-025235-scrim-g2nonav/replays/CyrilSharma.finalBot__BedWars__botB.bc24,CyrilSharma.finalBot,1,B,g2nonav,1,1503,CAPTURE,2400,2400,262,0,0,363,7,3,4,131,60,50,114,62,305,179,47.1,7,7,0,0,13.3,48,39,13,0,2,5.24,2,7.58,51.3,64,1,2,2,1.000,28,5,1,,22.8,0,0,5,0,403,25,9,7,0
gauntlet/20261003-025235-scrim-g2nonav/replays/ColtG5.Goob_final__OceanFloor__botA.bc24,ColtG5.Goob_final,1,A,g2nonav,1,1388,CAPTURE,1400,1400,201,9,15,232,3,3,0,285,141,10,343,261,824,284,45.0,3,3,0,0,,47,5,7,0,1,1.04,2,6.33,18.8,143,2,3,2,0.667,86,17,1,,20.4,0,0,1,0,792,31,21,3,0
gauntlet/20261003-025235-scrim-g2nonav/replays/ColtG5.Goob_final__OceanFloor__botA.bc24,ColtG5.Goob_final,0,B,Goob_final,0,1388,CAPTURE,1400,1400,201,25,2,209,12,2,10,217,102,0,177,174,284,824,35.7,12,7,5,0,34.8,47,0,3,0,0,0.22,3,4.37,9.0,252,3,3,3,1.000,304,205,1,1,15.5,0,0,,0,0,0,499,0,0
gauntlet/20261003-025235-scrim-g2nonav/replays/CyrilSharma.finalBot__Fusbol__botA.bc24,CyrilSharma.finalBot,1,A,g2nonav,1,2000,LEVEL_SUM,7200,16200,202,31,30,223,2,0,2,13,4,0,476,421,647,371,45.4,2,2,0,0,40.5,39,0,0,0,0,0.00,0,13.46,36.1,,,,,,29,0,1,,22.8,0,0,219,0,526,9,59,2,0
gauntlet/20261003-025235-scrim-g2nonav/replays/CyrilSharma.finalBot__Fusbol__botA.bc24,CyrilSharma.finalBot,0,B,finalBot,0,2000,LEVEL_SUM,1800,1800,227,4,21,348,0,0,0,0,0,2,325,313,371,647,40.2,0,0,0,0,,6,0,2,0,0,3.31,0,0.00,47.3,0,0,,,,48,3,1,,25.1,20,0,,0,0,0,38,0,0
gauntlet/20261003-025235-scrim-g2nonav/replays/Gymhgy.v10official__Starfish__botA.bc24,Gymhgy.v10official,1,A,g2nonav,1,878,CAPTURE,4100,4200,201,16,10,201,11,3,8,101,43,10,125,76,293,141,46.2,11,8,3,0,8.8,40,4,8,0,0,5.30,2,6.48,32.8,4,2,,,,20,1,1,,22.8,0,0,9,0,813,40,13,11,0
gauntlet/20261003-025235-scrim-g2nonav/replays/Gymhgy.v10official__Starfish__botA.bc24,Gymhgy.v10official,0,B,v10official,0,878,CAPTURE,4100,4100,201,23,20,201,20,2,10,631,157,8,52,50,141,293,42.0,17,8,4,5,9.7,43,3,8,0,0,3.68,3,5.95,7.6,22,0,1,1,1.000,29,13,0,,25.1,7,0,,0,0,0,2,0,0
gauntlet/20261003-025235-scrim-g2nonav/replays/SampleProvider.TSPAARKSPRINT1__Swoop__botA.bc24,SampleProvider.TSPAARKSPRINT1,1,A,g2nonav,1,935,CAPTURE,4300,4300,201,35,29,221,45,3,42,692,323,15,220,143,318,92,47.6,45,28,17,0,23.8,47,5,10,0,0,2.48,0,9.07,28.2,3,0,,,,23,0,1,,21.5,0,0,1,0,545,13,13,45,2
gauntlet/20261003-025235-scrim-g2nonav/replays/SampleProvider.TSPAARKSPRINT1__Swoop__botA.bc24,SampleProvider.TSPAARKSPRINT1,0,B,TSPAARKSPRINT1,0,935,CAPTURE,4300,4300,201,20,18,213,18,0,15,493,109,42,35,34,92,318,41.6,15,10,5,0,28.9,40,17,28,0,0,4.17,3,2.85,10.2,216,1,12,3,0.250,129,95,0,1,23.3,0,0,,1,1,0,39,0,0
gauntlet/20261003-025235-scrim-g2nonav/replays/SampleProvider.TSPAARKSPRINT1__EndAround__botA.bc24,SampleProvider.TSPAARKSPRINT1,1,A,g2nonav,1,1929,CAPTURE,2200,4600,203,33,46,249,135,3,132,2926,1441,1,381,298,771,214,47.3,135,91,44,0,26.8,47,0,1,20,3,2.00,0,9.04,21.1,0,0,,,,32,0,1,,22.8,0,0,41,0,495,45,47,135,2
gauntlet/20261003-025235-scrim-g2nonav/replays/SampleProvider.TSPAARKSPRINT1__EndAround__botA.bc24,SampleProvider.TSPAARKSPRINT1,0,B,TSPAARKSPRINT1,0,1929,CAPTURE,2500,5800,289,0,3,321,4,0,1,350,58,132,78,78,214,771,40.1,1,1,0,0,30.0,41,44,91,0,0,3.36,3,0.50,9.9,1301,1,42,3,0.071,249,161,0,0,23.6,0,0,,1,1,0,161,0,0
gauntlet/20261003-025235-scrim-g2nonav/replays/SampleProvider.TSPAARKSPRINT1__KingQuacksCastle__botB.bc24,SampleProvider.TSPAARKSPRINT1,0,A,TSPAARKSPRINT1,0,1541,CAPTURE,1600,8400,205,32,24,222,112,1,108,855,341,20,117,113,151,841,36.9,109,43,66,0,20.7,45,3,20,10,1,1.81,3,6.83,14.9,284,1,14,3,0.214,254,179,1,0,23.3,0,0,234,0,1,0,633,0,0
gauntlet/20261003-025235-scrim-g2nonav/replays/SampleProvider.TSPAARKSPRINT1__KingQuacksCastle__botB.bc24,SampleProvider.TSPAARKSPRINT1,1,B,g2nonav,1,1541,CAPTURE,1600,4700,204,25,22,233,23,3,20,749,355,108,322,239,841,151,47.6,23,20,3,0,25.1,47,66,43,0,1,3.70,1,6.02,22.3,47,1,2,0,0.000,36,4,1,,22.8,0,0,13,0,1146,28,29,23,0
gauntlet/20261003-025235-scrim-g2nonav/replays/SampleProvider.TSPAARKSPRINT1__EndAround__botB.bc24,SampleProvider.TSPAARKSPRINT1,0,A,TSPAARKSPRINT1,0,1768,CAPTURE,2500,5500,212,0,5,287,5,0,2,337,50,98,91,82,195,950,36.8,2,2,0,0,19.5,44,26,75,0,0,2.24,3,1.00,11.9,1503,2,37,3,0.081,302,311,0,0,22.5,0,0,,0,1,0,213,0,0
gauntlet/20261003-025235-scrim-g2nonav/replays/SampleProvider.TSPAARKSPRINT1__EndAround__botB.bc24,SampleProvider.TSPAARKSPRINT1,1,B,g2nonav,1,1768,CAPTURE,2500,5500,202,35,43,232,101,3,98,2842,1343,2,444,363,950,195,47.3,101,75,26,0,24.6,47,0,2,5,3,1.30,0,7.52,20.0,19,0,1,0,0.000,32,0,1,,22.8,0,0,46,0,327,28,75,100,1
gauntlet/20261003-025235-scrim-g2nonav/replays/SampleProvider.TSPAARKSPRINT1__WheresMyWater__botB.bc24,SampleProvider.TSPAARKSPRINT1,0,A,TSPAARKSPRINT1,0,1024,CAPTURE,3000,4800,201,0,17,276,14,0,11,494,157,13,44,41,64,482,38.7,11,6,5,0,9.1,44,2,14,0,0,0.96,3,14.12,13.6,307,2,4,2,0.500,124,101,1,1,25.1,1,0,,0,1,0,242,0,0
gauntlet/20261003-025235-scrim-g2nonav/replays/SampleProvider.TSPAARKSPRINT1__WheresMyWater__botB.bc24,SampleProvider.TSPAARKSPRINT1,1,B,g2nonav,1,1024,CAPTURE,3000,4500,201,41,36,202,16,3,13,483,223,11,223,143,482,64,48.5,16,14,2,0,24.1,45,5,6,0,0,6.02,0,5.58,24.5,0,0,,,,19,2,1,,21.4,0,0,1,0,274,39,10,26,0
gauntlet/20261003-025235-scrim-g2nonav/replays/Strequals.duck0127v5__Divergent__botA.bc24,Strequals.duck0127v5,1,A,g2nonav,1,2000,LEVEL_SUM,3700,3700,203,39,39,222,37,0,37,192,72,7,256,197,213,374,45.5,37,27,10,0,23.5,45,2,5,3,0,1.40,0,6.06,26.4,0,0,,,,52,3,1,,22.3,0,0,1,0,419,56,21,37,1
gauntlet/20261003-025235-scrim-g2nonav/replays/Strequals.duck0127v5__Divergent__botA.bc24,Strequals.duck0127v5,0,B,duck0127v5,0,2000,LEVEL_SUM,3000,3000,203,3,4,229,7,0,7,25,12,37,379,350,374,213,47.4,7,5,2,0,38.3,21,10,27,0,0,4.40,0,1.48,27.6,2,0,,,,64,12,0,,23.3,0,0,,0,0,0,199,0,0
gauntlet/20261003-025235-scrim-g2nonav/replays/awu7.ExplosiveBot__Alligator__botA.bc24,awu7.ExplosiveBot,1,A,g2nonav,1,563,CAPTURE,3300,6300,201,33,42,218,9,3,6,236,112,7,164,92,281,26,48.8,9,7,2,0,17.0,33,3,4,0,0,2.94,0,10.26,25.6,0,0,,,,4,0,1,,22.8,0,0,5,0,77,1,10,9,0
gauntlet/20261003-025235-scrim-g2nonav/replays/awu7.ExplosiveBot__Alligator__botA.bc24,awu7.ExplosiveBot,0,B,ExplosiveBot,0,563,CAPTURE,3300,5700,201,1,0,377,8,0,7,17,6,6,27,23,26,281,38.2,8,4,3,1,15.3,26,2,7,0,0,2.49,3,0.53,14.6,79,0,3,3,1.000,49,50,0,1,21.4,0,0,7,1,0,0,211,0,0
gauntlet/20261003-025235-scrim-g2nonav/replays/awu7.ExplosiveBot__Canals__botA.bc24,awu7.ExplosiveBot,1,A,g2nonav,1,957,CAPTURE,4600,4600,213,3,35,279,12,3,9,391,171,9,311,235,725,116,47.0,12,9,3,0,26.2,47,7,3,0,0,20.93,1,9.87,20.2,0,1,,,,25,1,1,,20.3,0,0,1,0,274,10,14,12,0
gauntlet/20261003-025235-scrim-g2nonav/replays/awu7.ExplosiveBot__Canals__botA.bc24,awu7.ExplosiveBot,0,B,ExplosiveBot,0,957,CAPTURE,4600,4900,202,16,7,211,16,1,9,15,2,9,94,87,116,725,31.7,16,3,7,6,22.2,39,3,9,0,0,2.19,3,7.73,17.1,220,1,6,3,0.500,220,195,1,1,21.3,0,0,1,1,0,0,489,0,0
gauntlet/20261003-025235-scrim-g2nonav/replays/Strequals.duck0127v5__Foxes__botB.bc24,Strequals.duck0127v5,0,A,duck0127v5,0,1861,CAPTURE,7500,7500,207,20,43,302,9,2,7,142,68,20,587,579,545,297,46.1,9,6,3,0,34.4,28,7,16,2,1,0.93,3,8.30,31.6,292,3,4,3,0.750,54,12,0,,23.6,0,0,,0,0,0,121,0,0
gauntlet/20261003-025235-scrim-g2nonav/replays/Strequals.duck0127v5__Foxes__botB.bc24,Strequals.duck0127v5,1,B,g2nonav,1,1861,CAPTURE,7500,7500,202,23,12,224,23,3,20,396,202,7,307,233,297,545,42.9,23,16,7,0,27.6,36,3,6,2,2,0.95,2,5.82,33.7,104,1,2,2,1.000,49,1,1,,23.7,0,0,1,0,1160,77,37,23,0
gauntlet/20261003-025235-scrim-g2nonav/replays/awu7.ExplosiveBot__Capacitance__botB.bc24,awu7.ExplosiveBot,0,A,ExplosiveBot,0,997,CAPTURE,3600,4700,201,5,7,207,18,0,17,45,16,11,83,70,109,634,34.7,18,8,9,1,11.4,37,4,10,0,0,1.28,3,1.67,12.9,216,2,4,2,0.500,222,174,1,1,21.9,0,0,4,1,2,0,447,0,0
gauntlet/20261003-025235-scrim-g2nonav/replays/awu7.ExplosiveBot__Capacitance__botB.bc24,awu7.ExplosiveBot,1,B,g2nonav,1,997,CAPTURE,3600,5300,201,25,21,205,14,3,11,352,166,17,267,194,634,109,47.3,14,10,4,0,14.9,46,9,8,0,0,6.31,0,10.78,16.0,0,0,,,,32,2,1,,20.7,0,0,1,0,283,13,13,14,0
gauntlet/20261003-025235-scrim-g2nonav/replays/andrewgopher.player22__Divergent__botB.bc24,andrewgopher.player22,0,A,player22,0,2000,LEVEL_SUM,3700,3700,204,16,16,268,9,0,6,56,21,4,216,204,437,739,41.0,6,4,2,0,17.5,35,0,4,0,0,1.43,0,3.45,7.7,6,0,,,,251,42,0,0,25.1,161,0,,0,0,0,1,0,0
gauntlet/20261003-025235-scrim-g2nonav/replays/andrewgopher.player22__Divergent__botB.bc24,andrewgopher.player22,1,B,g2nonav,1,2000,LEVEL_SUM,3600,3600,203,0,1,422,4,0,4,35,15,6,287,213,739,437,44.7,4,4,0,0,25.8,47,2,4,0,0,2.62,0,1.77,13.9,0,0,,,,108,2,1,,22.1,0,0,1,0,490,31,20,4,0
gauntlet/20261003-025235-scrim-g2nonav/replays/andrewgopher.player22__Fountain__botA.bc24,andrewgopher.player22,1,A,g2nonav,1,2000,MORE_FLAG_CAPTURES,1700,2700,207,8,8,291,14,2,12,105,56,1,243,199,1076,702,41.5,14,9,5,0,18.8,46,0,2,4,1,0.56,1,4.82,29.0,19,1,,,,108,9,1,,22.8,0,0,235,0,1075,82,21,14,0
gauntlet/20261003-025235-scrim-g2nonav/replays/andrewgopher.player22__Fountain__botA.bc24,andrewgopher.player22,0,B,player22,0,2000,MORE_FLAG_CAPTURES,1700,2700,207,8,17,311,5,1,1,30,19,12,184,176,702,1076,36.8,2,2,0,0,21.0,47,5,9,0,1,1.28,2,2.63,15.5,42,1,1,1,1.000,162,91,0,0,25.1,31,0,,0,0,0,2,0,0
gauntlet/20261003-025235-scrim-g2nonav/replays/awu7.ExplosiveBot__GaltonBoard__botA.bc24,awu7.ExplosiveBot,1,A,g2nonav,1,893,CAPTURE,0,100,201,5,34,223,6,3,3,208,86,8,271,144,712,64,48.2,6,5,1,0,18.0,38,6,2,0,0,17.19,0,17.01,30.7,0,0,,,,2,0,1,,20.8,0,0,1,0,54,0,3,6,0
gauntlet/20261003-025235-scrim-g2nonav/replays/awu7.ExplosiveBot__GaltonBoard__botA.bc24,awu7.ExplosiveBot,0,B,ExplosiveBot,0,893,CAPTURE,0,0,203,0,0,214,10,0,8,16,2,3,63,63,64,712,31.1,10,2,6,2,13.0,24,1,5,0,0,1.89,3,5.88,17.5,117,0,3,3,1.000,232,245,1,0,22.5,0,0,6,1,1,0,596,0,0
gauntlet/20261003-025235-scrim-g2nonav/replays/awu7.ExplosiveBot__Joker__botB.bc24,awu7.ExplosiveBot,0,A,ExplosiveBot,0,877,CAPTURE,14500,15300,203,6,5,230,4,0,4,8,1,16,140,92,113,491,36.6,4,3,1,0,20.8,28,9,10,0,0,2.41,3,0.38,16.1,364,3,8,3,0.375,160,119,1,1,22.1,0,0,14,1,0,0,548,0,0
gauntlet/20261003-025235-scrim-g2nonav/replays/awu7.ExplosiveBot__Joker__botB.bc24,awu7.ExplosiveBot,1,B,g2nonav,1,877,CAPTURE,14500,24200,202,33,31,230,19,3,16,610,297,4,456,286,491,113,46.8,19,10,9,0,21.6,37,1,3,0,0,2.25,0,8.35,19.8,0,0,,,,21,1,1,,22.1,0,0,1,0,97,0,10,18,0
gauntlet/20261003-025235-scrim-g2nonav/replays/awu7.ExplosiveBot__Klein__botB.bc24,awu7.ExplosiveBot,0,A,ExplosiveBot,0,1507,CAPTURE,6600,6600,204,0,0,211,9,0,5,24,6,19,64,59,130,1289,29.4,9,3,2,4,8.0,35,4,18,0,0,1.89,3,1.63,21.5,461,1,10,2,0.200,597,579,0,1,21.8,0,0,12,1,3,0,427,0,0
gauntlet/20261003-025235-scrim-g2nonav/replays/awu7.ExplosiveBot__Klein__botB.bc24,awu7.ExplosiveBot,1,B,g2nonav,1,1507,CAPTURE,6300,6300,202,31,40,210,22,3,19,862,416,5,531,397,1289,130,47.9,22,18,4,0,21.9,47,2,3,1,1,1.71,0,8.05,18.5,1,0,,,,34,3,1,,20.6,0,0,1,0,325,7,14,21,0
gauntlet/20261003-025235-scrim-g2nonav/replays/chenyx512.flagbot_final__Intercontinental__botA.bc24,chenyx512.flagbot_final,1,A,g2nonav,1,1137,CAPTURE,2400,3900,201,14,17,223,19,3,16,443,203,14,98,89,148,363,42.4,19,14,5,0,17.6,44,11,5,0,0,2.72,1,5.58,27.2,55,0,1,1,1.000,75,17,1,,21.0,0,0,1,0,598,39,50,19,1
gauntlet/20261003-025235-scrim-g2nonav/replays/chenyx512.flagbot_final__Intercontinental__botA.bc24,chenyx512.flagbot_final,0,B,flagbot_final,0,1137,CAPTURE,2400,3900,201,5,5,315,19,1,14,701,264,16,156,147,363,148,46.8,16,5,11,0,20.9,41,5,14,0,0,1.65,3,6.82,16.5,196,2,8,2,0.250,41,11,1,1,22.2,0,0,1124,1,1,0,185,0,0
gauntlet/20261003-025235-scrim-g2nonav/replays/clbarrell.duck8__Fountain__botA.bc24,clbarrell.duck8,1,A,g2nonav,1,1311,CAPTURE,1700,2400,209,20,14,214,21,3,18,450,206,18,195,148,693,265,45.1,21,14,7,0,20.2,45,11,8,1,1,5.32,1,8.02,22.2,24,0,1,1,1.000,68,7,1,,22.8,0,0,209,0,531,20,20,21,1
gauntlet/20261003-025235-scrim-g2nonav/replays/clbarrell.duck8__Fountain__botA.bc24,clbarrell.duck8,0,B,duck8,0,1311,CAPTURE,1700,3000,208,27,14,217,19,1,18,102,42,18,134,126,265,693,37.2,19,8,11,0,16.3,39,7,14,0,0,1.90,3,7.03,30.8,256,2,7,2,0.286,148,112,0,,14.8,0,0,,1,0,0,69,0,0
gauntlet/20261003-025235-scrim-g2nonav/replays/clbarrell.duck8__Hockey__botB.bc24,clbarrell.duck8,0,A,duck8,0,1212,CAPTURE,3300,3600,203,18,0,357,3,0,3,6,1,4,149,142,154,760,34.9,3,2,1,0,32.3,32,2,5,0,0,1.00,3,1.00,35.1,316,3,5,3,0.600,141,189,1,,13.5,0,0,2,0,0,0,208,0,0
gauntlet/20261003-025235-scrim-g2nonav/replays/clbarrell.duck8__Hockey__botB.bc24,clbarrell.duck8,1,B,g2nonav,1,1212,CAPTURE,3300,3300,224,12,20,282,7,3,4,416,195,3,331,238,760,154,46.9,7,5,2,0,22.3,33,1,2,0,1,3.67,0,9.39,25.8,0,0,,,,21,0,1,,21.6,0,0,1,0,26,0,3,7,1
gauntlet/20261003-025235-scrim-g2nonav/replays/clbarrell.duck8__Diagonal__botB.bc24,clbarrell.duck8,0,A,duck8,0,1944,CAPTURE,5100,5100,201,42,23,252,18,1,17,148,59,17,262,252,226,1127,36.0,18,1,17,0,14.5,38,6,14,0,0,0.61,3,9.68,37.5,988,2,8,3,0.375,378,409,1,,13.2,0,0,2,0,0,0,35,0,0
gauntlet/20261003-025235-scrim-g2nonav/replays/clbarrell.duck8__Diagonal__botB.bc24,clbarrell.duck8,1,B,g2nonav,1,1944,CAPTURE,5100,5100,201,13,19,268,20,3,17,1243,569,17,522,434,1127,226,47.2,20,14,6,0,25.2,34,17,1,2,2,4.06,1,8.60,17.8,73,0,2,0,0.000,35,0,1,,22.8,0,0,14,0,423,16,19,20,0
gauntlet/20261003-025235-scrim-g2nonav/replays/clbarrell.duck8__Islands__botB.bc24,clbarrell.duck8,0,A,duck8,0,772,CAPTURE,5800,5800,201,12,10,211,14,1,13,58,23,2,119,109,141,272,41.7,14,5,9,0,18.6,46,1,4,0,0,1.30,3,6.57,31.2,149,2,4,3,0.750,64,40,1,,13.6,0,0,2,0,0,0,18,0,0
gauntlet/20261003-025235-scrim-g2nonav/replays/clbarrell.duck8__Islands__botB.bc24,clbarrell.duck8,1,B,g2nonav,1,772,CAPTURE,5800,5800,201,4,4,222,5,3,2,261,127,13,165,110,272,141,45.6,5,4,1,0,20.0,47,9,5,0,0,5.47,1,9.49,21.9,11,0,1,1,1.000,32,2,1,,20.8,0,0,1,0,333,12,10,5,0
gauntlet/20261003-025235-scrim-g2nonav/replays/dmtrung14.defaultplayer_intlqualifier__DefaultHuge__botA.bc24,dmtrung14.defaultplayer_intlqualifier,1,A,g2nonav,1,619,CAPTURE,3700,3700,201,35,41,232,8,3,5,275,134,14,92,55,258,30,48.8,8,4,4,0,18.8,47,6,10,0,0,2.20,2,3.67,20.4,63,1,1,0,0.000,14,0,1,,19.2,0,0,1,0,302,13,11,7,0
gauntlet/20261003-025235-scrim-g2nonav/replays/dmtrung14.defaultplayer_intlqualifier__DefaultHuge__botA.bc24,dmtrung14.defaultplayer_intlqualifier,0,B,defaultplayer_intlqualifier,0,619,CAPTURE,3700,3700,201,4,6,204,42,2,14,455,155,5,77,75,30,258,39.9,39,10,6,23,13.2,46,4,4,0,0,0.51,3,4.33,15.2,202,3,4,2,0.500,121,74,0,0,25.1,132,0,202,1,0,0,368,0,0
gauntlet/20261003-025235-scrim-g2nonav/replays/clbarrell.duck8__Mountain__botB.bc24,clbarrell.duck8,0,A,duck8,0,1062,CAPTURE,4100,5900,205,18,5,206,3,1,2,15,7,1,148,130,165,502,38.7,3,1,2,0,9.0,44,0,4,0,0,0.66,3,7.47,32.7,240,2,3,2,0.667,68,52,0,,13.1,0,0,,1,0,0,41,0,0
gauntlet/20261003-025235-scrim-g2nonav/replays/clbarrell.duck8__Mountain__botB.bc24,clbarrell.duck8,1,B,g2nonav,1,1062,CAPTURE,4100,5000,201,3,3,274,4,3,1,312,149,2,190,102,502,165,46.2,4,4,0,0,8.0,47,2,1,0,0,11.07,1,8.26,32.0,0,0,,,,29,0,1,,20.0,0,0,1,0,236,17,10,4,0
gauntlet/20261003-025235-scrim-g2nonav/replays/dmtrung14.defaultplayer_intlqualifier__Klein__botA.bc24,dmtrung14.defaultplayer_intlqualifier,1,A,g2nonav,1,1115,CAPTURE,6600,6600,202,4,6,201,11,3,8,758,368,1,89,30,396,44,49.0,11,5,6,0,17.4,48,0,1,0,0,11.00,0,5.25,27.5,0,0,,,,15,0,1,,19.2,0,0,1,0,189,19,14,11,0
gauntlet/20261003-025235-scrim-g2nonav/replays/dmtrung14.defaultplayer_intlqualifier__Klein__botA.bc24,dmtrung14.defaultplayer_intlqualifier,0,B,defaultplayer_intlqualifier,0,1115,CAPTURE,6000,7400,202,9,13,237,4,0,1,296,71,8,109,77,44,396,41.0,1,1,0,0,11.0,45,6,5,0,0,0.94,3,2.00,31.0,568,2,5,3,0.600,40,28,0,,25.1,181,0,,0,0,0,526,0,0
gauntlet/20261003-025235-scrim-g2nonav/replays/dmtrung14.defaultplayer_intlqualifier__GaltonBoard__botB.bc24,dmtrung14.defaultplayer_intlqualifier,0,A,defaultplayer_intlqualifier,0,1822,CAPTURE,0,200,201,20,21,209,8,1,0,307,7,35,59,59,171,1781,26.1,5,1,0,4,,35,13,25,0,0,2.14,3,10.62,23.4,440,1,8,3,0.375,390,436,0,0,25.1,949,0,1390,0,1,0,1186,0,0
gauntlet/20261003-025235-scrim-g2nonav/replays/dmtrung14.defaultplayer_intlqualifier__GaltonBoard__botB.bc24,dmtrung14.defaultplayer_intlqualifier,1,B,g2nonav,1,1822,CAPTURE,0,1200,208,13,12,244,38,3,35,1010,444,0,359,260,1781,171,47.7,38,25,13,0,15.2,37,0,1,5,3,1.31,1,9.42,50.8,9,1,,,,19,5,1,,22.1,0,0,1,0,1089,15,66,38,4
gauntlet/20261003-025235-scrim-g2nonav/replays/clbarrell.duck8__Whirlpool__botA.bc24,clbarrell.duck8,1,A,g2nonav,1,1773,CAPTURE,2800,3100,201,11,19,361,8,3,5,453,202,9,312,236,1017,369,45.0,8,5,3,0,19.2,44,6,3,3,2,5.32,0,13.28,24.6,0,0,,,,30,6,1,,22.8,0,0,38,0,241,0,14,8,0
gauntlet/20261003-025235-scrim-g2nonav/replays/clbarrell.duck8__Whirlpool__botA.bc24,clbarrell.duck8,0,B,duck8,0,1773,CAPTURE,2800,6900,201,10,2,473,9,0,9,25,7,5,240,219,369,1017,36.1,9,3,6,0,19.1,33,3,5,0,0,0.68,3,5.76,32.6,351,2,5,3,0.600,112,91,1,,13.6,0,0,2,0,0,0,14,0,0
gauntlet/20261003-025235-scrim-g2nonav/replays/dmtrung14.defaultplayer_intlqualifier__StarryNight__botA.bc24,dmtrung14.defaultplayer_intlqualifier,1,A,g2nonav,1,1384,CAPTURE,13600,13700,201,16,33,204,8,3,5,446,216,1,350,260,1080,93,48.3,8,4,4,0,23.4,48,0,2,3,3,4.13,1,5.59,47.1,2,1,,,,4,0,1,,20.6,0,0,1,0,194,9,18,8,0
gauntlet/20261003-025235-scrim-g2nonav/replays/dmtrung14.defaultplayer_intlqualifier__StarryNight__botA.bc24,dmtrung14.defaultplayer_intlqualifier,0,B,defaultplayer_intlqualifier,0,1384,CAPTURE,13600,13700,201,13,22,201,16,1,1,310,24,5,80,75,93,1080,30.9,13,2,0,11,18.0,47,4,4,0,0,0.57,3,12.73,35.0,339,3,4,3,0.750,41,32,1,,25.1,384,0,,0,0,0,1076,0,0
gauntlet/20261003-025235-scrim-g2nonav/replays/jonters.bling3__Alien__botA.bc24,jonters.bling3,1,A,g2nonav,1,1034,CAPTURE,3300,3300,202,11,6,224,36,3,33,408,190,2,247,183,512,170,46.0,36,28,8,0,14.7,40,0,2,0,0,7.90,0,5.18,24.3,3,0,,,,24,0,1,,22.8,0,0,8,0,156,12,10,36,2
gauntlet/20261003-025235-scrim-g2nonav/replays/jonters.bling3__Alien__botA.bc24,jonters.bling3,0,B,bling3,0,1034,CAPTURE,3300,3300,202,32,21,232,2,0,2,10,3,33,67,67,170,512,37.6,2,2,0,0,13.5,36,8,28,0,0,1.98,3,9.60,6.1,206,3,4,3,0.750,54,55,0,0,23.8,0,0,,1,0,0,4,0,0
gauntlet/20261003-025235-scrim-g2nonav/replays/dmtrung14.defaultplayer_intlqualifier__Foxes__botB.bc24,dmtrung14.defaultplayer_intlqualifier,0,A,defaultplayer_intlqualifier,0,2000,LEVEL_SUM,7500,7500,204,9,14,235,3,0,0,294,34,7,90,79,50,231,47.1,0,0,0,0,,33,2,5,0,0,1.16,0,0.00,38.7,154,0,4,0,0.000,21,4,0,0,25.1,950,0,,0,0,0,1800,0,0
gauntlet/20261003-025235-scrim-g2nonav/replays/dmtrung14.defaultplayer_intlqualifier__Foxes__botB.bc24,dmtrung14.defaultplayer_intlqualifier,1,B,g2nonav,1,2000,LEVEL_SUM,7500,7500,210,17,30,401,7,0,7,287,139,0,255,37,231,50,49.4,7,5,2,0,29.3,40,0,0,0,0,0.00,0,1.70,40.6,,,,,,17,0,1,,22.8,0,0,27,0,72,6,10,7,3
gauntlet/20261003-025235-scrim-g2nonav/replays/jmerle.camel_case_v21_final__OceanFloor__botB.bc24,jmerle.camel_case_v21_final,0,A,camel_case_v21_final,0,2000,LEVEL_SUM,1400,1400,201,34,16,210,10,2,8,258,124,19,312,309,723,1105,36.5,10,3,7,0,32.8,47,4,17,1,0,1.22,2,4.70,4.2,226,2,5,2,0.400,420,123,1,,23.2,0,0,,0,0,0,4,0,942
gauntlet/20261003-025235-scrim-g2nonav/replays/jmerle.camel_case_v21_final__OceanFloor__botB.bc24,jmerle.camel_case_v21_final,1,B,g2nonav,1,2000,LEVEL_SUM,1400,1400,201,10,18,209,21,2,19,367,175,8,416,375,1105,723,41.2,21,17,4,0,30.4,45,7,3,0,1,0.78,2,5.19,24.3,196,1,2,1,0.500,183,9,1,,21.3,0,0,1,0,913,55,17,21,2
gauntlet/20261003-025235-scrim-g2nonav/replays/jonters.bling3__DefaultHuge__botB.bc24,jonters.bling3,0,A,bling3,0,772,CAPTURE,3700,3700,201,25,18,217,14,1,11,270,120,9,72,49,96,234,42.3,14,8,6,0,16.8,34,3,9,0,0,1.17,3,10.15,5.9,82,2,3,2,0.667,56,21,1,1,22.3,0,0,,0,0,0,1,0,0
gauntlet/20261003-025235-scrim-g2nonav/replays/jonters.bling3__DefaultHuge__botB.bc24,jonters.bling3,1,B,g2nonav,1,772,CAPTURE,3700,3700,201,17,24,225,12,3,9,160,77,11,182,146,234,96,46.9,12,9,3,0,16.2,47,6,8,0,0,1.87,1,4.43,14.0,148,1,3,1,0.333,31,2,1,,21.2,0,0,1,0,408,9,10,12,0
gauntlet/20261003-025235-scrim-g2nonav/replays/jonters.bling3__Hockey__botB.bc24,jonters.bling3,0,A,bling3,0,835,CAPTURE,3300,3600,244,1,7,390,3,1,2,64,30,9,57,55,109,302,41.0,3,1,2,0,15.5,32,5,7,0,0,0.65,3,12.39,4.6,187,2,4,3,0.750,71,55,1,1,23.8,0,0,1,0,0,0,4,0,0
gauntlet/20261003-025235-scrim-g2nonav/replays/jonters.bling3__Hockey__botB.bc24,jonters.bling3,1,B,g2nonav,1,835,CAPTURE,3300,3300,203,0,2,302,12,3,9,269,128,2,172,95,302,109,46.9,12,7,5,0,27.8,36,2,1,0,0,2.03,1,6.61,21.2,36,1,1,0,0.000,14,0,1,,20.6,0,0,1,0,131,2,10,12,0
gauntlet/20261003-025235-scrim-g2nonav/replays/justinottesen.sprint1__Battlecode24__botB.bc24,justinottesen.sprint1,0,A,sprint1,0,873,CAPTURE,10800,16800,206,5,7,310,0,0,0,0,0,14,89,87,76,436,38.0,0,0,0,0,,17,6,11,0,0,0.81,3,0.00,8.9,326,1,3,3,1.000,265,187,0,,7.1,0,0,,0,0,0,4,0,0
gauntlet/20261003-025235-scrim-g2nonav/replays/justinottesen.sprint1__Battlecode24__botB.bc24,justinottesen.sprint1,1,B,g2nonav,1,873,CAPTURE,12400,23500,202,37,32,213,17,3,14,467,228,0,431,347,436,76,47.8,17,11,6,0,32.3,26,0,0,0,0,0.00,0,7.88,17.2,,,,,,20,2,1,,19.1,0,0,1,0,223,26,17,16,0
gauntlet/20261003-025235-scrim-g2nonav/replays/jonters.bling3__Snake__botA.bc24,jonters.bling3,1,A,g2nonav,1,961,CAPTURE,13100,31700,203,36,19,218,19,3,16,612,298,5,455,299,367,179,45.4,19,12,7,0,22.4,47,4,2,0,0,3.75,1,5.29,18.4,29,0,1,1,1.000,30,2,1,,23.5,0,0,210,0,237,6,9,19,1
gauntlet/20261003-025235-scrim-g2nonav/replays/jonters.bling3__Snake__botA.bc24,jonters.bling3,0,B,bling3,0,961,CAPTURE,13100,25600,207,36,27,255,6,1,5,99,43,16,153,130,179,367,40.5,6,2,4,0,31.6,34,7,12,0,0,0.79,3,8.85,9.5,406,2,9,1,0.111,91,62,0,0,23.3,0,0,,0,0,0,4,0,0
gauntlet/20261003-025235-scrim-g2nonav/replays/justinottesen.sprint1__GaltonBoard__botB.bc24,justinottesen.sprint1,0,A,sprint1,0,814,CAPTURE,0,25600,201,3,13,273,0,0,0,0,0,9,170,168,155,617,32.1,0,0,0,0,,35,9,3,0,0,1.65,3,0.00,5.0,128,2,3,3,1.000,126,133,0,,5.6,0,0,,0,0,0,9,0,0
gauntlet/20261003-025235-scrim-g2nonav/replays/justinottesen.sprint1__GaltonBoard__botB.bc24,justinottesen.sprint1,1,B,g2nonav,1,814,CAPTURE,0,3600,202,6,6,205,12,3,9,205,98,0,204,136,617,155,45.3,12,3,9,0,13.3,37,0,0,0,0,0.00,0,13.66,26.3,,,,,,10,0,1,,21.1,0,0,1,0,66,7,11,11,0
gauntlet/20261003-025235-scrim-g2nonav/replays/jonters.bling3__Randy__botB.bc24,jonters.bling3,0,A,bling3,0,1185,CAPTURE,3400,13400,201,8,22,206,10,2,8,172,80,16,111,106,210,570,37.9,10,7,3,0,11.8,31,3,16,0,0,1.82,3,10.53,5.1,165,0,4,2,0.500,128,96,0,0,21.9,0,0,,0,0,0,4,0,0
gauntlet/20261003-025235-scrim-g2nonav/replays/jonters.bling3__Randy__botB.bc24,jonters.bling3,1,B,g2nonav,1,1185,CAPTURE,3400,3600,201,11,14,206,19,3,16,282,134,8,294,225,570,210,45.7,19,16,3,0,12.6,42,3,7,0,0,2.48,2,9.30,20.3,87,1,3,2,0.667,35,10,1,,20.6,0,0,1,0,874,16,19,19,0
gauntlet/20261003-025235-scrim-g2nonav/replays/jonters.bling3__Whirlpool__botB.bc24,jonters.bling3,0,A,bling3,0,1122,CAPTURE,2800,7200,201,14,21,308,2,0,2,4,1,17,68,67,164,565,37.2,2,2,0,0,20.5,40,7,13,0,0,1.45,3,12.00,4.6,321,3,9,3,0.333,93,76,1,1,21.4,0,0,,1,0,0,6,0,0
gauntlet/20261003-025235-scrim-g2nonav/replays/jonters.bling3__Whirlpool__botB.bc24,jonters.bling3,1,B,g2nonav,1,1122,CAPTURE,2800,2800,201,16,11,345,20,3,17,560,260,2,225,150,565,164,46.5,20,13,7,0,18.2,45,0,2,0,0,6.75,0,11.08,20.1,0,0,,,,14,1,1,,22.8,0,0,53,0,232,10,9,20,0
gauntlet/20261003-025235-scrim-g2nonav/replays/justinottesen.sprint1__Rivers__botB.bc24,justinottesen.sprint1,0,A,sprint1,0,501,CAPTURE,1500,2100,202,5,1,233,0,0,0,0,0,8,26,25,24,303,35.8,0,0,0,0,,30,4,7,0,0,1.42,3,0.00,4.4,154,3,3,3,1.000,73,83,1,,5.7,0,0,,0,0,0,4,0,0
gauntlet/20261003-025235-scrim-g2nonav/replays/justinottesen.sprint1__Rivers__botB.bc24,justinottesen.sprint1,1,B,g2nonav,1,501,CAPTURE,1500,2100,207,6,21,248,11,3,8,258,123,0,111,37,303,24,48.8,11,7,4,0,19.0,36,0,0,0,0,0.00,0,6.89,21.5,,,,,,2,0,1,,22.8,0,0,9,0,36,8,15,11,0
gauntlet/20261003-025235-scrim-g2nonav/replays/justinottesen.sprint1__Joker__botA.bc24,justinottesen.sprint1,1,A,g2nonav,1,707,CAPTURE,14500,22700,202,26,32,216,20,3,17,369,174,0,362,297,343,125,45.6,20,12,8,0,18.4,41,0,0,0,0,0.00,0,4.67,18.4,,,,,,16,1,1,,19.4,0,0,1,0,186,17,29,20,0
gauntlet/20261003-025235-scrim-g2nonav/replays/justinottesen.sprint1__Joker__botA.bc24,justinottesen.sprint1,0,B,sprint1,0,707,CAPTURE,14500,19300,204,2,10,255,0,0,0,0,0,17,131,113,125,343,38.5,0,0,0,0,,25,8,12,0,0,1.41,3,0.00,8.8,142,3,4,1,0.250,173,107,0,,6.7,0,0,,0,0,0,5,0,0
gauntlet/20261003-025235-scrim-g2nonav/replays/justinottesen.sprint1__Hurricane__botB.bc24,justinottesen.sprint1,0,A,sprint1,0,1925,CAPTURE,3900,3900,201,16,8,208,5,1,4,173,79,13,75,74,41,1949,25.5,5,3,2,0,20.3,40,2,14,0,0,0.42,3,3.27,12.9,1531,2,6,3,0.500,1179,1134,1,,7.3,0,0,,0,0,0,19,0,0
gauntlet/20261003-025235-scrim-g2nonav/replays/justinottesen.sprint1__Hurricane__botB.bc24,justinottesen.sprint1,1,B,g2nonav,1,1925,CAPTURE,4500,4500,201,16,40,211,16,3,13,1818,907,4,879,788,1949,41,49.5,16,14,2,0,18.1,47,2,3,0,1,0.36,1,8.80,15.2,147,1,2,1,0.500,11,0,1,,20.0,0,0,1,0,1449,403,393,16,0
gauntlet/20261003-025235-scrim-g2nonav/replays/justinottesen.sprint1__StarryNight__botA.bc24,justinottesen.sprint1,1,A,g2nonav,1,783,CAPTURE,13600,13600,201,5,10,236,8,3,5,277,133,6,303,224,581,93,47.0,8,5,3,0,19.4,46,2,4,0,0,2.56,0,9.53,19.2,20,0,1,0,0.000,5,1,1,,21.6,0,0,1,0,236,18,16,8,1
gauntlet/20261003-025235-scrim-g2nonav/replays/justinottesen.sprint1__StarryNight__botA.bc24,justinottesen.sprint1,0,B,sprint1,0,783,CAPTURE,13600,18100,201,6,10,211,6,0,6,57,25,5,101,101,93,581,32.3,6,4,2,0,14.7,41,3,5,0,0,0.48,3,3.05,10.4,211,2,4,3,0.750,151,178,1,,6.9,0,0,,0,0,0,6,0,0
gauntlet/20261003-025235-scrim-g2nonav/replays/kyleezz.jeeryfix3__OceanFloor__botA.bc24,kyleezz.jeeryfix3,1,A,g2nonav,1,713,CAPTURE,1400,1400,201,8,3,414,5,3,2,447,208,9,113,40,220,71,47.6,5,5,0,0,33.5,45,8,3,0,0,3.08,2,10.56,16.9,40,0,2,2,1.000,21,2,1,,20.1,0,0,1,0,110,3,5,5,1
gauntlet/20261003-025235-scrim-g2nonav/replays/kyleezz.jeeryfix3__OceanFloor__botA.bc24,kyleezz.jeeryfix3,0,B,jeeryfix3,0,713,CAPTURE,1300,1300,201,21,19,225,11,2,9,132,58,2,72,69,71,220,42.7,11,3,8,0,30.6,49,0,5,0,0,0.15,3,4.89,13.2,417,3,3,3,1.000,87,57,0,1,24.9,0,0,13,1,0,0,2,0,0
gauntlet/20261003-025235-scrim-g2nonav/replays/kyleezz.jeeryfix3__Digging__botB.bc24,kyleezz.jeeryfix3,0,A,jeeryfix3,0,1680,CAPTURE,700,1800,212,35,24,223,3,1,2,30,14,3,190,189,387,1486,28.5,3,1,2,0,14.0,47,3,3,0,0,0.84,3,14.30,8.2,350,1,3,3,1.000,129,142,1,1,24.9,0,0,5,1,0,0,14,0,0
gauntlet/20261003-025235-scrim-g2nonav/replays/kyleezz.jeeryfix3__Digging__botB.bc24,kyleezz.jeeryfix3,1,B,g2nonav,1,1680,CAPTURE,700,1800,205,0,0,574,6,3,3,416,206,2,346,264,1486,387,44.4,6,3,3,0,13.0,45,2,1,0,3,6.47,1,12.86,28.0,10,0,1,1,1.000,27,1,1,,22.8,0,0,205,0,341,16,16,5,0
gauntlet/20261003-025235-scrim-g2nonav/replays/kyleezz.jeeryfix3__CH3353C4K3F4CT0RY__botB.bc24,kyleezz.jeeryfix3,0,A,jeeryfix3,0,1591,CAPTURE,13000,13400,203,10,16,232,37,2,35,105,50,5,329,326,334,1254,30.7,37,12,25,0,24.4,42,3,5,2,0,1.24,3,5.12,9.6,192,1,3,3,1.000,215,141,0,0,24.9,0,0,7,1,0,0,7,0,0
gauntlet/20261003-025235-scrim-g2nonav/replays/kyleezz.jeeryfix3__CH3353C4K3F4CT0RY__botB.bc24,kyleezz.jeeryfix3,1,B,g2nonav,1,1591,CAPTURE,13000,13000,203,15,13,250,8,3,5,274,126,35,492,420,1254,334,44.9,8,5,3,0,20.0,41,25,12,3,3,3.84,2,11.48,25.9,47,0,2,2,1.000,43,0,1,,22.8,0,0,17,0,592,29,16,8,1
gauntlet/20261003-025235-scrim-g2nonav/replays/winkelmantanner.waffle__Islands__botA.bc24,winkelmantanner.waffle,1,A,g2nonav,1,940,CAPTURE,5800,5800,204,11,22,249,10,3,7,161,74,36,198,138,463,198,44.9,10,6,4,0,18.3,47,31,7,0,0,3.98,2,5.38,25.9,78,1,1,0,0.000,28,2,1,,20.8,0,0,1,0,636,12,14,10,0
gauntlet/20261003-025235-scrim-g2nonav/replays/winkelmantanner.waffle__Islands__botA.bc24,winkelmantanner.waffle,0,B,waffle,0,940,CAPTURE,5800,5800,201,29,16,209,38,2,36,220,93,7,158,149,198,463,38.1,38,7,31,0,16.7,41,4,6,0,0,2.16,3,5.12,9.0,84,1,3,3,1.000,114,76,1,,11.4,0,0,,0,124,5,416,0,0
gauntlet/20261003-025235-scrim-g2nonav/replays/kyleezz.jeeryfix3__YearOfTheDragon__botB.bc24,kyleezz.jeeryfix3,0,A,jeeryfix3,0,2000,MORE_FLAG_CAPTURES,10800,10800,201,22,12,232,2,1,1,33,17,12,336,333,427,1587,30.7,2,1,1,0,21.0,49,7,7,0,0,2.47,2,5.91,22.5,118,1,2,2,1.000,226,169,0,0,24.9,0,0,10,1,3,2,15,0,0
gauntlet/20261003-025235-scrim-g2nonav/replays/kyleezz.jeeryfix3__YearOfTheDragon__botB.bc24,kyleezz.jeeryfix3,1,B,g2nonav,1,2000,MORE_FLAG_CAPTURES,10800,10800,201,20,19,224,14,2,12,219,113,1,744,660,1587,427,44.8,14,7,7,0,25.1,45,1,1,7,2,1.76,1,7.90,28.3,20,0,1,1,1.000,51,4,1,,21.3,0,0,1,0,568,41,15,13,0
gauntlet/20261003-025235-scrim-g2nonav/replays/winkelmantanner.waffle__Whirlpool__botB.bc24,winkelmantanner.waffle,0,A,waffle,0,2000,LEVEL_SUM,2800,6400,201,22,28,209,49,2,47,182,82,5,251,242,437,1002,37.8,49,11,38,0,16.5,36,0,7,3,1,0.87,2,6.27,9.0,254,1,5,2,0.400,133,70,1,,14.5,0,0,,0,54,14,1800,0,0
gauntlet/20261003-025235-scrim-g2nonav/replays/winkelmantanner.waffle__Whirlpool__botB.bc24,winkelmantanner.waffle,1,B,g2nonav,1,2000,LEVEL_SUM,2800,3600,201,21,2,530,7,2,5,388,162,47,305,218,1002,437,44.7,7,7,0,0,10.8,46,38,11,0,1,7.50,2,4.46,28.1,30,0,2,1,0.500,29,0,1,,22.8,0,0,62,0,374,5,10,7,0
