file,opp,us,team,name,won,rounds,wintype,gathered200,gathered400,firstEnemySide,inEnemy250,inEnemy300,firstFlagSight,pickups,captured,carrierDeaths,carrierRounds,carrierMoves,enemyCarrierKills,trapsBuilt,trapsHit,kills,deaths,meanAlive,postPickups,firstGrabs,regrabs,relayPickups,carrierDeathDist,damStage199,enemyRegrabs,enemyFirstGrabs,regrabsLate,capturedLate,chasers20,enemyCaptured,escorts20,stillPost
gauntlet/20261002-125637-scrim-g1drift80/losses/CyrilSharma.finalBot__Bunkers__botA.bc24,CyrilSharma.finalBot,1,A,g1drift80,0,481,CAPTURE,2800,2800,201,3,4,221,2,0,2,12,5,12,63,57,108,97,45.2,2,2,0,0,19.5,43,12,3,0,0,5.38,3,1.50,39.2
gauntlet/20261002-125637-scrim-g1drift80/losses/CyrilSharma.finalBot__Bunkers__botA.bc24,CyrilSharma.finalBot,0,B,finalBot,1,481,CAPTURE,2800,2800,201,36,30,222,15,3,12,147,67,2,142,126,97,108,44.9,15,3,12,0,17.0,39,0,2,0,0,2.33,0,9.15,38.4
gauntlet/20261002-125637-scrim-g1drift80/losses/ColtG5.Goob_final__Ambush__botA.bc24,ColtG5.Goob_final,1,A,g1drift80,0,2000,MORE_FLAG_CAPTURES,2300,2600,201,7,7,201,4,1,3,24,12,17,342,324,1536,427,44.8,4,4,0,0,9.0,49,5,14,0,0,3.07,2,7.46,20.6
gauntlet/20261002-125637-scrim-g1drift80/losses/ColtG5.Goob_final__Ambush__botA.bc24,ColtG5.Goob_final,0,B,Goob_final,1,2000,MORE_FLAG_CAPTURES,2300,6500,201,16,12,201,19,2,17,138,59,3,293,273,427,1536,31.3,19,14,5,0,8.6,47,0,4,0,0,3.08,1,6.16,13.9
gauntlet/20261002-125637-scrim-g1drift80/losses/ColtG5.Goob_final__Gated__botA.bc24,ColtG5.Goob_final,1,A,g1drift80,0,2000,MORE_FLAG_CAPTURES,1500,2100,215,1,4,302,2,1,1,49,22,18,212,199,1104,366,45.6,2,1,1,0,21.0,35,6,14,0,0,1.43,2,4.78,29.8
gauntlet/20261002-125637-scrim-g1drift80/losses/ColtG5.Goob_final__Gated__botA.bc24,ColtG5.Goob_final,0,B,Goob_final,1,2000,MORE_FLAG_CAPTURES,1500,2700,208,36,17,220,20,2,18,253,115,1,185,163,366,1104,36.6,20,14,6,0,19.3,41,1,1,0,0,3.14,1,3.64,11.4
gauntlet/20261002-125637-scrim-g1drift80/losses/ColtG5.Goob_final__SteamboatMickey__botB.bc24,ColtG5.Goob_final,0,A,Goob_final,1,2000,MORE_FLAG_CAPTURES,7300,18400,201,17,20,201,21,2,19,171,70,4,459,443,583,1191,35.4,21,11,10,0,43.1,47,1,4,5,0,0.82,1,5.42,14.5
gauntlet/20261002-125637-scrim-g1drift80/losses/ColtG5.Goob_final__SteamboatMickey__botB.bc24,ColtG5.Goob_final,1,B,g1drift80,0,2000,MORE_FLAG_CAPTURES,7300,8200,201,22,15,201,5,1,4,254,125,19,412,398,1191,583,42.9,5,4,1,0,21.3,45,10,11,1,1,1.89,2,9.22,20.4
gauntlet/20261002-125637-scrim-g1drift80/losses/ColtG5.Goob_final__Swoop__botB.bc24,ColtG5.Goob_final,0,A,Goob_final,1,1754,CAPTURE,4300,4300,201,23,11,212,36,3,33,323,140,9,278,276,442,1166,33.8,36,14,22,0,25.1,44,3,8,3,1,1.32,1,4.87,12.5
gauntlet/20261002-125637-scrim-g1drift80/losses/ColtG5.Goob_final__Swoop__botB.bc24,ColtG5.Goob_final,1,B,g1drift80,0,1754,CAPTURE,4300,4300,201,28,19,219,11,1,9,319,150,33,311,286,1166,442,43.9,11,8,3,0,21.7,47,22,14,1,0,3.57,3,6.85,18.7
gauntlet/20261002-125637-scrim-g1drift80/losses/ColtG5.Goob_final__Joker__botB.bc24,ColtG5.Goob_final,0,A,Goob_final,1,2000,MORE_FLAG_CAPTURES,14500,22900,202,31,16,242,5,2,3,141,66,2,344,305,345,927,38.7,5,4,1,0,15.7,41,2,1,0,0,1.42,1,4.40,13.3
gauntlet/20261002-125637-scrim-g1drift80/losses/ColtG5.Goob_final__Joker__botB.bc24,ColtG5.Goob_final,1,B,g1drift80,0,2000,MORE_FLAG_CAPTURES,14500,19000,204,23,15,233,3,1,2,45,18,3,402,370,927,345,45.8,3,1,2,0,20.5,46,1,4,0,0,0.91,2,5.27,26.7
gauntlet/20261002-125637-scrim-g1drift80/losses/ColtG5.Goob_final__EvilGrin__botA.bc24,ColtG5.Goob_final,1,A,g1drift80,0,2000,MORE_FLAG_CAPTURES,2000,2600,206,7,1,254,0,0,0,0,0,8,216,200,1242,543,43.4,0,0,0,0,,46,3,6,0,0,1.94,1,0.00,25.2
gauntlet/20261002-125637-scrim-g1drift80/losses/ColtG5.Goob_final__EvilGrin__botA.bc24,ColtG5.Goob_final,0,B,Goob_final,1,2000,MORE_FLAG_CAPTURES,2000,7500,206,32,26,228,9,1,8,69,30,0,373,344,543,1242,34.9,9,6,3,0,24.4,47,0,0,0,0,0.00,0,4.54,14.0
gauntlet/20261002-125637-scrim-g1drift80/losses/CyrilSharma.finalBot__OceanFloor__botA.bc24,CyrilSharma.finalBot,1,A,g1drift80,0,491,CAPTURE,1400,1400,201,11,7,237,2,0,2,49,19,12,59,34,92,66,46.8,2,2,0,0,22.5,46,8,7,0,0,2.13,3,0.59,34.2
gauntlet/20261002-125637-scrim-g1drift80/losses/CyrilSharma.finalBot__OceanFloor__botA.bc24,CyrilSharma.finalBot,0,B,finalBot,1,491,CAPTURE,1400,1400,201,29,23,219,15,3,12,349,162,2,99,89,66,92,45.6,15,7,8,0,32.0,43,0,2,0,0,0.86,0,6.33,30.9
gauntlet/20261002-125637-scrim-g1drift80/losses/CyrilSharma.finalBot__EvilGrin__botB.bc24,CyrilSharma.finalBot,0,A,finalBot,1,1448,CAPTURE,2000,6800,204,15,36,242,17,3,14,213,100,6,559,552,554,390,43.5,17,7,10,0,24.5,41,1,5,1,1,1.55,0,6.49,40.7
gauntlet/20261002-125637-scrim-g1drift80/losses/CyrilSharma.finalBot__EvilGrin__botB.bc24,CyrilSharma.finalBot,1,B,g1drift80,0,1448,CAPTURE,2000,2400,205,26,9,239,6,0,6,49,21,14,159,136,390,554,40.7,6,5,1,0,16.3,47,10,7,0,0,2.78,3,0.84,45.6
gauntlet/20261002-125637-scrim-g1drift80/losses/CyrilSharma.finalBot__Decision__botB.bc24,CyrilSharma.finalBot,0,A,finalBot,1,2000,MORE_FLAG_CAPTURES,1000,1500,202,24,36,231,23,2,21,494,243,16,452,447,468,543,43.4,23,10,13,0,45.1,22,3,13,0,0,1.16,0,4.99,28.3
gauntlet/20261002-125637-scrim-g1drift80/losses/CyrilSharma.finalBot__Decision__botB.bc24,CyrilSharma.finalBot,1,B,g1drift80,0,2000,MORE_FLAG_CAPTURES,1900,2300,202,21,31,235,16,0,16,303,136,21,194,152,543,468,44.3,16,13,3,0,41.3,28,13,10,0,0,1.40,2,2.25,35.9
gauntlet/20261002-125637-scrim-g1drift80/losses/Gymhgy.v10official__Backslash__botA.bc24,Gymhgy.v10official,1,A,g1drift80,0,547,CAPTURE,4700,16200,201,34,31,304,6,0,5,254,118,2,136,129,64,78,46.5,6,6,0,0,26.0,48,0,6,0,0,1.76,3,4.82,19.9
gauntlet/20261002-125637-scrim-g1drift80/losses/Gymhgy.v10official__Backslash__botA.bc24,Gymhgy.v10official,0,B,v10official,1,547,CAPTURE,4700,14900,201,23,31,237,42,3,2,709,79,5,145,122,78,64,47.1,39,6,0,33,17.0,47,0,6,0,0,1.04,0,9.54,10.3
gauntlet/20261002-125637-scrim-g1drift80/losses/CyrilSharma.finalBot__Whirlpool__botA.bc24,CyrilSharma.finalBot,1,A,g1drift80,0,2000,MORE_FLAG_CAPTURES,2800,2800,201,15,12,541,4,0,4,60,29,11,206,184,716,586,42.9,4,4,0,0,14.8,41,10,3,0,0,4.48,2,4.70,45.6
gauntlet/20261002-125637-scrim-g1drift80/losses/CyrilSharma.finalBot__Whirlpool__botA.bc24,CyrilSharma.finalBot,0,B,finalBot,1,2000,MORE_FLAG_CAPTURES,2800,7200,201,28,16,224,13,2,11,180,78,4,500,493,586,716,40.5,13,3,10,0,19.7,41,0,4,0,0,2.53,0,8.51,40.8
gauntlet/20261002-125637-scrim-g1drift80/losses/Gymhgy.v10official__Asteroids__botA.bc24,Gymhgy.v10official,1,A,g1drift80,0,2000,MORE_FLAG_CAPTURES,800,1600,210,17,31,265,9,0,9,205,97,2,205,186,509,524,43.6,9,8,1,0,34.2,41,0,4,0,0,1.79,2,4.81,31.8
gauntlet/20261002-125637-scrim-g1drift80/losses/Gymhgy.v10official__Asteroids__botA.bc24,Gymhgy.v10official,0,B,v10official,1,2000,MORE_FLAG_CAPTURES,800,4700,210,35,6,237,31,2,2,694,48,9,388,286,524,509,43.8,28,4,0,24,28.0,40,1,8,0,0,1.87,0,10.67,6.3
gauntlet/20261002-125637-scrim-g1drift80/losses/CyrilSharma.finalBot__Racetrack__botB.bc24,CyrilSharma.finalBot,0,A,finalBot,1,2000,MORE_FLAG_CAPTURES,0,0,204,5,11,336,24,2,22,223,99,9,416,403,544,633,42.3,24,12,12,0,27.4,24,0,10,0,0,0.69,1,6.12,41.0
gauntlet/20261002-125637-scrim-g1drift80/losses/CyrilSharma.finalBot__Racetrack__botB.bc24,CyrilSharma.finalBot,1,B,g1drift80,0,2000,MORE_FLAG_CAPTURES,0,0,205,15,21,220,10,1,9,283,150,22,146,136,633,544,43.4,10,10,0,0,26.0,25,12,12,0,1,3.06,2,3.30,33.0
gauntlet/20261002-125637-scrim-g1drift80/losses/Gymhgy.v10official__CH3353C4K3F4CT0RY__botA.bc24,Gymhgy.v10official,1,A,g1drift80,0,2000,MORE_FLAG_CAPTURES,13000,13200,211,18,26,265,9,0,9,151,61,56,339,329,741,376,45.4,9,7,2,0,20.9,40,17,43,0,0,8.65,2,6.62,20.8
gauntlet/20261002-125637-scrim-g1drift80/losses/Gymhgy.v10official__CH3353C4K3F4CT0RY__botA.bc24,Gymhgy.v10official,0,B,v10official,1,2000,MORE_FLAG_CAPTURES,13000,13200,202,29,30,230,87,2,56,756,92,9,473,423,376,741,41.0,84,43,17,24,25.0,43,2,7,3,0,3.13,0,8.44,6.0
gauntlet/20261002-125637-scrim-g1drift80/losses/Gymhgy.v10official__DefaultLarge__botB.bc24,Gymhgy.v10official,0,A,v10official,1,840,CAPTURE,1800,4600,202,42,44,277,80,3,11,817,88,10,141,129,126,163,45.4,77,10,5,62,33.6,43,5,7,0,0,1.60,0,12.04,5.8
gauntlet/20261002-125637-scrim-g1drift80/losses/Gymhgy.v10official__DefaultLarge__botB.bc24,Gymhgy.v10official,1,B,g1drift80,0,840,CAPTURE,1800,4500,290,0,0,462,12,0,10,262,128,11,125,99,163,126,46.4,12,7,5,0,39.8,44,5,10,0,0,1.71,3,8.23,18.4
gauntlet/20261002-125637-scrim-g1drift80/losses/Gymhgy.v10official__Klein__botB.bc24,Gymhgy.v10official,0,A,v10official,1,785,CAPTURE,7800,8400,202,16,16,204,35,3,3,705,240,10,102,100,105,83,47.4,32,5,1,26,29.3,48,2,10,0,0,0.95,1,12.42,6.0
gauntlet/20261002-125637-scrim-g1drift80/losses/Gymhgy.v10official__Klein__botB.bc24,Gymhgy.v10official,1,B,g1drift80,0,785,CAPTURE,6300,6300,203,15,17,222,12,1,10,287,132,3,93,83,83,105,46.8,12,10,2,0,17.1,49,1,5,0,0,0.72,3,3.16,26.2
gauntlet/20261002-125637-scrim-g1drift80/losses/Gymhgy.v10official__Decision__botB.bc24,Gymhgy.v10official,0,A,v10official,1,2000,MORE_FLAG_CAPTURES,1900,1900,202,30,45,259,53,2,7,830,104,16,331,295,537,353,45.7,50,6,4,40,17.9,29,1,15,0,0,0.90,0,8.33,6.2
gauntlet/20261002-125637-scrim-g1drift80/losses/Gymhgy.v10official__Decision__botB.bc24,Gymhgy.v10official,1,B,g1drift80,0,2000,MORE_FLAG_CAPTURES,1900,1900,202,22,28,278,16,0,16,604,327,7,192,175,353,537,43.5,16,15,1,0,32.9,39,4,6,0,0,1.22,2,2.28,39.2
gauntlet/20261002-125637-scrim-g1drift80/losses/IvanGeffner.kuma__Backslash__botA.bc24,IvanGeffner.kuma,1,A,g1drift80,0,475,CAPTURE,4700,12700,201,16,3,213,2,0,2,27,12,12,105,96,57,105,44.7,2,1,1,0,24.5,48,9,7,0,0,2.38,3,2.85,31.4
gauntlet/20261002-125637-scrim-g1drift80/losses/IvanGeffner.kuma__Backslash__botA.bc24,IvanGeffner.kuma,0,B,kuma,1,475,CAPTURE,2800,18500,201,30,27,235,36,3,12,136,60,2,218,175,105,57,47.2,36,7,9,20,23.4,33,1,1,0,0,1.26,0,4.22,28.5
gauntlet/20261002-125637-scrim-g1drift80/losses/IvanGeffner.kuma__Occulus__botA.bc24,IvanGeffner.kuma,1,A,g1drift80,0,477,CAPTURE,1800,2400,201,0,0,0,0,0,0,0,0,5,63,51,49,130,43.5,0,0,0,0,,42,3,5,0,0,2.00,3,0.00,40.5
gauntlet/20261002-125637-scrim-g1drift80/losses/IvanGeffner.kuma__Occulus__botA.bc24,IvanGeffner.kuma,0,B,kuma,1,477,CAPTURE,1800,9000,201,42,44,224,20,3,5,121,57,0,194,147,130,49,47.5,20,5,3,12,20.2,38,0,0,0,0,0.00,0,4.64,31.4
gauntlet/20261002-125637-scrim-g1drift80/losses/IvanGeffner.kuma__Swoop__botA.bc24,IvanGeffner.kuma,1,A,g1drift80,0,674,CAPTURE,4300,4300,201,8,11,214,3,0,3,53,24,22,85,82,103,222,41.9,3,3,0,0,19.7,47,12,13,0,0,1.92,3,2.45,23.0
gauntlet/20261002-125637-scrim-g1drift80/losses/IvanGeffner.kuma__Swoop__botA.bc24,IvanGeffner.kuma,0,B,kuma,1,674,CAPTURE,4300,4300,201,29,36,219,50,3,22,246,111,3,182,159,222,103,46.3,50,13,12,25,23.6,47,0,3,0,0,1.28,0,3.71,25.0
gauntlet/20261002-125637-scrim-g1drift80/losses/NotLLeon.v3__Backslash__botA.bc24,NotLLeon.v3,1,A,g1drift80,0,375,CAPTURE,4700,17000,201,27,21,221,1,1,0,64,30,8,128,96,35,46,47.1,1,1,0,0,,48,8,3,0,0,3.32,3,4.84,31.0
gauntlet/20261002-125637-scrim-g1drift80/losses/NotLLeon.v3__Backslash__botA.bc24,NotLLeon.v3,0,B,v3,1,375,CAPTURE,400,9200,201,25,18,232,25,3,8,158,65,0,102,95,46,35,47.8,25,3,8,14,28.0,48,0,1,0,0,0.53,1,10.29,18.9
gauntlet/20261002-125637-scrim-g1drift80/losses/IvanGeffner.kuma__EndAround__botA.bc24,IvanGeffner.kuma,1,A,g1drift80,0,2000,MORE_FLAG_CAPTURES,2500,3400,206,0,0,1341,0,0,0,0,0,30,210,193,456,555,43.2,0,0,0,0,,47,18,18,0,0,2.96,2,0.00,22.6
gauntlet/20261002-125637-scrim-g1drift80/losses/IvanGeffner.kuma__EndAround__botA.bc24,IvanGeffner.kuma,0,B,kuma,1,2000,MORE_FLAG_CAPTURES,2500,8200,207,11,44,285,72,2,30,293,147,0,588,571,555,456,44.5,72,18,18,36,18.1,45,0,0,10,2,0.00,0,4.05,19.1
gauntlet/20261002-125637-scrim-g1drift80/losses/IvanGeffner.kuma__Racetrack__botA.bc24,IvanGeffner.kuma,1,A,g1drift80,0,2000,MORE_FLAG_CAPTURES,0,0,202,38,34,1191,0,0,0,0,0,59,179,178,560,696,41.5,0,0,0,0,,24,44,23,0,0,5.46,2,0.00,26.1
gauntlet/20261002-125637-scrim-g1drift80/losses/IvanGeffner.kuma__Racetrack__botA.bc24,IvanGeffner.kuma,0,B,kuma,1,2000,MORE_FLAG_CAPTURES,0,0,354,0,0,511,123,2,59,238,97,0,413,393,696,560,42.7,123,23,44,56,32.5,17,0,0,32,0,0.00,0,4.92,23.0
gauntlet/20261002-125637-scrim-g1drift80/losses/NotLLeon.v3__Backslash__botB.bc24,NotLLeon.v3,0,A,v3,1,535,CAPTURE,3800,13100,202,18,9,228,30,3,14,182,73,5,148,133,93,90,46.1,30,8,9,13,23.6,45,2,3,0,0,3.69,0,10.80,15.4
gauntlet/20261002-125637-scrim-g1drift80/losses/NotLLeon.v3__Backslash__botB.bc24,NotLLeon.v3,1,B,g1drift80,0,535,CAPTURE,4600,15900,201,29,16,237,5,0,5,29,11,14,139,116,90,93,45.8,5,3,2,0,18.0,48,9,8,0,0,3.25,3,6.10,28.2
gauntlet/20261002-125637-scrim-g1drift80/losses/NotLLeon.v3__Gated__botB.bc24,NotLLeon.v3,0,A,v3,1,616,CAPTURE,1500,2400,209,24,16,254,18,3,12,316,141,5,88,78,79,110,45.8,18,6,9,3,19.3,36,2,3,0,0,3.58,0,6.84,10.8
gauntlet/20261002-125637-scrim-g1drift80/losses/NotLLeon.v3__Gated__botB.bc24,NotLLeon.v3,1,B,g1drift80,0,616,CAPTURE,1500,2400,202,18,10,238,5,0,5,45,19,12,73,64,110,79,47.0,5,3,2,0,20.0,33,9,6,0,0,2.12,3,6.64,21.5
gauntlet/20261002-125637-scrim-g1drift80/losses/NotLLeon.v3__ORV__botA.bc24,NotLLeon.v3,1,A,g1drift80,0,907,CAPTURE,3200,5000,205,23,7,230,0,0,0,0,0,70,134,111,269,229,43.9,0,0,0,0,,46,59,14,0,0,7.25,3,0.00,24.8
gauntlet/20261002-125637-scrim-g1drift80/losses/NotLLeon.v3__ORV__botA.bc24,NotLLeon.v3,0,B,v3,1,907,CAPTURE,3200,6200,209,33,13,240,89,3,70,506,214,0,180,165,229,269,42.9,89,14,59,16,15.7,48,0,0,0,0,0.00,0,9.40,17.8
gauntlet/20261002-125637-scrim-g1drift80/losses/SampleProvider.TSPAARKSPRINT1__Snake__botB.bc24,SampleProvider.TSPAARKSPRINT1,0,A,TSPAARKSPRINT1,1,588,CAPTURE,13100,25400,203,11,14,236,20,3,14,671,214,10,136,106,92,86,46.1,17,7,10,0,23.9,35,2,8,0,0,4.01,0,9.45,21.9
gauntlet/20261002-125637-scrim-g1drift80/losses/SampleProvider.TSPAARKSPRINT1__Snake__botB.bc24,SampleProvider.TSPAARKSPRINT1,1,B,g1drift80,0,588,CAPTURE,13100,32600,204,42,41,223,10,0,10,178,79,14,338,254,86,92,46.3,10,8,2,0,30.7,45,10,7,0,0,1.45,3,7.88,28.2
gauntlet/20261002-125637-scrim-g1drift80/losses/NotLLeon.v3__Waterworld__botB.bc24,NotLLeon.v3,0,A,v3,1,1002,CAPTURE,7000,9700,224,21,10,251,42,3,36,225,100,14,120,108,206,284,43.1,42,7,32,3,17.8,30,5,9,0,0,4.47,0,9.70,11.4
gauntlet/20261002-125637-scrim-g1drift80/losses/NotLLeon.v3__Waterworld__botB.bc24,NotLLeon.v3,1,B,g1drift80,0,1002,CAPTURE,11200,13300,251,0,0,565,14,0,14,55,17,36,161,115,284,206,45.0,14,9,5,0,25.6,30,32,7,0,0,5.89,3,6.15,24.5
gauntlet/20261002-125637-scrim-g1drift80/losses/SampleProvider.TSPAARKSPRINT1__Soccer__botB.bc24,SampleProvider.TSPAARKSPRINT1,0,A,TSPAARKSPRINT1,1,661,CAPTURE,3000,3200,202,36,34,249,14,3,8,548,154,6,53,39,45,92,46.6,11,5,6,0,32.8,38,2,6,0,0,1.86,0,19.26,15.1
gauntlet/20261002-125637-scrim-g1drift80/losses/SampleProvider.TSPAARKSPRINT1__Soccer__botB.bc24,SampleProvider.TSPAARKSPRINT1,1,B,g1drift80,0,661,CAPTURE,3000,3000,208,24,27,243,8,0,6,162,75,8,90,76,92,45,48.4,8,6,2,0,33.8,37,6,5,0,0,1.03,3,5.93,43.8
gauntlet/20261002-125637-scrim-g1drift80/losses/Strequals.duck0127v5__Canals__botA.bc24,Strequals.duck0127v5,1,A,g1drift80,0,988,CAPTURE,4600,4600,203,8,0,210,1,0,1,4,0,28,138,129,144,380,40.7,1,1,0,0,18.0,47,20,11,0,0,3.48,3,1.00,30.9
gauntlet/20261002-125637-scrim-g1drift80/losses/Strequals.duck0127v5__Canals__botA.bc24,Strequals.duck0127v5,0,B,duck0127v5,1,988,CAPTURE,4600,6100,203,15,32,250,31,3,28,359,166,1,385,352,380,144,46.5,31,11,20,0,29.3,44,0,1,0,0,2.00,0,10.38,28.2
gauntlet/20261002-125637-scrim-g1drift80/losses/SampleProvider.TSPAARKSPRINT1__Waterworld__botA.bc24,SampleProvider.TSPAARKSPRINT1,1,A,g1drift80,0,1708,CAPTURE,13900,16300,208,43,44,250,43,1,42,808,378,74,388,352,673,235,46.6,43,28,15,0,24.2,39,46,31,6,1,1.67,3,6.59,35.3
gauntlet/20261002-125637-scrim-g1drift80/losses/SampleProvider.TSPAARKSPRINT1__Waterworld__botA.bc24,SampleProvider.TSPAARKSPRINT1,0,B,TSPAARKSPRINT1,1,1708,CAPTURE,13900,15700,203,17,30,261,80,3,74,1564,698,42,90,77,235,673,40.2,77,31,46,0,18.7,39,15,28,11,2,2.86,1,9.22,18.0
gauntlet/20261002-125637-scrim-g1drift80/losses/SampleProvider.TSPAARKSPRINT1__Foxes__botB.bc24,SampleProvider.TSPAARKSPRINT1,0,A,TSPAARKSPRINT1,1,2000,MORE_FLAG_CAPTURES,7500,7500,207,33,26,232,74,2,68,2131,1096,4,132,121,242,487,44.0,71,21,50,0,19.1,28,0,6,21,0,0.37,1,11.71,15.0
gauntlet/20261002-125637-scrim-g1drift80/losses/SampleProvider.TSPAARKSPRINT1__Foxes__botB.bc24,SampleProvider.TSPAARKSPRINT1,1,B,g1drift80,0,2000,MORE_FLAG_CAPTURES,7500,7500,202,35,28,228,6,1,4,234,133,68,396,342,487,242,47.0,6,6,0,0,41.8,43,50,21,0,0,1.49,2,4.43,43.9
gauntlet/20261002-125637-scrim-g1drift80/losses/Strequals.duck0127v5__MIT__botB.bc24,Strequals.duck0127v5,0,A,duck0127v5,1,682,CAPTURE,7200,37700,209,16,14,304,14,3,11,307,140,2,197,149,98,60,47.9,14,8,6,0,36.9,48,0,2,0,0,4.17,0,7.42,30.0
gauntlet/20261002-125637-scrim-g1drift80/losses/Strequals.duck0127v5__MIT__botB.bc24,Strequals.duck0127v5,1,B,g1drift80,0,682,CAPTURE,7200,16500,204,14,13,265,2,0,2,18,7,11,200,160,60,98,46.6,2,2,0,0,14.5,49,6,8,0,0,1.87,3,1.28,22.5
gauntlet/20261002-125637-scrim-g1drift80/losses/andli28.v9_USQuals_angle__Canals__botA.bc24,andli28.v9_USQuals_angle,1,A,g1drift80,0,1631,CAPTURE,4600,4800,325,0,0,851,0,0,0,0,0,56,205,198,348,790,38.3,0,0,0,0,,47,33,26,0,0,3.57,3,0.00,31.5
gauntlet/20261002-125637-scrim-g1drift80/losses/andli28.v9_USQuals_angle__Canals__botA.bc24,andli28.v9_USQuals_angle,0,B,v9_USQuals_angle,1,1631,CAPTURE,4600,5900,207,39,30,269,59,3,56,384,162,0,645,614,790,348,44.8,59,26,33,0,28.0,45,0,0,8,1,0.00,0,4.35,11.1
gauntlet/20261002-125637-scrim-g1drift80/losses/Strequals.duck0127v5__MazeRunner__botA.bc24,Strequals.duck0127v5,1,A,g1drift80,0,2000,MORE_FLAG_CAPTURES,2600,4700,207,10,8,334,13,0,12,1287,604,18,221,143,135,412,45.0,13,11,2,0,26.3,31,13,8,0,0,0.60,2,12.07,21.3
gauntlet/20261002-125637-scrim-g1drift80/losses/Strequals.duck0127v5__MazeRunner__botA.bc24,Strequals.duck0127v5,0,B,duck0127v5,1,2000,MORE_FLAG_CAPTURES,2600,5900,207,7,13,269,21,2,18,1557,828,12,336,305,412,135,48.4,21,8,13,0,20.4,21,2,11,0,0,0.19,0,22.57,37.1
gauntlet/20261002-125637-scrim-g1drift80/losses/andli28.v9_USQuals_angle__EvilGrin__botB.bc24,andli28.v9_USQuals_angle,0,A,v9_USQuals_angle,1,681,CAPTURE,2000,8800,205,27,18,227,9,3,6,147,72,0,284,241,193,105,46.2,9,5,4,0,24.2,37,0,0,0,0,0.00,0,6.39,10.8
gauntlet/20261002-125637-scrim-g1drift80/losses/andli28.v9_USQuals_angle__EvilGrin__botB.bc24,andli28.v9_USQuals_angle,1,B,g1drift80,0,681,CAPTURE,2000,2400,206,20,1,231,0,0,0,0,0,6,68,62,105,193,43.3,0,0,0,0,,45,4,5,0,0,1.77,3,0.00,30.1
gauntlet/20261002-125637-scrim-g1drift80/losses/andli28.v9_USQuals_angle__Battlecode24__botB.bc24,andli28.v9_USQuals_angle,0,A,v9_USQuals_angle,1,2000,MORE_FLAG_CAPTURES,12400,26500,205,21,18,292,31,2,28,1240,671,4,583,466,515,292,46.4,31,12,19,0,26.1,28,0,4,0,0,3.00,0,1.29,12.3
gauntlet/20261002-125637-scrim-g1drift80/losses/andli28.v9_USQuals_angle__Battlecode24__botB.bc24,andli28.v9_USQuals_angle,1,B,g1drift80,0,2000,MORE_FLAG_CAPTURES,12400,16000,202,19,19,295,4,0,4,10,3,28,334,298,292,515,43.7,4,4,0,0,19.0,28,19,12,0,0,0.47,2,3.50,32.2
gauntlet/20261002-125637-scrim-g1drift80/losses/Strequals.duck0127v5__Divergent__botB.bc24,Strequals.duck0127v5,0,A,duck0127v5,1,2000,MORE_FLAG_CAPTURES,3700,3700,203,12,7,250,36,1,35,288,131,17,517,490,431,317,46.1,36,21,15,0,30.5,27,1,16,7,0,3.76,0,4.74,22.0
gauntlet/20261002-125637-scrim-g1drift80/losses/Strequals.duck0127v5__Divergent__botB.bc24,Strequals.duck0127v5,1,B,g1drift80,0,2000,MORE_FLAG_CAPTURES,3700,3700,202,12,3,216,17,0,17,112,44,35,222,191,317,431,44.7,17,16,1,0,22.5,45,15,21,0,0,2.82,1,3.52,22.9
gauntlet/20261002-125637-scrim-g1drift80/losses/Strequals.duck0127v5__Rainbow__botA.bc24,Strequals.duck0127v5,1,A,g1drift80,0,2000,MORE_FLAG_CAPTURES,6000,6000,201,20,14,288,16,0,16,91,31,12,260,233,332,556,43.2,16,7,9,0,29.7,47,7,7,2,0,1.72,2,6.98,40.1
gauntlet/20261002-125637-scrim-g1drift80/losses/Strequals.duck0127v5__Rainbow__botA.bc24,Strequals.duck0127v5,0,B,duck0127v5,1,2000,MORE_FLAG_CAPTURES,6000,6000,201,31,30,220,14,2,12,361,173,16,433,411,556,332,45.9,14,7,7,0,26.9,38,9,7,0,0,3.08,0,9.95,34.6
gauntlet/20261002-125637-scrim-g1drift80/losses/andrewgopher.player22__ORV__botA.bc24,andrewgopher.player22,1,A,g1drift80,0,441,CAPTURE,3200,3800,204,3,0,243,0,0,0,0,0,4,66,50,96,113,43.8,0,0,0,0,,47,4,3,0,0,2.18,3,0.00,36.1
gauntlet/20261002-125637-scrim-g1drift80/losses/andrewgopher.player22__ORV__botA.bc24,andrewgopher.player22,0,B,player22,1,441,CAPTURE,3200,7400,206,30,39,233,10,3,4,144,66,0,111,64,113,96,44.8,7,3,4,0,19.8,44,0,0,0,0,0.00,0,5.94,20.4
gauntlet/20261002-125637-scrim-g1drift80/losses/andrewgopher.player22__Digging__botB.bc24,andrewgopher.player22,0,A,player22,1,1316,CAPTURE,700,3500,205,34,34,227,12,3,6,127,57,0,318,298,765,548,39.9,9,5,4,0,23.3,36,0,0,4,2,0.00,0,9.00,19.9
gauntlet/20261002-125637-scrim-g1drift80/losses/andrewgopher.player22__Digging__botB.bc24,andrewgopher.player22,1,B,g1drift80,0,1316,CAPTURE,700,1700,454,0,0,532,0,0,0,0,0,6,144,144,548,765,36.0,0,0,0,0,,43,4,5,0,0,2.87,3,0.00,40.8
gauntlet/20261002-125637-scrim-g1drift80/losses/andrewgopher.player22__StackGame__botB.bc24,andrewgopher.player22,0,A,player22,1,427,CAPTURE,4600,4600,206,40,31,224,10,3,4,118,54,0,97,62,88,92,45.0,7,4,3,0,14.5,44,0,0,0,0,0.00,0,9.68,22.1
gauntlet/20261002-125637-scrim-g1drift80/losses/andrewgopher.player22__StackGame__botB.bc24,andrewgopher.player22,1,B,g1drift80,0,427,CAPTURE,4600,4600,201,0,0,0,0,0,0,0,0,4,74,53,92,88,45.0,0,0,0,0,,43,3,4,0,0,2.92,3,0.00,35.9
gauntlet/20261002-125637-scrim-g1drift80/losses/andli28.v9_USQuals_angle__HeMustBeFreed__botB.bc24,andli28.v9_USQuals_angle,0,A,v9_USQuals_angle,1,2000,MORE_FLAG_CAPTURES,2500,15000,206,24,29,293,6,2,4,237,116,9,455,405,238,146,48.2,6,3,3,0,50.5,31,6,4,0,0,0.22,0,1.20,19.1
gauntlet/20261002-125637-scrim-g1drift80/losses/andli28.v9_USQuals_angle__HeMustBeFreed__botB.bc24,andli28.v9_USQuals_angle,1,B,g1drift80,0,2000,MORE_FLAG_CAPTURES,2900,6200,201,11,9,235,10,0,9,829,460,4,162,118,146,238,47.1,10,4,6,0,49.9,26,3,3,2,0,1.10,2,7.93,34.8
gauntlet/20261002-125637-scrim-g1drift80/losses/andli28.v9_USQuals_angle__Valentine__botA.bc24,andli28.v9_USQuals_angle,1,A,g1drift80,0,2000,MORE_FLAG_CAPTURES,1800,3100,211,9,8,379,0,0,0,0,0,59,227,209,374,538,43.4,0,0,0,0,,46,40,21,0,0,2.10,2,0.00,30.9
gauntlet/20261002-125637-scrim-g1drift80/losses/andli28.v9_USQuals_angle__Valentine__botA.bc24,andli28.v9_USQuals_angle,0,B,v9_USQuals_angle,1,2000,MORE_FLAG_CAPTURES,1800,5300,213,12,28,259,61,2,59,746,334,0,516,477,538,374,45.5,61,21,40,0,30.8,47,0,0,1,1,0.00,0,3.08,11.2
gauntlet/20261002-125637-scrim-g1drift80/losses/andli28.v9_USQuals_angle__Joker__botB.bc24,andli28.v9_USQuals_angle,0,A,v9_USQuals_angle,1,2000,MORE_FLAG_CAPTURES,14500,19500,203,22,20,244,5,1,4,46,20,11,460,383,432,366,45.6,5,2,3,0,19.0,42,3,8,0,0,2.66,0,4.24,15.7
gauntlet/20261002-125637-scrim-g1drift80/losses/andli28.v9_USQuals_angle__Joker__botB.bc24,andli28.v9_USQuals_angle,1,B,g1drift80,0,2000,MORE_FLAG_CAPTURES,14500,22800,202,19,30,226,11,0,11,145,66,4,436,366,366,432,44.7,11,8,3,0,21.6,47,3,2,0,0,2.54,1,4.28,22.6
gauntlet/20261002-125637-scrim-g1drift80/losses/andrewgopher.player22__Mountain__botA.bc24,andrewgopher.player22,1,A,g1drift80,0,2000,LEVEL_SUM,4100,5900,204,0,0,721,3,0,3,17,6,1,246,211,994,899,39.1,3,2,1,0,22.7,48,0,1,0,0,1.00,0,0.41,44.4
gauntlet/20261002-125637-scrim-g1drift80/losses/andrewgopher.player22__Mountain__botA.bc24,andrewgopher.player22,0,B,player22,1,2000,LEVEL_SUM,4100,5300,201,27,28,202,4,0,1,5,0,3,418,408,899,994,37.9,1,1,0,0,27.0,43,1,2,0,0,1.41,0,0.00,12.2
gauntlet/20261002-125637-scrim-g1drift80/losses/chenyx512.flagbot_final__AceOfSpades__botB.bc24,chenyx512.flagbot_final,0,A,flagbot_final,1,660,CAPTURE,1800,19500,203,15,11,219,10,3,4,775,271,20,364,309,259,16,49.3,7,4,3,0,20.3,44,8,12,0,0,3.94,0,6.27,21.3
gauntlet/20261002-125637-scrim-g1drift80/losses/chenyx512.flagbot_final__AceOfSpades__botB.bc24,chenyx512.flagbot_final,1,B,g1drift80,0,660,CAPTURE,1800,2100,202,36,9,230,20,0,20,174,75,4,82,70,16,259,40.7,20,12,8,0,21.7,41,3,4,0,0,1.51,3,5.02,41.0
gauntlet/20261002-125637-scrim-g1drift80/losses/chenyx512.flagbot_final__Skyline__botB.bc24,chenyx512.flagbot_final,0,A,flagbot_final,1,714,CAPTURE,21600,21600,212,14,20,261,21,3,15,741,318,6,337,294,177,57,47.9,18,4,14,0,19.4,47,1,8,0,0,1.68,2,8.00,26.4
gauntlet/20261002-125637-scrim-g1drift80/losses/chenyx512.flagbot_final__Skyline__botB.bc24,chenyx512.flagbot_final,1,B,g1drift80,0,714,CAPTURE,21600,21600,201,27,27,206,9,2,6,266,121,15,245,217,57,177,44.0,9,8,1,0,19.5,47,14,4,0,0,1.35,3,4.33,35.5
gauntlet/20261002-125637-scrim-g1drift80/losses/andrewgopher.player22__TwistedTreeline__botB.bc24,andrewgopher.player22,0,A,player22,1,2000,MORE_FLAG_CAPTURES,2400,2400,202,36,21,226,33,2,26,390,182,8,276,261,655,925,38.7,30,16,12,2,29.5,44,4,5,5,0,1.16,1,3.35,11.1
gauntlet/20261002-125637-scrim-g1drift80/losses/andrewgopher.player22__TwistedTreeline__botB.bc24,andrewgopher.player22,1,B,g1drift80,0,2000,MORE_FLAG_CAPTURES,2400,2400,202,7,5,291,9,1,8,135,61,26,280,254,925,655,42.0,9,5,4,0,22.9,44,12,16,1,0,1.56,2,7.00,20.9
gauntlet/20261002-125637-scrim-g1drift80/losses/chenyx512.flagbot_final__Racetrack__botA.bc24,chenyx512.flagbot_final,1,A,g1drift80,0,1153,CAPTURE,0,0,202,7,0,374,7,0,7,57,25,32,82,80,132,543,38.7,7,5,2,0,32.6,25,20,15,0,0,4.29,3,4.33,24.9
gauntlet/20261002-125637-scrim-g1drift80/losses/chenyx512.flagbot_final__Racetrack__botA.bc24,chenyx512.flagbot_final,0,B,flagbot_final,1,1153,CAPTURE,0,0,220,7,28,310,38,3,32,968,326,7,255,190,543,132,47.1,35,15,20,0,28.8,15,2,5,0,0,4.81,0,9.64,26.4
gauntlet/20261002-125637-scrim-g1drift80/losses/chenyx512.flagbot_final__Divergent__botB.bc24,chenyx512.flagbot_final,0,A,flagbot_final,1,1669,CAPTURE,3600,3700,206,26,29,264,36,3,30,1103,467,5,475,435,513,154,47.7,33,22,11,0,24.9,40,1,4,1,1,2.54,0,5.97,20.0
gauntlet/20261002-125637-scrim-g1drift80/losses/chenyx512.flagbot_final__Divergent__botB.bc24,chenyx512.flagbot_final,1,B,g1drift80,0,1669,CAPTURE,3700,3700,203,20,21,249,5,0,5,110,55,30,188,184,154,513,42.5,5,4,1,0,24.4,47,11,22,0,0,1.54,3,3.99,21.7
gauntlet/20261002-125637-scrim-g1drift80/losses/chenyx512.flagbot_final__Swoop__botA.bc24,chenyx512.flagbot_final,1,A,g1drift80,0,1097,CAPTURE,4300,4300,201,32,20,221,25,0,25,259,115,9,126,121,82,434,40.5,25,20,5,0,30.1,47,4,8,0,0,1.38,3,5.28,21.1
gauntlet/20261002-125637-scrim-g1drift80/losses/chenyx512.flagbot_final__Swoop__botA.bc24,chenyx512.flagbot_final,0,B,flagbot_final,1,1097,CAPTURE,4300,4300,201,21,17,225,15,3,9,817,348,25,325,263,434,82,48.1,12,8,4,0,26.6,47,5,20,0,0,3.34,0,6.17,16.8
gauntlet/20261002-125637-scrim-g1drift80/losses/chenyx512.flagbot_final__Tunnels__botB.bc24,chenyx512.flagbot_final,0,A,flagbot_final,1,1613,CAPTURE,2400,3300,210,17,23,231,41,3,35,784,267,0,490,446,563,348,44.7,38,16,22,0,14.0,33,0,0,3,1,0.00,0,11.13,47.9
gauntlet/20261002-125637-scrim-g1drift80/losses/chenyx512.flagbot_final__Tunnels__botB.bc24,chenyx512.flagbot_final,1,B,g1drift80,0,1613,CAPTURE,2400,3300,523,0,0,0,0,0,0,0,0,35,179,170,348,563,41.6,0,0,0,0,,31,22,16,0,0,9.88,3,0.00,37.4
gauntlet/20261002-125637-scrim-g1drift80/losses/dmtrung14.defaultplayer_intlqualifier__KingQuacksCastle__botB.bc24,dmtrung14.defaultplayer_intlqualifier,0,A,defaultplayer_intlqualifier,1,342,CAPTURE,1600,2400,204,23,20,213,35,3,0,347,63,2,35,34,8,66,45.2,32,3,0,29,,48,1,3,0,0,0.64,1,13.15,18.9
gauntlet/20261002-125637-scrim-g1drift80/losses/dmtrung14.defaultplayer_intlqualifier__KingQuacksCastle__botB.bc24,dmtrung14.defaultplayer_intlqualifier,1,B,g1drift80,0,342,CAPTURE,1600,4600,206,16,26,253,4,1,2,106,51,0,49,38,66,8,49.4,4,3,1,0,31.5,48,0,3,0,0,0.27,3,6.75,22.8
gauntlet/20261002-125637-scrim-g1drift80/losses/clbarrell.duck8__GaltonBoard__botB.bc24,clbarrell.duck8,0,A,duck8,1,2000,MORE_FLAG_CAPTURES,0,36400,201,14,28,259,9,2,7,76,33,0,606,499,468,1018,37.6,9,4,5,0,18.7,40,0,0,0,0,0.00,0,11.53,33.7
gauntlet/20261002-125637-scrim-g1drift80/losses/clbarrell.duck8__GaltonBoard__botB.bc24,clbarrell.duck8,1,B,g1drift80,0,2000,MORE_FLAG_CAPTURES,0,1400,225,1,0,1007,0,0,0,0,0,7,222,210,1018,468,44.3,0,0,0,0,,44,5,4,0,0,4.70,2,0.00,35.1
gauntlet/20261002-125637-scrim-g1drift80/losses/clbarrell.duck8__OceanFloor__botB.bc24,clbarrell.duck8,0,A,duck8,1,1227,CAPTURE,1400,1400,201,26,13,215,36,3,33,449,183,3,142,118,163,422,41.7,36,9,27,0,19.2,45,0,6,4,2,0.83,2,10.42,30.7
gauntlet/20261002-125637-scrim-g1drift80/losses/clbarrell.duck8__OceanFloor__botB.bc24,clbarrell.duck8,1,B,g1drift80,0,1227,CAPTURE,1400,1400,201,27,23,242,6,2,3,445,211,33,243,180,422,163,46.9,6,6,0,0,35.3,47,27,9,0,0,2.75,3,11.38,14.9
gauntlet/20261002-125637-scrim-g1drift80/losses/hsmalladi.finalbot__AceOfSpades__botA.bc24,hsmalladi.finalbot,1,A,g1drift80,0,724,CAPTURE,1800,9900,202,21,19,259,10,0,9,133,60,26,158,141,251,157,44.8,10,6,4,0,18.7,45,18,11,0,0,3.42,3,8.17,30.6
gauntlet/20261002-125637-scrim-g1drift80/losses/hsmalladi.finalbot__AceOfSpades__botA.bc24,hsmalladi.finalbot,0,B,finalbot,1,724,CAPTURE,1800,11700,203,32,21,234,50,3,26,1011,239,9,188,183,157,251,41.6,47,11,18,18,15.7,43,4,6,0,0,3.19,0,7.08,13.1
gauntlet/20261002-125637-scrim-g1drift80/losses/hsmalladi.finalbot__Fountain__botB.bc24,hsmalladi.finalbot,0,A,finalbot,1,1311,CAPTURE,1700,2300,221,7,15,361,45,3,32,856,246,16,106,103,276,437,41.9,42,9,27,6,13.2,46,2,15,4,1,1.16,1,7.20,24.2
gauntlet/20261002-125637-scrim-g1drift80/losses/hsmalladi.finalbot__Fountain__botB.bc24,hsmalladi.finalbot,1,B,g1drift80,0,1311,CAPTURE,1700,3100,207,21,27,236,17,1,16,486,230,32,128,112,437,276,45.0,17,15,2,0,15.7,47,27,9,0,0,4.47,3,4.76,24.0
gauntlet/20261002-125637-scrim-g1drift80/losses/clbarrell.duck8__QuestionableChess__botB.bc24,clbarrell.duck8,0,A,duck8,1,1872,CAPTURE,0,0,201,15,17,207,49,3,46,249,96,14,238,226,529,1004,36.9,49,12,37,0,19.7,30,3,12,15,1,1.93,1,6.94,31.8
gauntlet/20261002-125637-scrim-g1drift80/losses/clbarrell.duck8__QuestionableChess__botB.bc24,clbarrell.duck8,1,B,g1drift80,0,1872,CAPTURE,0,0,202,7,13,246,15,1,14,256,123,46,250,203,1004,529,43.1,15,12,3,0,18.4,42,37,12,0,0,5.29,3,5.57,22.0
gauntlet/20261002-125637-scrim-g1drift80/losses/hsmalladi.finalbot__ORV__botB.bc24,hsmalladi.finalbot,0,A,finalbot,1,600,CAPTURE,3200,8000,207,24,23,229,42,3,12,903,244,0,120,109,92,108,45.7,39,6,10,23,15.3,48,0,2,0,0,0.05,1,13.20,17.9
gauntlet/20261002-125637-scrim-g1drift80/losses/hsmalladi.finalbot__ORV__botB.bc24,hsmalladi.finalbot,1,B,g1drift80,0,600,CAPTURE,3200,3200,206,27,20,226,2,1,0,146,60,12,84,57,108,92,46.3,2,2,0,0,,48,10,6,0,0,8.78,3,3.18,39.5
gauntlet/20261002-125637-scrim-g1drift80/losses/hsmalladi.finalbot__HeMustBeFreed__botB.bc24,hsmalladi.finalbot,0,A,finalbot,1,773,CAPTURE,5900,14900,201,44,35,283,41,3,10,1263,308,2,131,127,105,103,46.7,38,7,6,25,39.0,43,0,3,0,0,0.14,1,6.63,15.1
gauntlet/20261002-125637-scrim-g1drift80/losses/hsmalladi.finalbot__HeMustBeFreed__botB.bc24,hsmalladi.finalbot,1,B,g1drift80,0,773,CAPTURE,2900,3700,201,12,13,284,3,1,2,133,65,10,90,58,103,105,46.8,3,3,0,0,51.0,21,6,7,0,0,1.53,3,1.29,18.1
gauntlet/20261002-125637-scrim-g1drift80/losses/hsmalladi.finalbot__WheresMyWater__botA.bc24,hsmalladi.finalbot,1,A,g1drift80,0,510,CAPTURE,3000,3900,201,13,19,201,3,0,3,103,45,19,71,62,136,85,46.1,3,3,0,0,11.0,44,17,5,0,0,5.09,3,3.12,25.2
gauntlet/20261002-125637-scrim-g1drift80/losses/hsmalladi.finalbot__WheresMyWater__botA.bc24,hsmalladi.finalbot,0,B,finalbot,1,510,CAPTURE,3000,6000,201,30,30,201,28,3,19,749,178,3,90,85,85,136,43.7,25,5,17,3,15.6,45,0,3,0,0,0.62,0,6.84,12.1
gauntlet/20261002-125637-scrim-g1drift80/losses/hsmalladi.finalbot__WheresMyWater__botB.bc24,hsmalladi.finalbot,0,A,finalbot,1,401,CAPTURE,3000,5400,201,9,33,201,20,3,10,709,171,0,65,58,53,62,46.5,17,3,10,4,9.5,42,0,0,0,0,0.00,0,12.51,12.2
gauntlet/20261002-125637-scrim-g1drift80/losses/hsmalladi.finalbot__WheresMyWater__botB.bc24,hsmalladi.finalbot,1,B,g1drift80,0,401,CAPTURE,3000,3900,201,5,5,0,0,0,0,0,0,10,48,33,62,53,46.9,0,0,0,0,,43,10,3,0,0,5.05,3,0.00,25.2
gauntlet/20261002-125637-scrim-g1drift80/losses/jmerle.camel_case_v21_final__Battlecode24__botA.bc24,jmerle.camel_case_v21_final,1,A,g1drift80,0,666,CAPTURE,12400,16600,203,2,1,249,3,0,3,34,15,7,202,179,143,224,41.8,3,2,1,0,21.7,30,4,6,0,0,1.50,3,1.44,37.5
gauntlet/20261002-125637-scrim-g1drift80/losses/jmerle.camel_case_v21_final__Battlecode24__botA.bc24,jmerle.camel_case_v21_final,0,B,camel_case_v21_final,1,666,CAPTURE,9600,22800,202,40,29,247,10,3,7,247,121,3,312,292,224,143,44.8,10,6,4,0,21.4,34,1,2,0,0,1.71,0,6.77,9.5
gauntlet/20261002-125637-scrim-g1drift80/losses/jmerle.camel_case_v21_final__Fountain__botA.bc24,jmerle.camel_case_v21_final,1,A,g1drift80,0,786,CAPTURE,1300,2500,209,0,0,308,2,0,2,4,1,22,81,75,372,249,42.3,2,2,0,0,18.0,42,13,12,0,0,2.21,3,7.25,28.0
gauntlet/20261002-125637-scrim-g1drift80/losses/jmerle.camel_case_v21_final__Fountain__botA.bc24,jmerle.camel_case_v21_final,0,B,camel_case_v21_final,1,786,CAPTURE,1700,2700,210,29,22,240,25,3,22,258,120,2,90,89,249,372,38.5,25,12,13,0,20.9,42,0,2,0,0,5.25,0,6.66,4.7
gauntlet/20261002-125637-scrim-g1drift80/losses/jmerle.camel_case_v21_final__StackGame__botA.bc24,jmerle.camel_case_v21_final,1,A,g1drift80,0,378,CAPTURE,4600,4600,262,0,0,266,0,0,0,0,0,4,69,54,66,87,44.5,0,0,0,0,,45,3,4,0,0,1.68,3,0.00,43.2
gauntlet/20261002-125637-scrim-g1drift80/losses/jmerle.camel_case_v21_final__StackGame__botA.bc24,jmerle.camel_case_v21_final,0,B,camel_case_v21_final,1,378,CAPTURE,4600,4600,201,38,28,223,7,3,4,128,62,0,100,83,87,66,45.9,7,4,3,0,16.8,42,0,0,0,0,0.00,0,8.17,9.5
gauntlet/20261002-125637-scrim-g1drift80/losses/jmerle.camel_case_v21_final__Canals__botA.bc24,jmerle.camel_case_v21_final,1,A,g1drift80,0,1076,CAPTURE,4600,4800,217,11,10,241,4,1,3,77,36,26,148,136,459,510,38.5,4,4,0,0,16.3,47,13,16,0,0,2.50,3,5.17,31.4
gauntlet/20261002-125637-scrim-g1drift80/losses/jmerle.camel_case_v21_final__Canals__botA.bc24,jmerle.camel_case_v21_final,0,B,camel_case_v21_final,1,1076,CAPTURE,4600,5600,202,38,30,208,29,3,26,341,159,3,290,290,510,459,39.7,29,16,13,0,27.8,48,0,4,0,0,0.52,1,5.84,5.4
gauntlet/20261002-125637-scrim-g1drift80/losses/jmerle.camel_case_v21_final__Swoop__botA.bc24,jmerle.camel_case_v21_final,1,A,g1drift80,0,321,CAPTURE,4300,4300,201,14,0,214,6,0,6,69,31,4,49,34,34,60,45.7,6,6,0,0,22.8,47,3,4,0,0,0.54,3,2.16,31.9
gauntlet/20261002-125637-scrim-g1drift80/losses/jmerle.camel_case_v21_final__Swoop__botA.bc24,jmerle.camel_case_v21_final,0,B,camel_case_v21_final,1,321,CAPTURE,4300,4300,201,31,8,220,7,3,4,181,87,6,58,56,60,34,47.6,7,4,3,0,27.8,49,0,6,0,0,1.68,0,5.94,7.0
gauntlet/20261002-125637-scrim-g1drift80/losses/jmerle.camel_case_v21_final__YearOfTheDragon__botA.bc24,jmerle.camel_case_v21_final,1,A,g1drift80,0,586,CAPTURE,10800,10800,201,16,11,220,3,0,3,46,18,7,156,139,161,131,44.5,3,3,0,0,18.7,47,4,6,0,0,1.18,3,5.83,38.9
gauntlet/20261002-125637-scrim-g1drift80/losses/jmerle.camel_case_v21_final__YearOfTheDragon__botA.bc24,jmerle.camel_case_v21_final,0,B,camel_case_v21_final,1,586,CAPTURE,10800,10800,201,23,29,223,10,3,7,198,97,3,197,187,131,161,43.5,10,6,4,0,21.6,42,0,3,0,0,2.28,0,6.95,7.5
gauntlet/20261002-125637-scrim-g1drift80/losses/jonters.bling3__Bunkers__botA.bc24,jonters.bling3,1,A,g1drift80,0,415,CAPTURE,2800,2800,201,6,0,210,6,1,5,67,32,7,61,44,86,55,46.8,6,6,0,0,12.8,43,7,3,0,0,3.51,3,5.15,16.9
gauntlet/20261002-125637-scrim-g1drift80/losses/jonters.bling3__Bunkers__botA.bc24,jonters.bling3,0,B,bling3,1,415,CAPTURE,2800,2800,201,27,31,226,10,3,7,120,52,5,32,31,55,86,44.8,10,3,7,0,15.0,35,0,6,0,0,1.27,1,13.79,5.2
gauntlet/20261002-125637-scrim-g1drift80/losses/kyleezz.jeeryfix3__Intercontinental__botB.bc24,kyleezz.jeeryfix3,0,A,jeeryfix3,1,716,CAPTURE,2400,6000,201,25,11,222,5,3,2,134,65,3,34,33,61,149,45.1,5,3,2,0,22.5,46,0,3,0,0,2.47,0,5.18,46.3
gauntlet/20261002-125637-scrim-g1drift80/losses/kyleezz.jeeryfix3__Intercontinental__botB.bc24,kyleezz.jeeryfix3,1,B,g1drift80,0,716,CAPTURE,2400,2700,201,4,6,306,3,0,3,19,9,2,56,42,149,61,48.0,3,3,0,0,20.0,47,2,3,0,0,0.31,3,3.79,28.2
gauntlet/20261002-125637-scrim-g1drift80/losses/kyleezz.jeeryfix3__Backslash__botB.bc24,kyleezz.jeeryfix3,0,A,jeeryfix3,1,2000,MORE_FLAG_CAPTURES,4700,19500,201,18,13,231,25,2,23,241,116,1,400,389,579,1344,33.6,25,12,13,0,24.0,46,0,2,0,0,0.59,1,4.83,8.0
gauntlet/20261002-125637-scrim-g1drift80/losses/kyleezz.jeeryfix3__Backslash__botB.bc24,kyleezz.jeeryfix3,1,B,g1drift80,0,2000,MORE_FLAG_CAPTURES,4700,11700,201,12,6,229,2,1,1,46,22,23,310,297,1344,579,42.9,2,2,0,0,19.0,48,13,12,0,0,1.87,2,5.48,24.7
gauntlet/20261002-125637-scrim-g1drift80/losses/quesswho.cretplayer2_3__AceOfSpades__botA.bc24,quesswho.cretplayer2_3,1,A,g1drift80,0,674,CAPTURE,1800,3300,202,23,12,241,16,0,15,194,91,37,127,83,215,183,43.5,16,13,3,0,22.1,46,35,5,0,0,4.57,3,5.55,25.3
gauntlet/20261002-125637-scrim-g1drift80/losses/quesswho.cretplayer2_3__AceOfSpades__botA.bc24,quesswho.cretplayer2_3,0,B,cretplayer2_3,1,674,CAPTURE,1800,18300,202,25,23,215,43,3,37,967,179,15,264,241,183,215,41.8,40,5,35,0,11.8,38,3,13,0,0,2.81,0,16.96,19.2
gauntlet/20261002-125637-scrim-g1drift80/losses/quesswho.cretplayer2_3__ORV__botA.bc24,quesswho.cretplayer2_3,1,A,g1drift80,0,669,CAPTURE,3200,3200,207,7,4,314,5,0,5,91,42,9,86,63,133,188,43.3,5,5,0,0,23.2,43,7,5,0,0,2.83,3,5.76,23.7
gauntlet/20261002-125637-scrim-g1drift80/losses/quesswho.cretplayer2_3__ORV__botA.bc24,quesswho.cretplayer2_3,0,B,cretplayer2_3,1,669,CAPTURE,3200,8000,204,29,33,217,15,3,9,1024,193,5,152,145,188,133,44.6,12,5,7,0,20.9,28,0,5,0,0,1.45,0,20.63,23.9
gauntlet/20261002-125637-scrim-g1drift80/losses/quesswho.cretplayer2_3__Waterworld__botB.bc24,quesswho.cretplayer2_3,0,A,cretplayer2_3,1,896,CAPTURE,13900,22200,214,19,39,228,27,3,21,1003,175,16,169,166,261,293,41.6,24,5,19,0,17.0,8,3,13,0,0,5.90,0,24.07,22.5
gauntlet/20261002-125637-scrim-g1drift80/losses/quesswho.cretplayer2_3__Waterworld__botB.bc24,quesswho.cretplayer2_3,1,B,g1drift80,0,896,CAPTURE,13900,15800,206,3,5,277,16,0,16,107,42,21,172,131,293,261,43.0,16,13,3,0,28.4,42,19,5,0,0,4.04,3,8.47,22.8
gauntlet/20261002-125637-scrim-g1drift80/losses/winkelmantanner.waffle__Funnel__botB.bc24,winkelmantanner.waffle,0,A,waffle,1,977,CAPTURE,2200,3400,202,19,23,227,30,3,27,523,243,10,133,125,132,403,39.9,30,7,23,0,38.0,36,4,7,0,0,1.33,1,4.35,10.7
gauntlet/20261002-125637-scrim-g1drift80/losses/winkelmantanner.waffle__Funnel__botB.bc24,winkelmantanner.waffle,1,B,g1drift80,0,977,CAPTURE,2200,4500,201,7,0,406,11,1,10,378,181,27,207,152,403,132,46.8,11,7,4,0,43.0,38,23,7,0,0,1.81,3,7.15,19.2
gauntlet/20261002-125637-scrim-g1drift80/losses/kyleezz.jeeryfix3__Klein__botB.bc24,kyleezz.jeeryfix3,0,A,jeeryfix3,1,2000,MORE_FLAG_CAPTURES,6300,7800,202,15,8,203,25,2,23,177,99,11,251,248,553,1013,37.7,25,11,14,0,16.6,50,1,11,1,0,2.57,1,4.20,24.1
gauntlet/20261002-125637-scrim-g1drift80/losses/kyleezz.jeeryfix3__Klein__botB.bc24,kyleezz.jeeryfix3,1,B,g1drift80,0,2000,MORE_FLAG_CAPTURES,6200,6500,203,14,21,286,12,1,11,88,39,23,315,279,1013,553,43.3,12,11,1,0,17.7,49,14,11,1,0,3.93,2,4.05,30.5
gauntlet/20261002-125637-scrim-g1drift80/losses/winkelmantanner.waffle__Islands__botB.bc24,winkelmantanner.waffle,0,A,waffle,1,525,CAPTURE,5800,5800,201,16,12,213,23,3,20,150,66,6,104,89,80,141,43.5,23,4,19,0,17.6,37,2,4,0,0,3.95,0,6.64,13.8
gauntlet/20261002-125637-scrim-g1drift80/losses/winkelmantanner.waffle__Islands__botB.bc24,winkelmantanner.waffle,1,B,g1drift80,0,525,CAPTURE,5800,5800,201,7,10,224,6,0,6,60,26,20,92,72,141,80,46.4,6,4,2,0,15.7,47,19,4,0,0,4.49,3,9.13,28.2
gauntlet/20261002-125637-scrim-g1drift80/losses/winkelmantanner.waffle__Mountain__botB.bc24,winkelmantanner.waffle,0,A,waffle,1,732,CAPTURE,4100,5600,204,10,4,204,30,3,27,350,149,1,129,124,106,230,42.4,30,6,24,0,19.5,28,0,1,0,0,0.00,0,4.01,13.6
gauntlet/20261002-125637-scrim-g1drift80/losses/winkelmantanner.waffle__Mountain__botB.bc24,winkelmantanner.waffle,1,B,g1drift80,0,732,CAPTURE,4100,4700,201,8,4,227,1,0,1,0,0,27,113,94,230,106,46.5,1,1,0,0,8.0,48,24,6,0,0,2.86,3,0.00,34.3
gauntlet/20261002-125637-scrim-g1drift80/losses/winkelmantanner.waffle__Puzzle__botA.bc24,winkelmantanner.waffle,1,A,g1drift80,0,681,CAPTURE,0,8900,207,23,17,226,7,0,7,78,33,16,98,89,185,115,45.9,7,7,0,0,23.3,42,12,7,0,0,1.59,3,7.40,24.8
gauntlet/20261002-125637-scrim-g1drift80/losses/winkelmantanner.waffle__Puzzle__botA.bc24,winkelmantanner.waffle,0,B,waffle,1,681,CAPTURE,0,11500,206,28,21,248,19,3,16,486,231,7,185,177,115,185,43.4,19,7,12,0,18.9,34,0,7,0,0,3.14,0,3.93,11.9
gauntlet/20261002-125637-scrim-g1drift80/losses/winkelmantanner.waffle__Tunnels__botB.bc24,winkelmantanner.waffle,0,A,waffle,1,368,CAPTURE,2400,3600,203,27,19,236,17,3,14,181,83,0,68,60,51,70,45.5,17,3,14,0,11.7,24,0,0,0,0,0.00,0,8.07,13.8
gauntlet/20261002-125637-scrim-g1drift80/losses/winkelmantanner.waffle__Tunnels__botB.bc24,winkelmantanner.waffle,1,B,g1drift80,0,368,CAPTURE,2400,3000,208,0,0,289,0,0,0,0,0,14,47,33,70,51,46.7,0,0,0,0,,35,14,3,0,0,8.15,3,0.00,43.1
gauntlet/20261002-125637-scrim-g1drift80/replays/NotLLeon.v3__Pancakes__botB.bc24,NotLLeon.v3,0,A,v3,0,468,CAPTURE,0,4800,207,22,30,249,29,1,20,167,66,1,91,91,75,100,45.1,29,8,15,6,20.1,47,1,3,0,0,0.66,3,7.96,8.7
gauntlet/20261002-125637-scrim-g1drift80/replays/NotLLeon.v3__Pancakes__botB.bc24,NotLLeon.v3,1,B,g1drift80,1,468,CAPTURE,0,3700,202,17,17,222,4,3,1,202,99,20,73,58,100,75,46.3,4,3,1,0,25.0,49,15,8,0,0,3.84,1,3.17,22.3
gauntlet/20261002-125637-scrim-g1drift80/losses/winkelmantanner.waffle__Soccer__botB.bc24,winkelmantanner.waffle,0,A,waffle,1,1052,CAPTURE,3000,3100,219,1,17,294,56,3,53,520,232,9,161,157,200,535,37.7,56,17,39,0,26.1,28,1,10,0,0,1.49,2,5.31,11.0
gauntlet/20261002-125637-scrim-g1drift80/losses/winkelmantanner.waffle__Soccer__botB.bc24,winkelmantanner.waffle,1,B,g1drift80,0,1052,CAPTURE,3000,3100,214,14,35,240,11,2,9,491,237,53,210,193,535,200,45.5,11,10,1,0,20.7,31,39,17,0,0,2.19,3,7.32,18.2
gauntlet/20261002-125637-scrim-g1drift80/replays/SampleProvider.TSPAARKSPRINT1__QuestionableChess__botB.bc24,SampleProvider.TSPAARKSPRINT1,0,A,TSPAARKSPRINT1,0,2000,LEVEL_SUM,0,0,201,3,11,230,38,1,34,562,189,13,74,60,252,1119,36.4,35,20,15,0,17.8,39,5,9,0,0,4.23,1,3.23,19.6
gauntlet/20261002-125637-scrim-g1drift80/replays/SampleProvider.TSPAARKSPRINT1__QuestionableChess__botB.bc24,SampleProvider.TSPAARKSPRINT1,1,B,g1drift80,1,2000,LEVEL_SUM,0,0,202,21,17,213,14,1,13,191,89,34,392,315,1119,252,46.9,14,9,5,0,16.1,40,15,20,0,0,2.64,1,6.30,32.8
gauntlet/20261002-125637-scrim-g1drift80/replays/awu7.ExplosiveBot__BedWars__botA.bc24,awu7.ExplosiveBot,1,A,g1drift80,1,773,CAPTURE,2400,2600,256,0,2,443,4,3,1,121,59,4,64,36,181,47,48.5,4,4,0,0,17.0,48,1,3,0,0,3.63,0,11.10,29.4
gauntlet/20261002-125637-scrim-g1drift80/replays/awu7.ExplosiveBot__BedWars__botA.bc24,awu7.ExplosiveBot,0,B,ExplosiveBot,0,773,CAPTURE,2400,2800,250,1,0,284,4,0,4,8,2,1,24,19,47,181,44.6,4,3,1,0,14.8,47,0,4,0,0,0.50,3,0.63,68.5
gauntlet/20261002-125637-scrim-g1drift80/replays/awu7.ExplosiveBot__BedWars__botB.bc24,awu7.ExplosiveBot,0,A,ExplosiveBot,0,843,CAPTURE,2400,3800,212,0,0,545,1,0,1,3,0,8,25,25,47,231,43.5,1,1,0,0,15.0,46,3,8,0,0,1.27,3,0.00,63.4
gauntlet/20261002-125637-scrim-g1drift80/replays/awu7.ExplosiveBot__BedWars__botB.bc24,awu7.ExplosiveBot,1,B,g1drift80,1,843,CAPTURE,2400,2500,257,0,5,309,11,3,8,335,160,1,84,43,231,47,48.6,11,8,3,0,13.0,48,0,1,0,0,4.00,0,8.32,18.2
gauntlet/20261002-125637-scrim-g1drift80/replays/SampleProvider.TSPAARKSPRINT1__WheresMyWater__botA.bc24,SampleProvider.TSPAARKSPRINT1,1,A,g1drift80,1,1941,CAPTURE,3000,5400,201,28,15,203,25,3,22,306,170,73,355,343,1001,121,48.5,25,14,11,0,15.3,42,44,30,10,1,3.67,1,5.15,28.5
gauntlet/20261002-125637-scrim-g1drift80/replays/SampleProvider.TSPAARKSPRINT1__WheresMyWater__botA.bc24,SampleProvider.TSPAARKSPRINT1,0,B,TSPAARKSPRINT1,0,1941,CAPTURE,3000,3900,201,2,8,201,77,1,73,836,331,22,67,63,121,1001,37.5,74,30,44,0,15.1,44,11,14,19,0,2.43,3,6.30,19.3
gauntlet/20261002-125637-scrim-g1drift80/replays/awu7.ExplosiveBot__DefaultLarge__botB.bc24,awu7.ExplosiveBot,0,A,ExplosiveBot,0,1473,CAPTURE,1800,5900,203,11,20,249,7,0,6,11,1,15,124,104,163,1076,32.3,7,2,4,1,46.5,39,6,12,0,0,0.99,3,1.82,15.9
gauntlet/20261002-125637-scrim-g1drift80/replays/awu7.ExplosiveBot__DefaultLarge__botB.bc24,awu7.ExplosiveBot,1,B,g1drift80,1,1473,CAPTURE,1800,3200,202,29,27,230,18,3,15,1146,552,6,469,377,1076,163,47.3,18,12,6,0,39.9,44,4,2,0,1,2.73,0,9.59,14.2
gauntlet/20261002-125637-scrim-g1drift80/replays/andrewgopher.player22__Diagonal__botA.bc24,andrewgopher.player22,1,A,g1drift80,1,2000,LEVEL_SUM,5100,5100,201,20,18,224,40,0,40,397,184,0,250,169,247,243,47.0,40,33,7,0,26.9,27,0,0,2,0,0.00,0,2.60,55.4
gauntlet/20261002-125637-scrim-g1drift80/replays/andrewgopher.player22__Diagonal__botA.bc24,andrewgopher.player22,0,B,player22,0,2000,LEVEL_SUM,5100,5100,201,30,30,256,3,0,0,3,0,40,253,233,243,247,47.0,0,0,0,0,,25,7,33,0,0,0.95,0,0.00,7.3
gauntlet/20261002-125637-scrim-g1drift80/replays/awu7.ExplosiveBot__OceanFloor__botA.bc24,awu7.ExplosiveBot,1,A,g1drift80,1,1000,CAPTURE,1400,1400,201,30,28,218,19,3,16,440,206,16,268,191,545,93,47.7,19,17,2,0,41.1,45,9,9,0,0,1.79,2,8.00,12.1
gauntlet/20261002-125637-scrim-g1drift80/replays/awu7.ExplosiveBot__OceanFloor__botA.bc24,awu7.ExplosiveBot,0,B,ExplosiveBot,0,1000,CAPTURE,1400,1400,201,21,12,211,39,2,16,222,83,16,65,55,93,545,36.8,39,9,9,21,35.6,32,2,17,0,0,2.57,3,2.84,11.8
gauntlet/20261002-125637-scrim-g1drift80/replays/awu7.ExplosiveBot__Diagonal__botA.bc24,awu7.ExplosiveBot,1,A,g1drift80,1,2000,MORE_FLAG_CAPTURES,5100,5100,201,28,32,235,26,1,25,397,185,2,426,317,732,180,47.8,26,13,13,0,29.3,30,1,1,7,1,0.20,0,7.99,33.3
gauntlet/20261002-125637-scrim-g1drift80/replays/awu7.ExplosiveBot__Diagonal__botA.bc24,awu7.ExplosiveBot,0,B,ExplosiveBot,0,2000,MORE_FLAG_CAPTURES,5100,5100,201,13,5,393,2,0,2,10,5,25,123,117,180,732,41.1,2,1,1,0,30.5,20,13,13,0,0,2.34,1,2.20,11.1
gauntlet/20261002-125637-scrim-g1drift80/replays/clbarrell.duck8__Pancakes__botB.bc24,clbarrell.duck8,0,A,duck8,0,415,CAPTURE,0,6500,208,14,9,270,0,0,0,0,0,1,99,83,28,72,45.9,0,0,0,0,,48,0,4,0,0,0.97,3,0.00,19.6
gauntlet/20261002-125637-scrim-g1drift80/replays/clbarrell.duck8__Pancakes__botB.bc24,clbarrell.duck8,1,B,g1drift80,1,415,CAPTURE,0,2600,203,18,21,230,4,3,1,174,82,0,65,21,72,28,48.3,4,4,0,0,25.0,48,0,0,0,0,0.00,0,8.82,21.1
gauntlet/20261002-125637-scrim-g1drift80/replays/clbarrell.duck8__Foxes__botB.bc24,clbarrell.duck8,0,A,duck8,0,1088,CAPTURE,7500,7500,202,12,27,322,21,1,20,124,45,8,196,174,166,508,38.7,21,7,14,0,27.2,36,4,7,0,0,1.41,3,10.31,30.2
gauntlet/20261002-125637-scrim-g1drift80/replays/clbarrell.duck8__Foxes__botB.bc24,clbarrell.duck8,1,B,g1drift80,1,1088,CAPTURE,7500,7500,203,19,5,275,11,3,8,500,237,20,244,192,508,166,46.3,11,7,4,0,22.0,37,14,7,0,0,4.44,1,6.17,21.5
gauntlet/20261002-125637-scrim-g1drift80/replays/clbarrell.duck8__AceOfSpades__botB.bc24,clbarrell.duck8,0,A,duck8,0,1883,CAPTURE,1800,18300,202,9,14,241,29,1,28,166,64,10,419,386,356,900,38.3,29,5,24,0,18.6,43,2,11,4,0,1.06,3,7.60,31.0
gauntlet/20261002-125637-scrim-g1drift80/replays/clbarrell.duck8__AceOfSpades__botB.bc24,clbarrell.duck8,1,B,g1drift80,1,1883,CAPTURE,1800,3300,202,19,11,215,13,3,10,399,194,28,289,247,900,356,45.4,13,11,2,0,18.9,43,24,5,1,2,7.50,1,11.04,25.7
gauntlet/20261002-125637-scrim-g1drift80/replays/awu7.ExplosiveBot__Randy__botB.bc24,awu7.ExplosiveBot,0,A,ExplosiveBot,0,2000,MORE_FLAG_CAPTURES,3400,12600,201,8,4,204,51,0,47,133,43,21,201,189,345,1678,29.6,51,32,16,3,11.8,21,6,17,5,0,2.50,2,2.07,15.8
gauntlet/20261002-125637-scrim-g1drift80/replays/awu7.ExplosiveBot__Randy__botB.bc24,awu7.ExplosiveBot,1,B,g1drift80,1,2000,MORE_FLAG_CAPTURES,3400,3400,201,34,16,204,23,2,21,546,284,47,475,432,1678,345,45.8,23,17,6,0,13.7,40,16,32,5,0,4.08,0,10.33,16.3
gauntlet/20261002-125637-scrim-g1drift80/replays/dmtrung14.defaultplayer_intlqualifier__Battlecode24__botA.bc24,dmtrung14.defaultplayer_intlqualifier,1,A,g1drift80,1,818,CAPTURE,12400,22600,203,30,35,230,16,3,13,877,433,0,272,91,118,21,49.3,16,12,4,0,21.8,29,0,0,0,0,0.00,0,4.48,43.9
gauntlet/20261002-125637-scrim-g1drift80/replays/dmtrung14.defaultplayer_intlqualifier__Battlecode24__botA.bc24,dmtrung14.defaultplayer_intlqualifier,0,B,defaultplayer_intlqualifier,0,818,CAPTURE,10200,15400,202,5,3,255,3,0,0,295,57,13,43,38,21,118,46.3,0,0,0,0,,21,4,12,0,0,1.24,3,0.00,60.8
gauntlet/20261002-125637-scrim-g1drift80/replays/dmtrung14.defaultplayer_intlqualifier__DefaultLarge__botA.bc24,dmtrung14.defaultplayer_intlqualifier,1,A,g1drift80,1,1861,CAPTURE,1800,2900,202,27,22,251,12,3,9,500,251,21,292,166,682,44,49.4,12,7,5,0,49.3,38,13,8,1,1,5.52,0,4.43,59.7
gauntlet/20261002-125637-scrim-g1drift80/replays/dmtrung14.defaultplayer_intlqualifier__DefaultLarge__botA.bc24,dmtrung14.defaultplayer_intlqualifier,0,B,defaultplayer_intlqualifier,0,1861,CAPTURE,1800,6200,205,18,14,230,47,0,21,417,81,9,116,111,44,682,30.5,44,8,13,23,37.5,42,5,7,0,0,1.02,3,4.35,61.3
gauntlet/20261002-125637-scrim-g1drift80/replays/dmtrung14.defaultplayer_intlqualifier__BreadPudding__botA.bc24,dmtrung14.defaultplayer_intlqualifier,1,A,g1drift80,1,2000,MORE_FLAG_CAPTURES,2600,2800,207,10,12,240,34,2,32,878,372,4,303,262,453,82,49.0,34,20,14,0,16.3,45,1,3,0,0,7.36,0,6.44,60.3
gauntlet/20261002-125637-scrim-g1drift80/replays/dmtrung14.defaultplayer_intlqualifier__BreadPudding__botA.bc24,dmtrung14.defaultplayer_intlqualifier,0,B,defaultplayer_intlqualifier,0,2000,MORE_FLAG_CAPTURES,2600,3000,202,12,2,212,9,0,4,308,59,32,66,61,82,453,44.3,6,3,1,2,15.8,42,14,20,0,0,3.55,2,1.93,63.4
gauntlet/20261002-125637-scrim-g1drift80/replays/jonters.bling3__Snake__botB.bc24,jonters.bling3,0,A,bling3,0,593,CAPTURE,13100,18500,203,34,21,258,8,0,7,91,34,4,82,62,58,151,43.6,8,3,5,0,33.9,37,2,5,0,0,0.32,3,12.58,19.4
gauntlet/20261002-125637-scrim-g1drift80/replays/jonters.bling3__Snake__botB.bc24,jonters.bling3,1,B,g1drift80,1,593,CAPTURE,13100,36300,204,38,21,217,7,3,4,435,216,7,393,287,151,58,47.6,7,5,2,0,22.3,47,5,3,0,0,4.45,0,5.61,18.5
gauntlet/20261002-125637-scrim-g1drift80/replays/jonters.bling3__Duck__botB.bc24,jonters.bling3,0,A,bling3,0,994,CAPTURE,2900,2900,201,23,27,237,13,1,12,804,380,7,51,31,54,347,40.9,13,7,6,0,29.3,23,3,7,0,0,0.30,3,9.00,7.0
gauntlet/20261002-125637-scrim-g1drift80/replays/jonters.bling3__Duck__botB.bc24,jonters.bling3,1,B,g1drift80,1,994,CAPTURE,2900,2900,201,39,33,223,10,3,7,936,449,12,232,191,347,54,48.6,10,7,3,0,29.1,47,6,7,0,0,0.65,1,10.90,10.4
gauntlet/20261002-125637-scrim-g1drift80/replays/dmtrung14.defaultplayer_intlqualifier__Diagonal__botB.bc24,dmtrung14.defaultplayer_intlqualifier,0,A,defaultplayer_intlqualifier,0,2000,LEVEL_SUM,5100,5100,201,27,24,213,3,0,0,294,13,1,71,55,25,177,47.8,0,0,0,0,,28,0,1,0,0,1.00,0,0.00,33.2
gauntlet/20261002-125637-scrim-g1drift80/replays/dmtrung14.defaultplayer_intlqualifier__Diagonal__botB.bc24,dmtrung14.defaultplayer_intlqualifier,1,B,g1drift80,1,2000,LEVEL_SUM,5100,5100,201,12,12,558,1,0,1,4,2,0,222,129,177,25,49.7,1,1,0,0,39.0,32,0,0,0,0,0.00,0,4.00,67.0
gauntlet/20261002-125637-scrim-g1drift80/replays/dmtrung14.defaultplayer_intlqualifier__QueenOfHearts__botA.bc24,dmtrung14.defaultplayer_intlqualifier,1,A,g1drift80,1,2000,MORE_FLAG_CAPTURES,3500,3500,201,25,34,396,5,2,3,308,144,41,203,62,398,35,49.6,5,4,1,0,41.0,44,14,27,0,0,3.41,0,5.83,37.6
gauntlet/20261002-125637-scrim-g1drift80/replays/dmtrung14.defaultplayer_intlqualifier__QueenOfHearts__botA.bc24,dmtrung14.defaultplayer_intlqualifier,0,B,defaultplayer_intlqualifier,0,2000,MORE_FLAG_CAPTURES,3500,3500,201,24,14,222,75,0,41,602,141,3,81,74,35,398,45.1,72,27,14,31,23.1,37,1,4,0,0,0.19,2,2.67,37.3
gauntlet/20261002-125637-scrim-g1drift80/replays/jonters.bling3__Backslash__botB.bc24,jonters.bling3,0,A,bling3,0,2000,LEVEL_SUM,4700,16600,204,10,21,224,6,1,5,111,53,16,201,197,293,914,38.4,6,5,1,0,19.4,40,5,12,0,0,1.31,1,8.91,5.6
gauntlet/20261002-125637-scrim-g1drift80/replays/jonters.bling3__Backslash__botB.bc24,jonters.bling3,1,B,g1drift80,1,2000,LEVEL_SUM,4700,14600,201,34,16,227,17,1,16,327,165,5,316,284,914,293,46.4,17,12,5,0,22.1,48,1,5,0,0,1.16,1,6.47,21.4
gauntlet/20261002-125637-scrim-g1drift80/replays/jonters.bling3__Waterworld__botB.bc24,jonters.bling3,0,A,bling3,0,961,CAPTURE,13900,16100,217,10,11,230,7,0,7,109,45,10,31,27,88,382,40.1,7,4,3,0,18.1,33,5,8,0,0,1.19,3,9.14,7.9
gauntlet/20261002-125637-scrim-g1drift80/replays/jonters.bling3__Waterworld__botB.bc24,jonters.bling3,1,B,g1drift80,1,961,CAPTURE,13900,15900,222,3,3,461,13,3,10,469,224,7,218,190,382,88,47.8,13,8,5,0,16.4,41,3,4,0,0,2.45,0,9.17,22.5
gauntlet/20261002-125637-scrim-g1drift80/replays/justinottesen.sprint1__Decision__botA.bc24,justinottesen.sprint1,1,A,g1drift80,1,524,CAPTURE,1900,1900,202,45,45,232,3,3,0,488,244,0,104,82,228,1,49.9,3,3,0,0,,37,0,0,0,0,0.00,0,5.48,13.0
gauntlet/20261002-125637-scrim-g1drift80/replays/justinottesen.sprint1__Decision__botA.bc24,justinottesen.sprint1,0,B,sprint1,0,524,CAPTURE,1900,1900,202,13,19,310,0,0,0,0,0,0,7,6,1,228,39.6,0,0,0,0,,27,0,3,0,0,0.32,3,0.00,5.1
gauntlet/20261002-125637-scrim-g1drift80/replays/jonters.bling3__Starfish__botA.bc24,jonters.bling3,1,A,g1drift80,1,1150,CAPTURE,4100,4100,201,23,19,201,12,3,9,176,81,2,184,174,477,103,47.9,12,6,6,0,8.1,38,0,2,0,0,3.54,0,11.43,39.4
gauntlet/20261002-125637-scrim-g1drift80/replays/jonters.bling3__Starfish__botA.bc24,jonters.bling3,0,B,bling3,0,1150,CAPTURE,4100,4200,201,11,5,201,2,0,2,13,6,9,11,10,103,477,39.6,2,2,0,0,9.5,31,6,6,0,0,3.23,3,5.92,7.5
gauntlet/20261002-125637-scrim-g1drift80/replays/justinottesen.sprint1__Fountain__botA.bc24,justinottesen.sprint1,1,A,g1drift80,1,505,CAPTURE,1300,2700,207,20,21,216,16,3,13,266,125,0,80,57,221,19,49.0,16,11,5,0,19.2,46,0,0,0,0,0.00,0,8.42,27.3
gauntlet/20261002-125637-scrim-g1drift80/replays/justinottesen.sprint1__Fountain__botA.bc24,justinottesen.sprint1,0,B,sprint1,0,505,CAPTURE,1300,2300,270,0,1,334,0,0,0,0,0,13,12,10,19,221,40.1,0,0,0,0,,32,5,11,0,0,2.15,3,0.00,8.5
gauntlet/20261002-125637-scrim-g1drift80/replays/justinottesen.sprint1__StackGame__botB.bc24,justinottesen.sprint1,0,A,sprint1,0,760,CAPTURE,4600,4600,202,3,9,210,3,0,3,17,7,23,54,50,50,570,32.1,3,3,0,0,21.7,43,7,19,0,0,2.04,3,1.41,6.3
gauntlet/20261002-125637-scrim-g1drift80/replays/justinottesen.sprint1__StackGame__botB.bc24,justinottesen.sprint1,1,B,g1drift80,1,760,CAPTURE,4600,4600,201,10,3,250,26,3,23,225,97,3,175,97,570,50,48.4,26,19,7,0,17.7,43,0,3,0,0,2.88,0,9.00,18.3
gauntlet/20261002-125637-scrim-g1drift80/replays/quesswho.cretplayer2_3__Checkered__botA.bc24,quesswho.cretplayer2_3,1,A,g1drift80,1,552,CAPTURE,4800,4800,201,13,3,206,4,3,1,344,155,2,99,86,61,45,48.0,4,4,0,0,21.0,47,2,3,0,0,0.51,2,7.84,16.2
gauntlet/20261002-125637-scrim-g1drift80/replays/quesswho.cretplayer2_3__Checkered__botA.bc24,quesswho.cretplayer2_3,0,B,cretplayer2_3,0,552,CAPTURE,4800,4800,201,28,21,206,8,2,2,879,115,1,107,103,45,61,46.5,5,3,2,0,17.0,33,0,4,0,0,0.13,3,27.35,29.1
gauntlet/20261002-125637-scrim-g1drift80/replays/justinottesen.sprint1__OceanFloor__botB.bc24,justinottesen.sprint1,0,A,sprint1,0,1380,CAPTURE,1400,1400,201,24,15,228,24,0,24,488,217,19,53,50,38,1021,32.2,24,20,4,0,28.8,45,5,17,1,0,0.72,3,2.10,7.0
gauntlet/20261002-125637-scrim-g1drift80/replays/justinottesen.sprint1__OceanFloor__botB.bc24,justinottesen.sprint1,1,B,g1drift80,1,1380,CAPTURE,1400,1400,201,39,43,221,22,3,19,1296,609,24,458,409,1021,38,49.3,22,17,5,0,31.3,47,4,20,0,1,0.66,0,9.11,10.3
gauntlet/20261002-125637-scrim-g1drift80/replays/kyleezz.jeeryfix3__Fusbol__botB.bc24,kyleezz.jeeryfix3,0,A,jeeryfix3,0,2000,LEVEL_SUM,7200,9600,202,19,10,259,1,0,1,0,0,0,243,238,289,1223,35.1,1,1,0,0,49.0,35,0,0,0,0,0.00,0,0.00,28.9
gauntlet/20261002-125637-scrim-g1drift80/replays/kyleezz.jeeryfix3__Fusbol__botB.bc24,kyleezz.jeeryfix3,1,B,g1drift80,1,2000,LEVEL_SUM,6000,8400,202,4,9,304,0,0,0,0,0,1,598,504,1223,289,45.0,0,0,0,0,,29,0,1,0,0,0.00,0,0.00,31.9
gauntlet/20261002-125637-scrim-g1drift80/replays/kyleezz.jeeryfix3__Fusbol__botA.bc24,kyleezz.jeeryfix3,1,A,g1drift80,1,2000,LEVEL_SUM,7200,7200,202,8,9,263,8,0,8,9,0,0,661,560,1444,266,46.7,8,7,1,0,40.9,35,0,0,1,0,0.00,0,20.67,30.5
gauntlet/20261002-125637-scrim-g1drift80/replays/kyleezz.jeeryfix3__Fusbol__botA.bc24,kyleezz.jeeryfix3,0,B,jeeryfix3,0,2000,LEVEL_SUM,7200,10800,202,25,16,231,0,0,0,0,0,8,260,257,266,1444,32.5,0,0,0,0,,35,1,7,0,0,4.00,0,0.00,32.7
gauntlet/20261002-125637-scrim-g1drift80/replays/quesswho.cretplayer2_3__BigDucksBigPond__botA.bc24,quesswho.cretplayer2_3,1,A,g1drift80,1,1579,CAPTURE,5100,6600,201,35,36,263,39,3,36,1466,675,28,289,263,609,296,45.4,39,31,8,0,44.5,43,20,11,0,2,1.19,2,8.19,15.3
gauntlet/20261002-125637-scrim-g1drift80/replays/quesswho.cretplayer2_3__BigDucksBigPond__botA.bc24,quesswho.cretplayer2_3,0,B,cretplayer2_3,0,1579,CAPTURE,5100,7400,201,21,30,264,34,2,28,1366,345,36,192,184,296,609,40.3,31,11,20,0,28.9,20,8,31,4,0,1.48,3,23.50,17.0
gauntlet/20261002-125637-scrim-g1drift80/replays/kyleezz.jeeryfix3__BedWars__botA.bc24,kyleezz.jeeryfix3,1,A,g1drift80,1,2000,LEVEL_SUM,2400,2700,289,0,9,301,14,2,12,101,45,20,132,56,195,98,48.8,14,14,0,0,15.7,47,16,6,0,0,4.12,2,2.27,74.3
gauntlet/20261002-125637-scrim-g1drift80/replays/kyleezz.jeeryfix3__BedWars__botA.bc24,kyleezz.jeeryfix3,0,B,jeeryfix3,0,2000,LEVEL_SUM,2400,3400,213,20,5,238,22,2,20,137,62,12,59,43,98,195,47.6,22,6,16,0,15.8,50,0,14,0,0,2.31,2,3.90,77.6
gauntlet/20261002-125637-scrim-g1drift80/replays/quesswho.cretplayer2_3__Digging__botA.bc24,quesswho.cretplayer2_3,1,A,g1drift80,1,1753,CAPTURE,700,2900,205,3,15,356,10,3,7,371,181,13,326,246,1619,226,46.8,10,6,4,0,24.3,44,12,2,4,3,15.21,1,9.51,20.7
gauntlet/20261002-125637-scrim-g1drift80/replays/quesswho.cretplayer2_3__Digging__botA.bc24,quesswho.cretplayer2_3,0,B,cretplayer2_3,0,1753,CAPTURE,700,2400,211,18,0,218,17,1,13,673,28,7,180,174,226,1619,27.3,14,2,12,0,10.5,33,4,6,0,0,0.97,3,20.16,19.2
gauntlet/20261002-131010-scrim-g1drift80/losses/ColtG5.Goob_final__MazeRunner__botA.bc24,ColtG5.Goob_final,1,A,g1drift80,0,2000,MORE_FLAG_CAPTURES,2600,3800,208,2,8,600,0,0,0,0,0,7,218,184,966,313,46.2,0,0,0,0,,28,4,5,0,0,1.30,2,0.00,31.9
gauntlet/20261002-131010-scrim-g1drift80/losses/ColtG5.Goob_final__MazeRunner__botA.bc24,ColtG5.Goob_final,0,B,Goob_final,1,2000,MORE_FLAG_CAPTURES,2600,6800,207,30,28,245,9,2,7,135,63,0,216,177,313,966,38.2,9,5,4,0,26.6,42,0,0,0,0,0.00,0,3.93,13.6
gauntlet/20261002-131010-scrim-g1drift80/losses/CyrilSharma.finalBot__AceOfSpades__botB.bc24,CyrilSharma.finalBot,0,A,finalBot,1,929,CAPTURE,1800,16200,206,20,23,221,17,3,14,435,190,7,506,489,347,214,44.5,17,6,11,0,23.7,41,0,7,0,0,4.21,0,7.90,44.3
gauntlet/20261002-131010-scrim-g1drift80/losses/CyrilSharma.finalBot__AceOfSpades__botB.bc24,CyrilSharma.finalBot,1,B,g1drift80,0,929,CAPTURE,1800,5400,202,17,8,220,7,0,7,34,10,14,138,115,214,347,40.9,7,7,0,0,20.3,47,11,6,0,0,2.93,3,3.65,47.6
gauntlet/20261002-131010-scrim-g1drift80/losses/ColtG5.Goob_final__OceanFloor__botA.bc24,ColtG5.Goob_final,1,A,g1drift80,0,2000,MORE_FLAG_CAPTURES,1400,1400,201,22,17,228,7,1,6,175,83,8,248,209,1060,465,44.3,7,6,1,0,35.8,46,3,7,1,1,1.39,2,6.61,23.1
gauntlet/20261002-131010-scrim-g1drift80/losses/ColtG5.Goob_final__OceanFloor__botA.bc24,ColtG5.Goob_final,0,B,Goob_final,1,2000,MORE_FLAG_CAPTURES,1400,1400,201,26,3,215,10,2,8,186,87,6,308,297,465,1060,37.0,10,7,3,0,29.0,47,1,6,0,0,1.14,1,3.56,11.4
gauntlet/20261002-131010-scrim-g1drift80/losses/ColtG5.Goob_final__Snake__botA.bc24,ColtG5.Goob_final,1,A,g1drift80,0,2000,MORE_FLAG_CAPTURES,13100,22300,203,36,42,230,0,0,0,0,0,14,411,394,984,558,43.2,0,0,0,0,,45,7,9,0,0,1.60,2,0.00,28.1
gauntlet/20261002-131010-scrim-g1drift80/losses/ColtG5.Goob_final__Snake__botA.bc24,ColtG5.Goob_final,0,B,Goob_final,1,2000,MORE_FLAG_CAPTURES,13100,35300,207,17,9,252,16,2,14,238,109,0,550,508,558,984,38.0,16,9,7,0,29.1,42,0,0,0,0,0.00,0,3.79,15.8
gauntlet/20261002-131010-scrim-g1drift80/losses/ColtG5.Goob_final__Tunnels__botA.bc24,ColtG5.Goob_final,1,A,g1drift80,0,2000,MORE_FLAG_CAPTURES,2400,3300,375,0,0,375,0,0,0,0,0,4,216,198,844,325,46.0,0,0,0,0,,34,1,4,0,0,3.77,1,0.00,41.8
gauntlet/20261002-131010-scrim-g1drift80/losses/ColtG5.Goob_final__Tunnels__botA.bc24,ColtG5.Goob_final,0,B,Goob_final,1,2000,MORE_FLAG_CAPTURES,2400,3300,208,3,8,272,5,1,4,52,23,0,219,188,325,844,39.7,5,4,1,0,11.3,35,0,0,0,0,0.00,0,7.19,15.6
gauntlet/20261002-131010-scrim-g1drift80/losses/CyrilSharma.finalBot__DefaultLarge__botA.bc24,CyrilSharma.finalBot,1,A,g1drift80,0,702,CAPTURE,1800,3300,202,13,15,281,15,0,14,145,62,8,97,88,133,155,44.6,15,8,7,0,44.8,45,6,5,0,0,0.81,3,3.10,32.3
gauntlet/20261002-131010-scrim-g1drift80/losses/CyrilSharma.finalBot__DefaultLarge__botA.bc24,CyrilSharma.finalBot,0,B,finalBot,1,702,CAPTURE,1800,5800,202,32,36,245,11,3,8,365,179,14,193,187,155,133,45.4,11,5,6,0,38.3,43,7,8,0,0,1.38,0,7.44,32.6
gauntlet/20261002-131010-scrim-g1drift80/losses/Gymhgy.v10official__DefaultMedium__botB.bc24,Gymhgy.v10official,0,A,v10official,1,732,CAPTURE,2900,5000,201,32,19,224,75,3,14,917,130,11,126,117,137,74,47.5,72,12,7,53,22.7,39,1,10,0,0,1.55,0,8.42,6.0
gauntlet/20261002-131010-scrim-g1drift80/losses/Gymhgy.v10official__DefaultMedium__botB.bc24,Gymhgy.v10official,1,B,g1drift80,0,732,CAPTURE,2900,2900,201,23,21,287,11,0,11,448,214,14,65,44,74,137,45.5,11,10,1,0,23.5,42,7,12,0,0,2.31,3,3.88,23.6
gauntlet/20261002-131010-scrim-g1drift80/losses/CyrilSharma.finalBot__BedWars__botB.bc24,CyrilSharma.finalBot,0,A,finalBot,1,2000,MORE_FLAG_CAPTURES,2400,8200,206,24,30,229,2,1,1,63,31,4,273,266,264,564,43.2,2,1,1,0,17.0,47,0,4,0,0,3.08,0,7.11,59.1
gauntlet/20261002-131010-scrim-g1drift80/losses/CyrilSharma.finalBot__BedWars__botB.bc24,CyrilSharma.finalBot,1,B,g1drift80,0,2000,MORE_FLAG_CAPTURES,2400,2500,243,2,0,252,4,0,4,25,10,1,205,152,564,264,46.8,4,4,0,0,13.3,49,1,1,0,0,1.33,1,1.48,38.9
gauntlet/20261002-131010-scrim-g1drift80/losses/CyrilSharma.finalBot__QuestionableChess__botB.bc24,CyrilSharma.finalBot,0,A,finalBot,1,2000,MORE_FLAG_CAPTURES,0,0,201,30,17,218,38,1,35,279,126,7,387,382,604,596,42.7,38,13,25,0,22.6,34,2,5,2,0,3.29,0,5.22,52.9
gauntlet/20261002-131010-scrim-g1drift80/losses/CyrilSharma.finalBot__QuestionableChess__botB.bc24,CyrilSharma.finalBot,1,B,g1drift80,0,2000,MORE_FLAG_CAPTURES,0,0,202,5,6,270,7,0,7,41,13,35,174,172,596,604,42.6,7,5,2,0,13.3,44,25,13,0,0,4.22,1,5.37,44.3
gauntlet/20261002-131010-scrim-g1drift80/losses/CyrilSharma.finalBot__YearOfTheDragon__botA.bc24,CyrilSharma.finalBot,1,A,g1drift80,0,2000,MORE_FLAG_CAPTURES,10800,10800,201,23,21,215,8,1,7,64,29,30,308,284,720,567,43.1,8,7,1,0,19.6,43,21,11,0,0,4.03,2,4.80,41.8
gauntlet/20261002-131010-scrim-g1drift80/losses/CyrilSharma.finalBot__YearOfTheDragon__botA.bc24,CyrilSharma.finalBot,0,B,finalBot,1,2000,MORE_FLAG_CAPTURES,10800,10800,201,17,18,223,32,2,30,229,102,7,724,705,567,720,41.3,32,11,21,0,29.6,41,1,7,10,0,1.31,1,5.14,38.3
gauntlet/20261002-131010-scrim-g1drift80/losses/Gymhgy.v10official__GravitationalWaves__botA.bc24,Gymhgy.v10official,1,A,g1drift80,0,2000,MORE_FLAG_CAPTURES,3700,3700,201,28,24,616,1,0,1,1,0,24,216,170,299,188,47.7,1,1,0,0,31.0,17,7,19,0,0,4.35,2,0.00,32.3
gauntlet/20261002-131010-scrim-g1drift80/losses/Gymhgy.v10official__GravitationalWaves__botA.bc24,Gymhgy.v10official,0,B,v10official,1,2000,MORE_FLAG_CAPTURES,3700,3700,201,26,33,201,60,2,24,780,79,1,257,199,188,299,46.4,57,19,7,31,23.4,13,0,1,1,1,1.00,0,6.21,3.9
gauntlet/20261002-131010-scrim-g1drift80/losses/IvanGeffner.kuma__Alien__botA.bc24,IvanGeffner.kuma,1,A,g1drift80,0,395,CAPTURE,3300,3300,202,9,3,209,4,0,4,60,24,5,61,53,42,74,45.6,4,3,1,0,9.3,41,5,3,0,0,2.92,3,4.88,37.9
gauntlet/20261002-131010-scrim-g1drift80/losses/IvanGeffner.kuma__Alien__botA.bc24,IvanGeffner.kuma,0,B,kuma,1,395,CAPTURE,3300,3300,203,43,27,219,22,3,5,108,51,4,106,78,74,42,47.5,22,3,5,14,9.6,31,1,3,0,0,2.80,0,6.09,31.9
gauntlet/20261002-131010-scrim-g1drift80/losses/Gymhgy.v10official__Starfish__botB.bc24,Gymhgy.v10official,0,A,v10official,1,2000,MORE_FLAG_CAPTURES,4100,4100,201,22,9,201,16,2,3,608,170,3,216,201,392,903,38.9,13,2,3,8,8.0,42,2,3,0,0,0.24,1,12.65,7.7
gauntlet/20261002-131010-scrim-g1drift80/losses/Gymhgy.v10official__Starfish__botB.bc24,Gymhgy.v10official,1,B,g1drift80,0,2000,MORE_FLAG_CAPTURES,4100,4200,201,16,7,201,5,1,3,1297,710,3,212,193,903,392,45.3,5,3,2,0,5.7,37,3,2,0,0,7.29,2,0.83,28.1
gauntlet/20261002-131010-scrim-g1drift80/losses/Gymhgy.v10official__HeMustBeFreed__botB.bc24,Gymhgy.v10official,0,A,v10official,1,2000,MORE_FLAG_CAPTURES,5900,18300,201,34,33,262,61,2,12,819,89,16,298,248,333,292,46.5,58,11,4,43,47.5,37,3,13,0,0,0.70,0,5.46,4.9
gauntlet/20261002-131010-scrim-g1drift80/losses/Gymhgy.v10official__HeMustBeFreed__botB.bc24,Gymhgy.v10official,1,B,g1drift80,0,2000,MORE_FLAG_CAPTURES,2800,3300,201,6,7,353,16,0,16,547,269,12,176,162,292,333,45.9,16,13,3,0,38.8,26,4,11,0,0,1.50,2,1.69,33.7
gauntlet/20261002-131010-scrim-g1drift80/losses/IvanGeffner.kuma__Capacitance__botA.bc24,IvanGeffner.kuma,1,A,g1drift80,0,856,CAPTURE,3600,4000,201,14,25,211,1,1,0,14,7,8,123,120,153,209,44.1,1,1,0,0,,46,3,12,0,0,1.67,3,18.21,32.9
gauntlet/20261002-131010-scrim-g1drift80/losses/IvanGeffner.kuma__Capacitance__botA.bc24,IvanGeffner.kuma,0,B,kuma,1,856,CAPTURE,3600,6000,201,30,30,212,43,3,8,324,152,0,248,225,209,153,45.7,43,12,3,28,10.8,45,0,1,0,0,0.71,1,3.36,30.3
gauntlet/20261002-131010-scrim-g1drift80/losses/IvanGeffner.kuma__BigDucksBigPond__botA.bc24,IvanGeffner.kuma,1,A,g1drift80,0,1853,CAPTURE,5100,7100,201,11,10,225,0,0,0,0,0,15,225,223,439,1068,35.9,0,0,0,0,,46,8,11,0,0,1.78,3,0.00,32.0
gauntlet/20261002-131010-scrim-g1drift80/losses/IvanGeffner.kuma__BigDucksBigPond__botA.bc24,IvanGeffner.kuma,0,B,kuma,1,1853,CAPTURE,5100,6900,201,36,33,248,38,3,15,255,133,0,753,701,1068,439,44.2,38,11,8,19,50.1,46,0,0,8,1,0.00,0,2.84,23.1
gauntlet/20261002-131010-scrim-g1drift80/losses/IvanGeffner.kuma__StackGame__botB.bc24,IvanGeffner.kuma,0,A,kuma,1,412,CAPTURE,4600,4600,203,40,20,219,21,3,4,118,55,0,117,81,88,50,47.0,21,7,1,13,16.8,44,0,0,0,0,0.00,0,5.90,29.2
gauntlet/20261002-131010-scrim-g1drift80/losses/IvanGeffner.kuma__StackGame__botB.bc24,IvanGeffner.kuma,1,B,g1drift80,0,412,CAPTURE,4600,4600,201,0,1,0,0,0,0,0,0,4,73,67,50,88,45.2,0,0,0,0,,45,1,7,0,0,1.86,3,0.00,29.2
gauntlet/20261002-131010-scrim-g1drift80/losses/IvanGeffner.kuma__Randy__botB.bc24,IvanGeffner.kuma,0,A,kuma,1,2000,MORE_FLAG_CAPTURES,3400,13600,201,22,10,208,40,2,9,148,66,3,632,561,711,401,45.2,40,7,6,27,10.9,28,0,3,3,1,2.21,0,8.09,27.7
gauntlet/20261002-131010-scrim-g1drift80/losses/IvanGeffner.kuma__Randy__botB.bc24,IvanGeffner.kuma,1,B,g1drift80,0,2000,MORE_FLAG_CAPTURES,3400,3400,201,26,4,215,3,0,3,98,38,9,230,219,401,711,41.3,3,3,0,0,8.0,41,6,7,0,0,3.79,2,4.90,35.1
gauntlet/20261002-131010-scrim-g1drift80/losses/IvanGeffner.kuma__Diagonal__botB.bc24,IvanGeffner.kuma,0,A,kuma,1,2000,LEVEL_SUM,5100,5100,201,30,32,255,0,0,0,0,0,8,328,277,199,189,47.7,0,0,0,0,,38,2,6,0,0,3.78,0,0.00,44.2
gauntlet/20261002-131010-scrim-g1drift80/losses/IvanGeffner.kuma__Diagonal__botB.bc24,IvanGeffner.kuma,1,B,g1drift80,0,2000,LEVEL_SUM,5100,5100,201,17,10,240,8,0,8,36,12,0,243,142,189,199,47.6,8,6,2,0,30.9,36,0,0,0,0,0.00,0,3.17,60.0
gauntlet/20261002-131010-scrim-g1drift80/losses/NotLLeon.v3__Decision__botB.bc24,NotLLeon.v3,0,A,v3,1,1762,CAPTURE,1600,1700,202,13,26,226,80,3,61,977,447,27,272,256,435,561,42.2,80,18,46,16,32.2,24,7,21,13,1,0.67,1,7.94,8.9
gauntlet/20261002-131010-scrim-g1drift80/losses/NotLLeon.v3__Decision__botB.bc24,NotLLeon.v3,1,B,g1drift80,0,1762,CAPTURE,1900,2100,202,30,39,241,28,1,27,913,440,61,230,200,561,435,44.0,28,21,7,0,35.1,34,46,18,0,0,2.44,3,4.18,19.9
gauntlet/20261002-131010-scrim-g1drift80/losses/NotLLeon.v3__Foxes__botB.bc24,NotLLeon.v3,0,A,v3,1,638,CAPTURE,7500,7500,208,17,31,267,34,3,20,329,147,14,156,150,92,116,45.6,34,6,17,11,28.5,41,0,15,0,0,1.14,1,8.29,10.5
gauntlet/20261002-131010-scrim-g1drift80/losses/NotLLeon.v3__Foxes__botB.bc24,NotLLeon.v3,1,B,g1drift80,0,638,CAPTURE,7500,7500,204,11,18,244,15,1,14,298,136,20,133,112,116,92,46.6,15,15,0,0,25.9,42,17,6,0,0,2.73,3,2.78,24.7
gauntlet/20261002-131010-scrim-g1drift80/losses/NotLLeon.v3__Duck__botB.bc24,NotLLeon.v3,0,A,v3,1,2000,MORE_FLAG_CAPTURES,2900,2900,201,29,39,224,106,2,64,1552,735,46,325,322,476,553,43.3,106,23,46,37,30.1,45,13,34,17,0,0.57,1,8.05,17.7
gauntlet/20261002-131010-scrim-g1drift80/losses/NotLLeon.v3__Duck__botB.bc24,NotLLeon.v3,1,B,g1drift80,0,2000,MORE_FLAG_CAPTURES,2800,2800,201,21,19,226,47,1,46,2102,1073,64,300,242,553,476,44.3,47,34,13,0,33.0,45,46,23,8,0,1.80,2,5.90,15.3
gauntlet/20261002-131010-scrim-g1drift80/losses/SampleProvider.TSPAARKSPRINT1__English__botA.bc24,SampleProvider.TSPAARKSPRINT1,1,A,g1drift80,0,794,CAPTURE,10900,10900,201,40,46,302,11,1,9,423,195,21,179,137,181,17,49.5,11,8,3,0,38.9,47,11,13,0,0,0.86,3,9.14,24.4
gauntlet/20261002-131010-scrim-g1drift80/losses/SampleProvider.TSPAARKSPRINT1__English__botA.bc24,SampleProvider.TSPAARKSPRINT1,0,B,TSPAARKSPRINT1,1,794,CAPTURE,10900,10900,201,27,15,219,27,3,21,818,274,9,32,27,17,181,44.3,24,13,11,0,32.0,40,3,8,0,0,1.62,1,5.53,12.9
gauntlet/20261002-131010-scrim-g1drift80/losses/NotLLeon.v3__FloodGates__botA.bc24,NotLLeon.v3,1,A,g1drift80,0,2000,MORE_FLAG_CAPTURES,500,1400,241,0,0,378,6,0,6,49,23,20,216,189,471,307,46.3,6,6,0,0,14.7,26,15,7,0,0,6.81,2,4.43,44.5
gauntlet/20261002-131010-scrim-g1drift80/losses/NotLLeon.v3__FloodGates__botA.bc24,NotLLeon.v3,0,B,v3,1,2000,MORE_FLAG_CAPTURES,500,2000,208,6,30,290,49,2,20,222,78,6,225,204,307,471,44.3,49,7,15,27,15.2,34,0,6,0,0,2.73,0,16.43,13.7
gauntlet/20261002-131010-scrim-g1drift80/losses/SampleProvider.TSPAARKSPRINT1__EndAround__botA.bc24,SampleProvider.TSPAARKSPRINT1,1,A,g1drift80,0,1351,CAPTURE,2200,5500,203,34,42,224,4,0,4,33,5,64,200,188,299,128,47.7,4,4,0,0,33.3,47,34,33,0,0,1.12,3,7.55,41.7
gauntlet/20261002-131010-scrim-g1drift80/losses/SampleProvider.TSPAARKSPRINT1__EndAround__botA.bc24,SampleProvider.TSPAARKSPRINT1,0,B,TSPAARKSPRINT1,1,1351,CAPTURE,2500,5800,208,1,18,271,70,3,64,1744,769,4,75,50,128,299,44.5,67,33,34,0,25.0,41,0,4,6,2,1.85,0,7.17,17.8
gauntlet/20261002-131010-scrim-g1drift80/losses/NotLLeon.v3__Rainbow__botA.bc24,NotLLeon.v3,1,A,g1drift80,0,2000,MORE_FLAG_CAPTURES,6000,6000,201,30,12,209,0,0,0,0,0,67,244,228,620,516,43.7,0,0,0,0,,47,43,26,0,0,5.67,2,0.00,24.8
gauntlet/20261002-131010-scrim-g1drift80/losses/NotLLeon.v3__Rainbow__botA.bc24,NotLLeon.v3,0,B,v3,1,2000,MORE_FLAG_CAPTURES,6000,6000,201,20,8,245,77,2,67,375,159,0,386,362,516,620,42.4,77,26,43,8,36.1,47,0,0,17,0,0.00,0,8.35,10.7
gauntlet/20261002-131010-scrim-g1drift80/losses/Strequals.duck0127v5__Canals__botA.bc24,Strequals.duck0127v5,1,A,g1drift80,0,778,CAPTURE,4600,4900,209,0,0,449,1,0,1,3,0,12,120,103,80,187,44.2,1,1,0,0,17.0,47,4,11,0,0,2.48,3,3.00,26.9
gauntlet/20261002-131010-scrim-g1drift80/losses/Strequals.duck0127v5__Canals__botA.bc24,Strequals.duck0127v5,0,B,duck0127v5,1,778,CAPTURE,4600,6000,203,4,28,312,15,3,12,260,123,1,248,218,187,80,47.5,15,11,4,0,29.8,44,0,1,0,0,2.00,0,9.55,29.5
gauntlet/20261002-131010-scrim-g1drift80/losses/Strequals.duck0127v5__Skyline__botB.bc24,Strequals.duck0127v5,0,A,duck0127v5,1,546,CAPTURE,21600,21600,204,10,9,211,8,3,5,117,57,14,173,147,75,44,48.0,8,4,4,0,15.2,31,5,9,0,0,8.22,0,7.16,33.1
gauntlet/20261002-131010-scrim-g1drift80/losses/Strequals.duck0127v5__Skyline__botB.bc24,Strequals.duck0127v5,1,B,g1drift80,0,546,CAPTURE,21600,21600,201,29,23,224,14,0,14,63,21,5,219,148,44,75,46.6,14,9,5,0,17.5,47,4,4,0,0,0.83,3,3.46,33.5
gauntlet/20261002-131010-scrim-g1drift80/losses/Strequals.duck0127v5__Soccer__botA.bc24,Strequals.duck0127v5,1,A,g1drift80,0,565,CAPTURE,3000,3000,211,21,15,232,15,0,15,94,40,9,76,57,52,106,45.5,15,12,3,0,29.8,29,6,6,0,0,0.82,3,7.67,26.3
gauntlet/20261002-131010-scrim-g1drift80/losses/Strequals.duck0127v5__Soccer__botA.bc24,Strequals.duck0127v5,0,B,duck0127v5,1,565,CAPTURE,3000,3200,208,9,6,258,12,3,9,175,85,15,143,110,106,52,47.8,12,6,6,0,31.6,34,3,12,0,0,4.37,0,7.44,26.6
gauntlet/20261002-131010-scrim-g1drift80/losses/Strequals.duck0127v5__Divergent__botA.bc24,Strequals.duck0127v5,1,A,g1drift80,0,2000,MORE_FLAG_CAPTURES,3700,3700,203,12,12,244,3,0,3,16,6,1,222,181,145,398,45.1,3,2,1,0,31.3,43,1,2,0,0,0.11,2,1.44,30.6
gauntlet/20261002-131010-scrim-g1drift80/losses/Strequals.duck0127v5__Divergent__botA.bc24,Strequals.duck0127v5,0,B,duck0127v5,1,2000,MORE_FLAG_CAPTURES,3700,3700,203,1,31,309,3,2,1,195,98,3,430,372,398,145,48.2,3,2,1,0,25.0,20,1,2,0,0,2.44,0,6.62,30.7
gauntlet/20261002-131010-scrim-g1drift80/losses/andli28.v9_USQuals_angle__AceOfSpades__botB.bc24,andli28.v9_USQuals_angle,0,A,v9_USQuals_angle,1,876,CAPTURE,1800,17100,202,14,6,241,35,3,32,242,101,0,396,317,334,150,45.9,35,10,25,0,17.8,37,0,0,0,0,0.00,0,5.86,12.8
gauntlet/20261002-131010-scrim-g1drift80/losses/andli28.v9_USQuals_angle__AceOfSpades__botB.bc24,andli28.v9_USQuals_angle,1,B,g1drift80,0,876,CAPTURE,1800,4500,202,25,18,248,0,0,0,0,0,32,119,112,150,334,40.9,0,0,0,0,,46,25,10,0,0,5.46,3,0.00,31.3
gauntlet/20261002-131010-scrim-g1drift80/losses/Strequals.duck0127v5__Foxes__botB.bc24,Strequals.duck0127v5,0,A,duck0127v5,1,1670,CAPTURE,6900,6900,202,16,39,241,18,3,15,272,133,6,633,594,590,306,45.5,18,9,9,0,31.4,42,0,6,1,1,1.17,0,11.74,30.2
gauntlet/20261002-131010-scrim-g1drift80/losses/Strequals.duck0127v5__Foxes__botB.bc24,Strequals.duck0127v5,1,B,g1drift80,0,1670,CAPTURE,7500,7800,202,17,15,310,6,0,6,71,33,15,233,211,306,590,41.3,6,6,0,0,30.3,34,9,9,0,0,1.31,3,2.21,34.2
gauntlet/20261002-131010-scrim-g1drift80/losses/andli28.v9_USQuals_angle__Gated__botA.bc24,andli28.v9_USQuals_angle,1,A,g1drift80,0,2000,MORE_FLAG_CAPTURES,1500,2200,204,0,0,313,7,1,6,166,76,5,206,169,264,334,45.9,7,7,0,0,18.5,31,4,3,0,0,1.16,2,1.67,29.5
gauntlet/20261002-131010-scrim-g1drift80/losses/andli28.v9_USQuals_angle__Gated__botA.bc24,andli28.v9_USQuals_angle,0,B,v9_USQuals_angle,1,2000,MORE_FLAG_CAPTURES,1500,2600,209,41,33,245,7,2,5,105,50,6,245,215,334,264,46.8,7,3,4,0,20.2,34,0,7,0,0,0.45,1,2.99,19.9
gauntlet/20261002-131010-scrim-g1drift80/losses/andli28.v9_USQuals_angle__SteamboatMickey__botB.bc24,andli28.v9_USQuals_angle,0,A,v9_USQuals_angle,1,783,CAPTURE,7300,17200,201,16,31,293,17,3,14,360,173,11,277,237,227,119,46.3,17,8,9,0,21.8,41,2,10,0,0,1.45,1,1.74,11.3
gauntlet/20261002-131010-scrim-g1drift80/losses/andli28.v9_USQuals_angle__SteamboatMickey__botB.bc24,andli28.v9_USQuals_angle,1,B,g1drift80,0,783,CAPTURE,7300,9400,201,22,11,201,12,1,11,220,95,14,159,136,119,227,43.1,12,10,2,0,24.8,46,9,8,0,0,1.19,3,4.00,21.4
gauntlet/20261002-131010-scrim-g1drift80/losses/andli28.v9_USQuals_angle__Occulus__botA.bc24,andli28.v9_USQuals_angle,1,A,g1drift80,0,2000,MORE_FLAG_CAPTURES,1800,1800,201,20,18,217,2,0,2,2,0,7,219,199,502,545,43.4,2,2,0,0,19.0,43,5,4,0,0,2.66,2,9.50,27.4
gauntlet/20261002-131010-scrim-g1drift80/losses/andli28.v9_USQuals_angle__Occulus__botA.bc24,andli28.v9_USQuals_angle,0,B,v9_USQuals_angle,1,2000,MORE_FLAG_CAPTURES,1800,9600,201,14,31,280,9,2,7,164,76,2,596,532,545,502,43.9,9,4,5,0,19.1,37,0,2,0,0,4.50,0,5.24,19.3
gauntlet/20261002-131010-scrim-g1drift80/losses/andli28.v9_USQuals_angle__Funnel__botB.bc24,andli28.v9_USQuals_angle,0,A,v9_USQuals_angle,1,1838,CAPTURE,2200,4300,203,21,29,269,30,3,27,527,269,6,574,521,558,443,44.1,30,17,13,0,47.6,38,1,6,11,2,1.83,1,2.16,10.7
gauntlet/20261002-131010-scrim-g1drift80/losses/andli28.v9_USQuals_angle__Funnel__botB.bc24,andli28.v9_USQuals_angle,1,B,g1drift80,0,1838,CAPTURE,2200,3600,201,31,29,240,7,1,6,306,138,27,235,228,443,558,42.6,7,6,1,0,47.0,33,13,17,1,0,1.08,3,9.29,24.2
gauntlet/20261002-131010-scrim-g1drift80/losses/andli28.v9_USQuals_angle__QuestionableChess__botA.bc24,andli28.v9_USQuals_angle,1,A,g1drift80,0,819,CAPTURE,0,0,201,12,31,281,0,0,0,0,0,36,45,44,156,192,44.5,0,0,0,0,,40,27,12,0,0,3.89,3,0.00,32.8
gauntlet/20261002-131010-scrim-g1drift80/losses/andli28.v9_USQuals_angle__QuestionableChess__botA.bc24,andli28.v9_USQuals_angle,0,B,v9_USQuals_angle,1,819,CAPTURE,0,0,204,21,16,240,39,3,36,275,118,0,132,100,192,156,45.4,39,12,27,0,17.7,33,0,0,0,0,0.00,0,3.60,14.1
gauntlet/20261002-131010-scrim-g1drift80/losses/andrewgopher.player22__Yinyang__botB.bc24,andrewgopher.player22,0,A,player22,1,360,CAPTURE,2900,3200,201,29,27,203,6,3,0,81,39,0,65,43,45,67,45.6,3,3,0,0,,50,0,0,0,0,0.00,0,7.49,23.8
gauntlet/20261002-131010-scrim-g1drift80/losses/andrewgopher.player22__Yinyang__botB.bc24,andrewgopher.player22,1,B,g1drift80,0,360,CAPTURE,2900,2900,201,0,0,320,0,0,0,0,0,0,63,53,67,45,47.1,0,0,0,0,,47,0,3,0,0,0.97,3,0.00,25.8
gauntlet/20261002-131010-scrim-g1drift80/losses/andrewgopher.player22__StackGame__botA.bc24,andrewgopher.player22,1,A,g1drift80,0,434,CAPTURE,4600,4600,201,0,0,0,0,0,0,0,0,5,73,53,112,79,45.7,0,0,0,0,,44,3,5,0,0,3.14,3,0.00,35.8
gauntlet/20261002-131010-scrim-g1drift80/losses/andrewgopher.player22__StackGame__botA.bc24,andrewgopher.player22,0,B,player22,1,434,CAPTURE,4600,4600,202,44,23,216,11,3,5,97,43,0,97,63,79,112,43.9,8,5,3,0,17.0,42,0,0,0,0,0.00,0,7.47,21.0
gauntlet/20261002-131010-scrim-g1drift80/losses/andrewgopher.player22__Divergent__botB.bc24,andrewgopher.player22,0,A,player22,1,2000,LEVEL_SUM,3700,3700,203,29,13,239,7,0,4,33,13,21,429,398,752,576,43.0,4,3,1,0,22.5,34,3,18,0,0,0.67,0,0.87,11.6
gauntlet/20261002-131010-scrim-g1drift80/losses/andrewgopher.player22__Divergent__botB.bc24,andrewgopher.player22,1,B,g1drift80,0,2000,LEVEL_SUM,3700,3700,202,0,0,417,21,0,21,272,127,4,233,207,576,752,40.9,21,18,3,0,24.3,46,1,3,0,0,1.63,0,0.76,34.2
gauntlet/20261002-131010-scrim-g1drift80/losses/chenyx512.flagbot_final__Alligator__botA.bc24,chenyx512.flagbot_final,1,A,g1drift80,0,966,CAPTURE,3300,3600,201,8,6,239,2,0,2,71,34,7,115,107,95,395,40.1,2,2,0,0,11.0,33,6,4,0,0,2.49,3,2.10,35.6
gauntlet/20261002-131010-scrim-g1drift80/losses/chenyx512.flagbot_final__Alligator__botA.bc24,chenyx512.flagbot_final,0,B,flagbot_final,1,966,CAPTURE,3300,9000,201,21,33,208,13,3,7,726,300,2,397,296,395,95,47.6,10,4,6,0,16.7,35,0,2,0,0,1.94,0,7.85,32.2
gauntlet/20261002-131010-scrim-g1drift80/losses/andrewgopher.player22__Fountain__botA.bc24,andrewgopher.player22,1,A,g1drift80,0,2000,MORE_FLAG_CAPTURES,1700,2500,310,0,0,339,1,0,1,6,3,4,209,184,794,385,45.3,1,1,0,0,14.0,46,1,4,0,0,2.02,1,0.00,27.1
gauntlet/20261002-131010-scrim-g1drift80/losses/andrewgopher.player22__Fountain__botA.bc24,andrewgopher.player22,0,B,player22,1,2000,MORE_FLAG_CAPTURES,1700,2900,209,6,23,263,8,1,4,54,24,1,182,173,385,794,40.3,5,4,1,0,19.3,45,0,1,0,0,1.00,0,3.16,12.7
gauntlet/20261002-131010-scrim-g1drift80/losses/andrewgopher.player22__Snake__botA.bc24,andrewgopher.player22,1,A,g1drift80,0,2000,MORE_FLAG_CAPTURES,13100,26400,203,15,10,287,10,0,10,104,75,6,429,411,729,699,41.5,10,7,3,0,29.1,47,4,4,3,0,1.63,2,4.97,23.4
gauntlet/20261002-131010-scrim-g1drift80/losses/andrewgopher.player22__Snake__botA.bc24,andrewgopher.player22,0,B,player22,1,2000,MORE_FLAG_CAPTURES,13100,35300,207,20,30,263,11,2,6,194,90,10,499,473,699,729,41.2,8,4,4,0,33.7,44,3,7,0,0,1.46,0,7.68,11.7
gauntlet/20261002-131010-scrim-g1drift80/losses/andrewgopher.player22__WheresMyWater__botA.bc24,andrewgopher.player22,1,A,g1drift80,0,2000,MORE_FLAG_CAPTURES,3000,3000,201,0,3,201,2,1,1,13,5,3,222,216,710,864,39.6,2,1,1,0,3.0,44,1,5,0,0,1.50,2,6.08,31.2
gauntlet/20261002-131010-scrim-g1drift80/losses/andrewgopher.player22__WheresMyWater__botA.bc24,andrewgopher.player22,0,B,player22,1,2000,MORE_FLAG_CAPTURES,3000,7200,201,29,21,201,9,2,3,73,33,1,388,360,864,710,41.4,6,5,1,0,16.0,39,1,1,0,0,0.92,1,6.11,12.7
gauntlet/20261002-131010-scrim-g1drift80/losses/chenyx512.flagbot_final__Bunkers__botA.bc24,chenyx512.flagbot_final,1,A,g1drift80,0,905,CAPTURE,2800,2800,201,5,23,281,26,2,24,322,143,6,108,105,73,458,37.7,26,12,14,0,15.6,46,3,6,0,0,1.19,3,6.39,29.0
gauntlet/20261002-131010-scrim-g1drift80/losses/chenyx512.flagbot_final__Bunkers__botA.bc24,chenyx512.flagbot_final,0,B,flagbot_final,1,905,CAPTURE,2800,2800,201,20,25,219,12,3,6,757,307,24,278,220,458,73,48.0,9,6,3,0,17.5,46,14,12,0,0,3.29,2,12.14,24.5
gauntlet/20261002-131010-scrim-g1drift80/losses/chenyx512.flagbot_final__CH3353C4K3F4CT0RY__botB.bc24,chenyx512.flagbot_final,0,A,flagbot_final,1,797,CAPTURE,13000,13400,206,22,30,257,17,3,11,756,312,5,416,357,270,74,47.7,14,8,6,0,22.4,41,0,5,0,0,4.02,0,8.85,26.9
gauntlet/20261002-131010-scrim-g1drift80/losses/chenyx512.flagbot_final__CH3353C4K3F4CT0RY__botB.bc24,chenyx512.flagbot_final,1,B,g1drift80,0,797,CAPTURE,13000,13000,202,22,20,302,5,0,5,51,22,11,199,195,74,270,41.9,5,5,0,0,24.8,45,6,8,0,0,3.36,3,6.84,33.1
gauntlet/20261002-131010-scrim-g1drift80/losses/chenyx512.flagbot_final__OceanFloor__botB.bc24,chenyx512.flagbot_final,0,A,flagbot_final,1,1006,CAPTURE,1400,1400,201,33,22,218,14,3,8,886,381,8,259,220,299,75,48.1,11,9,2,0,38.0,45,2,6,0,0,0.97,0,5.18,19.3
gauntlet/20261002-131010-scrim-g1drift80/losses/chenyx512.flagbot_final__OceanFloor__botB.bc24,chenyx512.flagbot_final,1,B,g1drift80,0,1006,CAPTURE,1400,1400,201,31,29,229,8,0,8,249,117,8,102,96,75,299,42.8,8,6,2,0,33.5,47,2,9,0,0,1.01,3,4.73,21.1
gauntlet/20261002-131010-scrim-g1drift80/losses/chenyx512.flagbot_final__Intercontinental__botA.bc24,chenyx512.flagbot_final,1,A,g1drift80,0,1226,CAPTURE,2400,3900,201,3,8,303,25,1,24,435,198,5,111,106,99,403,42.2,25,18,7,0,17.2,44,3,5,1,0,0.75,3,5.09,25.3
gauntlet/20261002-131010-scrim-g1drift80/losses/chenyx512.flagbot_final__Intercontinental__botA.bc24,chenyx512.flagbot_final,0,B,flagbot_final,1,1226,CAPTURE,2400,5400,201,26,39,261,11,3,5,783,311,24,174,122,403,99,48.0,8,5,3,0,18.8,38,7,18,0,1,2.14,1,7.02,21.3
gauntlet/20261002-131010-scrim-g1drift80/losses/dmtrung14.defaultplayer_intlqualifier__DefaultHuge__botA.bc24,dmtrung14.defaultplayer_intlqualifier,1,A,g1drift80,0,569,CAPTURE,3700,3700,201,29,38,201,3,1,2,89,40,5,77,53,142,12,49.4,3,3,0,0,25.5,47,1,7,0,0,2.01,3,9.22,30.5
gauntlet/20261002-131010-scrim-g1drift80/losses/dmtrung14.defaultplayer_intlqualifier__DefaultHuge__botA.bc24,dmtrung14.defaultplayer_intlqualifier,0,B,defaultplayer_intlqualifier,1,569,CAPTURE,3100,3100,201,18,11,205,41,3,5,411,138,2,69,63,12,142,43.7,38,7,1,30,12.2,41,0,3,0,0,0.16,1,9.27,18.8
gauntlet/20261002-131010-scrim-g1drift80/losses/chenyx512.flagbot_final__KingQuacksCastle__botB.bc24,chenyx512.flagbot_final,0,A,flagbot_final,1,699,CAPTURE,1600,12700,209,33,21,228,19,3,13,808,276,4,253,213,251,44,48.5,16,9,7,0,24.2,47,0,5,0,0,2.17,1,10.08,21.3
gauntlet/20261002-131010-scrim-g1drift80/losses/chenyx512.flagbot_final__KingQuacksCastle__botB.bc24,chenyx512.flagbot_final,1,B,g1drift80,0,699,CAPTURE,1600,2100,204,32,28,228,5,1,4,222,98,13,79,76,44,251,41.4,5,5,0,0,22.0,47,7,9,0,0,2.22,3,9.31,25.1
gauntlet/20261002-131010-scrim-g1drift80/losses/dmtrung14.defaultplayer_intlqualifier__OceanFloor__botB.bc24,dmtrung14.defaultplayer_intlqualifier,0,A,defaultplayer_intlqualifier,1,457,CAPTURE,1300,1300,201,22,14,221,51,3,10,466,168,4,33,28,11,141,42.3,48,8,5,35,22.2,42,1,5,0,0,2.28,0,4.45,14.0
gauntlet/20261002-131010-scrim-g1drift80/losses/dmtrung14.defaultplayer_intlqualifier__OceanFloor__botB.bc24,dmtrung14.defaultplayer_intlqualifier,1,B,g1drift80,0,457,CAPTURE,1400,1400,201,28,29,237,6,0,4,75,35,10,59,42,141,11,49.4,6,5,1,0,34.3,47,5,8,0,0,0.98,3,4.17,20.7
gauntlet/20261002-131010-scrim-g1drift80/losses/hsmalladi.finalbot__BreadPudding__botB.bc24,hsmalladi.finalbot,0,A,finalbot,1,707,CAPTURE,2400,2800,203,16,13,255,59,3,43,803,106,9,89,86,126,217,42.6,56,8,38,10,11.5,39,1,8,0,0,2.14,0,8.97,22.9
gauntlet/20261002-131010-scrim-g1drift80/losses/hsmalladi.finalbot__BreadPudding__botB.bc24,hsmalladi.finalbot,1,B,g1drift80,0,707,CAPTURE,2600,2900,202,8,15,212,9,0,9,164,72,43,90,70,217,126,45.9,9,8,1,0,19.1,47,38,8,0,0,7.71,3,6.83,33.6
gauntlet/20261002-131010-scrim-g1drift80/losses/dmtrung14.defaultplayer_intlqualifier__GaltonBoard__botB.bc24,dmtrung14.defaultplayer_intlqualifier,0,A,defaultplayer_intlqualifier,1,2000,MORE_FLAG_CAPTURES,0,0,201,16,23,209,11,1,0,303,3,15,67,61,44,667,41.8,8,1,0,7,,32,2,13,0,0,2.52,0,14.11,45.0
gauntlet/20261002-131010-scrim-g1drift80/losses/dmtrung14.defaultplayer_intlqualifier__GaltonBoard__botB.bc24,dmtrung14.defaultplayer_intlqualifier,1,B,g1drift80,0,2000,MORE_FLAG_CAPTURES,0,0,209,5,8,249,15,0,15,460,221,0,225,112,667,44,49.4,15,13,2,0,13.1,35,0,1,0,0,1.78,1,3.83,62.5
gauntlet/20261002-131010-scrim-g1drift80/losses/hsmalladi.finalbot__HungerGames__botB.bc24,hsmalladi.finalbot,0,A,finalbot,1,479,CAPTURE,700,10800,209,7,25,283,25,3,11,747,77,3,145,139,68,103,44.9,22,4,10,8,13.3,47,0,4,0,0,1.54,0,8.76,15.5
gauntlet/20261002-131010-scrim-g1drift80/losses/hsmalladi.finalbot__HungerGames__botB.bc24,hsmalladi.finalbot,1,B,g1drift80,0,479,CAPTURE,700,11400,203,20,9,269,4,0,3,98,47,11,141,117,103,68,46.6,4,4,0,0,16.3,47,10,4,0,0,3.38,3,5.32,27.6
gauntlet/20261002-131010-scrim-g1drift80/losses/dmtrung14.defaultplayer_intlqualifier__StarryNight__botA.bc24,dmtrung14.defaultplayer_intlqualifier,1,A,g1drift80,0,2000,MORE_FLAG_CAPTURES,13600,13600,201,15,11,218,3,1,2,53,25,1,266,96,208,16,49.8,3,3,0,0,19.5,47,1,2,0,0,3.10,2,2.70,67.7
gauntlet/20261002-131010-scrim-g1drift80/losses/dmtrung14.defaultplayer_intlqualifier__StarryNight__botA.bc24,dmtrung14.defaultplayer_intlqualifier,0,B,defaultplayer_intlqualifier,1,2000,MORE_FLAG_CAPTURES,13600,13800,201,11,27,207,28,2,1,324,14,2,52,40,16,208,47.4,25,2,1,22,23.0,48,0,3,0,0,2.36,1,11.43,36.5
gauntlet/20261002-131010-scrim-g1drift80/losses/hsmalladi.finalbot__StackGame__botA.bc24,hsmalladi.finalbot,1,A,g1drift80,0,502,CAPTURE,4600,4600,217,0,6,305,6,2,4,170,76,18,80,73,166,80,46.2,6,5,1,0,17.5,46,16,5,0,0,6.91,3,4.05,26.5
gauntlet/20261002-131010-scrim-g1drift80/losses/hsmalladi.finalbot__StackGame__botA.bc24,hsmalladi.finalbot,0,B,finalbot,1,502,CAPTURE,4600,4600,201,21,39,219,26,3,18,716,74,4,75,75,80,166,41.9,23,5,16,2,15.2,43,1,5,0,0,1.44,2,9.89,12.2
gauntlet/20261002-131010-scrim-g1drift80/losses/hsmalladi.finalbot__Puzzle__botA.bc24,hsmalladi.finalbot,1,A,g1drift80,0,1164,CAPTURE,0,6400,205,13,15,287,9,1,8,534,253,35,167,151,356,226,45.2,9,9,0,0,18.5,42,23,15,0,0,1.57,3,5.90,17.1
gauntlet/20261002-131010-scrim-g1drift80/losses/hsmalladi.finalbot__Puzzle__botA.bc24,hsmalladi.finalbot,0,B,finalbot,1,1164,CAPTURE,0,16600,208,43,35,258,47,3,35,1119,304,8,219,213,226,356,42.6,44,15,23,6,26.1,47,0,9,0,0,0.61,1,4.30,14.4
gauntlet/20261002-131010-scrim-g1drift80/losses/hsmalladi.finalbot__Hurricane__botA.bc24,hsmalladi.finalbot,1,A,g1drift80,0,2000,MORE_FLAG_CAPTURES,4500,4500,201,17,12,231,2,0,2,176,88,79,226,192,588,334,45.9,2,2,0,0,18.0,44,53,31,0,0,2.69,2,0.99,38.6
gauntlet/20261002-131010-scrim-g1drift80/losses/hsmalladi.finalbot__Hurricane__botA.bc24,hsmalladi.finalbot,0,B,finalbot,1,2000,MORE_FLAG_CAPTURES,4500,4500,201,24,18,209,97,2,79,1437,468,2,292,277,334,588,42.8,94,31,53,10,21.3,47,0,2,25,1,0.20,0,5.56,13.1
gauntlet/20261002-131010-scrim-g1drift80/losses/jmerle.camel_case_v21_final__HungerGames__botB.bc24,jmerle.camel_case_v21_final,0,A,camel_case_v21_final,1,399,CAPTURE,700,18500,204,23,33,222,7,3,4,117,58,7,242,215,137,51,47.0,7,4,3,0,17.5,47,4,4,0,0,3.48,1,5.91,7.1
gauntlet/20261002-131010-scrim-g1drift80/losses/jmerle.camel_case_v21_final__HungerGames__botB.bc24,jmerle.camel_case_v21_final,1,B,g1drift80,0,399,CAPTURE,600,3600,203,20,0,207,8,1,7,114,30,4,61,51,51,137,41.9,8,4,4,0,13.9,47,3,4,0,0,1.67,3,7.78,50.2
gauntlet/20261002-131010-scrim-g1drift80/losses/jmerle.camel_case_v21_final__GravitationalWaves__botB.bc24,jmerle.camel_case_v21_final,0,A,camel_case_v21_final,1,593,CAPTURE,3700,3700,201,29,16,201,10,3,7,245,114,0,70,52,36,109,45.6,10,6,4,0,23.7,14,0,0,0,0,0.00,0,5.51,4.3
gauntlet/20261002-131010-scrim-g1drift80/losses/jmerle.camel_case_v21_final__GravitationalWaves__botB.bc24,jmerle.camel_case_v21_final,1,B,g1drift80,0,593,CAPTURE,3400,3400,201,22,21,203,0,0,0,0,0,7,69,52,109,36,48.5,0,0,0,0,,20,4,6,0,0,1.73,3,0.00,35.0
gauntlet/20261002-131010-scrim-g1drift80/losses/hsmalladi.finalbot__TwistedTreeline__botA.bc24,hsmalladi.finalbot,1,A,g1drift80,0,1234,CAPTURE,2400,2400,204,21,16,233,8,1,6,385,187,59,167,163,433,264,44.8,8,8,0,0,30.0,47,45,18,0,0,2.33,3,6.37,16.0
gauntlet/20261002-131010-scrim-g1drift80/losses/hsmalladi.finalbot__TwistedTreeline__botA.bc24,hsmalladi.finalbot,0,B,finalbot,1,1234,CAPTURE,2400,2400,203,37,25,240,74,3,59,1426,373,6,148,145,264,433,41.5,71,18,45,8,21.5,44,0,8,0,1,0.70,1,6.53,11.5
gauntlet/20261002-131010-scrim-g1drift80/losses/jmerle.camel_case_v21_final__Starfish__botB.bc24,jmerle.camel_case_v21_final,0,A,camel_case_v21_final,1,533,CAPTURE,4100,4200,201,9,14,201,9,3,6,144,64,2,50,50,192,187,41.8,9,4,5,0,8.3,36,0,2,0,0,6.60,0,10.46,6.5
gauntlet/20261002-131010-scrim-g1drift80/losses/jmerle.camel_case_v21_final__Starfish__botB.bc24,jmerle.camel_case_v21_final,1,B,g1drift80,0,533,CAPTURE,4100,4100,201,12,8,201,2,0,2,5,1,6,57,54,187,192,41.3,2,2,0,0,7.5,35,5,4,0,0,3.83,3,5.60,37.2
gauntlet/20261002-131010-scrim-g1drift80/losses/jmerle.camel_case_v21_final__OceanFloor__botB.bc24,jmerle.camel_case_v21_final,0,A,camel_case_v21_final,1,1123,CAPTURE,1400,1400,201,39,18,220,12,3,9,431,208,8,164,163,272,383,41.7,12,7,5,0,32.2,47,1,10,0,0,0.78,2,5.32,4.1
gauntlet/20261002-131010-scrim-g1drift80/losses/jmerle.camel_case_v21_final__OceanFloor__botB.bc24,jmerle.camel_case_v21_final,1,B,g1drift80,0,1123,CAPTURE,1400,1400,201,20,11,211,11,2,8,222,100,9,147,119,383,272,44.1,11,10,1,0,38.4,45,5,7,0,0,0.67,3,4.54,24.1
gauntlet/20261002-131010-scrim-g1drift80/losses/jmerle.camel_case_v21_final__Hurricane__botA.bc24,jmerle.camel_case_v21_final,1,A,g1drift80,0,2000,MORE_FLAG_CAPTURES,4500,4500,201,14,2,205,36,0,35,741,401,7,227,160,180,217,47.3,36,30,6,0,15.1,45,2,7,0,0,1.62,2,1.67,57.5
gauntlet/20261002-131010-scrim-g1drift80/losses/jmerle.camel_case_v21_final__Hurricane__botA.bc24,jmerle.camel_case_v21_final,0,B,camel_case_v21_final,1,2000,MORE_FLAG_CAPTURES,4500,4500,201,36,28,212,9,2,7,303,142,35,143,137,217,180,47.8,9,7,2,0,18.4,48,6,30,0,0,1.64,0,5.74,6.0
gauntlet/20261002-131010-scrim-g1drift80/losses/kyleezz.jeeryfix3__CH3353C4K3F4CT0RY__botB.bc24,kyleezz.jeeryfix3,0,A,jeeryfix3,1,530,CAPTURE,13000,13400,209,13,13,234,14,3,11,135,64,0,192,130,76,185,41.7,14,4,10,0,18.9,45,0,0,0,0,0.00,0,9.54,15.5
gauntlet/20261002-131010-scrim-g1drift80/losses/kyleezz.jeeryfix3__CH3353C4K3F4CT0RY__botB.bc24,kyleezz.jeeryfix3,1,B,g1drift80,0,530,CAPTURE,13000,13000,202,23,19,278,0,0,0,0,0,11,177,142,185,76,46.6,0,0,0,0,,44,10,4,0,0,3.70,3,0.00,26.4
gauntlet/20261002-131010-scrim-g1drift80/losses/kyleezz.jeeryfix3__OceanFloor__botA.bc24,kyleezz.jeeryfix3,1,A,g1drift80,0,512,CAPTURE,1400,1400,201,16,11,240,1,0,1,2,1,12,69,38,142,82,46.1,1,1,0,0,33.0,47,9,6,0,0,2.17,3,0.00,21.5
gauntlet/20261002-131010-scrim-g1drift80/losses/kyleezz.jeeryfix3__OceanFloor__botA.bc24,kyleezz.jeeryfix3,0,B,jeeryfix3,1,512,CAPTURE,1400,1400,201,16,14,231,15,3,12,228,108,1,48,43,82,142,43.7,15,6,9,0,23.8,49,0,1,0,0,3.00,0,5.88,9.8
gauntlet/20261002-131010-scrim-g1drift80/losses/kyleezz.jeeryfix3__Digging__botB.bc24,kyleezz.jeeryfix3,0,A,jeeryfix3,1,2000,MORE_FLAG_CAPTURES,700,2400,209,29,26,218,4,1,3,32,15,0,238,233,419,1480,32.0,4,1,3,0,13.3,46,0,0,0,0,0.00,0,13.78,6.6
gauntlet/20261002-131010-scrim-g1drift80/losses/kyleezz.jeeryfix3__Digging__botB.bc24,kyleezz.jeeryfix3,1,B,g1drift80,0,2000,MORE_FLAG_CAPTURES,700,2000,261,0,0,313,0,0,0,0,0,3,223,190,1480,419,44.9,0,0,0,0,,46,3,1,0,0,9.22,1,0.00,26.8
gauntlet/20261002-131010-scrim-g1drift80/losses/jonters.bling3__Alien__botA.bc24,jonters.bling3,1,A,g1drift80,0,2000,MORE_FLAG_CAPTURES,3300,3300,202,5,0,236,18,0,18,63,21,14,239,223,949,387,45.3,18,14,4,0,14.7,41,4,11,1,0,5.46,1,2.54,23.5
gauntlet/20261002-131010-scrim-g1drift80/losses/jonters.bling3__Alien__botA.bc24,jonters.bling3,0,B,bling3,1,2000,MORE_FLAG_CAPTURES,3300,3300,202,20,37,211,15,1,14,145,59,18,195,181,387,949,37.2,15,11,4,0,10.9,32,4,14,0,1,2.97,0,10.63,5.0
gauntlet/20261002-131010-scrim-g1drift80/losses/kyleezz.jeeryfix3__Skyline__botA.bc24,kyleezz.jeeryfix3,1,A,g1drift80,0,361,CAPTURE,21600,21600,204,15,11,236,2,0,2,11,4,7,213,130,92,34,47.8,2,2,0,0,20.0,47,3,7,0,0,1.02,3,0.36,31.4
gauntlet/20261002-131010-scrim-g1drift80/losses/kyleezz.jeeryfix3__Skyline__botA.bc24,kyleezz.jeeryfix3,0,B,jeeryfix3,1,361,CAPTURE,21600,21600,201,25,18,231,10,3,7,101,49,2,142,102,34,92,44.2,10,7,3,0,16.7,50,0,2,0,0,1.91,0,7.41,23.3
gauntlet/20261002-131010-scrim-g1drift80/losses/kyleezz.jeeryfix3__YearOfTheDragon__botB.bc24,kyleezz.jeeryfix3,0,A,jeeryfix3,1,492,CAPTURE,10800,10800,201,26,14,221,10,3,7,155,73,0,150,112,74,150,42.7,10,4,6,0,24.1,50,0,1,0,0,0.92,1,7.76,16.4
gauntlet/20261002-131010-scrim-g1drift80/losses/kyleezz.jeeryfix3__YearOfTheDragon__botB.bc24,kyleezz.jeeryfix3,1,B,g1drift80,0,492,CAPTURE,10800,10800,201,17,11,212,1,1,0,48,24,7,153,118,150,74,46.3,1,1,0,0,,46,6,4,0,0,1.31,3,6.54,30.8
gauntlet/20261002-131010-scrim-g1drift80/losses/quesswho.cretplayer2_3__Battlefield__botB.bc24,quesswho.cretplayer2_3,0,A,cretplayer2_3,1,293,CAPTURE,3700,3700,202,11,0,202,14,3,8,664,33,0,51,45,36,65,43.4,11,4,7,0,7.0,28,0,0,0,0,0.00,0,12.22,22.4
gauntlet/20261002-131010-scrim-g1drift80/losses/quesswho.cretplayer2_3__Battlefield__botB.bc24,quesswho.cretplayer2_3,1,B,g1drift80,0,293,CAPTURE,3700,3700,202,6,0,252,0,0,0,0,0,8,51,32,65,36,47.5,0,0,0,0,,44,7,4,0,0,6.03,3,0.00,31.0
gauntlet/20261002-131010-scrim-g1drift80/losses/kyleezz.jeeryfix3__Hurricane__botB.bc24,kyleezz.jeeryfix3,0,A,jeeryfix3,1,2000,MORE_FLAG_CAPTURES,4500,4500,201,25,34,206,12,1,11,136,65,8,40,17,33,192,47.7,12,9,3,0,21.5,48,0,8,0,0,2.11,0,1.33,32.2
gauntlet/20261002-131010-scrim-g1drift80/losses/kyleezz.jeeryfix3__Hurricane__botB.bc24,kyleezz.jeeryfix3,1,B,g1drift80,0,2000,MORE_FLAG_CAPTURES,4500,4500,201,18,39,214,8,0,8,90,39,11,239,32,192,33,49.6,8,8,0,0,18.6,46,3,9,0,0,0.87,1,0.53,76.1
gauntlet/20261002-131010-scrim-g1drift80/losses/quesswho.cretplayer2_3__KingQuacksCastle__botB.bc24,quesswho.cretplayer2_3,0,A,cretplayer2_3,1,823,CAPTURE,1600,12800,205,35,9,216,23,3,17,1001,216,26,145,139,195,292,41.2,20,7,13,0,16.5,41,9,18,0,0,2.59,1,17.38,16.7
gauntlet/20261002-131010-scrim-g1drift80/losses/quesswho.cretplayer2_3__KingQuacksCastle__botB.bc24,quesswho.cretplayer2_3,1,B,g1drift80,0,823,CAPTURE,1600,2000,204,17,17,223,27,1,26,457,187,17,124,88,292,195,44.4,27,18,9,0,26.1,48,13,7,0,0,1.98,3,8.56,22.3
gauntlet/20261002-131010-scrim-g1drift80/losses/quesswho.cretplayer2_3__Tunnels__botB.bc24,quesswho.cretplayer2_3,0,A,cretplayer2_3,1,667,CAPTURE,2400,3300,205,14,13,208,27,3,21,877,120,3,85,74,153,249,40.2,24,6,18,0,13.2,33,0,3,0,0,7.71,0,21.14,26.6
gauntlet/20261002-131010-scrim-g1drift80/losses/quesswho.cretplayer2_3__Tunnels__botB.bc24,quesswho.cretplayer2_3,1,B,g1drift80,0,667,CAPTURE,2400,3300,210,19,16,250,3,0,3,14,5,21,84,67,249,153,44.5,3,3,0,0,12.3,33,18,6,0,0,7.98,3,5.29,36.3
gauntlet/20261002-131010-scrim-g1drift80/losses/quesswho.cretplayer2_3__OceanFloor__botA.bc24,quesswho.cretplayer2_3,1,A,g1drift80,0,1235,CAPTURE,1400,1400,201,37,35,305,10,2,8,794,384,20,147,101,209,71,48.6,10,9,1,0,40.5,47,15,8,0,0,0.80,3,8.10,20.0
gauntlet/20261002-131010-scrim-g1drift80/losses/quesswho.cretplayer2_3__OceanFloor__botA.bc24,quesswho.cretplayer2_3,0,B,cretplayer2_3,1,1235,CAPTURE,1400,1400,201,19,36,227,26,3,20,1602,443,8,80,76,71,209,45.5,23,8,15,0,17.0,28,1,9,0,1,0.48,2,22.63,26.7
gauntlet/20261002-131010-scrim-g1drift80/losses/quesswho.cretplayer2_3__Canals__botA.bc24,quesswho.cretplayer2_3,1,A,g1drift80,0,1717,CAPTURE,4600,5000,203,2,6,309,14,1,13,199,86,37,368,337,789,289,45.9,14,9,5,0,24.4,47,30,10,0,0,2.35,3,10.29,34.3
gauntlet/20261002-131010-scrim-g1drift80/losses/quesswho.cretplayer2_3__Canals__botA.bc24,quesswho.cretplayer2_3,0,B,cretplayer2_3,1,1717,CAPTURE,4600,5400,203,26,11,228,43,3,37,1323,385,13,201,191,289,789,38.5,40,10,30,0,14.1,41,5,9,7,2,3.36,1,25.05,25.9
gauntlet/20261002-131010-scrim-g1drift80/losses/winkelmantanner.waffle__BedWars__botA.bc24,winkelmantanner.waffle,1,A,g1drift80,0,980,CAPTURE,2400,3500,223,2,4,279,3,2,1,66,32,37,55,49,265,149,46.3,3,2,1,0,14.0,48,29,11,0,0,3.50,3,7.52,20.5
gauntlet/20261002-131010-scrim-g1drift80/losses/winkelmantanner.waffle__BedWars__botA.bc24,winkelmantanner.waffle,0,B,waffle,1,980,CAPTURE,2400,4700,213,5,7,257,40,3,37,334,153,1,55,50,149,265,43.5,40,11,29,0,15.1,47,1,2,0,0,1.12,2,6.43,6.6
gauntlet/20261002-131010-scrim-g1drift80/losses/winkelmantanner.waffle__Gauntlet__botB.bc24,winkelmantanner.waffle,0,A,waffle,1,903,CAPTURE,2100,3500,204,30,29,231,53,3,50,428,191,3,146,143,236,321,41.3,53,6,47,0,24.6,33,0,5,0,0,0.38,2,7.07,9.5
gauntlet/20261002-131010-scrim-g1drift80/losses/winkelmantanner.waffle__Gauntlet__botB.bc24,winkelmantanner.waffle,1,B,g1drift80,0,903,CAPTURE,2100,2100,232,1,1,354,5,2,3,292,130,50,130,102,321,236,43.6,5,5,0,0,18.7,38,47,6,0,0,4.03,3,3.85,23.6
gauntlet/20261002-131010-scrim-g1drift80/losses/winkelmantanner.waffle__Islands__botA.bc24,winkelmantanner.waffle,1,A,g1drift80,0,471,CAPTURE,5800,5800,201,0,14,222,6,0,6,44,16,13,79,62,116,56,47.1,6,6,0,0,21.3,47,10,6,0,0,1.90,3,10.48,27.0
gauntlet/20261002-131010-scrim-g1drift80/losses/winkelmantanner.waffle__Islands__botA.bc24,winkelmantanner.waffle,0,B,waffle,1,471,CAPTURE,5800,5800,201,23,22,212,16,3,13,220,102,6,100,89,56,116,44.1,16,6,10,0,18.8,42,0,6,0,0,5.82,0,4.49,13.0
gauntlet/20261002-131010-scrim-g1drift80/losses/winkelmantanner.waffle__Skyline__botA.bc24,winkelmantanner.waffle,1,A,g1drift80,0,474,CAPTURE,21600,21600,204,3,3,221,3,2,1,111,54,25,236,188,159,34,48.3,3,2,1,0,16.0,46,22,6,0,0,5.98,3,7.53,31.8
gauntlet/20261002-131010-scrim-g1drift80/losses/winkelmantanner.waffle__Skyline__botA.bc24,winkelmantanner.waffle,0,B,waffle,1,474,CAPTURE,9300,9300,201,13,13,226,28,3,25,167,71,1,122,116,34,159,41.9,28,6,22,0,12.5,23,1,2,0,0,2.07,2,5.52,23.1
gauntlet/20261002-131010-scrim-g1drift80/losses/winkelmantanner.waffle__StackGame__botB.bc24,winkelmantanner.waffle,0,A,waffle,1,424,CAPTURE,4600,4600,202,18,26,206,31,3,28,222,102,0,94,85,81,141,42.2,31,6,25,0,14.1,33,0,0,0,0,0.00,0,6.69,15.7
gauntlet/20261002-131010-scrim-g1drift80/losses/winkelmantanner.waffle__StackGame__botB.bc24,winkelmantanner.waffle,1,B,g1drift80,0,424,CAPTURE,4600,4600,202,10,0,269,0,0,0,0,0,28,73,58,141,81,45.5,0,0,0,0,,41,25,6,0,0,6.04,3,0.00,33.7
gauntlet/20261002-131010-scrim-g1drift80/losses/winkelmantanner.waffle__Whirlpool__botB.bc24,winkelmantanner.waffle,0,A,waffle,1,540,CAPTURE,2800,7200,201,21,15,219,28,3,25,189,88,0,105,86,82,119,44.7,28,4,24,0,16.6,36,0,0,0,0,0.00,0,7.28,12.0
gauntlet/20261002-131010-scrim-g1drift80/losses/winkelmantanner.waffle__Whirlpool__botB.bc24,winkelmantanner.waffle,1,B,g1drift80,0,540,CAPTURE,2800,2800,201,20,0,0,0,0,0,0,0,25,46,43,119,82,46.3,0,0,0,0,,44,24,4,0,0,6.83,3,0.00,34.8
gauntlet/20261002-131010-scrim-g1drift80/replays/ColtG5.Goob_final__BigDucksBigPond__botB.bc24,ColtG5.Goob_final,0,A,Goob_final,0,2000,MORE_FLAG_CAPTURES,5100,8000,201,32,19,223,4,0,4,35,16,0,327,301,541,1170,35.7,4,2,2,0,34.0,47,0,1,0,0,0.13,1,5.91,13.0
gauntlet/20261002-131010-scrim-g1drift80/replays/ColtG5.Goob_final__BigDucksBigPond__botB.bc24,ColtG5.Goob_final,1,B,g1drift80,1,2000,MORE_FLAG_CAPTURES,5100,6000,201,7,9,223,1,1,0,79,39,4,356,290,1170,541,43.5,1,1,0,0,,47,2,2,0,0,3.66,0,10.42,20.6
gauntlet/20261002-131010-scrim-g1drift80/replays/ColtG5.Goob_final__DefaultLarge__botA.bc24,ColtG5.Goob_final,1,A,g1drift80,1,2000,LEVEL_SUM,1800,2700,361,0,0,506,12,0,11,82,55,10,285,215,1075,431,44.8,12,3,9,0,39.5,45,1,9,9,0,5.84,0,9.51,22.7
gauntlet/20261002-131010-scrim-g1drift80/replays/ColtG5.Goob_final__DefaultLarge__botA.bc24,ColtG5.Goob_final,0,B,Goob_final,0,2000,LEVEL_SUM,1800,6400,202,43,17,235,10,0,10,44,16,11,331,319,431,1075,36.9,10,9,1,0,44.5,46,9,3,0,0,3.06,0,6.80,12.3
gauntlet/20261002-131010-scrim-g1drift80/replays/Gymhgy.v10official__Diagonal__botA.bc24,Gymhgy.v10official,1,A,g1drift80,1,2000,LEVEL_SUM,5100,5100,201,27,32,246,6,0,6,16,5,1,270,196,209,141,48.3,6,5,1,0,34.5,35,0,1,1,0,3.38,0,1.75,51.6
gauntlet/20261002-131010-scrim-g1drift80/replays/Gymhgy.v10official__Diagonal__botA.bc24,Gymhgy.v10official,0,B,v10official,0,2000,LEVEL_SUM,5100,5100,201,20,23,249,4,0,1,599,9,6,271,133,141,209,47.4,1,1,0,0,28.0,26,1,5,0,0,5.06,0,0.00,3.8
gauntlet/20261002-131010-scrim-g1drift80/replays/CyrilSharma.finalBot__Fusbol__botA.bc24,CyrilSharma.finalBot,1,A,g1drift80,1,2000,LEVEL_SUM,7200,12600,202,41,39,223,0,0,0,0,0,4,342,288,463,337,45.8,0,0,0,0,,36,2,2,0,0,3.70,0,0.00,52.9
gauntlet/20261002-131010-scrim-g1drift80/replays/CyrilSharma.finalBot__Fusbol__botA.bc24,CyrilSharma.finalBot,0,B,finalBot,0,2000,LEVEL_SUM,2100,5400,255,0,4,464,4,0,4,61,30,0,447,442,337,463,42.4,4,2,2,0,44.3,0,0,0,0,0,0.00,0,4.90,53.9
gauntlet/20261002-131010-scrim-g1drift80/replays/Gymhgy.v10official__Starfish__botA.bc24,Gymhgy.v10official,1,A,g1drift80,1,2000,LEVEL_SUM,4100,4100,201,18,4,201,17,2,15,241,112,2,190,175,802,517,43.7,17,14,3,0,10.3,35,1,3,0,1,6.16,2,3.68,31.5
gauntlet/20261002-131010-scrim-g1drift80/replays/Gymhgy.v10official__Starfish__botA.bc24,Gymhgy.v10official,0,B,v10official,0,2000,LEVEL_SUM,4100,4200,201,14,6,201,13,2,2,610,205,15,245,228,517,802,40.2,10,3,1,6,8.5,39,3,14,0,0,2.38,2,12.89,7.4
gauntlet/20261002-131010-scrim-g1drift80/replays/NotLLeon.v3__Hurricane__botB.bc24,NotLLeon.v3,0,A,v3,0,2000,LEVEL_SUM,4500,4500,201,13,23,205,90,0,89,574,272,7,134,105,98,204,47.5,90,43,47,0,16.9,46,2,5,23,0,1.94,0,2.37,7.7
gauntlet/20261002-131010-scrim-g1drift80/replays/NotLLeon.v3__Hurricane__botB.bc24,NotLLeon.v3,1,B,g1drift80,1,2000,LEVEL_SUM,4500,4500,201,16,30,235,7,0,7,118,45,89,229,177,204,98,48.8,7,5,2,0,17.3,47,47,43,0,0,2.40,0,6.96,56.4
gauntlet/20261002-131010-scrim-g1drift80/replays/SampleProvider.TSPAARKSPRINT1__KingQuacksCastle__botB.bc24,SampleProvider.TSPAARKSPRINT1,0,A,TSPAARKSPRINT1,0,2000,LEVEL_SUM,1600,8700,209,4,37,272,83,2,77,1074,509,28,132,126,253,1070,37.0,80,26,54,0,18.3,35,11,19,21,0,1.96,2,11.47,18.5
gauntlet/20261002-131010-scrim-g1drift80/replays/SampleProvider.TSPAARKSPRINT1__KingQuacksCastle__botB.bc24,SampleProvider.TSPAARKSPRINT1,1,B,g1drift80,1,2000,LEVEL_SUM,1600,4600,204,26,36,219,30,2,28,524,256,77,424,403,1070,253,46.9,30,19,11,0,21.3,48,54,26,5,2,2.85,2,8.72,32.5
gauntlet/20261002-131010-scrim-g1drift80/replays/awu7.ExplosiveBot__Alligator__botA.bc24,awu7.ExplosiveBot,1,A,g1drift80,1,1005,CAPTURE,3300,6000,201,21,41,209,10,3,7,326,151,0,279,215,543,119,47.1,10,6,4,0,15.6,37,0,0,0,0,0.00,0,10.35,20.6
gauntlet/20261002-131010-scrim-g1drift80/replays/awu7.ExplosiveBot__Alligator__botA.bc24,awu7.ExplosiveBot,0,B,ExplosiveBot,0,1005,CAPTURE,3300,6300,201,1,0,218,0,0,0,0,0,7,83,73,119,543,37.0,0,0,0,0,,28,4,6,0,0,1.64,3,0.00,14.9
gauntlet/20261002-131010-scrim-g1drift80/replays/SampleProvider.TSPAARKSPRINT1__EndAround__botB.bc24,SampleProvider.TSPAARKSPRINT1,0,A,TSPAARKSPRINT1,0,2000,LEVEL_SUM,2500,7300,246,1,15,287,12,0,8,402,105,2,117,98,67,790,40.2,9,4,5,0,21.9,44,0,2,5,0,1.61,0,3.53,13.3
gauntlet/20261002-131010-scrim-g1drift80/replays/SampleProvider.TSPAARKSPRINT1__EndAround__botB.bc24,SampleProvider.TSPAARKSPRINT1,1,B,g1drift80,1,2000,LEVEL_SUM,1900,3700,202,32,29,237,2,0,2,18,8,8,305,278,790,67,49.2,2,2,0,0,34.5,47,5,4,0,0,1.93,0,3.33,56.7
gauntlet/20261002-131010-scrim-g1drift80/replays/SampleProvider.TSPAARKSPRINT1__Swoop__botA.bc24,SampleProvider.TSPAARKSPRINT1,1,A,g1drift80,1,2000,LEVEL_SUM,4300,4300,201,40,35,215,64,2,62,1149,514,111,449,423,1108,180,47.8,64,44,20,0,29.1,47,70,44,4,2,1.89,2,8.65,22.3
gauntlet/20261002-131010-scrim-g1drift80/replays/SampleProvider.TSPAARKSPRINT1__Swoop__botA.bc24,SampleProvider.TSPAARKSPRINT1,0,B,TSPAARKSPRINT1,0,2000,LEVEL_SUM,4300,4300,201,33,8,212,117,2,111,1487,655,62,123,98,180,1108,36.6,114,44,70,0,21.1,41,20,44,43,1,2.81,2,5.83,18.2
gauntlet/20261002-131010-scrim-g1drift80/replays/awu7.ExplosiveBot__Canals__botA.bc24,awu7.ExplosiveBot,1,A,g1drift80,1,798,CAPTURE,4600,4600,213,5,17,238,9,3,6,369,176,10,204,120,433,80,47.5,9,7,2,0,31.3,45,6,4,0,0,3.07,0,12.15,15.0
gauntlet/20261002-131010-scrim-g1drift80/replays/awu7.ExplosiveBot__Canals__botA.bc24,awu7.ExplosiveBot,0,B,ExplosiveBot,0,798,CAPTURE,4600,4900,202,12,14,209,22,0,10,70,21,6,80,70,80,433,37.0,22,4,6,12,14.4,40,2,7,0,0,1.59,3,3.83,14.1
gauntlet/20261002-131010-scrim-g1drift80/replays/SampleProvider.TSPAARKSPRINT1__WheresMyWater__botB.bc24,SampleProvider.TSPAARKSPRINT1,0,A,TSPAARKSPRINT1,0,1991,CAPTURE,3000,4500,201,10,2,201,26,2,21,567,212,19,84,82,140,980,38.1,23,8,15,0,8.4,44,9,13,6,1,3.74,3,12.22,18.5
gauntlet/20261002-131010-scrim-g1drift80/replays/SampleProvider.TSPAARKSPRINT1__WheresMyWater__botB.bc24,SampleProvider.TSPAARKSPRINT1,1,B,g1drift80,1,1991,CAPTURE,3000,4800,201,22,18,201,22,3,19,282,142,21,263,253,980,140,48.3,22,13,9,0,11.4,45,15,8,3,1,4.21,2,10.77,34.5
gauntlet/20261002-131010-scrim-g1drift80/replays/awu7.ExplosiveBot__Capacitance__botB.bc24,awu7.ExplosiveBot,0,A,ExplosiveBot,0,2000,LEVEL_SUM,3600,5200,201,9,11,207,101,2,52,642,271,10,152,129,178,1320,33.9,101,33,22,46,12.7,38,6,7,6,2,2.49,2,1.39,13.7
gauntlet/20261002-131010-scrim-g1drift80/replays/awu7.ExplosiveBot__Capacitance__botB.bc24,awu7.ExplosiveBot,1,B,g1drift80,1,2000,LEVEL_SUM,3600,4800,201,16,9,210,13,2,10,133,76,52,371,339,1320,178,47.8,13,7,6,0,13.1,43,22,33,6,1,2.32,2,9.05,25.6
gauntlet/20261002-131010-scrim-g1drift80/replays/awu7.ExplosiveBot__Joker__botB.bc24,awu7.ExplosiveBot,0,A,ExplosiveBot,0,1070,CAPTURE,14500,15600,201,2,0,491,32,1,16,65,19,11,179,161,152,584,36.9,32,7,10,15,26.9,27,6,8,0,0,0.89,3,3.83,15.9
gauntlet/20261002-131010-scrim-g1drift80/replays/awu7.ExplosiveBot__Joker__botB.bc24,awu7.ExplosiveBot,1,B,g1drift80,1,1070,CAPTURE,14500,23400,202,27,42,217,14,3,11,498,240,16,449,382,584,152,46.5,14,8,6,0,23.6,42,10,7,0,0,1.74,1,7.96,14.9
gauntlet/20261002-131010-scrim-g1drift80/replays/clbarrell.duck8__Hockey__botB.bc24,clbarrell.duck8,0,A,duck8,0,841,CAPTURE,3300,3600,203,12,21,248,21,1,20,81,26,3,113,104,164,359,39.7,21,2,19,0,17.1,31,2,4,0,0,0.85,3,10.06,33.6
gauntlet/20261002-131010-scrim-g1drift80/replays/clbarrell.duck8__Hockey__botB.bc24,clbarrell.duck8,1,B,g1drift80,1,841,CAPTURE,3300,3300,221,22,17,275,6,3,3,286,139,20,175,98,359,164,45.3,6,4,2,0,25.0,35,19,2,0,0,15.25,1,8.57,23.4
gauntlet/20261002-131010-scrim-g1drift80/replays/awu7.ExplosiveBot__Klein__botB.bc24,awu7.ExplosiveBot,0,A,ExplosiveBot,0,1381,CAPTURE,5700,6900,213,1,4,264,2,0,2,1,0,15,75,65,176,818,35.8,2,2,0,0,12.0,32,9,9,0,0,2.94,3,3.00,17.4
gauntlet/20261002-131010-scrim-g1drift80/replays/awu7.ExplosiveBot__Klein__botB.bc24,awu7.ExplosiveBot,1,B,g1drift80,1,1381,CAPTURE,6000,6000,202,38,26,204,18,3,15,452,217,2,341,270,818,176,46.9,18,9,9,0,23.1,48,0,2,2,1,2.00,0,8.82,19.7
gauntlet/20261002-131010-scrim-g1drift80/replays/awu7.ExplosiveBot__GaltonBoard__botA.bc24,awu7.ExplosiveBot,1,A,g1drift80,1,1896,CAPTURE,0,0,201,23,20,228,12,3,9,507,243,10,403,275,1537,181,47.7,12,5,7,0,17.1,40,6,5,5,3,10.93,1,17.92,21.2
gauntlet/20261002-131010-scrim-g1drift80/replays/awu7.ExplosiveBot__GaltonBoard__botA.bc24,awu7.ExplosiveBot,0,B,ExplosiveBot,0,1896,CAPTURE,0,0,205,20,0,218,20,1,10,42,6,9,52,51,181,1537,30.4,20,5,6,9,13.0,19,7,5,0,0,2.37,3,9.19,16.7
gauntlet/20261002-131010-scrim-g1drift80/replays/clbarrell.duck8__Diagonal__botB.bc24,clbarrell.duck8,0,A,duck8,0,2000,LEVEL_SUM,5100,5100,201,29,27,223,17,1,16,125,43,6,261,181,253,761,40.7,17,2,15,0,35.8,39,1,6,0,0,0.65,1,10.78,30.9
gauntlet/20261002-131010-scrim-g1drift80/replays/clbarrell.duck8__Diagonal__botB.bc24,clbarrell.duck8,1,B,g1drift80,1,2000,LEVEL_SUM,5100,5100,201,7,10,336,7,1,6,259,115,16,261,200,761,253,46.9,7,6,1,0,25.2,35,15,2,0,0,8.55,1,3.10,51.8
gauntlet/20261002-131010-scrim-g1drift80/replays/clbarrell.duck8__Fountain__botA.bc24,clbarrell.duck8,1,A,g1drift80,1,2000,LEVEL_SUM,1700,2400,219,17,19,229,4,2,2,109,55,49,207,201,996,536,43.5,4,4,0,0,23.0,42,34,17,0,0,4.88,2,8.31,19.7
gauntlet/20261002-131010-scrim-g1drift80/replays/clbarrell.duck8__Fountain__botA.bc24,clbarrell.duck8,0,B,duck8,0,2000,LEVEL_SUM,1700,3000,208,18,8,215,51,2,49,191,68,2,245,230,536,996,37.9,51,17,34,0,21.9,42,0,4,16,0,0.81,2,8.43,30.5
gauntlet/20261002-131010-scrim-g1drift80/replays/clbarrell.duck8__Islands__botB.bc24,clbarrell.duck8,0,A,duck8,0,921,CAPTURE,5800,5800,201,11,18,217,26,2,24,177,71,8,137,127,155,350,40.9,26,10,16,0,19.8,46,1,10,0,0,1.02,3,6.89,31.2
gauntlet/20261002-131010-scrim-g1drift80/replays/clbarrell.duck8__Islands__botB.bc24,clbarrell.duck8,1,B,g1drift80,1,921,CAPTURE,5800,5800,201,15,3,218,11,3,8,367,173,24,156,132,350,155,45.9,11,10,1,0,16.8,47,16,10,0,0,3.42,2,5.78,20.5
gauntlet/20261002-131010-scrim-g1drift80/replays/jonters.bling3__Hockey__botB.bc24,jonters.bling3,0,A,bling3,0,806,CAPTURE,3300,3300,299,0,0,483,1,0,1,6,1,21,48,41,106,233,42.6,1,1,0,0,25.0,37,5,19,0,0,2.00,3,7.33,5.0
gauntlet/20261002-131010-scrim-g1drift80/replays/jonters.bling3__Hockey__botB.bc24,jonters.bling3,1,B,g1drift80,1,806,CAPTURE,3300,3300,291,0,3,314,24,3,21,456,218,1,140,83,233,106,46.9,24,19,5,0,23.4,34,0,1,0,0,2.00,0,9.12,22.3
gauntlet/20261002-131010-scrim-g1drift80/replays/dmtrung14.defaultplayer_intlqualifier__Klein__botA.bc24,dmtrung14.defaultplayer_intlqualifier,1,A,g1drift80,1,2000,LEVEL_SUM,6200,6200,202,1,0,201,0,0,0,0,0,1,231,11,48,2,50.0,0,0,0,0,,48,0,1,0,0,0.00,0,0.00,51.5
gauntlet/20261002-131010-scrim-g1drift80/replays/dmtrung14.defaultplayer_intlqualifier__Klein__botA.bc24,dmtrung14.defaultplayer_intlqualifier,0,B,defaultplayer_intlqualifier,0,2000,LEVEL_SUM,5500,7300,202,8,2,227,4,0,1,295,96,0,28,15,2,48,49.4,1,1,0,0,18.0,48,0,0,0,0,0.00,0,0.00,49.7
gauntlet/20261002-131010-scrim-g1drift80/replays/jonters.bling3__DefaultHuge__botB.bc24,jonters.bling3,0,A,bling3,0,1125,CAPTURE,3700,3700,201,26,13,228,6,1,5,78,36,10,92,73,111,388,41.4,6,5,1,0,19.6,29,1,12,0,0,0.91,3,7.18,4.8
gauntlet/20261002-131010-scrim-g1drift80/replays/jonters.bling3__DefaultHuge__botB.bc24,jonters.bling3,1,B,g1drift80,1,1125,CAPTURE,3700,3700,201,32,32,204,13,3,10,224,107,5,170,144,388,111,47.6,13,12,1,0,20.8,47,1,5,0,0,3.41,1,5.88,21.3
gauntlet/20261002-131010-scrim-g1drift80/replays/clbarrell.duck8__Mountain__botB.bc24,clbarrell.duck8,0,A,duck8,0,2000,LEVEL_SUM,4100,5900,207,18,20,207,16,1,15,72,19,12,257,219,421,1105,36.6,16,7,9,0,16.6,43,5,8,0,0,3.01,1,11.54,28.8
gauntlet/20261002-131010-scrim-g1drift80/replays/clbarrell.duck8__Mountain__botB.bc24,clbarrell.duck8,1,B,g1drift80,1,2000,LEVEL_SUM,4100,5000,201,3,3,224,13,1,12,313,130,15,302,250,1105,421,44.9,13,8,5,0,12.0,46,9,7,3,0,11.69,1,10.06,29.9
gauntlet/20261002-131010-scrim-g1drift80/replays/dmtrung14.defaultplayer_intlqualifier__Foxes__botB.bc24,dmtrung14.defaultplayer_intlqualifier,0,A,defaultplayer_intlqualifier,0,2000,LEVEL_SUM,7500,7500,202,20,8,227,15,1,2,350,63,3,51,39,9,101,47.8,12,2,1,9,33.0,34,1,4,0,0,0.45,1,4.27,68.4
gauntlet/20261002-131010-scrim-g1drift80/replays/dmtrung14.defaultplayer_intlqualifier__Foxes__botB.bc24,dmtrung14.defaultplayer_intlqualifier,1,B,g1drift80,1,2000,LEVEL_SUM,7500,7500,202,30,34,313,5,1,3,1771,942,2,279,79,101,9,49.9,5,4,1,0,44.3,38,1,2,0,0,0.66,1,2.70,56.0
gauntlet/20261002-131010-scrim-g1drift80/replays/clbarrell.duck8__Whirlpool__botA.bc24,clbarrell.duck8,1,A,g1drift80,1,1838,CAPTURE,2800,2800,201,23,14,339,17,3,14,518,226,26,274,215,940,325,45.7,17,11,6,0,17.2,32,19,8,2,3,10.27,1,7.55,26.5
gauntlet/20261002-131010-scrim-g1drift80/replays/clbarrell.duck8__Whirlpool__botA.bc24,clbarrell.duck8,0,B,duck8,0,1838,CAPTURE,2800,7200,201,13,7,248,27,1,26,112,40,14,255,232,325,940,37.5,27,8,19,0,15.7,36,6,11,1,0,1.41,3,6.89,35.0
gauntlet/20261002-131010-scrim-g1drift80/replays/jonters.bling3__Randy__botB.bc24,jonters.bling3,0,A,bling3,0,2000,MORE_FLAG_CAPTURES,3400,11600,201,15,7,209,18,1,16,102,47,41,179,172,413,843,39.3,18,9,9,0,11.6,30,10,33,3,1,3.73,2,8.72,4.8
gauntlet/20261002-131010-scrim-g1drift80/replays/jonters.bling3__Randy__botB.bc24,jonters.bling3,1,B,g1drift80,1,2000,MORE_FLAG_CAPTURES,3400,4200,201,13,9,208,43,2,41,241,128,16,268,260,843,413,45.0,43,33,10,0,9.9,32,9,9,5,2,2.77,1,4.26,27.9
gauntlet/20261002-131010-scrim-g1drift80/replays/jonters.bling3__Snake__botA.bc24,jonters.bling3,1,A,g1drift80,1,839,CAPTURE,13100,33000,203,33,26,218,13,3,10,390,190,0,372,243,231,112,46.7,13,9,4,0,21.5,43,0,0,0,0,0.00,0,5.34,23.7
gauntlet/20261002-131010-scrim-g1drift80/replays/jonters.bling3__Snake__botA.bc24,jonters.bling3,0,B,bling3,0,839,CAPTURE,13100,23400,207,37,20,276,0,0,0,0,0,10,132,100,112,231,43.1,0,0,0,0,,35,4,9,0,0,0.71,3,0.00,12.2
gauntlet/20261002-131010-scrim-g1drift80/replays/justinottesen.sprint1__GaltonBoard__botB.bc24,justinottesen.sprint1,0,A,sprint1,0,1224,CAPTURE,0,26500,201,8,16,212,2,1,1,23,12,6,219,211,166,1045,29.6,2,1,1,0,12.0,26,5,4,0,0,1.33,3,11.74,5.5
gauntlet/20261002-131010-scrim-g1drift80/replays/justinottesen.sprint1__GaltonBoard__botB.bc24,justinottesen.sprint1,1,B,g1drift80,1,1224,CAPTURE,0,3400,202,2,3,326,9,3,6,374,150,1,302,242,1045,166,46.6,9,4,5,0,11.7,38,1,1,0,1,2.43,1,18.60,21.1
gauntlet/20261002-131010-scrim-g1drift80/replays/justinottesen.sprint1__Battlecode24__botB.bc24,justinottesen.sprint1,0,A,sprint1,0,953,CAPTURE,11100,15100,206,4,5,268,1,0,1,6,1,26,84,75,87,552,36.2,1,1,0,0,24.0,13,13,16,0,0,1.39,3,1.83,9.4
gauntlet/20261002-131010-scrim-g1drift80/replays/justinottesen.sprint1__Battlecode24__botB.bc24,justinottesen.sprint1,1,B,g1drift80,1,953,CAPTURE,12400,26200,202,31,27,207,29,3,26,988,479,1,465,421,552,87,47.7,29,16,13,0,30.0,27,0,1,0,0,1.00,0,6.74,17.7
gauntlet/20261002-131010-scrim-g1drift80/replays/justinottesen.sprint1__Hurricane__botB.bc24,justinottesen.sprint1,0,A,sprint1,0,1214,CAPTURE,4300,4500,201,13,9,212,49,0,49,575,256,16,41,34,39,595,38.2,49,41,8,0,18.4,40,3,16,0,0,0.50,3,1.21,5.0
gauntlet/20261002-131010-scrim-g1drift80/replays/justinottesen.sprint1__Hurricane__botB.bc24,justinottesen.sprint1,1,B,g1drift80,1,1214,CAPTURE,4500,4500,201,20,27,210,19,3,16,687,337,49,256,240,595,39,49.2,19,16,3,0,14.5,47,8,41,0,1,1.10,0,4.98,14.9
gauntlet/20261002-131010-scrim-g1drift80/replays/justinottesen.sprint1__Joker__botA.bc24,justinottesen.sprint1,1,A,g1drift80,1,629,CAPTURE,14500,22600,202,23,16,226,22,3,19,381,180,0,315,266,237,83,46.7,22,15,7,0,25.7,47,0,0,0,0,0.00,0,4.84,11.9
gauntlet/20261002-131010-scrim-g1drift80/replays/justinottesen.sprint1__Joker__botA.bc24,justinottesen.sprint1,0,B,sprint1,0,629,CAPTURE,14500,19700,203,10,15,227,0,0,0,0,0,19,127,96,83,237,41.1,0,0,0,0,,28,7,15,0,0,1.68,3,0.00,10.4
gauntlet/20261002-131010-scrim-g1drift80/replays/justinottesen.sprint1__Rivers__botB.bc24,justinottesen.sprint1,0,A,sprint1,0,467,CAPTURE,1500,2100,201,2,0,389,0,0,0,0,0,9,24,23,26,249,37.6,0,0,0,0,,29,2,10,0,0,1.80,3,0.00,5.9
gauntlet/20261002-131010-scrim-g1drift80/replays/justinottesen.sprint1__Rivers__botB.bc24,justinottesen.sprint1,1,B,g1drift80,1,467,CAPTURE,1500,2100,205,3,19,299,12,3,9,219,104,0,103,49,249,26,48.6,12,10,2,0,20.8,38,0,0,0,0,0.00,0,6.63,24.5
gauntlet/20261002-131010-scrim-g1drift80/replays/jonters.bling3__Whirlpool__botB.bc24,jonters.bling3,0,A,bling3,0,2000,MORE_FLAG_CAPTURES,2800,6700,201,26,32,263,6,1,5,133,58,11,172,166,364,907,38.5,6,4,2,0,17.2,36,4,10,0,0,0.42,2,15.31,6.1
gauntlet/20261002-131010-scrim-g1drift80/replays/jonters.bling3__Whirlpool__botB.bc24,jonters.bling3,1,B,g1drift80,1,2000,MORE_FLAG_CAPTURES,2800,3300,201,16,19,319,14,2,11,606,354,5,288,260,907,364,45.5,14,10,4,0,12.5,42,2,4,4,2,2.95,1,5.93,23.5
gauntlet/20261002-131010-scrim-g1drift80/replays/justinottesen.sprint1__StarryNight__botA.bc24,justinottesen.sprint1,1,A,g1drift80,1,939,CAPTURE,13600,13900,201,17,2,201,12,3,9,310,148,12,339,302,710,68,48.2,12,11,1,0,17.8,44,1,11,0,0,1.32,0,10.05,15.0
gauntlet/20261002-131010-scrim-g1drift80/replays/justinottesen.sprint1__StarryNight__botA.bc24,justinottesen.sprint1,0,B,sprint1,0,939,CAPTURE,13400,15800,201,2,9,226,12,0,12,97,40,9,98,97,68,710,32.0,12,11,1,0,19.3,44,1,11,0,0,0.75,3,1.78,11.6
gauntlet/20261002-131010-scrim-g1drift80/replays/quesswho.cretplayer2_3__Capacitance__botA.bc24,quesswho.cretplayer2_3,1,A,g1drift80,1,549,CAPTURE,3600,4500,201,19,11,201,5,3,2,289,118,4,90,49,92,37,48.3,5,5,0,0,9.5,45,4,2,0,0,1.31,1,12.65,20.4
gauntlet/20261002-131010-scrim-g1drift80/replays/quesswho.cretplayer2_3__Capacitance__botA.bc24,quesswho.cretplayer2_3,0,B,cretplayer2_3,0,549,CAPTURE,3600,5500,201,31,32,208,9,1,4,840,82,2,95,84,37,92,45.1,6,2,4,0,7.3,36,0,5,0,0,0.42,3,27.90,27.7
