file,opp,us,team,name,won,rounds,wintype,captured,firstCapture,firstPickup,pickups,drops,setupFlagPickups,flagMoveDist,digs200,fills200,traps200,crumbs200,crumbs250,level200,defend300,atk400,heal400,expl400,water400,stun400,trapsHit,kills,deaths,upgrades
gauntlet/20261002-031317-scrim-b3own/losses/ColtG5.Goob_final__Swoop__botB.bc24,ColtG5.Goob_final,0,A,Goob_final,1,1453,CAPTURE,3,267,226,23,0,0,0,0,58,0,4960,30,0,12,1028,904,3,0,57,208,348,851,ATK@600+HEAL@1200
gauntlet/20261002-031317-scrim-b3own/losses/ColtG5.Goob_final__Swoop__botB.bc24,ColtG5.Goob_final,1,B,b3own,0,1453,CAPTURE,1,1012,956,2,0,0,0,99,56,0,3055,225,13,10,1206,1336,2,0,53,200,851,348,ATK@600+HEAL@1200
gauntlet/20261002-031317-scrim-b3own/losses/ColtG5.Goob_final__SteamboatMickey__botB.bc24,ColtG5.Goob_final,0,A,Goob_final,1,629,CAPTURE,3,274,226,5,0,0,0,0,47,0,8290,11720,0,5,935,847,13,0,124,171,144,148,ATK@600
gauntlet/20261002-031317-scrim-b3own/losses/ColtG5.Goob_final__SteamboatMickey__botB.bc24,ColtG5.Goob_final,1,B,b3own,0,629,CAPTURE,0,-1,0,0,0,0,0,141,1,0,6850,195,20,0,975,1008,0,0,113,126,148,144,ATK@600
gauntlet/20261002-031317-scrim-b3own/losses/CyrilSharma.finalBot__Bunkers__botA.bc24,CyrilSharma.finalBot,1,A,b3own,0,707,CAPTURE,0,-1,0,0,0,0,0,131,52,0,1047,266,16,4,943,1234,0,0,28,51,159,200,ATK@600
gauntlet/20261002-031317-scrim-b3own/losses/CyrilSharma.finalBot__Bunkers__botA.bc24,CyrilSharma.finalBot,0,B,finalBot,1,707,CAPTURE,3,299,235,10,0,0,0,60,2,3,3835,1425,12,16,1112,1061,0,0,115,190,200,159,ATK@600
gauntlet/20261002-031317-scrim-b3own/losses/CyrilSharma.finalBot__Decision__botB.bc24,CyrilSharma.finalBot,0,A,finalBot,1,799,CAPTURE,3,381,264,9,0,0,0,60,26,1,1700,455,12,3,646,835,0,0,51,128,120,121,ATK@600
gauntlet/20261002-031317-scrim-b3own/losses/CyrilSharma.finalBot__Decision__botB.bc24,CyrilSharma.finalBot,1,B,b3own,0,799,CAPTURE,1,748,316,11,0,0,0,38,70,0,1461,281,4,2,688,933,0,0,41,75,121,120,ATK@600
gauntlet/20261002-031317-scrim-b3own/losses/ColtG5.Goob_final__EvilGrin__botA.bc24,ColtG5.Goob_final,1,A,b3own,0,2000,MORE_FLAG_CAPTURES,0,-1,0,0,0,0,0,71,53,0,1390,283,5,1,1262,1580,0,0,48,211,1339,491,ATK@600+HEAL@1200+CAP@1800
gauntlet/20261002-031317-scrim-b3own/losses/ColtG5.Goob_final__EvilGrin__botA.bc24,ColtG5.Goob_final,0,B,Goob_final,1,2000,MORE_FLAG_CAPTURES,2,330,288,9,0,0,0,0,51,0,2870,1620,0,5,1151,1215,12,0,68,313,491,1339,ATK@600+HEAL@1200+CAP@1800
gauntlet/20261002-031317-scrim-b3own/losses/ColtG5.Goob_final__Gated__botA.bc24,ColtG5.Goob_final,1,A,b3own,0,2000,MORE_FLAG_CAPTURES,0,-1,0,0,0,0,0,70,32,0,1546,246,2,9,1135,1384,0,0,35,194,1060,373,ATK@600+HEAL@1200+CAP@1800
gauntlet/20261002-031317-scrim-b3own/losses/ColtG5.Goob_final__Gated__botA.bc24,ColtG5.Goob_final,0,B,Goob_final,1,2000,MORE_FLAG_CAPTURES,2,598,270,15,0,0,0,0,37,0,2790,90,0,5,959,862,0,0,49,184,373,1060,ATK@600+HEAL@1200+CAP@1800
gauntlet/20261002-031317-scrim-b3own/losses/ColtG5.Goob_final__Joker__botB.bc24,ColtG5.Goob_final,0,A,Goob_final,1,2000,MORE_FLAG_CAPTURES,2,379,264,3,0,0,0,0,21,0,16270,18720,0,9,910,759,12,0,98,279,382,970,ATK@600+HEAL@1200+CAP@1800
gauntlet/20261002-031317-scrim-b3own/losses/ColtG5.Goob_final__Joker__botB.bc24,ColtG5.Goob_final,1,B,b3own,0,2000,MORE_FLAG_CAPTURES,0,-1,0,0,0,0,0,149,8,0,13683,268,23,9,1156,1270,11,0,194,356,970,382,ATK@600+HEAL@1200+CAP@1800
gauntlet/20261002-031317-scrim-b3own/losses/CyrilSharma.finalBot__OceanFloor__botA.bc24,CyrilSharma.finalBot,1,A,b3own,0,677,CAPTURE,1,503,259,9,0,0,0,82,26,0,1380,270,3,0,682,854,0,0,31,56,89,93,ATK@600
gauntlet/20261002-031317-scrim-b3own/losses/CyrilSharma.finalBot__OceanFloor__botA.bc24,CyrilSharma.finalBot,0,B,finalBot,1,677,CAPTURE,3,396,214,11,0,0,0,60,5,2,2481,721,12,11,782,845,0,0,91,115,93,89,ATK@600
gauntlet/20261002-031317-scrim-b3own/losses/CyrilSharma.finalBot__EvilGrin__botB.bc24,CyrilSharma.finalBot,0,A,finalBot,1,671,CAPTURE,3,288,237,12,0,0,0,60,34,0,2324,3094,12,2,1081,1036,0,0,159,252,205,95,ATK@600
gauntlet/20261002-031317-scrim-b3own/losses/CyrilSharma.finalBot__EvilGrin__botB.bc24,CyrilSharma.finalBot,1,B,b3own,0,671,CAPTURE,0,-1,502,1,0,0,0,79,59,0,1050,210,4,7,810,1105,0,0,28,56,95,205,ATK@600
gauntlet/20261002-031317-scrim-b3own/losses/Gymhgy.v10official__Asteroids__botA.bc24,Gymhgy.v10official,1,A,b3own,0,581,CAPTURE,0,-1,285,11,0,0,0,32,32,0,1600,270,1,0,919,1188,0,0,41,53,34,81,
gauntlet/20261002-031317-scrim-b3own/losses/Gymhgy.v10official__Asteroids__botA.bc24,Gymhgy.v10official,0,B,v10official,1,581,CAPTURE,3,399,279,48,38,3,12,90,34,3,425,35,18,0,894,1415,12,3,50,77,81,34,
gauntlet/20261002-031317-scrim-b3own/losses/Gymhgy.v10official__Backslash__botA.bc24,Gymhgy.v10official,1,A,b3own,0,600,CAPTURE,0,-1,512,2,0,0,0,26,160,0,1080,303,1,0,904,1152,0,0,112,126,45,85,ATK@600
gauntlet/20261002-031317-scrim-b3own/losses/Gymhgy.v10official__Backslash__botA.bc24,Gymhgy.v10official,0,B,v10official,1,600,CAPTURE,3,331,286,61,46,3,34,66,104,3,2589,8174,12,0,769,1372,59,3,71,120,85,45,ATK@600
gauntlet/20261002-031317-scrim-b3own/losses/CyrilSharma.finalBot__Whirlpool__botA.bc24,CyrilSharma.finalBot,1,A,b3own,0,2000,MORE_FLAG_CAPTURES,0,-1,0,0,0,0,0,25,77,0,2390,250,0,20,955,1332,0,0,40,185,393,480,ATK@600+HEAL@1200+CAP@1800
gauntlet/20261002-031317-scrim-b3own/losses/CyrilSharma.finalBot__Whirlpool__botA.bc24,CyrilSharma.finalBot,0,B,finalBot,1,2000,MORE_FLAG_CAPTURES,1,281,234,1,0,0,0,18,43,0,3565,4931,2,13,836,1249,0,0,85,444,480,393,ATK@600+HEAL@1200+CAP@1800
gauntlet/20261002-031317-scrim-b3own/losses/Gymhgy.v10official__Decision__botB.bc24,Gymhgy.v10official,0,A,v10official,1,720,CAPTURE,3,440,299,75,60,3,12,90,71,3,430,100,18,0,994,1724,0,3,23,74,104,48,ATK@600
gauntlet/20261002-031317-scrim-b3own/losses/Gymhgy.v10official__Decision__botB.bc24,Gymhgy.v10official,1,B,b3own,0,720,CAPTURE,1,525,351,10,0,0,0,46,71,0,1265,285,4,2,1092,1472,0,0,27,30,48,104,ATK@600
gauntlet/20261002-031317-scrim-b3own/losses/Gymhgy.v10official__CH3353C4K3F4CT0RY__botA.bc24,Gymhgy.v10official,1,A,b3own,0,2000,MORE_FLAG_CAPTURES,0,-1,339,10,0,0,0,135,4,0,11389,309,18,2,950,1257,11,0,114,302,683,450,ATK@600+HEAL@1200+CAP@1800
gauntlet/20261002-031317-scrim-b3own/losses/Gymhgy.v10official__CH3353C4K3F4CT0RY__botA.bc24,Gymhgy.v10official,0,B,v10official,1,2000,MORE_FLAG_CAPTURES,2,283,251,79,36,3,21,90,11,3,13354,10184,18,0,936,1511,36,3,140,458,450,683,ATK@600+HEAL@1200+CAP@1800
gauntlet/20261002-031317-scrim-b3own/losses/IvanGeffner.kuma__Occulus__botA.bc24,IvanGeffner.kuma,1,A,b3own,0,541,CAPTURE,1,344,277,2,0,0,0,47,22,0,2600,300,2,12,994,1342,2,0,61,72,78,137,
gauntlet/20261002-031317-scrim-b3own/losses/IvanGeffner.kuma__Occulus__botA.bc24,IvanGeffner.kuma,0,B,kuma,1,541,CAPTURE,3,329,300,19,9,0,0,90,17,5,1935,2345,18,6,1146,1225,6,0,114,133,137,78,
gauntlet/20261002-031317-scrim-b3own/losses/IvanGeffner.kuma__Backslash__botA.bc24,IvanGeffner.kuma,1,A,b3own,0,1726,CAPTURE,0,-1,254,3,0,0,0,19,156,0,1240,250,0,0,898,1241,0,0,140,278,412,859,ATK@600+HEAL@1200
gauntlet/20261002-031317-scrim-b3own/losses/IvanGeffner.kuma__Backslash__botA.bc24,IvanGeffner.kuma,0,B,kuma,1,1726,CAPTURE,3,292,258,89,58,0,0,90,154,0,1297,2772,18,6,1110,1168,7,0,153,625,859,412,ATK@600+HEAL@1200
gauntlet/20261002-031317-scrim-b3own/losses/Gymhgy.v10official__DefaultLarge__botB.bc24,Gymhgy.v10official,0,A,v10official,1,2000,MORE_FLAG_CAPTURES,1,884,290,55,36,3,13,90,39,3,1305,55,18,0,1039,1745,4,3,69,327,418,477,ATK@600+HEAL@1200+CAP@1800
gauntlet/20261002-031317-scrim-b3own/losses/Gymhgy.v10official__DefaultLarge__botB.bc24,Gymhgy.v10official,1,B,b3own,0,2000,MORE_FLAG_CAPTURES,0,-1,337,26,0,0,0,51,36,0,2103,263,3,9,1219,1681,2,0,56,223,477,418,ATK@600+HEAL@1200+CAP@1800
gauntlet/20261002-031317-scrim-b3own/losses/Gymhgy.v10official__Klein__botB.bc24,Gymhgy.v10official,0,A,v10official,1,2000,MORE_FLAG_CAPTURES,1,398,322,21,6,3,42,61,161,2,4026,766,12,0,866,1508,2,2,41,268,374,461,ATK@600+HEAL@1200+CAP@1800
gauntlet/20261002-031317-scrim-b3own/losses/Gymhgy.v10official__Klein__botB.bc24,Gymhgy.v10official,1,B,b3own,0,2000,MORE_FLAG_CAPTURES,0,-1,408,11,0,0,0,154,68,0,1961,254,27,22,1026,1265,0,0,30,196,461,374,ATK@600+HEAL@1200+CAP@1800
gauntlet/20261002-031317-scrim-b3own/losses/IvanGeffner.kuma__Racetrack__botA.bc24,IvanGeffner.kuma,1,A,b3own,0,642,CAPTURE,1,321,275,1,0,0,0,0,64,0,480,220,0,13,990,1508,0,0,13,27,60,106,ATK@600
gauntlet/20261002-031317-scrim-b3own/losses/IvanGeffner.kuma__Racetrack__botA.bc24,IvanGeffner.kuma,0,B,kuma,1,642,CAPTURE,3,375,306,18,13,0,0,58,58,0,19,24,11,2,1044,1516,0,0,2,20,106,60,ATK@600
gauntlet/20261002-031317-scrim-b3own/losses/IvanGeffner.kuma__Swoop__botA.bc24,IvanGeffner.kuma,1,A,b3own,0,822,CAPTURE,1,354,308,1,0,0,0,129,72,0,2008,218,18,18,1042,1472,2,0,37,81,141,166,ATK@600
gauntlet/20261002-031317-scrim-b3own/losses/IvanGeffner.kuma__Swoop__botA.bc24,IvanGeffner.kuma,0,B,kuma,1,822,CAPTURE,3,528,232,33,21,0,0,90,76,1,2945,1183,18,4,1016,1213,6,0,55,177,166,141,ATK@600
gauntlet/20261002-031317-scrim-b3own/losses/NotLLeon.v3__ORV__botA.bc24,NotLLeon.v3,1,A,b3own,0,502,CAPTURE,0,-1,0,0,0,0,0,89,49,0,2371,301,8,10,901,1129,0,0,51,56,68,71,
gauntlet/20261002-031317-scrim-b3own/losses/NotLLeon.v3__ORV__botA.bc24,NotLLeon.v3,0,B,v3,1,502,CAPTURE,3,340,266,24,8,0,0,0,27,0,4790,3690,0,15,943,1084,0,0,106,98,71,68,
gauntlet/20261002-031317-scrim-b3own/losses/NotLLeon.v3__Backslash__botB.bc24,NotLLeon.v3,0,A,v3,1,1819,CAPTURE,3,451,234,71,12,0,0,0,88,0,760,6070,0,16,1062,921,0,0,117,425,701,657,ATK@600+HEAL@1200+CAP@1800
gauntlet/20261002-031317-scrim-b3own/losses/NotLLeon.v3__Backslash__botB.bc24,NotLLeon.v3,1,B,b3own,0,1819,CAPTURE,0,-1,629,3,0,0,0,11,157,0,1070,240,0,3,913,1225,2,0,130,273,657,701,ATK@600+HEAL@1200+CAP@1800
gauntlet/20261002-031317-scrim-b3own/losses/NotLLeon.v3__Backslash__botA.bc24,NotLLeon.v3,1,A,b3own,0,1685,CAPTURE,1,450,229,6,0,0,0,37,168,0,1020,272,0,1,955,1109,2,0,130,224,538,661,ATK@600+HEAL@1200
gauntlet/20261002-031317-scrim-b3own/losses/NotLLeon.v3__Backslash__botA.bc24,NotLLeon.v3,0,B,v3,1,1685,CAPTURE,3,324,251,52,21,0,0,0,134,0,1880,5850,0,12,957,1140,0,0,117,410,661,538,ATK@600+HEAL@1200
gauntlet/20261002-031317-scrim-b3own/losses/NotLLeon.v3__Pancakes__botB.bc24,NotLLeon.v3,0,A,v3,1,527,CAPTURE,3,292,246,19,7,0,0,0,5,0,2250,2430,0,19,880,1080,0,0,75,90,70,89,
gauntlet/20261002-031317-scrim-b3own/losses/NotLLeon.v3__Pancakes__botB.bc24,NotLLeon.v3,1,B,b3own,0,527,CAPTURE,1,278,232,7,0,0,0,25,16,0,1420,553,2,1,983,1166,0,0,79,89,89,70,
gauntlet/20261002-031317-scrim-b3own/losses/NotLLeon.v3__Gated__botB.bc24,NotLLeon.v3,0,A,v3,1,1678,CAPTURE,3,462,262,53,19,0,0,0,25,0,3150,570,0,11,942,975,0,0,59,223,404,475,ATK@600+HEAL@1200
gauntlet/20261002-031317-scrim-b3own/losses/NotLLeon.v3__Gated__botB.bc24,NotLLeon.v3,1,B,b3own,0,1678,CAPTURE,0,-1,272,9,0,0,0,71,45,0,1151,297,6,6,961,1176,0,0,37,156,475,404,ATK@600+HEAL@1200
gauntlet/20261002-031317-scrim-b3own/losses/NotLLeon.v3__Waterworld__botB.bc24,NotLLeon.v3,0,A,v3,1,1046,CAPTURE,3,657,607,19,10,0,0,0,229,0,430,1880,0,3,891,1368,0,0,46,122,171,197,ATK@600
gauntlet/20261002-031317-scrim-b3own/losses/NotLLeon.v3__Waterworld__botB.bc24,NotLLeon.v3,1,B,b3own,0,1046,CAPTURE,0,-1,340,9,0,0,0,47,191,0,775,1036,4,4,856,1484,2,0,49,95,197,171,ATK@600
gauntlet/20261002-031317-scrim-b3own/losses/SampleProvider.TSPAARKSPRINT1__Foxes__botB.bc24,SampleProvider.TSPAARKSPRINT1,0,A,TSPAARKSPRINT1,1,1931,CAPTURE,3,1138,462,53,0,3,46,0,31,2,8770,3610,0,6,434,1341,35,28,1,118,174,451,ATK@600+CAP@1200+HEAL@1800
gauntlet/20261002-031317-scrim-b3own/losses/SampleProvider.TSPAARKSPRINT1__Foxes__botB.bc24,SampleProvider.TSPAARKSPRINT1,1,B,b3own,0,1931,CAPTURE,0,-1,302,14,0,0,0,117,11,0,7248,298,15,7,862,1087,8,0,79,294,451,174,ATK@600+HEAL@1200+CAP@1800
gauntlet/20261002-031317-scrim-b3own/losses/Strequals.duck0127v5__Canals__botA.bc24,Strequals.duck0127v5,1,A,b3own,0,746,CAPTURE,0,-1,452,6,0,0,0,138,18,0,3709,307,18,5,754,1406,3,0,47,77,57,189,ATK@600
gauntlet/20261002-031317-scrim-b3own/losses/Strequals.duck0127v5__Canals__botA.bc24,Strequals.duck0127v5,0,B,duck0127v5,1,746,CAPTURE,3,508,437,4,0,0,0,90,64,2,3685,3300,18,4,1006,1365,0,3,105,208,189,57,ATK@600
gauntlet/20261002-031317-scrim-b3own/losses/SampleProvider.TSPAARKSPRINT1__Soccer__botB.bc24,SampleProvider.TSPAARKSPRINT1,0,A,TSPAARKSPRINT1,1,616,CAPTURE,3,390,283,19,0,3,34,0,48,4,3560,320,0,7,561,1368,5,32,5,39,52,87,ATK@600
gauntlet/20261002-031317-scrim-b3own/losses/SampleProvider.TSPAARKSPRINT1__Soccer__botB.bc24,SampleProvider.TSPAARKSPRINT1,1,B,b3own,0,616,CAPTURE,0,-1,363,10,0,0,0,86,16,0,3215,248,10,0,941,832,2,0,44,64,87,52,ATK@600
gauntlet/20261002-031317-scrim-b3own/losses/SampleProvider.TSPAARKSPRINT1__Snake__botB.bc24,SampleProvider.TSPAARKSPRINT1,0,A,TSPAARKSPRINT1,1,772,CAPTURE,3,479,279,25,0,3,25,0,202,4,9040,16760,0,9,476,1294,70,30,6,137,141,118,ATK@600
gauntlet/20261002-031317-scrim-b3own/losses/SampleProvider.TSPAARKSPRINT1__Snake__botB.bc24,SampleProvider.TSPAARKSPRINT1,1,B,b3own,0,772,CAPTURE,0,-1,255,19,0,0,0,144,106,0,8318,277,14,8,1000,1172,20,0,223,273,118,141,ATK@600
gauntlet/20261002-031317-scrim-b3own/losses/SampleProvider.TSPAARKSPRINT1__Waterworld__botA.bc24,SampleProvider.TSPAARKSPRINT1,1,A,b3own,0,1313,CAPTURE,0,-1,303,10,0,0,0,55,190,0,236,219,2,5,1012,1182,0,0,35,139,362,148,ATK@600+HEAL@1200
gauntlet/20261002-031317-scrim-b3own/losses/SampleProvider.TSPAARKSPRINT1__Waterworld__botA.bc24,SampleProvider.TSPAARKSPRINT1,0,B,TSPAARKSPRINT1,1,1313,CAPTURE,3,773,243,64,0,3,48,0,483,4,1410,1610,0,6,505,1457,18,23,7,70,148,362,ATK@600+CAP@1200
gauntlet/20261002-031317-scrim-b3own/losses/Strequals.duck0127v5__Divergent__botB.bc24,Strequals.duck0127v5,0,A,duck0127v5,1,2000,LEVEL_SUM,1,1648,338,20,0,0,0,90,44,2,3647,3537,18,17,795,968,0,2,73,327,551,251,ATK@600+HEAL@1200+CAP@1800
gauntlet/20261002-031317-scrim-b3own/losses/Strequals.duck0127v5__Divergent__botB.bc24,Strequals.duck0127v5,1,B,b3own,0,2000,LEVEL_SUM,1,1567,324,23,0,0,0,182,32,0,1530,265,29,3,652,999,0,0,33,188,251,551,ATK@600+HEAL@1200+CAP@1800
gauntlet/20261002-031317-scrim-b3own/losses/Strequals.duck0127v5__MIT__botB.bc24,Strequals.duck0127v5,0,A,duck0127v5,1,597,CAPTURE,3,386,295,8,0,0,0,90,53,20,5819,40949,18,4,725,911,0,3,95,132,81,42,
gauntlet/20261002-031317-scrim-b3own/losses/Strequals.duck0127v5__MIT__botB.bc24,Strequals.duck0127v5,1,B,b3own,0,597,CAPTURE,1,373,264,2,0,0,0,86,38,0,6758,268,10,20,738,880,4,0,105,113,42,81,
gauntlet/20261002-031317-scrim-b3own/losses/andli28.v9_USQuals_angle__Canals__botA.bc24,andli28.v9_USQuals_angle,1,A,b3own,0,630,CAPTURE,0,-1,0,0,0,0,0,138,15,0,3805,224,20,21,859,1251,2,0,47,70,68,142,ATK@600
gauntlet/20261002-031317-scrim-b3own/losses/andli28.v9_USQuals_angle__Canals__botA.bc24,andli28.v9_USQuals_angle,0,B,v9_USQuals_angle,1,630,CAPTURE,3,508,409,5,0,0,0,90,0,4,5345,4255,18,7,967,1121,12,2,106,172,142,68,ATK@600
gauntlet/20261002-031317-scrim-b3own/losses/andli28.v9_USQuals_angle__Battlecode24__botB.bc24,andli28.v9_USQuals_angle,0,A,v9_USQuals_angle,1,2000,MORE_FLAG_CAPTURES,2,1183,362,35,0,0,0,88,51,2,11691,25081,18,21,882,1162,11,1,44,232,368,320,ATK@600+HEAL@1200+CAP@1800
gauntlet/20261002-031317-scrim-b3own/losses/andli28.v9_USQuals_angle__Battlecode24__botB.bc24,andli28.v9_USQuals_angle,1,B,b3own,0,2000,MORE_FLAG_CAPTURES,1,1168,797,5,0,0,0,130,48,0,10805,228,20,10,988,1427,7,0,129,278,320,368,ATK@600+HEAL@1200+CAP@1800
gauntlet/20261002-031317-scrim-b3own/losses/Strequals.duck0127v5__MazeRunner__botA.bc24,Strequals.duck0127v5,1,A,b3own,0,1653,CAPTURE,1,838,273,26,0,0,0,72,110,0,314,234,7,3,522,817,0,0,44,165,240,341,ATK@600+HEAL@1200
gauntlet/20261002-031317-scrim-b3own/losses/Strequals.duck0127v5__MazeRunner__botA.bc24,Strequals.duck0127v5,0,B,duck0127v5,1,1653,CAPTURE,3,566,372,13,0,0,0,90,54,2,2279,3297,18,3,557,849,0,3,29,291,341,240,ATK@600+HEAL@1200
gauntlet/20261002-031317-scrim-b3own/losses/andli28.v9_USQuals_angle__EvilGrin__botB.bc24,andli28.v9_USQuals_angle,0,A,v9_USQuals_angle,1,708,CAPTURE,3,368,282,27,0,0,0,89,29,6,1776,4631,18,5,971,1022,13,3,92,180,146,117,ATK@600
gauntlet/20261002-031317-scrim-b3own/losses/andli28.v9_USQuals_angle__EvilGrin__botB.bc24,andli28.v9_USQuals_angle,1,B,b3own,0,708,CAPTURE,0,-1,0,0,0,0,0,62,58,0,1320,270,1,34,1051,1506,0,0,39,69,117,146,ATK@600
gauntlet/20261002-031317-scrim-b3own/losses/Strequals.duck0127v5__Rainbow__botA.bc24,Strequals.duck0127v5,1,A,b3own,0,2000,MORE_FLAG_CAPTURES,1,477,350,14,0,0,0,131,47,0,4409,230,19,12,702,1186,3,0,57,222,321,565,ATK@600+HEAL@1200+CAP@1800
gauntlet/20261002-031317-scrim-b3own/losses/Strequals.duck0127v5__Rainbow__botA.bc24,Strequals.duck0127v5,0,B,duck0127v5,1,2000,MORE_FLAG_CAPTURES,2,429,333,11,0,0,0,90,32,15,5670,3995,18,3,895,1054,0,3,151,373,565,321,ATK@600+HEAL@1200+CAP@1800
gauntlet/20261002-031317-scrim-b3own/losses/andli28.v9_USQuals_angle__HeMustBeFreed__botB.bc24,andli28.v9_USQuals_angle,0,A,v9_USQuals_angle,1,576,CAPTURE,3,458,338,5,0,0,0,84,79,6,518,5453,18,3,559,695,7,3,43,82,63,38,
gauntlet/20261002-031317-scrim-b3own/losses/andli28.v9_USQuals_angle__HeMustBeFreed__botB.bc24,andli28.v9_USQuals_angle,1,B,b3own,0,576,CAPTURE,1,356,226,3,0,0,0,35,126,0,3832,179,5,4,555,735,3,0,62,64,38,63,
gauntlet/20261002-031317-scrim-b3own/losses/andli28.v9_USQuals_angle__Joker__botB.bc24,andli28.v9_USQuals_angle,0,A,v9_USQuals_angle,1,2000,MORE_FLAG_CAPTURES,2,651,397,10,0,0,0,86,0,6,13653,12733,18,15,889,1124,19,3,110,571,639,353,ATK@600+HEAL@1200+CAP@1800
gauntlet/20261002-031317-scrim-b3own/losses/andli28.v9_USQuals_angle__Joker__botB.bc24,andli28.v9_USQuals_angle,1,B,b3own,0,2000,MORE_FLAG_CAPTURES,1,465,231,8,0,0,0,140,10,0,13821,248,21,4,979,1355,12,0,231,380,353,639,ATK@600+HEAL@1200+CAP@1800
gauntlet/20261002-031317-scrim-b3own/losses/andli28.v9_USQuals_angle__Valentine__botA.bc24,andli28.v9_USQuals_angle,1,A,b3own,0,2000,MORE_FLAG_CAPTURES,0,-1,298,3,0,0,0,114,15,0,1476,235,10,13,910,1273,0,0,40,187,383,454,ATK@600+HEAL@1200+CAP@1800
gauntlet/20261002-031317-scrim-b3own/losses/andli28.v9_USQuals_angle__Valentine__botA.bc24,andli28.v9_USQuals_angle,0,B,v9_USQuals_angle,1,2000,MORE_FLAG_CAPTURES,1,440,328,23,0,0,0,90,0,6,2445,3570,18,2,983,1199,7,3,84,449,454,383,ATK@600+HEAL@1200+CAP@1800
gauntlet/20261002-031317-scrim-b3own/losses/andrewgopher.player22__StackGame__botB.bc24,andrewgopher.player22,0,A,player22,1,371,CAPTURE,3,299,274,6,0,3,0,0,49,0,5530,1330,0,6,1154,803,2,0,82,65,67,61,
gauntlet/20261002-031317-scrim-b3own/losses/andrewgopher.player22__StackGame__botB.bc24,andrewgopher.player22,1,B,b3own,0,371,CAPTURE,0,-1,332,2,0,0,0,77,52,0,3915,235,3,11,897,1312,0,0,55,52,61,67,
gauntlet/20261002-031317-scrim-b3own/losses/andrewgopher.player22__ORV__botA.bc24,andrewgopher.player22,1,A,b3own,0,483,CAPTURE,0,-1,0,0,0,0,0,86,35,0,2630,226,5,0,928,1457,1,0,43,48,122,116,
gauntlet/20261002-031317-scrim-b3own/losses/andrewgopher.player22__ORV__botA.bc24,andrewgopher.player22,0,B,player22,1,483,CAPTURE,3,294,262,13,1,3,0,0,60,0,3800,1090,0,1,1187,528,15,0,78,88,116,122,
gauntlet/20261002-031317-scrim-b3own/losses/andrewgopher.player22__Digging__botB.bc24,andrewgopher.player22,0,A,player22,1,2000,MORE_FLAG_CAPTURES,1,347,317,14,0,3,0,0,26,0,2320,80,0,2,1290,918,0,0,72,475,1280,961,ATK@600+HEAL@1200+CAP@1800
gauntlet/20261002-031317-scrim-b3own/losses/andrewgopher.player22__Digging__botB.bc24,andrewgopher.player22,1,B,b3own,0,2000,MORE_FLAG_CAPTURES,0,-1,0,0,0,0,0,72,15,0,1213,242,10,23,1001,1332,0,0,34,207,961,1280,ATK@600+HEAL@1200+CAP@1800
gauntlet/20261002-031317-scrim-b3own/losses/andrewgopher.player22__Mountain__botA.bc24,andrewgopher.player22,1,A,b3own,0,2000,LEVEL_SUM,0,-1,272,7,0,0,0,143,55,0,1738,294,20,22,1035,1125,0,0,52,208,977,881,ATK@600+HEAL@1200+CAP@1800
gauntlet/20261002-031317-scrim-b3own/losses/andrewgopher.player22__Mountain__botA.bc24,andrewgopher.player22,0,B,player22,1,2000,LEVEL_SUM,0,-1,802,4,0,3,0,0,47,0,5090,5990,0,9,937,786,2,0,19,377,881,977,ATK@600+HEAL@1200+CAP@1800
gauntlet/20261002-031317-scrim-b3own/losses/chenyx512.flagbot_final__AceOfSpades__botB.bc24,chenyx512.flagbot_final,0,A,flagbot_final,1,605,CAPTURE,3,327,245,7,0,3,26,90,83,0,445,14545,18,7,980,1195,0,0,192,271,192,26,ATK@600
gauntlet/20261002-031317-scrim-b3own/losses/chenyx512.flagbot_final__AceOfSpades__botB.bc24,chenyx512.flagbot_final,1,B,b3own,0,605,CAPTURE,0,-1,271,11,0,0,0,63,13,0,2253,213,6,5,706,946,3,0,52,75,26,192,ATK@600
gauntlet/20261002-031317-scrim-b3own/losses/chenyx512.flagbot_final__Racetrack__botA.bc24,chenyx512.flagbot_final,1,A,b3own,0,731,CAPTURE,0,-1,619,8,0,0,0,0,59,0,630,270,0,7,1043,1838,0,0,21,39,57,142,ATK@600
gauntlet/20261002-031317-scrim-b3own/losses/chenyx512.flagbot_final__Racetrack__botA.bc24,chenyx512.flagbot_final,0,B,flagbot_final,1,731,CAPTURE,3,572,503,9,0,3,26,37,63,0,13,30,7,3,1120,1810,0,0,1,13,142,57,ATK@600
gauntlet/20261002-031317-scrim-b3own/losses/chenyx512.flagbot_final__Skyline__botB.bc24,chenyx512.flagbot_final,0,A,flagbot_final,1,1177,CAPTURE,3,464,335,19,0,3,55,90,267,2,14699,12514,18,0,993,1499,0,0,178,507,768,92,ATK@600
gauntlet/20261002-031317-scrim-b3own/losses/chenyx512.flagbot_final__Skyline__botB.bc24,chenyx512.flagbot_final,1,B,b3own,0,1177,CAPTURE,1,304,214,11,0,0,0,191,115,0,16762,277,33,10,905,1112,21,0,160,264,92,768,ATK@600
gauntlet/20261002-031317-scrim-b3own/losses/chenyx512.flagbot_final__Swoop__botA.bc24,chenyx512.flagbot_final,1,A,b3own,0,1033,CAPTURE,1,556,236,13,0,0,0,90,56,0,3250,250,8,8,855,1271,2,0,48,114,92,390,ATK@600
gauntlet/20261002-031317-scrim-b3own/losses/chenyx512.flagbot_final__Swoop__botA.bc24,chenyx512.flagbot_final,0,B,flagbot_final,1,1033,CAPTURE,3,496,240,20,0,3,30,90,166,0,487,27,18,10,937,1432,0,0,46,233,390,92,ATK@600
gauntlet/20261002-031317-scrim-b3own/losses/chenyx512.flagbot_final__Divergent__botB.bc24,chenyx512.flagbot_final,0,A,flagbot_final,1,2000,MORE_FLAG_CAPTURES,2,659,496,11,0,3,28,90,126,0,944,364,18,3,803,1216,0,0,57,536,939,191,ATK@600+HEAL@1200+CAP@1800
gauntlet/20261002-031317-scrim-b3own/losses/chenyx512.flagbot_final__Divergent__botB.bc24,chenyx512.flagbot_final,1,B,b3own,0,2000,MORE_FLAG_CAPTURES,0,-1,0,0,0,0,0,160,28,0,1490,213,25,14,708,1202,0,0,32,182,191,939,ATK@600+HEAL@1200+CAP@1800
gauntlet/20261002-031317-scrim-b3own/losses/clbarrell.duck8__AceOfSpades__botB.bc24,clbarrell.duck8,0,A,duck8,1,770,CAPTURE,3,385,333,8,0,0,0,0,17,28,30,12300,2,2,826,845,9,0,166,226,139,233,ATK@750
gauntlet/20261002-031317-scrim-b3own/losses/clbarrell.duck8__AceOfSpades__botB.bc24,clbarrell.duck8,1,B,b3own,0,770,CAPTURE,1,298,256,5,0,0,0,56,10,0,2583,253,3,10,992,985,3,0,48,88,233,139,ATK@600
gauntlet/20261002-031317-scrim-b3own/losses/chenyx512.flagbot_final__Tunnels__botB.bc24,chenyx512.flagbot_final,0,A,flagbot_final,1,2000,MORE_FLAG_CAPTURES,2,1078,1012,14,0,3,14,90,117,1,60,606,18,5,695,1235,0,0,24,355,621,406,ATK@600+HEAL@1200+CAP@1800
gauntlet/20261002-031317-scrim-b3own/losses/chenyx512.flagbot_final__Tunnels__botB.bc24,chenyx512.flagbot_final,1,B,b3own,0,2000,MORE_FLAG_CAPTURES,0,-1,0,0,0,0,0,63,62,0,1483,293,3,22,812,1337,0,0,38,201,406,621,ATK@600+HEAL@1200+CAP@1800
gauntlet/20261002-031317-scrim-b3own/losses/dmtrung14.defaultplayer_intlqualifier__BreadPudding__botA.bc24,dmtrung14.defaultplayer_intlqualifier,1,A,b3own,0,338,CAPTURE,0,-1,321,1,0,0,0,88,66,0,1075,201,6,18,907,550,0,0,13,13,83,8,
gauntlet/20261002-031317-scrim-b3own/losses/dmtrung14.defaultplayer_intlqualifier__BreadPudding__botA.bc24,dmtrung14.defaultplayer_intlqualifier,0,B,defaultplayer_intlqualifier,1,338,CAPTURE,3,277,237,30,24,3,15,0,51,14,1470,1910,0,3,329,608,6,17,7,21,8,83,
gauntlet/20261002-031317-scrim-b3own/losses/clbarrell.duck8__GaltonBoard__botB.bc24,clbarrell.duck8,0,A,duck8,1,2000,MORE_FLAG_CAPTURES,1,445,423,2,0,0,0,0,3,22,50,28329,3,24,925,1146,1,0,163,495,580,1073,ATK@750+HEAL@1500
gauntlet/20261002-031317-scrim-b3own/losses/clbarrell.duck8__GaltonBoard__botB.bc24,clbarrell.duck8,1,B,b3own,0,2000,MORE_FLAG_CAPTURES,0,-1,0,0,0,0,0,26,13,0,1490,260,1,10,1223,1300,0,0,60,217,1073,580,ATK@600+HEAL@1200+CAP@1800
gauntlet/20261002-031317-scrim-b3own/losses/dmtrung14.defaultplayer_intlqualifier__Battlecode24__botA.bc24,dmtrung14.defaultplayer_intlqualifier,1,A,b3own,0,2000,MORE_FLAG_CAPTURES,0,-1,232,1,0,0,0,139,48,0,7810,237,20,17,800,391,8,0,143,156,280,23,ATK@600+HEAL@1200+CAP@1800
gauntlet/20261002-031317-scrim-b3own/losses/dmtrung14.defaultplayer_intlqualifier__Battlecode24__botA.bc24,dmtrung14.defaultplayer_intlqualifier,0,B,defaultplayer_intlqualifier,1,2000,MORE_FLAG_CAPTURES,1,472,422,25,12,3,19,0,128,15,7060,13440,0,3,294,646,5,31,15,68,23,280,ATK@600+HEAL@1200+CAP@1800
gauntlet/20261002-031317-scrim-b3own/losses/clbarrell.duck8__QuestionableChess__botB.bc24,clbarrell.duck8,0,A,duck8,1,2000,MORE_FLAG_CAPTURES,2,244,213,30,0,0,0,0,37,13,30,50,1,4,950,1152,0,0,35,235,464,1076,ATK@750+HEAL@1500
gauntlet/20261002-031317-scrim-b3own/losses/clbarrell.duck8__QuestionableChess__botB.bc24,clbarrell.duck8,1,B,b3own,0,2000,MORE_FLAG_CAPTURES,1,1345,703,10,0,0,0,0,69,0,330,290,0,3,1020,1273,0,0,15,238,1076,464,ATK@600+HEAL@1200+CAP@1800
gauntlet/20261002-031317-scrim-b3own/losses/hsmalladi.finalbot__AceOfSpades__botA.bc24,hsmalladi.finalbot,1,A,b3own,0,667,CAPTURE,0,-1,243,9,0,0,0,52,13,0,2791,211,7,0,977,1155,2,0,84,113,180,183,ATK@600
gauntlet/20261002-031317-scrim-b3own/losses/hsmalladi.finalbot__AceOfSpades__botA.bc24,hsmalladi.finalbot,0,B,finalbot,1,667,CAPTURE,3,327,243,34,13,3,14,60,26,0,2468,6508,12,0,1095,782,21,5,173,217,183,180,ATK@600
gauntlet/20261002-031317-scrim-b3own/losses/dmtrung14.defaultplayer_intlqualifier__KingQuacksCastle__botB.bc24,dmtrung14.defaultplayer_intlqualifier,0,A,defaultplayer_intlqualifier,1,2000,MORE_FLAG_CAPTURES,2,268,230,57,41,3,16,0,34,9,1480,2280,0,3,294,711,6,26,7,90,30,300,ATK@600+HEAL@1200+CAP@1800
gauntlet/20261002-031317-scrim-b3own/losses/dmtrung14.defaultplayer_intlqualifier__KingQuacksCastle__botB.bc24,dmtrung14.defaultplayer_intlqualifier,1,B,b3own,0,2000,MORE_FLAG_CAPTURES,1,872,268,4,0,0,0,81,26,0,1600,25,8,4,898,423,0,0,31,115,300,30,ATK@600+HEAL@1200+CAP@1800
gauntlet/20261002-031317-scrim-b3own/losses/hsmalladi.finalbot__HeMustBeFreed__botB.bc24,hsmalladi.finalbot,0,A,finalbot,1,786,CAPTURE,3,426,322,15,9,3,22,46,187,0,2007,1488,9,1,563,703,5,3,82,128,101,65,ATK@600
gauntlet/20261002-031317-scrim-b3own/losses/hsmalladi.finalbot__HeMustBeFreed__botB.bc24,hsmalladi.finalbot,1,B,b3own,0,786,CAPTURE,1,706,326,3,0,0,0,43,120,0,3855,258,4,6,487,703,1,0,43,62,65,101,ATK@600
gauntlet/20261002-031317-scrim-b3own/losses/hsmalladi.finalbot__Fountain__botB.bc24,hsmalladi.finalbot,0,A,finalbot,1,2000,MORE_FLAG_CAPTURES,2,486,328,38,16,3,33,31,39,0,2170,35,5,0,563,707,0,2,19,241,515,851,ATK@600+HEAL@1200+CAP@1800
gauntlet/20261002-031317-scrim-b3own/losses/hsmalladi.finalbot__Fountain__botB.bc24,hsmalladi.finalbot,1,B,b3own,0,2000,MORE_FLAG_CAPTURES,1,308,250,2,0,0,0,89,38,0,1180,293,5,3,573,843,0,0,34,189,851,515,ATK@600+HEAL@1200+CAP@1800
gauntlet/20261002-031317-scrim-b3own/losses/hsmalladi.finalbot__ORV__botB.bc24,hsmalladi.finalbot,0,A,finalbot,1,740,CAPTURE,3,379,276,35,6,3,26,60,57,0,3017,167,12,9,1061,1280,8,2,75,118,155,152,ATK@600
gauntlet/20261002-031317-scrim-b3own/losses/hsmalladi.finalbot__ORV__botB.bc24,hsmalladi.finalbot,1,B,b3own,0,740,CAPTURE,0,-1,0,0,0,0,0,77,28,0,3229,229,7,8,960,1554,1,0,63,92,152,155,ATK@600
gauntlet/20261002-031317-scrim-b3own/losses/jmerle.camel_case_v21_final__Canals__botA.bc24,jmerle.camel_case_v21_final,1,A,b3own,0,838,CAPTURE,0,-1,630,1,0,0,0,133,16,0,3872,244,16,3,806,1183,3,0,49,98,315,283,ATK@600
gauntlet/20261002-031317-scrim-b3own/losses/jmerle.camel_case_v21_final__Canals__botA.bc24,jmerle.camel_case_v21_final,0,B,camel_case_v21_final,1,838,CAPTURE,3,346,282,6,0,0,0,0,0,0,7000,1820,0,2,1336,520,0,0,113,198,283,315,ATK@600
gauntlet/20261002-031317-scrim-b3own/losses/jmerle.camel_case_v21_final__Battlecode24__botA.bc24,jmerle.camel_case_v21_final,1,A,b3own,0,599,CAPTURE,0,-1,0,0,0,0,0,150,69,0,7008,265,24,13,691,985,2,0,83,96,121,179,
gauntlet/20261002-031317-scrim-b3own/losses/jmerle.camel_case_v21_final__Battlecode24__botA.bc24,jmerle.camel_case_v21_final,0,B,camel_case_v21_final,1,599,CAPTURE,3,324,273,5,0,0,0,0,99,0,9030,21540,0,0,1289,420,0,0,274,330,179,121,
gauntlet/20261002-031317-scrim-b3own/losses/hsmalladi.finalbot__WheresMyWater__botA.bc24,hsmalladi.finalbot,1,A,b3own,0,507,CAPTURE,0,-1,339,3,0,0,0,122,61,0,1142,152,10,1,948,1396,0,0,28,42,94,119,
gauntlet/20261002-031317-scrim-b3own/losses/hsmalladi.finalbot__WheresMyWater__botA.bc24,hsmalladi.finalbot,0,B,finalbot,1,507,CAPTURE,3,227,213,22,12,3,15,21,89,8,1550,130,4,1,1307,1030,0,2,78,87,119,94,
gauntlet/20261002-031317-scrim-b3own/losses/jmerle.camel_case_v21_final__Fountain__botA.bc24,jmerle.camel_case_v21_final,1,A,b3own,0,422,CAPTURE,0,-1,421,1,0,0,0,85,41,0,1170,306,8,25,938,1367,0,0,31,31,102,70,
gauntlet/20261002-031317-scrim-b3own/losses/jmerle.camel_case_v21_final__Fountain__botA.bc24,jmerle.camel_case_v21_final,0,B,camel_case_v21_final,1,422,CAPTURE,3,357,315,6,0,0,0,0,24,0,2980,100,0,2,1181,464,0,0,36,37,70,102,
gauntlet/20261002-031317-scrim-b3own/losses/jmerle.camel_case_v21_final__StackGame__botA.bc24,jmerle.camel_case_v21_final,1,A,b3own,0,324,CAPTURE,0,-1,0,0,0,0,0,113,66,0,2775,305,8,0,559,800,0,0,38,37,50,59,
gauntlet/20261002-031317-scrim-b3own/losses/jmerle.camel_case_v21_final__StackGame__botA.bc24,jmerle.camel_case_v21_final,0,B,camel_case_v21_final,1,324,CAPTURE,3,288,250,5,0,0,0,0,31,0,6070,1430,0,1,867,305,0,0,84,66,59,50,
gauntlet/20261002-031317-scrim-b3own/losses/jmerle.camel_case_v21_final__Swoop__botA.bc24,jmerle.camel_case_v21_final,1,A,b3own,0,636,CAPTURE,0,-1,228,4,0,0,0,118,53,0,2774,254,14,13,825,1155,2,0,41,61,183,197,ATK@600
gauntlet/20261002-031317-scrim-b3own/losses/jmerle.camel_case_v21_final__Swoop__botA.bc24,jmerle.camel_case_v21_final,0,B,camel_case_v21_final,1,636,CAPTURE,3,331,253,7,0,0,0,0,34,0,5680,3990,0,0,1238,439,0,0,87,136,197,183,ATK@600
gauntlet/20261002-031317-scrim-b3own/losses/jmerle.camel_case_v21_final__YearOfTheDragon__botA.bc24,jmerle.camel_case_v21_final,1,A,b3own,0,419,CAPTURE,0,-1,366,1,0,0,0,92,26,0,10510,220,9,2,691,993,8,0,113,108,73,83,
gauntlet/20261002-031317-scrim-b3own/losses/jmerle.camel_case_v21_final__YearOfTheDragon__botA.bc24,jmerle.camel_case_v21_final,0,B,camel_case_v21_final,1,419,CAPTURE,3,279,240,3,0,0,0,0,10,0,12900,7350,0,2,1085,420,0,0,139,135,83,73,
gauntlet/20261002-031317-scrim-b3own/losses/quesswho.cretplayer2_3__AceOfSpades__botA.bc24,quesswho.cretplayer2_3,1,A,b3own,0,400,CAPTURE,0,-1,221,2,0,0,0,63,7,0,2733,273,6,0,864,978,1,0,72,58,55,76,
gauntlet/20261002-031317-scrim-b3own/losses/quesswho.cretplayer2_3__AceOfSpades__botA.bc24,quesswho.cretplayer2_3,0,B,cretplayer2_3,1,400,CAPTURE,3,361,243,9,0,3,16,0,12,0,3840,9740,0,5,1071,943,0,5,200,196,76,55,
gauntlet/20261002-031317-scrim-b3own/losses/kyleezz.jeeryfix3__Backslash__botB.bc24,kyleezz.jeeryfix3,0,A,jeeryfix3,1,2000,MORE_FLAG_CAPTURES,2,323,294,13,0,0,0,0,236,0,20,5590,0,4,1079,660,0,0,128,361,589,1363,ATK@600+CAP@1200+HEAL@1800
gauntlet/20261002-031317-scrim-b3own/losses/kyleezz.jeeryfix3__Backslash__botB.bc24,kyleezz.jeeryfix3,1,B,b3own,0,2000,MORE_FLAG_CAPTURES,1,1907,1784,3,0,0,0,47,156,0,1080,243,5,0,1171,1258,0,0,113,301,1363,589,ATK@600+HEAL@1200+CAP@1800
gauntlet/20261002-031317-scrim-b3own/losses/kyleezz.jeeryfix3__Klein__botB.bc24,kyleezz.jeeryfix3,0,A,jeeryfix3,1,2000,MORE_FLAG_CAPTURES,2,255,233,31,0,0,0,0,210,1,2300,220,0,10,890,649,0,0,41,241,403,1126,ATK@600+CAP@1200+HEAL@1800
gauntlet/20261002-031317-scrim-b3own/losses/kyleezz.jeeryfix3__Klein__botB.bc24,kyleezz.jeeryfix3,1,B,b3own,0,2000,MORE_FLAG_CAPTURES,0,-1,389,3,0,0,0,145,66,0,1843,247,22,0,1005,1179,0,0,31,280,1126,403,ATK@600+HEAL@1200+CAP@1800
gauntlet/20261002-031317-scrim-b3own/losses/kyleezz.jeeryfix3__BedWars__botA.bc24,kyleezz.jeeryfix3,1,A,b3own,0,2000,MORE_FLAG_CAPTURES,0,-1,0,0,0,0,0,87,26,0,2280,10,2,3,94,113,3,0,10,10,10,6,ATK@600+HEAL@1200+CAP@1800
gauntlet/20261002-031317-scrim-b3own/losses/kyleezz.jeeryfix3__BedWars__botA.bc24,kyleezz.jeeryfix3,0,B,jeeryfix3,1,2000,MORE_FLAG_CAPTURES,1,279,243,1,0,0,0,0,0,0,4800,1050,0,2,101,54,0,0,14,7,6,10,ATK@600+CAP@1200+HEAL@1800
gauntlet/20261002-031317-scrim-b3own/losses/kyleezz.jeeryfix3__Intercontinental__botB.bc24,kyleezz.jeeryfix3,0,A,jeeryfix3,1,1737,CAPTURE,3,261,218,7,0,0,0,0,159,0,30,860,0,2,739,491,0,0,18,170,404,1272,ATK@600+CAP@1200
gauntlet/20261002-031317-scrim-b3own/losses/kyleezz.jeeryfix3__Intercontinental__botB.bc24,kyleezz.jeeryfix3,1,B,b3own,0,1737,CAPTURE,2,1589,1517,4,0,0,0,72,105,0,240,37,7,1,772,954,0,0,15,201,1272,404,ATK@600+HEAL@1200
gauntlet/20261002-031317-scrim-b3own/losses/quesswho.cretplayer2_3__ORV__botA.bc24,quesswho.cretplayer2_3,1,A,b3own,0,1036,CAPTURE,1,522,315,27,0,0,0,70,33,0,3113,299,7,7,791,853,3,0,54,128,501,269,ATK@600
gauntlet/20261002-031317-scrim-b3own/losses/quesswho.cretplayer2_3__ORV__botA.bc24,quesswho.cretplayer2_3,0,B,cretplayer2_3,1,1036,CAPTURE,3,398,249,27,0,3,23,0,34,0,4580,700,0,3,789,986,0,7,74,131,269,501,ATK@600
gauntlet/20261002-031317-scrim-b3own/losses/quesswho.cretplayer2_3__Waterworld__botB.bc24,quesswho.cretplayer2_3,0,A,cretplayer2_3,1,1137,CAPTURE,3,381,258,44,0,3,9,0,263,0,8410,1240,0,4,681,675,0,5,69,99,338,450,ATK@600
gauntlet/20261002-031317-scrim-b3own/losses/quesswho.cretplayer2_3__Waterworld__botB.bc24,quesswho.cretplayer2_3,1,B,b3own,0,1137,CAPTURE,0,-1,314,25,0,0,0,62,187,0,25,21,5,0,633,750,0,0,30,94,450,338,ATK@600
gauntlet/20261002-031317-scrim-b3own/losses/winkelmantanner.waffle__Puzzle__botA.bc24,winkelmantanner.waffle,1,A,b3own,0,518,CAPTURE,0,-1,402,1,0,0,0,54,6,0,1140,212,5,4,926,959,1,0,108,115,128,57,
gauntlet/20261002-031317-scrim-b3own/losses/winkelmantanner.waffle__Puzzle__botA.bc24,winkelmantanner.waffle,0,B,waffle,1,518,CAPTURE,3,322,248,22,0,0,0,0,0,3,2100,5580,0,6,816,767,0,0,132,139,57,128,
gauntlet/20261002-031317-scrim-b3own/losses/winkelmantanner.waffle__Tunnels__botB.bc24,winkelmantanner.waffle,0,A,waffle,1,415,CAPTURE,3,308,234,13,0,0,0,0,35,3,3450,2260,0,6,991,1049,0,0,69,58,75,56,
gauntlet/20261002-031317-scrim-b3own/losses/winkelmantanner.waffle__Tunnels__botB.bc24,winkelmantanner.waffle,1,B,b3own,0,415,CAPTURE,0,-1,0,0,0,0,0,79,74,0,1024,294,5,18,944,892,0,0,33,28,56,75,
gauntlet/20261002-031317-scrim-b3own/losses/winkelmantanner.waffle__Funnel__botB.bc24,winkelmantanner.waffle,0,A,waffle,1,1693,CAPTURE,3,387,262,44,0,0,0,0,12,29,1350,470,3,5,909,1031,0,0,74,191,249,573,ATK@600+HEAL@1200
gauntlet/20261002-031317-scrim-b3own/losses/winkelmantanner.waffle__Funnel__botB.bc24,winkelmantanner.waffle,1,B,b3own,0,1693,CAPTURE,1,638,423,5,0,0,0,34,39,0,2450,283,0,0,830,973,1,0,71,292,573,249,ATK@600+HEAL@1200
gauntlet/20261002-031317-scrim-b3own/losses/winkelmantanner.waffle__Mountain__botB.bc24,winkelmantanner.waffle,0,A,waffle,1,2000,MORE_FLAG_CAPTURES,2,335,260,17,0,0,0,0,23,8,5010,3460,0,13,908,791,0,0,89,251,470,1032,ATK@600+HEAL@1200+CAP@1800
gauntlet/20261002-031317-scrim-b3own/losses/winkelmantanner.waffle__Mountain__botB.bc24,winkelmantanner.waffle,1,B,b3own,0,2000,MORE_FLAG_CAPTURES,0,-1,0,0,0,0,0,114,43,0,2969,240,14,1,924,915,0,0,54,237,1032,470,ATK@600+HEAL@1200+CAP@1800
gauntlet/20261002-031317-scrim-b3own/replays/ColtG5.Goob_final__Ambush__botA.bc24,ColtG5.Goob_final,1,A,b3own,1,1796,CAPTURE,3,1740,209,5,0,0,0,128,31,0,1213,213,13,18,1312,1483,0,0,44,296,1298,419,ATK@600+HEAL@1200
gauntlet/20261002-031317-scrim-b3own/replays/ColtG5.Goob_final__Ambush__botA.bc24,ColtG5.Goob_final,0,B,Goob_final,0,1796,CAPTURE,2,248,204,9,0,0,0,0,68,0,2660,50,0,15,1205,979,8,0,64,252,419,1298,ATK@600+HEAL@1200
gauntlet/20261002-031317-scrim-b3own/replays/SampleProvider.TSPAARKSPRINT1__WheresMyWater__botA.bc24,SampleProvider.TSPAARKSPRINT1,1,A,b3own,1,649,CAPTURE,3,225,209,7,0,0,0,110,70,0,1136,94,10,16,1232,1232,0,0,19,35,108,49,ATK@600
gauntlet/20261002-031317-scrim-b3own/replays/SampleProvider.TSPAARKSPRINT1__WheresMyWater__botA.bc24,SampleProvider.TSPAARKSPRINT1,0,B,TSPAARKSPRINT1,0,649,CAPTURE,2,294,256,24,0,3,4,0,169,3,30,50,0,4,663,1657,8,15,2,28,49,108,ATK@600
gauntlet/20261002-031317-scrim-b3own/replays/CyrilSharma.finalBot__Racetrack__botB.bc24,CyrilSharma.finalBot,0,A,finalBot,0,2000,LEVEL_SUM,2,1023,835,16,0,0,0,20,44,0,697,22,2,6,858,1072,0,0,8,354,540,722,ATK@600+HEAL@1200+CAP@1800
gauntlet/20261002-031317-scrim-b3own/replays/CyrilSharma.finalBot__Racetrack__botB.bc24,CyrilSharma.finalBot,1,B,b3own,1,2000,LEVEL_SUM,2,883,822,13,0,0,0,0,63,0,510,280,0,19,1052,1380,0,0,27,181,722,540,ATK@600+HEAL@1200+CAP@1800
gauntlet/20261002-031317-scrim-b3own/replays/SampleProvider.TSPAARKSPRINT1__QuestionableChess__botB.bc24,SampleProvider.TSPAARKSPRINT1,0,A,TSPAARKSPRINT1,0,1386,CAPTURE,1,418,266,16,0,3,24,0,73,2,10,30,0,3,658,1707,0,4,0,32,161,498,ATK@600+CAP@1200
gauntlet/20261002-031317-scrim-b3own/replays/SampleProvider.TSPAARKSPRINT1__QuestionableChess__botB.bc24,SampleProvider.TSPAARKSPRINT1,1,B,b3own,1,1386,CAPTURE,3,520,268,59,0,0,0,0,66,0,420,300,0,6,1061,1098,0,0,14,140,498,161,ATK@600+HEAL@1200
gauntlet/20261002-031317-scrim-b3own/replays/IvanGeffner.kuma__EndAround__botA.bc24,IvanGeffner.kuma,1,A,b3own,1,2000,LEVEL_SUM,0,-1,1159,1,0,0,0,85,62,0,1340,225,4,4,450,624,0,0,56,187,380,454,ATK@600+HEAL@1200+CAP@1800
gauntlet/20261002-031317-scrim-b3own/replays/IvanGeffner.kuma__EndAround__botA.bc24,IvanGeffner.kuma,0,B,kuma,0,2000,LEVEL_SUM,0,-1,356,15,7,0,0,90,64,0,1540,2770,18,4,539,634,7,0,76,453,454,380,ATK@600+HEAL@1200+CAP@1800
gauntlet/20261002-031317-scrim-b3own/replays/awu7.ExplosiveBot__BedWars__botA.bc24,awu7.ExplosiveBot,1,A,b3own,1,857,CAPTURE,3,555,529,5,0,0,0,90,24,0,2280,25,2,7,39,43,3,0,4,29,184,32,ATK@600
gauntlet/20261002-031317-scrim-b3own/replays/awu7.ExplosiveBot__BedWars__botA.bc24,awu7.ExplosiveBot,0,B,ExplosiveBot,0,857,CAPTURE,0,-1,628,1,0,0,0,0,0,14,2900,30,0,3,23,12,16,0,9,22,32,184,ATK@600
gauntlet/20261002-031317-scrim-b3own/replays/andrewgopher.player22__TwistedTreeline__botB.bc24,andrewgopher.player22,0,A,player22,0,2000,LEVEL_SUM,2,286,238,39,7,3,0,0,57,0,3090,30,0,3,1142,511,3,0,46,249,555,982,ATK@600+HEAL@1200+CAP@1800
gauntlet/20261002-031317-scrim-b3own/replays/andrewgopher.player22__TwistedTreeline__botB.bc24,andrewgopher.player22,1,B,b3own,1,2000,LEVEL_SUM,2,1133,1053,4,0,0,0,103,48,0,1327,267,11,1,958,1416,0,0,32,256,982,555,ATK@600+HEAL@1200+CAP@1800
gauntlet/20261002-031317-scrim-b3own/replays/andrewgopher.player22__Diagonal__botA.bc24,andrewgopher.player22,1,A,b3own,1,2000,LEVEL_SUM,0,-1,327,26,0,0,0,75,16,0,5529,269,6,28,482,739,6,0,61,193,237,271,ATK@600+HEAL@1200+CAP@1800
gauntlet/20261002-031317-scrim-b3own/replays/andrewgopher.player22__Diagonal__botA.bc24,andrewgopher.player22,0,B,player22,0,2000,LEVEL_SUM,0,-1,0,3,0,3,0,0,43,0,6210,1670,0,2,591,416,18,0,45,107,271,237,ATK@600+HEAL@1200+CAP@1800
gauntlet/20261002-031317-scrim-b3own/replays/awu7.ExplosiveBot__BedWars__botB.bc24,awu7.ExplosiveBot,0,A,ExplosiveBot,0,903,CAPTURE,1,773,326,7,3,0,0,0,0,12,2400,10,0,3,55,79,20,0,0,16,51,227,ATK@600
gauntlet/20261002-031317-scrim-b3own/replays/awu7.ExplosiveBot__BedWars__botB.bc24,awu7.ExplosiveBot,1,B,b3own,1,903,CAPTURE,3,477,398,6,0,0,0,100,30,0,1900,39,2,6,93,85,1,0,6,34,227,51,ATK@600
gauntlet/20261002-031317-scrim-b3own/replays/awu7.ExplosiveBot__OceanFloor__botA.bc24,awu7.ExplosiveBot,1,A,b3own,1,1186,CAPTURE,3,482,231,26,0,0,0,88,20,0,1443,213,7,3,1179,1293,0,0,61,294,895,118,ATK@600
gauntlet/20261002-031317-scrim-b3own/replays/awu7.ExplosiveBot__OceanFloor__botA.bc24,awu7.ExplosiveBot,0,B,ExplosiveBot,0,1186,CAPTURE,0,-1,221,12,7,0,0,0,92,9,140,10,0,13,788,501,2,0,14,54,118,895,ATK@600
gauntlet/20261002-031317-scrim-b3own/replays/awu7.ExplosiveBot__DefaultLarge__botB.bc24,awu7.ExplosiveBot,0,A,ExplosiveBot,0,1415,CAPTURE,0,-1,248,5,3,0,0,0,93,11,110,170,0,18,794,510,20,0,12,93,133,1102,ATK@600+HEAL@1200
gauntlet/20261002-031317-scrim-b3own/replays/awu7.ExplosiveBot__DefaultLarge__botB.bc24,awu7.ExplosiveBot,1,B,b3own,1,1415,CAPTURE,3,736,296,26,0,0,0,40,30,0,2500,320,0,9,1337,1478,1,0,96,378,1102,133,ATK@600+HEAL@1200
gauntlet/20261002-031317-scrim-b3own/replays/awu7.ExplosiveBot__Diagonal__botA.bc24,awu7.ExplosiveBot,1,A,b3own,1,2000,LEVEL_SUM,0,-1,315,18,0,0,0,68,17,0,5645,278,9,1,880,976,5,0,75,216,375,130,ATK@600+HEAL@1200+CAP@1800
gauntlet/20261002-031317-scrim-b3own/replays/awu7.ExplosiveBot__Diagonal__botA.bc24,awu7.ExplosiveBot,0,B,ExplosiveBot,0,2000,LEVEL_SUM,0,-1,252,3,1,0,0,0,42,9,5340,5810,0,20,643,538,1,0,26,84,130,375,ATK@600+HEAL@1200
gauntlet/20261002-031317-scrim-b3own/replays/clbarrell.duck8__OceanFloor__botB.bc24,clbarrell.duck8,0,A,duck8,0,876,CAPTURE,0,-1,422,9,0,0,0,0,29,28,50,50,3,9,946,1457,1,0,49,91,128,309,ATK@750
gauntlet/20261002-031317-scrim-b3own/replays/clbarrell.duck8__OceanFloor__botB.bc24,clbarrell.duck8,1,B,b3own,1,876,CAPTURE,3,291,239,7,0,0,0,77,27,0,1459,289,6,4,1176,1354,0,0,42,100,309,128,ATK@600
gauntlet/20261002-031317-scrim-b3own/replays/awu7.ExplosiveBot__Randy__botB.bc24,awu7.ExplosiveBot,0,A,ExplosiveBot,0,1758,CAPTURE,1,676,216,43,10,0,0,0,6,6,5020,5130,0,9,668,814,26,0,9,140,262,1141,ATK@600+HEAL@1200
gauntlet/20261002-031317-scrim-b3own/replays/awu7.ExplosiveBot__Randy__botB.bc24,awu7.ExplosiveBot,1,B,b3own,1,1758,CAPTURE,3,500,299,15,0,0,0,111,23,0,2899,280,10,14,988,1127,0,0,58,318,1141,262,ATK@600+HEAL@1200
gauntlet/20261002-031317-scrim-b3own/replays/clbarrell.duck8__Foxes__botB.bc24,clbarrell.duck8,0,A,duck8,0,1225,CAPTURE,1,530,436,8,0,0,0,0,8,55,2780,380,3,5,984,1594,15,0,91,207,232,474,ATK@750
gauntlet/20261002-031317-scrim-b3own/replays/clbarrell.duck8__Foxes__botB.bc24,clbarrell.duck8,1,B,b3own,1,1225,CAPTURE,3,538,466,9,0,0,0,147,37,0,5283,233,23,7,1174,1427,4,0,67,138,474,232,ATK@600+HEAL@1200
gauntlet/20261002-031317-scrim-b3own/replays/clbarrell.duck8__Pancakes__botB.bc24,clbarrell.duck8,0,A,duck8,0,547,CAPTURE,0,-1,310,15,0,0,0,0,2,23,20,70,2,4,750,889,1,0,89,99,47,169,
gauntlet/20261002-031317-scrim-b3own/replays/clbarrell.duck8__Pancakes__botB.bc24,clbarrell.duck8,1,B,b3own,1,547,CAPTURE,3,360,300,6,0,0,0,22,15,0,1510,243,1,5,1074,1123,0,0,69,73,169,47,
gauntlet/20261002-031317-scrim-b3own/replays/dmtrung14.defaultplayer_intlqualifier__QueenOfHearts__botA.bc24,dmtrung14.defaultplayer_intlqualifier,1,A,b3own,1,1387,CAPTURE,3,661,420,9,0,0,0,114,78,0,1313,161,18,0,1186,558,0,0,39,74,344,40,ATK@600+HEAL@1200
gauntlet/20261002-031317-scrim-b3own/replays/dmtrung14.defaultplayer_intlqualifier__QueenOfHearts__botA.bc24,dmtrung14.defaultplayer_intlqualifier,0,B,defaultplayer_intlqualifier,0,1387,CAPTURE,2,285,215,52,32,3,38,0,81,23,570,70,0,3,332,697,6,20,21,94,40,344,ATK@600+HEAL@1200
gauntlet/20261002-031317-scrim-b3own/replays/dmtrung14.defaultplayer_intlqualifier__Diagonal__botB.bc24,dmtrung14.defaultplayer_intlqualifier,0,A,defaultplayer_intlqualifier,0,2000,MORE_FLAG_CAPTURES,0,-1,0,3,0,3,15,0,39,18,3930,3600,0,5,271,723,6,24,13,56,32,199,ATK@600+HEAL@1200+CAP@1800
gauntlet/20261002-031317-scrim-b3own/replays/dmtrung14.defaultplayer_intlqualifier__Diagonal__botB.bc24,dmtrung14.defaultplayer_intlqualifier,1,B,b3own,1,2000,MORE_FLAG_CAPTURES,1,515,323,3,0,0,0,56,16,0,5906,235,4,3,845,394,6,0,53,134,199,32,ATK@600+HEAL@1200+CAP@1800
gauntlet/20261002-031317-scrim-b3own/replays/hsmalladi.finalbot__WheresMyWater__botB.bc24,hsmalladi.finalbot,0,A,finalbot,0,1620,CAPTURE,2,270,252,15,1,3,31,12,105,7,1314,70,2,4,1091,943,0,3,45,102,184,211,ATK@600+HEAL@1200
gauntlet/20261002-031317-scrim-b3own/replays/hsmalladi.finalbot__WheresMyWater__botB.bc24,hsmalladi.finalbot,1,B,b3own,1,1620,CAPTURE,3,413,311,5,0,0,0,110,69,0,1154,256,13,0,1207,1739,0,0,73,117,211,184,ATK@600+HEAL@1200
gauntlet/20261002-031317-scrim-b3own/replays/dmtrung14.defaultplayer_intlqualifier__DefaultLarge__botA.bc24,dmtrung14.defaultplayer_intlqualifier,1,A,b3own,1,2000,MORE_FLAG_CAPTURES,2,637,443,8,0,0,0,39,38,0,2280,40,0,6,1263,557,3,0,38,61,295,30,ATK@600+HEAL@1200+CAP@1800
gauntlet/20261002-031317-scrim-b3own/replays/dmtrung14.defaultplayer_intlqualifier__DefaultLarge__botA.bc24,dmtrung14.defaultplayer_intlqualifier,0,B,defaultplayer_intlqualifier,0,2000,MORE_FLAG_CAPTURES,0,-1,250,9,3,3,15,0,62,17,40,2410,0,3,340,981,6,35,17,114,30,295,ATK@600+HEAL@1200+CAP@1800
gauntlet/20261002-031317-scrim-b3own/replays/jonters.bling3__Backslash__botB.bc24,jonters.bling3,0,A,bling3,0,1070,CAPTURE,1,339,273,6,0,0,0,0,236,0,20,2460,0,13,752,1228,32,0,0,56,130,634,ATK@600
gauntlet/20261002-031317-scrim-b3own/replays/jonters.bling3__Backslash__botB.bc24,jonters.bling3,1,B,b3own,1,1070,CAPTURE,3,318,229,15,0,0,0,36,163,0,1090,305,3,0,1249,1434,1,0,162,371,634,130,ATK@600
gauntlet/20261002-031317-scrim-b3own/replays/jonters.bling3__Bunkers__botA.bc24,jonters.bling3,1,A,b3own,1,2000,LEVEL_SUM,1,286,242,4,0,0,0,142,33,0,1394,223,18,15,1298,1523,0,0,33,208,1029,251,ATK@600+HEAL@1200+CAP@1800
gauntlet/20261002-031317-scrim-b3own/replays/jonters.bling3__Bunkers__botA.bc24,jonters.bling3,0,B,bling3,0,2000,LEVEL_SUM,1,269,221,1,0,0,0,0,66,16,20,30,0,10,803,1564,17,0,11,129,251,1029,ATK@600+HEAL@1200+CAP@1800
gauntlet/20261002-031317-scrim-b3own/replays/jonters.bling3__Duck__botB.bc24,jonters.bling3,0,A,bling3,0,769,CAPTURE,1,547,289,5,0,0,0,0,89,13,30,20,0,1,639,1153,13,0,2,32,75,299,ATK@600
gauntlet/20261002-031317-scrim-b3own/replays/jonters.bling3__Duck__botB.bc24,jonters.bling3,1,B,b3own,1,769,CAPTURE,3,622,227,16,0,0,0,60,44,0,2780,220,6,1,1030,1034,1,0,57,134,299,75,ATK@600
gauntlet/20261002-031317-scrim-b3own/replays/justinottesen.sprint1__Fountain__botA.bc24,justinottesen.sprint1,1,A,b3own,1,526,CAPTURE,3,421,372,6,0,0,0,86,41,0,1150,260,4,24,878,160,0,0,42,54,146,7,
gauntlet/20261002-031317-scrim-b3own/replays/justinottesen.sprint1__Fountain__botA.bc24,justinottesen.sprint1,0,B,sprint1,0,526,CAPTURE,0,-1,508,1,0,0,0,0,61,0,1470,13,0,19,79,1114,5,0,0,5,7,146,
gauntlet/20261002-031317-scrim-b3own/replays/jonters.bling3__Snake__botB.bc24,jonters.bling3,0,A,bling3,0,2000,LEVEL_SUM,1,740,291,4,0,0,0,0,229,0,8630,10730,0,3,544,651,77,0,5,213,358,666,ATK@600+HEAL@1200+CAP@1800
gauntlet/20261002-031317-scrim-b3own/replays/jonters.bling3__Snake__botB.bc24,jonters.bling3,1,B,b3own,1,2000,LEVEL_SUM,1,441,221,17,0,0,0,146,96,0,8517,258,20,7,781,930,15,0,257,397,666,358,ATK@600+HEAL@1200+CAP@1800
gauntlet/20261002-031317-scrim-b3own/replays/jonters.bling3__Starfish__botA.bc24,jonters.bling3,1,A,b3own,1,1343,CAPTURE,3,251,237,7,0,0,0,7,126,0,1980,250,0,15,800,729,0,0,38,154,417,133,ATK@600+HEAL@1200
gauntlet/20261002-031317-scrim-b3own/replays/jonters.bling3__Starfish__botA.bc24,jonters.bling3,0,B,bling3,0,1343,CAPTURE,0,-1,285,4,0,0,0,0,216,0,20,20,0,11,428,382,0,0,0,10,133,417,ATK@600+HEAL@1200
gauntlet/20261002-031317-scrim-b3own/replays/jonters.bling3__Waterworld__botB.bc24,jonters.bling3,0,A,bling3,0,829,CAPTURE,1,715,549,2,0,0,0,0,540,0,100,30,0,0,795,1939,13,0,0,27,97,281,ATK@600
gauntlet/20261002-031317-scrim-b3own/replays/jonters.bling3__Waterworld__botB.bc24,jonters.bling3,1,B,b3own,1,829,CAPTURE,3,615,282,20,0,0,0,60,186,0,62,268,3,3,1255,1423,0,0,44,91,281,97,ATK@600
gauntlet/20261002-031317-scrim-b3own/replays/justinottesen.sprint1__Decision__botA.bc24,justinottesen.sprint1,1,A,b3own,1,900,CAPTURE,3,723,250,19,0,0,0,35,68,0,1572,232,2,3,1543,332,0,0,72,208,557,26,ATK@600
gauntlet/20261002-031317-scrim-b3own/replays/justinottesen.sprint1__Decision__botA.bc24,justinottesen.sprint1,0,B,sprint1,0,900,CAPTURE,1,533,403,7,0,0,0,0,123,2,10,30,0,3,185,710,3,0,0,17,26,557,ATK@600
gauntlet/20261002-031317-scrim-b3own/replays/justinottesen.sprint1__OceanFloor__botB.bc24,justinottesen.sprint1,0,A,sprint1,0,744,CAPTURE,0,-1,296,12,0,0,0,0,81,4,70,10,0,0,186,630,5,0,0,10,10,352,ATK@600
gauntlet/20261002-031317-scrim-b3own/replays/justinottesen.sprint1__OceanFloor__botB.bc24,justinottesen.sprint1,1,B,b3own,1,744,CAPTURE,3,344,230,8,0,0,0,83,23,0,1459,299,6,1,1360,468,0,0,61,133,352,10,ATK@600
gauntlet/20261002-031317-scrim-b3own/replays/justinottesen.sprint1__StackGame__botB.bc24,justinottesen.sprint1,0,A,sprint1,0,807,CAPTURE,0,-1,354,3,0,0,0,0,51,21,1270,110,0,10,266,1149,35,0,0,55,51,638,ATK@600
gauntlet/20261002-031317-scrim-b3own/replays/justinottesen.sprint1__StackGame__botB.bc24,justinottesen.sprint1,1,B,b3own,1,807,CAPTURE,3,283,231,21,0,0,0,67,44,0,4358,308,5,23,1659,734,0,0,67,121,638,51,ATK@600
gauntlet/20261002-031317-scrim-b3own/replays/quesswho.cretplayer2_3__Checkered__botA.bc24,quesswho.cretplayer2_3,1,A,b3own,1,499,CAPTURE,3,251,217,5,0,0,0,177,3,0,2970,300,30,0,663,909,2,0,48,43,38,29,
gauntlet/20261002-031317-scrim-b3own/replays/quesswho.cretplayer2_3__Checkered__botA.bc24,quesswho.cretplayer2_3,0,B,cretplayer2_3,0,499,CAPTURE,2,278,215,6,0,3,17,0,15,0,6750,1040,0,2,664,860,0,6,68,68,29,38,
gauntlet/20261002-031317-scrim-b3own/replays/quesswho.cretplayer2_3__BigDucksBigPond__botA.bc24,quesswho.cretplayer2_3,1,A,b3own,1,1256,CAPTURE,3,1245,353,29,0,0,0,92,106,0,2534,237,14,23,1184,1269,2,0,55,170,525,238,ATK@600+HEAL@1200
gauntlet/20261002-031317-scrim-b3own/replays/quesswho.cretplayer2_3__BigDucksBigPond__botA.bc24,quesswho.cretplayer2_3,0,B,cretplayer2_3,0,1256,CAPTURE,2,855,246,28,0,3,39,0,76,0,5220,970,0,3,862,593,0,5,76,133,238,525,ATK@600+HEAL@1200
gauntlet/20261002-031317-scrim-b3own/replays/kyleezz.jeeryfix3__Fusbol__botB.bc24,kyleezz.jeeryfix3,0,A,jeeryfix3,0,2000,MORE_FLAG_CAPTURES,0,-1,299,1,0,0,0,0,182,6,3540,3380,0,22,905,660,0,0,94,256,255,1516,ATK@600+CAP@1200+HEAL@1800
gauntlet/20261002-031317-scrim-b3own/replays/kyleezz.jeeryfix3__Fusbol__botB.bc24,kyleezz.jeeryfix3,1,B,b3own,1,2000,MORE_FLAG_CAPTURES,1,1816,1463,14,0,0,0,63,90,0,5706,296,7,14,945,1121,6,0,72,624,1516,255,ATK@600+HEAL@1200+CAP@1800
gauntlet/20261002-031317-scrim-b3own/replays/kyleezz.jeeryfix3__Fusbol__botA.bc24,kyleezz.jeeryfix3,1,A,b3own,1,2000,LEVEL_SUM,0,-1,0,0,0,0,0,48,69,0,6582,322,4,31,766,1073,8,0,72,389,913,307,ATK@600+HEAL@1200+CAP@1800
gauntlet/20261002-031317-scrim-b3own/replays/kyleezz.jeeryfix3__Fusbol__botA.bc24,kyleezz.jeeryfix3,0,B,jeeryfix3,0,2000,LEVEL_SUM,0,-1,0,0,0,0,0,0,177,6,3690,4220,0,13,945,761,0,0,81,288,307,913,ATK@600+CAP@1200+HEAL@1800
gauntlet/20261002-031317-scrim-b3own/replays/quesswho.cretplayer2_3__Digging__botA.bc24,quesswho.cretplayer2_3,1,A,b3own,1,1902,CAPTURE,3,1415,1361,6,0,0,0,74,20,0,1020,299,10,0,1184,1051,0,0,32,261,1744,266,ATK@600+HEAL@1200+CAP@1800
gauntlet/20261002-031317-scrim-b3own/replays/quesswho.cretplayer2_3__Digging__botA.bc24,quesswho.cretplayer2_3,0,B,cretplayer2_3,0,1902,CAPTURE,1,356,238,9,0,3,1,0,17,0,2590,990,0,8,1195,764,0,3,58,203,266,1744,ATK@600+HEAL@1200+CAP@1800
gauntlet/20261002-031317-scrim-b3own/replays/winkelmantanner.waffle__Islands__botB.bc24,winkelmantanner.waffle,0,A,waffle,0,1535,CAPTURE,2,344,224,35,0,0,0,0,46,64,472,372,6,2,1107,928,0,0,88,258,412,682,ATK@600+HEAL@1200
gauntlet/20261002-031317-scrim-b3own/replays/winkelmantanner.waffle__Islands__botB.bc24,winkelmantanner.waffle,1,B,b3own,1,1535,CAPTURE,3,308,282,10,0,0,0,163,58,0,3278,248,24,9,1217,1393,4,0,59,183,682,412,ATK@600+HEAL@1200
gauntlet/20261002-031317-scrim-b3own/replays/winkelmantanner.waffle__Soccer__botB.bc24,winkelmantanner.waffle,0,A,waffle,0,1881,CAPTURE,2,473,281,37,0,0,0,0,23,19,2820,763,2,3,1024,1290,0,0,67,282,466,1182,ATK@600+HEAL@1200+CAP@1800
gauntlet/20261002-031317-scrim-b3own/replays/winkelmantanner.waffle__Soccer__botB.bc24,winkelmantanner.waffle,1,B,b3own,1,1881,CAPTURE,3,563,502,9,0,0,0,94,19,0,2968,301,9,23,1260,1515,2,0,43,290,1182,466,ATK@600+HEAL@1200+CAP@1800
gauntlet/20261002-032719-scrim-b3own/losses/CyrilSharma.finalBot__AceOfSpades__botB.bc24,CyrilSharma.finalBot,0,A,finalBot,1,412,CAPTURE,3,279,222,5,0,0,0,52,18,2,2586,18985,10,1,864,876,0,0,167,127,64,29,
gauntlet/20261002-032719-scrim-b3own/losses/CyrilSharma.finalBot__AceOfSpades__botB.bc24,CyrilSharma.finalBot,1,B,b3own,0,412,CAPTURE,1,283,241,6,0,0,0,74,10,0,2320,240,6,12,668,843,3,0,38,37,29,64,
gauntlet/20261002-032719-scrim-b3own/losses/ColtG5.Goob_final__OceanFloor__botA.bc24,ColtG5.Goob_final,1,A,b3own,0,1497,CAPTURE,1,561,448,2,0,0,0,82,24,0,1443,223,3,1,1233,1508,0,0,45,200,843,295,ATK@600+HEAL@1200
gauntlet/20261002-032719-scrim-b3own/losses/ColtG5.Goob_final__OceanFloor__botA.bc24,ColtG5.Goob_final,0,B,Goob_final,1,1497,CAPTURE,3,343,246,15,0,0,0,0,50,0,2300,50,0,6,1073,881,0,0,40,192,295,843,ATK@600+HEAL@1200
gauntlet/20261002-032719-scrim-b3own/losses/ColtG5.Goob_final__MazeRunner__botA.bc24,ColtG5.Goob_final,1,A,b3own,0,2000,MORE_FLAG_CAPTURES,0,-1,0,0,0,0,0,75,106,0,353,303,9,6,1007,1274,0,0,45,188,1042,365,ATK@600+HEAL@1200+CAP@1800
gauntlet/20261002-032719-scrim-b3own/losses/ColtG5.Goob_final__MazeRunner__botA.bc24,ColtG5.Goob_final,0,B,Goob_final,1,2000,MORE_FLAG_CAPTURES,2,348,299,9,0,0,0,0,81,0,2570,1150,0,6,971,761,4,0,63,211,365,1042,ATK@600+HEAL@1200+CAP@1800
gauntlet/20261002-032719-scrim-b3own/losses/ColtG5.Goob_final__Tunnels__botA.bc24,ColtG5.Goob_final,1,A,b3own,0,2000,MORE_FLAG_CAPTURES,0,-1,0,0,0,0,0,83,64,0,1235,275,4,21,920,1120,0,0,30,177,754,335,ATK@600+HEAL@1200+CAP@1800
gauntlet/20261002-032719-scrim-b3own/losses/ColtG5.Goob_final__Tunnels__botA.bc24,ColtG5.Goob_final,0,B,Goob_final,1,2000,MORE_FLAG_CAPTURES,1,343,281,10,0,0,0,0,64,0,2880,1910,0,21,831,833,4,0,59,198,335,754,ATK@600+HEAL@1200+CAP@1800
gauntlet/20261002-032719-scrim-b3own/losses/CyrilSharma.finalBot__BedWars__botB.bc24,CyrilSharma.finalBot,0,A,finalBot,1,509,CAPTURE,3,266,231,4,0,0,0,51,10,0,3592,2901,10,10,685,683,0,0,44,51,57,51,
gauntlet/20261002-032719-scrim-b3own/losses/CyrilSharma.finalBot__BedWars__botB.bc24,CyrilSharma.finalBot,1,B,b3own,0,509,CAPTURE,1,444,232,10,0,0,0,67,4,0,3340,60,0,16,660,787,2,0,29,22,51,57,
gauntlet/20261002-032719-scrim-b3own/losses/ColtG5.Goob_final__Snake__botA.bc24,ColtG5.Goob_final,1,A,b3own,0,2000,MORE_FLAG_CAPTURES,0,-1,0,0,0,0,0,134,84,0,7790,224,15,9,1082,1264,8,0,183,370,995,596,ATK@600+HEAL@1200+CAP@1800
gauntlet/20261002-032719-scrim-b3own/losses/ColtG5.Goob_final__Snake__botA.bc24,ColtG5.Goob_final,0,B,Goob_final,1,2000,MORE_FLAG_CAPTURES,2,593,272,19,0,0,0,0,153,0,10910,26810,0,13,994,830,12,0,150,572,596,995,ATK@600+HEAL@1200+CAP@1800
gauntlet/20261002-032719-scrim-b3own/losses/CyrilSharma.finalBot__Fusbol__botA.bc24,CyrilSharma.finalBot,1,A,b3own,0,2000,MORE_FLAG_CAPTURES,0,-1,2000,1,0,0,0,54,46,0,7152,299,4,14,834,890,14,0,163,333,473,387,ATK@600+HEAL@1200+CAP@1800
gauntlet/20261002-032719-scrim-b3own/losses/CyrilSharma.finalBot__Fusbol__botA.bc24,CyrilSharma.finalBot,0,B,finalBot,1,2000,MORE_FLAG_CAPTURES,1,993,749,4,0,0,0,18,35,0,2804,799,3,8,586,993,0,0,31,343,387,473,ATK@600+HEAL@1200+CAP@1800
gauntlet/20261002-032719-scrim-b3own/losses/CyrilSharma.finalBot__QuestionableChess__botB.bc24,CyrilSharma.finalBot,0,A,finalBot,1,844,CAPTURE,3,281,243,5,0,0,0,45,43,1,245,34,9,3,829,1048,0,0,11,78,112,175,ATK@600
gauntlet/20261002-032719-scrim-b3own/losses/CyrilSharma.finalBot__QuestionableChess__botB.bc24,CyrilSharma.finalBot,1,B,b3own,0,844,CAPTURE,0,-1,0,0,0,0,0,0,68,0,360,210,0,2,877,1212,0,0,17,47,175,112,ATK@600
gauntlet/20261002-032719-scrim-b3own/losses/Gymhgy.v10official__Starfish__botA.bc24,Gymhgy.v10official,1,A,b3own,0,494,CAPTURE,1,263,245,1,0,0,0,11,124,0,1960,140,0,24,1287,1491,0,0,36,46,111,40,
gauntlet/20261002-032719-scrim-b3own/losses/Gymhgy.v10official__Starfish__botA.bc24,Gymhgy.v10official,0,B,v10official,1,494,CAPTURE,3,291,230,35,17,3,23,17,183,2,505,25,2,0,938,1247,0,2,13,18,40,111,
gauntlet/20261002-032719-scrim-b3own/losses/CyrilSharma.finalBot__YearOfTheDragon__botA.bc24,CyrilSharma.finalBot,1,A,b3own,0,2000,MORE_FLAG_CAPTURES,1,259,221,1,0,0,0,91,36,0,10312,302,9,0,757,1008,11,0,108,285,606,567,ATK@600+HEAL@1200+CAP@1800
gauntlet/20261002-032719-scrim-b3own/losses/CyrilSharma.finalBot__YearOfTheDragon__botA.bc24,CyrilSharma.finalBot,0,B,finalBot,1,2000,MORE_FLAG_CAPTURES,2,336,233,27,0,0,0,59,10,1,11757,10041,11,3,770,669,0,0,122,668,567,606,ATK@600+HEAL@1200+CAP@1800
gauntlet/20261002-032719-scrim-b3own/losses/Gymhgy.v10official__HeMustBeFreed__botB.bc24,Gymhgy.v10official,0,A,v10official,1,2000,MORE_FLAG_CAPTURES,2,669,585,36,29,3,6,52,91,3,4333,7947,9,3,784,1202,6,3,64,299,462,304,ATK@600+HEAL@1200+CAP@1800
gauntlet/20261002-032719-scrim-b3own/losses/Gymhgy.v10official__HeMustBeFreed__botB.bc24,Gymhgy.v10official,1,B,b3own,0,2000,MORE_FLAG_CAPTURES,1,907,460,5,0,0,0,36,140,0,3383,208,3,8,841,1122,3,0,42,193,304,462,ATK@600+HEAL@1200+CAP@1800
gauntlet/20261002-032719-scrim-b3own/losses/Gymhgy.v10official__DefaultMedium__botB.bc24,Gymhgy.v10official,0,A,v10official,1,2000,MORE_FLAG_CAPTURES,2,349,284,26,20,3,12,90,51,1,2215,55,18,0,952,1745,6,1,58,279,360,334,ATK@600+HEAL@1200+CAP@1800
gauntlet/20261002-032719-scrim-b3own/losses/Gymhgy.v10official__DefaultMedium__botB.bc24,Gymhgy.v10official,1,B,b3own,0,2000,MORE_FLAG_CAPTURES,1,424,340,6,0,0,0,51,112,0,920,220,0,13,1120,1554,0,0,21,166,334,360,ATK@600+HEAL@1200+CAP@1800
gauntlet/20261002-032719-scrim-b3own/losses/Gymhgy.v10official__GravitationalWaves__botA.bc24,Gymhgy.v10official,1,A,b3own,0,2000,MORE_FLAG_CAPTURES,0,-1,0,0,0,0,0,62,74,0,2340,220,0,20,1038,1383,0,0,40,134,324,154,ATK@600+HEAL@1200+CAP@1800
gauntlet/20261002-032719-scrim-b3own/losses/Gymhgy.v10official__GravitationalWaves__botA.bc24,Gymhgy.v10official,0,B,v10official,1,2000,MORE_FLAG_CAPTURES,2,899,537,56,23,3,19,88,57,2,2772,47,17,2,794,1691,19,2,26,180,154,324,ATK@600+HEAL@1200+CAP@1800
gauntlet/20261002-032719-scrim-b3own/losses/Gymhgy.v10official__Starfish__botB.bc24,Gymhgy.v10official,0,A,v10official,1,1119,CAPTURE,3,501,287,60,24,3,16,19,190,2,267,26,3,0,810,1118,0,2,11,78,190,566,ATK@600
gauntlet/20261002-032719-scrim-b3own/losses/Gymhgy.v10official__Starfish__botB.bc24,Gymhgy.v10official,1,B,b3own,0,1119,CAPTURE,1,240,209,14,0,0,0,12,125,0,1910,190,0,27,1381,1396,0,0,43,151,566,190,ATK@600
gauntlet/20261002-032719-scrim-b3own/losses/IvanGeffner.kuma__Alien__botA.bc24,IvanGeffner.kuma,1,A,b3own,0,508,CAPTURE,0,-1,0,0,0,0,0,175,34,0,1195,261,21,4,1025,1508,0,0,27,35,48,128,
gauntlet/20261002-032719-scrim-b3own/losses/IvanGeffner.kuma__Alien__botA.bc24,IvanGeffner.kuma,0,B,kuma,1,508,CAPTURE,3,280,254,40,29,0,0,90,11,0,3915,1735,18,4,1333,1385,4,0,84,107,128,48,
gauntlet/20261002-032719-scrim-b3own/losses/IvanGeffner.kuma__BigDucksBigPond__botA.bc24,IvanGeffner.kuma,1,A,b3own,0,2000,MORE_FLAG_CAPTURES,0,-1,0,0,0,0,0,98,102,0,2504,234,12,2,903,1265,2,0,43,212,465,1161,ATK@600+HEAL@1200+CAP@1800
gauntlet/20261002-032719-scrim-b3own/losses/IvanGeffner.kuma__BigDucksBigPond__botA.bc24,IvanGeffner.kuma,0,B,kuma,1,2000,MORE_FLAG_CAPTURES,2,345,270,63,41,0,0,90,117,7,2200,1490,18,3,1211,1185,4,0,117,809,1161,465,ATK@600+HEAL@1200+CAP@1800
gauntlet/20261002-032719-scrim-b3own/losses/IvanGeffner.kuma__Capacitance__botA.bc24,IvanGeffner.kuma,1,A,b3own,0,484,CAPTURE,0,-1,0,0,0,0,0,100,77,0,1756,236,14,0,938,1303,0,0,37,37,26,113,
gauntlet/20261002-032719-scrim-b3own/losses/IvanGeffner.kuma__Capacitance__botA.bc24,IvanGeffner.kuma,0,B,kuma,1,484,CAPTURE,3,268,234,14,7,0,0,90,20,0,3945,2295,18,8,1297,1316,5,0,115,101,113,26,
gauntlet/20261002-032719-scrim-b3own/losses/IvanGeffner.kuma__StackGame__botB.bc24,IvanGeffner.kuma,0,A,kuma,1,844,CAPTURE,3,346,312,22,14,0,0,90,55,7,3225,2735,18,3,1135,1522,5,0,88,245,352,148,ATK@600
gauntlet/20261002-032719-scrim-b3own/losses/IvanGeffner.kuma__StackGame__botB.bc24,IvanGeffner.kuma,1,B,b3own,0,844,CAPTURE,0,-1,0,0,0,0,0,79,38,0,3986,266,7,34,1119,1618,0,0,58,99,148,352,ATK@600
gauntlet/20261002-032719-scrim-b3own/losses/IvanGeffner.kuma__Diagonal__botB.bc24,IvanGeffner.kuma,0,A,kuma,1,2000,LEVEL_SUM,0,-1,1008,3,1,0,0,90,34,15,3537,2707,18,7,723,1033,1,0,74,314,345,162,ATK@600+HEAL@1200+CAP@1800
gauntlet/20261002-032719-scrim-b3own/losses/IvanGeffner.kuma__Diagonal__botB.bc24,IvanGeffner.kuma,1,B,b3own,0,2000,LEVEL_SUM,0,-1,351,1,0,0,0,54,18,0,5892,222,5,9,645,977,6,0,65,198,162,345,ATK@600+HEAL@1200+CAP@1800
gauntlet/20261002-032719-scrim-b3own/losses/NotLLeon.v3__Duck__botB.bc24,NotLLeon.v3,0,A,v3,1,1298,CAPTURE,3,394,276,29,4,0,0,0,1,0,5270,830,0,1,813,864,0,0,75,191,229,360,ATK@600+HEAL@1200
gauntlet/20261002-032719-scrim-b3own/losses/NotLLeon.v3__Duck__botB.bc24,NotLLeon.v3,1,B,b3own,0,1298,CAPTURE,1,460,271,21,0,0,0,70,36,0,2853,243,10,1,877,1156,1,0,51,139,360,229,ATK@600+HEAL@1200
gauntlet/20261002-032719-scrim-b3own/losses/NotLLeon.v3__Decision__botB.bc24,NotLLeon.v3,0,A,v3,1,1521,CAPTURE,3,398,280,43,7,0,0,0,36,0,2820,90,0,5,719,892,0,0,49,204,263,332,ATK@600+HEAL@1200
gauntlet/20261002-032719-scrim-b3own/losses/NotLLeon.v3__Decision__botB.bc24,NotLLeon.v3,1,B,b3own,0,1521,CAPTURE,0,-1,269,21,0,0,0,51,62,0,1429,241,5,1,710,950,1,0,25,121,332,263,ATK@600+HEAL@1200
gauntlet/20261002-032719-scrim-b3own/losses/IvanGeffner.kuma__Randy__botB.bc24,IvanGeffner.kuma,0,A,kuma,1,2000,MORE_FLAG_CAPTURES,2,243,223,35,22,0,0,89,12,11,2952,2977,18,18,806,913,3,0,114,363,377,268,ATK@600+HEAL@1200+CAP@1800
gauntlet/20261002-032719-scrim-b3own/losses/IvanGeffner.kuma__Randy__botB.bc24,IvanGeffner.kuma,1,B,b3own,0,2000,MORE_FLAG_CAPTURES,0,-1,217,5,0,0,0,96,18,0,3343,244,11,24,546,779,0,0,58,180,268,377,ATK@600+HEAL@1200+CAP@1800
gauntlet/20261002-032719-scrim-b3own/losses/NotLLeon.v3__FloodGates__botA.bc24,NotLLeon.v3,1,A,b3own,0,2000,MORE_FLAG_CAPTURES,0,-1,384,4,0,0,0,50,17,0,1396,1079,2,6,495,577,0,0,38,183,470,389,ATK@600+HEAL@1200+CAP@1800
gauntlet/20261002-032719-scrim-b3own/losses/NotLLeon.v3__FloodGates__botA.bc24,NotLLeon.v3,0,B,v3,1,2000,MORE_FLAG_CAPTURES,2,553,512,50,47,0,0,0,6,0,2720,3870,0,3,429,476,0,0,43,208,389,470,ATK@600+HEAL@1200+CAP@1800
gauntlet/20261002-032719-scrim-b3own/losses/NotLLeon.v3__Foxes__botB.bc24,NotLLeon.v3,0,A,v3,1,2000,LEVEL_SUM,2,408,341,49,11,0,0,0,5,0,9750,4110,0,6,913,1029,0,0,123,368,449,390,ATK@600+HEAL@1200+CAP@1800
gauntlet/20261002-032719-scrim-b3own/losses/NotLLeon.v3__Foxes__botB.bc24,NotLLeon.v3,1,B,b3own,0,2000,LEVEL_SUM,2,422,334,13,0,0,0,146,20,0,6116,266,25,3,833,1185,6,0,74,225,390,449,ATK@600+HEAL@1200+CAP@1800
gauntlet/20261002-032719-scrim-b3own/losses/NotLLeon.v3__Hurricane__botB.bc24,NotLLeon.v3,0,A,v3,1,2000,MORE_FLAG_CAPTURES,1,675,219,71,0,0,0,0,70,0,4800,20,0,8,743,719,0,0,63,132,96,305,ATK@600+HEAL@1200+CAP@1800
gauntlet/20261002-032719-scrim-b3own/losses/NotLLeon.v3__Hurricane__botB.bc24,NotLLeon.v3,1,B,b3own,0,2000,MORE_FLAG_CAPTURES,0,-1,311,13,0,0,0,212,48,0,1295,255,39,18,885,1080,1,0,38,169,305,96,ATK@600+HEAL@1200+CAP@1800
gauntlet/20261002-032719-scrim-b3own/losses/SampleProvider.TSPAARKSPRINT1__English__botA.bc24,SampleProvider.TSPAARKSPRINT1,1,A,b3own,0,832,CAPTURE,0,-1,388,7,0,0,0,179,115,0,4742,297,24,5,1026,1003,2,0,65,85,100,18,ATK@600
gauntlet/20261002-032719-scrim-b3own/losses/SampleProvider.TSPAARKSPRINT1__English__botA.bc24,SampleProvider.TSPAARKSPRINT1,0,B,TSPAARKSPRINT1,1,832,CAPTURE,3,335,235,10,0,3,74,0,322,2,3440,130,0,8,535,1482,1,22,7,26,18,100,ATK@600
gauntlet/20261002-032719-scrim-b3own/losses/NotLLeon.v3__Rainbow__botA.bc24,NotLLeon.v3,1,A,b3own,0,1978,CAPTURE,0,-1,0,0,0,0,0,135,52,0,3867,276,17,2,825,1233,2,0,56,219,492,524,ATK@600+HEAL@1200+CAP@1800
gauntlet/20261002-032719-scrim-b3own/losses/NotLLeon.v3__Rainbow__botA.bc24,NotLLeon.v3,0,B,v3,1,1978,CAPTURE,3,424,289,39,5,0,0,0,13,0,8010,5010,0,8,975,966,0,0,100,374,524,492,ATK@600+HEAL@1200+CAP@1800
gauntlet/20261002-032719-scrim-b3own/losses/SampleProvider.TSPAARKSPRINT1__EndAround__botB.bc24,SampleProvider.TSPAARKSPRINT1,0,A,TSPAARKSPRINT1,1,1983,CAPTURE,3,934,327,56,0,3,57,0,132,6,340,30,0,2,382,887,11,15,0,84,191,830,ATK@600+CAP@1200+HEAL@1800
gauntlet/20261002-032719-scrim-b3own/losses/SampleProvider.TSPAARKSPRINT1__EndAround__botB.bc24,SampleProvider.TSPAARKSPRINT1,1,B,b3own,0,1983,CAPTURE,0,-1,261,30,0,0,0,88,58,0,1100,271,7,3,809,607,0,0,42,325,830,191,ATK@600+HEAL@1200+CAP@1800
gauntlet/20261002-032719-scrim-b3own/losses/SampleProvider.TSPAARKSPRINT1__EndAround__botA.bc24,SampleProvider.TSPAARKSPRINT1,1,A,b3own,0,2000,MORE_FLAG_CAPTURES,1,1855,255,46,0,0,0,83,66,0,1260,273,3,10,673,532,0,0,32,294,710,251,ATK@600+HEAL@1200+CAP@1800
gauntlet/20261002-032719-scrim-b3own/losses/SampleProvider.TSPAARKSPRINT1__EndAround__botA.bc24,SampleProvider.TSPAARKSPRINT1,0,B,TSPAARKSPRINT1,1,2000,MORE_FLAG_CAPTURES,2,1182,328,44,0,3,48,0,125,5,650,60,0,1,332,820,14,20,0,113,251,710,ATK@600+CAP@1200+HEAL@1800
gauntlet/20261002-032719-scrim-b3own/losses/SampleProvider.TSPAARKSPRINT1__KingQuacksCastle__botB.bc24,SampleProvider.TSPAARKSPRINT1,0,A,TSPAARKSPRINT1,1,678,CAPTURE,3,370,292,16,0,3,39,0,38,6,2260,90,0,6,476,1381,27,26,6,33,71,65,ATK@600
gauntlet/20261002-032719-scrim-b3own/losses/SampleProvider.TSPAARKSPRINT1__KingQuacksCastle__botB.bc24,SampleProvider.TSPAARKSPRINT1,1,B,b3own,0,678,CAPTURE,0,-1,251,2,0,0,0,72,27,0,1750,250,3,9,831,904,1,0,33,58,65,71,ATK@600
gauntlet/20261002-032719-scrim-b3own/losses/Strequals.duck0127v5__Canals__botA.bc24,Strequals.duck0127v5,1,A,b3own,0,682,CAPTURE,0,-1,0,0,0,0,0,135,18,0,3784,273,20,27,750,1263,2,0,46,72,53,206,ATK@600
gauntlet/20261002-032719-scrim-b3own/losses/Strequals.duck0127v5__Canals__botA.bc24,Strequals.duck0127v5,0,B,duck0127v5,1,682,CAPTURE,3,404,318,9,0,0,0,90,49,2,4125,3570,18,3,1062,1298,0,3,108,192,206,53,ATK@600
gauntlet/20261002-032719-scrim-b3own/losses/andli28.v9_USQuals_angle__AceOfSpades__botB.bc24,andli28.v9_USQuals_angle,0,A,v9_USQuals_angle,1,538,CAPTURE,3,375,229,27,0,0,0,88,14,12,1759,16899,18,6,1056,1038,18,3,133,206,102,88,
gauntlet/20261002-032719-scrim-b3own/losses/andli28.v9_USQuals_angle__AceOfSpades__botB.bc24,andli28.v9_USQuals_angle,1,B,b3own,0,538,CAPTURE,0,-1,0,0,0,0,0,77,10,0,2260,210,7,8,934,1314,2,0,40,43,88,102,
gauntlet/20261002-032719-scrim-b3own/losses/Strequals.duck0127v5__Foxes__botB.bc24,Strequals.duck0127v5,0,A,duck0127v5,1,1165,CAPTURE,3,481,388,14,0,0,0,90,13,14,7517,5432,18,2,953,1148,0,1,165,348,263,125,ATK@600
gauntlet/20261002-032719-scrim-b3own/losses/Strequals.duck0127v5__Foxes__botB.bc24,Strequals.duck0127v5,1,B,b3own,0,1165,CAPTURE,0,-1,288,15,0,0,0,138,16,0,6699,262,24,7,749,1179,5,0,80,159,125,263,ATK@600
gauntlet/20261002-032719-scrim-b3own/losses/Strequals.duck0127v5__Skyline__botB.bc24,Strequals.duck0127v5,0,A,duck0127v5,1,526,CAPTURE,3,496,350,10,0,0,0,90,121,35,17468,16348,18,13,957,1321,0,3,101,126,60,50,
gauntlet/20261002-032719-scrim-b3own/losses/Strequals.duck0127v5__Skyline__botB.bc24,Strequals.duck0127v5,1,B,b3own,0,526,CAPTURE,0,-1,272,9,0,0,0,215,118,0,16352,216,39,10,883,1581,21,0,153,161,50,60,
gauntlet/20261002-032719-scrim-b3own/losses/Strequals.duck0127v5__Soccer__botA.bc24,Strequals.duck0127v5,1,A,b3own,0,756,CAPTURE,0,-1,497,2,0,0,0,79,15,0,3379,239,7,4,880,1546,3,0,47,78,75,119,ATK@600
gauntlet/20261002-032719-scrim-b3own/losses/Strequals.duck0127v5__Soccer__botA.bc24,Strequals.duck0127v5,0,B,duck0127v5,1,756,CAPTURE,3,379,323,3,0,0,0,90,49,3,2593,1688,18,3,1090,1447,0,3,90,149,119,75,ATK@600
gauntlet/20261002-032719-scrim-b3own/losses/andli28.v9_USQuals_angle__Gated__botA.bc24,andli28.v9_USQuals_angle,1,A,b3own,0,632,CAPTURE,0,-1,244,6,0,0,0,82,30,0,1366,229,5,5,964,1075,0,0,40,54,122,122,ATK@600
gauntlet/20261002-032719-scrim-b3own/losses/andli28.v9_USQuals_angle__Gated__botA.bc24,andli28.v9_USQuals_angle,0,B,v9_USQuals_angle,1,632,CAPTURE,3,380,252,33,0,0,0,81,17,6,1679,2205,16,11,937,918,0,4,75,109,122,122,ATK@600
gauntlet/20261002-032719-scrim-b3own/losses/andli28.v9_USQuals_angle__Occulus__botA.bc24,andli28.v9_USQuals_angle,1,A,b3own,0,769,CAPTURE,0,-1,0,0,0,0,0,43,18,0,2800,210,0,24,985,1391,2,0,41,74,128,190,ATK@600
gauntlet/20261002-032719-scrim-b3own/losses/andli28.v9_USQuals_angle__Occulus__botA.bc24,andli28.v9_USQuals_angle,0,B,v9_USQuals_angle,1,769,CAPTURE,3,550,276,18,0,0,0,68,11,10,2073,5913,14,13,989,1284,9,3,59,202,190,128,ATK@600
gauntlet/20261002-032719-scrim-b3own/losses/andli28.v9_USQuals_angle__Funnel__botB.bc24,andli28.v9_USQuals_angle,0,A,v9_USQuals_angle,1,2000,MORE_FLAG_CAPTURES,2,773,550,36,0,0,0,90,6,13,2360,3050,18,3,1023,1364,6,3,85,565,778,297,ATK@600+HEAL@1200+CAP@1800
gauntlet/20261002-032719-scrim-b3own/losses/andli28.v9_USQuals_angle__Funnel__botB.bc24,andli28.v9_USQuals_angle,1,B,b3own,0,2000,MORE_FLAG_CAPTURES,1,1632,563,5,0,0,0,24,29,0,3250,210,0,6,953,1706,2,0,62,183,297,778,ATK@600+HEAL@1200+CAP@1800
gauntlet/20261002-032719-scrim-b3own/losses/andli28.v9_USQuals_angle__SteamboatMickey__botB.bc24,andli28.v9_USQuals_angle,0,A,v9_USQuals_angle,1,690,CAPTURE,3,591,369,11,0,0,0,90,3,6,7870,15520,18,2,884,1233,15,4,95,194,151,81,ATK@600
gauntlet/20261002-032719-scrim-b3own/losses/andli28.v9_USQuals_angle__SteamboatMickey__botB.bc24,andli28.v9_USQuals_angle,1,B,b3own,0,690,CAPTURE,0,-1,0,0,0,0,0,159,9,0,6265,250,26,15,929,1206,5,0,102,123,81,151,ATK@600
gauntlet/20261002-032719-scrim-b3own/losses/andli28.v9_USQuals_angle__QuestionableChess__botA.bc24,andli28.v9_USQuals_angle,1,A,b3own,0,1306,CAPTURE,0,-1,0,0,0,0,0,0,66,0,420,260,0,0,852,1407,0,0,21,104,267,540,ATK@600+HEAL@1200
gauntlet/20261002-032719-scrim-b3own/losses/andli28.v9_USQuals_angle__QuestionableChess__botA.bc24,andli28.v9_USQuals_angle,0,B,v9_USQuals_angle,1,1306,CAPTURE,3,262,221,28,0,0,0,47,41,4,26,72,9,17,928,1229,0,3,18,293,540,267,ATK@600+HEAL@1200
gauntlet/20261002-032719-scrim-b3own/losses/andrewgopher.player22__Fountain__botA.bc24,andrewgopher.player22,1,A,b3own,0,453,CAPTURE,0,-1,0,0,0,0,0,89,42,0,1060,226,5,0,795,1305,0,0,23,25,93,44,
gauntlet/20261002-032719-scrim-b3own/losses/andrewgopher.player22__Fountain__botA.bc24,andrewgopher.player22,0,B,player22,1,453,CAPTURE,3,330,290,8,1,3,0,0,71,0,1970,1550,0,1,950,633,4,0,18,22,44,93,
gauntlet/20261002-032719-scrim-b3own/losses/andrewgopher.player22__Divergent__botB.bc24,andrewgopher.player22,0,A,player22,1,2000,MORE_FLAG_CAPTURES,2,773,419,18,5,3,0,0,74,0,3880,2240,0,3,715,466,11,0,41,229,489,561,ATK@600+HEAL@1200+CAP@1800
gauntlet/20261002-032719-scrim-b3own/losses/andrewgopher.player22__Divergent__botB.bc24,andrewgopher.player22,1,B,b3own,0,2000,MORE_FLAG_CAPTURES,0,-1,300,4,0,0,0,172,30,0,1375,304,26,13,649,1041,0,0,34,175,561,489,ATK@600+HEAL@1200+CAP@1800
gauntlet/20261002-032719-scrim-b3own/losses/andrewgopher.player22__Snake__botA.bc24,andrewgopher.player22,1,A,b3own,0,803,CAPTURE,0,-1,0,0,0,0,0,145,105,0,7340,235,14,16,929,1144,14,0,218,254,246,200,ATK@600
gauntlet/20261002-032719-scrim-b3own/losses/andrewgopher.player22__Snake__botA.bc24,andrewgopher.player22,0,B,player22,1,803,CAPTURE,3,510,419,15,2,3,0,0,113,0,12110,27260,0,4,762,571,29,0,85,220,200,246,ATK@600
gauntlet/20261002-032719-scrim-b3own/losses/andrewgopher.player22__StackGame__botA.bc24,andrewgopher.player22,1,A,b3own,0,572,CAPTURE,0,-1,0,0,0,0,0,131,100,0,1404,224,9,31,1033,1426,0,0,31,46,150,181,
gauntlet/20261002-032719-scrim-b3own/losses/andrewgopher.player22__StackGame__botA.bc24,andrewgopher.player22,0,B,player22,1,572,CAPTURE,3,402,323,15,1,3,0,0,53,0,5410,730,0,1,1423,1004,2,0,91,106,181,150,
gauntlet/20261002-032719-scrim-b3own/losses/andrewgopher.player22__WheresMyWater__botA.bc24,andrewgopher.player22,1,A,b3own,0,2000,MORE_FLAG_CAPTURES,1,1686,342,2,0,0,0,106,73,0,1099,135,8,0,1004,1524,0,0,33,195,759,899,ATK@600+HEAL@1200+CAP@1800
gauntlet/20261002-032719-scrim-b3own/losses/andrewgopher.player22__WheresMyWater__botA.bc24,andrewgopher.player22,0,B,player22,1,2000,MORE_FLAG_CAPTURES,2,245,233,9,2,3,0,0,96,0,2520,120,0,6,1369,769,5,0,63,348,899,759,ATK@600+HEAL@1200+CAP@1800
gauntlet/20261002-032719-scrim-b3own/losses/andrewgopher.player22__Yinyang__botB.bc24,andrewgopher.player22,0,A,player22,1,405,CAPTURE,3,277,259,7,0,3,0,0,0,0,5300,220,0,0,1371,719,2,0,80,77,103,74,
gauntlet/20261002-032719-scrim-b3own/losses/andrewgopher.player22__Yinyang__botB.bc24,andrewgopher.player22,1,B,b3own,0,405,CAPTURE,0,-1,0,0,0,0,0,121,41,0,1580,275,13,0,919,1257,0,0,25,24,74,103,
gauntlet/20261002-032719-scrim-b3own/losses/chenyx512.flagbot_final__Alligator__botA.bc24,chenyx512.flagbot_final,1,A,b3own,0,1051,CAPTURE,0,-1,275,3,0,0,0,90,70,0,1500,220,9,12,908,1313,0,0,34,101,100,583,ATK@600
gauntlet/20261002-032719-scrim-b3own/losses/chenyx512.flagbot_final__Alligator__botA.bc24,chenyx512.flagbot_final,0,B,flagbot_final,1,1051,CAPTURE,3,388,287,13,0,3,37,90,136,5,138,4738,18,4,1110,1460,0,0,110,295,583,100,ATK@600
gauntlet/20261002-032719-scrim-b3own/losses/awu7.ExplosiveBot__Capacitance__botB.bc24,awu7.ExplosiveBot,0,A,ExplosiveBot,1,2000,MORE_FLAG_CAPTURES,2,1084,251,45,31,0,0,0,28,3,4860,3430,0,21,687,679,37,0,9,127,204,1315,ATK@600+HEAL@1200
gauntlet/20261002-032719-scrim-b3own/losses/awu7.ExplosiveBot__Capacitance__botB.bc24,awu7.ExplosiveBot,1,B,b3own,0,2000,MORE_FLAG_CAPTURES,1,850,830,2,0,0,0,96,77,0,1791,264,9,7,1042,1316,0,0,46,367,1315,204,ATK@600+HEAL@1200+CAP@1800
gauntlet/20261002-032719-scrim-b3own/losses/chenyx512.flagbot_final__CH3353C4K3F4CT0RY__botB.bc24,chenyx512.flagbot_final,0,A,flagbot_final,1,852,CAPTURE,3,318,259,19,0,3,42,90,111,0,10653,8943,18,3,934,1419,0,0,194,356,287,76,ATK@600
gauntlet/20261002-032719-scrim-b3own/losses/chenyx512.flagbot_final__CH3353C4K3F4CT0RY__botB.bc24,chenyx512.flagbot_final,1,B,b3own,0,852,CAPTURE,0,-1,629,1,0,0,0,149,14,0,10318,263,22,0,774,1094,10,0,108,164,76,287,ATK@600
gauntlet/20261002-032719-scrim-b3own/losses/chenyx512.flagbot_final__Bunkers__botA.bc24,chenyx512.flagbot_final,1,A,b3own,0,826,CAPTURE,2,282,241,4,0,0,0,123,33,0,1777,223,20,0,1073,1698,1,0,33,75,70,374,ATK@600
gauntlet/20261002-032719-scrim-b3own/losses/chenyx512.flagbot_final__Bunkers__botA.bc24,chenyx512.flagbot_final,0,B,flagbot_final,1,826,CAPTURE,3,444,247,17,0,3,56,90,120,2,184,39,18,4,1212,1767,0,0,37,150,374,70,ATK@600
gauntlet/20261002-032719-scrim-b3own/losses/chenyx512.flagbot_final__Intercontinental__botA.bc24,chenyx512.flagbot_final,1,A,b3own,0,1184,CAPTURE,1,618,328,10,0,0,0,66,113,0,156,246,9,2,868,1240,0,0,15,88,130,542,ATK@600
gauntlet/20261002-032719-scrim-b3own/losses/chenyx512.flagbot_final__Intercontinental__botA.bc24,chenyx512.flagbot_final,0,B,flagbot_final,1,1184,CAPTURE,3,703,383,12,0,3,25,90,118,0,38,23,18,4,804,1283,0,0,9,170,542,130,ATK@600
gauntlet/20261002-032719-scrim-b3own/losses/chenyx512.flagbot_final__KingQuacksCastle__botB.bc24,chenyx512.flagbot_final,0,A,flagbot_final,1,429,CAPTURE,3,364,309,9,0,3,44,90,92,0,59,4244,18,0,1086,1516,0,0,142,103,58,20,
gauntlet/20261002-032719-scrim-b3own/losses/chenyx512.flagbot_final__KingQuacksCastle__botB.bc24,chenyx512.flagbot_final,1,B,b3own,0,429,CAPTURE,1,333,225,6,0,0,0,73,23,0,1853,289,7,16,947,1354,1,0,34,35,20,58,
gauntlet/20261002-032719-scrim-b3own/losses/clbarrell.duck8__Fountain__botA.bc24,clbarrell.duck8,1,A,b3own,0,480,CAPTURE,2,271,237,2,0,0,0,88,42,0,1080,260,8,0,849,876,0,0,29,34,110,67,
gauntlet/20261002-032719-scrim-b3own/losses/clbarrell.duck8__Fountain__botA.bc24,clbarrell.duck8,0,B,duck8,1,480,CAPTURE,3,326,271,6,0,0,0,0,29,23,30,70,1,8,739,562,9,0,36,42,67,110,
gauntlet/20261002-032719-scrim-b3own/losses/dmtrung14.defaultplayer_intlqualifier__Foxes__botB.bc24,dmtrung14.defaultplayer_intlqualifier,0,A,defaultplayer_intlqualifier,1,409,CAPTURE,3,332,292,33,27,3,40,0,22,22,6440,5640,0,3,314,798,6,31,25,48,14,113,
gauntlet/20261002-032719-scrim-b3own/losses/dmtrung14.defaultplayer_intlqualifier__Foxes__botB.bc24,dmtrung14.defaultplayer_intlqualifier,1,B,b3own,0,409,CAPTURE,0,-1,249,4,0,0,0,138,15,0,6714,232,21,5,1170,424,6,0,69,67,113,14,
gauntlet/20261002-032719-scrim-b3own/losses/dmtrung14.defaultplayer_intlqualifier__StarryNight__botA.bc24,dmtrung14.defaultplayer_intlqualifier,1,A,b3own,0,366,CAPTURE,1,270,228,1,0,0,0,117,93,0,10033,248,16,0,984,559,0,0,125,67,71,15,
gauntlet/20261002-032719-scrim-b3own/losses/dmtrung14.defaultplayer_intlqualifier__StarryNight__botA.bc24,dmtrung14.defaultplayer_intlqualifier,0,B,defaultplayer_intlqualifier,1,366,CAPTURE,3,284,232,39,32,3,16,0,129,21,9630,9800,0,2,406,919,4,16,20,26,15,71,
gauntlet/20261002-032719-scrim-b3own/losses/chenyx512.flagbot_final__OceanFloor__botB.bc24,chenyx512.flagbot_final,0,A,flagbot_final,1,1151,CAPTURE,3,370,249,11,0,3,51,90,79,2,116,51,18,1,855,1322,0,0,32,216,421,82,ATK@600
gauntlet/20261002-032719-scrim-b3own/losses/chenyx512.flagbot_final__OceanFloor__botB.bc24,chenyx512.flagbot_final,1,B,b3own,0,1151,CAPTURE,0,-1,256,5,0,0,0,78,28,0,1409,229,4,0,753,1076,0,0,31,96,82,421,ATK@600
gauntlet/20261002-032719-scrim-b3own/losses/dmtrung14.defaultplayer_intlqualifier__OceanFloor__botB.bc24,dmtrung14.defaultplayer_intlqualifier,0,A,defaultplayer_intlqualifier,1,2000,MORE_FLAG_CAPTURES,2,378,238,29,15,3,17,0,63,12,10,70,0,5,358,873,5,15,9,40,12,808,ATK@600+HEAL@1200+CAP@1800
gauntlet/20261002-032719-scrim-b3own/losses/dmtrung14.defaultplayer_intlqualifier__OceanFloor__botB.bc24,dmtrung14.defaultplayer_intlqualifier,1,B,b3own,0,2000,MORE_FLAG_CAPTURES,0,-1,267,3,0,0,0,76,30,0,1389,222,6,6,1241,571,0,0,40,95,808,12,ATK@600+HEAL@1200+CAP@1800
gauntlet/20261002-032719-scrim-b3own/losses/dmtrung14.defaultplayer_intlqualifier__GaltonBoard__botB.bc24,dmtrung14.defaultplayer_intlqualifier,0,A,defaultplayer_intlqualifier,1,2000,MORE_FLAG_CAPTURES,2,266,258,22,14,3,5,0,9,15,30,560,0,7,484,920,6,17,7,66,114,1250,ATK@600+HEAL@1200+CAP@1800
gauntlet/20261002-032719-scrim-b3own/losses/dmtrung14.defaultplayer_intlqualifier__GaltonBoard__botB.bc24,dmtrung14.defaultplayer_intlqualifier,1,B,b3own,0,2000,MORE_FLAG_CAPTURES,1,743,257,3,0,0,0,25,12,0,1540,220,0,12,1617,802,0,0,37,204,1250,114,ATK@600+HEAL@1200+CAP@1800
gauntlet/20261002-032719-scrim-b3own/losses/hsmalladi.finalbot__BreadPudding__botB.bc24,hsmalladi.finalbot,0,A,finalbot,1,598,CAPTURE,3,353,272,34,15,3,21,57,54,0,2503,161,11,1,1020,1110,1,3,45,70,104,111,
gauntlet/20261002-032719-scrim-b3own/losses/hsmalladi.finalbot__BreadPudding__botB.bc24,hsmalladi.finalbot,1,B,b3own,0,598,CAPTURE,0,-1,299,1,0,0,0,80,69,0,1342,252,2,16,947,1210,0,0,31,45,111,104,
gauntlet/20261002-032719-scrim-b3own/losses/hsmalladi.finalbot__HungerGames__botB.bc24,hsmalladi.finalbot,0,A,finalbot,1,596,CAPTURE,3,302,257,25,6,3,20,10,20,0,2306,6456,1,1,889,898,0,3,184,169,90,109,
gauntlet/20261002-032719-scrim-b3own/losses/hsmalladi.finalbot__HungerGames__botB.bc24,hsmalladi.finalbot,1,B,b3own,0,596,CAPTURE,1,335,293,6,0,0,0,52,16,0,1580,276,4,10,724,1092,4,0,81,106,109,90,
gauntlet/20261002-032719-scrim-b3own/losses/hsmalladi.finalbot__Hurricane__botA.bc24,hsmalladi.finalbot,1,A,b3own,0,1379,CAPTURE,0,-1,681,1,0,0,0,198,63,0,1164,95,34,13,477,538,0,0,25,56,140,58,ATK@600+HEAL@1200
gauntlet/20261002-032719-scrim-b3own/losses/hsmalladi.finalbot__Hurricane__botA.bc24,hsmalladi.finalbot,0,B,finalbot,1,1379,CAPTURE,3,378,220,54,7,3,86,60,78,7,2994,64,12,0,423,421,3,2,43,90,58,140,ATK@600+HEAL@1200
gauntlet/20261002-032719-scrim-b3own/losses/hsmalladi.finalbot__StackGame__botA.bc24,hsmalladi.finalbot,1,A,b3own,0,432,CAPTURE,0,-1,323,1,0,0,0,59,32,0,4778,218,5,5,1112,1556,0,0,64,65,101,68,
gauntlet/20261002-032719-scrim-b3own/losses/hsmalladi.finalbot__StackGame__botA.bc24,hsmalladi.finalbot,0,B,finalbot,1,432,CAPTURE,3,320,295,21,6,3,23,60,58,4,3962,102,12,0,1159,1047,9,3,56,62,68,101,
gauntlet/20261002-032719-scrim-b3own/losses/hsmalladi.finalbot__Puzzle__botA.bc24,hsmalladi.finalbot,1,A,b3own,0,493,CAPTURE,0,-1,235,3,0,0,0,55,4,0,1180,126,5,16,652,796,0,0,58,47,63,67,
gauntlet/20261002-032719-scrim-b3own/losses/hsmalladi.finalbot__Puzzle__botA.bc24,hsmalladi.finalbot,0,B,finalbot,1,493,CAPTURE,3,307,239,26,10,3,27,0,74,0,180,11150,0,1,815,624,0,7,172,164,67,63,
gauntlet/20261002-032719-scrim-b3own/losses/jmerle.camel_case_v21_final__HungerGames__botB.bc24,jmerle.camel_case_v21_final,0,A,camel_case_v21_final,1,334,CAPTURE,3,279,236,4,0,0,0,0,0,0,3100,12460,0,1,1017,393,0,0,215,170,97,31,
gauntlet/20261002-032719-scrim-b3own/losses/jmerle.camel_case_v21_final__HungerGames__botB.bc24,jmerle.camel_case_v21_final,1,B,b3own,0,334,CAPTURE,0,-1,0,0,0,0,0,44,19,0,1550,313,3,7,467,533,0,0,34,32,31,97,
gauntlet/20261002-032719-scrim-b3own/losses/jmerle.camel_case_v21_final__Starfish__botB.bc24,jmerle.camel_case_v21_final,0,A,camel_case_v21_final,1,386,CAPTURE,3,245,222,5,0,0,0,0,216,0,20,10,0,12,1390,324,0,0,13,13,97,123,
gauntlet/20261002-032719-scrim-b3own/losses/jmerle.camel_case_v21_final__Starfish__botB.bc24,jmerle.camel_case_v21_final,1,B,b3own,0,386,CAPTURE,0,-1,228,7,0,0,0,38,146,0,1060,200,2,10,1075,1248,0,0,32,31,123,97,
gauntlet/20261002-032719-scrim-b3own/losses/jmerle.camel_case_v21_final__GravitationalWaves__botB.bc24,jmerle.camel_case_v21_final,0,A,camel_case_v21_final,1,2000,MORE_FLAG_CAPTURES,1,755,560,5,0,0,0,0,76,0,3820,2990,0,6,1036,873,0,0,21,129,375,612,ATK@600+HEAL@1200+CAP@1800
gauntlet/20261002-032719-scrim-b3own/losses/jmerle.camel_case_v21_final__GravitationalWaves__botB.bc24,jmerle.camel_case_v21_final,1,B,b3own,0,2000,MORE_FLAG_CAPTURES,0,-1,334,2,0,0,0,81,67,0,1882,242,6,13,867,1721,0,0,36,145,612,375,ATK@600+HEAL@1200+CAP@1800
gauntlet/20261002-032719-scrim-b3own/losses/hsmalladi.finalbot__TwistedTreeline__botA.bc24,hsmalladi.finalbot,1,A,b3own,0,1368,CAPTURE,1,347,299,4,0,0,0,107,48,0,1220,230,8,1,978,1233,0,0,42,172,494,327,ATK@600+HEAL@1200
gauntlet/20261002-032719-scrim-b3own/losses/hsmalladi.finalbot__TwistedTreeline__botA.bc24,hsmalladi.finalbot,0,B,finalbot,1,1368,CAPTURE,3,709,262,65,13,3,17,44,69,0,2005,68,8,0,919,906,0,1,34,178,327,494,ATK@600+HEAL@1200
gauntlet/20261002-032719-scrim-b3own/losses/jonters.bling3__DefaultHuge__botB.bc24,jonters.bling3,0,A,bling3,1,452,CAPTURE,3,334,252,6,0,0,0,0,40,21,700,120,0,12,732,1185,24,0,3,25,35,110,
gauntlet/20261002-032719-scrim-b3own/losses/jonters.bling3__DefaultHuge__botB.bc24,jonters.bling3,1,B,b3own,0,452,CAPTURE,1,422,273,6,0,0,0,174,7,0,2422,292,31,1,1255,1352,1,0,65,53,110,35,
gauntlet/20261002-032719-scrim-b3own/losses/jmerle.camel_case_v21_final__Hurricane__botA.bc24,jmerle.camel_case_v21_final,1,A,b3own,0,2000,MORE_FLAG_CAPTURES,1,1628,237,25,0,0,0,205,48,0,1426,288,38,7,621,822,0,0,36,152,314,216,ATK@600+HEAL@1200+CAP@1800
gauntlet/20261002-032719-scrim-b3own/losses/jmerle.camel_case_v21_final__Hurricane__botA.bc24,jmerle.camel_case_v21_final,0,B,camel_case_v21_final,1,2000,MORE_FLAG_CAPTURES,2,379,214,20,0,0,0,0,37,5,5290,4530,0,6,842,469,0,0,50,130,216,314,ATK@600+HEAL@1200+CAP@1800
gauntlet/20261002-032719-scrim-b3own/losses/jmerle.camel_case_v21_final__OceanFloor__botB.bc24,jmerle.camel_case_v21_final,0,A,camel_case_v21_final,1,1821,CAPTURE,3,339,234,17,0,0,0,0,10,10,2500,710,0,4,1010,431,0,0,61,278,517,774,ATK@600+HEAL@1200+CAP@1800
gauntlet/20261002-032719-scrim-b3own/losses/jmerle.camel_case_v21_final__OceanFloor__botB.bc24,jmerle.camel_case_v21_final,1,B,b3own,0,1821,CAPTURE,0,-1,215,12,0,0,0,73,28,0,1509,229,6,9,745,1001,0,0,39,201,774,517,ATK@600+HEAL@1200+CAP@1800
gauntlet/20261002-032719-scrim-b3own/losses/kyleezz.jeeryfix3__Skyline__botA.bc24,kyleezz.jeeryfix3,1,A,b3own,0,395,CAPTURE,0,-1,0,0,0,0,0,203,119,0,15344,304,34,10,1140,1288,4,0,179,170,109,41,
gauntlet/20261002-032719-scrim-b3own/losses/kyleezz.jeeryfix3__Skyline__botA.bc24,kyleezz.jeeryfix3,0,B,jeeryfix3,1,395,CAPTURE,3,300,262,8,0,0,0,0,200,13,16700,14030,0,8,1007,673,0,0,169,121,41,109,
gauntlet/20261002-032719-scrim-b3own/losses/kyleezz.jeeryfix3__CH3353C4K3F4CT0RY__botB.bc24,kyleezz.jeeryfix3,0,A,jeeryfix3,1,2000,MORE_FLAG_CAPTURES,1,392,247,12,0,0,0,0,19,11,13730,11000,0,2,1091,766,0,0,160,460,598,1326,ATK@600+CAP@1200+HEAL@1800
gauntlet/20261002-032719-scrim-b3own/losses/kyleezz.jeeryfix3__CH3353C4K3F4CT0RY__botB.bc24,kyleezz.jeeryfix3,1,B,b3own,0,2000,MORE_FLAG_CAPTURES,0,-1,234,1,0,0,0,165,15,0,9759,249,23,29,1251,1377,11,0,96,265,1326,598,ATK@600+HEAL@1200+CAP@1800
gauntlet/20261002-032719-scrim-b3own/losses/kyleezz.jeeryfix3__Digging__botB.bc24,kyleezz.jeeryfix3,0,A,jeeryfix3,1,2000,MORE_FLAG_CAPTURES,1,272,241,1,0,0,0,0,26,0,2320,860,0,3,1200,760,0,0,53,227,459,1508,ATK@600+CAP@1200+HEAL@1800
gauntlet/20261002-032719-scrim-b3own/losses/kyleezz.jeeryfix3__Digging__botB.bc24,kyleezz.jeeryfix3,1,B,b3own,0,2000,MORE_FLAG_CAPTURES,0,-1,0,0,0,0,0,74,21,0,993,233,8,5,1206,1337,0,0,35,211,1508,459,ATK@600+HEAL@1200+CAP@1800
gauntlet/20261002-032719-scrim-b3own/losses/quesswho.cretplayer2_3__Battlefield__botB.bc24,quesswho.cretplayer2_3,0,A,cretplayer2_3,1,513,CAPTURE,3,259,218,19,0,3,7,0,40,0,4900,990,0,3,1111,1079,0,4,56,69,82,170,
gauntlet/20261002-032719-scrim-b3own/losses/quesswho.cretplayer2_3__Battlefield__botB.bc24,quesswho.cretplayer2_3,1,B,b3own,0,513,CAPTURE,1,502,224,13,0,0,0,138,40,0,2191,248,21,21,1292,1474,0,0,40,54,170,82,
gauntlet/20261002-032719-scrim-b3own/losses/kyleezz.jeeryfix3__Hurricane__botB.bc24,kyleezz.jeeryfix3,0,A,jeeryfix3,1,2000,MORE_FLAG_CAPTURES,2,1556,214,11,0,0,0,0,185,1,1250,210,0,9,705,444,0,0,28,69,76,204,ATK@600+CAP@1200+HEAL@1800
gauntlet/20261002-032719-scrim-b3own/losses/kyleezz.jeeryfix3__Hurricane__botB.bc24,kyleezz.jeeryfix3,1,B,b3own,0,2000,MORE_FLAG_CAPTURES,0,-1,486,9,0,0,0,199,53,0,1402,272,33,5,718,764,0,0,40,98,204,76,ATK@600+HEAL@1200+CAP@1800
gauntlet/20261002-032719-scrim-b3own/losses/quesswho.cretplayer2_3__Canals__botA.bc24,quesswho.cretplayer2_3,1,A,b3own,0,1056,CAPTURE,1,957,362,7,0,0,0,130,22,0,3764,262,18,1,808,911,2,0,46,133,471,249,ATK@600
gauntlet/20261002-032719-scrim-b3own/losses/quesswho.cretplayer2_3__Canals__botA.bc24,quesswho.cretplayer2_3,0,B,cretplayer2_3,1,1056,CAPTURE,3,316,238,16,0,3,19,0,0,0,7000,1000,0,3,832,863,0,4,74,138,249,471,ATK@600
gauntlet/20261002-032719-scrim-b3own/losses/kyleezz.jeeryfix3__YearOfTheDragon__botB.bc24,kyleezz.jeeryfix3,0,A,jeeryfix3,1,2000,MORE_FLAG_CAPTURES,2,304,237,8,0,0,0,0,28,10,11360,8970,0,4,926,770,0,0,101,375,408,860,ATK@600+CAP@1200+HEAL@1800
gauntlet/20261002-032719-scrim-b3own/losses/kyleezz.jeeryfix3__YearOfTheDragon__botB.bc24,kyleezz.jeeryfix3,1,B,b3own,0,2000,MORE_FLAG_CAPTURES,1,273,227,1,0,0,0,98,38,0,10121,341,11,2,1107,1259,14,0,95,249,860,408,ATK@600+HEAL@1200+CAP@1800
gauntlet/20261002-032719-scrim-b3own/losses/quesswho.cretplayer2_3__Tunnels__botB.bc24,quesswho.cretplayer2_3,0,A,cretplayer2_3,1,659,CAPTURE,3,349,245,35,0,3,18,0,57,0,3090,990,0,13,863,621,0,3,53,77,97,311,ATK@600
gauntlet/20261002-032719-scrim-b3own/losses/quesswho.cretplayer2_3__Tunnels__botB.bc24,quesswho.cretplayer2_3,1,B,b3own,0,659,CAPTURE,0,-1,656,1,0,0,0,60,62,0,1540,250,1,24,1379,1173,0,0,31,52,311,97,ATK@600
gauntlet/20261002-032719-scrim-b3own/losses/winkelmantanner.waffle__Islands__botA.bc24,winkelmantanner.waffle,1,A,b3own,0,403,CAPTURE,0,-1,269,2,0,0,0,180,74,0,2482,228,32,0,1087,1181,3,0,39,38,70,87,
gauntlet/20261002-032719-scrim-b3own/losses/winkelmantanner.waffle__Islands__botA.bc24,winkelmantanner.waffle,0,B,waffle,1,403,CAPTURE,3,364,227,14,0,0,0,0,40,57,1360,720,3,9,1248,1131,0,0,100,77,87,70,
gauntlet/20261002-032719-scrim-b3own/losses/quesswho.cretplayer2_3__OceanFloor__botA.bc24,quesswho.cretplayer2_3,1,A,b3own,0,846,CAPTURE,1,484,334,6,0,0,0,66,24,0,1660,240,7,2,667,817,0,0,35,58,153,91,ATK@600
gauntlet/20261002-032719-scrim-b3own/losses/quesswho.cretplayer2_3__OceanFloor__botA.bc24,quesswho.cretplayer2_3,0,B,cretplayer2_3,1,846,CAPTURE,3,474,259,9,0,3,50,0,15,0,3350,960,0,3,482,475,0,5,36,67,91,153,ATK@600
gauntlet/20261002-032719-scrim-b3own/losses/winkelmantanner.waffle__BedWars__botA.bc24,winkelmantanner.waffle,1,A,b3own,0,514,CAPTURE,2,427,395,2,0,0,0,76,11,0,2950,30,0,4,653,814,2,0,25,24,70,24,
gauntlet/20261002-032719-scrim-b3own/losses/winkelmantanner.waffle__BedWars__botA.bc24,winkelmantanner.waffle,0,B,waffle,1,514,CAPTURE,3,335,288,13,0,0,0,0,0,3,4500,1890,0,4,556,520,0,0,28,28,24,70,
gauntlet/20261002-032719-scrim-b3own/losses/winkelmantanner.waffle__StackGame__botB.bc24,winkelmantanner.waffle,0,A,waffle,1,402,CAPTURE,3,275,244,14,0,0,0,0,32,20,4040,500,0,5,1150,976,0,0,90,83,52,106,
gauntlet/20261002-032719-scrim-b3own/losses/winkelmantanner.waffle__StackGame__botB.bc24,winkelmantanner.waffle,1,B,b3own,0,402,CAPTURE,0,-1,340,4,0,0,0,65,40,0,4418,258,5,0,1284,1419,0,0,62,63,106,52,
gauntlet/20261002-032719-scrim-b3own/losses/quesswho.cretplayer2_3__Capacitance__botA.bc24,quesswho.cretplayer2_3,1,A,b3own,0,1959,CAPTURE,2,341,226,4,0,0,0,27,27,0,4650,280,1,0,963,968,0,0,78,252,877,497,ATK@600+HEAL@1200+CAP@1800
gauntlet/20261002-032719-scrim-b3own/losses/quesswho.cretplayer2_3__Capacitance__botA.bc24,quesswho.cretplayer2_3,0,B,cretplayer2_3,1,1959,CAPTURE,3,255,236,43,0,3,8,0,17,0,5490,820,0,8,834,736,0,4,77,327,497,877,ATK@600+HEAL@1200+CAP@1800
gauntlet/20261002-032719-scrim-b3own/losses/winkelmantanner.waffle__Skyline__botA.bc24,winkelmantanner.waffle,1,A,b3own,0,696,CAPTURE,0,-1,0,0,0,0,0,185,110,0,17138,242,30,8,1071,1181,24,0,182,228,238,173,ATK@600
gauntlet/20261002-032719-scrim-b3own/losses/winkelmantanner.waffle__Skyline__botA.bc24,winkelmantanner.waffle,0,B,waffle,1,696,CAPTURE,3,358,261,24,0,0,0,0,63,37,10010,3840,0,12,948,816,0,0,171,212,173,238,ATK@600
gauntlet/20261002-032719-scrim-b3own/replays/ColtG5.Goob_final__BigDucksBigPond__botB.bc24,ColtG5.Goob_final,0,A,Goob_final,0,2000,MORE_FLAG_CAPTURES,1,325,255,3,0,0,0,0,119,0,3730,50,0,16,1124,867,11,0,73,270,472,1445,ATK@600+HEAL@1200+CAP@1800
gauntlet/20261002-032719-scrim-b3own/replays/ColtG5.Goob_final__BigDucksBigPond__botB.bc24,ColtG5.Goob_final,1,B,b3own,1,2000,MORE_FLAG_CAPTURES,2,1317,1197,6,0,0,0,90,97,0,2805,275,10,11,1100,1214,5,0,39,463,1445,472,ATK@600+HEAL@1200+CAP@1800
gauntlet/20261002-032719-scrim-b3own/replays/ColtG5.Goob_final__DefaultLarge__botA.bc24,ColtG5.Goob_final,1,A,b3own,1,2000,MORE_FLAG_CAPTURES,2,1821,318,11,0,0,0,44,41,0,2090,290,1,15,1162,1431,1,0,52,327,1261,438,ATK@600+HEAL@1200+CAP@1800
gauntlet/20261002-032719-scrim-b3own/replays/ColtG5.Goob_final__DefaultLarge__botA.bc24,ColtG5.Goob_final,0,B,Goob_final,0,2000,MORE_FLAG_CAPTURES,0,-1,301,9,0,0,0,0,40,0,3000,510,0,7,1060,1079,12,0,67,292,438,1261,ATK@600+HEAL@1200+CAP@1800
gauntlet/20261002-032719-scrim-b3own/replays/CyrilSharma.finalBot__DefaultLarge__botA.bc24,CyrilSharma.finalBot,1,A,b3own,1,2000,LEVEL_SUM,0,-1,0,0,0,0,0,38,39,0,2270,300,1,7,1026,1289,0,0,52,211,491,464,ATK@600+HEAL@1200+CAP@1800
gauntlet/20261002-032719-scrim-b3own/replays/CyrilSharma.finalBot__DefaultLarge__botA.bc24,CyrilSharma.finalBot,0,B,finalBot,0,2000,LEVEL_SUM,0,-1,376,6,0,0,0,60,8,0,2922,2872,12,7,1082,1355,0,0,149,560,464,491,ATK@600+HEAL@1200+CAP@1800
gauntlet/20261002-032719-scrim-b3own/replays/SampleProvider.TSPAARKSPRINT1__Swoop__botA.bc24,SampleProvider.TSPAARKSPRINT1,1,A,b3own,1,1847,CAPTURE,3,1144,280,26,0,0,0,137,60,0,2208,278,18,4,1152,1160,1,0,40,247,800,168,ATK@600+HEAL@1200+CAP@1800
gauntlet/20261002-032719-scrim-b3own/replays/SampleProvider.TSPAARKSPRINT1__Swoop__botA.bc24,SampleProvider.TSPAARKSPRINT1,0,B,TSPAARKSPRINT1,0,1847,CAPTURE,2,1237,216,84,0,3,34,0,92,2,3740,30,0,4,704,1486,4,28,5,89,168,800,ATK@600+CAP@1200+HEAL@1800
gauntlet/20261002-032719-scrim-b3own/losses/winkelmantanner.waffle__Whirlpool__botB.bc24,winkelmantanner.waffle,0,A,waffle,1,2000,MORE_FLAG_CAPTURES,2,504,261,21,0,0,0,0,48,22,1560,3450,1,10,886,1478,0,0,85,278,497,826,ATK@600+HEAL@1200+CAP@1800
gauntlet/20261002-032719-scrim-b3own/losses/winkelmantanner.waffle__Whirlpool__botB.bc24,winkelmantanner.waffle,1,B,b3own,0,2000,MORE_FLAG_CAPTURES,0,-1,953,1,0,0,0,38,79,0,2070,230,1,22,1083,1439,0,0,39,192,826,497,ATK@600+HEAL@1200+CAP@1800
gauntlet/20261002-032719-scrim-b3own/replays/Gymhgy.v10official__Diagonal__botA.bc24,Gymhgy.v10official,1,A,b3own,1,2000,LEVEL_SUM,0,-1,354,5,0,0,0,52,19,0,5905,295,4,7,769,870,8,0,64,223,182,132,ATK@600+HEAL@1200+CAP@1800
gauntlet/20261002-032719-scrim-b3own/replays/Gymhgy.v10official__Diagonal__botA.bc24,Gymhgy.v10official,0,B,v10official,0,2000,LEVEL_SUM,0,-1,327,5,0,3,9,70,20,2,5540,2030,14,1,663,1043,13,2,71,156,132,182,ATK@600+HEAL@1200+CAP@1800
gauntlet/20261002-032719-scrim-b3own/replays/SampleProvider.TSPAARKSPRINT1__WheresMyWater__botB.bc24,SampleProvider.TSPAARKSPRINT1,0,A,TSPAARKSPRINT1,0,2000,LEVEL_SUM,2,574,251,39,0,3,4,0,173,1,10,10,0,2,615,1601,2,10,0,51,124,1171,ATK@600+CAP@1200+HEAL@1800
gauntlet/20261002-032719-scrim-b3own/replays/SampleProvider.TSPAARKSPRINT1__WheresMyWater__botB.bc24,SampleProvider.TSPAARKSPRINT1,1,B,b3own,1,2000,LEVEL_SUM,2,220,208,5,0,0,0,110,74,0,1019,191,12,14,1367,1092,0,0,54,441,1171,124,ATK@600+HEAL@1200+CAP@1800
gauntlet/20261002-032719-scrim-b3own/replays/Strequals.duck0127v5__Divergent__botA.bc24,Strequals.duck0127v5,1,A,b3own,1,2000,LEVEL_SUM,0,-1,392,14,0,0,0,150,40,0,1830,266,24,17,607,1207,1,0,37,188,228,306,ATK@600+HEAL@1200+CAP@1800
gauntlet/20261002-032719-scrim-b3own/replays/Strequals.duck0127v5__Divergent__botA.bc24,Strequals.duck0127v5,0,B,duck0127v5,0,2000,LEVEL_SUM,0,-1,358,35,0,0,0,66,35,2,3805,3430,13,9,724,1006,0,2,58,278,306,228,ATK@600+HEAL@1200+CAP@1800
gauntlet/20261002-032719-scrim-b3own/replays/awu7.ExplosiveBot__Alligator__botA.bc24,awu7.ExplosiveBot,1,A,b3own,1,1699,CAPTURE,3,1569,248,14,0,0,0,70,52,0,2743,293,6,8,1151,1293,2,0,80,284,936,207,ATK@600+HEAL@1200
gauntlet/20261002-032719-scrim-b3own/replays/awu7.ExplosiveBot__Alligator__botA.bc24,awu7.ExplosiveBot,0,B,ExplosiveBot,0,1699,CAPTURE,0,-1,233,18,8,0,0,0,69,9,2730,6110,0,35,803,817,3,0,27,143,207,936,ATK@600+HEAL@1200
gauntlet/20261002-032719-scrim-b3own/replays/awu7.ExplosiveBot__Canals__botA.bc24,awu7.ExplosiveBot,1,A,b3own,1,1691,CAPTURE,3,511,357,32,0,0,0,119,14,0,4209,283,16,0,1243,1437,2,0,70,513,1413,185,ATK@600+HEAL@1200
gauntlet/20261002-032719-scrim-b3own/replays/awu7.ExplosiveBot__Canals__botA.bc24,awu7.ExplosiveBot,0,B,ExplosiveBot,0,1691,CAPTURE,1,257,230,41,31,0,0,0,0,15,4900,230,0,11,789,655,27,0,13,120,185,1413,ATK@600+HEAL@1200
gauntlet/20261002-032719-scrim-b3own/replays/awu7.ExplosiveBot__Klein__botB.bc24,awu7.ExplosiveBot,0,A,ExplosiveBot,0,1355,CAPTURE,1,520,421,14,6,0,0,0,279,6,30,20,0,8,603,578,0,0,6,66,123,849,ATK@600+HEAL@1200
gauntlet/20261002-032719-scrim-b3own/replays/awu7.ExplosiveBot__Klein__botB.bc24,awu7.ExplosiveBot,1,B,b3own,1,1355,CAPTURE,3,324,267,20,0,0,0,165,87,0,1746,218,30,6,855,1028,0,0,38,240,849,123,ATK@600+HEAL@1200
gauntlet/20261002-032719-scrim-b3own/replays/awu7.ExplosiveBot__GaltonBoard__botA.bc24,awu7.ExplosiveBot,1,A,b3own,1,1024,CAPTURE,3,608,261,27,0,0,0,26,15,0,1433,243,2,22,1304,1571,0,0,50,193,883,100,ATK@600
gauntlet/20261002-032719-scrim-b3own/replays/awu7.ExplosiveBot__GaltonBoard__botA.bc24,awu7.ExplosiveBot,0,B,ExplosiveBot,0,1024,CAPTURE,0,-1,0,0,0,0,0,0,13,9,1110,1640,0,51,899,1257,9,0,14,69,100,883,ATK@600
gauntlet/20261002-032719-scrim-b3own/replays/awu7.ExplosiveBot__Joker__botB.bc24,awu7.ExplosiveBot,0,A,ExplosiveBot,0,1500,CAPTURE,1,1477,254,27,15,0,0,0,35,9,14950,12620,0,18,659,529,56,0,26,214,276,850,ATK@600+HEAL@1200
gauntlet/20261002-032719-scrim-b3own/replays/awu7.ExplosiveBot__Joker__botB.bc24,awu7.ExplosiveBot,1,B,b3own,1,1500,CAPTURE,3,494,261,21,0,0,0,170,9,0,12354,314,28,2,1078,1414,9,0,216,400,850,276,ATK@600+HEAL@1200
gauntlet/20261002-032719-scrim-b3own/replays/dmtrung14.defaultplayer_intlqualifier__DefaultHuge__botA.bc24,dmtrung14.defaultplayer_intlqualifier,1,A,b3own,1,640,CAPTURE,3,346,252,6,0,0,0,201,29,0,1285,297,38,0,1109,397,0,0,34,57,243,16,ATK@600
gauntlet/20261002-032719-scrim-b3own/replays/dmtrung14.defaultplayer_intlqualifier__DefaultHuge__botA.bc24,dmtrung14.defaultplayer_intlqualifier,0,B,defaultplayer_intlqualifier,0,640,CAPTURE,2,252,208,56,49,3,28,0,23,30,1210,43,0,3,226,704,6,18,27,70,16,243,ATK@600
gauntlet/20261002-032719-scrim-b3own/replays/clbarrell.duck8__Diagonal__botB.bc24,clbarrell.duck8,0,A,duck8,0,2000,LEVEL_SUM,0,-1,331,7,0,0,0,0,19,49,410,80,3,4,510,501,17,0,63,221,277,859,ATK@750+HEAL@1500
gauntlet/20261002-032719-scrim-b3own/replays/clbarrell.duck8__Diagonal__botB.bc24,clbarrell.duck8,1,B,b3own,1,2000,LEVEL_SUM,0,-1,333,15,0,0,0,54,17,0,5913,283,3,16,806,656,8,0,67,274,859,277,ATK@600+HEAL@1200+CAP@1800
gauntlet/20261002-032719-scrim-b3own/replays/clbarrell.duck8__Hockey__botB.bc24,clbarrell.duck8,0,A,duck8,0,1385,CAPTURE,1,456,289,4,0,0,0,0,28,41,80,60,3,11,950,1325,8,0,59,165,255,768,ATK@750
gauntlet/20261002-032719-scrim-b3own/replays/clbarrell.duck8__Hockey__botB.bc24,clbarrell.duck8,1,B,b3own,1,1385,CAPTURE,3,744,275,11,0,0,0,120,25,0,2559,219,14,12,1122,1232,2,0,37,218,768,255,ATK@600+HEAL@1200
gauntlet/20261002-032719-scrim-b3own/replays/clbarrell.duck8__Islands__botB.bc24,clbarrell.duck8,0,A,duck8,0,806,CAPTURE,1,320,283,16,0,0,0,0,52,50,40,60,3,10,1016,1074,17,0,62,114,148,307,ATK@750
gauntlet/20261002-032719-scrim-b3own/replays/clbarrell.duck8__Islands__botB.bc24,clbarrell.duck8,1,B,b3own,1,806,CAPTURE,3,418,394,5,0,0,0,178,74,0,2528,301,28,0,1258,1416,1,0,49,110,307,148,ATK@600
gauntlet/20261002-032719-scrim-b3own/replays/clbarrell.duck8__Mountain__botB.bc24,clbarrell.duck8,0,A,duck8,0,2000,LEVEL_SUM,1,384,262,13,0,0,0,0,11,46,90,20,3,14,913,755,16,0,68,219,412,1168,ATK@750+HEAL@1500
gauntlet/20261002-032719-scrim-b3own/replays/clbarrell.duck8__Mountain__botB.bc24,clbarrell.duck8,1,B,b3own,1,2000,LEVEL_SUM,1,1839,1819,1,0,0,0,123,56,0,2402,168,18,23,1046,1172,0,0,44,233,1168,412,ATK@600+HEAL@1200+CAP@1800
gauntlet/20261002-032719-scrim-b3own/replays/clbarrell.duck8__Whirlpool__botA.bc24,clbarrell.duck8,1,A,b3own,1,2000,LEVEL_SUM,1,1966,1839,5,0,0,0,24,80,0,2320,260,0,11,1048,1239,0,0,48,202,960,389,ATK@600+HEAL@1200+CAP@1800
gauntlet/20261002-032719-scrim-b3own/replays/clbarrell.duck8__Whirlpool__botA.bc24,clbarrell.duck8,0,B,duck8,0,2000,LEVEL_SUM,1,512,250,27,0,0,0,0,45,33,140,270,3,13,804,989,5,0,73,247,389,960,ATK@750+HEAL@1500
gauntlet/20261002-032719-scrim-b3own/replays/dmtrung14.defaultplayer_intlqualifier__Klein__botA.bc24,dmtrung14.defaultplayer_intlqualifier,1,A,b3own,1,2000,MORE_FLAG_CAPTURES,2,470,339,7,0,0,0,138,63,0,3231,42,21,2,827,436,0,0,35,128,410,48,ATK@600+HEAL@1200+CAP@1800
gauntlet/20261002-032719-scrim-b3own/replays/dmtrung14.defaultplayer_intlqualifier__Klein__botA.bc24,dmtrung14.defaultplayer_intlqualifier,0,B,defaultplayer_intlqualifier,0,2000,MORE_FLAG_CAPTURES,1,249,236,10,6,3,26,0,211,13,470,90,0,9,259,616,6,13,5,22,48,410,ATK@600+HEAL@1200+CAP@1800
gauntlet/20261002-032719-scrim-b3own/replays/jonters.bling3__Hockey__botB.bc24,jonters.bling3,0,A,bling3,0,1750,CAPTURE,0,-1,0,0,0,0,0,0,56,15,1020,1120,0,0,892,2486,18,0,0,91,234,871,ATK@600+HEAL@1200
gauntlet/20261002-032719-scrim-b3own/replays/jonters.bling3__Hockey__botB.bc24,jonters.bling3,1,B,b3own,1,1750,CAPTURE,3,1308,346,27,0,0,0,130,35,0,2095,295,15,3,1321,1737,2,0,36,327,871,234,ATK@600+HEAL@1200
gauntlet/20261002-032719-scrim-b3own/replays/jonters.bling3__Alien__botA.bc24,jonters.bling3,1,A,b3own,1,1649,CAPTURE,3,1322,263,22,0,0,0,181,25,0,1339,254,30,19,1245,1457,0,0,30,193,728,289,ATK@600+HEAL@1200
gauntlet/20261002-032719-scrim-b3own/replays/jonters.bling3__Alien__botA.bc24,jonters.bling3,0,B,bling3,0,1649,CAPTURE,1,392,280,3,0,0,0,0,10,17,2000,290,0,9,907,1683,29,0,15,125,289,728,ATK@600+HEAL@1200
gauntlet/20261002-032719-scrim-b3own/replays/jonters.bling3__Snake__botA.bc24,jonters.bling3,1,A,b3own,1,1584,CAPTURE,3,307,234,17,0,0,0,137,86,0,8458,247,15,6,843,1262,8,0,230,406,582,310,ATK@600+HEAL@1200
gauntlet/20261002-032719-scrim-b3own/replays/jonters.bling3__Snake__botA.bc24,jonters.bling3,0,B,bling3,0,1584,CAPTURE,2,377,270,7,0,0,0,0,243,0,8210,15006,0,7,520,744,106,0,1,187,310,582,ATK@600+HEAL@1200
gauntlet/20261002-032719-scrim-b3own/replays/jonters.bling3__Randy__botB.bc24,jonters.bling3,0,A,bling3,0,1843,CAPTURE,2,335,311,4,0,0,0,0,6,4,4820,3700,0,12,720,1241,43,0,9,163,354,794,ATK@600+HEAL@1200+CAP@1800
gauntlet/20261002-032719-scrim-b3own/replays/jonters.bling3__Randy__botB.bc24,jonters.bling3,1,B,b3own,1,1843,CAPTURE,3,337,210,44,0,0,0,92,38,0,2856,205,9,22,1150,1402,0,0,49,262,794,354,ATK@600+HEAL@1200+CAP@1800
gauntlet/20261002-032719-scrim-b3own/replays/justinottesen.sprint1__Battlecode24__botB.bc24,justinottesen.sprint1,0,A,sprint1,0,804,CAPTURE,0,-1,724,4,0,0,0,0,194,0,8080,6930,0,6,116,679,66,0,0,59,58,397,ATK@600
gauntlet/20261002-032719-scrim-b3own/replays/justinottesen.sprint1__Battlecode24__botB.bc24,justinottesen.sprint1,1,B,b3own,1,804,CAPTURE,3,422,390,8,0,0,0,165,62,0,9712,1244,26,17,1091,581,10,0,232,300,397,58,ATK@600
gauntlet/20261002-032719-scrim-b3own/replays/justinottesen.sprint1__GaltonBoard__botB.bc24,justinottesen.sprint1,0,A,sprint1,0,1122,CAPTURE,0,-1,0,0,0,0,0,0,9,10,130,1230,0,0,129,842,114,0,0,175,109,811,ATK@600
gauntlet/20261002-032719-scrim-b3own/replays/justinottesen.sprint1__GaltonBoard__botB.bc24,justinottesen.sprint1,1,B,b3own,1,1122,CAPTURE,3,1002,420,6,0,0,0,25,10,0,1600,340,2,23,1197,873,0,0,89,173,811,109,ATK@600
gauntlet/20261002-032719-scrim-b3own/replays/jonters.bling3__Whirlpool__botB.bc24,jonters.bling3,0,A,bling3,0,2000,MORE_FLAG_CAPTURES,1,323,273,1,0,0,0,0,96,11,120,2110,0,6,627,1569,21,0,3,134,261,838,ATK@600+HEAL@1200+CAP@1800
gauntlet/20261002-032719-scrim-b3own/replays/jonters.bling3__Whirlpool__botB.bc24,jonters.bling3,1,B,b3own,1,2000,MORE_FLAG_CAPTURES,2,454,414,7,0,0,0,21,77,0,2470,270,0,14,1060,1213,0,0,48,211,838,261,ATK@600+HEAL@1200+CAP@1800
gauntlet/20261002-032719-scrim-b3own/replays/justinottesen.sprint1__Rivers__botB.bc24,justinottesen.sprint1,0,A,sprint1,0,499,CAPTURE,0,-1,472,2,0,0,0,0,45,0,2550,190,0,6,229,1276,20,0,0,22,15,267,
gauntlet/20261002-032719-scrim-b3own/replays/justinottesen.sprint1__Rivers__botB.bc24,justinottesen.sprint1,1,B,b3own,1,499,CAPTURE,3,401,291,5,0,0,0,26,23,0,2690,230,1,3,1909,725,2,0,73,79,267,15,
gauntlet/20261002-032719-scrim-b3own/replays/justinottesen.sprint1__Joker__botA.bc24,justinottesen.sprint1,1,A,b3own,1,878,CAPTURE,3,391,262,15,0,0,0,179,19,0,12789,377,29,15,1219,685,4,0,252,380,559,99,ATK@600
gauntlet/20261002-032719-scrim-b3own/replays/justinottesen.sprint1__Joker__botA.bc24,justinottesen.sprint1,0,B,sprint1,0,878,CAPTURE,0,-1,556,11,0,0,0,0,31,0,15970,9630,0,2,179,837,102,0,0,106,99,559,ATK@600
gauntlet/20261002-032719-scrim-b3own/replays/justinottesen.sprint1__Hurricane__botB.bc24,justinottesen.sprint1,0,A,sprint1,0,1935,CAPTURE,0,-1,286,27,0,0,0,0,185,6,150,20,0,3,196,803,6,0,0,50,76,1213,ATK@600
gauntlet/20261002-032719-scrim-b3own/replays/justinottesen.sprint1__Hurricane__botB.bc24,justinottesen.sprint1,1,B,b3own,1,1935,CAPTURE,3,971,222,51,0,0,0,192,42,0,1833,272,32,9,1077,325,1,0,40,464,1213,76,ATK@600+HEAL@1200+CAP@1800
gauntlet/20261002-032719-scrim-b3own/replays/justinottesen.sprint1__StarryNight__botA.bc24,justinottesen.sprint1,1,A,b3own,1,707,CAPTURE,3,582,252,10,0,0,0,113,90,0,9961,290,11,28,1293,763,0,0,121,170,408,91,ATK@600
gauntlet/20261002-032719-scrim-b3own/replays/justinottesen.sprint1__StarryNight__botA.bc24,justinottesen.sprint1,0,B,sprint1,0,707,CAPTURE,0,-1,401,2,0,0,0,0,155,34,4550,100,0,9,171,782,85,0,0,96,91,408,ATK@600
gauntlet/20261002-032719-scrim-b3own/replays/quesswho.cretplayer2_3__KingQuacksCastle__botB.bc24,quesswho.cretplayer2_3,0,A,cretplayer2_3,0,1711,CAPTURE,2,677,254,30,0,3,44,0,27,0,3190,1000,0,3,762,553,0,7,73,217,328,1153,ATK@600+HEAL@1200
gauntlet/20261002-032719-scrim-b3own/replays/quesswho.cretplayer2_3__KingQuacksCastle__botB.bc24,quesswho.cretplayer2_3,1,B,b3own,1,1711,CAPTURE,3,759,251,17,0,0,0,68,24,0,1923,272,5,21,1098,1079,1,0,48,255,1153,328,ATK@600+HEAL@1200
gauntlet/20261002-032719-scrim-b3own/replays/kyleezz.jeeryfix3__OceanFloor__botA.bc24,kyleezz.jeeryfix3,1,A,b3own,1,1751,CAPTURE,3,1010,907,7,0,0,0,80,29,0,1339,219,4,0,1149,1410,0,0,42,355,1155,295,ATK@600+HEAL@1200
gauntlet/20261002-032719-scrim-b3own/replays/kyleezz.jeeryfix3__OceanFloor__botA.bc24,kyleezz.jeeryfix3,0,B,jeeryfix3,0,1751,CAPTURE,2,344,231,26,0,0,0,0,79,10,330,100,0,1,1081,670,0,0,36,172,295,1155,ATK@600+CAP@1200
gauntlet/20261002-032719-scrim-b3own/replays/winkelmantanner.waffle__Gauntlet__botB.bc24,winkelmantanner.waffle,0,A,waffle,0,1928,CAPTURE,2,379,276,34,0,0,0,0,31,3,3270,1880,0,5,821,758,0,0,59,245,360,1210,ATK@600+HEAL@1200+CAP@1800
gauntlet/20261002-032719-scrim-b3own/replays/winkelmantanner.waffle__Gauntlet__botB.bc24,winkelmantanner.waffle,1,B,b3own,1,1928,CAPTURE,3,1300,487,13,0,0,0,52,53,0,1873,223,1,0,908,1086,1,0,33,254,1210,360,ATK@600+HEAL@1200+CAP@1800
