file,opp,us,team,name,won,rounds,wintype,captured,firstCapture,firstPickup,pickups,drops,setupFlagPickups,flagMoveDist,digs200,fills200,traps200,crumbs200,crumbs250,level200,defend300,atk400,heal400,expl400,water400,stun400,trapsHit,kills,deaths,upgrades
gauntlet/20261002-220835-scrim-g1sym/losses/CyrilSharma.finalBot__Bunkers__botA.bc24,CyrilSharma.finalBot,1,A,g1sym,0,432,CAPTURE,0,-1,0,0,0,0,0,0,32,35,195,240,6,22,1002,1126,9,0,46,44,69,100,
gauntlet/20261002-220835-scrim-g1sym/losses/CyrilSharma.finalBot__Bunkers__botA.bc24,CyrilSharma.finalBot,0,B,finalBot,1,432,CAPTURE,3,257,217,4,0,0,0,60,7,8,3224,314,12,4,1213,1122,0,0,118,112,100,69,
gauntlet/20261002-220835-scrim-g1sym/losses/ColtG5.Goob_final__Joker__botB.bc24,ColtG5.Goob_final,0,A,Goob_final,1,2000,MORE_FLAG_CAPTURES,2,510,258,8,0,0,0,0,26,0,14620,21370,0,13,937,652,13,0,117,452,536,1237,ATK@600+HEAL@1200+CAP@1800
gauntlet/20261002-220835-scrim-g1sym/losses/ColtG5.Goob_final__Joker__botB.bc24,ColtG5.Goob_final,1,B,g1sym,0,2000,MORE_FLAG_CAPTURES,0,-1,334,2,0,0,0,0,1,116,4050,240,12,11,1051,1233,24,0,172,353,1237,536,ATK@600+HEAL@1200+CAP@1800
gauntlet/20261002-220835-scrim-g1sym/losses/ColtG5.Goob_final__Ambush__botA.bc24,ColtG5.Goob_final,1,A,g1sym,0,1564,CAPTURE,2,235,223,2,0,0,0,0,38,30,170,245,5,5,1325,1470,6,0,54,275,1239,359,ATK@600+HEAL@1200
gauntlet/20261002-220835-scrim-g1sym/losses/ColtG5.Goob_final__Ambush__botA.bc24,ColtG5.Goob_final,0,B,Goob_final,1,1564,CAPTURE,3,336,220,29,0,0,0,0,57,0,2990,910,0,3,1256,921,8,0,76,220,359,1239,ATK@600+HEAL@1200
gauntlet/20261002-220835-scrim-g1sym/losses/ColtG5.Goob_final__Swoop__botB.bc24,ColtG5.Goob_final,0,A,Goob_final,1,1303,CAPTURE,3,269,223,23,0,0,0,0,68,0,4660,50,0,9,1157,895,2,0,65,202,410,685,ATK@600+HEAL@1200
gauntlet/20261002-220835-scrim-g1sym/losses/ColtG5.Goob_final__Swoop__botB.bc24,ColtG5.Goob_final,1,B,g1sym,0,1303,CAPTURE,2,364,230,5,0,0,0,0,63,39,130,290,7,16,1095,1256,12,0,52,180,685,410,ATK@600+HEAL@1200
gauntlet/20261002-220835-scrim-g1sym/losses/ColtG5.Goob_final__Gated__botA.bc24,ColtG5.Goob_final,1,A,g1sym,0,2000,MORE_FLAG_CAPTURES,1,430,360,1,0,0,0,0,32,26,155,285,4,15,1110,1202,4,0,46,207,1136,434,ATK@600+HEAL@1200+CAP@1800
gauntlet/20261002-220835-scrim-g1sym/losses/ColtG5.Goob_final__Gated__botA.bc24,ColtG5.Goob_final,0,B,Goob_final,1,2000,MORE_FLAG_CAPTURES,2,423,235,32,0,0,0,0,37,0,2790,40,0,3,1033,757,0,0,55,261,434,1136,ATK@600+HEAL@1200+CAP@1800
gauntlet/20261002-220835-scrim-g1sym/losses/ColtG5.Goob_final__SteamboatMickey__botB.bc24,ColtG5.Goob_final,0,A,Goob_final,1,2000,MORE_FLAG_CAPTURES,2,362,312,3,0,0,0,0,47,0,8290,12550,0,11,1050,1000,12,0,130,452,417,1017,ATK@600+HEAL@1200+CAP@1800
gauntlet/20261002-220835-scrim-g1sym/losses/ColtG5.Goob_final__SteamboatMickey__botB.bc24,ColtG5.Goob_final,1,B,g1sym,0,2000,MORE_FLAG_CAPTURES,0,-1,371,1,0,0,0,0,5,76,685,305,11,19,1106,1405,24,0,82,251,1017,417,ATK@600+HEAL@1200+CAP@1800
gauntlet/20261002-220835-scrim-g1sym/losses/CyrilSharma.finalBot__Decision__botB.bc24,CyrilSharma.finalBot,0,A,finalBot,1,2000,MORE_FLAG_CAPTURES,2,1168,1034,4,0,0,0,59,26,1,1707,531,11,2,498,669,0,0,47,416,369,302,ATK@600+HEAL@1200+CAP@1800
gauntlet/20261002-220835-scrim-g1sym/losses/CyrilSharma.finalBot__Decision__botB.bc24,CyrilSharma.finalBot,1,B,g1sym,0,2000,MORE_FLAG_CAPTURES,0,-1,697,10,0,0,0,0,79,17,100,245,3,4,406,675,2,0,33,175,302,369,ATK@600+HEAL@1200+CAP@1800
gauntlet/20261002-220835-scrim-g1sym/losses/Gymhgy.v10official__Asteroids__botA.bc24,Gymhgy.v10official,1,A,g1sym,0,409,CAPTURE,0,-1,349,2,0,0,0,0,38,19,185,255,3,2,747,1125,6,0,43,40,25,23,
gauntlet/20261002-220835-scrim-g1sym/losses/Gymhgy.v10official__Asteroids__botA.bc24,Gymhgy.v10official,0,B,v10official,1,409,CAPTURE,3,296,255,31,25,3,12,90,37,3,362,67,18,0,700,1184,11,3,49,48,23,25,
gauntlet/20261002-220835-scrim-g1sym/losses/CyrilSharma.finalBot__OceanFloor__botA.bc24,CyrilSharma.finalBot,1,A,g1sym,0,747,CAPTURE,0,-1,215,2,0,0,0,0,33,25,185,285,4,21,772,980,3,0,42,71,117,178,ATK@600
gauntlet/20261002-220835-scrim-g1sym/losses/CyrilSharma.finalBot__OceanFloor__botA.bc24,CyrilSharma.finalBot,0,B,finalBot,1,747,CAPTURE,3,408,298,11,0,0,0,60,2,3,2465,410,12,4,942,931,0,0,84,172,178,117,ATK@600
gauntlet/20261002-220835-scrim-g1sym/losses/Gymhgy.v10official__Backslash__botA.bc24,Gymhgy.v10official,1,A,g1sym,0,365,CAPTURE,0,-1,291,3,0,0,0,0,178,15,140,185,2,5,647,730,5,0,110,98,36,15,
gauntlet/20261002-220835-scrim-g1sym/losses/Gymhgy.v10official__Backslash__botA.bc24,Gymhgy.v10official,0,B,v10official,1,365,CAPTURE,3,288,268,27,21,3,38,61,103,3,2695,7949,12,0,495,872,68,3,67,39,15,36,
gauntlet/20261002-220835-scrim-g1sym/losses/CyrilSharma.finalBot__EvilGrin__botB.bc24,CyrilSharma.finalBot,0,A,finalBot,1,2000,MORE_FLAG_CAPTURES,2,427,219,6,0,0,0,60,33,0,2363,4309,12,4,1094,1114,0,0,150,702,787,624,ATK@600+HEAL@1200+CAP@1800
gauntlet/20261002-220835-scrim-g1sym/losses/CyrilSharma.finalBot__EvilGrin__botB.bc24,CyrilSharma.finalBot,1,B,g1sym,0,2000,MORE_FLAG_CAPTURES,0,-1,0,0,0,0,0,0,47,22,188,188,3,10,1004,1161,10,0,33,204,624,787,ATK@600+HEAL@1200+CAP@1800
gauntlet/20261002-220835-scrim-g1sym/losses/Gymhgy.v10official__Decision__botB.bc24,Gymhgy.v10official,0,A,v10official,1,602,CAPTURE,3,376,286,63,49,3,12,90,70,2,560,70,18,0,775,1369,0,2,29,51,59,32,ATK@600
gauntlet/20261002-220835-scrim-g1sym/losses/Gymhgy.v10official__Decision__botB.bc24,Gymhgy.v10official,1,B,g1sym,0,602,CAPTURE,1,442,314,9,0,0,0,0,83,16,75,190,2,8,799,1070,2,0,25,36,32,59,ATK@600
gauntlet/20261002-220835-scrim-g1sym/losses/CyrilSharma.finalBot__Whirlpool__botA.bc24,CyrilSharma.finalBot,1,A,g1sym,0,2000,MORE_FLAG_CAPTURES,0,-1,0,0,0,0,0,0,80,23,125,305,4,15,848,1016,5,0,35,197,700,524,ATK@600+HEAL@1200+CAP@1800
gauntlet/20261002-220835-scrim-g1sym/losses/CyrilSharma.finalBot__Whirlpool__botA.bc24,CyrilSharma.finalBot,0,B,finalBot,1,2000,MORE_FLAG_CAPTURES,2,402,295,36,0,0,0,45,64,0,2488,3971,8,6,882,1088,0,0,113,440,524,700,ATK@600+HEAL@1200+CAP@1800
gauntlet/20261002-220835-scrim-g1sym/losses/IvanGeffner.kuma__Occulus__botA.bc24,IvanGeffner.kuma,1,A,g1sym,0,556,CAPTURE,0,-1,0,0,0,0,0,0,15,35,115,285,6,32,949,1281,4,0,49,52,65,196,
gauntlet/20261002-220835-scrim-g1sym/losses/IvanGeffner.kuma__Occulus__botA.bc24,IvanGeffner.kuma,0,B,kuma,1,556,CAPTURE,3,363,288,18,8,0,0,90,10,2,2345,3815,18,6,1311,1197,8,0,133,146,196,65,
gauntlet/20261002-220835-scrim-g1sym/losses/Gymhgy.v10official__CH3353C4K3F4CT0RY__botA.bc24,Gymhgy.v10official,1,A,g1sym,0,2000,MORE_FLAG_CAPTURES,1,364,300,3,0,0,0,0,17,111,2685,285,12,18,1047,1349,24,0,126,327,737,384,ATK@600+HEAL@1200+CAP@1800
gauntlet/20261002-220835-scrim-g1sym/losses/Gymhgy.v10official__CH3353C4K3F4CT0RY__botA.bc24,Gymhgy.v10official,0,B,v10official,1,2000,MORE_FLAG_CAPTURES,2,387,280,88,42,3,21,90,6,3,13465,8365,18,0,985,1446,37,3,128,452,384,737,ATK@600+HEAL@1200+CAP@1800
gauntlet/20261002-220835-scrim-g1sym/losses/Gymhgy.v10official__DefaultLarge__botB.bc24,Gymhgy.v10official,0,A,v10official,1,852,CAPTURE,3,372,299,59,50,3,13,90,42,0,1494,24,18,1,1007,1597,4,0,78,150,166,105,ATK@600
gauntlet/20261002-220835-scrim-g1sym/losses/Gymhgy.v10official__DefaultLarge__botB.bc24,Gymhgy.v10official,1,B,g1sym,0,852,CAPTURE,1,529,372,9,0,0,0,0,42,25,180,130,3,21,960,1403,8,0,55,99,105,166,ATK@600
gauntlet/20261002-220835-scrim-g1sym/losses/Gymhgy.v10official__Klein__botB.bc24,Gymhgy.v10official,0,A,v10official,1,1799,CAPTURE,3,334,326,38,17,3,28,51,151,0,4512,1891,10,1,949,1539,2,0,53,243,282,342,ATK@600+HEAL@1200
gauntlet/20261002-220835-scrim-g1sym/losses/Gymhgy.v10official__Klein__botB.bc24,Gymhgy.v10official,1,B,g1sym,0,1799,CAPTURE,0,-1,446,11,0,0,0,0,99,47,150,220,8,22,988,1379,14,0,46,187,342,282,ATK@600+HEAL@1200
gauntlet/20261002-220835-scrim-g1sym/losses/IvanGeffner.kuma__Backslash__botA.bc24,IvanGeffner.kuma,1,A,g1sym,0,1225,CAPTURE,1,297,247,1,0,0,0,0,175,15,110,280,2,9,866,1233,21,0,94,190,265,497,ATK@600+HEAL@1200
gauntlet/20261002-220835-scrim-g1sym/losses/IvanGeffner.kuma__Backslash__botA.bc24,IvanGeffner.kuma,0,B,kuma,1,1225,CAPTURE,3,341,239,48,30,0,0,89,149,0,1385,2397,17,2,1075,1221,12,0,150,438,497,265,ATK@600+HEAL@1200
gauntlet/20261002-220835-scrim-g1sym/losses/IvanGeffner.kuma__Swoop__botA.bc24,IvanGeffner.kuma,1,A,g1sym,0,621,CAPTURE,0,-1,266,1,0,0,0,0,51,43,155,225,7,0,1007,1317,12,0,50,81,79,166,ATK@600
gauntlet/20261002-220835-scrim-g1sym/losses/IvanGeffner.kuma__Swoop__botA.bc24,IvanGeffner.kuma,0,B,kuma,1,621,CAPTURE,3,333,263,31,18,0,0,90,73,1,2970,1070,18,4,1220,1303,5,0,97,132,166,79,ATK@600
gauntlet/20261002-220835-scrim-g1sym/losses/IvanGeffner.kuma__Racetrack__botA.bc24,IvanGeffner.kuma,1,A,g1sym,0,1326,CAPTURE,1,428,342,8,0,0,0,0,67,2,90,170,0,3,860,1311,1,0,16,104,285,404,ATK@600+HEAL@1200
gauntlet/20261002-220835-scrim-g1sym/losses/IvanGeffner.kuma__Racetrack__botA.bc24,IvanGeffner.kuma,0,B,kuma,1,1326,CAPTURE,3,542,485,34,16,0,0,58,59,0,13,10,10,34,810,1142,0,0,0,135,404,285,ATK@600+HEAL@1200
gauntlet/20261002-220835-scrim-g1sym/losses/NotLLeon.v3__Backslash__botB.bc24,NotLLeon.v3,0,A,v3,1,821,CAPTURE,3,269,243,47,10,0,0,0,121,0,2170,6430,0,14,948,839,0,0,130,171,164,238,ATK@600
gauntlet/20261002-220835-scrim-g1sym/losses/NotLLeon.v3__Backslash__botB.bc24,NotLLeon.v3,1,B,g1sym,0,821,CAPTURE,0,-1,244,11,0,0,0,0,169,16,195,225,2,0,836,1073,21,0,96,142,238,164,ATK@600
gauntlet/20261002-220835-scrim-g1sym/losses/NotLLeon.v3__ORV__botA.bc24,NotLLeon.v3,1,A,g1sym,0,529,CAPTURE,0,-1,231,3,0,0,0,0,39,37,153,273,7,3,900,1178,14,0,59,64,92,87,
gauntlet/20261002-220835-scrim-g1sym/losses/NotLLeon.v3__ORV__botA.bc24,NotLLeon.v3,0,B,v3,1,529,CAPTURE,3,316,271,20,3,0,0,0,23,0,4910,3840,0,21,1062,1055,0,0,100,106,87,92,
gauntlet/20261002-220835-scrim-g1sym/losses/NotLLeon.v3__Backslash__botA.bc24,NotLLeon.v3,1,A,g1sym,0,1625,CAPTURE,0,-1,230,8,0,0,0,0,156,19,155,250,3,1,817,1086,9,0,108,231,521,550,ATK@600+HEAL@1200
gauntlet/20261002-220835-scrim-g1sym/losses/NotLLeon.v3__Backslash__botA.bc24,NotLLeon.v3,0,B,v3,1,1625,CAPTURE,3,313,249,54,14,0,0,0,133,0,1710,8550,0,6,907,989,0,0,140,383,550,521,ATK@600+HEAL@1200
gauntlet/20261002-220835-scrim-g1sym/losses/NotLLeon.v3__Pancakes__botB.bc24,NotLLeon.v3,0,A,v3,1,421,CAPTURE,3,318,272,14,8,0,0,0,13,0,2010,480,0,6,1050,1202,0,0,69,70,60,37,
gauntlet/20261002-220835-scrim-g1sym/losses/NotLLeon.v3__Pancakes__botB.bc24,NotLLeon.v3,1,B,g1sym,0,421,CAPTURE,1,283,237,7,0,0,0,0,15,18,160,130,2,0,841,1211,6,0,49,38,37,60,
gauntlet/20261002-220835-scrim-g1sym/losses/NotLLeon.v3__Gated__botB.bc24,NotLLeon.v3,0,A,v3,1,2000,MORE_FLAG_CAPTURES,2,359,289,13,5,0,0,0,22,0,3240,1590,0,9,863,904,0,0,52,240,419,449,ATK@600+HEAL@1200+CAP@1800
gauntlet/20261002-220835-scrim-g1sym/losses/NotLLeon.v3__Gated__botB.bc24,NotLLeon.v3,1,B,g1sym,0,2000,MORE_FLAG_CAPTURES,0,-1,237,4,0,0,0,0,30,27,170,195,4,4,798,1105,8,0,47,174,449,419,ATK@600+HEAL@1200+CAP@1800
gauntlet/20261002-220835-scrim-g1sym/losses/NotLLeon.v3__Waterworld__botB.bc24,NotLLeon.v3,0,A,v3,1,1631,CAPTURE,3,860,287,56,4,0,0,0,281,0,1570,1380,0,7,808,944,0,0,56,217,346,582,ATK@600+HEAL@1200
gauntlet/20261002-220835-scrim-g1sym/losses/NotLLeon.v3__Waterworld__botB.bc24,NotLLeon.v3,1,B,g1sym,0,1631,CAPTURE,1,922,293,13,0,0,0,0,278,63,360,60,11,14,892,1222,25,0,95,229,582,346,ATK@600+HEAL@1200
gauntlet/20261002-220835-scrim-g1sym/losses/SampleProvider.TSPAARKSPRINT1__Soccer__botB.bc24,SampleProvider.TSPAARKSPRINT1,0,A,TSPAARKSPRINT1,1,656,CAPTURE,3,459,269,43,0,3,38,0,48,2,3760,220,0,13,568,1431,7,23,6,37,35,150,ATK@600
gauntlet/20261002-220835-scrim-g1sym/losses/SampleProvider.TSPAARKSPRINT1__Soccer__botB.bc24,SampleProvider.TSPAARKSPRINT1,1,B,g1sym,0,656,CAPTURE,1,568,291,7,0,0,0,0,20,38,165,170,7,4,1093,1045,12,0,47,80,150,35,ATK@600
gauntlet/20261002-220835-scrim-g1sym/losses/SampleProvider.TSPAARKSPRINT1__Foxes__botB.bc24,SampleProvider.TSPAARKSPRINT1,0,A,TSPAARKSPRINT1,1,1444,CAPTURE,3,503,247,55,0,3,46,0,30,2,8800,3440,0,8,418,853,31,30,3,93,152,287,ATK@600+CAP@1200
gauntlet/20261002-220835-scrim-g1sym/losses/SampleProvider.TSPAARKSPRINT1__Foxes__botB.bc24,SampleProvider.TSPAARKSPRINT1,1,B,g1sym,0,1444,CAPTURE,1,606,264,17,0,0,0,0,16,77,615,285,12,3,560,786,24,0,78,222,287,152,ATK@600+HEAL@1200
gauntlet/20261002-220835-scrim-g1sym/losses/SampleProvider.TSPAARKSPRINT1__WheresMyWater__botA.bc24,SampleProvider.TSPAARKSPRINT1,1,A,g1sym,0,1098,CAPTURE,1,222,216,14,0,0,0,0,49,32,180,245,6,15,1300,1062,8,0,66,184,330,91,ATK@600
gauntlet/20261002-220835-scrim-g1sym/losses/SampleProvider.TSPAARKSPRINT1__WheresMyWater__botA.bc24,SampleProvider.TSPAARKSPRINT1,0,B,TSPAARKSPRINT1,1,1098,CAPTURE,3,349,233,60,0,3,22,0,171,2,70,50,0,3,649,1768,4,14,0,32,91,330,ATK@600
gauntlet/20261002-220835-scrim-g1sym/losses/SampleProvider.TSPAARKSPRINT1__Snake__botB.bc24,SampleProvider.TSPAARKSPRINT1,0,A,TSPAARKSPRINT1,1,2000,MORE_FLAG_CAPTURES,2,927,293,9,0,3,49,0,204,2,9180,15820,0,11,504,1211,41,23,3,193,237,517,ATK@600+CAP@1200+HEAL@1800
gauntlet/20261002-220835-scrim-g1sym/losses/SampleProvider.TSPAARKSPRINT1__Snake__botB.bc24,SampleProvider.TSPAARKSPRINT1,1,B,g1sym,0,2000,MORE_FLAG_CAPTURES,0,-1,229,40,0,0,0,0,191,80,655,30,12,2,852,987,24,0,275,458,517,237,ATK@600+HEAL@1200+CAP@1800
gauntlet/20261002-220835-scrim-g1sym/losses/Strequals.duck0127v5__Canals__botA.bc24,Strequals.duck0127v5,1,A,g1sym,0,1132,CAPTURE,0,-1,0,0,0,0,0,0,0,60,235,260,10,20,846,1403,17,0,61,141,168,484,ATK@600
gauntlet/20261002-220835-scrim-g1sym/losses/Strequals.duck0127v5__Canals__botA.bc24,Strequals.duck0127v5,0,B,duck0127v5,1,1132,CAPTURE,3,634,511,21,0,0,0,90,74,2,3395,2985,18,3,1006,1395,0,3,87,411,484,168,ATK@600
gauntlet/20261002-220835-scrim-g1sym/losses/andli28.v9_USQuals_angle__EvilGrin__botB.bc24,andli28.v9_USQuals_angle,0,A,v9_USQuals_angle,1,919,CAPTURE,3,353,302,13,0,0,0,89,25,5,1969,4609,18,4,1028,1045,16,3,117,294,272,144,ATK@600
gauntlet/20261002-220835-scrim-g1sym/losses/andli28.v9_USQuals_angle__EvilGrin__botB.bc24,andli28.v9_USQuals_angle,1,B,g1sym,0,919,CAPTURE,0,-1,0,0,0,0,0,0,43,24,148,238,4,20,995,1449,7,0,34,86,144,272,ATK@600
gauntlet/20261002-220835-scrim-g1sym/losses/Strequals.duck0127v5__Divergent__botB.bc24,Strequals.duck0127v5,0,A,duck0127v5,1,2000,MORE_FLAG_CAPTURES,2,557,348,16,0,0,0,90,19,1,3773,2598,18,3,791,895,0,1,76,199,346,199,ATK@600+HEAL@1200+CAP@1800
gauntlet/20261002-220835-scrim-g1sym/losses/Strequals.duck0127v5__Divergent__botB.bc24,Strequals.duck0127v5,1,B,g1sym,0,2000,MORE_FLAG_CAPTURES,1,1189,311,21,0,0,0,0,31,40,235,285,6,20,539,1164,11,0,46,190,199,346,ATK@600+HEAL@1200+CAP@1800
gauntlet/20261002-220835-scrim-g1sym/losses/Strequals.duck0127v5__MIT__botB.bc24,Strequals.duck0127v5,0,A,duck0127v5,1,799,CAPTURE,3,406,275,9,0,0,0,90,77,16,5276,32126,18,10,797,973,0,2,105,195,107,123,ATK@600
gauntlet/20261002-220835-scrim-g1sym/losses/Strequals.duck0127v5__MIT__botB.bc24,Strequals.duck0127v5,1,B,g1sym,0,799,CAPTURE,1,581,323,4,0,0,0,0,38,62,705,438,10,21,813,1013,24,0,192,205,123,107,ATK@600
gauntlet/20261002-220835-scrim-g1sym/losses/andli28.v9_USQuals_angle__Canals__botA.bc24,andli28.v9_USQuals_angle,1,A,g1sym,0,1692,CAPTURE,0,-1,0,0,0,0,0,0,0,63,170,250,11,25,817,1322,15,0,63,209,293,844,ATK@600+HEAL@1200
gauntlet/20261002-220835-scrim-g1sym/losses/andli28.v9_USQuals_angle__Canals__botA.bc24,andli28.v9_USQuals_angle,0,B,v9_USQuals_angle,1,1692,CAPTURE,3,703,437,40,0,0,0,87,0,4,5381,4730,17,4,931,1276,12,2,89,563,844,293,ATK@600+HEAL@1200
gauntlet/20261002-220835-scrim-g1sym/losses/Strequals.duck0127v5__Rainbow__botA.bc24,Strequals.duck0127v5,1,A,g1sym,0,2000,MORE_FLAG_CAPTURES,0,-1,294,9,0,0,0,0,52,56,145,185,10,0,692,1179,19,0,56,226,317,628,ATK@600+HEAL@1200+CAP@1800
gauntlet/20261002-220835-scrim-g1sym/losses/Strequals.duck0127v5__Rainbow__botA.bc24,Strequals.duck0127v5,0,B,duck0127v5,1,2000,MORE_FLAG_CAPTURES,2,386,279,24,0,0,0,90,36,12,5694,3509,18,5,984,1138,0,2,128,443,628,317,ATK@600+HEAL@1200+CAP@1800
gauntlet/20261002-220835-scrim-g1sym/losses/Strequals.duck0127v5__MazeRunner__botA.bc24,Strequals.duck0127v5,1,A,g1sym,0,2000,MORE_FLAG_CAPTURES,1,1512,275,13,0,0,0,0,72,22,40,145,3,3,635,1145,12,0,44,193,241,422,ATK@600+HEAL@1200+CAP@1800
gauntlet/20261002-220835-scrim-g1sym/losses/Strequals.duck0127v5__MazeRunner__botA.bc24,Strequals.duck0127v5,0,B,duck0127v5,1,2000,MORE_FLAG_CAPTURES,2,544,399,11,0,0,0,90,42,3,2582,4522,18,2,795,1081,0,3,56,341,422,241,ATK@600+HEAL@1200+CAP@1800
gauntlet/20261002-220835-scrim-g1sym/losses/andli28.v9_USQuals_angle__HeMustBeFreed__botB.bc24,andli28.v9_USQuals_angle,0,A,v9_USQuals_angle,1,1821,CAPTURE,3,416,308,30,0,0,0,85,88,6,582,3177,17,3,601,717,9,3,54,425,508,280,ATK@600+HEAL@1200+CAP@1800
gauntlet/20261002-220835-scrim-g1sym/losses/andli28.v9_USQuals_angle__HeMustBeFreed__botB.bc24,andli28.v9_USQuals_angle,1,B,g1sym,0,1821,CAPTURE,1,1804,1029,4,0,0,0,0,87,20,120,40,3,7,456,682,10,0,39,161,280,508,ATK@600+HEAL@1200+CAP@1800
gauntlet/20261002-220835-scrim-g1sym/losses/andli28.v9_USQuals_angle__Valentine__botA.bc24,andli28.v9_USQuals_angle,1,A,g1sym,0,2000,MORE_FLAG_CAPTURES,0,-1,0,0,0,0,0,0,0,37,205,215,5,4,826,1377,7,0,55,197,308,539,ATK@600+HEAL@1200+CAP@1800
gauntlet/20261002-220835-scrim-g1sym/losses/andli28.v9_USQuals_angle__Valentine__botA.bc24,andli28.v9_USQuals_angle,0,B,v9_USQuals_angle,1,2000,MORE_FLAG_CAPTURES,2,757,416,13,0,0,0,90,0,6,2445,4010,18,3,982,1330,9,3,82,496,539,308,ATK@600+HEAL@1200+CAP@1800
gauntlet/20261002-220835-scrim-g1sym/losses/andrewgopher.player22__StackGame__botB.bc24,andrewgopher.player22,0,A,player22,1,401,CAPTURE,3,304,267,12,0,3,0,0,49,0,5530,30,0,3,1399,814,0,0,93,61,76,99,
gauntlet/20261002-220835-scrim-g1sym/losses/andrewgopher.player22__StackGame__botB.bc24,andrewgopher.player22,1,B,g1sym,0,401,CAPTURE,0,-1,0,0,0,0,0,0,32,51,140,280,9,0,1041,1659,14,0,57,54,99,76,
gauntlet/20261002-220835-scrim-g1sym/losses/andrewgopher.player22__ORV__botA.bc24,andrewgopher.player22,1,A,g1sym,0,509,CAPTURE,0,-1,0,0,0,0,0,0,32,36,145,300,6,16,973,1531,16,0,51,60,144,124,
gauntlet/20261002-220835-scrim-g1sym/losses/andrewgopher.player22__ORV__botA.bc24,andrewgopher.player22,0,B,player22,1,509,CAPTURE,3,297,255,7,0,3,0,0,60,0,3800,1400,0,3,1306,663,5,0,91,92,124,144,
gauntlet/20261002-220835-scrim-g1sym/losses/andrewgopher.player22__Mountain__botA.bc24,andrewgopher.player22,1,A,g1sym,0,2000,MORE_FLAG_CAPTURES,0,-1,307,4,0,0,0,0,33,44,170,230,8,23,991,1355,14,0,62,246,993,804,ATK@600+HEAL@1200+CAP@1800
gauntlet/20261002-220835-scrim-g1sym/losses/andrewgopher.player22__Mountain__botA.bc24,andrewgopher.player22,0,B,player22,1,2000,MORE_FLAG_CAPTURES,2,1025,635,32,0,3,0,0,40,0,5300,6910,0,4,986,880,1,0,38,316,804,993,ATK@600+HEAL@1200+CAP@1800
gauntlet/20261002-220835-scrim-g1sym/losses/andrewgopher.player22__Digging__botB.bc24,andrewgopher.player22,0,A,player22,1,1808,CAPTURE,3,331,270,19,0,3,0,0,25,0,2350,120,0,5,1357,883,0,0,64,393,1057,896,ATK@600+HEAL@1200+CAP@1800
gauntlet/20261002-220835-scrim-g1sym/losses/andrewgopher.player22__Digging__botB.bc24,andrewgopher.player22,1,B,g1sym,0,1808,CAPTURE,0,-1,0,0,0,0,0,0,13,26,185,295,5,0,1024,1436,1,0,49,205,896,1057,ATK@600+HEAL@1200+CAP@1800
gauntlet/20261002-220835-scrim-g1sym/losses/andrewgopher.player22__TwistedTreeline__botB.bc24,andrewgopher.player22,0,A,player22,1,1324,CAPTURE,3,300,260,17,3,3,0,0,67,0,2790,60,0,6,1213,623,5,0,46,168,358,534,ATK@600+HEAL@1200
gauntlet/20261002-220835-scrim-g1sym/losses/andrewgopher.player22__TwistedTreeline__botB.bc24,andrewgopher.player22,1,B,g1sym,0,1324,CAPTURE,1,1292,684,8,0,0,0,0,66,22,200,290,4,2,905,1297,6,0,39,160,534,358,ATK@600+HEAL@1200
gauntlet/20261002-220835-scrim-g1sym/losses/chenyx512.flagbot_final__AceOfSpades__botB.bc24,chenyx512.flagbot_final,0,A,flagbot_final,1,670,CAPTURE,3,290,230,10,0,3,27,90,90,0,235,14100,18,15,1211,1475,0,0,252,304,242,33,ATK@600
gauntlet/20261002-220835-scrim-g1sym/losses/chenyx512.flagbot_final__AceOfSpades__botB.bc24,chenyx512.flagbot_final,1,B,g1sym,0,670,CAPTURE,0,-1,264,5,0,0,0,0,8,32,185,280,5,0,819,1164,9,0,58,85,33,242,ATK@600
gauntlet/20261002-220835-scrim-g1sym/losses/chenyx512.flagbot_final__Racetrack__botA.bc24,chenyx512.flagbot_final,1,A,g1sym,0,1026,CAPTURE,0,-1,0,0,0,0,0,0,64,2,180,170,0,18,1009,1674,1,0,19,67,101,383,ATK@600
gauntlet/20261002-220835-scrim-g1sym/losses/chenyx512.flagbot_final__Racetrack__botA.bc24,chenyx512.flagbot_final,0,B,flagbot_final,1,1026,CAPTURE,3,485,410,29,0,3,25,41,58,0,17,79,6,3,1085,1862,0,0,4,167,383,101,ATK@600
gauntlet/20261002-220835-scrim-g1sym/losses/chenyx512.flagbot_final__Skyline__botB.bc24,chenyx512.flagbot_final,0,A,flagbot_final,1,1963,CAPTURE,3,524,447,13,0,3,56,90,265,5,14509,12499,18,9,924,1568,0,0,201,763,849,377,ATK@600+HEAL@1200+CAP@1800
gauntlet/20261002-220835-scrim-g1sym/losses/chenyx512.flagbot_final__Skyline__botB.bc24,chenyx512.flagbot_final,1,B,g1sym,0,1963,CAPTURE,1,394,248,6,0,0,0,0,98,102,9200,290,9,4,882,1239,24,0,189,378,377,849,ATK@600+HEAL@1200+CAP@1800
gauntlet/20261002-220835-scrim-g1sym/losses/chenyx512.flagbot_final__Divergent__botB.bc24,chenyx512.flagbot_final,0,A,flagbot_final,1,2000,MORE_FLAG_CAPTURES,2,523,424,14,0,3,36,90,151,0,453,63,18,3,868,1337,0,0,49,541,948,223,ATK@600+HEAL@1200+CAP@1800
gauntlet/20261002-220835-scrim-g1sym/losses/chenyx512.flagbot_final__Divergent__botB.bc24,chenyx512.flagbot_final,1,B,g1sym,0,2000,MORE_FLAG_CAPTURES,0,-1,242,11,0,0,0,0,30,44,180,300,8,11,738,1318,14,0,48,196,223,948,ATK@600+HEAL@1200+CAP@1800
gauntlet/20261002-220835-scrim-g1sym/losses/chenyx512.flagbot_final__Swoop__botA.bc24,chenyx512.flagbot_final,1,A,g1sym,0,674,CAPTURE,0,-1,246,15,0,0,0,0,54,40,125,290,6,15,887,1446,14,0,44,82,19,142,ATK@600
gauntlet/20261002-220835-scrim-g1sym/losses/chenyx512.flagbot_final__Swoop__botA.bc24,chenyx512.flagbot_final,0,B,flagbot_final,1,674,CAPTURE,3,446,403,8,0,3,28,90,162,2,388,23,18,21,1098,1698,0,0,36,91,142,19,ATK@600
gauntlet/20261002-220835-scrim-g1sym/losses/chenyx512.flagbot_final__Tunnels__botB.bc24,chenyx512.flagbot_final,0,A,flagbot_final,1,2000,MORE_FLAG_CAPTURES,1,947,907,67,0,3,21,90,122,0,36,500,18,3,681,1223,0,0,24,472,711,403,ATK@600+HEAL@1200+CAP@1800
gauntlet/20261002-220835-scrim-g1sym/losses/chenyx512.flagbot_final__Tunnels__botB.bc24,chenyx512.flagbot_final,1,B,g1sym,0,2000,MORE_FLAG_CAPTURES,0,-1,1050,1,0,0,0,0,63,24,145,215,4,18,773,1269,5,0,44,198,403,711,ATK@600+HEAL@1200+CAP@1800
gauntlet/20261002-220835-scrim-g1sym/losses/clbarrell.duck8__AceOfSpades__botB.bc24,clbarrell.duck8,0,A,duck8,1,729,CAPTURE,3,299,226,10,0,0,0,0,16,29,160,11070,2,10,938,931,7,0,206,242,89,257,
gauntlet/20261002-220835-scrim-g1sym/losses/clbarrell.duck8__AceOfSpades__botB.bc24,clbarrell.duck8,1,B,g1sym,0,729,CAPTURE,2,286,250,4,0,0,0,0,7,32,175,265,5,0,1064,1343,10,0,55,92,257,89,ATK@600
gauntlet/20261002-220835-scrim-g1sym/losses/hsmalladi.finalbot__AceOfSpades__botA.bc24,hsmalladi.finalbot,1,A,g1sym,0,343,CAPTURE,0,-1,0,0,0,0,0,0,12,33,165,275,6,0,524,720,8,0,42,32,27,67,
gauntlet/20261002-220835-scrim-g1sym/losses/hsmalladi.finalbot__AceOfSpades__botA.bc24,hsmalladi.finalbot,0,B,finalbot,1,343,CAPTURE,3,299,242,9,0,3,8,60,22,0,2618,8628,12,4,835,600,17,3,206,177,67,27,
gauntlet/20261002-220835-scrim-g1sym/losses/hsmalladi.finalbot__ORV__botB.bc24,hsmalladi.finalbot,0,A,finalbot,1,367,CAPTURE,3,293,244,20,4,3,26,60,57,0,3025,105,12,3,853,842,8,2,87,91,47,38,
gauntlet/20261002-220835-scrim-g1sym/losses/hsmalladi.finalbot__ORV__botB.bc24,hsmalladi.finalbot,1,B,g1sym,0,367,CAPTURE,0,-1,275,2,0,0,0,0,34,37,190,275,7,6,739,1022,10,0,45,27,38,47,
gauntlet/20261002-220835-scrim-g1sym/losses/dmtrung14.defaultplayer_intlqualifier__KingQuacksCastle__botB.bc24,dmtrung14.defaultplayer_intlqualifier,0,A,defaultplayer_intlqualifier,1,2000,MORE_FLAG_CAPTURES,2,275,238,30,20,3,16,0,34,9,1480,300,0,7,447,925,6,28,9,58,28,311,ATK@600+HEAL@1200+CAP@1800
gauntlet/20261002-220835-scrim-g1sym/losses/dmtrung14.defaultplayer_intlqualifier__KingQuacksCastle__botB.bc24,dmtrung14.defaultplayer_intlqualifier,1,B,g1sym,0,2000,MORE_FLAG_CAPTURES,0,-1,243,1,0,0,0,0,30,28,145,215,4,2,1342,666,3,0,38,74,311,28,ATK@600+HEAL@1200+CAP@1800
gauntlet/20261002-220835-scrim-g1sym/losses/clbarrell.duck8__GaltonBoard__botB.bc24,clbarrell.duck8,0,A,duck8,1,2000,MORE_FLAG_CAPTURES,1,343,317,7,0,0,0,0,3,22,50,28653,3,9,986,1172,1,0,178,503,562,1016,ATK@750+HEAL@1500
gauntlet/20261002-220835-scrim-g1sym/losses/clbarrell.duck8__GaltonBoard__botB.bc24,clbarrell.duck8,1,B,g1sym,0,2000,MORE_FLAG_CAPTURES,0,-1,0,0,0,0,0,0,12,19,120,230,3,34,1090,1266,1,0,38,189,1016,562,ATK@600+HEAL@1200+CAP@1800
gauntlet/20261002-220835-scrim-g1sym/losses/hsmalladi.finalbot__HeMustBeFreed__botB.bc24,hsmalladi.finalbot,0,A,finalbot,1,1148,CAPTURE,3,405,284,28,13,3,22,40,188,0,2014,5154,8,0,566,594,13,3,100,197,155,128,ATK@600
gauntlet/20261002-220835-scrim-g1sym/losses/hsmalladi.finalbot__HeMustBeFreed__botB.bc24,hsmalladi.finalbot,1,B,g1sym,0,1148,CAPTURE,0,-1,734,6,0,0,0,0,116,15,60,50,2,0,431,657,3,0,22,64,128,155,ATK@600
gauntlet/20261002-220835-scrim-g1sym/losses/hsmalladi.finalbot__WheresMyWater__botA.bc24,hsmalladi.finalbot,1,A,g1sym,0,911,CAPTURE,2,326,306,3,0,0,0,0,59,26,200,210,4,1,947,1346,10,0,36,95,296,231,ATK@600
gauntlet/20261002-220835-scrim-g1sym/losses/hsmalladi.finalbot__WheresMyWater__botA.bc24,hsmalladi.finalbot,0,B,finalbot,1,911,CAPTURE,3,245,219,38,8,3,14,21,79,8,1636,36,4,1,1111,786,0,3,70,152,231,296,ATK@600
gauntlet/20261002-220835-scrim-g1sym/losses/jmerle.camel_case_v21_final__Battlecode24__botA.bc24,jmerle.camel_case_v21_final,1,A,g1sym,0,575,CAPTURE,0,-1,452,3,0,0,0,0,61,92,2585,265,12,5,616,817,24,0,124,148,139,165,
gauntlet/20261002-220835-scrim-g1sym/losses/jmerle.camel_case_v21_final__Battlecode24__botA.bc24,jmerle.camel_case_v21_final,0,B,camel_case_v21_final,1,575,CAPTURE,3,388,283,6,0,0,0,0,100,0,9000,19480,0,1,1104,317,0,0,258,338,165,139,
gauntlet/20261002-220835-scrim-g1sym/losses/hsmalladi.finalbot__WheresMyWater__botB.bc24,hsmalladi.finalbot,0,A,finalbot,1,1144,CAPTURE,3,255,235,73,12,3,25,35,79,7,1728,143,6,1,1107,887,4,2,66,174,348,438,ATK@600
gauntlet/20261002-220835-scrim-g1sym/losses/hsmalladi.finalbot__WheresMyWater__botB.bc24,hsmalladi.finalbot,1,B,g1sym,0,1144,CAPTURE,1,608,582,1,0,0,0,0,58,28,160,230,4,0,996,1363,9,0,43,165,438,348,ATK@600
gauntlet/20261002-220835-scrim-g1sym/losses/jmerle.camel_case_v21_final__Fountain__botA.bc24,jmerle.camel_case_v21_final,1,A,g1sym,0,646,CAPTURE,1,417,265,7,0,0,0,0,39,21,140,230,4,4,938,1465,9,0,29,54,258,138,ATK@600
gauntlet/20261002-220835-scrim-g1sym/losses/jmerle.camel_case_v21_final__Fountain__botA.bc24,jmerle.camel_case_v21_final,0,B,camel_case_v21_final,1,646,CAPTURE,3,282,244,20,0,0,0,0,23,0,3010,30,0,2,1171,391,0,0,33,54,138,258,ATK@600
gauntlet/20261002-220835-scrim-g1sym/losses/jmerle.camel_case_v21_final__StackGame__botA.bc24,jmerle.camel_case_v21_final,1,A,g1sym,0,389,CAPTURE,0,-1,232,2,0,0,0,0,34,50,150,250,9,17,775,1291,14,0,54,54,79,87,
gauntlet/20261002-220835-scrim-g1sym/losses/jmerle.camel_case_v21_final__StackGame__botA.bc24,jmerle.camel_case_v21_final,0,B,camel_case_v21_final,1,389,CAPTURE,3,287,236,6,0,0,0,0,26,2,6020,2300,0,6,1301,526,0,0,102,90,87,79,
gauntlet/20261002-220835-scrim-g1sym/losses/jmerle.camel_case_v21_final__Canals__botA.bc24,jmerle.camel_case_v21_final,1,A,g1sym,0,1115,CAPTURE,0,-1,0,0,0,0,0,0,0,60,160,290,10,4,780,1111,17,0,60,140,456,465,ATK@600
gauntlet/20261002-220835-scrim-g1sym/losses/jmerle.camel_case_v21_final__Canals__botA.bc24,jmerle.camel_case_v21_final,0,B,camel_case_v21_final,1,1115,CAPTURE,3,300,252,22,0,0,0,0,0,0,7000,2880,0,11,1366,468,0,0,117,289,465,456,ATK@600
gauntlet/20261002-220835-scrim-g1sym/losses/jmerle.camel_case_v21_final__YearOfTheDragon__botA.bc24,jmerle.camel_case_v21_final,1,A,g1sym,0,476,CAPTURE,0,-1,235,3,0,0,0,0,7,109,660,250,11,22,749,985,24,0,111,120,113,120,
gauntlet/20261002-220835-scrim-g1sym/losses/jmerle.camel_case_v21_final__YearOfTheDragon__botA.bc24,jmerle.camel_case_v21_final,0,B,camel_case_v21_final,1,476,CAPTURE,3,366,236,10,0,0,0,0,9,7,12230,5970,0,1,1154,379,0,0,172,178,120,113,
gauntlet/20261002-220835-scrim-g1sym/losses/jmerle.camel_case_v21_final__Swoop__botA.bc24,jmerle.camel_case_v21_final,1,A,g1sym,0,488,CAPTURE,2,311,236,3,0,0,0,0,61,38,170,260,7,13,840,1300,13,0,45,63,138,114,
gauntlet/20261002-220835-scrim-g1sym/losses/jmerle.camel_case_v21_final__Swoop__botA.bc24,jmerle.camel_case_v21_final,0,B,camel_case_v21_final,1,488,CAPTURE,3,268,220,9,0,0,0,0,38,0,5560,3170,0,0,1319,491,0,0,89,104,114,138,
gauntlet/20261002-220835-scrim-g1sym/losses/kyleezz.jeeryfix3__Intercontinental__botB.bc24,kyleezz.jeeryfix3,0,A,jeeryfix3,1,2000,MORE_FLAG_CAPTURES,2,293,242,10,0,0,0,0,159,0,30,20,0,0,426,242,0,0,11,192,409,1246,ATK@600+CAP@1200+HEAL@1800
gauntlet/20261002-220835-scrim-g1sym/losses/kyleezz.jeeryfix3__Intercontinental__botB.bc24,kyleezz.jeeryfix3,1,B,g1sym,0,2000,MORE_FLAG_CAPTURES,1,412,348,2,0,0,0,0,78,19,130,60,3,1,499,619,8,0,25,178,1246,409,ATK@600+HEAL@1200+CAP@1800
gauntlet/20261002-220835-scrim-g1sym/losses/quesswho.cretplayer2_3__Checkered__botA.bc24,quesswho.cretplayer2_3,1,A,g1sym,0,524,CAPTURE,1,261,214,3,0,0,0,0,0,62,130,300,12,1,870,947,17,0,66,84,78,106,
gauntlet/20261002-220835-scrim-g1sym/losses/quesswho.cretplayer2_3__Checkered__botA.bc24,quesswho.cretplayer2_3,0,B,cretplayer2_3,1,524,CAPTURE,3,265,230,12,0,3,17,0,0,0,7200,2340,0,1,1174,1116,0,7,96,109,106,78,
gauntlet/20261002-220835-scrim-g1sym/losses/quesswho.cretplayer2_3__AceOfSpades__botA.bc24,quesswho.cretplayer2_3,1,A,g1sym,0,996,CAPTURE,0,-1,235,20,0,0,0,0,13,32,155,285,5,17,899,971,11,0,62,124,386,406,ATK@600
gauntlet/20261002-220835-scrim-g1sym/losses/quesswho.cretplayer2_3__AceOfSpades__botA.bc24,quesswho.cretplayer2_3,0,B,cretplayer2_3,1,996,CAPTURE,3,322,223,36,0,3,22,0,15,0,3750,10623,0,2,1016,742,0,6,208,324,406,386,ATK@600
gauntlet/20261002-220835-scrim-g1sym/losses/quesswho.cretplayer2_3__BigDucksBigPond__botA.bc24,quesswho.cretplayer2_3,1,A,g1sym,0,1525,CAPTURE,1,1022,287,49,0,0,0,0,109,30,180,215,5,0,941,949,18,0,68,268,734,271,ATK@600+HEAL@1200
gauntlet/20261002-220835-scrim-g1sym/losses/quesswho.cretplayer2_3__BigDucksBigPond__botA.bc24,quesswho.cretplayer2_3,0,B,cretplayer2_3,1,1525,CAPTURE,3,373,267,41,0,3,40,0,55,0,5050,890,0,10,701,790,0,5,58,135,271,734,ATK@600+HEAL@1200
gauntlet/20261002-220835-scrim-g1sym/losses/kyleezz.jeeryfix3__Backslash__botB.bc24,kyleezz.jeeryfix3,0,A,jeeryfix3,1,2000,MORE_FLAG_CAPTURES,2,297,234,15,0,0,0,0,236,0,20,3570,0,5,1071,792,0,0,115,362,564,1378,ATK@600+CAP@1200+HEAL@1800
gauntlet/20261002-220835-scrim-g1sym/losses/kyleezz.jeeryfix3__Backslash__botB.bc24,kyleezz.jeeryfix3,1,B,g1sym,0,2000,MORE_FLAG_CAPTURES,1,335,229,5,0,0,0,0,185,12,200,275,2,2,1122,1086,13,0,97,269,1378,564,ATK@600+HEAL@1200+CAP@1800
gauntlet/20261002-220835-scrim-g1sym/losses/quesswho.cretplayer2_3__ORV__botA.bc24,quesswho.cretplayer2_3,1,A,g1sym,0,2000,MORE_FLAG_CAPTURES,1,1975,496,13,0,0,0,0,33,36,198,248,6,12,1138,1055,12,0,80,273,1238,500,ATK@600+HEAL@1200+CAP@1800
gauntlet/20261002-220835-scrim-g1sym/losses/quesswho.cretplayer2_3__ORV__botA.bc24,quesswho.cretplayer2_3,0,B,cretplayer2_3,1,2000,MORE_FLAG_CAPTURES,2,503,244,62,0,3,13,0,30,0,4700,900,0,6,1095,964,0,5,68,253,500,1238,ATK@600+HEAL@1200+CAP@1800
gauntlet/20261002-220835-scrim-g1sym/losses/winkelmantanner.waffle__Islands__botB.bc24,winkelmantanner.waffle,0,A,waffle,1,481,CAPTURE,3,436,215,38,0,0,0,0,39,64,750,370,4,9,1102,862,0,0,100,100,78,149,
gauntlet/20261002-220835-scrim-g1sym/losses/winkelmantanner.waffle__Islands__botB.bc24,winkelmantanner.waffle,1,B,g1sym,0,481,CAPTURE,0,-1,236,1,0,0,0,0,75,47,120,280,8,5,1133,1265,17,0,46,66,149,78,
gauntlet/20261002-220835-scrim-g1sym/losses/winkelmantanner.waffle__Puzzle__botA.bc24,winkelmantanner.waffle,1,A,g1sym,0,467,CAPTURE,0,-1,272,2,0,0,0,0,5,21,185,250,4,0,686,931,22,0,84,99,79,71,
gauntlet/20261002-220835-scrim-g1sym/losses/winkelmantanner.waffle__Puzzle__botA.bc24,winkelmantanner.waffle,0,B,waffle,1,467,CAPTURE,3,339,261,11,0,0,0,0,0,3,2100,9380,0,6,876,807,0,0,166,155,71,79,
gauntlet/20261002-220835-scrim-g1sym/losses/winkelmantanner.waffle__Funnel__botB.bc24,winkelmantanner.waffle,0,A,waffle,1,2000,LEVEL_SUM,1,354,230,15,0,0,0,0,14,31,1083,253,2,4,965,883,0,0,82,344,541,516,ATK@600+HEAL@1200+CAP@1800
gauntlet/20261002-220835-scrim-g1sym/losses/winkelmantanner.waffle__Funnel__botB.bc24,winkelmantanner.waffle,1,B,g1sym,0,2000,LEVEL_SUM,1,1058,389,20,0,0,0,0,27,31,195,305,5,1,966,1247,13,0,62,240,516,541,ATK@600+HEAL@1200+CAP@1800
gauntlet/20261002-220835-scrim-g1sym/losses/winkelmantanner.waffle__Soccer__botB.bc24,winkelmantanner.waffle,0,A,waffle,1,637,CAPTURE,3,393,263,48,0,0,0,0,14,15,3480,1463,1,9,1062,914,0,0,71,89,109,246,ATK@600
gauntlet/20261002-220835-scrim-g1sym/losses/winkelmantanner.waffle__Soccer__botB.bc24,winkelmantanner.waffle,1,B,g1sym,0,637,CAPTURE,1,627,458,9,0,0,0,0,19,41,120,170,7,2,1180,1369,10,0,58,89,246,109,ATK@600
gauntlet/20261002-220835-scrim-g1sym/losses/winkelmantanner.waffle__Mountain__botB.bc24,winkelmantanner.waffle,0,A,waffle,1,2000,MORE_FLAG_CAPTURES,2,235,216,43,0,0,0,0,20,4,5500,3500,0,6,920,818,0,0,91,271,496,1025,ATK@600+HEAL@1200+CAP@1800
gauntlet/20261002-220835-scrim-g1sym/losses/winkelmantanner.waffle__Mountain__botB.bc24,winkelmantanner.waffle,1,B,g1sym,0,2000,MORE_FLAG_CAPTURES,1,555,527,5,0,0,0,0,32,47,135,275,8,0,844,1100,12,0,55,301,1025,496,ATK@600+HEAL@1200+CAP@1800
gauntlet/20261002-220835-scrim-g1sym/losses/winkelmantanner.waffle__Tunnels__botB.bc24,winkelmantanner.waffle,0,A,waffle,1,610,CAPTURE,3,343,280,23,0,0,0,0,29,3,3630,980,0,8,912,777,0,0,68,79,89,187,ATK@600
gauntlet/20261002-220835-scrim-g1sym/losses/winkelmantanner.waffle__Tunnels__botB.bc24,winkelmantanner.waffle,1,B,g1sym,0,610,CAPTURE,0,-1,0,0,0,0,0,0,58,26,125,225,4,10,1039,1133,5,0,52,68,187,89,ATK@600
gauntlet/20261002-220835-scrim-g1sym/replays/ColtG5.Goob_final__EvilGrin__botA.bc24,ColtG5.Goob_final,1,A,g1sym,1,2000,LEVEL_SUM,2,1842,1785,3,0,0,0,0,49,21,195,245,4,14,1131,1424,8,0,36,246,1519,508,ATK@600+HEAL@1200+CAP@1800
gauntlet/20261002-220835-scrim-g1sym/replays/ColtG5.Goob_final__EvilGrin__botA.bc24,ColtG5.Goob_final,0,B,Goob_final,0,2000,LEVEL_SUM,2,277,239,3,0,0,0,0,62,0,2540,1180,0,4,1086,812,12,0,80,300,508,1519,ATK@600+HEAL@1200+CAP@1800
gauntlet/20261002-220835-scrim-g1sym/replays/SampleProvider.TSPAARKSPRINT1__Waterworld__botA.bc24,SampleProvider.TSPAARKSPRINT1,1,A,g1sym,1,1096,CAPTURE,3,282,234,38,0,0,0,0,289,62,44,304,11,3,1114,1047,24,0,82,212,313,90,ATK@600
gauntlet/20261002-220835-scrim-g1sym/replays/SampleProvider.TSPAARKSPRINT1__Waterworld__botA.bc24,SampleProvider.TSPAARKSPRINT1,0,B,TSPAARKSPRINT1,0,1096,CAPTURE,0,-1,311,22,0,3,0,0,492,2,1340,60,0,6,528,1630,5,13,2,44,90,313,ATK@600
gauntlet/20261002-220835-scrim-g1sym/replays/CyrilSharma.finalBot__Racetrack__botB.bc24,CyrilSharma.finalBot,0,A,finalBot,0,2000,MORE_FLAG_CAPTURES,0,-1,0,0,0,0,0,16,39,0,920,11,2,5,882,1240,0,0,12,202,404,761,ATK@600+HEAL@1200+CAP@1800
gauntlet/20261002-220835-scrim-g1sym/replays/CyrilSharma.finalBot__Racetrack__botB.bc24,CyrilSharma.finalBot,1,B,g1sym,1,2000,MORE_FLAG_CAPTURES,2,850,651,15,0,0,0,0,65,3,50,140,0,3,1222,1510,1,0,21,253,761,404,ATK@600+HEAL@1200+CAP@1800
gauntlet/20261002-220835-scrim-g1sym/replays/andli28.v9_USQuals_angle__Joker__botB.bc24,andli28.v9_USQuals_angle,0,A,v9_USQuals_angle,0,2000,MORE_FLAG_CAPTURES,1,553,291,11,0,0,0,86,0,6,13717,20217,18,11,857,1135,23,3,108,502,566,322,ATK@600+HEAL@1200+CAP@1800
gauntlet/20261002-220835-scrim-g1sym/replays/andli28.v9_USQuals_angle__Joker__botB.bc24,andli28.v9_USQuals_angle,1,B,g1sym,1,2000,MORE_FLAG_CAPTURES,2,565,228,10,0,0,0,0,2,111,4470,223,12,12,946,1268,24,0,207,354,322,566,ATK@600+HEAL@1200+CAP@1800
gauntlet/20261002-220835-scrim-g1sym/replays/SampleProvider.TSPAARKSPRINT1__QuestionableChess__botB.bc24,SampleProvider.TSPAARKSPRINT1,0,A,TSPAARKSPRINT1,0,2000,MORE_FLAG_CAPTURES,1,1318,297,48,0,3,10,0,76,1,20,10,0,3,666,1519,0,2,0,55,229,926,ATK@600+CAP@1200+HEAL@1800
gauntlet/20261002-220835-scrim-g1sym/replays/SampleProvider.TSPAARKSPRINT1__QuestionableChess__botB.bc24,SampleProvider.TSPAARKSPRINT1,1,B,g1sym,1,2000,MORE_FLAG_CAPTURES,2,977,286,79,0,0,0,0,59,4,130,30,0,3,975,1060,1,0,14,306,926,229,ATK@600+HEAL@1200+CAP@1800
gauntlet/20261002-220835-scrim-g1sym/replays/andli28.v9_USQuals_angle__Battlecode24__botB.bc24,andli28.v9_USQuals_angle,0,A,v9_USQuals_angle,0,2000,MORE_FLAG_CAPTURES,0,-1,617,6,0,0,0,68,53,4,11798,21542,14,21,893,1222,14,2,73,263,227,363,ATK@600+HEAL@1200+CAP@1800
gauntlet/20261002-220835-scrim-g1sym/replays/andli28.v9_USQuals_angle__Battlecode24__botB.bc24,andli28.v9_USQuals_angle,1,B,g1sym,1,2000,MORE_FLAG_CAPTURES,1,1775,261,5,0,0,0,0,61,97,2079,212,12,5,935,1488,24,0,174,344,363,227,ATK@600+HEAL@1200+CAP@1800
gauntlet/20261002-220835-scrim-g1sym/replays/IvanGeffner.kuma__EndAround__botA.bc24,IvanGeffner.kuma,1,A,g1sym,1,2000,LEVEL_SUM,0,-1,0,0,0,0,0,0,65,22,205,95,4,3,530,891,16,0,57,180,372,492,ATK@600+HEAL@1200+CAP@1800
gauntlet/20261002-220835-scrim-g1sym/replays/IvanGeffner.kuma__EndAround__botA.bc24,IvanGeffner.kuma,0,B,kuma,0,2000,LEVEL_SUM,0,-1,1233,13,5,0,0,90,63,0,1555,1685,18,6,600,910,7,0,51,383,492,372,ATK@600+HEAL@1200+CAP@1800
gauntlet/20261002-220835-scrim-g1sym/replays/andrewgopher.player22__Diagonal__botA.bc24,andrewgopher.player22,1,A,g1sym,1,2000,LEVEL_SUM,0,-1,310,24,0,0,0,0,20,59,173,213,11,28,523,870,20,0,62,170,279,254,ATK@600+HEAL@1200+CAP@1800
gauntlet/20261002-220835-scrim-g1sym/replays/andrewgopher.player22__Diagonal__botA.bc24,andrewgopher.player22,0,B,player22,0,2000,LEVEL_SUM,0,-1,0,3,0,3,0,0,35,0,6450,2250,0,3,652,407,25,0,38,222,254,279,ATK@600+HEAL@1200+CAP@1800
gauntlet/20261002-220835-scrim-g1sym/replays/awu7.ExplosiveBot__BedWars__botA.bc24,awu7.ExplosiveBot,1,A,g1sym,1,989,CAPTURE,3,465,413,8,0,0,0,0,0,41,150,20,7,11,95,133,9,0,33,38,208,37,ATK@600
gauntlet/20261002-220835-scrim-g1sym/replays/awu7.ExplosiveBot__BedWars__botA.bc24,awu7.ExplosiveBot,0,B,ExplosiveBot,0,989,CAPTURE,0,-1,738,5,0,0,0,0,0,10,3100,10,0,2,64,79,20,0,3,19,37,208,ATK@600
gauntlet/20261002-220835-scrim-g1sym/replays/awu7.ExplosiveBot__OceanFloor__botA.bc24,awu7.ExplosiveBot,1,A,g1sym,1,572,CAPTURE,3,269,221,7,0,0,0,0,45,22,190,285,3,2,1197,1277,6,0,64,52,205,24,
gauntlet/20261002-220835-scrim-g1sym/replays/awu7.ExplosiveBot__OceanFloor__botA.bc24,awu7.ExplosiveBot,0,B,ExplosiveBot,0,572,CAPTURE,1,560,219,17,9,0,0,0,84,10,180,30,0,23,777,819,4,0,14,23,24,205,
gauntlet/20261002-220835-scrim-g1sym/replays/awu7.ExplosiveBot__BedWars__botB.bc24,awu7.ExplosiveBot,0,A,ExplosiveBot,0,792,CAPTURE,0,-1,763,1,0,0,0,0,0,9,3000,30,0,3,192,157,21,0,0,15,41,172,ATK@600
gauntlet/20261002-220835-scrim-g1sym/replays/awu7.ExplosiveBot__BedWars__botB.bc24,awu7.ExplosiveBot,1,B,g1sym,1,792,CAPTURE,3,487,383,6,0,0,0,0,0,42,180,30,7,6,279,393,8,0,36,32,172,41,ATK@600
gauntlet/20261002-220835-scrim-g1sym/replays/awu7.ExplosiveBot__DefaultLarge__botB.bc24,awu7.ExplosiveBot,0,A,ExplosiveBot,0,1451,CAPTURE,0,-1,271,2,0,0,0,0,93,11,110,100,0,12,768,932,25,0,13,106,178,915,ATK@600+HEAL@1200
gauntlet/20261002-220835-scrim-g1sym/replays/awu7.ExplosiveBot__DefaultLarge__botB.bc24,awu7.ExplosiveBot,1,B,g1sym,1,1451,CAPTURE,3,628,288,23,0,0,0,0,49,22,145,200,3,19,1040,1265,6,0,69,333,915,178,ATK@600+HEAL@1200
gauntlet/20261002-220835-scrim-g1sym/replays/awu7.ExplosiveBot__Diagonal__botA.bc24,awu7.ExplosiveBot,1,A,g1sym,1,2000,MORE_FLAG_CAPTURES,1,1012,306,17,0,0,0,0,24,58,194,284,11,7,693,777,19,0,68,342,870,146,ATK@600+HEAL@1200+CAP@1800
gauntlet/20261002-220835-scrim-g1sym/replays/awu7.ExplosiveBot__Diagonal__botA.bc24,awu7.ExplosiveBot,0,B,ExplosiveBot,0,2000,MORE_FLAG_CAPTURES,0,-1,275,1,0,0,0,0,43,9,5310,5870,0,16,538,617,0,0,22,91,146,870,ATK@600+HEAL@1200
gauntlet/20261002-220835-scrim-g1sym/replays/awu7.ExplosiveBot__Randy__botB.bc24,awu7.ExplosiveBot,0,A,ExplosiveBot,0,1804,CAPTURE,1,1443,222,45,8,0,0,0,6,6,5020,6800,0,28,629,645,24,0,23,189,244,1558,ATK@600+HEAL@1200
gauntlet/20261002-220835-scrim-g1sym/replays/awu7.ExplosiveBot__Randy__botB.bc24,awu7.ExplosiveBot,1,B,g1sym,1,1804,CAPTURE,3,379,332,20,0,0,0,0,6,49,170,280,9,19,1066,1269,11,0,64,413,1558,244,ATK@600+HEAL@1200+CAP@1800
gauntlet/20261002-220835-scrim-g1sym/replays/clbarrell.duck8__OceanFloor__botB.bc24,clbarrell.duck8,0,A,duck8,0,731,CAPTURE,0,-1,292,9,0,0,0,0,32,28,60,20,3,2,810,924,1,0,49,75,98,168,
gauntlet/20261002-220835-scrim-g1sym/replays/clbarrell.duck8__OceanFloor__botB.bc24,clbarrell.duck8,1,B,g1sym,1,731,CAPTURE,3,370,272,9,0,0,0,0,37,25,195,130,4,9,1050,1150,2,0,53,62,168,98,ATK@600
gauntlet/20261002-220835-scrim-g1sym/replays/clbarrell.duck8__Pancakes__botB.bc24,clbarrell.duck8,0,A,duck8,0,443,CAPTURE,0,-1,0,0,0,0,0,0,3,21,80,20,2,11,557,725,2,0,83,69,15,76,
gauntlet/20261002-220835-scrim-g1sym/replays/clbarrell.duck8__Pancakes__botB.bc24,clbarrell.duck8,1,B,g1sym,1,443,CAPTURE,3,307,234,3,0,0,0,0,16,17,200,280,3,8,820,962,12,0,58,33,76,15,
gauntlet/20261002-220835-scrim-g1sym/replays/clbarrell.duck8__Foxes__botB.bc24,clbarrell.duck8,0,A,duck8,0,1644,CAPTURE,0,-1,256,8,0,0,0,0,9,53,3050,70,3,8,838,898,14,0,95,272,254,748,ATK@750+HEAL@1500
gauntlet/20261002-220835-scrim-g1sym/replays/clbarrell.duck8__Foxes__botB.bc24,clbarrell.duck8,1,B,g1sym,1,1644,CAPTURE,3,1508,245,4,0,0,0,0,17,75,680,290,12,22,1034,1202,24,0,77,236,748,254,ATK@600+HEAL@1200
gauntlet/20261002-220835-scrim-g1sym/replays/dmtrung14.defaultplayer_intlqualifier__Battlecode24__botA.bc24,dmtrung14.defaultplayer_intlqualifier,1,A,g1sym,1,1181,CAPTURE,3,451,222,8,0,0,0,0,66,93,1520,230,12,6,1158,473,24,0,191,212,342,13,ATK@600
gauntlet/20261002-220835-scrim-g1sym/replays/dmtrung14.defaultplayer_intlqualifier__Battlecode24__botA.bc24,dmtrung14.defaultplayer_intlqualifier,0,B,defaultplayer_intlqualifier,0,1181,CAPTURE,0,-1,412,6,1,3,19,0,114,16,7180,14550,0,0,288,564,5,27,17,61,13,342,ATK@600
gauntlet/20261002-220835-scrim-g1sym/replays/clbarrell.duck8__QuestionableChess__botB.bc24,clbarrell.duck8,0,A,duck8,0,2000,LEVEL_SUM,2,246,214,36,0,0,0,0,39,11,70,90,1,5,993,1010,1,0,32,236,525,1093,ATK@750+HEAL@1500
gauntlet/20261002-220835-scrim-g1sym/replays/clbarrell.duck8__QuestionableChess__botB.bc24,clbarrell.duck8,1,B,g1sym,1,2000,LEVEL_SUM,2,419,390,5,0,0,0,0,61,3,170,100,0,2,1158,1291,1,0,16,236,1093,525,ATK@600+HEAL@1200+CAP@1800
gauntlet/20261002-220835-scrim-g1sym/replays/dmtrung14.defaultplayer_intlqualifier__QueenOfHearts__botA.bc24,dmtrung14.defaultplayer_intlqualifier,1,A,g1sym,1,862,CAPTURE,3,396,282,8,0,0,0,0,63,29,160,180,5,2,1340,472,12,0,41,71,341,43,ATK@600
gauntlet/20261002-220835-scrim-g1sym/replays/dmtrung14.defaultplayer_intlqualifier__QueenOfHearts__botA.bc24,dmtrung14.defaultplayer_intlqualifier,0,B,defaultplayer_intlqualifier,0,862,CAPTURE,2,292,245,62,44,3,38,0,98,21,260,60,0,5,310,847,6,14,18,57,43,341,ATK@600
gauntlet/20261002-220835-scrim-g1sym/replays/dmtrung14.defaultplayer_intlqualifier__BreadPudding__botA.bc24,dmtrung14.defaultplayer_intlqualifier,1,A,g1sym,1,2000,LEVEL_SUM,0,-1,348,5,0,0,0,0,37,31,185,25,5,22,672,421,8,0,33,90,311,33,ATK@600+HEAL@1200+CAP@1800
gauntlet/20261002-220835-scrim-g1sym/replays/dmtrung14.defaultplayer_intlqualifier__BreadPudding__botA.bc24,dmtrung14.defaultplayer_intlqualifier,0,B,defaultplayer_intlqualifier,0,2000,LEVEL_SUM,0,-1,238,6,0,3,13,0,50,14,1500,1450,0,3,234,506,6,17,8,32,33,311,ATK@600+HEAL@1200+CAP@1800
gauntlet/20261002-220835-scrim-g1sym/replays/dmtrung14.defaultplayer_intlqualifier__DefaultLarge__botA.bc24,dmtrung14.defaultplayer_intlqualifier,1,A,g1sym,1,2000,MORE_FLAG_CAPTURES,1,851,580,9,0,0,0,0,47,21,185,35,3,5,827,482,11,0,37,57,287,33,ATK@600+HEAL@1200+CAP@1800
gauntlet/20261002-220835-scrim-g1sym/replays/dmtrung14.defaultplayer_intlqualifier__DefaultLarge__botA.bc24,dmtrung14.defaultplayer_intlqualifier,0,B,defaultplayer_intlqualifier,0,2000,MORE_FLAG_CAPTURES,0,-1,318,8,1,3,15,0,62,17,40,2300,0,3,290,1034,6,28,15,103,33,287,ATK@600+HEAL@1200+CAP@1800
gauntlet/20261002-220835-scrim-g1sym/replays/dmtrung14.defaultplayer_intlqualifier__Diagonal__botB.bc24,dmtrung14.defaultplayer_intlqualifier,0,A,defaultplayer_intlqualifier,0,2000,MORE_FLAG_CAPTURES,0,-1,0,3,0,3,15,0,35,22,3650,3130,0,3,211,576,6,22,15,37,15,114,ATK@600+HEAL@1200+CAP@1800
gauntlet/20261002-220835-scrim-g1sym/replays/dmtrung14.defaultplayer_intlqualifier__Diagonal__botB.bc24,dmtrung14.defaultplayer_intlqualifier,1,B,g1sym,1,2000,MORE_FLAG_CAPTURES,1,563,346,3,0,0,0,0,23,57,155,295,10,21,556,299,18,0,48,123,114,15,ATK@600+HEAL@1200+CAP@1800
gauntlet/20261002-220835-scrim-g1sym/replays/hsmalladi.finalbot__Fountain__botB.bc24,hsmalladi.finalbot,0,A,finalbot,0,2000,MORE_FLAG_CAPTURES,1,608,582,6,0,3,33,25,39,0,2471,101,4,2,424,481,0,6,26,173,228,510,ATK@600+HEAL@1200+CAP@1800
gauntlet/20261002-220835-scrim-g1sym/replays/hsmalladi.finalbot__Fountain__botB.bc24,hsmalladi.finalbot,1,B,g1sym,1,2000,MORE_FLAG_CAPTURES,2,575,313,5,0,0,0,0,42,20,150,170,3,3,367,749,12,0,29,167,510,228,ATK@600+HEAL@1200+CAP@1800
gauntlet/20261002-220835-scrim-g1sym/replays/jonters.bling3__Bunkers__botA.bc24,jonters.bling3,1,A,g1sym,1,587,CAPTURE,3,260,216,10,0,0,0,0,32,38,185,215,6,23,1239,1407,6,0,57,83,165,64,
gauntlet/20261002-220835-scrim-g1sym/replays/jonters.bling3__Bunkers__botA.bc24,jonters.bling3,0,B,bling3,0,587,CAPTURE,1,417,290,14,0,0,0,0,66,16,20,320,0,0,808,1408,21,0,8,38,64,165,
gauntlet/20261002-220835-scrim-g1sym/replays/jonters.bling3__Backslash__botB.bc24,jonters.bling3,0,A,bling3,0,1481,CAPTURE,1,455,390,2,0,0,0,0,236,0,20,1300,0,6,671,1476,36,0,4,91,188,960,ATK@600+HEAL@1200
gauntlet/20261002-220835-scrim-g1sym/replays/jonters.bling3__Backslash__botB.bc24,jonters.bling3,1,B,g1sym,1,1481,CAPTURE,3,585,274,26,0,0,0,0,177,15,170,280,2,20,1246,1567,16,0,86,321,960,188,ATK@600+HEAL@1200
gauntlet/20261002-220835-scrim-g1sym/replays/jonters.bling3__Duck__botB.bc24,jonters.bling3,0,A,bling3,0,846,CAPTURE,0,-1,248,10,0,0,0,0,96,12,20,20,0,0,658,985,14,0,9,49,91,311,ATK@600
gauntlet/20261002-220835-scrim-g1sym/replays/jonters.bling3__Duck__botB.bc24,jonters.bling3,1,B,g1sym,1,846,CAPTURE,3,415,263,15,0,0,0,0,54,28,190,240,5,8,994,988,9,0,50,148,311,91,ATK@600
gauntlet/20261002-220835-scrim-g1sym/replays/jonters.bling3__Starfish__botA.bc24,jonters.bling3,1,A,g1sym,1,1344,CAPTURE,3,261,247,3,0,0,0,0,97,27,155,275,4,34,664,687,9,0,38,183,564,152,ATK@600+HEAL@1200
gauntlet/20261002-220835-scrim-g1sym/replays/jonters.bling3__Starfish__botA.bc24,jonters.bling3,0,B,bling3,0,1344,CAPTURE,1,1177,814,10,0,0,0,0,216,0,20,20,0,16,398,440,0,0,0,15,152,564,ATK@600+HEAL@1200
gauntlet/20261002-220835-scrim-g1sym/replays/jonters.bling3__Snake__botB.bc24,jonters.bling3,0,A,bling3,0,1508,CAPTURE,2,400,304,17,0,0,0,0,237,0,8390,11920,0,0,476,624,58,0,14,182,275,622,ATK@600+HEAL@1200
gauntlet/20261002-220835-scrim-g1sym/replays/jonters.bling3__Snake__botB.bc24,jonters.bling3,1,B,g1sym,1,1508,CAPTURE,3,298,221,31,0,0,0,0,163,89,670,258,12,10,717,867,24,0,342,531,622,275,ATK@600+HEAL@1200
gauntlet/20261002-220835-scrim-g1sym/replays/jonters.bling3__Waterworld__botB.bc24,jonters.bling3,0,A,bling3,0,2000,MORE_FLAG_CAPTURES,1,560,342,4,0,0,0,0,539,0,130,510,0,12,733,1347,12,0,0,107,254,982,ATK@600+HEAL@1200+CAP@1800
gauntlet/20261002-220835-scrim-g1sym/replays/jonters.bling3__Waterworld__botB.bc24,jonters.bling3,1,B,g1sym,1,2000,MORE_FLAG_CAPTURES,2,397,269,19,0,0,0,0,274,63,457,247,11,4,1479,1452,24,0,106,320,982,254,ATK@600+HEAL@1200+CAP@1800
gauntlet/20261002-220835-scrim-g1sym/replays/justinottesen.sprint1__OceanFloor__botB.bc24,justinottesen.sprint1,0,A,sprint1,0,496,CAPTURE,0,-1,311,5,0,0,0,0,90,5,100,70,0,0,236,1009,10,0,0,12,7,202,
gauntlet/20261002-220835-scrim-g1sym/replays/justinottesen.sprint1__OceanFloor__botB.bc24,justinottesen.sprint1,1,B,g1sym,1,496,CAPTURE,3,347,220,8,0,0,0,0,47,23,145,235,4,4,1513,443,1,0,68,69,202,7,
gauntlet/20261002-220835-scrim-g1sym/replays/justinottesen.sprint1__Fountain__botA.bc24,justinottesen.sprint1,1,A,g1sym,1,434,CAPTURE,3,332,263,6,0,0,0,0,41,20,246,206,3,3,1381,427,12,0,44,28,170,6,
gauntlet/20261002-220835-scrim-g1sym/replays/justinottesen.sprint1__Fountain__botA.bc24,justinottesen.sprint1,0,B,sprint1,0,434,CAPTURE,0,-1,390,3,0,0,0,0,61,0,1870,10,0,9,213,804,7,0,0,7,6,170,
gauntlet/20261002-220835-scrim-g1sym/replays/justinottesen.sprint1__Decision__botA.bc24,justinottesen.sprint1,1,A,g1sym,1,534,CAPTURE,3,354,254,9,0,0,0,0,80,16,175,125,3,3,1396,476,4,0,58,71,238,6,
gauntlet/20261002-220835-scrim-g1sym/replays/justinottesen.sprint1__Decision__botA.bc24,justinottesen.sprint1,0,B,sprint1,0,534,CAPTURE,0,-1,304,5,0,0,0,0,130,0,100,60,0,3,226,863,3,0,0,6,6,238,
gauntlet/20261002-220835-scrim-g1sym/replays/justinottesen.sprint1__StackGame__botB.bc24,justinottesen.sprint1,0,A,sprint1,0,788,CAPTURE,0,-1,314,2,0,0,0,0,50,26,100,80,1,4,231,975,36,0,0,56,35,640,ATK@600
gauntlet/20261002-220835-scrim-g1sym/replays/justinottesen.sprint1__StackGame__botB.bc24,justinottesen.sprint1,1,B,g1sym,1,788,CAPTURE,3,676,368,15,0,0,0,0,31,51,155,285,9,24,1679,771,15,0,60,111,640,35,ATK@600
gauntlet/20261002-220835-scrim-g1sym/replays/kyleezz.jeeryfix3__Fusbol__botB.bc24,kyleezz.jeeryfix3,0,A,jeeryfix3,0,2000,MORE_FLAG_CAPTURES,0,-1,289,1,0,0,0,0,169,8,3730,2440,0,27,875,558,0,0,84,233,260,1586,ATK@600+CAP@1200+HEAL@1800
gauntlet/20261002-220835-scrim-g1sym/replays/kyleezz.jeeryfix3__Fusbol__botB.bc24,kyleezz.jeeryfix3,1,B,g1sym,1,2000,MORE_FLAG_CAPTURES,1,1835,1296,19,0,0,0,0,106,37,656,216,6,16,921,1203,24,0,58,642,1586,260,ATK@600+HEAL@1200+CAP@1800
gauntlet/20261002-220835-scrim-g1sym/replays/kyleezz.jeeryfix3__Fusbol__botA.bc24,kyleezz.jeeryfix3,1,A,g1sym,1,2000,MORE_FLAG_CAPTURES,1,1684,1355,10,0,0,0,0,79,44,665,262,4,22,912,1030,24,0,45,663,1604,237,ATK@600+HEAL@1200+CAP@1800
gauntlet/20261002-220835-scrim-g1sym/replays/kyleezz.jeeryfix3__Fusbol__botA.bc24,kyleezz.jeeryfix3,0,B,jeeryfix3,0,2000,MORE_FLAG_CAPTURES,0,-1,399,2,0,0,0,0,180,10,3200,3440,0,20,902,640,0,0,93,250,237,1604,ATK@600+CAP@1200+HEAL@1800
gauntlet/20261002-220835-scrim-g1sym/replays/kyleezz.jeeryfix3__BedWars__botA.bc24,kyleezz.jeeryfix3,1,A,g1sym,1,2000,LEVEL_SUM,0,-1,523,4,0,0,0,0,0,44,185,65,8,5,0,0,6,0,39,16,10,12,ATK@600+HEAL@1200+CAP@1800
gauntlet/20261002-220835-scrim-g1sym/replays/kyleezz.jeeryfix3__BedWars__botA.bc24,kyleezz.jeeryfix3,0,B,jeeryfix3,0,2000,LEVEL_SUM,0,-1,592,5,0,0,0,0,0,0,4800,1870,0,0,0,0,0,0,10,26,12,10,ATK@600+CAP@1200+HEAL@1800
gauntlet/20261002-220835-scrim-g1sym/replays/quesswho.cretplayer2_3__Digging__botA.bc24,quesswho.cretplayer2_3,1,A,g1sym,1,1619,CAPTURE,3,1080,1000,13,0,0,0,0,15,26,145,265,4,0,1199,942,4,0,50,315,1565,279,ATK@600+HEAL@1200
gauntlet/20261002-220835-scrim-g1sym/replays/quesswho.cretplayer2_3__Digging__botA.bc24,quesswho.cretplayer2_3,0,B,cretplayer2_3,0,1619,CAPTURE,1,359,230,14,0,3,1,0,18,0,2560,970,0,13,1144,727,0,5,41,131,279,1565,ATK@600+HEAL@1200
gauntlet/20261002-220835-scrim-g1sym/replays/kyleezz.jeeryfix3__Klein__botB.bc24,kyleezz.jeeryfix3,0,A,jeeryfix3,0,2000,MORE_FLAG_CAPTURES,1,312,246,9,0,0,0,0,203,4,2210,1800,0,8,532,815,0,0,31,204,285,1122,ATK@600+CAP@1200+HEAL@1800
gauntlet/20261002-220835-scrim-g1sym/replays/kyleezz.jeeryfix3__Klein__botB.bc24,kyleezz.jeeryfix3,1,B,g1sym,1,2000,MORE_FLAG_CAPTURES,2,891,682,9,0,0,0,0,85,50,125,255,9,0,709,894,16,0,49,412,1122,285,ATK@600+HEAL@1200+CAP@1800
gauntlet/20261002-220835-scrim-g1sym/replays/quesswho.cretplayer2_3__Waterworld__botB.bc24,quesswho.cretplayer2_3,0,A,cretplayer2_3,0,1963,CAPTURE,1,895,260,76,0,3,7,0,244,0,8980,6833,0,4,923,744,0,6,133,244,515,1437,ATK@600+HEAL@1200+CAP@1800
gauntlet/20261002-220835-scrim-g1sym/replays/quesswho.cretplayer2_3__Waterworld__botB.bc24,quesswho.cretplayer2_3,1,B,g1sym,1,1963,CAPTURE,3,871,252,35,0,0,0,0,199,63,10,270,11,1,954,869,24,0,71,433,1437,515,ATK@600+HEAL@1200+CAP@1800
gauntlet/20261002-222138-scrim-g1sym/losses/ColtG5.Goob_final__MazeRunner__botA.bc24,ColtG5.Goob_final,1,A,g1sym,0,2000,MORE_FLAG_CAPTURES,0,-1,0,0,0,0,0,0,75,22,40,265,3,19,983,1328,12,0,43,194,1017,330,ATK@600+HEAL@1200+CAP@1800
gauntlet/20261002-222138-scrim-g1sym/losses/ColtG5.Goob_final__MazeRunner__botA.bc24,ColtG5.Goob_final,0,B,Goob_final,1,2000,MORE_FLAG_CAPTURES,2,498,270,9,0,0,0,0,91,0,2270,10,0,4,900,663,10,0,54,158,330,1017,ATK@600+HEAL@1200+CAP@1800
gauntlet/20261002-222138-scrim-g1sym/losses/CyrilSharma.finalBot__AceOfSpades__botB.bc24,CyrilSharma.finalBot,0,A,finalBot,1,634,CAPTURE,3,446,226,19,0,0,0,41,13,1,3036,18069,7,16,973,1043,0,0,184,298,161,112,ATK@600
gauntlet/20261002-222138-scrim-g1sym/losses/CyrilSharma.finalBot__AceOfSpades__botB.bc24,CyrilSharma.finalBot,1,B,g1sym,0,634,CAPTURE,0,-1,0,0,0,0,0,0,8,33,285,245,5,5,926,1090,10,0,50,73,112,161,ATK@600
gauntlet/20261002-222138-scrim-g1sym/losses/ColtG5.Goob_final__OceanFloor__botA.bc24,ColtG5.Goob_final,1,A,g1sym,0,1415,CAPTURE,2,562,504,2,0,0,0,0,43,23,145,235,4,1,1090,1135,2,0,44,162,677,292,ATK@600+HEAL@1200
gauntlet/20261002-222138-scrim-g1sym/losses/ColtG5.Goob_final__OceanFloor__botA.bc24,ColtG5.Goob_final,0,B,Goob_final,1,1415,CAPTURE,3,279,231,18,0,0,0,0,57,0,2090,40,0,7,1037,881,0,0,45,173,292,677,ATK@600+HEAL@1200
gauntlet/20261002-222138-scrim-g1sym/losses/ColtG5.Goob_final__Tunnels__botA.bc24,ColtG5.Goob_final,1,A,g1sym,0,2000,MORE_FLAG_CAPTURES,0,-1,0,0,0,0,0,0,64,23,145,215,4,21,967,1216,6,0,45,193,768,323,ATK@600+HEAL@1200+CAP@1800
gauntlet/20261002-222138-scrim-g1sym/losses/ColtG5.Goob_final__Tunnels__botA.bc24,ColtG5.Goob_final,0,B,Goob_final,1,2000,MORE_FLAG_CAPTURES,1,466,426,3,0,0,0,0,64,0,2880,1280,0,16,736,923,1,0,47,181,323,768,ATK@600+HEAL@1200+CAP@1800
gauntlet/20261002-222138-scrim-g1sym/losses/CyrilSharma.finalBot__BedWars__botB.bc24,CyrilSharma.finalBot,0,A,finalBot,1,2000,MORE_FLAG_CAPTURES,2,368,322,38,0,0,0,52,16,0,3395,849,10,3,358,336,0,0,5,169,347,582,ATK@600+HEAL@1200+CAP@1800
gauntlet/20261002-222138-scrim-g1sym/losses/CyrilSharma.finalBot__BedWars__botB.bc24,CyrilSharma.finalBot,1,B,g1sym,0,2000,MORE_FLAG_CAPTURES,1,265,241,10,0,0,0,0,0,43,175,135,7,20,405,497,7,0,46,163,582,347,ATK@600+HEAL@1200+CAP@1800
gauntlet/20261002-222138-scrim-g1sym/losses/CyrilSharma.finalBot__QuestionableChess__botB.bc24,CyrilSharma.finalBot,0,A,finalBot,1,2000,MORE_FLAG_CAPTURES,1,456,398,6,0,0,0,22,34,0,959,14,3,4,809,1241,0,0,9,325,378,427,ATK@600+HEAL@1200+CAP@1800
gauntlet/20261002-222138-scrim-g1sym/losses/CyrilSharma.finalBot__QuestionableChess__botB.bc24,CyrilSharma.finalBot,1,B,g1sym,0,2000,MORE_FLAG_CAPTURES,0,-1,484,1,0,0,0,0,61,3,170,220,0,17,868,1339,1,0,17,163,427,378,ATK@600+HEAL@1200+CAP@1800
gauntlet/20261002-222138-scrim-g1sym/losses/Gymhgy.v10official__DefaultMedium__botB.bc24,Gymhgy.v10official,0,A,v10official,1,2000,MORE_FLAG_CAPTURES,2,353,290,34,25,3,15,90,51,2,2115,20,18,0,1019,1684,12,2,51,240,374,353,ATK@600+HEAL@1200+CAP@1800
gauntlet/20261002-222138-scrim-g1sym/losses/Gymhgy.v10official__DefaultMedium__botB.bc24,Gymhgy.v10official,1,B,g1sym,0,2000,MORE_FLAG_CAPTURES,0,-1,355,16,0,0,0,0,66,24,70,165,4,10,1138,1453,10,0,29,180,353,374,ATK@600+HEAL@1200+CAP@1800
gauntlet/20261002-222138-scrim-g1sym/losses/CyrilSharma.finalBot__YearOfTheDragon__botA.bc24,CyrilSharma.finalBot,1,A,g1sym,0,2000,MORE_FLAG_CAPTURES,0,-1,212,4,0,0,0,0,5,110,620,260,11,15,836,1158,24,0,115,322,736,543,ATK@600+HEAL@1200+CAP@1800
gauntlet/20261002-222138-scrim-g1sym/losses/CyrilSharma.finalBot__YearOfTheDragon__botA.bc24,CyrilSharma.finalBot,0,B,finalBot,1,2000,MORE_FLAG_CAPTURES,2,495,456,22,0,0,0,60,2,2,11944,10744,12,4,865,812,0,0,168,638,543,736,ATK@600+HEAL@1200+CAP@1800
gauntlet/20261002-222138-scrim-g1sym/losses/Gymhgy.v10official__Starfish__botA.bc24,Gymhgy.v10official,1,A,g1sym,0,510,CAPTURE,2,402,368,3,0,0,0,0,104,23,120,280,3,10,1248,1336,11,0,37,47,130,32,
gauntlet/20261002-222138-scrim-g1sym/losses/Gymhgy.v10official__Starfish__botA.bc24,Gymhgy.v10official,0,B,v10official,1,510,CAPTURE,3,258,252,18,8,3,21,20,184,2,430,37,3,5,832,1244,0,2,3,11,32,130,
gauntlet/20261002-222138-scrim-g1sym/losses/Gymhgy.v10official__Diagonal__botA.bc24,Gymhgy.v10official,1,A,g1sym,0,2000,LEVEL_SUM,0,-1,736,2,0,0,0,0,25,56,218,273,10,14,629,849,20,0,60,172,207,199,ATK@600+HEAL@1200+CAP@1800
gauntlet/20261002-222138-scrim-g1sym/losses/Gymhgy.v10official__Diagonal__botA.bc24,Gymhgy.v10official,0,B,v10official,1,2000,LEVEL_SUM,0,-1,0,3,0,3,9,59,20,2,5686,2681,11,4,575,885,7,2,78,200,199,207,ATK@600+HEAL@1200+CAP@1800
gauntlet/20261002-222138-scrim-g1sym/losses/Gymhgy.v10official__HeMustBeFreed__botB.bc24,Gymhgy.v10official,0,A,v10official,1,2000,MORE_FLAG_CAPTURES,2,443,308,57,37,3,6,30,91,3,4719,13008,5,1,690,1067,0,3,37,272,331,335,ATK@600+HEAL@1200+CAP@1800
gauntlet/20261002-222138-scrim-g1sym/losses/Gymhgy.v10official__HeMustBeFreed__botB.bc24,Gymhgy.v10official,1,B,g1sym,0,2000,MORE_FLAG_CAPTURES,1,844,726,6,0,0,0,0,113,16,30,70,2,18,772,1046,4,0,23,170,335,331,ATK@600+HEAL@1200+CAP@1800
gauntlet/20261002-222138-scrim-g1sym/losses/IvanGeffner.kuma__Alien__botA.bc24,IvanGeffner.kuma,1,A,g1sym,0,474,CAPTURE,0,-1,0,0,0,0,0,0,9,42,195,225,7,0,1065,1572,15,0,47,58,59,79,
gauntlet/20261002-222138-scrim-g1sym/losses/IvanGeffner.kuma__Alien__botA.bc24,IvanGeffner.kuma,0,B,kuma,1,474,CAPTURE,3,266,247,25,19,0,0,90,6,0,4065,1525,18,13,1181,1459,7,0,102,107,79,59,
gauntlet/20261002-222138-scrim-g1sym/losses/IvanGeffner.kuma__StackGame__botB.bc24,IvanGeffner.kuma,0,A,kuma,1,866,CAPTURE,3,293,259,19,12,0,0,90,41,8,3545,2185,18,4,1293,1530,10,0,86,252,348,133,ATK@600
gauntlet/20261002-222138-scrim-g1sym/losses/IvanGeffner.kuma__StackGame__botB.bc24,IvanGeffner.kuma,1,B,g1sym,0,866,CAPTURE,0,-1,0,0,0,0,0,0,30,52,200,230,10,21,1005,1513,14,0,59,102,133,348,ATK@600
gauntlet/20261002-222138-scrim-g1sym/losses/IvanGeffner.kuma__Capacitance__botA.bc24,IvanGeffner.kuma,1,A,g1sym,0,1032,CAPTURE,0,-1,1030,1,0,0,0,0,21,44,155,255,8,11,938,1363,13,0,59,134,190,301,ATK@600
gauntlet/20261002-222138-scrim-g1sym/losses/IvanGeffner.kuma__Capacitance__botA.bc24,IvanGeffner.kuma,0,B,kuma,1,1032,CAPTURE,3,285,272,47,29,0,0,90,20,0,3960,1125,18,10,1188,1276,9,0,110,265,301,190,ATK@600
gauntlet/20261002-222138-scrim-g1sym/losses/Gymhgy.v10official__Starfish__botB.bc24,Gymhgy.v10official,0,A,v10official,1,2000,MORE_FLAG_CAPTURES,2,311,221,35,13,3,22,22,190,3,102,22,3,7,858,1168,0,3,3,187,497,838,ATK@600+HEAL@1200+CAP@1800
gauntlet/20261002-222138-scrim-g1sym/losses/Gymhgy.v10official__Starfish__botB.bc24,Gymhgy.v10official,1,B,g1sym,0,2000,MORE_FLAG_CAPTURES,1,363,290,15,0,0,0,0,100,25,150,240,4,29,1249,1369,10,0,35,215,838,497,ATK@600+HEAL@1200+CAP@1800
gauntlet/20261002-222138-scrim-g1sym/losses/NotLLeon.v3__Decision__botB.bc24,NotLLeon.v3,0,A,v3,1,910,CAPTURE,3,343,244,32,10,0,0,0,39,0,2630,20,0,3,827,1058,0,0,50,107,126,155,ATK@600
gauntlet/20261002-222138-scrim-g1sym/losses/NotLLeon.v3__Decision__botB.bc24,NotLLeon.v3,1,B,g1sym,0,910,CAPTURE,0,-1,253,20,0,0,0,0,80,16,190,240,2,2,765,1108,2,0,33,66,155,126,ATK@600
gauntlet/20261002-222138-scrim-g1sym/losses/IvanGeffner.kuma__BigDucksBigPond__botA.bc24,IvanGeffner.kuma,1,A,g1sym,0,1875,CAPTURE,0,-1,0,0,0,0,0,0,105,35,185,225,5,16,994,1215,12,0,56,212,459,880,ATK@600+HEAL@1200+CAP@1800
gauntlet/20261002-222138-scrim-g1sym/losses/IvanGeffner.kuma__BigDucksBigPond__botA.bc24,IvanGeffner.kuma,0,B,kuma,1,1875,CAPTURE,3,426,319,33,15,0,0,90,119,7,2170,1445,18,4,1036,1242,4,0,120,665,880,459,ATK@600+HEAL@1200+CAP@1800
gauntlet/20261002-222138-scrim-g1sym/losses/IvanGeffner.kuma__Diagonal__botB.bc24,IvanGeffner.kuma,0,A,kuma,1,2000,LEVEL_SUM,0,-1,332,9,4,0,0,90,32,15,3635,2075,18,3,875,1086,5,0,75,247,248,143,ATK@600+HEAL@1200+CAP@1800
gauntlet/20261002-222138-scrim-g1sym/losses/IvanGeffner.kuma__Diagonal__botB.bc24,IvanGeffner.kuma,1,B,g1sym,0,2000,LEVEL_SUM,0,-1,580,2,0,0,0,0,27,56,210,245,9,35,692,1145,17,0,60,163,143,248,ATK@600+HEAL@1200+CAP@1800
gauntlet/20261002-222138-scrim-g1sym/losses/NotLLeon.v3__Foxes__botB.bc24,NotLLeon.v3,0,A,v3,1,446,CAPTURE,3,332,260,13,1,0,0,0,4,0,9780,5290,0,2,1029,974,0,0,129,114,79,54,
gauntlet/20261002-222138-scrim-g1sym/losses/NotLLeon.v3__Foxes__botB.bc24,NotLLeon.v3,1,B,g1sym,0,446,CAPTURE,0,-1,279,3,0,0,0,0,18,75,705,305,12,1,785,1032,24,0,80,54,54,79,
gauntlet/20261002-222138-scrim-g1sym/losses/NotLLeon.v3__Duck__botB.bc24,NotLLeon.v3,0,A,v3,1,1850,CAPTURE,3,729,235,81,8,0,0,0,8,0,5060,1370,0,2,712,755,0,0,71,277,425,564,ATK@600+HEAL@1200+CAP@1800
gauntlet/20261002-222138-scrim-g1sym/losses/NotLLeon.v3__Duck__botB.bc24,NotLLeon.v3,1,B,g1sym,0,1850,CAPTURE,2,1272,281,35,0,0,0,0,45,33,175,210,5,21,705,881,8,0,50,225,564,425,ATK@600+HEAL@1200+CAP@1800
gauntlet/20261002-222138-scrim-g1sym/losses/NotLLeon.v3__FloodGates__botA.bc24,NotLLeon.v3,1,A,g1sym,0,2000,MORE_FLAG_CAPTURES,0,-1,0,0,0,0,0,0,3,27,175,185,4,21,760,926,3,0,48,182,483,342,ATK@600+HEAL@1200+CAP@1800
gauntlet/20261002-222138-scrim-g1sym/losses/NotLLeon.v3__FloodGates__botA.bc24,NotLLeon.v3,0,B,v3,1,2000,MORE_FLAG_CAPTURES,2,571,301,57,42,0,0,0,5,0,2750,2450,0,4,670,696,0,0,48,209,342,483,ATK@600+HEAL@1200+CAP@1800
gauntlet/20261002-222138-scrim-g1sym/losses/NotLLeon.v3__Hurricane__botB.bc24,NotLLeon.v3,0,A,v3,1,2000,LEVEL_SUM,1,1162,238,52,0,0,0,0,81,0,4470,540,0,2,534,559,0,0,62,191,167,183,ATK@600+HEAL@1200+CAP@1800
gauntlet/20261002-222138-scrim-g1sym/losses/NotLLeon.v3__Hurricane__botB.bc24,NotLLeon.v3,1,B,g1sym,0,2000,LEVEL_SUM,1,659,250,26,0,0,0,0,67,38,185,295,7,12,448,522,13,0,40,175,183,167,ATK@600+HEAL@1200+CAP@1800
gauntlet/20261002-222138-scrim-g1sym/losses/NotLLeon.v3__Rainbow__botA.bc24,NotLLeon.v3,1,A,g1sym,0,2000,MORE_FLAG_CAPTURES,0,-1,340,1,0,0,0,0,45,58,200,150,10,6,807,1057,21,0,58,239,441,548,ATK@600+HEAL@1200+CAP@1800
gauntlet/20261002-222138-scrim-g1sym/losses/NotLLeon.v3__Rainbow__botA.bc24,NotLLeon.v3,0,B,v3,1,2000,MORE_FLAG_CAPTURES,2,578,347,44,3,0,0,0,17,0,7890,4880,0,5,966,994,0,0,100,346,548,441,ATK@600+HEAL@1200+CAP@1800
gauntlet/20261002-222138-scrim-g1sym/losses/SampleProvider.TSPAARKSPRINT1__English__botA.bc24,SampleProvider.TSPAARKSPRINT1,1,A,g1sym,0,672,CAPTURE,1,487,373,3,0,0,0,0,162,72,145,275,12,12,876,854,24,0,66,76,67,21,ATK@600
gauntlet/20261002-222138-scrim-g1sym/losses/SampleProvider.TSPAARKSPRINT1__English__botA.bc24,SampleProvider.TSPAARKSPRINT1,0,B,TSPAARKSPRINT1,1,672,CAPTURE,3,426,250,20,0,3,74,0,338,4,2760,30,0,11,505,1214,4,16,5,24,21,67,ATK@600
gauntlet/20261002-222138-scrim-g1sym/losses/SampleProvider.TSPAARKSPRINT1__EndAround__botA.bc24,SampleProvider.TSPAARKSPRINT1,1,A,g1sym,0,2000,MORE_FLAG_CAPTURES,1,1488,243,18,0,0,0,0,66,23,155,30,3,4,615,559,12,0,37,230,551,152,ATK@600+HEAL@1200+CAP@1800
gauntlet/20261002-222138-scrim-g1sym/losses/SampleProvider.TSPAARKSPRINT1__EndAround__botA.bc24,SampleProvider.TSPAARKSPRINT1,0,B,TSPAARKSPRINT1,1,2000,MORE_FLAG_CAPTURES,2,1626,325,82,0,3,48,0,132,4,540,400,0,6,352,892,14,22,1,93,152,551,ATK@600+CAP@1200+HEAL@1800
gauntlet/20261002-222138-scrim-g1sym/losses/SampleProvider.TSPAARKSPRINT1__EndAround__botB.bc24,SampleProvider.TSPAARKSPRINT1,0,A,TSPAARKSPRINT1,1,2000,MORE_FLAG_CAPTURES,2,492,360,56,0,3,59,0,134,1,780,30,0,6,393,895,12,9,1,97,165,930,ATK@600+CAP@1200+HEAL@1800
gauntlet/20261002-222138-scrim-g1sym/losses/SampleProvider.TSPAARKSPRINT1__EndAround__botB.bc24,SampleProvider.TSPAARKSPRINT1,1,B,g1sym,0,2000,MORE_FLAG_CAPTURES,1,1285,228,37,0,0,0,0,58,21,175,195,3,4,764,811,10,0,57,357,930,165,ATK@600+HEAL@1200+CAP@1800
gauntlet/20261002-222138-scrim-g1sym/losses/SampleProvider.TSPAARKSPRINT1__KingQuacksCastle__botB.bc24,SampleProvider.TSPAARKSPRINT1,0,A,TSPAARKSPRINT1,1,1547,CAPTURE,3,1360,312,98,0,3,26,0,40,4,2400,10,0,8,570,1690,17,34,6,91,186,598,ATK@600+CAP@1200
gauntlet/20261002-222138-scrim-g1sym/losses/SampleProvider.TSPAARKSPRINT1__KingQuacksCastle__botB.bc24,SampleProvider.TSPAARKSPRINT1,1,B,g1sym,0,1547,CAPTURE,2,916,237,31,0,0,0,0,32,29,115,100,5,15,1065,1120,3,0,50,208,598,186,ATK@600+HEAL@1200
gauntlet/20261002-222138-scrim-g1sym/losses/SampleProvider.TSPAARKSPRINT1__Swoop__botA.bc24,SampleProvider.TSPAARKSPRINT1,1,A,g1sym,0,1947,CAPTURE,2,449,253,34,0,0,0,0,62,39,145,50,6,5,1013,1071,12,0,53,407,950,211,ATK@600+HEAL@1200+CAP@1800
gauntlet/20261002-222138-scrim-g1sym/losses/SampleProvider.TSPAARKSPRINT1__Swoop__botA.bc24,SampleProvider.TSPAARKSPRINT1,0,B,TSPAARKSPRINT1,1,1947,CAPTURE,3,405,235,65,0,3,34,0,78,4,3960,20,0,2,627,1158,9,27,5,95,211,950,ATK@600+CAP@1200+HEAL@1800
gauntlet/20261002-222138-scrim-g1sym/losses/Strequals.duck0127v5__Canals__botA.bc24,Strequals.duck0127v5,1,A,g1sym,0,940,CAPTURE,0,-1,543,2,0,0,0,0,0,62,190,165,10,8,798,1663,20,0,56,116,131,311,ATK@600
gauntlet/20261002-222138-scrim-g1sym/losses/Strequals.duck0127v5__Canals__botA.bc24,Strequals.duck0127v5,0,B,duck0127v5,1,940,CAPTURE,3,623,449,17,0,0,0,90,71,1,3541,2711,18,3,1106,1487,0,2,101,291,311,131,ATK@600
gauntlet/20261002-222138-scrim-g1sym/losses/SampleProvider.TSPAARKSPRINT1__WheresMyWater__botB.bc24,SampleProvider.TSPAARKSPRINT1,0,A,TSPAARKSPRINT1,1,1084,CAPTURE,3,743,621,27,0,3,4,0,176,1,20,30,0,18,570,1980,0,14,0,34,58,327,ATK@600
gauntlet/20261002-222138-scrim-g1sym/losses/SampleProvider.TSPAARKSPRINT1__WheresMyWater__botB.bc24,SampleProvider.TSPAARKSPRINT1,1,B,g1sym,0,1084,CAPTURE,2,242,228,6,0,0,0,0,50,33,125,210,5,15,1244,1077,7,0,54,166,327,58,ATK@600
gauntlet/20261002-222138-scrim-g1sym/losses/Strequals.duck0127v5__Skyline__botB.bc24,Strequals.duck0127v5,0,A,duck0127v5,1,985,CAPTURE,3,527,499,15,0,0,0,90,69,39,18761,17596,18,11,1038,1438,0,2,140,322,200,158,ATK@600
gauntlet/20261002-222138-scrim-g1sym/losses/Strequals.duck0127v5__Skyline__botB.bc24,Strequals.duck0127v5,1,B,g1sym,0,985,CAPTURE,1,812,390,11,0,0,0,0,101,100,9305,275,9,6,973,1447,24,0,188,258,158,200,ATK@600
gauntlet/20261002-222138-scrim-g1sym/losses/Strequals.duck0127v5__Foxes__botB.bc24,Strequals.duck0127v5,0,A,duck0127v5,1,1586,CAPTURE,3,569,462,10,0,0,0,90,13,24,6963,5283,18,4,925,1116,0,3,129,486,538,269,ATK@600+HEAL@1200
gauntlet/20261002-222138-scrim-g1sym/losses/Strequals.duck0127v5__Foxes__botB.bc24,Strequals.duck0127v5,1,B,g1sym,0,1586,CAPTURE,1,369,297,8,0,0,0,0,14,77,705,265,12,11,729,1278,25,0,79,192,269,538,ATK@600+HEAL@1200
gauntlet/20261002-222138-scrim-g1sym/losses/Strequals.duck0127v5__Divergent__botA.bc24,Strequals.duck0127v5,1,A,g1sym,0,2000,LEVEL_SUM,0,-1,536,8,0,0,0,0,37,41,241,221,6,21,507,976,12,0,47,186,220,434,ATK@600+HEAL@1200+CAP@1800
gauntlet/20261002-222138-scrim-g1sym/losses/Strequals.duck0127v5__Divergent__botA.bc24,Strequals.duck0127v5,0,B,duck0127v5,1,2000,LEVEL_SUM,0,-1,368,37,0,0,0,68,19,1,4533,3371,13,13,726,855,0,2,57,351,434,220,ATK@600+HEAL@1200+CAP@1800
gauntlet/20261002-222138-scrim-g1sym/losses/Strequals.duck0127v5__Soccer__botA.bc24,Strequals.duck0127v5,1,A,g1sym,0,812,CAPTURE,0,-1,254,8,0,0,0,0,21,39,135,200,7,21,830,1396,11,0,42,78,112,179,ATK@600
gauntlet/20261002-222138-scrim-g1sym/losses/Strequals.duck0127v5__Soccer__botA.bc24,Strequals.duck0127v5,0,B,duck0127v5,1,812,CAPTURE,3,574,312,16,0,0,0,90,19,3,3315,2135,18,6,1070,1331,0,3,84,192,179,112,ATK@600
gauntlet/20261002-222138-scrim-g1sym/losses/andli28.v9_USQuals_angle__AceOfSpades__botB.bc24,andli28.v9_USQuals_angle,0,A,v9_USQuals_angle,1,902,CAPTURE,3,322,272,18,0,0,0,89,14,13,1701,17391,18,17,1117,1310,19,4,135,306,328,146,ATK@600
gauntlet/20261002-222138-scrim-g1sym/losses/andli28.v9_USQuals_angle__AceOfSpades__botB.bc24,andli28.v9_USQuals_angle,1,B,g1sym,0,902,CAPTURE,1,518,262,11,0,0,0,0,10,34,165,245,5,1,918,1393,9,0,52,109,146,328,ATK@600
gauntlet/20261002-222138-scrim-g1sym/losses/andli28.v9_USQuals_angle__Funnel__botB.bc24,andli28.v9_USQuals_angle,0,A,v9_USQuals_angle,1,1413,CAPTURE,3,569,443,15,0,0,0,90,20,14,2025,2755,18,3,1142,1557,6,3,105,400,436,178,ATK@600+HEAL@1200
gauntlet/20261002-222138-scrim-g1sym/losses/andli28.v9_USQuals_angle__Funnel__botB.bc24,andli28.v9_USQuals_angle,1,B,g1sym,0,1413,CAPTURE,0,-1,885,3,0,0,0,0,31,33,205,165,6,5,898,1523,7,0,59,155,178,436,ATK@600+HEAL@1200
gauntlet/20261002-222138-scrim-g1sym/losses/andli28.v9_USQuals_angle__Occulus__botA.bc24,andli28.v9_USQuals_angle,1,A,g1sym,0,1043,CAPTURE,0,-1,0,0,0,0,0,0,14,34,180,150,6,5,951,1631,5,0,51,105,205,288,ATK@600
gauntlet/20261002-222138-scrim-g1sym/losses/andli28.v9_USQuals_angle__Occulus__botA.bc24,andli28.v9_USQuals_angle,0,B,v9_USQuals_angle,1,1043,CAPTURE,3,422,345,22,0,0,0,74,10,8,2107,8031,16,14,1073,1412,7,3,81,284,288,205,ATK@600
gauntlet/20261002-222138-scrim-g1sym/losses/andli28.v9_USQuals_angle__QuestionableChess__botA.bc24,andli28.v9_USQuals_angle,1,A,g1sym,0,691,CAPTURE,0,-1,0,0,0,0,0,0,56,5,120,110,1,11,794,1066,1,0,13,41,107,133,ATK@600
gauntlet/20261002-222138-scrim-g1sym/losses/andli28.v9_USQuals_angle__QuestionableChess__botA.bc24,andli28.v9_USQuals_angle,0,B,v9_USQuals_angle,1,691,CAPTURE,3,529,272,28,0,0,0,55,30,7,16,72,11,6,793,879,0,4,22,57,133,107,ATK@600
gauntlet/20261002-222138-scrim-g1sym/losses/andli28.v9_USQuals_angle__Gated__botA.bc24,andli28.v9_USQuals_angle,1,A,g1sym,0,2000,MORE_FLAG_CAPTURES,0,-1,1567,1,0,0,0,0,30,27,145,285,4,3,807,1342,4,0,41,176,232,497,ATK@600+HEAL@1200+CAP@1800
gauntlet/20261002-222138-scrim-g1sym/losses/andli28.v9_USQuals_angle__Gated__botA.bc24,andli28.v9_USQuals_angle,0,B,v9_USQuals_angle,1,2000,MORE_FLAG_CAPTURES,2,282,233,9,0,0,0,84,18,6,1533,2215,17,4,935,1125,1,3,71,314,497,232,ATK@600+HEAL@1200+CAP@1800
gauntlet/20261002-222138-scrim-g1sym/losses/andli28.v9_USQuals_angle__SteamboatMickey__botB.bc24,andli28.v9_USQuals_angle,0,A,v9_USQuals_angle,1,1388,CAPTURE,3,263,213,13,0,0,0,89,3,6,7849,17949,18,14,942,1137,19,3,104,434,453,227,ATK@600+HEAL@1200
gauntlet/20261002-222138-scrim-g1sym/losses/andli28.v9_USQuals_angle__SteamboatMickey__botB.bc24,andli28.v9_USQuals_angle,1,B,g1sym,0,1388,CAPTURE,1,264,212,5,0,0,0,0,7,76,615,205,11,2,961,1392,24,0,91,210,227,453,ATK@600+HEAL@1200
gauntlet/20261002-222138-scrim-g1sym/losses/andrewgopher.player22__Divergent__botB.bc24,andrewgopher.player22,0,A,player22,1,2000,MORE_FLAG_CAPTURES,2,1189,261,23,0,3,0,0,78,0,3660,330,0,10,959,389,4,0,55,259,501,597,ATK@600+HEAL@1200+CAP@1800
gauntlet/20261002-222138-scrim-g1sym/losses/andrewgopher.player22__Divergent__botB.bc24,andrewgopher.player22,1,B,g1sym,0,2000,MORE_FLAG_CAPTURES,0,-1,583,1,0,0,0,0,32,42,295,235,7,14,713,1240,13,0,45,194,597,501,ATK@600+HEAL@1200+CAP@1800
gauntlet/20261002-222138-scrim-g1sym/losses/andrewgopher.player22__Snake__botA.bc24,andrewgopher.player22,1,A,g1sym,0,1878,CAPTURE,0,-1,464,1,0,0,0,0,180,83,695,276,12,2,928,1411,24,0,219,380,713,966,ATK@600+HEAL@1200+CAP@1800
gauntlet/20261002-222138-scrim-g1sym/losses/andrewgopher.player22__Snake__botA.bc24,andrewgopher.player22,0,B,player22,1,1878,CAPTURE,3,403,326,24,14,3,0,0,138,0,11360,26270,0,4,869,399,77,0,61,643,966,713,ATK@600+HEAL@1200+CAP@1800
gauntlet/20261002-222138-scrim-g1sym/losses/andrewgopher.player22__StackGame__botA.bc24,andrewgopher.player22,1,A,g1sym,0,493,CAPTURE,0,-1,326,2,0,0,0,0,31,53,210,250,10,23,1046,1433,12,0,60,66,141,118,
gauntlet/20261002-222138-scrim-g1sym/losses/andrewgopher.player22__StackGame__botA.bc24,andrewgopher.player22,0,B,player22,1,493,CAPTURE,3,297,252,10,0,3,0,0,49,0,5530,70,0,5,1409,874,2,0,92,100,118,141,
gauntlet/20261002-222138-scrim-g1sym/losses/andrewgopher.player22__Yinyang__botB.bc24,andrewgopher.player22,0,A,player22,1,903,CAPTURE,3,282,264,22,0,3,0,0,0,0,5300,90,0,3,1390,675,0,0,75,148,305,443,ATK@600
gauntlet/20261002-222138-scrim-g1sym/losses/andrewgopher.player22__Yinyang__botB.bc24,andrewgopher.player22,1,B,g1sym,0,903,CAPTURE,2,804,573,6,0,0,0,0,0,47,135,260,9,19,1090,1867,10,0,56,117,443,305,ATK@600
gauntlet/20261002-222138-scrim-g1sym/losses/andrewgopher.player22__WheresMyWater__botA.bc24,andrewgopher.player22,1,A,g1sym,0,2000,MORE_FLAG_CAPTURES,1,1944,1926,4,0,0,0,0,46,33,190,90,6,0,1043,1540,8,0,45,207,704,680,ATK@600+HEAL@1200+CAP@1800
gauntlet/20261002-222138-scrim-g1sym/losses/andrewgopher.player22__WheresMyWater__botA.bc24,andrewgopher.player22,0,B,player22,1,2000,MORE_FLAG_CAPTURES,2,261,241,9,2,3,0,0,91,0,2670,30,0,3,1339,609,13,0,55,286,680,704,ATK@600+HEAL@1200+CAP@1800
gauntlet/20261002-222138-scrim-g1sym/losses/andrewgopher.player22__Fountain__botA.bc24,andrewgopher.player22,1,A,g1sym,0,1828,CAPTURE,1,1130,403,10,0,0,0,0,39,20,230,230,2,4,855,1375,9,0,30,184,936,485,ATK@600+HEAL@1200+CAP@1800
gauntlet/20261002-222138-scrim-g1sym/losses/andrewgopher.player22__Fountain__botA.bc24,andrewgopher.player22,0,B,player22,1,1828,CAPTURE,3,289,259,28,0,3,0,0,67,0,2090,410,0,3,968,529,3,0,27,175,485,936,ATK@600+HEAL@1200+CAP@1800
gauntlet/20261002-222138-scrim-g1sym/losses/chenyx512.flagbot_final__Alligator__botA.bc24,chenyx512.flagbot_final,1,A,g1sym,0,1179,CAPTURE,0,-1,0,0,0,0,0,0,53,32,165,215,6,28,956,1410,11,0,51,142,154,745,ATK@600
gauntlet/20261002-222138-scrim-g1sym/losses/chenyx512.flagbot_final__Alligator__botA.bc24,chenyx512.flagbot_final,0,B,flagbot_final,1,1179,CAPTURE,3,446,241,18,0,3,40,90,133,9,112,3082,18,3,1076,1503,0,0,115,405,745,154,ATK@600
gauntlet/20261002-222138-scrim-g1sym/losses/chenyx512.flagbot_final__Bunkers__botA.bc24,chenyx512.flagbot_final,1,A,g1sym,0,653,CAPTURE,1,453,274,3,0,0,0,0,35,36,175,275,6,14,1102,1789,7,0,49,75,33,183,ATK@600
gauntlet/20261002-222138-scrim-g1sym/losses/chenyx512.flagbot_final__Bunkers__botA.bc24,chenyx512.flagbot_final,0,B,flagbot_final,1,653,CAPTURE,3,508,294,15,0,3,47,90,117,5,73,38,18,3,1255,1934,0,0,41,99,183,33,ATK@600
gauntlet/20261002-222138-scrim-g1sym/losses/chenyx512.flagbot_final__CH3353C4K3F4CT0RY__botB.bc24,chenyx512.flagbot_final,0,A,flagbot_final,1,994,CAPTURE,3,667,269,23,0,3,38,90,111,0,10811,8541,18,6,1062,1634,0,0,226,439,442,109,ATK@600
gauntlet/20261002-222138-scrim-g1sym/losses/chenyx512.flagbot_final__CH3353C4K3F4CT0RY__botB.bc24,chenyx512.flagbot_final,1,B,g1sym,0,994,CAPTURE,0,-1,284,6,0,0,0,0,10,111,2895,295,12,13,952,1348,24,0,135,217,109,442,ATK@600
gauntlet/20261002-222138-scrim-g1sym/losses/chenyx512.flagbot_final__KingQuacksCastle__botB.bc24,chenyx512.flagbot_final,0,A,flagbot_final,1,645,CAPTURE,3,413,367,8,0,3,44,90,85,0,233,4673,18,4,1166,1586,0,0,148,158,168,31,ATK@600
gauntlet/20261002-222138-scrim-g1sym/losses/chenyx512.flagbot_final__KingQuacksCastle__botB.bc24,chenyx512.flagbot_final,1,B,g1sym,0,645,CAPTURE,0,-1,0,0,0,0,0,0,29,27,205,210,4,12,914,1433,4,0,43,64,31,168,ATK@600
gauntlet/20261002-222138-scrim-g1sym/losses/chenyx512.flagbot_final__Intercontinental__botA.bc24,chenyx512.flagbot_final,1,A,g1sym,0,1319,CAPTURE,2,444,310,15,0,0,0,0,87,17,160,45,2,7,604,874,5,0,19,108,114,521,ATK@600+HEAL@1200
gauntlet/20261002-222138-scrim-g1sym/losses/chenyx512.flagbot_final__Intercontinental__botA.bc24,chenyx512.flagbot_final,0,B,flagbot_final,1,1319,CAPTURE,3,1080,744,14,0,3,25,77,125,0,27,43,15,3,629,944,0,0,11,152,521,114,ATK@600+HEAL@1200
gauntlet/20261002-222138-scrim-g1sym/losses/clbarrell.duck8__Fountain__botA.bc24,clbarrell.duck8,1,A,g1sym,0,498,CAPTURE,0,-1,226,1,0,0,0,0,38,20,200,200,3,1,833,920,11,0,29,40,95,74,
gauntlet/20261002-222138-scrim-g1sym/losses/clbarrell.duck8__Fountain__botA.bc24,clbarrell.duck8,0,B,duck8,1,498,CAPTURE,3,281,237,10,0,0,0,0,26,23,20,100,1,15,729,858,10,0,41,34,74,95,
gauntlet/20261002-222138-scrim-g1sym/losses/chenyx512.flagbot_final__OceanFloor__botB.bc24,chenyx512.flagbot_final,0,A,flagbot_final,1,686,CAPTURE,3,384,228,13,0,3,53,90,74,3,141,11,18,3,817,1231,0,0,46,80,128,44,ATK@600
gauntlet/20261002-222138-scrim-g1sym/losses/chenyx512.flagbot_final__OceanFloor__botB.bc24,chenyx512.flagbot_final,1,B,g1sym,0,686,CAPTURE,0,-1,400,9,0,0,0,0,31,27,205,230,4,5,748,1051,2,0,40,67,44,128,ATK@600
gauntlet/20261002-222138-scrim-g1sym/losses/clbarrell.duck8__Diagonal__botB.bc24,clbarrell.duck8,0,A,duck8,1,2000,MORE_FLAG_CAPTURES,1,355,262,5,0,0,0,0,18,50,440,30,3,10,668,643,16,0,65,215,288,678,ATK@750+HEAL@1500
gauntlet/20261002-222138-scrim-g1sym/losses/clbarrell.duck8__Diagonal__botB.bc24,clbarrell.duck8,1,B,g1sym,0,2000,MORE_FLAG_CAPTURES,0,-1,475,12,0,0,0,0,23,58,158,258,10,0,765,879,18,0,63,206,678,288,ATK@600+HEAL@1200+CAP@1800
gauntlet/20261002-222138-scrim-g1sym/losses/clbarrell.duck8__Whirlpool__botA.bc24,clbarrell.duck8,1,A,g1sym,0,2000,MORE_FLAG_CAPTURES,0,-1,756,2,0,0,0,0,75,23,190,240,3,24,1102,1078,6,0,29,194,1041,387,ATK@600+HEAL@1200+CAP@1800
gauntlet/20261002-222138-scrim-g1sym/losses/clbarrell.duck8__Whirlpool__botA.bc24,clbarrell.duck8,0,B,duck8,1,2000,MORE_FLAG_CAPTURES,1,359,295,10,0,0,0,0,41,33,160,740,3,10,863,736,6,0,86,246,387,1041,ATK@750+HEAL@1500
gauntlet/20261002-222138-scrim-g1sym/losses/hsmalladi.finalbot__HungerGames__botB.bc24,hsmalladi.finalbot,0,A,finalbot,1,370,CAPTURE,3,310,246,13,3,3,20,15,19,0,2246,9571,2,2,784,845,0,3,186,161,35,28,
gauntlet/20261002-222138-scrim-g1sym/losses/hsmalladi.finalbot__HungerGames__botB.bc24,hsmalladi.finalbot,1,B,g1sym,0,370,CAPTURE,0,-1,360,1,0,0,0,0,19,21,195,230,3,0,603,989,10,0,65,63,28,35,
gauntlet/20261002-222138-scrim-g1sym/losses/dmtrung14.defaultplayer_intlqualifier__GaltonBoard__botB.bc24,dmtrung14.defaultplayer_intlqualifier,0,A,defaultplayer_intlqualifier,1,2000,MORE_FLAG_CAPTURES,2,366,303,26,13,3,5,0,9,15,30,780,0,4,477,774,6,20,8,64,109,1206,ATK@600+HEAL@1200+CAP@1800
gauntlet/20261002-222138-scrim-g1sym/losses/dmtrung14.defaultplayer_intlqualifier__GaltonBoard__botB.bc24,dmtrung14.defaultplayer_intlqualifier,1,B,g1sym,0,2000,MORE_FLAG_CAPTURES,1,1831,258,28,0,0,0,0,12,19,135,115,3,36,1536,794,1,0,49,176,1206,109,ATK@600+HEAL@1200+CAP@1800
gauntlet/20261002-222138-scrim-g1sym/losses/dmtrung14.defaultplayer_intlqualifier__Foxes__botB.bc24,dmtrung14.defaultplayer_intlqualifier,0,A,defaultplayer_intlqualifier,1,2000,MORE_FLAG_CAPTURES,2,1306,236,27,19,3,39,0,18,22,6560,5160,0,2,272,804,6,37,27,88,34,326,ATK@600+HEAL@1200+CAP@1800
gauntlet/20261002-222138-scrim-g1sym/losses/dmtrung14.defaultplayer_intlqualifier__Foxes__botB.bc24,dmtrung14.defaultplayer_intlqualifier,1,B,g1sym,0,2000,MORE_FLAG_CAPTURES,0,-1,286,10,0,0,0,0,17,76,695,55,12,13,772,372,24,0,59,133,326,34,ATK@600+HEAL@1200+CAP@1800
gauntlet/20261002-222138-scrim-g1sym/losses/hsmalladi.finalbot__BreadPudding__botB.bc24,hsmalladi.finalbot,0,A,finalbot,1,1422,CAPTURE,3,369,297,31,4,3,21,34,49,0,2977,97,6,0,939,1155,7,5,40,193,324,385,ATK@600+HEAL@1200
gauntlet/20261002-222138-scrim-g1sym/losses/hsmalladi.finalbot__BreadPudding__botB.bc24,hsmalladi.finalbot,1,B,g1sym,0,1422,CAPTURE,1,1277,291,6,0,0,0,0,43,28,155,250,4,19,863,1394,9,0,38,126,385,324,ATK@600+HEAL@1200
gauntlet/20261002-222138-scrim-g1sym/losses/dmtrung14.defaultplayer_intlqualifier__Klein__botA.bc24,dmtrung14.defaultplayer_intlqualifier,1,A,g1sym,0,2000,LEVEL_SUM,0,-1,0,0,0,0,0,0,77,48,165,245,9,9,782,434,13,0,44,2,159,6,ATK@600+HEAL@1200+CAP@1800
gauntlet/20261002-222138-scrim-g1sym/losses/dmtrung14.defaultplayer_intlqualifier__Klein__botA.bc24,dmtrung14.defaultplayer_intlqualifier,0,B,defaultplayer_intlqualifier,1,2000,LEVEL_SUM,0,-1,0,3,0,3,26,0,207,10,90,150,0,14,267,753,6,22,9,24,6,159,ATK@600+HEAL@1200+CAP@1800
gauntlet/20261002-222138-scrim-g1sym/losses/hsmalladi.finalbot__StackGame__botA.bc24,hsmalladi.finalbot,1,A,g1sym,0,417,CAPTURE,0,-1,0,0,0,0,0,0,34,52,185,305,10,18,960,1622,12,0,60,63,82,55,
gauntlet/20261002-222138-scrim-g1sym/losses/hsmalladi.finalbot__StackGame__botA.bc24,hsmalladi.finalbot,0,B,finalbot,1,417,CAPTURE,3,282,242,14,2,3,23,58,71,4,3551,141,11,0,1104,1027,10,3,54,59,55,82,
gauntlet/20261002-222138-scrim-g1sym/losses/jmerle.camel_case_v21_final__HungerGames__botB.bc24,jmerle.camel_case_v21_final,0,A,camel_case_v21_final,1,308,CAPTURE,3,290,250,5,0,0,0,0,5,0,2950,11970,0,2,725,319,0,0,181,142,70,25,
gauntlet/20261002-222138-scrim-g1sym/losses/jmerle.camel_case_v21_final__HungerGames__botB.bc24,jmerle.camel_case_v21_final,1,B,g1sym,0,308,CAPTURE,0,-1,226,1,0,0,0,0,19,24,195,270,4,0,326,396,8,0,40,38,25,70,
gauntlet/20261002-222138-scrim-g1sym/losses/hsmalladi.finalbot__Puzzle__botA.bc24,hsmalladi.finalbot,1,A,g1sym,0,673,CAPTURE,2,310,232,4,0,0,0,0,5,21,195,60,4,4,531,670,21,0,56,77,148,74,ATK@600
gauntlet/20261002-222138-scrim-g1sym/losses/hsmalladi.finalbot__Puzzle__botA.bc24,hsmalladi.finalbot,0,B,finalbot,1,673,CAPTURE,3,333,267,42,8,3,27,0,68,0,360,7620,0,0,534,516,0,6,143,151,74,148,ATK@600
gauntlet/20261002-222138-scrim-g1sym/losses/jmerle.camel_case_v21_final__OceanFloor__botB.bc24,jmerle.camel_case_v21_final,0,A,camel_case_v21_final,1,617,CAPTURE,3,290,236,8,0,0,0,0,6,10,2620,2140,0,3,1123,534,0,0,66,95,131,169,ATK@600
gauntlet/20261002-222138-scrim-g1sym/losses/jmerle.camel_case_v21_final__OceanFloor__botB.bc24,jmerle.camel_case_v21_final,1,B,g1sym,0,617,CAPTURE,1,585,221,5,0,0,0,0,45,22,175,200,3,0,803,1113,2,0,42,55,169,131,ATK@600
gauntlet/20261002-222138-scrim-g1sym/losses/jmerle.camel_case_v21_final__Starfish__botB.bc24,jmerle.camel_case_v21_final,0,A,camel_case_v21_final,1,411,CAPTURE,3,260,221,10,0,0,0,0,213,1,10,70,0,12,1404,558,0,0,20,20,113,129,
gauntlet/20261002-222138-scrim-g1sym/losses/jmerle.camel_case_v21_final__Starfish__botB.bc24,jmerle.camel_case_v21_final,1,B,g1sym,0,411,CAPTURE,0,-1,226,4,0,0,0,0,95,28,144,238,4,18,1112,1227,9,0,44,39,129,113,
gauntlet/20261002-222138-scrim-g1sym/losses/jmerle.camel_case_v21_final__GravitationalWaves__botB.bc24,jmerle.camel_case_v21_final,0,A,camel_case_v21_final,1,2000,MORE_FLAG_CAPTURES,1,487,258,3,0,0,0,0,77,1,3690,2210,0,12,987,740,0,0,49,91,367,572,ATK@600+HEAL@1200+CAP@1800
gauntlet/20261002-222138-scrim-g1sym/losses/jmerle.camel_case_v21_final__GravitationalWaves__botB.bc24,jmerle.camel_case_v21_final,1,B,g1sym,0,2000,MORE_FLAG_CAPTURES,0,-1,338,8,0,0,0,0,68,33,170,300,5,23,748,1542,6,0,47,140,572,367,ATK@600+HEAL@1200+CAP@1800
gauntlet/20261002-222138-scrim-g1sym/losses/jmerle.camel_case_v21_final__Hurricane__botA.bc24,jmerle.camel_case_v21_final,1,A,g1sym,0,2000,MORE_FLAG_CAPTURES,0,-1,209,22,0,0,0,0,65,40,155,295,7,27,637,921,12,0,42,155,306,174,ATK@600+HEAL@1200+CAP@1800
gauntlet/20261002-222138-scrim-g1sym/losses/jmerle.camel_case_v21_final__Hurricane__botA.bc24,jmerle.camel_case_v21_final,0,B,camel_case_v21_final,1,2000,MORE_FLAG_CAPTURES,2,851,218,28,0,0,0,0,50,3,5100,4250,0,8,868,295,0,0,55,117,174,306,ATK@600+HEAL@1200+CAP@1800
gauntlet/20261002-222138-scrim-g1sym/losses/jonters.bling3__Randy__botB.bc24,jonters.bling3,0,A,bling3,1,1277,CAPTURE,3,250,218,8,0,0,0,0,6,7,4220,4240,0,8,632,1333,42,0,0,107,212,535,ATK@600+HEAL@1200
gauntlet/20261002-222138-scrim-g1sym/losses/jonters.bling3__Randy__botB.bc24,jonters.bling3,1,B,g1sym,0,1277,CAPTURE,1,739,211,35,0,0,0,0,6,48,210,196,9,10,1017,1290,11,0,62,213,535,212,ATK@600+HEAL@1200
gauntlet/20261002-222138-scrim-g1sym/losses/kyleezz.jeeryfix3__OceanFloor__botA.bc24,kyleezz.jeeryfix3,1,A,g1sym,0,454,CAPTURE,0,-1,254,1,0,0,0,0,34,24,195,213,3,1,912,1118,4,0,51,58,128,47,
gauntlet/20261002-222138-scrim-g1sym/losses/kyleezz.jeeryfix3__OceanFloor__botA.bc24,kyleezz.jeeryfix3,0,B,jeeryfix3,1,454,CAPTURE,3,293,225,8,0,0,0,0,67,6,1190,730,0,3,947,580,0,0,42,43,47,128,
gauntlet/20261002-222138-scrim-g1sym/losses/kyleezz.jeeryfix3__Hurricane__botB.bc24,kyleezz.jeeryfix3,0,A,jeeryfix3,1,2000,MORE_FLAG_CAPTURES,1,608,213,9,0,0,0,0,183,1,1310,1140,0,10,561,575,0,0,16,22,35,189,ATK@600+CAP@1200+HEAL@1800
gauntlet/20261002-222138-scrim-g1sym/losses/kyleezz.jeeryfix3__Hurricane__botB.bc24,kyleezz.jeeryfix3,1,B,g1sym,0,2000,MORE_FLAG_CAPTURES,0,-1,220,2,0,0,0,0,64,41,195,245,7,14,554,645,11,0,54,23,189,35,ATK@600+HEAL@1200+CAP@1800
gauntlet/20261002-222138-scrim-g1sym/losses/quesswho.cretplayer2_3__Battlefield__botB.bc24,quesswho.cretplayer2_3,0,A,cretplayer2_3,1,292,CAPTURE,3,250,223,15,0,3,7,0,39,0,4930,920,0,17,572,418,0,3,47,45,28,61,
gauntlet/20261002-222138-scrim-g1sym/losses/quesswho.cretplayer2_3__Battlefield__botB.bc24,quesswho.cretplayer2_3,1,B,g1sym,0,292,CAPTURE,0,-1,282,1,0,0,0,0,25,48,190,290,8,0,652,625,9,0,49,34,61,28,
gauntlet/20261002-222138-scrim-g1sym/losses/kyleezz.jeeryfix3__Skyline__botA.bc24,kyleezz.jeeryfix3,1,A,g1sym,0,569,CAPTURE,0,-1,240,2,0,0,0,0,99,105,8845,218,9,30,1193,1251,24,0,191,189,218,132,
gauntlet/20261002-222138-scrim-g1sym/losses/kyleezz.jeeryfix3__Skyline__botA.bc24,kyleezz.jeeryfix3,0,B,jeeryfix3,1,569,CAPTURE,3,340,277,12,0,0,0,0,170,11,17800,14760,0,5,1101,700,0,0,175,159,132,218,
gauntlet/20261002-222138-scrim-g1sym/losses/quesswho.cretplayer2_3__Canals__botA.bc24,quesswho.cretplayer2_3,1,A,g1sym,0,682,CAPTURE,2,584,247,7,0,0,0,0,0,57,185,225,11,0,849,907,19,0,55,87,150,72,ATK@600
gauntlet/20261002-222138-scrim-g1sym/losses/quesswho.cretplayer2_3__Canals__botA.bc24,quesswho.cretplayer2_3,0,B,cretplayer2_3,1,682,CAPTURE,3,337,252,14,0,3,18,0,0,0,7000,930,0,4,763,808,0,4,70,99,72,150,ATK@600
gauntlet/20261002-222138-scrim-g1sym/losses/quesswho.cretplayer2_3__KingQuacksCastle__botB.bc24,quesswho.cretplayer2_3,0,A,cretplayer2_3,1,1042,CAPTURE,3,369,234,65,0,3,44,0,26,0,3220,1050,0,4,1157,919,0,3,105,204,429,447,ATK@600
gauntlet/20261002-222138-scrim-g1sym/losses/quesswho.cretplayer2_3__KingQuacksCastle__botB.bc24,quesswho.cretplayer2_3,1,B,g1sym,0,1042,CAPTURE,0,-1,374,6,0,0,0,0,26,28,160,230,4,0,1068,1107,4,0,48,133,447,429,ATK@600
gauntlet/20261002-222138-scrim-g1sym/losses/quesswho.cretplayer2_3__Tunnels__botB.bc24,quesswho.cretplayer2_3,0,A,cretplayer2_3,1,662,CAPTURE,3,301,236,36,0,3,18,0,55,0,3150,950,0,18,693,679,0,4,44,63,109,232,ATK@600
gauntlet/20261002-222138-scrim-g1sym/losses/quesswho.cretplayer2_3__Tunnels__botB.bc24,quesswho.cretplayer2_3,1,B,g1sym,0,662,CAPTURE,1,500,419,2,0,0,0,0,59,24,175,260,3,0,1044,949,6,0,46,73,232,109,ATK@600
gauntlet/20261002-222138-scrim-g1sym/losses/winkelmantanner.waffle__Gauntlet__botB.bc24,winkelmantanner.waffle,0,A,waffle,1,441,CAPTURE,3,388,250,34,0,0,0,0,36,3,3120,1370,0,3,803,798,0,0,56,53,68,75,
gauntlet/20261002-222138-scrim-g1sym/losses/winkelmantanner.waffle__Gauntlet__botB.bc24,winkelmantanner.waffle,1,B,g1sym,0,441,CAPTURE,1,358,298,2,0,0,0,0,57,25,135,165,4,6,854,912,4,0,41,37,75,68,
gauntlet/20261002-222138-scrim-g1sym/losses/quesswho.cretplayer2_3__OceanFloor__botA.bc24,quesswho.cretplayer2_3,1,A,g1sym,0,946,CAPTURE,1,529,320,11,0,0,0,0,35,25,145,205,4,1,510,671,3,0,36,85,109,51,ATK@600
gauntlet/20261002-222138-scrim-g1sym/losses/quesswho.cretplayer2_3__OceanFloor__botA.bc24,quesswho.cretplayer2_3,0,B,cretplayer2_3,1,946,CAPTURE,3,416,224,7,0,3,50,0,15,0,3350,950,0,3,493,575,0,4,36,65,51,109,ATK@600
gauntlet/20261002-222138-scrim-g1sym/losses/winkelmantanner.waffle__BedWars__botA.bc24,winkelmantanner.waffle,1,A,g1sym,0,752,CAPTURE,1,638,359,7,0,0,0,0,0,40,180,120,7,16,588,703,10,0,30,51,181,77,ATK@600
gauntlet/20261002-222138-scrim-g1sym/losses/winkelmantanner.waffle__BedWars__botA.bc24,winkelmantanner.waffle,0,B,waffle,1,752,CAPTURE,3,476,366,24,0,0,0,0,0,3,4500,1860,0,3,455,489,0,0,35,52,77,181,ATK@600
gauntlet/20261002-222138-scrim-g1sym/losses/winkelmantanner.waffle__Islands__botA.bc24,winkelmantanner.waffle,1,A,g1sym,0,389,CAPTURE,0,-1,0,0,0,0,0,0,80,50,155,225,8,0,998,1238,13,0,57,48,77,45,
gauntlet/20261002-222138-scrim-g1sym/losses/winkelmantanner.waffle__Islands__botA.bc24,winkelmantanner.waffle,0,B,waffle,1,389,CAPTURE,3,312,224,18,0,0,0,0,45,56,1306,396,5,7,1022,914,0,0,93,80,45,77,
gauntlet/20261002-222138-scrim-g1sym/losses/winkelmantanner.waffle__Skyline__botA.bc24,winkelmantanner.waffle,1,A,g1sym,0,484,CAPTURE,0,-1,284,1,0,0,0,0,100,104,8955,248,9,1,1018,1061,24,0,188,168,99,93,
gauntlet/20261002-222138-scrim-g1sym/losses/winkelmantanner.waffle__Skyline__botA.bc24,winkelmantanner.waffle,0,B,waffle,1,484,CAPTURE,3,329,244,14,0,0,0,0,69,53,16630,12440,2,6,1042,1156,0,0,236,241,93,99,
gauntlet/20261002-222138-scrim-g1sym/losses/winkelmantanner.waffle__StackGame__botB.bc24,winkelmantanner.waffle,0,A,waffle,1,343,CAPTURE,3,244,221,15,0,0,0,0,26,21,4120,780,0,6,910,706,0,0,81,74,54,73,
gauntlet/20261002-222138-scrim-g1sym/losses/winkelmantanner.waffle__StackGame__botB.bc24,winkelmantanner.waffle,1,B,g1sym,0,343,CAPTURE,0,-1,0,0,0,0,0,0,29,53,120,250,9,0,896,948,15,0,53,43,73,54,
gauntlet/20261002-222138-scrim-g1sym/replays/ColtG5.Goob_final__BigDucksBigPond__botB.bc24,ColtG5.Goob_final,0,A,Goob_final,0,2000,MORE_FLAG_CAPTURES,0,-1,242,6,0,0,0,0,106,0,4220,10,0,11,1051,867,12,0,64,253,472,1474,ATK@600+HEAL@1200+CAP@1800
gauntlet/20261002-222138-scrim-g1sym/replays/ColtG5.Goob_final__BigDucksBigPond__botB.bc24,ColtG5.Goob_final,1,B,g1sym,1,2000,MORE_FLAG_CAPTURES,2,1594,1183,5,0,0,0,0,99,37,175,235,6,15,1140,1408,11,0,56,485,1474,472,ATK@600+HEAL@1200+CAP@1800
gauntlet/20261002-222138-scrim-g1sym/replays/ColtG5.Goob_final__Snake__botA.bc24,ColtG5.Goob_final,1,A,g1sym,1,2000,LEVEL_SUM,1,432,356,3,0,0,0,0,176,85,630,290,12,5,1094,1106,24,0,233,459,1072,549,ATK@600+HEAL@1200+CAP@1800
gauntlet/20261002-222138-scrim-g1sym/replays/ColtG5.Goob_final__Snake__botA.bc24,ColtG5.Goob_final,0,B,Goob_final,0,2000,LEVEL_SUM,1,533,326,12,0,0,0,0,137,0,11390,25550,0,5,881,694,12,0,100,573,549,1072,ATK@600+HEAL@1200+CAP@1800
gauntlet/20261002-222138-scrim-g1sym/replays/ColtG5.Goob_final__DefaultLarge__botA.bc24,ColtG5.Goob_final,1,A,g1sym,1,2000,MORE_FLAG_CAPTURES,1,1661,1500,2,0,0,0,0,41,23,185,265,3,13,1105,1352,7,0,44,359,1350,477,ATK@600+HEAL@1200+CAP@1800
gauntlet/20261002-222138-scrim-g1sym/replays/ColtG5.Goob_final__DefaultLarge__botA.bc24,ColtG5.Goob_final,0,B,Goob_final,0,2000,MORE_FLAG_CAPTURES,0,-1,245,9,0,0,0,0,38,0,3060,460,0,7,1035,765,12,0,79,289,477,1350,ATK@600+HEAL@1200+CAP@1800
gauntlet/20261002-222138-scrim-g1sym/losses/winkelmantanner.waffle__Whirlpool__botB.bc24,winkelmantanner.waffle,0,A,waffle,1,2000,MORE_FLAG_CAPTURES,2,419,273,14,0,0,0,0,58,23,1160,3590,0,18,951,1451,0,0,80,220,328,709,ATK@600+HEAL@1200+CAP@1800
gauntlet/20261002-222138-scrim-g1sym/losses/winkelmantanner.waffle__Whirlpool__botB.bc24,winkelmantanner.waffle,1,B,g1sym,0,2000,MORE_FLAG_CAPTURES,0,-1,0,0,0,0,0,0,76,24,120,220,4,18,1016,1261,5,0,36,199,709,328,ATK@600+HEAL@1200+CAP@1800
gauntlet/20261002-222138-scrim-g1sym/replays/CyrilSharma.finalBot__Fusbol__botA.bc24,CyrilSharma.finalBot,1,A,g1sym,1,2000,LEVEL_SUM,0,-1,0,0,0,0,0,0,93,43,670,302,3,13,578,703,20,0,129,280,503,462,ATK@600+HEAL@1200+CAP@1800
gauntlet/20261002-222138-scrim-g1sym/replays/CyrilSharma.finalBot__Fusbol__botA.bc24,CyrilSharma.finalBot,0,B,finalBot,0,2000,LEVEL_SUM,0,-1,352,4,0,0,0,16,25,0,3146,1161,2,4,489,820,0,0,48,431,462,503,ATK@600+HEAL@1200+CAP@1800
gauntlet/20261002-222138-scrim-g1sym/replays/CyrilSharma.finalBot__DefaultLarge__botA.bc24,CyrilSharma.finalBot,1,A,g1sym,1,2000,LEVEL_SUM,0,-1,0,0,0,0,0,0,46,22,135,130,3,6,1056,1350,9,0,42,173,559,511,ATK@600+HEAL@1200+CAP@1800
gauntlet/20261002-222138-scrim-g1sym/replays/CyrilSharma.finalBot__DefaultLarge__botA.bc24,CyrilSharma.finalBot,0,B,finalBot,0,2000,LEVEL_SUM,0,-1,406,3,0,0,0,60,9,0,2883,3838,12,4,1073,1335,0,0,165,559,511,559,ATK@600+HEAL@1200+CAP@1800
gauntlet/20261002-222138-scrim-g1sym/replays/Gymhgy.v10official__GravitationalWaves__botA.bc24,Gymhgy.v10official,1,A,g1sym,1,2000,LEVEL_SUM,0,-1,410,19,0,0,0,0,63,33,150,300,6,16,816,1167,8,0,42,106,77,89,ATK@600+HEAL@1200+CAP@1800
gauntlet/20261002-222138-scrim-g1sym/replays/Gymhgy.v10official__GravitationalWaves__botA.bc24,Gymhgy.v10official,0,B,v10official,0,2000,LEVEL_SUM,0,-1,867,8,0,3,0,81,62,3,2626,46,15,30,711,1289,11,3,45,56,89,77,ATK@600+HEAL@1200+CAP@1800
gauntlet/20261002-222138-scrim-g1sym/replays/awu7.ExplosiveBot__Alligator__botA.bc24,awu7.ExplosiveBot,1,A,g1sym,1,993,CAPTURE,3,880,224,13,0,0,0,0,47,32,165,260,6,8,1092,1265,17,0,70,194,557,86,ATK@600
gauntlet/20261002-222138-scrim-g1sym/replays/awu7.ExplosiveBot__Alligator__botA.bc24,awu7.ExplosiveBot,0,B,ExplosiveBot,0,993,CAPTURE,0,-1,222,5,2,0,0,0,69,10,2530,6330,0,46,769,988,2,0,24,63,86,557,ATK@600
gauntlet/20261002-222138-scrim-g1sym/replays/awu7.ExplosiveBot__Canals__botA.bc24,awu7.ExplosiveBot,1,A,g1sym,1,1496,CAPTURE,3,616,439,25,0,0,0,0,0,58,180,240,10,10,1142,1408,18,0,62,437,1248,155,ATK@600+HEAL@1200
gauntlet/20261002-222138-scrim-g1sym/replays/awu7.ExplosiveBot__Canals__botA.bc24,awu7.ExplosiveBot,0,B,ExplosiveBot,0,1496,CAPTURE,1,385,244,39,24,0,0,0,0,12,5200,170,0,7,690,410,37,0,10,110,155,1248,ATK@600+HEAL@1200
gauntlet/20261002-222138-scrim-g1sym/replays/IvanGeffner.kuma__Randy__botB.bc24,IvanGeffner.kuma,0,A,kuma,0,2000,MORE_FLAG_CAPTURES,0,-1,231,46,28,0,0,86,10,12,2933,1537,16,10,939,1025,14,0,122,436,372,337,ATK@600+HEAL@1200+CAP@1800
gauntlet/20261002-222138-scrim-g1sym/replays/IvanGeffner.kuma__Randy__botB.bc24,IvanGeffner.kuma,1,B,g1sym,1,2000,MORE_FLAG_CAPTURES,1,292,216,3,0,0,0,0,8,48,170,280,8,20,817,1352,11,0,57,176,337,372,ATK@600+HEAL@1200+CAP@1800
gauntlet/20261002-222138-scrim-g1sym/replays/awu7.ExplosiveBot__Joker__botB.bc24,awu7.ExplosiveBot,0,A,ExplosiveBot,0,1382,CAPTURE,0,-1,260,23,2,0,0,0,36,11,14520,13160,0,25,668,727,52,0,30,200,205,824,ATK@600+HEAL@1200
gauntlet/20261002-222138-scrim-g1sym/replays/awu7.ExplosiveBot__Joker__botB.bc24,awu7.ExplosiveBot,1,B,g1sym,1,1382,CAPTURE,3,604,238,16,0,0,0,0,4,109,4645,275,12,3,1226,1249,26,0,203,406,824,205,ATK@600+HEAL@1200
gauntlet/20261002-222138-scrim-g1sym/replays/awu7.ExplosiveBot__Klein__botB.bc24,awu7.ExplosiveBot,0,A,ExplosiveBot,0,1306,CAPTURE,1,368,352,7,1,0,0,0,259,6,30,20,0,13,675,511,2,0,9,60,140,867,ATK@600+HEAL@1200
gauntlet/20261002-222138-scrim-g1sym/replays/awu7.ExplosiveBot__Klein__botB.bc24,awu7.ExplosiveBot,1,B,g1sym,1,1306,CAPTURE,3,295,263,22,0,0,0,0,91,46,145,185,7,5,940,1039,20,0,57,268,867,140,ATK@600+HEAL@1200
gauntlet/20261002-222138-scrim-g1sym/replays/awu7.ExplosiveBot__GaltonBoard__botA.bc24,awu7.ExplosiveBot,1,A,g1sym,1,1197,CAPTURE,3,912,582,9,0,0,0,0,10,19,165,285,3,14,1282,1552,1,0,42,177,963,112,ATK@600
gauntlet/20261002-222138-scrim-g1sym/replays/awu7.ExplosiveBot__GaltonBoard__botA.bc24,awu7.ExplosiveBot,0,B,ExplosiveBot,0,1197,CAPTURE,1,249,225,9,7,0,0,0,11,9,1170,1530,0,44,908,973,11,0,13,59,112,963,ATK@600
gauntlet/20261002-222138-scrim-g1sym/replays/awu7.ExplosiveBot__Capacitance__botB.bc24,awu7.ExplosiveBot,0,A,ExplosiveBot,0,1435,CAPTURE,2,1073,412,63,56,0,0,0,28,1,4960,2230,0,21,623,667,34,0,9,104,143,868,ATK@600+HEAL@1200
gauntlet/20261002-222138-scrim-g1sym/replays/awu7.ExplosiveBot__Capacitance__botB.bc24,awu7.ExplosiveBot,1,B,g1sym,1,1435,CAPTURE,3,660,457,17,0,0,0,0,22,43,210,270,7,26,905,1083,13,0,71,254,868,143,ATK@600+HEAL@1200
gauntlet/20261002-222138-scrim-g1sym/replays/clbarrell.duck8__Hockey__botB.bc24,clbarrell.duck8,0,A,duck8,0,1713,CAPTURE,0,-1,0,0,0,0,0,0,27,42,10,60,3,5,992,1536,8,0,55,231,252,944,ATK@750+HEAL@1500
gauntlet/20261002-222138-scrim-g1sym/replays/clbarrell.duck8__Hockey__botB.bc24,clbarrell.duck8,1,B,g1sym,1,1713,CAPTURE,3,1534,382,10,0,0,0,0,27,43,160,185,8,22,1222,1538,12,0,48,221,944,252,ATK@600+HEAL@1200
gauntlet/20261002-222138-scrim-g1sym/replays/clbarrell.duck8__Islands__botB.bc24,clbarrell.duck8,0,A,duck8,0,843,CAPTURE,1,302,226,16,0,0,0,0,52,50,40,50,3,10,966,1040,17,0,54,112,116,355,ATK@750
gauntlet/20261002-222138-scrim-g1sym/replays/clbarrell.duck8__Islands__botB.bc24,clbarrell.duck8,1,B,g1sym,1,843,CAPTURE,3,670,422,9,0,0,0,0,81,49,185,255,9,3,1198,1547,12,0,67,131,355,116,ATK@600
gauntlet/20261002-222138-scrim-g1sym/replays/dmtrung14.defaultplayer_intlqualifier__DefaultHuge__botA.bc24,dmtrung14.defaultplayer_intlqualifier,1,A,g1sym,1,856,CAPTURE,3,478,294,7,0,0,0,0,8,51,180,175,9,7,1427,451,12,0,53,85,552,32,ATK@600
gauntlet/20261002-222138-scrim-g1sym/replays/dmtrung14.defaultplayer_intlqualifier__DefaultHuge__botA.bc24,dmtrung14.defaultplayer_intlqualifier,0,B,defaultplayer_intlqualifier,0,856,CAPTURE,2,469,222,37,21,3,28,0,17,30,1690,290,0,2,252,728,6,24,32,89,32,552,ATK@600
gauntlet/20261002-222138-scrim-g1sym/replays/dmtrung14.defaultplayer_intlqualifier__OceanFloor__botB.bc24,dmtrung14.defaultplayer_intlqualifier,0,A,defaultplayer_intlqualifier,0,2000,MORE_FLAG_CAPTURES,0,-1,230,15,3,3,17,0,48,17,60,120,0,6,247,742,5,13,18,62,12,2069,ATK@600+HEAL@1200+CAP@1800
gauntlet/20261002-222138-scrim-g1sym/replays/dmtrung14.defaultplayer_intlqualifier__OceanFloor__botB.bc24,dmtrung14.defaultplayer_intlqualifier,1,B,g1sym,1,2000,MORE_FLAG_CAPTURES,1,788,266,3,0,0,0,0,40,24,185,245,4,9,1395,400,2,0,58,663,2069,12,ATK@600+HEAL@1200+CAP@1800
gauntlet/20261002-222138-scrim-g1sym/replays/dmtrung14.defaultplayer_intlqualifier__StarryNight__botA.bc24,dmtrung14.defaultplayer_intlqualifier,1,A,g1sym,1,2000,LEVEL_SUM,0,-1,0,0,0,0,0,0,77,116,670,240,11,15,1076,576,24,0,119,79,236,32,ATK@600+HEAL@1200+CAP@1800
gauntlet/20261002-222138-scrim-g1sym/replays/dmtrung14.defaultplayer_intlqualifier__StarryNight__botA.bc24,dmtrung14.defaultplayer_intlqualifier,0,B,defaultplayer_intlqualifier,0,2000,LEVEL_SUM,0,-1,0,3,0,3,16,0,116,22,9920,9910,0,6,383,752,4,23,22,46,32,236,ATK@600+HEAL@1200+CAP@1800
gauntlet/20261002-222138-scrim-g1sym/replays/clbarrell.duck8__Mountain__botB.bc24,clbarrell.duck8,0,A,duck8,0,2000,LEVEL_SUM,1,264,242,12,0,0,0,0,12,45,50,30,3,8,834,742,17,0,64,197,474,972,ATK@750+HEAL@1500
gauntlet/20261002-222138-scrim-g1sym/replays/clbarrell.duck8__Mountain__botB.bc24,clbarrell.duck8,1,B,g1sym,1,2000,LEVEL_SUM,1,1920,1864,3,0,0,0,0,37,46,175,215,8,1,1098,1136,11,0,63,235,972,474,ATK@600+HEAL@1200+CAP@1800
gauntlet/20261002-222138-scrim-g1sym/replays/hsmalladi.finalbot__TwistedTreeline__botA.bc24,hsmalladi.finalbot,1,A,g1sym,1,1120,CAPTURE,3,796,332,9,0,0,0,0,65,22,120,250,3,3,1044,1392,7,0,32,143,419,229,ATK@600
gauntlet/20261002-222138-scrim-g1sym/replays/hsmalladi.finalbot__TwistedTreeline__botA.bc24,hsmalladi.finalbot,0,B,finalbot,0,1120,CAPTURE,2,463,295,70,4,3,17,53,64,0,2017,93,10,0,1104,1045,1,0,45,141,229,419,ATK@600
gauntlet/20261002-222138-scrim-g1sym/replays/hsmalladi.finalbot__Hurricane__botA.bc24,hsmalladi.finalbot,1,A,g1sym,1,2000,LEVEL_SUM,0,-1,721,4,0,0,0,0,67,41,185,250,7,12,664,939,10,0,45,82,127,50,ATK@600+HEAL@1200+CAP@1800
gauntlet/20261002-222138-scrim-g1sym/replays/hsmalladi.finalbot__Hurricane__botA.bc24,hsmalladi.finalbot,0,B,finalbot,0,2000,LEVEL_SUM,0,-1,217,50,2,3,86,60,56,5,3756,121,12,0,659,665,2,2,58,111,50,127,ATK@600+HEAL@1200+CAP@1800
gauntlet/20261002-222138-scrim-g1sym/replays/jonters.bling3__DefaultHuge__botB.bc24,jonters.bling3,0,A,bling3,0,618,CAPTURE,0,-1,239,3,0,0,0,0,44,7,3380,1370,0,0,617,1179,27,0,1,27,50,166,ATK@600
gauntlet/20261002-222138-scrim-g1sym/replays/jonters.bling3__DefaultHuge__botB.bc24,jonters.bling3,1,B,g1sym,1,618,CAPTURE,3,325,221,9,0,0,0,0,6,52,185,295,9,20,1104,1329,12,0,70,87,166,50,ATK@600
gauntlet/20261002-222138-scrim-g1sym/replays/jonters.bling3__Alien__botA.bc24,jonters.bling3,1,A,g1sym,1,1908,CAPTURE,3,884,226,28,0,0,0,0,10,41,203,238,7,19,1176,1367,15,0,50,285,1122,366,ATK@600+HEAL@1200+CAP@1800
gauntlet/20261002-222138-scrim-g1sym/replays/jonters.bling3__Alien__botA.bc24,jonters.bling3,0,B,bling3,0,1908,CAPTURE,2,365,236,9,0,0,0,0,10,18,1800,150,0,5,889,1491,30,0,11,133,366,1122,ATK@600+HEAL@1200+CAP@1800
gauntlet/20261002-222138-scrim-g1sym/replays/jonters.bling3__Hockey__botB.bc24,jonters.bling3,0,A,bling3,0,1535,CAPTURE,0,-1,0,0,0,0,0,0,56,15,1020,1320,0,0,922,2512,22,0,0,98,233,736,ATK@600+HEAL@1200
gauntlet/20261002-222138-scrim-g1sym/replays/jonters.bling3__Hockey__botB.bc24,jonters.bling3,1,B,g1sym,1,1535,CAPTURE,3,621,303,23,0,0,0,0,26,41,130,190,7,4,1302,1819,13,0,48,247,736,233,ATK@600+HEAL@1200
gauntlet/20261002-222138-scrim-g1sym/replays/jonters.bling3__Whirlpool__botB.bc24,jonters.bling3,0,A,bling3,0,1178,CAPTURE,0,-1,261,5,0,0,0,0,96,11,120,1480,0,14,634,1111,26,0,0,70,163,436,ATK@600
gauntlet/20261002-222138-scrim-g1sym/replays/jonters.bling3__Whirlpool__botB.bc24,jonters.bling3,1,B,g1sym,1,1178,CAPTURE,3,837,603,9,0,0,0,0,80,23,130,220,3,13,1059,1394,5,0,34,90,436,163,ATK@600
gauntlet/20261002-222138-scrim-g1sym/replays/jonters.bling3__Snake__botA.bc24,jonters.bling3,1,A,g1sym,1,2000,LEVEL_SUM,1,333,222,23,0,0,0,0,183,83,635,261,12,2,694,931,24,0,286,392,732,343,ATK@600+HEAL@1200+CAP@1800
gauntlet/20261002-222138-scrim-g1sym/replays/jonters.bling3__Snake__botA.bc24,jonters.bling3,0,B,bling3,0,2000,LEVEL_SUM,1,555,285,7,0,0,0,0,245,0,8150,12120,0,2,441,840,78,0,13,237,343,732,ATK@600+HEAL@1200+CAP@1800
gauntlet/20261002-222138-scrim-g1sym/replays/justinottesen.sprint1__GaltonBoard__botB.bc24,justinottesen.sprint1,0,A,sprint1,0,1003,CAPTURE,0,-1,0,0,0,0,0,0,9,10,130,43,0,4,145,900,113,0,0,162,134,828,ATK@600
gauntlet/20261002-222138-scrim-g1sym/replays/justinottesen.sprint1__GaltonBoard__botB.bc24,justinottesen.sprint1,1,B,g1sym,1,1003,CAPTURE,3,837,503,10,0,0,0,0,12,18,205,190,3,22,1507,731,2,0,117,235,828,134,ATK@600
gauntlet/20261002-222138-scrim-g1sym/replays/justinottesen.sprint1__Battlecode24__botB.bc24,justinottesen.sprint1,0,A,sprint1,0,1036,CAPTURE,0,-1,788,1,0,0,0,0,177,0,8390,4440,0,3,145,878,83,0,0,110,124,517,ATK@600
gauntlet/20261002-222138-scrim-g1sym/replays/justinottesen.sprint1__Battlecode24__botB.bc24,justinottesen.sprint1,1,B,g1sym,1,1036,CAPTURE,3,944,228,31,0,0,0,0,60,93,2549,279,12,17,1005,521,24,0,201,337,517,124,ATK@600
gauntlet/20261002-222138-scrim-g1sym/replays/justinottesen.sprint1__Joker__botA.bc24,justinottesen.sprint1,1,A,g1sym,1,721,CAPTURE,3,335,224,18,0,0,0,0,2,115,4110,230,12,11,1289,671,25,0,230,258,352,113,ATK@600
gauntlet/20261002-222138-scrim-g1sym/replays/justinottesen.sprint1__Joker__botA.bc24,justinottesen.sprint1,0,B,sprint1,0,721,CAPTURE,0,-1,0,0,0,0,0,0,32,0,15940,11620,0,6,208,948,108,0,0,131,113,352,ATK@600
gauntlet/20261002-222138-scrim-g1sym/replays/justinottesen.sprint1__Rivers__botB.bc24,justinottesen.sprint1,0,A,sprint1,0,518,CAPTURE,0,-1,483,2,0,0,0,0,45,0,2550,60,0,9,204,1155,22,0,0,26,18,329,
gauntlet/20261002-222138-scrim-g1sym/replays/justinottesen.sprint1__Rivers__botB.bc24,justinottesen.sprint1,1,B,g1sym,1,518,CAPTURE,3,382,289,10,0,0,0,0,32,27,175,135,4,3,1901,760,9,0,64,81,329,18,
gauntlet/20261002-222138-scrim-g1sym/replays/justinottesen.sprint1__Hurricane__botB.bc24,justinottesen.sprint1,0,A,sprint1,0,1115,CAPTURE,0,-1,304,17,0,0,0,0,161,10,70,30,0,4,190,1028,11,0,0,34,40,641,ATK@600
gauntlet/20261002-222138-scrim-g1sym/replays/justinottesen.sprint1__Hurricane__botB.bc24,justinottesen.sprint1,1,B,g1sym,1,1115,CAPTURE,3,617,221,26,0,0,0,0,60,41,150,190,8,5,1311,289,13,0,60,227,641,40,ATK@600
gauntlet/20261002-222138-scrim-g1sym/replays/justinottesen.sprint1__StarryNight__botA.bc24,justinottesen.sprint1,1,A,g1sym,1,737,CAPTURE,3,570,418,8,0,0,0,0,85,114,639,279,11,18,1543,833,24,0,116,199,491,80,ATK@600
gauntlet/20261002-222138-scrim-g1sym/replays/justinottesen.sprint1__StarryNight__botA.bc24,justinottesen.sprint1,0,B,sprint1,0,737,CAPTURE,0,-1,313,11,0,0,0,0,153,57,110,140,3,9,199,878,83,0,0,92,80,491,ATK@600
gauntlet/20261002-222138-scrim-g1sym/replays/quesswho.cretplayer2_3__Capacitance__botA.bc24,quesswho.cretplayer2_3,1,A,g1sym,1,984,CAPTURE,3,407,226,4,0,0,0,0,21,44,190,220,7,0,782,689,13,0,60,117,250,200,ATK@600
gauntlet/20261002-222138-scrim-g1sym/replays/quesswho.cretplayer2_3__Capacitance__botA.bc24,quesswho.cretplayer2_3,0,B,cretplayer2_3,0,984,CAPTURE,1,350,226,33,0,3,8,0,17,0,5490,730,0,4,973,930,0,4,75,139,200,250,ATK@600
gauntlet/20261002-222138-scrim-g1sym/replays/kyleezz.jeeryfix3__CH3353C4K3F4CT0RY__botB.bc24,kyleezz.jeeryfix3,0,A,jeeryfix3,0,1825,CAPTURE,2,297,256,39,0,0,0,0,27,12,13390,11050,0,7,1101,688,0,0,135,391,421,1283,ATK@600+CAP@1200+HEAL@1800
gauntlet/20261002-222138-scrim-g1sym/replays/kyleezz.jeeryfix3__CH3353C4K3F4CT0RY__botB.bc24,kyleezz.jeeryfix3,1,B,g1sym,1,1825,CAPTURE,3,1628,1582,7,0,0,0,0,9,111,2940,270,12,2,1323,1442,24,0,151,337,1283,421,ATK@600+HEAL@1200+CAP@1800
gauntlet/20261002-222138-scrim-g1sym/replays/kyleezz.jeeryfix3__Digging__botB.bc24,kyleezz.jeeryfix3,0,A,jeeryfix3,0,2000,LEVEL_SUM,1,281,254,1,0,0,0,0,26,0,2320,1640,0,10,1079,742,0,0,55,220,382,1584,ATK@600+CAP@1200+HEAL@1800
gauntlet/20261002-222138-scrim-g1sym/replays/kyleezz.jeeryfix3__Digging__botB.bc24,kyleezz.jeeryfix3,1,B,g1sym,1,2000,LEVEL_SUM,1,1979,1963,1,0,0,0,0,15,25,205,211,4,0,1240,1500,1,0,65,196,1584,382,ATK@600+HEAL@1200+CAP@1800
gauntlet/20261002-222138-scrim-g1sym/replays/kyleezz.jeeryfix3__YearOfTheDragon__botB.bc24,kyleezz.jeeryfix3,0,A,jeeryfix3,0,2000,LEVEL_SUM,1,278,240,5,0,0,0,0,28,9,11460,7450,0,3,1017,802,0,0,136,336,370,1427,ATK@600+CAP@1200+HEAL@1800
gauntlet/20261002-222138-scrim-g1sym/replays/kyleezz.jeeryfix3__YearOfTheDragon__botB.bc24,kyleezz.jeeryfix3,1,B,g1sym,1,2000,LEVEL_SUM,1,1581,247,4,0,0,0,0,2,110,665,255,11,1,1127,1276,24,0,117,546,1427,370,ATK@600+HEAL@1200+CAP@1800
