file,opp,us,team,name,won,rounds,wintype,captured,firstCapture,firstPickup,pickups,drops,setupFlagPickups,flagMoveDist,digs200,fills200,traps200,crumbs200,crumbs250,level200,defend300,atk400,heal400,expl400,water400,stun400,trapsHit,kills,deaths,upgrades
gauntlet/20261001-234816-scrim-b2fs/losses/ColtG5.Goob_final__Ambush__botA.bc24,ColtG5.Goob_final,1,A,b2fs,0,341,CAPTURE,1,229,217,1,0,0,0,0,37,0,3290,220,0,15,958,1077,0,0,49,47,77,47,
gauntlet/20261001-234816-scrim-b2fs/losses/ColtG5.Goob_final__Ambush__botA.bc24,ColtG5.Goob_final,0,B,Goob_final,1,341,CAPTURE,3,249,210,12,0,0,0,0,47,0,3290,630,0,7,925,658,7,0,71,51,47,77,
gauntlet/20261001-234816-scrim-b2fs/losses/ColtG5.Goob_final__SteamboatMickey__botB.bc24,ColtG5.Goob_final,0,A,Goob_final,1,557,CAPTURE,3,399,337,5,0,0,0,0,45,0,8350,11690,0,3,898,622,12,0,92,158,76,166,
gauntlet/20261001-234816-scrim-b2fs/losses/ColtG5.Goob_final__SteamboatMickey__botB.bc24,ColtG5.Goob_final,1,B,b2fs,0,557,CAPTURE,1,471,409,2,0,0,0,0,4,0,9580,300,0,21,1180,1352,0,0,140,156,166,76,
gauntlet/20261001-234816-scrim-b2fs/losses/CyrilSharma.finalBot__Bunkers__botA.bc24,CyrilSharma.finalBot,1,A,b2fs,0,1030,CAPTURE,1,513,314,8,0,0,0,0,26,0,4420,280,0,12,1052,1279,7,0,51,130,337,309,ATK@600
gauntlet/20261001-234816-scrim-b2fs/losses/CyrilSharma.finalBot__Bunkers__botA.bc24,CyrilSharma.finalBot,0,B,finalBot,1,1030,CAPTURE,3,361,249,22,0,0,0,60,10,3,3607,227,12,5,1040,1053,0,0,107,280,309,337,ATK@600
gauntlet/20261001-234816-scrim-b2fs/losses/ColtG5.Goob_final__EvilGrin__botA.bc24,ColtG5.Goob_final,1,A,b2fs,0,2000,MORE_FLAG_CAPTURES,0,-1,0,0,0,0,0,0,44,0,3080,290,0,17,1265,1437,3,0,57,219,1351,452,ATK@600+HEAL@1200+CAP@1800
gauntlet/20261001-234816-scrim-b2fs/losses/ColtG5.Goob_final__EvilGrin__botA.bc24,ColtG5.Goob_final,0,B,Goob_final,1,2000,MORE_FLAG_CAPTURES,1,352,319,5,0,0,0,0,56,0,2720,480,0,4,1001,798,12,0,75,288,452,1351,ATK@600+HEAL@1200+CAP@1800
gauntlet/20261001-234816-scrim-b2fs/losses/ColtG5.Goob_final__Joker__botB.bc24,ColtG5.Goob_final,0,A,Goob_final,1,2000,MORE_FLAG_CAPTURES,2,343,274,6,0,0,0,0,31,0,15970,16050,0,11,963,835,12,0,125,396,470,1283,ATK@600+HEAL@1200+CAP@1800
gauntlet/20261001-234816-scrim-b2fs/losses/ColtG5.Goob_final__Joker__botB.bc24,ColtG5.Goob_final,1,B,b2fs,0,2000,MORE_FLAG_CAPTURES,1,1822,1783,3,0,0,0,0,1,0,16870,490,0,2,1166,1299,12,0,241,422,1283,470,ATK@600+HEAL@1200+CAP@1800
gauntlet/20261001-234816-scrim-b2fs/losses/CyrilSharma.finalBot__Decision__botB.bc24,CyrilSharma.finalBot,0,A,finalBot,1,2000,MORE_FLAG_CAPTURES,2,452,315,12,0,0,0,60,28,1,1734,454,12,7,683,958,0,0,72,365,350,368,ATK@600+HEAL@1200+CAP@1800
gauntlet/20261001-234816-scrim-b2fs/losses/CyrilSharma.finalBot__Decision__botB.bc24,CyrilSharma.finalBot,1,B,b2fs,0,2000,MORE_FLAG_CAPTURES,0,-1,612,8,0,0,0,0,71,0,2170,230,0,9,701,933,0,0,38,144,368,350,ATK@600+HEAL@1200+CAP@1800
gauntlet/20261001-234816-scrim-b2fs/losses/CyrilSharma.finalBot__EvilGrin__botB.bc24,CyrilSharma.finalBot,0,A,finalBot,1,2000,MORE_FLAG_CAPTURES,1,339,298,20,0,0,0,60,31,0,2441,4498,12,8,966,973,0,0,149,574,583,608,ATK@600+HEAL@1200+CAP@1800
gauntlet/20261001-234816-scrim-b2fs/losses/CyrilSharma.finalBot__EvilGrin__botB.bc24,CyrilSharma.finalBot,1,B,b2fs,0,2000,MORE_FLAG_CAPTURES,0,-1,769,4,0,0,0,0,42,0,3140,220,0,4,837,1017,1,0,59,226,608,583,ATK@600+HEAL@1200+CAP@1800
gauntlet/20261001-234816-scrim-b2fs/losses/CyrilSharma.finalBot__OceanFloor__botA.bc24,CyrilSharma.finalBot,1,A,b2fs,0,812,CAPTURE,1,786,300,11,0,0,0,0,26,0,3020,210,0,7,631,849,3,0,43,84,94,132,ATK@600
gauntlet/20261001-234816-scrim-b2fs/losses/CyrilSharma.finalBot__OceanFloor__botA.bc24,CyrilSharma.finalBot,0,B,finalBot,1,812,CAPTURE,3,409,241,11,0,0,0,60,5,2,2463,673,12,2,721,795,0,0,86,153,132,94,ATK@600
gauntlet/20261001-234816-scrim-b2fs/losses/Gymhgy.v10official__Backslash__botA.bc24,Gymhgy.v10official,1,A,b2fs,0,352,CAPTURE,0,-1,284,3,0,0,0,0,184,0,1580,293,0,1,576,825,0,0,84,43,11,23,
gauntlet/20261001-234816-scrim-b2fs/losses/Gymhgy.v10official__Backslash__botA.bc24,Gymhgy.v10official,0,B,v10official,1,352,CAPTURE,3,277,224,26,19,3,37,64,109,3,2453,9753,12,2,554,852,101,3,72,58,23,11,
gauntlet/20261001-234816-scrim-b2fs/losses/CyrilSharma.finalBot__Whirlpool__botA.bc24,CyrilSharma.finalBot,1,A,b2fs,0,2000,MORE_FLAG_CAPTURES,0,-1,874,1,0,0,0,0,86,0,2620,260,0,21,854,1114,0,0,43,202,715,591,ATK@600+HEAL@1200+CAP@1800
gauntlet/20261001-234816-scrim-b2fs/losses/CyrilSharma.finalBot__Whirlpool__botA.bc24,CyrilSharma.finalBot,0,B,finalBot,1,2000,MORE_FLAG_CAPTURES,2,421,346,3,0,0,0,55,58,1,2412,4902,10,10,793,1011,0,0,88,475,591,715,ATK@600+HEAL@1200+CAP@1800
gauntlet/20261001-234816-scrim-b2fs/losses/Gymhgy.v10official__CH3353C4K3F4CT0RY__botA.bc24,Gymhgy.v10official,1,A,b2fs,0,2000,MORE_FLAG_CAPTURES,0,-1,272,15,0,0,0,0,0,0,15400,305,0,0,1062,1314,18,0,134,319,679,345,ATK@600+HEAL@1200+CAP@1800
gauntlet/20261001-234816-scrim-b2fs/losses/Gymhgy.v10official__CH3353C4K3F4CT0RY__botA.bc24,Gymhgy.v10official,0,B,v10official,1,2000,MORE_FLAG_CAPTURES,2,330,281,49,24,3,21,90,11,3,13315,10515,18,0,915,1477,54,3,113,396,345,679,ATK@600+HEAL@1200+CAP@1800
gauntlet/20261001-234816-scrim-b2fs/losses/Gymhgy.v10official__Klein__botB.bc24,Gymhgy.v10official,0,A,v10official,1,2000,MORE_FLAG_CAPTURES,1,271,262,10,4,3,20,56,157,2,4419,2586,11,2,921,1574,0,2,53,298,367,441,ATK@600+HEAL@1200+CAP@1800
gauntlet/20261001-234816-scrim-b2fs/losses/Gymhgy.v10official__Klein__botB.bc24,Gymhgy.v10official,1,B,b2fs,0,2000,MORE_FLAG_CAPTURES,0,-1,357,3,0,0,0,0,122,0,5340,240,0,5,1061,1314,0,0,66,214,441,367,ATK@600+HEAL@1200+CAP@1800
gauntlet/20261001-234816-scrim-b2fs/losses/Gymhgy.v10official__Asteroids__botA.bc24,Gymhgy.v10official,1,A,b2fs,0,2000,MORE_FLAG_CAPTURES,0,-1,260,13,0,0,0,0,32,0,2240,270,0,5,1038,1309,2,0,54,203,465,356,ATK@600+HEAL@1200+CAP@1800
gauntlet/20261001-234816-scrim-b2fs/losses/Gymhgy.v10official__Asteroids__botA.bc24,Gymhgy.v10official,0,B,v10official,1,2000,MORE_FLAG_CAPTURES,2,433,365,31,21,3,12,85,34,3,515,45,17,4,817,1549,0,3,57,246,356,465,ATK@600+HEAL@1200+CAP@1800
gauntlet/20261001-234816-scrim-b2fs/losses/Gymhgy.v10official__DefaultLarge__botB.bc24,Gymhgy.v10official,0,A,v10official,1,2000,MORE_FLAG_CAPTURES,2,406,311,43,36,3,13,90,42,1,1415,15,18,0,992,1569,3,1,70,321,471,411,ATK@600+HEAL@1200+CAP@1800
gauntlet/20261001-234816-scrim-b2fs/losses/Gymhgy.v10official__DefaultLarge__botB.bc24,Gymhgy.v10official,1,B,b2fs,0,2000,MORE_FLAG_CAPTURES,1,970,350,24,0,0,0,0,40,0,3000,300,0,11,982,1455,2,0,70,244,411,471,ATK@600+HEAL@1200+CAP@1800
gauntlet/20261001-234816-scrim-b2fs/losses/IvanGeffner.kuma__Occulus__botA.bc24,IvanGeffner.kuma,1,A,b2fs,0,438,CAPTURE,0,-1,0,0,0,0,0,0,14,0,3780,300,0,14,1036,1313,0,0,55,57,36,117,
gauntlet/20261001-234816-scrim-b2fs/losses/IvanGeffner.kuma__Occulus__botA.bc24,IvanGeffner.kuma,0,B,kuma,1,438,CAPTURE,3,374,334,9,4,0,0,90,12,0,2385,2785,18,5,1238,1394,7,0,133,113,117,36,
gauntlet/20261001-234816-scrim-b2fs/losses/IvanGeffner.kuma__Backslash__botA.bc24,IvanGeffner.kuma,1,A,b2fs,0,1934,CAPTURE,0,-1,0,0,0,0,0,0,182,0,1640,300,0,4,981,1340,0,0,167,326,477,866,ATK@600+HEAL@1200+CAP@1800
gauntlet/20261001-234816-scrim-b2fs/losses/IvanGeffner.kuma__Backslash__botA.bc24,IvanGeffner.kuma,0,B,kuma,1,1934,CAPTURE,3,275,250,83,49,0,0,87,58,0,26,2391,16,14,1050,1240,3,0,128,661,866,477,ATK@600+HEAL@1200+CAP@1800
gauntlet/20261001-234816-scrim-b2fs/losses/IvanGeffner.kuma__Swoop__botA.bc24,IvanGeffner.kuma,1,A,b2fs,0,445,CAPTURE,0,-1,0,0,0,0,0,0,54,0,5080,240,0,0,1016,1277,4,0,62,67,31,72,
gauntlet/20261001-234816-scrim-b2fs/losses/IvanGeffner.kuma__Swoop__botA.bc24,IvanGeffner.kuma,0,B,kuma,1,445,CAPTURE,3,286,225,14,5,0,0,90,72,1,2985,1656,18,3,1037,1434,7,0,74,65,72,31,
gauntlet/20261001-234816-scrim-b2fs/losses/IvanGeffner.kuma__Racetrack__botA.bc24,IvanGeffner.kuma,1,A,b2fs,0,2000,MORE_FLAG_CAPTURES,1,345,279,4,0,0,0,0,69,0,330,190,0,1,1046,1481,0,0,11,177,612,691,ATK@600+HEAL@1200+CAP@1800
gauntlet/20261001-234816-scrim-b2fs/losses/IvanGeffner.kuma__Racetrack__botA.bc24,IvanGeffner.kuma,0,B,kuma,1,2000,MORE_FLAG_CAPTURES,2,351,286,119,79,0,0,49,65,0,32,24,9,2,1056,1379,0,0,1,406,691,612,ATK@600+HEAL@1200+CAP@1800
gauntlet/20261001-234816-scrim-b2fs/losses/NotLLeon.v3__Backslash__botB.bc24,NotLLeon.v3,0,A,v3,1,1198,CAPTURE,3,361,231,46,15,0,0,0,134,0,2880,7470,0,3,877,733,0,0,122,275,339,401,ATK@600
gauntlet/20261001-234816-scrim-b2fs/losses/NotLLeon.v3__Backslash__botB.bc24,NotLLeon.v3,1,B,b2fs,0,1198,CAPTURE,0,-1,627,4,0,0,0,0,195,0,1250,260,0,37,816,916,0,0,102,215,401,339,ATK@600
gauntlet/20261001-234816-scrim-b2fs/losses/NotLLeon.v3__Backslash__botA.bc24,NotLLeon.v3,1,A,b2fs,0,1626,CAPTURE,2,286,227,6,0,0,0,0,193,0,1310,250,0,2,877,889,3,0,151,271,551,564,ATK@600+HEAL@1200
gauntlet/20261001-234816-scrim-b2fs/losses/NotLLeon.v3__Backslash__botA.bc24,NotLLeon.v3,0,B,v3,1,1626,CAPTURE,3,349,266,63,17,0,0,0,94,0,1080,2900,0,8,735,724,0,0,72,345,564,551,ATK@600+HEAL@1200
gauntlet/20261001-234816-scrim-b2fs/losses/NotLLeon.v3__Pancakes__botB.bc24,NotLLeon.v3,0,A,v3,1,391,CAPTURE,3,362,280,11,3,0,0,0,9,0,2130,100,0,2,876,944,0,0,87,82,54,40,
gauntlet/20261001-234816-scrim-b2fs/losses/NotLLeon.v3__Pancakes__botB.bc24,NotLLeon.v3,1,B,b2fs,0,391,CAPTURE,0,-1,239,8,0,0,0,0,15,0,1950,380,0,1,783,952,2,0,69,64,40,54,
gauntlet/20261001-234816-scrim-b2fs/losses/NotLLeon.v3__ORV__botA.bc24,NotLLeon.v3,1,A,b2fs,0,1176,CAPTURE,0,-1,0,0,0,0,0,0,25,0,4850,250,0,0,957,1050,1,0,73,150,394,335,ATK@600
gauntlet/20261001-234816-scrim-b2fs/losses/NotLLeon.v3__ORV__botA.bc24,NotLLeon.v3,0,B,v3,1,1176,CAPTURE,3,399,272,70,25,0,0,0,23,0,4910,2950,0,12,1030,956,0,0,113,227,335,394,ATK@600
gauntlet/20261001-234816-scrim-b2fs/losses/NotLLeon.v3__Gated__botB.bc24,NotLLeon.v3,0,A,v3,1,2000,MORE_FLAG_CAPTURES,2,883,247,52,3,0,0,0,26,0,3120,960,0,12,724,937,0,0,55,248,486,622,ATK@600+HEAL@1200+CAP@1800
gauntlet/20261001-234816-scrim-b2fs/losses/NotLLeon.v3__Gated__botB.bc24,NotLLeon.v3,1,B,b2fs,0,2000,MORE_FLAG_CAPTURES,0,-1,282,15,0,0,0,0,23,0,3210,230,0,16,793,1035,2,0,47,212,622,486,ATK@600+HEAL@1200+CAP@1800
gauntlet/20261001-234816-scrim-b2fs/losses/NotLLeon.v3__Waterworld__botB.bc24,NotLLeon.v3,0,A,v3,1,1707,CAPTURE,3,1565,453,21,4,0,0,0,254,0,8680,8240,0,17,538,448,0,0,86,289,363,500,ATK@600+HEAL@1200
gauntlet/20261001-234816-scrim-b2fs/losses/NotLLeon.v3__Waterworld__botB.bc24,NotLLeon.v3,1,B,b2fs,0,1707,CAPTURE,1,1247,332,6,0,0,0,0,236,0,9220,580,0,3,598,771,7,0,131,277,500,363,ATK@600+HEAL@1200
gauntlet/20261001-234816-scrim-b2fs/losses/SampleProvider.TSPAARKSPRINT1__Foxes__botB.bc24,SampleProvider.TSPAARKSPRINT1,0,A,TSPAARKSPRINT1,1,1236,CAPTURE,3,632,277,58,0,3,39,0,28,2,8860,3120,0,8,545,1224,33,28,9,91,179,265,ATK@600+CAP@1200
gauntlet/20261001-234816-scrim-b2fs/losses/SampleProvider.TSPAARKSPRINT1__Foxes__botB.bc24,SampleProvider.TSPAARKSPRINT1,1,B,b2fs,0,1236,CAPTURE,1,1055,297,28,0,0,0,0,15,0,9450,290,0,5,1007,1154,12,0,90,184,265,179,ATK@600+HEAL@1200
gauntlet/20261001-234816-scrim-b2fs/losses/SampleProvider.TSPAARKSPRINT1__Snake__botB.bc24,SampleProvider.TSPAARKSPRINT1,0,A,TSPAARKSPRINT1,1,650,CAPTURE,3,367,251,27,0,3,51,0,207,5,8790,16670,0,4,330,777,36,23,5,108,106,111,ATK@600
gauntlet/20261001-234816-scrim-b2fs/losses/SampleProvider.TSPAARKSPRINT1__Snake__botB.bc24,SampleProvider.TSPAARKSPRINT1,1,B,b2fs,0,650,CAPTURE,0,-1,279,3,0,0,0,0,140,0,11300,237,0,0,808,769,23,0,293,305,111,106,ATK@600
gauntlet/20261001-234816-scrim-b2fs/losses/SampleProvider.TSPAARKSPRINT1__Soccer__botB.bc24,SampleProvider.TSPAARKSPRINT1,0,A,TSPAARKSPRINT1,1,849,CAPTURE,3,628,251,31,0,3,38,0,48,4,3560,100,0,7,627,1760,10,21,3,41,62,147,ATK@600
gauntlet/20261001-234816-scrim-b2fs/losses/SampleProvider.TSPAARKSPRINT1__Soccer__botB.bc24,SampleProvider.TSPAARKSPRINT1,1,B,b2fs,0,849,CAPTURE,0,-1,393,5,0,0,0,0,15,0,4950,240,0,3,1213,1344,2,0,66,122,147,62,ATK@600
gauntlet/20261001-234816-scrim-b2fs/losses/SampleProvider.TSPAARKSPRINT1__Waterworld__botA.bc24,SampleProvider.TSPAARKSPRINT1,1,A,b2fs,0,1013,CAPTURE,1,878,293,29,0,0,0,0,236,0,9220,260,0,3,1028,704,11,0,112,199,252,102,ATK@600
gauntlet/20261001-234816-scrim-b2fs/losses/SampleProvider.TSPAARKSPRINT1__Waterworld__botA.bc24,SampleProvider.TSPAARKSPRINT1,0,B,TSPAARKSPRINT1,1,1013,CAPTURE,3,684,305,30,0,3,42,0,501,4,870,80,0,8,457,1284,0,20,6,61,102,252,ATK@600
gauntlet/20261001-234816-scrim-b2fs/losses/Strequals.duck0127v5__Canals__botA.bc24,Strequals.duck0127v5,1,A,b2fs,0,722,CAPTURE,0,-1,0,0,0,0,0,0,0,0,7000,210,0,5,829,1360,3,0,77,105,57,212,ATK@600
gauntlet/20261001-234816-scrim-b2fs/losses/Strequals.duck0127v5__Canals__botA.bc24,Strequals.duck0127v5,0,B,duck0127v5,1,722,CAPTURE,3,444,412,8,0,0,0,90,45,6,4092,3317,18,9,1140,1468,0,3,120,202,212,57,ATK@600
gauntlet/20261001-234816-scrim-b2fs/losses/Strequals.duck0127v5__MIT__botB.bc24,Strequals.duck0127v5,0,A,duck0127v5,1,924,CAPTURE,3,381,334,8,0,0,0,88,67,16,5512,30793,17,3,733,965,0,2,158,363,185,75,ATK@600
gauntlet/20261001-234816-scrim-b2fs/losses/Strequals.duck0127v5__MIT__botB.bc24,Strequals.duck0127v5,1,B,b2fs,0,924,CAPTURE,1,653,341,5,0,0,0,0,27,0,8790,214,0,22,602,858,3,0,251,286,75,185,ATK@600
gauntlet/20261001-234816-scrim-b2fs/losses/Strequals.duck0127v5__Divergent__botB.bc24,Strequals.duck0127v5,0,A,duck0127v5,1,2000,LEVEL_SUM,0,-1,411,29,0,0,0,86,24,0,4213,3523,17,17,779,1064,0,3,62,319,405,266,ATK@600+HEAL@1200+CAP@1800
gauntlet/20261001-234816-scrim-b2fs/losses/Strequals.duck0127v5__Divergent__botB.bc24,Strequals.duck0127v5,1,B,b2fs,0,2000,LEVEL_SUM,0,-1,308,13,0,0,0,0,22,0,5440,280,0,8,641,1185,3,0,67,220,266,405,ATK@600+HEAL@1200+CAP@1800
gauntlet/20261001-234816-scrim-b2fs/losses/Strequals.duck0127v5__MazeRunner__botA.bc24,Strequals.duck0127v5,1,A,b2fs,0,2000,MORE_FLAG_CAPTURES,1,1004,307,17,0,0,0,0,121,0,1370,240,0,4,689,1063,0,0,63,204,225,598,ATK@600+HEAL@1200+CAP@1800
gauntlet/20261001-234816-scrim-b2fs/losses/Strequals.duck0127v5__MazeRunner__botA.bc24,Strequals.duck0127v5,0,B,duck0127v5,1,2000,MORE_FLAG_CAPTURES,2,555,458,5,0,0,0,90,55,2,2227,2872,18,6,751,1008,0,2,48,441,598,225,ATK@600+HEAL@1200+CAP@1800
gauntlet/20261001-234816-scrim-b2fs/losses/andli28.v9_USQuals_angle__Canals__botA.bc24,andli28.v9_USQuals_angle,1,A,b2fs,0,1427,CAPTURE,0,-1,0,0,0,0,0,0,0,0,7000,240,0,21,922,1372,4,0,76,185,213,638,ATK@600+HEAL@1200
gauntlet/20261001-234816-scrim-b2fs/losses/andli28.v9_USQuals_angle__Canals__botA.bc24,andli28.v9_USQuals_angle,0,B,v9_USQuals_angle,1,1427,CAPTURE,3,441,380,26,0,0,0,90,0,4,5345,4770,18,4,908,1179,12,2,86,520,638,213,ATK@600+HEAL@1200
gauntlet/20261001-234816-scrim-b2fs/losses/Strequals.duck0127v5__Rainbow__botA.bc24,Strequals.duck0127v5,1,A,b2fs,0,1658,CAPTURE,0,-1,348,2,0,0,0,0,44,0,7080,250,0,13,833,1450,6,0,76,200,245,509,ATK@600+HEAL@1200
gauntlet/20261001-234816-scrim-b2fs/losses/Strequals.duck0127v5__Rainbow__botA.bc24,Strequals.duck0127v5,0,B,duck0127v5,1,1658,CAPTURE,3,678,366,12,0,0,0,90,34,15,5655,5410,18,5,951,1312,0,3,91,412,509,245,ATK@600+HEAL@1200
gauntlet/20261001-234816-scrim-b2fs/losses/andli28.v9_USQuals_angle__Battlecode24__botB.bc24,andli28.v9_USQuals_angle,0,A,v9_USQuals_angle,1,2000,MORE_FLAG_CAPTURES,1,1767,243,13,0,0,0,88,50,4,11593,26743,18,15,809,1186,10,2,75,306,451,365,ATK@600+HEAL@1200+CAP@1800
gauntlet/20261001-234816-scrim-b2fs/losses/andli28.v9_USQuals_angle__Battlecode24__botB.bc24,andli28.v9_USQuals_angle,1,B,b2fs,0,2000,MORE_FLAG_CAPTURES,0,-1,546,3,0,0,0,0,49,0,13330,260,0,11,904,1286,8,0,145,294,365,451,ATK@600+HEAL@1200+CAP@1800
gauntlet/20261001-234816-scrim-b2fs/losses/andli28.v9_USQuals_angle__EvilGrin__botB.bc24,andli28.v9_USQuals_angle,0,A,v9_USQuals_angle,1,1237,CAPTURE,3,505,417,21,0,0,0,89,34,7,1576,3576,18,4,1040,1163,7,4,87,408,442,260,ATK@600+HEAL@1200
gauntlet/20261001-234816-scrim-b2fs/losses/andli28.v9_USQuals_angle__EvilGrin__botB.bc24,andli28.v9_USQuals_angle,1,B,b2fs,0,1237,CAPTURE,0,-1,402,1,0,0,0,0,46,0,3020,280,0,5,1020,1467,2,0,55,141,260,442,ATK@600+HEAL@1200
gauntlet/20261001-234816-scrim-b2fs/losses/andli28.v9_USQuals_angle__Valentine__botA.bc24,andli28.v9_USQuals_angle,1,A,b2fs,0,725,CAPTURE,0,-1,251,5,0,0,0,0,0,0,4200,160,0,12,890,1198,1,0,52,78,111,124,ATK@600
gauntlet/20261001-234816-scrim-b2fs/losses/andli28.v9_USQuals_angle__Valentine__botA.bc24,andli28.v9_USQuals_angle,0,B,v9_USQuals_angle,1,725,CAPTURE,3,653,299,21,0,0,0,90,0,6,2445,4675,18,1,920,1022,9,3,90,133,124,111,ATK@600
gauntlet/20261001-234816-scrim-b2fs/losses/andli28.v9_USQuals_angle__HeMustBeFreed__botB.bc24,andli28.v9_USQuals_angle,0,A,v9_USQuals_angle,1,2000,MORE_FLAG_CAPTURES,2,499,349,7,0,0,0,86,73,8,850,170,18,12,487,644,5,3,36,269,359,209,ATK@600+HEAL@1200+CAP@1800
gauntlet/20261001-234816-scrim-b2fs/losses/andli28.v9_USQuals_angle__HeMustBeFreed__botB.bc24,andli28.v9_USQuals_angle,1,B,b2fs,0,2000,MORE_FLAG_CAPTURES,0,-1,237,7,0,0,0,0,141,0,4070,220,0,3,468,635,3,0,68,167,209,359,ATK@600+HEAL@1200+CAP@1800
gauntlet/20261001-234816-scrim-b2fs/losses/andli28.v9_USQuals_angle__Joker__botB.bc24,andli28.v9_USQuals_angle,0,A,v9_USQuals_angle,1,2000,MORE_FLAG_CAPTURES,2,472,326,16,0,0,0,86,0,6,13709,14609,18,8,797,954,19,4,95,510,601,331,ATK@600+HEAL@1200+CAP@1800
gauntlet/20261001-234816-scrim-b2fs/losses/andli28.v9_USQuals_angle__Joker__botB.bc24,andli28.v9_USQuals_angle,1,B,b2fs,0,2000,MORE_FLAG_CAPTURES,1,337,238,14,0,0,0,0,0,0,16900,232,0,12,951,1072,11,0,249,399,331,601,ATK@600+HEAL@1200+CAP@1800
gauntlet/20261001-234816-scrim-b2fs/losses/andrewgopher.player22__Mountain__botA.bc24,andrewgopher.player22,1,A,b2fs,0,2000,MORE_FLAG_CAPTURES,1,799,238,3,0,0,0,0,23,0,5810,230,0,20,964,1171,0,0,93,243,732,723,ATK@600+HEAL@1200+CAP@1800
gauntlet/20261001-234816-scrim-b2fs/losses/andrewgopher.player22__Mountain__botA.bc24,andrewgopher.player22,0,B,player22,1,2000,MORE_FLAG_CAPTURES,2,377,318,15,1,3,0,0,33,0,5510,5780,0,9,920,699,12,0,36,231,723,732,ATK@600+HEAL@1200+CAP@1800
gauntlet/20261001-234816-scrim-b2fs/losses/andrewgopher.player22__Digging__botB.bc24,andrewgopher.player22,0,A,player22,1,1834,CAPTURE,3,325,275,21,0,3,0,0,26,0,2320,30,0,7,1282,833,0,0,61,531,1312,834,ATK@600+HEAL@1200+CAP@1800
gauntlet/20261001-234816-scrim-b2fs/losses/andrewgopher.player22__Digging__botB.bc24,andrewgopher.player22,1,B,b2fs,0,1834,CAPTURE,0,-1,0,0,0,0,0,0,12,0,2740,230,0,18,1076,1478,0,0,49,211,834,1312,ATK@600+HEAL@1200+CAP@1800
gauntlet/20261001-234816-scrim-b2fs/losses/andrewgopher.player22__Diagonal__botA.bc24,andrewgopher.player22,1,A,b2fs,0,2000,LEVEL_SUM,0,-1,239,21,0,0,0,0,18,0,6960,280,0,28,457,712,5,0,81,192,244,262,ATK@600+HEAL@1200+CAP@1800
gauntlet/20261001-234816-scrim-b2fs/losses/andrewgopher.player22__Diagonal__botA.bc24,andrewgopher.player22,0,B,player22,1,2000,LEVEL_SUM,0,-1,0,3,0,3,0,0,36,0,6420,2400,0,1,504,327,24,0,28,236,262,244,ATK@600+HEAL@1200+CAP@1800
gauntlet/20261001-234816-scrim-b2fs/losses/andrewgopher.player22__ORV__botA.bc24,andrewgopher.player22,1,A,b2fs,0,568,CAPTURE,0,-1,0,0,0,0,0,0,24,0,4880,280,0,24,1074,1474,2,0,68,82,185,129,
gauntlet/20261001-234816-scrim-b2fs/losses/andrewgopher.player22__ORV__botA.bc24,andrewgopher.player22,0,B,player22,1,568,CAPTURE,3,305,255,6,0,3,0,0,56,0,3920,270,0,3,1215,565,22,0,66,90,129,185,
gauntlet/20261001-234816-scrim-b2fs/losses/andrewgopher.player22__StackGame__botB.bc24,andrewgopher.player22,0,A,player22,1,556,CAPTURE,3,397,329,10,0,3,0,0,51,0,5470,470,0,4,1340,948,5,0,83,97,135,147,
gauntlet/20261001-234816-scrim-b2fs/losses/andrewgopher.player22__StackGame__botB.bc24,andrewgopher.player22,1,B,b2fs,0,556,CAPTURE,0,-1,0,0,0,0,0,0,30,0,6100,300,0,36,1122,1479,0,0,79,92,147,135,
gauntlet/20261001-234816-scrim-b2fs/losses/chenyx512.flagbot_final__AceOfSpades__botB.bc24,chenyx512.flagbot_final,0,A,flagbot_final,1,790,CAPTURE,3,446,378,10,0,3,27,90,82,1,414,13584,18,3,1117,1407,0,0,232,330,298,46,ATK@600
gauntlet/20261001-234816-scrim-b2fs/losses/chenyx512.flagbot_final__AceOfSpades__botB.bc24,chenyx512.flagbot_final,1,B,b2fs,0,790,CAPTURE,0,-1,230,6,0,0,0,0,9,0,3930,260,0,6,795,1175,3,0,78,114,46,298,ATK@600
gauntlet/20261001-234816-scrim-b2fs/losses/chenyx512.flagbot_final__Divergent__botB.bc24,chenyx512.flagbot_final,0,A,flagbot_final,1,2000,MORE_FLAG_CAPTURES,2,630,542,12,0,3,17,90,141,0,561,51,18,1,776,1098,0,0,41,504,920,207,ATK@600+HEAL@1200+CAP@1800
gauntlet/20261001-234816-scrim-b2fs/losses/chenyx512.flagbot_final__Divergent__botB.bc24,chenyx512.flagbot_final,1,B,b2fs,0,2000,MORE_FLAG_CAPTURES,1,457,284,7,0,0,0,0,24,0,5380,210,0,6,679,1169,1,0,69,223,207,920,ATK@600+HEAL@1200+CAP@1800
gauntlet/20261001-234816-scrim-b2fs/losses/chenyx512.flagbot_final__Skyline__botB.bc24,chenyx512.flagbot_final,0,A,flagbot_final,1,920,CAPTURE,3,530,385,12,0,3,58,90,274,5,14278,12098,18,1,1013,1550,0,0,171,384,353,78,ATK@600
gauntlet/20261001-234816-scrim-b2fs/losses/chenyx512.flagbot_final__Skyline__botB.bc24,chenyx512.flagbot_final,1,B,b2fs,0,920,CAPTURE,2,257,211,7,0,0,0,0,85,0,21450,235,0,9,970,1248,23,0,197,267,78,353,ATK@600
gauntlet/20261001-234816-scrim-b2fs/losses/andrewgopher.player22__TwistedTreeline__botB.bc24,andrewgopher.player22,0,A,player22,1,1707,CAPTURE,3,312,268,13,0,3,0,0,66,0,2820,70,0,4,1110,480,7,0,39,248,576,803,ATK@600+HEAL@1200
gauntlet/20261001-234816-scrim-b2fs/losses/andrewgopher.player22__TwistedTreeline__botB.bc24,andrewgopher.player22,1,B,b2fs,0,1707,CAPTURE,0,-1,284,5,0,0,0,0,51,0,3270,290,0,2,897,1279,0,0,56,220,803,576,ATK@600+HEAL@1200
gauntlet/20261001-234816-scrim-b2fs/losses/chenyx512.flagbot_final__Racetrack__botA.bc24,chenyx512.flagbot_final,1,A,b2fs,0,1224,CAPTURE,0,-1,429,12,0,0,0,0,65,0,450,290,0,13,1017,1652,0,0,21,98,154,521,ATK@600+HEAL@1200
gauntlet/20261001-234816-scrim-b2fs/losses/chenyx512.flagbot_final__Racetrack__botA.bc24,chenyx512.flagbot_final,0,B,flagbot_final,1,1224,CAPTURE,3,386,318,30,0,3,26,45,58,0,28,35,8,3,1055,1561,0,0,1,187,521,154,ATK@600+HEAL@1200
gauntlet/20261001-234816-scrim-b2fs/losses/chenyx512.flagbot_final__Swoop__botA.bc24,chenyx512.flagbot_final,1,A,b2fs,0,916,CAPTURE,0,-1,225,16,0,0,0,0,57,0,4990,290,0,5,902,1460,3,0,61,109,56,347,ATK@600
gauntlet/20261001-234816-scrim-b2fs/losses/chenyx512.flagbot_final__Swoop__botA.bc24,chenyx512.flagbot_final,0,B,flagbot_final,1,916,CAPTURE,3,318,274,17,0,3,43,90,166,1,380,55,18,2,1095,1672,0,0,47,208,347,56,ATK@600
gauntlet/20261001-234816-scrim-b2fs/losses/clbarrell.duck8__AceOfSpades__botB.bc24,clbarrell.duck8,0,A,duck8,1,505,CAPTURE,3,318,279,10,0,0,0,0,11,31,110,11050,2,4,758,1017,7,0,210,194,69,129,
gauntlet/20261001-234816-scrim-b2fs/losses/clbarrell.duck8__AceOfSpades__botB.bc24,clbarrell.duck8,1,B,b2fs,0,505,CAPTURE,2,302,264,3,0,0,0,0,11,0,3870,290,0,2,1147,1125,2,0,78,86,129,69,
gauntlet/20261001-234816-scrim-b2fs/losses/chenyx512.flagbot_final__Tunnels__botB.bc24,chenyx512.flagbot_final,0,A,flagbot_final,1,1802,CAPTURE,3,1268,1088,37,0,3,27,90,119,1,47,567,18,3,669,1210,0,0,33,376,593,348,ATK@600+HEAL@1200+CAP@1800
gauntlet/20261001-234816-scrim-b2fs/losses/chenyx512.flagbot_final__Tunnels__botB.bc24,chenyx512.flagbot_final,1,B,b2fs,0,1802,CAPTURE,0,-1,0,0,0,0,0,0,59,0,3030,230,0,21,785,1234,0,0,57,201,348,593,ATK@600+HEAL@1200+CAP@1800
gauntlet/20261001-234816-scrim-b2fs/losses/clbarrell.duck8__QuestionableChess__botB.bc24,clbarrell.duck8,0,A,duck8,1,589,CAPTURE,3,257,217,16,0,0,0,0,24,16,20,100,2,3,893,1044,1,0,35,25,86,131,
gauntlet/20261001-234816-scrim-b2fs/losses/clbarrell.duck8__QuestionableChess__botB.bc24,clbarrell.duck8,1,B,b2fs,0,589,CAPTURE,0,-1,0,0,0,0,0,0,67,0,390,300,0,1,1021,1093,0,0,16,32,131,86,
gauntlet/20261001-234816-scrim-b2fs/losses/hsmalladi.finalbot__AceOfSpades__botA.bc24,hsmalladi.finalbot,1,A,b2fs,0,501,CAPTURE,1,295,249,3,0,0,0,0,8,0,3960,120,0,2,1059,1293,2,0,140,149,108,89,
gauntlet/20261001-234816-scrim-b2fs/losses/hsmalladi.finalbot__AceOfSpades__botA.bc24,hsmalladi.finalbot,0,B,finalbot,1,501,CAPTURE,3,364,262,32,10,3,8,60,22,0,2606,2946,12,1,1005,937,14,3,125,144,89,108,
gauntlet/20261001-234816-scrim-b2fs/losses/dmtrung14.defaultplayer_intlqualifier__KingQuacksCastle__botB.bc24,dmtrung14.defaultplayer_intlqualifier,0,A,defaultplayer_intlqualifier,1,2000,MORE_FLAG_CAPTURES,2,316,293,39,23,3,16,0,36,9,1420,1360,0,4,359,825,6,30,10,74,32,282,ATK@600+HEAL@1200+CAP@1800
gauntlet/20261001-234816-scrim-b2fs/losses/dmtrung14.defaultplayer_intlqualifier__KingQuacksCastle__botB.bc24,dmtrung14.defaultplayer_intlqualifier,1,B,b2fs,0,2000,MORE_FLAG_CAPTURES,1,426,302,8,0,0,0,0,27,0,3190,170,0,1,1229,625,1,0,54,89,282,32,ATK@600+HEAL@1200+CAP@1800
gauntlet/20261001-234816-scrim-b2fs/losses/hsmalladi.finalbot__Fountain__botB.bc24,hsmalladi.finalbot,0,A,finalbot,1,1727,CAPTURE,3,620,477,34,12,3,33,26,40,0,2028,100,4,0,361,543,1,2,28,183,387,583,ATK@600+HEAL@1200
gauntlet/20261001-234816-scrim-b2fs/losses/hsmalladi.finalbot__Fountain__botB.bc24,hsmalladi.finalbot,1,B,b2fs,0,1727,CAPTURE,2,739,310,16,0,0,0,0,31,0,3170,390,0,3,352,579,2,0,49,169,583,387,ATK@600+HEAL@1200
gauntlet/20261001-234816-scrim-b2fs/losses/clbarrell.duck8__GaltonBoard__botB.bc24,clbarrell.duck8,0,A,duck8,1,2000,MORE_FLAG_CAPTURES,1,341,261,4,0,0,0,0,3,21,150,28972,3,7,866,991,1,0,155,475,546,1064,ATK@750+HEAL@1500
gauntlet/20261001-234816-scrim-b2fs/losses/clbarrell.duck8__GaltonBoard__botB.bc24,clbarrell.duck8,1,B,b2fs,0,2000,MORE_FLAG_CAPTURES,0,-1,0,0,0,0,0,0,12,0,2040,240,0,40,1134,1097,0,0,45,201,1064,546,ATK@600+HEAL@1200+CAP@1800
gauntlet/20261001-234816-scrim-b2fs/losses/hsmalladi.finalbot__WheresMyWater__botA.bc24,hsmalladi.finalbot,1,A,b2fs,0,584,CAPTURE,2,307,285,2,0,0,0,0,61,0,3570,220,0,17,1094,1606,0,0,56,79,156,96,
gauntlet/20261001-234816-scrim-b2fs/losses/hsmalladi.finalbot__WheresMyWater__botA.bc24,hsmalladi.finalbot,0,B,finalbot,1,584,CAPTURE,3,269,230,18,3,3,15,36,73,6,2005,91,7,0,1214,925,5,2,66,101,96,156,
gauntlet/20261001-234816-scrim-b2fs/losses/hsmalladi.finalbot__ORV__botB.bc24,hsmalladi.finalbot,0,A,finalbot,1,1239,CAPTURE,3,365,253,47,13,3,24,60,50,0,3220,120,12,3,1036,1133,6,2,64,175,287,377,ATK@600+HEAL@1200
gauntlet/20261001-234816-scrim-b2fs/losses/hsmalladi.finalbot__ORV__botB.bc24,hsmalladi.finalbot,1,B,b2fs,0,1239,CAPTURE,2,400,362,4,0,0,0,0,26,0,4820,230,0,1,1053,1521,2,0,91,187,377,287,ATK@600+HEAL@1200
gauntlet/20261001-234816-scrim-b2fs/losses/hsmalladi.finalbot__WheresMyWater__botB.bc24,hsmalladi.finalbot,0,A,finalbot,1,397,CAPTURE,3,249,235,18,8,3,28,29,75,6,2017,123,5,0,1002,908,0,2,52,47,51,58,
gauntlet/20261001-234816-scrim-b2fs/losses/hsmalladi.finalbot__WheresMyWater__botB.bc24,hsmalladi.finalbot,1,B,b2fs,0,397,CAPTURE,0,-1,0,0,0,0,0,0,65,0,3450,280,0,1,941,1179,0,0,69,52,58,51,
gauntlet/20261001-234816-scrim-b2fs/losses/jmerle.camel_case_v21_final__Canals__botA.bc24,jmerle.camel_case_v21_final,1,A,b2fs,0,401,CAPTURE,0,-1,270,1,0,0,0,0,0,0,7000,250,0,2,640,919,2,0,79,65,52,126,
gauntlet/20261001-234816-scrim-b2fs/losses/jmerle.camel_case_v21_final__Canals__botA.bc24,jmerle.camel_case_v21_final,0,B,camel_case_v21_final,1,401,CAPTURE,3,322,250,4,0,0,0,0,0,0,7000,3570,0,0,1350,512,0,0,124,120,126,52,
gauntlet/20261001-234816-scrim-b2fs/losses/jmerle.camel_case_v21_final__Battlecode24__botA.bc24,jmerle.camel_case_v21_final,1,A,b2fs,0,951,CAPTURE,1,826,244,4,0,0,0,0,47,0,13390,230,0,28,736,938,12,0,160,215,319,371,ATK@600
gauntlet/20261001-234816-scrim-b2fs/losses/jmerle.camel_case_v21_final__Battlecode24__botA.bc24,jmerle.camel_case_v21_final,0,B,camel_case_v21_final,1,951,CAPTURE,3,375,314,4,0,0,0,0,92,0,9240,16770,0,3,1057,498,0,0,236,409,371,319,ATK@600
gauntlet/20261001-234816-scrim-b2fs/losses/jmerle.camel_case_v21_final__Fountain__botA.bc24,jmerle.camel_case_v21_final,1,A,b2fs,0,565,CAPTURE,0,-1,294,6,0,0,0,0,39,0,2930,270,0,20,891,1371,2,0,54,70,168,93,
gauntlet/20261001-234816-scrim-b2fs/losses/jmerle.camel_case_v21_final__Fountain__botA.bc24,jmerle.camel_case_v21_final,0,B,camel_case_v21_final,1,565,CAPTURE,3,326,266,8,0,0,0,0,23,0,3410,790,0,1,1097,538,0,0,31,37,93,168,
gauntlet/20261001-234816-scrim-b2fs/losses/jmerle.camel_case_v21_final__StackGame__botA.bc24,jmerle.camel_case_v21_final,1,A,b2fs,0,426,CAPTURE,0,-1,353,1,0,0,0,0,28,0,6160,260,0,27,863,1106,0,0,79,72,85,110,
gauntlet/20261001-234816-scrim-b2fs/losses/jmerle.camel_case_v21_final__StackGame__botA.bc24,jmerle.camel_case_v21_final,0,B,camel_case_v21_final,1,426,CAPTURE,3,296,257,3,0,0,0,0,32,3,5740,2270,0,5,1285,604,0,0,102,99,110,85,
gauntlet/20261001-234816-scrim-b2fs/losses/jmerle.camel_case_v21_final__Swoop__botA.bc24,jmerle.camel_case_v21_final,1,A,b2fs,0,413,CAPTURE,1,286,242,3,0,0,0,0,43,0,5410,300,0,10,933,1500,5,0,62,60,111,70,
gauntlet/20261001-234816-scrim-b2fs/losses/jmerle.camel_case_v21_final__Swoop__botA.bc24,jmerle.camel_case_v21_final,0,B,camel_case_v21_final,1,413,CAPTURE,3,313,263,6,0,0,0,0,31,0,5770,2910,0,1,1289,418,0,0,84,84,70,111,
gauntlet/20261001-234816-scrim-b2fs/losses/jmerle.camel_case_v21_final__YearOfTheDragon__botA.bc24,jmerle.camel_case_v21_final,1,A,b2fs,0,668,CAPTURE,0,-1,230,1,0,0,0,0,4,0,13080,245,0,13,798,1009,22,0,110,143,226,193,ATK@600
gauntlet/20261001-234816-scrim-b2fs/losses/jmerle.camel_case_v21_final__YearOfTheDragon__botA.bc24,jmerle.camel_case_v21_final,0,B,camel_case_v21_final,1,668,CAPTURE,3,383,244,9,0,0,0,0,13,7,12110,5230,0,7,1225,385,0,0,164,223,193,226,ATK@600
gauntlet/20261001-234816-scrim-b2fs/losses/jonters.bling3__Bunkers__botA.bc24,jonters.bling3,1,A,b2fs,0,419,CAPTURE,1,304,236,5,0,0,0,0,23,0,4510,230,0,5,1198,1265,3,0,63,59,77,65,
gauntlet/20261001-234816-scrim-b2fs/losses/jonters.bling3__Bunkers__botA.bc24,jonters.bling3,0,B,bling3,1,419,CAPTURE,3,327,277,5,0,0,0,0,66,16,20,520,0,0,801,1352,25,0,0,23,65,77,
gauntlet/20261001-234816-scrim-b2fs/losses/kyleezz.jeeryfix3__Intercontinental__botB.bc24,kyleezz.jeeryfix3,0,A,jeeryfix3,1,404,CAPTURE,3,256,213,8,0,0,0,0,159,0,30,250,0,0,843,593,0,0,12,9,31,93,
gauntlet/20261001-234816-scrim-b2fs/losses/kyleezz.jeeryfix3__Intercontinental__botB.bc24,kyleezz.jeeryfix3,1,B,b2fs,0,404,CAPTURE,0,-1,0,0,0,0,0,0,134,0,780,80,0,6,968,1144,0,0,22,21,93,31,
gauntlet/20261001-234816-scrim-b2fs/losses/quesswho.cretplayer2_3__Checkered__botA.bc24,quesswho.cretplayer2_3,1,A,b2fs,0,614,CAPTURE,1,247,213,2,0,0,0,0,0,0,7200,220,0,0,882,974,6,0,82,105,124,186,ATK@600
gauntlet/20261001-234816-scrim-b2fs/losses/quesswho.cretplayer2_3__Checkered__botA.bc24,quesswho.cretplayer2_3,0,B,cretplayer2_3,1,614,CAPTURE,3,253,211,9,0,3,17,0,0,0,7200,2060,0,2,1114,1117,0,4,98,121,186,124,ATK@600
gauntlet/20261001-234816-scrim-b2fs/losses/quesswho.cretplayer2_3__BigDucksBigPond__botA.bc24,quesswho.cretplayer2_3,1,A,b2fs,0,1126,CAPTURE,0,-1,323,8,0,0,0,0,114,0,4080,240,0,3,779,792,9,0,53,146,377,356,ATK@600
gauntlet/20261001-234816-scrim-b2fs/losses/quesswho.cretplayer2_3__BigDucksBigPond__botA.bc24,quesswho.cretplayer2_3,0,B,cretplayer2_3,1,1126,CAPTURE,3,341,274,18,0,3,39,0,46,0,5020,896,0,5,650,793,0,5,71,149,356,377,ATK@600
gauntlet/20261001-234816-scrim-b2fs/losses/kyleezz.jeeryfix3__Backslash__botB.bc24,kyleezz.jeeryfix3,0,A,jeeryfix3,1,2000,MORE_FLAG_CAPTURES,2,348,247,24,0,0,0,0,236,0,20,5170,0,4,965,765,0,0,112,338,523,1410,ATK@600+CAP@1200+HEAL@1800
gauntlet/20261001-234816-scrim-b2fs/losses/kyleezz.jeeryfix3__Backslash__botB.bc24,kyleezz.jeeryfix3,1,B,b2fs,0,2000,MORE_FLAG_CAPTURES,0,-1,1995,1,0,0,0,0,192,0,1340,250,0,19,1192,1320,0,0,143,306,1410,523,ATK@600+HEAL@1200+CAP@1800
gauntlet/20261001-234816-scrim-b2fs/losses/kyleezz.jeeryfix3__Klein__botB.bc24,kyleezz.jeeryfix3,0,A,jeeryfix3,1,2000,MORE_FLAG_CAPTURES,2,276,253,41,0,0,0,0,263,0,510,390,0,14,939,692,0,0,34,219,464,1258,ATK@600+CAP@1200+HEAL@1800
gauntlet/20261001-234816-scrim-b2fs/losses/kyleezz.jeeryfix3__Klein__botB.bc24,kyleezz.jeeryfix3,1,B,b2fs,0,2000,MORE_FLAG_CAPTURES,0,-1,1199,13,0,0,0,0,108,0,5460,230,0,12,1132,1304,0,0,67,369,1258,464,ATK@600+HEAL@1200+CAP@1800
gauntlet/20261001-234816-scrim-b2fs/losses/quesswho.cretplayer2_3__ORV__botA.bc24,quesswho.cretplayer2_3,1,A,b2fs,0,700,CAPTURE,2,298,275,4,0,0,0,0,26,0,4820,220,0,3,1081,1076,3,0,76,108,185,44,ATK@600
gauntlet/20261001-234816-scrim-b2fs/losses/quesswho.cretplayer2_3__ORV__botA.bc24,quesswho.cretplayer2_3,0,B,cretplayer2_3,1,700,CAPTURE,3,354,299,13,0,3,26,0,35,0,4550,950,0,2,710,410,0,4,90,107,44,185,ATK@600
gauntlet/20261001-234816-scrim-b2fs/losses/winkelmantanner.waffle__Islands__botB.bc24,winkelmantanner.waffle,0,A,waffle,1,449,CAPTURE,3,316,218,17,0,0,0,0,44,64,556,401,4,6,988,997,0,0,95,79,44,101,
gauntlet/20261001-234816-scrim-b2fs/losses/winkelmantanner.waffle__Islands__botB.bc24,winkelmantanner.waffle,1,B,b2fs,0,449,CAPTURE,0,-1,430,1,0,0,0,0,49,0,6730,260,0,0,1030,1384,12,0,63,75,101,44,
gauntlet/20261001-234816-scrim-b2fs/losses/quesswho.cretplayer2_3__Waterworld__botB.bc24,quesswho.cretplayer2_3,0,A,cretplayer2_3,1,2000,MORE_FLAG_CAPTURES,2,496,250,20,0,3,15,0,260,0,8500,7240,0,3,1088,938,0,5,156,310,340,1212,ATK@600+HEAL@1200+CAP@1800
gauntlet/20261001-234816-scrim-b2fs/losses/quesswho.cretplayer2_3__Waterworld__botB.bc24,quesswho.cretplayer2_3,1,B,b2fs,0,2000,MORE_FLAG_CAPTURES,0,-1,302,8,0,0,0,0,223,0,6910,160,0,0,886,941,3,0,94,258,1212,340,ATK@600+HEAL@1200+CAP@1800
gauntlet/20261001-234816-scrim-b2fs/losses/winkelmantanner.waffle__Tunnels__botB.bc24,winkelmantanner.waffle,0,A,waffle,1,496,CAPTURE,3,348,258,17,0,0,0,0,28,4,3560,1640,0,9,834,767,0,0,61,56,61,117,
gauntlet/20261001-234816-scrim-b2fs/losses/winkelmantanner.waffle__Tunnels__botB.bc24,winkelmantanner.waffle,1,B,b2fs,0,496,CAPTURE,0,-1,0,0,0,0,0,0,64,0,2880,280,0,17,985,1010,0,0,61,66,117,61,
gauntlet/20261001-234816-scrim-b2fs/losses/winkelmantanner.waffle__Puzzle__botA.bc24,winkelmantanner.waffle,1,A,b2fs,0,1167,CAPTURE,2,708,374,5,0,0,0,0,0,0,2400,240,0,2,925,926,2,0,123,214,488,212,ATK@600
gauntlet/20261001-234816-scrim-b2fs/losses/winkelmantanner.waffle__Puzzle__botA.bc24,winkelmantanner.waffle,0,B,waffle,1,1167,CAPTURE,3,512,276,36,0,0,0,0,0,3,2100,5530,0,4,852,732,0,0,161,241,212,488,ATK@600
gauntlet/20261001-234816-scrim-b2fs/losses/winkelmantanner.waffle__Mountain__botB.bc24,winkelmantanner.waffle,0,A,waffle,1,2000,MORE_FLAG_CAPTURES,2,280,257,28,0,0,0,0,13,9,5210,3000,0,9,836,695,0,0,89,253,426,1057,ATK@600+HEAL@1200+CAP@1800
gauntlet/20261001-234816-scrim-b2fs/losses/winkelmantanner.waffle__Mountain__botB.bc24,winkelmantanner.waffle,1,B,b2fs,0,2000,MORE_FLAG_CAPTURES,1,802,505,5,0,0,0,0,26,0,5720,230,0,1,1020,1100,0,0,85,298,1057,426,ATK@600+HEAL@1200+CAP@1800
gauntlet/20261001-234816-scrim-b2fs/replays/ColtG5.Goob_final__Swoop__botB.bc24,ColtG5.Goob_final,0,A,Goob_final,0,1584,CAPTURE,1,269,227,6,0,0,0,0,60,0,4900,40,0,5,1023,748,3,0,59,241,329,1038,ATK@600+HEAL@1200
gauntlet/20261001-234816-scrim-b2fs/replays/ColtG5.Goob_final__Swoop__botB.bc24,ColtG5.Goob_final,1,B,b2fs,1,1584,CAPTURE,3,305,263,3,0,0,0,0,47,0,5290,300,0,12,1243,1382,3,0,76,252,1038,329,ATK@600+HEAL@1200
gauntlet/20261001-234816-scrim-b2fs/replays/CyrilSharma.finalBot__Racetrack__botB.bc24,CyrilSharma.finalBot,0,A,finalBot,0,2000,LEVEL_SUM,2,1525,1411,11,0,0,0,19,43,0,744,23,3,4,857,1309,0,0,18,297,533,717,ATK@600+HEAL@1200+CAP@1800
gauntlet/20261001-234816-scrim-b2fs/replays/CyrilSharma.finalBot__Racetrack__botB.bc24,CyrilSharma.finalBot,1,B,b2fs,1,2000,LEVEL_SUM,2,1140,622,9,0,0,0,0,65,0,450,220,0,4,1167,1430,0,0,23,200,717,533,ATK@600+HEAL@1200+CAP@1800
gauntlet/20261001-234816-scrim-b2fs/replays/ColtG5.Goob_final__Gated__botA.bc24,ColtG5.Goob_final,1,A,b2fs,1,2000,MORE_FLAG_CAPTURES,2,1691,1614,2,0,0,0,0,23,0,3210,280,0,10,1122,1301,2,0,49,241,1228,371,ATK@600+HEAL@1200+CAP@1800
gauntlet/20261001-234816-scrim-b2fs/replays/ColtG5.Goob_final__Gated__botA.bc24,ColtG5.Goob_final,0,B,Goob_final,0,2000,MORE_FLAG_CAPTURES,1,1974,238,26,0,0,0,0,37,0,2790,100,0,9,946,705,0,0,51,230,371,1228,ATK@600+HEAL@1200+CAP@1800
gauntlet/20261001-234816-scrim-b2fs/replays/SampleProvider.TSPAARKSPRINT1__QuestionableChess__botB.bc24,SampleProvider.TSPAARKSPRINT1,0,A,TSPAARKSPRINT1,0,2000,LEVEL_SUM,2,777,257,42,0,3,23,0,76,1,20,10,0,14,669,1389,0,3,0,60,285,1145,ATK@600+CAP@1200+HEAL@1800
gauntlet/20261001-234816-scrim-b2fs/replays/SampleProvider.TSPAARKSPRINT1__QuestionableChess__botB.bc24,SampleProvider.TSPAARKSPRINT1,1,B,b2fs,1,2000,LEVEL_SUM,2,747,241,33,0,0,0,0,71,0,270,80,0,16,1021,1070,0,0,12,369,1145,285,ATK@600+HEAL@1200+CAP@1800
gauntlet/20261001-234816-scrim-b2fs/replays/SampleProvider.TSPAARKSPRINT1__WheresMyWater__botA.bc24,SampleProvider.TSPAARKSPRINT1,1,A,b2fs,1,1226,CAPTURE,3,241,227,13,0,0,0,0,45,0,4050,210,0,10,1351,1071,0,0,77,185,437,110,ATK@600+HEAL@1200
gauntlet/20261001-234816-scrim-b2fs/replays/SampleProvider.TSPAARKSPRINT1__WheresMyWater__botA.bc24,SampleProvider.TSPAARKSPRINT1,0,B,TSPAARKSPRINT1,0,1226,CAPTURE,2,323,302,38,0,3,0,0,171,2,70,30,0,20,597,1679,0,16,0,49,110,437,ATK@600+CAP@1200
gauntlet/20261001-234816-scrim-b2fs/replays/Gymhgy.v10official__Decision__botB.bc24,Gymhgy.v10official,0,A,v10official,0,2000,LEVEL_SUM,2,418,267,49,33,3,14,90,67,2,650,120,18,0,924,1496,0,2,26,252,297,472,ATK@600+HEAL@1200+CAP@1800
gauntlet/20261001-234816-scrim-b2fs/replays/Gymhgy.v10official__Decision__botB.bc24,Gymhgy.v10official,1,B,b2fs,1,2000,LEVEL_SUM,2,472,321,5,0,0,0,0,66,0,2320,220,0,0,994,1368,4,0,30,191,472,297,ATK@600+HEAL@1200+CAP@1800
gauntlet/20261001-234816-scrim-b2fs/replays/IvanGeffner.kuma__EndAround__botA.bc24,IvanGeffner.kuma,1,A,b2fs,1,2000,LEVEL_SUM,0,-1,1885,1,0,0,0,0,57,0,3190,290,0,3,586,901,2,0,52,191,406,551,ATK@600+HEAL@1200+CAP@1800
gauntlet/20261001-234816-scrim-b2fs/replays/IvanGeffner.kuma__EndAround__botA.bc24,IvanGeffner.kuma,0,B,kuma,0,2000,LEVEL_SUM,0,-1,526,104,67,0,0,90,64,0,1570,2980,18,4,734,953,4,0,57,522,551,406,ATK@600+HEAL@1200+CAP@1800
gauntlet/20261001-234816-scrim-b2fs/replays/awu7.ExplosiveBot__BedWars__botB.bc24,awu7.ExplosiveBot,0,A,ExplosiveBot,0,732,CAPTURE,0,-1,610,5,3,0,0,0,0,15,2400,20,0,8,153,113,18,0,6,23,30,147,ATK@600
gauntlet/20261001-234816-scrim-b2fs/replays/awu7.ExplosiveBot__BedWars__botB.bc24,awu7.ExplosiveBot,1,B,b2fs,1,732,CAPTURE,3,499,344,5,0,0,0,0,0,0,4800,20,0,6,231,266,3,0,34,35,147,30,ATK@600
gauntlet/20261001-234816-scrim-b2fs/replays/awu7.ExplosiveBot__BedWars__botA.bc24,awu7.ExplosiveBot,1,A,b2fs,1,734,CAPTURE,3,521,362,6,0,0,0,0,0,0,4800,30,0,12,247,363,2,0,49,35,160,32,ATK@600
gauntlet/20261001-234816-scrim-b2fs/replays/awu7.ExplosiveBot__BedWars__botA.bc24,awu7.ExplosiveBot,0,B,ExplosiveBot,0,734,CAPTURE,0,-1,542,2,0,0,0,0,0,15,1800,10,0,1,206,181,23,0,0,20,32,160,ATK@600
gauntlet/20261001-234816-scrim-b2fs/replays/awu7.ExplosiveBot__DefaultLarge__botB.bc24,awu7.ExplosiveBot,0,A,ExplosiveBot,0,1329,CAPTURE,1,1129,332,21,15,0,0,0,96,10,220,140,0,16,762,532,17,0,17,91,130,935,ATK@600+HEAL@1200
gauntlet/20261001-234816-scrim-b2fs/replays/awu7.ExplosiveBot__DefaultLarge__botB.bc24,awu7.ExplosiveBot,1,B,b2fs,1,1329,CAPTURE,3,857,346,27,0,0,0,0,39,0,3030,230,0,5,1319,1537,2,0,106,350,935,130,ATK@600+HEAL@1200
gauntlet/20261001-234816-scrim-b2fs/replays/awu7.ExplosiveBot__OceanFloor__botA.bc24,awu7.ExplosiveBot,1,A,b2fs,1,2000,LEVEL_SUM,2,469,231,37,0,0,0,0,23,0,3110,270,0,3,1036,1114,3,0,56,475,1194,165,ATK@600+HEAL@1200+CAP@1800
gauntlet/20261001-234816-scrim-b2fs/replays/awu7.ExplosiveBot__OceanFloor__botA.bc24,awu7.ExplosiveBot,0,B,ExplosiveBot,0,2000,LEVEL_SUM,2,1439,215,43,19,0,0,0,88,10,60,50,0,5,739,673,5,0,17,95,165,1194,ATK@600+HEAL@1200
gauntlet/20261001-234816-scrim-b2fs/replays/awu7.ExplosiveBot__Diagonal__botA.bc24,awu7.ExplosiveBot,1,A,b2fs,1,2000,MORE_FLAG_CAPTURES,1,1948,361,31,0,0,0,0,16,0,7020,300,0,3,931,1002,5,0,87,236,655,170,ATK@600+HEAL@1200+CAP@1800
gauntlet/20261001-234816-scrim-b2fs/replays/awu7.ExplosiveBot__Diagonal__botA.bc24,awu7.ExplosiveBot,0,B,ExplosiveBot,0,2000,MORE_FLAG_CAPTURES,0,-1,0,0,0,0,0,0,38,9,5460,6050,0,17,635,465,0,0,19,110,170,655,ATK@600+HEAL@1200
gauntlet/20261001-234816-scrim-b2fs/replays/awu7.ExplosiveBot__Randy__botB.bc24,awu7.ExplosiveBot,0,A,ExplosiveBot,0,1797,CAPTURE,1,1117,221,77,34,0,0,0,6,6,5020,6590,0,13,722,499,18,0,21,165,268,1380,ATK@600+HEAL@1200
gauntlet/20261001-234816-scrim-b2fs/replays/awu7.ExplosiveBot__Randy__botB.bc24,awu7.ExplosiveBot,1,B,b2fs,1,1797,CAPTURE,3,262,240,15,0,0,0,0,6,0,5620,280,0,19,1100,1276,0,0,83,374,1380,268,ATK@600+HEAL@1200
gauntlet/20261001-234816-scrim-b2fs/replays/clbarrell.duck8__OceanFloor__botB.bc24,clbarrell.duck8,0,A,duck8,0,754,CAPTURE,0,-1,280,24,0,0,0,0,36,27,140,50,3,12,851,1085,0,0,47,67,83,247,ATK@750
gauntlet/20261001-234816-scrim-b2fs/replays/clbarrell.duck8__OceanFloor__botB.bc24,clbarrell.duck8,1,B,b2fs,1,754,CAPTURE,3,300,226,4,0,0,0,0,25,0,3050,210,0,9,1109,1131,2,0,51,86,247,83,ATK@600
gauntlet/20261001-234816-scrim-b2fs/replays/clbarrell.duck8__Foxes__botB.bc24,clbarrell.duck8,0,A,duck8,0,1546,CAPTURE,2,497,276,16,0,0,0,0,5,55,2670,70,3,3,688,740,17,0,88,212,246,680,ATK@750+HEAL@1500
gauntlet/20261001-234816-scrim-b2fs/replays/clbarrell.duck8__Foxes__botB.bc24,clbarrell.duck8,1,B,b2fs,1,1546,CAPTURE,3,788,274,7,0,0,0,0,12,0,9540,260,0,19,1150,1033,13,0,98,261,680,246,ATK@600+HEAL@1200
gauntlet/20261001-234816-scrim-b2fs/replays/clbarrell.duck8__Pancakes__botB.bc24,clbarrell.duck8,0,A,duck8,0,756,CAPTURE,0,-1,362,8,0,0,0,0,2,23,10,70,2,5,616,769,1,0,85,114,53,300,ATK@750
gauntlet/20261001-234816-scrim-b2fs/replays/clbarrell.duck8__Pancakes__botB.bc24,clbarrell.duck8,1,B,b2fs,1,756,CAPTURE,3,310,258,9,0,0,0,0,16,0,1920,300,0,11,938,1002,1,0,73,105,300,53,ATK@600
gauntlet/20261001-234816-scrim-b2fs/replays/dmtrung14.defaultplayer_intlqualifier__Battlecode24__botA.bc24,dmtrung14.defaultplayer_intlqualifier,1,A,b2fs,1,2000,LEVEL_SUM,2,462,254,7,0,0,0,0,41,0,13570,255,0,9,850,402,14,0,205,146,185,21,ATK@600+HEAL@1200+CAP@1800
gauntlet/20261001-234816-scrim-b2fs/replays/dmtrung14.defaultplayer_intlqualifier__Battlecode24__botA.bc24,dmtrung14.defaultplayer_intlqualifier,0,B,defaultplayer_intlqualifier,0,2000,LEVEL_SUM,2,462,420,25,19,3,19,0,119,19,8430,12580,0,2,234,726,5,23,19,86,21,185,ATK@600+HEAL@1200+CAP@1800
gauntlet/20261001-234816-scrim-b2fs/replays/dmtrung14.defaultplayer_intlqualifier__DefaultLarge__botA.bc24,dmtrung14.defaultplayer_intlqualifier,1,A,b2fs,1,1291,CAPTURE,3,1074,292,10,0,0,0,0,41,0,2970,70,0,5,1266,459,2,0,47,61,536,25,ATK@600+HEAL@1200
gauntlet/20261001-234816-scrim-b2fs/replays/dmtrung14.defaultplayer_intlqualifier__DefaultLarge__botA.bc24,dmtrung14.defaultplayer_intlqualifier,0,B,defaultplayer_intlqualifier,0,1291,CAPTURE,0,-1,305,10,3,3,15,0,57,18,90,2490,0,3,321,863,6,42,23,80,25,536,ATK@600+HEAL@1200
gauntlet/20261001-234816-scrim-b2fs/replays/dmtrung14.defaultplayer_intlqualifier__BreadPudding__botA.bc24,dmtrung14.defaultplayer_intlqualifier,1,A,b2fs,1,2000,LEVEL_SUM,1,1170,286,19,0,0,0,0,36,0,3920,220,0,21,1450,775,2,0,49,57,273,36,ATK@600+HEAL@1200+CAP@1800
gauntlet/20261001-234816-scrim-b2fs/replays/dmtrung14.defaultplayer_intlqualifier__BreadPudding__botA.bc24,dmtrung14.defaultplayer_intlqualifier,0,B,defaultplayer_intlqualifier,0,2000,LEVEL_SUM,1,346,306,20,14,3,12,0,48,14,1560,2060,0,2,488,957,6,17,9,51,36,273,ATK@600+HEAL@1200+CAP@1800
gauntlet/20261001-234816-scrim-b2fs/replays/dmtrung14.defaultplayer_intlqualifier__QueenOfHearts__botA.bc24,dmtrung14.defaultplayer_intlqualifier,1,A,b2fs,1,623,CAPTURE,3,495,284,7,0,0,0,0,72,0,3740,30,0,2,1188,494,3,0,46,43,181,23,ATK@600
gauntlet/20261001-234816-scrim-b2fs/replays/dmtrung14.defaultplayer_intlqualifier__QueenOfHearts__botA.bc24,dmtrung14.defaultplayer_intlqualifier,0,B,defaultplayer_intlqualifier,0,623,CAPTURE,1,333,284,17,9,3,38,0,82,21,740,10,0,2,357,860,6,21,18,50,23,181,ATK@600
gauntlet/20261001-234816-scrim-b2fs/replays/jonters.bling3__Backslash__botB.bc24,jonters.bling3,0,A,bling3,0,754,CAPTURE,0,-1,397,3,0,0,0,0,236,0,20,2060,0,1,600,1396,41,0,5,58,75,285,ATK@600
gauntlet/20261001-234816-scrim-b2fs/replays/jonters.bling3__Backslash__botB.bc24,jonters.bling3,1,B,b2fs,1,754,CAPTURE,3,362,223,15,0,0,0,0,195,0,1250,300,0,17,1266,1456,3,0,133,192,285,75,ATK@600
gauntlet/20261001-234816-scrim-b2fs/replays/dmtrung14.defaultplayer_intlqualifier__Diagonal__botB.bc24,dmtrung14.defaultplayer_intlqualifier,0,A,defaultplayer_intlqualifier,0,2000,MORE_FLAG_CAPTURES,0,-1,0,3,0,3,15,0,32,24,3540,3140,0,2,237,662,6,20,23,71,35,381,ATK@600+HEAL@1200+CAP@1800
gauntlet/20261001-234816-scrim-b2fs/replays/dmtrung14.defaultplayer_intlqualifier__Diagonal__botB.bc24,dmtrung14.defaultplayer_intlqualifier,1,B,b2fs,1,2000,MORE_FLAG_CAPTURES,1,437,282,20,0,0,0,0,17,0,6990,260,0,3,739,463,8,0,59,105,381,35,ATK@600+HEAL@1200+CAP@1800
gauntlet/20261001-234816-scrim-b2fs/replays/hsmalladi.finalbot__HeMustBeFreed__botB.bc24,hsmalladi.finalbot,0,A,finalbot,0,1731,CAPTURE,2,511,312,24,6,3,22,53,183,0,2011,356,10,0,676,840,0,3,46,214,250,280,ATK@600+HEAL@1200
gauntlet/20261001-234816-scrim-b2fs/replays/hsmalladi.finalbot__HeMustBeFreed__botB.bc24,hsmalladi.finalbot,1,B,b2fs,1,1731,CAPTURE,3,799,446,5,0,0,0,0,146,0,3920,130,0,4,681,1086,2,0,50,188,280,250,ATK@600+HEAL@1200
gauntlet/20261001-234816-scrim-b2fs/replays/jonters.bling3__Duck__botB.bc24,jonters.bling3,0,A,bling3,0,846,CAPTURE,0,-1,293,3,0,0,0,0,89,13,30,50,0,7,681,1374,14,0,7,33,76,304,ATK@600
gauntlet/20261001-234816-scrim-b2fs/replays/jonters.bling3__Duck__botB.bc24,jonters.bling3,1,B,b2fs,1,846,CAPTURE,3,347,227,15,0,0,0,0,37,0,4190,210,0,8,1150,1200,2,0,67,123,304,76,ATK@600
gauntlet/20261001-234816-scrim-b2fs/replays/jonters.bling3__Starfish__botA.bc24,jonters.bling3,1,A,b2fs,1,1021,CAPTURE,3,343,234,13,0,0,0,0,150,0,2000,300,0,24,1307,1225,0,0,46,164,508,109,ATK@600
gauntlet/20261001-234816-scrim-b2fs/replays/jonters.bling3__Starfish__botA.bc24,jonters.bling3,0,B,bling3,0,1021,CAPTURE,1,744,269,4,0,0,0,0,216,0,20,20,0,18,776,838,0,0,0,11,109,508,ATK@600
gauntlet/20261001-234816-scrim-b2fs/replays/justinottesen.sprint1__Decision__botA.bc24,justinottesen.sprint1,1,A,b2fs,1,755,CAPTURE,3,578,247,14,0,0,0,0,59,0,2530,260,0,4,1269,298,3,0,69,125,442,17,ATK@600
gauntlet/20261001-234816-scrim-b2fs/replays/justinottesen.sprint1__Decision__botA.bc24,justinottesen.sprint1,0,B,sprint1,0,755,CAPTURE,0,-1,372,2,0,0,0,0,132,1,140,190,0,0,174,619,2,0,0,13,17,442,ATK@600
gauntlet/20261001-234816-scrim-b2fs/replays/jonters.bling3__Snake__botB.bc24,jonters.bling3,0,A,bling3,0,1984,CAPTURE,1,766,273,3,0,0,0,0,223,0,8810,12610,0,3,497,893,78,0,7,240,375,707,ATK@600+HEAL@1200+CAP@1800
gauntlet/20261001-234816-scrim-b2fs/replays/jonters.bling3__Snake__botB.bc24,jonters.bling3,1,B,b2fs,1,1984,CAPTURE,3,357,221,18,0,0,0,0,132,0,11540,301,0,13,865,1028,20,0,304,451,707,375,ATK@600+HEAL@1200+CAP@1800
gauntlet/20261001-234816-scrim-b2fs/replays/jonters.bling3__Waterworld__botB.bc24,jonters.bling3,0,A,bling3,0,1707,CAPTURE,0,-1,0,0,0,0,0,0,453,0,10,1350,0,0,651,1818,14,0,0,79,183,673,ATK@600+HEAL@1200
gauntlet/20261001-234816-scrim-b2fs/replays/jonters.bling3__Waterworld__botB.bc24,jonters.bling3,1,B,b2fs,1,1707,CAPTURE,3,707,569,30,0,0,0,0,235,0,9250,1050,0,3,924,1267,10,0,133,331,673,183,ATK@600+HEAL@1200
gauntlet/20261001-234816-scrim-b2fs/replays/justinottesen.sprint1__OceanFloor__botB.bc24,justinottesen.sprint1,0,A,sprint1,0,1501,CAPTURE,0,-1,307,9,0,0,0,0,88,5,60,30,0,2,209,992,10,0,0,59,28,1271,ATK@600
gauntlet/20261001-234816-scrim-b2fs/replays/justinottesen.sprint1__OceanFloor__botB.bc24,justinottesen.sprint1,1,B,b2fs,1,1501,CAPTURE,3,416,262,21,0,0,0,0,27,0,2990,290,0,4,1529,474,3,0,71,508,1271,28,ATK@600+HEAL@1200
gauntlet/20261001-234816-scrim-b2fs/replays/justinottesen.sprint1__Fountain__botA.bc24,justinottesen.sprint1,1,A,b2fs,1,708,CAPTURE,3,272,236,14,0,0,0,0,35,0,3050,380,0,8,1347,415,3,0,46,129,464,29,ATK@600
gauntlet/20261001-234816-scrim-b2fs/replays/justinottesen.sprint1__Fountain__botA.bc24,justinottesen.sprint1,0,B,sprint1,0,708,CAPTURE,0,-1,552,5,0,0,0,0,58,0,1960,10,0,4,243,1093,6,0,0,12,29,464,ATK@600
gauntlet/20261001-234816-scrim-b2fs/replays/justinottesen.sprint1__StackGame__botB.bc24,justinottesen.sprint1,0,A,sprint1,0,704,CAPTURE,0,-1,0,0,0,0,0,0,52,25,440,140,0,8,234,1015,36,0,0,51,44,435,ATK@600
gauntlet/20261001-234816-scrim-b2fs/replays/justinottesen.sprint1__StackGame__botB.bc24,justinottesen.sprint1,1,B,b2fs,1,704,CAPTURE,3,480,357,12,0,0,0,0,31,0,6070,300,0,23,1597,785,0,0,83,120,435,44,ATK@600
gauntlet/20261001-234816-scrim-b2fs/replays/kyleezz.jeeryfix3__Fusbol__botA.bc24,kyleezz.jeeryfix3,1,A,b2fs,1,2000,MORE_FLAG_CAPTURES,1,1877,1483,13,0,0,0,0,75,0,7350,220,0,4,1063,1349,11,0,89,634,1477,275,ATK@600+HEAL@1200+CAP@1800
gauntlet/20261001-234816-scrim-b2fs/replays/kyleezz.jeeryfix3__Fusbol__botA.bc24,kyleezz.jeeryfix3,0,B,jeeryfix3,0,2000,MORE_FLAG_CAPTURES,0,-1,0,0,0,0,0,0,169,7,3830,6520,0,23,849,515,0,0,95,256,275,1477,ATK@600+CAP@1200+HEAL@1800
gauntlet/20261001-234816-scrim-b2fs/replays/kyleezz.jeeryfix3__Fusbol__botB.bc24,kyleezz.jeeryfix3,0,A,jeeryfix3,0,2000,LEVEL_SUM,0,-1,0,0,0,0,0,0,180,8,3400,4830,0,17,840,591,0,0,80,229,241,1578,ATK@600+CAP@1200+HEAL@1800
gauntlet/20261001-234816-scrim-b2fs/replays/kyleezz.jeeryfix3__Fusbol__botB.bc24,kyleezz.jeeryfix3,1,B,b2fs,1,2000,LEVEL_SUM,0,-1,1343,17,0,0,0,0,99,0,6630,360,0,3,1082,1279,11,0,94,649,1578,241,ATK@600+HEAL@1200+CAP@1800
gauntlet/20261001-234816-scrim-b2fs/replays/kyleezz.jeeryfix3__BedWars__botA.bc24,kyleezz.jeeryfix3,1,A,b2fs,1,2000,LEVEL_SUM,0,-1,1115,2,0,0,0,0,0,0,4800,570,0,4,0,0,2,0,45,1,1,3,ATK@600+HEAL@1200+CAP@1800
gauntlet/20261001-234816-scrim-b2fs/replays/kyleezz.jeeryfix3__BedWars__botA.bc24,kyleezz.jeeryfix3,0,B,jeeryfix3,0,2000,LEVEL_SUM,0,-1,0,0,0,0,0,0,0,0,4800,1960,0,0,0,0,0,0,11,0,3,1,ATK@600+CAP@1200+HEAL@1800
gauntlet/20261001-234816-scrim-b2fs/replays/quesswho.cretplayer2_3__AceOfSpades__botA.bc24,quesswho.cretplayer2_3,1,A,b2fs,1,1639,CAPTURE,3,381,323,20,0,0,0,0,9,0,3930,230,0,3,531,599,3,0,56,205,1087,346,ATK@600+HEAL@1200
gauntlet/20261001-234816-scrim-b2fs/replays/quesswho.cretplayer2_3__AceOfSpades__botA.bc24,quesswho.cretplayer2_3,0,B,cretplayer2_3,0,1639,CAPTURE,2,380,245,7,0,3,17,0,12,0,3840,11020,0,4,607,635,0,6,183,393,346,1087,ATK@600+HEAL@1200
gauntlet/20261001-234816-scrim-b2fs/replays/quesswho.cretplayer2_3__Digging__botA.bc24,quesswho.cretplayer2_3,1,A,b2fs,1,1909,CAPTURE,3,1609,346,28,0,0,0,0,12,0,2740,270,0,0,1219,1235,2,0,57,253,1770,240,ATK@600+HEAL@1200+CAP@1800
gauntlet/20261001-234816-scrim-b2fs/replays/quesswho.cretplayer2_3__Digging__botA.bc24,quesswho.cretplayer2_3,0,B,cretplayer2_3,0,1909,CAPTURE,1,318,281,8,0,3,1,0,17,0,2590,980,0,13,852,817,0,4,44,195,240,1770,ATK@600+HEAL@1200+CAP@1800
gauntlet/20261001-234816-scrim-b2fs/replays/winkelmantanner.waffle__Funnel__botB.bc24,winkelmantanner.waffle,0,A,waffle,0,1962,CAPTURE,1,692,245,34,0,0,0,0,6,32,1220,1220,0,3,799,733,0,0,79,257,352,972,ATK@600+HEAL@1200+CAP@1800
gauntlet/20261001-234816-scrim-b2fs/replays/winkelmantanner.waffle__Funnel__botB.bc24,winkelmantanner.waffle,1,B,b2fs,1,1962,CAPTURE,3,1472,437,7,0,0,0,0,26,0,3820,210,0,4,928,1116,3,0,68,329,972,352,ATK@600+HEAL@1200+CAP@1800
gauntlet/20261001-234816-scrim-b2fs/replays/winkelmantanner.waffle__Soccer__botB.bc24,winkelmantanner.waffle,0,A,waffle,0,1298,CAPTURE,1,374,264,70,0,0,0,0,17,18,3090,1030,0,3,1025,951,0,0,74,190,267,794,ATK@600+HEAL@1200
gauntlet/20261001-234816-scrim-b2fs/replays/winkelmantanner.waffle__Soccer__botB.bc24,winkelmantanner.waffle,1,B,b2fs,1,1298,CAPTURE,3,875,271,7,0,0,0,0,19,0,4830,300,0,0,1223,1355,3,0,66,249,794,267,ATK@600+HEAL@1200
gauntlet/20261002-000331-scrim-b2fs/losses/CyrilSharma.finalBot__AceOfSpades__botB.bc24,CyrilSharma.finalBot,0,A,finalBot,1,723,CAPTURE,3,387,338,7,0,0,0,47,5,1,3134,15617,9,1,946,1097,0,0,169,360,190,116,ATK@600
gauntlet/20261002-000331-scrim-b2fs/losses/CyrilSharma.finalBot__AceOfSpades__botB.bc24,CyrilSharma.finalBot,1,B,b2fs,0,723,CAPTURE,1,308,214,8,0,0,0,0,11,0,3870,260,0,16,898,1009,2,0,88,118,116,190,ATK@600
gauntlet/20261002-000331-scrim-b2fs/losses/CyrilSharma.finalBot__BedWars__botB.bc24,CyrilSharma.finalBot,0,A,finalBot,1,854,CAPTURE,3,333,238,22,0,0,0,45,15,0,3567,12,9,6,756,689,0,0,66,127,109,167,ATK@600
gauntlet/20261002-000331-scrim-b2fs/losses/CyrilSharma.finalBot__BedWars__botB.bc24,CyrilSharma.finalBot,1,B,b2fs,0,854,CAPTURE,1,482,339,5,0,0,0,0,0,0,4800,30,0,14,745,783,1,0,34,48,167,109,ATK@600
gauntlet/20261002-000331-scrim-b2fs/losses/ColtG5.Goob_final__Snake__botA.bc24,ColtG5.Goob_final,1,A,b2fs,0,2000,MORE_FLAG_CAPTURES,0,-1,0,0,0,0,0,0,142,0,11240,275,0,14,1065,1132,24,0,241,436,1056,545,ATK@600+HEAL@1200+CAP@1800
gauntlet/20261002-000331-scrim-b2fs/losses/ColtG5.Goob_final__Snake__botA.bc24,ColtG5.Goob_final,0,B,Goob_final,1,2000,MORE_FLAG_CAPTURES,2,443,332,14,0,0,0,0,174,0,10280,22860,0,9,902,674,12,0,112,582,545,1056,ATK@600+HEAL@1200+CAP@1800
gauntlet/20261002-000331-scrim-b2fs/losses/ColtG5.Goob_final__MazeRunner__botA.bc24,ColtG5.Goob_final,1,A,b2fs,0,2000,MORE_FLAG_CAPTURES,0,-1,0,0,0,0,0,0,123,0,1310,210,0,11,1057,1272,0,0,52,186,1003,331,ATK@600+HEAL@1200+CAP@1800
gauntlet/20261002-000331-scrim-b2fs/losses/ColtG5.Goob_final__MazeRunner__botA.bc24,ColtG5.Goob_final,0,B,Goob_final,1,2000,MORE_FLAG_CAPTURES,1,662,396,10,0,0,0,0,126,0,1220,290,0,3,879,735,0,0,56,191,331,1003,ATK@600+HEAL@1200+CAP@1800
gauntlet/20261002-000331-scrim-b2fs/losses/CyrilSharma.finalBot__YearOfTheDragon__botA.bc24,CyrilSharma.finalBot,1,A,b2fs,0,655,CAPTURE,0,-1,228,3,0,0,0,0,7,0,12990,265,0,1,762,1031,21,0,112,130,103,146,ATK@600
gauntlet/20261002-000331-scrim-b2fs/losses/CyrilSharma.finalBot__YearOfTheDragon__botA.bc24,CyrilSharma.finalBot,0,B,finalBot,1,655,CAPTURE,3,306,252,11,0,0,0,60,7,1,11870,9760,12,6,892,986,0,0,185,315,146,103,ATK@600
gauntlet/20261002-000331-scrim-b2fs/losses/CyrilSharma.finalBot__DefaultLarge__botA.bc24,CyrilSharma.finalBot,1,A,b2fs,0,2000,MORE_FLAG_CAPTURES,0,-1,1173,4,0,0,0,0,45,0,2850,240,0,6,1046,1160,1,0,63,263,630,578,ATK@600+HEAL@1200+CAP@1800
gauntlet/20261002-000331-scrim-b2fs/losses/CyrilSharma.finalBot__DefaultLarge__botA.bc24,CyrilSharma.finalBot,0,B,finalBot,1,2000,MORE_FLAG_CAPTURES,2,529,419,28,0,0,0,60,9,0,2865,3199,12,6,1082,1150,0,0,147,487,578,630,ATK@600+HEAL@1200+CAP@1800
gauntlet/20261002-000331-scrim-b2fs/losses/Gymhgy.v10official__DefaultMedium__botB.bc24,Gymhgy.v10official,0,A,v10official,1,542,CAPTURE,3,380,286,39,31,3,12,90,51,2,2121,21,18,0,995,1721,10,2,43,61,54,37,
gauntlet/20261002-000331-scrim-b2fs/losses/Gymhgy.v10official__DefaultMedium__botB.bc24,Gymhgy.v10official,1,B,b2fs,0,542,CAPTURE,0,-1,309,6,0,0,0,0,100,0,2300,270,0,7,1120,1564,2,0,38,43,37,54,
gauntlet/20261002-000331-scrim-b2fs/losses/Gymhgy.v10official__HeMustBeFreed__botB.bc24,Gymhgy.v10official,0,A,v10official,1,858,CAPTURE,3,607,363,50,41,3,7,32,91,3,4671,11988,5,0,677,1213,0,3,47,98,87,85,ATK@600
gauntlet/20261002-000331-scrim-b2fs/losses/Gymhgy.v10official__HeMustBeFreed__botB.bc24,Gymhgy.v10official,1,B,b2fs,0,858,CAPTURE,1,698,449,4,0,0,0,0,135,0,1350,200,0,5,833,1078,0,0,27,56,85,87,ATK@600
gauntlet/20261002-000331-scrim-b2fs/losses/IvanGeffner.kuma__Alien__botA.bc24,IvanGeffner.kuma,1,A,b2fs,0,448,CAPTURE,0,-1,0,0,0,0,0,0,5,0,5550,280,0,5,1021,1449,0,0,73,74,37,83,
gauntlet/20261002-000331-scrim-b2fs/losses/IvanGeffner.kuma__Alien__botA.bc24,IvanGeffner.kuma,0,B,kuma,1,448,CAPTURE,3,336,261,26,19,0,0,90,8,0,4005,2539,18,6,1151,1335,6,0,113,94,83,37,
gauntlet/20261002-000331-scrim-b2fs/losses/IvanGeffner.kuma__Capacitance__botA.bc24,IvanGeffner.kuma,1,A,b2fs,0,741,CAPTURE,1,740,726,1,0,0,0,0,21,0,5370,270,0,18,936,1261,0,0,76,110,92,217,ATK@600
gauntlet/20261002-000331-scrim-b2fs/losses/IvanGeffner.kuma__Capacitance__botA.bc24,IvanGeffner.kuma,0,B,kuma,1,741,CAPTURE,3,364,245,49,33,0,0,90,19,0,3975,1755,18,10,1023,1138,2,0,110,197,217,92,ATK@600
gauntlet/20261002-000331-scrim-b2fs/losses/IvanGeffner.kuma__BigDucksBigPond__botA.bc24,IvanGeffner.kuma,1,A,b2fs,0,1531,CAPTURE,0,-1,281,3,0,0,0,0,114,0,4080,280,0,12,834,1266,4,0,52,165,280,701,ATK@600+HEAL@1200
gauntlet/20261002-000331-scrim-b2fs/losses/IvanGeffner.kuma__BigDucksBigPond__botA.bc24,IvanGeffner.kuma,0,B,kuma,1,1531,CAPTURE,3,382,240,33,22,0,0,90,115,4,2437,1852,18,2,902,1175,5,0,98,509,701,280,ATK@600+HEAL@1200
gauntlet/20261002-000331-scrim-b2fs/losses/IvanGeffner.kuma__Diagonal__botB.bc24,IvanGeffner.kuma,0,A,kuma,1,2000,LEVEL_SUM,0,-1,0,0,0,0,0,86,26,15,3913,1879,17,9,688,950,6,0,97,285,238,170,ATK@600+HEAL@1200+CAP@1800
gauntlet/20261002-000331-scrim-b2fs/losses/IvanGeffner.kuma__Diagonal__botB.bc24,IvanGeffner.kuma,1,B,b2fs,0,2000,LEVEL_SUM,0,-1,0,0,0,0,0,0,21,0,6870,270,0,10,583,791,7,0,72,180,170,238,ATK@600+HEAL@1200+CAP@1800
gauntlet/20261002-000331-scrim-b2fs/losses/Gymhgy.v10official__GravitationalWaves__botA.bc24,Gymhgy.v10official,1,A,b2fs,0,1560,CAPTURE,0,-1,645,1,0,0,0,0,54,0,4180,230,0,10,1130,1605,0,0,57,126,223,143,ATK@600+HEAL@1200
gauntlet/20261002-000331-scrim-b2fs/losses/Gymhgy.v10official__GravitationalWaves__botA.bc24,Gymhgy.v10official,0,B,v10official,1,1560,CAPTURE,3,571,261,60,33,3,18,80,56,1,2997,87,16,0,878,1812,8,1,42,144,143,223,ATK@600+HEAL@1200
gauntlet/20261002-000331-scrim-b2fs/losses/Gymhgy.v10official__Diagonal__botA.bc24,Gymhgy.v10official,1,A,b2fs,0,2000,MORE_FLAG_CAPTURES,0,-1,675,2,0,0,0,0,19,0,6930,230,0,21,633,894,6,0,76,226,202,241,ATK@600+HEAL@1200+CAP@1800
gauntlet/20261002-000331-scrim-b2fs/losses/Gymhgy.v10official__Diagonal__botA.bc24,Gymhgy.v10official,0,B,v10official,1,2000,MORE_FLAG_CAPTURES,1,713,497,13,6,3,9,74,19,2,5485,1625,14,0,606,1005,11,2,71,173,241,202,ATK@600+HEAL@1200+CAP@1800
gauntlet/20261002-000331-scrim-b2fs/losses/IvanGeffner.kuma__StackGame__botB.bc24,IvanGeffner.kuma,0,A,kuma,1,818,CAPTURE,3,301,265,7,2,0,0,90,40,6,3810,2470,18,7,1277,1601,11,0,100,208,311,113,ATK@600
gauntlet/20261002-000331-scrim-b2fs/losses/IvanGeffner.kuma__StackGame__botB.bc24,IvanGeffner.kuma,1,B,b2fs,0,818,CAPTURE,0,-1,0,0,0,0,0,0,31,0,6070,270,0,23,1049,1544,0,0,77,106,113,311,ATK@600
gauntlet/20261002-000331-scrim-b2fs/losses/NotLLeon.v3__Duck__botB.bc24,NotLLeon.v3,0,A,v3,1,494,CAPTURE,3,460,255,8,2,0,0,0,18,0,4760,320,0,6,834,1056,0,0,68,74,27,96,
gauntlet/20261002-000331-scrim-b2fs/losses/NotLLeon.v3__Duck__botB.bc24,NotLLeon.v3,1,B,b2fs,0,494,CAPTURE,1,451,320,10,0,0,0,0,48,0,3860,260,0,0,966,1311,2,0,54,65,96,27,
gauntlet/20261002-000331-scrim-b2fs/losses/IvanGeffner.kuma__Randy__botB.bc24,IvanGeffner.kuma,0,A,kuma,1,2000,MORE_FLAG_CAPTURES,2,253,231,27,13,0,0,90,13,11,2930,1460,18,19,1024,1354,2,0,76,443,533,332,ATK@600+HEAL@1200+CAP@1800
gauntlet/20261002-000331-scrim-b2fs/losses/IvanGeffner.kuma__Randy__botB.bc24,IvanGeffner.kuma,1,B,b2fs,0,2000,MORE_FLAG_CAPTURES,0,-1,240,4,0,0,0,0,6,0,5620,310,0,19,825,1257,0,0,72,220,332,533,ATK@600+HEAL@1200+CAP@1800
gauntlet/20261002-000331-scrim-b2fs/losses/NotLLeon.v3__Foxes__botB.bc24,NotLLeon.v3,0,A,v3,1,1437,CAPTURE,3,445,320,28,17,0,0,0,3,0,9810,4370,0,3,1002,1044,0,0,122,287,350,358,ATK@600+HEAL@1200
gauntlet/20261002-000331-scrim-b2fs/losses/NotLLeon.v3__Foxes__botB.bc24,NotLLeon.v3,1,B,b2fs,0,1437,CAPTURE,0,-1,319,11,0,0,0,0,13,0,9510,220,0,3,888,1200,13,0,93,203,358,350,ATK@600+HEAL@1200
gauntlet/20261002-000331-scrim-b2fs/losses/NotLLeon.v3__Decision__botB.bc24,NotLLeon.v3,0,A,v3,1,1864,CAPTURE,3,529,257,75,15,0,0,0,35,0,2750,490,0,1,581,580,0,0,46,247,338,399,ATK@600+HEAL@1200+CAP@1800
gauntlet/20261002-000331-scrim-b2fs/losses/NotLLeon.v3__Decision__botB.bc24,NotLLeon.v3,1,B,b2fs,0,1864,CAPTURE,2,785,255,32,0,0,0,0,65,0,2350,250,0,1,647,708,0,0,39,204,399,338,ATK@600+HEAL@1200+CAP@1800
gauntlet/20261002-000331-scrim-b2fs/losses/NotLLeon.v3__Rainbow__botA.bc24,NotLLeon.v3,1,A,b2fs,0,2000,MORE_FLAG_CAPTURES,0,-1,0,0,0,0,0,0,47,0,6990,290,0,14,796,1211,5,0,80,256,582,491,ATK@600+HEAL@1200+CAP@1800
gauntlet/20261002-000331-scrim-b2fs/losses/NotLLeon.v3__Rainbow__botA.bc24,NotLLeon.v3,0,B,v3,1,2000,MORE_FLAG_CAPTURES,2,1013,337,56,5,0,0,0,21,0,7770,4450,0,3,873,965,0,0,96,373,491,582,ATK@600+HEAL@1200+CAP@1800
gauntlet/20261002-000331-scrim-b2fs/losses/SampleProvider.TSPAARKSPRINT1__EndAround__botA.bc24,SampleProvider.TSPAARKSPRINT1,1,A,b2fs,0,743,CAPTURE,0,-1,251,11,0,0,0,0,53,0,3310,270,0,3,653,510,1,0,66,91,111,56,ATK@600
gauntlet/20261002-000331-scrim-b2fs/losses/SampleProvider.TSPAARKSPRINT1__EndAround__botA.bc24,SampleProvider.TSPAARKSPRINT1,0,B,TSPAARKSPRINT1,1,743,CAPTURE,3,488,368,10,0,3,46,0,133,4,510,20,0,10,317,665,14,15,1,37,56,111,ATK@600
gauntlet/20261002-000331-scrim-b2fs/losses/NotLLeon.v3__FloodGates__botA.bc24,NotLLeon.v3,1,A,b2fs,0,2000,MORE_FLAG_CAPTURES,0,-1,449,4,0,0,0,0,2,0,2840,250,0,25,572,709,1,0,52,199,422,264,ATK@600+HEAL@1200+CAP@1800
gauntlet/20261002-000331-scrim-b2fs/losses/NotLLeon.v3__FloodGates__botA.bc24,NotLLeon.v3,0,B,v3,1,2000,MORE_FLAG_CAPTURES,1,353,307,30,1,0,0,0,6,0,2720,3090,0,8,490,556,0,0,47,221,264,422,ATK@600+HEAL@1200+CAP@1800
gauntlet/20261002-000331-scrim-b2fs/losses/SampleProvider.TSPAARKSPRINT1__EndAround__botB.bc24,SampleProvider.TSPAARKSPRINT1,0,A,TSPAARKSPRINT1,1,1822,CAPTURE,3,1232,338,44,0,3,53,0,135,5,350,10,0,1,474,1060,15,18,0,100,155,694,ATK@600+CAP@1200+HEAL@1800
gauntlet/20261002-000331-scrim-b2fs/losses/SampleProvider.TSPAARKSPRINT1__EndAround__botB.bc24,SampleProvider.TSPAARKSPRINT1,1,B,b2fs,0,1822,CAPTURE,1,1639,259,29,0,0,0,0,63,0,2410,200,0,3,746,642,1,0,51,280,694,155,ATK@600+HEAL@1200+CAP@1800
gauntlet/20261002-000331-scrim-b2fs/losses/Strequals.duck0127v5__Canals__botA.bc24,Strequals.duck0127v5,1,A,b2fs,0,1065,CAPTURE,0,-1,509,1,0,0,0,0,0,0,7000,280,0,7,764,1330,3,0,79,141,125,436,ATK@600
gauntlet/20261002-000331-scrim-b2fs/losses/Strequals.duck0127v5__Canals__botA.bc24,Strequals.duck0127v5,0,B,duck0127v5,1,1065,CAPTURE,3,559,486,13,0,0,0,90,60,2,3760,3347,18,4,949,1395,0,3,88,380,436,125,ATK@600
gauntlet/20261002-000331-scrim-b2fs/losses/Strequals.duck0127v5__Soccer__botA.bc24,Strequals.duck0127v5,1,A,b2fs,0,760,CAPTURE,0,-1,336,17,0,0,0,0,12,0,5040,250,0,4,884,1546,2,0,64,91,92,159,ATK@600
gauntlet/20261002-000331-scrim-b2fs/losses/Strequals.duck0127v5__Soccer__botA.bc24,Strequals.duck0127v5,0,B,duck0127v5,1,760,CAPTURE,3,410,326,11,0,0,0,90,30,2,3185,2430,18,12,947,1372,0,2,68,167,159,92,ATK@600
gauntlet/20261002-000331-scrim-b2fs/losses/SampleProvider.TSPAARKSPRINT1__English__botA.bc24,SampleProvider.TSPAARKSPRINT1,1,A,b2fs,0,1934,CAPTURE,2,597,272,11,0,0,0,0,170,0,8200,280,0,0,785,687,5,0,85,303,466,154,ATK@600+HEAL@1200+CAP@1800
gauntlet/20261002-000331-scrim-b2fs/losses/SampleProvider.TSPAARKSPRINT1__English__botA.bc24,SampleProvider.TSPAARKSPRINT1,0,B,TSPAARKSPRINT1,1,1934,CAPTURE,3,587,271,72,0,3,47,0,294,4,4080,20,0,6,410,868,4,30,3,59,154,466,ATK@600+CAP@1200+HEAL@1800
gauntlet/20261002-000331-scrim-b2fs/losses/Strequals.duck0127v5__Skyline__botB.bc24,Strequals.duck0127v5,0,A,duck0127v5,1,1452,CAPTURE,3,395,349,9,0,0,0,90,72,29,19362,18122,18,16,893,1280,0,2,122,346,352,227,ATK@600+HEAL@1200
gauntlet/20261002-000331-scrim-b2fs/losses/Strequals.duck0127v5__Skyline__botB.bc24,Strequals.duck0127v5,1,B,b2fs,0,1452,CAPTURE,0,-1,263,7,0,0,0,0,90,0,21300,295,0,11,879,1370,24,0,195,326,227,352,ATK@600+HEAL@1200
gauntlet/20261002-000331-scrim-b2fs/losses/Strequals.duck0127v5__Divergent__botA.bc24,Strequals.duck0127v5,1,A,b2fs,0,2000,MORE_FLAG_CAPTURES,0,-1,340,14,0,0,0,0,23,0,5410,210,0,6,635,1061,2,0,72,218,254,463,ATK@600+HEAL@1200+CAP@1800
gauntlet/20261002-000331-scrim-b2fs/losses/Strequals.duck0127v5__Divergent__botA.bc24,Strequals.duck0127v5,0,B,duck0127v5,1,2000,MORE_FLAG_CAPTURES,2,1564,413,38,0,0,0,66,28,2,3489,3094,13,10,765,1036,0,2,78,437,463,254,ATK@600+HEAL@1200+CAP@1800
gauntlet/20261002-000331-scrim-b2fs/losses/andli28.v9_USQuals_angle__AceOfSpades__botB.bc24,andli28.v9_USQuals_angle,0,A,v9_USQuals_angle,1,769,CAPTURE,3,340,232,11,0,0,0,88,14,16,1580,17780,18,4,1054,1258,18,3,135,326,254,127,ATK@600
gauntlet/20261002-000331-scrim-b2fs/losses/andli28.v9_USQuals_angle__AceOfSpades__botB.bc24,andli28.v9_USQuals_angle,1,B,b2fs,0,769,CAPTURE,0,-1,0,0,0,0,0,0,7,0,3990,290,0,8,1034,1519,3,0,56,95,127,254,ATK@600
gauntlet/20261002-000331-scrim-b2fs/losses/andli28.v9_USQuals_angle__Funnel__botB.bc24,andli28.v9_USQuals_angle,0,A,v9_USQuals_angle,1,1222,CAPTURE,3,724,341,15,0,0,0,90,10,12,2320,3130,18,3,1017,1262,6,3,110,363,358,223,ATK@600+HEAL@1200
gauntlet/20261002-000331-scrim-b2fs/losses/andli28.v9_USQuals_angle__Funnel__botB.bc24,andli28.v9_USQuals_angle,1,B,b2fs,0,1222,CAPTURE,0,-1,449,2,0,0,0,0,15,0,4150,220,0,7,889,1412,5,0,62,140,223,358,ATK@600+HEAL@1200
gauntlet/20261002-000331-scrim-b2fs/losses/andli28.v9_USQuals_angle__Gated__botA.bc24,andli28.v9_USQuals_angle,1,A,b2fs,0,522,CAPTURE,0,-1,0,0,0,0,0,0,26,0,3120,250,0,0,873,1449,2,0,51,58,54,46,
gauntlet/20261002-000331-scrim-b2fs/losses/andli28.v9_USQuals_angle__Gated__botA.bc24,andli28.v9_USQuals_angle,0,B,v9_USQuals_angle,1,522,CAPTURE,3,338,290,12,0,0,0,88,17,7,1557,1602,18,3,898,1256,0,5,73,75,46,54,
gauntlet/20261002-000331-scrim-b2fs/losses/andli28.v9_USQuals_angle__Occulus__botA.bc24,andli28.v9_USQuals_angle,1,A,b2fs,0,749,CAPTURE,0,-1,0,0,0,0,0,0,14,0,3780,290,0,24,973,1517,2,0,52,83,140,200,ATK@600
gauntlet/20261002-000331-scrim-b2fs/losses/andli28.v9_USQuals_angle__Occulus__botA.bc24,andli28.v9_USQuals_angle,0,B,v9_USQuals_angle,1,749,CAPTURE,3,599,265,29,0,0,0,80,11,8,2003,5923,17,22,1032,1285,7,4,67,193,200,140,ATK@600
gauntlet/20261002-000331-scrim-b2fs/losses/andli28.v9_USQuals_angle__QuestionableChess__botA.bc24,andli28.v9_USQuals_angle,1,A,b2fs,0,914,CAPTURE,1,290,241,5,0,0,0,0,65,0,450,250,0,11,958,1386,0,0,19,62,186,295,ATK@600
gauntlet/20261002-000331-scrim-b2fs/losses/andli28.v9_USQuals_angle__QuestionableChess__botA.bc24,andli28.v9_USQuals_angle,0,B,v9_USQuals_angle,1,914,CAPTURE,3,381,285,26,0,0,0,51,38,4,11,165,9,1,1003,1132,0,2,11,154,295,186,ATK@600
gauntlet/20261002-000331-scrim-b2fs/losses/andrewgopher.player22__StackGame__botA.bc24,andrewgopher.player22,1,A,b2fs,0,457,CAPTURE,0,-1,0,0,0,0,0,0,28,0,6160,230,0,35,1158,1628,0,0,79,78,116,88,
gauntlet/20261002-000331-scrim-b2fs/losses/andrewgopher.player22__StackGame__botA.bc24,andrewgopher.player22,0,B,player22,1,457,CAPTURE,3,381,348,8,0,3,0,0,51,0,5470,620,0,6,1296,936,0,0,89,88,88,116,
gauntlet/20261002-000331-scrim-b2fs/losses/andli28.v9_USQuals_angle__SteamboatMickey__botB.bc24,andli28.v9_USQuals_angle,0,A,v9_USQuals_angle,1,2000,MORE_FLAG_CAPTURES,2,468,400,24,0,0,0,89,2,6,7879,16789,18,17,876,1268,20,3,97,632,712,377,ATK@600+HEAL@1200+CAP@1800
gauntlet/20261002-000331-scrim-b2fs/losses/andli28.v9_USQuals_angle__SteamboatMickey__botB.bc24,andli28.v9_USQuals_angle,1,B,b2fs,0,2000,MORE_FLAG_CAPTURES,0,-1,225,10,0,0,0,0,2,0,9640,220,0,16,1007,1257,0,0,123,283,377,712,ATK@600+HEAL@1200+CAP@1800
gauntlet/20261002-000331-scrim-b2fs/losses/andrewgopher.player22__Snake__botA.bc24,andrewgopher.player22,1,A,b2fs,0,1604,CAPTURE,0,-1,244,5,0,0,0,0,124,0,11780,283,0,9,1059,1294,24,0,264,403,678,738,ATK@600+HEAL@1200
gauntlet/20261002-000331-scrim-b2fs/losses/andrewgopher.player22__Snake__botA.bc24,andrewgopher.player22,0,B,player22,1,1604,CAPTURE,3,671,476,17,5,3,0,0,149,0,11030,25530,0,5,920,551,36,0,69,499,738,678,ATK@600+HEAL@1200
gauntlet/20261002-000331-scrim-b2fs/losses/andrewgopher.player22__WheresMyWater__botA.bc24,andrewgopher.player22,1,A,b2fs,0,491,CAPTURE,0,-1,0,0,0,0,0,0,62,0,3540,260,0,1,1029,1722,0,0,59,64,147,103,
gauntlet/20261002-000331-scrim-b2fs/losses/andrewgopher.player22__WheresMyWater__botA.bc24,andrewgopher.player22,0,B,player22,1,491,CAPTURE,3,270,254,6,0,3,0,0,93,0,2610,50,0,3,1328,602,7,0,62,65,103,147,
gauntlet/20261002-000331-scrim-b2fs/losses/andrewgopher.player22__Divergent__botB.bc24,andrewgopher.player22,0,A,player22,1,2000,MORE_FLAG_CAPTURES,2,926,424,18,1,3,0,0,73,0,3610,470,0,3,876,680,5,0,48,234,449,616,ATK@600+HEAL@1200+CAP@1800
gauntlet/20261002-000331-scrim-b2fs/losses/andrewgopher.player22__Divergent__botB.bc24,andrewgopher.player22,1,B,b2fs,0,2000,MORE_FLAG_CAPTURES,0,-1,377,6,0,0,0,0,25,0,5350,250,0,22,789,1247,2,0,72,216,616,449,ATK@600+HEAL@1200+CAP@1800
gauntlet/20261002-000331-scrim-b2fs/losses/andrewgopher.player22__Fountain__botA.bc24,andrewgopher.player22,1,A,b2fs,0,2000,MORE_FLAG_CAPTURES,0,-1,314,5,0,0,0,0,37,0,2990,220,0,11,902,1506,1,0,46,208,716,416,ATK@600+HEAL@1200+CAP@1800
gauntlet/20261002-000331-scrim-b2fs/losses/andrewgopher.player22__Fountain__botA.bc24,andrewgopher.player22,0,B,player22,1,2000,MORE_FLAG_CAPTURES,1,454,284,10,0,3,0,0,70,0,2000,1870,0,0,959,749,7,0,15,180,416,716,ATK@600+HEAL@1200+CAP@1800
gauntlet/20261002-000331-scrim-b2fs/losses/andrewgopher.player22__Yinyang__botB.bc24,andrewgopher.player22,0,A,player22,1,691,CAPTURE,3,242,222,12,0,3,0,0,0,0,5300,310,0,1,1164,833,3,0,62,132,329,200,ATK@600
gauntlet/20261002-000331-scrim-b2fs/losses/andrewgopher.player22__Yinyang__botB.bc24,andrewgopher.player22,1,B,b2fs,0,691,CAPTURE,0,-1,0,0,0,0,0,0,0,0,5300,270,0,25,983,1517,0,0,65,93,200,329,ATK@600
gauntlet/20261002-000331-scrim-b2fs/losses/chenyx512.flagbot_final__Alligator__botA.bc24,chenyx512.flagbot_final,1,A,b2fs,0,1107,CAPTURE,0,-1,0,0,0,0,0,0,71,0,3570,210,0,12,979,1492,0,0,68,140,122,536,ATK@600
gauntlet/20261002-000331-scrim-b2fs/losses/chenyx512.flagbot_final__Alligator__botA.bc24,chenyx512.flagbot_final,0,B,flagbot_final,1,1107,CAPTURE,3,361,297,9,0,3,33,90,124,4,439,3294,18,7,1060,1593,0,0,116,333,536,122,ATK@600
gauntlet/20261002-000331-scrim-b2fs/losses/chenyx512.flagbot_final__Bunkers__botA.bc24,chenyx512.flagbot_final,1,A,b2fs,0,930,CAPTURE,0,-1,283,3,0,0,0,0,27,0,4390,290,0,21,988,1574,3,0,56,110,60,429,ATK@600
gauntlet/20261002-000331-scrim-b2fs/losses/chenyx512.flagbot_final__Bunkers__botA.bc24,chenyx512.flagbot_final,0,B,flagbot_final,1,930,CAPTURE,3,335,295,6,0,3,54,90,119,2,187,42,18,20,1124,1777,0,0,45,207,429,60,ATK@600
gauntlet/20261002-000331-scrim-b2fs/losses/chenyx512.flagbot_final__CH3353C4K3F4CT0RY__botB.bc24,chenyx512.flagbot_final,0,A,flagbot_final,1,972,CAPTURE,3,486,438,15,0,3,46,90,111,0,10712,9272,18,3,1117,1506,0,0,221,405,437,97,ATK@600
gauntlet/20261002-000331-scrim-b2fs/losses/chenyx512.flagbot_final__CH3353C4K3F4CT0RY__botB.bc24,chenyx512.flagbot_final,1,B,b2fs,0,972,CAPTURE,0,-1,247,5,0,0,0,0,1,0,15370,290,0,13,860,1297,20,0,137,204,97,437,ATK@600
gauntlet/20261002-000331-scrim-b2fs/losses/chenyx512.flagbot_final__KingQuacksCastle__botB.bc24,chenyx512.flagbot_final,0,A,flagbot_final,1,677,CAPTURE,3,358,314,8,0,3,40,90,93,0,67,6012,18,1,1065,1682,0,0,148,184,187,25,ATK@600
gauntlet/20261002-000331-scrim-b2fs/losses/chenyx512.flagbot_final__KingQuacksCastle__botB.bc24,chenyx512.flagbot_final,1,B,b2fs,0,677,CAPTURE,1,309,226,7,0,0,0,0,29,0,3130,260,0,15,913,1340,3,0,44,72,25,187,ATK@600
gauntlet/20261002-000331-scrim-b2fs/losses/chenyx512.flagbot_final__Intercontinental__botA.bc24,chenyx512.flagbot_final,1,A,b2fs,0,1178,CAPTURE,2,430,366,6,0,0,0,0,132,0,840,260,0,5,875,1121,0,0,26,94,137,580,ATK@600
gauntlet/20261002-000331-scrim-b2fs/losses/chenyx512.flagbot_final__Intercontinental__botA.bc24,chenyx512.flagbot_final,0,B,flagbot_final,1,1178,CAPTURE,3,414,300,8,0,3,26,78,125,0,40,20,15,3,778,1316,0,0,20,203,580,137,ATK@600
gauntlet/20261002-000331-scrim-b2fs/losses/chenyx512.flagbot_final__OceanFloor__botB.bc24,chenyx512.flagbot_final,0,A,flagbot_final,1,1297,CAPTURE,3,369,318,22,0,3,53,90,76,2,142,22,18,4,935,1288,0,0,24,268,479,96,ATK@600+HEAL@1200
gauntlet/20261002-000331-scrim-b2fs/losses/chenyx512.flagbot_final__OceanFloor__botB.bc24,chenyx512.flagbot_final,1,B,b2fs,0,1297,CAPTURE,0,-1,251,11,0,0,0,0,24,0,3080,280,0,21,736,1150,2,0,46,121,96,479,ATK@600+HEAL@1200
gauntlet/20261002-000331-scrim-b2fs/losses/clbarrell.duck8__Fountain__botA.bc24,clbarrell.duck8,1,A,b2fs,0,922,CAPTURE,1,318,236,4,0,0,0,0,40,0,2900,220,0,0,923,889,2,0,30,68,340,165,ATK@600
gauntlet/20261002-000331-scrim-b2fs/losses/clbarrell.duck8__Fountain__botA.bc24,clbarrell.duck8,0,B,duck8,1,922,CAPTURE,3,296,251,15,0,0,0,0,28,24,60,90,1,13,797,530,8,0,46,82,165,340,ATK@750
gauntlet/20261002-000331-scrim-b2fs/losses/dmtrung14.defaultplayer_intlqualifier__OceanFloor__botB.bc24,dmtrung14.defaultplayer_intlqualifier,0,A,defaultplayer_intlqualifier,1,473,CAPTURE,3,296,218,38,27,3,17,0,59,12,30,130,0,4,281,702,5,15,11,31,12,128,
gauntlet/20261002-000331-scrim-b2fs/losses/dmtrung14.defaultplayer_intlqualifier__OceanFloor__botB.bc24,dmtrung14.defaultplayer_intlqualifier,1,B,b2fs,0,473,CAPTURE,1,403,331,5,0,0,0,0,26,0,3020,250,0,0,1103,415,2,0,46,45,128,12,
gauntlet/20261002-000331-scrim-b2fs/losses/clbarrell.duck8__Whirlpool__botA.bc24,clbarrell.duck8,1,A,b2fs,0,2000,MORE_FLAG_CAPTURES,1,1072,1027,1,0,0,0,0,85,0,2650,230,0,3,1113,1226,0,0,56,203,949,362,ATK@600+HEAL@1200+CAP@1800
gauntlet/20261002-000331-scrim-b2fs/losses/clbarrell.duck8__Whirlpool__botA.bc24,clbarrell.duck8,0,B,duck8,1,2000,MORE_FLAG_CAPTURES,2,424,363,11,0,0,0,0,46,32,100,50,3,12,832,994,6,0,68,209,362,949,ATK@750+HEAL@1500
gauntlet/20261002-000331-scrim-b2fs/losses/hsmalladi.finalbot__HungerGames__botB.bc24,hsmalladi.finalbot,0,A,finalbot,1,585,CAPTURE,3,271,229,23,3,3,20,24,18,0,2143,11372,4,0,841,841,1,3,211,208,86,98,
gauntlet/20261002-000331-scrim-b2fs/losses/hsmalladi.finalbot__HungerGames__botB.bc24,hsmalladi.finalbot,1,B,b2fs,0,585,CAPTURE,1,552,367,3,0,0,0,0,20,0,2500,290,0,25,716,950,2,0,69,86,98,86,
gauntlet/20261002-000331-scrim-b2fs/losses/dmtrung14.defaultplayer_intlqualifier__GaltonBoard__botB.bc24,dmtrung14.defaultplayer_intlqualifier,0,A,defaultplayer_intlqualifier,1,2000,MORE_FLAG_CAPTURES,1,242,221,11,5,3,5,0,9,15,30,30,0,4,425,940,6,14,9,56,112,997,ATK@600+HEAL@1200+CAP@1800
gauntlet/20261002-000331-scrim-b2fs/losses/dmtrung14.defaultplayer_intlqualifier__GaltonBoard__botB.bc24,dmtrung14.defaultplayer_intlqualifier,1,B,b2fs,0,2000,MORE_FLAG_CAPTURES,0,-1,514,3,0,0,0,0,12,0,2040,220,0,28,1484,681,2,0,52,195,997,112,ATK@600+HEAL@1200+CAP@1800
gauntlet/20261002-000331-scrim-b2fs/losses/hsmalladi.finalbot__StackGame__botA.bc24,hsmalladi.finalbot,1,A,b2fs,0,432,CAPTURE,0,-1,0,0,0,0,0,0,31,0,6070,270,0,1,1132,1666,0,0,79,78,83,52,
gauntlet/20261002-000331-scrim-b2fs/losses/hsmalladi.finalbot__StackGame__botA.bc24,hsmalladi.finalbot,0,B,finalbot,1,432,CAPTURE,3,340,271,18,7,3,23,60,70,3,3713,83,12,0,1105,1100,9,3,51,51,52,83,
gauntlet/20261002-000331-scrim-b2fs/losses/hsmalladi.finalbot__Puzzle__botA.bc24,hsmalladi.finalbot,1,A,b2fs,0,699,CAPTURE,1,309,235,3,0,0,0,0,3,0,2310,853,0,3,600,927,1,0,120,116,119,82,ATK@600
gauntlet/20261002-000331-scrim-b2fs/losses/hsmalladi.finalbot__Puzzle__botA.bc24,hsmalladi.finalbot,0,B,finalbot,1,699,CAPTURE,3,506,281,36,15,3,27,0,77,0,90,7250,0,0,618,756,0,7,107,122,82,119,ATK@600
gauntlet/20261002-000331-scrim-b2fs/losses/hsmalladi.finalbot__BreadPudding__botB.bc24,hsmalladi.finalbot,0,A,finalbot,1,2000,LEVEL_SUM,1,1099,853,12,2,3,21,55,42,0,2849,159,11,0,904,1264,5,4,41,316,551,673,ATK@600+HEAL@1200+CAP@1800
gauntlet/20261002-000331-scrim-b2fs/losses/hsmalladi.finalbot__BreadPudding__botB.bc24,hsmalladi.finalbot,1,B,b2fs,0,2000,LEVEL_SUM,1,728,285,4,0,0,0,0,39,0,3830,230,0,19,913,1513,1,0,58,226,673,551,ATK@600+HEAL@1200+CAP@1800
gauntlet/20261002-000331-scrim-b2fs/losses/jmerle.camel_case_v21_final__HungerGames__botB.bc24,jmerle.camel_case_v21_final,0,A,camel_case_v21_final,1,337,CAPTURE,3,303,274,3,0,0,0,0,2,0,2940,12500,0,3,982,368,0,0,212,169,91,30,
gauntlet/20261002-000331-scrim-b2fs/losses/jmerle.camel_case_v21_final__HungerGames__botB.bc24,jmerle.camel_case_v21_final,1,B,b2fs,0,337,CAPTURE,0,-1,0,0,0,0,0,0,20,0,2500,270,0,0,456,604,1,0,48,47,30,91,
gauntlet/20261002-000331-scrim-b2fs/losses/jmerle.camel_case_v21_final__GravitationalWaves__botB.bc24,jmerle.camel_case_v21_final,0,A,camel_case_v21_final,1,2000,MORE_FLAG_CAPTURES,1,346,275,4,0,0,0,0,74,0,3580,2560,0,2,957,742,0,0,39,164,334,694,ATK@600+HEAL@1200+CAP@1800
gauntlet/20261002-000331-scrim-b2fs/losses/jmerle.camel_case_v21_final__GravitationalWaves__botB.bc24,jmerle.camel_case_v21_final,1,B,b2fs,0,2000,MORE_FLAG_CAPTURES,0,-1,259,2,0,0,0,0,49,0,4330,300,0,8,792,1436,0,0,60,154,694,334,ATK@600+HEAL@1200+CAP@1800
gauntlet/20261002-000331-scrim-b2fs/losses/hsmalladi.finalbot__TwistedTreeline__botA.bc24,hsmalladi.finalbot,1,A,b2fs,0,2000,MORE_FLAG_CAPTURES,1,386,289,9,0,0,0,0,62,0,2940,300,0,0,1058,1429,2,0,52,258,683,513,ATK@600+HEAL@1200+CAP@1800
gauntlet/20261002-000331-scrim-b2fs/losses/hsmalladi.finalbot__TwistedTreeline__botA.bc24,hsmalladi.finalbot,0,B,finalbot,1,2000,MORE_FLAG_CAPTURES,2,310,250,56,12,3,17,36,72,0,2028,112,7,0,1088,900,0,2,39,278,513,683,ATK@600+HEAL@1200+CAP@1800
gauntlet/20261002-000331-scrim-b2fs/losses/jmerle.camel_case_v21_final__OceanFloor__botB.bc24,jmerle.camel_case_v21_final,0,A,camel_case_v21_final,1,634,CAPTURE,3,288,227,4,0,0,0,0,6,14,2220,780,0,0,1150,629,0,0,59,83,132,143,ATK@600
gauntlet/20261002-000331-scrim-b2fs/losses/jmerle.camel_case_v21_final__OceanFloor__botB.bc24,jmerle.camel_case_v21_final,1,B,b2fs,0,634,CAPTURE,0,-1,215,12,0,0,0,0,22,0,3140,260,0,5,801,1167,3,0,46,53,143,132,ATK@600
gauntlet/20261002-000331-scrim-b2fs/losses/jmerle.camel_case_v21_final__Starfish__botB.bc24,jmerle.camel_case_v21_final,0,A,camel_case_v21_final,1,381,CAPTURE,3,243,213,4,0,0,0,0,216,0,20,190,0,6,1396,498,0,0,26,26,99,96,
gauntlet/20261002-000331-scrim-b2fs/losses/jmerle.camel_case_v21_final__Starfish__botB.bc24,jmerle.camel_case_v21_final,1,B,b2fs,0,381,CAPTURE,1,288,233,5,0,0,0,0,159,0,1730,280,0,12,1009,1204,0,0,35,33,96,99,
gauntlet/20261002-000331-scrim-b2fs/losses/jmerle.camel_case_v21_final__Hurricane__botA.bc24,jmerle.camel_case_v21_final,1,A,b2fs,0,1317,CAPTURE,0,-1,207,21,0,0,0,0,45,0,5550,220,0,15,662,935,3,0,67,141,269,285,ATK@600+HEAL@1200
gauntlet/20261002-000331-scrim-b2fs/losses/jmerle.camel_case_v21_final__Hurricane__botA.bc24,jmerle.camel_case_v21_final,0,B,camel_case_v21_final,1,1317,CAPTURE,3,423,213,15,0,0,0,0,44,1,5480,3910,0,7,959,302,0,0,83,205,285,269,ATK@600+HEAL@1200
gauntlet/20261002-000331-scrim-b2fs/losses/quesswho.cretplayer2_3__Battlefield__botB.bc24,quesswho.cretplayer2_3,0,A,cretplayer2_3,1,431,CAPTURE,3,310,225,25,0,3,7,0,36,0,5020,880,0,18,1312,986,0,6,60,60,115,126,
gauntlet/20261002-000331-scrim-b2fs/losses/quesswho.cretplayer2_3__Battlefield__botB.bc24,quesswho.cretplayer2_3,1,B,b2fs,0,431,CAPTURE,0,-1,226,3,0,0,0,0,31,0,5170,230,0,0,1265,1135,0,0,74,63,126,115,
gauntlet/20261002-000331-scrim-b2fs/losses/jonters.bling3__Randy__botB.bc24,jonters.bling3,0,A,bling3,1,2000,MORE_FLAG_CAPTURES,1,532,306,7,0,0,0,0,6,13,3020,4170,0,21,640,1258,42,0,12,134,310,652,ATK@600+HEAL@1200+CAP@1800
gauntlet/20261002-000331-scrim-b2fs/losses/jonters.bling3__Randy__botB.bc24,jonters.bling3,1,B,b2fs,0,2000,MORE_FLAG_CAPTURES,0,-1,222,21,0,0,0,0,6,0,5620,240,0,20,949,1114,0,0,68,225,652,310,ATK@600+HEAL@1200+CAP@1800
gauntlet/20261002-000331-scrim-b2fs/losses/kyleezz.jeeryfix3__Skyline__botA.bc24,kyleezz.jeeryfix3,1,A,b2fs,0,454,CAPTURE,0,-1,242,1,0,0,0,0,82,0,21540,253,0,3,1154,1260,22,0,201,185,142,79,
gauntlet/20261002-000331-scrim-b2fs/losses/kyleezz.jeeryfix3__Skyline__botA.bc24,kyleezz.jeeryfix3,0,B,jeeryfix3,1,454,CAPTURE,3,271,222,9,0,0,0,0,169,12,17730,13960,0,2,1132,735,0,0,204,149,79,142,
gauntlet/20261002-000331-scrim-b2fs/losses/kyleezz.jeeryfix3__CH3353C4K3F4CT0RY__botB.bc24,kyleezz.jeeryfix3,0,A,jeeryfix3,1,2000,MORE_FLAG_CAPTURES,2,317,285,16,0,0,0,0,28,10,13560,12160,0,1,1127,822,0,0,159,407,464,1442,ATK@600+CAP@1200+HEAL@1800
gauntlet/20261002-000331-scrim-b2fs/losses/kyleezz.jeeryfix3__CH3353C4K3F4CT0RY__botB.bc24,kyleezz.jeeryfix3,1,B,b2fs,0,2000,MORE_FLAG_CAPTURES,1,1666,1624,5,0,0,0,0,6,0,15220,255,0,0,1271,1256,18,0,150,393,1442,464,ATK@600+HEAL@1200+CAP@1800
gauntlet/20261002-000331-scrim-b2fs/losses/kyleezz.jeeryfix3__OceanFloor__botA.bc24,kyleezz.jeeryfix3,1,A,b2fs,0,421,CAPTURE,0,-1,390,1,0,0,0,0,24,0,3080,290,0,1,1006,1317,3,0,57,40,99,32,
gauntlet/20261002-000331-scrim-b2fs/losses/kyleezz.jeeryfix3__OceanFloor__botA.bc24,kyleezz.jeeryfix3,0,B,jeeryfix3,1,421,CAPTURE,3,283,232,4,0,0,0,0,71,4,1270,380,0,7,911,695,0,0,34,30,32,99,
gauntlet/20261002-000331-scrim-b2fs/losses/kyleezz.jeeryfix3__Hurricane__botB.bc24,kyleezz.jeeryfix3,0,A,jeeryfix3,1,2000,MORE_FLAG_CAPTURES,1,267,210,7,0,0,0,0,181,1,1370,840,0,7,468,344,0,0,26,18,33,60,ATK@600+CAP@1200+HEAL@1800
gauntlet/20261002-000331-scrim-b2fs/losses/kyleezz.jeeryfix3__Hurricane__botB.bc24,kyleezz.jeeryfix3,1,B,b2fs,0,2000,MORE_FLAG_CAPTURES,0,-1,228,8,0,0,0,0,37,0,5790,240,0,8,450,513,2,0,77,43,60,33,ATK@600+HEAL@1200+CAP@1800
gauntlet/20261002-000331-scrim-b2fs/losses/quesswho.cretplayer2_3__Canals__botA.bc24,quesswho.cretplayer2_3,1,A,b2fs,0,1190,CAPTURE,2,687,245,9,0,0,0,0,0,0,7000,260,0,0,920,834,4,0,77,199,418,374,ATK@600
gauntlet/20261002-000331-scrim-b2fs/losses/quesswho.cretplayer2_3__Canals__botA.bc24,quesswho.cretplayer2_3,0,B,cretplayer2_3,1,1190,CAPTURE,3,556,236,16,0,3,20,0,0,0,7000,1060,0,3,1055,948,0,5,77,193,374,418,ATK@600
gauntlet/20261002-000331-scrim-b2fs/losses/quesswho.cretplayer2_3__KingQuacksCastle__botB.bc24,quesswho.cretplayer2_3,0,A,cretplayer2_3,1,610,CAPTURE,3,384,260,8,0,3,44,0,28,0,3160,3300,0,3,865,773,0,4,99,124,162,159,ATK@600
gauntlet/20261002-000331-scrim-b2fs/losses/quesswho.cretplayer2_3__KingQuacksCastle__botB.bc24,quesswho.cretplayer2_3,1,B,b2fs,0,610,CAPTURE,0,-1,0,0,0,0,0,0,24,0,3280,300,0,1,835,780,2,0,56,66,159,162,ATK@600
gauntlet/20261002-000331-scrim-b2fs/losses/winkelmantanner.waffle__Gauntlet__botB.bc24,winkelmantanner.waffle,0,A,waffle,1,563,CAPTURE,3,386,261,32,0,0,0,0,34,3,3180,1510,0,5,1059,840,0,0,86,94,130,130,
gauntlet/20261002-000331-scrim-b2fs/losses/winkelmantanner.waffle__Gauntlet__botB.bc24,winkelmantanner.waffle,1,B,b2fs,0,563,CAPTURE,0,-1,0,0,0,0,0,0,51,0,2970,220,0,1,811,664,2,0,37,43,130,130,
gauntlet/20261002-000331-scrim-b2fs/losses/quesswho.cretplayer2_3__Tunnels__botB.bc24,quesswho.cretplayer2_3,0,A,cretplayer2_3,1,841,CAPTURE,3,288,258,19,0,3,18,0,59,0,3030,960,0,6,944,738,0,3,57,101,176,368,ATK@600
gauntlet/20261002-000331-scrim-b2fs/losses/quesswho.cretplayer2_3__Tunnels__botB.bc24,quesswho.cretplayer2_3,1,B,b2fs,0,841,CAPTURE,1,825,507,9,0,0,0,0,61,0,2970,270,0,0,1197,1128,0,0,55,91,368,176,ATK@600
gauntlet/20261002-000331-scrim-b2fs/losses/winkelmantanner.waffle__Skyline__botA.bc24,winkelmantanner.waffle,1,A,b2fs,0,768,CAPTURE,1,456,306,15,0,0,0,0,92,0,21240,1038,0,0,1014,1182,17,0,282,280,339,107,ATK@600
gauntlet/20261002-000331-scrim-b2fs/losses/winkelmantanner.waffle__Skyline__botA.bc24,winkelmantanner.waffle,0,B,waffle,1,768,CAPTURE,3,379,218,42,0,0,0,0,60,48,5182,1662,2,7,889,805,0,0,124,162,107,339,ATK@600
gauntlet/20261002-000331-scrim-b2fs/losses/winkelmantanner.waffle__StackGame__botB.bc24,winkelmantanner.waffle,0,A,waffle,1,480,CAPTURE,3,318,244,18,0,0,0,0,28,17,4460,870,0,10,1199,1007,0,0,92,100,117,124,
gauntlet/20261002-000331-scrim-b2fs/losses/winkelmantanner.waffle__StackGame__botB.bc24,winkelmantanner.waffle,1,B,b2fs,0,480,CAPTURE,0,-1,385,1,0,0,0,0,30,0,6100,300,0,9,1156,1301,0,0,80,72,124,117,
gauntlet/20261002-000331-scrim-b2fs/losses/winkelmantanner.waffle__Whirlpool__botB.bc24,winkelmantanner.waffle,0,A,waffle,1,595,CAPTURE,3,353,306,10,0,0,0,0,57,19,1590,3040,0,14,1009,1598,0,0,89,89,71,105,
gauntlet/20261002-000331-scrim-b2fs/losses/winkelmantanner.waffle__Whirlpool__botB.bc24,winkelmantanner.waffle,1,B,b2fs,0,595,CAPTURE,0,-1,0,0,0,0,0,0,81,0,2770,250,0,17,1117,1453,0,0,44,54,105,71,
gauntlet/20261002-000331-scrim-b2fs/replays/ColtG5.Goob_final__DefaultLarge__botA.bc24,ColtG5.Goob_final,1,A,b2fs,1,2000,MORE_FLAG_CAPTURES,1,1706,1327,3,0,0,0,0,31,0,3270,270,0,7,1242,1545,0,0,65,434,1435,447,ATK@600+HEAL@1200+CAP@1800
gauntlet/20261002-000331-scrim-b2fs/replays/ColtG5.Goob_final__DefaultLarge__botA.bc24,ColtG5.Goob_final,0,B,Goob_final,0,2000,MORE_FLAG_CAPTURES,0,-1,0,0,0,0,0,0,48,0,2760,270,0,4,1085,985,12,0,66,266,447,1435,ATK@600+HEAL@1200+CAP@1800
gauntlet/20261002-000331-scrim-b2fs/replays/ColtG5.Goob_final__BigDucksBigPond__botB.bc24,ColtG5.Goob_final,0,A,Goob_final,0,2000,LEVEL_SUM,2,488,234,14,0,0,0,0,94,0,2780,180,0,10,979,887,0,0,61,270,536,1284,ATK@600+HEAL@1200+CAP@1800
gauntlet/20261002-000331-scrim-b2fs/replays/ColtG5.Goob_final__BigDucksBigPond__botB.bc24,ColtG5.Goob_final,1,B,b2fs,1,2000,LEVEL_SUM,2,1401,266,7,0,0,0,0,109,0,4230,283,0,7,1106,1048,9,0,83,443,1284,536,ATK@600+HEAL@1200+CAP@1800
gauntlet/20261002-000331-scrim-b2fs/replays/ColtG5.Goob_final__OceanFloor__botA.bc24,ColtG5.Goob_final,1,A,b2fs,1,1712,CAPTURE,3,700,649,5,0,0,0,0,29,0,2930,290,0,12,1144,1290,2,0,48,269,990,379,ATK@600+HEAL@1200
gauntlet/20261002-000331-scrim-b2fs/replays/ColtG5.Goob_final__OceanFloor__botA.bc24,ColtG5.Goob_final,0,B,Goob_final,0,1712,CAPTURE,2,374,243,16,0,0,0,0,45,0,2450,50,0,5,1042,832,0,0,46,206,379,990,ATK@600+HEAL@1200
gauntlet/20261002-000331-scrim-b2fs/replays/ColtG5.Goob_final__Tunnels__botA.bc24,ColtG5.Goob_final,1,A,b2fs,1,2000,LEVEL_SUM,0,-1,0,0,0,0,0,0,59,0,3030,230,0,18,947,1281,0,0,54,195,775,316,ATK@600+HEAL@1200+CAP@1800
gauntlet/20261002-000331-scrim-b2fs/replays/ColtG5.Goob_final__Tunnels__botA.bc24,ColtG5.Goob_final,0,B,Goob_final,0,2000,LEVEL_SUM,0,-1,693,2,0,0,0,0,64,0,2880,1850,0,16,694,838,1,0,40,175,316,775,ATK@600+HEAL@1200+CAP@1800
gauntlet/20261002-000331-scrim-b2fs/replays/CyrilSharma.finalBot__Fusbol__botA.bc24,CyrilSharma.finalBot,1,A,b2fs,1,2000,LEVEL_SUM,0,-1,0,0,0,0,0,0,85,0,7050,280,0,4,938,1070,7,0,146,337,532,399,ATK@600+HEAL@1200+CAP@1800
gauntlet/20261002-000331-scrim-b2fs/replays/CyrilSharma.finalBot__Fusbol__botA.bc24,CyrilSharma.finalBot,0,B,finalBot,0,2000,LEVEL_SUM,0,-1,1110,3,0,0,0,38,46,0,2122,1714,7,10,752,1112,0,0,58,345,399,532,ATK@600+HEAL@1200+CAP@1800
gauntlet/20261002-000331-scrim-b2fs/replays/Gymhgy.v10official__Starfish__botA.bc24,Gymhgy.v10official,1,A,b2fs,1,413,CAPTURE,3,328,247,5,0,0,0,0,144,0,2180,30,0,4,1409,1597,0,0,33,29,67,25,
gauntlet/20261002-000331-scrim-b2fs/replays/Gymhgy.v10official__Starfish__botA.bc24,Gymhgy.v10official,0,B,v10official,0,413,CAPTURE,2,248,226,12,5,3,25,21,187,2,311,54,3,1,1036,1637,0,2,11,10,25,67,
gauntlet/20261002-000331-scrim-b2fs/replays/CyrilSharma.finalBot__QuestionableChess__botB.bc24,CyrilSharma.finalBot,0,A,finalBot,0,2000,LEVEL_SUM,0,-1,272,15,0,0,0,46,44,0,254,170,9,3,911,999,0,0,21,318,478,610,ATK@600+HEAL@1200+CAP@1800
gauntlet/20261002-000331-scrim-b2fs/replays/CyrilSharma.finalBot__QuestionableChess__botB.bc24,CyrilSharma.finalBot,1,B,b2fs,1,2000,LEVEL_SUM,0,-1,0,0,0,0,0,0,71,0,270,230,0,0,933,1210,0,0,22,155,610,478,ATK@600+HEAL@1200+CAP@1800
gauntlet/20261002-000331-scrim-b2fs/replays/NotLLeon.v3__Hurricane__botB.bc24,NotLLeon.v3,0,A,v3,0,2000,LEVEL_SUM,0,-1,216,56,0,0,0,0,60,0,5100,2030,0,11,703,762,0,0,65,127,98,222,ATK@600+HEAL@1200+CAP@1800
gauntlet/20261002-000331-scrim-b2fs/replays/NotLLeon.v3__Hurricane__botB.bc24,NotLLeon.v3,1,B,b2fs,1,2000,LEVEL_SUM,0,-1,274,23,0,0,0,0,46,0,5520,260,0,3,820,937,6,0,66,177,222,98,ATK@600+HEAL@1200+CAP@1800
gauntlet/20261002-000331-scrim-b2fs/replays/Gymhgy.v10official__Starfish__botB.bc24,Gymhgy.v10official,0,A,v10official,0,1822,CAPTURE,2,447,378,31,11,3,15,22,188,2,259,45,3,7,1037,1661,0,2,3,147,438,892,ATK@600+HEAL@1200+CAP@1800
gauntlet/20261002-000331-scrim-b2fs/replays/Gymhgy.v10official__Starfish__botB.bc24,Gymhgy.v10official,1,B,b2fs,1,1822,CAPTURE,3,397,213,16,0,0,0,0,149,0,2030,240,0,22,1251,1386,0,0,38,280,892,438,ATK@600+HEAL@1200+CAP@1800
gauntlet/20261002-000331-scrim-b2fs/replays/Strequals.duck0127v5__Foxes__botB.bc24,Strequals.duck0127v5,0,A,duck0127v5,0,744,CAPTURE,1,409,298,4,0,0,0,90,13,11,7676,5996,18,5,913,1167,0,1,139,170,112,81,ATK@600
gauntlet/20261002-000331-scrim-b2fs/replays/Strequals.duck0127v5__Foxes__botB.bc24,Strequals.duck0127v5,1,B,b2fs,1,744,CAPTURE,3,441,328,14,0,0,0,0,13,0,9510,260,0,7,796,1244,8,0,97,123,81,112,ATK@600
gauntlet/20261002-000331-scrim-b2fs/replays/SampleProvider.TSPAARKSPRINT1__KingQuacksCastle__botB.bc24,SampleProvider.TSPAARKSPRINT1,0,A,TSPAARKSPRINT1,0,1561,CAPTURE,2,653,267,53,0,3,20,0,41,0,2770,10,0,8,581,1581,2,31,2,82,209,630,ATK@600+CAP@1200
gauntlet/20261002-000331-scrim-b2fs/replays/SampleProvider.TSPAARKSPRINT1__KingQuacksCastle__botB.bc24,SampleProvider.TSPAARKSPRINT1,1,B,b2fs,1,1561,CAPTURE,3,1045,243,57,0,0,0,0,25,0,3250,230,0,1,1035,880,2,0,68,215,630,209,ATK@600+HEAL@1200
gauntlet/20261002-000331-scrim-b2fs/replays/SampleProvider.TSPAARKSPRINT1__Swoop__botA.bc24,SampleProvider.TSPAARKSPRINT1,1,A,b2fs,1,1104,CAPTURE,3,805,228,34,0,0,0,0,48,0,5260,230,0,0,1139,1141,7,0,58,149,307,97,ATK@600
gauntlet/20261002-000331-scrim-b2fs/replays/SampleProvider.TSPAARKSPRINT1__Swoop__botA.bc24,SampleProvider.TSPAARKSPRINT1,0,B,TSPAARKSPRINT1,0,1104,CAPTURE,2,315,231,57,0,3,42,0,91,3,3670,20,0,5,643,1359,9,19,0,43,97,307,ATK@600
gauntlet/20261002-000331-scrim-b2fs/replays/SampleProvider.TSPAARKSPRINT1__WheresMyWater__botB.bc24,SampleProvider.TSPAARKSPRINT1,0,A,TSPAARKSPRINT1,0,1745,CAPTURE,2,410,397,53,0,3,4,0,169,2,30,20,0,9,647,1867,4,8,0,62,156,887,ATK@600+CAP@1200
gauntlet/20261002-000331-scrim-b2fs/replays/SampleProvider.TSPAARKSPRINT1__WheresMyWater__botB.bc24,SampleProvider.TSPAARKSPRINT1,1,B,b2fs,1,1745,CAPTURE,3,269,229,26,0,0,0,0,49,0,3930,290,0,19,1235,1088,0,0,71,328,887,156,ATK@600+HEAL@1200
gauntlet/20261002-000331-scrim-b2fs/replays/awu7.ExplosiveBot__Alligator__botA.bc24,awu7.ExplosiveBot,1,A,b2fs,1,1600,CAPTURE,3,655,220,14,0,0,0,0,52,0,4140,280,0,10,1320,1357,2,0,118,402,1241,159,ATK@600+HEAL@1200
gauntlet/20261002-000331-scrim-b2fs/replays/awu7.ExplosiveBot__Alligator__botA.bc24,awu7.ExplosiveBot,0,B,ExplosiveBot,0,1600,CAPTURE,0,-1,342,7,1,0,0,0,68,9,2760,4940,0,24,788,884,2,0,29,111,159,1241,ATK@600+HEAL@1200
gauntlet/20261002-000331-scrim-b2fs/replays/awu7.ExplosiveBot__Canals__botA.bc24,awu7.ExplosiveBot,1,A,b2fs,1,1073,CAPTURE,3,572,542,9,0,0,0,0,0,0,7000,210,0,34,1139,1418,5,0,76,221,714,118,ATK@600
gauntlet/20261002-000331-scrim-b2fs/replays/awu7.ExplosiveBot__Canals__botA.bc24,awu7.ExplosiveBot,0,B,ExplosiveBot,0,1073,CAPTURE,1,344,258,50,32,0,0,0,0,13,5000,50,0,3,785,399,34,0,11,82,118,714,ATK@600
gauntlet/20261002-000331-scrim-b2fs/replays/awu7.ExplosiveBot__Joker__botB.bc24,awu7.ExplosiveBot,0,A,ExplosiveBot,0,689,CAPTURE,0,-1,539,6,5,0,0,0,36,9,14920,14930,0,22,584,675,50,0,30,78,84,329,ATK@600
gauntlet/20261002-000331-scrim-b2fs/replays/awu7.ExplosiveBot__Joker__botB.bc24,awu7.ExplosiveBot,1,B,b2fs,1,689,CAPTURE,3,446,259,8,0,0,0,0,1,0,16870,220,0,3,1176,1161,15,0,260,279,329,84,ATK@600
gauntlet/20261002-000331-scrim-b2fs/replays/awu7.ExplosiveBot__Capacitance__botB.bc24,awu7.ExplosiveBot,0,A,ExplosiveBot,0,2000,LEVEL_SUM,2,781,320,19,14,0,0,0,28,10,4060,1700,0,16,609,575,32,0,12,140,219,1439,ATK@600+HEAL@1200
gauntlet/20261002-000331-scrim-b2fs/replays/awu7.ExplosiveBot__Capacitance__botB.bc24,awu7.ExplosiveBot,1,B,b2fs,1,2000,LEVEL_SUM,2,695,673,19,0,0,0,0,19,0,5430,250,0,20,1036,1110,0,0,95,416,1439,219,ATK@600+HEAL@1200+CAP@1800
gauntlet/20261002-000331-scrim-b2fs/replays/awu7.ExplosiveBot__Klein__botB.bc24,awu7.ExplosiveBot,0,A,ExplosiveBot,0,861,CAPTURE,1,604,488,13,8,0,0,0,266,9,20,10,0,17,602,465,0,0,9,31,65,424,ATK@600
gauntlet/20261002-000331-scrim-b2fs/replays/awu7.ExplosiveBot__Klein__botB.bc24,awu7.ExplosiveBot,1,B,b2fs,1,861,CAPTURE,3,424,314,4,0,0,0,0,111,0,5370,280,0,15,982,1024,0,0,86,163,424,65,ATK@600
gauntlet/20261002-000331-scrim-b2fs/replays/awu7.ExplosiveBot__GaltonBoard__botA.bc24,awu7.ExplosiveBot,1,A,b2fs,1,1700,CAPTURE,3,664,619,5,0,0,0,0,12,0,2040,280,0,23,1179,1288,0,0,45,228,1431,196,ATK@600+HEAL@1200
gauntlet/20261002-000331-scrim-b2fs/replays/awu7.ExplosiveBot__GaltonBoard__botA.bc24,awu7.ExplosiveBot,0,B,ExplosiveBot,0,1700,CAPTURE,0,-1,0,0,0,0,0,0,9,9,1230,560,0,35,711,810,9,0,12,57,196,1431,ATK@600+HEAL@1200
gauntlet/20261002-000331-scrim-b2fs/replays/clbarrell.duck8__Hockey__botB.bc24,clbarrell.duck8,0,A,duck8,0,1145,CAPTURE,0,-1,0,0,0,0,0,0,28,42,80,20,3,6,910,1440,7,0,54,128,129,675,ATK@750
gauntlet/20261002-000331-scrim-b2fs/replays/clbarrell.duck8__Hockey__botB.bc24,clbarrell.duck8,1,B,b2fs,1,1145,CAPTURE,3,809,717,5,0,0,0,0,23,0,5010,210,0,6,1275,1651,1,0,73,209,675,129,ATK@600
gauntlet/20261002-000331-scrim-b2fs/replays/clbarrell.duck8__Diagonal__botB.bc24,clbarrell.duck8,0,A,duck8,0,2000,MORE_FLAG_CAPTURES,1,666,303,11,0,0,0,0,18,51,540,10,3,3,720,547,14,0,71,281,301,809,ATK@750+HEAL@1500
gauntlet/20261002-000331-scrim-b2fs/replays/clbarrell.duck8__Diagonal__botB.bc24,clbarrell.duck8,1,B,b2fs,1,2000,MORE_FLAG_CAPTURES,2,1716,289,21,0,0,0,0,18,0,6960,290,0,23,957,823,4,0,86,241,809,301,ATK@600+HEAL@1200+CAP@1800
gauntlet/20261002-000331-scrim-b2fs/replays/dmtrung14.defaultplayer_intlqualifier__DefaultHuge__botA.bc24,dmtrung14.defaultplayer_intlqualifier,1,A,b2fs,1,592,CAPTURE,3,434,281,7,0,0,0,0,2,0,6040,280,0,3,1280,541,9,0,66,97,236,16,
gauntlet/20261002-000331-scrim-b2fs/replays/dmtrung14.defaultplayer_intlqualifier__DefaultHuge__botA.bc24,dmtrung14.defaultplayer_intlqualifier,0,B,defaultplayer_intlqualifier,0,592,CAPTURE,2,454,218,53,41,3,28,0,10,30,1900,870,0,3,332,959,6,27,33,75,16,236,
gauntlet/20261002-000331-scrim-b2fs/replays/clbarrell.duck8__Islands__botB.bc24,clbarrell.duck8,0,A,duck8,0,1106,CAPTURE,0,-1,233,27,0,0,0,0,65,48,50,90,3,22,940,1136,15,0,54,138,158,543,ATK@750
gauntlet/20261002-000331-scrim-b2fs/replays/clbarrell.duck8__Islands__botB.bc24,clbarrell.duck8,1,B,b2fs,1,1106,CAPTURE,3,685,236,7,0,0,0,0,48,0,6760,270,0,22,1226,1511,12,0,67,203,543,158,ATK@600
gauntlet/20261002-000331-scrim-b2fs/replays/dmtrung14.defaultplayer_intlqualifier__Foxes__botB.bc24,dmtrung14.defaultplayer_intlqualifier,0,A,defaultplayer_intlqualifier,0,2000,LEVEL_SUM,1,572,315,19,11,3,40,0,21,23,6370,6040,0,2,265,755,6,27,26,56,10,656,ATK@600+HEAL@1200+CAP@1800
gauntlet/20261002-000331-scrim-b2fs/replays/dmtrung14.defaultplayer_intlqualifier__Foxes__botB.bc24,dmtrung14.defaultplayer_intlqualifier,1,B,b2fs,1,2000,LEVEL_SUM,1,428,267,3,0,0,0,0,13,0,9510,220,0,5,1074,480,13,0,81,112,656,10,ATK@600+HEAL@1200+CAP@1800
gauntlet/20261002-000331-scrim-b2fs/replays/dmtrung14.defaultplayer_intlqualifier__StarryNight__botA.bc24,dmtrung14.defaultplayer_intlqualifier,1,A,b2fs,1,577,CAPTURE,3,461,231,8,0,0,0,0,71,0,13870,230,0,12,1079,538,0,0,151,102,120,21,
gauntlet/20261002-000331-scrim-b2fs/replays/dmtrung14.defaultplayer_intlqualifier__StarryNight__botA.bc24,dmtrung14.defaultplayer_intlqualifier,0,B,defaultplayer_intlqualifier,0,577,CAPTURE,1,443,259,18,11,3,17,0,109,16,10830,11120,0,2,376,718,3,21,18,41,21,120,
gauntlet/20261002-000331-scrim-b2fs/replays/dmtrung14.defaultplayer_intlqualifier__Klein__botA.bc24,dmtrung14.defaultplayer_intlqualifier,1,A,b2fs,1,2000,LEVEL_SUM,0,-1,298,1,0,0,0,0,89,0,6230,210,0,23,1065,531,0,0,78,41,132,14,ATK@600+HEAL@1200+CAP@1800
gauntlet/20261002-000331-scrim-b2fs/replays/dmtrung14.defaultplayer_intlqualifier__Klein__botA.bc24,dmtrung14.defaultplayer_intlqualifier,0,B,defaultplayer_intlqualifier,0,2000,LEVEL_SUM,0,-1,0,3,0,3,24,0,222,10,40,150,0,6,327,897,6,12,10,30,14,132,ATK@600+HEAL@1200+CAP@1800
gauntlet/20261002-000331-scrim-b2fs/replays/clbarrell.duck8__Mountain__botB.bc24,clbarrell.duck8,0,A,duck8,0,2000,LEVEL_SUM,1,519,325,14,0,0,0,0,7,48,10,20,3,16,763,593,16,0,68,229,429,1166,ATK@750+HEAL@1500
gauntlet/20261002-000331-scrim-b2fs/replays/clbarrell.duck8__Mountain__botB.bc24,clbarrell.duck8,1,B,b2fs,1,2000,LEVEL_SUM,1,905,309,7,0,0,0,0,28,0,5660,270,0,28,1040,936,0,0,78,283,1166,429,ATK@600+HEAL@1200+CAP@1800
gauntlet/20261002-000331-scrim-b2fs/replays/jonters.bling3__DefaultHuge__botB.bc24,jonters.bling3,0,A,bling3,0,537,CAPTURE,2,415,234,8,0,0,0,0,36,9,3220,1750,0,0,558,559,32,0,5,30,54,173,
gauntlet/20261002-000331-scrim-b2fs/replays/jonters.bling3__DefaultHuge__botB.bc24,jonters.bling3,1,B,b2fs,1,537,CAPTURE,3,328,211,10,0,0,0,0,4,0,5980,210,0,0,1071,1079,2,0,100,124,173,54,
gauntlet/20261002-000331-scrim-b2fs/replays/hsmalladi.finalbot__Hurricane__botA.bc24,hsmalladi.finalbot,1,A,b2fs,1,2000,LEVEL_SUM,0,-1,355,7,0,0,0,0,43,0,5610,210,0,18,806,1180,5,0,61,76,84,49,ATK@600+HEAL@1200+CAP@1800
gauntlet/20261002-000331-scrim-b2fs/replays/hsmalladi.finalbot__Hurricane__botA.bc24,hsmalladi.finalbot,0,B,finalbot,0,2000,LEVEL_SUM,0,-1,217,22,3,3,86,60,68,7,3279,169,12,0,799,821,0,2,52,85,49,84,ATK@600+HEAL@1200+CAP@1800
gauntlet/20261002-000331-scrim-b2fs/replays/jonters.bling3__Alien__botA.bc24,jonters.bling3,1,A,b2fs,1,2000,LEVEL_SUM,1,995,454,29,0,0,0,0,7,0,5490,220,0,34,1348,1601,0,0,75,262,992,372,ATK@600+HEAL@1200+CAP@1800
gauntlet/20261002-000331-scrim-b2fs/replays/jonters.bling3__Alien__botA.bc24,jonters.bling3,0,B,bling3,0,2000,LEVEL_SUM,1,323,262,5,0,0,0,0,10,17,2000,900,0,3,877,1492,30,0,14,184,372,992,ATK@600+HEAL@1200+CAP@1800
gauntlet/20261002-000331-scrim-b2fs/replays/jonters.bling3__Hockey__botB.bc24,jonters.bling3,0,A,bling3,0,1517,CAPTURE,0,-1,0,0,0,0,0,0,56,15,1020,1320,0,1,904,2305,22,0,0,82,213,700,ATK@600+HEAL@1200
gauntlet/20261002-000331-scrim-b2fs/replays/jonters.bling3__Hockey__botB.bc24,jonters.bling3,1,B,b2fs,1,1517,CAPTURE,3,1110,382,38,0,0,0,0,19,0,5130,200,0,3,1294,1759,1,0,71,247,700,213,ATK@600+HEAL@1200
gauntlet/20261002-000331-scrim-b2fs/replays/jonters.bling3__Snake__botA.bc24,jonters.bling3,1,A,b2fs,1,2000,MORE_FLAG_CAPTURES,2,338,231,10,0,0,0,0,132,0,11540,275,0,16,963,1110,23,0,261,387,674,378,ATK@600+HEAL@1200+CAP@1800
gauntlet/20261002-000331-scrim-b2fs/replays/jonters.bling3__Snake__botA.bc24,jonters.bling3,0,B,bling3,0,2000,MORE_FLAG_CAPTURES,1,586,313,3,0,0,0,0,245,0,8150,12420,0,2,500,986,105,0,5,234,378,674,ATK@600+HEAL@1200+CAP@1800
gauntlet/20261002-000331-scrim-b2fs/replays/justinottesen.sprint1__Battlecode24__botB.bc24,justinottesen.sprint1,0,A,sprint1,0,693,CAPTURE,0,-1,535,1,0,0,0,0,184,0,7680,1140,0,3,155,641,72,0,0,73,53,261,ATK@600
gauntlet/20261002-000331-scrim-b2fs/replays/justinottesen.sprint1__Battlecode24__botB.bc24,justinottesen.sprint1,1,B,b2fs,1,693,CAPTURE,3,253,223,18,0,0,0,0,52,0,13240,240,0,3,894,629,16,0,235,284,261,53,ATK@600
gauntlet/20261002-000331-scrim-b2fs/replays/justinottesen.sprint1__GaltonBoard__botB.bc24,justinottesen.sprint1,0,A,sprint1,0,1114,CAPTURE,0,-1,343,4,0,0,0,0,9,10,130,60,1,2,153,703,137,0,0,202,160,905,ATK@600
gauntlet/20261002-000331-scrim-b2fs/replays/justinottesen.sprint1__GaltonBoard__botB.bc24,justinottesen.sprint1,1,B,b2fs,1,1114,CAPTURE,3,1044,209,6,0,0,0,0,11,0,2070,300,0,28,1222,1090,2,0,47,170,905,160,ATK@600
gauntlet/20261002-000331-scrim-b2fs/replays/jonters.bling3__Whirlpool__botB.bc24,jonters.bling3,0,A,bling3,0,1569,CAPTURE,1,498,272,6,0,0,0,0,97,11,90,1900,0,6,681,1402,16,0,11,120,262,650,ATK@600+HEAL@1200
gauntlet/20261002-000331-scrim-b2fs/replays/jonters.bling3__Whirlpool__botB.bc24,jonters.bling3,1,B,b2fs,1,1569,CAPTURE,3,447,408,17,0,0,0,0,82,0,2740,270,0,19,1035,1096,0,0,57,190,650,262,ATK@600+HEAL@1200
gauntlet/20261002-000331-scrim-b2fs/replays/justinottesen.sprint1__Joker__botA.bc24,justinottesen.sprint1,1,A,b2fs,1,1066,CAPTURE,3,272,230,15,0,0,0,0,0,0,16900,250,0,7,1297,696,11,0,240,433,744,127,ATK@600
gauntlet/20261002-000331-scrim-b2fs/replays/justinottesen.sprint1__Joker__botA.bc24,justinottesen.sprint1,0,B,sprint1,0,1066,CAPTURE,0,-1,283,5,0,0,0,0,25,13,13550,5700,0,2,175,829,113,0,0,151,127,744,ATK@600
gauntlet/20261002-000331-scrim-b2fs/replays/justinottesen.sprint1__Rivers__botB.bc24,justinottesen.sprint1,0,A,sprint1,0,575,CAPTURE,0,-1,317,1,0,0,0,0,45,0,2550,120,0,5,184,1417,22,0,0,28,31,329,
gauntlet/20261002-000331-scrim-b2fs/replays/justinottesen.sprint1__Rivers__botB.bc24,justinottesen.sprint1,1,B,b2fs,1,575,CAPTURE,3,382,307,5,0,0,0,0,27,0,3090,260,0,9,1735,553,2,0,51,61,329,31,
gauntlet/20261002-000331-scrim-b2fs/replays/justinottesen.sprint1__Hurricane__botB.bc24,justinottesen.sprint1,0,A,sprint1,0,1398,CAPTURE,0,-1,210,27,0,0,0,0,159,7,30,80,0,5,145,702,8,0,0,43,38,900,ATK@600
gauntlet/20261002-000331-scrim-b2fs/replays/justinottesen.sprint1__Hurricane__botB.bc24,justinottesen.sprint1,1,B,b2fs,1,1398,CAPTURE,3,527,219,15,0,0,0,0,51,0,5370,280,0,5,1155,344,7,0,72,332,900,38,ATK@600+HEAL@1200
gauntlet/20261002-000331-scrim-b2fs/replays/justinottesen.sprint1__StarryNight__botA.bc24,justinottesen.sprint1,1,A,b2fs,1,732,CAPTURE,3,539,263,14,0,0,0,0,78,0,13660,220,0,18,1498,769,0,0,163,235,462,91,ATK@600
gauntlet/20261002-000331-scrim-b2fs/replays/justinottesen.sprint1__StarryNight__botA.bc24,justinottesen.sprint1,0,B,sprint1,0,732,CAPTURE,0,-1,500,5,0,0,0,0,151,56,485,25,6,7,171,742,81,0,0,101,91,462,ATK@600
gauntlet/20261002-000331-scrim-b2fs/replays/kyleezz.jeeryfix3__Digging__botB.bc24,kyleezz.jeeryfix3,0,A,jeeryfix3,0,1932,CAPTURE,1,288,255,2,0,0,0,0,26,0,2320,2180,0,7,1030,702,0,0,60,219,393,1587,ATK@600+CAP@1200+HEAL@1800
gauntlet/20261002-000331-scrim-b2fs/replays/kyleezz.jeeryfix3__Digging__botB.bc24,kyleezz.jeeryfix3,1,B,b2fs,1,1932,CAPTURE,3,1807,1781,10,0,0,0,0,12,0,2740,280,0,1,1177,1341,2,0,58,209,1587,393,ATK@600+HEAL@1200+CAP@1800
gauntlet/20261002-000331-scrim-b2fs/replays/quesswho.cretplayer2_3__OceanFloor__botA.bc24,quesswho.cretplayer2_3,1,A,b2fs,1,1016,CAPTURE,3,836,343,10,0,0,0,0,20,0,3200,330,0,0,813,960,3,0,46,69,174,65,ATK@600
gauntlet/20261002-000331-scrim-b2fs/replays/quesswho.cretplayer2_3__OceanFloor__botA.bc24,quesswho.cretplayer2_3,0,B,cretplayer2_3,0,1016,CAPTURE,1,456,221,7,0,3,50,0,21,0,3170,950,0,3,655,720,0,4,34,76,65,174,ATK@600
gauntlet/20261002-000331-scrim-b2fs/replays/kyleezz.jeeryfix3__YearOfTheDragon__botB.bc24,kyleezz.jeeryfix3,0,A,jeeryfix3,0,2000,MORE_FLAG_CAPTURES,1,306,274,6,0,0,0,0,28,10,11360,8790,0,5,877,763,0,0,84,334,361,1371,ATK@600+CAP@1200+HEAL@1800
gauntlet/20261002-000331-scrim-b2fs/replays/kyleezz.jeeryfix3__YearOfTheDragon__botB.bc24,kyleezz.jeeryfix3,1,B,b2fs,1,2000,MORE_FLAG_CAPTURES,2,842,792,3,0,0,0,0,6,0,13020,220,0,0,1078,1263,15,0,131,529,1371,361,ATK@600+HEAL@1200+CAP@1800
gauntlet/20261002-000331-scrim-b2fs/replays/quesswho.cretplayer2_3__Capacitance__botA.bc24,quesswho.cretplayer2_3,1,A,b2fs,1,1471,CAPTURE,3,376,227,19,0,0,0,0,14,0,5580,210,0,0,1100,1064,0,0,80,249,945,171,ATK@600+HEAL@1200
gauntlet/20261002-000331-scrim-b2fs/replays/quesswho.cretplayer2_3__Capacitance__botA.bc24,quesswho.cretplayer2_3,0,B,cretplayer2_3,0,1471,CAPTURE,0,-1,237,11,0,3,8,0,21,0,5370,803,0,2,941,563,0,6,84,182,171,945,ATK@600+HEAL@1200
gauntlet/20261002-000331-scrim-b2fs/replays/winkelmantanner.waffle__BedWars__botA.bc24,winkelmantanner.waffle,1,A,b2fs,1,667,CAPTURE,3,465,401,4,0,0,0,0,0,0,4800,210,0,19,397,447,2,0,33,54,147,50,ATK@600
gauntlet/20261002-000331-scrim-b2fs/replays/winkelmantanner.waffle__BedWars__botA.bc24,winkelmantanner.waffle,0,B,waffle,0,667,CAPTURE,1,559,490,6,0,0,0,0,0,3,4500,1970,0,5,327,404,0,0,27,36,50,147,ATK@600
gauntlet/20261002-000331-scrim-b2fs/replays/winkelmantanner.waffle__Islands__botA.bc24,winkelmantanner.waffle,1,A,b2fs,1,1196,CAPTURE,3,683,478,8,0,0,0,0,57,0,6490,210,0,0,1169,1456,8,0,68,211,615,229,ATK@600
gauntlet/20261002-000331-scrim-b2fs/replays/winkelmantanner.waffle__Islands__botA.bc24,winkelmantanner.waffle,0,B,waffle,0,1196,CAPTURE,2,322,256,32,0,0,0,0,38,57,1423,793,5,5,1129,1156,0,0,95,171,229,615,ATK@600
