file,opp,us,team,name,won,rounds,wintype,captured,firstCapture,firstPickup,pickups,drops,setupFlagPickups,flagMoveDist,digs200,fills200,traps200,crumbs200,crumbs250,level200,defend300,atk400,heal400,expl400,water400,stun400,trapsHit,kills,deaths,upgrades
gauntlet/20261002-125637-scrim-g1drift80/losses/CyrilSharma.finalBot__Bunkers__botA.bc24,CyrilSharma.finalBot,1,A,g1drift80,0,481,CAPTURE,0,-1,240,2,0,0,0,0,28,38,140,235,7,1,1032,1158,8,0,47,57,108,97,
gauntlet/20261002-125637-scrim-g1drift80/losses/CyrilSharma.finalBot__Bunkers__botA.bc24,CyrilSharma.finalBot,0,B,finalBot,1,481,CAPTURE,3,295,250,15,0,0,0,60,5,9,3175,355,12,10,1185,1128,0,0,118,126,97,108,
gauntlet/20261002-125637-scrim-g1drift80/losses/ColtG5.Goob_final__Ambush__botA.bc24,ColtG5.Goob_final,1,A,g1drift80,0,2000,MORE_FLAG_CAPTURES,1,303,217,4,0,0,0,0,34,32,155,305,5,26,1277,1327,6,0,56,324,1536,427,ATK@600+HEAL@1200+CAP@1800
gauntlet/20261002-125637-scrim-g1drift80/losses/ColtG5.Goob_final__Ambush__botA.bc24,ColtG5.Goob_final,0,B,Goob_final,1,2000,MORE_FLAG_CAPTURES,2,334,215,19,0,0,0,0,60,0,2900,95,0,6,1183,1041,8,0,80,273,427,1536,ATK@600+HEAL@1200+CAP@1800
gauntlet/20261002-125637-scrim-g1drift80/losses/ColtG5.Goob_final__SteamboatMickey__botB.bc24,ColtG5.Goob_final,0,A,Goob_final,1,2000,MORE_FLAG_CAPTURES,2,403,355,21,0,0,0,0,46,0,8320,12580,0,4,1109,864,12,0,129,443,583,1191,ATK@600+HEAL@1200+CAP@1800
gauntlet/20261002-125637-scrim-g1drift80/losses/ColtG5.Goob_final__SteamboatMickey__botB.bc24,ColtG5.Goob_final,1,B,g1drift80,0,2000,MORE_FLAG_CAPTURES,1,1821,1291,5,0,0,0,0,6,76,660,280,11,9,1183,1439,24,0,92,398,1191,583,ATK@600+HEAL@1200+CAP@1800
gauntlet/20261002-125637-scrim-g1drift80/losses/ColtG5.Goob_final__Swoop__botB.bc24,ColtG5.Goob_final,0,A,Goob_final,1,1754,CAPTURE,3,373,219,36,0,0,0,0,71,0,4570,90,0,9,1043,675,2,0,63,276,442,1166,ATK@600+HEAL@1200
gauntlet/20261002-125637-scrim-g1drift80/losses/ColtG5.Goob_final__Swoop__botB.bc24,ColtG5.Goob_final,1,B,g1drift80,0,1754,CAPTURE,1,739,231,11,0,0,0,0,68,36,140,220,6,2,1131,1225,13,0,56,286,1166,442,ATK@600+HEAL@1200
gauntlet/20261002-125637-scrim-g1drift80/losses/ColtG5.Goob_final__Joker__botB.bc24,ColtG5.Goob_final,0,A,Goob_final,1,2000,MORE_FLAG_CAPTURES,2,332,258,5,0,0,0,0,28,0,16060,18450,0,4,881,739,12,0,123,305,345,927,ATK@600+HEAL@1200+CAP@1800
gauntlet/20261002-125637-scrim-g1drift80/losses/ColtG5.Goob_final__Joker__botB.bc24,ColtG5.Goob_final,1,B,g1drift80,0,2000,MORE_FLAG_CAPTURES,1,301,253,3,0,0,0,0,1,115,4100,240,12,14,921,1072,24,0,200,370,927,345,ATK@600+HEAL@1200+CAP@1800
gauntlet/20261002-125637-scrim-g1drift80/losses/ColtG5.Goob_final__Gated__botA.bc24,ColtG5.Goob_final,1,A,g1drift80,0,2000,MORE_FLAG_CAPTURES,1,417,366,2,0,0,0,0,30,25,195,245,4,17,1092,1034,6,0,40,199,1104,366,ATK@600+HEAL@1200+CAP@1800
gauntlet/20261002-125637-scrim-g1drift80/losses/ColtG5.Goob_final__Gated__botA.bc24,ColtG5.Goob_final,0,B,Goob_final,1,2000,MORE_FLAG_CAPTURES,2,482,228,20,0,0,0,0,37,0,2790,40,0,3,1118,799,0,0,55,163,366,1104,ATK@600+HEAL@1200+CAP@1800
gauntlet/20261002-125637-scrim-g1drift80/losses/ColtG5.Goob_final__EvilGrin__botA.bc24,ColtG5.Goob_final,1,A,g1drift80,0,2000,MORE_FLAG_CAPTURES,0,-1,0,0,0,0,0,0,47,22,200,225,3,20,1152,1492,8,0,38,200,1242,543,ATK@600+HEAL@1200+CAP@1800
gauntlet/20261002-125637-scrim-g1drift80/losses/ColtG5.Goob_final__EvilGrin__botA.bc24,ColtG5.Goob_final,0,B,Goob_final,1,2000,MORE_FLAG_CAPTURES,1,298,252,9,0,0,0,0,51,0,2870,640,0,5,1109,943,12,0,80,344,543,1242,ATK@600+HEAL@1200+CAP@1800
gauntlet/20261002-125637-scrim-g1drift80/losses/CyrilSharma.finalBot__OceanFloor__botA.bc24,CyrilSharma.finalBot,1,A,g1drift80,0,491,CAPTURE,0,-1,254,2,0,0,0,0,46,21,155,275,4,0,860,1171,4,0,37,34,92,66,
gauntlet/20261002-125637-scrim-g1drift80/losses/CyrilSharma.finalBot__OceanFloor__botA.bc24,CyrilSharma.finalBot,0,B,finalBot,1,491,CAPTURE,3,314,222,15,0,0,0,60,3,3,2444,494,12,8,980,904,0,0,84,89,66,92,
gauntlet/20261002-125637-scrim-g1drift80/losses/CyrilSharma.finalBot__EvilGrin__botB.bc24,CyrilSharma.finalBot,0,A,finalBot,1,1448,CAPTURE,3,370,258,17,0,0,0,38,21,0,3099,4952,7,6,1195,1011,0,0,155,552,554,390,ATK@600+HEAL@1200
gauntlet/20261002-125637-scrim-g1drift80/losses/CyrilSharma.finalBot__EvilGrin__botB.bc24,CyrilSharma.finalBot,1,B,g1drift80,0,1448,CAPTURE,0,-1,274,6,0,0,0,0,51,22,190,235,3,27,874,953,7,0,37,136,390,554,ATK@600+HEAL@1200
gauntlet/20261002-125637-scrim-g1drift80/losses/Gymhgy.v10official__Backslash__botA.bc24,Gymhgy.v10official,1,A,g1drift80,0,547,CAPTURE,0,-1,308,6,0,0,0,0,173,15,110,210,2,2,830,1036,19,0,104,129,64,78,
gauntlet/20261002-125637-scrim-g1drift80/losses/Gymhgy.v10official__Backslash__botA.bc24,Gymhgy.v10official,0,B,v10official,1,547,CAPTURE,3,279,247,42,34,3,37,67,105,3,2544,6664,13,1,805,1270,25,3,94,122,78,64,
gauntlet/20261002-125637-scrim-g1drift80/losses/CyrilSharma.finalBot__Decision__botB.bc24,CyrilSharma.finalBot,0,A,finalBot,1,2000,MORE_FLAG_CAPTURES,2,452,243,23,0,0,0,60,24,0,1669,228,12,1,723,758,0,0,39,447,468,543,ATK@600+HEAL@1200+CAP@1800
gauntlet/20261002-125637-scrim-g1drift80/losses/CyrilSharma.finalBot__Decision__botB.bc24,CyrilSharma.finalBot,1,B,g1drift80,0,2000,MORE_FLAG_CAPTURES,0,-1,240,16,0,0,0,0,72,18,170,195,2,15,664,786,3,0,23,152,543,468,ATK@600+HEAL@1200+CAP@1800
gauntlet/20261002-125637-scrim-g1drift80/losses/CyrilSharma.finalBot__Racetrack__botB.bc24,CyrilSharma.finalBot,0,A,finalBot,1,2000,MORE_FLAG_CAPTURES,2,506,398,24,0,0,0,13,33,0,1154,26,2,8,959,1230,0,0,14,403,544,633,ATK@600+HEAL@1200+CAP@1800
gauntlet/20261002-125637-scrim-g1drift80/losses/CyrilSharma.finalBot__Racetrack__botB.bc24,CyrilSharma.finalBot,1,B,g1drift80,0,2000,MORE_FLAG_CAPTURES,1,1974,365,10,0,0,0,0,64,2,180,170,0,3,1077,1298,1,0,16,136,633,544,ATK@600+HEAL@1200+CAP@1800
gauntlet/20261002-125637-scrim-g1drift80/losses/CyrilSharma.finalBot__Whirlpool__botA.bc24,CyrilSharma.finalBot,1,A,g1drift80,0,2000,MORE_FLAG_CAPTURES,0,-1,553,4,0,0,0,0,86,22,153,273,2,13,817,950,4,0,35,184,716,586,ATK@600+HEAL@1200+CAP@1800
gauntlet/20261002-125637-scrim-g1drift80/losses/CyrilSharma.finalBot__Whirlpool__botA.bc24,CyrilSharma.finalBot,0,B,finalBot,1,2000,MORE_FLAG_CAPTURES,2,425,353,13,0,0,0,42,60,0,2637,4938,7,15,719,1152,0,0,52,493,586,716,ATK@600+HEAL@1200+CAP@1800
gauntlet/20261002-125637-scrim-g1drift80/losses/Gymhgy.v10official__Asteroids__botA.bc24,Gymhgy.v10official,1,A,g1drift80,0,2000,MORE_FLAG_CAPTURES,0,-1,269,9,0,0,0,0,36,19,130,275,3,2,884,1217,2,0,38,186,509,524,ATK@600+HEAL@1200+CAP@1800
gauntlet/20261002-125637-scrim-g1drift80/losses/Gymhgy.v10official__Asteroids__botA.bc24,Gymhgy.v10official,0,B,v10official,1,2000,MORE_FLAG_CAPTURES,2,299,250,31,24,3,12,85,34,2,601,311,16,0,914,1337,16,2,64,286,524,509,ATK@600+HEAL@1200+CAP@1800
gauntlet/20261002-125637-scrim-g1drift80/losses/Gymhgy.v10official__DefaultLarge__botB.bc24,Gymhgy.v10official,0,A,v10official,1,840,CAPTURE,3,362,282,80,63,3,14,90,42,1,1415,15,18,0,1034,1670,1,1,65,129,126,163,ATK@600
gauntlet/20261002-125637-scrim-g1drift80/losses/Gymhgy.v10official__DefaultLarge__botB.bc24,Gymhgy.v10official,1,B,g1drift80,0,840,CAPTURE,0,-1,473,12,0,0,0,0,44,22,110,135,3,8,1115,1544,13,0,52,99,163,126,ATK@600
gauntlet/20261002-125637-scrim-g1drift80/losses/Gymhgy.v10official__Klein__botB.bc24,Gymhgy.v10official,0,A,v10official,1,785,CAPTURE,3,268,256,35,26,3,22,34,134,2,5415,2145,6,7,918,1547,0,2,66,100,105,83,ATK@600
gauntlet/20261002-125637-scrim-g1drift80/losses/Gymhgy.v10official__Klein__botB.bc24,Gymhgy.v10official,1,B,g1drift80,0,785,CAPTURE,1,655,273,12,0,0,0,0,90,48,125,215,8,2,939,1306,17,0,46,83,83,105,ATK@600
gauntlet/20261002-125637-scrim-g1drift80/losses/IvanGeffner.kuma__Backslash__botA.bc24,IvanGeffner.kuma,1,A,g1drift80,0,475,CAPTURE,0,-1,225,2,0,0,0,0,177,13,165,305,2,4,916,1242,10,0,87,96,57,105,
gauntlet/20261002-125637-scrim-g1drift80/losses/IvanGeffner.kuma__Backslash__botA.bc24,IvanGeffner.kuma,0,B,kuma,1,475,CAPTURE,3,290,246,36,21,0,0,82,100,0,1024,2738,16,5,1196,1157,7,0,189,175,105,57,
gauntlet/20261002-125637-scrim-g1drift80/losses/Gymhgy.v10official__CH3353C4K3F4CT0RY__botA.bc24,Gymhgy.v10official,1,A,g1drift80,0,2000,MORE_FLAG_CAPTURES,0,-1,268,9,0,0,0,0,10,109,3070,270,12,0,884,1317,24,0,129,329,741,376,ATK@600+HEAL@1200+CAP@1800
gauntlet/20261002-125637-scrim-g1drift80/losses/Gymhgy.v10official__CH3353C4K3F4CT0RY__botA.bc24,Gymhgy.v10official,0,B,v10official,1,2000,MORE_FLAG_CAPTURES,2,310,272,87,26,3,30,90,11,3,13351,8031,18,0,932,1360,36,3,130,423,376,741,ATK@600+HEAL@1200+CAP@1800
gauntlet/20261002-125637-scrim-g1drift80/losses/Gymhgy.v10official__Decision__botB.bc24,Gymhgy.v10official,0,A,v10official,1,2000,MORE_FLAG_CAPTURES,2,370,275,53,41,3,14,90,70,3,460,210,18,0,777,1202,0,3,25,295,537,353,ATK@600+HEAL@1200+CAP@1800
gauntlet/20261002-125637-scrim-g1drift80/losses/Gymhgy.v10official__Decision__botB.bc24,Gymhgy.v10official,1,B,g1drift80,0,2000,MORE_FLAG_CAPTURES,0,-1,286,16,0,0,0,0,81,16,190,155,2,8,816,1037,2,0,22,175,353,537,ATK@600+HEAL@1200+CAP@1800
gauntlet/20261002-125637-scrim-g1drift80/losses/IvanGeffner.kuma__Occulus__botA.bc24,IvanGeffner.kuma,1,A,g1drift80,0,477,CAPTURE,0,-1,0,0,0,0,0,0,16,32,140,290,6,32,988,1441,8,0,47,51,49,130,
gauntlet/20261002-125637-scrim-g1drift80/losses/IvanGeffner.kuma__Occulus__botA.bc24,IvanGeffner.kuma,0,B,kuma,1,477,CAPTURE,3,366,308,20,12,0,0,90,14,5,2105,2565,18,4,1334,1364,12,0,143,147,130,49,
gauntlet/20261002-125637-scrim-g1drift80/losses/NotLLeon.v3__Backslash__botA.bc24,NotLLeon.v3,1,A,g1drift80,0,375,CAPTURE,1,292,228,1,0,0,0,0,180,14,165,310,2,0,681,699,7,0,121,96,35,46,
gauntlet/20261002-125637-scrim-g1drift80/losses/NotLLeon.v3__Backslash__botA.bc24,NotLLeon.v3,0,B,v3,1,375,CAPTURE,3,304,249,25,14,0,0,0,74,0,580,4230,0,16,754,831,0,0,102,95,46,35,
gauntlet/20261002-125637-scrim-g1drift80/losses/IvanGeffner.kuma__Swoop__botA.bc24,IvanGeffner.kuma,1,A,g1drift80,0,674,CAPTURE,0,-1,236,3,0,0,0,0,70,36,170,290,6,0,933,1307,12,0,43,82,103,222,ATK@600
gauntlet/20261002-125637-scrim-g1drift80/losses/IvanGeffner.kuma__Swoop__botA.bc24,IvanGeffner.kuma,0,B,kuma,1,674,CAPTURE,3,305,241,50,25,0,0,90,69,3,2955,625,18,6,1165,1371,8,0,79,159,222,103,ATK@600
gauntlet/20261002-125637-scrim-g1drift80/losses/NotLLeon.v3__Backslash__botB.bc24,NotLLeon.v3,0,A,v3,1,535,CAPTURE,3,298,239,30,13,0,0,0,133,0,2210,5250,0,11,1014,1024,0,0,132,133,93,90,
gauntlet/20261002-125637-scrim-g1drift80/losses/NotLLeon.v3__Backslash__botB.bc24,NotLLeon.v3,1,B,g1drift80,0,535,CAPTURE,0,-1,249,5,0,0,0,0,176,12,170,270,1,0,821,973,20,0,106,116,90,93,
gauntlet/20261002-125637-scrim-g1drift80/losses/IvanGeffner.kuma__EndAround__botA.bc24,IvanGeffner.kuma,1,A,g1drift80,0,2000,MORE_FLAG_CAPTURES,0,-1,0,0,0,0,0,0,67,24,140,170,3,10,672,1047,8,0,41,193,456,555,ATK@600+HEAL@1200+CAP@1800
gauntlet/20261002-125637-scrim-g1drift80/losses/IvanGeffner.kuma__EndAround__botA.bc24,IvanGeffner.kuma,0,B,kuma,1,2000,MORE_FLAG_CAPTURES,2,1308,319,72,40,0,0,90,62,0,1600,2710,18,3,834,772,7,0,78,571,555,456,ATK@600+HEAL@1200+CAP@1800
gauntlet/20261002-125637-scrim-g1drift80/losses/NotLLeon.v3__Gated__botB.bc24,NotLLeon.v3,0,A,v3,1,616,CAPTURE,3,374,261,18,3,0,0,0,22,0,3240,1590,0,15,857,934,0,0,62,78,79,110,ATK@600
gauntlet/20261002-125637-scrim-g1drift80/losses/NotLLeon.v3__Gated__botB.bc24,NotLLeon.v3,1,B,g1drift80,0,616,CAPTURE,0,-1,252,5,0,0,0,0,32,26,193,113,4,9,808,1180,5,0,49,64,110,79,ATK@600
gauntlet/20261002-125637-scrim-g1drift80/losses/NotLLeon.v3__ORV__botA.bc24,NotLLeon.v3,1,A,g1drift80,0,907,CAPTURE,0,-1,0,0,0,0,0,0,32,35,135,270,6,9,879,1089,17,0,56,111,269,229,ATK@600
gauntlet/20261002-125637-scrim-g1drift80/losses/NotLLeon.v3__ORV__botA.bc24,NotLLeon.v3,0,B,v3,1,907,CAPTURE,3,321,250,89,16,0,0,0,31,0,4670,3100,0,13,914,962,0,0,100,165,229,269,ATK@600
gauntlet/20261002-125637-scrim-g1drift80/losses/IvanGeffner.kuma__Racetrack__botA.bc24,IvanGeffner.kuma,1,A,g1drift80,0,2000,MORE_FLAG_CAPTURES,0,-1,0,0,0,0,0,0,61,3,170,130,0,3,990,1684,1,0,23,178,560,696,ATK@600+HEAL@1200+CAP@1800
gauntlet/20261002-125637-scrim-g1drift80/losses/IvanGeffner.kuma__Racetrack__botA.bc24,IvanGeffner.kuma,0,B,kuma,1,2000,MORE_FLAG_CAPTURES,2,577,523,123,61,0,0,58,59,0,23,21,11,7,1036,1637,0,0,0,393,696,560,ATK@600+HEAL@1200+CAP@1800
gauntlet/20261002-125637-scrim-g1drift80/losses/SampleProvider.TSPAARKSPRINT1__Snake__botB.bc24,SampleProvider.TSPAARKSPRINT1,0,A,TSPAARKSPRINT1,1,588,CAPTURE,3,405,295,20,0,3,35,0,192,0,9740,10970,0,7,502,1116,50,27,7,106,92,86,
gauntlet/20261002-125637-scrim-g1drift80/losses/SampleProvider.TSPAARKSPRINT1__Snake__botB.bc24,SampleProvider.TSPAARKSPRINT1,1,B,g1drift80,0,588,CAPTURE,0,-1,230,10,0,0,0,0,181,83,685,14,12,2,946,1060,24,0,292,254,86,92,
gauntlet/20261002-125637-scrim-g1drift80/losses/NotLLeon.v3__Waterworld__botB.bc24,NotLLeon.v3,0,A,v3,1,1002,CAPTURE,3,311,263,42,3,0,0,0,271,0,1270,2620,0,5,887,1151,0,0,51,108,206,284,ATK@600
gauntlet/20261002-125637-scrim-g1drift80/losses/NotLLeon.v3__Waterworld__botB.bc24,NotLLeon.v3,1,B,g1drift80,0,1002,CAPTURE,0,-1,789,14,0,0,0,0,207,59,36,196,11,0,759,1487,24,0,63,115,284,206,ATK@600
gauntlet/20261002-125637-scrim-g1drift80/losses/SampleProvider.TSPAARKSPRINT1__Soccer__botB.bc24,SampleProvider.TSPAARKSPRINT1,0,A,TSPAARKSPRINT1,1,661,CAPTURE,3,366,263,14,0,3,38,0,48,0,3960,10,0,7,477,1270,11,28,5,39,45,92,ATK@600
gauntlet/20261002-125637-scrim-g1drift80/losses/SampleProvider.TSPAARKSPRINT1__Soccer__botB.bc24,SampleProvider.TSPAARKSPRINT1,1,B,g1drift80,0,661,CAPTURE,0,-1,258,8,0,0,0,0,23,40,164,164,7,1,825,840,9,0,54,76,92,45,ATK@600
gauntlet/20261002-125637-scrim-g1drift80/losses/SampleProvider.TSPAARKSPRINT1__Waterworld__botA.bc24,SampleProvider.TSPAARKSPRINT1,1,A,g1drift80,0,1708,CAPTURE,1,1568,257,43,0,0,0,0,236,72,655,225,11,0,646,552,24,0,90,352,673,235,ATK@600+HEAL@1200
gauntlet/20261002-125637-scrim-g1drift80/losses/SampleProvider.TSPAARKSPRINT1__Waterworld__botA.bc24,SampleProvider.TSPAARKSPRINT1,0,B,TSPAARKSPRINT1,1,1708,CAPTURE,3,801,276,80,0,3,45,0,477,2,1790,30,0,2,315,813,3,18,3,77,235,673,ATK@600+CAP@1200
gauntlet/20261002-125637-scrim-g1drift80/losses/Strequals.duck0127v5__Canals__botA.bc24,Strequals.duck0127v5,1,A,g1drift80,0,988,CAPTURE,0,-1,495,1,0,0,0,0,0,63,170,250,11,21,813,1304,15,0,63,129,144,380,ATK@600
gauntlet/20261002-125637-scrim-g1drift80/losses/Strequals.duck0127v5__Canals__botA.bc24,Strequals.duck0127v5,0,B,duck0127v5,1,988,CAPTURE,3,389,266,31,0,0,0,90,42,6,4264,3414,18,4,1168,1200,0,3,115,352,380,144,ATK@600
gauntlet/20261002-125637-scrim-g1drift80/losses/SampleProvider.TSPAARKSPRINT1__Foxes__botB.bc24,SampleProvider.TSPAARKSPRINT1,0,A,TSPAARKSPRINT1,1,2000,MORE_FLAG_CAPTURES,2,771,253,74,0,3,62,0,31,2,8770,3290,0,8,352,973,40,20,5,121,242,487,ATK@600+CAP@1200+HEAL@1800
gauntlet/20261002-125637-scrim-g1drift80/losses/SampleProvider.TSPAARKSPRINT1__Foxes__botB.bc24,SampleProvider.TSPAARKSPRINT1,1,B,g1drift80,0,2000,MORE_FLAG_CAPTURES,1,531,333,6,0,0,0,0,16,77,615,235,12,11,618,970,24,0,74,342,487,242,ATK@600+HEAL@1200+CAP@1800
gauntlet/20261002-125637-scrim-g1drift80/losses/Strequals.duck0127v5__MIT__botB.bc24,Strequals.duck0127v5,0,A,duck0127v5,1,682,CAPTURE,3,426,332,14,0,0,0,90,86,21,4826,31336,18,7,669,983,0,3,99,149,98,60,ATK@600
gauntlet/20261002-125637-scrim-g1drift80/losses/Strequals.duck0127v5__MIT__botB.bc24,Strequals.duck0127v5,1,B,g1drift80,0,682,CAPTURE,0,-1,484,2,0,0,0,0,42,62,638,261,10,29,681,959,24,0,151,160,60,98,ATK@600
gauntlet/20261002-125637-scrim-g1drift80/losses/Strequals.duck0127v5__Divergent__botB.bc24,Strequals.duck0127v5,0,A,duck0127v5,1,2000,MORE_FLAG_CAPTURES,1,543,261,36,0,0,0,90,24,1,4049,2234,18,8,822,1003,0,2,102,490,431,317,ATK@600+HEAL@1200+CAP@1800
gauntlet/20261002-125637-scrim-g1drift80/losses/Strequals.duck0127v5__Divergent__botB.bc24,Strequals.duck0127v5,1,B,g1drift80,0,2000,MORE_FLAG_CAPTURES,0,-1,252,17,0,0,0,0,33,42,174,204,8,10,643,1075,14,0,43,191,317,431,ATK@600+HEAL@1200+CAP@1800
gauntlet/20261002-125637-scrim-g1drift80/losses/andli28.v9_USQuals_angle__EvilGrin__botB.bc24,andli28.v9_USQuals_angle,0,A,v9_USQuals_angle,1,681,CAPTURE,3,301,234,9,0,0,0,72,24,4,2161,4213,14,5,1139,1241,18,2,118,241,193,105,ATK@600
gauntlet/20261002-125637-scrim-g1drift80/losses/andli28.v9_USQuals_angle__EvilGrin__botB.bc24,andli28.v9_USQuals_angle,1,B,g1drift80,0,681,CAPTURE,0,-1,0,0,0,0,0,0,55,23,180,290,3,0,905,1485,4,0,37,62,105,193,ATK@600
gauntlet/20261002-125637-scrim-g1drift80/losses/Strequals.duck0127v5__MazeRunner__botA.bc24,Strequals.duck0127v5,1,A,g1drift80,0,2000,MORE_FLAG_CAPTURES,0,-1,400,13,0,0,0,0,77,20,60,210,3,5,573,858,14,0,35,143,135,412,ATK@600+HEAL@1200+CAP@1800
gauntlet/20261002-125637-scrim-g1drift80/losses/Strequals.duck0127v5__MazeRunner__botA.bc24,Strequals.duck0127v5,0,B,duck0127v5,1,2000,MORE_FLAG_CAPTURES,2,445,280,21,0,0,0,90,74,2,1744,3634,18,3,663,904,0,3,53,305,412,135,ATK@600+HEAL@1200+CAP@1800
gauntlet/20261002-125637-scrim-g1drift80/losses/andli28.v9_USQuals_angle__Battlecode24__botB.bc24,andli28.v9_USQuals_angle,0,A,v9_USQuals_angle,1,2000,MORE_FLAG_CAPTURES,2,602,394,31,0,0,0,88,50,6,11513,21113,18,13,829,1081,19,3,94,466,515,292,ATK@600+HEAL@1200+CAP@1800
gauntlet/20261002-125637-scrim-g1drift80/losses/andli28.v9_USQuals_angle__Battlecode24__botB.bc24,andli28.v9_USQuals_angle,1,B,g1drift80,0,2000,MORE_FLAG_CAPTURES,0,-1,301,4,0,0,0,0,65,94,2277,307,12,13,851,1134,24,0,143,298,292,515,ATK@600+HEAL@1200+CAP@1800
gauntlet/20261002-125637-scrim-g1drift80/losses/Strequals.duck0127v5__Rainbow__botA.bc24,Strequals.duck0127v5,1,A,g1drift80,0,2000,MORE_FLAG_CAPTURES,0,-1,478,16,0,0,0,0,52,53,185,255,9,12,741,1171,21,0,52,233,332,556,ATK@600+HEAL@1200+CAP@1800
gauntlet/20261002-125637-scrim-g1drift80/losses/Strequals.duck0127v5__Rainbow__botA.bc24,Strequals.duck0127v5,0,B,duck0127v5,1,2000,MORE_FLAG_CAPTURES,2,380,232,14,0,0,0,90,41,12,5680,3510,18,5,999,1148,0,3,130,411,556,332,ATK@600+HEAL@1200+CAP@1800
gauntlet/20261002-125637-scrim-g1drift80/losses/andli28.v9_USQuals_angle__Canals__botA.bc24,andli28.v9_USQuals_angle,1,A,g1drift80,0,1631,CAPTURE,0,-1,0,0,0,0,0,0,0,62,185,265,10,33,856,1263,16,0,63,198,348,790,ATK@600+HEAL@1200
gauntlet/20261002-125637-scrim-g1drift80/losses/andli28.v9_USQuals_angle__Canals__botA.bc24,andli28.v9_USQuals_angle,0,B,v9_USQuals_angle,1,1631,CAPTURE,3,333,303,59,0,0,0,90,0,5,5295,4310,18,3,990,1214,12,3,91,614,790,348,ATK@600+HEAL@1200
gauntlet/20261002-125637-scrim-g1drift80/losses/andrewgopher.player22__StackGame__botB.bc24,andrewgopher.player22,0,A,player22,1,427,CAPTURE,3,285,253,10,0,3,0,0,52,0,5440,30,0,2,1369,994,1,0,93,62,88,92,
gauntlet/20261002-125637-scrim-g1drift80/losses/andrewgopher.player22__StackGame__botB.bc24,andrewgopher.player22,1,B,g1drift80,0,427,CAPTURE,0,-1,0,0,0,0,0,0,36,50,205,305,8,28,1074,1487,13,0,59,53,92,88,
gauntlet/20261002-125637-scrim-g1drift80/losses/andli28.v9_USQuals_angle__HeMustBeFreed__botB.bc24,andli28.v9_USQuals_angle,0,A,v9_USQuals_angle,1,2000,MORE_FLAG_CAPTURES,2,417,308,6,0,0,0,86,83,6,733,10288,18,2,676,635,14,3,54,405,238,146,ATK@600+HEAL@1200+CAP@1800
gauntlet/20261002-125637-scrim-g1drift80/losses/andli28.v9_USQuals_angle__HeMustBeFreed__botB.bc24,andli28.v9_USQuals_angle,1,B,g1drift80,0,2000,MORE_FLAG_CAPTURES,0,-1,244,10,0,0,0,0,113,15,50,15,1,9,552,733,10,0,25,118,146,238,ATK@600+HEAL@1200+CAP@1800
gauntlet/20261002-125637-scrim-g1drift80/losses/andrewgopher.player22__Digging__botB.bc24,andrewgopher.player22,0,A,player22,1,1316,CAPTURE,3,327,300,12,0,3,0,0,25,0,2350,60,0,5,1153,747,4,0,66,298,765,548,ATK@600+HEAL@1200
gauntlet/20261002-125637-scrim-g1drift80/losses/andrewgopher.player22__Digging__botB.bc24,andrewgopher.player22,1,B,g1drift80,0,1316,CAPTURE,0,-1,0,0,0,0,0,0,16,25,185,305,4,7,884,1413,1,0,50,144,548,765,ATK@600+HEAL@1200
gauntlet/20261002-125637-scrim-g1drift80/losses/andli28.v9_USQuals_angle__Valentine__botA.bc24,andli28.v9_USQuals_angle,1,A,g1drift80,0,2000,MORE_FLAG_CAPTURES,0,-1,0,0,0,0,0,0,0,41,170,125,7,13,808,1265,5,0,59,209,374,538,ATK@600+HEAL@1200+CAP@1800
gauntlet/20261002-125637-scrim-g1drift80/losses/andli28.v9_USQuals_angle__Valentine__botA.bc24,andli28.v9_USQuals_angle,0,B,v9_USQuals_angle,1,2000,MORE_FLAG_CAPTURES,2,679,347,61,0,0,0,90,0,5,2495,4205,18,3,985,1246,11,2,82,477,538,374,ATK@600+HEAL@1200+CAP@1800
gauntlet/20261002-125637-scrim-g1drift80/losses/andli28.v9_USQuals_angle__Joker__botB.bc24,andli28.v9_USQuals_angle,0,A,v9_USQuals_angle,1,2000,MORE_FLAG_CAPTURES,1,571,467,5,0,0,0,86,0,6,15081,15901,18,11,878,988,15,3,87,383,432,366,ATK@600+HEAL@1200+CAP@1800
gauntlet/20261002-125637-scrim-g1drift80/losses/andli28.v9_USQuals_angle__Joker__botB.bc24,andli28.v9_USQuals_angle,1,B,g1drift80,0,2000,MORE_FLAG_CAPTURES,0,-1,234,11,0,0,0,0,3,118,3780,288,12,10,973,1155,24,0,235,366,366,432,ATK@600+HEAL@1200+CAP@1800
gauntlet/20261002-125637-scrim-g1drift80/losses/andrewgopher.player22__ORV__botA.bc24,andrewgopher.player22,1,A,g1drift80,0,441,CAPTURE,0,-1,0,0,0,0,0,0,33,37,125,305,7,22,993,1307,12,0,50,50,96,113,
gauntlet/20261002-125637-scrim-g1drift80/losses/andrewgopher.player22__ORV__botA.bc24,andrewgopher.player22,0,B,player22,1,441,CAPTURE,3,330,261,10,0,3,0,0,59,0,3830,860,0,2,1361,836,10,0,94,64,113,96,
gauntlet/20261002-125637-scrim-g1drift80/losses/chenyx512.flagbot_final__AceOfSpades__botB.bc24,chenyx512.flagbot_final,0,A,flagbot_final,1,660,CAPTURE,3,392,238,10,0,3,27,88,90,2,61,14981,18,23,1147,1463,0,0,193,309,259,16,ATK@600
gauntlet/20261002-125637-scrim-g1drift80/losses/chenyx512.flagbot_final__AceOfSpades__botB.bc24,chenyx512.flagbot_final,1,B,g1drift80,0,660,CAPTURE,0,-1,238,20,0,0,0,0,8,33,185,215,6,20,781,1392,8,0,47,70,16,259,ATK@600
gauntlet/20261002-125637-scrim-g1drift80/losses/andrewgopher.player22__Mountain__botA.bc24,andrewgopher.player22,1,A,g1drift80,0,2000,LEVEL_SUM,0,-1,782,3,0,0,0,0,30,48,220,230,9,30,939,1211,11,0,70,211,994,899,ATK@600+HEAL@1200+CAP@1800
gauntlet/20261002-125637-scrim-g1drift80/losses/andrewgopher.player22__Mountain__botA.bc24,andrewgopher.player22,0,B,player22,1,2000,LEVEL_SUM,0,-1,834,4,0,3,0,0,35,0,5450,5940,0,10,987,797,4,0,54,408,899,994,ATK@600+HEAL@1200+CAP@1800
gauntlet/20261002-125637-scrim-g1drift80/losses/chenyx512.flagbot_final__Skyline__botB.bc24,chenyx512.flagbot_final,0,A,flagbot_final,1,714,CAPTURE,3,443,405,21,0,3,53,90,265,3,14605,12555,18,1,967,1406,0,0,143,294,177,57,ATK@600
gauntlet/20261002-125637-scrim-g1drift80/losses/chenyx512.flagbot_final__Skyline__botB.bc24,chenyx512.flagbot_final,1,B,g1drift80,0,714,CAPTURE,2,288,210,9,0,0,0,0,100,105,8825,255,9,18,840,1094,24,0,189,217,57,177,ATK@600
gauntlet/20261002-125637-scrim-g1drift80/losses/chenyx512.flagbot_final__Swoop__botA.bc24,chenyx512.flagbot_final,1,A,g1drift80,0,1097,CAPTURE,0,-1,225,25,0,0,0,0,69,35,190,255,6,15,856,1314,13,0,41,121,82,434,ATK@600
gauntlet/20261002-125637-scrim-g1drift80/losses/chenyx512.flagbot_final__Swoop__botA.bc24,chenyx512.flagbot_final,0,B,flagbot_final,1,1097,CAPTURE,3,321,279,15,0,3,32,90,164,3,390,50,18,1,1085,1521,0,0,51,263,434,82,ATK@600
gauntlet/20261002-125637-scrim-g1drift80/losses/chenyx512.flagbot_final__Divergent__botB.bc24,chenyx512.flagbot_final,0,A,flagbot_final,1,1669,CAPTURE,3,1118,455,36,0,3,31,90,151,0,185,75,18,6,845,1260,0,0,42,435,513,154,ATK@600+HEAL@1200
gauntlet/20261002-125637-scrim-g1drift80/losses/chenyx512.flagbot_final__Divergent__botB.bc24,chenyx512.flagbot_final,1,B,g1drift80,0,1669,CAPTURE,0,-1,254,5,0,0,0,0,35,43,167,287,7,22,704,1064,12,0,49,184,154,513,ATK@600+HEAL@1200
gauntlet/20261002-125637-scrim-g1drift80/losses/chenyx512.flagbot_final__Racetrack__botA.bc24,chenyx512.flagbot_final,1,A,g1drift80,0,1153,CAPTURE,0,-1,386,7,0,0,0,0,62,3,140,190,0,5,1031,1670,1,0,19,80,132,543,ATK@600
gauntlet/20261002-125637-scrim-g1drift80/losses/chenyx512.flagbot_final__Racetrack__botA.bc24,chenyx512.flagbot_final,0,B,flagbot_final,1,1153,CAPTURE,3,595,402,38,0,3,33,42,58,0,11,21,7,4,1153,1800,0,0,0,190,543,132,ATK@600
gauntlet/20261002-125637-scrim-g1drift80/losses/andrewgopher.player22__TwistedTreeline__botB.bc24,andrewgopher.player22,0,A,player22,1,2000,MORE_FLAG_CAPTURES,2,329,288,33,2,3,0,0,71,0,2670,150,0,5,1284,653,5,0,48,261,655,925,ATK@600+HEAL@1200+CAP@1800
gauntlet/20261002-125637-scrim-g1drift80/losses/andrewgopher.player22__TwistedTreeline__botB.bc24,andrewgopher.player22,1,B,g1drift80,0,2000,MORE_FLAG_CAPTURES,1,621,511,9,0,0,0,0,63,23,125,290,3,0,978,1395,6,0,37,254,925,655,ATK@600+HEAL@1200+CAP@1800
gauntlet/20261002-125637-scrim-g1drift80/losses/dmtrung14.defaultplayer_intlqualifier__KingQuacksCastle__botB.bc24,dmtrung14.defaultplayer_intlqualifier,0,A,defaultplayer_intlqualifier,1,342,CAPTURE,3,260,232,35,29,3,16,0,35,9,1450,920,0,1,213,624,6,18,11,34,8,66,
gauntlet/20261002-125637-scrim-g1drift80/losses/dmtrung14.defaultplayer_intlqualifier__KingQuacksCastle__botB.bc24,dmtrung14.defaultplayer_intlqualifier,1,B,g1drift80,0,342,CAPTURE,1,306,258,4,0,0,0,0,29,27,175,20,4,3,713,372,7,0,42,38,66,8,
gauntlet/20261002-125637-scrim-g1drift80/losses/hsmalladi.finalbot__AceOfSpades__botA.bc24,hsmalladi.finalbot,1,A,g1drift80,0,724,CAPTURE,0,-1,333,10,0,0,0,0,9,33,285,305,5,12,1009,1287,24,0,102,141,251,157,ATK@600
gauntlet/20261002-125637-scrim-g1drift80/losses/hsmalladi.finalbot__AceOfSpades__botA.bc24,hsmalladi.finalbot,0,B,finalbot,1,724,CAPTURE,3,381,253,50,18,3,14,60,21,0,2680,660,12,0,958,611,7,4,134,183,157,251,ATK@600
gauntlet/20261002-125637-scrim-g1drift80/losses/chenyx512.flagbot_final__Tunnels__botB.bc24,chenyx512.flagbot_final,0,A,flagbot_final,1,1613,CAPTURE,3,281,242,41,0,3,22,90,115,1,46,456,18,5,684,1259,0,0,41,446,563,348,ATK@600+HEAL@1200
gauntlet/20261002-125637-scrim-g1drift80/losses/chenyx512.flagbot_final__Tunnels__botB.bc24,chenyx512.flagbot_final,1,B,g1drift80,0,1613,CAPTURE,0,-1,0,0,0,0,0,0,61,25,75,315,5,38,813,1203,6,0,47,170,348,563,ATK@600+HEAL@1200
gauntlet/20261002-125637-scrim-g1drift80/losses/clbarrell.duck8__OceanFloor__botB.bc24,clbarrell.duck8,0,A,duck8,1,1227,CAPTURE,3,502,241,36,0,0,0,0,31,28,90,10,3,5,832,819,1,0,51,118,163,422,ATK@750
gauntlet/20261002-125637-scrim-g1drift80/losses/clbarrell.duck8__OceanFloor__botB.bc24,clbarrell.duck8,1,B,g1drift80,0,1227,CAPTURE,2,377,306,6,0,0,0,0,39,23,195,225,4,0,959,1040,3,0,49,180,422,163,ATK@600+HEAL@1200
gauntlet/20261002-125637-scrim-g1drift80/losses/clbarrell.duck8__GaltonBoard__botB.bc24,clbarrell.duck8,0,A,duck8,1,2000,MORE_FLAG_CAPTURES,2,317,277,9,0,0,0,0,2,22,80,27720,3,7,846,1040,1,0,177,499,468,1018,ATK@750+HEAL@1500
gauntlet/20261002-125637-scrim-g1drift80/losses/clbarrell.duck8__GaltonBoard__botB.bc24,clbarrell.duck8,1,B,g1drift80,0,2000,MORE_FLAG_CAPTURES,0,-1,0,0,0,0,0,0,12,19,140,250,3,41,1077,1228,1,0,51,210,1018,468,ATK@600+HEAL@1200+CAP@1800
gauntlet/20261002-125637-scrim-g1drift80/losses/hsmalladi.finalbot__Fountain__botB.bc24,hsmalladi.finalbot,0,A,finalbot,1,1311,CAPTURE,3,482,386,45,7,3,36,36,47,0,2091,11,6,0,633,475,3,1,14,103,276,437,ATK@600+HEAL@1200
gauntlet/20261002-125637-scrim-g1drift80/losses/hsmalladi.finalbot__Fountain__botB.bc24,hsmalladi.finalbot,1,B,g1drift80,0,1311,CAPTURE,1,344,246,17,0,0,0,0,43,20,200,170,3,5,699,936,9,0,31,112,437,276,ATK@600+HEAL@1200
gauntlet/20261002-125637-scrim-g1drift80/losses/clbarrell.duck8__QuestionableChess__botB.bc24,clbarrell.duck8,0,A,duck8,1,1872,CAPTURE,3,257,215,49,0,0,0,0,40,11,40,80,1,16,940,852,1,0,29,226,529,1004,ATK@750+HEAL@1500
gauntlet/20261002-125637-scrim-g1drift80/losses/clbarrell.duck8__QuestionableChess__botB.bc24,clbarrell.duck8,1,B,g1drift80,0,1872,CAPTURE,1,567,541,15,0,0,0,0,67,2,90,20,0,18,1134,1208,1,0,22,203,1004,529,ATK@600+HEAL@1200+CAP@1800
gauntlet/20261002-125637-scrim-g1drift80/losses/hsmalladi.finalbot__HeMustBeFreed__botB.bc24,hsmalladi.finalbot,0,A,finalbot,1,773,CAPTURE,3,400,294,41,25,3,22,36,177,0,2390,3596,7,0,671,609,0,3,85,127,105,103,ATK@600
gauntlet/20261002-125637-scrim-g1drift80/losses/hsmalladi.finalbot__HeMustBeFreed__botB.bc24,hsmalladi.finalbot,1,B,g1drift80,0,773,CAPTURE,1,412,298,3,0,0,0,0,113,15,80,250,3,3,591,863,4,0,33,58,103,105,ATK@600
gauntlet/20261002-125637-scrim-g1drift80/losses/hsmalladi.finalbot__WheresMyWater__botA.bc24,hsmalladi.finalbot,1,A,g1drift80,0,510,CAPTURE,0,-1,315,3,0,0,0,0,53,29,190,234,4,0,1046,1475,9,0,46,62,136,85,
gauntlet/20261002-125637-scrim-g1drift80/losses/hsmalladi.finalbot__WheresMyWater__botA.bc24,hsmalladi.finalbot,0,B,finalbot,1,510,CAPTURE,3,228,208,28,3,3,15,28,78,8,1784,112,5,5,1173,995,2,4,68,85,85,136,
gauntlet/20261002-125637-scrim-g1drift80/losses/hsmalladi.finalbot__WheresMyWater__botB.bc24,hsmalladi.finalbot,0,A,finalbot,1,401,CAPTURE,3,247,228,20,4,3,29,40,69,5,2144,83,7,0,1012,941,4,1,60,58,53,62,
gauntlet/20261002-125637-scrim-g1drift80/losses/hsmalladi.finalbot__WheresMyWater__botB.bc24,hsmalladi.finalbot,1,B,g1drift80,0,401,CAPTURE,0,-1,0,0,0,0,0,0,55,29,165,255,5,1,870,1350,9,0,38,33,62,53,
gauntlet/20261002-125637-scrim-g1drift80/losses/hsmalladi.finalbot__ORV__botB.bc24,hsmalladi.finalbot,0,A,finalbot,1,600,CAPTURE,3,320,247,42,24,3,26,60,55,0,3088,138,12,0,975,1085,14,3,81,109,92,108,ATK@600
gauntlet/20261002-125637-scrim-g1drift80/losses/hsmalladi.finalbot__ORV__botB.bc24,hsmalladi.finalbot,1,B,g1drift80,0,600,CAPTURE,1,316,264,2,0,0,0,0,37,34,135,300,5,7,847,1271,13,0,42,57,108,92,ATK@600
gauntlet/20261002-125637-scrim-g1drift80/losses/jmerle.camel_case_v21_final__Battlecode24__botA.bc24,jmerle.camel_case_v21_final,1,A,g1drift80,0,666,CAPTURE,0,-1,386,3,0,0,0,0,59,95,2314,284,12,28,639,731,24,0,152,179,143,224,ATK@600
gauntlet/20261002-125637-scrim-g1drift80/losses/jmerle.camel_case_v21_final__Battlecode24__botA.bc24,jmerle.camel_case_v21_final,0,B,camel_case_v21_final,1,666,CAPTURE,3,383,268,10,0,0,0,0,107,0,8790,14840,0,2,1152,438,0,0,212,292,224,143,ATK@600
gauntlet/20261002-125637-scrim-g1drift80/losses/jmerle.camel_case_v21_final__StackGame__botA.bc24,jmerle.camel_case_v21_final,1,A,g1drift80,0,378,CAPTURE,0,-1,0,0,0,0,0,0,31,52,155,255,9,29,689,1047,13,0,56,54,66,87,
gauntlet/20261002-125637-scrim-g1drift80/losses/jmerle.camel_case_v21_final__StackGame__botA.bc24,jmerle.camel_case_v21_final,0,B,camel_case_v21_final,1,378,CAPTURE,3,281,245,7,0,0,0,0,28,2,5960,1700,0,5,1166,500,0,0,100,83,87,66,
gauntlet/20261002-125637-scrim-g1drift80/losses/jmerle.camel_case_v21_final__Fountain__botA.bc24,jmerle.camel_case_v21_final,1,A,g1drift80,0,786,CAPTURE,0,-1,318,2,0,0,0,0,36,18,280,230,2,9,898,1321,9,0,32,75,372,249,ATK@600
gauntlet/20261002-125637-scrim-g1drift80/losses/jmerle.camel_case_v21_final__Fountain__botA.bc24,jmerle.camel_case_v21_final,0,B,camel_case_v21_final,1,786,CAPTURE,3,362,267,25,0,0,0,0,28,0,3260,270,0,3,1135,435,0,0,35,89,249,372,ATK@600
gauntlet/20261002-125637-scrim-g1drift80/losses/jmerle.camel_case_v21_final__Canals__botA.bc24,jmerle.camel_case_v21_final,1,A,g1drift80,0,1076,CAPTURE,1,901,245,4,0,0,0,0,0,59,240,295,11,15,767,786,17,0,60,136,459,510,ATK@600
gauntlet/20261002-125637-scrim-g1drift80/losses/jmerle.camel_case_v21_final__Canals__botA.bc24,jmerle.camel_case_v21_final,0,B,camel_case_v21_final,1,1076,CAPTURE,3,333,239,29,0,0,0,0,0,0,7000,3280,0,6,1498,574,0,0,129,290,510,459,ATK@600
gauntlet/20261002-125637-scrim-g1drift80/losses/jmerle.camel_case_v21_final__Swoop__botA.bc24,jmerle.camel_case_v21_final,1,A,g1drift80,0,321,CAPTURE,0,-1,217,6,0,0,0,0,65,37,160,220,6,0,427,526,13,0,36,34,34,60,
gauntlet/20261002-125637-scrim-g1drift80/losses/jmerle.camel_case_v21_final__Swoop__botA.bc24,jmerle.camel_case_v21_final,0,B,camel_case_v21_final,1,321,CAPTURE,3,290,236,7,0,0,0,0,36,0,5620,3450,0,0,735,418,0,0,58,56,60,34,
gauntlet/20261002-125637-scrim-g1drift80/losses/jonters.bling3__Bunkers__botA.bc24,jonters.bling3,1,A,g1drift80,0,415,CAPTURE,1,248,214,6,0,0,0,0,25,35,170,260,6,14,1186,1437,11,0,47,44,86,55,
gauntlet/20261002-125637-scrim-g1drift80/losses/jonters.bling3__Bunkers__botA.bc24,jonters.bling3,0,B,bling3,1,415,CAPTURE,3,293,242,10,0,0,0,0,66,16,20,180,0,0,833,1321,22,0,9,31,55,86,
gauntlet/20261002-125637-scrim-g1drift80/losses/jmerle.camel_case_v21_final__YearOfTheDragon__botA.bc24,jmerle.camel_case_v21_final,1,A,g1drift80,0,586,CAPTURE,0,-1,225,3,0,0,0,0,11,108,640,250,11,24,662,1054,24,0,112,139,161,131,
gauntlet/20261002-125637-scrim-g1drift80/losses/jmerle.camel_case_v21_final__YearOfTheDragon__botA.bc24,jmerle.camel_case_v21_final,0,B,camel_case_v21_final,1,586,CAPTURE,3,333,295,10,0,0,0,0,6,5,12520,5730,0,3,1052,367,0,0,129,187,131,161,
gauntlet/20261002-125637-scrim-g1drift80/losses/kyleezz.jeeryfix3__Backslash__botB.bc24,kyleezz.jeeryfix3,0,A,jeeryfix3,1,2000,MORE_FLAG_CAPTURES,2,299,266,25,0,0,0,0,236,0,20,8160,0,9,1072,764,0,0,151,389,579,1344,ATK@600+CAP@1200+HEAL@1800
gauntlet/20261002-125637-scrim-g1drift80/losses/kyleezz.jeeryfix3__Backslash__botB.bc24,kyleezz.jeeryfix3,1,B,g1drift80,0,2000,MORE_FLAG_CAPTURES,1,825,233,2,0,0,0,0,161,18,155,279,3,5,1098,1232,13,0,76,297,1344,579,ATK@600+HEAL@1200+CAP@1800
gauntlet/20261002-125637-scrim-g1drift80/losses/quesswho.cretplayer2_3__AceOfSpades__botA.bc24,quesswho.cretplayer2_3,1,A,g1drift80,0,674,CAPTURE,0,-1,258,16,0,0,0,0,13,33,155,280,5,4,856,865,10,0,57,83,215,183,ATK@600
gauntlet/20261002-125637-scrim-g1drift80/losses/quesswho.cretplayer2_3__AceOfSpades__botA.bc24,quesswho.cretplayer2_3,0,B,cretplayer2_3,1,674,CAPTURE,3,395,234,43,0,3,22,0,18,0,3660,9230,0,7,1135,830,0,3,234,241,183,215,ATK@600
gauntlet/20261002-125637-scrim-g1drift80/losses/kyleezz.jeeryfix3__Intercontinental__botB.bc24,kyleezz.jeeryfix3,0,A,jeeryfix3,1,716,CAPTURE,3,272,224,5,0,0,0,0,159,0,30,10,0,1,401,345,0,0,8,33,61,149,ATK@600
gauntlet/20261002-125637-scrim-g1drift80/losses/kyleezz.jeeryfix3__Intercontinental__botB.bc24,kyleezz.jeeryfix3,1,B,g1drift80,0,716,CAPTURE,0,-1,310,3,0,0,0,0,73,17,190,30,3,25,397,542,9,0,21,42,149,61,ATK@600
gauntlet/20261002-125637-scrim-g1drift80/losses/kyleezz.jeeryfix3__Klein__botB.bc24,kyleezz.jeeryfix3,0,A,jeeryfix3,1,2000,MORE_FLAG_CAPTURES,2,292,220,25,0,0,0,0,259,0,930,30,0,11,847,681,0,0,19,248,553,1013,ATK@600+CAP@1200+HEAL@1800
gauntlet/20261002-125637-scrim-g1drift80/losses/kyleezz.jeeryfix3__Klein__botB.bc24,kyleezz.jeeryfix3,1,B,g1drift80,0,2000,MORE_FLAG_CAPTURES,1,403,291,12,0,0,0,0,93,47,150,240,8,1,959,1134,16,0,53,279,1013,553,ATK@600+HEAL@1200+CAP@1800
gauntlet/20261002-125637-scrim-g1drift80/losses/quesswho.cretplayer2_3__ORV__botA.bc24,quesswho.cretplayer2_3,1,A,g1drift80,0,669,CAPTURE,0,-1,352,5,0,0,0,0,35,36,155,270,6,0,844,897,11,0,45,63,133,188,ATK@600
gauntlet/20261002-125637-scrim-g1drift80/losses/quesswho.cretplayer2_3__ORV__botA.bc24,quesswho.cretplayer2_3,0,B,cretplayer2_3,1,669,CAPTURE,3,321,232,15,0,3,16,0,21,0,4970,1570,0,3,927,1116,0,4,107,145,188,133,ATK@600
gauntlet/20261002-125637-scrim-g1drift80/losses/winkelmantanner.waffle__Funnel__botB.bc24,winkelmantanner.waffle,0,A,waffle,1,977,CAPTURE,3,403,234,30,0,0,0,0,5,34,1050,750,1,3,726,532,0,0,74,125,132,403,ATK@600
gauntlet/20261002-125637-scrim-g1drift80/losses/winkelmantanner.waffle__Funnel__botB.bc24,winkelmantanner.waffle,1,B,g1drift80,0,977,CAPTURE,1,546,433,11,0,0,0,0,25,33,185,240,6,0,876,1056,11,0,64,152,403,132,ATK@600
gauntlet/20261002-125637-scrim-g1drift80/losses/winkelmantanner.waffle__Islands__botB.bc24,winkelmantanner.waffle,0,A,waffle,1,525,CAPTURE,3,279,228,23,0,0,0,0,48,63,605,325,5,4,1089,1044,0,0,89,89,80,141,
gauntlet/20261002-125637-scrim-g1drift80/losses/winkelmantanner.waffle__Islands__botB.bc24,winkelmantanner.waffle,1,B,g1drift80,0,525,CAPTURE,0,-1,397,6,0,0,0,0,68,52,205,250,9,13,1168,1425,14,0,63,72,141,80,
gauntlet/20261002-125637-scrim-g1drift80/losses/winkelmantanner.waffle__Puzzle__botA.bc24,winkelmantanner.waffle,1,A,g1drift80,0,681,CAPTURE,0,-1,276,7,0,0,0,0,6,21,155,270,4,0,736,892,22,0,68,89,185,115,ATK@600
gauntlet/20261002-125637-scrim-g1drift80/losses/winkelmantanner.waffle__Puzzle__botA.bc24,winkelmantanner.waffle,0,B,waffle,1,681,CAPTURE,3,423,266,19,0,0,0,0,1,3,2070,5400,0,6,844,816,0,0,149,177,115,185,ATK@600
gauntlet/20261002-125637-scrim-g1drift80/losses/winkelmantanner.waffle__Tunnels__botB.bc24,winkelmantanner.waffle,0,A,waffle,1,368,CAPTURE,3,293,243,17,0,0,0,0,30,6,3300,1210,0,12,889,751,0,0,68,60,51,70,
gauntlet/20261002-125637-scrim-g1drift80/losses/winkelmantanner.waffle__Tunnels__botB.bc24,winkelmantanner.waffle,1,B,g1drift80,0,368,CAPTURE,0,-1,0,0,0,0,0,0,61,24,185,300,4,0,905,984,5,0,42,33,70,51,
gauntlet/20261002-125637-scrim-g1drift80/losses/winkelmantanner.waffle__Mountain__botB.bc24,winkelmantanner.waffle,0,A,waffle,1,732,CAPTURE,3,290,234,30,0,0,0,0,24,9,4880,3880,0,15,924,940,0,0,91,124,106,230,ATK@600
gauntlet/20261002-125637-scrim-g1drift80/losses/winkelmantanner.waffle__Mountain__botB.bc24,winkelmantanner.waffle,1,B,g1drift80,0,732,CAPTURE,0,-1,625,1,0,0,0,0,37,44,185,245,8,0,945,1052,13,0,53,94,230,106,ATK@600
gauntlet/20261002-125637-scrim-g1drift80/losses/quesswho.cretplayer2_3__Waterworld__botB.bc24,quesswho.cretplayer2_3,0,A,cretplayer2_3,1,896,CAPTURE,3,366,250,27,0,3,10,0,268,0,8260,3840,0,3,838,865,0,3,137,166,261,293,ATK@600
gauntlet/20261002-125637-scrim-g1drift80/losses/quesswho.cretplayer2_3__Waterworld__botB.bc24,quesswho.cretplayer2_3,1,B,g1drift80,0,896,CAPTURE,0,-1,359,16,0,0,0,0,245,69,659,289,11,0,750,770,24,0,72,131,293,261,ATK@600
gauntlet/20261002-125637-scrim-g1drift80/losses/winkelmantanner.waffle__Soccer__botB.bc24,winkelmantanner.waffle,0,A,waffle,1,1052,CAPTURE,3,565,316,56,0,0,0,0,21,15,3270,660,0,1,1005,999,0,0,69,157,200,535,ATK@600
gauntlet/20261002-125637-scrim-g1drift80/losses/winkelmantanner.waffle__Soccer__botB.bc24,winkelmantanner.waffle,1,B,g1drift80,0,1052,CAPTURE,2,518,264,11,0,0,0,0,15,43,153,148,7,10,1237,1433,9,0,71,193,535,200,ATK@600
gauntlet/20261002-125637-scrim-g1drift80/replays/NotLLeon.v3__Pancakes__botB.bc24,NotLLeon.v3,0,A,v3,0,468,CAPTURE,1,436,253,29,6,0,0,0,9,0,2130,500,0,10,987,1058,0,0,85,91,75,100,
gauntlet/20261002-125637-scrim-g1drift80/replays/NotLLeon.v3__Pancakes__botB.bc24,NotLLeon.v3,1,B,g1drift80,1,468,CAPTURE,3,297,235,4,0,0,0,0,15,18,160,340,2,8,967,1254,11,0,51,58,100,75,
gauntlet/20261002-125637-scrim-g1drift80/replays/awu7.ExplosiveBot__BedWars__botB.bc24,awu7.ExplosiveBot,0,A,ExplosiveBot,0,843,CAPTURE,0,-1,808,1,0,0,0,0,0,10,3100,30,0,4,173,208,18,0,5,25,47,231,ATK@600
gauntlet/20261002-125637-scrim-g1drift80/replays/awu7.ExplosiveBot__BedWars__botB.bc24,awu7.ExplosiveBot,1,B,g1drift80,1,843,CAPTURE,3,435,330,11,0,0,0,0,0,41,160,30,7,6,205,227,9,0,32,43,231,47,ATK@600
gauntlet/20261002-125637-scrim-g1drift80/replays/SampleProvider.TSPAARKSPRINT1__QuestionableChess__botB.bc24,SampleProvider.TSPAARKSPRINT1,0,A,TSPAARKSPRINT1,0,2000,LEVEL_SUM,1,398,293,38,0,3,18,0,73,2,10,30,0,20,668,1648,0,3,0,60,252,1119,ATK@600+CAP@1200+HEAL@1800
gauntlet/20261002-125637-scrim-g1drift80/replays/SampleProvider.TSPAARKSPRINT1__QuestionableChess__botB.bc24,SampleProvider.TSPAARKSPRINT1,1,B,g1drift80,1,2000,LEVEL_SUM,1,600,310,14,0,0,0,0,61,3,170,100,0,3,1070,1095,1,0,14,315,1119,252,ATK@600+HEAL@1200+CAP@1800
gauntlet/20261002-125637-scrim-g1drift80/replays/awu7.ExplosiveBot__DefaultLarge__botB.bc24,awu7.ExplosiveBot,0,A,ExplosiveBot,0,1473,CAPTURE,0,-1,1051,7,1,0,0,0,96,10,220,210,0,5,843,680,21,0,21,104,163,1076,ATK@600+HEAL@1200
gauntlet/20261002-125637-scrim-g1drift80/replays/awu7.ExplosiveBot__DefaultLarge__botB.bc24,awu7.ExplosiveBot,1,B,g1drift80,1,1473,CAPTURE,3,543,294,18,0,0,0,0,50,21,195,235,3,10,1171,1264,8,0,69,377,1076,163,ATK@600+HEAL@1200
gauntlet/20261002-125637-scrim-g1drift80/replays/andrewgopher.player22__Diagonal__botA.bc24,andrewgopher.player22,1,A,g1drift80,1,2000,LEVEL_SUM,0,-1,228,40,0,0,0,0,20,56,223,223,11,21,427,808,20,0,58,169,247,243,ATK@600+HEAL@1200+CAP@1800
gauntlet/20261002-125637-scrim-g1drift80/replays/andrewgopher.player22__Diagonal__botA.bc24,andrewgopher.player22,0,B,player22,0,2000,LEVEL_SUM,0,-1,0,3,0,3,0,0,37,0,6390,3880,0,7,560,456,26,0,35,233,243,247,ATK@600+HEAL@1200+CAP@1800
gauntlet/20261002-125637-scrim-g1drift80/replays/SampleProvider.TSPAARKSPRINT1__WheresMyWater__botA.bc24,SampleProvider.TSPAARKSPRINT1,1,A,g1drift80,1,1941,CAPTURE,3,513,264,25,0,0,0,0,38,34,135,175,6,25,1286,1121,10,0,64,343,1001,121,ATK@600+HEAL@1200+CAP@1800
gauntlet/20261002-125637-scrim-g1drift80/replays/SampleProvider.TSPAARKSPRINT1__WheresMyWater__botA.bc24,SampleProvider.TSPAARKSPRINT1,0,B,TSPAARKSPRINT1,0,1941,CAPTURE,1,313,272,77,0,3,9,0,171,1,170,20,0,17,641,1786,0,12,1,63,121,1001,ATK@600+CAP@1200+HEAL@1800
gauntlet/20261002-125637-scrim-g1drift80/replays/awu7.ExplosiveBot__BedWars__botA.bc24,awu7.ExplosiveBot,1,A,g1drift80,1,773,CAPTURE,3,512,480,4,0,0,0,0,0,42,165,35,7,11,145,146,8,0,34,36,181,47,ATK@600
gauntlet/20261002-125637-scrim-g1drift80/replays/awu7.ExplosiveBot__BedWars__botA.bc24,awu7.ExplosiveBot,0,B,ExplosiveBot,0,773,CAPTURE,0,-1,569,4,0,0,0,0,0,9,3000,10,0,1,109,112,22,0,0,19,47,181,ATK@600
gauntlet/20261002-125637-scrim-g1drift80/replays/awu7.ExplosiveBot__Diagonal__botA.bc24,awu7.ExplosiveBot,1,A,g1drift80,1,2000,MORE_FLAG_CAPTURES,1,1214,270,26,0,0,0,0,20,58,296,186,10,3,601,611,22,0,59,317,732,180,ATK@600+HEAL@1200+CAP@1800
gauntlet/20261002-125637-scrim-g1drift80/replays/awu7.ExplosiveBot__Diagonal__botA.bc24,awu7.ExplosiveBot,0,B,ExplosiveBot,0,2000,MORE_FLAG_CAPTURES,0,-1,696,2,0,0,0,0,43,9,5310,5920,0,29,519,576,0,0,30,117,180,732,ATK@600+HEAL@1200
gauntlet/20261002-125637-scrim-g1drift80/replays/clbarrell.duck8__Pancakes__botB.bc24,clbarrell.duck8,0,A,duck8,0,415,CAPTURE,0,-1,0,0,0,0,0,0,0,22,80,40,2,1,674,797,2,0,96,83,28,72,
gauntlet/20261002-125637-scrim-g1drift80/replays/clbarrell.duck8__Pancakes__botB.bc24,clbarrell.duck8,1,B,g1drift80,1,415,CAPTURE,3,310,248,4,0,0,0,0,13,18,200,190,3,12,913,968,8,0,55,21,72,28,
gauntlet/20261002-125637-scrim-g1drift80/replays/awu7.ExplosiveBot__OceanFloor__botA.bc24,awu7.ExplosiveBot,1,A,g1drift80,1,1000,CAPTURE,3,287,231,19,0,0,0,0,39,25,125,265,4,1,1185,1271,2,0,68,191,545,93,ATK@600
gauntlet/20261002-125637-scrim-g1drift80/replays/awu7.ExplosiveBot__OceanFloor__botA.bc24,awu7.ExplosiveBot,0,B,ExplosiveBot,0,1000,CAPTURE,2,586,239,39,21,0,0,0,85,10,150,200,0,6,759,728,6,0,14,55,93,545,ATK@600
gauntlet/20261002-125637-scrim-g1drift80/replays/clbarrell.duck8__Foxes__botB.bc24,clbarrell.duck8,0,A,duck8,0,1088,CAPTURE,1,985,427,21,0,0,0,0,6,56,2440,60,3,7,837,1037,18,0,89,174,166,508,ATK@750
gauntlet/20261002-125637-scrim-g1drift80/replays/clbarrell.duck8__Foxes__botB.bc24,clbarrell.duck8,1,B,g1drift80,1,1088,CAPTURE,3,866,389,11,0,0,0,0,13,77,655,255,12,20,1064,975,24,0,76,192,508,166,ATK@600
gauntlet/20261002-125637-scrim-g1drift80/replays/dmtrung14.defaultplayer_intlqualifier__Battlecode24__botA.bc24,dmtrung14.defaultplayer_intlqualifier,1,A,g1drift80,1,818,CAPTURE,3,413,239,16,0,0,0,0,79,96,1688,226,12,7,912,429,24,0,207,91,118,21,ATK@600
gauntlet/20261002-125637-scrim-g1drift80/replays/dmtrung14.defaultplayer_intlqualifier__Battlecode24__botA.bc24,dmtrung14.defaultplayer_intlqualifier,0,B,defaultplayer_intlqualifier,0,818,CAPTURE,0,-1,0,3,0,3,19,0,130,17,6500,11230,0,2,291,781,5,19,16,38,21,118,ATK@600
gauntlet/20261002-125637-scrim-g1drift80/replays/awu7.ExplosiveBot__Randy__botB.bc24,awu7.ExplosiveBot,0,A,ExplosiveBot,0,2000,MORE_FLAG_CAPTURES,0,-1,242,51,4,0,0,0,6,3,5320,6400,0,14,749,510,26,0,10,189,345,1678,ATK@600+HEAL@1200
gauntlet/20261002-125637-scrim-g1drift80/replays/awu7.ExplosiveBot__Randy__botB.bc24,awu7.ExplosiveBot,1,B,g1drift80,1,2000,MORE_FLAG_CAPTURES,2,309,218,23,0,0,0,0,6,49,165,305,9,23,1137,1241,11,0,68,432,1678,345,ATK@600+HEAL@1200+CAP@1800
gauntlet/20261002-125637-scrim-g1drift80/replays/clbarrell.duck8__AceOfSpades__botB.bc24,clbarrell.duck8,0,A,duck8,0,1883,CAPTURE,1,341,286,29,0,0,0,0,11,32,10,10770,3,8,929,994,7,0,214,386,356,900,ATK@750+HEAL@1500
gauntlet/20261002-125637-scrim-g1drift80/replays/clbarrell.duck8__AceOfSpades__botB.bc24,clbarrell.duck8,1,B,g1drift80,1,1883,CAPTURE,3,268,227,13,0,0,0,0,9,33,165,235,5,1,1042,1227,10,0,59,247,900,356,ATK@600+HEAL@1200+CAP@1800
gauntlet/20261002-125637-scrim-g1drift80/replays/dmtrung14.defaultplayer_intlqualifier__BreadPudding__botA.bc24,dmtrung14.defaultplayer_intlqualifier,1,A,g1drift80,1,2000,MORE_FLAG_CAPTURES,2,544,253,34,0,0,0,0,41,31,250,135,5,15,760,501,6,0,40,262,453,82,ATK@600+HEAL@1200+CAP@1800
gauntlet/20261002-125637-scrim-g1drift80/replays/dmtrung14.defaultplayer_intlqualifier__BreadPudding__botA.bc24,dmtrung14.defaultplayer_intlqualifier,0,B,defaultplayer_intlqualifier,0,2000,MORE_FLAG_CAPTURES,0,-1,240,9,2,3,15,0,51,13,1570,1970,0,2,293,581,6,13,5,61,82,453,ATK@600+HEAL@1200+CAP@1800
gauntlet/20261002-125637-scrim-g1drift80/replays/dmtrung14.defaultplayer_intlqualifier__DefaultLarge__botA.bc24,dmtrung14.defaultplayer_intlqualifier,1,A,g1drift80,1,1861,CAPTURE,3,597,415,12,0,0,0,0,48,22,140,170,4,5,1344,726,7,0,35,166,682,44,ATK@600+HEAL@1200+CAP@1800
gauntlet/20261002-125637-scrim-g1drift80/replays/dmtrung14.defaultplayer_intlqualifier__DefaultLarge__botA.bc24,dmtrung14.defaultplayer_intlqualifier,0,B,defaultplayer_intlqualifier,0,1861,CAPTURE,0,-1,244,47,23,3,15,0,61,17,70,3940,0,3,463,966,6,31,21,111,44,682,ATK@600+HEAL@1200+CAP@1800
gauntlet/20261002-125637-scrim-g1drift80/replays/dmtrung14.defaultplayer_intlqualifier__Diagonal__botB.bc24,dmtrung14.defaultplayer_intlqualifier,0,A,defaultplayer_intlqualifier,0,2000,LEVEL_SUM,0,-1,0,3,0,3,15,0,35,19,3950,2980,0,4,197,696,6,21,12,55,25,177,ATK@600+HEAL@1200+CAP@1800
gauntlet/20261002-125637-scrim-g1drift80/replays/dmtrung14.defaultplayer_intlqualifier__Diagonal__botB.bc24,dmtrung14.defaultplayer_intlqualifier,1,B,g1drift80,1,2000,LEVEL_SUM,0,-1,563,1,0,0,0,0,26,58,176,256,10,17,664,270,16,0,59,129,177,25,ATK@600+HEAL@1200+CAP@1800
gauntlet/20261002-125637-scrim-g1drift80/replays/jonters.bling3__Snake__botB.bc24,jonters.bling3,0,A,bling3,0,593,CAPTURE,0,-1,282,8,0,0,0,0,246,0,8120,8640,0,0,453,686,67,0,4,62,58,151,
gauntlet/20261002-125637-scrim-g1drift80/replays/jonters.bling3__Snake__botB.bc24,jonters.bling3,1,B,g1drift80,1,593,CAPTURE,3,302,221,7,0,0,0,0,193,79,680,295,12,2,885,1100,24,0,333,287,151,58,
gauntlet/20261002-125637-scrim-g1drift80/replays/jonters.bling3__Duck__botB.bc24,jonters.bling3,0,A,bling3,0,994,CAPTURE,1,484,244,13,0,0,0,0,83,14,10,30,0,0,507,826,14,0,3,31,54,347,ATK@600
gauntlet/20261002-125637-scrim-g1drift80/replays/jonters.bling3__Duck__botB.bc24,jonters.bling3,1,B,g1drift80,1,994,CAPTURE,3,336,227,10,0,0,0,0,51,29,170,300,4,0,758,853,10,0,51,191,347,54,ATK@600
gauntlet/20261002-125637-scrim-g1drift80/replays/jonters.bling3__Backslash__botB.bc24,jonters.bling3,0,A,bling3,0,2000,LEVEL_SUM,1,375,242,6,0,0,0,0,236,0,20,4350,0,1,518,811,48,0,5,197,293,914,ATK@600+HEAL@1200+CAP@1800
gauntlet/20261002-125637-scrim-g1drift80/replays/jonters.bling3__Backslash__botB.bc24,jonters.bling3,1,B,g1drift80,1,2000,LEVEL_SUM,1,312,233,17,0,0,0,0,180,14,160,335,2,4,977,1136,20,0,108,284,914,293,ATK@600+HEAL@1200+CAP@1800
gauntlet/20261002-125637-scrim-g1drift80/replays/dmtrung14.defaultplayer_intlqualifier__QueenOfHearts__botA.bc24,dmtrung14.defaultplayer_intlqualifier,1,A,g1drift80,1,2000,MORE_FLAG_CAPTURES,2,880,691,5,0,0,0,0,66,29,130,65,5,3,1205,632,11,0,23,62,398,35,ATK@600+HEAL@1200+CAP@1800
gauntlet/20261002-125637-scrim-g1drift80/replays/dmtrung14.defaultplayer_intlqualifier__QueenOfHearts__botA.bc24,dmtrung14.defaultplayer_intlqualifier,0,B,defaultplayer_intlqualifier,0,2000,MORE_FLAG_CAPTURES,0,-1,245,75,31,3,38,0,88,21,560,90,0,3,423,946,6,20,18,74,35,398,ATK@600+HEAL@1200+CAP@1800
gauntlet/20261002-125637-scrim-g1drift80/replays/justinottesen.sprint1__Fountain__botA.bc24,justinottesen.sprint1,1,A,g1drift80,1,505,CAPTURE,3,313,231,16,0,0,0,0,42,18,190,65,3,3,1347,454,8,0,40,57,221,19,
gauntlet/20261002-125637-scrim-g1drift80/replays/justinottesen.sprint1__Fountain__botA.bc24,justinottesen.sprint1,0,B,sprint1,0,505,CAPTURE,0,-1,0,0,0,0,0,0,55,0,2050,10,0,13,279,1098,12,0,0,10,19,221,
gauntlet/20261002-125637-scrim-g1drift80/replays/jonters.bling3__Starfish__botA.bc24,jonters.bling3,1,A,g1drift80,1,1150,CAPTURE,3,283,230,12,0,0,0,0,99,26,110,270,4,27,1034,938,10,0,45,174,477,103,ATK@600
gauntlet/20261002-125637-scrim-g1drift80/replays/jonters.bling3__Starfish__botA.bc24,jonters.bling3,0,B,bling3,0,1150,CAPTURE,0,-1,1112,2,0,0,0,0,216,0,20,20,0,16,574,715,0,0,0,10,103,477,ATK@600
gauntlet/20261002-125637-scrim-g1drift80/replays/justinottesen.sprint1__Decision__botA.bc24,justinottesen.sprint1,1,A,g1drift80,1,524,CAPTURE,3,378,242,3,0,0,0,0,78,17,150,205,2,3,1384,444,3,0,64,82,228,1,
gauntlet/20261002-125637-scrim-g1drift80/replays/justinottesen.sprint1__Decision__botA.bc24,justinottesen.sprint1,0,B,sprint1,0,524,CAPTURE,0,-1,0,0,0,0,0,0,135,1,50,20,0,0,205,768,3,0,0,6,1,228,
gauntlet/20261002-125637-scrim-g1drift80/replays/jonters.bling3__Waterworld__botB.bc24,jonters.bling3,0,A,bling3,0,961,CAPTURE,0,-1,309,7,0,0,0,0,541,0,70,70,0,0,823,1836,9,0,0,27,88,382,ATK@600
gauntlet/20261002-125637-scrim-g1drift80/replays/jonters.bling3__Waterworld__botB.bc24,jonters.bling3,1,B,g1drift80,1,961,CAPTURE,3,747,493,13,0,0,0,0,278,63,315,245,11,4,1040,1613,24,0,72,190,382,88,ATK@600
gauntlet/20261002-125637-scrim-g1drift80/replays/justinottesen.sprint1__StackGame__botB.bc24,justinottesen.sprint1,0,A,sprint1,0,760,CAPTURE,0,-1,280,3,0,0,0,0,52,24,640,140,0,6,233,1013,36,0,0,50,50,570,ATK@600
gauntlet/20261002-125637-scrim-g1drift80/replays/justinottesen.sprint1__StackGame__botB.bc24,justinottesen.sprint1,1,B,g1drift80,1,760,CAPTURE,3,586,259,26,0,0,0,0,31,51,160,220,10,20,1696,631,14,0,57,97,570,50,ATK@600
gauntlet/20261002-125637-scrim-g1drift80/replays/justinottesen.sprint1__OceanFloor__botB.bc24,justinottesen.sprint1,0,A,sprint1,0,1380,CAPTURE,0,-1,295,24,0,0,0,0,86,6,20,70,0,2,182,848,9,0,0,50,38,1021,ATK@600
gauntlet/20261002-125637-scrim-g1drift80/replays/justinottesen.sprint1__OceanFloor__botB.bc24,justinottesen.sprint1,1,B,g1drift80,1,1380,CAPTURE,3,274,224,22,0,0,0,0,39,24,185,255,4,4,1219,432,2,0,60,409,1021,38,ATK@600+HEAL@1200
gauntlet/20261002-125637-scrim-g1drift80/replays/quesswho.cretplayer2_3__Checkered__botA.bc24,quesswho.cretplayer2_3,1,A,g1drift80,1,552,CAPTURE,3,261,217,4,0,0,0,0,0,62,155,285,11,1,571,693,17,0,61,86,61,45,
gauntlet/20261002-125637-scrim-g1drift80/replays/quesswho.cretplayer2_3__Checkered__botA.bc24,quesswho.cretplayer2_3,0,B,cretplayer2_3,0,552,CAPTURE,2,284,223,8,0,3,17,0,0,0,7200,1700,0,2,659,904,0,6,85,103,45,61,
gauntlet/20261002-125637-scrim-g1drift80/replays/kyleezz.jeeryfix3__BedWars__botA.bc24,kyleezz.jeeryfix3,1,A,g1drift80,1,2000,LEVEL_SUM,2,398,337,14,0,0,0,0,0,42,165,35,7,4,514,467,8,0,39,56,195,98,ATK@600+HEAL@1200+CAP@1800
gauntlet/20261002-125637-scrim-g1drift80/replays/kyleezz.jeeryfix3__BedWars__botA.bc24,kyleezz.jeeryfix3,0,B,jeeryfix3,0,2000,LEVEL_SUM,2,297,248,22,0,0,0,0,0,0,4800,780,0,9,458,237,0,0,17,43,98,195,ATK@600+CAP@1200+HEAL@1800
gauntlet/20261002-125637-scrim-g1drift80/replays/quesswho.cretplayer2_3__BigDucksBigPond__botA.bc24,quesswho.cretplayer2_3,1,A,g1drift80,1,1579,CAPTURE,3,1186,272,39,0,0,0,0,99,35,125,150,6,2,756,797,13,0,54,263,609,296,ATK@600+HEAL@1200
gauntlet/20261002-125637-scrim-g1drift80/replays/quesswho.cretplayer2_3__BigDucksBigPond__botA.bc24,quesswho.cretplayer2_3,0,B,cretplayer2_3,0,1579,CAPTURE,2,882,274,34,0,3,39,0,56,0,5820,2273,0,5,666,680,0,4,75,184,296,609,ATK@600+HEAL@1200
gauntlet/20261002-131010-scrim-g1drift80/losses/ColtG5.Goob_final__MazeRunner__botA.bc24,ColtG5.Goob_final,1,A,g1drift80,0,2000,MORE_FLAG_CAPTURES,0,-1,0,0,0,0,0,0,68,23,70,245,3,19,995,1237,12,0,37,184,966,313,ATK@600+HEAL@1200+CAP@1800
gauntlet/20261002-131010-scrim-g1drift80/losses/ColtG5.Goob_final__MazeRunner__botA.bc24,ColtG5.Goob_final,0,B,Goob_final,1,2000,MORE_FLAG_CAPTURES,2,429,300,9,0,0,0,0,117,0,1490,210,0,6,975,818,4,0,64,177,313,966,ATK@600+HEAL@1200+CAP@1800
gauntlet/20261002-125637-scrim-g1drift80/replays/kyleezz.jeeryfix3__Fusbol__botB.bc24,kyleezz.jeeryfix3,0,A,jeeryfix3,0,2000,LEVEL_SUM,0,-1,288,1,0,0,0,0,182,8,3340,4130,0,21,802,559,0,0,76,238,289,1223,ATK@600+CAP@1200+HEAL@1800
gauntlet/20261002-125637-scrim-g1drift80/replays/kyleezz.jeeryfix3__Fusbol__botB.bc24,kyleezz.jeeryfix3,1,B,g1drift80,1,2000,LEVEL_SUM,0,-1,0,0,0,0,0,0,51,43,680,220,5,30,827,805,22,0,69,504,1223,289,ATK@600+HEAL@1200+CAP@1800
gauntlet/20261002-125637-scrim-g1drift80/replays/quesswho.cretplayer2_3__Digging__botA.bc24,quesswho.cretplayer2_3,1,A,g1drift80,1,1753,CAPTURE,3,1504,375,10,0,0,0,0,14,26,170,280,5,0,1284,1253,6,0,55,246,1619,226,ATK@600+HEAL@1200
gauntlet/20261002-125637-scrim-g1drift80/replays/quesswho.cretplayer2_3__Digging__botA.bc24,quesswho.cretplayer2_3,0,B,cretplayer2_3,0,1753,CAPTURE,1,315,233,17,0,3,1,0,17,0,2590,1010,0,22,1053,789,0,4,46,174,226,1619,ATK@600+HEAL@1200
gauntlet/20261002-125637-scrim-g1drift80/replays/kyleezz.jeeryfix3__Fusbol__botA.bc24,kyleezz.jeeryfix3,1,A,g1drift80,1,2000,LEVEL_SUM,0,-1,1734,8,0,0,0,0,111,37,655,285,5,25,948,1232,21,0,42,560,1444,266,ATK@600+HEAL@1200+CAP@1800
gauntlet/20261002-125637-scrim-g1drift80/replays/kyleezz.jeeryfix3__Fusbol__botA.bc24,kyleezz.jeeryfix3,0,B,jeeryfix3,0,2000,LEVEL_SUM,0,-1,0,0,0,0,0,0,177,8,3490,1980,0,18,950,750,0,0,93,257,266,1444,ATK@600+CAP@1200+HEAL@1800
gauntlet/20261002-131010-scrim-g1drift80/losses/ColtG5.Goob_final__OceanFloor__botA.bc24,ColtG5.Goob_final,1,A,g1drift80,0,2000,MORE_FLAG_CAPTURES,1,1665,341,7,0,0,0,0,37,23,165,305,4,3,1161,1169,4,0,43,209,1060,465,ATK@600+HEAL@1200+CAP@1800
gauntlet/20261002-131010-scrim-g1drift80/losses/ColtG5.Goob_final__OceanFloor__botA.bc24,ColtG5.Goob_final,0,B,Goob_final,1,2000,MORE_FLAG_CAPTURES,2,430,231,10,0,0,0,0,42,0,2540,60,0,8,1173,1075,0,0,52,297,465,1060,ATK@600+HEAL@1200+CAP@1800
gauntlet/20261002-131010-scrim-g1drift80/losses/ColtG5.Goob_final__Snake__botA.bc24,ColtG5.Goob_final,1,A,g1drift80,0,2000,MORE_FLAG_CAPTURES,0,-1,0,0,0,0,0,0,164,88,665,275,12,6,1049,1220,24,0,187,394,984,558,ATK@600+HEAL@1200+CAP@1800
gauntlet/20261002-131010-scrim-g1drift80/losses/ColtG5.Goob_final__Snake__botA.bc24,ColtG5.Goob_final,0,B,Goob_final,1,2000,MORE_FLAG_CAPTURES,2,578,296,16,0,0,0,0,179,0,10130,24680,0,11,1007,949,12,0,140,508,558,984,ATK@600+HEAL@1200+CAP@1800
gauntlet/20261002-131010-scrim-g1drift80/losses/CyrilSharma.finalBot__AceOfSpades__botB.bc24,CyrilSharma.finalBot,0,A,finalBot,1,929,CAPTURE,3,308,232,17,0,0,0,44,10,1,3027,16061,8,13,1038,1000,0,0,151,489,347,214,ATK@600
gauntlet/20261002-131010-scrim-g1drift80/losses/CyrilSharma.finalBot__AceOfSpades__botB.bc24,CyrilSharma.finalBot,1,B,g1drift80,0,929,CAPTURE,0,-1,230,7,0,0,0,0,13,32,145,265,5,0,834,963,17,0,65,115,214,347,ATK@600
gauntlet/20261002-131010-scrim-g1drift80/losses/CyrilSharma.finalBot__DefaultLarge__botA.bc24,CyrilSharma.finalBot,1,A,g1drift80,0,702,CAPTURE,0,-1,290,15,0,0,0,0,43,22,200,305,3,2,902,1052,8,0,49,88,133,155,ATK@600
gauntlet/20261002-131010-scrim-g1drift80/losses/CyrilSharma.finalBot__DefaultLarge__botA.bc24,CyrilSharma.finalBot,0,B,finalBot,1,702,CAPTURE,3,400,297,11,0,0,0,60,6,0,2973,4673,12,4,1026,1030,0,0,122,187,155,133,ATK@600
gauntlet/20261002-131010-scrim-g1drift80/losses/ColtG5.Goob_final__Tunnels__botA.bc24,ColtG5.Goob_final,1,A,g1drift80,0,2000,MORE_FLAG_CAPTURES,0,-1,0,0,0,0,0,0,63,23,130,230,3,28,835,1244,6,0,45,198,844,325,ATK@600+HEAL@1200+CAP@1800
gauntlet/20261002-131010-scrim-g1drift80/losses/ColtG5.Goob_final__Tunnels__botA.bc24,ColtG5.Goob_final,0,B,Goob_final,1,2000,MORE_FLAG_CAPTURES,1,467,423,5,0,0,0,0,64,0,2880,1480,0,18,732,759,1,0,53,188,325,844,ATK@600+HEAL@1200+CAP@1800
gauntlet/20261002-131010-scrim-g1drift80/losses/Gymhgy.v10official__DefaultMedium__botB.bc24,Gymhgy.v10official,0,A,v10official,1,732,CAPTURE,3,315,275,75,55,3,14,82,51,1,2317,42,16,0,846,1301,4,1,65,117,137,74,ATK@600
gauntlet/20261002-131010-scrim-g1drift80/losses/Gymhgy.v10official__DefaultMedium__botB.bc24,Gymhgy.v10official,1,B,g1drift80,0,732,CAPTURE,0,-1,314,11,0,0,0,0,67,23,40,190,3,9,819,1102,11,0,19,44,74,137,ATK@600
gauntlet/20261002-131010-scrim-g1drift80/losses/CyrilSharma.finalBot__BedWars__botB.bc24,CyrilSharma.finalBot,0,A,finalBot,1,2000,MORE_FLAG_CAPTURES,1,340,276,2,0,0,0,36,1,0,4108,2344,7,3,506,620,0,0,22,266,264,564,ATK@600+HEAL@1200+CAP@1800
gauntlet/20261002-131010-scrim-g1drift80/losses/CyrilSharma.finalBot__BedWars__botB.bc24,CyrilSharma.finalBot,1,B,g1drift80,0,2000,MORE_FLAG_CAPTURES,0,-1,267,4,0,0,0,0,0,43,190,30,7,9,509,631,7,0,38,152,564,264,ATK@600+HEAL@1200+CAP@1800
gauntlet/20261002-131010-scrim-g1drift80/losses/CyrilSharma.finalBot__YearOfTheDragon__botA.bc24,CyrilSharma.finalBot,1,A,g1drift80,0,2000,MORE_FLAG_CAPTURES,1,860,225,8,0,0,0,0,14,107,625,255,11,5,906,1173,24,0,110,284,720,567,ATK@600+HEAL@1200+CAP@1800
gauntlet/20261002-131010-scrim-g1drift80/losses/CyrilSharma.finalBot__YearOfTheDragon__botA.bc24,CyrilSharma.finalBot,0,B,finalBot,1,2000,MORE_FLAG_CAPTURES,2,357,299,32,0,0,0,60,0,1,12065,9715,12,12,924,1028,0,0,163,705,567,720,ATK@600+HEAL@1200+CAP@1800
gauntlet/20261002-131010-scrim-g1drift80/losses/CyrilSharma.finalBot__QuestionableChess__botB.bc24,CyrilSharma.finalBot,0,A,finalBot,1,2000,MORE_FLAG_CAPTURES,1,271,235,38,0,0,0,45,28,1,686,89,9,6,863,946,0,0,20,382,604,596,ATK@600+HEAL@1200+CAP@1800
gauntlet/20261002-131010-scrim-g1drift80/losses/CyrilSharma.finalBot__QuestionableChess__botB.bc24,CyrilSharma.finalBot,1,B,g1drift80,0,2000,MORE_FLAG_CAPTURES,0,-1,625,7,0,0,0,0,63,3,110,210,0,17,945,1268,1,0,16,172,596,604,ATK@600+HEAL@1200+CAP@1800
gauntlet/20261002-131010-scrim-g1drift80/losses/Gymhgy.v10official__HeMustBeFreed__botB.bc24,Gymhgy.v10official,0,A,v10official,1,2000,MORE_FLAG_CAPTURES,2,351,276,61,44,3,6,38,91,3,4576,10808,7,0,533,760,6,3,34,248,333,292,ATK@600+HEAL@1200+CAP@1800
gauntlet/20261002-131010-scrim-g1drift80/losses/Gymhgy.v10official__HeMustBeFreed__botB.bc24,Gymhgy.v10official,1,B,g1drift80,0,2000,MORE_FLAG_CAPTURES,0,-1,361,16,0,0,0,0,109,17,20,95,3,2,523,766,3,0,27,162,292,333,ATK@600+HEAL@1200+CAP@1800
gauntlet/20261002-131010-scrim-g1drift80/losses/Gymhgy.v10official__GravitationalWaves__botA.bc24,Gymhgy.v10official,1,A,g1drift80,0,2000,MORE_FLAG_CAPTURES,0,-1,620,1,0,0,0,0,69,35,159,269,5,16,1021,1477,7,0,44,170,299,188,ATK@600+HEAL@1200+CAP@1800
gauntlet/20261002-131010-scrim-g1drift80/losses/Gymhgy.v10official__GravitationalWaves__botA.bc24,Gymhgy.v10official,0,B,v10official,1,2000,MORE_FLAG_CAPTURES,2,617,271,60,31,3,18,80,59,1,2917,17,16,0,829,1708,10,1,36,199,188,299,ATK@600+HEAL@1200+CAP@1800
gauntlet/20261002-131010-scrim-g1drift80/losses/IvanGeffner.kuma__Alien__botA.bc24,IvanGeffner.kuma,1,A,g1drift80,0,395,CAPTURE,0,-1,220,4,0,0,0,0,9,43,153,273,8,1,862,1269,14,0,47,53,42,74,
gauntlet/20261002-131010-scrim-g1drift80/losses/IvanGeffner.kuma__Alien__botA.bc24,IvanGeffner.kuma,0,B,kuma,1,395,CAPTURE,3,282,231,22,14,0,0,90,16,0,3765,1225,18,8,1180,1165,2,0,104,78,74,42,
gauntlet/20261002-131010-scrim-g1drift80/losses/IvanGeffner.kuma__Capacitance__botA.bc24,IvanGeffner.kuma,1,A,g1drift80,0,856,CAPTURE,1,602,588,1,0,0,0,0,19,44,185,285,8,17,734,1103,13,0,55,120,153,209,ATK@600
gauntlet/20261002-131010-scrim-g1drift80/losses/IvanGeffner.kuma__Capacitance__botA.bc24,IvanGeffner.kuma,0,B,kuma,1,856,CAPTURE,3,315,240,43,32,0,0,90,20,0,3975,835,18,11,978,947,5,0,115,225,209,153,ATK@600
gauntlet/20261002-131010-scrim-g1drift80/losses/Gymhgy.v10official__Starfish__botB.bc24,Gymhgy.v10official,0,A,v10official,1,2000,MORE_FLAG_CAPTURES,2,242,214,16,8,3,27,22,190,3,134,39,3,10,869,1428,0,3,2,201,392,903,ATK@600+HEAL@1200+CAP@1800
gauntlet/20261002-131010-scrim-g1drift80/losses/Gymhgy.v10official__Starfish__botB.bc24,Gymhgy.v10official,1,B,g1drift80,0,2000,MORE_FLAG_CAPTURES,1,737,212,5,0,0,0,0,97,26,160,230,4,31,1049,1182,10,0,30,193,903,392,ATK@600+HEAL@1200+CAP@1800
gauntlet/20261002-131010-scrim-g1drift80/losses/IvanGeffner.kuma__BigDucksBigPond__botA.bc24,IvanGeffner.kuma,1,A,g1drift80,0,1853,CAPTURE,0,-1,0,0,0,0,0,0,93,38,150,185,7,18,1014,1389,16,0,59,223,439,1068,ATK@600+HEAL@1200+CAP@1800
gauntlet/20261002-131010-scrim-g1drift80/losses/IvanGeffner.kuma__BigDucksBigPond__botA.bc24,IvanGeffner.kuma,0,B,kuma,1,1853,CAPTURE,3,410,354,38,20,0,0,90,126,2,2222,1372,18,7,1276,1403,6,0,94,701,1068,439,ATK@600+HEAL@1200+CAP@1800
gauntlet/20261002-131010-scrim-g1drift80/losses/IvanGeffner.kuma__StackGame__botB.bc24,IvanGeffner.kuma,0,A,kuma,1,412,CAPTURE,3,273,239,21,14,0,0,90,40,6,3855,2145,18,4,1252,1308,9,0,101,81,88,50,
gauntlet/20261002-131010-scrim-g1drift80/losses/IvanGeffner.kuma__StackGame__botB.bc24,IvanGeffner.kuma,1,B,g1drift80,0,412,CAPTURE,0,-1,0,0,0,0,0,0,32,51,185,300,9,15,974,1446,14,0,58,67,50,88,
gauntlet/20261002-131010-scrim-g1drift80/losses/IvanGeffner.kuma__Diagonal__botB.bc24,IvanGeffner.kuma,0,A,kuma,1,2000,LEVEL_SUM,0,-1,0,0,0,0,0,90,30,16,3545,2095,18,3,642,729,2,0,81,277,199,189,ATK@600+HEAL@1200+CAP@1800
gauntlet/20261002-131010-scrim-g1drift80/losses/IvanGeffner.kuma__Diagonal__botB.bc24,IvanGeffner.kuma,1,B,g1drift80,0,2000,LEVEL_SUM,0,-1,248,8,0,0,0,0,28,55,210,280,10,31,463,806,17,0,56,142,189,199,ATK@600+HEAL@1200+CAP@1800
gauntlet/20261002-131010-scrim-g1drift80/losses/IvanGeffner.kuma__Randy__botB.bc24,IvanGeffner.kuma,0,A,kuma,1,2000,MORE_FLAG_CAPTURES,2,332,227,40,29,0,0,82,10,11,3047,1717,16,12,1044,1010,10,0,133,561,711,401,ATK@600+HEAL@1200+CAP@1800
gauntlet/20261002-131010-scrim-g1drift80/losses/IvanGeffner.kuma__Randy__botB.bc24,IvanGeffner.kuma,1,B,g1drift80,0,2000,MORE_FLAG_CAPTURES,0,-1,242,3,0,0,0,0,7,48,190,216,8,16,847,1267,11,0,51,219,401,711,ATK@600+HEAL@1200+CAP@1800
gauntlet/20261002-131010-scrim-g1drift80/losses/NotLLeon.v3__Decision__botB.bc24,NotLLeon.v3,0,A,v3,1,1762,CAPTURE,3,331,229,80,16,0,0,0,44,0,2680,100,0,1,693,762,0,0,45,256,435,561,ATK@600+HEAL@1200
gauntlet/20261002-131010-scrim-g1drift80/losses/NotLLeon.v3__Decision__botB.bc24,NotLLeon.v3,1,B,g1drift80,0,1762,CAPTURE,1,454,285,28,0,0,0,0,81,15,185,280,2,1,665,987,3,0,27,200,561,435,ATK@600+HEAL@1200
gauntlet/20261002-131010-scrim-g1drift80/losses/NotLLeon.v3__Foxes__botB.bc24,NotLLeon.v3,0,A,v3,1,638,CAPTURE,3,459,286,34,11,0,0,0,7,0,9690,3690,0,3,904,967,0,0,123,150,92,116,ATK@600
gauntlet/20261002-131010-scrim-g1drift80/losses/NotLLeon.v3__Foxes__botB.bc24,NotLLeon.v3,1,B,g1drift80,0,638,CAPTURE,1,510,256,15,0,0,0,0,12,78,635,295,12,1,784,1126,24,0,82,112,116,92,ATK@600
gauntlet/20261002-131010-scrim-g1drift80/losses/NotLLeon.v3__Duck__botB.bc24,NotLLeon.v3,0,A,v3,1,2000,MORE_FLAG_CAPTURES,2,396,249,106,39,0,0,0,6,0,5120,70,0,2,771,697,0,0,77,322,476,553,ATK@600+HEAL@1200+CAP@1800
gauntlet/20261002-131010-scrim-g1drift80/losses/NotLLeon.v3__Duck__botB.bc24,NotLLeon.v3,1,B,g1drift80,0,2000,MORE_FLAG_CAPTURES,1,696,280,47,0,0,0,0,57,27,165,275,4,0,725,829,9,0,43,242,553,476,ATK@600+HEAL@1200+CAP@1800
gauntlet/20261002-131010-scrim-g1drift80/losses/NotLLeon.v3__FloodGates__botA.bc24,NotLLeon.v3,1,A,g1drift80,0,2000,MORE_FLAG_CAPTURES,0,-1,467,6,0,0,0,0,3,26,170,190,4,19,546,604,5,0,43,189,471,307,ATK@600+HEAL@1200+CAP@1800
gauntlet/20261002-131010-scrim-g1drift80/losses/NotLLeon.v3__FloodGates__botA.bc24,NotLLeon.v3,0,B,v3,1,2000,MORE_FLAG_CAPTURES,2,346,297,49,27,0,0,0,5,0,2750,3280,0,4,501,478,0,0,56,204,307,471,ATK@600+HEAL@1200+CAP@1800
gauntlet/20261002-131010-scrim-g1drift80/losses/NotLLeon.v3__Rainbow__botA.bc24,NotLLeon.v3,1,A,g1drift80,0,2000,MORE_FLAG_CAPTURES,0,-1,0,0,0,0,0,0,52,55,135,255,10,0,641,899,20,0,53,228,620,516,ATK@600+HEAL@1200+CAP@1800
gauntlet/20261002-131010-scrim-g1drift80/losses/NotLLeon.v3__Rainbow__botA.bc24,NotLLeon.v3,0,B,v3,1,2000,MORE_FLAG_CAPTURES,2,344,255,77,8,0,0,0,18,0,7860,5120,0,13,844,979,0,0,99,362,516,620,ATK@600+HEAL@1200+CAP@1800
gauntlet/20261002-131010-scrim-g1drift80/losses/SampleProvider.TSPAARKSPRINT1__English__botA.bc24,SampleProvider.TSPAARKSPRINT1,1,A,g1drift80,0,794,CAPTURE,1,725,308,11,0,0,0,0,153,72,415,245,12,2,657,536,24,0,71,137,181,17,ATK@600
gauntlet/20261002-131010-scrim-g1drift80/losses/SampleProvider.TSPAARKSPRINT1__English__botA.bc24,SampleProvider.TSPAARKSPRINT1,0,B,TSPAARKSPRINT1,1,794,CAPTURE,3,334,227,27,0,3,77,0,329,3,3130,20,0,7,336,688,2,23,4,27,17,181,ATK@600
gauntlet/20261002-131010-scrim-g1drift80/losses/SampleProvider.TSPAARKSPRINT1__EndAround__botA.bc24,SampleProvider.TSPAARKSPRINT1,1,A,g1drift80,0,1351,CAPTURE,0,-1,232,4,0,0,0,0,68,21,165,120,3,6,514,489,12,0,55,188,299,128,ATK@600+HEAL@1200
gauntlet/20261002-131010-scrim-g1drift80/losses/SampleProvider.TSPAARKSPRINT1__EndAround__botA.bc24,SampleProvider.TSPAARKSPRINT1,0,B,TSPAARKSPRINT1,1,1351,CAPTURE,3,664,307,70,0,3,55,0,132,4,540,40,0,5,314,694,11,17,0,50,128,299,ATK@600+CAP@1200
gauntlet/20261002-131010-scrim-g1drift80/losses/Strequals.duck0127v5__Canals__botA.bc24,Strequals.duck0127v5,1,A,g1drift80,0,778,CAPTURE,0,-1,500,1,0,0,0,0,0,59,200,200,11,30,713,1225,19,0,59,103,80,187,ATK@600
gauntlet/20261002-131010-scrim-g1drift80/losses/Strequals.duck0127v5__Canals__botA.bc24,Strequals.duck0127v5,0,B,duck0127v5,1,778,CAPTURE,3,394,334,15,0,0,0,90,48,5,4029,3374,18,3,961,1124,0,3,98,218,187,80,ATK@600
gauntlet/20261002-131010-scrim-g1drift80/losses/Strequals.duck0127v5__Soccer__botA.bc24,Strequals.duck0127v5,1,A,g1drift80,0,565,CAPTURE,0,-1,249,15,0,0,0,0,17,40,175,170,6,7,949,1481,11,0,48,57,52,106,
gauntlet/20261002-131010-scrim-g1drift80/losses/Strequals.duck0127v5__Soccer__botA.bc24,Strequals.duck0127v5,0,B,duck0127v5,1,565,CAPTURE,3,428,269,12,0,0,0,90,16,3,3383,2758,18,18,1125,1342,0,3,74,110,106,52,
gauntlet/20261002-131010-scrim-g1drift80/losses/Strequals.duck0127v5__Skyline__botB.bc24,Strequals.duck0127v5,0,A,duck0127v5,1,546,CAPTURE,3,485,449,8,0,0,0,90,64,33,19214,17319,18,13,955,1264,0,2,136,147,75,44,
gauntlet/20261002-131010-scrim-g1drift80/losses/Strequals.duck0127v5__Skyline__botB.bc24,Strequals.duck0127v5,1,B,g1drift80,0,546,CAPTURE,0,-1,261,14,0,0,0,0,115,103,8570,221,9,16,804,1215,24,0,180,148,44,75,
gauntlet/20261002-131010-scrim-g1drift80/losses/andli28.v9_USQuals_angle__AceOfSpades__botB.bc24,andli28.v9_USQuals_angle,0,A,v9_USQuals_angle,1,876,CAPTURE,3,440,281,35,0,0,0,86,13,13,1728,15078,18,16,1101,1158,20,3,119,317,334,150,ATK@600
gauntlet/20261002-131010-scrim-g1drift80/losses/andli28.v9_USQuals_angle__AceOfSpades__botB.bc24,andli28.v9_USQuals_angle,1,B,g1drift80,0,876,CAPTURE,0,-1,0,0,0,0,0,0,9,33,165,260,5,20,954,1468,18,0,54,112,150,334,ATK@600
gauntlet/20261002-131010-scrim-g1drift80/losses/andli28.v9_USQuals_angle__Funnel__botB.bc24,andli28.v9_USQuals_angle,0,A,v9_USQuals_angle,1,1838,CAPTURE,3,395,289,30,0,0,0,90,12,7,2525,4495,18,2,926,907,7,3,66,521,558,443,ATK@600+HEAL@1200+CAP@1800
gauntlet/20261002-131010-scrim-g1drift80/losses/andli28.v9_USQuals_angle__Funnel__botB.bc24,andli28.v9_USQuals_angle,1,B,g1drift80,0,1838,CAPTURE,1,556,252,7,0,0,0,0,32,32,195,20,5,2,979,1393,8,0,59,228,443,558,ATK@600+HEAL@1200+CAP@1800
gauntlet/20261002-131010-scrim-g1drift80/losses/Strequals.duck0127v5__Foxes__botB.bc24,Strequals.duck0127v5,0,A,duck0127v5,1,1670,CAPTURE,3,475,335,18,0,0,0,90,7,22,6565,4820,18,3,1020,1207,0,2,163,594,590,306,ATK@600+HEAL@1200
gauntlet/20261002-131010-scrim-g1drift80/losses/Strequals.duck0127v5__Foxes__botB.bc24,Strequals.duck0127v5,1,B,g1drift80,0,1670,CAPTURE,0,-1,320,6,0,0,0,0,17,76,690,260,12,13,771,1209,24,0,75,211,306,590,ATK@600+HEAL@1200
gauntlet/20261002-131010-scrim-g1drift80/losses/Strequals.duck0127v5__Divergent__botA.bc24,Strequals.duck0127v5,1,A,g1drift80,0,2000,MORE_FLAG_CAPTURES,0,-1,358,3,0,0,0,0,33,43,190,230,8,22,560,1082,13,0,45,181,145,398,ATK@600+HEAL@1200+CAP@1800
gauntlet/20261002-131010-scrim-g1drift80/losses/Strequals.duck0127v5__Divergent__botA.bc24,Strequals.duck0127v5,0,B,duck0127v5,1,2000,MORE_FLAG_CAPTURES,2,428,339,3,0,0,0,90,25,1,3996,2466,18,6,782,1019,0,1,71,372,398,145,ATK@600+HEAL@1200+CAP@1800
gauntlet/20261002-131010-scrim-g1drift80/losses/andli28.v9_USQuals_angle__QuestionableChess__botA.bc24,andli28.v9_USQuals_angle,1,A,g1drift80,0,819,CAPTURE,0,-1,0,0,0,0,0,0,59,4,130,150,0,4,797,1105,1,0,7,44,156,192,ATK@600
gauntlet/20261002-131010-scrim-g1drift80/losses/andli28.v9_USQuals_angle__QuestionableChess__botA.bc24,andli28.v9_USQuals_angle,0,B,v9_USQuals_angle,1,819,CAPTURE,3,285,243,39,0,0,0,53,33,6,11,33,10,13,815,785,0,5,15,100,192,156,ATK@600
gauntlet/20261002-131010-scrim-g1drift80/losses/andli28.v9_USQuals_angle__Gated__botA.bc24,andli28.v9_USQuals_angle,1,A,g1drift80,0,2000,MORE_FLAG_CAPTURES,1,617,330,7,0,0,0,0,31,25,138,268,4,9,829,1255,5,0,39,169,264,334,ATK@600+HEAL@1200+CAP@1800
gauntlet/20261002-131010-scrim-g1drift80/losses/andli28.v9_USQuals_angle__Gated__botA.bc24,andli28.v9_USQuals_angle,0,B,v9_USQuals_angle,1,2000,MORE_FLAG_CAPTURES,2,319,248,7,0,0,0,88,19,7,1529,724,18,8,980,1224,0,4,84,215,334,264,ATK@600+HEAL@1200+CAP@1800
gauntlet/20261002-131010-scrim-g1drift80/losses/andli28.v9_USQuals_angle__SteamboatMickey__botB.bc24,andli28.v9_USQuals_angle,0,A,v9_USQuals_angle,1,783,CAPTURE,3,492,319,17,0,0,0,89,3,4,7949,16475,18,1,960,1214,17,2,100,237,227,119,ATK@600
gauntlet/20261002-131010-scrim-g1drift80/losses/andli28.v9_USQuals_angle__SteamboatMickey__botB.bc24,andli28.v9_USQuals_angle,1,B,g1drift80,0,783,CAPTURE,1,713,217,12,0,0,0,0,6,75,695,265,11,4,961,1126,24,0,94,136,119,227,ATK@600
gauntlet/20261002-131010-scrim-g1drift80/losses/andli28.v9_USQuals_angle__Occulus__botA.bc24,andli28.v9_USQuals_angle,1,A,g1drift80,0,2000,MORE_FLAG_CAPTURES,0,-1,228,2,0,0,0,0,18,31,175,160,4,25,901,1535,6,0,46,199,502,545,ATK@600+HEAL@1200+CAP@1800
gauntlet/20261002-131010-scrim-g1drift80/losses/andli28.v9_USQuals_angle__Occulus__botA.bc24,andli28.v9_USQuals_angle,0,B,v9_USQuals_angle,1,2000,MORE_FLAG_CAPTURES,2,361,315,9,0,0,0,76,11,10,1989,8219,16,8,1008,1013,15,3,96,532,545,502,ATK@600+HEAL@1200+CAP@1800
gauntlet/20261002-131010-scrim-g1drift80/losses/andrewgopher.player22__Divergent__botB.bc24,andrewgopher.player22,0,A,player22,1,2000,LEVEL_SUM,0,-1,516,7,0,3,0,0,56,0,4420,780,0,5,898,668,5,0,59,398,752,576,ATK@600+HEAL@1200+CAP@1800
gauntlet/20261002-131010-scrim-g1drift80/losses/andrewgopher.player22__Divergent__botB.bc24,andrewgopher.player22,1,B,g1drift80,0,2000,LEVEL_SUM,0,-1,435,21,0,0,0,0,36,43,206,286,8,21,727,1196,12,0,49,207,576,752,ATK@600+HEAL@1200+CAP@1800
gauntlet/20261002-131010-scrim-g1drift80/losses/andrewgopher.player22__StackGame__botA.bc24,andrewgopher.player22,1,A,g1drift80,0,434,CAPTURE,0,-1,0,0,0,0,0,0,31,50,170,240,10,37,1037,1653,15,0,54,53,112,79,
gauntlet/20261002-131010-scrim-g1drift80/losses/andrewgopher.player22__StackGame__botA.bc24,andrewgopher.player22,0,B,player22,1,434,CAPTURE,3,360,273,11,0,3,0,0,52,0,5440,130,0,6,1312,856,0,0,89,63,79,112,
gauntlet/20261002-131010-scrim-g1drift80/losses/andrewgopher.player22__Yinyang__botB.bc24,andrewgopher.player22,0,A,player22,1,360,CAPTURE,3,259,241,6,0,3,0,0,0,0,5300,80,0,3,862,435,1,0,64,43,45,67,
gauntlet/20261002-131010-scrim-g1drift80/losses/andrewgopher.player22__Yinyang__botB.bc24,andrewgopher.player22,1,B,g1drift80,0,360,CAPTURE,0,-1,0,0,0,0,0,0,0,49,125,205,9,3,641,1053,8,0,55,53,67,45,
gauntlet/20261002-131010-scrim-g1drift80/losses/andrewgopher.player22__Fountain__botA.bc24,andrewgopher.player22,1,A,g1drift80,0,2000,MORE_FLAG_CAPTURES,0,-1,413,1,0,0,0,0,40,20,280,255,4,35,841,1385,7,0,35,184,794,385,ATK@600+HEAL@1200+CAP@1800
gauntlet/20261002-131010-scrim-g1drift80/losses/andrewgopher.player22__Fountain__botA.bc24,andrewgopher.player22,0,B,player22,1,2000,MORE_FLAG_CAPTURES,1,387,323,8,0,3,0,0,65,0,2150,2240,0,1,915,651,2,0,23,173,385,794,ATK@600+HEAL@1200+CAP@1800
gauntlet/20261002-131010-scrim-g1drift80/losses/andrewgopher.player22__Snake__botA.bc24,andrewgopher.player22,1,A,g1drift80,0,2000,MORE_FLAG_CAPTURES,0,-1,349,10,0,0,0,0,172,86,655,251,12,11,831,1031,24,0,221,411,729,699,ATK@600+HEAL@1200+CAP@1800
gauntlet/20261002-131010-scrim-g1drift80/losses/andrewgopher.player22__Snake__botA.bc24,andrewgopher.player22,0,B,player22,1,2000,MORE_FLAG_CAPTURES,2,509,313,11,0,3,0,0,155,0,10850,24930,0,6,793,391,74,0,55,473,699,729,ATK@600+HEAL@1200+CAP@1800
gauntlet/20261002-131010-scrim-g1drift80/losses/chenyx512.flagbot_final__Alligator__botA.bc24,chenyx512.flagbot_final,1,A,g1drift80,0,966,CAPTURE,0,-1,259,2,0,0,0,0,57,34,135,285,5,29,953,1386,8,0,47,107,95,395,ATK@600
gauntlet/20261002-131010-scrim-g1drift80/losses/chenyx512.flagbot_final__Alligator__botA.bc24,chenyx512.flagbot_final,0,B,flagbot_final,1,966,CAPTURE,3,356,241,13,0,3,36,90,131,9,75,4520,18,11,1130,1657,0,0,116,296,395,95,ATK@600
gauntlet/20261002-131010-scrim-g1drift80/losses/andrewgopher.player22__WheresMyWater__botA.bc24,andrewgopher.player22,1,A,g1drift80,0,2000,MORE_FLAG_CAPTURES,1,292,275,2,0,0,0,0,43,32,175,275,5,0,1007,1567,10,0,41,216,710,864,ATK@600+HEAL@1200+CAP@1800
gauntlet/20261002-131010-scrim-g1drift80/losses/andrewgopher.player22__WheresMyWater__botA.bc24,andrewgopher.player22,0,B,player22,1,2000,MORE_FLAG_CAPTURES,2,260,248,9,1,3,0,0,96,0,2520,30,0,5,1326,428,20,0,50,360,864,710,ATK@600+HEAL@1200+CAP@1800
gauntlet/20261002-131010-scrim-g1drift80/losses/chenyx512.flagbot_final__Bunkers__botA.bc24,chenyx512.flagbot_final,1,A,g1drift80,0,905,CAPTURE,2,659,285,26,0,0,0,0,31,38,160,225,7,10,976,1529,7,0,49,105,73,458,ATK@600
gauntlet/20261002-131010-scrim-g1drift80/losses/chenyx512.flagbot_final__Bunkers__botA.bc24,chenyx512.flagbot_final,0,B,flagbot_final,1,905,CAPTURE,3,415,285,12,0,3,57,90,116,4,191,61,18,1,1202,1778,0,0,49,220,458,73,ATK@600
gauntlet/20261002-131010-scrim-g1drift80/losses/chenyx512.flagbot_final__CH3353C4K3F4CT0RY__botB.bc24,chenyx512.flagbot_final,0,A,flagbot_final,1,797,CAPTURE,3,387,316,17,0,3,37,90,113,0,10783,10033,18,3,940,1435,0,0,178,357,270,74,ATK@600
gauntlet/20261002-131010-scrim-g1drift80/losses/chenyx512.flagbot_final__CH3353C4K3F4CT0RY__botB.bc24,chenyx512.flagbot_final,1,B,g1drift80,0,797,CAPTURE,0,-1,306,5,0,0,0,0,12,111,2835,235,12,23,736,1157,24,0,133,195,74,270,ATK@600
gauntlet/20261002-131010-scrim-g1drift80/losses/chenyx512.flagbot_final__KingQuacksCastle__botB.bc24,chenyx512.flagbot_final,0,A,flagbot_final,1,699,CAPTURE,3,320,267,19,0,3,41,90,81,0,223,5233,18,2,1024,1367,0,0,132,213,251,44,ATK@600
gauntlet/20261002-131010-scrim-g1drift80/losses/chenyx512.flagbot_final__KingQuacksCastle__botB.bc24,chenyx512.flagbot_final,1,B,g1drift80,0,699,CAPTURE,1,349,235,5,0,0,0,0,29,28,175,220,4,15,796,1273,4,0,43,76,44,251,ATK@600
gauntlet/20261002-131010-scrim-g1drift80/losses/chenyx512.flagbot_final__OceanFloor__botB.bc24,chenyx512.flagbot_final,0,A,flagbot_final,1,1006,CAPTURE,3,334,233,14,0,3,49,90,72,1,278,13,18,1,947,1203,0,0,40,220,299,75,ATK@600
gauntlet/20261002-131010-scrim-g1drift80/losses/chenyx512.flagbot_final__OceanFloor__botB.bc24,chenyx512.flagbot_final,1,B,g1drift80,0,1006,CAPTURE,0,-1,233,8,0,0,0,0,38,22,145,235,4,5,664,946,5,0,36,96,75,299,ATK@600
gauntlet/20261002-131010-scrim-g1drift80/losses/dmtrung14.defaultplayer_intlqualifier__DefaultHuge__botA.bc24,dmtrung14.defaultplayer_intlqualifier,1,A,g1drift80,0,569,CAPTURE,1,449,215,3,0,0,0,0,8,52,130,90,9,10,1139,387,12,0,53,53,142,12,
gauntlet/20261002-131010-scrim-g1drift80/losses/dmtrung14.defaultplayer_intlqualifier__DefaultHuge__botA.bc24,dmtrung14.defaultplayer_intlqualifier,0,B,defaultplayer_intlqualifier,1,569,CAPTURE,3,253,225,41,30,3,28,0,11,30,1570,200,0,3,245,720,6,28,30,63,12,142,
gauntlet/20261002-131010-scrim-g1drift80/losses/chenyx512.flagbot_final__Intercontinental__botA.bc24,chenyx512.flagbot_final,1,A,g1drift80,0,1226,CAPTURE,1,803,306,25,0,0,0,0,86,17,35,60,2,18,727,1130,6,0,30,106,99,403,ATK@600+HEAL@1200
gauntlet/20261002-131010-scrim-g1drift80/losses/chenyx512.flagbot_final__Intercontinental__botA.bc24,chenyx512.flagbot_final,0,B,flagbot_final,1,1226,CAPTURE,3,686,599,11,0,3,24,90,126,0,49,34,18,4,829,1221,0,0,10,122,403,99,ATK@600+HEAL@1200
gauntlet/20261002-131010-scrim-g1drift80/losses/dmtrung14.defaultplayer_intlqualifier__OceanFloor__botB.bc24,dmtrung14.defaultplayer_intlqualifier,0,A,defaultplayer_intlqualifier,1,457,CAPTURE,3,313,233,51,35,3,17,0,61,13,70,30,0,2,265,725,5,13,12,28,11,141,
gauntlet/20261002-131010-scrim-g1drift80/losses/dmtrung14.defaultplayer_intlqualifier__OceanFloor__botB.bc24,dmtrung14.defaultplayer_intlqualifier,1,B,g1drift80,0,457,CAPTURE,0,-1,249,6,0,0,0,0,35,25,165,205,4,7,1136,394,4,0,44,42,141,11,
gauntlet/20261002-131010-scrim-g1drift80/losses/hsmalladi.finalbot__HungerGames__botB.bc24,hsmalladi.finalbot,0,A,finalbot,1,479,CAPTURE,3,340,305,25,8,3,20,3,20,0,2440,3620,0,0,964,1031,0,3,135,139,68,103,
gauntlet/20261002-131010-scrim-g1drift80/losses/hsmalladi.finalbot__HungerGames__botB.bc24,hsmalladi.finalbot,1,B,g1drift80,0,479,CAPTURE,0,-1,276,4,0,0,0,0,17,25,165,150,4,15,859,1144,24,0,106,117,103,68,
gauntlet/20261002-131010-scrim-g1drift80/losses/dmtrung14.defaultplayer_intlqualifier__GaltonBoard__botB.bc24,dmtrung14.defaultplayer_intlqualifier,0,A,defaultplayer_intlqualifier,1,2000,MORE_FLAG_CAPTURES,1,243,225,11,7,3,5,0,9,15,30,310,0,7,522,1042,6,16,11,61,44,667,ATK@600+HEAL@1200+CAP@1800
gauntlet/20261002-131010-scrim-g1drift80/losses/dmtrung14.defaultplayer_intlqualifier__GaltonBoard__botB.bc24,dmtrung14.defaultplayer_intlqualifier,1,B,g1drift80,0,2000,MORE_FLAG_CAPTURES,0,-1,277,15,0,0,0,0,12,19,140,220,3,7,1541,805,1,0,36,112,667,44,ATK@600+HEAL@1200+CAP@1800
gauntlet/20261002-131010-scrim-g1drift80/losses/hsmalladi.finalbot__BreadPudding__botB.bc24,hsmalladi.finalbot,0,A,finalbot,1,707,CAPTURE,3,489,268,59,10,3,26,57,43,0,2608,66,11,8,774,757,4,3,40,86,126,217,ATK@600
gauntlet/20261002-131010-scrim-g1drift80/losses/hsmalladi.finalbot__BreadPudding__botB.bc24,hsmalladi.finalbot,1,B,g1drift80,0,707,CAPTURE,0,-1,224,9,0,0,0,0,43,30,275,215,5,27,909,1274,6,0,44,70,217,126,ATK@600
gauntlet/20261002-131010-scrim-g1drift80/losses/hsmalladi.finalbot__Puzzle__botA.bc24,hsmalladi.finalbot,1,A,g1drift80,0,1164,CAPTURE,1,399,319,9,0,0,0,0,3,22,165,140,4,3,600,817,22,0,55,151,356,226,ATK@600
gauntlet/20261002-131010-scrim-g1drift80/losses/hsmalladi.finalbot__Puzzle__botA.bc24,hsmalladi.finalbot,0,B,finalbot,1,1164,CAPTURE,3,340,267,47,6,3,27,0,73,0,210,7720,0,0,734,709,0,3,144,213,226,356,ATK@600
gauntlet/20261002-131010-scrim-g1drift80/losses/dmtrung14.defaultplayer_intlqualifier__StarryNight__botA.bc24,dmtrung14.defaultplayer_intlqualifier,1,A,g1drift80,0,2000,MORE_FLAG_CAPTURES,1,297,229,3,0,0,0,0,89,113,610,220,11,3,976,440,24,0,105,96,208,16,ATK@600+HEAL@1200+CAP@1800
gauntlet/20261002-131010-scrim-g1drift80/losses/dmtrung14.defaultplayer_intlqualifier__StarryNight__botA.bc24,dmtrung14.defaultplayer_intlqualifier,0,B,defaultplayer_intlqualifier,1,2000,MORE_FLAG_CAPTURES,2,257,228,28,22,3,9,0,112,24,9840,9900,0,2,325,777,4,22,22,40,16,208,ATK@600+HEAL@1200+CAP@1800
gauntlet/20261002-131010-scrim-g1drift80/losses/hsmalladi.finalbot__StackGame__botA.bc24,hsmalladi.finalbot,1,A,g1drift80,0,502,CAPTURE,2,450,362,6,0,0,0,0,37,47,195,295,9,35,1179,1488,15,0,55,73,166,80,
gauntlet/20261002-131010-scrim-g1drift80/losses/hsmalladi.finalbot__StackGame__botA.bc24,hsmalladi.finalbot,0,B,finalbot,1,502,CAPTURE,3,340,256,26,2,3,23,60,78,6,3203,133,12,0,1083,858,7,3,50,75,80,166,
gauntlet/20261002-131010-scrim-g1drift80/losses/hsmalladi.finalbot__Hurricane__botA.bc24,hsmalladi.finalbot,1,A,g1drift80,0,2000,MORE_FLAG_CAPTURES,0,-1,235,2,0,0,0,0,52,45,190,244,7,5,694,843,12,0,50,192,588,334,ATK@600+HEAL@1200+CAP@1800
gauntlet/20261002-131010-scrim-g1drift80/losses/hsmalladi.finalbot__Hurricane__botA.bc24,hsmalladi.finalbot,0,B,finalbot,1,2000,MORE_FLAG_CAPTURES,2,486,237,97,12,3,86,60,74,9,2961,131,12,0,678,583,0,2,55,277,334,588,ATK@600+HEAL@1200+CAP@1800
gauntlet/20261002-131010-scrim-g1drift80/losses/jmerle.camel_case_v21_final__HungerGames__botB.bc24,jmerle.camel_case_v21_final,0,A,camel_case_v21_final,1,399,CAPTURE,3,320,253,7,0,0,0,0,5,0,2950,12230,0,0,1396,549,0,0,242,215,137,51,
gauntlet/20261002-131010-scrim-g1drift80/losses/jmerle.camel_case_v21_final__HungerGames__botB.bc24,jmerle.camel_case_v21_final,1,B,g1drift80,0,399,CAPTURE,1,281,214,8,0,0,0,0,20,23,165,215,4,9,611,756,11,0,50,51,51,137,
gauntlet/20261002-131010-scrim-g1drift80/losses/jmerle.camel_case_v21_final__GravitationalWaves__botB.bc24,jmerle.camel_case_v21_final,0,A,camel_case_v21_final,1,593,CAPTURE,3,317,243,10,0,0,0,0,79,0,3730,2260,0,2,987,597,0,0,52,52,36,109,
gauntlet/20261002-131010-scrim-g1drift80/losses/jmerle.camel_case_v21_final__GravitationalWaves__botB.bc24,jmerle.camel_case_v21_final,1,B,g1drift80,0,593,CAPTURE,0,-1,0,0,0,0,0,0,64,33,200,220,5,1,788,1533,7,0,44,52,109,36,
gauntlet/20261002-131010-scrim-g1drift80/losses/hsmalladi.finalbot__TwistedTreeline__botA.bc24,hsmalladi.finalbot,1,A,g1drift80,0,1234,CAPTURE,1,314,237,8,0,0,0,0,59,23,145,225,3,1,999,1452,7,0,35,163,433,264,ATK@600+HEAL@1200
gauntlet/20261002-131010-scrim-g1drift80/losses/hsmalladi.finalbot__TwistedTreeline__botA.bc24,hsmalladi.finalbot,0,B,finalbot,1,1234,CAPTURE,3,514,250,74,9,3,17,47,66,0,2042,132,9,0,1112,904,0,1,45,145,264,433,ATK@600+HEAL@1200
gauntlet/20261002-131010-scrim-g1drift80/losses/jmerle.camel_case_v21_final__Starfish__botB.bc24,jmerle.camel_case_v21_final,0,A,camel_case_v21_final,1,533,CAPTURE,3,251,211,9,0,0,0,0,216,0,20,20,0,14,1471,583,0,0,31,50,192,187,
gauntlet/20261002-131010-scrim-g1drift80/losses/jmerle.camel_case_v21_final__Starfish__botB.bc24,jmerle.camel_case_v21_final,1,B,g1drift80,0,533,CAPTURE,0,-1,232,2,0,0,0,0,92,29,135,265,4,22,1079,1230,9,0,35,54,187,192,
gauntlet/20261002-131010-scrim-g1drift80/losses/jmerle.camel_case_v21_final__OceanFloor__botB.bc24,jmerle.camel_case_v21_final,0,A,camel_case_v21_final,1,1123,CAPTURE,3,370,223,12,0,0,0,0,7,2,3390,2870,0,1,1037,524,0,0,62,163,272,383,ATK@600
gauntlet/20261002-131010-scrim-g1drift80/losses/jmerle.camel_case_v21_final__OceanFloor__botB.bc24,jmerle.camel_case_v21_final,1,B,g1drift80,0,1123,CAPTURE,2,320,214,11,0,0,0,0,41,25,155,335,4,6,645,819,1,0,47,119,383,272,ATK@600
gauntlet/20261002-131010-scrim-g1drift80/losses/jmerle.camel_case_v21_final__Hurricane__botA.bc24,jmerle.camel_case_v21_final,1,A,g1drift80,0,2000,MORE_FLAG_CAPTURES,0,-1,209,36,0,0,0,0,63,42,155,300,6,10,600,986,11,0,48,160,180,217,ATK@600+HEAL@1200+CAP@1800
gauntlet/20261002-131010-scrim-g1drift80/losses/jmerle.camel_case_v21_final__Hurricane__botA.bc24,jmerle.camel_case_v21_final,0,B,camel_case_v21_final,1,2000,MORE_FLAG_CAPTURES,2,414,224,9,0,0,0,0,36,2,5620,4180,0,5,1011,349,0,0,89,137,217,180,ATK@600+HEAL@1200+CAP@1800
gauntlet/20261002-131010-scrim-g1drift80/losses/kyleezz.jeeryfix3__CH3353C4K3F4CT0RY__botB.bc24,kyleezz.jeeryfix3,0,A,jeeryfix3,1,530,CAPTURE,3,346,321,14,0,0,0,0,28,11,13460,11890,0,4,980,852,0,0,140,130,76,185,
gauntlet/20261002-131010-scrim-g1drift80/losses/kyleezz.jeeryfix3__CH3353C4K3F4CT0RY__botB.bc24,kyleezz.jeeryfix3,1,B,g1drift80,0,530,CAPTURE,0,-1,0,0,0,0,0,0,14,111,2770,290,12,24,1212,1366,24,0,140,142,185,76,
gauntlet/20261002-131010-scrim-g1drift80/losses/jonters.bling3__Alien__botA.bc24,jonters.bling3,1,A,g1drift80,0,2000,MORE_FLAG_CAPTURES,0,-1,417,18,0,0,0,0,9,45,173,303,7,18,1293,1449,12,0,53,223,949,387,ATK@600+HEAL@1200+CAP@1800
gauntlet/20261002-131010-scrim-g1drift80/losses/jonters.bling3__Alien__botA.bc24,jonters.bling3,0,B,bling3,1,2000,MORE_FLAG_CAPTURES,1,1358,248,15,0,0,0,0,10,18,1800,530,0,0,875,1421,31,0,17,181,387,949,ATK@600+HEAL@1200+CAP@1800
gauntlet/20261002-131010-scrim-g1drift80/losses/kyleezz.jeeryfix3__OceanFloor__botA.bc24,kyleezz.jeeryfix3,1,A,g1drift80,0,512,CAPTURE,0,-1,468,1,0,0,0,0,39,23,200,300,4,22,995,1285,3,0,44,38,142,82,
gauntlet/20261002-131010-scrim-g1drift80/losses/kyleezz.jeeryfix3__OceanFloor__botA.bc24,kyleezz.jeeryfix3,0,B,jeeryfix3,1,512,CAPTURE,3,347,234,15,0,0,0,0,71,5,1170,1090,0,1,1058,659,0,0,39,43,82,142,
gauntlet/20261002-131010-scrim-g1drift80/losses/kyleezz.jeeryfix3__Digging__botB.bc24,kyleezz.jeeryfix3,0,A,jeeryfix3,1,2000,MORE_FLAG_CAPTURES,1,274,238,4,0,0,0,0,26,0,2320,1900,0,10,1162,723,0,0,53,233,419,1480,ATK@600+CAP@1200+HEAL@1800
gauntlet/20261002-131010-scrim-g1drift80/losses/kyleezz.jeeryfix3__Digging__botB.bc24,kyleezz.jeeryfix3,1,B,g1drift80,0,2000,MORE_FLAG_CAPTURES,0,-1,0,0,0,0,0,0,15,25,180,280,4,2,1209,1364,1,0,53,190,1480,419,ATK@600+HEAL@1200+CAP@1800
gauntlet/20261002-131010-scrim-g1drift80/losses/kyleezz.jeeryfix3__Skyline__botA.bc24,kyleezz.jeeryfix3,1,A,g1drift80,0,361,CAPTURE,0,-1,245,2,0,0,0,0,99,104,8950,230,9,16,947,1122,24,0,189,130,92,34,
gauntlet/20261002-131010-scrim-g1drift80/losses/kyleezz.jeeryfix3__Skyline__botA.bc24,kyleezz.jeeryfix3,0,B,jeeryfix3,1,361,CAPTURE,3,332,246,10,0,0,0,0,189,13,17030,13890,0,10,858,612,0,0,142,102,34,92,
gauntlet/20261002-131010-scrim-g1drift80/losses/quesswho.cretplayer2_3__Battlefield__botB.bc24,quesswho.cretplayer2_3,0,A,cretplayer2_3,1,293,CAPTURE,3,248,218,14,0,3,7,0,43,0,4810,990,0,26,565,369,0,2,49,45,36,65,
gauntlet/20261002-131010-scrim-g1drift80/losses/quesswho.cretplayer2_3__Battlefield__botB.bc24,quesswho.cretplayer2_3,1,B,g1drift80,0,293,CAPTURE,0,-1,0,0,0,0,0,0,30,42,135,215,7,0,639,561,13,0,38,32,65,36,
gauntlet/20261002-131010-scrim-g1drift80/losses/kyleezz.jeeryfix3__YearOfTheDragon__botB.bc24,kyleezz.jeeryfix3,0,A,jeeryfix3,1,492,CAPTURE,3,283,239,10,0,0,0,0,28,12,11160,8700,0,2,967,791,0,0,121,112,74,150,
gauntlet/20261002-131010-scrim-g1drift80/losses/kyleezz.jeeryfix3__YearOfTheDragon__botB.bc24,kyleezz.jeeryfix3,1,B,g1drift80,0,492,CAPTURE,1,265,217,1,0,0,0,0,10,108,660,290,11,0,1068,1182,24,0,115,118,150,74,
gauntlet/20261002-131010-scrim-g1drift80/losses/kyleezz.jeeryfix3__Hurricane__botB.bc24,kyleezz.jeeryfix3,0,A,jeeryfix3,1,2000,MORE_FLAG_CAPTURES,1,1162,219,12,0,0,0,0,187,1,1190,870,0,8,382,316,0,0,17,17,33,192,ATK@600+CAP@1200+HEAL@1800
gauntlet/20261002-131010-scrim-g1drift80/losses/kyleezz.jeeryfix3__Hurricane__botB.bc24,kyleezz.jeeryfix3,1,B,g1drift80,0,2000,MORE_FLAG_CAPTURES,0,-1,218,8,0,0,0,0,67,39,165,180,7,9,321,366,12,0,46,32,192,33,ATK@600+HEAL@1200+CAP@1800
gauntlet/20261002-131010-scrim-g1drift80/losses/quesswho.cretplayer2_3__KingQuacksCastle__botB.bc24,quesswho.cretplayer2_3,0,A,cretplayer2_3,1,823,CAPTURE,3,300,237,23,0,3,44,0,26,0,3220,1530,0,2,648,676,0,7,90,139,195,292,ATK@600
gauntlet/20261002-131010-scrim-g1drift80/losses/quesswho.cretplayer2_3__KingQuacksCastle__botB.bc24,quesswho.cretplayer2_3,1,B,g1drift80,0,823,CAPTURE,1,427,229,27,0,0,0,0,27,28,135,210,5,1,693,783,5,0,40,88,292,195,ATK@600
gauntlet/20261002-131010-scrim-g1drift80/losses/quesswho.cretplayer2_3__Canals__botA.bc24,quesswho.cretplayer2_3,1,A,g1drift80,0,1717,CAPTURE,1,872,429,14,0,0,0,0,0,59,215,255,11,0,954,827,20,0,75,337,789,289,ATK@600+HEAL@1200
gauntlet/20261002-131010-scrim-g1drift80/losses/quesswho.cretplayer2_3__Canals__botA.bc24,quesswho.cretplayer2_3,0,B,cretplayer2_3,1,1717,CAPTURE,3,1149,244,43,0,3,20,0,0,0,7000,1080,0,3,1041,847,0,3,73,191,289,789,ATK@600+HEAL@1200
gauntlet/20261002-131010-scrim-g1drift80/losses/quesswho.cretplayer2_3__Tunnels__botB.bc24,quesswho.cretplayer2_3,0,A,cretplayer2_3,1,667,CAPTURE,3,271,243,27,0,3,18,0,58,0,3060,980,0,17,917,721,0,5,40,74,153,249,ATK@600
gauntlet/20261002-131010-scrim-g1drift80/losses/quesswho.cretplayer2_3__Tunnels__botB.bc24,quesswho.cretplayer2_3,1,B,g1drift80,0,667,CAPTURE,0,-1,257,3,0,0,0,0,61,23,195,235,3,4,1331,1251,6,0,50,67,249,153,ATK@600
gauntlet/20261002-131010-scrim-g1drift80/losses/quesswho.cretplayer2_3__OceanFloor__botA.bc24,quesswho.cretplayer2_3,1,A,g1drift80,0,1235,CAPTURE,2,465,312,10,0,0,0,0,39,25,125,245,4,1,613,747,3,0,46,101,209,71,ATK@600+HEAL@1200
gauntlet/20261002-131010-scrim-g1drift80/losses/quesswho.cretplayer2_3__OceanFloor__botA.bc24,quesswho.cretplayer2_3,0,B,cretplayer2_3,1,1235,CAPTURE,3,358,245,26,0,3,50,0,20,0,3200,930,0,3,555,595,0,4,34,76,71,209,ATK@600+HEAL@1200
gauntlet/20261002-131010-scrim-g1drift80/losses/winkelmantanner.waffle__BedWars__botA.bc24,winkelmantanner.waffle,1,A,g1drift80,0,980,CAPTURE,2,348,324,3,0,0,0,0,0,40,185,35,7,3,447,409,10,0,35,49,265,149,ATK@600
gauntlet/20261002-131010-scrim-g1drift80/losses/winkelmantanner.waffle__BedWars__botA.bc24,winkelmantanner.waffle,0,B,waffle,1,980,CAPTURE,3,303,279,40,0,0,0,0,0,3,4500,1880,0,10,305,259,0,0,32,50,149,265,ATK@600
gauntlet/20261002-131010-scrim-g1drift80/losses/winkelmantanner.waffle__Islands__botA.bc24,winkelmantanner.waffle,1,A,g1drift80,0,471,CAPTURE,0,-1,347,6,0,0,0,0,71,48,195,305,8,0,1079,1447,17,0,51,62,116,56,
gauntlet/20261002-131010-scrim-g1drift80/losses/winkelmantanner.waffle__Islands__botA.bc24,winkelmantanner.waffle,0,B,waffle,1,471,CAPTURE,3,281,227,16,0,0,0,0,42,61,876,106,3,12,1061,1151,0,0,91,89,56,116,
gauntlet/20261002-131010-scrim-g1drift80/losses/winkelmantanner.waffle__Gauntlet__botB.bc24,winkelmantanner.waffle,0,A,waffle,1,903,CAPTURE,3,357,240,53,0,0,0,0,22,3,3540,1540,0,5,882,839,0,0,79,143,236,321,ATK@600
gauntlet/20261002-131010-scrim-g1drift80/losses/winkelmantanner.waffle__Gauntlet__botB.bc24,winkelmantanner.waffle,1,B,g1drift80,0,903,CAPTURE,2,467,364,5,0,0,0,0,60,24,160,240,3,0,671,832,3,0,30,102,321,236,ATK@600
gauntlet/20261002-131010-scrim-g1drift80/losses/winkelmantanner.waffle__Skyline__botA.bc24,winkelmantanner.waffle,1,A,g1drift80,0,474,CAPTURE,2,434,382,3,0,0,0,0,98,100,9405,235,9,18,1080,1290,24,0,199,188,159,34,
gauntlet/20261002-131010-scrim-g1drift80/losses/winkelmantanner.waffle__Skyline__botA.bc24,winkelmantanner.waffle,0,B,waffle,1,474,CAPTURE,3,362,244,28,0,0,0,0,62,52,4683,663,2,6,868,725,0,0,115,116,34,159,
gauntlet/20261002-131010-scrim-g1drift80/losses/winkelmantanner.waffle__Whirlpool__botB.bc24,winkelmantanner.waffle,0,A,waffle,1,540,CAPTURE,3,319,269,28,0,0,0,0,56,27,820,2770,0,8,974,1146,0,0,88,86,82,119,
gauntlet/20261002-131010-scrim-g1drift80/losses/winkelmantanner.waffle__Whirlpool__botB.bc24,winkelmantanner.waffle,1,B,g1drift80,0,540,CAPTURE,0,-1,0,0,0,0,0,0,81,23,158,238,4,0,988,1276,4,0,29,43,119,82,
gauntlet/20261002-131010-scrim-g1drift80/losses/winkelmantanner.waffle__StackGame__botB.bc24,winkelmantanner.waffle,0,A,waffle,1,424,CAPTURE,3,281,220,31,0,0,0,0,33,22,3810,440,0,9,1199,794,0,0,91,85,81,141,
gauntlet/20261002-131010-scrim-g1drift80/losses/winkelmantanner.waffle__StackGame__botB.bc24,winkelmantanner.waffle,1,B,g1drift80,0,424,CAPTURE,0,-1,0,0,0,0,0,0,31,51,180,280,10,27,1195,1277,14,0,56,58,141,81,
gauntlet/20261002-131010-scrim-g1drift80/replays/ColtG5.Goob_final__BigDucksBigPond__botB.bc24,ColtG5.Goob_final,0,A,Goob_final,0,2000,MORE_FLAG_CAPTURES,0,-1,250,4,0,0,0,0,124,0,3780,50,0,5,1174,929,11,0,63,301,541,1170,ATK@600+HEAL@1200+CAP@1800
gauntlet/20261002-131010-scrim-g1drift80/replays/ColtG5.Goob_final__BigDucksBigPond__botB.bc24,ColtG5.Goob_final,1,B,g1drift80,1,2000,MORE_FLAG_CAPTURES,1,1098,1019,1,0,0,0,0,91,38,175,260,6,11,1197,1354,14,0,65,290,1170,541,ATK@600+HEAL@1200+CAP@1800
gauntlet/20261002-131010-scrim-g1drift80/replays/ColtG5.Goob_final__DefaultLarge__botA.bc24,ColtG5.Goob_final,1,A,g1drift80,1,2000,LEVEL_SUM,0,-1,1734,12,0,0,0,0,48,20,150,210,3,31,1051,1202,7,0,41,215,1075,431,ATK@600+HEAL@1200+CAP@1800
gauntlet/20261002-131010-scrim-g1drift80/replays/ColtG5.Goob_final__DefaultLarge__botA.bc24,ColtG5.Goob_final,0,B,Goob_final,0,2000,LEVEL_SUM,0,-1,270,10,0,0,0,0,47,0,2790,30,0,7,1175,808,11,0,82,319,431,1075,ATK@600+HEAL@1200+CAP@1800
gauntlet/20261002-131010-scrim-g1drift80/replays/Gymhgy.v10official__Diagonal__botA.bc24,Gymhgy.v10official,1,A,g1drift80,1,2000,LEVEL_SUM,0,-1,302,6,0,0,0,0,26,57,163,273,10,17,513,586,18,0,59,196,209,141,ATK@600+HEAL@1200+CAP@1800
gauntlet/20261002-131010-scrim-g1drift80/replays/Gymhgy.v10official__Diagonal__botA.bc24,Gymhgy.v10official,0,B,v10official,0,2000,LEVEL_SUM,0,-1,1454,4,0,3,9,72,19,2,5536,106,14,6,447,704,39,2,40,133,141,209,ATK@600+HEAL@1200+CAP@1800
gauntlet/20261002-131010-scrim-g1drift80/replays/CyrilSharma.finalBot__Fusbol__botA.bc24,CyrilSharma.finalBot,1,A,g1drift80,1,2000,LEVEL_SUM,0,-1,0,0,0,0,0,0,98,39,663,303,6,7,710,837,24,0,94,288,463,337,ATK@600+HEAL@1200+CAP@1800
gauntlet/20261002-131010-scrim-g1drift80/replays/CyrilSharma.finalBot__Fusbol__botA.bc24,CyrilSharma.finalBot,0,B,finalBot,0,2000,LEVEL_SUM,0,-1,581,4,0,0,0,22,48,0,2637,3646,3,19,651,861,0,0,88,442,337,463,ATK@600+HEAL@1200+CAP@1800
gauntlet/20261002-131010-scrim-g1drift80/replays/NotLLeon.v3__Hurricane__botB.bc24,NotLLeon.v3,0,A,v3,0,2000,LEVEL_SUM,0,-1,222,90,0,0,0,0,65,0,4950,1230,0,3,505,512,0,0,63,105,98,204,ATK@600+HEAL@1200+CAP@1800
gauntlet/20261002-131010-scrim-g1drift80/replays/NotLLeon.v3__Hurricane__botB.bc24,NotLLeon.v3,1,B,g1drift80,1,2000,LEVEL_SUM,0,-1,301,7,0,0,0,0,62,43,175,235,7,6,534,610,10,0,49,177,204,98,ATK@600+HEAL@1200+CAP@1800
gauntlet/20261002-131010-scrim-g1drift80/replays/Gymhgy.v10official__Starfish__botA.bc24,Gymhgy.v10official,1,A,g1drift80,1,2000,LEVEL_SUM,2,319,267,17,0,0,0,0,106,23,140,123,3,20,1015,1044,10,0,24,175,802,517,ATK@600+HEAL@1200+CAP@1800
gauntlet/20261002-131010-scrim-g1drift80/replays/Gymhgy.v10official__Starfish__botA.bc24,Gymhgy.v10official,0,B,v10official,0,2000,LEVEL_SUM,2,250,229,13,6,3,17,18,190,2,302,28,2,0,858,1334,0,2,7,228,517,802,ATK@600+HEAL@1200+CAP@1800
gauntlet/20261002-131010-scrim-g1drift80/replays/SampleProvider.TSPAARKSPRINT1__EndAround__botB.bc24,SampleProvider.TSPAARKSPRINT1,0,A,TSPAARKSPRINT1,0,2000,LEVEL_SUM,0,-1,391,12,0,3,53,0,132,4,540,530,0,4,276,633,16,20,0,98,67,790,ATK@600+CAP@1200+HEAL@1800
gauntlet/20261002-131010-scrim-g1drift80/replays/SampleProvider.TSPAARKSPRINT1__EndAround__botB.bc24,SampleProvider.TSPAARKSPRINT1,1,B,g1drift80,1,2000,LEVEL_SUM,0,-1,243,2,0,0,0,0,65,18,155,180,2,5,570,521,9,0,47,278,790,67,ATK@600+HEAL@1200+CAP@1800
gauntlet/20261002-131010-scrim-g1drift80/replays/SampleProvider.TSPAARKSPRINT1__Swoop__botA.bc24,SampleProvider.TSPAARKSPRINT1,1,A,g1drift80,1,2000,LEVEL_SUM,2,1752,221,64,0,0,0,0,62,42,145,305,8,0,915,914,10,0,56,423,1108,180,ATK@600+HEAL@1200+CAP@1800
gauntlet/20261002-131010-scrim-g1drift80/replays/SampleProvider.TSPAARKSPRINT1__Swoop__botA.bc24,SampleProvider.TSPAARKSPRINT1,0,B,TSPAARKSPRINT1,0,2000,LEVEL_SUM,2,1153,230,117,0,3,48,0,77,4,3990,50,0,4,573,1128,7,29,2,98,180,1108,ATK@600+CAP@1200+HEAL@1800
gauntlet/20261002-131010-scrim-g1drift80/replays/SampleProvider.TSPAARKSPRINT1__KingQuacksCastle__botB.bc24,SampleProvider.TSPAARKSPRINT1,0,A,TSPAARKSPRINT1,0,2000,LEVEL_SUM,2,536,284,83,0,3,48,0,40,6,2200,20,0,7,483,1406,15,27,4,126,253,1070,ATK@600+CAP@1200+HEAL@1800
gauntlet/20261002-131010-scrim-g1drift80/replays/SampleProvider.TSPAARKSPRINT1__KingQuacksCastle__botB.bc24,SampleProvider.TSPAARKSPRINT1,1,B,g1drift80,1,2000,LEVEL_SUM,2,1443,232,30,0,0,0,0,27,29,145,160,4,0,833,694,6,0,64,403,1070,253,ATK@600+HEAL@1200+CAP@1800
gauntlet/20261002-131010-scrim-g1drift80/replays/awu7.ExplosiveBot__Alligator__botA.bc24,awu7.ExplosiveBot,1,A,g1drift80,1,1005,CAPTURE,3,782,222,10,0,0,0,0,56,33,180,300,5,4,1306,1291,10,0,88,215,543,119,ATK@600
gauntlet/20261002-131010-scrim-g1drift80/replays/awu7.ExplosiveBot__Alligator__botA.bc24,awu7.ExplosiveBot,0,B,ExplosiveBot,0,1005,CAPTURE,0,-1,0,0,0,0,0,0,69,9,2730,5740,0,38,876,1252,2,0,21,73,119,543,ATK@600
gauntlet/20261002-131010-scrim-g1drift80/replays/awu7.ExplosiveBot__Canals__botA.bc24,awu7.ExplosiveBot,1,A,g1drift80,1,798,CAPTURE,3,386,342,9,0,0,0,0,0,60,215,245,11,5,1143,1138,16,0,75,120,433,80,ATK@600
gauntlet/20261002-131010-scrim-g1drift80/replays/awu7.ExplosiveBot__Canals__botA.bc24,awu7.ExplosiveBot,0,B,ExplosiveBot,0,798,CAPTURE,0,-1,233,22,12,0,0,0,0,16,4700,170,0,15,695,396,30,0,14,70,80,433,ATK@600
gauntlet/20261002-131010-scrim-g1drift80/replays/SampleProvider.TSPAARKSPRINT1__WheresMyWater__botB.bc24,SampleProvider.TSPAARKSPRINT1,0,A,TSPAARKSPRINT1,0,1991,CAPTURE,2,611,504,26,0,3,2,0,169,3,30,30,0,14,582,1748,1,19,0,82,140,980,ATK@600+CAP@1200+HEAL@1800
gauntlet/20261002-131010-scrim-g1drift80/replays/SampleProvider.TSPAARKSPRINT1__WheresMyWater__botB.bc24,SampleProvider.TSPAARKSPRINT1,1,B,g1drift80,1,1991,CAPTURE,3,657,227,22,0,0,0,0,57,26,155,275,4,26,1262,1032,11,0,52,253,980,140,ATK@600+HEAL@1200+CAP@1800
gauntlet/20261002-131010-scrim-g1drift80/replays/awu7.ExplosiveBot__Capacitance__botB.bc24,awu7.ExplosiveBot,0,A,ExplosiveBot,0,2000,LEVEL_SUM,2,1698,323,101,47,0,0,0,28,7,4360,2960,0,19,679,691,36,0,13,129,178,1320,ATK@600+HEAL@1200
gauntlet/20261002-131010-scrim-g1drift80/replays/awu7.ExplosiveBot__Capacitance__botB.bc24,awu7.ExplosiveBot,1,B,g1drift80,1,2000,LEVEL_SUM,2,471,457,13,0,0,0,0,22,44,190,290,8,27,1025,1281,12,0,64,339,1320,178,ATK@600+HEAL@1200+CAP@1800
gauntlet/20261002-131010-scrim-g1drift80/replays/awu7.ExplosiveBot__GaltonBoard__botA.bc24,awu7.ExplosiveBot,1,A,g1drift80,1,1896,CAPTURE,3,1671,247,12,0,0,0,0,10,19,165,285,2,20,1357,1457,5,0,45,275,1537,181,ATK@600+HEAL@1200+CAP@1800
gauntlet/20261002-131010-scrim-g1drift80/replays/awu7.ExplosiveBot__GaltonBoard__botA.bc24,awu7.ExplosiveBot,0,B,ExplosiveBot,0,1896,CAPTURE,1,592,247,20,9,0,0,0,11,9,1170,1060,0,35,948,1109,8,0,14,51,181,1537,ATK@600+HEAL@1200
gauntlet/20261002-131010-scrim-g1drift80/replays/awu7.ExplosiveBot__Joker__botB.bc24,awu7.ExplosiveBot,0,A,ExplosiveBot,0,1070,CAPTURE,1,908,676,32,15,0,0,0,35,9,14950,13550,0,40,729,885,27,0,35,161,152,584,ATK@600
gauntlet/20261002-131010-scrim-g1drift80/replays/awu7.ExplosiveBot__Joker__botB.bc24,awu7.ExplosiveBot,1,B,g1drift80,1,1070,CAPTURE,3,451,226,14,0,0,0,0,5,114,4125,295,12,3,1275,1268,24,0,253,382,584,152,ATK@600
gauntlet/20261002-131010-scrim-g1drift80/replays/awu7.ExplosiveBot__Klein__botB.bc24,awu7.ExplosiveBot,0,A,ExplosiveBot,0,1381,CAPTURE,0,-1,938,2,0,0,0,0,249,6,30,20,0,12,714,549,1,0,8,65,176,818,ATK@600+HEAL@1200
gauntlet/20261002-131010-scrim-g1drift80/replays/awu7.ExplosiveBot__Klein__botB.bc24,awu7.ExplosiveBot,1,B,g1drift80,1,1381,CAPTURE,3,228,210,18,0,0,0,0,83,49,180,170,8,13,866,1057,15,0,54,270,818,176,ATK@600+HEAL@1200
gauntlet/20261002-131010-scrim-g1drift80/replays/clbarrell.duck8__Hockey__botB.bc24,clbarrell.duck8,0,A,duck8,0,841,CAPTURE,1,588,323,21,0,0,0,0,26,42,40,30,3,10,959,1200,8,0,55,104,164,359,ATK@750
gauntlet/20261002-131010-scrim-g1drift80/replays/clbarrell.duck8__Hockey__botB.bc24,clbarrell.duck8,1,B,g1drift80,1,841,CAPTURE,3,454,305,6,0,0,0,0,27,41,185,225,7,28,1173,1416,10,0,56,98,359,164,ATK@600
gauntlet/20261002-131010-scrim-g1drift80/replays/clbarrell.duck8__Islands__botB.bc24,clbarrell.duck8,0,A,duck8,0,921,CAPTURE,2,396,230,26,0,0,0,0,58,48,60,120,3,9,906,803,17,0,57,127,155,350,ATK@750
gauntlet/20261002-131010-scrim-g1drift80/replays/clbarrell.duck8__Islands__botB.bc24,clbarrell.duck8,1,B,g1drift80,1,921,CAPTURE,3,580,242,11,0,0,0,0,80,48,140,300,9,19,1048,1055,14,0,55,132,350,155,ATK@600
gauntlet/20261002-131010-scrim-g1drift80/replays/clbarrell.duck8__Diagonal__botB.bc24,clbarrell.duck8,0,A,duck8,0,2000,LEVEL_SUM,1,706,391,17,0,0,0,0,19,51,310,90,3,7,598,502,16,0,64,181,253,761,ATK@750+HEAL@1500
gauntlet/20261002-131010-scrim-g1drift80/replays/clbarrell.duck8__Diagonal__botB.bc24,clbarrell.duck8,1,B,g1drift80,1,2000,LEVEL_SUM,1,892,634,7,0,0,0,0,22,58,164,284,10,29,800,737,17,0,63,200,761,253,ATK@600+HEAL@1200+CAP@1800
gauntlet/20261002-131010-scrim-g1drift80/replays/clbarrell.duck8__Fountain__botA.bc24,clbarrell.duck8,1,A,g1drift80,1,2000,LEVEL_SUM,2,267,235,4,0,0,0,0,42,20,210,60,3,2,885,960,9,0,22,201,996,536,ATK@600+HEAL@1200+CAP@1800
gauntlet/20261002-131010-scrim-g1drift80/replays/clbarrell.duck8__Fountain__botA.bc24,clbarrell.duck8,0,B,duck8,0,2000,LEVEL_SUM,2,268,233,51,0,0,0,0,29,24,30,20,1,5,713,877,8,0,42,230,536,996,ATK@750+HEAL@1500
gauntlet/20261002-131010-scrim-g1drift80/replays/clbarrell.duck8__Whirlpool__botA.bc24,clbarrell.duck8,1,A,g1drift80,1,1838,CAPTURE,3,1444,733,17,0,0,0,0,77,25,155,265,4,17,1021,1231,4,0,33,215,940,325,ATK@600+HEAL@1200+CAP@1800
gauntlet/20261002-131010-scrim-g1drift80/replays/clbarrell.duck8__Whirlpool__botA.bc24,clbarrell.duck8,0,B,duck8,0,1838,CAPTURE,1,427,355,27,0,0,0,0,44,33,70,1730,3,17,869,923,6,0,86,232,325,940,ATK@750+HEAL@1500
gauntlet/20261002-131010-scrim-g1drift80/replays/clbarrell.duck8__Mountain__botB.bc24,clbarrell.duck8,0,A,duck8,0,2000,LEVEL_SUM,1,379,310,16,0,0,0,0,6,48,40,100,3,8,893,583,16,0,70,219,421,1105,ATK@750+HEAL@1500
gauntlet/20261002-131010-scrim-g1drift80/replays/clbarrell.duck8__Mountain__botB.bc24,clbarrell.duck8,1,B,g1drift80,1,2000,LEVEL_SUM,1,877,241,13,0,0,0,0,37,45,160,240,7,29,1072,1017,12,0,59,250,1105,421,ATK@600+HEAL@1200+CAP@1800
gauntlet/20261002-131010-scrim-g1drift80/replays/jonters.bling3__DefaultHuge__botB.bc24,jonters.bling3,0,A,bling3,0,1125,CAPTURE,1,982,337,6,0,0,0,0,40,12,2500,30,0,13,713,1130,32,0,6,73,111,388,ATK@600
gauntlet/20261002-131010-scrim-g1drift80/replays/jonters.bling3__DefaultHuge__botB.bc24,jonters.bling3,1,B,g1drift80,1,1125,CAPTURE,3,341,258,13,0,0,0,0,8,51,195,235,10,15,1193,1441,12,0,72,144,388,111,ATK@600
gauntlet/20261002-131010-scrim-g1drift80/replays/jonters.bling3__Hockey__botB.bc24,jonters.bling3,0,A,bling3,0,806,CAPTURE,0,-1,528,1,0,0,0,0,56,13,1420,1520,0,0,935,2370,22,0,0,41,106,233,ATK@600
gauntlet/20261002-131010-scrim-g1drift80/replays/jonters.bling3__Hockey__botB.bc24,jonters.bling3,1,B,g1drift80,1,806,CAPTURE,3,669,319,24,0,0,0,0,30,42,185,200,7,3,1274,1819,14,0,48,83,233,106,ATK@600
gauntlet/20261002-131010-scrim-g1drift80/replays/dmtrung14.defaultplayer_intlqualifier__Foxes__botB.bc24,dmtrung14.defaultplayer_intlqualifier,0,A,defaultplayer_intlqualifier,0,2000,LEVEL_SUM,1,408,261,15,9,3,39,0,16,22,6620,6280,0,3,262,765,6,26,18,39,9,101,ATK@600+HEAL@1200+CAP@1800
gauntlet/20261002-131010-scrim-g1drift80/replays/dmtrung14.defaultplayer_intlqualifier__Foxes__botB.bc24,dmtrung14.defaultplayer_intlqualifier,1,B,g1drift80,1,2000,LEVEL_SUM,1,420,319,5,0,0,0,0,15,76,685,285,12,6,896,441,24,0,74,79,101,9,ATK@600+HEAL@1200+CAP@1800
gauntlet/20261002-131010-scrim-g1drift80/replays/dmtrung14.defaultplayer_intlqualifier__Klein__botA.bc24,dmtrung14.defaultplayer_intlqualifier,1,A,g1drift80,1,2000,LEVEL_SUM,0,-1,0,0,0,0,0,0,87,49,195,155,9,19,595,401,15,0,38,11,48,2,ATK@600+HEAL@1200+CAP@1800
gauntlet/20261002-131010-scrim-g1drift80/replays/dmtrung14.defaultplayer_intlqualifier__Klein__botA.bc24,dmtrung14.defaultplayer_intlqualifier,0,B,defaultplayer_intlqualifier,0,2000,LEVEL_SUM,0,-1,400,4,0,3,35,0,213,9,10,1150,0,22,216,624,6,14,3,15,2,48,ATK@600+HEAL@1200+CAP@1800
gauntlet/20261002-131010-scrim-g1drift80/replays/jonters.bling3__Randy__botB.bc24,jonters.bling3,0,A,bling3,0,2000,MORE_FLAG_CAPTURES,1,1810,774,18,0,0,0,0,6,9,3820,4010,0,18,577,1223,42,0,1,172,413,843,ATK@600+HEAL@1200+CAP@1800
gauntlet/20261002-131010-scrim-g1drift80/replays/jonters.bling3__Randy__botB.bc24,jonters.bling3,1,B,g1drift80,1,2000,MORE_FLAG_CAPTURES,2,1689,213,43,0,0,0,0,6,46,195,185,9,21,889,1057,13,0,51,260,843,413,ATK@600+HEAL@1200+CAP@1800
gauntlet/20261002-131010-scrim-g1drift80/replays/jonters.bling3__Snake__botA.bc24,jonters.bling3,1,A,g1drift80,1,839,CAPTURE,3,287,221,13,0,0,0,0,184,82,660,266,12,13,878,941,24,0,288,243,231,112,ATK@600
gauntlet/20261002-131010-scrim-g1drift80/replays/jonters.bling3__Snake__botA.bc24,jonters.bling3,0,B,bling3,0,839,CAPTURE,0,-1,0,0,0,0,0,0,244,0,8180,9320,0,0,462,914,91,0,5,100,112,231,ATK@600
gauntlet/20261002-131010-scrim-g1drift80/replays/justinottesen.sprint1__Battlecode24__botB.bc24,justinottesen.sprint1,0,A,sprint1,0,953,CAPTURE,0,-1,622,1,0,0,0,0,193,0,7710,6060,0,5,127,471,62,0,0,75,87,552,ATK@600
gauntlet/20261002-131010-scrim-g1drift80/replays/justinottesen.sprint1__Battlecode24__botB.bc24,justinottesen.sprint1,1,B,g1drift80,1,953,CAPTURE,3,247,211,29,0,0,0,0,73,95,1992,303,12,12,863,558,24,0,262,421,552,87,ATK@600
gauntlet/20261002-131010-scrim-g1drift80/replays/justinottesen.sprint1__Joker__botA.bc24,justinottesen.sprint1,1,A,g1drift80,1,629,CAPTURE,3,306,230,22,0,0,0,0,2,113,4285,575,12,10,1141,597,24,0,239,266,237,83,ATK@600
gauntlet/20261002-131010-scrim-g1drift80/replays/justinottesen.sprint1__Joker__botA.bc24,justinottesen.sprint1,0,B,sprint1,0,629,CAPTURE,0,-1,0,0,0,0,0,0,18,0,16360,13150,0,3,216,908,117,0,0,96,83,237,ATK@600
gauntlet/20261002-131010-scrim-g1drift80/replays/justinottesen.sprint1__GaltonBoard__botB.bc24,justinottesen.sprint1,0,A,sprint1,0,1224,CAPTURE,1,457,431,2,0,0,0,0,10,10,100,120,0,2,156,742,146,0,0,211,166,1045,ATK@600
gauntlet/20261002-131010-scrim-g1drift80/replays/justinottesen.sprint1__GaltonBoard__botB.bc24,justinottesen.sprint1,1,B,g1drift80,1,1224,CAPTURE,3,682,329,9,0,0,0,0,11,19,170,240,3,31,1100,1000,1,0,71,242,1045,166,ATK@600+HEAL@1200
gauntlet/20261002-131010-scrim-g1drift80/replays/justinottesen.sprint1__Rivers__botB.bc24,justinottesen.sprint1,0,A,sprint1,0,467,CAPTURE,0,-1,0,0,0,0,0,0,45,0,2550,60,0,7,267,1366,21,0,0,23,26,249,
gauntlet/20261002-131010-scrim-g1drift80/replays/justinottesen.sprint1__Rivers__botB.bc24,justinottesen.sprint1,1,B,g1drift80,1,467,CAPTURE,3,413,307,12,0,0,0,0,29,28,165,190,4,3,1909,606,8,0,66,49,249,26,
gauntlet/20261002-131010-scrim-g1drift80/replays/justinottesen.sprint1__Hurricane__botB.bc24,justinottesen.sprint1,0,A,sprint1,0,1214,CAPTURE,0,-1,298,49,0,0,0,0,157,9,190,10,0,3,130,681,11,0,0,34,39,595,ATK@600
gauntlet/20261002-131010-scrim-g1drift80/replays/justinottesen.sprint1__Hurricane__botB.bc24,justinottesen.sprint1,1,B,g1drift80,1,1214,CAPTURE,3,708,215,19,0,0,0,0,57,43,200,230,8,2,950,225,12,0,55,240,595,39,ATK@600+HEAL@1200
gauntlet/20261002-131010-scrim-g1drift80/replays/jonters.bling3__Whirlpool__botB.bc24,jonters.bling3,0,A,bling3,0,2000,MORE_FLAG_CAPTURES,1,598,316,6,0,0,0,0,96,11,120,1240,0,6,644,1136,18,0,12,166,364,907,ATK@600+HEAL@1200+CAP@1800
gauntlet/20261002-131010-scrim-g1drift80/replays/jonters.bling3__Whirlpool__botB.bc24,jonters.bling3,1,B,g1drift80,1,2000,MORE_FLAG_CAPTURES,2,1369,680,14,0,0,0,0,79,22,203,263,4,17,1020,1136,5,0,39,260,907,364,ATK@600+HEAL@1200+CAP@1800
gauntlet/20261002-131010-scrim-g1drift80/replays/justinottesen.sprint1__StarryNight__botA.bc24,justinottesen.sprint1,1,A,g1drift80,1,939,CAPTURE,3,495,250,12,0,0,0,0,93,112,640,210,11,24,1388,720,24,0,119,302,710,68,ATK@600
gauntlet/20261002-131010-scrim-g1drift80/replays/justinottesen.sprint1__StarryNight__botA.bc24,justinottesen.sprint1,0,B,sprint1,0,939,CAPTURE,0,-1,345,12,0,0,0,0,148,56,266,206,5,12,200,922,73,0,0,97,68,710,ATK@600
gauntlet/20261002-131010-scrim-g1drift80/replays/quesswho.cretplayer2_3__Capacitance__botA.bc24,quesswho.cretplayer2_3,1,A,g1drift80,1,549,CAPTURE,3,339,219,5,0,0,0,0,19,44,185,230,7,3,863,890,13,0,61,49,92,37,
gauntlet/20261002-131010-scrim-g1drift80/replays/quesswho.cretplayer2_3__Capacitance__botA.bc24,quesswho.cretplayer2_3,0,B,cretplayer2_3,0,549,CAPTURE,1,274,247,9,0,3,8,0,21,0,5370,950,0,5,727,763,0,5,79,84,37,92,
