file,opp,us,team,name,won,rounds,wintype,captured,firstCapture,firstPickup,pickups,drops,setupFlagPickups,flagMoveDist,digs200,fills200,traps200,crumbs200,crumbs250,level200,defend300,atk400,heal400,expl400,water400,stun400,trapsHit,kills,deaths,upgrades
gauntlet/20261001-162912-scrim-b2hint/losses/CyrilSharma.finalBot__Bunkers__botA.bc24,CyrilSharma.finalBot,1,A,b2hint,0,412,CAPTURE,1,394,370,1,0,0,0,0,37,34,200,235,5,0,837,1187,8,0,46,52,67,65,
gauntlet/20261001-162912-scrim-b2hint/losses/CyrilSharma.finalBot__Bunkers__botA.bc24,CyrilSharma.finalBot,0,B,finalBot,1,412,CAPTURE,3,289,226,11,0,0,0,60,6,6,3445,515,12,10,1088,930,0,0,114,116,65,67,
gauntlet/20261001-162912-scrim-b2hint/losses/ColtG5.Goob_final__Swoop__botB.bc24,ColtG5.Goob_final,0,A,Goob_final,1,1082,CAPTURE,3,261,219,12,0,0,0,0,58,0,4960,30,0,8,1037,788,5,0,61,151,298,591,ATK@600
gauntlet/20261001-162912-scrim-b2hint/losses/ColtG5.Goob_final__Swoop__botB.bc24,ColtG5.Goob_final,1,B,b2hint,0,1082,CAPTURE,1,343,244,2,0,0,0,0,69,37,125,235,6,13,1147,1128,12,0,54,178,591,298,ATK@600
gauntlet/20261001-162912-scrim-b2hint/losses/ColtG5.Goob_final__SteamboatMickey__botB.bc24,ColtG5.Goob_final,0,A,Goob_final,1,1098,CAPTURE,3,345,272,11,0,0,0,0,48,0,8060,11400,0,9,1102,831,12,0,133,291,231,431,ATK@600
gauntlet/20261001-162912-scrim-b2hint/losses/ColtG5.Goob_final__SteamboatMickey__botB.bc24,ColtG5.Goob_final,1,B,b2hint,0,1098,CAPTURE,0,-1,0,0,0,0,0,0,5,76,615,295,11,0,1080,1480,24,0,93,185,431,231,ATK@600
gauntlet/20261001-162912-scrim-b2hint/losses/ColtG5.Goob_final__Ambush__botA.bc24,ColtG5.Goob_final,1,A,b2hint,0,2000,MORE_FLAG_CAPTURES,0,-1,219,2,0,0,0,0,38,27,165,265,4,19,1283,1455,6,0,49,221,1184,509,ATK@600+HEAL@1200+CAP@1800
gauntlet/20261001-162912-scrim-b2hint/losses/ColtG5.Goob_final__Ambush__botA.bc24,ColtG5.Goob_final,0,B,Goob_final,1,2000,MORE_FLAG_CAPTURES,2,252,205,14,0,0,0,0,53,0,3110,385,0,6,1221,1149,4,0,84,333,509,1184,ATK@600+HEAL@1200+CAP@1800
gauntlet/20261001-162912-scrim-b2hint/losses/CyrilSharma.finalBot__EvilGrin__botB.bc24,CyrilSharma.finalBot,0,A,finalBot,1,2000,MORE_FLAG_CAPTURES,1,411,356,34,0,0,0,60,28,0,2513,3392,12,3,1113,1080,0,0,133,588,661,701,ATK@600+HEAL@1200+CAP@1800
gauntlet/20261001-162912-scrim-b2hint/losses/CyrilSharma.finalBot__EvilGrin__botB.bc24,CyrilSharma.finalBot,1,B,b2hint,0,2000,MORE_FLAG_CAPTURES,0,-1,1209,2,0,0,0,0,46,22,178,163,3,17,1013,1189,9,0,45,203,701,661,ATK@600+HEAL@1200+CAP@1800
gauntlet/20261001-162912-scrim-b2hint/losses/ColtG5.Goob_final__EvilGrin__botA.bc24,ColtG5.Goob_final,1,A,b2hint,0,2000,MORE_FLAG_CAPTURES,0,-1,0,0,0,0,0,0,53,23,145,285,4,17,1236,1634,5,0,39,192,1350,467,ATK@600+HEAL@1200+CAP@1800
gauntlet/20261001-162912-scrim-b2hint/losses/ColtG5.Goob_final__EvilGrin__botA.bc24,ColtG5.Goob_final,0,B,Goob_final,1,2000,MORE_FLAG_CAPTURES,1,289,243,5,0,0,0,0,52,0,2840,2000,0,5,1097,948,12,0,83,310,467,1350,ATK@600+HEAL@1200+CAP@1800
gauntlet/20261001-162912-scrim-b2hint/losses/CyrilSharma.finalBot__OceanFloor__botA.bc24,CyrilSharma.finalBot,1,A,b2hint,0,835,CAPTURE,1,321,224,8,0,0,0,0,43,22,145,245,4,3,663,760,3,0,40,78,113,151,ATK@600
gauntlet/20261001-162912-scrim-b2hint/losses/CyrilSharma.finalBot__OceanFloor__botA.bc24,CyrilSharma.finalBot,0,B,finalBot,1,835,CAPTURE,3,358,234,22,0,0,0,60,5,1,2515,855,12,7,820,736,0,0,83,181,151,113,ATK@600
gauntlet/20261001-162912-scrim-b2hint/losses/Gymhgy.v10official__CH3353C4K3F4CT0RY__botA.bc24,Gymhgy.v10official,1,A,b2hint,0,415,CAPTURE,1,329,265,5,0,0,0,0,13,111,2780,280,12,23,1021,1287,24,0,130,137,44,59,
gauntlet/20261001-162912-scrim-b2hint/losses/Gymhgy.v10official__CH3353C4K3F4CT0RY__botA.bc24,Gymhgy.v10official,0,B,v10official,1,415,CAPTURE,3,336,293,24,17,3,21,90,5,3,13495,7045,18,0,1042,1509,39,3,135,129,59,44,
gauntlet/20261001-162912-scrim-b2hint/losses/Gymhgy.v10official__Backslash__botA.bc24,Gymhgy.v10official,1,A,b2hint,0,542,CAPTURE,0,-1,280,9,0,0,0,0,170,13,185,285,2,2,970,1197,18,0,110,126,69,50,
gauntlet/20261001-162912-scrim-b2hint/losses/Gymhgy.v10official__Backslash__botA.bc24,Gymhgy.v10official,0,B,v10official,1,542,CAPTURE,3,275,258,30,24,3,38,71,107,3,2438,7477,13,0,733,1231,41,3,87,106,50,69,
gauntlet/20261001-162912-scrim-b2hint/losses/Gymhgy.v10official__Asteroids__botA.bc24,Gymhgy.v10official,1,A,b2hint,0,582,CAPTURE,0,-1,284,14,0,0,0,0,33,20,135,180,3,14,599,901,3,0,38,33,22,69,
gauntlet/20261001-162912-scrim-b2hint/losses/Gymhgy.v10official__Asteroids__botA.bc24,Gymhgy.v10official,0,B,v10official,1,582,CAPTURE,3,307,254,28,21,3,12,88,29,3,599,459,17,0,696,1054,2,3,66,88,69,22,
gauntlet/20261001-162912-scrim-b2hint/losses/CyrilSharma.finalBot__Whirlpool__botA.bc24,CyrilSharma.finalBot,1,A,b2hint,0,2000,LEVEL_SUM,1,553,475,5,0,0,0,0,79,22,150,240,3,17,935,1281,6,0,33,199,775,799,ATK@600+HEAL@1200+CAP@1800
gauntlet/20261001-162912-scrim-b2hint/losses/CyrilSharma.finalBot__Whirlpool__botA.bc24,CyrilSharma.finalBot,0,B,finalBot,1,2000,LEVEL_SUM,1,966,391,35,0,0,0,34,49,0,3114,5972,6,11,698,1272,0,0,31,528,799,775,ATK@600+HEAL@1200+CAP@1800
gauntlet/20261001-162912-scrim-b2hint/losses/CyrilSharma.finalBot__Racetrack__botB.bc24,CyrilSharma.finalBot,0,A,finalBot,1,2000,MORE_FLAG_CAPTURES,2,572,508,9,0,0,0,12,38,0,1020,103,1,3,867,1186,0,0,14,319,506,677,ATK@600+HEAL@1200+CAP@1800
gauntlet/20261001-162912-scrim-b2hint/losses/CyrilSharma.finalBot__Racetrack__botB.bc24,CyrilSharma.finalBot,1,B,b2hint,0,2000,MORE_FLAG_CAPTURES,1,1629,806,12,0,0,0,0,62,3,140,150,0,15,1045,1204,1,0,18,173,677,506,ATK@600+HEAL@1200+CAP@1800
gauntlet/20261001-162912-scrim-b2hint/losses/Gymhgy.v10official__Decision__botB.bc24,Gymhgy.v10official,0,A,v10official,1,723,CAPTURE,3,383,274,65,51,3,15,90,72,2,503,63,18,3,807,1256,0,2,22,67,93,94,ATK@600
gauntlet/20261001-162912-scrim-b2hint/losses/Gymhgy.v10official__Decision__botB.bc24,Gymhgy.v10official,1,B,b2hint,0,723,CAPTURE,0,-1,304,17,0,0,0,0,76,15,145,230,2,5,876,1234,5,0,23,46,94,93,ATK@600
gauntlet/20261001-162912-scrim-b2hint/losses/Gymhgy.v10official__Klein__botB.bc24,Gymhgy.v10official,0,A,v10official,1,701,CAPTURE,3,366,273,31,20,3,41,45,162,2,4414,1284,8,0,919,1484,0,2,51,57,86,73,ATK@600
gauntlet/20261001-162912-scrim-b2hint/losses/Gymhgy.v10official__Klein__botB.bc24,Gymhgy.v10official,1,B,b2hint,0,701,CAPTURE,0,-1,568,5,0,0,0,0,90,48,175,225,8,18,1000,1374,15,0,47,75,73,86,ATK@600
gauntlet/20261001-162912-scrim-b2hint/losses/IvanGeffner.kuma__Occulus__botA.bc24,IvanGeffner.kuma,1,A,b2hint,0,631,CAPTURE,0,-1,0,0,0,0,0,0,16,33,175,300,5,16,1012,1399,5,0,52,66,75,228,ATK@600
gauntlet/20261001-162912-scrim-b2hint/losses/IvanGeffner.kuma__Occulus__botA.bc24,IvanGeffner.kuma,0,B,kuma,1,631,CAPTURE,3,321,293,8,4,0,0,90,14,6,1925,2900,18,3,1310,1451,8,0,130,186,228,75,ATK@600
gauntlet/20261001-162912-scrim-b2hint/losses/Gymhgy.v10official__DefaultLarge__botB.bc24,Gymhgy.v10official,0,A,v10official,1,2000,MORE_FLAG_CAPTURES,1,404,312,36,21,3,14,90,36,1,1571,21,18,0,1061,1665,0,1,81,344,408,442,ATK@600+HEAL@1200+CAP@1800
gauntlet/20261001-162912-scrim-b2hint/losses/Gymhgy.v10official__DefaultLarge__botB.bc24,Gymhgy.v10official,1,B,b2hint,0,2000,MORE_FLAG_CAPTURES,0,-1,406,19,0,0,0,0,47,21,185,165,3,24,1076,1446,9,0,42,187,442,408,ATK@600+HEAL@1200+CAP@1800
gauntlet/20261001-162912-scrim-b2hint/losses/IvanGeffner.kuma__Backslash__botA.bc24,IvanGeffner.kuma,1,A,b2hint,0,1881,CAPTURE,0,-1,0,0,0,0,0,0,172,15,155,230,2,27,900,1291,17,0,109,278,401,812,ATK@600+HEAL@1200+CAP@1800
gauntlet/20261001-162912-scrim-b2hint/losses/IvanGeffner.kuma__Backslash__botA.bc24,IvanGeffner.kuma,0,B,kuma,1,1881,CAPTURE,3,374,344,14,9,0,0,90,141,0,1727,2957,18,3,1162,1194,8,0,174,703,812,401,ATK@600+HEAL@1200+CAP@1800
gauntlet/20261001-162912-scrim-b2hint/losses/IvanGeffner.kuma__Swoop__botA.bc24,IvanGeffner.kuma,1,A,b2hint,0,534,CAPTURE,1,415,242,2,0,0,0,0,59,40,155,260,7,1,1010,1468,12,0,50,70,66,101,
gauntlet/20261001-162912-scrim-b2hint/losses/IvanGeffner.kuma__Swoop__botA.bc24,IvanGeffner.kuma,0,B,kuma,1,534,CAPTURE,3,304,231,36,21,0,0,90,66,4,2930,2485,18,4,1122,1316,6,0,67,93,101,66,
gauntlet/20261001-162912-scrim-b2hint/losses/IvanGeffner.kuma__Racetrack__botA.bc24,IvanGeffner.kuma,1,A,b2hint,0,1646,CAPTURE,0,-1,409,4,0,0,0,0,65,2,150,90,0,3,943,1505,1,0,9,117,387,684,ATK@600+HEAL@1200
gauntlet/20261001-162912-scrim-b2hint/losses/IvanGeffner.kuma__Racetrack__botA.bc24,IvanGeffner.kuma,0,B,kuma,1,1646,CAPTURE,3,530,486,80,49,0,0,54,57,0,25,14,10,12,888,1522,0,0,0,394,684,387,ATK@600+HEAL@1200
gauntlet/20261001-162912-scrim-b2hint/losses/NotLLeon.v3__Backslash__botA.bc24,NotLLeon.v3,1,A,b2hint,0,1275,CAPTURE,0,-1,432,5,0,0,0,0,170,15,180,225,2,18,853,1039,9,0,96,201,414,380,ATK@600+HEAL@1200
gauntlet/20261001-162912-scrim-b2hint/losses/NotLLeon.v3__Backslash__botA.bc24,NotLLeon.v3,0,B,v3,1,1275,CAPTURE,3,297,239,47,16,0,0,0,107,0,1290,4320,0,16,881,894,0,0,120,291,380,414,ATK@600+HEAL@1200
gauntlet/20261001-162912-scrim-b2hint/losses/NotLLeon.v3__ORV__botA.bc24,NotLLeon.v3,1,A,b2hint,0,680,CAPTURE,0,-1,429,2,0,0,0,0,34,35,150,275,6,5,795,1206,12,0,42,63,123,110,ATK@600
gauntlet/20261001-162912-scrim-b2hint/losses/NotLLeon.v3__ORV__botA.bc24,NotLLeon.v3,0,B,v3,1,680,CAPTURE,3,351,245,33,10,0,0,0,22,0,4940,5480,0,7,1054,1064,0,0,119,145,110,123,ATK@600
gauntlet/20261001-162912-scrim-b2hint/losses/NotLLeon.v3__Backslash__botB.bc24,NotLLeon.v3,0,A,v3,1,1204,CAPTURE,3,456,234,66,14,0,0,0,142,0,2640,5900,0,7,884,1015,0,0,129,261,330,358,ATK@600+HEAL@1200
gauntlet/20261001-162912-scrim-b2hint/losses/NotLLeon.v3__Backslash__botB.bc24,NotLLeon.v3,1,B,b2hint,0,1204,CAPTURE,0,-1,558,2,0,0,0,0,169,15,145,245,2,16,816,1141,20,0,111,197,358,330,ATK@600+HEAL@1200
gauntlet/20261001-162912-scrim-b2hint/losses/NotLLeon.v3__Pancakes__botB.bc24,NotLLeon.v3,0,A,v3,1,353,CAPTURE,3,320,262,16,5,0,0,0,7,0,2190,70,0,3,630,619,0,0,75,65,30,40,
gauntlet/20261001-162912-scrim-b2hint/losses/NotLLeon.v3__Pancakes__botB.bc24,NotLLeon.v3,1,B,b2hint,0,353,CAPTURE,0,-1,234,3,0,0,0,0,16,18,130,120,2,0,564,775,10,0,56,46,40,30,
gauntlet/20261001-162912-scrim-b2hint/losses/NotLLeon.v3__Gated__botB.bc24,NotLLeon.v3,0,A,v3,1,1968,CAPTURE,3,356,264,113,26,0,0,0,23,0,3210,2840,0,12,894,1031,0,0,64,342,631,606,ATK@600+HEAL@1200+CAP@1800
gauntlet/20261001-162912-scrim-b2hint/losses/NotLLeon.v3__Gated__botB.bc24,NotLLeon.v3,1,B,b2hint,0,1968,CAPTURE,1,604,294,7,0,0,0,0,30,26,174,49,4,15,777,1137,5,0,37,195,606,631,ATK@600+HEAL@1200+CAP@1800
gauntlet/20261001-162912-scrim-b2hint/losses/NotLLeon.v3__Waterworld__botB.bc24,NotLLeon.v3,0,A,v3,1,1857,CAPTURE,3,1041,476,42,12,0,0,0,262,0,2140,2210,0,5,877,1428,0,0,42,256,483,610,ATK@600+HEAL@1200+CAP@1800
gauntlet/20261001-162912-scrim-b2hint/losses/NotLLeon.v3__Waterworld__botB.bc24,NotLLeon.v3,1,B,b2hint,0,1857,CAPTURE,1,1117,426,10,0,0,0,0,221,62,350,240,11,4,974,1413,24,0,74,212,610,483,ATK@600+HEAL@1200+CAP@1800
gauntlet/20261001-162912-scrim-b2hint/losses/SampleProvider.TSPAARKSPRINT1__Foxes__botB.bc24,SampleProvider.TSPAARKSPRINT1,0,A,TSPAARKSPRINT1,1,1302,CAPTURE,3,456,293,29,0,3,31,0,29,2,8830,1710,0,7,572,1536,34,27,5,97,131,218,ATK@600+CAP@1200
gauntlet/20261001-162912-scrim-b2hint/losses/SampleProvider.TSPAARKSPRINT1__Foxes__botB.bc24,SampleProvider.TSPAARKSPRINT1,1,B,b2hint,0,1302,CAPTURE,0,-1,329,19,0,0,0,0,16,77,615,215,12,10,923,1208,24,0,73,207,218,131,ATK@600+HEAL@1200
gauntlet/20261001-162912-scrim-b2hint/losses/SampleProvider.TSPAARKSPRINT1__Soccer__botB.bc24,SampleProvider.TSPAARKSPRINT1,0,A,TSPAARKSPRINT1,1,1751,CAPTURE,3,507,277,90,0,3,29,0,48,2,3760,30,0,5,669,1644,5,27,5,101,176,802,ATK@600+CAP@1200
gauntlet/20261001-162912-scrim-b2hint/losses/SampleProvider.TSPAARKSPRINT1__Soccer__botB.bc24,SampleProvider.TSPAARKSPRINT1,1,B,b2hint,0,1751,CAPTURE,1,569,269,29,0,0,0,0,15,39,195,180,6,0,1203,1153,12,0,54,268,802,176,ATK@600+HEAL@1200
gauntlet/20261001-162912-scrim-b2hint/losses/Strequals.duck0127v5__Canals__botA.bc24,Strequals.duck0127v5,1,A,b2hint,0,523,CAPTURE,0,-1,300,2,0,0,0,0,0,61,175,295,11,25,772,1188,16,0,62,49,31,98,
gauntlet/20261001-162912-scrim-b2hint/losses/Strequals.duck0127v5__Canals__botA.bc24,Strequals.duck0127v5,0,B,duck0127v5,1,523,CAPTURE,3,381,345,6,0,0,0,90,67,2,3600,1990,18,2,999,1180,0,3,128,124,98,31,
gauntlet/20261001-162912-scrim-b2hint/losses/SampleProvider.TSPAARKSPRINT1__WheresMyWater__botA.bc24,SampleProvider.TSPAARKSPRINT1,1,A,b2hint,0,1137,CAPTURE,2,253,239,10,0,0,0,0,53,31,130,250,5,8,1355,1144,8,0,70,187,391,92,ATK@600
gauntlet/20261001-162912-scrim-b2hint/losses/SampleProvider.TSPAARKSPRINT1__WheresMyWater__botA.bc24,SampleProvider.TSPAARKSPRINT1,0,B,TSPAARKSPRINT1,1,1137,CAPTURE,3,595,290,49,0,3,4,0,169,2,30,20,0,16,629,1775,1,5,0,29,92,391,ATK@600
gauntlet/20261001-162912-scrim-b2hint/losses/SampleProvider.TSPAARKSPRINT1__Waterworld__botA.bc24,SampleProvider.TSPAARKSPRINT1,1,A,b2hint,0,1517,CAPTURE,2,513,292,50,0,0,0,0,194,62,219,39,10,3,918,738,24,0,101,261,490,117,ATK@600+HEAL@1200
gauntlet/20261001-162912-scrim-b2hint/losses/SampleProvider.TSPAARKSPRINT1__Waterworld__botA.bc24,SampleProvider.TSPAARKSPRINT1,0,B,TSPAARKSPRINT1,1,1517,CAPTURE,3,413,285,38,0,3,43,0,493,6,910,30,0,2,454,1244,0,24,4,49,117,490,ATK@600+CAP@1200
gauntlet/20261001-162912-scrim-b2hint/losses/Strequals.duck0127v5__MIT__botB.bc24,Strequals.duck0127v5,0,A,duck0127v5,1,812,CAPTURE,3,395,345,17,0,0,0,90,95,12,5180,34290,18,3,722,1013,0,3,93,166,135,97,ATK@600
gauntlet/20261001-162912-scrim-b2hint/losses/Strequals.duck0127v5__MIT__botB.bc24,Strequals.duck0127v5,1,B,b2hint,0,812,CAPTURE,1,666,444,8,0,0,0,0,36,63,655,280,10,24,734,952,24,0,152,168,97,135,ATK@600
gauntlet/20261001-162912-scrim-b2hint/losses/Strequals.duck0127v5__Divergent__botB.bc24,Strequals.duck0127v5,0,A,duck0127v5,1,2000,LEVEL_SUM,0,-1,390,18,0,0,0,90,21,3,3427,1812,18,12,780,1052,0,3,75,265,405,254,ATK@600+HEAL@1200+CAP@1800
gauntlet/20261001-162912-scrim-b2hint/losses/Strequals.duck0127v5__Divergent__botB.bc24,Strequals.duck0127v5,1,B,b2hint,0,2000,LEVEL_SUM,0,-1,267,20,0,0,0,0,34,42,159,219,7,4,595,1155,20,0,35,183,254,405,ATK@600+HEAL@1200+CAP@1800
gauntlet/20261001-162912-scrim-b2hint/losses/andli28.v9_USQuals_angle__Canals__botA.bc24,andli28.v9_USQuals_angle,1,A,b2hint,0,1043,CAPTURE,0,-1,0,0,0,0,0,0,0,59,145,215,11,19,858,1515,18,0,55,134,154,348,ATK@600
gauntlet/20261001-162912-scrim-b2hint/losses/andli28.v9_USQuals_angle__Canals__botA.bc24,andli28.v9_USQuals_angle,0,B,v9_USQuals_angle,1,1043,CAPTURE,3,433,305,21,0,0,0,90,0,5,5295,4995,18,3,986,1316,13,3,89,313,348,154,ATK@600
gauntlet/20261001-162912-scrim-b2hint/losses/andli28.v9_USQuals_angle__Battlecode24__botB.bc24,andli28.v9_USQuals_angle,0,A,v9_USQuals_angle,1,2000,MORE_FLAG_CAPTURES,2,508,289,16,0,0,0,73,51,4,11689,25785,15,3,911,1212,14,2,72,344,531,313,ATK@600+HEAL@1200+CAP@1800
gauntlet/20261001-162912-scrim-b2hint/losses/andli28.v9_USQuals_angle__Battlecode24__botB.bc24,andli28.v9_USQuals_angle,1,B,b2hint,0,2000,MORE_FLAG_CAPTURES,1,462,353,1,0,0,0,0,75,95,1898,268,12,20,917,1198,24,0,122,283,313,531,ATK@600+HEAL@1200+CAP@1800
gauntlet/20261001-162912-scrim-b2hint/losses/Strequals.duck0127v5__Rainbow__botA.bc24,Strequals.duck0127v5,1,A,b2hint,0,2000,MORE_FLAG_CAPTURES,0,-1,361,4,0,0,0,0,52,56,140,255,10,0,663,1146,19,0,56,224,260,617,ATK@600+HEAL@1200+CAP@1800
gauntlet/20261001-162912-scrim-b2hint/losses/Strequals.duck0127v5__Rainbow__botA.bc24,Strequals.duck0127v5,0,B,duck0127v5,1,2000,MORE_FLAG_CAPTURES,2,325,260,15,0,0,0,90,34,18,5526,3816,18,3,843,1106,0,3,97,434,617,260,ATK@600+HEAL@1200+CAP@1800
gauntlet/20261001-162912-scrim-b2hint/losses/Strequals.duck0127v5__MazeRunner__botA.bc24,Strequals.duck0127v5,1,A,b2hint,0,2000,MORE_FLAG_CAPTURES,0,-1,524,6,0,0,0,0,72,20,20,210,3,4,616,1127,18,0,52,205,227,397,ATK@600+HEAL@1200+CAP@1800
gauntlet/20261001-162912-scrim-b2hint/losses/Strequals.duck0127v5__MazeRunner__botA.bc24,Strequals.duck0127v5,0,B,duck0127v5,1,2000,MORE_FLAG_CAPTURES,2,1084,1017,14,0,0,0,90,45,2,2614,3079,18,3,720,1107,0,2,26,257,397,227,ATK@600+HEAL@1200+CAP@1800
gauntlet/20261001-162912-scrim-b2hint/losses/andli28.v9_USQuals_angle__EvilGrin__botB.bc24,andli28.v9_USQuals_angle,0,A,v9_USQuals_angle,1,598,CAPTURE,3,355,260,29,0,0,0,86,36,6,1601,4061,18,3,983,1015,14,3,108,174,126,92,
gauntlet/20261001-162912-scrim-b2hint/losses/andli28.v9_USQuals_angle__EvilGrin__botB.bc24,andli28.v9_USQuals_angle,1,B,b2hint,0,598,CAPTURE,0,-1,369,5,0,0,0,0,52,22,145,265,3,0,964,1374,6,0,36,58,92,126,
gauntlet/20261001-162912-scrim-b2hint/losses/andrewgopher.player22__ORV__botA.bc24,andrewgopher.player22,1,A,b2hint,0,449,CAPTURE,0,-1,0,0,0,0,0,0,30,38,200,215,6,22,955,1411,11,0,50,52,105,115,
gauntlet/20261001-162912-scrim-b2hint/losses/andrewgopher.player22__ORV__botA.bc24,andrewgopher.player22,0,B,player22,1,449,CAPTURE,3,317,243,10,0,3,0,0,56,0,3920,1610,0,1,1376,703,5,0,108,67,115,105,
gauntlet/20261001-162912-scrim-b2hint/losses/andli28.v9_USQuals_angle__Valentine__botA.bc24,andli28.v9_USQuals_angle,1,A,b2hint,0,2000,MORE_FLAG_CAPTURES,0,-1,0,0,0,0,0,0,0,38,155,210,7,17,753,1207,6,0,56,202,369,482,ATK@600+HEAL@1200+CAP@1800
gauntlet/20261001-162912-scrim-b2hint/losses/andli28.v9_USQuals_angle__Valentine__botA.bc24,andli28.v9_USQuals_angle,0,B,v9_USQuals_angle,1,2000,MORE_FLAG_CAPTURES,2,618,285,25,0,0,0,90,0,6,2445,3605,18,4,935,1203,8,3,80,448,482,369,ATK@600+HEAL@1200+CAP@1800
gauntlet/20261001-162912-scrim-b2hint/losses/andli28.v9_USQuals_angle__Joker__botB.bc24,andli28.v9_USQuals_angle,0,A,v9_USQuals_angle,1,2000,MORE_FLAG_CAPTURES,2,596,401,10,0,0,0,84,0,6,15041,23491,18,10,877,1097,10,3,77,439,549,322,ATK@600+HEAL@1200+CAP@1800
gauntlet/20261001-162912-scrim-b2hint/losses/andli28.v9_USQuals_angle__Joker__botB.bc24,andli28.v9_USQuals_angle,1,B,b2hint,0,2000,MORE_FLAG_CAPTURES,0,-1,224,5,0,0,0,0,1,103,5320,260,12,11,997,1105,24,0,193,339,322,549,ATK@600+HEAL@1200+CAP@1800
gauntlet/20261001-162912-scrim-b2hint/losses/andrewgopher.player22__StackGame__botB.bc24,andrewgopher.player22,0,A,player22,1,342,CAPTURE,3,290,250,7,0,3,0,0,48,0,5560,130,0,4,962,509,1,0,77,51,44,67,
gauntlet/20261001-162912-scrim-b2hint/losses/andrewgopher.player22__StackGame__botB.bc24,andrewgopher.player22,1,B,b2hint,0,342,CAPTURE,0,-1,0,0,0,0,0,0,35,52,150,250,9,19,714,1152,12,0,54,44,67,44,
gauntlet/20261001-162912-scrim-b2hint/losses/andrewgopher.player22__Digging__botB.bc24,andrewgopher.player22,0,A,player22,1,1476,CAPTURE,3,348,322,16,0,3,0,0,26,0,2320,30,0,7,1209,793,1,0,58,319,802,677,ATK@600+HEAL@1200
gauntlet/20261001-162912-scrim-b2hint/losses/andrewgopher.player22__Digging__botB.bc24,andrewgopher.player22,1,B,b2hint,0,1476,CAPTURE,0,-1,376,1,0,0,0,0,11,27,155,305,4,21,1066,1538,1,0,59,175,677,802,ATK@600+HEAL@1200
gauntlet/20261001-162912-scrim-b2hint/losses/andrewgopher.player22__Mountain__botA.bc24,andrewgopher.player22,1,A,b2hint,0,2000,MORE_FLAG_CAPTURES,0,-1,316,1,0,0,0,0,36,44,205,305,8,25,948,1178,13,0,61,240,1022,856,ATK@600+HEAL@1200+CAP@1800
gauntlet/20261001-162912-scrim-b2hint/losses/andrewgopher.player22__Mountain__botA.bc24,andrewgopher.player22,0,B,player22,1,2000,MORE_FLAG_CAPTURES,2,1792,554,28,0,3,0,0,41,0,5270,6160,0,9,990,915,12,0,46,336,856,1022,ATK@600+HEAL@1200+CAP@1800
gauntlet/20261001-162912-scrim-b2hint/losses/chenyx512.flagbot_final__AceOfSpades__botB.bc24,chenyx512.flagbot_final,0,A,flagbot_final,1,844,CAPTURE,3,306,233,10,0,3,38,90,82,0,431,17251,18,32,1232,1490,0,0,214,399,389,76,ATK@600
gauntlet/20261001-162912-scrim-b2hint/losses/chenyx512.flagbot_final__AceOfSpades__botB.bc24,chenyx512.flagbot_final,1,B,b2hint,0,844,CAPTURE,1,590,230,11,0,0,0,0,10,31,205,255,5,2,877,1251,10,0,44,91,76,389,ATK@600
gauntlet/20261001-162912-scrim-b2hint/losses/chenyx512.flagbot_final__Skyline__botB.bc24,chenyx512.flagbot_final,0,A,flagbot_final,1,993,CAPTURE,3,550,519,15,0,3,51,90,260,10,14460,12970,18,1,944,1534,0,0,191,419,345,91,ATK@600
gauntlet/20261001-162912-scrim-b2hint/losses/chenyx512.flagbot_final__Skyline__botB.bc24,chenyx512.flagbot_final,1,B,b2hint,0,993,CAPTURE,2,268,226,12,0,0,0,0,102,100,9295,275,9,9,952,1218,24,0,192,272,91,345,ATK@600
gauntlet/20261001-162912-scrim-b2hint/losses/chenyx512.flagbot_final__Racetrack__botA.bc24,chenyx512.flagbot_final,1,A,b2hint,0,1132,CAPTURE,0,-1,781,2,0,0,0,0,66,2,120,120,0,3,1108,1876,1,0,18,78,105,472,ATK@600
gauntlet/20261001-162912-scrim-b2hint/losses/chenyx512.flagbot_final__Racetrack__botA.bc24,chenyx512.flagbot_final,0,B,flagbot_final,1,1132,CAPTURE,3,619,515,23,0,3,16,40,60,0,18,21,7,3,1156,1961,0,0,4,150,472,105,ATK@600
gauntlet/20261001-162912-scrim-b2hint/losses/andrewgopher.player22__TwistedTreeline__botB.bc24,andrewgopher.player22,0,A,player22,1,2000,MORE_FLAG_CAPTURES,2,409,261,16,2,3,0,0,68,0,2760,70,0,4,1288,563,5,0,46,393,765,826,ATK@600+HEAL@1200+CAP@1800
gauntlet/20261001-162912-scrim-b2hint/losses/andrewgopher.player22__TwistedTreeline__botB.bc24,andrewgopher.player22,1,B,b2hint,0,2000,MORE_FLAG_CAPTURES,0,-1,0,0,0,0,0,0,60,24,165,265,4,1,931,1399,6,0,44,203,826,765,ATK@600+HEAL@1200+CAP@1800
gauntlet/20261001-162912-scrim-b2hint/losses/chenyx512.flagbot_final__Swoop__botA.bc24,chenyx512.flagbot_final,1,A,b2hint,0,912,CAPTURE,0,-1,228,8,0,0,0,0,68,37,185,215,7,13,828,1276,12,0,45,107,59,379,ATK@600
gauntlet/20261001-162912-scrim-b2hint/losses/chenyx512.flagbot_final__Swoop__botA.bc24,chenyx512.flagbot_final,0,B,flagbot_final,1,912,CAPTURE,3,529,243,20,0,3,29,90,164,1,428,13,18,9,1017,1507,0,0,43,237,379,59,ATK@600
gauntlet/20261001-162912-scrim-b2hint/losses/chenyx512.flagbot_final__Divergent__botB.bc24,chenyx512.flagbot_final,0,A,flagbot_final,1,2000,MORE_FLAG_CAPTURES,2,686,375,27,0,3,27,90,139,0,692,272,18,3,833,1255,0,0,59,523,867,220,ATK@600+HEAL@1200+CAP@1800
gauntlet/20261001-162912-scrim-b2hint/losses/chenyx512.flagbot_final__Divergent__botB.bc24,chenyx512.flagbot_final,1,B,b2hint,0,2000,MORE_FLAG_CAPTURES,1,1305,261,5,0,0,0,0,35,36,189,249,6,10,766,1215,12,0,45,199,220,867,ATK@600+HEAL@1200+CAP@1800
gauntlet/20261001-162912-scrim-b2hint/losses/hsmalladi.finalbot__AceOfSpades__botA.bc24,hsmalladi.finalbot,1,A,b2hint,0,352,CAPTURE,0,-1,0,0,0,0,0,0,8,32,175,245,6,7,616,907,13,0,47,56,57,49,
gauntlet/20261001-162912-scrim-b2hint/losses/hsmalladi.finalbot__AceOfSpades__botA.bc24,hsmalladi.finalbot,0,B,finalbot,1,352,CAPTURE,3,350,243,25,1,3,14,60,22,0,2633,8683,12,0,790,553,9,3,200,168,49,57,
gauntlet/20261001-162912-scrim-b2hint/losses/clbarrell.duck8__AceOfSpades__botB.bc24,clbarrell.duck8,0,A,duck8,1,478,CAPTURE,3,318,276,6,0,0,0,0,16,30,60,10150,2,5,754,866,7,0,196,164,58,83,
gauntlet/20261001-162912-scrim-b2hint/losses/clbarrell.duck8__AceOfSpades__botB.bc24,clbarrell.duck8,1,B,b2hint,0,478,CAPTURE,1,309,260,3,0,0,0,0,9,33,255,255,5,1,892,1018,9,0,63,70,83,58,
gauntlet/20261001-162912-scrim-b2hint/losses/hsmalladi.finalbot__ORV__botB.bc24,hsmalladi.finalbot,0,A,finalbot,1,355,CAPTURE,3,316,256,19,3,3,25,60,56,0,3141,91,12,0,684,676,10,4,71,78,42,39,
gauntlet/20261001-162912-scrim-b2hint/losses/hsmalladi.finalbot__ORV__botB.bc24,hsmalladi.finalbot,1,B,b2hint,0,355,CAPTURE,0,-1,235,3,0,0,0,0,33,37,219,229,6,0,634,823,14,0,47,32,39,42,
gauntlet/20261001-162912-scrim-b2hint/losses/hsmalladi.finalbot__WheresMyWater__botA.bc24,hsmalladi.finalbot,1,A,b2hint,0,397,CAPTURE,0,-1,259,2,0,0,0,0,53,28,190,240,4,0,858,1118,10,0,33,41,61,66,
gauntlet/20261001-162912-scrim-b2hint/losses/hsmalladi.finalbot__WheresMyWater__botA.bc24,hsmalladi.finalbot,0,B,finalbot,1,397,CAPTURE,3,240,215,25,12,3,16,34,78,8,1713,146,6,4,1054,863,2,2,65,62,66,61,
gauntlet/20261001-162912-scrim-b2hint/losses/chenyx512.flagbot_final__Tunnels__botB.bc24,chenyx512.flagbot_final,0,A,flagbot_final,1,2000,MORE_FLAG_CAPTURES,1,910,871,29,0,3,25,90,121,0,40,695,18,3,683,1213,0,0,22,435,459,431,ATK@600+HEAL@1200+CAP@1800
gauntlet/20261001-162912-scrim-b2hint/losses/chenyx512.flagbot_final__Tunnels__botB.bc24,chenyx512.flagbot_final,1,B,b2hint,0,2000,MORE_FLAG_CAPTURES,0,-1,0,0,0,0,0,0,63,24,185,285,4,21,747,1298,5,0,44,201,431,459,ATK@600+HEAL@1200+CAP@1800
gauntlet/20261001-162912-scrim-b2hint/losses/clbarrell.duck8__GaltonBoard__botB.bc24,clbarrell.duck8,0,A,duck8,1,2000,LEVEL_SUM,1,315,290,3,0,0,0,0,3,21,150,29970,3,3,917,1071,1,0,167,512,561,1063,ATK@750+HEAL@1500
gauntlet/20261001-162912-scrim-b2hint/losses/clbarrell.duck8__GaltonBoard__botB.bc24,clbarrell.duck8,1,B,b2hint,0,2000,LEVEL_SUM,1,248,225,2,0,0,0,0,12,19,140,260,3,26,1107,1198,1,0,46,209,1063,561,ATK@600+HEAL@1200+CAP@1800
gauntlet/20261001-162912-scrim-b2hint/losses/hsmalladi.finalbot__WheresMyWater__botB.bc24,hsmalladi.finalbot,0,A,finalbot,1,807,CAPTURE,3,265,244,32,4,3,27,45,78,3,1902,132,8,0,1083,1071,6,2,63,126,217,230,ATK@600
gauntlet/20261001-162912-scrim-b2hint/losses/hsmalladi.finalbot__WheresMyWater__botB.bc24,hsmalladi.finalbot,1,B,b2hint,0,807,CAPTURE,0,-1,426,7,0,0,0,0,49,32,175,195,5,1,971,1562,9,0,37,91,230,217,ATK@600
gauntlet/20261001-162912-scrim-b2hint/losses/jmerle.camel_case_v21_final__Battlecode24__botA.bc24,jmerle.camel_case_v21_final,1,A,b2hint,0,516,CAPTURE,0,-1,0,0,0,0,0,0,62,94,2411,251,12,19,718,962,24,0,139,154,125,151,
gauntlet/20261001-162912-scrim-b2hint/losses/jmerle.camel_case_v21_final__Battlecode24__botA.bc24,jmerle.camel_case_v21_final,0,B,camel_case_v21_final,1,516,CAPTURE,3,392,302,7,0,0,0,0,87,0,9390,17150,0,3,1219,353,0,0,273,293,151,125,
gauntlet/20261001-162912-scrim-b2hint/losses/jmerle.camel_case_v21_final__Canals__botA.bc24,jmerle.camel_case_v21_final,1,A,b2hint,0,687,CAPTURE,0,-1,0,0,0,0,0,0,0,58,200,230,10,2,771,1200,18,0,56,78,215,225,ATK@600
gauntlet/20261001-162912-scrim-b2hint/losses/jmerle.camel_case_v21_final__Canals__botA.bc24,jmerle.camel_case_v21_final,0,B,camel_case_v21_final,1,687,CAPTURE,3,327,269,9,0,0,0,0,0,0,7000,3580,0,1,1439,520,0,0,119,173,225,215,ATK@600
gauntlet/20261001-162912-scrim-b2hint/losses/jmerle.camel_case_v21_final__StackGame__botA.bc24,jmerle.camel_case_v21_final,1,A,b2hint,0,397,CAPTURE,0,-1,0,0,0,0,0,0,31,52,195,235,9,1,844,1390,13,0,59,58,91,87,
gauntlet/20261001-162912-scrim-b2hint/losses/jmerle.camel_case_v21_final__StackGame__botA.bc24,jmerle.camel_case_v21_final,0,B,camel_case_v21_final,1,397,CAPTURE,3,284,234,8,0,0,0,0,26,0,6220,2210,0,4,1344,472,0,0,101,99,87,91,
gauntlet/20261001-162912-scrim-b2hint/losses/jmerle.camel_case_v21_final__Fountain__botA.bc24,jmerle.camel_case_v21_final,1,A,b2hint,0,745,CAPTURE,0,-1,397,3,0,0,0,0,44,20,150,290,4,23,1059,1686,9,0,38,70,367,136,ATK@600
gauntlet/20261001-162912-scrim-b2hint/losses/jmerle.camel_case_v21_final__Fountain__botA.bc24,jmerle.camel_case_v21_final,0,B,camel_case_v21_final,1,745,CAPTURE,3,312,258,13,0,0,0,0,24,0,2980,40,0,9,1163,447,0,0,23,54,136,367,ATK@600
gauntlet/20261001-162912-scrim-b2hint/losses/jmerle.camel_case_v21_final__Swoop__botA.bc24,jmerle.camel_case_v21_final,1,A,b2hint,0,498,CAPTURE,1,280,230,5,0,0,0,0,66,41,165,235,7,18,886,1331,9,0,58,67,131,112,
gauntlet/20261001-162912-scrim-b2hint/losses/jmerle.camel_case_v21_final__Swoop__botA.bc24,jmerle.camel_case_v21_final,0,B,camel_case_v21_final,1,498,CAPTURE,3,306,241,13,0,0,0,0,42,0,5440,3230,0,3,1340,549,0,0,85,94,112,131,
gauntlet/20261001-162912-scrim-b2hint/losses/jonters.bling3__Bunkers__botA.bc24,jonters.bling3,1,A,b2hint,0,623,CAPTURE,1,283,222,5,0,0,0,0,23,39,185,255,7,8,1196,1443,8,0,54,83,162,121,ATK@600
gauntlet/20261001-162912-scrim-b2hint/losses/jonters.bling3__Bunkers__botA.bc24,jonters.bling3,0,B,bling3,1,623,CAPTURE,3,307,252,18,0,0,0,0,66,16,20,380,0,10,853,1591,21,0,0,36,121,162,ATK@600
gauntlet/20261001-162912-scrim-b2hint/losses/jmerle.camel_case_v21_final__YearOfTheDragon__botA.bc24,jmerle.camel_case_v21_final,1,A,b2hint,0,1001,CAPTURE,1,451,237,7,0,0,0,0,11,108,625,305,11,20,773,1083,24,0,110,179,398,376,ATK@600
gauntlet/20261001-162912-scrim-b2hint/losses/jmerle.camel_case_v21_final__YearOfTheDragon__botA.bc24,jmerle.camel_case_v21_final,0,B,camel_case_v21_final,1,1001,CAPTURE,3,373,283,8,0,0,0,0,7,5,12490,5610,0,2,1129,401,0,0,145,303,376,398,ATK@600
gauntlet/20261001-162912-scrim-b2hint/losses/kyleezz.jeeryfix3__Backslash__botB.bc24,kyleezz.jeeryfix3,0,A,jeeryfix3,1,2000,MORE_FLAG_CAPTURES,2,274,241,10,0,0,0,0,236,0,20,7260,0,5,1074,666,0,0,129,371,561,1377,ATK@600+CAP@1200+HEAL@1800
gauntlet/20261001-162912-scrim-b2hint/losses/kyleezz.jeeryfix3__Backslash__botB.bc24,kyleezz.jeeryfix3,1,B,b2hint,0,2000,MORE_FLAG_CAPTURES,0,-1,401,6,0,0,0,0,174,16,145,216,2,2,1113,1273,14,0,90,270,1377,561,ATK@600+HEAL@1200+CAP@1800
gauntlet/20261001-162912-scrim-b2hint/losses/kyleezz.jeeryfix3__BedWars__botA.bc24,kyleezz.jeeryfix3,1,A,b2hint,0,2000,MORE_FLAG_CAPTURES,0,-1,0,0,0,0,0,0,0,42,180,20,7,5,84,117,8,0,37,11,10,0,ATK@600+HEAL@1200+CAP@1800
gauntlet/20261001-162912-scrim-b2hint/losses/kyleezz.jeeryfix3__BedWars__botA.bc24,kyleezz.jeeryfix3,0,B,jeeryfix3,1,2000,MORE_FLAG_CAPTURES,1,287,246,4,0,0,0,0,0,0,4800,1660,0,2,59,38,0,0,12,5,0,10,ATK@600+CAP@1200+HEAL@1800
gauntlet/20261001-162912-scrim-b2hint/losses/quesswho.cretplayer2_3__AceOfSpades__botA.bc24,quesswho.cretplayer2_3,1,A,b2hint,0,856,CAPTURE,2,291,238,7,0,0,0,0,12,34,175,205,6,0,855,993,8,0,59,80,130,102,ATK@600
gauntlet/20261001-162912-scrim-b2hint/losses/quesswho.cretplayer2_3__AceOfSpades__botA.bc24,quesswho.cretplayer2_3,0,B,cretplayer2_3,1,856,CAPTURE,3,322,242,14,0,3,22,0,13,0,3810,9260,0,3,985,812,0,3,227,254,102,130,ATK@600
gauntlet/20261001-162912-scrim-b2hint/losses/kyleezz.jeeryfix3__Klein__botB.bc24,kyleezz.jeeryfix3,0,A,jeeryfix3,1,2000,MORE_FLAG_CAPTURES,2,250,221,20,0,0,0,0,259,0,930,10,0,8,851,994,0,0,34,213,413,1287,ATK@600+CAP@1200+HEAL@1800
gauntlet/20261001-162912-scrim-b2hint/losses/kyleezz.jeeryfix3__Klein__botB.bc24,kyleezz.jeeryfix3,1,B,b2hint,0,2000,MORE_FLAG_CAPTURES,1,1576,358,11,0,0,0,0,82,51,150,170,9,5,1013,1309,14,0,50,360,1287,413,ATK@600+HEAL@1200+CAP@1800
gauntlet/20261001-162912-scrim-b2hint/losses/quesswho.cretplayer2_3__Checkered__botA.bc24,quesswho.cretplayer2_3,1,A,b2hint,0,418,CAPTURE,0,-1,228,1,0,0,0,0,0,59,240,260,10,0,811,967,20,0,62,57,91,53,
gauntlet/20261001-162912-scrim-b2hint/losses/quesswho.cretplayer2_3__Checkered__botA.bc24,quesswho.cretplayer2_3,0,B,cretplayer2_3,1,418,CAPTURE,3,293,229,14,0,3,17,0,0,0,7200,1240,0,3,795,697,0,4,85,79,53,91,
gauntlet/20261001-162912-scrim-b2hint/losses/quesswho.cretplayer2_3__BigDucksBigPond__botA.bc24,quesswho.cretplayer2_3,1,A,b2hint,0,855,CAPTURE,1,594,330,20,0,0,0,0,85,37,150,220,7,2,760,867,18,0,67,143,248,113,ATK@600
gauntlet/20261001-162912-scrim-b2hint/losses/quesswho.cretplayer2_3__BigDucksBigPond__botA.bc24,quesswho.cretplayer2_3,0,B,cretplayer2_3,1,855,CAPTURE,3,412,260,10,0,3,36,0,44,0,5880,980,0,3,640,801,0,5,58,77,113,248,ATK@600
gauntlet/20261001-162912-scrim-b2hint/losses/winkelmantanner.waffle__Islands__botB.bc24,winkelmantanner.waffle,0,A,waffle,1,583,CAPTURE,3,302,229,32,0,0,0,0,39,66,515,355,5,7,1123,1008,0,0,92,112,73,220,
gauntlet/20261001-162912-scrim-b2hint/losses/winkelmantanner.waffle__Islands__botB.bc24,winkelmantanner.waffle,1,B,b2hint,0,583,CAPTURE,1,508,445,4,0,0,0,0,67,54,130,290,10,10,1216,1663,13,0,59,90,220,73,
gauntlet/20261001-162912-scrim-b2hint/losses/quesswho.cretplayer2_3__ORV__botA.bc24,quesswho.cretplayer2_3,1,A,b2hint,0,2000,MORE_FLAG_CAPTURES,0,-1,459,6,0,0,0,0,32,36,170,230,6,4,1083,1194,12,0,50,211,850,729,ATK@600+HEAL@1200+CAP@1800
gauntlet/20261001-162912-scrim-b2hint/losses/quesswho.cretplayer2_3__ORV__botA.bc24,quesswho.cretplayer2_3,0,B,cretplayer2_3,1,2000,MORE_FLAG_CAPTURES,2,407,242,94,0,3,21,0,23,0,4910,930,0,4,1042,905,0,3,104,324,729,850,ATK@600+HEAL@1200+CAP@1800
gauntlet/20261001-162912-scrim-b2hint/losses/winkelmantanner.waffle__Puzzle__botA.bc24,winkelmantanner.waffle,1,A,b2hint,0,622,CAPTURE,2,472,232,10,0,0,0,0,1,23,135,485,4,1,871,947,23,0,108,136,173,81,ATK@600
gauntlet/20261001-162912-scrim-b2hint/losses/winkelmantanner.waffle__Puzzle__botA.bc24,winkelmantanner.waffle,0,B,waffle,1,622,CAPTURE,3,390,250,32,0,0,0,0,0,3,2100,4580,0,6,809,855,0,0,117,138,81,173,ATK@600
gauntlet/20261001-162912-scrim-b2hint/losses/quesswho.cretplayer2_3__Waterworld__botB.bc24,quesswho.cretplayer2_3,0,A,cretplayer2_3,1,2000,MORE_FLAG_CAPTURES,2,388,262,25,0,3,8,0,306,0,7120,2212,0,3,1024,963,0,5,131,293,305,1279,ATK@600+HEAL@1200+CAP@1800
gauntlet/20261001-162912-scrim-b2hint/losses/quesswho.cretplayer2_3__Waterworld__botB.bc24,quesswho.cretplayer2_3,1,B,b2hint,0,2000,MORE_FLAG_CAPTURES,0,-1,332,17,0,0,0,0,205,60,53,213,10,0,909,942,24,0,72,243,1279,305,ATK@600+HEAL@1200+CAP@1800
gauntlet/20261001-162912-scrim-b2hint/losses/winkelmantanner.waffle__Soccer__botB.bc24,winkelmantanner.waffle,0,A,waffle,1,884,CAPTURE,3,353,258,30,0,0,0,0,15,19,3060,1070,1,4,1133,856,0,0,88,149,205,409,ATK@600
gauntlet/20261001-162912-scrim-b2hint/losses/winkelmantanner.waffle__Soccer__botB.bc24,winkelmantanner.waffle,1,B,b2hint,0,884,CAPTURE,2,559,370,4,0,0,0,0,19,41,138,208,7,0,1035,1130,10,0,49,114,409,205,ATK@600
gauntlet/20261001-162912-scrim-b2hint/losses/winkelmantanner.waffle__Tunnels__botB.bc24,winkelmantanner.waffle,0,A,waffle,1,514,CAPTURE,3,312,245,12,0,0,0,0,27,3,3690,1390,0,7,1001,1210,0,0,62,74,77,103,
gauntlet/20261001-162912-scrim-b2hint/losses/winkelmantanner.waffle__Tunnels__botB.bc24,winkelmantanner.waffle,1,B,b2hint,0,514,CAPTURE,0,-1,0,0,0,0,0,0,59,25,170,285,4,11,969,1232,5,0,48,58,103,77,
gauntlet/20261001-162912-scrim-b2hint/replays/SampleProvider.TSPAARKSPRINT1__QuestionableChess__botB.bc24,SampleProvider.TSPAARKSPRINT1,0,A,TSPAARKSPRINT1,0,489,CAPTURE,1,391,324,7,0,3,23,0,73,2,10,30,0,21,627,1354,0,3,0,1,22,72,
gauntlet/20261001-162912-scrim-b2hint/replays/SampleProvider.TSPAARKSPRINT1__QuestionableChess__botB.bc24,SampleProvider.TSPAARKSPRINT1,1,B,b2hint,1,489,CAPTURE,3,432,238,14,0,0,0,0,56,5,120,170,1,5,1069,1032,1,0,23,27,72,22,
gauntlet/20261001-162912-scrim-b2hint/replays/ColtG5.Goob_final__Joker__botB.bc24,ColtG5.Goob_final,0,A,Goob_final,0,2000,LEVEL_SUM,1,458,346,3,0,0,0,0,23,0,16210,16850,0,5,939,644,12,0,109,401,521,1303,ATK@600+HEAL@1200+CAP@1800
gauntlet/20261001-162912-scrim-b2hint/replays/ColtG5.Goob_final__Joker__botB.bc24,ColtG5.Goob_final,1,B,b2hint,1,2000,LEVEL_SUM,1,1822,1799,2,0,0,0,0,4,112,4340,290,12,8,1132,1246,24,0,222,400,1303,521,ATK@600+HEAL@1200+CAP@1800
gauntlet/20261001-162912-scrim-b2hint/replays/ColtG5.Goob_final__Gated__botA.bc24,ColtG5.Goob_final,1,A,b2hint,1,2000,LEVEL_SUM,1,1866,1830,2,0,0,0,0,29,26,125,245,4,22,1128,1444,6,0,52,242,1132,365,ATK@600+HEAL@1200+CAP@1800
gauntlet/20261001-162912-scrim-b2hint/replays/ColtG5.Goob_final__Gated__botA.bc24,ColtG5.Goob_final,0,B,Goob_final,0,2000,LEVEL_SUM,1,313,242,14,0,0,0,0,36,0,2820,20,0,7,1016,1058,0,0,44,230,365,1132,ATK@600+HEAL@1200+CAP@1800
gauntlet/20261001-162912-scrim-b2hint/replays/IvanGeffner.kuma__EndAround__botA.bc24,IvanGeffner.kuma,1,A,b2hint,1,2000,LEVEL_SUM,0,-1,0,0,0,0,0,0,70,17,205,160,2,4,615,959,12,0,45,204,466,481,ATK@600+HEAL@1200+CAP@1800
gauntlet/20261001-162912-scrim-b2hint/replays/IvanGeffner.kuma__EndAround__botA.bc24,IvanGeffner.kuma,0,B,kuma,0,2000,LEVEL_SUM,0,-1,422,90,51,0,0,90,62,0,1585,3005,18,3,868,955,3,0,57,462,481,466,ATK@600+HEAL@1200+CAP@1800
gauntlet/20261001-162912-scrim-b2hint/replays/CyrilSharma.finalBot__Decision__botB.bc24,CyrilSharma.finalBot,0,A,finalBot,0,2000,LEVEL_SUM,2,381,279,18,0,0,0,60,24,3,1532,492,12,2,588,563,0,0,60,341,326,472,ATK@600+HEAL@1200+CAP@1800
gauntlet/20261001-162912-scrim-b2hint/replays/CyrilSharma.finalBot__Decision__botB.bc24,CyrilSharma.finalBot,1,B,b2hint,1,2000,LEVEL_SUM,2,1874,255,14,0,0,0,0,84,13,175,170,2,0,506,643,4,0,28,263,472,326,ATK@600+HEAL@1200+CAP@1800
gauntlet/20261001-162912-scrim-b2hint/replays/SampleProvider.TSPAARKSPRINT1__Snake__botB.bc24,SampleProvider.TSPAARKSPRINT1,0,A,TSPAARKSPRINT1,0,2000,MORE_FLAG_CAPTURES,1,1019,300,64,0,3,21,0,193,2,9510,14540,0,2,435,1187,68,26,5,184,195,1004,ATK@600+CAP@1200+HEAL@1800
gauntlet/20261001-162912-scrim-b2hint/replays/SampleProvider.TSPAARKSPRINT1__Snake__botB.bc24,SampleProvider.TSPAARKSPRINT1,1,B,b2hint,1,2000,MORE_FLAG_CAPTURES,2,1329,229,21,0,0,0,0,189,81,635,248,12,12,910,1112,24,0,303,688,1004,195,ATK@600+HEAL@1200+CAP@1800
gauntlet/20261001-162912-scrim-b2hint/replays/awu7.ExplosiveBot__BedWars__botB.bc24,awu7.ExplosiveBot,0,A,ExplosiveBot,0,778,CAPTURE,0,-1,542,6,0,0,0,0,0,16,2500,10,0,6,130,96,16,0,9,23,27,154,ATK@600
gauntlet/20261001-162912-scrim-b2hint/replays/awu7.ExplosiveBot__BedWars__botB.bc24,awu7.ExplosiveBot,1,B,b2hint,1,778,CAPTURE,3,369,343,4,0,0,0,0,0,41,125,25,7,13,183,221,10,0,31,18,154,27,ATK@600
gauntlet/20261001-162912-scrim-b2hint/replays/awu7.ExplosiveBot__BedWars__botA.bc24,awu7.ExplosiveBot,1,A,b2hint,1,911,CAPTURE,3,567,500,10,0,0,0,0,0,42,185,35,6,10,98,114,8,0,34,42,197,46,ATK@600
gauntlet/20261001-162912-scrim-b2hint/replays/awu7.ExplosiveBot__BedWars__botA.bc24,awu7.ExplosiveBot,0,B,ExplosiveBot,0,911,CAPTURE,0,-1,680,4,0,0,0,0,0,15,1800,10,0,6,69,70,23,0,0,16,46,197,ATK@600
gauntlet/20261001-162912-scrim-b2hint/replays/andli28.v9_USQuals_angle__HeMustBeFreed__botB.bc24,andli28.v9_USQuals_angle,0,A,v9_USQuals_angle,0,2000,LEVEL_SUM,1,427,323,7,0,0,0,87,81,6,711,191,18,3,528,584,0,3,54,258,265,355,ATK@600+HEAL@1200+CAP@1800
gauntlet/20261001-162912-scrim-b2hint/replays/andli28.v9_USQuals_angle__HeMustBeFreed__botB.bc24,andli28.v9_USQuals_angle,1,B,b2hint,1,2000,LEVEL_SUM,1,1968,922,6,0,0,0,0,106,28,180,485,5,12,504,550,19,0,84,252,355,265,ATK@600+HEAL@1200+CAP@1800
gauntlet/20261001-162912-scrim-b2hint/replays/Strequals.duck0127v5__Divergent__botB.bc24,Strequals.duck0127v5,0,A,duck0127v5,0,2000,MORE_FLAG_CAPTURES,0,-1,427,27,0,0,0,90,35,2,3843,2703,18,4,665,924,0,2,42,240,406,236,ATK@600+HEAL@1200+CAP@1800
gauntlet/20261001-162912-scrim-b2hint/replays/Strequals.duck0127v5__Divergent__botB.bc24,Strequals.duck0127v5,1,B,b2hint,1,2000,MORE_FLAG_CAPTURES,1,532,374,21,0,0,0,0,29,42,221,271,7,19,509,1062,14,0,44,185,236,406,ATK@600+HEAL@1200+CAP@1800
gauntlet/20261001-162912-scrim-b2hint/replays/andrewgopher.player22__Diagonal__botA.bc24,andrewgopher.player22,1,A,b2hint,1,2000,LEVEL_SUM,0,-1,670,14,0,0,0,0,21,58,278,278,10,38,350,635,18,0,60,156,233,208,ATK@600+HEAL@1200+CAP@1800
gauntlet/20261001-162912-scrim-b2hint/replays/andrewgopher.player22__Diagonal__botA.bc24,andrewgopher.player22,0,B,player22,0,2000,LEVEL_SUM,0,-1,0,3,0,3,0,0,37,0,6390,2060,0,5,529,319,20,0,38,215,208,233,ATK@600+HEAL@1200+CAP@1800
gauntlet/20261001-162912-scrim-b2hint/replays/awu7.ExplosiveBot__DefaultLarge__botB.bc24,awu7.ExplosiveBot,0,A,ExplosiveBot,0,836,CAPTURE,0,-1,249,15,4,0,0,0,90,11,200,150,0,14,806,708,18,0,17,54,70,522,ATK@600
gauntlet/20261001-162912-scrim-b2hint/replays/awu7.ExplosiveBot__DefaultLarge__botB.bc24,awu7.ExplosiveBot,1,B,b2hint,1,836,CAPTURE,3,604,297,15,0,0,0,0,44,24,125,255,3,9,1308,1322,9,0,95,186,522,70,ATK@600
gauntlet/20261001-162912-scrim-b2hint/replays/clbarrell.duck8__Foxes__botB.bc24,clbarrell.duck8,0,A,duck8,0,1222,CAPTURE,0,-1,251,15,0,0,0,0,8,54,2680,50,3,4,811,871,17,0,88,191,160,640,ATK@750
gauntlet/20261001-162912-scrim-b2hint/replays/clbarrell.duck8__Foxes__botB.bc24,clbarrell.duck8,1,B,b2hint,1,1222,CAPTURE,3,310,236,8,0,0,0,0,15,68,165,245,12,13,1134,1143,21,0,72,202,640,160,ATK@600+HEAL@1200
gauntlet/20261001-162912-scrim-b2hint/replays/awu7.ExplosiveBot__Randy__botB.bc24,awu7.ExplosiveBot,0,A,ExplosiveBot,0,1917,CAPTURE,1,832,306,55,20,0,0,0,6,6,5020,4140,0,24,710,792,18,0,8,173,296,1408,ATK@600+HEAL@1200
gauntlet/20261001-162912-scrim-b2hint/replays/awu7.ExplosiveBot__Randy__botB.bc24,awu7.ExplosiveBot,1,B,b2hint,1,1917,CAPTURE,3,454,347,28,0,0,0,0,6,49,150,250,9,7,1063,1424,11,0,62,397,1408,296,ATK@600+HEAL@1200+CAP@1800
gauntlet/20261001-162912-scrim-b2hint/replays/awu7.ExplosiveBot__Diagonal__botA.bc24,awu7.ExplosiveBot,1,A,b2hint,1,2000,MORE_FLAG_CAPTURES,1,1009,473,14,0,0,0,0,23,57,165,255,11,6,727,955,19,0,62,332,878,145,ATK@600+HEAL@1200+CAP@1800
gauntlet/20261001-162912-scrim-b2hint/replays/awu7.ExplosiveBot__Diagonal__botA.bc24,awu7.ExplosiveBot,0,B,ExplosiveBot,0,2000,MORE_FLAG_CAPTURES,0,-1,1327,2,0,0,0,0,43,9,5310,5840,0,21,575,622,0,0,19,88,145,878,ATK@600+HEAL@1200
gauntlet/20261001-162912-scrim-b2hint/replays/awu7.ExplosiveBot__OceanFloor__botA.bc24,awu7.ExplosiveBot,1,A,b2hint,1,1655,CAPTURE,3,414,225,31,0,0,0,0,39,24,175,330,3,5,1273,1442,14,0,66,458,1609,139,ATK@600+HEAL@1200
gauntlet/20261001-162912-scrim-b2hint/replays/awu7.ExplosiveBot__OceanFloor__botA.bc24,awu7.ExplosiveBot,0,B,ExplosiveBot,0,1655,CAPTURE,1,611,227,25,6,0,0,0,79,11,130,100,0,14,855,419,9,0,10,79,139,1609,ATK@600+HEAL@1200
gauntlet/20261001-162912-scrim-b2hint/replays/clbarrell.duck8__OceanFloor__botB.bc24,clbarrell.duck8,0,A,duck8,0,1814,CAPTURE,0,-1,242,39,0,0,0,0,26,30,40,30,3,12,833,819,1,0,51,191,284,1002,ATK@750+HEAL@1500
gauntlet/20261001-162912-scrim-b2hint/replays/clbarrell.duck8__OceanFloor__botB.bc24,clbarrell.duck8,1,B,b2hint,1,1814,CAPTURE,3,296,237,10,0,0,0,0,37,24,175,225,4,2,989,949,3,0,59,361,1002,284,ATK@600+HEAL@1200+CAP@1800
gauntlet/20261001-162912-scrim-b2hint/replays/clbarrell.duck8__Pancakes__botB.bc24,clbarrell.duck8,0,A,duck8,0,707,CAPTURE,0,-1,237,8,0,0,0,0,0,22,80,80,2,7,853,1078,2,0,92,112,73,177,
gauntlet/20261001-162912-scrim-b2hint/replays/clbarrell.duck8__Pancakes__botB.bc24,clbarrell.duck8,1,B,b2hint,1,707,CAPTURE,3,577,454,3,0,0,0,0,14,18,175,215,2,4,1051,1133,7,0,52,50,177,73,ATK@600
gauntlet/20261001-162912-scrim-b2hint/replays/dmtrung14.defaultplayer_intlqualifier__BreadPudding__botA.bc24,dmtrung14.defaultplayer_intlqualifier,1,A,b2hint,1,1556,CAPTURE,3,1433,290,20,0,0,0,0,47,29,255,35,4,23,1188,641,6,0,31,157,395,42,ATK@600+HEAL@1200
gauntlet/20261001-162912-scrim-b2hint/replays/dmtrung14.defaultplayer_intlqualifier__BreadPudding__botA.bc24,dmtrung14.defaultplayer_intlqualifier,0,B,defaultplayer_intlqualifier,0,1556,CAPTURE,1,346,242,20,8,3,12,0,49,13,1630,2300,0,2,349,769,6,18,7,79,42,395,ATK@600+HEAL@1200
gauntlet/20261001-162912-scrim-b2hint/replays/dmtrung14.defaultplayer_intlqualifier__Battlecode24__botA.bc24,dmtrung14.defaultplayer_intlqualifier,1,A,b2hint,1,2000,MORE_FLAG_CAPTURES,2,1183,244,7,0,0,0,0,73,94,2010,240,12,6,681,249,24,0,154,89,555,11,ATK@600+HEAL@1200+CAP@1800
gauntlet/20261001-162912-scrim-b2hint/replays/dmtrung14.defaultplayer_intlqualifier__Battlecode24__botA.bc24,dmtrung14.defaultplayer_intlqualifier,0,B,defaultplayer_intlqualifier,0,2000,MORE_FLAG_CAPTURES,0,-1,328,4,0,3,19,0,107,17,6590,15970,0,3,159,612,5,29,15,45,11,555,ATK@600+HEAL@1200+CAP@1800
gauntlet/20261001-162912-scrim-b2hint/replays/dmtrung14.defaultplayer_intlqualifier__DefaultLarge__botA.bc24,dmtrung14.defaultplayer_intlqualifier,1,A,b2hint,1,2000,MORE_FLAG_CAPTURES,2,661,385,5,0,0,0,0,43,21,190,30,3,14,928,540,8,0,31,119,303,25,ATK@600+HEAL@1200+CAP@1800
gauntlet/20261001-162912-scrim-b2hint/replays/dmtrung14.defaultplayer_intlqualifier__DefaultLarge__botA.bc24,dmtrung14.defaultplayer_intlqualifier,0,B,defaultplayer_intlqualifier,0,2000,MORE_FLAG_CAPTURES,0,-1,254,11,4,3,15,0,52,20,40,3340,0,3,326,779,6,32,20,88,25,303,ATK@600+HEAL@1200+CAP@1800
gauntlet/20261001-162912-scrim-b2hint/replays/clbarrell.duck8__QuestionableChess__botB.bc24,clbarrell.duck8,0,A,duck8,0,1993,CAPTURE,2,272,217,17,0,0,0,0,29,14,70,60,1,12,1020,1107,1,0,33,266,528,1012,ATK@750+HEAL@1500
gauntlet/20261001-162912-scrim-b2hint/replays/clbarrell.duck8__QuestionableChess__botB.bc24,clbarrell.duck8,1,B,b2hint,1,1993,CAPTURE,3,865,648,8,0,0,0,0,62,3,140,250,0,2,1147,1394,1,0,15,181,1012,528,ATK@600+HEAL@1200+CAP@1800
gauntlet/20261001-162912-scrim-b2hint/replays/dmtrung14.defaultplayer_intlqualifier__KingQuacksCastle__botB.bc24,dmtrung14.defaultplayer_intlqualifier,0,A,defaultplayer_intlqualifier,0,2000,LEVEL_SUM,2,346,233,68,39,3,16,0,34,9,1480,2300,0,2,451,853,6,30,13,87,47,281,ATK@600+HEAL@1200+CAP@1800
gauntlet/20261001-162912-scrim-b2hint/replays/dmtrung14.defaultplayer_intlqualifier__KingQuacksCastle__botB.bc24,dmtrung14.defaultplayer_intlqualifier,1,B,b2hint,1,2000,LEVEL_SUM,2,288,240,12,0,0,0,0,27,30,180,65,4,3,1218,636,3,0,43,109,281,47,ATK@600+HEAL@1200+CAP@1800
gauntlet/20261001-162912-scrim-b2hint/replays/dmtrung14.defaultplayer_intlqualifier__Diagonal__botB.bc24,dmtrung14.defaultplayer_intlqualifier,0,A,defaultplayer_intlqualifier,0,2000,LEVEL_SUM,0,-1,0,3,0,3,15,0,39,22,3530,3130,0,5,191,599,6,19,16,38,15,133,ATK@600+HEAL@1200+CAP@1800
gauntlet/20261001-162912-scrim-b2hint/replays/dmtrung14.defaultplayer_intlqualifier__Diagonal__botB.bc24,dmtrung14.defaultplayer_intlqualifier,1,B,b2hint,1,2000,LEVEL_SUM,0,-1,274,1,0,0,0,0,22,56,144,174,10,3,694,311,20,0,50,108,133,15,ATK@600+HEAL@1200+CAP@1800
gauntlet/20261001-162912-scrim-b2hint/replays/hsmalladi.finalbot__Fountain__botB.bc24,hsmalladi.finalbot,0,A,finalbot,0,638,CAPTURE,1,507,386,43,14,3,36,46,43,0,2068,38,9,5,459,511,0,1,16,32,53,131,ATK@600
gauntlet/20261001-162912-scrim-b2hint/replays/hsmalladi.finalbot__Fountain__botB.bc24,hsmalladi.finalbot,1,B,b2hint,1,638,CAPTURE,3,368,307,7,0,0,0,0,43,20,190,200,2,3,450,665,12,0,30,57,131,53,ATK@600
gauntlet/20261001-162912-scrim-b2hint/replays/jonters.bling3__Backslash__botB.bc24,jonters.bling3,0,A,bling3,0,620,CAPTURE,0,-1,0,0,0,0,0,0,123,0,10,1860,0,11,657,1036,21,0,0,30,43,204,ATK@600
gauntlet/20261001-162912-scrim-b2hint/replays/jonters.bling3__Backslash__botB.bc24,jonters.bling3,1,B,b2hint,1,620,CAPTURE,3,313,211,16,0,0,0,0,159,17,120,156,3,13,1182,1197,23,0,179,192,204,43,ATK@600
gauntlet/20261001-162912-scrim-b2hint/replays/dmtrung14.defaultplayer_intlqualifier__QueenOfHearts__botA.bc24,dmtrung14.defaultplayer_intlqualifier,1,A,b2hint,1,1506,CAPTURE,3,410,327,4,0,0,0,0,65,28,165,215,4,5,1025,515,12,0,22,34,302,37,ATK@600+HEAL@1200
gauntlet/20261001-162912-scrim-b2hint/replays/dmtrung14.defaultplayer_intlqualifier__QueenOfHearts__botA.bc24,dmtrung14.defaultplayer_intlqualifier,0,B,defaultplayer_intlqualifier,0,1506,CAPTURE,1,422,243,90,52,3,38,0,85,22,550,40,0,3,344,817,6,20,19,59,37,302,ATK@600+HEAL@1200
gauntlet/20261001-162912-scrim-b2hint/replays/hsmalladi.finalbot__HeMustBeFreed__botB.bc24,hsmalladi.finalbot,0,A,finalbot,0,1898,CAPTURE,2,362,258,42,10,3,22,42,187,0,2062,4162,7,0,614,760,5,3,78,252,265,315,ATK@600+HEAL@1200+CAP@1800
gauntlet/20261001-162912-scrim-b2hint/replays/hsmalladi.finalbot__HeMustBeFreed__botB.bc24,hsmalladi.finalbot,1,B,b2hint,1,1898,CAPTURE,3,861,590,7,0,0,0,0,116,15,80,190,2,13,553,723,3,0,27,195,315,265,ATK@600+HEAL@1200+CAP@1800
gauntlet/20261001-162912-scrim-b2hint/replays/jonters.bling3__Snake__botB.bc24,jonters.bling3,0,A,bling3,0,1499,CAPTURE,1,1063,689,3,0,0,0,0,229,0,8630,9940,0,5,407,781,64,0,9,154,232,596,ATK@600+HEAL@1200
gauntlet/20261001-162912-scrim-b2hint/replays/jonters.bling3__Snake__botB.bc24,jonters.bling3,1,B,b2hint,1,1499,CAPTURE,3,352,221,24,0,0,0,0,183,83,665,218,12,10,804,647,24,0,320,417,596,232,ATK@600+HEAL@1200
gauntlet/20261001-162912-scrim-b2hint/replays/jonters.bling3__Duck__botB.bc24,jonters.bling3,0,A,bling3,0,1627,CAPTURE,1,426,322,5,0,0,0,0,96,12,20,490,0,3,714,1392,13,0,7,95,188,703,ATK@600+HEAL@1200
gauntlet/20261001-162912-scrim-b2hint/replays/jonters.bling3__Duck__botB.bc24,jonters.bling3,1,B,b2hint,1,1627,CAPTURE,3,409,242,18,0,0,0,0,46,32,205,150,5,3,1129,1236,7,0,60,253,703,188,ATK@600+HEAL@1200
gauntlet/20261001-162912-scrim-b2hint/replays/jonters.bling3__Waterworld__botB.bc24,jonters.bling3,0,A,bling3,0,780,CAPTURE,1,761,709,3,0,0,0,0,541,0,70,20,0,2,656,1610,11,0,0,25,74,273,ATK@600
gauntlet/20261001-162912-scrim-b2hint/replays/jonters.bling3__Waterworld__botB.bc24,jonters.bling3,1,B,b2hint,1,780,CAPTURE,3,320,268,16,0,0,0,0,274,61,600,610,11,3,1138,1338,24,0,126,187,273,74,ATK@600
gauntlet/20261001-162912-scrim-b2hint/replays/jonters.bling3__Starfish__botA.bc24,jonters.bling3,1,A,b2hint,1,1400,CAPTURE,3,393,299,6,0,0,0,0,99,27,190,240,3,24,1364,1158,8,0,49,207,650,233,ATK@600+HEAL@1200
gauntlet/20261001-162912-scrim-b2hint/replays/jonters.bling3__Starfish__botA.bc24,jonters.bling3,0,B,bling3,0,1400,CAPTURE,0,-1,1211,1,0,0,0,0,216,0,20,20,0,1,642,679,0,0,0,28,233,650,ATK@600+HEAL@1200
gauntlet/20261001-162912-scrim-b2hint/replays/justinottesen.sprint1__Fountain__botA.bc24,justinottesen.sprint1,1,A,b2hint,1,555,CAPTURE,3,308,227,10,0,0,0,0,39,20,300,190,3,22,1213,398,8,0,37,78,288,17,
gauntlet/20261001-162912-scrim-b2hint/replays/justinottesen.sprint1__Fountain__botA.bc24,justinottesen.sprint1,0,B,sprint1,0,555,CAPTURE,0,-1,398,3,0,0,0,0,60,0,1900,20,0,15,193,653,9,0,0,11,17,288,
gauntlet/20261001-162912-scrim-b2hint/replays/justinottesen.sprint1__Decision__botA.bc24,justinottesen.sprint1,1,A,b2hint,1,616,CAPTURE,3,495,230,11,0,0,0,0,80,16,175,285,2,3,1421,439,3,0,63,94,269,13,ATK@600
gauntlet/20261001-162912-scrim-b2hint/replays/justinottesen.sprint1__Decision__botA.bc24,justinottesen.sprint1,0,B,sprint1,0,616,CAPTURE,0,-1,277,3,0,0,0,0,133,1,110,30,0,0,206,926,3,0,0,10,13,269,ATK@600
gauntlet/20261001-162912-scrim-b2hint/replays/justinottesen.sprint1__OceanFloor__botB.bc24,justinottesen.sprint1,0,A,sprint1,0,880,CAPTURE,0,-1,256,15,0,0,0,0,91,5,70,40,0,2,211,784,8,0,0,29,21,539,ATK@600
gauntlet/20261001-162912-scrim-b2hint/replays/justinottesen.sprint1__OceanFloor__botB.bc24,justinottesen.sprint1,1,B,b2hint,1,880,CAPTURE,3,285,229,7,0,0,0,0,43,23,175,295,4,4,1417,447,2,0,73,197,539,21,ATK@600
gauntlet/20261001-162912-scrim-b2hint/replays/justinottesen.sprint1__StackGame__botB.bc24,justinottesen.sprint1,0,A,sprint1,0,734,CAPTURE,0,-1,554,2,0,0,0,0,50,25,500,170,0,16,235,1151,36,0,0,53,56,549,ATK@600
gauntlet/20261001-162912-scrim-b2hint/replays/justinottesen.sprint1__StackGame__botB.bc24,justinottesen.sprint1,1,B,b2hint,1,734,CAPTURE,3,547,271,20,0,0,0,0,35,52,225,245,9,23,1759,750,11,0,66,100,549,56,ATK@600
gauntlet/20261001-162912-scrim-b2hint/replays/kyleezz.jeeryfix3__Fusbol__botB.bc24,kyleezz.jeeryfix3,0,A,jeeryfix3,0,2000,LEVEL_SUM,0,-1,260,6,0,0,0,0,174,7,3680,5530,0,24,939,580,0,0,115,262,253,1645,ATK@600+CAP@1200+HEAL@1800
gauntlet/20261001-162912-scrim-b2hint/replays/kyleezz.jeeryfix3__Fusbol__botB.bc24,kyleezz.jeeryfix3,1,B,b2hint,1,2000,LEVEL_SUM,0,-1,1401,11,0,0,0,0,51,25,243,213,4,9,936,1254,25,0,37,646,1645,253,ATK@600+HEAL@1200+CAP@1800
gauntlet/20261001-162912-scrim-b2hint/replays/kyleezz.jeeryfix3__Fusbol__botA.bc24,kyleezz.jeeryfix3,1,A,b2hint,1,2000,LEVEL_SUM,0,-1,1532,5,0,0,0,0,71,50,639,309,3,11,1006,1172,20,0,78,685,1562,203,ATK@600+HEAL@1200+CAP@1800
gauntlet/20261001-162912-scrim-b2hint/replays/kyleezz.jeeryfix3__Fusbol__botA.bc24,kyleezz.jeeryfix3,0,B,jeeryfix3,0,2000,LEVEL_SUM,0,-1,0,0,0,0,0,0,170,8,3700,4930,0,21,798,514,0,0,82,223,203,1562,ATK@600+CAP@1200+HEAL@1800
gauntlet/20261001-162912-scrim-b2hint/replays/quesswho.cretplayer2_3__Digging__botA.bc24,quesswho.cretplayer2_3,1,A,b2hint,1,1621,CAPTURE,3,1455,240,20,0,0,0,0,14,26,185,255,4,0,1257,1048,2,0,52,207,1512,220,ATK@600+HEAL@1200
gauntlet/20261001-162912-scrim-b2hint/replays/quesswho.cretplayer2_3__Digging__botA.bc24,quesswho.cretplayer2_3,0,B,cretplayer2_3,0,1621,CAPTURE,1,338,243,11,0,3,1,0,18,0,2560,950,0,4,1097,733,0,4,42,162,220,1512,ATK@600+HEAL@1200
gauntlet/20261001-162912-scrim-b2hint/replays/kyleezz.jeeryfix3__Intercontinental__botB.bc24,kyleezz.jeeryfix3,0,A,jeeryfix3,0,2000,LEVEL_SUM,2,275,226,13,0,0,0,0,159,0,30,20,0,4,702,435,0,0,10,220,530,1402,ATK@600+CAP@1200+HEAL@1800
gauntlet/20261001-162912-scrim-b2hint/replays/kyleezz.jeeryfix3__Intercontinental__botB.bc24,kyleezz.jeeryfix3,1,B,b2hint,1,2000,LEVEL_SUM,2,452,299,6,0,0,0,0,78,18,30,70,2,8,807,960,10,0,36,191,1402,530,ATK@600+HEAL@1200+CAP@1800
gauntlet/20261001-162912-scrim-b2hint/replays/winkelmantanner.waffle__Funnel__botB.bc24,winkelmantanner.waffle,0,A,waffle,0,1830,CAPTURE,1,376,243,49,0,0,0,0,7,32,1190,670,0,3,1002,720,0,0,88,243,333,1036,ATK@600+HEAL@1200+CAP@1800
gauntlet/20261001-162912-scrim-b2hint/replays/winkelmantanner.waffle__Funnel__botB.bc24,winkelmantanner.waffle,1,B,b2hint,1,1830,CAPTURE,3,1075,950,5,0,0,0,0,25,34,200,235,6,2,850,980,10,0,61,389,1036,333,ATK@600+HEAL@1200+CAP@1800
gauntlet/20261001-162912-scrim-b2hint/replays/winkelmantanner.waffle__Mountain__botB.bc24,winkelmantanner.waffle,0,A,waffle,0,2000,LEVEL_SUM,2,302,252,31,0,0,0,0,17,10,4990,2660,0,14,765,688,0,0,83,258,447,1034,ATK@600+HEAL@1200+CAP@1800
gauntlet/20261001-162912-scrim-b2hint/replays/winkelmantanner.waffle__Mountain__botB.bc24,winkelmantanner.waffle,1,B,b2hint,1,2000,LEVEL_SUM,2,489,460,6,0,0,0,0,37,46,190,280,8,0,959,1103,11,0,66,290,1034,447,ATK@600+HEAL@1200+CAP@1800
gauntlet/20261001-164301-scrim-b2hint/losses/CyrilSharma.finalBot__AceOfSpades__botB.bc24,CyrilSharma.finalBot,0,A,finalBot,1,777,CAPTURE,3,433,238,25,0,0,0,49,7,1,3032,14270,9,12,1002,1122,0,0,185,380,219,162,ATK@600
gauntlet/20261001-164301-scrim-b2hint/losses/CyrilSharma.finalBot__AceOfSpades__botB.bc24,CyrilSharma.finalBot,1,B,b2hint,0,777,CAPTURE,1,288,233,2,0,0,0,0,12,33,185,265,5,15,928,1106,16,0,82,135,162,219,ATK@600
gauntlet/20261001-164301-scrim-b2hint/losses/ColtG5.Goob_final__Snake__botA.bc24,ColtG5.Goob_final,1,A,b2hint,0,2000,MORE_FLAG_CAPTURES,0,-1,0,0,0,0,0,0,185,82,645,315,12,7,1152,1237,25,0,205,407,1084,515,ATK@600+HEAL@1200+CAP@1800
gauntlet/20261001-164301-scrim-b2hint/losses/ColtG5.Goob_final__Snake__botA.bc24,ColtG5.Goob_final,0,B,Goob_final,1,2000,MORE_FLAG_CAPTURES,2,796,324,12,0,0,0,0,170,0,10400,23510,0,8,944,649,12,0,137,546,515,1084,ATK@600+HEAL@1200+CAP@1800
gauntlet/20261001-164301-scrim-b2hint/losses/ColtG5.Goob_final__MazeRunner__botA.bc24,ColtG5.Goob_final,1,A,b2hint,0,2000,MORE_FLAG_CAPTURES,0,-1,0,0,0,0,0,0,72,21,40,205,3,11,972,1376,10,0,41,192,1007,362,ATK@600+HEAL@1200+CAP@1800
gauntlet/20261001-164301-scrim-b2hint/losses/ColtG5.Goob_final__MazeRunner__botA.bc24,ColtG5.Goob_final,0,B,Goob_final,1,2000,MORE_FLAG_CAPTURES,2,637,320,6,0,0,0,0,85,0,2450,870,0,4,925,773,12,0,55,188,362,1007,ATK@600+HEAL@1200+CAP@1800
gauntlet/20261001-164301-scrim-b2hint/losses/ColtG5.Goob_final__Tunnels__botA.bc24,ColtG5.Goob_final,1,A,b2hint,0,2000,MORE_FLAG_CAPTURES,0,-1,0,0,0,0,0,0,60,23,135,235,3,31,942,1309,7,0,44,196,814,320,ATK@600+HEAL@1200+CAP@1800
gauntlet/20261001-164301-scrim-b2hint/losses/ColtG5.Goob_final__Tunnels__botA.bc24,ColtG5.Goob_final,0,B,Goob_final,1,2000,MORE_FLAG_CAPTURES,1,825,547,11,0,0,0,0,64,0,2880,1350,0,10,705,832,1,0,50,194,320,814,ATK@600+HEAL@1200+CAP@1800
gauntlet/20261001-164301-scrim-b2hint/losses/CyrilSharma.finalBot__DefaultLarge__botA.bc24,CyrilSharma.finalBot,1,A,b2hint,0,1418,CAPTURE,0,-1,0,0,0,0,0,0,43,23,135,195,3,9,1008,1248,8,0,52,148,355,355,ATK@600+HEAL@1200
gauntlet/20261001-164301-scrim-b2hint/losses/CyrilSharma.finalBot__DefaultLarge__botA.bc24,CyrilSharma.finalBot,0,B,finalBot,1,1418,CAPTURE,3,502,357,25,0,0,0,60,9,0,2883,3627,12,3,1108,1272,0,0,160,389,355,355,ATK@600+HEAL@1200
gauntlet/20261001-164301-scrim-b2hint/losses/CyrilSharma.finalBot__QuestionableChess__botB.bc24,CyrilSharma.finalBot,0,A,finalBot,1,2000,MORE_FLAG_CAPTURES,2,329,295,39,0,0,0,42,41,0,430,24,8,7,802,1017,0,0,20,413,631,624,ATK@600+HEAL@1200+CAP@1800
gauntlet/20261001-164301-scrim-b2hint/losses/CyrilSharma.finalBot__QuestionableChess__botB.bc24,CyrilSharma.finalBot,1,B,b2hint,0,2000,MORE_FLAG_CAPTURES,1,1449,1417,2,0,0,0,0,63,3,110,260,0,3,834,1021,1,0,18,186,624,631,ATK@600+HEAL@1200+CAP@1800
gauntlet/20261001-164301-scrim-b2hint/losses/CyrilSharma.finalBot__YearOfTheDragon__botA.bc24,CyrilSharma.finalBot,1,A,b2hint,0,2000,MORE_FLAG_CAPTURES,0,-1,212,4,0,0,0,0,10,108,655,215,11,2,717,886,24,0,109,281,632,845,ATK@600+HEAL@1200+CAP@1800
gauntlet/20261001-164301-scrim-b2hint/losses/CyrilSharma.finalBot__YearOfTheDragon__botA.bc24,CyrilSharma.finalBot,0,B,finalBot,1,2000,MORE_FLAG_CAPTURES,2,334,253,16,0,0,0,55,8,1,11908,9838,11,4,788,794,0,0,129,775,845,632,ATK@600+HEAL@1200+CAP@1800
gauntlet/20261001-164301-scrim-b2hint/losses/Gymhgy.v10official__DefaultMedium__botB.bc24,Gymhgy.v10official,0,A,v10official,1,2000,MORE_FLAG_CAPTURES,2,268,228,43,34,3,14,86,51,2,2163,55,17,0,817,1147,5,2,58,267,350,373,ATK@600+HEAL@1200+CAP@1800
gauntlet/20261001-164301-scrim-b2hint/losses/Gymhgy.v10official__DefaultMedium__botB.bc24,Gymhgy.v10official,1,B,b2hint,0,2000,MORE_FLAG_CAPTURES,1,374,263,17,0,0,0,0,66,24,60,220,3,3,784,1116,10,0,22,178,373,350,ATK@600+HEAL@1200+CAP@1800
gauntlet/20261001-164301-scrim-b2hint/losses/Gymhgy.v10official__HeMustBeFreed__botB.bc24,Gymhgy.v10official,0,A,v10official,1,2000,LEVEL_SUM,2,371,266,53,34,3,7,28,91,3,4739,11459,4,0,580,936,0,3,23,268,327,288,ATK@600+HEAL@1200+CAP@1800
gauntlet/20261001-164301-scrim-b2hint/losses/Gymhgy.v10official__HeMustBeFreed__botB.bc24,Gymhgy.v10official,1,B,b2hint,0,2000,LEVEL_SUM,2,1391,532,6,0,0,0,0,109,16,30,40,2,6,644,837,5,0,16,157,288,327,ATK@600+HEAL@1200+CAP@1800
gauntlet/20261001-164301-scrim-b2hint/losses/Gymhgy.v10official__Starfish__botA.bc24,Gymhgy.v10official,1,A,b2hint,0,1727,CAPTURE,2,649,271,18,0,0,0,0,110,25,40,230,3,22,1287,1338,8,0,32,281,1051,328,ATK@600+HEAL@1200
gauntlet/20261001-164301-scrim-b2hint/losses/Gymhgy.v10official__Starfish__botA.bc24,Gymhgy.v10official,0,B,v10official,1,1727,CAPTURE,3,312,279,104,38,3,14,17,189,1,424,22,2,7,995,1706,0,1,9,156,328,1051,ATK@600+HEAL@1200
gauntlet/20261001-164301-scrim-b2hint/losses/Gymhgy.v10official__GravitationalWaves__botA.bc24,Gymhgy.v10official,1,A,b2hint,0,2000,MORE_FLAG_CAPTURES,0,-1,277,5,0,0,0,0,67,36,95,255,6,18,1036,1464,7,0,42,137,289,155,ATK@600+HEAL@1200+CAP@1800
gauntlet/20261001-164301-scrim-b2hint/losses/Gymhgy.v10official__GravitationalWaves__botA.bc24,Gymhgy.v10official,0,B,v10official,1,2000,MORE_FLAG_CAPTURES,1,596,459,47,9,3,12,79,54,3,2905,45,15,6,862,1726,13,3,41,165,155,289,ATK@600+HEAL@1200+CAP@1800
gauntlet/20261001-164301-scrim-b2hint/losses/IvanGeffner.kuma__Alien__botA.bc24,IvanGeffner.kuma,1,A,b2hint,0,312,CAPTURE,0,-1,239,2,0,0,0,0,9,44,159,304,8,0,552,792,13,0,42,37,20,44,
gauntlet/20261001-164301-scrim-b2hint/losses/IvanGeffner.kuma__Alien__botA.bc24,IvanGeffner.kuma,0,B,kuma,1,312,CAPTURE,3,266,235,21,15,0,0,90,11,0,3915,1255,18,7,767,665,2,0,83,67,44,20,
gauntlet/20261001-164301-scrim-b2hint/losses/Gymhgy.v10official__Starfish__botB.bc24,Gymhgy.v10official,0,A,v10official,1,553,CAPTURE,3,317,236,45,27,3,16,14,190,2,236,45,2,0,1088,1441,0,2,16,21,85,125,
gauntlet/20261001-164301-scrim-b2hint/losses/Gymhgy.v10official__Starfish__botB.bc24,Gymhgy.v10official,1,B,b2hint,0,553,CAPTURE,1,209,203,1,0,0,0,0,105,25,180,270,3,1,1224,1200,8,0,29,41,125,85,
gauntlet/20261001-164301-scrim-b2hint/losses/IvanGeffner.kuma__Capacitance__botA.bc24,IvanGeffner.kuma,1,A,b2hint,0,647,CAPTURE,1,537,523,1,0,0,0,0,17,45,170,210,8,15,832,1126,13,0,58,77,90,123,ATK@600
gauntlet/20261001-164301-scrim-b2hint/losses/IvanGeffner.kuma__Capacitance__botA.bc24,IvanGeffner.kuma,0,B,kuma,1,647,CAPTURE,3,350,259,48,30,0,0,90,19,0,3975,1425,18,14,894,1128,9,0,92,149,123,90,ATK@600
gauntlet/20261001-164301-scrim-b2hint/losses/IvanGeffner.kuma__StackGame__botB.bc24,IvanGeffner.kuma,0,A,kuma,1,736,CAPTURE,3,294,248,24,17,0,0,90,41,6,3765,2457,18,7,1272,1506,10,0,89,226,295,133,ATK@600
gauntlet/20261001-164301-scrim-b2hint/losses/IvanGeffner.kuma__StackGame__botB.bc24,IvanGeffner.kuma,1,B,b2hint,0,736,CAPTURE,0,-1,0,0,0,0,0,0,34,49,195,295,9,13,1030,1620,15,0,55,96,133,295,ATK@600
gauntlet/20261001-164301-scrim-b2hint/losses/NotLLeon.v3__Decision__botB.bc24,NotLLeon.v3,0,A,v3,1,891,CAPTURE,3,498,268,30,5,0,0,0,46,0,2520,160,0,5,825,979,0,0,47,111,145,189,ATK@600
gauntlet/20261001-164301-scrim-b2hint/losses/NotLLeon.v3__Decision__botB.bc24,NotLLeon.v3,1,B,b2hint,0,891,CAPTURE,0,-1,261,14,0,0,0,0,81,16,130,120,3,1,814,1096,2,0,31,65,189,145,ATK@600
gauntlet/20261001-164301-scrim-b2hint/losses/IvanGeffner.kuma__BigDucksBigPond__botA.bc24,IvanGeffner.kuma,1,A,b2hint,0,1833,CAPTURE,0,-1,0,0,0,0,0,0,102,33,195,225,5,1,954,1480,16,0,52,211,394,908,ATK@600+HEAL@1200+CAP@1800
gauntlet/20261001-164301-scrim-b2hint/losses/IvanGeffner.kuma__BigDucksBigPond__botA.bc24,IvanGeffner.kuma,0,B,kuma,1,1833,CAPTURE,3,345,286,27,16,0,0,90,122,8,2045,2055,18,3,1224,1338,6,0,114,686,908,394,ATK@600+HEAL@1200+CAP@1800
gauntlet/20261001-164301-scrim-b2hint/losses/IvanGeffner.kuma__Randy__botB.bc24,IvanGeffner.kuma,0,A,kuma,1,2000,MORE_FLAG_CAPTURES,1,290,223,25,7,0,0,84,6,12,3089,1835,16,18,988,1117,8,0,143,463,542,295,ATK@600+HEAL@1200+CAP@1800
gauntlet/20261001-164301-scrim-b2hint/losses/IvanGeffner.kuma__Randy__botB.bc24,IvanGeffner.kuma,1,B,b2hint,0,2000,MORE_FLAG_CAPTURES,0,-1,241,4,0,0,0,0,10,48,190,87,8,26,682,994,11,0,51,193,295,542,ATK@600+HEAL@1200+CAP@1800
gauntlet/20261001-164301-scrim-b2hint/losses/IvanGeffner.kuma__Diagonal__botB.bc24,IvanGeffner.kuma,0,A,kuma,1,2000,LEVEL_SUM,0,-1,0,0,0,0,0,88,29,18,3449,1865,17,3,903,1020,15,0,92,276,260,202,ATK@600+HEAL@1200+CAP@1800
gauntlet/20261001-164301-scrim-b2hint/losses/IvanGeffner.kuma__Diagonal__botB.bc24,IvanGeffner.kuma,1,B,b2hint,0,2000,LEVEL_SUM,0,-1,0,0,0,0,0,0,28,55,170,250,10,30,638,1143,17,0,58,156,202,260,ATK@600+HEAL@1200+CAP@1800
gauntlet/20261001-164301-scrim-b2hint/losses/NotLLeon.v3__Duck__botB.bc24,NotLLeon.v3,0,A,v3,1,600,CAPTURE,3,449,255,25,8,0,0,0,8,0,5060,670,0,2,898,1182,0,0,72,99,98,76,ATK@600
gauntlet/20261001-164301-scrim-b2hint/losses/NotLLeon.v3__Duck__botB.bc24,NotLLeon.v3,1,B,b2hint,0,600,CAPTURE,0,-1,301,14,0,0,0,0,53,30,205,245,4,2,801,1148,8,0,30,52,76,98,ATK@600
gauntlet/20261001-164301-scrim-b2hint/losses/NotLLeon.v3__Foxes__botB.bc24,NotLLeon.v3,0,A,v3,1,675,CAPTURE,3,372,256,31,2,0,0,0,10,0,9600,4450,0,16,965,1083,0,0,124,150,111,131,ATK@600
gauntlet/20261001-164301-scrim-b2hint/losses/NotLLeon.v3__Foxes__botB.bc24,NotLLeon.v3,1,B,b2hint,0,675,CAPTURE,0,-1,297,9,0,0,0,0,19,76,640,240,12,15,833,1138,24,0,79,113,131,111,ATK@600
gauntlet/20261001-164301-scrim-b2hint/losses/NotLLeon.v3__FloodGates__botA.bc24,NotLLeon.v3,1,A,b2hint,0,2000,MORE_FLAG_CAPTURES,0,-1,0,0,0,0,0,0,4,27,155,185,4,26,515,653,5,0,44,193,644,203,ATK@600+HEAL@1200+CAP@1800
gauntlet/20261001-164301-scrim-b2hint/losses/NotLLeon.v3__FloodGates__botA.bc24,NotLLeon.v3,0,B,v3,1,2000,MORE_FLAG_CAPTURES,1,356,310,16,3,0,0,0,6,0,2720,3550,0,5,497,514,0,0,55,207,203,644,ATK@600+HEAL@1200+CAP@1800
gauntlet/20261001-164301-scrim-b2hint/losses/NotLLeon.v3__Rainbow__botA.bc24,NotLLeon.v3,1,A,b2hint,0,2000,MORE_FLAG_CAPTURES,0,-1,409,2,0,0,0,0,52,55,185,225,9,3,671,973,19,0,58,247,430,579,ATK@600+HEAL@1200+CAP@1800
gauntlet/20261001-164301-scrim-b2hint/losses/NotLLeon.v3__Rainbow__botA.bc24,NotLLeon.v3,0,B,v3,1,2000,MORE_FLAG_CAPTURES,2,513,251,35,7,0,0,0,11,0,8070,6570,0,7,862,965,0,0,97,338,579,430,ATK@600+HEAL@1200+CAP@1800
gauntlet/20261001-164301-scrim-b2hint/losses/SampleProvider.TSPAARKSPRINT1__EndAround__botA.bc24,SampleProvider.TSPAARKSPRINT1,1,A,b2hint,0,2000,MORE_FLAG_CAPTURES,0,-1,266,19,0,0,0,0,66,22,185,130,4,3,663,712,11,0,38,259,714,145,ATK@600+HEAL@1200+CAP@1800
gauntlet/20261001-164301-scrim-b2hint/losses/SampleProvider.TSPAARKSPRINT1__EndAround__botA.bc24,SampleProvider.TSPAARKSPRINT1,0,B,TSPAARKSPRINT1,1,2000,MORE_FLAG_CAPTURES,2,518,319,73,0,3,55,0,132,1,840,30,0,10,358,837,10,13,2,110,145,714,ATK@600+CAP@1200+HEAL@1800
gauntlet/20261001-164301-scrim-b2hint/losses/SampleProvider.TSPAARKSPRINT1__EndAround__botB.bc24,SampleProvider.TSPAARKSPRINT1,0,A,TSPAARKSPRINT1,1,1747,CAPTURE,3,1247,342,69,0,3,48,0,132,4,540,170,0,3,430,715,12,27,8,105,150,629,ATK@600+CAP@1200
gauntlet/20261001-164301-scrim-b2hint/losses/SampleProvider.TSPAARKSPRINT1__EndAround__botB.bc24,SampleProvider.TSPAARKSPRINT1,1,B,b2hint,0,1747,CAPTURE,1,463,283,5,0,0,0,0,60,19,205,155,2,3,771,661,9,0,37,219,629,150,ATK@600+HEAL@1200
gauntlet/20261001-164301-scrim-b2hint/losses/SampleProvider.TSPAARKSPRINT1__English__botA.bc24,SampleProvider.TSPAARKSPRINT1,1,A,b2hint,0,807,CAPTURE,2,500,249,6,0,0,0,0,168,69,160,230,12,3,717,665,24,0,60,144,165,58,ATK@600
gauntlet/20261001-164301-scrim-b2hint/losses/SampleProvider.TSPAARKSPRINT1__English__botA.bc24,SampleProvider.TSPAARKSPRINT1,0,B,TSPAARKSPRINT1,1,807,CAPTURE,3,509,252,39,0,3,75,0,299,4,3930,53,0,5,419,833,3,26,5,31,58,165,ATK@600
gauntlet/20261001-164301-scrim-b2hint/losses/SampleProvider.TSPAARKSPRINT1__KingQuacksCastle__botB.bc24,SampleProvider.TSPAARKSPRINT1,0,A,TSPAARKSPRINT1,1,539,CAPTURE,3,315,235,12,0,3,19,0,41,4,2370,30,0,21,672,1387,7,36,2,47,43,68,
gauntlet/20261001-164301-scrim-b2hint/losses/SampleProvider.TSPAARKSPRINT1__KingQuacksCastle__botB.bc24,SampleProvider.TSPAARKSPRINT1,1,B,b2hint,0,539,CAPTURE,1,420,237,19,0,0,0,0,30,29,175,260,5,2,983,914,2,0,50,45,68,43,
gauntlet/20261001-164301-scrim-b2hint/losses/Strequals.duck0127v5__Canals__botA.bc24,Strequals.duck0127v5,1,A,b2hint,0,856,CAPTURE,0,-1,421,3,0,0,0,0,0,59,215,225,10,24,849,1515,17,0,58,107,110,242,ATK@600
gauntlet/20261001-164301-scrim-b2hint/losses/Strequals.duck0127v5__Canals__botA.bc24,Strequals.duck0127v5,0,B,duck0127v5,1,856,CAPTURE,3,441,410,14,0,0,0,90,18,10,4625,3920,18,3,1059,1284,0,3,101,320,242,110,ATK@600
gauntlet/20261001-164301-scrim-b2hint/losses/Strequals.duck0127v5__Skyline__botB.bc24,Strequals.duck0127v5,0,A,duck0127v5,1,649,CAPTURE,3,367,340,4,0,0,0,90,55,28,19720,18060,18,2,1041,1430,0,3,134,194,127,57,ATK@600
gauntlet/20261001-164301-scrim-b2hint/losses/Strequals.duck0127v5__Skyline__botB.bc24,Strequals.duck0127v5,1,B,b2hint,0,649,CAPTURE,0,-1,262,8,0,0,0,0,105,105,8690,218,9,17,970,1344,24,0,183,186,57,127,ATK@600
gauntlet/20261001-164301-scrim-b2hint/losses/SampleProvider.TSPAARKSPRINT1__Swoop__botA.bc24,SampleProvider.TSPAARKSPRINT1,1,A,b2hint,0,2000,MORE_FLAG_CAPTURES,1,1590,252,64,0,0,0,0,62,39,200,275,7,8,928,853,12,0,50,389,969,238,ATK@600+HEAL@1200+CAP@1800
gauntlet/20261001-164301-scrim-b2hint/losses/SampleProvider.TSPAARKSPRINT1__Swoop__botA.bc24,SampleProvider.TSPAARKSPRINT1,0,B,TSPAARKSPRINT1,1,2000,MORE_FLAG_CAPTURES,2,839,228,117,0,3,31,0,100,2,3500,30,0,4,516,1190,4,28,6,91,238,969,ATK@600+CAP@1200+HEAL@1800
gauntlet/20261001-164301-scrim-b2hint/losses/Strequals.duck0127v5__Foxes__botB.bc24,Strequals.duck0127v5,0,A,duck0127v5,1,1309,CAPTURE,3,577,338,25,0,0,0,90,14,9,7743,6433,18,6,1004,1320,0,2,77,400,299,223,ATK@600+HEAL@1200
gauntlet/20261001-164301-scrim-b2hint/losses/Strequals.duck0127v5__Foxes__botB.bc24,Strequals.duck0127v5,1,B,b2hint,0,1309,CAPTURE,1,466,323,5,0,0,0,0,16,76,705,235,12,7,860,1516,24,0,78,174,223,299,ATK@600+HEAL@1200
gauntlet/20261001-164301-scrim-b2hint/losses/Strequals.duck0127v5__Divergent__botA.bc24,Strequals.duck0127v5,1,A,b2hint,0,2000,MORE_FLAG_CAPTURES,0,-1,501,12,0,0,0,0,34,42,190,260,7,18,643,1285,12,0,48,189,165,626,ATK@600+HEAL@1200+CAP@1800
gauntlet/20261001-164301-scrim-b2hint/losses/Strequals.duck0127v5__Divergent__botA.bc24,Strequals.duck0127v5,0,B,duck0127v5,1,2000,MORE_FLAG_CAPTURES,2,558,405,10,0,0,0,79,7,1,4579,2587,15,3,911,1158,0,1,65,394,626,165,ATK@600+HEAL@1200+CAP@1800
gauntlet/20261001-164301-scrim-b2hint/losses/Strequals.duck0127v5__Soccer__botA.bc24,Strequals.duck0127v5,1,A,b2hint,0,838,CAPTURE,1,663,495,6,0,0,0,0,20,41,173,168,6,6,871,1485,9,0,52,88,130,200,ATK@600
gauntlet/20261001-164301-scrim-b2hint/losses/Strequals.duck0127v5__Soccer__botA.bc24,Strequals.duck0127v5,0,B,duck0127v5,1,838,CAPTURE,3,464,345,19,0,0,0,90,29,3,3015,2210,18,3,1059,1290,0,3,77,222,200,130,ATK@600
gauntlet/20261001-164301-scrim-b2hint/losses/andli28.v9_USQuals_angle__AceOfSpades__botB.bc24,andli28.v9_USQuals_angle,0,A,v9_USQuals_angle,1,556,CAPTURE,3,283,233,5,0,0,0,90,9,12,1995,17525,18,3,1141,1301,20,3,131,181,154,41,
gauntlet/20261001-164301-scrim-b2hint/losses/andli28.v9_USQuals_angle__AceOfSpades__botB.bc24,andli28.v9_USQuals_angle,1,B,b2hint,0,556,CAPTURE,1,309,255,7,0,0,0,0,15,31,205,245,4,12,910,1335,8,0,43,55,41,154,
gauntlet/20261001-164301-scrim-b2hint/losses/andli28.v9_USQuals_angle__QuestionableChess__botA.bc24,andli28.v9_USQuals_angle,1,A,b2hint,0,398,CAPTURE,0,-1,0,0,0,0,0,0,56,5,120,200,1,2,779,1092,1,0,11,7,32,50,
gauntlet/20261001-164301-scrim-b2hint/losses/andli28.v9_USQuals_angle__QuestionableChess__botA.bc24,andli28.v9_USQuals_angle,0,B,v9_USQuals_angle,1,398,CAPTURE,3,335,264,16,0,0,0,60,31,6,13,14,12,8,938,980,0,3,23,9,50,32,
gauntlet/20261001-164301-scrim-b2hint/losses/andli28.v9_USQuals_angle__Occulus__botA.bc24,andli28.v9_USQuals_angle,1,A,b2hint,0,892,CAPTURE,0,-1,0,0,0,0,0,0,19,32,170,240,5,17,951,1570,5,0,46,84,167,193,ATK@600
gauntlet/20261001-164301-scrim-b2hint/losses/andli28.v9_USQuals_angle__Occulus__botA.bc24,andli28.v9_USQuals_angle,0,B,v9_USQuals_angle,1,892,CAPTURE,3,755,367,26,0,0,0,76,10,6,2227,8505,15,5,984,1309,8,3,61,232,193,167,ATK@600
gauntlet/20261001-164301-scrim-b2hint/losses/andli28.v9_USQuals_angle__Funnel__botB.bc24,andli28.v9_USQuals_angle,0,A,v9_USQuals_angle,1,1833,CAPTURE,3,680,318,42,0,0,0,90,10,7,2645,3635,18,3,1040,1312,9,3,108,557,675,346,ATK@600+HEAL@1200+CAP@1800
gauntlet/20261001-164301-scrim-b2hint/losses/andli28.v9_USQuals_angle__Funnel__botB.bc24,andli28.v9_USQuals_angle,1,B,b2hint,0,1833,CAPTURE,0,-1,458,2,0,0,0,0,32,32,185,140,5,7,785,1108,9,0,53,197,346,675,ATK@600+HEAL@1200+CAP@1800
gauntlet/20261001-164301-scrim-b2hint/losses/andli28.v9_USQuals_angle__Gated__botA.bc24,andli28.v9_USQuals_angle,1,A,b2hint,0,2000,MORE_FLAG_CAPTURES,0,-1,425,7,0,0,0,0,27,27,205,120,4,6,866,1334,4,0,36,184,308,568,ATK@600+HEAL@1200+CAP@1800
gauntlet/20261001-164301-scrim-b2hint/losses/andli28.v9_USQuals_angle__Gated__botA.bc24,andli28.v9_USQuals_angle,0,B,v9_USQuals_angle,1,2000,MORE_FLAG_CAPTURES,2,698,346,41,0,0,0,87,17,7,1539,1869,18,8,1003,1228,0,5,88,330,568,308,ATK@600+HEAL@1200+CAP@1800
gauntlet/20261001-164301-scrim-b2hint/losses/andli28.v9_USQuals_angle__SteamboatMickey__botB.bc24,andli28.v9_USQuals_angle,0,A,v9_USQuals_angle,1,854,CAPTURE,3,504,225,24,0,0,0,87,4,6,7787,17597,18,7,1004,1263,22,3,105,322,230,149,ATK@600
gauntlet/20261001-164301-scrim-b2hint/losses/andli28.v9_USQuals_angle__SteamboatMickey__botB.bc24,andli28.v9_USQuals_angle,1,B,b2hint,0,854,CAPTURE,1,389,218,9,0,0,0,0,5,75,690,290,11,8,959,1382,24,0,87,137,149,230,ATK@600
gauntlet/20261001-164301-scrim-b2hint/losses/andrewgopher.player22__Divergent__botB.bc24,andrewgopher.player22,0,A,player22,1,2000,LEVEL_SUM,0,-1,269,11,0,3,0,0,80,0,3700,110,0,5,972,624,5,0,53,384,794,523,ATK@600+HEAL@1200+CAP@1800
gauntlet/20261001-164301-scrim-b2hint/losses/andrewgopher.player22__Divergent__botB.bc24,andrewgopher.player22,1,B,b2hint,0,2000,LEVEL_SUM,0,-1,253,1,0,0,0,0,31,42,275,305,7,26,764,1182,15,0,43,206,523,794,ATK@600+HEAL@1200+CAP@1800
gauntlet/20261001-164301-scrim-b2hint/losses/andrewgopher.player22__StackGame__botA.bc24,andrewgopher.player22,1,A,b2hint,0,848,CAPTURE,0,-1,374,2,0,0,0,0,31,50,185,285,9,20,1058,1560,15,0,55,109,356,253,ATK@600
gauntlet/20261001-164301-scrim-b2hint/losses/andrewgopher.player22__StackGame__botA.bc24,andrewgopher.player22,0,B,player22,1,848,CAPTURE,3,301,259,13,0,3,0,0,49,0,5530,1160,0,7,1289,935,3,0,84,169,253,356,ATK@600
gauntlet/20261001-164301-scrim-b2hint/losses/andrewgopher.player22__Snake__botA.bc24,andrewgopher.player22,1,A,b2hint,0,971,CAPTURE,0,-1,502,2,0,0,0,0,174,85,665,208,12,15,1007,1433,24,0,245,306,344,316,ATK@600
gauntlet/20261001-164301-scrim-b2hint/losses/andrewgopher.player22__Snake__botA.bc24,andrewgopher.player22,0,B,player22,1,971,CAPTURE,3,609,533,7,1,3,0,0,100,0,12500,26090,0,2,947,575,38,0,76,346,316,344,ATK@600
gauntlet/20261001-164301-scrim-b2hint/losses/andrewgopher.player22__Fountain__botA.bc24,andrewgopher.player22,1,A,b2hint,0,2000,MORE_FLAG_CAPTURES,1,325,268,10,0,0,0,0,45,19,233,103,3,17,880,1332,9,0,28,188,786,570,ATK@600+HEAL@1200+CAP@1800
gauntlet/20261001-164301-scrim-b2hint/losses/andrewgopher.player22__Fountain__botA.bc24,andrewgopher.player22,0,B,player22,1,2000,MORE_FLAG_CAPTURES,2,476,310,19,1,3,0,0,62,0,2240,1140,0,0,993,529,8,0,5,201,570,786,ATK@600+HEAL@1200+CAP@1800
gauntlet/20261001-164301-scrim-b2hint/losses/andrewgopher.player22__WheresMyWater__botA.bc24,andrewgopher.player22,1,A,b2hint,0,1114,CAPTURE,0,-1,991,1,0,0,0,0,52,31,165,225,4,1,1119,1718,8,0,41,116,429,469,ATK@600
gauntlet/20261001-164301-scrim-b2hint/losses/andrewgopher.player22__WheresMyWater__botA.bc24,andrewgopher.player22,0,B,player22,1,1114,CAPTURE,3,267,247,8,0,3,0,0,118,0,1860,80,0,4,1308,513,9,0,45,208,469,429,ATK@600
gauntlet/20261001-164301-scrim-b2hint/losses/andrewgopher.player22__Yinyang__botB.bc24,andrewgopher.player22,0,A,player22,1,496,CAPTURE,3,298,251,9,0,3,0,0,0,0,5300,20,0,6,1319,750,0,0,75,67,112,145,
gauntlet/20261001-164301-scrim-b2hint/losses/andrewgopher.player22__Yinyang__botB.bc24,andrewgopher.player22,1,B,b2hint,0,496,CAPTURE,0,-1,0,0,0,0,0,0,0,46,130,210,8,17,1013,1534,11,0,50,60,145,112,
gauntlet/20261001-164301-scrim-b2hint/losses/chenyx512.flagbot_final__Bunkers__botA.bc24,chenyx512.flagbot_final,1,A,b2hint,0,662,CAPTURE,1,505,267,4,0,0,0,0,33,36,170,215,6,10,1028,1598,9,0,46,73,40,176,ATK@600
gauntlet/20261001-164301-scrim-b2hint/losses/chenyx512.flagbot_final__Bunkers__botA.bc24,chenyx512.flagbot_final,0,B,flagbot_final,1,662,CAPTURE,3,311,259,19,0,3,47,90,119,3,155,30,18,12,1304,1732,0,0,58,125,176,40,ATK@600
gauntlet/20261001-164301-scrim-b2hint/losses/chenyx512.flagbot_final__Alligator__botA.bc24,chenyx512.flagbot_final,1,A,b2hint,0,1052,CAPTURE,0,-1,866,1,0,0,0,0,51,32,205,295,5,10,894,1370,10,0,51,123,124,434,ATK@600
gauntlet/20261001-164301-scrim-b2hint/losses/chenyx512.flagbot_final__Alligator__botA.bc24,chenyx512.flagbot_final,0,B,flagbot_final,1,1052,CAPTURE,3,436,240,31,0,3,38,90,139,3,159,3219,18,3,1208,1483,0,0,138,322,434,124,ATK@600
gauntlet/20261001-164301-scrim-b2hint/losses/awu7.ExplosiveBot__Capacitance__botB.bc24,awu7.ExplosiveBot,0,A,ExplosiveBot,1,2000,MORE_FLAG_CAPTURES,2,756,354,42,32,0,0,0,27,3,4890,3490,0,19,545,646,39,0,6,141,190,1216,ATK@600+HEAL@1200
gauntlet/20261001-164301-scrim-b2hint/losses/awu7.ExplosiveBot__Capacitance__botB.bc24,awu7.ExplosiveBot,1,B,b2hint,0,2000,MORE_FLAG_CAPTURES,1,592,572,15,0,0,0,0,23,43,175,295,8,18,882,1116,13,0,60,357,1216,190,ATK@600+HEAL@1200+CAP@1800
gauntlet/20261001-164301-scrim-b2hint/losses/chenyx512.flagbot_final__Intercontinental__botA.bc24,chenyx512.flagbot_final,1,A,b2hint,0,904,CAPTURE,1,425,375,6,0,0,0,0,78,17,120,30,2,9,821,1305,8,0,13,52,83,378,ATK@600
gauntlet/20261001-164301-scrim-b2hint/losses/chenyx512.flagbot_final__Intercontinental__botA.bc24,chenyx512.flagbot_final,0,B,flagbot_final,1,904,CAPTURE,3,489,447,9,0,3,25,86,121,0,30,42,17,3,847,1343,0,0,26,109,378,83,ATK@600
gauntlet/20261001-164301-scrim-b2hint/losses/chenyx512.flagbot_final__CH3353C4K3F4CT0RY__botB.bc24,chenyx512.flagbot_final,0,A,flagbot_final,1,1136,CAPTURE,3,445,392,16,0,3,49,90,109,0,10796,9296,18,6,1066,1573,0,0,211,503,524,124,ATK@600
gauntlet/20261001-164301-scrim-b2hint/losses/chenyx512.flagbot_final__CH3353C4K3F4CT0RY__botB.bc24,chenyx512.flagbot_final,1,B,b2hint,0,1136,CAPTURE,0,-1,231,5,0,0,0,0,9,111,2925,225,12,18,886,1523,24,0,134,237,124,524,ATK@600
gauntlet/20261001-164301-scrim-b2hint/losses/chenyx512.flagbot_final__KingQuacksCastle__botB.bc24,chenyx512.flagbot_final,0,A,flagbot_final,1,657,CAPTURE,3,348,293,13,0,3,42,90,89,0,60,4565,18,6,1073,1605,0,0,132,162,139,31,ATK@600
gauntlet/20261001-164301-scrim-b2hint/losses/chenyx512.flagbot_final__KingQuacksCastle__botB.bc24,chenyx512.flagbot_final,1,B,b2hint,0,657,CAPTURE,0,-1,295,6,0,0,0,0,28,30,135,195,5,7,908,1478,3,0,45,71,31,139,ATK@600
gauntlet/20261001-164301-scrim-b2hint/losses/dmtrung14.defaultplayer_intlqualifier__DefaultHuge__botA.bc24,dmtrung14.defaultplayer_intlqualifier,1,A,b2hint,0,520,CAPTURE,1,360,287,4,0,0,0,0,8,51,185,35,9,2,1300,480,12,0,49,64,204,15,
gauntlet/20261001-164301-scrim-b2hint/losses/dmtrung14.defaultplayer_intlqualifier__DefaultHuge__botA.bc24,dmtrung14.defaultplayer_intlqualifier,0,B,defaultplayer_intlqualifier,1,520,CAPTURE,3,343,299,52,39,3,28,0,21,32,1370,100,0,3,280,718,6,24,32,65,15,204,
gauntlet/20261001-164301-scrim-b2hint/losses/chenyx512.flagbot_final__OceanFloor__botB.bc24,chenyx512.flagbot_final,0,A,flagbot_final,1,1058,CAPTURE,3,307,256,8,0,3,51,90,75,1,192,12,18,1,969,1253,0,0,48,273,477,67,ATK@600
gauntlet/20261001-164301-scrim-b2hint/losses/chenyx512.flagbot_final__OceanFloor__botB.bc24,chenyx512.flagbot_final,1,B,b2hint,0,1058,CAPTURE,0,-1,243,11,0,0,0,0,34,25,120,280,4,14,686,1081,4,0,33,99,67,477,ATK@600
gauntlet/20261001-164301-scrim-b2hint/losses/clbarrell.duck8__Diagonal__botB.bc24,clbarrell.duck8,0,A,duck8,1,2000,MORE_FLAG_CAPTURES,1,401,269,13,0,0,0,0,18,49,540,40,3,9,767,752,16,0,69,224,310,776,ATK@750+HEAL@1500
gauntlet/20261001-164301-scrim-b2hint/losses/clbarrell.duck8__Diagonal__botB.bc24,clbarrell.duck8,1,B,b2hint,0,2000,MORE_FLAG_CAPTURES,0,-1,273,6,0,0,0,0,24,56,233,243,10,0,808,789,17,0,63,210,776,310,ATK@600+HEAL@1200+CAP@1800
gauntlet/20261001-164301-scrim-b2hint/losses/hsmalladi.finalbot__BreadPudding__botB.bc24,hsmalladi.finalbot,0,A,finalbot,1,597,CAPTURE,3,370,309,35,7,3,21,59,52,0,2586,86,11,0,948,978,4,3,47,72,93,131,
gauntlet/20261001-164301-scrim-b2hint/losses/hsmalladi.finalbot__BreadPudding__botB.bc24,hsmalladi.finalbot,1,B,b2hint,0,597,CAPTURE,0,-1,0,0,0,0,0,0,44,28,140,210,5,24,918,1337,9,0,39,53,131,93,
gauntlet/20261001-164301-scrim-b2hint/losses/clbarrell.duck8__Whirlpool__botA.bc24,clbarrell.duck8,1,A,b2hint,0,2000,MORE_FLAG_CAPTURES,0,-1,728,4,0,0,0,0,80,23,140,240,3,14,1106,986,5,0,48,230,1023,464,ATK@600+HEAL@1200+CAP@1800
gauntlet/20261001-164301-scrim-b2hint/losses/clbarrell.duck8__Whirlpool__botA.bc24,clbarrell.duck8,0,B,duck8,1,2000,MORE_FLAG_CAPTURES,2,405,275,33,0,0,0,0,49,33,10,70,3,7,804,767,5,0,64,248,464,1023,ATK@750+HEAL@1500
gauntlet/20261001-164301-scrim-b2hint/losses/hsmalladi.finalbot__HungerGames__botB.bc24,hsmalladi.finalbot,0,A,finalbot,1,619,CAPTURE,3,347,246,29,8,3,20,6,18,0,2440,10690,0,0,1157,907,0,3,198,221,135,143,ATK@600
gauntlet/20261001-164301-scrim-b2hint/losses/hsmalladi.finalbot__HungerGames__botB.bc24,hsmalladi.finalbot,1,B,b2hint,0,619,CAPTURE,0,-1,375,3,0,0,0,0,19,23,165,260,4,0,899,1365,9,0,74,99,143,135,ATK@600
gauntlet/20261001-164301-scrim-b2hint/losses/dmtrung14.defaultplayer_intlqualifier__StarryNight__botA.bc24,dmtrung14.defaultplayer_intlqualifier,1,A,b2hint,0,2000,MORE_FLAG_CAPTURES,1,801,228,6,0,0,0,0,91,112,693,253,11,0,1174,688,25,0,103,270,558,53,ATK@600+HEAL@1200+CAP@1800
gauntlet/20261001-164301-scrim-b2hint/losses/dmtrung14.defaultplayer_intlqualifier__StarryNight__botA.bc24,dmtrung14.defaultplayer_intlqualifier,0,B,defaultplayer_intlqualifier,1,2000,MORE_FLAG_CAPTURES,2,270,244,28,20,3,16,0,115,21,10150,12250,0,8,477,1068,3,24,25,62,53,558,ATK@600+HEAL@1200+CAP@1800
gauntlet/20261001-164301-scrim-b2hint/losses/dmtrung14.defaultplayer_intlqualifier__Foxes__botB.bc24,dmtrung14.defaultplayer_intlqualifier,0,A,defaultplayer_intlqualifier,1,2000,MORE_FLAG_CAPTURES,1,395,360,25,13,3,40,0,22,25,5840,5810,0,2,340,720,6,32,24,108,37,266,ATK@600+HEAL@1200+CAP@1800
gauntlet/20261001-164301-scrim-b2hint/losses/dmtrung14.defaultplayer_intlqualifier__Foxes__botB.bc24,dmtrung14.defaultplayer_intlqualifier,1,B,b2hint,0,2000,MORE_FLAG_CAPTURES,0,-1,255,10,0,0,0,0,16,77,620,30,12,12,889,451,24,0,60,73,266,37,ATK@600+HEAL@1200+CAP@1800
gauntlet/20261001-164301-scrim-b2hint/losses/hsmalladi.finalbot__StackGame__botA.bc24,hsmalladi.finalbot,1,A,b2hint,0,412,CAPTURE,0,-1,382,2,0,0,0,0,31,53,190,290,10,20,1067,1543,12,0,63,58,83,73,
gauntlet/20261001-164301-scrim-b2hint/losses/hsmalladi.finalbot__StackGame__botA.bc24,hsmalladi.finalbot,0,B,finalbot,1,412,CAPTURE,3,307,262,17,4,3,23,60,61,4,3893,123,12,0,1202,1057,7,3,60,66,73,83,
gauntlet/20261001-164301-scrim-b2hint/losses/hsmalladi.finalbot__Hurricane__botA.bc24,hsmalladi.finalbot,1,A,b2hint,0,2000,MORE_FLAG_CAPTURES,0,-1,1582,1,0,0,0,0,63,41,140,180,6,2,808,1107,12,0,41,193,414,149,ATK@600+HEAL@1200+CAP@1800
gauntlet/20261001-164301-scrim-b2hint/losses/hsmalladi.finalbot__Hurricane__botA.bc24,hsmalladi.finalbot,0,B,finalbot,1,2000,MORE_FLAG_CAPTURES,2,377,226,90,7,3,86,60,57,8,3452,152,12,0,783,594,1,2,58,225,149,414,ATK@600+HEAL@1200+CAP@1800
gauntlet/20261001-164301-scrim-b2hint/losses/jmerle.camel_case_v21_final__HungerGames__botB.bc24,jmerle.camel_case_v21_final,0,A,camel_case_v21_final,1,380,CAPTURE,3,286,243,5,0,0,0,0,5,0,2850,10230,0,1,1107,436,0,0,215,199,94,54,
gauntlet/20261001-164301-scrim-b2hint/losses/jmerle.camel_case_v21_final__HungerGames__botB.bc24,jmerle.camel_case_v21_final,1,B,b2hint,0,380,CAPTURE,2,251,223,2,0,0,0,0,19,24,125,245,4,1,529,833,10,0,60,61,54,94,
gauntlet/20261001-164301-scrim-b2hint/losses/hsmalladi.finalbot__Puzzle__botA.bc24,hsmalladi.finalbot,1,A,b2hint,0,1861,CAPTURE,1,575,376,12,0,0,0,0,3,22,155,185,4,0,628,999,14,0,66,188,537,494,ATK@600+HEAL@1200+CAP@1800
gauntlet/20261001-164301-scrim-b2hint/losses/hsmalladi.finalbot__Puzzle__botA.bc24,hsmalladi.finalbot,0,B,finalbot,1,1861,CAPTURE,3,420,273,40,10,3,27,0,79,0,30,8260,0,0,730,611,0,3,131,321,494,537,ATK@600+HEAL@1200+CAP@1800
gauntlet/20261001-164301-scrim-b2hint/losses/hsmalladi.finalbot__TwistedTreeline__botA.bc24,hsmalladi.finalbot,1,A,b2hint,0,1893,CAPTURE,1,1254,311,9,0,0,0,0,65,21,175,235,3,0,929,1500,7,0,33,188,707,591,ATK@600+HEAL@1200+CAP@1800
gauntlet/20261001-164301-scrim-b2hint/losses/hsmalladi.finalbot__TwistedTreeline__botA.bc24,hsmalladi.finalbot,0,B,finalbot,1,1893,CAPTURE,3,296,234,88,8,3,17,59,60,0,2051,69,11,2,1165,1005,2,2,39,317,591,707,ATK@600+HEAL@1200+CAP@1800
gauntlet/20261001-164301-scrim-b2hint/losses/jmerle.camel_case_v21_final__GravitationalWaves__botB.bc24,jmerle.camel_case_v21_final,0,A,camel_case_v21_final,1,2000,MORE_FLAG_CAPTURES,1,1249,243,16,0,0,0,0,74,0,3880,2810,0,3,961,754,0,0,33,138,282,672,ATK@600+HEAL@1200+CAP@1800
gauntlet/20261001-164301-scrim-b2hint/losses/jmerle.camel_case_v21_final__GravitationalWaves__botB.bc24,jmerle.camel_case_v21_final,1,B,b2hint,0,2000,MORE_FLAG_CAPTURES,0,-1,1636,1,0,0,0,0,62,39,170,270,6,20,846,1628,5,0,53,144,672,282,ATK@600+HEAL@1200+CAP@1800
gauntlet/20261001-164301-scrim-b2hint/losses/jmerle.camel_case_v21_final__Starfish__botB.bc24,jmerle.camel_case_v21_final,0,A,camel_case_v21_final,1,524,CAPTURE,3,300,211,15,0,0,0,0,211,1,70,110,0,17,1360,485,0,0,16,29,148,173,
gauntlet/20261001-164301-scrim-b2hint/losses/jmerle.camel_case_v21_final__Starfish__botB.bc24,jmerle.camel_case_v21_final,1,B,b2hint,0,524,CAPTURE,0,-1,242,3,0,0,0,0,103,26,160,235,4,3,1021,1202,8,0,41,48,173,148,
gauntlet/20261001-164301-scrim-b2hint/losses/jmerle.camel_case_v21_final__Hurricane__botA.bc24,jmerle.camel_case_v21_final,1,A,b2hint,0,1480,CAPTURE,1,1009,212,15,0,0,0,0,60,43,165,245,7,21,595,920,11,0,48,151,455,294,ATK@600+HEAL@1200
gauntlet/20261001-164301-scrim-b2hint/losses/jmerle.camel_case_v21_final__Hurricane__botA.bc24,jmerle.camel_case_v21_final,0,B,camel_case_v21_final,1,1480,CAPTURE,3,836,252,32,0,0,0,0,43,5,5110,4050,0,8,853,290,0,0,75,201,294,455,ATK@600+HEAL@1200
gauntlet/20261001-164301-scrim-b2hint/losses/jmerle.camel_case_v21_final__OceanFloor__botB.bc24,jmerle.camel_case_v21_final,0,A,camel_case_v21_final,1,1983,CAPTURE,3,331,225,26,0,0,0,0,8,5,3060,3350,0,0,836,406,0,0,52,344,685,878,ATK@600+HEAL@1200+CAP@1800
gauntlet/20261001-164301-scrim-b2hint/losses/jmerle.camel_case_v21_final__OceanFloor__botB.bc24,jmerle.camel_case_v21_final,1,B,b2hint,0,1983,CAPTURE,2,314,213,8,0,0,0,0,39,24,190,295,4,6,625,871,2,0,49,248,878,685,ATK@600+HEAL@1200+CAP@1800
gauntlet/20261001-164301-scrim-b2hint/losses/kyleezz.jeeryfix3__Digging__botB.bc24,kyleezz.jeeryfix3,0,A,jeeryfix3,1,2000,MORE_FLAG_CAPTURES,1,267,242,2,0,0,0,0,26,0,2320,2190,0,10,1018,738,0,0,51,220,409,1551,ATK@600+CAP@1200+HEAL@1800
gauntlet/20261001-164301-scrim-b2hint/losses/kyleezz.jeeryfix3__Digging__botB.bc24,kyleezz.jeeryfix3,1,B,b2hint,0,2000,MORE_FLAG_CAPTURES,0,-1,0,0,0,0,0,0,15,25,125,280,5,1,1303,1408,2,0,61,201,1551,409,ATK@600+HEAL@1200+CAP@1800
gauntlet/20261001-164301-scrim-b2hint/losses/kyleezz.jeeryfix3__Skyline__botA.bc24,kyleezz.jeeryfix3,1,A,b2hint,0,476,CAPTURE,0,-1,0,0,0,0,0,0,101,96,9740,240,9,7,1175,1222,24,0,190,198,164,81,
gauntlet/20261001-164301-scrim-b2hint/losses/kyleezz.jeeryfix3__Skyline__botA.bc24,kyleezz.jeeryfix3,0,B,jeeryfix3,1,476,CAPTURE,3,318,284,9,0,0,0,0,178,12,17460,15200,0,5,1029,673,0,0,177,137,81,164,
gauntlet/20261001-164301-scrim-b2hint/losses/kyleezz.jeeryfix3__OceanFloor__botA.bc24,kyleezz.jeeryfix3,1,A,b2hint,0,1762,CAPTURE,2,1303,978,5,0,0,0,0,37,24,185,225,4,23,1167,1488,3,0,41,342,1215,384,ATK@600+HEAL@1200
gauntlet/20261001-164301-scrim-b2hint/losses/kyleezz.jeeryfix3__OceanFloor__botA.bc24,kyleezz.jeeryfix3,0,B,jeeryfix3,1,1762,CAPTURE,3,852,252,32,0,0,0,0,78,8,660,240,0,2,1178,654,0,0,42,209,384,1215,ATK@600+CAP@1200
gauntlet/20261001-164301-scrim-b2hint/losses/kyleezz.jeeryfix3__Hurricane__botB.bc24,kyleezz.jeeryfix3,0,A,jeeryfix3,1,2000,LEVEL_SUM,0,-1,222,2,0,0,0,0,188,1,1160,1040,0,7,430,407,0,0,15,14,35,84,ATK@600+CAP@1200+HEAL@1800
gauntlet/20261001-164301-scrim-b2hint/losses/kyleezz.jeeryfix3__Hurricane__botB.bc24,kyleezz.jeeryfix3,1,B,b2hint,0,2000,LEVEL_SUM,0,-1,212,4,0,0,0,0,65,41,150,280,7,16,345,472,11,0,49,17,84,35,ATK@600+HEAL@1200+CAP@1800
gauntlet/20261001-164301-scrim-b2hint/losses/quesswho.cretplayer2_3__Battlefield__botB.bc24,quesswho.cretplayer2_3,0,A,cretplayer2_3,1,410,CAPTURE,3,276,224,19,0,3,7,0,39,0,4930,940,0,10,1145,904,0,7,58,60,64,143,
gauntlet/20261001-164301-scrim-b2hint/losses/quesswho.cretplayer2_3__Battlefield__botB.bc24,quesswho.cretplayer2_3,1,B,b2hint,0,410,CAPTURE,0,-1,359,2,0,0,0,0,23,46,250,235,8,19,1409,1371,7,0,64,56,143,64,
gauntlet/20261001-164301-scrim-b2hint/losses/quesswho.cretplayer2_3__Canals__botA.bc24,quesswho.cretplayer2_3,1,A,b2hint,0,996,CAPTURE,0,-1,0,0,0,0,0,0,0,57,205,265,10,0,976,1118,19,0,59,110,120,66,ATK@600
gauntlet/20261001-164301-scrim-b2hint/losses/quesswho.cretplayer2_3__Canals__botA.bc24,quesswho.cretplayer2_3,0,B,cretplayer2_3,1,996,CAPTURE,3,333,244,11,0,3,26,0,0,0,7000,960,0,3,897,910,0,4,74,86,66,120,ATK@600
gauntlet/20261001-164301-scrim-b2hint/losses/quesswho.cretplayer2_3__Capacitance__botA.bc24,quesswho.cretplayer2_3,1,A,b2hint,0,1567,CAPTURE,2,372,239,8,0,0,0,0,22,43,200,300,7,1,829,921,13,0,59,228,806,376,ATK@600+HEAL@1200
gauntlet/20261001-164301-scrim-b2hint/losses/quesswho.cretplayer2_3__Capacitance__botA.bc24,quesswho.cretplayer2_3,0,B,cretplayer2_3,1,1567,CAPTURE,3,268,229,65,0,3,8,0,19,0,5430,730,0,5,908,935,0,4,84,249,376,806,ATK@600+HEAL@1200
gauntlet/20261001-164301-scrim-b2hint/losses/quesswho.cretplayer2_3__Tunnels__botB.bc24,quesswho.cretplayer2_3,0,A,cretplayer2_3,1,1015,CAPTURE,3,307,239,45,0,3,18,0,57,0,3090,1010,0,20,884,751,0,3,55,125,200,641,ATK@600
gauntlet/20261001-164301-scrim-b2hint/losses/quesswho.cretplayer2_3__Tunnels__botB.bc24,quesswho.cretplayer2_3,1,B,b2hint,0,1015,CAPTURE,0,-1,456,1,0,0,0,0,61,24,195,265,4,0,1157,994,6,0,44,100,641,200,ATK@600
gauntlet/20261001-164301-scrim-b2hint/losses/winkelmantanner.waffle__BedWars__botA.bc24,winkelmantanner.waffle,1,A,b2hint,0,669,CAPTURE,2,492,314,4,0,0,0,0,0,42,195,30,7,16,506,538,8,0,35,33,150,71,ATK@600
gauntlet/20261001-164301-scrim-b2hint/losses/winkelmantanner.waffle__BedWars__botA.bc24,winkelmantanner.waffle,0,B,waffle,1,669,CAPTURE,3,470,331,31,0,0,0,0,0,3,4500,1590,0,5,410,376,0,0,47,60,71,150,ATK@600
gauntlet/20261001-164301-scrim-b2hint/losses/winkelmantanner.waffle__Islands__botA.bc24,winkelmantanner.waffle,1,A,b2hint,0,725,CAPTURE,0,-1,495,3,0,0,0,0,81,45,170,255,8,0,1257,1512,16,0,56,106,280,124,ATK@600
gauntlet/20261001-164301-scrim-b2hint/losses/winkelmantanner.waffle__Islands__botA.bc24,winkelmantanner.waffle,0,B,waffle,1,725,CAPTURE,3,294,232,36,0,0,0,0,51,60,741,331,4,13,1183,1189,0,0,90,105,124,280,ATK@600
gauntlet/20261001-164301-scrim-b2hint/losses/quesswho.cretplayer2_3__OceanFloor__botA.bc24,quesswho.cretplayer2_3,1,A,b2hint,0,1010,CAPTURE,1,866,401,10,0,0,0,0,35,25,155,305,4,1,383,452,3,0,43,57,113,88,ATK@600
gauntlet/20261001-164301-scrim-b2hint/losses/quesswho.cretplayer2_3__OceanFloor__botA.bc24,quesswho.cretplayer2_3,0,B,cretplayer2_3,1,1010,CAPTURE,3,359,223,14,0,3,50,0,33,0,2810,1010,0,3,457,435,0,3,38,82,88,113,ATK@600
gauntlet/20261001-164301-scrim-b2hint/losses/winkelmantanner.waffle__Skyline__botA.bc24,winkelmantanner.waffle,1,A,b2hint,0,532,CAPTURE,1,276,241,4,0,0,0,0,107,104,8725,241,9,0,786,915,24,0,188,174,117,92,
gauntlet/20261001-164301-scrim-b2hint/losses/winkelmantanner.waffle__Skyline__botA.bc24,winkelmantanner.waffle,0,B,waffle,1,532,CAPTURE,3,321,258,16,0,0,0,0,66,54,16623,12123,2,2,946,1029,0,0,246,237,92,117,
gauntlet/20261001-164301-scrim-b2hint/losses/winkelmantanner.waffle__StackGame__botB.bc24,winkelmantanner.waffle,0,A,waffle,1,503,CAPTURE,3,282,229,20,0,0,0,0,33,22,3810,200,0,13,1162,848,0,0,89,96,78,187,
gauntlet/20261001-164301-scrim-b2hint/losses/winkelmantanner.waffle__StackGame__botB.bc24,winkelmantanner.waffle,1,B,b2hint,0,503,CAPTURE,1,461,437,2,0,0,0,0,39,49,120,220,8,1,1260,1431,15,0,54,59,187,78,
gauntlet/20261001-164301-scrim-b2hint/losses/winkelmantanner.waffle__Whirlpool__botB.bc24,winkelmantanner.waffle,0,A,waffle,1,653,CAPTURE,3,327,258,12,0,0,0,0,58,20,1460,2970,0,9,933,1306,0,0,86,89,88,130,ATK@600
gauntlet/20261001-164301-scrim-b2hint/losses/winkelmantanner.waffle__Whirlpool__botB.bc24,winkelmantanner.waffle,1,B,b2hint,0,653,CAPTURE,0,-1,0,0,0,0,0,0,82,21,185,295,3,3,945,1211,6,0,34,49,130,88,ATK@600
gauntlet/20261001-164301-scrim-b2hint/replays/ColtG5.Goob_final__OceanFloor__botA.bc24,ColtG5.Goob_final,1,A,b2hint,1,1664,CAPTURE,3,529,343,6,0,0,0,0,33,24,185,265,4,0,1190,1369,4,0,53,291,1046,282,ATK@600+HEAL@1200
gauntlet/20261001-164301-scrim-b2hint/replays/ColtG5.Goob_final__OceanFloor__botA.bc24,ColtG5.Goob_final,0,B,Goob_final,0,1664,CAPTURE,2,283,231,18,0,0,0,0,57,0,2090,90,0,9,1073,780,0,0,42,194,282,1046,ATK@600+HEAL@1200
gauntlet/20261001-164301-scrim-b2hint/replays/ColtG5.Goob_final__BigDucksBigPond__botB.bc24,ColtG5.Goob_final,0,A,Goob_final,0,1803,CAPTURE,0,-1,0,0,0,0,0,0,121,0,3670,80,0,8,1033,863,8,0,67,236,426,1315,ATK@600+HEAL@1200+CAP@1800
gauntlet/20261001-164301-scrim-b2hint/replays/ColtG5.Goob_final__BigDucksBigPond__botB.bc24,ColtG5.Goob_final,1,B,b2hint,1,1803,CAPTURE,3,1661,938,7,0,0,0,0,105,32,140,285,5,21,1203,1516,13,0,56,444,1315,426,ATK@600+HEAL@1200+CAP@1800
gauntlet/20261001-164301-scrim-b2hint/replays/ColtG5.Goob_final__DefaultLarge__botA.bc24,ColtG5.Goob_final,1,A,b2hint,1,2000,MORE_FLAG_CAPTURES,2,1502,1341,3,0,0,0,0,41,23,190,245,3,27,1023,1295,6,0,39,402,1406,447,ATK@600+HEAL@1200+CAP@1800
gauntlet/20261001-164301-scrim-b2hint/replays/ColtG5.Goob_final__DefaultLarge__botA.bc24,ColtG5.Goob_final,0,B,Goob_final,0,2000,MORE_FLAG_CAPTURES,0,-1,248,6,0,0,0,0,49,0,2730,450,0,5,1081,688,12,0,82,282,447,1406,ATK@600+HEAL@1200+CAP@1800
gauntlet/20261001-164301-scrim-b2hint/replays/CyrilSharma.finalBot__Fusbol__botA.bc24,CyrilSharma.finalBot,1,A,b2hint,1,2000,LEVEL_SUM,0,-1,1875,1,0,0,0,0,86,45,624,297,5,13,957,1148,21,0,144,412,613,244,ATK@600+HEAL@1200+CAP@1800
gauntlet/20261001-164301-scrim-b2hint/replays/CyrilSharma.finalBot__Fusbol__botA.bc24,CyrilSharma.finalBot,0,B,finalBot,0,2000,LEVEL_SUM,0,-1,1382,1,0,0,0,31,36,0,1638,85,6,5,643,1108,0,0,27,269,244,613,ATK@600+HEAL@1200+CAP@1800
gauntlet/20261001-164301-scrim-b2hint/replays/CyrilSharma.finalBot__BedWars__botB.bc24,CyrilSharma.finalBot,0,A,finalBot,0,2000,LEVEL_SUM,2,429,247,42,0,0,0,53,25,0,3097,2627,10,4,430,513,0,0,19,159,344,576,ATK@600+HEAL@1200+CAP@1800
gauntlet/20261001-164301-scrim-b2hint/replays/CyrilSharma.finalBot__BedWars__botB.bc24,CyrilSharma.finalBot,1,B,b2hint,1,2000,LEVEL_SUM,2,645,409,10,0,0,0,0,0,40,140,10,7,7,514,635,10,0,30,142,576,344,ATK@600+HEAL@1200+CAP@1800
gauntlet/20261001-164301-scrim-b2hint/replays/Gymhgy.v10official__Diagonal__botA.bc24,Gymhgy.v10official,1,A,b2hint,1,2000,MORE_BREAD,0,-1,563,2,0,0,0,0,21,56,210,240,11,12,683,999,19,0,55,200,204,139,ATK@600+HEAL@1200+CAP@1800
gauntlet/20261001-164301-scrim-b2hint/replays/Gymhgy.v10official__Diagonal__botA.bc24,Gymhgy.v10official,0,B,v10official,0,2000,MORE_BREAD,0,-1,985,42,21,3,9,76,19,3,5369,1209,15,2,674,1138,9,3,75,177,139,204,ATK@600+HEAL@1200+CAP@1800
gauntlet/20261001-164301-scrim-b2hint/replays/NotLLeon.v3__Hurricane__botB.bc24,NotLLeon.v3,0,A,v3,0,2000,LEVEL_SUM,1,852,221,41,0,0,0,0,70,0,4800,1740,0,9,757,728,0,0,60,204,153,253,ATK@600+HEAL@1200+CAP@1800
gauntlet/20261001-164301-scrim-b2hint/replays/NotLLeon.v3__Hurricane__botB.bc24,NotLLeon.v3,1,B,b2hint,1,2000,LEVEL_SUM,1,606,217,51,0,0,0,0,58,44,160,220,8,2,832,994,11,0,58,216,253,153,ATK@600+HEAL@1200+CAP@1800
gauntlet/20261001-164301-scrim-b2hint/replays/awu7.ExplosiveBot__Alligator__botA.bc24,awu7.ExplosiveBot,1,A,b2hint,1,1595,CAPTURE,3,427,235,11,0,0,0,0,54,35,150,270,6,5,1166,1302,15,0,90,331,911,175,ATK@600+HEAL@1200
gauntlet/20261001-164301-scrim-b2hint/replays/awu7.ExplosiveBot__Alligator__botA.bc24,awu7.ExplosiveBot,0,B,ExplosiveBot,0,1595,CAPTURE,1,601,232,18,4,0,0,0,69,9,2730,5140,0,24,816,940,3,0,25,114,175,911,ATK@600+HEAL@1200
gauntlet/20261001-164301-scrim-b2hint/replays/SampleProvider.TSPAARKSPRINT1__WheresMyWater__botB.bc24,SampleProvider.TSPAARKSPRINT1,0,A,TSPAARKSPRINT1,0,2000,MORE_FLAG_CAPTURES,1,418,253,16,0,3,5,0,169,2,130,30,0,2,615,1619,0,6,0,47,124,1192,ATK@600+CAP@1200+HEAL@1800
gauntlet/20261001-164301-scrim-b2hint/replays/SampleProvider.TSPAARKSPRINT1__WheresMyWater__botB.bc24,SampleProvider.TSPAARKSPRINT1,1,B,b2hint,1,2000,MORE_FLAG_CAPTURES,2,274,256,24,0,0,0,0,56,32,125,215,6,4,1281,1004,6,0,67,541,1192,124,ATK@600+HEAL@1200+CAP@1800
gauntlet/20261001-164301-scrim-b2hint/replays/awu7.ExplosiveBot__Canals__botA.bc24,awu7.ExplosiveBot,1,A,b2hint,1,1143,CAPTURE,3,641,409,11,0,0,0,0,0,62,170,240,11,0,1068,1395,16,0,65,253,816,104,ATK@600
gauntlet/20261001-164301-scrim-b2hint/replays/awu7.ExplosiveBot__Canals__botA.bc24,awu7.ExplosiveBot,0,B,ExplosiveBot,0,1143,CAPTURE,1,254,226,27,20,0,0,0,0,5,6000,70,0,4,704,438,34,0,9,86,104,816,ATK@600
gauntlet/20261001-164301-scrim-b2hint/replays/awu7.ExplosiveBot__GaltonBoard__botA.bc24,awu7.ExplosiveBot,1,A,b2hint,1,846,CAPTURE,3,582,550,9,0,0,0,0,12,19,120,280,2,12,1267,1512,1,0,58,163,653,68,ATK@600
gauntlet/20261001-164301-scrim-b2hint/replays/awu7.ExplosiveBot__GaltonBoard__botA.bc24,awu7.ExplosiveBot,0,B,ExplosiveBot,0,846,CAPTURE,0,-1,0,0,0,0,0,0,9,9,1230,850,0,51,936,918,9,0,10,27,68,653,ATK@600
gauntlet/20261001-164301-scrim-b2hint/replays/awu7.ExplosiveBot__Joker__botB.bc24,awu7.ExplosiveBot,0,A,ExplosiveBot,0,646,CAPTURE,0,-1,574,4,0,0,0,0,36,9,14920,12650,0,14,649,534,45,0,30,74,47,275,ATK@600
gauntlet/20261001-164301-scrim-b2hint/replays/awu7.ExplosiveBot__Joker__botB.bc24,awu7.ExplosiveBot,1,B,b2hint,1,646,CAPTURE,3,437,247,6,0,0,0,0,2,112,4395,225,12,5,1095,1355,24,0,225,237,275,47,ATK@600
gauntlet/20261001-164301-scrim-b2hint/replays/awu7.ExplosiveBot__Klein__botB.bc24,awu7.ExplosiveBot,0,A,ExplosiveBot,0,575,CAPTURE,0,-1,0,0,0,0,0,0,339,0,30,20,0,19,661,509,2,0,0,4,21,267,
gauntlet/20261001-164301-scrim-b2hint/replays/awu7.ExplosiveBot__Klein__botB.bc24,awu7.ExplosiveBot,1,B,b2hint,1,575,CAPTURE,3,396,262,7,0,0,0,0,93,48,150,260,9,4,1143,1174,22,0,65,72,267,21,
gauntlet/20261001-164301-scrim-b2hint/replays/clbarrell.duck8__Hockey__botB.bc24,clbarrell.duck8,0,A,duck8,0,1269,CAPTURE,0,-1,251,2,0,0,0,0,28,41,80,30,3,9,968,1438,8,0,57,148,183,694,ATK@750
gauntlet/20261001-164301-scrim-b2hint/replays/clbarrell.duck8__Hockey__botB.bc24,clbarrell.duck8,1,B,b2hint,1,1269,CAPTURE,3,796,674,4,0,0,0,0,26,41,200,210,7,5,1211,1493,10,0,52,211,694,183,ATK@600+HEAL@1200
gauntlet/20261001-164301-scrim-b2hint/replays/clbarrell.duck8__Islands__botB.bc24,clbarrell.duck8,0,A,duck8,0,649,CAPTURE,1,385,220,41,0,0,0,0,40,47,100,40,3,6,876,1081,16,0,55,86,88,206,
gauntlet/20261001-164301-scrim-b2hint/replays/clbarrell.duck8__Islands__botB.bc24,clbarrell.duck8,1,B,b2hint,1,649,CAPTURE,3,303,275,4,0,0,0,0,67,48,205,225,8,10,1134,1319,19,0,51,88,206,88,ATK@600
gauntlet/20261001-164301-scrim-b2hint/replays/clbarrell.duck8__Fountain__botA.bc24,clbarrell.duck8,1,A,b2hint,1,2000,LEVEL_SUM,2,286,243,5,0,0,0,0,41,20,240,280,4,16,969,897,9,0,32,165,1132,373,ATK@600+HEAL@1200+CAP@1800
gauntlet/20261001-164301-scrim-b2hint/replays/clbarrell.duck8__Fountain__botA.bc24,clbarrell.duck8,0,B,duck8,0,2000,LEVEL_SUM,2,634,276,48,0,0,0,0,28,22,160,70,1,10,711,627,9,0,33,155,373,1132,ATK@750+HEAL@1500
gauntlet/20261001-164301-scrim-b2hint/replays/dmtrung14.defaultplayer_intlqualifier__GaltonBoard__botB.bc24,dmtrung14.defaultplayer_intlqualifier,0,A,defaultplayer_intlqualifier,0,1855,CAPTURE,2,358,344,23,17,3,5,0,9,15,30,60,0,3,523,934,6,16,8,70,126,1039,ATK@600+HEAL@1200+CAP@1800
gauntlet/20261001-164301-scrim-b2hint/replays/dmtrung14.defaultplayer_intlqualifier__GaltonBoard__botB.bc24,dmtrung14.defaultplayer_intlqualifier,1,B,b2hint,1,1855,CAPTURE,3,680,237,21,0,0,0,0,11,19,160,280,3,28,1093,808,1,0,45,142,1039,126,ATK@600+HEAL@1200+CAP@1800
gauntlet/20261001-164301-scrim-b2hint/replays/clbarrell.duck8__Mountain__botB.bc24,clbarrell.duck8,0,A,duck8,0,2000,LEVEL_SUM,1,291,230,13,0,0,0,0,13,45,120,40,3,13,804,712,16,0,71,238,356,1255,ATK@750+HEAL@1500
gauntlet/20261001-164301-scrim-b2hint/replays/clbarrell.duck8__Mountain__botB.bc24,clbarrell.duck8,1,B,b2hint,1,2000,LEVEL_SUM,1,761,741,4,0,0,0,0,36,43,155,295,7,0,1049,1237,14,0,51,352,1255,356,ATK@600+HEAL@1200+CAP@1800
gauntlet/20261001-164301-scrim-b2hint/replays/dmtrung14.defaultplayer_intlqualifier__OceanFloor__botB.bc24,dmtrung14.defaultplayer_intlqualifier,0,A,defaultplayer_intlqualifier,0,711,CAPTURE,1,630,241,52,30,3,17,0,59,14,30,30,0,5,324,974,6,14,13,45,9,368,ATK@600
gauntlet/20261001-164301-scrim-b2hint/replays/dmtrung14.defaultplayer_intlqualifier__OceanFloor__botB.bc24,dmtrung14.defaultplayer_intlqualifier,1,B,b2hint,1,711,CAPTURE,3,566,336,10,0,0,0,0,36,24,205,240,4,1,1382,600,3,0,52,89,368,9,ATK@600
gauntlet/20261001-164301-scrim-b2hint/replays/dmtrung14.defaultplayer_intlqualifier__Klein__botA.bc24,dmtrung14.defaultplayer_intlqualifier,1,A,b2hint,1,2000,LEVEL_SUM,0,-1,232,1,0,0,0,0,93,49,215,85,9,16,373,258,14,0,42,0,82,4,ATK@600+HEAL@1200+CAP@1800
gauntlet/20261001-164301-scrim-b2hint/replays/dmtrung14.defaultplayer_intlqualifier__Klein__botA.bc24,dmtrung14.defaultplayer_intlqualifier,0,B,defaultplayer_intlqualifier,0,2000,LEVEL_SUM,0,-1,0,3,0,3,26,0,205,12,50,460,0,11,142,487,6,15,11,20,4,82,ATK@600+HEAL@1200+CAP@1800
gauntlet/20261001-164301-scrim-b2hint/replays/jonters.bling3__DefaultHuge__botB.bc24,jonters.bling3,0,A,bling3,0,785,CAPTURE,0,-1,0,0,0,0,0,0,31,16,1970,90,0,14,664,1185,28,0,9,49,52,256,ATK@600
gauntlet/20261001-164301-scrim-b2hint/replays/jonters.bling3__DefaultHuge__botB.bc24,jonters.bling3,1,B,b2hint,1,785,CAPTURE,3,414,247,9,0,0,0,0,8,53,205,300,9,16,1217,1333,10,0,80,104,256,52,ATK@600
gauntlet/20261001-164301-scrim-b2hint/replays/jonters.bling3__Alien__botA.bc24,jonters.bling3,1,A,b2hint,1,1946,CAPTURE,3,588,236,44,0,0,0,0,10,43,200,305,8,17,1296,1566,13,0,55,252,1052,373,ATK@600+HEAL@1200+CAP@1800
gauntlet/20261001-164301-scrim-b2hint/replays/jonters.bling3__Alien__botA.bc24,jonters.bling3,0,B,bling3,0,1946,CAPTURE,1,676,273,6,0,0,0,0,10,19,1620,180,1,2,891,1467,33,0,4,168,373,1052,ATK@600+HEAL@1200+CAP@1800
gauntlet/20261001-164301-scrim-b2hint/replays/jonters.bling3__Hockey__botB.bc24,jonters.bling3,0,A,bling3,0,666,CAPTURE,0,-1,400,1,0,0,0,0,56,14,1220,1520,0,0,867,2158,24,0,3,50,86,155,ATK@600
gauntlet/20261001-164301-scrim-b2hint/replays/jonters.bling3__Hockey__botB.bc24,jonters.bling3,1,B,b2hint,1,666,CAPTURE,3,456,259,12,0,0,0,0,26,41,200,150,7,3,1251,1648,11,0,50,62,155,86,ATK@600
gauntlet/20261001-164301-scrim-b2hint/replays/jonters.bling3__Randy__botB.bc24,jonters.bling3,0,A,bling3,0,1941,CAPTURE,1,309,293,10,0,0,0,0,6,6,4420,5740,0,7,655,1116,47,0,12,163,339,902,ATK@600+HEAL@1200+CAP@1800
gauntlet/20261001-164301-scrim-b2hint/replays/jonters.bling3__Randy__botB.bc24,jonters.bling3,1,B,b2hint,1,1941,CAPTURE,3,422,227,36,0,0,0,0,6,50,175,305,9,1,1042,1333,10,0,61,291,902,339,ATK@600+HEAL@1200+CAP@1800
gauntlet/20261001-164301-scrim-b2hint/replays/justinottesen.sprint1__Battlecode24__botB.bc24,justinottesen.sprint1,0,A,sprint1,0,766,CAPTURE,0,-1,0,0,0,0,0,0,189,0,8130,6860,0,5,136,875,81,0,0,82,69,369,ATK@600
gauntlet/20261001-164301-scrim-b2hint/replays/justinottesen.sprint1__Battlecode24__botB.bc24,justinottesen.sprint1,1,B,b2hint,1,766,CAPTURE,3,269,226,15,0,0,0,0,67,92,1608,237,12,14,1199,557,24,0,224,287,369,69,ATK@600
gauntlet/20261001-164301-scrim-b2hint/replays/justinottesen.sprint1__GaltonBoard__botB.bc24,justinottesen.sprint1,0,A,sprint1,0,968,CAPTURE,0,-1,349,2,0,0,0,0,9,10,130,1190,1,5,160,634,154,0,0,187,168,689,ATK@600
gauntlet/20261001-164301-scrim-b2hint/replays/justinottesen.sprint1__GaltonBoard__botB.bc24,justinottesen.sprint1,1,B,b2hint,1,968,CAPTURE,3,237,215,7,0,0,0,0,12,19,130,260,3,31,1091,1049,1,0,67,156,689,168,ATK@600
gauntlet/20261001-164301-scrim-b2hint/replays/jonters.bling3__Whirlpool__botB.bc24,jonters.bling3,0,A,bling3,0,1207,CAPTURE,0,-1,547,6,0,0,0,0,97,11,90,120,0,5,615,1372,12,0,3,71,148,480,ATK@600+HEAL@1200
gauntlet/20261001-164301-scrim-b2hint/replays/jonters.bling3__Whirlpool__botB.bc24,jonters.bling3,1,B,b2hint,1,1207,CAPTURE,3,718,674,6,0,0,0,0,76,23,200,255,4,18,982,1127,5,0,73,175,480,148,ATK@600+HEAL@1200
gauntlet/20261001-164301-scrim-b2hint/replays/jonters.bling3__Snake__botA.bc24,jonters.bling3,1,A,b2hint,1,1896,CAPTURE,3,470,221,28,0,0,0,0,187,81,695,228,12,7,882,1248,24,0,299,400,671,318,ATK@600+HEAL@1200+CAP@1800
gauntlet/20261001-164301-scrim-b2hint/replays/jonters.bling3__Snake__botA.bc24,jonters.bling3,0,B,bling3,0,1896,CAPTURE,1,648,283,8,0,0,0,0,237,0,8390,10550,0,8,510,948,94,0,1,196,318,671,ATK@600+HEAL@1200+CAP@1800
gauntlet/20261001-164301-scrim-b2hint/replays/justinottesen.sprint1__Hurricane__botB.bc24,justinottesen.sprint1,0,A,sprint1,0,1886,CAPTURE,0,-1,318,26,0,0,0,0,173,7,110,70,0,3,157,754,8,0,0,68,98,1057,ATK@600
gauntlet/20261001-164301-scrim-b2hint/replays/justinottesen.sprint1__Hurricane__botB.bc24,justinottesen.sprint1,1,B,b2hint,1,1886,CAPTURE,3,558,212,55,0,0,0,0,57,44,185,245,7,11,1100,305,11,0,62,388,1057,98,ATK@600+HEAL@1200+CAP@1800
gauntlet/20261001-164301-scrim-b2hint/replays/justinottesen.sprint1__StarryNight__botA.bc24,justinottesen.sprint1,1,A,b2hint,1,717,CAPTURE,3,555,261,13,0,0,0,0,81,115,661,221,11,12,1532,908,24,0,122,179,468,80,ATK@600
gauntlet/20261001-164301-scrim-b2hint/replays/justinottesen.sprint1__StarryNight__botA.bc24,justinottesen.sprint1,0,B,sprint1,0,717,CAPTURE,0,-1,0,0,0,0,0,0,153,56,230,170,2,10,195,935,68,0,0,87,80,468,ATK@600
gauntlet/20261001-164301-scrim-b2hint/replays/justinottesen.sprint1__Rivers__botB.bc24,justinottesen.sprint1,0,A,sprint1,0,492,CAPTURE,0,-1,0,0,0,0,0,0,45,0,2550,200,0,11,218,1444,21,0,0,24,24,246,
gauntlet/20261001-164301-scrim-b2hint/replays/justinottesen.sprint1__Rivers__botB.bc24,justinottesen.sprint1,1,B,b2hint,1,492,CAPTURE,3,334,296,8,0,0,0,0,28,28,180,190,5,3,1729,651,4,0,53,44,246,24,
gauntlet/20261001-164301-scrim-b2hint/replays/justinottesen.sprint1__Joker__botA.bc24,justinottesen.sprint1,1,A,b2hint,1,724,CAPTURE,3,472,250,14,0,0,0,0,3,115,4095,275,12,4,1102,522,24,0,245,307,296,100,ATK@600
gauntlet/20261001-164301-scrim-b2hint/replays/justinottesen.sprint1__Joker__botA.bc24,justinottesen.sprint1,0,B,sprint1,0,724,CAPTURE,0,-1,688,2,0,0,0,0,28,0,15960,8380,0,5,137,712,92,0,0,101,100,296,ATK@600
gauntlet/20261001-164301-scrim-b2hint/replays/kyleezz.jeeryfix3__CH3353C4K3F4CT0RY__botB.bc24,kyleezz.jeeryfix3,0,A,jeeryfix3,0,1944,CAPTURE,2,372,258,48,0,0,0,0,28,10,13560,11180,0,6,1108,866,0,0,160,407,416,1631,ATK@600+CAP@1200+HEAL@1800
gauntlet/20261001-164301-scrim-b2hint/replays/kyleezz.jeeryfix3__CH3353C4K3F4CT0RY__botB.bc24,kyleezz.jeeryfix3,1,B,b2hint,1,1944,CAPTURE,3,1517,358,27,0,0,0,0,14,111,2735,235,12,19,1236,1533,24,0,135,514,1631,416,ATK@600+HEAL@1200+CAP@1800
gauntlet/20261001-164301-scrim-b2hint/replays/quesswho.cretplayer2_3__KingQuacksCastle__botB.bc24,quesswho.cretplayer2_3,0,A,cretplayer2_3,0,1901,CAPTURE,2,392,242,27,0,3,44,0,29,0,3130,1000,0,4,1009,952,0,4,91,262,257,1414,ATK@600+HEAL@1200+CAP@1800
gauntlet/20261001-164301-scrim-b2hint/replays/quesswho.cretplayer2_3__KingQuacksCastle__botB.bc24,quesswho.cretplayer2_3,1,B,b2hint,1,1901,CAPTURE,3,482,422,10,0,0,0,0,28,29,165,255,5,0,1078,1211,3,0,51,253,1414,257,ATK@600+HEAL@1200+CAP@1800
gauntlet/20261001-164301-scrim-b2hint/replays/kyleezz.jeeryfix3__YearOfTheDragon__botB.bc24,kyleezz.jeeryfix3,0,A,jeeryfix3,0,2000,MORE_FLAG_CAPTURES,1,280,250,10,0,0,0,0,28,10,11360,8660,0,1,997,833,0,0,108,339,368,1495,ATK@600+CAP@1200+HEAL@1800
gauntlet/20261001-164301-scrim-b2hint/replays/kyleezz.jeeryfix3__YearOfTheDragon__botB.bc24,kyleezz.jeeryfix3,1,B,b2hint,1,2000,MORE_FLAG_CAPTURES,2,1572,1469,4,0,0,0,0,7,109,655,215,11,6,1130,1506,24,0,112,537,1495,368,ATK@600+HEAL@1200+CAP@1800
gauntlet/20261001-164301-scrim-b2hint/replays/winkelmantanner.waffle__Gauntlet__botB.bc24,winkelmantanner.waffle,0,A,waffle,0,2000,LEVEL_SUM,2,387,242,79,0,0,0,0,32,3,3240,2580,0,5,947,703,0,0,75,259,460,1268,ATK@600+HEAL@1200+CAP@1800
gauntlet/20261001-164301-scrim-b2hint/replays/winkelmantanner.waffle__Gauntlet__botB.bc24,winkelmantanner.waffle,1,B,b2hint,1,2000,LEVEL_SUM,2,903,291,20,0,0,0,0,58,25,135,95,4,17,916,990,3,0,35,340,1268,460,ATK@600+HEAL@1200+CAP@1800
