file,opp,us,team,name,won,rounds,wintype,captured,firstCapture,firstPickup,pickups,drops,setupFlagPickups,flagMoveDist,digs200,fills200,traps200,crumbs200,crumbs250,level200,defend300,atk400,heal400,expl400,water400,stun400,trapsHit,kills,deaths,upgrades
gauntlet/20261001-165740-scrim-b1budget/losses/ColtG5.Goob_final__Ambush__botA.bc24,ColtG5.Goob_final,1,A,b1budget,0,252,CAPTURE,0,-1,223,3,0,0,0,0,2,0,4340,290,0,0,352,305,0,0,48,32,26,20,
gauntlet/20261001-165740-scrim-b1budget/losses/ColtG5.Goob_final__Ambush__botA.bc24,ColtG5.Goob_final,0,B,Goob_final,1,252,CAPTURE,3,243,207,3,0,0,0,0,51,0,3170,70,0,21,364,153,8,0,55,34,20,26,
gauntlet/20261001-165740-scrim-b1budget/losses/CyrilSharma.finalBot__Bunkers__botA.bc24,CyrilSharma.finalBot,1,A,b1budget,0,1395,CAPTURE,0,-1,0,0,0,0,0,0,0,0,5200,300,0,30,1011,1086,5,0,59,153,442,545,ATK@600+HEAL@1200
gauntlet/20261001-165740-scrim-b1budget/losses/CyrilSharma.finalBot__Bunkers__botA.bc24,CyrilSharma.finalBot,0,B,finalBot,1,1395,CAPTURE,3,380,242,13,0,0,0,60,3,5,3605,2115,12,4,1120,968,0,0,114,456,545,442,ATK@600+HEAL@1200
gauntlet/20261001-165740-scrim-b1budget/losses/ColtG5.Goob_final__Gated__botA.bc24,ColtG5.Goob_final,1,A,b1budget,0,2000,MORE_FLAG_CAPTURES,0,-1,0,0,0,0,0,0,0,0,3900,210,0,0,1085,1178,2,0,50,202,1062,375,ATK@600+HEAL@1200+CAP@1800
gauntlet/20261001-165740-scrim-b1budget/losses/ColtG5.Goob_final__Gated__botA.bc24,ColtG5.Goob_final,0,B,Goob_final,1,2000,MORE_FLAG_CAPTURES,1,721,256,16,0,0,0,0,37,0,2790,10,0,6,1002,788,0,0,55,243,375,1062,ATK@600+HEAL@1200+CAP@1800
gauntlet/20261001-165740-scrim-b1budget/losses/ColtG5.Goob_final__EvilGrin__botA.bc24,ColtG5.Goob_final,1,A,b1budget,0,2000,MORE_FLAG_CAPTURES,0,-1,0,0,0,0,0,0,0,0,3600,300,0,18,1253,1546,3,0,58,223,1331,482,ATK@600+HEAL@1200+CAP@1800
gauntlet/20261001-165740-scrim-b1budget/losses/ColtG5.Goob_final__EvilGrin__botA.bc24,ColtG5.Goob_final,0,B,Goob_final,1,2000,MORE_FLAG_CAPTURES,1,413,291,4,0,0,0,0,60,0,2600,1000,0,8,1086,969,12,0,68,314,482,1331,ATK@600+HEAL@1200+CAP@1800
gauntlet/20261001-165740-scrim-b1budget/losses/ColtG5.Goob_final__SteamboatMickey__botB.bc24,ColtG5.Goob_final,0,A,Goob_final,1,2000,MORE_FLAG_CAPTURES,1,344,294,9,0,0,0,0,46,0,8120,11620,0,6,966,743,12,0,124,461,436,1072,ATK@600+HEAL@1200+CAP@1800
gauntlet/20261001-165740-scrim-b1budget/losses/ColtG5.Goob_final__SteamboatMickey__botB.bc24,ColtG5.Goob_final,1,B,b1budget,0,2000,MORE_FLAG_CAPTURES,0,-1,0,0,0,0,0,0,0,0,9700,290,0,0,1145,1342,0,0,128,264,1072,436,ATK@600+HEAL@1200+CAP@1800
gauntlet/20261001-165740-scrim-b1budget/losses/ColtG5.Goob_final__Joker__botB.bc24,ColtG5.Goob_final,0,A,Goob_final,1,2000,MORE_FLAG_CAPTURES,2,331,291,11,0,0,0,0,17,0,16390,21430,0,7,1045,819,12,0,125,396,402,941,ATK@600+HEAL@1200+CAP@1800
gauntlet/20261001-165740-scrim-b1budget/losses/ColtG5.Goob_final__Joker__botB.bc24,ColtG5.Goob_final,1,B,b1budget,0,2000,MORE_FLAG_CAPTURES,0,-1,0,0,0,0,0,0,0,0,16900,270,0,5,1143,1292,10,0,197,338,941,402,ATK@600+HEAL@1200+CAP@1800
gauntlet/20261001-165740-scrim-b1budget/losses/CyrilSharma.finalBot__Decision__botB.bc24,CyrilSharma.finalBot,0,A,finalBot,1,1520,CAPTURE,3,1083,240,20,0,0,0,58,31,0,1643,1411,11,3,385,559,0,0,42,274,203,172,ATK@600+HEAL@1200
gauntlet/20261001-165740-scrim-b1budget/losses/CyrilSharma.finalBot__Decision__botB.bc24,CyrilSharma.finalBot,1,B,b1budget,0,1520,CAPTURE,0,-1,533,3,0,0,0,0,5,0,3250,300,0,13,402,574,1,0,46,151,172,203,ATK@600+HEAL@1200
gauntlet/20261001-165740-scrim-b1budget/losses/CyrilSharma.finalBot__EvilGrin__botB.bc24,CyrilSharma.finalBot,0,A,finalBot,1,2000,MORE_FLAG_CAPTURES,2,364,309,23,0,0,0,42,16,0,3158,4458,8,4,843,962,0,0,137,727,706,426,ATK@600+HEAL@1200+CAP@1800
gauntlet/20261001-165740-scrim-b1budget/losses/CyrilSharma.finalBot__EvilGrin__botB.bc24,CyrilSharma.finalBot,1,B,b1budget,0,2000,MORE_FLAG_CAPTURES,0,-1,306,3,0,0,0,0,4,0,3480,300,0,18,823,932,1,0,59,210,426,706,ATK@600+HEAL@1200+CAP@1800
gauntlet/20261001-165740-scrim-b1budget/losses/Gymhgy.v10official__Backslash__botA.bc24,Gymhgy.v10official,1,A,b1budget,0,596,CAPTURE,0,-1,449,2,0,0,0,0,0,0,2400,150,0,19,939,1181,2,0,77,93,61,98,
gauntlet/20261001-165740-scrim-b1budget/losses/Gymhgy.v10official__Backslash__botA.bc24,Gymhgy.v10official,0,B,v10official,1,596,CAPTURE,3,351,264,52,38,3,38,61,107,3,2609,11905,11,0,869,1419,75,3,103,140,98,61,
gauntlet/20261001-165740-scrim-b1budget/losses/Gymhgy.v10official__Asteroids__botA.bc24,Gymhgy.v10official,1,A,b1budget,0,820,CAPTURE,0,-1,317,7,0,0,0,0,3,0,3110,280,0,3,837,1007,1,0,68,101,118,109,ATK@600
gauntlet/20261001-165740-scrim-b1budget/losses/Gymhgy.v10official__Asteroids__botA.bc24,Gymhgy.v10official,0,B,v10official,1,820,CAPTURE,3,297,249,58,45,3,12,90,33,3,461,86,18,0,710,1106,5,3,44,87,109,118,ATK@600
gauntlet/20261001-165740-scrim-b1budget/losses/CyrilSharma.finalBot__OceanFloor__botA.bc24,CyrilSharma.finalBot,1,A,b1budget,0,2000,MORE_FLAG_CAPTURES,0,-1,235,6,0,0,0,0,0,0,3800,230,0,11,668,901,2,0,54,183,340,362,ATK@600+HEAL@1200+CAP@1800
gauntlet/20261001-165740-scrim-b1budget/losses/CyrilSharma.finalBot__OceanFloor__botA.bc24,CyrilSharma.finalBot,0,B,finalBot,1,2000,MORE_FLAG_CAPTURES,2,333,217,16,0,0,0,60,1,1,2644,584,12,2,838,927,0,0,67,401,362,340,ATK@600+HEAL@1200+CAP@1800
gauntlet/20261001-165740-scrim-b1budget/losses/CyrilSharma.finalBot__Whirlpool__botA.bc24,CyrilSharma.finalBot,1,A,b1budget,0,2000,MORE_FLAG_CAPTURES,0,-1,0,0,0,0,0,0,2,0,3940,90,0,16,527,1067,2,0,42,198,551,693,ATK@600+HEAL@1200+CAP@1800
gauntlet/20261001-165740-scrim-b1budget/losses/CyrilSharma.finalBot__Whirlpool__botA.bc24,CyrilSharma.finalBot,0,B,finalBot,1,2000,MORE_FLAG_CAPTURES,2,844,795,6,0,0,0,39,40,0,3313,4413,7,4,649,851,0,0,79,470,693,551,ATK@600+HEAL@1200+CAP@1800
gauntlet/20261001-165740-scrim-b1budget/losses/IvanGeffner.kuma__Backslash__botA.bc24,IvanGeffner.kuma,1,A,b1budget,0,599,CAPTURE,0,-1,0,0,0,0,0,0,0,0,2400,300,0,14,764,936,2,0,67,81,43,190,
gauntlet/20261001-165740-scrim-b1budget/losses/IvanGeffner.kuma__Backslash__botA.bc24,IvanGeffner.kuma,0,B,kuma,1,599,CAPTURE,3,290,257,15,10,0,0,90,107,0,2327,4352,18,3,1223,1224,4,0,237,218,190,43,
gauntlet/20261001-165740-scrim-b1budget/losses/Gymhgy.v10official__Decision__botB.bc24,Gymhgy.v10official,0,A,v10official,1,671,CAPTURE,3,417,242,69,53,3,12,90,70,3,457,37,18,0,790,1431,0,3,22,53,72,63,ATK@600
gauntlet/20261001-165740-scrim-b1budget/losses/Gymhgy.v10official__Decision__botB.bc24,Gymhgy.v10official,1,B,b1budget,0,671,CAPTURE,1,475,353,4,0,0,0,0,1,0,3370,250,0,11,987,1328,2,0,36,48,63,72,ATK@600
gauntlet/20261001-165740-scrim-b1budget/losses/Gymhgy.v10official__DefaultLarge__botB.bc24,Gymhgy.v10official,0,A,v10official,1,1376,CAPTURE,3,434,349,57,46,3,13,90,43,2,1330,60,18,1,1093,1703,0,2,80,254,324,207,ATK@600+HEAL@1200
gauntlet/20261001-165740-scrim-b1budget/losses/Gymhgy.v10official__DefaultLarge__botB.bc24,Gymhgy.v10official,1,B,b1budget,0,1376,CAPTURE,0,-1,302,24,0,0,0,0,0,0,4200,300,0,15,1142,1383,1,0,71,130,207,324,ATK@600+HEAL@1200
gauntlet/20261001-165740-scrim-b1budget/losses/Gymhgy.v10official__CH3353C4K3F4CT0RY__botA.bc24,Gymhgy.v10official,1,A,b1budget,0,2000,MORE_FLAG_CAPTURES,1,312,242,6,0,0,0,0,0,0,15400,250,0,23,1022,1383,11,0,151,328,706,358,ATK@600+HEAL@1200+CAP@1800
gauntlet/20261001-165740-scrim-b1budget/losses/Gymhgy.v10official__CH3353C4K3F4CT0RY__botA.bc24,Gymhgy.v10official,0,B,v10official,1,2000,MORE_FLAG_CAPTURES,2,342,301,90,36,3,24,90,13,2,13385,8785,18,0,983,1385,21,2,147,432,358,706,ATK@600+HEAL@1200+CAP@1800
gauntlet/20261001-165740-scrim-b1budget/losses/Gymhgy.v10official__Klein__botB.bc24,Gymhgy.v10official,0,A,v10official,1,2000,MORE_FLAG_CAPTURES,2,501,488,13,7,3,37,48,156,1,4652,1457,9,2,749,1311,6,1,37,305,473,274,ATK@600+HEAL@1200+CAP@1800
gauntlet/20261001-165740-scrim-b1budget/losses/Gymhgy.v10official__Klein__botB.bc24,Gymhgy.v10official,1,B,b1budget,0,2000,MORE_FLAG_CAPTURES,0,-1,498,18,0,0,0,0,0,0,3800,250,0,12,867,1258,0,0,51,199,274,473,ATK@600+HEAL@1200+CAP@1800
gauntlet/20261001-165740-scrim-b1budget/losses/IvanGeffner.kuma__Occulus__botA.bc24,IvanGeffner.kuma,1,A,b1budget,0,486,CAPTURE,0,-1,0,0,0,0,0,0,0,0,4200,220,0,28,964,1218,1,0,55,60,46,144,
gauntlet/20261001-165740-scrim-b1budget/losses/IvanGeffner.kuma__Occulus__botA.bc24,IvanGeffner.kuma,0,B,kuma,1,486,CAPTURE,3,379,349,19,12,0,0,90,20,2,2060,2340,18,4,1288,1415,11,0,154,137,144,46,
gauntlet/20261001-165740-scrim-b1budget/losses/IvanGeffner.kuma__EndAround__botA.bc24,IvanGeffner.kuma,1,A,b1budget,0,2000,MORE_FLAG_CAPTURES,0,-1,376,7,0,0,0,0,1,0,4170,180,0,3,635,801,2,0,47,195,353,672,ATK@600+HEAL@1200+CAP@1800
gauntlet/20261001-165740-scrim-b1budget/losses/IvanGeffner.kuma__EndAround__botA.bc24,IvanGeffner.kuma,0,B,kuma,1,2000,MORE_FLAG_CAPTURES,2,474,358,48,32,0,0,90,58,0,1720,3200,18,3,748,787,7,0,102,561,672,353,ATK@600+HEAL@1200+CAP@1800
gauntlet/20261001-165740-scrim-b1budget/losses/IvanGeffner.kuma__Racetrack__botA.bc24,IvanGeffner.kuma,1,A,b1budget,0,787,CAPTURE,0,-1,0,0,0,0,0,0,1,0,2370,260,0,5,804,1174,2,0,28,53,101,118,ATK@600
gauntlet/20261001-165740-scrim-b1budget/losses/IvanGeffner.kuma__Racetrack__botA.bc24,IvanGeffner.kuma,0,B,kuma,1,787,CAPTURE,3,488,431,11,3,0,0,60,48,0,12,30,11,6,896,1382,0,0,0,15,118,101,ATK@600
gauntlet/20261001-165740-scrim-b1budget/losses/IvanGeffner.kuma__Swoop__botA.bc24,IvanGeffner.kuma,1,A,b1budget,0,1039,CAPTURE,0,-1,270,3,0,0,0,0,1,0,6670,260,0,5,1043,1434,9,0,65,134,213,331,ATK@600
gauntlet/20261001-165740-scrim-b1budget/losses/IvanGeffner.kuma__Swoop__botA.bc24,IvanGeffner.kuma,0,B,kuma,1,1039,CAPTURE,3,323,254,49,31,0,0,90,73,2,2955,1140,18,6,1104,1443,10,0,64,242,331,213,ATK@600
gauntlet/20261001-165740-scrim-b1budget/losses/NotLLeon.v3__Backslash__botA.bc24,NotLLeon.v3,1,A,b1budget,0,1927,CAPTURE,0,-1,275,10,0,0,0,0,0,0,2400,260,0,2,812,861,1,0,100,262,704,709,ATK@600+HEAL@1200+CAP@1800
gauntlet/20261001-165740-scrim-b1budget/losses/NotLLeon.v3__Backslash__botA.bc24,NotLLeon.v3,0,B,v3,1,1927,CAPTURE,3,346,260,46,9,0,0,0,97,0,1190,8990,0,10,832,702,0,0,138,472,709,704,ATK@600+HEAL@1200+CAP@1800
gauntlet/20261001-165740-scrim-b1budget/losses/NotLLeon.v3__ORV__botA.bc24,NotLLeon.v3,1,A,b1budget,0,535,CAPTURE,1,363,327,3,0,0,0,0,1,0,5070,270,0,14,992,1063,2,0,87,95,121,75,
gauntlet/20261001-165740-scrim-b1budget/losses/NotLLeon.v3__ORV__botA.bc24,NotLLeon.v3,0,B,v3,1,535,CAPTURE,3,362,307,34,3,0,0,0,25,0,4850,4050,0,6,866,883,0,0,97,112,75,121,
gauntlet/20261001-165740-scrim-b1budget/losses/NotLLeon.v3__Backslash__botB.bc24,NotLLeon.v3,0,A,v3,1,1916,CAPTURE,3,320,275,50,6,0,0,0,149,0,2630,11930,0,7,830,953,0,0,116,558,810,637,ATK@600+HEAL@1200+CAP@1800
gauntlet/20261001-165740-scrim-b1budget/losses/NotLLeon.v3__Backslash__botB.bc24,NotLLeon.v3,1,B,b1budget,0,1916,CAPTURE,0,-1,0,0,0,0,0,0,0,0,2400,240,0,0,769,959,3,0,77,235,637,810,ATK@600+HEAL@1200+CAP@1800
gauntlet/20261001-165740-scrim-b1budget/losses/NotLLeon.v3__Pancakes__botB.bc24,NotLLeon.v3,0,A,v3,1,725,CAPTURE,3,343,263,44,5,0,0,0,7,0,2190,930,0,1,934,1017,0,0,85,125,158,168,ATK@600
gauntlet/20261001-165740-scrim-b1budget/losses/NotLLeon.v3__Pancakes__botB.bc24,NotLLeon.v3,1,B,b1budget,0,725,CAPTURE,2,305,255,7,0,0,0,0,0,0,2400,230,0,1,929,1184,3,0,62,101,168,158,ATK@600
gauntlet/20261001-165740-scrim-b1budget/losses/NotLLeon.v3__Gated__botB.bc24,NotLLeon.v3,0,A,v3,1,2000,MORE_FLAG_CAPTURES,2,735,315,59,6,0,0,0,26,0,3120,1480,0,11,789,888,0,0,58,280,519,651,ATK@600+HEAL@1200+CAP@1800
gauntlet/20261001-165740-scrim-b1budget/losses/NotLLeon.v3__Gated__botB.bc24,NotLLeon.v3,1,B,b1budget,0,2000,MORE_FLAG_CAPTURES,1,646,238,14,0,0,0,0,1,0,3870,210,0,10,891,1087,1,0,60,210,651,519,ATK@600+HEAL@1200+CAP@1800
gauntlet/20261001-165740-scrim-b1budget/losses/NotLLeon.v3__Waterworld__botB.bc24,NotLLeon.v3,0,A,v3,1,1184,CAPTURE,3,973,584,60,14,0,0,0,206,0,8020,14280,0,10,342,358,0,0,34,213,276,299,ATK@600
gauntlet/20261001-165740-scrim-b1budget/losses/NotLLeon.v3__Waterworld__botB.bc24,NotLLeon.v3,1,B,b1budget,0,1184,CAPTURE,0,-1,552,12,0,0,0,0,0,0,5700,20,0,5,333,527,2,0,38,66,299,276,ATK@600
gauntlet/20261001-165740-scrim-b1budget/losses/SampleProvider.TSPAARKSPRINT1__Snake__botB.bc24,SampleProvider.TSPAARKSPRINT1,0,A,TSPAARKSPRINT1,1,758,CAPTURE,3,439,279,19,0,3,41,0,193,6,9110,25710,0,7,287,967,35,30,7,119,104,58,ATK@600
gauntlet/20261001-165740-scrim-b1budget/losses/SampleProvider.TSPAARKSPRINT1__Snake__botB.bc24,SampleProvider.TSPAARKSPRINT1,1,B,b1budget,0,758,CAPTURE,1,704,286,7,0,0,0,0,1,0,15470,200,0,1,578,699,18,0,212,242,58,104,ATK@600
gauntlet/20261001-165740-scrim-b1budget/losses/SampleProvider.TSPAARKSPRINT1__Soccer__botB.bc24,SampleProvider.TSPAARKSPRINT1,0,A,TSPAARKSPRINT1,1,742,CAPTURE,3,454,257,30,0,3,37,0,47,4,3590,20,0,6,686,1660,10,26,7,45,74,87,ATK@600
gauntlet/20261001-165740-scrim-b1budget/losses/SampleProvider.TSPAARKSPRINT1__Soccer__botB.bc24,SampleProvider.TSPAARKSPRINT1,1,B,b1budget,0,742,CAPTURE,0,-1,251,6,0,0,0,0,3,0,5310,50,0,5,1127,1023,3,0,58,85,87,74,ATK@600
gauntlet/20261001-165740-scrim-b1budget/losses/Strequals.duck0127v5__Canals__botA.bc24,Strequals.duck0127v5,1,A,b1budget,0,681,CAPTURE,0,-1,0,0,0,0,0,0,0,0,7000,220,0,11,765,1467,4,0,77,101,59,145,ATK@600
gauntlet/20261001-165740-scrim-b1budget/losses/Strequals.duck0127v5__Canals__botA.bc24,Strequals.duck0127v5,0,B,duck0127v5,1,681,CAPTURE,3,505,298,21,0,0,0,90,45,6,4015,3505,18,3,1038,1292,0,3,91,166,145,59,ATK@600
gauntlet/20261001-165740-scrim-b1budget/losses/SampleProvider.TSPAARKSPRINT1__WheresMyWater__botA.bc24,SampleProvider.TSPAARKSPRINT1,1,A,b1budget,0,1967,CAPTURE,2,226,210,13,0,0,0,0,2,0,5340,30,0,4,1195,1145,0,0,58,229,610,163,ATK@600+HEAL@1200+CAP@1800
gauntlet/20261001-165740-scrim-b1budget/losses/SampleProvider.TSPAARKSPRINT1__WheresMyWater__botA.bc24,SampleProvider.TSPAARKSPRINT1,0,B,TSPAARKSPRINT1,1,1967,CAPTURE,3,255,238,49,0,3,23,0,169,3,30,10,0,10,665,1762,6,20,2,72,163,610,ATK@600+CAP@1200+HEAL@1800
gauntlet/20261001-165740-scrim-b1budget/losses/Strequals.duck0127v5__MIT__botB.bc24,Strequals.duck0127v5,0,A,duck0127v5,1,1104,CAPTURE,3,391,286,21,0,0,0,90,93,16,5047,28492,18,3,714,1004,0,3,65,288,237,152,ATK@600
gauntlet/20261001-165740-scrim-b1budget/losses/Strequals.duck0127v5__MIT__botB.bc24,Strequals.duck0127v5,1,B,b1budget,0,1104,CAPTURE,0,-1,309,8,0,0,0,0,1,0,9570,1082,0,19,720,1102,5,0,267,339,152,237,ATK@600
gauntlet/20261001-165740-scrim-b1budget/losses/Strequals.duck0127v5__Rainbow__botA.bc24,Strequals.duck0127v5,1,A,b1budget,0,971,CAPTURE,0,-1,338,3,0,0,0,0,6,0,8220,270,0,6,800,1171,1,0,88,143,103,209,ATK@600
gauntlet/20261001-165740-scrim-b1budget/losses/Strequals.duck0127v5__Rainbow__botA.bc24,Strequals.duck0127v5,0,B,duck0127v5,1,971,CAPTURE,3,518,343,12,0,0,0,90,30,15,5673,4373,18,4,958,1209,0,3,118,237,209,103,ATK@600
gauntlet/20261001-165740-scrim-b1budget/losses/Strequals.duck0127v5__Divergent__botB.bc24,Strequals.duck0127v5,0,A,duck0127v5,1,2000,MORE_FLAG_CAPTURES,2,976,430,10,0,0,0,90,30,3,2885,1960,18,3,752,1075,0,3,68,337,460,224,ATK@600+HEAL@1200+CAP@1800
gauntlet/20261001-165740-scrim-b1budget/losses/Strequals.duck0127v5__Divergent__botB.bc24,Strequals.duck0127v5,1,B,b1budget,0,2000,MORE_FLAG_CAPTURES,1,589,430,6,0,0,0,0,0,0,6100,210,0,18,604,1137,3,0,74,224,224,460,ATK@600+HEAL@1200+CAP@1800
gauntlet/20261001-165740-scrim-b1budget/losses/Strequals.duck0127v5__MazeRunner__botA.bc24,Strequals.duck0127v5,1,A,b1budget,0,1263,CAPTURE,0,-1,254,21,0,0,0,0,3,0,4910,130,0,6,628,1090,2,0,33,98,143,228,ATK@600+HEAL@1200
gauntlet/20261001-165740-scrim-b1budget/losses/Strequals.duck0127v5__MazeRunner__botA.bc24,Strequals.duck0127v5,0,B,duck0127v5,1,1263,CAPTURE,3,730,356,22,0,0,0,90,55,3,2255,6830,18,2,735,1025,0,4,20,176,228,143,ATK@600+HEAL@1200
gauntlet/20261001-165740-scrim-b1budget/losses/andli28.v9_USQuals_angle__Canals__botA.bc24,andli28.v9_USQuals_angle,1,A,b1budget,0,625,CAPTURE,0,-1,0,0,0,0,0,0,0,0,7000,300,0,29,859,1294,2,0,77,94,84,141,ATK@600
gauntlet/20261001-165740-scrim-b1budget/losses/andli28.v9_USQuals_angle__Canals__botA.bc24,andli28.v9_USQuals_angle,0,B,v9_USQuals_angle,1,625,CAPTURE,3,457,384,17,0,0,0,90,0,4,5345,5040,18,3,889,1139,13,2,77,152,141,84,ATK@600
gauntlet/20261001-165740-scrim-b1budget/losses/andli28.v9_USQuals_angle__Battlecode24__botB.bc24,andli28.v9_USQuals_angle,0,A,v9_USQuals_angle,1,2000,MORE_FLAG_CAPTURES,2,303,245,23,0,0,0,68,49,7,10994,27225,14,5,750,881,13,5,85,358,307,321,ATK@600+HEAL@1200+CAP@1800
gauntlet/20261001-165740-scrim-b1budget/losses/andli28.v9_USQuals_angle__Battlecode24__botB.bc24,andli28.v9_USQuals_angle,1,B,b1budget,0,2000,MORE_FLAG_CAPTURES,0,-1,998,1,0,0,0,0,1,0,12770,230,0,0,809,1096,7,0,139,292,321,307,ATK@600+HEAL@1200+CAP@1800
gauntlet/20261001-165740-scrim-b1budget/losses/andli28.v9_USQuals_angle__EvilGrin__botB.bc24,andli28.v9_USQuals_angle,0,A,v9_USQuals_angle,1,720,CAPTURE,3,489,372,29,0,0,0,86,31,7,1633,4743,18,6,867,887,13,5,82,198,169,156,ATK@600
gauntlet/20261001-165740-scrim-b1budget/losses/andli28.v9_USQuals_angle__EvilGrin__botB.bc24,andli28.v9_USQuals_angle,1,B,b1budget,0,720,CAPTURE,0,-1,0,0,0,0,0,0,3,0,3510,300,0,24,1032,1268,1,0,47,77,156,169,ATK@600
gauntlet/20261001-165740-scrim-b1budget/losses/andli28.v9_USQuals_angle__Joker__botB.bc24,andli28.v9_USQuals_angle,0,A,v9_USQuals_angle,1,830,CAPTURE,3,439,250,35,0,0,0,88,2,6,15073,17273,18,3,786,769,18,3,106,288,238,149,ATK@600
gauntlet/20261001-165740-scrim-b1budget/losses/andli28.v9_USQuals_angle__Joker__botB.bc24,andli28.v9_USQuals_angle,1,B,b1budget,0,830,CAPTURE,0,-1,234,8,0,0,0,0,0,0,16900,75,0,0,879,889,11,0,221,242,149,238,ATK@600
gauntlet/20261001-165740-scrim-b1budget/losses/andli28.v9_USQuals_angle__HeMustBeFreed__botB.bc24,andli28.v9_USQuals_angle,0,A,v9_USQuals_angle,1,1020,CAPTURE,3,507,372,19,0,0,0,81,79,6,567,9696,17,3,545,612,4,4,36,198,193,117,ATK@600
gauntlet/20261001-165740-scrim-b1budget/losses/andli28.v9_USQuals_angle__HeMustBeFreed__botB.bc24,andli28.v9_USQuals_angle,1,B,b1budget,0,1020,CAPTURE,0,-1,0,0,0,0,0,0,0,0,3800,850,0,14,541,673,2,0,62,101,117,193,ATK@600
gauntlet/20261001-165740-scrim-b1budget/losses/andli28.v9_USQuals_angle__Valentine__botA.bc24,andli28.v9_USQuals_angle,1,A,b1budget,0,2000,MORE_FLAG_CAPTURES,0,-1,382,3,0,0,0,0,0,0,4200,240,0,13,892,1536,0,0,58,216,347,521,ATK@600+HEAL@1200+CAP@1800
gauntlet/20261001-165740-scrim-b1budget/losses/andli28.v9_USQuals_angle__Valentine__botA.bc24,andli28.v9_USQuals_angle,0,B,v9_USQuals_angle,1,2000,MORE_FLAG_CAPTURES,2,609,409,28,0,0,0,90,0,5,2495,4760,18,3,980,1292,9,3,81,482,521,347,ATK@600+HEAL@1200+CAP@1800
gauntlet/20261001-165740-scrim-b1budget/losses/andrewgopher.player22__ORV__botA.bc24,andrewgopher.player22,1,A,b1budget,0,457,CAPTURE,0,-1,0,0,0,0,0,0,1,0,5170,270,0,19,939,1288,3,0,65,69,101,94,
gauntlet/20261001-165740-scrim-b1budget/losses/andrewgopher.player22__ORV__botA.bc24,andrewgopher.player22,0,B,player22,1,457,CAPTURE,3,334,286,7,0,3,0,0,61,0,3770,2270,0,4,1222,775,5,0,103,65,94,101,
gauntlet/20261001-165740-scrim-b1budget/losses/andrewgopher.player22__StackGame__botB.bc24,andrewgopher.player22,0,A,player22,1,475,CAPTURE,3,338,260,9,0,3,0,0,51,0,5470,4680,0,2,1129,982,12,0,71,79,101,95,
gauntlet/20261001-165740-scrim-b1budget/losses/andrewgopher.player22__StackGame__botB.bc24,andrewgopher.player22,1,B,b1budget,0,475,CAPTURE,0,-1,0,0,0,0,0,0,1,0,5970,250,0,29,1025,1314,0,0,77,76,95,101,
gauntlet/20261001-165740-scrim-b1budget/losses/andrewgopher.player22__Mountain__botA.bc24,andrewgopher.player22,1,A,b1budget,0,2000,MORE_FLAG_CAPTURES,0,-1,349,1,0,0,0,0,0,0,6500,200,0,17,1035,1306,0,0,93,241,1083,723,ATK@600+HEAL@1200+CAP@1800
gauntlet/20261001-165740-scrim-b1budget/losses/andrewgopher.player22__Mountain__botA.bc24,andrewgopher.player22,0,B,player22,1,2000,MORE_FLAG_CAPTURES,1,445,358,9,2,3,0,0,37,0,5390,6240,0,16,970,657,19,0,34,281,723,1083,ATK@600+HEAL@1200+CAP@1800
gauntlet/20261001-165740-scrim-b1budget/losses/andrewgopher.player22__Digging__botB.bc24,andrewgopher.player22,0,A,player22,1,1797,CAPTURE,3,342,294,23,0,3,0,0,25,0,2350,90,0,4,1333,815,0,0,72,453,1220,846,ATK@600+HEAL@1200
gauntlet/20261001-165740-scrim-b1budget/losses/andrewgopher.player22__Digging__botB.bc24,andrewgopher.player22,1,B,b1budget,0,1797,CAPTURE,0,-1,0,0,0,0,0,0,1,0,2970,260,0,2,1035,1346,3,0,46,195,846,1220,ATK@600+HEAL@1200
gauntlet/20261001-165740-scrim-b1budget/losses/andrewgopher.player22__TwistedTreeline__botB.bc24,andrewgopher.player22,0,A,player22,1,1902,CAPTURE,3,284,244,30,1,3,0,0,71,0,2670,500,0,2,1059,546,8,0,37,325,722,794,ATK@600+HEAL@1200+CAP@1800
gauntlet/20261001-165740-scrim-b1budget/losses/andrewgopher.player22__TwistedTreeline__botB.bc24,andrewgopher.player22,1,B,b1budget,0,1902,CAPTURE,0,-1,924,2,0,0,0,0,2,0,4740,220,0,6,736,1204,2,0,49,211,794,722,ATK@600+HEAL@1200+CAP@1800
gauntlet/20261001-165740-scrim-b1budget/losses/chenyx512.flagbot_final__AceOfSpades__botB.bc24,chenyx512.flagbot_final,0,A,flagbot_final,1,850,CAPTURE,3,449,397,12,0,3,25,90,88,0,415,16225,18,5,1143,1526,0,0,204,364,274,58,ATK@600
gauntlet/20261001-165740-scrim-b1budget/losses/chenyx512.flagbot_final__AceOfSpades__botB.bc24,chenyx512.flagbot_final,1,B,b1budget,0,850,CAPTURE,0,-1,252,10,0,0,0,0,0,0,4200,250,0,8,830,1240,2,0,58,105,58,274,ATK@600
gauntlet/20261001-165740-scrim-b1budget/losses/chenyx512.flagbot_final__Skyline__botB.bc24,chenyx512.flagbot_final,0,A,flagbot_final,1,668,CAPTURE,3,307,244,10,0,3,55,90,260,4,14834,24669,18,3,1046,1345,0,0,151,329,264,35,ATK@600
gauntlet/20261001-165740-scrim-b1budget/losses/chenyx512.flagbot_final__Skyline__botB.bc24,chenyx512.flagbot_final,1,B,b1budget,0,668,CAPTURE,2,289,211,4,0,0,0,0,2,0,10440,210,0,3,767,1011,7,0,109,142,35,264,ATK@600
gauntlet/20261001-165740-scrim-b1budget/losses/chenyx512.flagbot_final__Swoop__botA.bc24,chenyx512.flagbot_final,1,A,b1budget,0,852,CAPTURE,0,-1,224,6,0,0,0,0,1,0,6670,260,0,5,857,1248,5,0,69,109,51,369,ATK@600
gauntlet/20261001-165740-scrim-b1budget/losses/chenyx512.flagbot_final__Swoop__botA.bc24,chenyx512.flagbot_final,0,B,flagbot_final,1,852,CAPTURE,3,328,229,21,0,3,29,90,161,0,514,49,18,5,1040,1501,0,0,39,194,369,51,ATK@600
gauntlet/20261001-165740-scrim-b1budget/losses/chenyx512.flagbot_final__Racetrack__botA.bc24,chenyx512.flagbot_final,1,A,b1budget,0,1200,CAPTURE,0,-1,748,2,0,0,0,0,2,0,2340,220,0,3,1020,1650,3,0,27,91,140,448,ATK@600+HEAL@1200
gauntlet/20261001-165740-scrim-b1budget/losses/chenyx512.flagbot_final__Racetrack__botA.bc24,chenyx512.flagbot_final,0,B,flagbot_final,1,1200,CAPTURE,3,522,462,26,0,3,25,42,60,0,20,18,8,3,1071,1790,0,0,4,190,448,140,ATK@600+HEAL@1200
gauntlet/20261001-165740-scrim-b1budget/losses/chenyx512.flagbot_final__Divergent__botB.bc24,chenyx512.flagbot_final,0,A,flagbot_final,1,2000,MORE_FLAG_CAPTURES,2,925,525,19,0,3,28,90,141,0,494,54,18,3,806,1240,0,0,49,476,750,169,ATK@600+HEAL@1200+CAP@1800
gauntlet/20261001-165740-scrim-b1budget/losses/chenyx512.flagbot_final__Divergent__botB.bc24,chenyx512.flagbot_final,1,B,b1budget,0,2000,MORE_FLAG_CAPTURES,0,-1,729,4,0,0,0,0,1,0,6070,210,0,10,728,1226,2,0,73,216,169,750,ATK@600+HEAL@1200+CAP@1800
gauntlet/20261001-165740-scrim-b1budget/losses/clbarrell.duck8__AceOfSpades__botB.bc24,clbarrell.duck8,0,A,duck8,1,565,CAPTURE,3,280,235,14,0,0,0,0,14,29,20,12570,2,5,902,837,9,0,193,166,124,110,
gauntlet/20261001-165740-scrim-b1budget/losses/clbarrell.duck8__AceOfSpades__botB.bc24,clbarrell.duck8,1,B,b1budget,0,565,CAPTURE,1,451,223,9,0,0,0,0,0,0,4200,140,0,11,969,895,2,0,57,62,110,124,
gauntlet/20261001-165740-scrim-b1budget/losses/clbarrell.duck8__QuestionableChess__botB.bc24,clbarrell.duck8,0,A,duck8,1,883,CAPTURE,3,270,225,25,0,0,0,0,28,14,100,90,1,10,894,740,1,0,36,80,173,325,ATK@750
gauntlet/20261001-165740-scrim-b1budget/losses/clbarrell.duck8__QuestionableChess__botB.bc24,clbarrell.duck8,1,B,b1budget,0,883,CAPTURE,2,374,311,3,0,0,0,0,5,0,2250,30,0,9,1044,941,2,0,24,77,325,173,ATK@600
gauntlet/20261001-165740-scrim-b1budget/losses/dmtrung14.defaultplayer_intlqualifier__KingQuacksCastle__botB.bc24,dmtrung14.defaultplayer_intlqualifier,0,A,defaultplayer_intlqualifier,1,433,CAPTURE,3,255,234,43,37,3,16,0,34,9,1480,3620,0,2,253,705,6,26,7,28,12,67,
gauntlet/20261001-165740-scrim-b1budget/losses/dmtrung14.defaultplayer_intlqualifier__KingQuacksCastle__botB.bc24,dmtrung14.defaultplayer_intlqualifier,1,B,b1budget,0,433,CAPTURE,1,359,282,5,0,0,0,0,1,0,3070,10,0,2,819,373,2,0,37,32,67,12,
gauntlet/20261001-165740-scrim-b1budget/losses/chenyx512.flagbot_final__Tunnels__botB.bc24,chenyx512.flagbot_final,0,A,flagbot_final,1,2000,MORE_FLAG_CAPTURES,2,1111,1070,33,0,3,28,90,120,0,55,1195,18,4,537,967,0,0,11,394,645,414,ATK@600+HEAL@1200+CAP@1800
gauntlet/20261001-165740-scrim-b1budget/losses/chenyx512.flagbot_final__Tunnels__botB.bc24,chenyx512.flagbot_final,1,B,b1budget,0,2000,MORE_FLAG_CAPTURES,0,-1,1822,1,0,0,0,0,0,0,4800,340,0,22,711,1018,0,0,62,221,414,645,ATK@600+HEAL@1200+CAP@1800
gauntlet/20261001-165740-scrim-b1budget/losses/clbarrell.duck8__GaltonBoard__botB.bc24,clbarrell.duck8,0,A,duck8,1,2000,MORE_FLAG_CAPTURES,1,426,281,5,0,0,0,0,4,22,20,23453,3,24,748,966,1,0,156,442,491,1076,ATK@750+HEAL@1500
gauntlet/20261001-165740-scrim-b1budget/losses/clbarrell.duck8__GaltonBoard__botB.bc24,clbarrell.duck8,1,B,b1budget,0,2000,MORE_FLAG_CAPTURES,0,-1,0,0,0,0,0,0,0,0,2400,280,0,23,1133,1084,0,0,101,258,1076,491,ATK@600+HEAL@1200+CAP@1800
gauntlet/20261001-165740-scrim-b1budget/losses/hsmalladi.finalbot__AceOfSpades__botA.bc24,hsmalladi.finalbot,1,A,b1budget,0,441,CAPTURE,0,-1,383,1,0,0,0,0,0,0,4200,250,0,9,896,1213,2,0,78,81,72,92,
gauntlet/20261001-165740-scrim-b1budget/losses/hsmalladi.finalbot__AceOfSpades__botA.bc24,hsmalladi.finalbot,0,B,finalbot,1,441,CAPTURE,3,315,239,30,8,3,14,60,20,0,2694,7504,12,1,1118,865,15,3,196,196,92,72,
gauntlet/20261001-165740-scrim-b1budget/losses/dmtrung14.defaultplayer_intlqualifier__QueenOfHearts__botA.bc24,dmtrung14.defaultplayer_intlqualifier,1,A,b1budget,0,2000,MORE_FLAG_CAPTURES,0,-1,243,6,0,0,0,0,3,0,5810,220,0,5,1223,437,0,0,64,129,578,43,ATK@600+HEAL@1200+CAP@1800
gauntlet/20261001-165740-scrim-b1budget/losses/dmtrung14.defaultplayer_intlqualifier__QueenOfHearts__botA.bc24,dmtrung14.defaultplayer_intlqualifier,0,B,defaultplayer_intlqualifier,1,2000,MORE_FLAG_CAPTURES,1,525,242,44,30,3,38,0,94,21,380,70,0,3,334,801,6,17,16,65,43,578,ATK@600+HEAL@1200+CAP@1800
gauntlet/20261001-165740-scrim-b1budget/losses/hsmalladi.finalbot__Fountain__botB.bc24,hsmalladi.finalbot,0,A,finalbot,1,545,CAPTURE,3,459,299,53,28,3,33,34,39,0,2333,33,6,0,575,584,0,2,14,23,42,101,
gauntlet/20261001-165740-scrim-b1budget/losses/hsmalladi.finalbot__Fountain__botB.bc24,hsmalladi.finalbot,1,B,b1budget,0,545,CAPTURE,2,346,274,3,0,0,0,0,2,0,4040,210,0,10,632,896,1,0,59,66,101,42,
gauntlet/20261001-165740-scrim-b1budget/losses/hsmalladi.finalbot__ORV__botB.bc24,hsmalladi.finalbot,0,A,finalbot,1,615,CAPTURE,3,391,245,38,10,3,26,60,46,0,3332,542,12,5,1010,1229,3,2,94,116,118,83,ATK@600
gauntlet/20261001-165740-scrim-b1budget/losses/hsmalladi.finalbot__ORV__botB.bc24,hsmalladi.finalbot,1,B,b1budget,0,615,CAPTURE,1,473,432,1,0,0,0,0,0,0,5100,270,0,16,884,1160,2,0,65,60,83,118,ATK@600
gauntlet/20261001-165740-scrim-b1budget/losses/hsmalladi.finalbot__HeMustBeFreed__botB.bc24,hsmalladi.finalbot,0,A,finalbot,1,2000,MORE_FLAG_CAPTURES,2,553,308,21,1,3,22,60,183,0,2071,6546,12,0,537,618,2,3,91,239,141,151,ATK@600+HEAL@1200+CAP@1800
gauntlet/20261001-165740-scrim-b1budget/losses/hsmalladi.finalbot__HeMustBeFreed__botB.bc24,hsmalladi.finalbot,1,B,b1budget,0,2000,MORE_FLAG_CAPTURES,1,872,570,11,0,0,0,0,2,0,3740,230,0,5,430,754,2,0,36,101,151,141,ATK@600+HEAL@1200+CAP@1800
gauntlet/20261001-165740-scrim-b1budget/losses/hsmalladi.finalbot__WheresMyWater__botA.bc24,hsmalladi.finalbot,1,A,b1budget,0,831,CAPTURE,1,436,293,5,0,0,0,0,2,0,5340,130,0,0,1025,1565,0,0,66,112,253,187,ATK@600
gauntlet/20261001-165740-scrim-b1budget/losses/hsmalladi.finalbot__WheresMyWater__botA.bc24,hsmalladi.finalbot,0,B,finalbot,1,831,CAPTURE,3,247,230,26,6,3,16,28,69,5,2128,126,5,3,1100,1015,1,2,65,126,187,253,ATK@600
gauntlet/20261001-165740-scrim-b1budget/losses/jmerle.camel_case_v21_final__Battlecode24__botA.bc24,jmerle.camel_case_v21_final,1,A,b1budget,0,616,CAPTURE,0,-1,416,3,0,0,0,0,0,0,12900,280,0,24,689,822,8,0,141,155,142,209,ATK@600
gauntlet/20261001-165740-scrim-b1budget/losses/jmerle.camel_case_v21_final__Battlecode24__botA.bc24,jmerle.camel_case_v21_final,0,B,camel_case_v21_final,1,616,CAPTURE,3,363,309,6,0,0,0,0,84,0,9480,22250,0,1,1038,477,0,0,206,320,209,142,ATK@600
gauntlet/20261001-165740-scrim-b1budget/losses/hsmalladi.finalbot__WheresMyWater__botB.bc24,hsmalladi.finalbot,0,A,finalbot,1,1234,CAPTURE,3,284,234,55,5,3,30,24,79,5,2102,95,4,2,1091,1127,0,2,52,153,363,492,ATK@600+HEAL@1200
gauntlet/20261001-165740-scrim-b1budget/losses/hsmalladi.finalbot__WheresMyWater__botB.bc24,hsmalladi.finalbot,1,B,b1budget,0,1234,CAPTURE,1,916,815,2,0,0,0,0,3,0,5310,210,0,14,1146,1600,0,0,87,208,492,363,ATK@600+HEAL@1200
gauntlet/20261001-165740-scrim-b1budget/losses/jmerle.camel_case_v21_final__Canals__botA.bc24,jmerle.camel_case_v21_final,1,A,b1budget,0,572,CAPTURE,0,-1,0,0,0,0,0,0,0,0,7000,260,0,0,739,862,3,0,79,98,147,237,
gauntlet/20261001-165740-scrim-b1budget/losses/jmerle.camel_case_v21_final__Canals__botA.bc24,jmerle.camel_case_v21_final,0,B,camel_case_v21_final,1,572,CAPTURE,3,305,268,10,0,0,0,0,0,0,7000,4230,0,3,1490,541,0,0,130,168,237,147,
gauntlet/20261001-165740-scrim-b1budget/losses/jmerle.camel_case_v21_final__Fountain__botA.bc24,jmerle.camel_case_v21_final,1,A,b1budget,0,707,CAPTURE,2,305,271,3,0,0,0,0,2,0,4040,220,0,1,958,1283,2,0,50,77,266,191,ATK@600
gauntlet/20261001-165740-scrim-b1budget/losses/jmerle.camel_case_v21_final__Fountain__botA.bc24,jmerle.camel_case_v21_final,0,B,camel_case_v21_final,1,707,CAPTURE,3,317,284,13,0,0,0,0,27,0,2890,30,0,2,1105,483,0,0,21,62,191,266,ATK@600
gauntlet/20261001-165740-scrim-b1budget/losses/jmerle.camel_case_v21_final__StackGame__botA.bc24,jmerle.camel_case_v21_final,1,A,b1budget,0,386,CAPTURE,0,-1,0,0,0,0,0,0,0,0,5600,280,0,15,782,1138,2,0,67,58,69,93,
gauntlet/20261001-165740-scrim-b1budget/losses/jmerle.camel_case_v21_final__StackGame__botA.bc24,jmerle.camel_case_v21_final,0,B,camel_case_v21_final,1,386,CAPTURE,3,303,255,5,0,0,0,0,22,0,6340,4060,0,5,1260,484,0,0,113,105,93,69,
gauntlet/20261001-165740-scrim-b1budget/losses/jmerle.camel_case_v21_final__Swoop__botA.bc24,jmerle.camel_case_v21_final,1,A,b1budget,0,585,CAPTURE,0,-1,293,3,0,0,0,0,1,0,6670,270,0,15,859,1278,4,0,76,95,163,150,
gauntlet/20261001-165740-scrim-b1budget/losses/jmerle.camel_case_v21_final__Swoop__botA.bc24,jmerle.camel_case_v21_final,0,B,camel_case_v21_final,1,585,CAPTURE,3,367,230,9,0,0,0,0,31,0,5770,3410,0,2,1249,569,0,0,80,113,150,163,
gauntlet/20261001-165740-scrim-b1budget/losses/jmerle.camel_case_v21_final__YearOfTheDragon__botA.bc24,jmerle.camel_case_v21_final,1,A,b1budget,0,914,CAPTURE,0,-1,620,5,0,0,0,0,0,0,13200,275,0,8,746,1051,21,0,114,184,352,297,ATK@600
gauntlet/20261001-165740-scrim-b1budget/losses/jmerle.camel_case_v21_final__YearOfTheDragon__botA.bc24,jmerle.camel_case_v21_final,0,B,camel_case_v21_final,1,914,CAPTURE,3,288,241,25,0,0,0,0,5,9,12150,7230,0,1,1054,319,0,0,151,267,297,352,ATK@600
gauntlet/20261001-165740-scrim-b1budget/losses/kyleezz.jeeryfix3__Fusbol__botB.bc24,kyleezz.jeeryfix3,0,A,jeeryfix3,1,2000,LEVEL_SUM,0,-1,1935,3,0,0,0,0,183,0,4110,10000,0,1,913,981,0,0,17,5,1514,77,ATK@600+CAP@1200+HEAL@1800
gauntlet/20261001-165740-scrim-b1budget/losses/kyleezz.jeeryfix3__Fusbol__botB.bc24,kyleezz.jeeryfix3,1,B,b1budget,0,2000,LEVEL_SUM,0,-1,0,0,0,0,0,0,0,0,2400,900,0,27,563,815,4,0,20,15,77,1514,ATK@600+HEAL@1200+CAP@1800
gauntlet/20261001-165740-scrim-b1budget/losses/kyleezz.jeeryfix3__Fusbol__botA.bc24,kyleezz.jeeryfix3,1,A,b1budget,0,2000,LEVEL_SUM,0,-1,0,0,0,0,0,0,0,0,2400,1000,0,27,521,602,4,0,20,0,19,1584,ATK@600+HEAL@1200+CAP@1800
gauntlet/20261001-165740-scrim-b1budget/losses/kyleezz.jeeryfix3__Fusbol__botA.bc24,kyleezz.jeeryfix3,0,B,jeeryfix3,1,2000,LEVEL_SUM,0,-1,0,0,0,0,0,0,189,0,3930,9930,0,0,841,1055,0,0,12,0,1584,19,ATK@600+CAP@1200+HEAL@1800
gauntlet/20261001-165740-scrim-b1budget/losses/quesswho.cretplayer2_3__AceOfSpades__botA.bc24,quesswho.cretplayer2_3,1,A,b1budget,0,1649,CAPTURE,2,803,232,33,0,0,0,0,0,0,4200,320,0,2,758,859,2,0,57,242,991,296,ATK@600+HEAL@1200
gauntlet/20261001-165740-scrim-b1budget/losses/quesswho.cretplayer2_3__AceOfSpades__botA.bc24,quesswho.cretplayer2_3,0,B,cretplayer2_3,1,1649,CAPTURE,3,361,226,55,0,3,22,0,18,0,3660,12440,0,23,803,818,0,4,227,384,296,991,ATK@600+HEAL@1200
gauntlet/20261001-165740-scrim-b1budget/losses/kyleezz.jeeryfix3__Klein__botB.bc24,kyleezz.jeeryfix3,0,A,jeeryfix3,1,2000,MORE_FLAG_CAPTURES,2,348,291,9,0,0,0,0,172,0,40,2370,0,10,726,789,0,0,42,247,378,1045,ATK@600+CAP@1200+HEAL@1800
gauntlet/20261001-165740-scrim-b1budget/losses/kyleezz.jeeryfix3__Klein__botB.bc24,kyleezz.jeeryfix3,1,B,b1budget,0,2000,MORE_FLAG_CAPTURES,1,1655,1002,10,0,0,0,0,1,0,3770,230,0,14,844,1135,0,0,69,309,1045,378,ATK@600+HEAL@1200+CAP@1800
gauntlet/20261001-165740-scrim-b1budget/losses/quesswho.cretplayer2_3__ORV__botA.bc24,quesswho.cretplayer2_3,1,A,b1budget,0,543,CAPTURE,0,-1,254,3,0,0,0,0,0,0,5100,240,0,0,919,994,3,0,70,72,102,104,
gauntlet/20261001-165740-scrim-b1budget/losses/quesswho.cretplayer2_3__ORV__botA.bc24,quesswho.cretplayer2_3,0,B,cretplayer2_3,1,543,CAPTURE,3,385,244,24,0,3,18,0,33,0,4610,940,0,4,943,1108,0,4,94,106,104,102,
gauntlet/20261001-165740-scrim-b1budget/losses/quesswho.cretplayer2_3__BigDucksBigPond__botA.bc24,quesswho.cretplayer2_3,1,A,b1budget,0,1273,CAPTURE,0,-1,308,31,0,0,0,0,0,0,4200,480,0,3,385,425,2,0,46,172,501,219,ATK@600+HEAL@1200
gauntlet/20261001-165740-scrim-b1budget/losses/quesswho.cretplayer2_3__BigDucksBigPond__botA.bc24,quesswho.cretplayer2_3,0,B,cretplayer2_3,1,1273,CAPTURE,3,604,257,13,0,3,39,0,50,0,5000,5900,0,3,320,375,0,5,66,168,219,501,ATK@600+HEAL@1200
gauntlet/20261001-165740-scrim-b1budget/losses/winkelmantanner.waffle__Islands__botB.bc24,winkelmantanner.waffle,0,A,waffle,1,391,CAPTURE,3,370,235,26,0,0,0,0,45,61,829,139,3,5,934,1032,0,0,94,84,40,80,
gauntlet/20261001-165740-scrim-b1budget/losses/winkelmantanner.waffle__Islands__botB.bc24,winkelmantanner.waffle,1,B,b1budget,0,391,CAPTURE,0,-1,249,1,0,0,0,0,2,0,7440,200,0,24,1066,1169,15,0,56,59,80,40,
gauntlet/20261001-165740-scrim-b1budget/losses/winkelmantanner.waffle__Funnel__botB.bc24,winkelmantanner.waffle,0,A,waffle,1,1226,CAPTURE,3,400,261,18,0,0,0,0,11,29,1370,1260,0,7,1008,1295,0,0,83,168,205,394,ATK@600+HEAL@1200
gauntlet/20261001-165740-scrim-b1budget/losses/winkelmantanner.waffle__Funnel__botB.bc24,winkelmantanner.waffle,1,B,b1budget,0,1226,CAPTURE,1,1017,301,4,0,0,0,0,0,0,4600,130,0,2,978,1199,6,0,67,146,394,205,ATK@600+HEAL@1200
gauntlet/20261001-165740-scrim-b1budget/losses/winkelmantanner.waffle__Mountain__botB.bc24,winkelmantanner.waffle,0,A,waffle,1,820,CAPTURE,3,305,291,12,0,0,0,0,19,9,5030,3370,0,14,838,838,0,0,87,124,127,258,ATK@600
gauntlet/20261001-165740-scrim-b1budget/losses/winkelmantanner.waffle__Mountain__botB.bc24,winkelmantanner.waffle,1,B,b1budget,0,820,CAPTURE,1,645,574,1,0,0,0,0,0,0,6500,240,0,0,1015,1102,0,0,86,138,258,127,ATK@600
gauntlet/20261001-165740-scrim-b1budget/losses/quesswho.cretplayer2_3__Waterworld__botB.bc24,quesswho.cretplayer2_3,0,A,cretplayer2_3,1,2000,MORE_FLAG_CAPTURES,2,410,251,22,0,3,15,0,286,0,7720,7000,0,4,517,716,0,3,95,248,352,1419,ATK@600+HEAL@1200+CAP@1800
gauntlet/20261001-165740-scrim-b1budget/losses/quesswho.cretplayer2_3__Waterworld__botB.bc24,quesswho.cretplayer2_3,1,B,b1budget,0,2000,MORE_FLAG_CAPTURES,1,1415,419,37,0,0,0,0,0,0,5700,30,0,12,566,612,1,0,41,342,1419,352,ATK@600+HEAL@1200+CAP@1800
gauntlet/20261001-165740-scrim-b1budget/losses/winkelmantanner.waffle__Soccer__botB.bc24,winkelmantanner.waffle,0,A,waffle,1,729,CAPTURE,3,508,322,36,0,0,0,0,16,18,3120,620,0,3,956,883,0,0,65,119,154,286,ATK@600
gauntlet/20261001-165740-scrim-b1budget/losses/winkelmantanner.waffle__Soccer__botB.bc24,winkelmantanner.waffle,1,B,b1budget,0,729,CAPTURE,1,426,338,5,0,0,0,0,1,0,5370,280,0,3,1187,1407,1,0,76,121,286,154,ATK@600
gauntlet/20261001-165740-scrim-b1budget/losses/winkelmantanner.waffle__Tunnels__botB.bc24,winkelmantanner.waffle,0,A,waffle,1,486,CAPTURE,3,297,251,7,0,0,0,0,38,3,3360,3740,0,13,854,1079,0,0,71,74,77,69,
gauntlet/20261001-165740-scrim-b1budget/losses/winkelmantanner.waffle__Tunnels__botB.bc24,winkelmantanner.waffle,1,B,b1budget,0,486,CAPTURE,0,-1,0,0,0,0,0,0,1,0,4770,280,0,21,822,877,0,0,59,64,69,77,
gauntlet/20261001-165740-scrim-b1budget/losses/winkelmantanner.waffle__Puzzle__botA.bc24,winkelmantanner.waffle,1,A,b1budget,0,1436,CAPTURE,2,929,232,8,0,0,0,0,0,0,2400,200,0,0,762,716,1,0,96,223,684,346,ATK@600+HEAL@1200
gauntlet/20261001-165740-scrim-b1budget/losses/winkelmantanner.waffle__Puzzle__botA.bc24,winkelmantanner.waffle,0,B,waffle,1,1436,CAPTURE,3,352,230,50,0,0,0,0,2,3,2040,8070,0,3,1042,924,0,0,181,317,346,684,ATK@600+HEAL@1200
gauntlet/20261001-165740-scrim-b1budget/replays/ColtG5.Goob_final__Swoop__botB.bc24,ColtG5.Goob_final,0,A,Goob_final,0,1820,CAPTURE,2,285,237,14,0,0,0,0,70,0,4600,70,0,3,1052,786,2,0,55,261,495,1285,ATK@600+HEAL@1200+CAP@1800
gauntlet/20261001-165740-scrim-b1budget/replays/ColtG5.Goob_final__Swoop__botB.bc24,ColtG5.Goob_final,1,B,b1budget,1,1820,CAPTURE,3,307,231,5,0,0,0,0,4,0,6580,210,0,2,1183,1282,8,0,64,336,1285,495,ATK@600+HEAL@1200+CAP@1800
gauntlet/20261001-165740-scrim-b1budget/replays/SampleProvider.TSPAARKSPRINT1__Foxes__botB.bc24,SampleProvider.TSPAARKSPRINT1,0,A,TSPAARKSPRINT1,0,1664,CAPTURE,2,715,270,66,0,3,43,0,31,0,8970,3050,0,4,539,1249,43,22,3,121,214,506,ATK@600+CAP@1200
gauntlet/20261001-165740-scrim-b1budget/replays/SampleProvider.TSPAARKSPRINT1__Foxes__botB.bc24,SampleProvider.TSPAARKSPRINT1,1,B,b1budget,1,1664,CAPTURE,3,600,246,23,0,0,0,0,0,0,9900,253,0,4,913,1113,10,0,94,289,506,214,ATK@600+HEAL@1200
gauntlet/20261001-165740-scrim-b1budget/replays/CyrilSharma.finalBot__Racetrack__botB.bc24,CyrilSharma.finalBot,0,A,finalBot,0,2000,MORE_FLAG_CAPTURES,0,-1,614,6,0,0,0,20,43,0,728,26,3,3,825,1237,0,0,6,215,401,736,ATK@600+HEAL@1200+CAP@1800
gauntlet/20261001-165740-scrim-b1budget/replays/CyrilSharma.finalBot__Racetrack__botB.bc24,CyrilSharma.finalBot,1,B,b1budget,1,2000,MORE_FLAG_CAPTURES,1,521,450,3,0,0,0,0,0,0,2400,280,0,5,1199,1425,3,0,26,250,736,401,ATK@600+HEAL@1200+CAP@1800
gauntlet/20261001-165740-scrim-b1budget/replays/SampleProvider.TSPAARKSPRINT1__QuestionableChess__botB.bc24,SampleProvider.TSPAARKSPRINT1,0,A,TSPAARKSPRINT1,0,1723,CAPTURE,2,581,296,49,0,3,13,0,73,2,10,30,0,5,625,1404,0,2,0,52,199,579,ATK@600+CAP@1200
gauntlet/20261001-165740-scrim-b1budget/replays/SampleProvider.TSPAARKSPRINT1__QuestionableChess__botB.bc24,SampleProvider.TSPAARKSPRINT1,1,B,b1budget,1,1723,CAPTURE,3,285,246,32,0,0,0,0,7,0,2190,230,0,10,1000,1033,3,0,21,167,579,199,ATK@600+HEAL@1200
gauntlet/20261001-165740-scrim-b1budget/replays/SampleProvider.TSPAARKSPRINT1__Waterworld__botA.bc24,SampleProvider.TSPAARKSPRINT1,1,A,b1budget,1,1370,CAPTURE,3,993,392,31,0,0,0,0,1,0,5670,200,0,22,755,772,3,0,48,151,416,138,ATK@600+HEAL@1200
gauntlet/20261001-165740-scrim-b1budget/replays/SampleProvider.TSPAARKSPRINT1__Waterworld__botA.bc24,SampleProvider.TSPAARKSPRINT1,0,B,TSPAARKSPRINT1,0,1370,CAPTURE,2,845,289,56,0,3,34,0,490,3,1300,10,0,6,419,1156,0,23,6,68,138,416,ATK@600+CAP@1200
gauntlet/20261001-165740-scrim-b1budget/replays/awu7.ExplosiveBot__BedWars__botA.bc24,awu7.ExplosiveBot,1,A,b1budget,1,801,CAPTURE,3,353,329,3,0,0,0,0,0,0,4800,20,0,6,207,224,3,0,28,23,124,29,ATK@600
gauntlet/20261001-165740-scrim-b1budget/replays/awu7.ExplosiveBot__BedWars__botA.bc24,awu7.ExplosiveBot,0,B,ExplosiveBot,0,801,CAPTURE,0,-1,384,4,0,0,0,0,0,12,2400,20,0,3,165,164,21,0,0,12,29,124,ATK@600
gauntlet/20261001-165740-scrim-b1budget/replays/andrewgopher.player22__Diagonal__botA.bc24,andrewgopher.player22,1,A,b1budget,1,2000,LEVEL_SUM,0,-1,281,20,0,0,0,0,2,0,6240,260,0,15,322,556,2,0,74,184,229,182,ATK@600+HEAL@1200+CAP@1800
gauntlet/20261001-165740-scrim-b1budget/replays/andrewgopher.player22__Diagonal__botA.bc24,andrewgopher.player22,0,B,player22,0,2000,LEVEL_SUM,0,-1,0,3,0,3,0,0,37,0,6390,2600,0,0,401,233,27,0,21,201,182,229,ATK@600+HEAL@1200+CAP@1800
gauntlet/20261001-165740-scrim-b1budget/replays/awu7.ExplosiveBot__BedWars__botB.bc24,awu7.ExplosiveBot,0,A,ExplosiveBot,0,964,CAPTURE,2,801,642,24,12,0,0,0,0,9,3300,10,0,4,220,216,18,0,3,22,63,278,ATK@600
gauntlet/20261001-165740-scrim-b1budget/replays/awu7.ExplosiveBot__BedWars__botB.bc24,awu7.ExplosiveBot,1,B,b1budget,1,964,CAPTURE,3,523,364,9,0,0,0,0,0,0,4800,100,0,9,242,368,2,0,31,69,278,63,ATK@600
gauntlet/20261001-165740-scrim-b1budget/replays/awu7.ExplosiveBot__DefaultLarge__botB.bc24,awu7.ExplosiveBot,0,A,ExplosiveBot,0,1934,CAPTURE,0,-1,248,52,32,0,0,0,94,11,80,80,0,20,689,813,22,0,18,137,212,1571,ATK@600+HEAL@1200
gauntlet/20261001-165740-scrim-b1budget/replays/awu7.ExplosiveBot__DefaultLarge__botB.bc24,awu7.ExplosiveBot,1,B,b1budget,1,1934,CAPTURE,3,420,298,30,0,0,0,0,0,0,4200,330,0,11,1293,1276,2,0,92,618,1571,212,ATK@600+HEAL@1200+CAP@1800
gauntlet/20261001-165740-scrim-b1budget/replays/awu7.ExplosiveBot__Diagonal__botA.bc24,awu7.ExplosiveBot,1,A,b1budget,1,2000,LEVEL_SUM,0,-1,536,23,0,0,0,0,3,0,6210,300,0,6,840,816,3,0,86,213,366,114,ATK@600+HEAL@1200+CAP@1800
gauntlet/20261001-165740-scrim-b1budget/replays/awu7.ExplosiveBot__Diagonal__botA.bc24,awu7.ExplosiveBot,0,B,ExplosiveBot,0,2000,LEVEL_SUM,0,-1,258,7,0,0,0,0,42,9,5340,5720,0,16,523,429,1,0,29,87,114,366,ATK@600+HEAL@1200
gauntlet/20261001-165740-scrim-b1budget/replays/awu7.ExplosiveBot__OceanFloor__botA.bc24,awu7.ExplosiveBot,1,A,b1budget,1,1350,CAPTURE,3,507,288,22,0,0,0,0,0,0,3800,260,0,13,1087,1170,2,0,71,332,1011,124,ATK@600+HEAL@1200
gauntlet/20261001-165740-scrim-b1budget/replays/awu7.ExplosiveBot__OceanFloor__botA.bc24,awu7.ExplosiveBot,0,B,ExplosiveBot,0,1350,CAPTURE,2,568,214,37,21,0,0,0,85,10,150,90,0,5,744,522,1,0,19,79,124,1011,ATK@600+HEAL@1200
gauntlet/20261001-165740-scrim-b1budget/replays/awu7.ExplosiveBot__Randy__botB.bc24,awu7.ExplosiveBot,0,A,ExplosiveBot,0,1425,CAPTURE,2,253,228,62,34,0,0,0,6,9,4720,5680,0,32,683,761,18,0,27,138,193,966,ATK@600+HEAL@1200
gauntlet/20261001-165740-scrim-b1budget/replays/awu7.ExplosiveBot__Randy__botB.bc24,awu7.ExplosiveBot,1,B,b1budget,1,1425,CAPTURE,3,500,253,19,0,0,0,0,3,0,5710,260,0,5,1147,1272,0,0,89,288,966,193,ATK@600+HEAL@1200
gauntlet/20261001-165740-scrim-b1budget/replays/clbarrell.duck8__Foxes__botB.bc24,clbarrell.duck8,0,A,duck8,0,1375,CAPTURE,1,912,366,33,0,0,0,0,4,56,2600,830,3,5,849,1308,17,0,87,220,215,545,ATK@750
gauntlet/20261001-165740-scrim-b1budget/replays/clbarrell.duck8__Foxes__botB.bc24,clbarrell.duck8,1,B,b1budget,1,1375,CAPTURE,3,971,478,10,0,0,0,0,0,0,9900,300,0,4,1129,1373,10,0,99,251,545,215,ATK@600+HEAL@1200
gauntlet/20261001-165740-scrim-b1budget/replays/clbarrell.duck8__Pancakes__botB.bc24,clbarrell.duck8,0,A,duck8,0,599,CAPTURE,1,408,246,20,0,0,0,0,2,22,20,50,2,11,622,813,2,0,86,93,27,159,
gauntlet/20261001-165740-scrim-b1budget/replays/clbarrell.duck8__Pancakes__botB.bc24,clbarrell.duck8,1,B,b1budget,1,599,CAPTURE,3,292,242,4,0,0,0,0,0,0,2400,200,0,3,957,999,1,0,77,84,159,27,
gauntlet/20261001-165740-scrim-b1budget/replays/clbarrell.duck8__OceanFloor__botB.bc24,clbarrell.duck8,0,A,duck8,0,1200,CAPTURE,0,-1,374,29,0,0,0,0,33,28,20,20,3,5,791,1000,1,0,51,129,210,454,ATK@750
gauntlet/20261001-165740-scrim-b1budget/replays/clbarrell.duck8__OceanFloor__botB.bc24,clbarrell.duck8,1,B,b1budget,1,1200,CAPTURE,3,375,234,13,0,0,0,0,0,0,3800,290,0,14,952,948,2,0,51,140,454,210,ATK@600+HEAL@1200
gauntlet/20261001-165740-scrim-b1budget/replays/jonters.bling3__Backslash__botB.bc24,jonters.bling3,0,A,bling3,0,537,CAPTURE,0,-1,371,5,0,0,0,0,236,0,20,4270,0,9,548,1052,45,0,8,45,46,118,
gauntlet/20261001-165740-scrim-b1budget/replays/jonters.bling3__Backslash__botB.bc24,jonters.bling3,1,B,b1budget,1,537,CAPTURE,3,390,243,6,0,0,0,0,2,0,2340,170,0,17,1023,1133,3,0,128,142,118,46,
gauntlet/20261001-165740-scrim-b1budget/replays/dmtrung14.defaultplayer_intlqualifier__Battlecode24__botA.bc24,dmtrung14.defaultplayer_intlqualifier,1,A,b1budget,1,1176,CAPTURE,3,655,539,7,0,0,0,0,2,0,14740,90,0,11,999,362,16,0,180,80,359,27,ATK@600
gauntlet/20261001-165740-scrim-b1budget/replays/dmtrung14.defaultplayer_intlqualifier__Battlecode24__botA.bc24,dmtrung14.defaultplayer_intlqualifier,0,B,defaultplayer_intlqualifier,0,1176,CAPTURE,1,350,289,11,6,3,19,0,118,14,7260,13720,0,4,235,826,5,41,29,87,27,359,ATK@600
gauntlet/20261001-165740-scrim-b1budget/replays/dmtrung14.defaultplayer_intlqualifier__DefaultLarge__botA.bc24,dmtrung14.defaultplayer_intlqualifier,1,A,b1budget,1,2000,MORE_FLAG_CAPTURES,2,836,284,16,0,0,0,0,1,0,4170,30,0,8,1057,533,0,0,65,144,316,50,ATK@600+HEAL@1200+CAP@1800
gauntlet/20261001-165740-scrim-b1budget/replays/dmtrung14.defaultplayer_intlqualifier__DefaultLarge__botA.bc24,dmtrung14.defaultplayer_intlqualifier,0,B,defaultplayer_intlqualifier,0,2000,MORE_FLAG_CAPTURES,1,387,269,68,45,3,15,0,58,18,60,2790,0,2,366,857,6,35,22,91,50,316,ATK@600+HEAL@1200+CAP@1800
gauntlet/20261001-165740-scrim-b1budget/replays/dmtrung14.defaultplayer_intlqualifier__Diagonal__botB.bc24,dmtrung14.defaultplayer_intlqualifier,0,A,defaultplayer_intlqualifier,0,2000,MORE_FLAG_CAPTURES,0,-1,0,3,0,3,15,0,37,21,3690,4110,0,3,205,543,6,22,15,42,24,110,ATK@600+HEAL@1200+CAP@1800
gauntlet/20261001-165740-scrim-b1budget/replays/dmtrung14.defaultplayer_intlqualifier__Diagonal__botB.bc24,dmtrung14.defaultplayer_intlqualifier,1,B,b1budget,1,2000,MORE_FLAG_CAPTURES,1,424,294,13,0,0,0,0,1,0,6270,260,0,11,620,323,6,0,52,40,110,24,ATK@600+HEAL@1200+CAP@1800
gauntlet/20261001-165740-scrim-b1budget/replays/dmtrung14.defaultplayer_intlqualifier__BreadPudding__botA.bc24,dmtrung14.defaultplayer_intlqualifier,1,A,b1budget,1,2000,LEVEL_SUM,0,-1,1845,4,0,0,0,0,1,0,4270,200,0,20,654,332,2,0,51,60,292,15,ATK@600+HEAL@1200+CAP@1800
gauntlet/20261001-165740-scrim-b1budget/replays/dmtrung14.defaultplayer_intlqualifier__BreadPudding__botA.bc24,dmtrung14.defaultplayer_intlqualifier,0,B,defaultplayer_intlqualifier,0,2000,LEVEL_SUM,0,-1,0,3,0,3,12,0,51,13,1570,2040,0,3,196,610,6,18,10,47,15,292,ATK@600+HEAL@1200+CAP@1800
gauntlet/20261001-165740-scrim-b1budget/replays/jonters.bling3__Bunkers__botA.bc24,jonters.bling3,1,A,b1budget,1,1507,CAPTURE,3,1451,224,7,0,0,0,0,1,0,5170,230,0,9,1239,1471,4,0,57,188,665,195,ATK@600+HEAL@1200
gauntlet/20261001-165740-scrim-b1budget/replays/jonters.bling3__Bunkers__botA.bc24,jonters.bling3,0,B,bling3,0,1507,CAPTURE,1,292,243,2,0,0,0,0,66,16,20,340,0,4,793,1695,22,0,10,127,195,665,ATK@600+HEAL@1200
gauntlet/20261001-165740-scrim-b1budget/replays/jonters.bling3__Duck__botB.bc24,jonters.bling3,0,A,bling3,0,1084,CAPTURE,2,498,320,9,0,0,0,0,96,12,20,110,0,4,625,1069,13,0,0,48,144,380,ATK@600
gauntlet/20261001-165740-scrim-b1budget/replays/jonters.bling3__Duck__botB.bc24,jonters.bling3,1,B,b1budget,1,1084,CAPTURE,3,325,227,21,0,0,0,0,0,0,5300,260,0,3,1044,1209,3,0,80,201,380,144,ATK@600
gauntlet/20261001-165740-scrim-b1budget/replays/jonters.bling3__Snake__botB.bc24,jonters.bling3,0,A,bling3,0,1420,CAPTURE,1,351,260,13,0,0,0,0,247,0,7990,11490,0,0,451,595,56,0,9,162,257,529,ATK@600+HEAL@1200
gauntlet/20261001-165740-scrim-b1budget/replays/jonters.bling3__Snake__botB.bc24,jonters.bling3,1,B,b1budget,1,1420,CAPTURE,3,441,223,35,0,0,0,0,2,0,15440,1273,0,4,632,767,14,0,292,523,529,257,ATK@600+HEAL@1200
gauntlet/20261001-165740-scrim-b1budget/replays/justinottesen.sprint1__Fountain__botA.bc24,justinottesen.sprint1,1,A,b1budget,1,768,CAPTURE,3,295,234,20,0,0,0,0,2,0,4040,170,0,9,1354,310,0,0,72,137,469,34,ATK@600
gauntlet/20261001-165740-scrim-b1budget/replays/justinottesen.sprint1__Fountain__botA.bc24,justinottesen.sprint1,0,B,sprint1,0,768,CAPTURE,0,-1,340,4,0,0,0,0,56,0,1620,30,0,7,195,1262,7,0,0,13,34,469,ATK@600
gauntlet/20261001-165740-scrim-b1budget/replays/justinottesen.sprint1__Decision__botA.bc24,justinottesen.sprint1,1,A,b1budget,1,727,CAPTURE,3,511,276,16,0,0,0,0,5,0,3250,350,0,4,1310,199,3,0,65,129,382,16,ATK@600
gauntlet/20261001-165740-scrim-b1budget/replays/justinottesen.sprint1__Decision__botA.bc24,justinottesen.sprint1,0,B,sprint1,0,727,CAPTURE,0,-1,420,1,0,0,0,0,128,0,360,10,0,1,116,904,1,0,0,11,16,382,ATK@600
gauntlet/20261001-165740-scrim-b1budget/replays/jonters.bling3__Waterworld__botB.bc24,jonters.bling3,0,A,bling3,0,1701,CAPTURE,1,380,311,7,0,0,0,0,542,0,40,1900,0,0,262,567,3,0,0,86,163,653,ATK@600+HEAL@1200
gauntlet/20261001-165740-scrim-b1budget/replays/jonters.bling3__Waterworld__botB.bc24,jonters.bling3,1,B,b1budget,1,1701,CAPTURE,3,1274,542,19,0,0,0,0,1,0,5670,50,0,31,372,426,2,0,46,211,653,163,ATK@600+HEAL@1200
gauntlet/20261001-165740-scrim-b1budget/replays/jonters.bling3__Starfish__botA.bc24,jonters.bling3,1,A,b1budget,1,2000,MORE_FLAG_CAPTURES,2,322,282,13,0,0,0,0,5,0,6350,100,0,28,348,401,0,0,60,343,840,203,ATK@600+HEAL@1200+CAP@1800
gauntlet/20261001-165740-scrim-b1budget/replays/jonters.bling3__Starfish__botA.bc24,jonters.bling3,0,B,bling3,0,2000,MORE_FLAG_CAPTURES,1,998,662,6,0,0,0,0,216,0,20,20,0,7,218,322,0,0,0,75,203,840,ATK@600+HEAL@1200+CAP@1800
gauntlet/20261001-165740-scrim-b1budget/replays/justinottesen.sprint1__OceanFloor__botB.bc24,justinottesen.sprint1,0,A,sprint1,0,774,CAPTURE,1,434,372,6,0,0,0,0,87,5,190,220,0,1,217,760,10,0,0,17,8,526,ATK@600
gauntlet/20261001-165740-scrim-b1budget/replays/justinottesen.sprint1__OceanFloor__botB.bc24,justinottesen.sprint1,1,B,b1budget,1,774,CAPTURE,3,315,225,7,0,0,0,0,0,0,3800,220,0,3,1568,516,4,0,79,207,526,8,ATK@600
gauntlet/20261001-165740-scrim-b1budget/replays/justinottesen.sprint1__StackGame__botB.bc24,justinottesen.sprint1,0,A,sprint1,0,613,CAPTURE,0,-1,340,2,0,0,0,0,49,0,5530,80,0,2,207,1095,38,0,0,43,38,378,ATK@600
gauntlet/20261001-165740-scrim-b1budget/replays/justinottesen.sprint1__StackGame__botB.bc24,justinottesen.sprint1,1,B,b1budget,1,613,CAPTURE,3,417,392,12,0,0,0,0,1,0,5970,270,0,25,1589,734,0,0,85,120,378,38,ATK@600
gauntlet/20261001-165740-scrim-b1budget/replays/quesswho.cretplayer2_3__Checkered__botA.bc24,quesswho.cretplayer2_3,1,A,b1budget,1,497,CAPTURE,3,251,213,3,0,0,0,0,0,0,7200,220,0,0,762,873,8,0,73,65,65,51,
gauntlet/20261001-165740-scrim-b1budget/replays/quesswho.cretplayer2_3__Checkered__botA.bc24,quesswho.cretplayer2_3,0,B,cretplayer2_3,0,497,CAPTURE,2,340,216,10,0,3,17,0,0,0,7200,2630,0,2,794,826,0,4,84,89,51,65,
gauntlet/20261001-165740-scrim-b1budget/replays/kyleezz.jeeryfix3__Backslash__botB.bc24,kyleezz.jeeryfix3,0,A,jeeryfix3,0,2000,LEVEL_SUM,2,296,266,7,0,0,0,0,236,0,20,10280,0,4,1031,835,0,0,156,410,519,1224,ATK@600+CAP@1200+HEAL@1800
gauntlet/20261001-165740-scrim-b1budget/replays/kyleezz.jeeryfix3__Backslash__botB.bc24,kyleezz.jeeryfix3,1,B,b1budget,1,2000,LEVEL_SUM,2,1702,1671,5,0,0,0,0,2,0,2340,240,0,0,991,1247,2,0,50,249,1224,519,ATK@600+HEAL@1200+CAP@1800
gauntlet/20261001-165740-scrim-b1budget/replays/kyleezz.jeeryfix3__BedWars__botA.bc24,kyleezz.jeeryfix3,1,A,b1budget,1,2000,LEVEL_SUM,0,-1,691,2,0,0,0,0,0,0,4800,610,0,7,0,0,3,0,42,1,1,2,ATK@600+HEAL@1200+CAP@1800
gauntlet/20261001-165740-scrim-b1budget/replays/kyleezz.jeeryfix3__BedWars__botA.bc24,kyleezz.jeeryfix3,0,B,jeeryfix3,0,2000,LEVEL_SUM,0,-1,0,0,0,0,0,0,0,0,4800,1930,0,2,0,0,0,0,10,2,2,1,ATK@600+CAP@1200+HEAL@1800
gauntlet/20261001-165740-scrim-b1budget/replays/kyleezz.jeeryfix3__Intercontinental__botB.bc24,kyleezz.jeeryfix3,0,A,jeeryfix3,0,2000,LEVEL_SUM,0,-1,0,0,0,0,0,0,159,0,30,60,0,0,165,335,0,0,4,37,29,42,ATK@600+CAP@1200+HEAL@1800
gauntlet/20261001-165740-scrim-b1budget/replays/kyleezz.jeeryfix3__Intercontinental__botB.bc24,kyleezz.jeeryfix3,1,B,b1budget,1,2000,LEVEL_SUM,0,-1,705,2,0,0,0,0,5,0,4650,50,0,3,155,293,0,0,47,16,42,29,ATK@600+HEAL@1200+CAP@1800
gauntlet/20261001-165740-scrim-b1budget/replays/quesswho.cretplayer2_3__Digging__botA.bc24,quesswho.cretplayer2_3,1,A,b1budget,1,1802,CAPTURE,3,1504,1387,16,0,0,0,0,1,0,2970,260,0,1,1267,1257,1,0,51,278,1668,232,ATK@600+HEAL@1200+CAP@1800
gauntlet/20261001-165740-scrim-b1budget/replays/quesswho.cretplayer2_3__Digging__botA.bc24,quesswho.cretplayer2_3,0,B,cretplayer2_3,0,1802,CAPTURE,1,289,253,11,0,3,1,0,18,0,2560,990,0,6,824,673,0,3,48,186,232,1668,ATK@600+HEAL@1200+CAP@1800
gauntlet/20261001-171058-scrim-b1budget/losses/ColtG5.Goob_final__MazeRunner__botA.bc24,ColtG5.Goob_final,1,A,b1budget,0,2000,MORE_FLAG_CAPTURES,0,-1,0,0,0,0,0,0,2,0,4940,230,0,14,921,1059,2,0,54,201,977,422,ATK@600+HEAL@1200+CAP@1800
gauntlet/20261001-171058-scrim-b1budget/losses/ColtG5.Goob_final__MazeRunner__botA.bc24,ColtG5.Goob_final,0,B,Goob_final,1,2000,MORE_FLAG_CAPTURES,1,429,244,19,0,0,0,0,88,0,2360,900,0,6,824,645,12,0,56,259,422,977,ATK@600+HEAL@1200+CAP@1800
gauntlet/20261001-171058-scrim-b1budget/losses/CyrilSharma.finalBot__AceOfSpades__botB.bc24,CyrilSharma.finalBot,0,A,finalBot,1,513,CAPTURE,3,310,222,4,0,0,0,60,14,1,2663,18043,12,11,1051,967,0,0,241,296,118,44,
gauntlet/20261001-171058-scrim-b1budget/losses/CyrilSharma.finalBot__AceOfSpades__botB.bc24,CyrilSharma.finalBot,1,B,b1budget,0,513,CAPTURE,0,-1,0,0,0,0,0,0,0,0,4200,270,0,10,800,943,1,0,58,62,44,118,
gauntlet/20261001-171058-scrim-b1budget/losses/ColtG5.Goob_final__Snake__botA.bc24,ColtG5.Goob_final,1,A,b1budget,0,2000,MORE_FLAG_CAPTURES,0,-1,0,0,0,0,0,0,1,0,15370,490,0,10,1114,1121,16,0,193,374,1022,532,ATK@600+HEAL@1200+CAP@1800
gauntlet/20261001-171058-scrim-b1budget/losses/ColtG5.Goob_final__Snake__botA.bc24,ColtG5.Goob_final,0,B,Goob_final,1,2000,MORE_FLAG_CAPTURES,2,491,276,5,0,0,0,0,142,0,11240,33030,0,6,895,631,12,0,128,497,532,1022,ATK@600+HEAL@1200+CAP@1800
gauntlet/20261001-171058-scrim-b1budget/losses/ColtG5.Goob_final__Tunnels__botA.bc24,ColtG5.Goob_final,1,A,b1budget,0,2000,MORE_FLAG_CAPTURES,0,-1,0,0,0,0,0,0,2,0,4740,270,0,23,959,1310,0,0,61,209,739,357,ATK@600+HEAL@1200+CAP@1800
gauntlet/20261001-171058-scrim-b1budget/losses/ColtG5.Goob_final__Tunnels__botA.bc24,ColtG5.Goob_final,0,B,Goob_final,1,2000,MORE_FLAG_CAPTURES,1,520,483,6,0,0,0,0,64,0,2880,750,0,16,775,669,7,0,47,185,357,739,ATK@600+HEAL@1200+CAP@1800
gauntlet/20261001-171058-scrim-b1budget/losses/CyrilSharma.finalBot__BedWars__botB.bc24,CyrilSharma.finalBot,0,A,finalBot,1,2000,MORE_FLAG_CAPTURES,2,340,272,12,0,0,0,48,20,0,3386,21,9,7,623,643,0,0,50,256,260,419,ATK@600+HEAL@1200+CAP@1800
gauntlet/20261001-171058-scrim-b1budget/losses/CyrilSharma.finalBot__BedWars__botB.bc24,CyrilSharma.finalBot,1,B,b1budget,0,2000,MORE_FLAG_CAPTURES,1,422,268,7,0,0,0,0,0,0,4800,130,0,4,582,701,2,0,38,182,419,260,ATK@600+HEAL@1200+CAP@1800
gauntlet/20261001-171058-scrim-b1budget/losses/CyrilSharma.finalBot__Fusbol__botA.bc24,CyrilSharma.finalBot,1,A,b1budget,0,2000,MORE_FLAG_CAPTURES,0,-1,0,0,0,0,0,0,0,0,2400,900,0,29,457,414,6,0,29,148,413,488,ATK@600+HEAL@1200+CAP@1800
gauntlet/20261001-171058-scrim-b1budget/losses/CyrilSharma.finalBot__Fusbol__botA.bc24,CyrilSharma.finalBot,0,B,finalBot,1,2000,MORE_FLAG_CAPTURES,1,754,530,5,0,0,0,28,45,0,2317,14714,4,4,585,573,0,0,47,669,488,413,ATK@600+HEAL@1200+CAP@1800
gauntlet/20261001-171058-scrim-b1budget/losses/CyrilSharma.finalBot__QuestionableChess__botB.bc24,CyrilSharma.finalBot,0,A,finalBot,1,2000,MORE_FLAG_CAPTURES,1,1199,610,15,0,0,0,34,39,0,615,34,6,9,699,1005,0,0,1,333,426,492,ATK@600+HEAL@1200+CAP@1800
gauntlet/20261001-171058-scrim-b1budget/losses/CyrilSharma.finalBot__QuestionableChess__botB.bc24,CyrilSharma.finalBot,1,B,b1budget,0,2000,MORE_FLAG_CAPTURES,0,-1,386,3,0,0,0,0,3,0,2310,230,0,8,787,1190,2,0,30,166,492,426,ATK@600+HEAL@1200+CAP@1800
gauntlet/20261001-171058-scrim-b1budget/losses/Gymhgy.v10official__DefaultMedium__botB.bc24,Gymhgy.v10official,0,A,v10official,1,661,CAPTURE,3,436,308,40,28,3,13,90,51,2,2115,15,18,1,869,1774,7,2,44,73,55,83,ATK@600
gauntlet/20261001-171058-scrim-b1budget/losses/Gymhgy.v10official__DefaultMedium__botB.bc24,Gymhgy.v10official,1,B,b1budget,0,661,CAPTURE,1,636,387,9,0,0,0,0,1,0,5270,250,0,4,1221,1481,6,0,55,71,83,55,ATK@600
gauntlet/20261001-171058-scrim-b1budget/losses/CyrilSharma.finalBot__YearOfTheDragon__botA.bc24,CyrilSharma.finalBot,1,A,b1budget,0,2000,MORE_FLAG_CAPTURES,0,-1,1172,3,0,0,0,0,0,0,13200,210,0,12,988,1160,15,0,129,299,598,500,ATK@600+HEAL@1200+CAP@1800
gauntlet/20261001-171058-scrim-b1budget/losses/CyrilSharma.finalBot__YearOfTheDragon__botA.bc24,CyrilSharma.finalBot,0,B,finalBot,1,2000,MORE_FLAG_CAPTURES,2,357,318,24,0,0,0,60,3,1,11975,10044,12,19,834,1031,0,0,156,621,500,598,ATK@600+HEAL@1200+CAP@1800
gauntlet/20261001-171058-scrim-b1budget/losses/Gymhgy.v10official__HeMustBeFreed__botB.bc24,Gymhgy.v10official,0,A,v10official,1,2000,LEVEL_SUM,2,480,363,31,26,3,6,43,91,3,4483,6677,7,0,631,1013,0,3,51,278,488,292,ATK@600+HEAL@1200+CAP@1800
gauntlet/20261001-171058-scrim-b1budget/losses/Gymhgy.v10official__HeMustBeFreed__botB.bc24,Gymhgy.v10official,1,B,b1budget,0,2000,LEVEL_SUM,2,705,378,11,0,0,0,0,5,0,3650,60,0,10,657,907,2,0,36,182,292,488,ATK@600+HEAL@1200+CAP@1800
gauntlet/20261001-171058-scrim-b1budget/losses/Gymhgy.v10official__GravitationalWaves__botA.bc24,Gymhgy.v10official,1,A,b1budget,0,2000,MORE_FLAG_CAPTURES,0,-1,322,2,0,0,0,0,5,0,5350,200,0,25,1072,1430,0,0,64,160,370,152,ATK@600+HEAL@1200+CAP@1800
gauntlet/20261001-171058-scrim-b1budget/losses/Gymhgy.v10official__GravitationalWaves__botA.bc24,Gymhgy.v10official,0,B,v10official,1,2000,MORE_FLAG_CAPTURES,1,570,380,49,15,3,18,79,58,1,2993,73,15,1,842,1772,14,1,33,182,152,370,ATK@600+HEAL@1200+CAP@1800
gauntlet/20261001-171058-scrim-b1budget/losses/Gymhgy.v10official__Starfish__botA.bc24,Gymhgy.v10official,1,A,b1budget,0,1171,CAPTURE,1,430,319,10,0,0,0,0,7,0,6290,210,0,34,808,1076,0,0,69,165,467,248,ATK@600
gauntlet/20261001-171058-scrim-b1budget/losses/Gymhgy.v10official__Starfish__botA.bc24,Gymhgy.v10official,0,B,v10official,1,1171,CAPTURE,3,504,381,62,30,3,12,21,193,2,152,19,3,14,649,915,0,2,0,72,248,467,ATK@600
gauntlet/20261001-171058-scrim-b1budget/losses/IvanGeffner.kuma__Alien__botA.bc24,IvanGeffner.kuma,1,A,b1budget,0,678,CAPTURE,0,-1,323,1,0,0,0,0,0,0,5700,260,0,17,1049,1458,5,0,65,95,97,149,ATK@600
gauntlet/20261001-171058-scrim-b1budget/losses/IvanGeffner.kuma__Alien__botA.bc24,IvanGeffner.kuma,0,B,kuma,1,678,CAPTURE,3,281,251,41,23,0,0,90,17,0,3735,1915,18,7,1018,1422,4,0,78,146,149,97,ATK@600
gauntlet/20261001-171058-scrim-b1budget/losses/IvanGeffner.kuma__BigDucksBigPond__botA.bc24,IvanGeffner.kuma,1,A,b1budget,0,1840,CAPTURE,0,-1,242,1,0,0,0,0,2,0,4140,280,0,3,892,1247,0,0,57,204,386,1093,ATK@600+HEAL@1200+CAP@1800
gauntlet/20261001-171058-scrim-b1budget/losses/IvanGeffner.kuma__BigDucksBigPond__botA.bc24,IvanGeffner.kuma,0,B,kuma,1,1840,CAPTURE,3,334,241,44,22,0,0,90,104,1,2905,2050,18,2,1025,1123,12,0,124,806,1093,386,ATK@600+HEAL@1200+CAP@1800
gauntlet/20261001-171058-scrim-b1budget/losses/Gymhgy.v10official__Starfish__botB.bc24,Gymhgy.v10official,0,A,v10official,1,2000,MORE_FLAG_CAPTURES,2,281,275,10,5,3,16,19,180,1,648,11,3,8,645,1018,0,1,1,182,434,817,ATK@600+HEAL@1200+CAP@1800
gauntlet/20261001-171058-scrim-b1budget/losses/Gymhgy.v10official__Starfish__botB.bc24,Gymhgy.v10official,1,B,b1budget,0,2000,MORE_FLAG_CAPTURES,1,542,467,4,0,0,0,0,6,0,6320,210,0,24,845,792,0,0,71,223,817,434,ATK@600+HEAL@1200+CAP@1800
gauntlet/20261001-171058-scrim-b1budget/losses/IvanGeffner.kuma__Capacitance__botA.bc24,IvanGeffner.kuma,1,A,b1budget,0,772,CAPTURE,1,342,325,1,0,0,0,0,0,0,6000,280,0,0,920,1309,0,0,76,113,136,184,ATK@600
gauntlet/20261001-171058-scrim-b1budget/losses/IvanGeffner.kuma__Capacitance__botA.bc24,IvanGeffner.kuma,0,B,kuma,1,772,CAPTURE,3,252,230,81,54,0,0,90,14,0,4125,1345,18,6,1107,1089,7,0,127,218,184,136,ATK@600
gauntlet/20261001-171058-scrim-b1budget/losses/IvanGeffner.kuma__Diagonal__botB.bc24,IvanGeffner.kuma,0,A,kuma,1,2000,LEVEL_SUM,0,-1,578,7,6,0,0,90,26,11,4215,2405,18,4,892,1055,7,0,112,428,369,208,ATK@600+HEAL@1200+CAP@1800
gauntlet/20261001-171058-scrim-b1budget/losses/IvanGeffner.kuma__Diagonal__botB.bc24,IvanGeffner.kuma,1,B,b1budget,0,2000,LEVEL_SUM,0,-1,0,0,0,0,0,0,1,0,6270,300,0,17,723,979,6,0,66,189,208,369,ATK@600+HEAL@1200+CAP@1800
gauntlet/20261001-171058-scrim-b1budget/losses/IvanGeffner.kuma__Randy__botB.bc24,IvanGeffner.kuma,0,A,kuma,1,2000,MORE_FLAG_CAPTURES,2,413,235,17,10,0,0,79,11,9,3251,2395,15,5,781,1088,6,0,88,318,306,275,ATK@600+HEAL@1200+CAP@1800
gauntlet/20261001-171058-scrim-b1budget/losses/IvanGeffner.kuma__Randy__botB.bc24,IvanGeffner.kuma,1,B,b1budget,0,2000,MORE_FLAG_CAPTURES,1,291,216,5,0,0,0,0,3,0,5710,210,0,19,889,1171,0,0,91,221,275,306,ATK@600+HEAL@1200+CAP@1800
gauntlet/20261001-171058-scrim-b1budget/losses/NotLLeon.v3__Decision__botB.bc24,NotLLeon.v3,0,A,v3,1,992,CAPTURE,3,495,253,34,7,0,0,0,38,0,3160,1380,0,5,745,925,0,0,55,132,176,157,ATK@600
gauntlet/20261001-171058-scrim-b1budget/losses/NotLLeon.v3__Decision__botB.bc24,NotLLeon.v3,1,B,b1budget,0,992,CAPTURE,0,-1,236,3,0,0,0,0,6,0,3220,190,0,3,737,993,1,0,35,78,157,176,ATK@600
gauntlet/20261001-171058-scrim-b1budget/losses/IvanGeffner.kuma__StackGame__botB.bc24,IvanGeffner.kuma,0,A,kuma,1,1828,CAPTURE,3,406,288,58,34,0,0,90,38,2,4205,2905,18,3,1179,1476,4,0,89,712,1095,448,ATK@600+HEAL@1200+CAP@1800
gauntlet/20261001-171058-scrim-b1budget/losses/IvanGeffner.kuma__StackGame__botB.bc24,IvanGeffner.kuma,1,B,b1budget,0,1828,CAPTURE,0,-1,0,0,0,0,0,0,0,0,5600,270,0,42,1090,1637,0,0,73,218,448,1095,ATK@600+HEAL@1200+CAP@1800
gauntlet/20261001-171058-scrim-b1budget/losses/NotLLeon.v3__Duck__botB.bc24,NotLLeon.v3,0,A,v3,1,1650,CAPTURE,3,393,272,62,7,0,0,0,21,0,4670,30,0,8,958,1187,0,0,72,234,292,460,ATK@600+HEAL@1200
gauntlet/20261001-171058-scrim-b1budget/losses/NotLLeon.v3__Duck__botB.bc24,NotLLeon.v3,1,B,b1budget,0,1650,CAPTURE,0,-1,533,5,0,0,0,0,0,0,5300,230,0,0,964,1265,7,0,57,168,460,292,ATK@600+HEAL@1200
gauntlet/20261001-171058-scrim-b1budget/losses/NotLLeon.v3__FloodGates__botA.bc24,NotLLeon.v3,1,A,b1budget,0,2000,MORE_FLAG_CAPTURES,0,-1,0,0,0,0,0,0,0,0,2900,1090,0,6,361,759,1,0,54,196,528,401,ATK@600+HEAL@1200+CAP@1800
gauntlet/20261001-171058-scrim-b1budget/losses/NotLLeon.v3__FloodGates__botA.bc24,NotLLeon.v3,0,B,v3,1,2000,MORE_FLAG_CAPTURES,1,934,813,7,0,0,0,0,3,0,2810,3460,0,6,413,671,0,0,21,207,401,528,ATK@600+HEAL@1200+CAP@1800
gauntlet/20261001-171058-scrim-b1budget/losses/NotLLeon.v3__Foxes__botB.bc24,NotLLeon.v3,0,A,v3,1,2000,MORE_FLAG_CAPTURES,2,520,329,27,11,0,0,0,2,0,9240,4270,0,10,917,922,0,0,119,352,411,319,ATK@600+HEAL@1200+CAP@1800
gauntlet/20261001-171058-scrim-b1budget/losses/NotLLeon.v3__Foxes__botB.bc24,NotLLeon.v3,1,B,b1budget,0,2000,MORE_FLAG_CAPTURES,1,426,311,11,0,0,0,0,0,0,9900,240,0,7,894,1245,13,0,99,253,319,411,ATK@600+HEAL@1200+CAP@1800
gauntlet/20261001-171058-scrim-b1budget/losses/SampleProvider.TSPAARKSPRINT1__EndAround__botB.bc24,SampleProvider.TSPAARKSPRINT1,0,A,TSPAARKSPRINT1,1,800,CAPTURE,3,407,326,12,0,3,58,0,133,4,510,30,0,2,276,634,12,28,0,48,49,120,ATK@600
gauntlet/20261001-171058-scrim-b1budget/losses/SampleProvider.TSPAARKSPRINT1__EndAround__botB.bc24,SampleProvider.TSPAARKSPRINT1,1,B,b1budget,0,800,CAPTURE,0,-1,289,7,0,0,0,0,1,0,3970,270,0,10,520,483,2,0,54,98,120,49,ATK@600
gauntlet/20261001-171058-scrim-b1budget/losses/NotLLeon.v3__Rainbow__botA.bc24,NotLLeon.v3,1,A,b1budget,0,1717,CAPTURE,2,775,714,7,0,0,0,0,4,0,8280,280,0,24,587,680,3,0,87,239,496,408,ATK@600+HEAL@1200
gauntlet/20261001-171058-scrim-b1budget/losses/NotLLeon.v3__Rainbow__botA.bc24,NotLLeon.v3,0,B,v3,1,1717,CAPTURE,3,644,318,84,14,0,0,0,17,0,7890,6740,0,5,664,656,0,0,94,318,408,496,ATK@600+HEAL@1200
gauntlet/20261001-171058-scrim-b1budget/losses/SampleProvider.TSPAARKSPRINT1__EndAround__botA.bc24,SampleProvider.TSPAARKSPRINT1,1,A,b1budget,0,1158,CAPTURE,0,-1,301,2,0,0,0,0,1,0,3970,260,0,0,986,729,2,0,86,191,304,114,ATK@600
gauntlet/20261001-171058-scrim-b1budget/losses/SampleProvider.TSPAARKSPRINT1__EndAround__botA.bc24,SampleProvider.TSPAARKSPRINT1,0,B,TSPAARKSPRINT1,1,1158,CAPTURE,3,723,280,47,0,3,60,0,137,6,190,10,0,10,427,806,2,23,3,46,114,304,ATK@600
gauntlet/20261001-171058-scrim-b1budget/losses/SampleProvider.TSPAARKSPRINT1__English__botA.bc24,SampleProvider.TSPAARKSPRINT1,1,A,b1budget,0,746,CAPTURE,2,496,281,10,0,0,0,0,0,0,9200,280,0,0,677,676,6,0,86,104,115,24,ATK@600
gauntlet/20261001-171058-scrim-b1budget/losses/SampleProvider.TSPAARKSPRINT1__English__botA.bc24,SampleProvider.TSPAARKSPRINT1,0,B,TSPAARKSPRINT1,1,746,CAPTURE,3,400,285,12,0,3,76,0,313,2,3710,20,0,10,421,896,0,28,3,35,24,115,ATK@600
gauntlet/20261001-171058-scrim-b1budget/losses/SampleProvider.TSPAARKSPRINT1__KingQuacksCastle__botB.bc24,SampleProvider.TSPAARKSPRINT1,0,A,TSPAARKSPRINT1,1,898,CAPTURE,3,640,291,41,0,3,40,0,40,6,2200,510,0,8,493,1566,13,33,10,50,88,128,ATK@600
gauntlet/20261001-171058-scrim-b1budget/losses/SampleProvider.TSPAARKSPRINT1__KingQuacksCastle__botB.bc24,SampleProvider.TSPAARKSPRINT1,1,B,b1budget,0,898,CAPTURE,0,-1,282,3,0,0,0,0,0,0,2800,240,0,5,1020,903,3,0,46,97,128,88,ATK@600
gauntlet/20261001-171058-scrim-b1budget/losses/Strequals.duck0127v5__Canals__botA.bc24,Strequals.duck0127v5,1,A,b1budget,0,695,CAPTURE,0,-1,509,1,0,0,0,0,0,0,7000,290,0,5,874,1512,5,0,69,96,48,152,ATK@600
gauntlet/20261001-171058-scrim-b1budget/losses/Strequals.duck0127v5__Canals__botA.bc24,Strequals.duck0127v5,0,B,duck0127v5,1,695,CAPTURE,3,436,401,10,0,0,0,90,42,8,4033,3303,18,5,1105,1499,0,3,116,185,152,48,ATK@600
gauntlet/20261001-171058-scrim-b1budget/losses/SampleProvider.TSPAARKSPRINT1__Swoop__botA.bc24,SampleProvider.TSPAARKSPRINT1,1,A,b1budget,0,1674,CAPTURE,2,1028,314,22,0,0,0,0,1,0,6670,260,0,16,1099,1066,5,0,69,271,607,174,ATK@600+HEAL@1200
gauntlet/20261001-171058-scrim-b1budget/losses/SampleProvider.TSPAARKSPRINT1__Swoop__botA.bc24,SampleProvider.TSPAARKSPRINT1,0,B,TSPAARKSPRINT1,1,1674,CAPTURE,3,670,231,81,0,3,39,0,95,4,3450,60,0,7,653,1397,5,25,8,91,174,607,ATK@600+CAP@1200
gauntlet/20261001-171058-scrim-b1budget/losses/Strequals.duck0127v5__Foxes__botB.bc24,Strequals.duck0127v5,0,A,duck0127v5,1,1025,CAPTURE,3,501,326,11,0,0,0,90,11,21,7188,6433,18,3,1109,1455,0,2,148,325,233,117,ATK@600
gauntlet/20261001-171058-scrim-b1budget/losses/Strequals.duck0127v5__Foxes__botB.bc24,Strequals.duck0127v5,1,B,b1budget,0,1025,CAPTURE,0,-1,565,10,0,0,0,0,0,0,9900,240,0,5,861,1503,10,0,96,135,117,233,ATK@600
gauntlet/20261001-171058-scrim-b1budget/losses/Strequals.duck0127v5__Divergent__botA.bc24,Strequals.duck0127v5,1,A,b1budget,0,2000,LEVEL_SUM,0,-1,263,2,0,0,0,0,0,0,6100,220,0,15,582,1045,3,0,69,212,210,432,ATK@600+HEAL@1200+CAP@1800
gauntlet/20261001-171058-scrim-b1budget/losses/Strequals.duck0127v5__Divergent__botA.bc24,Strequals.duck0127v5,0,B,duck0127v5,1,2000,LEVEL_SUM,0,-1,398,38,0,0,0,56,17,0,4650,3756,10,13,774,1066,0,1,68,404,432,210,ATK@600+HEAL@1200+CAP@1800
gauntlet/20261001-171058-scrim-b1budget/losses/Strequals.duck0127v5__Skyline__botB.bc24,Strequals.duck0127v5,0,A,duck0127v5,1,762,CAPTURE,3,390,365,10,0,0,0,90,68,31,19079,30439,18,18,960,1326,0,2,95,202,145,94,ATK@600
gauntlet/20261001-171058-scrim-b1budget/losses/Strequals.duck0127v5__Skyline__botB.bc24,Strequals.duck0127v5,1,B,b1budget,0,762,CAPTURE,0,-1,260,10,0,0,0,0,1,0,10470,150,0,13,908,1488,9,0,101,138,94,145,ATK@600
gauntlet/20261001-171058-scrim-b1budget/losses/Strequals.duck0127v5__Soccer__botA.bc24,Strequals.duck0127v5,1,A,b1budget,0,686,CAPTURE,0,-1,439,5,0,0,0,0,0,0,5400,260,0,5,830,1497,3,0,62,84,51,136,ATK@600
gauntlet/20261001-171058-scrim-b1budget/losses/Strequals.duck0127v5__Soccer__botA.bc24,Strequals.duck0127v5,0,B,duck0127v5,1,686,CAPTURE,3,421,370,8,0,0,0,90,54,3,2434,1859,18,3,1045,1481,0,3,67,154,136,51,ATK@600
gauntlet/20261001-171058-scrim-b1budget/losses/andli28.v9_USQuals_angle__AceOfSpades__botB.bc24,andli28.v9_USQuals_angle,0,A,v9_USQuals_angle,1,387,CAPTURE,3,305,235,8,0,0,0,90,13,10,1885,16365,18,13,962,1025,19,3,119,92,56,26,
gauntlet/20261001-171058-scrim-b1budget/losses/andli28.v9_USQuals_angle__AceOfSpades__botB.bc24,andli28.v9_USQuals_angle,1,B,b1budget,0,387,CAPTURE,0,-1,233,4,0,0,0,0,0,0,4200,220,0,0,833,1196,2,0,66,62,26,56,
gauntlet/20261001-171058-scrim-b1budget/losses/andli28.v9_USQuals_angle__Gated__botA.bc24,andli28.v9_USQuals_angle,1,A,b1budget,0,819,CAPTURE,0,-1,0,0,0,0,0,0,0,0,3900,220,0,8,840,1305,0,0,56,85,137,156,ATK@600
gauntlet/20261001-171058-scrim-b1budget/losses/andli28.v9_USQuals_angle__Gated__botA.bc24,andli28.v9_USQuals_angle,0,B,v9_USQuals_angle,1,819,CAPTURE,3,500,328,28,0,0,0,81,19,6,1639,1891,16,3,899,1248,0,5,70,154,156,137,ATK@600
gauntlet/20261001-171058-scrim-b1budget/losses/andli28.v9_USQuals_angle__QuestionableChess__botA.bc24,andli28.v9_USQuals_angle,1,A,b1budget,0,924,CAPTURE,0,-1,864,5,0,0,0,0,3,0,2310,210,0,12,822,1139,1,0,21,64,194,251,ATK@600
gauntlet/20261001-171058-scrim-b1budget/losses/andli28.v9_USQuals_angle__QuestionableChess__botA.bc24,andli28.v9_USQuals_angle,0,B,v9_USQuals_angle,1,924,CAPTURE,3,414,265,37,0,0,0,48,39,4,21,19,9,7,769,885,0,3,13,152,251,194,ATK@600
gauntlet/20261001-171058-scrim-b1budget/losses/andli28.v9_USQuals_angle__Funnel__botB.bc24,andli28.v9_USQuals_angle,0,A,v9_USQuals_angle,1,2000,MORE_FLAG_CAPTURES,2,684,238,48,0,0,0,89,12,11,2297,4144,18,4,1024,1201,7,4,89,561,865,359,ATK@600+HEAL@1200+CAP@1800
gauntlet/20261001-171058-scrim-b1budget/losses/andli28.v9_USQuals_angle__Funnel__botB.bc24,andli28.v9_USQuals_angle,1,B,b1budget,0,2000,MORE_FLAG_CAPTURES,0,-1,348,1,0,0,0,0,0,0,4600,230,0,4,925,1349,4,0,58,210,359,865,ATK@600+HEAL@1200+CAP@1800
gauntlet/20261001-171058-scrim-b1budget/losses/andli28.v9_USQuals_angle__SteamboatMickey__botB.bc24,andli28.v9_USQuals_angle,0,A,v9_USQuals_angle,1,907,CAPTURE,3,613,485,19,0,0,0,90,3,6,7870,15340,18,2,999,1347,12,3,83,344,265,134,ATK@600
gauntlet/20261001-171058-scrim-b1budget/losses/andli28.v9_USQuals_angle__SteamboatMickey__botB.bc24,andli28.v9_USQuals_angle,1,B,b1budget,0,907,CAPTURE,1,264,216,3,0,0,0,0,0,0,9700,220,0,16,1010,1647,0,0,145,190,134,265,ATK@600
gauntlet/20261001-171058-scrim-b1budget/losses/andli28.v9_USQuals_angle__Occulus__botA.bc24,andli28.v9_USQuals_angle,1,A,b1budget,0,2000,MORE_FLAG_CAPTURES,0,-1,0,0,0,0,0,0,0,0,4200,260,0,17,879,1611,2,0,52,211,363,667,ATK@600+HEAL@1200+CAP@1800
gauntlet/20261001-171058-scrim-b1budget/losses/andli28.v9_USQuals_angle__Occulus__botA.bc24,andli28.v9_USQuals_angle,0,B,v9_USQuals_angle,1,2000,MORE_FLAG_CAPTURES,2,896,859,11,0,0,0,72,10,9,2131,8307,15,7,975,1536,8,3,56,415,667,363,ATK@600+HEAL@1200+CAP@1800
gauntlet/20261001-171058-scrim-b1budget/losses/andrewgopher.player22__StackGame__botA.bc24,andrewgopher.player22,1,A,b1budget,0,434,CAPTURE,0,-1,399,1,0,0,0,0,1,0,5570,210,0,6,1045,1500,0,0,73,75,101,96,
gauntlet/20261001-171058-scrim-b1budget/losses/andrewgopher.player22__StackGame__botA.bc24,andrewgopher.player22,0,B,player22,1,434,CAPTURE,3,299,275,8,0,3,0,0,49,0,5530,3680,0,4,1357,800,9,0,87,80,96,101,
gauntlet/20261001-171058-scrim-b1budget/losses/andrewgopher.player22__Snake__botA.bc24,andrewgopher.player22,1,A,b1budget,0,1206,CAPTURE,0,-1,586,3,0,0,0,0,2,0,15440,293,0,16,886,1136,21,0,158,251,407,443,ATK@600+HEAL@1200
gauntlet/20261001-171058-scrim-b1budget/losses/andrewgopher.player22__Snake__botA.bc24,andrewgopher.player22,0,B,player22,1,1206,CAPTURE,3,517,431,21,6,3,0,0,148,0,11060,39520,0,5,859,666,30,0,38,390,443,407,ATK@600+HEAL@1200
gauntlet/20261001-171058-scrim-b1budget/losses/andrewgopher.player22__Divergent__botB.bc24,andrewgopher.player22,0,A,player22,1,2000,LEVEL_SUM,0,-1,545,5,0,3,0,0,64,0,4180,440,0,3,851,470,4,0,57,254,369,463,ATK@600+HEAL@1200+CAP@1800
gauntlet/20261001-171058-scrim-b1budget/losses/andrewgopher.player22__Divergent__botB.bc24,andrewgopher.player22,1,B,b1budget,0,2000,LEVEL_SUM,0,-1,0,0,0,0,0,0,0,0,6100,250,0,19,783,1221,1,0,74,207,463,369,ATK@600+HEAL@1200+CAP@1800
gauntlet/20261001-171058-scrim-b1budget/losses/andrewgopher.player22__WheresMyWater__botA.bc24,andrewgopher.player22,1,A,b1budget,0,1564,CAPTURE,0,-1,227,4,0,0,0,0,2,0,5340,190,0,0,1120,1470,0,0,76,188,507,721,ATK@600+HEAL@1200
gauntlet/20261001-171058-scrim-b1budget/losses/andrewgopher.player22__WheresMyWater__botA.bc24,andrewgopher.player22,0,B,player22,1,1564,CAPTURE,3,256,225,14,2,3,0,0,88,0,2760,80,0,2,1420,564,11,0,59,278,721,507,ATK@600+HEAL@1200
gauntlet/20261001-171058-scrim-b1budget/losses/andrewgopher.player22__Fountain__botA.bc24,andrewgopher.player22,1,A,b1budget,0,2000,MORE_FLAG_CAPTURES,1,979,560,3,0,0,0,0,3,0,4010,220,0,34,826,1288,0,0,54,206,754,466,ATK@600+HEAL@1200+CAP@1800
gauntlet/20261001-171058-scrim-b1budget/losses/andrewgopher.player22__Fountain__botA.bc24,andrewgopher.player22,0,B,player22,1,2000,MORE_FLAG_CAPTURES,2,502,363,21,2,3,0,0,65,0,2150,1860,0,2,868,588,2,0,24,171,466,754,ATK@600+HEAL@1200+CAP@1800
gauntlet/20261001-171058-scrim-b1budget/losses/andrewgopher.player22__Yinyang__botB.bc24,andrewgopher.player22,0,A,player22,1,822,CAPTURE,3,289,269,27,0,3,0,0,0,0,5300,40,0,3,1281,665,2,0,69,125,298,343,ATK@600
gauntlet/20261001-171058-scrim-b1budget/losses/andrewgopher.player22__Yinyang__botB.bc24,andrewgopher.player22,1,B,b1budget,0,822,CAPTURE,0,-1,0,0,0,0,0,0,0,0,5300,280,0,16,1009,1632,0,0,67,106,343,298,ATK@600
gauntlet/20261001-171058-scrim-b1budget/losses/chenyx512.flagbot_final__CH3353C4K3F4CT0RY__botB.bc24,chenyx512.flagbot_final,0,A,flagbot_final,1,835,CAPTURE,3,430,287,18,0,3,47,90,113,0,10661,9091,18,3,1100,1590,0,0,209,332,305,72,ATK@600
gauntlet/20261001-171058-scrim-b1budget/losses/chenyx512.flagbot_final__CH3353C4K3F4CT0RY__botB.bc24,chenyx512.flagbot_final,1,B,b1budget,0,835,CAPTURE,0,-1,246,1,0,0,0,0,0,0,15400,245,0,6,895,1333,18,0,140,185,72,305,ATK@600
gauntlet/20261001-171058-scrim-b1budget/losses/chenyx512.flagbot_final__Alligator__botA.bc24,chenyx512.flagbot_final,1,A,b1budget,0,1134,CAPTURE,0,-1,0,0,0,0,0,0,3,0,5610,210,0,21,965,1624,0,0,73,147,122,653,ATK@600
gauntlet/20261001-171058-scrim-b1budget/losses/chenyx512.flagbot_final__Alligator__botA.bc24,chenyx512.flagbot_final,0,B,flagbot_final,1,1134,CAPTURE,3,332,296,10,0,3,43,90,142,4,20,3810,18,3,1150,1673,0,0,114,371,653,122,ATK@600
gauntlet/20261001-171058-scrim-b1budget/losses/chenyx512.flagbot_final__Bunkers__botA.bc24,chenyx512.flagbot_final,1,A,b1budget,0,497,CAPTURE,1,358,320,5,0,0,0,0,0,0,5200,270,0,16,1024,1612,6,0,57,55,23,84,
gauntlet/20261001-171058-scrim-b1budget/losses/chenyx512.flagbot_final__Bunkers__botA.bc24,chenyx512.flagbot_final,0,B,flagbot_final,1,497,CAPTURE,3,388,359,16,0,3,55,90,116,0,403,83,18,3,1232,1897,0,0,49,70,84,23,
gauntlet/20261001-171058-scrim-b1budget/losses/chenyx512.flagbot_final__OceanFloor__botB.bc24,chenyx512.flagbot_final,0,A,flagbot_final,1,597,CAPTURE,3,299,248,12,0,3,53,90,81,0,135,35,18,4,944,1386,0,0,36,37,85,35,
gauntlet/20261001-171058-scrim-b1budget/losses/chenyx512.flagbot_final__OceanFloor__botB.bc24,chenyx512.flagbot_final,1,B,b1budget,0,597,CAPTURE,0,-1,302,15,0,0,0,0,0,0,3800,210,0,0,827,1125,2,0,46,61,35,85,
gauntlet/20261001-171058-scrim-b1budget/losses/chenyx512.flagbot_final__KingQuacksCastle__botB.bc24,chenyx512.flagbot_final,0,A,flagbot_final,1,751,CAPTURE,3,405,327,15,0,3,37,90,82,0,303,3878,18,2,1001,1494,0,0,137,224,247,41,ATK@600
gauntlet/20261001-171058-scrim-b1budget/losses/chenyx512.flagbot_final__KingQuacksCastle__botB.bc24,chenyx512.flagbot_final,1,B,b1budget,0,751,CAPTURE,1,281,231,4,0,0,0,0,1,0,3070,280,0,19,884,1324,2,0,58,92,41,247,ATK@600
gauntlet/20261001-171058-scrim-b1budget/losses/dmtrung14.defaultplayer_intlqualifier__Foxes__botB.bc24,dmtrung14.defaultplayer_intlqualifier,0,A,defaultplayer_intlqualifier,1,432,CAPTURE,3,271,237,38,31,3,40,0,20,23,6100,5770,0,3,345,1053,6,43,29,65,21,80,
gauntlet/20261001-171058-scrim-b1budget/losses/dmtrung14.defaultplayer_intlqualifier__Foxes__botB.bc24,dmtrung14.defaultplayer_intlqualifier,1,B,b1budget,0,432,CAPTURE,0,-1,0,0,0,0,0,0,0,0,9900,180,0,2,978,410,9,0,84,62,80,21,
gauntlet/20261001-171058-scrim-b1budget/losses/clbarrell.duck8__Mountain__botB.bc24,clbarrell.duck8,0,A,duck8,1,2000,MORE_FLAG_CAPTURES,1,256,232,13,0,0,0,0,9,46,150,70,3,13,853,814,16,0,69,193,421,1032,ATK@750+HEAL@1500
gauntlet/20261001-171058-scrim-b1budget/losses/clbarrell.duck8__Mountain__botB.bc24,clbarrell.duck8,1,B,b1budget,0,2000,MORE_FLAG_CAPTURES,0,-1,987,1,0,0,0,0,0,0,6500,160,0,0,1050,1192,0,0,79,255,1032,421,ATK@600+HEAL@1200+CAP@1800
gauntlet/20261001-171058-scrim-b1budget/losses/dmtrung14.defaultplayer_intlqualifier__GaltonBoard__botB.bc24,dmtrung14.defaultplayer_intlqualifier,0,A,defaultplayer_intlqualifier,1,2000,MORE_FLAG_CAPTURES,2,341,299,25,16,3,5,0,11,14,70,2020,0,1,408,757,6,27,9,93,73,1267,ATK@600+HEAL@1200+CAP@1800
gauntlet/20261001-171058-scrim-b1budget/losses/dmtrung14.defaultplayer_intlqualifier__GaltonBoard__botB.bc24,dmtrung14.defaultplayer_intlqualifier,1,B,b1budget,0,2000,MORE_FLAG_CAPTURES,1,1853,269,22,0,0,0,0,0,0,2400,170,0,32,1292,742,0,0,54,240,1267,73,ATK@600+HEAL@1200+CAP@1800
gauntlet/20261001-171058-scrim-b1budget/losses/dmtrung14.defaultplayer_intlqualifier__OceanFloor__botB.bc24,dmtrung14.defaultplayer_intlqualifier,0,A,defaultplayer_intlqualifier,1,1102,CAPTURE,3,361,246,74,52,3,17,0,60,11,100,70,0,6,275,664,5,14,7,66,32,686,ATK@600
gauntlet/20261001-171058-scrim-b1budget/losses/dmtrung14.defaultplayer_intlqualifier__OceanFloor__botB.bc24,dmtrung14.defaultplayer_intlqualifier,1,B,b1budget,0,1102,CAPTURE,2,532,241,13,0,0,0,0,0,0,3800,210,0,1,1358,468,3,0,57,144,686,32,ATK@600
gauntlet/20261001-171058-scrim-b1budget/losses/clbarrell.duck8__Whirlpool__botA.bc24,clbarrell.duck8,1,A,b1budget,0,2000,MORE_FLAG_CAPTURES,0,-1,0,0,0,0,0,0,2,0,4140,190,0,19,961,872,0,0,61,165,924,448,ATK@600+HEAL@1200+CAP@1800
gauntlet/20261001-171058-scrim-b1budget/losses/clbarrell.duck8__Whirlpool__botA.bc24,clbarrell.duck8,0,B,duck8,1,2000,MORE_FLAG_CAPTURES,2,479,350,30,0,0,0,0,51,31,50,610,3,5,744,910,6,0,70,221,448,924,ATK@750+HEAL@1500
gauntlet/20261001-171058-scrim-b1budget/losses/hsmalladi.finalbot__HungerGames__botB.bc24,hsmalladi.finalbot,0,A,finalbot,1,350,CAPTURE,3,298,259,13,5,3,20,10,17,0,2392,9952,1,1,772,813,0,3,190,153,45,17,
gauntlet/20261001-171058-scrim-b1budget/losses/hsmalladi.finalbot__HungerGames__botB.bc24,hsmalladi.finalbot,1,B,b1budget,0,350,CAPTURE,0,-1,0,0,0,0,0,0,0,0,3000,260,0,5,578,794,3,0,76,75,17,45,
gauntlet/20261001-171058-scrim-b1budget/losses/hsmalladi.finalbot__BreadPudding__botB.bc24,hsmalladi.finalbot,0,A,finalbot,1,1097,CAPTURE,3,403,305,58,10,3,21,60,52,0,2500,100,12,2,762,971,4,5,42,138,243,312,ATK@600
gauntlet/20261001-171058-scrim-b1budget/losses/hsmalladi.finalbot__BreadPudding__botB.bc24,hsmalladi.finalbot,1,B,b1budget,0,1097,CAPTURE,1,712,231,6,0,0,0,0,2,0,4340,230,0,23,795,1040,3,0,50,109,312,243,ATK@600
gauntlet/20261001-171058-scrim-b1budget/losses/hsmalladi.finalbot__Puzzle__botA.bc24,hsmalladi.finalbot,1,A,b1budget,0,817,CAPTURE,0,-1,347,5,0,0,0,0,0,0,2400,260,0,7,699,904,2,0,78,93,173,145,ATK@600
gauntlet/20261001-171058-scrim-b1budget/losses/hsmalladi.finalbot__Puzzle__botA.bc24,hsmalladi.finalbot,0,B,finalbot,1,817,CAPTURE,3,326,255,38,12,3,27,0,75,0,150,7510,0,0,756,734,0,2,151,185,145,173,ATK@600
gauntlet/20261001-171058-scrim-b1budget/losses/hsmalladi.finalbot__StackGame__botA.bc24,hsmalladi.finalbot,1,A,b1budget,0,454,CAPTURE,1,422,378,2,0,0,0,0,1,0,5570,280,0,23,1051,1552,0,0,76,78,94,62,
gauntlet/20261001-171058-scrim-b1budget/losses/hsmalladi.finalbot__StackGame__botA.bc24,hsmalladi.finalbot,0,B,finalbot,1,454,CAPTURE,3,299,253,31,14,3,23,60,58,0,4374,69,12,0,1032,952,16,3,58,76,62,94,
gauntlet/20261001-171058-scrim-b1budget/losses/jmerle.camel_case_v21_final__HungerGames__botB.bc24,jmerle.camel_case_v21_final,0,A,camel_case_v21_final,1,401,CAPTURE,3,326,283,5,0,0,0,0,1,0,2970,13620,0,0,1350,572,0,0,221,201,109,57,
gauntlet/20261001-171058-scrim-b1budget/losses/jmerle.camel_case_v21_final__HungerGames__botB.bc24,jmerle.camel_case_v21_final,1,B,b1budget,0,401,CAPTURE,0,-1,219,2,0,0,0,0,2,0,2940,260,0,13,715,1070,3,0,69,70,57,109,
gauntlet/20261001-171058-scrim-b1budget/losses/jmerle.camel_case_v21_final__Hurricane__botA.bc24,jmerle.camel_case_v21_final,1,A,b1budget,0,573,CAPTURE,0,-1,208,7,0,0,0,0,4,0,6780,210,0,21,564,793,4,0,69,70,95,75,
gauntlet/20261001-171058-scrim-b1budget/losses/jmerle.camel_case_v21_final__Hurricane__botA.bc24,jmerle.camel_case_v21_final,0,B,camel_case_v21_final,1,573,CAPTURE,3,368,241,11,0,0,0,0,52,4,4940,4150,0,9,758,346,0,0,56,85,75,95,
gauntlet/20261001-171058-scrim-b1budget/losses/jmerle.camel_case_v21_final__GravitationalWaves__botB.bc24,jmerle.camel_case_v21_final,0,A,camel_case_v21_final,1,2000,MORE_FLAG_CAPTURES,2,955,613,12,0,0,0,0,75,0,3850,2740,0,4,1049,930,0,0,41,264,481,626,ATK@600+HEAL@1200+CAP@1800
gauntlet/20261001-171058-scrim-b1budget/losses/jmerle.camel_case_v21_final__GravitationalWaves__botB.bc24,jmerle.camel_case_v21_final,1,B,b1budget,0,2000,MORE_FLAG_CAPTURES,0,-1,0,0,0,0,0,0,4,0,5380,270,0,18,806,1610,0,0,68,175,626,481,ATK@600+HEAL@1200+CAP@1800
gauntlet/20261001-171058-scrim-b1budget/losses/jmerle.camel_case_v21_final__OceanFloor__botB.bc24,jmerle.camel_case_v21_final,0,A,camel_case_v21_final,1,465,CAPTURE,3,323,235,6,0,0,0,0,12,9,2540,1340,0,2,1095,482,0,0,59,64,70,105,
gauntlet/20261001-171058-scrim-b1budget/losses/jmerle.camel_case_v21_final__OceanFloor__botB.bc24,jmerle.camel_case_v21_final,1,B,b1budget,0,465,CAPTURE,0,-1,215,4,0,0,0,0,0,0,3800,280,0,0,785,1274,3,0,54,45,105,70,
gauntlet/20261001-171058-scrim-b1budget/losses/hsmalladi.finalbot__TwistedTreeline__botA.bc24,hsmalladi.finalbot,1,A,b1budget,0,2000,MORE_FLAG_CAPTURES,0,-1,1028,3,0,0,0,0,11,0,4470,240,0,27,374,672,2,0,48,204,517,414,ATK@600+HEAL@1200+CAP@1800
gauntlet/20261001-171058-scrim-b1budget/losses/hsmalladi.finalbot__TwistedTreeline__botA.bc24,hsmalladi.finalbot,0,B,finalbot,1,2000,MORE_FLAG_CAPTURES,1,1059,465,21,1,3,17,45,71,0,1922,102,8,0,378,527,0,3,31,300,414,517,ATK@600+HEAL@1200+CAP@1800
gauntlet/20261001-171058-scrim-b1budget/losses/jmerle.camel_case_v21_final__Starfish__botB.bc24,jmerle.camel_case_v21_final,0,A,camel_case_v21_final,1,553,CAPTURE,3,256,233,11,0,0,0,0,216,0,20,20,0,3,1017,150,0,0,2,20,124,253,
gauntlet/20261001-171058-scrim-b1budget/losses/jmerle.camel_case_v21_final__Starfish__botB.bc24,jmerle.camel_case_v21_final,1,B,b1budget,0,553,CAPTURE,1,357,296,3,0,0,0,0,3,0,6410,30,0,6,1176,1231,0,0,73,89,253,124,
gauntlet/20261001-171058-scrim-b1budget/losses/jonters.bling3__Alien__botA.bc24,jonters.bling3,1,A,b1budget,0,593,CAPTURE,0,-1,318,16,0,0,0,0,1,0,5670,230,0,10,1262,1459,0,0,78,88,147,81,
gauntlet/20261001-171058-scrim-b1budget/losses/jonters.bling3__Alien__botA.bc24,jonters.bling3,0,B,bling3,1,593,CAPTURE,3,282,238,13,0,0,0,0,10,17,2000,1330,0,11,848,1507,32,0,0,54,81,147,
gauntlet/20261001-171058-scrim-b1budget/losses/kyleezz.jeeryfix3__Skyline__botA.bc24,kyleezz.jeeryfix3,1,A,b1budget,0,975,CAPTURE,0,-1,233,3,0,0,0,0,2,0,11640,296,0,19,1306,1481,11,0,141,191,438,273,ATK@600
gauntlet/20261001-171058-scrim-b1budget/losses/kyleezz.jeeryfix3__Skyline__botA.bc24,kyleezz.jeeryfix3,0,B,jeeryfix3,1,975,CAPTURE,3,413,326,15,0,0,0,0,179,11,17530,15350,0,1,1073,1153,0,0,116,193,273,438,ATK@600
gauntlet/20261001-171058-scrim-b1budget/losses/jonters.bling3__Randy__botB.bc24,jonters.bling3,0,A,bling3,1,2000,MORE_FLAG_CAPTURES,2,308,216,11,0,0,0,0,6,6,4420,5400,0,14,611,1250,43,0,10,149,308,739,ATK@600+HEAL@1200+CAP@1800
gauntlet/20261001-171058-scrim-b1budget/losses/jonters.bling3__Randy__botB.bc24,jonters.bling3,1,B,b1budget,0,2000,MORE_FLAG_CAPTURES,0,-1,221,20,0,0,0,0,0,0,5800,250,0,12,990,1271,0,0,70,289,739,308,ATK@600+HEAL@1200+CAP@1800
gauntlet/20261001-171058-scrim-b1budget/losses/jonters.bling3__Whirlpool__botB.bc24,jonters.bling3,0,A,bling3,1,2000,LEVEL_SUM,1,325,268,2,0,0,0,0,98,5,1260,2580,0,2,446,952,21,0,3,83,192,164,ATK@600+HEAL@1200+CAP@1800
gauntlet/20261001-171058-scrim-b1budget/losses/jonters.bling3__Whirlpool__botB.bc24,jonters.bling3,1,B,b1budget,0,2000,LEVEL_SUM,1,1497,990,3,0,0,0,0,2,0,4140,330,0,29,549,617,0,0,52,117,164,192,ATK@600+HEAL@1200+CAP@1800
gauntlet/20261001-171058-scrim-b1budget/losses/quesswho.cretplayer2_3__Battlefield__botB.bc24,quesswho.cretplayer2_3,0,A,cretplayer2_3,1,275,CAPTURE,3,256,226,21,0,3,7,0,39,0,4930,850,0,16,459,260,0,5,43,38,28,54,
gauntlet/20261001-171058-scrim-b1budget/losses/quesswho.cretplayer2_3__Battlefield__botB.bc24,quesswho.cretplayer2_3,1,B,b1budget,0,275,CAPTURE,0,-1,0,0,0,0,0,0,0,0,4700,230,0,0,569,397,0,0,56,34,54,28,
gauntlet/20261001-171058-scrim-b1budget/losses/kyleezz.jeeryfix3__Hurricane__botB.bc24,kyleezz.jeeryfix3,0,A,jeeryfix3,1,2000,MORE_FLAG_CAPTURES,2,760,218,14,0,0,0,0,181,0,1470,1320,0,5,639,364,0,0,20,92,84,341,ATK@600+CAP@1200+HEAL@1800
gauntlet/20261001-171058-scrim-b1budget/losses/kyleezz.jeeryfix3__Hurricane__botB.bc24,kyleezz.jeeryfix3,1,B,b1budget,0,2000,MORE_FLAG_CAPTURES,0,-1,208,17,0,0,0,0,2,0,6840,150,0,13,632,771,4,0,86,167,341,84,ATK@600+HEAL@1200+CAP@1800
gauntlet/20261001-171058-scrim-b1budget/losses/kyleezz.jeeryfix3__YearOfTheDragon__botB.bc24,kyleezz.jeeryfix3,0,A,jeeryfix3,1,2000,MORE_FLAG_CAPTURES,2,267,225,11,0,0,0,0,28,10,11360,9450,0,3,789,824,0,0,83,375,433,858,ATK@600+CAP@1200+HEAL@1800
gauntlet/20261001-171058-scrim-b1budget/losses/kyleezz.jeeryfix3__YearOfTheDragon__botB.bc24,kyleezz.jeeryfix3,1,B,b1budget,0,2000,MORE_FLAG_CAPTURES,1,266,232,1,0,0,0,0,0,0,13200,235,0,2,1019,1237,12,0,133,288,858,433,ATK@600+HEAL@1200+CAP@1800
gauntlet/20261001-171058-scrim-b1budget/losses/quesswho.cretplayer2_3__Canals__botA.bc24,quesswho.cretplayer2_3,1,A,b1budget,0,807,CAPTURE,0,-1,261,4,0,0,0,0,0,0,7000,210,0,0,943,1035,3,0,83,139,200,181,ATK@600
gauntlet/20261001-171058-scrim-b1budget/losses/quesswho.cretplayer2_3__Canals__botA.bc24,quesswho.cretplayer2_3,0,B,cretplayer2_3,1,807,CAPTURE,3,371,253,22,0,3,25,0,0,0,7000,950,0,3,940,1263,0,4,76,127,181,200,ATK@600
gauntlet/20261001-171058-scrim-b1budget/losses/quesswho.cretplayer2_3__KingQuacksCastle__botB.bc24,quesswho.cretplayer2_3,0,A,cretplayer2_3,1,577,CAPTURE,3,350,244,20,0,3,44,0,28,0,3160,970,0,3,847,615,0,5,81,101,145,143,
gauntlet/20261001-171058-scrim-b1budget/losses/quesswho.cretplayer2_3__KingQuacksCastle__botB.bc24,quesswho.cretplayer2_3,1,B,b1budget,0,577,CAPTURE,0,-1,372,6,0,0,0,0,1,0,3070,580,0,0,917,881,2,0,55,62,143,145,
gauntlet/20261001-171058-scrim-b1budget/losses/quesswho.cretplayer2_3__OceanFloor__botA.bc24,quesswho.cretplayer2_3,1,A,b1budget,0,559,CAPTURE,0,-1,295,4,0,0,0,0,0,0,3800,290,0,1,758,892,3,0,53,54,126,49,
gauntlet/20261001-171058-scrim-b1budget/losses/quesswho.cretplayer2_3__OceanFloor__botA.bc24,quesswho.cretplayer2_3,0,B,cretplayer2_3,1,559,CAPTURE,3,327,230,8,0,3,50,0,27,0,2990,1010,0,2,514,568,0,4,20,26,49,126,
gauntlet/20261001-171058-scrim-b1budget/losses/quesswho.cretplayer2_3__Tunnels__botB.bc24,quesswho.cretplayer2_3,0,A,cretplayer2_3,1,699,CAPTURE,3,298,256,35,0,3,18,0,57,0,3090,900,0,12,796,754,0,4,43,79,121,308,ATK@600
gauntlet/20261001-171058-scrim-b1budget/losses/quesswho.cretplayer2_3__Tunnels__botB.bc24,quesswho.cretplayer2_3,1,B,b1budget,0,699,CAPTURE,0,-1,326,4,0,0,0,0,4,0,4680,170,0,0,1167,1187,0,0,64,89,308,121,ATK@600
gauntlet/20261001-171058-scrim-b1budget/losses/winkelmantanner.waffle__Islands__botA.bc24,winkelmantanner.waffle,1,A,b1budget,0,659,CAPTURE,1,612,351,6,0,0,0,0,0,0,6100,250,0,1,1138,1501,12,0,66,115,249,104,ATK@600
gauntlet/20261001-171058-scrim-b1budget/losses/winkelmantanner.waffle__Islands__botA.bc24,winkelmantanner.waffle,0,B,waffle,1,659,CAPTURE,3,347,236,30,0,0,0,0,38,67,400,133,4,6,999,797,0,0,92,112,104,249,ATK@600
gauntlet/20261001-171058-scrim-b1budget/losses/winkelmantanner.waffle__StackGame__botB.bc24,winkelmantanner.waffle,0,A,waffle,1,509,CAPTURE,3,337,272,11,0,0,0,0,26,7,5520,2710,0,3,1050,1200,0,0,94,87,69,138,
gauntlet/20261001-171058-scrim-b1budget/losses/winkelmantanner.waffle__StackGame__botB.bc24,winkelmantanner.waffle,1,B,b1budget,0,509,CAPTURE,0,-1,0,0,0,0,0,0,1,0,5770,280,0,14,1203,1413,3,0,68,74,138,69,
gauntlet/20261001-171058-scrim-b1budget/losses/winkelmantanner.waffle__Whirlpool__botB.bc24,winkelmantanner.waffle,0,A,waffle,1,1439,CAPTURE,3,374,321,21,0,0,0,0,51,13,2370,4770,0,14,780,1223,0,0,84,188,270,482,ATK@600+HEAL@1200
gauntlet/20261001-171058-scrim-b1budget/losses/winkelmantanner.waffle__Whirlpool__botB.bc24,winkelmantanner.waffle,1,B,b1budget,0,1439,CAPTURE,0,-1,0,0,0,0,0,0,4,0,4080,260,0,18,879,1203,0,0,52,139,482,270,ATK@600+HEAL@1200
gauntlet/20261001-171058-scrim-b1budget/replays/ColtG5.Goob_final__BigDucksBigPond__botB.bc24,ColtG5.Goob_final,0,A,Goob_final,0,1831,CAPTURE,1,294,232,11,0,0,0,0,109,0,2630,2250,0,14,1034,793,12,0,92,269,438,1294,ATK@600+HEAL@1200+CAP@1800
gauntlet/20261001-171058-scrim-b1budget/replays/ColtG5.Goob_final__BigDucksBigPond__botB.bc24,ColtG5.Goob_final,1,B,b1budget,1,1831,CAPTURE,3,1500,1380,10,0,0,0,0,2,0,4140,210,0,0,1104,1166,2,0,58,395,1294,438,ATK@600+HEAL@1200+CAP@1800
gauntlet/20261001-171058-scrim-b1budget/replays/ColtG5.Goob_final__OceanFloor__botA.bc24,ColtG5.Goob_final,1,A,b1budget,1,2000,LEVEL_SUM,2,688,475,7,0,0,0,0,0,0,3800,300,0,1,1202,1310,8,0,48,319,1259,418,ATK@600+HEAL@1200+CAP@1800
gauntlet/20261001-171058-scrim-b1budget/replays/ColtG5.Goob_final__OceanFloor__botA.bc24,ColtG5.Goob_final,0,B,Goob_final,0,2000,LEVEL_SUM,2,321,242,18,0,0,0,0,40,0,2600,100,0,5,951,690,0,0,44,272,418,1259,ATK@600+HEAL@1200+CAP@1800
gauntlet/20261001-171058-scrim-b1budget/replays/ColtG5.Goob_final__DefaultLarge__botA.bc24,ColtG5.Goob_final,1,A,b1budget,1,2000,MORE_FLAG_CAPTURES,1,1237,456,13,0,0,0,0,0,0,4200,300,0,4,1313,1616,2,0,84,542,1577,397,ATK@600+HEAL@1200+CAP@1800
gauntlet/20261001-171058-scrim-b1budget/replays/ColtG5.Goob_final__DefaultLarge__botA.bc24,ColtG5.Goob_final,0,B,Goob_final,0,2000,MORE_FLAG_CAPTURES,0,-1,361,6,0,0,0,0,47,0,2790,820,0,4,992,750,12,0,63,245,397,1577,ATK@600+HEAL@1200+CAP@1800
gauntlet/20261001-171058-scrim-b1budget/replays/CyrilSharma.finalBot__DefaultLarge__botA.bc24,CyrilSharma.finalBot,1,A,b1budget,1,2000,MORE_BREAD,0,-1,0,0,0,0,0,0,0,0,4200,270,0,4,1022,1148,2,0,66,196,550,550,ATK@600+HEAL@1200+CAP@1800
gauntlet/20261001-171058-scrim-b1budget/replays/CyrilSharma.finalBot__DefaultLarge__botA.bc24,CyrilSharma.finalBot,0,B,finalBot,0,2000,MORE_BREAD,0,-1,1850,2,0,0,0,60,5,0,2985,5269,12,4,1022,1223,0,0,162,585,550,550,ATK@600+HEAL@1200+CAP@1800
gauntlet/20261001-171058-scrim-b1budget/replays/Gymhgy.v10official__Diagonal__botA.bc24,Gymhgy.v10official,1,A,b1budget,1,2000,LEVEL_SUM,0,-1,288,1,0,0,0,0,1,0,6270,220,0,14,570,673,3,0,72,246,242,138,ATK@600+HEAL@1200+CAP@1800
gauntlet/20261001-171058-scrim-b1budget/replays/Gymhgy.v10official__Diagonal__botA.bc24,Gymhgy.v10official,0,B,v10official,0,2000,LEVEL_SUM,0,-1,245,33,18,3,9,71,21,2,5502,3002,14,5,451,656,9,2,77,190,138,242,ATK@600+HEAL@1200+CAP@1800
gauntlet/20261001-171058-scrim-b1budget/replays/awu7.ExplosiveBot__Alligator__botA.bc24,awu7.ExplosiveBot,1,A,b1budget,1,976,CAPTURE,3,923,238,20,0,0,0,0,2,0,5640,350,0,14,1064,1312,0,0,79,157,503,92,ATK@600
gauntlet/20261001-171058-scrim-b1budget/replays/awu7.ExplosiveBot__Alligator__botA.bc24,awu7.ExplosiveBot,0,B,ExplosiveBot,0,976,CAPTURE,0,-1,319,7,3,0,0,0,69,10,2530,6760,0,22,782,841,5,0,34,76,92,503,ATK@600
gauntlet/20261001-171058-scrim-b1budget/replays/SampleProvider.TSPAARKSPRINT1__WheresMyWater__botB.bc24,SampleProvider.TSPAARKSPRINT1,0,A,TSPAARKSPRINT1,0,2000,MORE_FLAG_CAPTURES,1,373,300,14,0,3,2,0,169,3,30,30,0,21,588,1709,2,16,1,55,103,1204,ATK@600+CAP@1200+HEAL@1800
gauntlet/20261001-171058-scrim-b1budget/replays/SampleProvider.TSPAARKSPRINT1__WheresMyWater__botB.bc24,SampleProvider.TSPAARKSPRINT1,1,B,b1budget,1,2000,MORE_FLAG_CAPTURES,2,237,223,8,0,0,0,0,1,0,5370,250,0,25,1265,1009,0,0,80,494,1204,103,ATK@600+HEAL@1200+CAP@1800
gauntlet/20261001-171058-scrim-b1budget/replays/NotLLeon.v3__Hurricane__botB.bc24,NotLLeon.v3,0,A,v3,0,2000,LEVEL_SUM,0,-1,238,74,0,0,0,0,51,0,5370,2550,0,6,660,750,0,0,70,144,103,194,ATK@600+HEAL@1200+CAP@1800
gauntlet/20261001-171058-scrim-b1budget/replays/NotLLeon.v3__Hurricane__botB.bc24,NotLLeon.v3,1,B,b1budget,1,2000,LEVEL_SUM,0,-1,320,17,0,0,0,0,0,0,6900,250,0,1,663,865,4,0,71,194,194,103,ATK@600+HEAL@1200+CAP@1800
gauntlet/20261001-171058-scrim-b1budget/replays/awu7.ExplosiveBot__Canals__botA.bc24,awu7.ExplosiveBot,1,A,b1budget,1,1541,CAPTURE,3,537,501,19,0,0,0,0,0,0,7000,190,0,1,1123,1300,3,0,77,431,1232,164,ATK@600+HEAL@1200
gauntlet/20261001-171058-scrim-b1budget/replays/awu7.ExplosiveBot__Canals__botA.bc24,awu7.ExplosiveBot,0,B,ExplosiveBot,0,1541,CAPTURE,0,-1,283,66,25,0,0,0,0,15,4900,110,0,5,715,282,36,0,11,121,164,1232,ATK@600+HEAL@1200
gauntlet/20261001-171058-scrim-b1budget/replays/awu7.ExplosiveBot__Capacitance__botB.bc24,awu7.ExplosiveBot,0,A,ExplosiveBot,0,2000,MORE_FLAG_CAPTURES,0,-1,350,59,22,0,0,0,28,8,4160,2840,0,17,604,601,40,0,9,127,205,1265,ATK@600+HEAL@1200
gauntlet/20261001-171058-scrim-b1budget/replays/awu7.ExplosiveBot__Capacitance__botB.bc24,awu7.ExplosiveBot,1,B,b1budget,1,2000,MORE_FLAG_CAPTURES,1,697,681,8,0,0,0,0,0,0,6000,270,0,20,897,1110,0,0,78,362,1265,205,ATK@600+HEAL@1200+CAP@1800
gauntlet/20261001-171058-scrim-b1budget/replays/chenyx512.flagbot_final__Intercontinental__botA.bc24,chenyx512.flagbot_final,1,A,b1budget,1,458,CAPTURE,3,372,316,3,0,0,0,0,7,0,4590,20,0,7,708,1052,2,0,41,43,26,26,
gauntlet/20261001-171058-scrim-b1budget/replays/chenyx512.flagbot_final__Intercontinental__botA.bc24,chenyx512.flagbot_final,0,B,flagbot_final,0,458,CAPTURE,1,382,326,4,0,3,26,81,125,0,38,33,16,4,706,1081,0,0,5,7,26,26,
gauntlet/20261001-171058-scrim-b1budget/replays/awu7.ExplosiveBot__GaltonBoard__botA.bc24,awu7.ExplosiveBot,1,A,b1budget,1,1822,CAPTURE,3,592,266,15,0,0,0,0,0,0,2400,300,0,2,1384,1484,1,0,73,334,1821,190,ATK@600+HEAL@1200+CAP@1800
gauntlet/20261001-171058-scrim-b1budget/replays/awu7.ExplosiveBot__GaltonBoard__botA.bc24,awu7.ExplosiveBot,0,B,ExplosiveBot,0,1822,CAPTURE,0,-1,267,6,3,0,0,0,12,9,1140,870,0,16,873,1050,9,0,14,66,190,1821,ATK@600+HEAL@1200
gauntlet/20261001-171058-scrim-b1budget/replays/awu7.ExplosiveBot__Joker__botB.bc24,awu7.ExplosiveBot,0,A,ExplosiveBot,0,1780,CAPTURE,1,604,309,48,19,0,0,0,36,9,14920,15620,0,32,713,634,35,0,33,189,235,1223,ATK@600+HEAL@1200
gauntlet/20261001-171058-scrim-b1budget/replays/awu7.ExplosiveBot__Joker__botB.bc24,awu7.ExplosiveBot,1,B,b1budget,1,1780,CAPTURE,3,411,328,11,0,0,0,0,0,0,16900,1040,0,3,1301,1328,11,0,258,478,1223,235,ATK@600+HEAL@1200
gauntlet/20261001-171058-scrim-b1budget/replays/awu7.ExplosiveBot__Klein__botB.bc24,awu7.ExplosiveBot,0,A,ExplosiveBot,0,2000,MORE_FLAG_CAPTURES,0,-1,1007,3,0,0,0,0,239,9,30,20,0,7,659,556,0,0,11,121,231,1563,ATK@600+HEAL@1200
gauntlet/20261001-171058-scrim-b1budget/replays/awu7.ExplosiveBot__Klein__botB.bc24,awu7.ExplosiveBot,1,B,b1budget,1,2000,MORE_FLAG_CAPTURES,2,278,235,23,0,0,0,0,0,0,3800,340,0,13,931,903,0,0,66,541,1563,231,ATK@600+HEAL@1200+CAP@1800
gauntlet/20261001-171058-scrim-b1budget/replays/clbarrell.duck8__Diagonal__botB.bc24,clbarrell.duck8,0,A,duck8,0,2000,MORE_FLAG_CAPTURES,0,-1,279,18,0,0,0,0,16,50,600,70,3,7,638,497,15,0,73,239,282,845,ATK@750+HEAL@1500
gauntlet/20261001-171058-scrim-b1budget/replays/clbarrell.duck8__Diagonal__botB.bc24,clbarrell.duck8,1,B,b1budget,1,2000,MORE_FLAG_CAPTURES,1,738,274,21,0,0,0,0,1,0,6270,260,0,0,906,970,5,0,77,242,845,282,ATK@600+HEAL@1200+CAP@1800
gauntlet/20261001-171058-scrim-b1budget/replays/clbarrell.duck8__Hockey__botB.bc24,clbarrell.duck8,0,A,duck8,0,1050,CAPTURE,0,-1,0,0,0,0,0,0,28,41,80,40,3,9,992,1616,8,0,53,114,148,485,ATK@750
gauntlet/20261001-171058-scrim-b1budget/replays/clbarrell.duck8__Hockey__botB.bc24,clbarrell.duck8,1,B,b1budget,1,1050,CAPTURE,3,785,705,5,0,0,0,0,2,0,5640,220,0,4,1162,1601,2,0,73,160,485,148,ATK@600
gauntlet/20261001-171058-scrim-b1budget/replays/clbarrell.duck8__Islands__botB.bc24,clbarrell.duck8,0,A,duck8,0,1121,CAPTURE,2,337,242,30,0,0,0,0,63,47,10,90,3,12,888,888,17,0,47,129,184,518,ATK@750
gauntlet/20261001-171058-scrim-b1budget/replays/clbarrell.duck8__Islands__botB.bc24,clbarrell.duck8,1,B,b1budget,1,1121,CAPTURE,3,647,260,8,0,0,0,0,2,0,7440,130,0,2,1110,1339,12,0,68,196,518,184,ATK@600
gauntlet/20261001-171058-scrim-b1budget/replays/clbarrell.duck8__Fountain__botA.bc24,clbarrell.duck8,1,A,b1budget,1,1537,CAPTURE,3,285,228,10,0,0,0,0,2,0,4040,130,0,0,851,910,3,0,42,164,735,342,ATK@600+HEAL@1200
gauntlet/20261001-171058-scrim-b1budget/replays/clbarrell.duck8__Fountain__botA.bc24,clbarrell.duck8,0,B,duck8,0,1537,CAPTURE,2,306,263,21,0,0,0,0,29,22,30,80,1,7,713,709,10,0,31,146,342,735,ATK@750+HEAL@1500
gauntlet/20261001-171058-scrim-b1budget/replays/dmtrung14.defaultplayer_intlqualifier__DefaultHuge__botA.bc24,dmtrung14.defaultplayer_intlqualifier,1,A,b1budget,1,987,CAPTURE,3,523,254,7,0,0,0,0,0,0,6100,60,0,12,1168,521,7,0,51,91,285,16,ATK@600
gauntlet/20261001-171058-scrim-b1budget/replays/dmtrung14.defaultplayer_intlqualifier__DefaultHuge__botA.bc24,dmtrung14.defaultplayer_intlqualifier,0,B,defaultplayer_intlqualifier,0,987,CAPTURE,2,249,223,22,11,3,28,0,17,33,1090,90,0,2,294,875,6,20,32,66,16,285,ATK@600
gauntlet/20261001-171058-scrim-b1budget/replays/dmtrung14.defaultplayer_intlqualifier__Klein__botA.bc24,dmtrung14.defaultplayer_intlqualifier,1,A,b1budget,1,2000,LEVEL_SUM,0,-1,291,1,0,0,0,0,0,0,3800,50,0,20,732,468,0,0,50,280,317,16,ATK@600+HEAL@1200+CAP@1800
gauntlet/20261001-171058-scrim-b1budget/replays/dmtrung14.defaultplayer_intlqualifier__Klein__botA.bc24,dmtrung14.defaultplayer_intlqualifier,0,B,defaultplayer_intlqualifier,0,2000,LEVEL_SUM,0,-1,281,4,0,3,22,0,212,13,40,660,0,13,306,654,6,12,7,14,16,317,ATK@600+HEAL@1200+CAP@1800
gauntlet/20261001-171058-scrim-b1budget/replays/dmtrung14.defaultplayer_intlqualifier__StarryNight__botA.bc24,dmtrung14.defaultplayer_intlqualifier,1,A,b1budget,1,1098,CAPTURE,3,585,521,6,0,0,0,0,0,0,16000,288,0,0,916,509,0,0,166,107,187,19,ATK@600
gauntlet/20261001-171058-scrim-b1budget/replays/dmtrung14.defaultplayer_intlqualifier__StarryNight__botA.bc24,dmtrung14.defaultplayer_intlqualifier,0,B,defaultplayer_intlqualifier,0,1098,CAPTURE,2,279,242,25,17,3,16,0,120,22,9900,11000,0,11,333,765,3,19,29,63,19,187,ATK@600
gauntlet/20261001-171058-scrim-b1budget/replays/jonters.bling3__DefaultHuge__botB.bc24,jonters.bling3,0,A,bling3,0,593,CAPTURE,0,-1,362,2,0,0,0,0,27,19,1490,620,0,0,713,1138,34,0,8,50,64,140,
gauntlet/20261001-171058-scrim-b1budget/replays/jonters.bling3__DefaultHuge__botB.bc24,jonters.bling3,1,B,b1budget,1,593,CAPTURE,3,323,246,7,0,0,0,0,0,0,6100,280,0,20,995,1176,8,0,68,86,140,64,
gauntlet/20261001-171058-scrim-b1budget/replays/hsmalladi.finalbot__Hurricane__botA.bc24,hsmalladi.finalbot,1,A,b1budget,1,2000,MORE_FLAG_CAPTURES,2,434,298,7,0,0,0,0,2,0,6840,140,0,20,732,1000,5,0,62,104,159,107,ATK@600+HEAL@1200+CAP@1800
gauntlet/20261001-171058-scrim-b1budget/replays/hsmalladi.finalbot__Hurricane__botA.bc24,hsmalladi.finalbot,0,B,finalbot,0,2000,MORE_FLAG_CAPTURES,1,486,220,44,6,3,86,60,67,7,3234,59,12,1,721,621,0,2,54,98,107,159,ATK@600+HEAL@1200+CAP@1800
gauntlet/20261001-171058-scrim-b1budget/replays/jonters.bling3__Hockey__botB.bc24,jonters.bling3,0,A,bling3,0,1072,CAPTURE,1,432,333,9,0,0,0,0,56,3,3420,940,0,8,839,1516,23,0,11,77,187,453,ATK@600
gauntlet/20261001-171058-scrim-b1budget/replays/jonters.bling3__Hockey__botB.bc24,jonters.bling3,1,B,b1budget,1,1072,CAPTURE,3,887,253,21,0,0,0,0,1,0,4170,250,0,20,1216,1357,1,0,68,158,453,187,ATK@600
gauntlet/20261001-171058-scrim-b1budget/replays/justinottesen.sprint1__Battlecode24__botB.bc24,justinottesen.sprint1,0,A,sprint1,0,462,CAPTURE,0,-1,0,0,0,0,0,0,195,0,7950,10230,0,1,171,693,75,0,0,65,61,112,
gauntlet/20261001-171058-scrim-b1budget/replays/justinottesen.sprint1__Battlecode24__botB.bc24,justinottesen.sprint1,1,B,b1budget,1,462,CAPTURE,3,262,218,7,0,0,0,0,0,0,12800,316,0,6,1032,479,9,0,222,151,112,61,
gauntlet/20261001-171058-scrim-b1budget/replays/jonters.bling3__Snake__botA.bc24,jonters.bling3,1,A,b1budget,1,2000,MORE_FLAG_CAPTURES,2,371,226,11,0,0,0,0,2,0,15440,294,0,12,836,870,17,0,229,330,639,387,ATK@600+HEAL@1200+CAP@1800
gauntlet/20261001-171058-scrim-b1budget/replays/jonters.bling3__Snake__botA.bc24,jonters.bling3,0,B,bling3,0,2000,MORE_FLAG_CAPTURES,1,581,423,4,0,0,0,0,241,0,8270,18400,0,2,418,875,77,0,5,252,387,639,ATK@600+HEAL@1200+CAP@1800
gauntlet/20261001-171058-scrim-b1budget/replays/justinottesen.sprint1__GaltonBoard__botB.bc24,justinottesen.sprint1,0,A,sprint1,0,1429,CAPTURE,0,-1,362,3,0,0,0,0,11,10,70,140,0,5,146,876,135,0,0,227,180,1425,ATK@600
gauntlet/20261001-171058-scrim-b1budget/replays/justinottesen.sprint1__GaltonBoard__botB.bc24,justinottesen.sprint1,1,B,b1budget,1,1429,CAPTURE,3,989,928,10,0,0,0,0,0,0,2400,240,0,36,1261,1040,0,0,75,388,1425,180,ATK@600+HEAL@1200
gauntlet/20261001-171058-scrim-b1budget/replays/justinottesen.sprint1__Rivers__botB.bc24,justinottesen.sprint1,0,A,sprint1,0,512,CAPTURE,0,-1,0,0,0,0,0,0,44,0,2580,150,0,8,156,1417,23,0,0,26,21,286,
gauntlet/20261001-171058-scrim-b1budget/replays/justinottesen.sprint1__Rivers__botB.bc24,justinottesen.sprint1,1,B,b1budget,1,512,CAPTURE,3,399,294,8,0,0,0,0,7,0,3690,260,0,4,1860,587,2,0,67,44,286,21,
gauntlet/20261001-171058-scrim-b1budget/replays/justinottesen.sprint1__Joker__botA.bc24,justinottesen.sprint1,1,A,b1budget,1,797,CAPTURE,3,320,220,8,0,0,0,0,0,0,16900,225,0,6,1337,601,11,0,291,378,528,76,ATK@600
gauntlet/20261001-171058-scrim-b1budget/replays/justinottesen.sprint1__Joker__botA.bc24,justinottesen.sprint1,0,B,sprint1,0,797,CAPTURE,0,-1,290,2,0,0,0,0,34,6,14680,8880,0,2,180,912,95,0,0,93,76,528,ATK@600
gauntlet/20261001-171058-scrim-b1budget/replays/justinottesen.sprint1__Hurricane__botB.bc24,justinottesen.sprint1,0,A,sprint1,0,2000,MORE_FLAG_CAPTURES,0,-1,218,43,0,0,0,0,151,11,190,10,2,3,188,865,12,0,0,76,103,1043,ATK@600
gauntlet/20261001-171058-scrim-b1budget/replays/justinottesen.sprint1__Hurricane__botB.bc24,justinottesen.sprint1,1,B,b1budget,1,2000,MORE_FLAG_CAPTURES,1,676,217,49,0,0,0,0,1,0,6870,176,0,18,1215,354,3,0,77,397,1043,103,ATK@600+HEAL@1200+CAP@1800
gauntlet/20261001-171058-scrim-b1budget/replays/justinottesen.sprint1__StarryNight__botA.bc24,justinottesen.sprint1,1,A,b1budget,1,744,CAPTURE,3,529,351,5,0,0,0,0,0,0,16000,283,0,17,1267,687,0,0,179,225,443,67,ATK@600
gauntlet/20261001-171058-scrim-b1budget/replays/justinottesen.sprint1__StarryNight__botA.bc24,justinottesen.sprint1,0,B,sprint1,0,744,CAPTURE,0,-1,328,9,0,0,0,0,153,31,5393,17,3,3,166,834,79,0,0,84,67,443,ATK@600
gauntlet/20261001-171058-scrim-b1budget/replays/kyleezz.jeeryfix3__CH3353C4K3F4CT0RY__botB.bc24,kyleezz.jeeryfix3,0,A,jeeryfix3,0,1975,CAPTURE,2,333,269,40,0,0,0,0,22,13,13440,12670,0,7,1049,800,0,0,158,395,399,1483,ATK@600+CAP@1200+HEAL@1800
gauntlet/20261001-171058-scrim-b1budget/replays/kyleezz.jeeryfix3__CH3353C4K3F4CT0RY__botB.bc24,kyleezz.jeeryfix3,1,B,b1budget,1,1975,CAPTURE,3,1707,1664,7,0,0,0,0,0,0,15400,305,0,8,1268,1318,20,0,144,409,1483,399,ATK@600+HEAL@1200+CAP@1800
gauntlet/20261001-171058-scrim-b1budget/replays/winkelmantanner.waffle__BedWars__botA.bc24,winkelmantanner.waffle,1,A,b1budget,1,592,CAPTURE,3,495,321,8,0,0,0,0,0,0,4800,10,0,18,718,748,1,0,47,28,120,29,
gauntlet/20261001-171058-scrim-b1budget/replays/winkelmantanner.waffle__BedWars__botA.bc24,winkelmantanner.waffle,0,B,waffle,0,592,CAPTURE,1,356,321,7,0,0,0,0,0,3,4500,1760,0,4,505,522,0,0,26,31,29,120,
gauntlet/20261001-171058-scrim-b1budget/replays/kyleezz.jeeryfix3__Digging__botB.bc24,kyleezz.jeeryfix3,0,A,jeeryfix3,0,1846,CAPTURE,1,286,258,5,0,0,0,0,26,0,2320,1930,0,6,996,696,0,0,54,209,382,1537,ATK@600+CAP@1200+HEAL@1800
gauntlet/20261001-171058-scrim-b1budget/replays/kyleezz.jeeryfix3__Digging__botB.bc24,kyleezz.jeeryfix3,1,B,b1budget,1,1846,CAPTURE,3,1642,1593,9,0,0,0,0,0,0,2800,210,0,4,1248,1333,3,0,57,222,1537,382,ATK@600+HEAL@1200+CAP@1800
gauntlet/20261001-171058-scrim-b1budget/replays/kyleezz.jeeryfix3__OceanFloor__botA.bc24,kyleezz.jeeryfix3,1,A,b1budget,1,1973,CAPTURE,3,1073,294,11,0,0,0,0,0,0,3800,270,0,16,1134,1364,4,0,51,421,1260,350,ATK@600+HEAL@1200+CAP@1800
gauntlet/20261001-171058-scrim-b1budget/replays/kyleezz.jeeryfix3__OceanFloor__botA.bc24,kyleezz.jeeryfix3,0,B,jeeryfix3,0,1973,CAPTURE,2,410,360,21,0,0,0,0,59,7,1330,610,0,2,1168,676,0,0,47,231,350,1260,ATK@600+CAP@1200+HEAL@1800
gauntlet/20261001-171058-scrim-b1budget/replays/quesswho.cretplayer2_3__Capacitance__botA.bc24,quesswho.cretplayer2_3,1,A,b1budget,1,2000,LEVEL_SUM,2,501,213,8,0,0,0,0,0,0,6000,270,0,0,827,768,0,0,76,294,855,521,ATK@600+HEAL@1200+CAP@1800
gauntlet/20261001-171058-scrim-b1budget/replays/quesswho.cretplayer2_3__Capacitance__botA.bc24,quesswho.cretplayer2_3,0,B,cretplayer2_3,0,2000,LEVEL_SUM,2,404,241,61,0,3,8,0,19,0,5430,900,0,4,1112,1041,0,5,86,352,521,855,ATK@600+HEAL@1200+CAP@1800
gauntlet/20261001-171058-scrim-b1budget/replays/winkelmantanner.waffle__Gauntlet__botB.bc24,winkelmantanner.waffle,0,A,waffle,0,1867,CAPTURE,2,420,324,19,0,0,0,0,35,3,3150,1360,0,3,867,972,0,0,54,242,434,1111,ATK@600+HEAL@1200+CAP@1800
gauntlet/20261001-171058-scrim-b1budget/replays/winkelmantanner.waffle__Gauntlet__botB.bc24,winkelmantanner.waffle,1,B,b1budget,1,1867,CAPTURE,3,1812,794,11,0,0,0,0,0,0,4100,190,0,3,917,1000,1,0,51,226,1111,434,ATK@600+HEAL@1200+CAP@1800
gauntlet/20261001-171058-scrim-b1budget/replays/winkelmantanner.waffle__Skyline__botA.bc24,winkelmantanner.waffle,1,A,b1budget,1,550,CAPTURE,3,344,295,7,0,0,0,0,2,0,11440,250,0,14,1085,1270,16,0,104,112,140,65,
gauntlet/20261001-171058-scrim-b1budget/replays/winkelmantanner.waffle__Skyline__botA.bc24,winkelmantanner.waffle,0,B,waffle,0,550,CAPTURE,1,386,271,17,0,0,0,0,63,40,5896,2841,2,5,976,1039,0,0,110,122,65,140,
