file,opp,us,team,name,won,rounds,wintype,captured,firstCapture,firstPickup,pickups,drops,setupFlagPickups,flagMoveDist,digs200,fills200,traps200,crumbs200,crumbs250,level200,defend300,atk400,heal400,expl400,water400,stun400,trapsHit,kills,deaths,upgrades
gauntlet/20261001-011402-scrim-g_iter1/losses/CyrilSharma.finalBot__Bunkers__botA.bc24,CyrilSharma.finalBot,1,A,g_iter1,0,470,CAPTURE,0,-1,270,1,0,0,0,0,32,34,180,230,6,19,984,1284,10,0,44,48,82,72,
gauntlet/20261001-011402-scrim-g_iter1/losses/CyrilSharma.finalBot__Bunkers__botA.bc24,CyrilSharma.finalBot,0,B,finalBot,1,470,CAPTURE,3,271,223,5,0,0,0,60,6,5,3533,1753,12,3,1078,1172,0,0,108,114,72,82,
gauntlet/20261001-011402-scrim-g_iter1/losses/ColtG5.Goob_final__EvilGrin__botA.bc24,ColtG5.Goob_final,1,A,g_iter1,0,2000,MORE_FLAG_CAPTURES,0,-1,0,0,0,0,0,0,49,23,175,245,3,19,1172,1389,7,0,49,216,1335,489,ATK@600+HEAL@1200+CAP@1800
gauntlet/20261001-011402-scrim-g_iter1/losses/ColtG5.Goob_final__EvilGrin__botA.bc24,ColtG5.Goob_final,0,B,Goob_final,1,2000,MORE_FLAG_CAPTURES,1,418,239,18,0,0,0,0,48,0,2960,340,0,4,1075,814,12,0,79,317,489,1335,ATK@600+HEAL@1200+CAP@1800
gauntlet/20261001-011402-scrim-g_iter1/losses/CyrilSharma.finalBot__Decision__botB.bc24,CyrilSharma.finalBot,0,A,finalBot,1,1023,CAPTURE,3,378,275,13,0,0,0,60,24,1,1654,625,12,1,630,694,0,0,48,138,140,118,ATK@600
gauntlet/20261001-011402-scrim-g_iter1/losses/CyrilSharma.finalBot__Decision__botB.bc24,CyrilSharma.finalBot,1,B,g_iter1,0,1023,CAPTURE,1,626,283,7,0,0,0,0,82,15,190,140,3,1,460,676,2,0,29,82,118,140,ATK@600
gauntlet/20261001-011402-scrim-g_iter1/losses/ColtG5.Goob_final__Gated__botA.bc24,ColtG5.Goob_final,1,A,g_iter1,0,2000,MORE_FLAG_CAPTURES,0,-1,0,0,0,0,0,0,29,26,195,265,4,18,1061,1218,4,0,41,196,1122,479,ATK@600+HEAL@1200+CAP@1800
gauntlet/20261001-011402-scrim-g_iter1/losses/ColtG5.Goob_final__Gated__botA.bc24,ColtG5.Goob_final,0,B,Goob_final,1,2000,MORE_FLAG_CAPTURES,1,536,238,38,0,0,0,0,36,0,2820,30,0,6,1075,845,0,0,62,241,479,1122,ATK@600+HEAL@1200+CAP@1800
gauntlet/20261001-011402-scrim-g_iter1/losses/CyrilSharma.finalBot__EvilGrin__botB.bc24,CyrilSharma.finalBot,0,A,finalBot,1,1381,CAPTURE,3,346,264,27,0,0,0,48,28,0,2714,5206,9,2,1170,1126,0,0,152,483,443,400,ATK@600+HEAL@1200
gauntlet/20261001-011402-scrim-g_iter1/losses/CyrilSharma.finalBot__EvilGrin__botB.bc24,CyrilSharma.finalBot,1,B,g_iter1,0,1381,CAPTURE,1,1122,292,3,0,0,0,0,48,25,188,243,3,1,964,1216,4,0,39,133,400,443,ATK@600+HEAL@1200
gauntlet/20261001-011402-scrim-g_iter1/losses/ColtG5.Goob_final__Ambush__botA.bc24,ColtG5.Goob_final,1,A,g_iter1,0,2000,MORE_FLAG_CAPTURES,1,235,212,5,0,0,0,0,40,31,135,225,5,7,1319,1439,5,0,55,229,1264,480,ATK@600+HEAL@1200+CAP@1800
gauntlet/20261001-011402-scrim-g_iter1/losses/ColtG5.Goob_final__Ambush__botA.bc24,ColtG5.Goob_final,0,B,Goob_final,1,2000,MORE_FLAG_CAPTURES,2,262,212,9,0,0,0,0,52,0,3140,1630,0,8,1263,968,5,0,87,322,480,1264,ATK@600+HEAL@1200+CAP@1800
gauntlet/20261001-011402-scrim-g_iter1/losses/ColtG5.Goob_final__Joker__botB.bc24,ColtG5.Goob_final,0,A,Goob_final,1,2000,MORE_FLAG_CAPTURES,2,505,435,10,0,0,0,0,31,0,15970,17370,0,7,984,708,12,0,104,396,413,1090,ATK@600+HEAL@1200+CAP@1800
gauntlet/20261001-011402-scrim-g_iter1/losses/ColtG5.Goob_final__Joker__botB.bc24,ColtG5.Goob_final,1,B,g_iter1,0,2000,MORE_FLAG_CAPTURES,0,-1,0,0,0,0,0,0,6,111,4360,300,12,12,1182,1372,24,0,209,395,1090,413,ATK@600+HEAL@1200+CAP@1800
gauntlet/20261001-011402-scrim-g_iter1/losses/CyrilSharma.finalBot__Whirlpool__botA.bc24,CyrilSharma.finalBot,1,A,g_iter1,0,2000,MORE_FLAG_CAPTURES,0,-1,0,0,0,0,0,0,83,22,145,215,3,12,917,1212,5,0,35,195,671,654,ATK@600+HEAL@1200+CAP@1800
gauntlet/20261001-011402-scrim-g_iter1/losses/CyrilSharma.finalBot__Whirlpool__botA.bc24,CyrilSharma.finalBot,0,B,finalBot,1,2000,MORE_FLAG_CAPTURES,2,945,233,12,0,0,0,43,48,1,2927,4804,8,18,731,1246,0,0,61,471,654,671,ATK@600+HEAL@1200+CAP@1800
gauntlet/20261001-011402-scrim-g_iter1/losses/Gymhgy.v10official__Backslash__botA.bc24,Gymhgy.v10official,1,A,g_iter1,0,500,CAPTURE,1,296,226,4,0,0,0,0,157,17,160,230,3,3,878,1152,16,0,93,95,51,59,
gauntlet/20261001-011402-scrim-g_iter1/losses/Gymhgy.v10official__Backslash__botA.bc24,Gymhgy.v10official,0,B,v10official,1,500,CAPTURE,3,306,240,40,31,3,38,53,111,3,2564,9586,10,0,842,1339,61,3,81,80,59,51,
gauntlet/20261001-011402-scrim-g_iter1/losses/Gymhgy.v10official__Decision__botB.bc24,Gymhgy.v10official,0,A,v10official,1,655,CAPTURE,3,329,258,55,43,3,12,90,71,3,415,65,18,0,819,1515,4,3,20,40,61,32,ATK@600
gauntlet/20261001-011402-scrim-g_iter1/losses/Gymhgy.v10official__Decision__botB.bc24,Gymhgy.v10official,1,B,g_iter1,0,655,CAPTURE,0,-1,285,12,0,0,0,0,76,17,135,175,2,3,913,1269,3,0,26,29,32,61,ATK@600
gauntlet/20261001-011402-scrim-g_iter1/losses/Gymhgy.v10official__Asteroids__botA.bc24,Gymhgy.v10official,1,A,g_iter1,0,2000,MORE_FLAG_CAPTURES,0,-1,285,12,0,0,0,0,37,18,185,195,2,22,1069,1445,5,0,41,177,468,305,ATK@600+HEAL@1200+CAP@1800
gauntlet/20261001-011402-scrim-g_iter1/losses/Gymhgy.v10official__Asteroids__botA.bc24,Gymhgy.v10official,0,B,v10official,1,2000,MORE_FLAG_CAPTURES,2,365,302,32,16,3,12,79,33,3,598,1008,15,0,966,1643,0,3,64,243,305,468,ATK@600+HEAL@1200+CAP@1800
gauntlet/20261001-011402-scrim-g_iter1/losses/Gymhgy.v10official__DefaultLarge__botB.bc24,Gymhgy.v10official,0,A,v10official,1,2000,MORE_FLAG_CAPTURES,1,709,294,37,27,3,14,90,41,1,1415,35,18,0,1096,1945,1,1,74,327,419,427,ATK@600+HEAL@1200+CAP@1800
gauntlet/20261001-011402-scrim-g_iter1/losses/Gymhgy.v10official__DefaultLarge__botB.bc24,Gymhgy.v10official,1,B,g_iter1,0,2000,MORE_FLAG_CAPTURES,0,-1,406,16,0,0,0,0,47,21,185,175,2,10,1123,1660,11,0,51,190,427,419,ATK@600+HEAL@1200+CAP@1800
gauntlet/20261001-011402-scrim-g_iter1/losses/Gymhgy.v10official__CH3353C4K3F4CT0RY__botA.bc24,Gymhgy.v10official,1,A,g_iter1,0,2000,MORE_FLAG_CAPTURES,0,-1,318,3,0,0,0,0,11,110,2960,260,12,0,1037,1386,24,0,135,337,764,434,ATK@600+HEAL@1200+CAP@1800
gauntlet/20261001-011402-scrim-g_iter1/losses/Gymhgy.v10official__CH3353C4K3F4CT0RY__botA.bc24,Gymhgy.v10official,0,B,v10official,1,2000,MORE_FLAG_CAPTURES,2,308,279,76,33,3,20,90,9,3,13375,8425,18,0,1057,1531,27,3,147,466,434,764,ATK@600+HEAL@1200+CAP@1800
gauntlet/20261001-011402-scrim-g_iter1/losses/Gymhgy.v10official__Klein__botB.bc24,Gymhgy.v10official,0,A,v10official,1,2000,MORE_FLAG_CAPTURES,1,388,362,24,7,3,41,61,174,3,3735,75,12,0,900,1640,7,3,36,249,334,416,ATK@600+HEAL@1200+CAP@1800
gauntlet/20261001-011402-scrim-g_iter1/losses/Gymhgy.v10official__Klein__botB.bc24,Gymhgy.v10official,1,B,g_iter1,0,2000,MORE_FLAG_CAPTURES,0,-1,907,9,0,0,0,0,88,47,225,265,8,11,1101,1453,14,0,53,206,416,334,ATK@600+HEAL@1200+CAP@1800
gauntlet/20261001-011402-scrim-g_iter1/losses/IvanGeffner.kuma__EndAround__botA.bc24,IvanGeffner.kuma,1,A,g_iter1,0,2000,MORE_FLAG_CAPTURES,0,-1,313,1,0,0,0,0,59,21,160,120,3,3,663,1057,10,0,42,206,409,592,ATK@600+HEAL@1200+CAP@1800
gauntlet/20261001-011402-scrim-g_iter1/losses/IvanGeffner.kuma__EndAround__botA.bc24,IvanGeffner.kuma,0,B,kuma,1,2000,MORE_FLAG_CAPTURES,1,539,442,91,54,0,0,90,61,0,1660,2230,18,7,821,1017,2,0,52,521,592,409,ATK@600+HEAL@1200+CAP@1800
gauntlet/20261001-011402-scrim-g_iter1/losses/IvanGeffner.kuma__Backslash__botA.bc24,IvanGeffner.kuma,1,A,g_iter1,0,1757,CAPTURE,0,-1,0,0,0,0,0,0,170,14,170,270,2,2,804,1011,16,0,68,219,404,829,ATK@600+HEAL@1200
gauntlet/20261001-011402-scrim-g_iter1/losses/IvanGeffner.kuma__Backslash__botA.bc24,IvanGeffner.kuma,0,B,kuma,1,1757,CAPTURE,3,310,284,22,9,0,0,87,133,0,1910,2846,17,5,1263,1115,10,0,199,697,829,404,ATK@600+HEAL@1200
gauntlet/20261001-011402-scrim-g_iter1/losses/IvanGeffner.kuma__Swoop__botA.bc24,IvanGeffner.kuma,1,A,g_iter1,0,798,CAPTURE,1,288,233,3,0,0,0,0,55,41,150,180,7,17,856,1236,14,0,45,101,144,244,ATK@600
gauntlet/20261001-011402-scrim-g_iter1/losses/IvanGeffner.kuma__Swoop__botA.bc24,IvanGeffner.kuma,0,B,kuma,1,798,CAPTURE,3,393,245,66,45,0,0,90,72,2,2980,1295,18,15,1041,1004,7,0,75,174,244,144,ATK@600
gauntlet/20261001-011402-scrim-g_iter1/losses/IvanGeffner.kuma__Occulus__botA.bc24,IvanGeffner.kuma,1,A,g_iter1,0,465,CAPTURE,0,-1,0,0,0,0,0,0,15,33,130,220,5,21,994,1388,7,0,63,68,45,123,
gauntlet/20261001-011402-scrim-g_iter1/losses/IvanGeffner.kuma__Occulus__botA.bc24,IvanGeffner.kuma,0,B,kuma,1,465,CAPTURE,3,326,275,20,13,0,0,90,14,2,2225,2890,18,7,1274,1292,10,0,132,124,123,45,
gauntlet/20261001-011402-scrim-g_iter1/losses/IvanGeffner.kuma__Racetrack__botA.bc24,IvanGeffner.kuma,1,A,g_iter1,0,1622,CAPTURE,0,-1,0,0,0,0,0,0,58,4,160,170,0,13,970,1655,1,0,21,127,405,531,ATK@600+HEAL@1200
gauntlet/20261001-011402-scrim-g_iter1/losses/IvanGeffner.kuma__Racetrack__botA.bc24,IvanGeffner.kuma,0,B,kuma,1,1622,CAPTURE,3,413,354,62,28,0,0,44,55,0,10,11,7,4,1006,1495,0,0,0,304,531,405,ATK@600+HEAL@1200
gauntlet/20261001-011402-scrim-g_iter1/losses/NotLLeon.v3__Backslash__botA.bc24,NotLLeon.v3,1,A,g_iter1,0,694,CAPTURE,0,-1,261,10,0,0,0,0,175,15,155,285,2,2,1004,1077,5,0,128,146,149,131,ATK@600
gauntlet/20261001-011402-scrim-g_iter1/losses/NotLLeon.v3__Backslash__botA.bc24,NotLLeon.v3,0,B,v3,1,694,CAPTURE,3,317,261,25,10,0,0,0,170,0,1700,3740,0,10,973,1115,0,0,103,146,131,149,ATK@600
gauntlet/20261001-011402-scrim-g_iter1/losses/NotLLeon.v3__ORV__botA.bc24,NotLLeon.v3,1,A,g_iter1,0,640,CAPTURE,0,-1,0,0,0,0,0,0,35,36,140,285,6,0,849,1031,11,0,45,68,149,144,ATK@600
gauntlet/20261001-011402-scrim-g_iter1/losses/NotLLeon.v3__ORV__botA.bc24,NotLLeon.v3,0,B,v3,1,640,CAPTURE,3,307,248,53,15,0,0,0,32,0,4640,5570,0,6,997,857,0,0,120,153,144,149,ATK@600
gauntlet/20261001-011402-scrim-g_iter1/losses/NotLLeon.v3__Gated__botB.bc24,NotLLeon.v3,0,A,v3,1,1841,CAPTURE,3,401,280,50,19,0,0,0,18,0,3360,2340,0,1,784,850,0,0,54,296,505,577,ATK@600+HEAL@1200+CAP@1800
gauntlet/20261001-011402-scrim-g_iter1/losses/NotLLeon.v3__Gated__botB.bc24,NotLLeon.v3,1,B,g_iter1,0,1841,CAPTURE,1,372,228,8,0,0,0,0,30,24,125,15,3,14,794,971,10,0,44,169,577,505,ATK@600+HEAL@1200+CAP@1800
gauntlet/20261001-011402-scrim-g_iter1/losses/NotLLeon.v3__Pancakes__botB.bc24,NotLLeon.v3,0,A,v3,1,431,CAPTURE,3,338,263,17,4,0,0,0,8,0,2160,2810,0,4,1043,1153,0,0,92,93,48,46,
gauntlet/20261001-011402-scrim-g_iter1/losses/NotLLeon.v3__Pancakes__botB.bc24,NotLLeon.v3,1,B,g_iter1,0,431,CAPTURE,0,-1,239,5,0,0,0,0,13,19,135,130,3,8,908,1298,9,0,46,32,46,48,
gauntlet/20261001-011402-scrim-g_iter1/losses/NotLLeon.v3__Backslash__botB.bc24,NotLLeon.v3,0,A,v3,1,1812,CAPTURE,3,287,245,51,6,0,0,0,140,0,2700,7860,0,8,998,1117,0,0,145,462,685,609,ATK@600+HEAL@1200+CAP@1800
gauntlet/20261001-011402-scrim-g_iter1/losses/NotLLeon.v3__Backslash__botB.bc24,NotLLeon.v3,1,B,g_iter1,0,1812,CAPTURE,0,-1,317,10,0,0,0,0,166,16,180,275,2,1,888,1223,22,0,104,242,609,685,ATK@600+HEAL@1200+CAP@1800
gauntlet/20261001-011402-scrim-g_iter1/losses/SampleProvider.TSPAARKSPRINT1__Snake__botB.bc24,SampleProvider.TSPAARKSPRINT1,0,A,TSPAARKSPRINT1,1,490,CAPTURE,3,453,253,22,0,3,31,0,212,2,8940,13800,0,6,349,1084,62,27,8,74,50,61,
gauntlet/20261001-011402-scrim-g_iter1/losses/SampleProvider.TSPAARKSPRINT1__Snake__botB.bc24,SampleProvider.TSPAARKSPRINT1,1,B,g_iter1,0,490,CAPTURE,0,-1,252,3,0,0,0,0,155,91,655,220,12,9,780,927,24,0,293,194,61,50,
gauntlet/20261001-011402-scrim-g_iter1/losses/NotLLeon.v3__Waterworld__botB.bc24,NotLLeon.v3,0,A,v3,1,708,CAPTURE,3,491,437,19,11,0,0,0,236,0,8020,8620,0,3,794,1256,0,0,53,131,109,111,ATK@600
gauntlet/20261001-011402-scrim-g_iter1/losses/NotLLeon.v3__Waterworld__botB.bc24,NotLLeon.v3,1,B,g_iter1,0,708,CAPTURE,0,-1,261,12,0,0,0,0,270,63,525,35,11,3,789,1273,24,0,66,88,111,109,ATK@600
gauntlet/20261001-011402-scrim-g_iter1/losses/SampleProvider.TSPAARKSPRINT1__Foxes__botB.bc24,SampleProvider.TSPAARKSPRINT1,0,A,TSPAARKSPRINT1,1,1372,CAPTURE,3,806,264,44,0,3,46,0,30,2,8800,2160,0,4,574,1371,39,25,0,102,123,264,ATK@600+CAP@1200
gauntlet/20261001-011402-scrim-g_iter1/losses/SampleProvider.TSPAARKSPRINT1__Foxes__botB.bc24,SampleProvider.TSPAARKSPRINT1,1,B,g_iter1,0,1372,CAPTURE,0,-1,240,7,0,0,0,0,14,76,685,255,12,9,892,1164,24,0,78,196,264,123,ATK@600+HEAL@1200
gauntlet/20261001-011402-scrim-g_iter1/losses/Strequals.duck0127v5__Canals__botA.bc24,Strequals.duck0127v5,1,A,g_iter1,0,817,CAPTURE,0,-1,0,0,0,0,0,0,0,60,170,270,10,20,832,1200,17,0,59,107,123,279,ATK@600
gauntlet/20261001-011402-scrim-g_iter1/losses/Strequals.duck0127v5__Canals__botA.bc24,Strequals.duck0127v5,0,B,duck0127v5,1,817,CAPTURE,3,390,285,27,0,0,0,90,36,6,4361,3161,18,5,1152,1150,0,4,135,292,279,123,ATK@600
gauntlet/20261001-011402-scrim-g_iter1/losses/Strequals.duck0127v5__MIT__botB.bc24,Strequals.duck0127v5,0,A,duck0127v5,1,1088,CAPTURE,3,361,337,30,0,0,0,90,76,10,5930,35330,18,5,602,828,0,3,95,306,220,152,ATK@600
gauntlet/20261001-011402-scrim-g_iter1/losses/Strequals.duck0127v5__MIT__botB.bc24,Strequals.duck0127v5,1,B,g_iter1,0,1088,CAPTURE,1,669,435,19,0,0,0,0,50,59,640,240,10,11,602,725,24,0,138,206,152,220,ATK@600
gauntlet/20261001-011402-scrim-g_iter1/losses/Strequals.duck0127v5__MazeRunner__botA.bc24,Strequals.duck0127v5,1,A,g_iter1,0,2000,MORE_FLAG_CAPTURES,0,-1,271,23,0,0,0,0,69,21,30,160,3,7,662,1010,13,0,43,184,233,433,ATK@600+HEAL@1200+CAP@1800
gauntlet/20261001-011402-scrim-g_iter1/losses/Strequals.duck0127v5__MazeRunner__botA.bc24,Strequals.duck0127v5,0,B,duck0127v5,1,2000,MORE_FLAG_CAPTURES,2,967,366,25,0,0,0,90,75,2,1911,4411,18,2,731,1027,0,3,44,259,433,233,ATK@600+HEAL@1200+CAP@1800
gauntlet/20261001-011402-scrim-g_iter1/losses/Strequals.duck0127v5__Divergent__botB.bc24,Strequals.duck0127v5,0,A,duck0127v5,1,2000,LEVEL_SUM,0,-1,579,18,0,0,0,90,27,2,2850,2780,18,3,638,855,0,2,44,274,362,242,ATK@600+HEAL@1200+CAP@1800
gauntlet/20261001-011402-scrim-g_iter1/losses/Strequals.duck0127v5__Divergent__botB.bc24,Strequals.duck0127v5,1,B,g_iter1,0,2000,LEVEL_SUM,0,-1,553,13,0,0,0,0,34,41,205,255,7,12,484,1012,12,0,52,202,242,362,ATK@600+HEAL@1200+CAP@1800
gauntlet/20261001-011402-scrim-g_iter1/losses/andli28.v9_USQuals_angle__Canals__botA.bc24,andli28.v9_USQuals_angle,1,A,g_iter1,0,1701,CAPTURE,0,-1,0,0,0,0,0,0,0,59,155,205,10,3,962,1998,23,0,49,193,432,492,ATK@600+HEAL@1200
gauntlet/20261001-011402-scrim-g_iter1/losses/andli28.v9_USQuals_angle__Canals__botA.bc24,andli28.v9_USQuals_angle,0,B,v9_USQuals_angle,1,1701,CAPTURE,3,1144,1026,15,0,0,0,88,0,4,5333,5093,18,4,1075,1410,3,2,18,334,492,432,ATK@600+HEAL@1200
gauntlet/20261001-011402-scrim-g_iter1/losses/andli28.v9_USQuals_angle__EvilGrin__botB.bc24,andli28.v9_USQuals_angle,0,A,v9_USQuals_angle,1,1343,CAPTURE,3,369,307,39,0,0,0,88,28,7,1742,4462,18,3,1086,1265,11,4,124,574,556,304,ATK@600+HEAL@1200
gauntlet/20261001-011402-scrim-g_iter1/losses/andli28.v9_USQuals_angle__EvilGrin__botB.bc24,andli28.v9_USQuals_angle,1,B,g_iter1,0,1343,CAPTURE,0,-1,0,0,0,0,0,0,50,23,165,225,4,6,889,1391,6,0,34,129,304,556,ATK@600+HEAL@1200
gauntlet/20261001-011402-scrim-g_iter1/losses/andli28.v9_USQuals_angle__Battlecode24__botB.bc24,andli28.v9_USQuals_angle,0,A,v9_USQuals_angle,1,1722,CAPTURE,3,468,373,16,0,0,0,86,55,6,11335,23165,18,20,778,937,17,3,86,345,371,381,ATK@600+HEAL@1200
gauntlet/20261001-011402-scrim-g_iter1/losses/andli28.v9_USQuals_angle__Battlecode24__botB.bc24,andli28.v9_USQuals_angle,1,B,g_iter1,0,1722,CAPTURE,0,-1,359,3,0,0,0,0,64,94,2309,249,12,19,751,905,24,0,131,288,381,371,ATK@600+HEAL@1200
gauntlet/20261001-011402-scrim-g_iter1/losses/Strequals.duck0127v5__Rainbow__botA.bc24,Strequals.duck0127v5,1,A,g_iter1,0,2000,MORE_FLAG_CAPTURES,0,-1,283,10,0,0,0,0,53,55,160,200,10,6,719,1236,19,0,58,220,318,588,ATK@600+HEAL@1200+CAP@1800
gauntlet/20261001-011402-scrim-g_iter1/losses/Strequals.duck0127v5__Rainbow__botA.bc24,Strequals.duck0127v5,0,B,duck0127v5,1,2000,MORE_FLAG_CAPTURES,2,587,427,19,0,0,0,90,28,17,5625,4145,18,7,955,1133,0,4,123,479,588,318,ATK@600+HEAL@1200+CAP@1800
gauntlet/20261001-011402-scrim-g_iter1/losses/andli28.v9_USQuals_angle__HeMustBeFreed__botB.bc24,andli28.v9_USQuals_angle,0,A,v9_USQuals_angle,1,615,CAPTURE,3,415,306,9,0,0,0,88,104,5,475,9995,18,3,599,743,12,3,66,69,74,31,ATK@600
gauntlet/20261001-011402-scrim-g_iter1/losses/andli28.v9_USQuals_angle__HeMustBeFreed__botB.bc24,andli28.v9_USQuals_angle,1,B,g_iter1,0,615,CAPTURE,0,-1,384,1,0,0,0,0,104,16,60,120,3,12,472,666,5,0,28,43,31,74,ATK@600
gauntlet/20261001-011402-scrim-g_iter1/losses/andli28.v9_USQuals_angle__Joker__botB.bc24,andli28.v9_USQuals_angle,0,A,v9_USQuals_angle,1,2000,MORE_FLAG_CAPTURES,2,496,273,6,0,0,0,84,0,7,13607,15957,18,11,874,1054,19,4,108,403,515,285,ATK@600+HEAL@1200+CAP@1800
gauntlet/20261001-011402-scrim-g_iter1/losses/andli28.v9_USQuals_angle__Joker__botB.bc24,andli28.v9_USQuals_angle,1,B,g_iter1,0,2000,MORE_FLAG_CAPTURES,1,329,230,8,0,0,0,0,5,117,3775,81,12,4,922,1117,24,0,232,352,285,515,ATK@600+HEAL@1200+CAP@1800
gauntlet/20261001-011402-scrim-g_iter1/losses/andli28.v9_USQuals_angle__Valentine__botA.bc24,andli28.v9_USQuals_angle,1,A,g_iter1,0,2000,MORE_FLAG_CAPTURES,0,-1,0,0,0,0,0,0,0,37,185,250,7,16,784,1222,8,0,48,198,323,482,ATK@600+HEAL@1200+CAP@1800
gauntlet/20261001-011402-scrim-g_iter1/losses/andli28.v9_USQuals_angle__Valentine__botA.bc24,andli28.v9_USQuals_angle,0,B,v9_USQuals_angle,1,2000,MORE_FLAG_CAPTURES,2,719,410,14,0,0,0,90,0,6,2445,3825,18,4,832,1181,10,3,86,454,482,323,ATK@600+HEAL@1200+CAP@1800
gauntlet/20261001-011402-scrim-g_iter1/losses/andrewgopher.player22__Digging__botB.bc24,andrewgopher.player22,0,A,player22,1,1333,CAPTURE,3,349,318,15,0,3,0,0,25,0,2350,30,0,3,1135,837,1,0,60,310,760,560,ATK@600+HEAL@1200
gauntlet/20261001-011402-scrim-g_iter1/losses/andrewgopher.player22__Digging__botB.bc24,andrewgopher.player22,1,B,g_iter1,0,1333,CAPTURE,0,-1,0,0,0,0,0,0,15,25,145,235,4,19,1056,1601,2,0,51,152,560,760,ATK@600+HEAL@1200
gauntlet/20261001-011402-scrim-g_iter1/losses/andrewgopher.player22__ORV__botA.bc24,andrewgopher.player22,1,A,g_iter1,0,474,CAPTURE,0,-1,0,0,0,0,0,0,36,35,209,239,6,19,990,1465,17,0,48,61,135,92,
gauntlet/20261001-011402-scrim-g_iter1/losses/andrewgopher.player22__ORV__botA.bc24,andrewgopher.player22,0,B,player22,1,474,CAPTURE,3,321,265,9,0,3,0,0,58,0,3860,1480,0,0,1232,745,11,0,79,74,92,135,
gauntlet/20261001-011402-scrim-g_iter1/losses/andrewgopher.player22__StackGame__botB.bc24,andrewgopher.player22,0,A,player22,1,456,CAPTURE,3,284,244,11,0,3,0,0,51,0,5470,380,0,5,1355,1025,1,0,91,71,103,103,
gauntlet/20261001-011402-scrim-g_iter1/losses/andrewgopher.player22__StackGame__botB.bc24,andrewgopher.player22,1,B,g_iter1,0,456,CAPTURE,0,-1,0,0,0,0,0,0,33,51,155,225,9,29,1038,1587,14,0,56,51,103,103,
gauntlet/20261001-011402-scrim-g_iter1/losses/andrewgopher.player22__Mountain__botA.bc24,andrewgopher.player22,1,A,g_iter1,0,2000,MORE_FLAG_CAPTURES,0,-1,353,4,0,0,0,0,38,46,160,230,8,10,1018,1145,11,0,75,225,830,645,ATK@600+HEAL@1200+CAP@1800
gauntlet/20261001-011402-scrim-g_iter1/losses/andrewgopher.player22__Mountain__botA.bc24,andrewgopher.player22,0,B,player22,1,2000,MORE_FLAG_CAPTURES,2,317,296,7,0,3,0,0,45,0,5150,5060,0,4,1145,647,23,0,45,154,645,830,ATK@600+HEAL@1200+CAP@1800
gauntlet/20261001-011402-scrim-g_iter1/losses/chenyx512.flagbot_final__AceOfSpades__botB.bc24,chenyx512.flagbot_final,0,A,flagbot_final,1,923,CAPTURE,3,282,233,9,0,3,27,90,81,1,364,16224,18,1,1145,1447,0,0,195,398,501,82,ATK@600
gauntlet/20261001-011402-scrim-g_iter1/losses/chenyx512.flagbot_final__AceOfSpades__botB.bc24,chenyx512.flagbot_final,1,B,g_iter1,0,923,CAPTURE,1,316,272,2,0,0,0,0,11,32,185,285,5,1,821,1210,7,0,45,101,82,501,ATK@600
gauntlet/20261001-011402-scrim-g_iter1/losses/andrewgopher.player22__Diagonal__botA.bc24,andrewgopher.player22,1,A,g_iter1,0,2000,LEVEL_SUM,0,-1,278,20,0,0,0,0,23,58,269,229,10,31,480,880,19,0,59,168,260,248,ATK@600+HEAL@1200+CAP@1800
gauntlet/20261001-011402-scrim-g_iter1/losses/andrewgopher.player22__Diagonal__botA.bc24,andrewgopher.player22,0,B,player22,1,2000,LEVEL_SUM,0,-1,0,3,0,3,0,0,36,0,6420,1880,0,3,671,564,16,0,59,241,248,260,ATK@600+HEAL@1200+CAP@1800
gauntlet/20261001-011402-scrim-g_iter1/losses/chenyx512.flagbot_final__Skyline__botB.bc24,chenyx512.flagbot_final,0,A,flagbot_final,1,643,CAPTURE,3,490,285,11,0,3,55,90,259,11,14483,12533,18,3,1038,1687,0,0,169,252,122,26,ATK@600
gauntlet/20261001-011402-scrim-g_iter1/losses/chenyx512.flagbot_final__Skyline__botB.bc24,chenyx512.flagbot_final,1,B,g_iter1,0,643,CAPTURE,2,250,210,4,0,0,0,0,103,102,9030,305,9,11,911,1326,24,0,185,212,26,122,ATK@600
gauntlet/20261001-011402-scrim-g_iter1/losses/chenyx512.flagbot_final__Racetrack__botA.bc24,chenyx512.flagbot_final,1,A,g_iter1,0,991,CAPTURE,0,-1,437,9,0,0,0,0,63,3,110,200,0,16,1035,1642,1,0,16,58,130,363,ATK@600
gauntlet/20261001-011402-scrim-g_iter1/losses/chenyx512.flagbot_final__Racetrack__botA.bc24,chenyx512.flagbot_final,0,B,flagbot_final,1,991,CAPTURE,3,539,440,42,0,3,22,42,62,0,25,25,7,3,1157,1730,0,0,2,97,363,130,ATK@600
gauntlet/20261001-011402-scrim-g_iter1/losses/chenyx512.flagbot_final__Swoop__botA.bc24,chenyx512.flagbot_final,1,A,g_iter1,0,875,CAPTURE,0,-1,243,8,0,0,0,0,64,40,200,225,7,15,752,1175,10,0,49,104,64,411,ATK@600
gauntlet/20261001-011402-scrim-g_iter1/losses/chenyx512.flagbot_final__Swoop__botA.bc24,chenyx512.flagbot_final,0,B,flagbot_final,1,875,CAPTURE,3,280,236,8,0,3,40,90,165,1,442,37,18,0,963,1391,0,0,42,234,411,64,ATK@600
gauntlet/20261001-011402-scrim-g_iter1/losses/chenyx512.flagbot_final__Divergent__botB.bc24,chenyx512.flagbot_final,0,A,flagbot_final,1,2000,MORE_FLAG_CAPTURES,2,936,310,17,0,3,15,90,144,0,604,14,18,3,920,1306,0,0,59,537,888,197,ATK@600+HEAL@1200+CAP@1800
gauntlet/20261001-011402-scrim-g_iter1/losses/chenyx512.flagbot_final__Divergent__botB.bc24,chenyx512.flagbot_final,1,B,g_iter1,0,2000,MORE_FLAG_CAPTURES,0,-1,0,0,0,0,0,0,29,43,160,160,8,28,742,1311,16,0,44,198,197,888,ATK@600+HEAL@1200+CAP@1800
gauntlet/20261001-011402-scrim-g_iter1/losses/clbarrell.duck8__OceanFloor__botB.bc24,clbarrell.duck8,0,A,duck8,1,925,CAPTURE,3,281,225,11,0,0,0,0,24,29,200,10,3,3,740,961,1,0,54,77,91,217,ATK@750
gauntlet/20261001-011402-scrim-g_iter1/losses/clbarrell.duck8__OceanFloor__botB.bc24,clbarrell.duck8,1,B,g_iter1,0,925,CAPTURE,2,366,267,6,0,0,0,0,38,25,145,285,4,2,844,951,2,0,47,112,217,91,ATK@600
gauntlet/20261001-011402-scrim-g_iter1/losses/chenyx512.flagbot_final__Tunnels__botB.bc24,chenyx512.flagbot_final,0,A,flagbot_final,1,1850,CAPTURE,3,717,590,36,0,3,23,90,121,2,17,57,18,3,725,1195,0,0,28,525,683,373,ATK@600+HEAL@1200+CAP@1800
gauntlet/20261001-011402-scrim-g_iter1/losses/chenyx512.flagbot_final__Tunnels__botB.bc24,chenyx512.flagbot_final,1,B,g_iter1,0,1850,CAPTURE,0,-1,1753,1,0,0,0,0,60,26,165,265,4,19,785,1313,4,0,50,195,373,683,ATK@600+HEAL@1200+CAP@1800
gauntlet/20261001-011402-scrim-g_iter1/losses/clbarrell.duck8__GaltonBoard__botB.bc24,clbarrell.duck8,0,A,duck8,1,2000,MORE_FLAG_CAPTURES,1,328,285,2,0,0,0,0,3,22,50,28986,3,9,966,1251,1,0,164,483,536,1012,ATK@750+HEAL@1500
gauntlet/20261001-011402-scrim-g_iter1/losses/clbarrell.duck8__GaltonBoard__botB.bc24,clbarrell.duck8,1,B,g_iter1,0,2000,MORE_FLAG_CAPTURES,0,-1,618,2,0,0,0,0,12,19,120,220,3,19,1110,1360,1,0,46,195,1012,536,ATK@600+HEAL@1200+CAP@1800
gauntlet/20261001-011402-scrim-g_iter1/losses/dmtrung14.defaultplayer_intlqualifier__KingQuacksCastle__botB.bc24,dmtrung14.defaultplayer_intlqualifier,0,A,defaultplayer_intlqualifier,1,541,CAPTURE,3,249,226,39,30,3,16,0,36,9,1420,2350,0,2,337,821,6,26,11,41,19,133,
gauntlet/20261001-011402-scrim-g_iter1/losses/dmtrung14.defaultplayer_intlqualifier__KingQuacksCastle__botB.bc24,dmtrung14.defaultplayer_intlqualifier,1,B,g_iter1,0,541,CAPTURE,0,-1,293,3,0,0,0,0,28,30,150,45,4,4,1047,470,2,0,31,31,133,19,
gauntlet/20261001-011402-scrim-g_iter1/losses/hsmalladi.finalbot__AceOfSpades__botA.bc24,hsmalladi.finalbot,1,A,g_iter1,0,329,CAPTURE,0,-1,0,0,0,0,0,0,15,31,155,220,5,7,509,634,21,0,56,57,47,58,
gauntlet/20261001-011402-scrim-g_iter1/losses/hsmalladi.finalbot__AceOfSpades__botA.bc24,hsmalladi.finalbot,0,B,finalbot,1,329,CAPTURE,3,292,245,14,0,3,14,60,19,0,2685,5655,12,0,663,472,6,3,177,157,58,47,
gauntlet/20261001-011402-scrim-g_iter1/losses/hsmalladi.finalbot__HeMustBeFreed__botB.bc24,hsmalladi.finalbot,0,A,finalbot,1,789,CAPTURE,3,421,313,26,7,3,22,38,190,0,2006,4376,6,1,676,704,9,3,83,139,104,82,ATK@600
gauntlet/20261001-011402-scrim-g_iter1/losses/hsmalladi.finalbot__HeMustBeFreed__botB.bc24,hsmalladi.finalbot,1,B,g_iter1,0,789,CAPTURE,1,494,384,4,0,0,0,0,113,14,185,55,2,15,563,905,4,0,22,43,82,104,ATK@600
gauntlet/20261001-011402-scrim-g_iter1/losses/hsmalladi.finalbot__ORV__botB.bc24,hsmalladi.finalbot,0,A,finalbot,1,384,CAPTURE,3,301,239,11,2,3,25,60,60,0,2927,857,12,1,911,907,2,1,96,92,48,34,
gauntlet/20261001-011402-scrim-g_iter1/losses/hsmalladi.finalbot__ORV__botB.bc24,hsmalladi.finalbot,1,B,g_iter1,0,384,CAPTURE,0,-1,238,3,0,0,0,0,31,36,165,290,6,0,717,1108,12,0,44,34,34,48,
gauntlet/20261001-011402-scrim-g_iter1/losses/jmerle.camel_case_v21_final__Battlecode24__botA.bc24,jmerle.camel_case_v21_final,1,A,g_iter1,0,687,CAPTURE,0,-1,0,0,0,0,0,0,60,94,2390,230,12,26,692,816,24,0,133,177,194,203,ATK@600
gauntlet/20261001-011402-scrim-g_iter1/losses/jmerle.camel_case_v21_final__Battlecode24__botA.bc24,jmerle.camel_case_v21_final,0,B,camel_case_v21_final,1,687,CAPTURE,3,448,330,16,0,0,0,0,87,0,9390,18770,0,2,1090,418,0,0,218,329,203,194,ATK@600
gauntlet/20261001-011402-scrim-g_iter1/losses/jmerle.camel_case_v21_final__Fountain__botA.bc24,jmerle.camel_case_v21_final,1,A,g_iter1,0,648,CAPTURE,1,423,336,5,0,0,0,0,42,20,210,290,4,7,875,1335,9,0,37,60,234,165,ATK@600
gauntlet/20261001-011402-scrim-g_iter1/losses/jmerle.camel_case_v21_final__Fountain__botA.bc24,jmerle.camel_case_v21_final,0,B,camel_case_v21_final,1,648,CAPTURE,3,334,257,18,0,0,0,0,30,0,3200,100,0,4,1180,405,0,0,33,63,165,234,ATK@600
gauntlet/20261001-011402-scrim-g_iter1/losses/hsmalladi.finalbot__WheresMyWater__botA.bc24,hsmalladi.finalbot,1,A,g_iter1,0,1028,CAPTURE,2,483,462,2,0,0,0,0,58,29,155,225,5,0,1039,1716,8,0,48,135,440,259,ATK@600
gauntlet/20261001-011402-scrim-g_iter1/losses/hsmalladi.finalbot__WheresMyWater__botA.bc24,hsmalladi.finalbot,0,B,finalbot,1,1028,CAPTURE,3,247,227,37,3,3,16,30,69,7,1900,32,5,4,1161,843,0,3,60,155,259,440,ATK@600
gauntlet/20261001-011402-scrim-g_iter1/losses/jmerle.camel_case_v21_final__StackGame__botA.bc24,jmerle.camel_case_v21_final,1,A,g_iter1,0,357,CAPTURE,0,-1,0,0,0,0,0,0,34,52,185,305,9,22,601,1021,12,0,55,54,64,74,
gauntlet/20261001-011402-scrim-g_iter1/losses/jmerle.camel_case_v21_final__StackGame__botA.bc24,jmerle.camel_case_v21_final,0,B,camel_case_v21_final,1,357,CAPTURE,3,288,237,6,0,0,0,0,27,1,6090,2860,0,1,1079,406,0,0,93,84,74,64,
gauntlet/20261001-011402-scrim-g_iter1/losses/jmerle.camel_case_v21_final__Swoop__botA.bc24,jmerle.camel_case_v21_final,1,A,g_iter1,0,452,CAPTURE,1,437,227,6,0,0,0,0,57,39,125,275,7,1,801,1254,14,0,50,49,101,101,
gauntlet/20261001-011402-scrim-g_iter1/losses/jmerle.camel_case_v21_final__Swoop__botA.bc24,jmerle.camel_case_v21_final,0,B,camel_case_v21_final,1,452,CAPTURE,3,304,229,10,0,0,0,0,24,0,5980,3190,0,1,1241,528,0,0,85,90,101,101,
gauntlet/20261001-011402-scrim-g_iter1/losses/jmerle.camel_case_v21_final__Canals__botA.bc24,jmerle.camel_case_v21_final,1,A,g_iter1,0,795,CAPTURE,0,-1,0,0,0,0,0,0,0,62,235,275,11,2,717,1102,15,0,65,110,289,261,ATK@600
gauntlet/20261001-011402-scrim-g_iter1/losses/jmerle.camel_case_v21_final__Canals__botA.bc24,jmerle.camel_case_v21_final,0,B,camel_case_v21_final,1,795,CAPTURE,3,330,271,18,0,0,0,0,0,0,7000,2430,0,2,1295,432,0,0,113,197,261,289,ATK@600
gauntlet/20261001-011402-scrim-g_iter1/losses/hsmalladi.finalbot__WheresMyWater__botB.bc24,hsmalladi.finalbot,0,A,finalbot,1,1630,CAPTURE,3,281,265,89,7,3,31,27,79,6,1966,106,4,0,1198,1195,0,3,56,240,624,705,ATK@600+HEAL@1200
gauntlet/20261001-011402-scrim-g_iter1/losses/hsmalladi.finalbot__WheresMyWater__botB.bc24,hsmalladi.finalbot,1,B,g_iter1,0,1630,CAPTURE,1,1022,836,6,0,0,0,0,52,29,120,245,4,0,1019,1601,14,0,50,263,705,624,ATK@600+HEAL@1200
gauntlet/20261001-011402-scrim-g_iter1/losses/jmerle.camel_case_v21_final__YearOfTheDragon__botA.bc24,jmerle.camel_case_v21_final,1,A,g_iter1,0,605,CAPTURE,0,-1,222,4,0,0,0,0,7,109,620,280,11,3,739,1124,24,0,110,111,150,147,ATK@600
gauntlet/20261001-011402-scrim-g_iter1/losses/jmerle.camel_case_v21_final__YearOfTheDragon__botA.bc24,jmerle.camel_case_v21_final,0,B,camel_case_v21_final,1,605,CAPTURE,3,312,234,16,0,0,0,0,7,5,12490,5260,0,0,1137,415,0,0,140,204,147,150,ATK@600
gauntlet/20261001-011402-scrim-g_iter1/losses/kyleezz.jeeryfix3__Backslash__botB.bc24,kyleezz.jeeryfix3,0,A,jeeryfix3,1,2000,MORE_FLAG_CAPTURES,2,357,245,12,0,0,0,0,236,0,20,9050,0,1,1042,860,0,0,147,378,562,1443,ATK@600+CAP@1200+HEAL@1800
gauntlet/20261001-011402-scrim-g_iter1/losses/kyleezz.jeeryfix3__Backslash__botB.bc24,kyleezz.jeeryfix3,1,B,g_iter1,0,2000,MORE_FLAG_CAPTURES,1,1768,315,7,0,0,0,0,161,18,160,230,2,12,1061,1122,11,0,79,296,1443,562,ATK@600+HEAL@1200+CAP@1800
gauntlet/20261001-011402-scrim-g_iter1/losses/kyleezz.jeeryfix3__Intercontinental__botB.bc24,kyleezz.jeeryfix3,0,A,jeeryfix3,1,1160,CAPTURE,3,268,221,28,0,0,0,0,159,0,30,690,0,0,587,507,0,0,16,87,183,556,ATK@600
gauntlet/20261001-011402-scrim-g_iter1/losses/kyleezz.jeeryfix3__Intercontinental__botB.bc24,kyleezz.jeeryfix3,1,B,g_iter1,0,1160,CAPTURE,1,386,328,4,0,0,0,0,75,18,145,195,2,6,616,801,9,0,16,102,556,183,ATK@600
gauntlet/20261001-011402-scrim-g_iter1/losses/quesswho.cretplayer2_3__ORV__botA.bc24,quesswho.cretplayer2_3,1,A,g_iter1,0,636,CAPTURE,1,534,327,13,0,0,0,0,37,37,185,300,6,1,947,1067,11,0,57,79,141,117,ATK@600
gauntlet/20261001-011402-scrim-g_iter1/losses/quesswho.cretplayer2_3__ORV__botA.bc24,quesswho.cretplayer2_3,0,B,cretplayer2_3,1,636,CAPTURE,3,302,238,11,0,3,16,0,29,0,4730,920,0,3,875,948,0,6,89,108,117,141,ATK@600
gauntlet/20261001-011402-scrim-g_iter1/losses/quesswho.cretplayer2_3__AceOfSpades__botA.bc24,quesswho.cretplayer2_3,1,A,g_iter1,0,699,CAPTURE,2,556,312,13,0,0,0,0,13,34,145,250,5,1,575,1029,8,0,48,92,204,127,ATK@600
gauntlet/20261001-011402-scrim-g_iter1/losses/quesswho.cretplayer2_3__AceOfSpades__botA.bc24,quesswho.cretplayer2_3,0,B,cretplayer2_3,1,699,CAPTURE,3,557,235,29,0,3,22,0,11,0,3870,12840,0,4,816,815,0,2,233,266,127,204,ATK@600
gauntlet/20261001-011402-scrim-g_iter1/losses/quesswho.cretplayer2_3__BigDucksBigPond__botA.bc24,quesswho.cretplayer2_3,1,A,g_iter1,0,1191,CAPTURE,1,497,379,29,0,0,0,0,88,38,185,235,6,0,1052,1081,16,0,88,203,501,267,ATK@600
gauntlet/20261001-011402-scrim-g_iter1/losses/quesswho.cretplayer2_3__BigDucksBigPond__botA.bc24,quesswho.cretplayer2_3,0,B,cretplayer2_3,1,1191,CAPTURE,3,415,253,21,0,3,39,0,64,0,5180,890,0,3,792,858,0,3,63,123,267,501,ATK@600
gauntlet/20261001-011402-scrim-g_iter1/losses/winkelmantanner.waffle__Islands__botB.bc24,winkelmantanner.waffle,0,A,waffle,1,359,CAPTURE,3,289,229,14,0,0,0,0,36,62,983,516,5,4,887,971,0,0,92,77,41,41,
gauntlet/20261001-011402-scrim-g_iter1/losses/winkelmantanner.waffle__Islands__botB.bc24,winkelmantanner.waffle,1,B,g_iter1,0,359,CAPTURE,0,-1,0,0,0,0,0,0,79,49,170,290,9,0,840,1070,13,0,51,40,41,41,
gauntlet/20261001-011402-scrim-g_iter1/losses/kyleezz.jeeryfix3__Klein__botB.bc24,kyleezz.jeeryfix3,0,A,jeeryfix3,1,2000,MORE_FLAG_CAPTURES,2,257,241,13,0,0,0,0,256,0,1320,10,0,6,566,338,0,0,18,214,460,1307,ATK@600+CAP@1200+HEAL@1800
gauntlet/20261001-011402-scrim-g_iter1/losses/kyleezz.jeeryfix3__Klein__botB.bc24,kyleezz.jeeryfix3,1,B,g_iter1,0,2000,MORE_FLAG_CAPTURES,1,390,374,4,0,0,0,0,97,46,195,285,8,2,699,893,13,0,47,331,1307,460,ATK@600+HEAL@1200+CAP@1800
gauntlet/20261001-011402-scrim-g_iter1/losses/winkelmantanner.waffle__Soccer__botB.bc24,winkelmantanner.waffle,0,A,waffle,1,643,CAPTURE,3,393,287,22,0,0,0,0,14,18,3180,740,0,5,1027,961,0,0,75,101,119,200,ATK@600
gauntlet/20261001-011402-scrim-g_iter1/losses/winkelmantanner.waffle__Soccer__botB.bc24,winkelmantanner.waffle,1,B,g_iter1,0,643,CAPTURE,1,496,411,5,0,0,0,0,21,37,200,130,7,0,1109,1332,12,0,45,88,200,119,ATK@600
gauntlet/20261001-011402-scrim-g_iter1/replays/ColtG5.Goob_final__Swoop__botB.bc24,ColtG5.Goob_final,0,A,Goob_final,0,1949,CAPTURE,1,270,223,17,0,0,0,0,58,0,4960,60,0,16,1106,850,2,0,64,257,494,1462,ATK@600+HEAL@1200+CAP@1800
gauntlet/20261001-011402-scrim-g_iter1/replays/ColtG5.Goob_final__Swoop__botB.bc24,ColtG5.Goob_final,1,B,g_iter1,1,1949,CAPTURE,3,384,334,14,0,0,0,0,57,40,170,280,7,17,1273,1587,13,0,59,411,1462,494,ATK@600+HEAL@1200+CAP@1800
gauntlet/20261001-011402-scrim-g_iter1/losses/winkelmantanner.waffle__Tunnels__botB.bc24,winkelmantanner.waffle,0,A,waffle,1,637,CAPTURE,3,286,253,11,0,0,0,0,29,3,3630,1010,0,11,856,957,0,0,66,89,102,122,ATK@600
gauntlet/20261001-011402-scrim-g_iter1/losses/winkelmantanner.waffle__Tunnels__botB.bc24,winkelmantanner.waffle,1,B,g_iter1,0,637,CAPTURE,0,-1,0,0,0,0,0,0,63,23,135,235,3,11,836,888,6,0,45,67,122,102,ATK@600
gauntlet/20261001-011402-scrim-g_iter1/losses/winkelmantanner.waffle__Mountain__botB.bc24,winkelmantanner.waffle,0,A,waffle,1,2000,MORE_FLAG_CAPTURES,2,274,235,11,0,0,0,0,20,4,5500,3060,0,5,963,931,0,0,88,254,553,1079,ATK@600+HEAL@1200+CAP@1800
gauntlet/20261001-011402-scrim-g_iter1/losses/winkelmantanner.waffle__Mountain__botB.bc24,winkelmantanner.waffle,1,B,g_iter1,0,2000,MORE_FLAG_CAPTURES,0,-1,0,0,0,0,0,0,34,45,160,220,8,0,989,1273,13,0,59,221,1079,553,ATK@600+HEAL@1200+CAP@1800
gauntlet/20261001-011402-scrim-g_iter1/replays/ColtG5.Goob_final__SteamboatMickey__botB.bc24,ColtG5.Goob_final,0,A,Goob_final,0,1811,CAPTURE,2,374,324,13,0,0,0,0,46,0,8320,11990,0,9,991,821,12,0,136,372,404,1128,ATK@600+HEAL@1200+CAP@1800
gauntlet/20261001-011402-scrim-g_iter1/replays/ColtG5.Goob_final__SteamboatMickey__botB.bc24,ColtG5.Goob_final,1,B,g_iter1,1,1811,CAPTURE,3,493,443,8,0,0,0,0,10,74,660,260,11,24,1079,1283,24,0,92,438,1128,404,ATK@600+HEAL@1200+CAP@1800
gauntlet/20261001-011402-scrim-g_iter1/replays/CyrilSharma.finalBot__OceanFloor__botA.bc24,CyrilSharma.finalBot,1,A,g_iter1,1,2000,MORE_BREAD,2,682,238,11,0,0,0,0,38,23,145,275,4,5,651,831,4,0,36,198,353,359,ATK@600+HEAL@1200+CAP@1800
gauntlet/20261001-011402-scrim-g_iter1/replays/CyrilSharma.finalBot__OceanFloor__botA.bc24,CyrilSharma.finalBot,0,B,finalBot,0,2000,MORE_BREAD,2,366,249,21,0,0,0,60,3,3,2462,102,12,2,825,976,0,0,92,456,359,353,ATK@600+HEAL@1200+CAP@1800
gauntlet/20261001-011402-scrim-g_iter1/losses/winkelmantanner.waffle__Puzzle__botA.bc24,winkelmantanner.waffle,1,A,g_iter1,0,1968,CAPTURE,1,1082,234,9,0,0,0,0,12,19,135,170,3,0,837,1002,24,0,99,280,915,368,ATK@600+HEAL@1200+CAP@1800
gauntlet/20261001-011402-scrim-g_iter1/losses/winkelmantanner.waffle__Puzzle__botA.bc24,winkelmantanner.waffle,0,B,waffle,1,1968,CAPTURE,3,412,274,74,0,0,0,0,1,3,2070,3870,0,1,834,783,0,0,144,282,368,915,ATK@600+HEAL@1200+CAP@1800
gauntlet/20261001-011402-scrim-g_iter1/replays/CyrilSharma.finalBot__Racetrack__botB.bc24,CyrilSharma.finalBot,0,A,finalBot,0,1694,CAPTURE,0,-1,541,17,0,0,0,20,41,0,782,68,2,5,871,1223,0,0,9,226,346,582,ATK@600+HEAL@1200
gauntlet/20261001-011402-scrim-g_iter1/replays/CyrilSharma.finalBot__Racetrack__botB.bc24,CyrilSharma.finalBot,1,B,g_iter1,1,1694,CAPTURE,3,501,391,9,0,0,0,0,63,3,110,170,0,5,1202,1546,1,0,21,127,582,346,ATK@600+HEAL@1200
gauntlet/20261001-011402-scrim-g_iter1/replays/SampleProvider.TSPAARKSPRINT1__WheresMyWater__botA.bc24,SampleProvider.TSPAARKSPRINT1,1,A,g_iter1,1,1650,CAPTURE,3,269,253,25,0,0,0,0,57,29,185,265,5,6,1373,1172,8,0,59,239,722,110,ATK@600+HEAL@1200
gauntlet/20261001-011402-scrim-g_iter1/replays/SampleProvider.TSPAARKSPRINT1__WheresMyWater__botA.bc24,SampleProvider.TSPAARKSPRINT1,0,B,TSPAARKSPRINT1,0,1650,CAPTURE,2,293,245,37,0,3,0,0,169,2,30,30,0,18,668,1923,1,19,0,73,110,722,ATK@600+CAP@1200
gauntlet/20261001-011402-scrim-g_iter1/replays/SampleProvider.TSPAARKSPRINT1__Waterworld__botA.bc24,SampleProvider.TSPAARKSPRINT1,1,A,g_iter1,1,1448,CAPTURE,3,428,260,19,0,0,0,0,196,62,182,242,11,11,1029,1079,24,0,71,256,686,127,ATK@600+HEAL@1200
gauntlet/20261001-011402-scrim-g_iter1/replays/SampleProvider.TSPAARKSPRINT1__Waterworld__botA.bc24,SampleProvider.TSPAARKSPRINT1,0,B,TSPAARKSPRINT1,0,1448,CAPTURE,1,708,275,58,0,3,32,0,492,6,940,50,0,7,618,1490,5,24,2,64,127,686,ATK@600+CAP@1200
gauntlet/20261001-011402-scrim-g_iter1/replays/SampleProvider.TSPAARKSPRINT1__QuestionableChess__botB.bc24,SampleProvider.TSPAARKSPRINT1,0,A,TSPAARKSPRINT1,0,2000,MORE_FLAG_CAPTURES,1,424,257,47,0,3,0,0,73,2,10,30,0,15,604,1453,0,2,0,57,241,1070,ATK@600+CAP@1200+HEAL@1800
gauntlet/20261001-011402-scrim-g_iter1/replays/SampleProvider.TSPAARKSPRINT1__QuestionableChess__botB.bc24,SampleProvider.TSPAARKSPRINT1,1,B,g_iter1,1,2000,MORE_FLAG_CAPTURES,2,260,234,14,0,0,0,0,57,4,190,140,0,9,1032,966,1,0,18,374,1070,241,ATK@600+HEAL@1200+CAP@1800
gauntlet/20261001-011402-scrim-g_iter1/replays/SampleProvider.TSPAARKSPRINT1__Soccer__botB.bc24,SampleProvider.TSPAARKSPRINT1,0,A,TSPAARKSPRINT1,0,1802,CAPTURE,2,772,266,56,0,3,38,0,48,4,3560,80,0,9,661,1732,9,23,2,86,168,997,ATK@600+CAP@1200+HEAL@1800
gauntlet/20261001-011402-scrim-g_iter1/replays/SampleProvider.TSPAARKSPRINT1__Soccer__botB.bc24,SampleProvider.TSPAARKSPRINT1,1,B,g_iter1,1,1802,CAPTURE,3,1441,347,49,0,0,0,0,24,38,130,235,7,1,1224,1285,11,0,51,327,997,168,ATK@600+HEAL@1200+CAP@1800
gauntlet/20261001-011402-scrim-g_iter1/replays/awu7.ExplosiveBot__BedWars__botB.bc24,awu7.ExplosiveBot,0,A,ExplosiveBot,0,857,CAPTURE,0,-1,575,10,0,0,0,0,0,11,2900,10,0,2,67,18,18,0,3,13,37,216,ATK@600
gauntlet/20261001-011402-scrim-g_iter1/replays/awu7.ExplosiveBot__BedWars__botB.bc24,awu7.ExplosiveBot,1,B,g_iter1,1,857,CAPTURE,3,611,472,5,0,0,0,0,0,43,190,30,7,16,84,89,7,0,38,44,216,37,ATK@600
gauntlet/20261001-011402-scrim-g_iter1/replays/awu7.ExplosiveBot__BedWars__botA.bc24,awu7.ExplosiveBot,1,A,g_iter1,1,719,CAPTURE,3,481,455,5,0,0,0,0,0,42,180,20,7,8,62,84,8,0,34,19,122,37,ATK@600
gauntlet/20261001-011402-scrim-g_iter1/replays/awu7.ExplosiveBot__BedWars__botA.bc24,awu7.ExplosiveBot,0,B,ExplosiveBot,0,719,CAPTURE,0,-1,675,4,0,0,0,0,0,13,2500,20,0,3,53,26,18,0,3,19,37,122,ATK@600
gauntlet/20261001-011402-scrim-g_iter1/replays/Strequals.duck0127v5__Divergent__botB.bc24,Strequals.duck0127v5,0,A,duck0127v5,0,2000,LEVEL_SUM,0,-1,610,26,0,0,0,90,29,0,2849,1679,18,8,671,783,0,1,72,303,350,246,ATK@600+HEAL@1200+CAP@1800
gauntlet/20261001-011402-scrim-g_iter1/replays/Strequals.duck0127v5__Divergent__botB.bc24,Strequals.duck0127v5,1,B,g_iter1,1,2000,LEVEL_SUM,0,-1,349,9,0,0,0,0,27,44,171,251,7,9,511,940,19,0,44,193,246,350,ATK@600+HEAL@1200+CAP@1800
gauntlet/20261001-011402-scrim-g_iter1/replays/andrewgopher.player22__TwistedTreeline__botB.bc24,andrewgopher.player22,0,A,player22,0,2000,LEVEL_SUM,1,274,231,12,0,3,0,0,66,0,2820,120,0,2,1231,576,4,0,47,280,539,885,ATK@600+HEAL@1200+CAP@1800
gauntlet/20261001-011402-scrim-g_iter1/replays/andrewgopher.player22__TwistedTreeline__botB.bc24,andrewgopher.player22,1,B,g_iter1,1,2000,LEVEL_SUM,1,1809,1436,7,0,0,0,0,63,25,160,245,3,19,909,1380,4,0,46,249,885,539,ATK@600+HEAL@1200+CAP@1800
gauntlet/20261001-011402-scrim-g_iter1/replays/awu7.ExplosiveBot__DefaultLarge__botB.bc24,awu7.ExplosiveBot,0,A,ExplosiveBot,0,874,CAPTURE,0,-1,311,24,12,0,0,0,98,10,160,60,0,18,740,614,21,0,15,59,77,542,ATK@600
gauntlet/20261001-011402-scrim-g_iter1/replays/awu7.ExplosiveBot__DefaultLarge__botB.bc24,awu7.ExplosiveBot,1,B,g_iter1,1,874,CAPTURE,3,704,337,12,0,0,0,0,41,23,200,135,3,9,1302,1486,9,0,90,186,542,77,ATK@600
gauntlet/20261001-011402-scrim-g_iter1/replays/awu7.ExplosiveBot__Diagonal__botA.bc24,awu7.ExplosiveBot,1,A,g_iter1,1,2000,MORE_FLAG_CAPTURES,1,616,356,10,0,0,0,0,22,58,146,306,11,3,822,935,23,0,61,256,617,143,ATK@600+HEAL@1200+CAP@1800
gauntlet/20261001-011402-scrim-g_iter1/replays/awu7.ExplosiveBot__Diagonal__botA.bc24,awu7.ExplosiveBot,0,B,ExplosiveBot,0,2000,MORE_FLAG_CAPTURES,0,-1,1806,1,0,0,0,0,43,9,5310,5810,0,15,597,560,0,0,19,75,143,617,ATK@600+HEAL@1200
gauntlet/20261001-011402-scrim-g_iter1/replays/awu7.ExplosiveBot__OceanFloor__botA.bc24,awu7.ExplosiveBot,1,A,g_iter1,1,1493,CAPTURE,3,274,224,21,0,0,0,0,33,27,165,205,5,4,1136,1217,4,0,69,377,974,126,ATK@600+HEAL@1200
gauntlet/20261001-011402-scrim-g_iter1/replays/awu7.ExplosiveBot__OceanFloor__botA.bc24,awu7.ExplosiveBot,0,B,ExplosiveBot,0,1493,CAPTURE,1,1033,219,51,21,0,0,0,82,10,240,30,0,7,839,705,6,0,15,78,126,974,ATK@600+HEAL@1200
gauntlet/20261001-011402-scrim-g_iter1/replays/clbarrell.duck8__AceOfSpades__botB.bc24,clbarrell.duck8,0,A,duck8,0,695,CAPTURE,1,338,229,33,0,0,0,0,16,29,160,12070,2,8,937,1178,7,0,198,256,130,191,
gauntlet/20261001-011402-scrim-g_iter1/replays/clbarrell.duck8__AceOfSpades__botB.bc24,clbarrell.duck8,1,B,g_iter1,1,695,CAPTURE,3,464,258,6,0,0,0,0,11,33,295,235,5,0,1050,1262,7,0,56,82,191,130,ATK@600
gauntlet/20261001-011402-scrim-g_iter1/replays/clbarrell.duck8__Pancakes__botB.bc24,clbarrell.duck8,0,A,duck8,0,696,CAPTURE,1,504,446,4,0,0,0,0,3,22,90,40,2,3,814,917,1,0,94,106,41,159,
gauntlet/20261001-011402-scrim-g_iter1/replays/clbarrell.duck8__Pancakes__botB.bc24,clbarrell.duck8,1,B,g_iter1,1,696,CAPTURE,3,330,274,3,0,0,0,0,14,18,190,195,2,16,1002,1227,10,0,53,54,159,41,ATK@600
gauntlet/20261001-011402-scrim-g_iter1/replays/awu7.ExplosiveBot__Randy__botB.bc24,awu7.ExplosiveBot,0,A,ExplosiveBot,0,1728,CAPTURE,0,-1,230,61,13,0,0,0,6,3,5320,5080,0,18,702,664,18,0,13,150,208,1174,ATK@600+HEAL@1200
gauntlet/20261001-011402-scrim-g_iter1/replays/awu7.ExplosiveBot__Randy__botB.bc24,awu7.ExplosiveBot,1,B,g_iter1,1,1728,CAPTURE,3,542,232,10,0,0,0,0,6,49,225,285,9,21,1142,1212,10,0,69,319,1174,208,ATK@600+HEAL@1200
gauntlet/20261001-011402-scrim-g_iter1/replays/clbarrell.duck8__Foxes__botB.bc24,clbarrell.duck8,0,A,duck8,0,1341,CAPTURE,0,-1,329,4,0,0,0,0,10,55,2620,180,3,7,841,1048,16,0,89,196,208,609,ATK@750
gauntlet/20261001-011402-scrim-g_iter1/replays/clbarrell.duck8__Foxes__botB.bc24,clbarrell.duck8,1,B,g_iter1,1,1341,CAPTURE,3,390,312,6,0,0,0,0,18,75,655,245,12,16,1144,1293,25,0,82,185,609,208,ATK@600+HEAL@1200
gauntlet/20261001-011402-scrim-g_iter1/replays/clbarrell.duck8__QuestionableChess__botB.bc24,clbarrell.duck8,0,A,duck8,0,2000,MORE_FLAG_CAPTURES,1,501,220,15,0,0,0,0,30,15,40,40,2,4,890,860,0,0,39,256,471,1079,ATK@750+HEAL@1500
gauntlet/20261001-011402-scrim-g_iter1/replays/clbarrell.duck8__QuestionableChess__botB.bc24,clbarrell.duck8,1,B,g_iter1,1,2000,MORE_FLAG_CAPTURES,2,1796,1723,5,0,0,0,0,60,4,100,120,0,25,1125,1074,1,0,14,169,1079,471,ATK@600+HEAL@1200+CAP@1800
gauntlet/20261001-011402-scrim-g_iter1/replays/dmtrung14.defaultplayer_intlqualifier__Battlecode24__botA.bc24,dmtrung14.defaultplayer_intlqualifier,1,A,g_iter1,1,2000,MORE_FLAG_CAPTURES,2,446,238,7,0,0,0,0,76,96,1750,173,12,6,982,375,24,0,180,386,1207,15,ATK@600+HEAL@1200+CAP@1800
gauntlet/20261001-011402-scrim-g_iter1/replays/dmtrung14.defaultplayer_intlqualifier__Battlecode24__botA.bc24,dmtrung14.defaultplayer_intlqualifier,0,B,defaultplayer_intlqualifier,0,2000,MORE_FLAG_CAPTURES,0,-1,932,4,0,3,19,0,125,17,5350,10680,0,1,239,801,5,27,16,77,15,1207,ATK@600+HEAL@1200+CAP@1800
gauntlet/20261001-011402-scrim-g_iter1/replays/dmtrung14.defaultplayer_intlqualifier__BreadPudding__botA.bc24,dmtrung14.defaultplayer_intlqualifier,1,A,g_iter1,1,2000,LEVEL_SUM,0,-1,297,17,0,0,0,0,42,30,205,240,5,23,819,468,7,0,35,93,345,38,ATK@600+HEAL@1200+CAP@1800
gauntlet/20261001-011402-scrim-g_iter1/replays/dmtrung14.defaultplayer_intlqualifier__BreadPudding__botA.bc24,dmtrung14.defaultplayer_intlqualifier,0,B,defaultplayer_intlqualifier,0,2000,LEVEL_SUM,0,-1,240,11,5,3,13,0,49,13,1630,1790,0,2,264,529,6,15,5,68,38,345,ATK@600+HEAL@1200+CAP@1800
gauntlet/20261001-011402-scrim-g_iter1/replays/dmtrung14.defaultplayer_intlqualifier__QueenOfHearts__botA.bc24,dmtrung14.defaultplayer_intlqualifier,1,A,g_iter1,1,1296,CAPTURE,3,443,282,9,0,0,0,0,71,28,175,245,4,9,1343,664,10,0,26,219,1237,43,ATK@600+HEAL@1200
gauntlet/20261001-011402-scrim-g_iter1/replays/dmtrung14.defaultplayer_intlqualifier__QueenOfHearts__botA.bc24,dmtrung14.defaultplayer_intlqualifier,0,B,defaultplayer_intlqualifier,0,1296,CAPTURE,2,497,235,66,43,3,38,0,89,24,230,90,0,2,434,967,6,19,20,80,43,1237,ATK@600+HEAL@1200
gauntlet/20261001-011402-scrim-g_iter1/replays/hsmalladi.finalbot__Fountain__botB.bc24,hsmalladi.finalbot,0,A,finalbot,0,2000,MORE_FLAG_CAPTURES,1,1182,1151,29,3,3,31,34,44,0,2028,58,6,0,366,407,0,2,27,163,137,334,ATK@600+HEAL@1200+CAP@1800
gauntlet/20261001-011402-scrim-g_iter1/replays/hsmalladi.finalbot__Fountain__botB.bc24,hsmalladi.finalbot,1,B,g_iter1,1,2000,MORE_FLAG_CAPTURES,2,369,309,19,0,0,0,0,41,20,250,155,3,3,306,582,11,0,27,124,334,137,ATK@600+HEAL@1200+CAP@1800
gauntlet/20261001-011402-scrim-g_iter1/replays/dmtrung14.defaultplayer_intlqualifier__Diagonal__botB.bc24,dmtrung14.defaultplayer_intlqualifier,0,A,defaultplayer_intlqualifier,0,2000,MORE_FLAG_CAPTURES,0,-1,0,3,0,3,15,0,38,22,3560,2190,0,2,194,557,6,38,20,81,32,139,ATK@600+HEAL@1200+CAP@1800
gauntlet/20261001-011402-scrim-g_iter1/replays/dmtrung14.defaultplayer_intlqualifier__Diagonal__botB.bc24,dmtrung14.defaultplayer_intlqualifier,1,B,g_iter1,1,2000,MORE_FLAG_CAPTURES,1,435,256,12,0,0,0,0,26,55,195,270,9,17,628,323,18,0,53,88,139,32,ATK@600+HEAL@1200+CAP@1800
gauntlet/20261001-011402-scrim-g_iter1/replays/jonters.bling3__Backslash__botB.bc24,jonters.bling3,0,A,bling3,0,781,CAPTURE,1,373,318,2,0,0,0,0,231,0,170,2620,0,4,660,1305,34,0,13,62,97,329,ATK@600
gauntlet/20261001-011402-scrim-g_iter1/replays/jonters.bling3__Backslash__botB.bc24,jonters.bling3,1,B,g_iter1,1,781,CAPTURE,3,313,230,15,0,0,0,0,175,17,130,240,3,12,1115,1330,21,0,114,158,329,97,ATK@600
gauntlet/20261001-011402-scrim-g_iter1/replays/dmtrung14.defaultplayer_intlqualifier__DefaultLarge__botA.bc24,dmtrung14.defaultplayer_intlqualifier,1,A,g_iter1,1,2000,LEVEL_SUM,1,935,337,6,0,0,0,0,42,23,150,25,3,3,1131,652,6,0,34,107,682,33,ATK@600+HEAL@1200+CAP@1800
gauntlet/20261001-011402-scrim-g_iter1/replays/dmtrung14.defaultplayer_intlqualifier__DefaultLarge__botA.bc24,dmtrung14.defaultplayer_intlqualifier,0,B,defaultplayer_intlqualifier,0,2000,LEVEL_SUM,1,424,340,43,36,3,15,0,66,16,20,3380,0,3,426,1079,6,41,22,99,33,682,ATK@600+HEAL@1200+CAP@1800
gauntlet/20261001-011402-scrim-g_iter1/replays/jonters.bling3__Duck__botB.bc24,jonters.bling3,0,A,bling3,0,905,CAPTURE,0,-1,294,7,0,0,0,0,83,14,10,30,0,0,687,1281,14,0,1,40,98,313,ATK@600
gauntlet/20261001-011402-scrim-g_iter1/replays/jonters.bling3__Duck__botB.bc24,jonters.bling3,1,B,g_iter1,1,905,CAPTURE,3,379,281,12,0,0,0,0,48,31,185,195,5,5,1044,1017,9,0,48,128,313,98,ATK@600
gauntlet/20261001-011402-scrim-g_iter1/replays/jonters.bling3__Bunkers__botA.bc24,jonters.bling3,1,A,g_iter1,1,1418,CAPTURE,3,271,215,6,0,0,0,0,29,35,180,255,6,4,1197,1561,9,0,44,170,648,130,ATK@600+HEAL@1200
gauntlet/20261001-011402-scrim-g_iter1/replays/jonters.bling3__Bunkers__botA.bc24,jonters.bling3,0,B,bling3,0,1418,CAPTURE,1,310,256,6,0,0,0,0,66,16,20,140,0,9,781,1555,23,0,9,85,130,648,ATK@600+HEAL@1200
gauntlet/20261001-011402-scrim-g_iter1/replays/jonters.bling3__Snake__botB.bc24,jonters.bling3,0,A,bling3,0,340,CAPTURE,0,-1,304,4,0,0,0,0,224,0,8780,10010,0,0,273,277,58,0,6,15,33,54,
gauntlet/20261001-011402-scrim-g_iter1/replays/jonters.bling3__Snake__botB.bc24,jonters.bling3,1,B,g_iter1,1,340,CAPTURE,3,300,221,3,0,0,0,0,182,83,655,289,12,12,436,399,24,0,306,141,54,33,
gauntlet/20261001-011402-scrim-g_iter1/replays/justinottesen.sprint1__Fountain__botA.bc24,justinottesen.sprint1,1,A,g_iter1,1,613,CAPTURE,3,278,230,15,0,0,0,0,39,21,130,185,3,5,1232,344,9,0,47,85,291,24,ATK@600
gauntlet/20261001-011402-scrim-g_iter1/replays/justinottesen.sprint1__Fountain__botA.bc24,justinottesen.sprint1,0,B,sprint1,0,613,CAPTURE,0,-1,555,7,0,0,0,0,64,0,2180,13,0,13,216,1039,12,0,0,15,24,291,ATK@600
gauntlet/20261001-011402-scrim-g_iter1/replays/justinottesen.sprint1__Decision__botA.bc24,justinottesen.sprint1,1,A,g_iter1,1,812,CAPTURE,3,344,248,11,0,0,0,0,82,17,135,405,2,3,1550,475,1,0,73,187,468,15,ATK@600
gauntlet/20261001-011402-scrim-g_iter1/replays/justinottesen.sprint1__Decision__botA.bc24,justinottesen.sprint1,0,B,sprint1,0,812,CAPTURE,0,-1,391,10,0,0,0,0,120,2,100,40,0,4,210,740,4,0,0,18,15,468,ATK@600
gauntlet/20261001-011402-scrim-g_iter1/replays/jonters.bling3__Starfish__botA.bc24,jonters.bling3,1,A,g_iter1,1,1361,CAPTURE,3,279,243,4,0,0,0,0,102,25,190,40,3,32,619,722,9,0,25,150,385,144,ATK@600+HEAL@1200
gauntlet/20261001-011402-scrim-g_iter1/replays/jonters.bling3__Starfish__botA.bc24,jonters.bling3,0,B,bling3,0,1361,CAPTURE,0,-1,525,12,0,0,0,0,216,0,20,20,0,20,412,592,0,0,0,12,144,385,ATK@600+HEAL@1200
gauntlet/20261001-011402-scrim-g_iter1/replays/justinottesen.sprint1__OceanFloor__botB.bc24,justinottesen.sprint1,0,A,sprint1,0,729,CAPTURE,0,-1,364,5,0,0,0,0,76,6,120,80,0,4,215,797,10,0,0,19,16,409,ATK@600
gauntlet/20261001-011402-scrim-g_iter1/replays/justinottesen.sprint1__OceanFloor__botB.bc24,justinottesen.sprint1,1,B,g_iter1,1,729,CAPTURE,3,422,255,10,0,0,0,0,30,28,115,155,5,4,1581,468,2,0,83,152,409,16,ATK@600
gauntlet/20261001-011402-scrim-g_iter1/replays/jonters.bling3__Waterworld__botB.bc24,jonters.bling3,0,A,bling3,0,1179,CAPTURE,1,1153,802,8,0,0,0,0,540,0,100,390,0,7,773,1668,17,0,0,55,126,597,ATK@600
gauntlet/20261001-011402-scrim-g_iter1/replays/jonters.bling3__Waterworld__botB.bc24,jonters.bling3,1,B,g_iter1,1,1179,CAPTURE,3,617,227,29,0,0,0,0,288,62,85,205,11,3,1197,1449,24,0,80,247,597,126,ATK@600
gauntlet/20261001-011402-scrim-g_iter1/replays/justinottesen.sprint1__StackGame__botB.bc24,justinottesen.sprint1,0,A,sprint1,0,731,CAPTURE,0,-1,333,4,0,0,0,0,51,27,70,140,0,5,213,1109,36,0,0,53,33,569,ATK@600
gauntlet/20261001-011402-scrim-g_iter1/replays/justinottesen.sprint1__StackGame__botB.bc24,justinottesen.sprint1,1,B,g_iter1,1,731,CAPTURE,3,557,437,7,0,0,0,0,33,54,180,240,9,27,1700,706,11,0,63,125,569,33,ATK@600
gauntlet/20261001-011402-scrim-g_iter1/replays/kyleezz.jeeryfix3__Fusbol__botA.bc24,kyleezz.jeeryfix3,1,A,g_iter1,1,2000,MORE_FLAG_CAPTURES,1,1848,1313,19,0,0,0,0,106,36,698,308,5,9,934,1163,24,0,42,641,1559,258,ATK@600+HEAL@1200+CAP@1800
gauntlet/20261001-011402-scrim-g_iter1/replays/kyleezz.jeeryfix3__Fusbol__botA.bc24,kyleezz.jeeryfix3,0,B,jeeryfix3,0,2000,MORE_FLAG_CAPTURES,0,-1,0,0,0,0,0,0,186,7,3320,3800,0,21,874,436,0,0,96,249,258,1559,ATK@600+CAP@1200+HEAL@1800
gauntlet/20261001-011402-scrim-g_iter1/replays/kyleezz.jeeryfix3__BedWars__botA.bc24,kyleezz.jeeryfix3,1,A,g_iter1,1,2000,LEVEL_SUM,0,-1,356,4,0,0,0,0,0,44,200,85,8,7,3,0,6,0,41,0,0,5,ATK@600+HEAL@1200+CAP@1800
gauntlet/20261001-011402-scrim-g_iter1/replays/kyleezz.jeeryfix3__BedWars__botA.bc24,kyleezz.jeeryfix3,0,B,jeeryfix3,0,2000,LEVEL_SUM,0,-1,0,0,0,0,0,0,0,0,4800,1390,0,0,28,6,0,0,14,1,5,0,ATK@600+CAP@1200+HEAL@1800
gauntlet/20261001-011402-scrim-g_iter1/replays/quesswho.cretplayer2_3__Checkered__botA.bc24,quesswho.cretplayer2_3,1,A,g_iter1,1,850,CAPTURE,3,398,244,8,0,0,0,0,0,63,220,250,11,7,849,1081,16,0,69,118,175,126,ATK@600
gauntlet/20261001-011402-scrim-g_iter1/replays/quesswho.cretplayer2_3__Checkered__botA.bc24,quesswho.cretplayer2_3,0,B,cretplayer2_3,0,850,CAPTURE,2,594,231,20,0,3,17,0,0,0,7200,2080,0,3,904,864,0,7,90,137,126,175,ATK@600
gauntlet/20261001-011402-scrim-g_iter1/replays/quesswho.cretplayer2_3__Digging__botA.bc24,quesswho.cretplayer2_3,1,A,g_iter1,1,1691,CAPTURE,3,1441,1341,11,0,0,0,0,12,27,135,215,4,0,1248,1126,1,0,60,246,1542,222,ATK@600+HEAL@1200
gauntlet/20261001-011402-scrim-g_iter1/replays/quesswho.cretplayer2_3__Digging__botA.bc24,quesswho.cretplayer2_3,0,B,cretplayer2_3,0,1691,CAPTURE,1,313,239,9,0,3,1,0,20,0,2500,980,0,17,1037,734,0,3,49,173,222,1542,ATK@600+HEAL@1200
gauntlet/20261001-011402-scrim-g_iter1/replays/kyleezz.jeeryfix3__Fusbol__botB.bc24,kyleezz.jeeryfix3,0,A,jeeryfix3,0,2000,LEVEL_SUM,1,401,296,2,0,0,0,0,170,8,3700,2940,0,9,1028,826,0,0,90,245,286,1670,ATK@600+CAP@1200+HEAL@1800
gauntlet/20261001-011402-scrim-g_iter1/replays/kyleezz.jeeryfix3__Fusbol__botB.bc24,kyleezz.jeeryfix3,1,B,g_iter1,1,2000,LEVEL_SUM,1,1583,1361,19,0,0,0,0,83,49,630,300,3,24,800,1009,17,0,53,677,1670,286,ATK@600+HEAL@1200+CAP@1800
gauntlet/20261001-011402-scrim-g_iter1/replays/quesswho.cretplayer2_3__Waterworld__botB.bc24,quesswho.cretplayer2_3,0,A,cretplayer2_3,0,2000,LEVEL_SUM,1,733,263,31,0,3,7,0,269,0,8230,913,0,3,1129,728,0,3,89,268,407,1272,ATK@600+HEAL@1200+CAP@1800
gauntlet/20261001-011402-scrim-g_iter1/replays/quesswho.cretplayer2_3__Waterworld__botB.bc24,quesswho.cretplayer2_3,1,B,g_iter1,1,2000,LEVEL_SUM,1,816,462,9,0,0,0,0,272,63,485,295,11,0,1036,1052,25,0,81,274,1272,407,ATK@600+HEAL@1200+CAP@1800
gauntlet/20261001-021054-scrim-g_iter1/losses/CyrilSharma.finalBot__AceOfSpades__botB.bc24,CyrilSharma.finalBot,0,A,finalBot,1,1403,CAPTURE,3,333,227,15,0,0,0,47,7,2,3004,19235,9,10,933,1046,0,0,172,608,364,292,ATK@600+HEAL@1200
gauntlet/20261001-021054-scrim-g_iter1/losses/CyrilSharma.finalBot__AceOfSpades__botB.bc24,CyrilSharma.finalBot,1,B,g_iter1,0,1403,CAPTURE,0,-1,290,5,0,0,0,0,8,33,180,230,6,9,821,1010,8,0,48,135,292,364,ATK@600+HEAL@1200
gauntlet/20261001-021054-scrim-g_iter1/losses/ColtG5.Goob_final__Snake__botA.bc24,ColtG5.Goob_final,1,A,g_iter1,0,2000,MORE_FLAG_CAPTURES,0,-1,0,0,0,0,0,0,184,82,690,220,12,11,1125,1204,24,0,218,393,1069,534,ATK@600+HEAL@1200+CAP@1800
gauntlet/20261001-021054-scrim-g_iter1/losses/ColtG5.Goob_final__Snake__botA.bc24,ColtG5.Goob_final,0,B,Goob_final,1,2000,MORE_FLAG_CAPTURES,2,505,328,6,0,0,0,0,154,0,10880,24110,0,11,951,763,12,0,128,535,534,1069,ATK@600+HEAL@1200+CAP@1800
gauntlet/20261001-021054-scrim-g_iter1/losses/ColtG5.Goob_final__Tunnels__botA.bc24,ColtG5.Goob_final,1,A,g_iter1,0,2000,MORE_FLAG_CAPTURES,0,-1,0,0,0,0,0,0,62,24,170,285,3,8,999,1224,5,0,50,191,759,337,ATK@600+HEAL@1200+CAP@1800
gauntlet/20261001-021054-scrim-g_iter1/losses/ColtG5.Goob_final__Tunnels__botA.bc24,ColtG5.Goob_final,0,B,Goob_final,1,2000,MORE_FLAG_CAPTURES,1,296,254,4,0,0,0,0,64,0,2880,880,0,14,769,764,1,0,56,213,337,759,ATK@600+HEAL@1200+CAP@1800
gauntlet/20261001-011402-scrim-g_iter1/replays/winkelmantanner.waffle__Funnel__botB.bc24,winkelmantanner.waffle,0,A,waffle,0,2000,MORE_FLAG_CAPTURES,1,368,239,21,0,0,0,0,14,28,1380,640,1,4,995,724,0,0,87,231,317,1004,ATK@600+HEAL@1200+CAP@1800
gauntlet/20261001-011402-scrim-g_iter1/replays/winkelmantanner.waffle__Funnel__botB.bc24,winkelmantanner.waffle,1,B,g_iter1,1,2000,MORE_FLAG_CAPTURES,2,1428,1182,5,0,0,0,0,34,30,175,270,5,0,923,1052,10,0,50,343,1004,317,ATK@600+HEAL@1200+CAP@1800
gauntlet/20261001-021054-scrim-g_iter1/losses/CyrilSharma.finalBot__BedWars__botB.bc24,CyrilSharma.finalBot,0,A,finalBot,1,2000,MORE_FLAG_CAPTURES,1,352,279,3,0,0,0,32,7,0,3999,89,6,6,539,577,0,0,52,260,323,572,ATK@600+HEAL@1200+CAP@1800
gauntlet/20261001-021054-scrim-g_iter1/losses/CyrilSharma.finalBot__BedWars__botB.bc24,CyrilSharma.finalBot,1,B,g_iter1,0,2000,MORE_FLAG_CAPTURES,0,-1,351,1,0,0,0,0,0,43,200,10,7,22,479,660,7,0,38,153,572,323,ATK@600+HEAL@1200+CAP@1800
gauntlet/20261001-021054-scrim-g_iter1/losses/CyrilSharma.finalBot__QuestionableChess__botB.bc24,CyrilSharma.finalBot,0,A,finalBot,1,670,CAPTURE,3,300,252,8,0,0,0,33,31,0,868,23,5,13,792,1031,0,0,13,55,88,94,ATK@600
gauntlet/20261001-021054-scrim-g_iter1/losses/CyrilSharma.finalBot__QuestionableChess__botB.bc24,CyrilSharma.finalBot,1,B,g_iter1,0,670,CAPTURE,0,-1,0,0,0,0,0,0,59,4,130,240,0,6,821,1128,1,0,15,31,94,88,ATK@600
gauntlet/20261001-021054-scrim-g_iter1/losses/CyrilSharma.finalBot__DefaultLarge__botA.bc24,CyrilSharma.finalBot,1,A,g_iter1,0,2000,MORE_FLAG_CAPTURES,1,799,675,2,0,0,0,0,48,20,165,170,3,28,914,1117,8,0,44,212,561,609,ATK@600+HEAL@1200+CAP@1800
gauntlet/20261001-021054-scrim-g_iter1/losses/CyrilSharma.finalBot__DefaultLarge__botA.bc24,CyrilSharma.finalBot,0,B,finalBot,1,2000,MORE_FLAG_CAPTURES,2,447,344,14,0,0,0,60,9,0,2865,3425,12,3,1136,1114,0,0,197,604,609,561,ATK@600+HEAL@1200+CAP@1800
gauntlet/20261001-021054-scrim-g_iter1/losses/CyrilSharma.finalBot__YearOfTheDragon__botA.bc24,CyrilSharma.finalBot,1,A,g_iter1,0,2000,MORE_FLAG_CAPTURES,0,-1,214,7,0,0,0,0,12,107,665,285,11,3,906,1133,24,0,111,304,558,507,ATK@600+HEAL@1200+CAP@1800
gauntlet/20261001-021054-scrim-g_iter1/losses/CyrilSharma.finalBot__YearOfTheDragon__botA.bc24,CyrilSharma.finalBot,0,B,finalBot,1,2000,MORE_FLAG_CAPTURES,2,498,438,12,0,0,0,60,4,1,11975,10475,12,7,840,990,0,0,157,685,507,558,ATK@600+HEAL@1200+CAP@1800
gauntlet/20261001-021054-scrim-g_iter1/losses/Gymhgy.v10official__DefaultMedium__botB.bc24,Gymhgy.v10official,0,A,v10official,1,2000,MORE_FLAG_CAPTURES,2,474,283,43,33,3,11,90,51,1,2215,35,18,0,1003,1688,5,1,51,250,342,337,ATK@600+HEAL@1200+CAP@1800
gauntlet/20261001-021054-scrim-g_iter1/losses/Gymhgy.v10official__DefaultMedium__botB.bc24,Gymhgy.v10official,1,B,g_iter1,0,2000,MORE_FLAG_CAPTURES,0,-1,466,10,0,0,0,0,66,23,40,280,3,20,1157,1609,11,0,29,173,337,342,ATK@600+HEAL@1200+CAP@1800
gauntlet/20261001-021054-scrim-g_iter1/losses/IvanGeffner.kuma__Alien__botA.bc24,IvanGeffner.kuma,1,A,g_iter1,0,411,CAPTURE,0,-1,0,0,0,0,0,0,9,43,133,248,8,5,974,1249,14,0,48,46,46,87,
gauntlet/20261001-021054-scrim-g_iter1/losses/IvanGeffner.kuma__Alien__botA.bc24,IvanGeffner.kuma,0,B,kuma,1,411,CAPTURE,3,260,238,20,13,0,0,90,17,0,3750,1520,18,4,1253,1241,6,0,104,84,87,46,
gauntlet/20261001-021054-scrim-g_iter1/losses/Gymhgy.v10official__GravitationalWaves__botA.bc24,Gymhgy.v10official,1,A,g_iter1,0,2000,MORE_FLAG_CAPTURES,0,-1,0,0,0,0,0,0,69,35,130,240,6,12,1052,1510,7,0,44,163,326,177,ATK@600+HEAL@1200+CAP@1800
gauntlet/20261001-021054-scrim-g_iter1/losses/Gymhgy.v10official__GravitationalWaves__botA.bc24,Gymhgy.v10official,0,B,v10official,1,2000,MORE_FLAG_CAPTURES,2,669,349,37,21,3,11,65,58,2,3063,33,12,2,901,1750,9,2,38,188,177,326,ATK@600+HEAL@1200+CAP@1800
gauntlet/20261001-021054-scrim-g_iter1/losses/Gymhgy.v10official__HeMustBeFreed__botB.bc24,Gymhgy.v10official,0,A,v10official,1,2000,MORE_FLAG_CAPTURES,2,664,514,29,23,3,7,26,91,3,4777,3842,3,0,699,1134,3,3,41,291,475,311,ATK@600+HEAL@1200+CAP@1800
gauntlet/20261001-021054-scrim-g_iter1/losses/Gymhgy.v10official__HeMustBeFreed__botB.bc24,Gymhgy.v10official,1,B,g_iter1,0,2000,MORE_FLAG_CAPTURES,1,439,285,10,0,0,0,0,110,21,185,195,3,9,782,949,14,0,27,166,311,475,ATK@600+HEAL@1200+CAP@1800
gauntlet/20261001-021054-scrim-g_iter1/losses/Gymhgy.v10official__Diagonal__botA.bc24,Gymhgy.v10official,1,A,g_iter1,0,2000,MORE_FLAG_CAPTURES,0,-1,0,0,0,0,0,0,26,57,219,289,10,20,623,863,18,0,57,201,206,362,ATK@600+HEAL@1200+CAP@1800
gauntlet/20261001-021054-scrim-g_iter1/losses/Gymhgy.v10official__Diagonal__botA.bc24,Gymhgy.v10official,0,B,v10official,1,2000,MORE_FLAG_CAPTURES,1,601,501,11,6,3,9,89,18,2,5317,1407,17,0,687,1038,7,2,74,255,362,206,ATK@600+HEAL@1200+CAP@1800
gauntlet/20261001-021054-scrim-g_iter1/losses/IvanGeffner.kuma__BigDucksBigPond__botA.bc24,IvanGeffner.kuma,1,A,g_iter1,0,2000,MORE_FLAG_CAPTURES,0,-1,268,1,0,0,0,0,96,36,200,295,6,15,893,1327,12,0,50,220,447,854,ATK@600+HEAL@1200+CAP@1800
gauntlet/20261001-021054-scrim-g_iter1/losses/IvanGeffner.kuma__BigDucksBigPond__botA.bc24,IvanGeffner.kuma,0,B,kuma,1,2000,MORE_FLAG_CAPTURES,2,344,247,9,4,0,0,90,121,2,2345,1695,18,2,1127,1245,8,0,111,744,854,447,ATK@600+HEAL@1200+CAP@1800
gauntlet/20261001-021054-scrim-g_iter1/losses/Gymhgy.v10official__Starfish__botA.bc24,Gymhgy.v10official,1,A,g_iter1,0,1941,CAPTURE,2,251,210,4,0,0,0,0,106,28,90,240,4,18,993,1048,6,0,40,205,787,467,ATK@600+HEAL@1200+CAP@1800
gauntlet/20261001-021054-scrim-g_iter1/losses/Gymhgy.v10official__Starfish__botA.bc24,Gymhgy.v10official,0,B,v10official,1,1941,CAPTURE,3,281,266,17,9,3,13,20,187,2,241,33,3,0,871,1422,0,2,5,212,467,787,ATK@600+HEAL@1200+CAP@1800
gauntlet/20261001-021054-scrim-g_iter1/losses/IvanGeffner.kuma__Capacitance__botA.bc24,IvanGeffner.kuma,1,A,g_iter1,0,794,CAPTURE,0,-1,0,0,0,0,0,0,21,45,155,255,8,13,833,1262,12,0,61,92,122,146,ATK@600
gauntlet/20261001-021054-scrim-g_iter1/losses/IvanGeffner.kuma__Capacitance__botA.bc24,IvanGeffner.kuma,0,B,kuma,1,794,CAPTURE,3,381,364,22,13,0,0,90,20,0,3945,2115,18,8,992,1042,5,0,104,180,146,122,ATK@600
gauntlet/20261001-021054-scrim-g_iter1/losses/IvanGeffner.kuma__StackGame__botB.bc24,IvanGeffner.kuma,0,A,kuma,1,557,CAPTURE,3,272,243,14,8,0,0,90,46,6,3695,2515,18,6,1370,1519,7,0,103,112,162,58,
gauntlet/20261001-021054-scrim-g_iter1/losses/IvanGeffner.kuma__StackGame__botB.bc24,IvanGeffner.kuma,1,B,g_iter1,0,557,CAPTURE,0,-1,0,0,0,0,0,0,34,53,180,280,9,26,1039,1534,11,0,62,73,58,162,
gauntlet/20261001-021054-scrim-g_iter1/losses/IvanGeffner.kuma__Diagonal__botB.bc24,IvanGeffner.kuma,0,A,kuma,1,2000,LEVEL_SUM,0,-1,438,2,1,0,0,89,28,15,3817,2795,17,4,914,1118,8,0,68,230,197,181,ATK@600+HEAL@1200+CAP@1800
gauntlet/20261001-021054-scrim-g_iter1/losses/IvanGeffner.kuma__Diagonal__botB.bc24,IvanGeffner.kuma,1,B,g_iter1,0,2000,LEVEL_SUM,0,-1,0,0,0,0,0,0,26,57,140,285,10,29,689,1140,18,0,58,167,181,197,ATK@600+HEAL@1200+CAP@1800
gauntlet/20261001-021054-scrim-g_iter1/losses/IvanGeffner.kuma__Randy__botB.bc24,IvanGeffner.kuma,0,A,kuma,1,2000,MORE_FLAG_CAPTURES,1,272,214,21,11,0,0,83,14,11,3056,2228,16,7,961,1216,14,0,120,454,622,334,ATK@600+HEAL@1200+CAP@1800
gauntlet/20261001-021054-scrim-g_iter1/losses/IvanGeffner.kuma__Randy__botB.bc24,IvanGeffner.kuma,1,B,g_iter1,0,2000,MORE_FLAG_CAPTURES,0,-1,0,0,0,0,0,0,9,48,155,33,9,10,790,1118,11,0,52,187,334,622,ATK@600+HEAL@1200+CAP@1800
gauntlet/20261001-021054-scrim-g_iter1/losses/NotLLeon.v3__Duck__botB.bc24,NotLLeon.v3,0,A,v3,1,719,CAPTURE,3,379,239,25,3,0,0,0,9,0,5030,1230,0,8,986,1026,0,0,77,110,127,124,ATK@600
gauntlet/20261001-021054-scrim-g_iter1/losses/NotLLeon.v3__Duck__botB.bc24,NotLLeon.v3,1,B,g_iter1,0,719,CAPTURE,0,-1,311,9,0,0,0,0,51,31,145,250,5,1,906,1122,8,0,43,52,124,127,ATK@600
gauntlet/20261001-021054-scrim-g_iter1/losses/NotLLeon.v3__Foxes__botB.bc24,NotLLeon.v3,0,A,v3,1,668,CAPTURE,3,410,284,28,5,0,0,0,3,0,9810,4180,0,4,990,971,0,0,123,137,98,130,ATK@600
gauntlet/20261001-021054-scrim-g_iter1/losses/NotLLeon.v3__Foxes__botB.bc24,NotLLeon.v3,1,B,g_iter1,0,668,CAPTURE,0,-1,0,0,0,0,0,0,13,78,640,270,12,3,830,1272,24,0,83,113,130,98,ATK@600
gauntlet/20261001-021054-scrim-g_iter1/losses/SampleProvider.TSPAARKSPRINT1__EndAround__botB.bc24,SampleProvider.TSPAARKSPRINT1,0,A,TSPAARKSPRINT1,1,1359,CAPTURE,3,454,337,27,0,3,57,0,131,5,470,20,0,9,380,851,12,22,1,68,154,335,ATK@600+CAP@1200
gauntlet/20261001-021054-scrim-g_iter1/losses/SampleProvider.TSPAARKSPRINT1__EndAround__botB.bc24,SampleProvider.TSPAARKSPRINT1,1,B,g_iter1,0,1359,CAPTURE,0,-1,304,39,0,0,0,0,62,23,205,200,4,3,689,665,10,0,44,145,335,154,ATK@600+HEAL@1200
gauntlet/20261001-021054-scrim-g_iter1/losses/NotLLeon.v3__FloodGates__botA.bc24,NotLLeon.v3,1,A,g_iter1,0,2000,MORE_FLAG_CAPTURES,0,-1,0,0,0,0,0,0,3,26,180,150,4,12,436,540,7,0,42,182,379,325,ATK@600+HEAL@1200+CAP@1800
gauntlet/20261001-021054-scrim-g_iter1/losses/NotLLeon.v3__FloodGates__botA.bc24,NotLLeon.v3,0,B,v3,1,2000,MORE_FLAG_CAPTURES,2,328,285,26,15,0,0,0,6,0,2720,3580,0,5,458,520,0,0,52,263,325,379,ATK@600+HEAL@1200+CAP@1800
gauntlet/20261001-021054-scrim-g_iter1/losses/SampleProvider.TSPAARKSPRINT1__English__botA.bc24,SampleProvider.TSPAARKSPRINT1,1,A,g_iter1,0,630,CAPTURE,0,-1,340,1,0,0,0,0,156,72,310,300,12,0,733,771,24,0,69,101,58,7,ATK@600
gauntlet/20261001-021054-scrim-g_iter1/losses/SampleProvider.TSPAARKSPRINT1__English__botA.bc24,SampleProvider.TSPAARKSPRINT1,0,B,TSPAARKSPRINT1,1,630,CAPTURE,3,349,264,12,0,3,77,0,316,4,3420,10,0,7,394,979,5,26,2,17,7,58,ATK@600
gauntlet/20261001-021054-scrim-g_iter1/losses/NotLLeon.v3__Rainbow__botA.bc24,NotLLeon.v3,1,A,g_iter1,0,1679,CAPTURE,2,835,463,7,0,0,0,0,51,54,215,205,9,0,687,1100,20,0,61,209,524,449,ATK@600+HEAL@1200
gauntlet/20261001-021054-scrim-g_iter1/losses/NotLLeon.v3__Rainbow__botA.bc24,NotLLeon.v3,0,B,v3,1,1679,CAPTURE,3,650,268,87,15,0,0,0,19,0,7830,4400,0,22,937,940,0,0,102,320,449,524,ATK@600+HEAL@1200
gauntlet/20261001-021054-scrim-g_iter1/losses/Strequals.duck0127v5__Canals__botA.bc24,Strequals.duck0127v5,1,A,g_iter1,0,951,CAPTURE,0,-1,900,1,0,0,0,0,0,59,230,260,11,28,864,1291,17,0,60,118,171,301,ATK@600
gauntlet/20261001-021054-scrim-g_iter1/losses/Strequals.duck0127v5__Canals__botA.bc24,Strequals.duck0127v5,0,B,duck0127v5,1,951,CAPTURE,3,716,381,19,0,0,0,90,70,2,3578,2153,18,4,1025,1165,0,3,107,310,301,171,ATK@600
gauntlet/20261001-021054-scrim-g_iter1/losses/SampleProvider.TSPAARKSPRINT1__Swoop__botA.bc24,SampleProvider.TSPAARKSPRINT1,1,A,g_iter1,0,1363,CAPTURE,1,338,221,4,0,0,0,0,64,39,185,235,6,22,925,707,12,0,59,238,562,130,ATK@600+HEAL@1200
gauntlet/20261001-021054-scrim-g_iter1/losses/SampleProvider.TSPAARKSPRINT1__Swoop__botA.bc24,SampleProvider.TSPAARKSPRINT1,0,B,TSPAARKSPRINT1,1,1363,CAPTURE,3,446,220,109,0,3,34,0,87,4,3690,13,0,4,454,907,6,26,4,65,130,562,ATK@600+CAP@1200
gauntlet/20261001-021054-scrim-g_iter1/losses/Strequals.duck0127v5__Divergent__botA.bc24,Strequals.duck0127v5,1,A,g_iter1,0,2000,MORE_FLAG_CAPTURES,0,-1,331,11,0,0,0,0,34,39,171,271,6,19,590,1277,11,0,46,186,223,443,ATK@600+HEAL@1200+CAP@1800
gauntlet/20261001-021054-scrim-g_iter1/losses/Strequals.duck0127v5__Divergent__botA.bc24,Strequals.duck0127v5,0,B,duck0127v5,1,2000,MORE_FLAG_CAPTURES,2,593,312,29,0,0,0,90,7,1,4436,3691,18,3,814,1079,0,2,62,472,443,223,ATK@600+HEAL@1200+CAP@1800
gauntlet/20261001-021054-scrim-g_iter1/losses/Strequals.duck0127v5__Soccer__botA.bc24,Strequals.duck0127v5,1,A,g_iter1,0,580,CAPTURE,0,-1,374,6,0,0,0,0,20,40,165,140,6,7,891,1581,10,0,51,53,39,85,
gauntlet/20261001-021054-scrim-g_iter1/losses/Strequals.duck0127v5__Soccer__botA.bc24,Strequals.duck0127v5,0,B,duck0127v5,1,580,CAPTURE,3,430,376,9,0,0,0,90,59,3,2228,2093,18,10,1068,1446,0,3,63,98,85,39,
gauntlet/20261001-021054-scrim-g_iter1/losses/Strequals.duck0127v5__Foxes__botB.bc24,Strequals.duck0127v5,0,A,duck0127v5,1,1021,CAPTURE,3,609,395,9,0,0,0,90,14,17,7343,6378,18,3,1000,1296,0,1,136,297,212,130,ATK@600
gauntlet/20261001-021054-scrim-g_iter1/losses/Strequals.duck0127v5__Foxes__botB.bc24,Strequals.duck0127v5,1,B,g_iter1,0,1021,CAPTURE,0,-1,441,3,0,0,0,0,11,78,610,210,12,14,798,1492,24,0,77,138,130,212,ATK@600
gauntlet/20261001-021054-scrim-g_iter1/losses/Strequals.duck0127v5__Skyline__botB.bc24,Strequals.duck0127v5,0,A,duck0127v5,1,741,CAPTURE,3,399,361,7,0,0,0,90,72,33,19000,18190,18,13,1065,1520,0,3,94,201,114,60,ATK@600
gauntlet/20261001-021054-scrim-g_iter1/losses/Strequals.duck0127v5__Skyline__botB.bc24,Strequals.duck0127v5,1,B,g_iter1,0,741,CAPTURE,0,-1,593,4,0,0,0,0,106,103,8875,257,9,11,963,1498,24,0,184,214,60,114,ATK@600
gauntlet/20261001-021054-scrim-g_iter1/losses/andli28.v9_USQuals_angle__AceOfSpades__botB.bc24,andli28.v9_USQuals_angle,0,A,v9_USQuals_angle,1,542,CAPTURE,3,355,249,18,0,0,0,89,14,10,1857,16857,18,5,1095,1254,19,3,129,190,130,65,
gauntlet/20261001-021054-scrim-g_iter1/losses/andli28.v9_USQuals_angle__AceOfSpades__botB.bc24,andli28.v9_USQuals_angle,1,B,g_iter1,0,542,CAPTURE,0,-1,0,0,0,0,0,0,15,31,155,285,5,9,977,1528,10,0,53,67,65,130,
gauntlet/20261001-021054-scrim-g_iter1/losses/andli28.v9_USQuals_angle__Funnel__botB.bc24,andli28.v9_USQuals_angle,0,A,v9_USQuals_angle,1,1110,CAPTURE,3,604,305,28,0,0,0,90,9,10,2375,3935,18,2,980,1039,6,3,93,338,345,164,ATK@600
gauntlet/20261001-021054-scrim-g_iter1/losses/andli28.v9_USQuals_angle__Funnel__botB.bc24,andli28.v9_USQuals_angle,1,B,g_iter1,0,1110,CAPTURE,0,-1,289,2,0,0,0,0,32,30,195,145,5,15,832,1155,9,0,48,101,164,345,ATK@600
gauntlet/20261001-021054-scrim-g_iter1/losses/andli28.v9_USQuals_angle__Gated__botA.bc24,andli28.v9_USQuals_angle,1,A,g_iter1,0,826,CAPTURE,0,-1,240,5,0,0,0,0,31,25,145,150,4,14,848,1275,6,0,39,78,112,192,ATK@600
gauntlet/20261001-021054-scrim-g_iter1/losses/andli28.v9_USQuals_angle__Gated__botA.bc24,andli28.v9_USQuals_angle,0,B,v9_USQuals_angle,1,826,CAPTURE,3,363,255,15,0,0,0,90,17,6,1535,2320,18,5,967,1063,0,4,82,178,192,112,ATK@600
gauntlet/20261001-021054-scrim-g_iter1/losses/andli28.v9_USQuals_angle__QuestionableChess__botA.bc24,andli28.v9_USQuals_angle,1,A,g_iter1,0,1101,CAPTURE,0,-1,0,0,0,0,0,0,57,4,190,180,0,6,846,1387,1,0,17,96,245,291,ATK@600
gauntlet/20261001-021054-scrim-g_iter1/losses/andli28.v9_USQuals_angle__QuestionableChess__botA.bc24,andli28.v9_USQuals_angle,0,B,v9_USQuals_angle,1,1101,CAPTURE,3,275,243,14,0,0,0,46,38,5,11,134,8,8,897,1045,0,3,14,167,291,245,ATK@600
gauntlet/20261001-021054-scrim-g_iter1/losses/andli28.v9_USQuals_angle__Occulus__botA.bc24,andli28.v9_USQuals_angle,1,A,g_iter1,0,897,CAPTURE,0,-1,0,0,0,0,0,0,15,35,150,290,6,13,956,1552,4,0,52,102,154,194,ATK@600
gauntlet/20261001-021054-scrim-g_iter1/losses/andli28.v9_USQuals_angle__Occulus__botA.bc24,andli28.v9_USQuals_angle,0,B,v9_USQuals_angle,1,897,CAPTURE,3,374,278,18,0,0,0,65,11,6,2335,8503,13,12,985,1204,10,3,60,196,194,154,ATK@600
gauntlet/20261001-021054-scrim-g_iter1/losses/andli28.v9_USQuals_angle__SteamboatMickey__botB.bc24,andli28.v9_USQuals_angle,0,A,v9_USQuals_angle,1,1095,CAPTURE,3,774,395,28,0,0,0,89,4,6,7819,14669,18,2,858,1205,13,3,91,401,335,225,ATK@600
gauntlet/20261001-021054-scrim-g_iter1/losses/andli28.v9_USQuals_angle__SteamboatMickey__botB.bc24,andli28.v9_USQuals_angle,1,B,g_iter1,0,1095,CAPTURE,1,268,216,7,0,0,0,0,5,76,645,275,11,19,953,1188,24,0,112,203,225,335,ATK@600
gauntlet/20261001-021054-scrim-g_iter1/losses/andrewgopher.player22__Fountain__botA.bc24,andrewgopher.player22,1,A,g_iter1,0,672,CAPTURE,0,-1,383,3,0,0,0,0,38,21,180,285,3,17,893,1352,9,0,38,69,191,129,ATK@600
gauntlet/20261001-021054-scrim-g_iter1/losses/andrewgopher.player22__Fountain__botA.bc24,andrewgopher.player22,0,B,player22,1,672,CAPTURE,3,422,341,19,0,3,0,0,68,0,2060,1480,0,2,1012,962,5,0,18,46,129,191,ATK@600
gauntlet/20261001-021054-scrim-g_iter1/losses/andrewgopher.player22__StackGame__botA.bc24,andrewgopher.player22,1,A,g_iter1,0,374,CAPTURE,0,-1,0,0,0,0,0,0,34,50,155,255,9,0,841,1484,14,0,54,55,90,54,
gauntlet/20261001-021054-scrim-g_iter1/losses/andrewgopher.player22__StackGame__botA.bc24,andrewgopher.player22,0,B,player22,1,374,CAPTURE,3,301,262,8,0,3,0,0,51,0,5470,10,0,5,1154,555,3,0,79,54,54,90,
gauntlet/20261001-021054-scrim-g_iter1/losses/andrewgopher.player22__Divergent__botB.bc24,andrewgopher.player22,0,A,player22,1,2000,LEVEL_SUM,0,-1,417,18,12,3,0,0,80,0,3700,30,0,4,833,606,13,0,35,319,693,520,ATK@600+HEAL@1200+CAP@1800
gauntlet/20261001-021054-scrim-g_iter1/losses/andrewgopher.player22__Divergent__botB.bc24,andrewgopher.player22,1,B,g_iter1,0,2000,LEVEL_SUM,0,-1,356,13,0,0,0,0,30,44,168,228,8,20,708,1313,14,0,51,207,520,693,ATK@600+HEAL@1200+CAP@1800
gauntlet/20261001-021054-scrim-g_iter1/losses/andrewgopher.player22__WheresMyWater__botA.bc24,andrewgopher.player22,1,A,g_iter1,0,368,CAPTURE,1,216,204,1,0,0,0,0,47,29,195,241,5,0,840,1247,11,0,46,51,97,70,
gauntlet/20261001-021054-scrim-g_iter1/losses/andrewgopher.player22__WheresMyWater__botA.bc24,andrewgopher.player22,0,B,player22,1,368,CAPTURE,3,256,232,14,4,3,0,0,111,0,2070,10,0,0,1117,359,6,0,54,45,70,97,
gauntlet/20261001-021054-scrim-g_iter1/losses/andrewgopher.player22__Snake__botA.bc24,andrewgopher.player22,1,A,g_iter1,0,2000,MORE_FLAG_CAPTURES,0,-1,264,6,0,0,0,0,182,83,645,260,12,24,923,1138,24,0,253,436,780,1032,ATK@600+HEAL@1200+CAP@1800
gauntlet/20261001-021054-scrim-g_iter1/losses/andrewgopher.player22__Snake__botA.bc24,andrewgopher.player22,0,B,player22,1,2000,MORE_FLAG_CAPTURES,2,429,355,11,5,3,0,0,132,0,11540,23100,0,1,845,599,61,0,56,631,1032,780,ATK@600+HEAL@1200+CAP@1800
gauntlet/20261001-021054-scrim-g_iter1/losses/andrewgopher.player22__Yinyang__botB.bc24,andrewgopher.player22,0,A,player22,1,552,CAPTURE,3,267,248,10,0,3,0,0,0,0,5300,10,0,3,1327,597,0,0,72,60,88,207,
gauntlet/20261001-021054-scrim-g_iter1/losses/andrewgopher.player22__Yinyang__botB.bc24,andrewgopher.player22,1,B,g_iter1,0,552,CAPTURE,0,-1,0,0,0,0,0,0,0,46,185,315,8,22,1035,1725,10,0,49,58,207,88,
gauntlet/20261001-021054-scrim-g_iter1/losses/chenyx512.flagbot_final__Bunkers__botA.bc24,chenyx512.flagbot_final,1,A,g_iter1,0,873,CAPTURE,0,-1,290,3,0,0,0,0,30,36,200,215,6,24,1011,1567,9,0,47,94,61,368,ATK@600
gauntlet/20261001-021054-scrim-g_iter1/losses/chenyx512.flagbot_final__Bunkers__botA.bc24,chenyx512.flagbot_final,0,B,flagbot_final,1,873,CAPTURE,3,412,261,10,0,3,48,90,117,1,261,41,18,5,1228,1750,0,0,60,212,368,61,ATK@600
gauntlet/20261001-021054-scrim-g_iter1/losses/chenyx512.flagbot_final__Alligator__botA.bc24,chenyx512.flagbot_final,1,A,g_iter1,0,1165,CAPTURE,0,-1,986,1,0,0,0,0,49,33,190,270,5,16,1079,1684,10,0,56,144,165,552,ATK@600
gauntlet/20261001-021054-scrim-g_iter1/losses/chenyx512.flagbot_final__Alligator__botA.bc24,chenyx512.flagbot_final,0,B,flagbot_final,1,1165,CAPTURE,3,511,397,35,0,3,38,90,125,9,195,3035,18,3,1129,1791,0,0,119,382,552,165,ATK@600
gauntlet/20261001-021054-scrim-g_iter1/losses/chenyx512.flagbot_final__CH3353C4K3F4CT0RY__botB.bc24,chenyx512.flagbot_final,0,A,flagbot_final,1,1046,CAPTURE,3,631,451,25,0,3,42,90,110,0,10863,9733,18,0,1084,1591,0,0,189,471,453,122,ATK@600
gauntlet/20261001-021054-scrim-g_iter1/losses/chenyx512.flagbot_final__CH3353C4K3F4CT0RY__botB.bc24,chenyx512.flagbot_final,1,B,g_iter1,0,1046,CAPTURE,2,306,256,2,0,0,0,0,14,111,2770,270,12,13,865,1338,24,0,133,227,122,453,ATK@600
gauntlet/20261001-021054-scrim-g_iter1/losses/chenyx512.flagbot_final__KingQuacksCastle__botB.bc24,chenyx512.flagbot_final,0,A,flagbot_final,1,780,CAPTURE,3,354,265,19,0,3,38,90,86,0,129,4599,18,15,1143,1667,0,0,149,277,220,57,ATK@600
gauntlet/20261001-021054-scrim-g_iter1/losses/chenyx512.flagbot_final__KingQuacksCastle__botB.bc24,chenyx512.flagbot_final,1,B,g_iter1,0,780,CAPTURE,1,316,259,4,0,0,0,0,29,30,205,235,5,9,957,1520,2,0,50,87,57,220,ATK@600
gauntlet/20261001-021054-scrim-g_iter1/losses/chenyx512.flagbot_final__Intercontinental__botA.bc24,chenyx512.flagbot_final,1,A,g_iter1,0,1190,CAPTURE,1,614,476,14,0,0,0,0,81,17,130,20,2,4,763,1167,12,0,18,89,103,436,ATK@600
gauntlet/20261001-021054-scrim-g_iter1/losses/chenyx512.flagbot_final__Intercontinental__botA.bc24,chenyx512.flagbot_final,0,B,flagbot_final,1,1190,CAPTURE,3,857,468,23,0,3,26,86,123,0,27,14,17,3,775,1271,0,0,2,162,436,103,ATK@600
gauntlet/20261001-021054-scrim-g_iter1/losses/chenyx512.flagbot_final__OceanFloor__botB.bc24,chenyx512.flagbot_final,0,A,flagbot_final,1,1296,CAPTURE,3,280,228,13,0,3,50,90,77,1,144,34,18,5,923,1412,0,0,30,253,371,88,ATK@600+HEAL@1200
gauntlet/20261001-021054-scrim-g_iter1/losses/chenyx512.flagbot_final__OceanFloor__botB.bc24,chenyx512.flagbot_final,1,B,g_iter1,0,1296,CAPTURE,0,-1,285,10,0,0,0,0,33,25,205,305,4,7,784,1185,3,0,39,131,88,371,ATK@600+HEAL@1200
gauntlet/20261001-021054-scrim-g_iter1/losses/clbarrell.duck8__Islands__botB.bc24,clbarrell.duck8,0,A,duck8,1,616,CAPTURE,3,326,237,18,0,0,0,0,43,51,10,30,3,16,1043,1087,19,0,57,84,119,154,
gauntlet/20261001-021054-scrim-g_iter1/losses/clbarrell.duck8__Islands__botB.bc24,clbarrell.duck8,1,B,g_iter1,0,616,CAPTURE,0,-1,420,5,0,0,0,0,68,53,250,230,9,5,1142,1376,12,0,67,95,154,119,ATK@600
gauntlet/20261001-021054-scrim-g_iter1/losses/dmtrung14.defaultplayer_intlqualifier__GaltonBoard__botB.bc24,dmtrung14.defaultplayer_intlqualifier,0,A,defaultplayer_intlqualifier,1,2000,MORE_FLAG_CAPTURES,2,237,220,23,18,3,5,0,10,14,100,600,0,7,583,940,6,7,6,57,79,1203,ATK@600+HEAL@1200+CAP@1800
gauntlet/20261001-021054-scrim-g_iter1/losses/dmtrung14.defaultplayer_intlqualifier__GaltonBoard__botB.bc24,dmtrung14.defaultplayer_intlqualifier,1,B,g_iter1,0,2000,MORE_FLAG_CAPTURES,0,-1,323,3,0,0,0,0,11,19,170,130,3,11,1480,797,1,0,38,111,1203,79,ATK@600+HEAL@1200+CAP@1800
gauntlet/20261001-021054-scrim-g_iter1/losses/dmtrung14.defaultplayer_intlqualifier__Foxes__botB.bc24,dmtrung14.defaultplayer_intlqualifier,0,A,defaultplayer_intlqualifier,1,2000,MORE_FLAG_CAPTURES,2,348,307,26,19,3,40,0,17,25,6290,5300,0,1,322,774,6,32,24,81,21,216,ATK@600+HEAL@1200+CAP@1800
gauntlet/20261001-021054-scrim-g_iter1/losses/dmtrung14.defaultplayer_intlqualifier__Foxes__botB.bc24,dmtrung14.defaultplayer_intlqualifier,1,B,g_iter1,0,2000,MORE_FLAG_CAPTURES,0,-1,275,3,0,0,0,0,10,78,680,60,12,11,1120,455,24,0,71,89,216,21,ATK@600+HEAL@1200+CAP@1800
gauntlet/20261001-021054-scrim-g_iter1/losses/hsmalladi.finalbot__HungerGames__botB.bc24,hsmalladi.finalbot,0,A,finalbot,1,330,CAPTURE,3,297,244,9,1,3,20,4,18,0,2480,10340,0,0,649,640,0,3,196,167,41,20,
gauntlet/20261001-021054-scrim-g_iter1/losses/hsmalladi.finalbot__HungerGames__botB.bc24,hsmalladi.finalbot,1,B,g_iter1,0,330,CAPTURE,0,-1,326,1,0,0,0,0,20,24,185,205,4,0,412,623,11,0,54,53,20,41,
gauntlet/20261001-021054-scrim-g_iter1/losses/dmtrung14.defaultplayer_intlqualifier__Klein__botA.bc24,dmtrung14.defaultplayer_intlqualifier,1,A,g_iter1,0,2000,MORE_FLAG_CAPTURES,0,-1,365,1,0,0,0,0,94,49,175,230,9,9,1139,600,13,0,42,29,288,18,ATK@600+HEAL@1200+CAP@1800
gauntlet/20261001-021054-scrim-g_iter1/losses/dmtrung14.defaultplayer_intlqualifier__Klein__botA.bc24,dmtrung14.defaultplayer_intlqualifier,0,B,defaultplayer_intlqualifier,1,2000,MORE_FLAG_CAPTURES,1,266,252,9,4,3,29,0,222,10,40,30,0,7,375,931,6,14,2,35,18,288,ATK@600+HEAL@1200+CAP@1800
gauntlet/20261001-021054-scrim-g_iter1/losses/clbarrell.duck8__Diagonal__botB.bc24,clbarrell.duck8,0,A,duck8,1,2000,MORE_FLAG_CAPTURES,1,504,282,14,0,0,0,0,15,51,530,20,3,9,731,603,15,0,69,236,275,667,ATK@750+HEAL@1500
gauntlet/20261001-021054-scrim-g_iter1/losses/clbarrell.duck8__Diagonal__botB.bc24,clbarrell.duck8,1,B,g_iter1,0,2000,MORE_FLAG_CAPTURES,0,-1,579,14,0,0,0,0,22,57,239,289,10,27,943,923,18,0,63,205,667,275,ATK@600+HEAL@1200+CAP@1800
gauntlet/20261001-021054-scrim-g_iter1/losses/dmtrung14.defaultplayer_intlqualifier__OceanFloor__botB.bc24,dmtrung14.defaultplayer_intlqualifier,0,A,defaultplayer_intlqualifier,1,2000,MORE_FLAG_CAPTURES,1,295,248,37,16,3,17,0,59,13,30,150,0,3,356,921,6,15,11,66,29,1950,ATK@600+HEAL@1200+CAP@1800
gauntlet/20261001-021054-scrim-g_iter1/losses/dmtrung14.defaultplayer_intlqualifier__OceanFloor__botB.bc24,dmtrung14.defaultplayer_intlqualifier,1,B,g_iter1,0,2000,MORE_FLAG_CAPTURES,0,-1,236,3,0,0,0,0,45,23,135,245,4,1,1283,517,2,0,60,642,1950,29,ATK@600+HEAL@1200+CAP@1800
gauntlet/20261001-021054-scrim-g_iter1/losses/hsmalladi.finalbot__BreadPudding__botB.bc24,hsmalladi.finalbot,0,A,finalbot,1,2000,MORE_FLAG_CAPTURES,2,520,304,27,3,3,21,60,39,0,2897,117,12,1,873,999,4,4,44,342,585,639,ATK@600+HEAL@1200+CAP@1800
gauntlet/20261001-021054-scrim-g_iter1/losses/hsmalladi.finalbot__BreadPudding__botB.bc24,hsmalladi.finalbot,1,B,g_iter1,0,2000,MORE_FLAG_CAPTURES,0,-1,226,5,0,0,0,0,42,31,210,230,5,25,884,1236,6,0,48,209,639,585,ATK@600+HEAL@1200+CAP@1800
gauntlet/20261001-021054-scrim-g_iter1/losses/hsmalladi.finalbot__StackGame__botA.bc24,hsmalladi.finalbot,1,A,g_iter1,0,416,CAPTURE,0,-1,375,1,0,0,0,0,29,54,155,255,9,32,1039,1401,12,0,61,68,87,81,
gauntlet/20261001-021054-scrim-g_iter1/losses/hsmalladi.finalbot__StackGame__botA.bc24,hsmalladi.finalbot,0,B,finalbot,1,416,CAPTURE,3,329,252,19,2,3,23,60,64,3,3909,79,12,0,1208,1066,6,3,62,64,81,87,
gauntlet/20261001-021054-scrim-g_iter1/losses/hsmalladi.finalbot__Hurricane__botA.bc24,hsmalladi.finalbot,1,A,g_iter1,0,2000,MORE_FLAG_CAPTURES,0,-1,279,5,0,0,0,0,57,44,150,309,8,5,647,730,11,0,45,206,748,583,ATK@600+HEAL@1200+CAP@1800
gauntlet/20261001-021054-scrim-g_iter1/losses/hsmalladi.finalbot__Hurricane__botA.bc24,hsmalladi.finalbot,0,B,finalbot,1,2000,MORE_FLAG_CAPTURES,1,538,215,38,4,3,86,60,71,8,3140,150,12,0,545,448,3,2,52,350,583,748,ATK@600+HEAL@1200+CAP@1800
gauntlet/20261001-021054-scrim-g_iter1/losses/hsmalladi.finalbot__Puzzle__botA.bc24,hsmalladi.finalbot,1,A,g_iter1,0,1087,CAPTURE,1,425,338,10,0,0,0,0,3,22,175,210,4,22,773,950,24,0,75,134,302,251,ATK@600
gauntlet/20261001-021054-scrim-g_iter1/losses/hsmalladi.finalbot__Puzzle__botA.bc24,hsmalladi.finalbot,0,B,finalbot,1,1087,CAPTURE,3,432,291,49,6,3,27,0,79,0,30,4240,0,0,869,724,0,3,129,186,251,302,ATK@600
gauntlet/20261001-021054-scrim-g_iter1/losses/jmerle.camel_case_v21_final__HungerGames__botB.bc24,jmerle.camel_case_v21_final,0,A,camel_case_v21_final,1,390,CAPTURE,3,262,233,7,0,0,0,0,7,0,2890,11420,0,4,1310,550,0,0,242,213,128,37,
gauntlet/20261001-021054-scrim-g_iter1/losses/jmerle.camel_case_v21_final__HungerGames__botB.bc24,jmerle.camel_case_v21_final,1,B,g_iter1,0,390,CAPTURE,0,-1,0,0,0,0,0,0,19,23,165,230,3,10,562,769,2,0,42,41,37,128,
gauntlet/20261001-021054-scrim-g_iter1/losses/jmerle.camel_case_v21_final__GravitationalWaves__botB.bc24,jmerle.camel_case_v21_final,0,A,camel_case_v21_final,1,2000,MORE_FLAG_CAPTURES,1,459,396,1,0,0,0,0,72,0,3940,2930,0,5,1107,820,0,0,39,125,370,635,ATK@600+HEAL@1200+CAP@1800
gauntlet/20261001-021054-scrim-g_iter1/losses/jmerle.camel_case_v21_final__GravitationalWaves__botB.bc24,jmerle.camel_case_v21_final,1,B,g_iter1,0,2000,MORE_FLAG_CAPTURES,0,-1,295,5,0,0,0,0,65,34,190,300,5,17,821,1670,9,0,47,159,635,370,ATK@600+HEAL@1200+CAP@1800
gauntlet/20261001-021054-scrim-g_iter1/losses/hsmalladi.finalbot__TwistedTreeline__botA.bc24,hsmalladi.finalbot,1,A,g_iter1,0,2000,MORE_FLAG_CAPTURES,1,668,291,8,0,0,0,0,63,24,155,245,3,0,1042,1460,5,0,40,246,785,603,ATK@600+HEAL@1200+CAP@1800
gauntlet/20261001-021054-scrim-g_iter1/losses/hsmalladi.finalbot__TwistedTreeline__botA.bc24,hsmalladi.finalbot,0,B,finalbot,1,2000,MORE_FLAG_CAPTURES,2,351,291,102,11,3,17,54,63,0,2017,137,10,0,1146,922,1,0,42,314,603,785,ATK@600+HEAL@1200+CAP@1800
gauntlet/20261001-021054-scrim-g_iter1/losses/jmerle.camel_case_v21_final__Hurricane__botA.bc24,jmerle.camel_case_v21_final,1,A,g_iter1,0,2000,MORE_FLAG_CAPTURES,1,495,207,40,0,0,0,0,67,41,150,260,7,0,449,644,12,0,44,137,255,176,ATK@600+HEAL@1200+CAP@1800
gauntlet/20261001-021054-scrim-g_iter1/losses/jmerle.camel_case_v21_final__Hurricane__botA.bc24,jmerle.camel_case_v21_final,0,B,camel_case_v21_final,1,2000,MORE_FLAG_CAPTURES,2,459,229,7,0,0,0,0,54,5,4780,4160,0,5,679,366,0,0,42,101,176,255,ATK@600+HEAL@1200+CAP@1800
gauntlet/20261001-021054-scrim-g_iter1/losses/jmerle.camel_case_v21_final__OceanFloor__botB.bc24,jmerle.camel_case_v21_final,0,A,camel_case_v21_final,1,632,CAPTURE,3,431,302,7,0,0,0,0,10,14,2100,550,0,1,1128,624,0,0,63,93,129,178,ATK@600
gauntlet/20261001-021054-scrim-g_iter1/losses/jmerle.camel_case_v21_final__OceanFloor__botB.bc24,jmerle.camel_case_v21_final,1,B,g_iter1,0,632,CAPTURE,0,-1,237,6,0,0,0,0,39,23,195,225,4,24,731,1198,3,0,41,75,178,129,ATK@600
gauntlet/20261001-021054-scrim-g_iter1/losses/jmerle.camel_case_v21_final__Starfish__botB.bc24,jmerle.camel_case_v21_final,0,A,camel_case_v21_final,1,508,CAPTURE,3,237,223,3,0,0,0,0,215,0,50,20,0,5,1250,643,0,0,16,31,150,154,
gauntlet/20261001-021054-scrim-g_iter1/losses/jmerle.camel_case_v21_final__Starfish__botB.bc24,jmerle.camel_case_v21_final,1,B,g_iter1,0,508,CAPTURE,1,409,246,2,0,0,0,0,100,28,60,250,4,37,967,1041,8,0,36,47,154,150,
gauntlet/20261001-021054-scrim-g_iter1/losses/kyleezz.jeeryfix3__CH3353C4K3F4CT0RY__botB.bc24,kyleezz.jeeryfix3,0,A,jeeryfix3,1,2000,MORE_FLAG_CAPTURES,1,394,284,10,0,0,0,0,22,13,13440,12500,0,2,1037,717,0,0,153,414,485,1362,ATK@600+CAP@1200+HEAL@1800
gauntlet/20261001-021054-scrim-g_iter1/losses/kyleezz.jeeryfix3__CH3353C4K3F4CT0RY__botB.bc24,kyleezz.jeeryfix3,1,B,g_iter1,0,2000,MORE_FLAG_CAPTURES,0,-1,0,0,0,0,0,0,7,111,3000,300,12,20,1213,1331,24,0,138,304,1362,485,ATK@600+HEAL@1200+CAP@1800
gauntlet/20261001-021054-scrim-g_iter1/losses/kyleezz.jeeryfix3__Digging__botB.bc24,kyleezz.jeeryfix3,0,A,jeeryfix3,1,2000,MORE_FLAG_CAPTURES,1,275,243,4,0,0,0,0,26,0,2320,1980,0,6,1024,669,0,0,53,216,407,1537,ATK@600+CAP@1200+HEAL@1800
gauntlet/20261001-021054-scrim-g_iter1/losses/kyleezz.jeeryfix3__Digging__botB.bc24,kyleezz.jeeryfix3,1,B,g_iter1,0,2000,MORE_FLAG_CAPTURES,0,-1,0,0,0,0,0,0,14,26,155,300,4,2,1254,1484,1,0,56,204,1537,407,ATK@600+HEAL@1200+CAP@1800
gauntlet/20261001-021054-scrim-g_iter1/losses/quesswho.cretplayer2_3__Battlefield__botB.bc24,quesswho.cretplayer2_3,0,A,cretplayer2_3,1,412,CAPTURE,3,271,224,18,0,3,7,0,39,0,4930,970,0,6,1335,1007,0,4,59,57,99,121,
gauntlet/20261001-021054-scrim-g_iter1/losses/quesswho.cretplayer2_3__Battlefield__botB.bc24,quesswho.cretplayer2_3,1,B,g_iter1,0,412,CAPTURE,0,-1,237,3,0,0,0,0,33,46,190,250,8,0,1324,1351,8,0,62,52,121,99,
gauntlet/20261001-021054-scrim-g_iter1/losses/kyleezz.jeeryfix3__Skyline__botA.bc24,kyleezz.jeeryfix3,1,A,g_iter1,0,391,CAPTURE,0,-1,0,0,0,0,0,0,94,99,9655,308,9,17,1232,1397,24,0,193,177,122,34,
gauntlet/20261001-021054-scrim-g_iter1/losses/kyleezz.jeeryfix3__Skyline__botA.bc24,kyleezz.jeeryfix3,0,B,jeeryfix3,1,391,CAPTURE,3,275,244,11,0,0,0,0,179,13,17330,16060,0,2,1002,675,0,0,125,85,34,122,
gauntlet/20261001-021054-scrim-g_iter1/losses/kyleezz.jeeryfix3__Hurricane__botB.bc24,kyleezz.jeeryfix3,0,A,jeeryfix3,1,2000,MORE_FLAG_CAPTURES,1,269,214,3,0,0,0,0,174,0,1680,1310,0,7,454,455,0,0,15,44,45,154,ATK@600+CAP@1200+HEAL@1800
gauntlet/20261001-021054-scrim-g_iter1/losses/kyleezz.jeeryfix3__Hurricane__botB.bc24,kyleezz.jeeryfix3,1,B,g_iter1,0,2000,MORE_FLAG_CAPTURES,0,-1,212,7,0,0,0,0,53,43,180,240,8,16,415,562,13,0,50,78,154,45,ATK@600+HEAL@1200+CAP@1800
gauntlet/20261001-021054-scrim-g_iter1/losses/quesswho.cretplayer2_3__KingQuacksCastle__botB.bc24,quesswho.cretplayer2_3,0,A,cretplayer2_3,1,751,CAPTURE,3,383,253,23,0,3,44,0,24,0,3280,970,0,3,930,981,0,4,83,118,185,265,ATK@600
gauntlet/20261001-021054-scrim-g_iter1/losses/quesswho.cretplayer2_3__KingQuacksCastle__botB.bc24,quesswho.cretplayer2_3,1,B,g_iter1,0,751,CAPTURE,0,-1,226,7,0,0,0,0,27,29,160,210,5,0,855,904,4,0,60,80,265,185,ATK@600
gauntlet/20261001-021054-scrim-g_iter1/losses/quesswho.cretplayer2_3__Canals__botA.bc24,quesswho.cretplayer2_3,1,A,g_iter1,0,2000,MORE_FLAG_CAPTURES,1,1380,399,19,0,0,0,0,0,58,195,305,11,0,823,811,18,0,61,413,1251,332,ATK@600+HEAL@1200+CAP@1800
gauntlet/20261001-021054-scrim-g_iter1/losses/quesswho.cretplayer2_3__Canals__botA.bc24,quesswho.cretplayer2_3,0,B,cretplayer2_3,1,2000,MORE_FLAG_CAPTURES,2,396,245,28,0,3,17,0,0,0,7000,920,0,3,878,794,0,4,73,228,332,1251,ATK@600+HEAL@1200+CAP@1800
gauntlet/20261001-021054-scrim-g_iter1/losses/quesswho.cretplayer2_3__OceanFloor__botA.bc24,quesswho.cretplayer2_3,1,A,g_iter1,0,569,CAPTURE,0,-1,322,7,0,0,0,0,32,26,145,270,5,2,737,930,4,0,47,59,123,27,
gauntlet/20261001-021054-scrim-g_iter1/losses/quesswho.cretplayer2_3__OceanFloor__botA.bc24,quesswho.cretplayer2_3,0,B,cretplayer2_3,1,569,CAPTURE,3,331,238,7,0,3,50,0,27,0,2990,1000,0,3,594,560,0,5,27,37,27,123,
gauntlet/20261001-021054-scrim-g_iter1/losses/winkelmantanner.waffle__Gauntlet__botB.bc24,winkelmantanner.waffle,0,A,waffle,1,1424,CAPTURE,3,317,240,22,0,0,0,0,35,3,3150,1600,0,3,851,809,0,0,68,201,288,608,ATK@600+HEAL@1200
gauntlet/20261001-021054-scrim-g_iter1/losses/winkelmantanner.waffle__Gauntlet__botB.bc24,winkelmantanner.waffle,1,B,g_iter1,0,1424,CAPTURE,1,1410,342,4,0,0,0,0,56,24,155,225,3,5,743,901,4,0,32,148,608,288,ATK@600+HEAL@1200
gauntlet/20261001-021054-scrim-g_iter1/losses/winkelmantanner.waffle__Islands__botA.bc24,winkelmantanner.waffle,1,A,g_iter1,0,378,CAPTURE,0,-1,0,0,0,0,0,0,71,47,130,245,8,0,895,1068,18,0,45,51,90,45,
gauntlet/20261001-021054-scrim-g_iter1/losses/winkelmantanner.waffle__Islands__botA.bc24,winkelmantanner.waffle,0,B,waffle,1,378,CAPTURE,3,290,227,15,0,0,0,0,41,63,766,226,5,4,934,732,0,0,93,89,45,90,
gauntlet/20261001-021054-scrim-g_iter1/losses/winkelmantanner.waffle__StackGame__botB.bc24,winkelmantanner.waffle,0,A,waffle,1,356,CAPTURE,3,268,233,12,0,0,0,0,28,20,4160,260,0,11,948,770,0,0,83,67,47,86,
gauntlet/20261001-021054-scrim-g_iter1/losses/winkelmantanner.waffle__StackGame__botB.bc24,winkelmantanner.waffle,1,B,g_iter1,0,356,CAPTURE,0,-1,338,1,0,0,0,0,29,49,190,290,9,3,993,1138,16,0,49,42,86,47,
gauntlet/20261001-021054-scrim-g_iter1/losses/quesswho.cretplayer2_3__Tunnels__botB.bc24,quesswho.cretplayer2_3,0,A,cretplayer2_3,1,2000,MORE_FLAG_CAPTURES,2,484,411,44,0,3,18,0,54,0,3180,940,0,28,719,638,0,8,33,202,309,1704,ATK@600+HEAL@1200+CAP@1800
gauntlet/20261001-021054-scrim-g_iter1/losses/quesswho.cretplayer2_3__Tunnels__botB.bc24,quesswho.cretplayer2_3,1,B,g_iter1,0,2000,MORE_FLAG_CAPTURES,0,-1,243,7,0,0,0,0,62,24,135,285,4,24,1254,1022,6,0,56,218,1704,309,ATK@600+HEAL@1200+CAP@1800
gauntlet/20261001-021054-scrim-g_iter1/losses/winkelmantanner.waffle__Whirlpool__botB.bc24,winkelmantanner.waffle,0,A,waffle,1,614,CAPTURE,3,437,375,14,0,0,0,0,55,23,1250,730,0,14,963,1573,0,0,47,54,103,117,ATK@600
gauntlet/20261001-021054-scrim-g_iter1/losses/winkelmantanner.waffle__Whirlpool__botB.bc24,winkelmantanner.waffle,1,B,g_iter1,0,614,CAPTURE,0,-1,0,0,0,0,0,0,76,22,200,300,3,22,1079,1316,6,0,69,79,117,103,ATK@600
gauntlet/20261001-021054-scrim-g_iter1/losses/winkelmantanner.waffle__Skyline__botA.bc24,winkelmantanner.waffle,1,A,g_iter1,0,393,CAPTURE,0,-1,0,0,0,0,0,0,106,99,9250,260,9,6,935,995,24,0,187,145,74,59,
gauntlet/20261001-021054-scrim-g_iter1/losses/winkelmantanner.waffle__Skyline__botA.bc24,winkelmantanner.waffle,0,B,waffle,1,393,CAPTURE,3,340,222,12,0,0,0,0,68,52,16563,10473,3,4,973,851,0,0,243,200,59,74,
gauntlet/20261001-021054-scrim-g_iter1/replays/ColtG5.Goob_final__OceanFloor__botA.bc24,ColtG5.Goob_final,1,A,g_iter1,1,1818,CAPTURE,3,884,601,6,0,0,0,0,31,28,115,225,5,3,1112,1358,1,0,48,312,1109,345,ATK@600+HEAL@1200+CAP@1800
gauntlet/20261001-021054-scrim-g_iter1/replays/ColtG5.Goob_final__OceanFloor__botA.bc24,ColtG5.Goob_final,0,B,Goob_final,0,1818,CAPTURE,2,398,242,17,0,0,0,0,37,0,2690,60,0,8,1037,769,0,0,49,221,345,1109,ATK@600+HEAL@1200+CAP@1800
gauntlet/20261001-021054-scrim-g_iter1/replays/ColtG5.Goob_final__BigDucksBigPond__botB.bc24,ColtG5.Goob_final,0,A,Goob_final,0,1961,CAPTURE,1,318,256,8,0,0,0,0,121,0,3570,80,0,5,1091,831,12,0,68,271,547,1421,ATK@600+HEAL@1200+CAP@1800
gauntlet/20261001-021054-scrim-g_iter1/replays/ColtG5.Goob_final__BigDucksBigPond__botB.bc24,ColtG5.Goob_final,1,B,g_iter1,1,1961,CAPTURE,3,1377,1257,7,0,0,0,0,98,35,140,250,5,1,1114,1269,13,0,44,480,1421,547,ATK@600+HEAL@1200+CAP@1800
gauntlet/20261001-021054-scrim-g_iter1/replays/ColtG5.Goob_final__DefaultLarge__botA.bc24,ColtG5.Goob_final,1,A,g_iter1,1,2000,MORE_FLAG_CAPTURES,2,1588,1475,5,0,0,0,0,39,26,165,300,4,16,1088,1339,6,0,49,463,1416,487,ATK@600+HEAL@1200+CAP@1800
gauntlet/20261001-021054-scrim-g_iter1/replays/ColtG5.Goob_final__DefaultLarge__botA.bc24,ColtG5.Goob_final,0,B,Goob_final,0,2000,MORE_FLAG_CAPTURES,0,-1,256,20,0,0,0,0,43,0,2910,50,0,7,1133,899,12,0,79,275,487,1416,ATK@600+HEAL@1200+CAP@1800
gauntlet/20261001-021054-scrim-g_iter1/replays/CyrilSharma.finalBot__Fusbol__botA.bc24,CyrilSharma.finalBot,1,A,g_iter1,1,2000,LEVEL_SUM,0,-1,0,0,0,0,0,0,119,32,688,191,6,9,834,1043,24,0,115,392,614,355,ATK@600+HEAL@1200+CAP@1800
gauntlet/20261001-021054-scrim-g_iter1/replays/CyrilSharma.finalBot__Fusbol__botA.bc24,CyrilSharma.finalBot,0,B,finalBot,0,2000,LEVEL_SUM,0,-1,0,0,0,0,0,14,30,0,3026,1149,1,11,693,999,0,0,43,295,355,614,ATK@600+HEAL@1200+CAP@1800
gauntlet/20261001-021054-scrim-g_iter1/replays/ColtG5.Goob_final__MazeRunner__botA.bc24,ColtG5.Goob_final,1,A,g_iter1,1,2000,LEVEL_SUM,0,-1,0,0,0,0,0,0,67,22,80,130,4,15,975,1186,15,0,42,174,1017,467,ATK@600+HEAL@1200+CAP@1800
gauntlet/20261001-021054-scrim-g_iter1/replays/ColtG5.Goob_final__MazeRunner__botA.bc24,ColtG5.Goob_final,0,B,Goob_final,0,2000,LEVEL_SUM,0,-1,340,7,0,0,0,0,116,0,1520,90,0,5,903,819,0,0,55,269,467,1017,ATK@600+HEAL@1200+CAP@1800
gauntlet/20261001-021054-scrim-g_iter1/replays/Gymhgy.v10official__Starfish__botB.bc24,Gymhgy.v10official,0,A,v10official,0,1890,CAPTURE,2,277,237,37,17,3,19,21,186,1,437,96,3,0,873,1206,0,1,9,196,421,892,ATK@600+HEAL@1200+CAP@1800
gauntlet/20261001-021054-scrim-g_iter1/replays/Gymhgy.v10official__Starfish__botB.bc24,Gymhgy.v10official,1,B,g_iter1,1,1890,CAPTURE,3,252,230,8,0,0,0,0,101,26,125,185,4,7,1359,1365,9,0,34,217,892,421,ATK@600+HEAL@1200+CAP@1800
gauntlet/20261001-021054-scrim-g_iter1/replays/NotLLeon.v3__Decision__botB.bc24,NotLLeon.v3,0,A,v3,0,2000,LEVEL_SUM,2,673,304,99,32,0,0,0,38,0,2760,100,0,2,793,1001,0,0,54,191,239,352,ATK@600+HEAL@1200+CAP@1800
gauntlet/20261001-021054-scrim-g_iter1/replays/NotLLeon.v3__Decision__botB.bc24,NotLLeon.v3,1,B,g_iter1,1,2000,LEVEL_SUM,2,666,284,33,0,0,0,0,83,15,185,200,2,6,702,1048,2,0,31,200,352,239,ATK@600+HEAL@1200+CAP@1800
gauntlet/20261001-021054-scrim-g_iter1/replays/SampleProvider.TSPAARKSPRINT1__KingQuacksCastle__botB.bc24,SampleProvider.TSPAARKSPRINT1,0,A,TSPAARKSPRINT1,0,686,CAPTURE,2,479,298,15,0,3,29,0,41,2,2570,70,0,4,616,1664,4,33,4,57,49,126,ATK@600
gauntlet/20261001-021054-scrim-g_iter1/replays/SampleProvider.TSPAARKSPRINT1__KingQuacksCastle__botB.bc24,SampleProvider.TSPAARKSPRINT1,1,B,g_iter1,1,686,CAPTURE,3,633,230,20,0,0,0,0,27,28,145,30,5,5,1130,1111,9,0,42,80,126,49,ATK@600
gauntlet/20261001-021054-scrim-g_iter1/replays/awu7.ExplosiveBot__Alligator__botA.bc24,awu7.ExplosiveBot,1,A,g_iter1,1,1516,CAPTURE,3,296,262,10,0,0,0,0,53,34,175,255,6,23,1219,1434,8,0,82,325,987,217,ATK@600+HEAL@1200
gauntlet/20261001-021054-scrim-g_iter1/replays/awu7.ExplosiveBot__Alligator__botA.bc24,awu7.ExplosiveBot,0,B,ExplosiveBot,0,1516,CAPTURE,1,418,236,44,27,0,0,0,69,10,2530,4650,0,16,868,847,3,0,30,115,217,987,ATK@600+HEAL@1200
gauntlet/20261001-021054-scrim-g_iter1/replays/SampleProvider.TSPAARKSPRINT1__WheresMyWater__botB.bc24,SampleProvider.TSPAARKSPRINT1,0,A,TSPAARKSPRINT1,0,930,CAPTURE,2,605,290,28,0,3,9,0,170,1,200,20,0,22,509,1728,1,7,0,25,48,285,ATK@600
gauntlet/20261001-021054-scrim-g_iter1/replays/SampleProvider.TSPAARKSPRINT1__WheresMyWater__botB.bc24,SampleProvider.TSPAARKSPRINT1,1,B,g_iter1,1,930,CAPTURE,3,266,219,15,0,0,0,0,47,31,195,220,5,7,1212,987,9,0,61,150,285,48,ATK@600
gauntlet/20261001-021054-scrim-g_iter1/replays/NotLLeon.v3__Hurricane__botB.bc24,NotLLeon.v3,0,A,v3,0,2000,LEVEL_SUM,0,-1,223,79,0,0,0,0,73,0,4710,4410,0,10,584,641,0,0,59,133,121,199,ATK@600+HEAL@1200+CAP@1800
gauntlet/20261001-021054-scrim-g_iter1/replays/NotLLeon.v3__Hurricane__botB.bc24,NotLLeon.v3,1,B,g_iter1,1,2000,LEVEL_SUM,0,-1,223,20,0,0,0,0,67,42,140,200,7,2,490,641,10,0,44,161,199,121,ATK@600+HEAL@1200+CAP@1800
gauntlet/20261001-021054-scrim-g_iter1/replays/SampleProvider.TSPAARKSPRINT1__EndAround__botA.bc24,SampleProvider.TSPAARKSPRINT1,1,A,g_iter1,1,1742,CAPTURE,3,1407,243,108,0,0,0,0,69,22,145,195,3,3,758,653,10,0,51,272,656,183,ATK@600+HEAL@1200
gauntlet/20261001-021054-scrim-g_iter1/replays/SampleProvider.TSPAARKSPRINT1__EndAround__botA.bc24,SampleProvider.TSPAARKSPRINT1,0,B,TSPAARKSPRINT1,0,1742,CAPTURE,0,-1,323,5,0,3,57,0,136,5,320,40,0,0,397,912,3,12,0,70,183,656,ATK@600+CAP@1200
gauntlet/20261001-021054-scrim-g_iter1/replays/awu7.ExplosiveBot__Canals__botA.bc24,awu7.ExplosiveBot,1,A,g_iter1,1,1369,CAPTURE,3,426,364,18,0,0,0,0,0,62,165,305,11,4,1183,1442,16,0,91,379,1098,154,ATK@600+HEAL@1200
gauntlet/20261001-021054-scrim-g_iter1/replays/awu7.ExplosiveBot__Canals__botA.bc24,awu7.ExplosiveBot,0,B,ExplosiveBot,0,1369,CAPTURE,1,864,307,35,15,0,0,0,0,11,5400,10,0,14,716,323,33,0,11,107,154,1098,ATK@600+HEAL@1200
gauntlet/20261001-021054-scrim-g_iter1/replays/awu7.ExplosiveBot__GaltonBoard__botA.bc24,awu7.ExplosiveBot,1,A,g_iter1,1,1075,CAPTURE,3,905,819,5,0,0,0,0,11,19,135,235,3,14,1328,1626,1,0,45,155,812,72,ATK@600
gauntlet/20261001-021054-scrim-g_iter1/replays/awu7.ExplosiveBot__GaltonBoard__botA.bc24,awu7.ExplosiveBot,0,B,ExplosiveBot,0,1075,CAPTURE,1,307,284,8,7,0,0,0,10,9,1200,1970,0,9,945,838,9,0,14,44,72,812,ATK@600
gauntlet/20261001-021054-scrim-g_iter1/replays/awu7.ExplosiveBot__Capacitance__botB.bc24,awu7.ExplosiveBot,0,A,ExplosiveBot,0,1262,CAPTURE,1,482,291,32,19,0,0,0,28,4,4660,3260,0,18,691,777,36,0,10,79,115,739,ATK@600+HEAL@1200
gauntlet/20261001-021054-scrim-g_iter1/replays/awu7.ExplosiveBot__Capacitance__botB.bc24,awu7.ExplosiveBot,1,B,g_iter1,1,1262,CAPTURE,3,559,535,8,0,0,0,0,23,42,150,280,7,13,1020,1319,14,0,64,212,739,115,ATK@600+HEAL@1200
gauntlet/20261001-021054-scrim-g_iter1/replays/awu7.ExplosiveBot__Joker__botB.bc24,awu7.ExplosiveBot,0,A,ExplosiveBot,0,1387,CAPTURE,2,306,267,40,27,0,0,0,32,10,14840,14340,0,13,544,548,59,0,23,157,207,827,ATK@600+HEAL@1200
gauntlet/20261001-021054-scrim-g_iter1/replays/awu7.ExplosiveBot__Joker__botB.bc24,awu7.ExplosiveBot,1,B,g_iter1,1,1387,CAPTURE,3,664,272,25,0,0,0,0,2,117,3890,270,12,0,977,1152,24,0,253,499,827,207,ATK@600+HEAL@1200
gauntlet/20261001-021054-scrim-g_iter1/replays/clbarrell.duck8__Fountain__botA.bc24,clbarrell.duck8,1,A,g_iter1,1,1507,CAPTURE,3,279,232,8,0,0,0,0,37,21,180,30,3,15,936,1021,12,0,25,125,739,270,ATK@600+HEAL@1200
gauntlet/20261001-021054-scrim-g_iter1/replays/clbarrell.duck8__Fountain__botA.bc24,clbarrell.duck8,0,B,duck8,0,1507,CAPTURE,2,416,272,46,0,0,0,0,27,22,90,70,1,10,700,691,10,0,36,155,270,739,ATK@750+HEAL@1500
gauntlet/20261001-021054-scrim-g_iter1/replays/dmtrung14.defaultplayer_intlqualifier__DefaultHuge__botA.bc24,dmtrung14.defaultplayer_intlqualifier,1,A,g_iter1,1,2000,LEVEL_SUM,2,313,229,5,0,0,0,0,4,52,170,155,9,17,1015,411,13,0,49,330,1046,30,ATK@600+HEAL@1200+CAP@1800
gauntlet/20261001-021054-scrim-g_iter1/replays/dmtrung14.defaultplayer_intlqualifier__DefaultHuge__botA.bc24,dmtrung14.defaultplayer_intlqualifier,0,B,defaultplayer_intlqualifier,0,2000,LEVEL_SUM,2,428,229,28,11,3,28,0,18,28,1860,130,0,2,216,550,6,24,33,95,30,1046,ATK@600+HEAL@1200+CAP@1800
gauntlet/20261001-021054-scrim-g_iter1/replays/awu7.ExplosiveBot__Klein__botB.bc24,awu7.ExplosiveBot,0,A,ExplosiveBot,0,2000,MORE_FLAG_CAPTURES,0,-1,679,11,3,0,0,0,269,9,30,20,0,18,691,480,1,0,10,109,204,1577,ATK@600+HEAL@1200
gauntlet/20261001-021054-scrim-g_iter1/replays/awu7.ExplosiveBot__Klein__botB.bc24,awu7.ExplosiveBot,1,B,g_iter1,1,2000,MORE_FLAG_CAPTURES,2,577,345,25,0,0,0,0,104,48,145,165,8,11,945,1153,12,0,65,588,1577,204,ATK@600+HEAL@1200+CAP@1800
gauntlet/20261001-021054-scrim-g_iter1/replays/clbarrell.duck8__Hockey__botB.bc24,clbarrell.duck8,0,A,duck8,0,2000,LEVEL_SUM,0,-1,351,5,0,0,0,0,28,42,80,10,3,2,937,1277,7,0,61,252,341,888,ATK@750+HEAL@1500
gauntlet/20261001-021054-scrim-g_iter1/replays/clbarrell.duck8__Hockey__botB.bc24,clbarrell.duck8,1,B,g_iter1,1,2000,LEVEL_SUM,0,-1,0,0,0,0,0,0,28,39,185,210,6,22,1147,1451,11,0,46,186,888,341,ATK@600+HEAL@1200+CAP@1800
gauntlet/20261001-021054-scrim-g_iter1/replays/clbarrell.duck8__Whirlpool__botA.bc24,clbarrell.duck8,1,A,g_iter1,1,2000,MORE_FLAG_CAPTURES,2,819,748,9,0,0,0,0,76,23,165,235,4,12,1058,1051,6,0,29,258,1217,371,ATK@600+HEAL@1200+CAP@1800
gauntlet/20261001-021054-scrim-g_iter1/replays/clbarrell.duck8__Whirlpool__botA.bc24,clbarrell.duck8,0,B,duck8,0,2000,MORE_FLAG_CAPTURES,0,-1,280,22,0,0,0,0,49,33,20,1800,3,7,715,805,5,0,84,261,371,1217,ATK@750+HEAL@1500
gauntlet/20261001-021054-scrim-g_iter1/replays/clbarrell.duck8__Mountain__botB.bc24,clbarrell.duck8,0,A,duck8,0,2000,LEVEL_SUM,1,393,265,22,0,0,0,0,14,45,100,70,3,10,851,658,16,0,64,245,343,1315,ATK@750+HEAL@1500
gauntlet/20261001-021054-scrim-g_iter1/replays/clbarrell.duck8__Mountain__botB.bc24,clbarrell.duck8,1,B,g_iter1,1,2000,LEVEL_SUM,1,713,662,7,0,0,0,0,31,47,210,210,9,19,1061,1137,12,0,61,398,1315,343,ATK@600+HEAL@1200+CAP@1800
gauntlet/20261001-021054-scrim-g_iter1/replays/dmtrung14.defaultplayer_intlqualifier__StarryNight__botA.bc24,dmtrung14.defaultplayer_intlqualifier,1,A,g_iter1,1,2000,LEVEL_SUM,1,1666,359,3,0,0,0,0,92,112,619,89,11,0,1435,501,24,0,104,244,882,32,ATK@600+HEAL@1200+CAP@1800
gauntlet/20261001-021054-scrim-g_iter1/replays/dmtrung14.defaultplayer_intlqualifier__StarryNight__botA.bc24,dmtrung14.defaultplayer_intlqualifier,0,B,defaultplayer_intlqualifier,0,2000,LEVEL_SUM,1,253,233,31,19,3,9,0,116,23,9820,10550,0,11,357,961,4,24,26,80,32,882,ATK@600+HEAL@1200+CAP@1800
gauntlet/20261001-021054-scrim-g_iter1/replays/jonters.bling3__Hockey__botB.bc24,jonters.bling3,0,A,bling3,0,1461,CAPTURE,1,478,392,5,0,0,0,0,56,13,1420,1520,0,0,852,1964,24,0,6,96,227,744,ATK@600+HEAL@1200
gauntlet/20261001-021054-scrim-g_iter1/replays/jonters.bling3__Hockey__botB.bc24,jonters.bling3,1,B,g_iter1,1,1461,CAPTURE,3,697,274,28,0,0,0,0,32,39,150,175,7,3,1287,1702,13,0,51,234,744,227,ATK@600+HEAL@1200
gauntlet/20261001-021054-scrim-g_iter1/replays/jonters.bling3__Whirlpool__botB.bc24,jonters.bling3,0,A,bling3,0,1443,CAPTURE,1,456,416,1,0,0,0,0,98,11,60,2750,0,3,633,1160,22,0,6,115,183,621,ATK@600+HEAL@1200
gauntlet/20261001-021054-scrim-g_iter1/replays/jonters.bling3__Whirlpool__botB.bc24,jonters.bling3,1,B,g_iter1,1,1443,CAPTURE,3,1128,529,15,0,0,0,0,77,23,135,225,4,22,935,1280,6,0,33,137,621,183,ATK@600+HEAL@1200
gauntlet/20261001-021054-scrim-g_iter1/replays/jonters.bling3__Alien__botA.bc24,jonters.bling3,1,A,g_iter1,1,1832,CAPTURE,3,1771,245,20,0,0,0,0,8,43,171,291,7,9,1226,1441,14,0,50,239,1052,382,ATK@600+HEAL@1200+CAP@1800
gauntlet/20261001-021054-scrim-g_iter1/replays/jonters.bling3__Alien__botA.bc24,jonters.bling3,0,B,bling3,0,1832,CAPTURE,2,280,247,38,0,0,0,0,10,15,2400,150,0,9,858,1387,34,0,5,149,382,1052,ATK@600+HEAL@1200+CAP@1800
gauntlet/20261001-021054-scrim-g_iter1/replays/jonters.bling3__DefaultHuge__botB.bc24,jonters.bling3,0,A,bling3,0,2000,MORE_FLAG_CAPTURES,1,315,233,8,0,0,0,0,42,2,4440,1650,0,0,568,567,29,0,5,121,214,808,ATK@600+HEAL@1200+CAP@1800
gauntlet/20261001-021054-scrim-g_iter1/replays/jonters.bling3__DefaultHuge__botB.bc24,jonters.bling3,1,B,g_iter1,1,2000,MORE_FLAG_CAPTURES,2,263,229,13,0,0,0,0,4,52,200,315,9,7,939,1001,12,0,79,282,808,214,ATK@600+HEAL@1200+CAP@1800
gauntlet/20261001-021054-scrim-g_iter1/replays/justinottesen.sprint1__Battlecode24__botB.bc24,justinottesen.sprint1,0,A,sprint1,0,550,CAPTURE,0,-1,0,0,0,0,0,0,168,0,8460,7750,0,4,102,645,73,0,0,71,71,172,
gauntlet/20261001-021054-scrim-g_iter1/replays/justinottesen.sprint1__Battlecode24__botB.bc24,justinottesen.sprint1,1,B,g_iter1,1,550,CAPTURE,3,290,220,10,0,0,0,0,78,97,1284,224,12,5,1063,451,24,0,254,227,172,71,
gauntlet/20261001-021054-scrim-g_iter1/replays/jonters.bling3__Randy__botB.bc24,jonters.bling3,0,A,bling3,0,2000,MORE_FLAG_CAPTURES,0,-1,223,7,0,0,0,0,6,4,4820,2970,0,7,682,1286,36,0,12,173,372,887,ATK@600+HEAL@1200+CAP@1800
gauntlet/20261001-021054-scrim-g_iter1/replays/jonters.bling3__Randy__botB.bc24,jonters.bling3,1,B,g_iter1,1,2000,MORE_FLAG_CAPTURES,2,412,210,41,0,0,0,0,6,49,165,44,9,21,1083,1259,11,0,65,298,887,372,ATK@600+HEAL@1200+CAP@1800
gauntlet/20261001-021054-scrim-g_iter1/replays/jonters.bling3__Snake__botA.bc24,jonters.bling3,1,A,g_iter1,1,1640,CAPTURE,3,439,224,19,0,0,0,0,175,85,675,298,12,11,1174,1293,24,0,238,364,616,279,ATK@600+HEAL@1200
gauntlet/20261001-021054-scrim-g_iter1/replays/jonters.bling3__Snake__botA.bc24,jonters.bling3,0,B,bling3,0,1640,CAPTURE,1,1220,1146,2,0,0,0,0,234,0,8480,13150,0,13,563,1365,85,0,1,189,279,616,ATK@600+HEAL@1200
gauntlet/20261001-021054-scrim-g_iter1/replays/justinottesen.sprint1__Joker__botA.bc24,justinottesen.sprint1,1,A,g_iter1,1,728,CAPTURE,3,609,339,15,0,0,0,0,4,114,4120,750,12,7,1102,618,24,0,219,259,291,117,ATK@600
gauntlet/20261001-021054-scrim-g_iter1/replays/justinottesen.sprint1__Joker__botA.bc24,justinottesen.sprint1,0,B,sprint1,0,728,CAPTURE,0,-1,412,5,0,0,0,0,20,0,16300,6470,0,4,137,805,122,0,0,122,117,291,ATK@600
gauntlet/20261001-021054-scrim-g_iter1/replays/kyleezz.jeeryfix3__OceanFloor__botA.bc24,kyleezz.jeeryfix3,1,A,g_iter1,1,843,CAPTURE,3,573,467,4,0,0,0,0,35,25,170,233,3,0,1072,1390,3,0,61,83,378,115,ATK@600
gauntlet/20261001-021054-scrim-g_iter1/replays/kyleezz.jeeryfix3__OceanFloor__botA.bc24,kyleezz.jeeryfix3,0,B,jeeryfix3,0,843,CAPTURE,2,298,235,6,0,0,0,0,77,7,790,150,0,12,1084,740,0,0,40,82,115,378,ATK@600
gauntlet/20261001-021054-scrim-g_iter1/replays/justinottesen.sprint1__GaltonBoard__botB.bc24,justinottesen.sprint1,0,A,sprint1,0,1100,CAPTURE,0,-1,449,1,0,0,0,0,10,10,100,83,0,2,111,709,124,0,0,174,128,888,ATK@600
gauntlet/20261001-021054-scrim-g_iter1/replays/justinottesen.sprint1__GaltonBoard__botB.bc24,justinottesen.sprint1,1,B,g_iter1,1,1100,CAPTURE,3,944,910,7,0,0,0,0,11,19,155,235,3,28,1179,828,1,0,119,252,888,128,ATK@600
gauntlet/20261001-021054-scrim-g_iter1/replays/justinottesen.sprint1__Rivers__botB.bc24,justinottesen.sprint1,0,A,sprint1,0,615,CAPTURE,0,-1,460,1,0,0,0,0,45,0,2450,30,0,6,244,1143,21,0,0,30,24,394,ATK@600
gauntlet/20261001-021054-scrim-g_iter1/replays/justinottesen.sprint1__Rivers__botB.bc24,justinottesen.sprint1,1,B,g_iter1,1,615,CAPTURE,3,428,325,9,0,0,0,0,34,25,185,180,4,3,1859,827,7,0,61,91,394,24,ATK@600
gauntlet/20261001-021054-scrim-g_iter1/replays/justinottesen.sprint1__StarryNight__botA.bc24,justinottesen.sprint1,1,A,g_iter1,1,661,CAPTURE,3,491,244,10,0,0,0,0,83,114,663,303,11,21,1404,771,24,0,122,194,383,105,ATK@600
gauntlet/20261001-021054-scrim-g_iter1/replays/justinottesen.sprint1__StarryNight__botA.bc24,justinottesen.sprint1,0,B,sprint1,0,661,CAPTURE,0,-1,326,5,0,0,0,0,154,56,240,63,3,3,170,850,85,0,0,103,105,383,ATK@600
gauntlet/20261001-021054-scrim-g_iter1/replays/justinottesen.sprint1__Hurricane__botB.bc24,justinottesen.sprint1,0,A,sprint1,0,1737,CAPTURE,0,-1,222,30,0,0,0,0,153,10,50,10,1,2,206,764,11,0,0,58,66,962,ATK@600
gauntlet/20261001-021054-scrim-g_iter1/replays/justinottesen.sprint1__Hurricane__botB.bc24,justinottesen.sprint1,1,B,g_iter1,1,1737,CAPTURE,3,1330,247,32,0,0,0,0,68,36,200,295,6,8,1361,413,14,0,64,344,962,66,ATK@600+HEAL@1200
gauntlet/20261001-021054-scrim-g_iter1/replays/kyleezz.jeeryfix3__YearOfTheDragon__botB.bc24,kyleezz.jeeryfix3,0,A,jeeryfix3,0,2000,LEVEL_SUM,1,285,242,4,0,0,0,0,28,10,11360,7630,0,0,1042,848,0,0,117,338,411,1349,ATK@600+CAP@1200+HEAL@1800
gauntlet/20261001-021054-scrim-g_iter1/replays/kyleezz.jeeryfix3__YearOfTheDragon__botB.bc24,kyleezz.jeeryfix3,1,B,g_iter1,1,2000,LEVEL_SUM,1,1845,1728,8,0,0,0,0,4,110,610,300,11,2,1133,1494,24,0,111,535,1349,411,ATK@600+HEAL@1200+CAP@1800
gauntlet/20261001-021054-scrim-g_iter1/replays/winkelmantanner.waffle__BedWars__botA.bc24,winkelmantanner.waffle,1,A,g_iter1,1,737,CAPTURE,3,355,321,5,0,0,0,0,0,43,185,25,7,2,459,631,8,0,47,48,161,43,ATK@600
gauntlet/20261001-021054-scrim-g_iter1/replays/winkelmantanner.waffle__BedWars__botA.bc24,winkelmantanner.waffle,0,B,waffle,0,737,CAPTURE,1,302,272,16,0,0,0,0,0,3,4500,1320,0,9,404,451,0,0,26,34,43,161,ATK@600
gauntlet/20261001-021054-scrim-g_iter1/replays/quesswho.cretplayer2_3__Capacitance__botA.bc24,quesswho.cretplayer2_3,1,A,g_iter1,1,1303,CAPTURE,3,237,217,3,0,0,0,0,20,45,165,280,7,9,962,890,12,0,70,196,585,330,ATK@600+HEAL@1200
gauntlet/20261001-021054-scrim-g_iter1/replays/quesswho.cretplayer2_3__Capacitance__botA.bc24,quesswho.cretplayer2_3,0,B,cretplayer2_3,0,1303,CAPTURE,2,274,244,58,0,3,8,0,20,0,5400,1000,0,3,772,655,0,5,75,226,330,585,ATK@600+HEAL@1200
