file,opp,us,team,name,won,rounds,wintype,captured,firstCapture,firstPickup,pickups,drops,setupFlagPickups,flagMoveDist,digs200,fills200,traps200,crumbs200,crumbs250,level200,defend300,atk400,heal400,expl400,water400,stun400,trapsHit,kills,deaths,upgrades
gauntlet/20261002-042718-scrim-b2rg/losses/ColtG5.Goob_final__Ambush__botA.bc24,ColtG5.Goob_final,1,A,b2rg,0,534,CAPTURE,1,231,207,6,0,0,0,0,40,0,3500,260,0,27,1293,1509,0,0,62,75,184,79,
gauntlet/20261002-042718-scrim-b2rg/losses/ColtG5.Goob_final__Ambush__botA.bc24,ColtG5.Goob_final,0,B,Goob_final,1,534,CAPTURE,3,252,207,8,0,0,0,0,54,0,3080,75,0,9,1183,979,6,0,81,90,79,184,
gauntlet/20261002-042718-scrim-b2rg/losses/CyrilSharma.finalBot__Bunkers__botA.bc24,CyrilSharma.finalBot,1,A,b2rg,0,834,CAPTURE,1,799,691,5,0,0,0,0,27,0,4390,280,0,21,1109,1326,5,0,53,96,236,243,ATK@600
gauntlet/20261002-042718-scrim-b2rg/losses/CyrilSharma.finalBot__Bunkers__botA.bc24,CyrilSharma.finalBot,0,B,finalBot,1,834,CAPTURE,3,381,329,16,0,0,0,60,5,4,3645,1945,12,7,1112,1269,0,0,112,233,243,236,ATK@600
gauntlet/20261002-042718-scrim-b2rg/losses/ColtG5.Goob_final__Swoop__botB.bc24,ColtG5.Goob_final,0,A,Goob_final,1,1118,CAPTURE,3,265,221,8,0,0,0,0,60,0,4900,60,0,4,1004,716,3,0,58,171,263,607,ATK@600
gauntlet/20261002-042718-scrim-b2rg/losses/ColtG5.Goob_final__Swoop__botB.bc24,ColtG5.Goob_final,1,B,b2rg,0,1118,CAPTURE,2,447,330,6,0,0,0,0,66,0,4720,260,0,4,1203,1336,5,0,66,145,607,263,ATK@600
gauntlet/20261002-042718-scrim-b2rg/losses/CyrilSharma.finalBot__Decision__botB.bc24,CyrilSharma.finalBot,0,A,finalBot,1,877,CAPTURE,3,585,274,11,0,0,0,60,27,2,1494,444,12,2,519,685,0,0,53,102,105,74,ATK@600
gauntlet/20261002-042718-scrim-b2rg/losses/CyrilSharma.finalBot__Decision__botB.bc24,CyrilSharma.finalBot,1,B,b2rg,0,877,CAPTURE,0,-1,259,16,0,0,0,0,87,0,1590,290,0,4,466,669,0,0,29,62,74,105,ATK@600
gauntlet/20261002-042718-scrim-b2rg/losses/ColtG5.Goob_final__Gated__botA.bc24,ColtG5.Goob_final,1,A,b2rg,0,2000,MORE_FLAG_CAPTURES,0,-1,1569,2,0,0,0,0,30,0,3000,250,0,2,1076,1205,2,0,45,212,1115,427,ATK@600+HEAL@1200+CAP@1800
gauntlet/20261002-042718-scrim-b2rg/losses/ColtG5.Goob_final__Gated__botA.bc24,ColtG5.Goob_final,0,B,Goob_final,1,2000,MORE_FLAG_CAPTURES,1,342,245,9,0,0,0,0,36,0,2820,80,0,6,1042,972,0,0,57,241,427,1115,ATK@600+HEAL@1200+CAP@1800
gauntlet/20261002-042718-scrim-b2rg/losses/CyrilSharma.finalBot__EvilGrin__botB.bc24,CyrilSharma.finalBot,0,A,finalBot,1,1850,CAPTURE,3,403,298,13,0,0,0,53,20,0,2849,3545,10,15,835,997,0,0,128,601,590,595,ATK@600+HEAL@1200+CAP@1800
gauntlet/20261002-042718-scrim-b2rg/losses/CyrilSharma.finalBot__EvilGrin__botB.bc24,CyrilSharma.finalBot,1,B,b2rg,0,1850,CAPTURE,0,-1,294,5,0,0,0,0,52,0,2840,240,0,13,891,1134,3,0,49,207,595,590,ATK@600+HEAL@1200+CAP@1800
gauntlet/20261002-042718-scrim-b2rg/losses/ColtG5.Goob_final__Joker__botB.bc24,ColtG5.Goob_final,0,A,Goob_final,1,2000,MORE_FLAG_CAPTURES,2,333,258,12,0,0,0,0,17,0,16390,22510,0,7,934,768,16,0,122,364,422,924,ATK@600+HEAL@1200+CAP@1800
gauntlet/20261002-042718-scrim-b2rg/losses/ColtG5.Goob_final__Joker__botB.bc24,ColtG5.Goob_final,1,B,b2rg,0,2000,MORE_FLAG_CAPTURES,0,-1,237,4,0,0,0,0,3,0,16810,240,0,14,980,1177,9,0,179,345,924,422,ATK@600+HEAL@1200+CAP@1800
gauntlet/20261002-042718-scrim-b2rg/losses/Gymhgy.v10official__Asteroids__botA.bc24,Gymhgy.v10official,1,A,b2rg,0,432,CAPTURE,0,-1,393,3,0,0,0,0,41,0,1970,270,0,6,1016,1333,2,0,39,38,31,41,
gauntlet/20261002-042718-scrim-b2rg/losses/Gymhgy.v10official__Asteroids__botA.bc24,Gymhgy.v10official,0,B,v10official,1,432,CAPTURE,3,352,276,36,28,3,12,90,36,3,446,46,18,0,854,1450,11,3,57,57,41,31,
gauntlet/20261002-042718-scrim-b2rg/losses/CyrilSharma.finalBot__Whirlpool__botA.bc24,CyrilSharma.finalBot,1,A,b2rg,0,1066,CAPTURE,0,-1,0,0,0,0,0,0,88,0,2560,210,0,17,930,1110,0,0,42,105,299,365,ATK@600
gauntlet/20261002-042718-scrim-b2rg/losses/CyrilSharma.finalBot__Whirlpool__botA.bc24,CyrilSharma.finalBot,0,B,finalBot,1,1066,CAPTURE,3,305,246,5,0,0,0,40,50,0,2974,5388,7,10,820,1171,0,0,92,317,365,299,ATK@600
gauntlet/20261002-042718-scrim-b2rg/losses/Gymhgy.v10official__Backslash__botA.bc24,Gymhgy.v10official,1,A,b2rg,0,565,CAPTURE,0,-1,272,13,0,0,0,0,195,0,1250,230,0,7,899,1122,0,0,123,125,47,93,
gauntlet/20261002-042718-scrim-b2rg/losses/Gymhgy.v10official__Backslash__botA.bc24,Gymhgy.v10official,0,B,v10official,1,565,CAPTURE,3,281,223,30,20,3,25,68,105,3,2547,5490,13,0,760,1247,54,3,67,117,93,47,
gauntlet/20261002-042718-scrim-b2rg/losses/Gymhgy.v10official__Decision__botB.bc24,Gymhgy.v10official,0,A,v10official,1,824,CAPTURE,3,518,400,51,41,3,12,90,74,3,325,135,18,0,758,1293,0,3,24,78,120,73,ATK@600
gauntlet/20261002-042718-scrim-b2rg/losses/Gymhgy.v10official__Decision__botB.bc24,Gymhgy.v10official,1,B,b2rg,0,824,CAPTURE,1,541,248,17,0,0,0,0,88,0,1660,270,0,3,825,1253,0,0,30,55,73,120,ATK@600
gauntlet/20261002-042718-scrim-b2rg/losses/CyrilSharma.finalBot__OceanFloor__botA.bc24,CyrilSharma.finalBot,1,A,b2rg,0,2000,MORE_FLAG_CAPTURES,0,-1,216,8,0,0,0,0,38,0,2660,200,0,1,592,708,3,0,34,193,523,479,ATK@600+HEAL@1200+CAP@1800
gauntlet/20261002-042718-scrim-b2rg/losses/CyrilSharma.finalBot__OceanFloor__botA.bc24,CyrilSharma.finalBot,0,B,finalBot,1,2000,MORE_FLAG_CAPTURES,2,285,218,9,0,0,0,60,4,3,2441,1341,12,2,799,693,0,0,92,528,479,523,ATK@600+HEAL@1200+CAP@1800
gauntlet/20261002-042718-scrim-b2rg/losses/Gymhgy.v10official__DefaultLarge__botB.bc24,Gymhgy.v10official,0,A,v10official,1,698,CAPTURE,3,459,349,73,61,3,13,90,39,1,1520,30,18,0,937,1748,9,1,70,126,92,59,ATK@600
gauntlet/20261002-042718-scrim-b2rg/losses/Gymhgy.v10official__DefaultLarge__botB.bc24,Gymhgy.v10official,1,B,b2rg,0,698,CAPTURE,0,-1,374,10,0,0,0,0,59,0,2430,230,0,3,1049,1463,1,0,53,74,59,92,ATK@600
gauntlet/20261002-042718-scrim-b2rg/losses/Gymhgy.v10official__CH3353C4K3F4CT0RY__botA.bc24,Gymhgy.v10official,1,A,b2rg,0,2000,MORE_FLAG_CAPTURES,0,-1,274,3,0,0,0,0,10,0,15100,255,0,17,955,1218,24,0,126,314,735,342,ATK@600+HEAL@1200+CAP@1800
gauntlet/20261002-042718-scrim-b2rg/losses/Gymhgy.v10official__CH3353C4K3F4CT0RY__botA.bc24,Gymhgy.v10official,0,B,v10official,1,2000,MORE_FLAG_CAPTURES,2,382,350,59,23,3,20,90,10,2,13490,7900,18,0,851,1414,53,2,126,426,342,735,ATK@600+HEAL@1200+CAP@1800
gauntlet/20261002-042718-scrim-b2rg/losses/IvanGeffner.kuma__Occulus__botA.bc24,IvanGeffner.kuma,1,A,b2rg,0,478,CAPTURE,0,-1,0,0,0,0,0,0,15,0,3750,230,0,34,981,1339,1,0,52,57,40,138,
gauntlet/20261002-042718-scrim-b2rg/losses/IvanGeffner.kuma__Occulus__botA.bc24,IvanGeffner.kuma,0,B,kuma,1,478,CAPTURE,3,364,315,14,10,0,0,90,18,3,2055,2855,18,3,1226,1294,16,0,130,122,138,40,
gauntlet/20261002-042718-scrim-b2rg/losses/IvanGeffner.kuma__EndAround__botA.bc24,IvanGeffner.kuma,1,A,b2rg,0,2000,MORE_FLAG_CAPTURES,0,-1,1235,3,0,0,0,0,74,0,2080,180,0,3,577,922,2,0,76,240,397,478,ATK@600+HEAL@1200+CAP@1800
gauntlet/20261002-042718-scrim-b2rg/losses/IvanGeffner.kuma__EndAround__botA.bc24,IvanGeffner.kuma,0,B,kuma,1,2000,MORE_FLAG_CAPTURES,1,1212,776,17,10,0,0,90,65,0,1537,2277,18,7,604,800,7,0,33,486,478,397,ATK@600+HEAL@1200+CAP@1800
gauntlet/20261002-042718-scrim-b2rg/losses/IvanGeffner.kuma__Backslash__botA.bc24,IvanGeffner.kuma,1,A,b2rg,0,1909,CAPTURE,0,-1,0,0,0,0,0,0,183,0,1610,260,0,18,944,1354,4,0,159,321,425,923,ATK@600+HEAL@1200+CAP@1800
gauntlet/20261002-042718-scrim-b2rg/losses/IvanGeffner.kuma__Backslash__botA.bc24,IvanGeffner.kuma,0,B,kuma,1,1909,CAPTURE,3,565,403,62,42,0,0,90,87,0,288,2418,18,3,1010,1255,4,0,138,716,923,425,ATK@600+HEAL@1200+CAP@1800
gauntlet/20261002-042718-scrim-b2rg/losses/Gymhgy.v10official__Klein__botB.bc24,Gymhgy.v10official,0,A,v10official,1,2000,MORE_FLAG_CAPTURES,2,250,239,37,26,3,35,55,164,3,4107,427,11,0,729,1185,5,3,34,257,333,488,ATK@600+HEAL@1200+CAP@1800
gauntlet/20261002-042718-scrim-b2rg/losses/Gymhgy.v10official__Klein__botB.bc24,Gymhgy.v10official,1,B,b2rg,0,2000,MORE_FLAG_CAPTURES,1,606,305,4,0,0,0,0,110,0,5700,210,0,7,820,1044,0,0,58,210,488,333,ATK@600+HEAL@1200+CAP@1800
gauntlet/20261002-042718-scrim-b2rg/losses/IvanGeffner.kuma__Swoop__botA.bc24,IvanGeffner.kuma,1,A,b2rg,0,419,CAPTURE,1,275,230,1,0,0,0,0,63,0,4810,270,0,2,943,1273,2,0,62,63,15,103,
gauntlet/20261002-042718-scrim-b2rg/losses/IvanGeffner.kuma__Swoop__botA.bc24,IvanGeffner.kuma,0,B,kuma,1,419,CAPTURE,3,277,229,10,4,0,0,90,72,2,2995,1491,18,2,1287,1372,10,0,108,92,103,15,
gauntlet/20261002-042718-scrim-b2rg/losses/IvanGeffner.kuma__Racetrack__botA.bc24,IvanGeffner.kuma,1,A,b2rg,0,741,CAPTURE,1,331,258,9,0,0,0,0,70,0,300,20,0,5,1020,1491,0,0,8,27,95,205,ATK@600
gauntlet/20261002-042718-scrim-b2rg/losses/IvanGeffner.kuma__Racetrack__botA.bc24,IvanGeffner.kuma,0,B,kuma,1,741,CAPTURE,3,411,351,22,11,0,0,65,53,0,10,16,12,2,1097,1651,0,0,4,62,205,95,ATK@600
gauntlet/20261002-042718-scrim-b2rg/losses/NotLLeon.v3__Backslash__botA.bc24,NotLLeon.v3,1,A,b2rg,0,456,CAPTURE,1,364,218,1,0,0,0,0,186,0,1520,90,0,0,852,969,0,0,128,115,75,67,
gauntlet/20261002-042718-scrim-b2rg/losses/NotLLeon.v3__Backslash__botA.bc24,NotLLeon.v3,0,B,v3,1,456,CAPTURE,3,320,237,17,10,0,0,0,116,0,2420,6800,0,4,869,869,0,0,118,115,67,75,
gauntlet/20261002-042718-scrim-b2rg/losses/NotLLeon.v3__Backslash__botB.bc24,NotLLeon.v3,0,A,v3,1,369,CAPTURE,3,282,240,18,12,0,0,0,164,0,2180,8100,0,14,829,852,0,0,122,105,54,24,
gauntlet/20261002-042718-scrim-b2rg/losses/NotLLeon.v3__Backslash__botB.bc24,NotLLeon.v3,1,B,b2rg,0,369,CAPTURE,1,324,250,10,0,0,0,0,215,0,650,213,0,0,627,786,1,0,108,78,24,54,
gauntlet/20261002-042718-scrim-b2rg/losses/NotLLeon.v3__Pancakes__botB.bc24,NotLLeon.v3,0,A,v3,1,452,CAPTURE,3,362,294,17,9,0,0,0,4,0,2280,430,0,1,832,966,0,0,67,76,38,60,
gauntlet/20261002-042718-scrim-b2rg/losses/NotLLeon.v3__Pancakes__botB.bc24,NotLLeon.v3,1,B,b2rg,0,452,CAPTURE,1,276,229,15,0,0,0,0,16,0,1920,230,0,18,845,1116,1,0,75,69,60,38,
gauntlet/20261002-042718-scrim-b2rg/losses/NotLLeon.v3__ORV__botA.bc24,NotLLeon.v3,1,A,b2rg,0,580,CAPTURE,1,302,260,7,0,0,0,0,34,0,4580,210,0,24,961,1254,3,0,75,84,111,77,
gauntlet/20261002-042718-scrim-b2rg/losses/NotLLeon.v3__ORV__botA.bc24,NotLLeon.v3,0,B,v3,1,580,CAPTURE,3,354,263,29,11,0,0,0,25,0,4850,3850,0,3,985,956,0,0,101,116,77,111,
gauntlet/20261002-042718-scrim-b2rg/losses/SampleProvider.TSPAARKSPRINT1__Snake__botB.bc24,SampleProvider.TSPAARKSPRINT1,0,A,TSPAARKSPRINT1,1,795,CAPTURE,3,390,240,25,0,3,24,0,196,4,9220,13650,0,4,400,942,71,37,6,118,130,121,ATK@600
gauntlet/20261002-042718-scrim-b2rg/losses/SampleProvider.TSPAARKSPRINT1__Snake__botB.bc24,SampleProvider.TSPAARKSPRINT1,1,B,b2rg,0,795,CAPTURE,1,761,257,22,0,0,0,0,178,0,10160,207,0,0,692,933,22,0,290,317,121,130,ATK@600
gauntlet/20261002-042718-scrim-b2rg/losses/NotLLeon.v3__Gated__botB.bc24,NotLLeon.v3,0,A,v3,1,2000,MORE_FLAG_CAPTURES,2,385,240,5,0,0,0,0,25,0,3150,1740,0,11,846,1051,0,0,59,286,452,532,ATK@600+HEAL@1200+CAP@1800
gauntlet/20261002-042718-scrim-b2rg/losses/NotLLeon.v3__Gated__botB.bc24,NotLLeon.v3,1,B,b2rg,0,2000,MORE_FLAG_CAPTURES,0,-1,264,21,0,0,0,0,32,0,2940,210,0,24,775,1129,3,0,46,204,532,452,ATK@600+HEAL@1200+CAP@1800
gauntlet/20261002-042718-scrim-b2rg/losses/NotLLeon.v3__Waterworld__botB.bc24,NotLLeon.v3,0,A,v3,1,1712,CAPTURE,3,583,377,55,23,0,0,0,239,0,5530,6370,0,12,607,657,0,0,90,269,360,503,ATK@600+HEAL@1200
gauntlet/20261002-042718-scrim-b2rg/losses/NotLLeon.v3__Waterworld__botB.bc24,NotLLeon.v3,1,B,b2rg,0,1712,CAPTURE,0,-1,515,2,0,0,0,0,265,0,8350,1020,0,3,611,686,9,0,126,262,503,360,ATK@600+HEAL@1200
gauntlet/20261002-042718-scrim-b2rg/losses/SampleProvider.TSPAARKSPRINT1__QuestionableChess__botB.bc24,SampleProvider.TSPAARKSPRINT1,0,A,TSPAARKSPRINT1,1,1602,CAPTURE,3,1370,279,43,0,3,11,0,73,2,10,30,0,7,672,1609,0,2,0,62,207,493,ATK@600+CAP@1200
gauntlet/20261002-042718-scrim-b2rg/losses/SampleProvider.TSPAARKSPRINT1__QuestionableChess__botB.bc24,SampleProvider.TSPAARKSPRINT1,1,B,b2rg,0,1602,CAPTURE,1,1050,237,81,0,0,0,0,64,0,480,200,0,6,1044,1105,0,0,11,151,493,207,ATK@600+HEAL@1200
gauntlet/20261002-042718-scrim-b2rg/losses/SampleProvider.TSPAARKSPRINT1__Soccer__botB.bc24,SampleProvider.TSPAARKSPRINT1,0,A,TSPAARKSPRINT1,1,650,CAPTURE,3,429,274,18,0,3,32,0,48,6,3360,23,0,10,509,1445,14,22,2,42,79,79,ATK@600
gauntlet/20261002-042718-scrim-b2rg/losses/SampleProvider.TSPAARKSPRINT1__Soccer__botB.bc24,SampleProvider.TSPAARKSPRINT1,1,B,b2rg,0,650,CAPTURE,1,612,246,21,0,0,0,0,24,0,4680,220,0,3,933,784,1,0,57,77,79,79,ATK@600
gauntlet/20261002-042718-scrim-b2rg/losses/SampleProvider.TSPAARKSPRINT1__Waterworld__botA.bc24,SampleProvider.TSPAARKSPRINT1,1,A,b2rg,0,1056,CAPTURE,1,774,245,12,0,0,0,0,278,0,7960,510,0,3,1117,821,1,0,138,210,252,114,ATK@600
gauntlet/20261002-042718-scrim-b2rg/losses/SampleProvider.TSPAARKSPRINT1__Waterworld__botA.bc24,SampleProvider.TSPAARKSPRINT1,0,B,TSPAARKSPRINT1,1,1056,CAPTURE,3,667,340,53,0,3,50,0,498,2,1160,40,0,8,485,1509,0,20,3,44,114,252,ATK@600
gauntlet/20261002-042718-scrim-b2rg/losses/Strequals.duck0127v5__Canals__botA.bc24,Strequals.duck0127v5,1,A,b2rg,0,582,CAPTURE,0,-1,448,7,0,0,0,0,0,0,7000,200,0,23,703,1323,5,0,71,87,30,101,
gauntlet/20261002-042718-scrim-b2rg/losses/Strequals.duck0127v5__Canals__botA.bc24,Strequals.duck0127v5,0,B,duck0127v5,1,582,CAPTURE,3,382,324,5,0,0,0,90,45,2,4210,3575,18,3,1046,1203,0,3,124,168,101,30,
gauntlet/20261002-042718-scrim-b2rg/losses/Strequals.duck0127v5__MIT__botB.bc24,Strequals.duck0127v5,0,A,duck0127v5,1,999,CAPTURE,3,394,290,19,0,0,0,90,95,7,5348,35923,18,3,751,813,0,1,116,293,222,146,ATK@600
gauntlet/20261002-042718-scrim-b2rg/losses/Strequals.duck0127v5__MIT__botB.bc24,Strequals.duck0127v5,1,B,b2rg,0,999,CAPTURE,1,587,259,27,0,0,0,0,35,0,8550,515,0,16,619,767,5,0,170,215,146,222,ATK@600
gauntlet/20261002-042718-scrim-b2rg/losses/Strequals.duck0127v5__MazeRunner__botA.bc24,Strequals.duck0127v5,1,A,b2rg,0,2000,MORE_FLAG_CAPTURES,1,1710,303,12,0,0,0,0,133,0,1010,210,0,6,713,1152,0,0,57,146,168,493,ATK@600+HEAL@1200+CAP@1800
gauntlet/20261002-042718-scrim-b2rg/losses/Strequals.duck0127v5__MazeRunner__botA.bc24,Strequals.duck0127v5,0,B,duck0127v5,1,2000,MORE_FLAG_CAPTURES,2,790,373,6,0,0,0,90,48,2,2623,4043,18,5,724,1099,0,3,32,347,493,168,ATK@600+HEAL@1200+CAP@1800
gauntlet/20261002-042718-scrim-b2rg/losses/Strequals.duck0127v5__Divergent__botB.bc24,Strequals.duck0127v5,0,A,duck0127v5,1,2000,LEVEL_SUM,0,-1,329,24,0,0,0,90,15,1,4310,4095,18,6,609,851,0,2,47,258,394,249,ATK@600+HEAL@1200+CAP@1800
gauntlet/20261002-042718-scrim-b2rg/losses/Strequals.duck0127v5__Divergent__botB.bc24,Strequals.duck0127v5,1,B,b2rg,0,2000,LEVEL_SUM,0,-1,307,24,0,0,0,0,34,0,5080,220,0,16,535,895,2,0,62,207,249,394,ATK@600+HEAL@1200+CAP@1800
gauntlet/20261002-042718-scrim-b2rg/losses/Strequals.duck0127v5__Rainbow__botA.bc24,Strequals.duck0127v5,1,A,b2rg,0,2000,MORE_FLAG_CAPTURES,0,-1,349,12,0,0,0,0,51,0,6870,240,0,3,798,1331,5,0,75,231,312,652,ATK@600+HEAL@1200+CAP@1800
gauntlet/20261002-042718-scrim-b2rg/losses/Strequals.duck0127v5__Rainbow__botA.bc24,Strequals.duck0127v5,0,B,duck0127v5,1,2000,MORE_FLAG_CAPTURES,2,416,307,16,0,0,0,90,31,16,5635,3965,18,3,962,1329,0,3,117,456,652,312,ATK@600+HEAL@1200+CAP@1800
gauntlet/20261002-042718-scrim-b2rg/losses/andli28.v9_USQuals_angle__Canals__botA.bc24,andli28.v9_USQuals_angle,1,A,b2rg,0,1567,CAPTURE,0,-1,0,0,0,0,0,0,0,0,7000,290,0,21,869,1324,4,0,74,190,285,643,ATK@600+HEAL@1200
gauntlet/20261002-042718-scrim-b2rg/losses/andli28.v9_USQuals_angle__Canals__botA.bc24,andli28.v9_USQuals_angle,0,B,v9_USQuals_angle,1,1567,CAPTURE,3,464,324,47,0,0,0,90,0,4,5345,4970,18,3,873,1180,7,3,59,546,643,285,ATK@600+HEAL@1200
gauntlet/20261002-042718-scrim-b2rg/losses/andli28.v9_USQuals_angle__Battlecode24__botB.bc24,andli28.v9_USQuals_angle,0,A,v9_USQuals_angle,1,2000,MORE_FLAG_CAPTURES,2,736,656,5,0,0,0,66,52,4,11864,22526,13,23,677,1042,12,2,66,415,529,306,ATK@600+HEAL@1200+CAP@1800
gauntlet/20261002-042718-scrim-b2rg/losses/andli28.v9_USQuals_angle__Battlecode24__botB.bc24,andli28.v9_USQuals_angle,1,B,b2rg,0,2000,MORE_FLAG_CAPTURES,1,787,593,2,0,0,0,0,57,0,13090,279,0,16,786,1121,9,0,178,311,306,529,ATK@600+HEAL@1200+CAP@1800
gauntlet/20261002-042718-scrim-b2rg/losses/andli28.v9_USQuals_angle__EvilGrin__botB.bc24,andli28.v9_USQuals_angle,0,A,v9_USQuals_angle,1,588,CAPTURE,3,403,260,18,0,0,0,78,32,6,1816,3864,16,3,906,1196,14,3,90,155,112,58,
gauntlet/20261002-042718-scrim-b2rg/losses/andli28.v9_USQuals_angle__EvilGrin__botB.bc24,andli28.v9_USQuals_angle,1,B,b2rg,0,588,CAPTURE,0,-1,0,0,0,0,0,0,49,0,2930,300,0,24,881,1464,1,0,44,61,58,112,
gauntlet/20261002-042718-scrim-b2rg/losses/andli28.v9_USQuals_angle__HeMustBeFreed__botB.bc24,andli28.v9_USQuals_angle,0,A,v9_USQuals_angle,1,1190,CAPTURE,3,649,313,11,0,0,0,85,91,6,562,5395,17,2,623,711,12,3,82,308,245,126,ATK@600
gauntlet/20261002-042718-scrim-b2rg/losses/andli28.v9_USQuals_angle__HeMustBeFreed__botB.bc24,andli28.v9_USQuals_angle,1,B,b2rg,0,1190,CAPTURE,1,511,212,9,0,0,0,0,149,0,3830,240,0,7,592,792,1,0,50,86,126,245,ATK@600
gauntlet/20261002-042718-scrim-b2rg/losses/andrewgopher.player22__ORV__botA.bc24,andrewgopher.player22,1,A,b2rg,0,663,CAPTURE,0,-1,0,0,0,0,0,0,41,0,4370,270,0,16,1026,1463,2,0,69,93,229,179,ATK@600
gauntlet/20261002-042718-scrim-b2rg/losses/andrewgopher.player22__ORV__botA.bc24,andrewgopher.player22,0,B,player22,1,663,CAPTURE,3,332,272,10,0,3,0,0,57,0,3890,3490,0,2,1256,496,8,0,91,115,179,229,ATK@600
gauntlet/20261002-042718-scrim-b2rg/losses/andrewgopher.player22__Digging__botB.bc24,andrewgopher.player22,0,A,player22,1,1584,CAPTURE,3,410,380,14,0,3,0,0,26,0,2320,40,0,1,1133,850,2,0,54,343,946,740,ATK@600+HEAL@1200
gauntlet/20261002-042718-scrim-b2rg/losses/andrewgopher.player22__Digging__botB.bc24,andrewgopher.player22,1,B,b2rg,0,1584,CAPTURE,0,-1,298,1,0,0,0,0,13,0,2710,240,0,20,1077,1552,1,0,58,186,740,946,ATK@600+HEAL@1200
gauntlet/20261002-042718-scrim-b2rg/losses/andli28.v9_USQuals_angle__Joker__botB.bc24,andli28.v9_USQuals_angle,0,A,v9_USQuals_angle,1,2000,MORE_FLAG_CAPTURES,2,563,294,14,0,0,0,88,0,6,15117,26717,18,5,930,1089,19,3,94,489,601,295,ATK@600+HEAL@1200+CAP@1800
gauntlet/20261002-042718-scrim-b2rg/losses/andli28.v9_USQuals_angle__Joker__botB.bc24,andli28.v9_USQuals_angle,1,B,b2rg,0,2000,MORE_FLAG_CAPTURES,1,350,220,19,0,0,0,0,1,0,16870,240,0,3,957,1306,8,0,173,321,295,601,ATK@600+HEAL@1200+CAP@1800
gauntlet/20261002-042718-scrim-b2rg/losses/andli28.v9_USQuals_angle__Valentine__botA.bc24,andli28.v9_USQuals_angle,1,A,b2rg,0,2000,MORE_FLAG_CAPTURES,0,-1,0,0,0,0,0,0,0,0,4200,260,0,3,641,1078,0,0,65,215,332,429,ATK@600+HEAL@1200+CAP@1800
gauntlet/20261002-042718-scrim-b2rg/losses/andli28.v9_USQuals_angle__Valentine__botA.bc24,andli28.v9_USQuals_angle,0,B,v9_USQuals_angle,1,2000,MORE_FLAG_CAPTURES,2,803,390,12,0,0,0,90,0,6,2445,3795,18,3,662,925,9,3,54,407,429,332,ATK@600+HEAL@1200+CAP@1800
gauntlet/20261002-042718-scrim-b2rg/losses/andrewgopher.player22__Diagonal__botA.bc24,andrewgopher.player22,1,A,b2rg,0,2000,LEVEL_SUM,0,-1,310,19,0,0,0,0,19,0,6930,220,0,15,520,848,6,0,76,197,234,220,ATK@600+HEAL@1200+CAP@1800
gauntlet/20261002-042718-scrim-b2rg/losses/andrewgopher.player22__Diagonal__botA.bc24,andrewgopher.player22,0,B,player22,1,2000,LEVEL_SUM,0,-1,0,3,0,3,0,0,38,0,6360,1070,0,6,635,438,12,0,62,211,220,234,ATK@600+HEAL@1200+CAP@1800
gauntlet/20261002-042718-scrim-b2rg/losses/andrewgopher.player22__Mountain__botA.bc24,andrewgopher.player22,1,A,b2rg,0,2000,MORE_FLAG_CAPTURES,1,1858,303,5,0,0,0,0,35,0,5450,290,0,18,1089,1445,0,0,90,248,792,730,ATK@600+HEAL@1200+CAP@1800
gauntlet/20261002-042718-scrim-b2rg/losses/andrewgopher.player22__Mountain__botA.bc24,andrewgopher.player22,0,B,player22,1,2000,MORE_FLAG_CAPTURES,2,519,386,12,0,3,0,0,35,0,5450,5110,0,10,1014,785,17,0,41,241,730,792,ATK@600+HEAL@1200+CAP@1800
gauntlet/20261002-042718-scrim-b2rg/losses/andrewgopher.player22__StackGame__botB.bc24,andrewgopher.player22,0,A,player22,1,457,CAPTURE,3,408,291,8,0,3,0,0,50,0,5500,890,0,2,1284,791,2,0,84,91,83,123,
gauntlet/20261002-042718-scrim-b2rg/losses/andrewgopher.player22__StackGame__botB.bc24,andrewgopher.player22,1,B,b2rg,0,457,CAPTURE,0,-1,0,0,0,0,0,0,33,0,6010,210,0,33,1109,1593,0,0,78,82,123,83,
gauntlet/20261002-042718-scrim-b2rg/losses/chenyx512.flagbot_final__AceOfSpades__botB.bc24,chenyx512.flagbot_final,0,A,flagbot_final,1,519,CAPTURE,3,277,227,10,0,3,27,90,83,2,350,15625,18,2,1118,1458,0,0,224,255,109,12,
gauntlet/20261002-042718-scrim-b2rg/losses/chenyx512.flagbot_final__AceOfSpades__botB.bc24,chenyx512.flagbot_final,1,B,b2rg,0,519,CAPTURE,0,-1,238,4,0,0,0,0,9,0,3930,230,0,2,804,1283,3,0,56,68,12,109,
gauntlet/20261002-042718-scrim-b2rg/losses/chenyx512.flagbot_final__Racetrack__botA.bc24,chenyx512.flagbot_final,1,A,b2rg,0,1179,CAPTURE,0,-1,404,22,0,0,0,0,68,0,360,270,0,12,968,1352,0,0,16,77,144,543,ATK@600
gauntlet/20261002-042718-scrim-b2rg/losses/chenyx512.flagbot_final__Racetrack__botA.bc24,chenyx512.flagbot_final,0,B,flagbot_final,1,1179,CAPTURE,3,403,340,27,0,3,26,40,58,0,17,18,7,3,1134,1638,0,0,2,209,543,144,ATK@600
gauntlet/20261002-042718-scrim-b2rg/losses/chenyx512.flagbot_final__Skyline__botB.bc24,chenyx512.flagbot_final,0,A,flagbot_final,1,861,CAPTURE,3,497,398,17,0,3,56,90,273,9,14190,12850,18,12,992,1479,0,0,191,366,359,49,ATK@600
gauntlet/20261002-042718-scrim-b2rg/losses/chenyx512.flagbot_final__Skyline__botB.bc24,chenyx512.flagbot_final,1,B,b2rg,0,861,CAPTURE,0,-1,210,7,0,0,0,0,107,0,20790,213,0,15,830,1089,7,0,216,265,49,359,ATK@600
gauntlet/20261002-042718-scrim-b2rg/losses/chenyx512.flagbot_final__Swoop__botA.bc24,chenyx512.flagbot_final,1,A,b2rg,0,1072,CAPTURE,2,734,229,22,0,0,0,0,67,0,4690,220,0,6,913,1359,2,0,60,123,98,282,ATK@600
gauntlet/20261002-042718-scrim-b2rg/losses/chenyx512.flagbot_final__Swoop__botA.bc24,chenyx512.flagbot_final,0,B,flagbot_final,1,1072,CAPTURE,3,584,373,23,0,3,29,90,163,1,417,32,18,1,1109,1581,0,0,46,230,282,98,ATK@600
gauntlet/20261002-042718-scrim-b2rg/losses/awu7.ExplosiveBot__Randy__botB.bc24,awu7.ExplosiveBot,0,A,ExplosiveBot,1,2000,MORE_FLAG_CAPTURES,2,1425,332,77,45,0,0,0,6,5,4920,5300,0,12,704,697,17,0,14,137,259,1098,ATK@600+HEAL@1200
gauntlet/20261002-042718-scrim-b2rg/losses/awu7.ExplosiveBot__Randy__botB.bc24,awu7.ExplosiveBot,1,B,b2rg,0,2000,MORE_FLAG_CAPTURES,1,291,225,20,0,0,0,0,6,0,5620,210,0,21,1067,1162,0,0,93,307,1098,259,ATK@600+HEAL@1200+CAP@1800
gauntlet/20261002-042718-scrim-b2rg/losses/chenyx512.flagbot_final__Divergent__botB.bc24,chenyx512.flagbot_final,0,A,flagbot_final,1,2000,MORE_FLAG_CAPTURES,2,582,424,10,0,3,31,90,140,0,671,456,18,3,827,1287,0,0,46,576,1062,204,ATK@600+HEAL@1200+CAP@1800
gauntlet/20261002-042718-scrim-b2rg/losses/chenyx512.flagbot_final__Divergent__botB.bc24,chenyx512.flagbot_final,1,B,b2rg,0,2000,MORE_FLAG_CAPTURES,0,-1,435,2,0,0,0,0,33,0,5110,250,0,13,721,1238,2,0,63,214,204,1062,ATK@600+HEAL@1200+CAP@1800
gauntlet/20261002-042718-scrim-b2rg/losses/chenyx512.flagbot_final__Tunnels__botB.bc24,chenyx512.flagbot_final,0,A,flagbot_final,1,1428,CAPTURE,3,1112,1070,14,0,3,27,90,120,0,56,696,18,3,701,1232,0,0,26,259,417,225,ATK@600+HEAL@1200
gauntlet/20261002-042718-scrim-b2rg/losses/chenyx512.flagbot_final__Tunnels__botB.bc24,chenyx512.flagbot_final,1,B,b2rg,0,1428,CAPTURE,0,-1,0,0,0,0,0,0,61,0,2970,270,0,24,790,1310,0,0,53,156,225,417,ATK@600+HEAL@1200
gauntlet/20261002-042718-scrim-b2rg/losses/clbarrell.duck8__QuestionableChess__botB.bc24,clbarrell.duck8,0,A,duck8,1,463,CAPTURE,3,247,219,5,0,0,0,0,36,12,60,50,1,4,1111,1089,1,0,41,41,108,82,
gauntlet/20261002-042718-scrim-b2rg/losses/clbarrell.duck8__QuestionableChess__botB.bc24,clbarrell.duck8,1,B,b2rg,0,463,CAPTURE,1,381,299,10,0,0,0,0,66,0,420,130,0,0,1048,1129,0,0,10,13,82,108,
gauntlet/20261002-042718-scrim-b2rg/losses/dmtrung14.defaultplayer_intlqualifier__DefaultLarge__botA.bc24,dmtrung14.defaultplayer_intlqualifier,1,A,b2rg,0,545,CAPTURE,0,-1,266,11,0,0,0,0,48,0,2760,20,0,4,1100,471,1,0,49,46,122,39,
gauntlet/20261002-042718-scrim-b2rg/losses/dmtrung14.defaultplayer_intlqualifier__DefaultLarge__botA.bc24,dmtrung14.defaultplayer_intlqualifier,0,B,defaultplayer_intlqualifier,1,545,CAPTURE,3,404,317,73,63,3,15,0,61,17,70,2140,0,2,368,867,6,36,17,61,39,122,
gauntlet/20261002-042718-scrim-b2rg/losses/dmtrung14.defaultplayer_intlqualifier__Battlecode24__botA.bc24,dmtrung14.defaultplayer_intlqualifier,1,A,b2rg,0,2000,MORE_FLAG_CAPTURES,0,-1,247,14,0,0,0,0,68,0,12360,326,0,16,1090,562,8,0,161,145,543,39,ATK@600+HEAL@1200+CAP@1800
gauntlet/20261002-042718-scrim-b2rg/losses/dmtrung14.defaultplayer_intlqualifier__Battlecode24__botA.bc24,dmtrung14.defaultplayer_intlqualifier,0,B,defaultplayer_intlqualifier,1,2000,MORE_FLAG_CAPTURES,1,642,590,25,19,3,19,0,118,18,6960,12550,0,3,384,840,5,27,24,60,39,543,ATK@600+HEAL@1200+CAP@1800
gauntlet/20261002-042718-scrim-b2rg/losses/clbarrell.duck8__GaltonBoard__botB.bc24,clbarrell.duck8,0,A,duck8,1,2000,MORE_FLAG_CAPTURES,1,420,259,5,0,0,0,0,3,22,50,28273,3,6,888,978,1,0,168,503,531,1054,ATK@750+HEAL@1500
gauntlet/20261002-042718-scrim-b2rg/losses/clbarrell.duck8__GaltonBoard__botB.bc24,clbarrell.duck8,1,B,b2rg,0,2000,MORE_FLAG_CAPTURES,0,-1,1793,2,0,0,0,0,12,0,2040,270,0,28,1187,1152,0,0,64,226,1054,531,ATK@600+HEAL@1200+CAP@1800
gauntlet/20261002-042718-scrim-b2rg/losses/dmtrung14.defaultplayer_intlqualifier__KingQuacksCastle__botB.bc24,dmtrung14.defaultplayer_intlqualifier,0,A,defaultplayer_intlqualifier,1,347,CAPTURE,3,264,233,34,28,3,16,0,35,9,1450,2160,0,4,280,688,6,30,7,36,15,64,
gauntlet/20261002-042718-scrim-b2rg/losses/dmtrung14.defaultplayer_intlqualifier__KingQuacksCastle__botB.bc24,dmtrung14.defaultplayer_intlqualifier,1,B,b2rg,0,347,CAPTURE,0,-1,242,2,0,0,0,0,31,0,3070,170,0,1,816,361,1,0,43,42,64,15,
gauntlet/20261002-042718-scrim-b2rg/losses/hsmalladi.finalbot__AceOfSpades__botA.bc24,hsmalladi.finalbot,1,A,b2rg,0,400,CAPTURE,0,-1,249,5,0,0,0,0,11,0,3870,210,0,0,673,739,1,0,60,56,39,74,
gauntlet/20261002-042718-scrim-b2rg/losses/hsmalladi.finalbot__AceOfSpades__botA.bc24,hsmalladi.finalbot,0,B,finalbot,1,400,CAPTURE,3,309,234,17,9,3,13,60,20,0,2652,10702,12,6,891,724,8,18,194,173,74,39,
gauntlet/20261002-042718-scrim-b2rg/losses/dmtrung14.defaultplayer_intlqualifier__QueenOfHearts__botA.bc24,dmtrung14.defaultplayer_intlqualifier,1,A,b2rg,0,2000,MORE_FLAG_CAPTURES,0,-1,325,13,0,0,0,0,93,0,3110,60,0,14,1194,509,0,0,44,67,331,57,ATK@600+HEAL@1200+CAP@1800
gauntlet/20261002-042718-scrim-b2rg/losses/dmtrung14.defaultplayer_intlqualifier__QueenOfHearts__botA.bc24,dmtrung14.defaultplayer_intlqualifier,0,B,defaultplayer_intlqualifier,1,2000,MORE_FLAG_CAPTURES,1,442,222,51,32,3,38,0,83,24,410,110,0,3,372,801,6,19,23,84,57,331,ATK@600+HEAL@1200+CAP@1800
gauntlet/20261002-042718-scrim-b2rg/losses/hsmalladi.finalbot__WheresMyWater__botA.bc24,hsmalladi.finalbot,1,A,b2rg,0,405,CAPTURE,1,339,312,3,0,0,0,0,52,0,3840,180,0,0,941,1283,0,0,64,63,69,43,
gauntlet/20261002-042718-scrim-b2rg/losses/hsmalladi.finalbot__WheresMyWater__botA.bc24,hsmalladi.finalbot,0,B,finalbot,1,405,CAPTURE,3,245,222,15,7,3,14,40,71,8,1856,79,8,4,929,818,4,3,39,41,43,69,
gauntlet/20261002-042718-scrim-b2rg/losses/hsmalladi.finalbot__ORV__botB.bc24,hsmalladi.finalbot,0,A,finalbot,1,567,CAPTURE,3,334,253,20,6,3,26,60,50,0,3295,375,12,3,1075,1092,12,2,90,113,112,89,
gauntlet/20261002-042718-scrim-b2rg/losses/hsmalladi.finalbot__ORV__botB.bc24,hsmalladi.finalbot,1,B,b2rg,0,567,CAPTURE,0,-1,555,1,0,0,0,0,35,0,4550,250,0,3,858,1248,2,0,60,63,89,112,
gauntlet/20261002-042718-scrim-b2rg/losses/hsmalladi.finalbot__HeMustBeFreed__botB.bc24,hsmalladi.finalbot,0,A,finalbot,1,675,CAPTURE,3,334,228,16,3,3,22,50,187,0,2004,133,9,3,734,968,8,3,39,81,85,66,ATK@600
gauntlet/20261002-042718-scrim-b2rg/losses/hsmalladi.finalbot__HeMustBeFreed__botB.bc24,hsmalladi.finalbot,1,B,b2rg,0,675,CAPTURE,1,661,306,7,0,0,0,0,159,0,3530,40,0,1,624,1014,0,0,43,67,66,85,ATK@600
gauntlet/20261002-042718-scrim-b2rg/losses/hsmalladi.finalbot__Fountain__botB.bc24,hsmalladi.finalbot,0,A,finalbot,1,1847,CAPTURE,3,588,299,44,17,3,34,31,36,0,2309,89,5,0,505,617,0,1,28,238,515,681,ATK@600+HEAL@1200+CAP@1800
gauntlet/20261002-042718-scrim-b2rg/losses/hsmalladi.finalbot__Fountain__botB.bc24,hsmalladi.finalbot,1,B,b2rg,0,1847,CAPTURE,1,512,273,15,0,0,0,0,38,0,2960,300,0,4,498,824,1,0,50,198,681,515,ATK@600+HEAL@1200+CAP@1800
gauntlet/20261002-042718-scrim-b2rg/losses/hsmalladi.finalbot__WheresMyWater__botB.bc24,hsmalladi.finalbot,0,A,finalbot,1,1946,CAPTURE,3,357,321,63,13,3,30,36,76,5,1832,112,7,0,1151,1044,1,1,62,327,795,870,ATK@600+HEAL@1200+CAP@1800
gauntlet/20261002-042718-scrim-b2rg/losses/hsmalladi.finalbot__WheresMyWater__botB.bc24,hsmalladi.finalbot,1,B,b2rg,0,1946,CAPTURE,1,582,259,4,0,0,0,0,57,0,3690,230,0,25,1070,1367,0,0,65,304,870,795,ATK@600+HEAL@1200+CAP@1800
gauntlet/20261002-042718-scrim-b2rg/losses/jmerle.camel_case_v21_final__Battlecode24__botA.bc24,jmerle.camel_case_v21_final,1,A,b2rg,0,1140,CAPTURE,0,-1,384,5,0,0,0,0,72,0,12640,220,0,24,598,965,8,0,151,224,426,457,ATK@600
gauntlet/20261002-042718-scrim-b2rg/losses/jmerle.camel_case_v21_final__Battlecode24__botA.bc24,jmerle.camel_case_v21_final,0,B,camel_case_v21_final,1,1140,CAPTURE,3,400,236,6,0,0,0,0,93,0,9210,18020,0,1,985,400,0,0,224,502,457,426,ATK@600
gauntlet/20261002-042718-scrim-b2rg/losses/jmerle.camel_case_v21_final__Canals__botA.bc24,jmerle.camel_case_v21_final,1,A,b2rg,0,431,CAPTURE,0,-1,0,0,0,0,0,0,0,0,7000,290,0,0,767,912,3,0,76,76,82,137,
gauntlet/20261002-042718-scrim-b2rg/losses/jmerle.camel_case_v21_final__Canals__botA.bc24,jmerle.camel_case_v21_final,0,B,camel_case_v21_final,1,431,CAPTURE,3,302,266,9,0,0,0,0,0,0,7000,3410,0,4,1466,441,0,0,122,114,137,82,
gauntlet/20261002-042718-scrim-b2rg/losses/jmerle.camel_case_v21_final__StackGame__botA.bc24,jmerle.camel_case_v21_final,1,A,b2rg,0,408,CAPTURE,1,392,368,1,0,0,0,0,36,0,5920,220,0,2,865,1351,0,0,78,74,79,77,
gauntlet/20261002-042718-scrim-b2rg/losses/jmerle.camel_case_v21_final__StackGame__botA.bc24,jmerle.camel_case_v21_final,0,B,camel_case_v21_final,1,408,CAPTURE,3,314,280,4,0,0,0,0,30,0,6100,980,0,3,1255,567,0,0,98,92,77,79,
gauntlet/20261002-042718-scrim-b2rg/losses/jmerle.camel_case_v21_final__Swoop__botA.bc24,jmerle.camel_case_v21_final,1,A,b2rg,0,534,CAPTURE,2,366,233,14,0,0,0,0,59,0,4930,220,0,21,853,1225,5,0,60,71,142,130,
gauntlet/20261002-042718-scrim-b2rg/losses/jmerle.camel_case_v21_final__Swoop__botA.bc24,jmerle.camel_case_v21_final,0,B,camel_case_v21_final,1,534,CAPTURE,3,307,225,9,0,0,0,0,39,0,5530,3300,0,5,1305,554,0,0,88,107,130,142,
gauntlet/20261002-042718-scrim-b2rg/losses/kyleezz.jeeryfix3__Backslash__botB.bc24,kyleezz.jeeryfix3,0,A,jeeryfix3,1,327,CAPTURE,3,254,225,3,0,0,0,0,236,0,20,8650,0,10,714,518,0,0,137,86,51,33,
gauntlet/20261002-042718-scrim-b2rg/losses/kyleezz.jeeryfix3__Backslash__botB.bc24,kyleezz.jeeryfix3,1,B,b2rg,0,327,CAPTURE,0,-1,250,3,0,0,0,0,192,0,1340,290,0,0,542,574,0,0,85,53,33,51,
gauntlet/20261002-042718-scrim-b2rg/losses/jmerle.camel_case_v21_final__Fountain__botA.bc24,jmerle.camel_case_v21_final,1,A,b2rg,0,379,CAPTURE,0,-1,0,0,0,0,0,0,40,0,2900,180,0,19,746,1008,2,0,34,31,81,78,
gauntlet/20261002-042718-scrim-b2rg/losses/jmerle.camel_case_v21_final__Fountain__botA.bc24,jmerle.camel_case_v21_final,0,B,camel_case_v21_final,1,379,CAPTURE,3,275,241,4,0,0,0,0,27,0,2890,1100,0,0,1093,301,0,0,48,46,78,81,
gauntlet/20261002-042718-scrim-b2rg/losses/jmerle.camel_case_v21_final__YearOfTheDragon__botA.bc24,jmerle.camel_case_v21_final,1,A,b2rg,0,557,CAPTURE,1,352,312,1,0,0,0,0,8,0,12960,265,0,2,755,1107,19,0,118,137,171,131,
gauntlet/20261002-042718-scrim-b2rg/losses/jmerle.camel_case_v21_final__YearOfTheDragon__botA.bc24,jmerle.camel_case_v21_final,0,B,camel_case_v21_final,1,557,CAPTURE,3,323,218,11,0,0,0,0,7,4,12590,7470,0,1,1088,353,0,0,157,196,131,171,
gauntlet/20261002-042718-scrim-b2rg/losses/quesswho.cretplayer2_3__AceOfSpades__botA.bc24,quesswho.cretplayer2_3,1,A,b2rg,0,696,CAPTURE,0,-1,235,16,0,0,0,0,10,0,3900,260,0,0,793,928,2,0,57,88,130,210,ATK@600
gauntlet/20261002-042718-scrim-b2rg/losses/quesswho.cretplayer2_3__AceOfSpades__botA.bc24,quesswho.cretplayer2_3,0,B,cretplayer2_3,1,696,CAPTURE,3,363,225,7,0,3,22,0,16,0,3720,11390,0,1,927,953,0,3,220,288,210,130,ATK@600
gauntlet/20261002-042718-scrim-b2rg/losses/quesswho.cretplayer2_3__BigDucksBigPond__botA.bc24,quesswho.cretplayer2_3,1,A,b2rg,0,1024,CAPTURE,1,755,591,11,0,0,0,0,126,0,3720,190,0,3,1122,1243,5,0,63,112,322,167,ATK@600
gauntlet/20261002-042718-scrim-b2rg/losses/quesswho.cretplayer2_3__BigDucksBigPond__botA.bc24,quesswho.cretplayer2_3,0,B,cretplayer2_3,1,1024,CAPTURE,3,534,247,27,0,3,39,0,37,0,6090,1790,0,3,797,522,0,3,77,114,167,322,ATK@600
gauntlet/20261002-042718-scrim-b2rg/losses/kyleezz.jeeryfix3__Intercontinental__botB.bc24,kyleezz.jeeryfix3,0,A,jeeryfix3,1,2000,MORE_FLAG_CAPTURES,2,264,219,4,0,0,0,0,159,0,30,750,0,0,847,671,0,0,19,238,582,1386,ATK@600+CAP@1200+HEAL@1800
gauntlet/20261002-042718-scrim-b2rg/losses/kyleezz.jeeryfix3__Intercontinental__botB.bc24,kyleezz.jeeryfix3,1,B,b2rg,0,2000,MORE_FLAG_CAPTURES,1,494,436,5,0,0,0,0,144,0,480,10,0,11,851,957,0,0,19,177,1386,582,ATK@600+HEAL@1200+CAP@1800
gauntlet/20261002-042718-scrim-b2rg/losses/quesswho.cretplayer2_3__ORV__botA.bc24,quesswho.cretplayer2_3,1,A,b2rg,0,575,CAPTURE,1,433,210,10,0,0,0,0,40,0,4400,260,0,1,1018,870,3,0,61,71,119,84,
gauntlet/20261002-042718-scrim-b2rg/losses/quesswho.cretplayer2_3__ORV__botA.bc24,quesswho.cretplayer2_3,0,B,cretplayer2_3,1,575,CAPTURE,3,357,259,8,0,3,32,0,28,0,4760,1010,0,5,905,706,0,6,91,107,84,119,
gauntlet/20261002-042718-scrim-b2rg/losses/winkelmantanner.waffle__Islands__botB.bc24,winkelmantanner.waffle,0,A,waffle,1,487,CAPTURE,3,309,267,10,0,0,0,0,47,62,620,480,2,4,1037,1263,0,0,88,89,38,111,
gauntlet/20261002-042718-scrim-b2rg/losses/winkelmantanner.waffle__Islands__botB.bc24,winkelmantanner.waffle,1,B,b2rg,0,487,CAPTURE,2,318,266,3,0,0,0,0,72,0,6040,280,0,26,1125,1594,10,0,61,70,111,38,
gauntlet/20261002-042718-scrim-b2rg/losses/quesswho.cretplayer2_3__Waterworld__botB.bc24,quesswho.cretplayer2_3,0,A,cretplayer2_3,1,1861,CAPTURE,3,478,323,57,0,3,15,0,280,0,7900,990,0,6,954,806,0,7,76,261,520,1156,ATK@600+HEAL@1200+CAP@1800
gauntlet/20261002-042718-scrim-b2rg/losses/quesswho.cretplayer2_3__Waterworld__botB.bc24,quesswho.cretplayer2_3,1,B,b2rg,0,1861,CAPTURE,0,-1,309,47,0,0,0,0,270,0,8200,250,0,5,1105,1289,4,0,112,366,1156,520,ATK@600+HEAL@1200+CAP@1800
gauntlet/20261002-042718-scrim-b2rg/losses/winkelmantanner.waffle__Mountain__botB.bc24,winkelmantanner.waffle,0,A,waffle,1,2000,MORE_FLAG_CAPTURES,2,427,295,30,0,0,0,0,13,12,4910,3420,0,7,872,725,0,0,96,266,517,1062,ATK@600+HEAL@1200+CAP@1800
gauntlet/20261002-042718-scrim-b2rg/losses/winkelmantanner.waffle__Mountain__botB.bc24,winkelmantanner.waffle,1,B,b2rg,0,2000,MORE_FLAG_CAPTURES,1,529,314,23,0,0,0,0,36,0,5420,220,0,21,1010,1044,0,0,79,281,1062,517,ATK@600+HEAL@1200+CAP@1800
gauntlet/20261002-042718-scrim-b2rg/losses/winkelmantanner.waffle__Tunnels__botB.bc24,winkelmantanner.waffle,0,A,waffle,1,1527,CAPTURE,3,345,304,14,0,0,0,0,22,4,3740,3230,0,11,918,874,0,0,69,204,343,626,ATK@600+HEAL@1200
gauntlet/20261002-042718-scrim-b2rg/losses/winkelmantanner.waffle__Tunnels__botB.bc24,winkelmantanner.waffle,1,B,b2rg,0,1527,CAPTURE,0,-1,434,3,0,0,0,0,63,0,2910,280,0,30,1003,1116,0,0,58,170,626,343,ATK@600+HEAL@1200
gauntlet/20261002-042718-scrim-b2rg/replays/ColtG5.Goob_final__SteamboatMickey__botB.bc24,ColtG5.Goob_final,0,A,Goob_final,0,1708,CAPTURE,2,319,272,18,0,0,0,0,49,0,8230,12770,0,3,885,696,12,0,117,394,437,904,ATK@600+HEAL@1200
gauntlet/20261002-042718-scrim-b2rg/replays/ColtG5.Goob_final__SteamboatMickey__botB.bc24,ColtG5.Goob_final,1,B,b2rg,1,1708,CAPTURE,3,324,269,15,0,0,0,0,4,0,9580,300,0,3,958,1055,1,0,126,354,904,437,ATK@600+HEAL@1200
gauntlet/20261002-042718-scrim-b2rg/losses/winkelmantanner.waffle__Puzzle__botA.bc24,winkelmantanner.waffle,1,A,b2rg,0,1978,CAPTURE,1,877,321,16,0,0,0,0,6,0,2220,216,0,13,846,848,2,0,121,271,999,405,ATK@600+HEAL@1200+CAP@1800
gauntlet/20261002-042718-scrim-b2rg/losses/winkelmantanner.waffle__Puzzle__botA.bc24,winkelmantanner.waffle,0,B,waffle,1,1978,CAPTURE,3,494,268,91,0,0,0,0,0,3,2100,4120,0,5,813,688,0,0,133,316,405,999,ATK@600+HEAL@1200+CAP@1800
gauntlet/20261002-042718-scrim-b2rg/replays/ColtG5.Goob_final__EvilGrin__botA.bc24,ColtG5.Goob_final,1,A,b2rg,1,2000,LEVEL_SUM,0,-1,1595,4,0,0,0,0,51,0,2870,290,0,24,1258,1538,2,0,42,200,1387,484,ATK@600+HEAL@1200+CAP@1800
gauntlet/20261002-042718-scrim-b2rg/replays/ColtG5.Goob_final__EvilGrin__botA.bc24,ColtG5.Goob_final,0,B,Goob_final,0,2000,LEVEL_SUM,0,-1,282,4,0,0,0,0,54,0,2780,955,0,6,1031,1024,12,0,80,295,484,1387,ATK@600+HEAL@1200+CAP@1800
gauntlet/20261002-042718-scrim-b2rg/replays/CyrilSharma.finalBot__Racetrack__botB.bc24,CyrilSharma.finalBot,0,A,finalBot,0,2000,MORE_FLAG_CAPTURES,1,1820,1780,1,0,0,0,11,30,0,1282,15,1,5,916,1174,0,0,19,224,485,810,ATK@600+HEAL@1200+CAP@1800
gauntlet/20261002-042718-scrim-b2rg/replays/CyrilSharma.finalBot__Racetrack__botB.bc24,CyrilSharma.finalBot,1,B,b2rg,1,2000,MORE_FLAG_CAPTURES,2,1025,794,19,0,0,0,0,74,0,180,300,0,3,1136,1532,0,0,20,246,810,485,ATK@600+HEAL@1200+CAP@1800
gauntlet/20261002-042718-scrim-b2rg/replays/SampleProvider.TSPAARKSPRINT1__Foxes__botB.bc24,SampleProvider.TSPAARKSPRINT1,0,A,TSPAARKSPRINT1,0,1848,CAPTURE,2,1005,238,34,0,3,0,0,31,1,8870,4160,0,0,584,1396,49,8,0,112,288,393,ATK@600+CAP@1200+HEAL@1800
gauntlet/20261002-042718-scrim-b2rg/replays/SampleProvider.TSPAARKSPRINT1__Foxes__botB.bc24,SampleProvider.TSPAARKSPRINT1,1,B,b2rg,1,1848,CAPTURE,3,311,238,114,0,0,0,0,15,0,9450,290,0,10,904,1271,8,0,98,280,393,288,ATK@600+HEAL@1200+CAP@1800
gauntlet/20261002-042718-scrim-b2rg/replays/SampleProvider.TSPAARKSPRINT1__WheresMyWater__botA.bc24,SampleProvider.TSPAARKSPRINT1,1,A,b2rg,1,2000,LEVEL_SUM,2,312,252,8,0,0,0,0,62,0,3540,260,0,12,1258,1182,0,0,63,414,1328,173,ATK@600+HEAL@1200+CAP@1800
gauntlet/20261002-042718-scrim-b2rg/replays/SampleProvider.TSPAARKSPRINT1__WheresMyWater__botA.bc24,SampleProvider.TSPAARKSPRINT1,0,B,TSPAARKSPRINT1,0,2000,LEVEL_SUM,2,304,237,67,0,3,5,0,169,3,30,70,0,12,677,1727,3,19,1,81,173,1328,ATK@600+CAP@1200+HEAL@1800
gauntlet/20261002-042718-scrim-b2rg/replays/awu7.ExplosiveBot__BedWars__botB.bc24,awu7.ExplosiveBot,0,A,ExplosiveBot,0,754,CAPTURE,0,-1,452,19,8,0,0,0,0,12,2700,20,0,1,92,126,17,0,3,13,34,160,ATK@600
gauntlet/20261002-042718-scrim-b2rg/replays/awu7.ExplosiveBot__BedWars__botB.bc24,awu7.ExplosiveBot,1,B,b2rg,1,754,CAPTURE,3,450,424,16,0,0,0,0,0,0,4800,10,0,11,127,171,2,0,29,22,160,34,ATK@600
gauntlet/20261002-042718-scrim-b2rg/replays/awu7.ExplosiveBot__BedWars__botA.bc24,awu7.ExplosiveBot,1,A,b2rg,1,660,CAPTURE,3,514,383,8,0,0,0,0,0,0,4800,20,0,8,98,115,2,0,32,28,72,29,ATK@600
gauntlet/20261002-042718-scrim-b2rg/replays/awu7.ExplosiveBot__BedWars__botA.bc24,awu7.ExplosiveBot,0,B,ExplosiveBot,0,660,CAPTURE,1,549,524,9,6,0,0,0,0,13,2800,10,0,4,106,96,17,0,6,11,29,72,ATK@600
gauntlet/20261002-042718-scrim-b2rg/replays/andrewgopher.player22__TwistedTreeline__botB.bc24,andrewgopher.player22,0,A,player22,0,1535,CAPTURE,2,318,254,28,0,3,0,0,66,0,2820,20,0,3,1179,569,6,0,45,192,409,742,ATK@600+HEAL@1200
gauntlet/20261002-042718-scrim-b2rg/replays/andrewgopher.player22__TwistedTreeline__botB.bc24,andrewgopher.player22,1,B,b2rg,1,1535,CAPTURE,3,876,538,25,0,0,0,0,68,0,2760,240,0,0,1013,1475,2,0,45,210,742,409,ATK@600+HEAL@1200
gauntlet/20261002-042718-scrim-b2rg/replays/awu7.ExplosiveBot__DefaultLarge__botB.bc24,awu7.ExplosiveBot,0,A,ExplosiveBot,0,1291,CAPTURE,0,-1,294,6,1,0,0,0,96,11,20,90,0,4,844,560,15,0,18,95,237,784,ATK@600+HEAL@1200
gauntlet/20261002-042718-scrim-b2rg/replays/awu7.ExplosiveBot__DefaultLarge__botB.bc24,awu7.ExplosiveBot,1,B,b2rg,1,1291,CAPTURE,3,622,297,71,0,0,0,0,53,0,2610,270,0,3,1210,1333,1,0,97,289,784,237,ATK@600+HEAL@1200
gauntlet/20261002-042718-scrim-b2rg/replays/awu7.ExplosiveBot__Diagonal__botA.bc24,awu7.ExplosiveBot,1,A,b2rg,1,2000,LEVEL_SUM,0,-1,246,42,0,0,0,0,27,0,6690,420,0,3,781,965,6,0,90,178,312,146,ATK@600+HEAL@1200+CAP@1800
gauntlet/20261002-042718-scrim-b2rg/replays/awu7.ExplosiveBot__Diagonal__botA.bc24,awu7.ExplosiveBot,0,B,ExplosiveBot,0,2000,LEVEL_SUM,0,-1,0,0,0,0,0,0,43,9,5310,5740,0,22,700,475,0,0,32,82,146,312,ATK@600+HEAL@1200
gauntlet/20261002-042718-scrim-b2rg/replays/awu7.ExplosiveBot__OceanFloor__botA.bc24,awu7.ExplosiveBot,1,A,b2rg,1,1419,CAPTURE,3,287,230,65,0,0,0,0,37,0,2690,280,0,2,1162,1217,4,0,64,335,950,208,ATK@600+HEAL@1200
gauntlet/20261002-042718-scrim-b2rg/replays/awu7.ExplosiveBot__OceanFloor__botA.bc24,awu7.ExplosiveBot,0,B,ExplosiveBot,0,1419,CAPTURE,1,284,230,13,3,0,0,0,84,10,80,170,0,4,768,394,2,0,20,103,208,950,ATK@600+HEAL@1200
gauntlet/20261002-042718-scrim-b2rg/replays/clbarrell.duck8__AceOfSpades__botB.bc24,clbarrell.duck8,0,A,duck8,0,724,CAPTURE,2,345,253,15,0,0,0,0,15,29,90,11123,2,2,794,879,8,0,181,240,134,216,
gauntlet/20261002-042718-scrim-b2rg/replays/clbarrell.duck8__AceOfSpades__botB.bc24,clbarrell.duck8,1,B,b2rg,1,724,CAPTURE,3,311,222,15,0,0,0,0,11,0,3870,240,0,0,1051,1175,2,0,68,101,216,134,ATK@600
gauntlet/20261002-042718-scrim-b2rg/replays/clbarrell.duck8__OceanFloor__botB.bc24,clbarrell.duck8,0,A,duck8,0,468,CAPTURE,1,299,249,2,0,0,0,0,21,30,190,40,3,0,919,1123,1,0,49,43,61,47,
gauntlet/20261002-042718-scrim-b2rg/replays/clbarrell.duck8__OceanFloor__botB.bc24,clbarrell.duck8,1,B,b2rg,1,468,CAPTURE,3,292,231,9,0,0,0,0,35,0,2750,210,0,1,933,1122,1,0,48,34,47,61,
gauntlet/20261002-042718-scrim-b2rg/replays/clbarrell.duck8__Pancakes__botB.bc24,clbarrell.duck8,0,A,duck8,0,559,CAPTURE,0,-1,317,6,0,0,0,0,2,22,10,10,2,14,699,887,2,0,80,85,57,124,
gauntlet/20261002-042718-scrim-b2rg/replays/clbarrell.duck8__Pancakes__botB.bc24,clbarrell.duck8,1,B,b2rg,1,559,CAPTURE,3,352,271,14,0,0,0,0,15,0,1950,230,0,3,975,982,1,0,72,58,124,57,
gauntlet/20261002-042718-scrim-b2rg/replays/clbarrell.duck8__Foxes__botB.bc24,clbarrell.duck8,0,A,duck8,0,1664,CAPTURE,0,-1,1587,8,0,0,0,0,10,54,2720,450,3,5,875,1246,16,0,85,246,304,767,ATK@750+HEAL@1500
gauntlet/20261002-042718-scrim-b2rg/replays/clbarrell.duck8__Foxes__botB.bc24,clbarrell.duck8,1,B,b2rg,1,1664,CAPTURE,3,1470,690,19,0,0,0,0,15,0,7950,250,0,4,1193,1403,11,0,79,284,767,304,ATK@600+HEAL@1200
gauntlet/20261002-042718-scrim-b2rg/replays/dmtrung14.defaultplayer_intlqualifier__BreadPudding__botA.bc24,dmtrung14.defaultplayer_intlqualifier,1,A,b2rg,1,2000,MORE_FLAG_CAPTURES,1,1052,252,9,0,0,0,0,46,0,3620,220,0,14,1044,484,1,0,48,148,347,41,ATK@600+HEAL@1200+CAP@1800
gauntlet/20261002-042718-scrim-b2rg/replays/dmtrung14.defaultplayer_intlqualifier__BreadPudding__botA.bc24,dmtrung14.defaultplayer_intlqualifier,0,B,defaultplayer_intlqualifier,0,2000,MORE_FLAG_CAPTURES,0,-1,0,3,0,3,14,0,50,14,1500,2060,0,3,292,686,6,9,7,50,41,347,ATK@600+HEAL@1200+CAP@1800
gauntlet/20261002-042718-scrim-b2rg/replays/jonters.bling3__Bunkers__botA.bc24,jonters.bling3,1,A,b2rg,1,460,CAPTURE,3,259,216,4,0,0,0,0,32,0,4240,250,0,15,1158,1183,3,0,61,63,89,64,
gauntlet/20261002-042718-scrim-b2rg/replays/jonters.bling3__Bunkers__botA.bc24,jonters.bling3,0,B,bling3,0,460,CAPTURE,2,308,242,3,0,0,0,0,66,16,20,230,0,11,804,1375,22,0,12,34,64,89,
gauntlet/20261002-042718-scrim-b2rg/replays/jonters.bling3__Backslash__botB.bc24,jonters.bling3,0,A,bling3,0,890,CAPTURE,0,-1,770,1,0,0,0,0,236,0,20,3670,0,2,581,1151,47,0,4,79,102,336,ATK@600
gauntlet/20261002-042718-scrim-b2rg/replays/jonters.bling3__Backslash__botB.bc24,jonters.bling3,1,B,b2rg,1,890,CAPTURE,3,356,228,13,0,0,0,0,201,0,1070,260,0,19,1091,1291,1,0,125,178,336,102,ATK@600
gauntlet/20261002-042718-scrim-b2rg/replays/jonters.bling3__Duck__botB.bc24,jonters.bling3,0,A,bling3,0,636,CAPTURE,1,437,326,6,0,0,0,0,89,13,30,20,0,0,791,1416,14,0,5,29,86,128,ATK@600
gauntlet/20261002-042718-scrim-b2rg/replays/jonters.bling3__Duck__botB.bc24,jonters.bling3,1,B,b2rg,1,636,CAPTURE,3,366,239,17,0,0,0,0,54,0,3680,270,0,9,1083,1149,3,0,49,67,128,86,ATK@600
gauntlet/20261002-042718-scrim-b2rg/replays/dmtrung14.defaultplayer_intlqualifier__Diagonal__botB.bc24,dmtrung14.defaultplayer_intlqualifier,0,A,defaultplayer_intlqualifier,0,2000,LEVEL_SUM,0,-1,0,3,0,3,15,0,37,23,3490,2820,0,5,141,359,6,36,19,41,10,48,ATK@600+HEAL@1200+CAP@1800
gauntlet/20261002-042718-scrim-b2rg/replays/dmtrung14.defaultplayer_intlqualifier__Diagonal__botB.bc24,dmtrung14.defaultplayer_intlqualifier,1,B,b2rg,1,2000,LEVEL_SUM,0,-1,395,1,0,0,0,0,21,0,6870,170,0,3,512,193,7,0,57,24,48,10,ATK@600+HEAL@1200+CAP@1800
gauntlet/20261002-042718-scrim-b2rg/replays/jonters.bling3__Starfish__botA.bc24,jonters.bling3,1,A,b2rg,1,1231,CAPTURE,3,227,208,27,0,0,0,0,170,0,1400,250,0,24,710,786,0,0,33,142,340,160,ATK@600+HEAL@1200
gauntlet/20261002-042718-scrim-b2rg/replays/jonters.bling3__Starfish__botA.bc24,jonters.bling3,0,B,bling3,0,1231,CAPTURE,1,440,426,1,0,0,0,0,216,0,20,20,0,28,500,643,0,0,0,29,160,340,ATK@600+HEAL@1200
gauntlet/20261002-042718-scrim-b2rg/replays/jonters.bling3__Snake__botB.bc24,jonters.bling3,0,A,bling3,0,2000,MORE_FLAG_CAPTURES,1,378,261,4,0,0,0,0,241,0,8270,9240,0,0,529,702,74,0,5,208,369,701,ATK@600+HEAL@1200+CAP@1800
gauntlet/20261002-042718-scrim-b2rg/replays/jonters.bling3__Snake__botB.bc24,jonters.bling3,1,B,b2rg,1,2000,MORE_FLAG_CAPTURES,2,324,221,51,0,0,0,0,167,0,10490,210,0,0,621,740,19,0,318,494,701,369,ATK@600+HEAL@1200+CAP@1800
gauntlet/20261002-042718-scrim-b2rg/replays/justinottesen.sprint1__Fountain__botA.bc24,justinottesen.sprint1,1,A,b2rg,1,382,CAPTURE,3,254,218,10,0,0,0,0,45,0,2750,200,0,3,1174,285,1,0,48,35,92,17,
gauntlet/20261002-042718-scrim-b2rg/replays/justinottesen.sprint1__Fountain__botA.bc24,justinottesen.sprint1,0,B,sprint1,0,382,CAPTURE,0,-1,0,0,0,0,0,0,61,0,1870,30,0,5,204,973,8,0,0,7,17,92,
gauntlet/20261002-042718-scrim-b2rg/replays/justinottesen.sprint1__Decision__botA.bc24,justinottesen.sprint1,1,A,b2rg,1,1223,CAPTURE,3,462,269,21,0,0,0,0,96,0,1420,210,0,3,1420,421,0,0,57,289,761,35,ATK@600+HEAL@1200
gauntlet/20261002-042718-scrim-b2rg/replays/justinottesen.sprint1__Decision__botA.bc24,justinottesen.sprint1,0,B,sprint1,0,1223,CAPTURE,0,-1,269,12,0,0,0,0,138,0,160,110,0,0,258,1000,4,0,0,38,35,761,ATK@600
gauntlet/20261002-042718-scrim-b2rg/replays/jonters.bling3__Waterworld__botB.bc24,jonters.bling3,0,A,bling3,0,1171,CAPTURE,0,-1,1043,1,0,0,0,0,528,0,460,450,0,11,773,2097,19,0,0,46,142,473,ATK@600
gauntlet/20261002-042718-scrim-b2rg/replays/jonters.bling3__Waterworld__botB.bc24,jonters.bling3,1,B,b2rg,1,1171,CAPTURE,3,571,231,43,0,0,0,0,263,0,5710,190,0,4,1275,1345,7,0,109,200,473,142,ATK@600
gauntlet/20261002-042718-scrim-b2rg/replays/justinottesen.sprint1__OceanFloor__botB.bc24,justinottesen.sprint1,0,A,sprint1,0,872,CAPTURE,0,-1,248,11,0,0,0,0,91,5,70,10,0,0,192,889,10,0,0,29,20,521,ATK@600
gauntlet/20261002-042718-scrim-b2rg/replays/justinottesen.sprint1__OceanFloor__botB.bc24,justinottesen.sprint1,1,B,b2rg,1,872,CAPTURE,3,276,224,14,0,0,0,0,39,0,2630,280,0,4,1403,368,3,0,60,195,521,20,ATK@600
gauntlet/20261002-042718-scrim-b2rg/replays/justinottesen.sprint1__StackGame__botB.bc24,justinottesen.sprint1,0,A,sprint1,0,579,CAPTURE,0,-1,380,1,0,0,0,0,52,25,440,140,1,12,248,1076,36,0,0,42,46,364,
gauntlet/20261002-042718-scrim-b2rg/replays/justinottesen.sprint1__StackGame__botB.bc24,justinottesen.sprint1,1,B,b2rg,1,579,CAPTURE,3,384,267,25,0,0,0,0,33,0,6010,270,0,19,1812,720,0,0,80,104,364,46,
gauntlet/20261002-042718-scrim-b2rg/replays/kyleezz.jeeryfix3__BedWars__botA.bc24,kyleezz.jeeryfix3,1,A,b2rg,1,2000,LEVEL_SUM,0,-1,1011,1,0,0,0,0,0,0,4800,350,0,3,0,0,2,0,41,0,2,1,ATK@600+HEAL@1200+CAP@1800
gauntlet/20261002-042718-scrim-b2rg/replays/kyleezz.jeeryfix3__BedWars__botA.bc24,kyleezz.jeeryfix3,0,B,jeeryfix3,0,2000,LEVEL_SUM,0,-1,0,0,0,0,0,0,0,0,4800,1850,0,0,0,0,0,0,13,5,1,2,ATK@600+CAP@1200+HEAL@1800
gauntlet/20261002-042718-scrim-b2rg/replays/kyleezz.jeeryfix3__Fusbol__botA.bc24,kyleezz.jeeryfix3,1,A,b2rg,1,2000,LEVEL_SUM,0,-1,0,0,0,0,0,0,103,0,6510,190,0,4,1099,1292,16,0,80,495,1003,442,ATK@600+HEAL@1200+CAP@1800
gauntlet/20261002-042718-scrim-b2rg/replays/kyleezz.jeeryfix3__Fusbol__botA.bc24,kyleezz.jeeryfix3,0,B,jeeryfix3,0,2000,LEVEL_SUM,0,-1,0,0,0,0,0,0,177,8,3490,5240,0,15,948,485,0,0,83,251,442,1003,ATK@600+CAP@1200+HEAL@1800
gauntlet/20261002-042718-scrim-b2rg/replays/kyleezz.jeeryfix3__Fusbol__botB.bc24,kyleezz.jeeryfix3,0,A,jeeryfix3,0,2000,LEVEL_SUM,0,-1,0,0,0,0,0,0,178,8,3460,5020,0,25,860,526,0,0,70,243,435,958,ATK@600+CAP@1200+HEAL@1800
gauntlet/20261002-042718-scrim-b2rg/replays/kyleezz.jeeryfix3__Fusbol__botB.bc24,kyleezz.jeeryfix3,1,B,b2rg,1,2000,LEVEL_SUM,0,-1,0,0,0,0,0,0,109,0,6330,250,0,4,1034,1317,15,0,82,473,958,435,ATK@600+HEAL@1200+CAP@1800
gauntlet/20261002-042718-scrim-b2rg/replays/kyleezz.jeeryfix3__Klein__botB.bc24,kyleezz.jeeryfix3,0,A,jeeryfix3,0,2000,LEVEL_SUM,2,262,238,13,0,0,0,0,214,3,1980,1010,0,8,920,652,0,0,40,257,542,1107,ATK@600+CAP@1200+HEAL@1800
gauntlet/20261002-042718-scrim-b2rg/replays/kyleezz.jeeryfix3__Klein__botB.bc24,kyleezz.jeeryfix3,1,B,b2rg,1,2000,LEVEL_SUM,2,1459,462,31,0,0,0,0,129,0,4830,280,0,2,1016,1149,0,0,61,247,1107,542,ATK@600+HEAL@1200+CAP@1800
gauntlet/20261002-042718-scrim-b2rg/replays/quesswho.cretplayer2_3__Checkered__botA.bc24,quesswho.cretplayer2_3,1,A,b2rg,1,854,CAPTURE,3,447,224,7,0,0,0,0,0,0,7200,220,0,7,904,967,10,0,72,146,338,158,ATK@600
gauntlet/20261002-042718-scrim-b2rg/replays/quesswho.cretplayer2_3__Checkered__botA.bc24,quesswho.cretplayer2_3,0,B,cretplayer2_3,0,854,CAPTURE,1,260,223,36,0,3,17,0,0,0,7200,4430,0,2,985,1088,0,6,87,132,158,338,ATK@600
gauntlet/20261002-042718-scrim-b2rg/replays/quesswho.cretplayer2_3__Digging__botA.bc24,quesswho.cretplayer2_3,1,A,b2rg,1,1947,CAPTURE,3,334,293,14,0,0,0,0,19,0,2530,210,0,1,1198,1173,3,0,46,185,1710,262,ATK@600+HEAL@1200+CAP@1800
gauntlet/20261002-042718-scrim-b2rg/replays/quesswho.cretplayer2_3__Digging__botA.bc24,quesswho.cretplayer2_3,0,B,cretplayer2_3,0,1947,CAPTURE,1,317,250,9,0,3,1,0,17,0,2590,950,0,4,926,742,0,5,39,202,262,1710,ATK@600+HEAL@1200+CAP@1800
gauntlet/20261002-042718-scrim-b2rg/replays/winkelmantanner.waffle__Funnel__botB.bc24,winkelmantanner.waffle,0,A,waffle,0,2000,LEVEL_SUM,1,402,276,14,0,0,0,0,6,34,1043,453,2,4,891,1048,0,0,85,244,336,1022,ATK@600+HEAL@1200+CAP@1800
gauntlet/20261002-042718-scrim-b2rg/replays/winkelmantanner.waffle__Funnel__botB.bc24,winkelmantanner.waffle,1,B,b2rg,1,2000,LEVEL_SUM,1,1706,471,18,0,0,0,0,41,0,3370,270,0,0,982,1323,1,0,63,300,1022,336,ATK@600+HEAL@1200+CAP@1800
gauntlet/20261002-042718-scrim-b2rg/replays/winkelmantanner.waffle__Soccer__botB.bc24,winkelmantanner.waffle,0,A,waffle,0,1523,CAPTURE,2,393,327,33,0,0,0,0,16,15,3420,1680,0,5,1061,1097,0,0,69,206,331,968,ATK@600+HEAL@1200
gauntlet/20261002-042718-scrim-b2rg/replays/winkelmantanner.waffle__Soccer__botB.bc24,winkelmantanner.waffle,1,B,b2rg,1,1523,CAPTURE,3,1073,339,18,0,0,0,0,14,0,4980,280,0,4,1272,1593,3,0,67,234,968,331,ATK@600+HEAL@1200
gauntlet/20261002-044056-scrim-b2rg/losses/CyrilSharma.finalBot__AceOfSpades__botB.bc24,CyrilSharma.finalBot,0,A,finalBot,1,1423,CAPTURE,3,373,247,26,0,0,0,36,8,1,3231,18845,7,8,811,823,0,0,149,641,484,396,ATK@600+HEAL@1200
gauntlet/20261002-044056-scrim-b2rg/losses/CyrilSharma.finalBot__AceOfSpades__botB.bc24,CyrilSharma.finalBot,1,B,b2rg,0,1423,CAPTURE,2,269,222,28,0,0,0,0,11,0,3870,240,0,6,714,959,3,0,54,168,396,484,ATK@600+HEAL@1200
gauntlet/20261002-044056-scrim-b2rg/losses/ColtG5.Goob_final__Snake__botA.bc24,ColtG5.Goob_final,1,A,b2rg,0,2000,MORE_FLAG_CAPTURES,0,-1,236,6,0,0,0,0,178,0,10160,233,0,17,1054,1112,23,0,211,396,1001,558,ATK@600+HEAL@1200+CAP@1800
gauntlet/20261002-044056-scrim-b2rg/losses/ColtG5.Goob_final__Snake__botA.bc24,ColtG5.Goob_final,0,B,Goob_final,1,2000,MORE_FLAG_CAPTURES,2,466,400,4,0,0,0,0,165,0,10550,25560,0,2,865,764,17,0,113,541,558,1001,ATK@600+HEAL@1200+CAP@1800
gauntlet/20261002-044056-scrim-b2rg/losses/ColtG5.Goob_final__Tunnels__botA.bc24,ColtG5.Goob_final,1,A,b2rg,0,2000,MORE_FLAG_CAPTURES,0,-1,711,1,0,0,0,0,64,0,2880,280,0,33,939,1264,0,0,55,207,750,344,ATK@600+HEAL@1200+CAP@1800
gauntlet/20261002-044056-scrim-b2rg/losses/ColtG5.Goob_final__Tunnels__botA.bc24,ColtG5.Goob_final,0,B,Goob_final,1,2000,MORE_FLAG_CAPTURES,1,599,291,4,0,0,0,0,64,0,2880,1590,0,19,738,813,0,0,44,191,344,750,ATK@600+HEAL@1200+CAP@1800
gauntlet/20261002-044056-scrim-b2rg/losses/ColtG5.Goob_final__MazeRunner__botA.bc24,ColtG5.Goob_final,1,A,b2rg,0,2000,MORE_FLAG_CAPTURES,0,-1,530,3,0,0,0,0,136,0,920,520,0,4,1047,1369,0,0,51,186,936,413,ATK@600+HEAL@1200+CAP@1800
gauntlet/20261002-044056-scrim-b2rg/losses/ColtG5.Goob_final__MazeRunner__botA.bc24,ColtG5.Goob_final,0,B,Goob_final,1,2000,MORE_FLAG_CAPTURES,1,609,450,17,0,0,0,0,101,0,1970,950,0,4,979,859,4,0,61,258,413,936,ATK@600+HEAL@1200+CAP@1800
gauntlet/20261002-044056-scrim-b2rg/losses/CyrilSharma.finalBot__BedWars__botB.bc24,CyrilSharma.finalBot,0,A,finalBot,1,1441,CAPTURE,3,1227,255,10,0,0,0,35,9,0,3894,3351,7,5,626,731,0,0,80,203,214,382,ATK@600+HEAL@1200
gauntlet/20261002-044056-scrim-b2rg/losses/CyrilSharma.finalBot__BedWars__botB.bc24,CyrilSharma.finalBot,1,B,b2rg,0,1441,CAPTURE,1,1326,1263,6,0,0,0,0,0,0,4800,50,0,8,625,785,3,0,33,110,382,214,ATK@600+HEAL@1200
gauntlet/20261002-044056-scrim-b2rg/losses/CyrilSharma.finalBot__DefaultLarge__botA.bc24,CyrilSharma.finalBot,1,A,b2rg,0,2000,MORE_FLAG_CAPTURES,0,-1,351,3,0,0,0,0,55,0,2550,250,0,9,1005,1112,1,0,54,197,574,578,ATK@600+HEAL@1200+CAP@1800
gauntlet/20261002-044056-scrim-b2rg/losses/CyrilSharma.finalBot__DefaultLarge__botA.bc24,CyrilSharma.finalBot,0,B,finalBot,1,2000,MORE_FLAG_CAPTURES,1,682,402,7,0,0,0,60,9,0,2865,4632,12,6,983,1210,0,0,150,581,578,574,ATK@600+HEAL@1200+CAP@1800
gauntlet/20261002-044056-scrim-b2rg/losses/CyrilSharma.finalBot__Fusbol__botA.bc24,CyrilSharma.finalBot,1,A,b2rg,0,2000,MORE_FLAG_CAPTURES,0,-1,0,0,0,0,0,0,119,0,6030,241,0,3,685,908,15,0,135,293,478,448,ATK@600+HEAL@1200+CAP@1800
gauntlet/20261002-044056-scrim-b2rg/losses/CyrilSharma.finalBot__Fusbol__botA.bc24,CyrilSharma.finalBot,0,B,finalBot,1,2000,MORE_FLAG_CAPTURES,2,892,460,11,0,0,0,13,25,0,3196,307,1,8,600,791,0,0,39,408,448,478,ATK@600+HEAL@1200+CAP@1800
gauntlet/20261002-044056-scrim-b2rg/losses/CyrilSharma.finalBot__YearOfTheDragon__botA.bc24,CyrilSharma.finalBot,1,A,b2rg,0,1035,CAPTURE,0,-1,210,10,0,0,0,0,10,0,12900,290,0,10,813,914,7,0,138,205,255,195,ATK@600
gauntlet/20261002-044056-scrim-b2rg/losses/CyrilSharma.finalBot__YearOfTheDragon__botA.bc24,CyrilSharma.finalBot,0,B,finalBot,1,1035,CAPTURE,3,491,225,15,0,0,0,60,6,2,11818,9868,12,5,650,590,0,0,134,344,195,255,ATK@600
gauntlet/20261002-044056-scrim-b2rg/losses/CyrilSharma.finalBot__QuestionableChess__botB.bc24,CyrilSharma.finalBot,0,A,finalBot,1,2000,MORE_FLAG_CAPTURES,2,279,238,29,0,0,0,40,39,0,512,62,7,5,760,1054,0,0,8,410,610,651,ATK@600+HEAL@1200+CAP@1800
gauntlet/20261002-044056-scrim-b2rg/losses/CyrilSharma.finalBot__QuestionableChess__botB.bc24,CyrilSharma.finalBot,1,B,b2rg,0,2000,MORE_FLAG_CAPTURES,0,-1,756,1,0,0,0,0,67,0,390,230,0,2,859,1095,0,0,16,174,651,610,ATK@600+HEAL@1200+CAP@1800
gauntlet/20261002-044056-scrim-b2rg/losses/Gymhgy.v10official__DefaultMedium__botB.bc24,Gymhgy.v10official,0,A,v10official,1,2000,LEVEL_SUM,2,540,291,31,21,3,13,90,51,2,2115,45,18,0,1077,1905,5,2,51,246,348,346,ATK@600+HEAL@1200+CAP@1800
gauntlet/20261002-044056-scrim-b2rg/losses/Gymhgy.v10official__DefaultMedium__botB.bc24,Gymhgy.v10official,1,B,b2rg,0,2000,LEVEL_SUM,2,403,313,14,0,0,0,0,111,0,1970,240,0,0,1252,1618,2,0,36,182,346,348,ATK@600+HEAL@1200+CAP@1800
gauntlet/20261002-044056-scrim-b2rg/losses/Gymhgy.v10official__Diagonal__botA.bc24,Gymhgy.v10official,1,A,b2rg,0,2000,MORE_FLAG_CAPTURES,0,-1,309,3,0,0,0,0,23,0,6810,240,0,8,724,914,9,0,71,231,213,153,ATK@600+HEAL@1200+CAP@1800
gauntlet/20261002-044056-scrim-b2rg/losses/Gymhgy.v10official__Diagonal__botA.bc24,Gymhgy.v10official,0,B,v10official,1,2000,MORE_FLAG_CAPTURES,1,1921,1176,15,4,3,10,79,19,3,5309,1709,15,0,703,1028,5,3,79,177,153,213,ATK@600+HEAL@1200+CAP@1800
gauntlet/20261002-044056-scrim-b2rg/losses/Gymhgy.v10official__Starfish__botA.bc24,Gymhgy.v10official,1,A,b2rg,0,482,CAPTURE,2,376,207,10,0,0,0,0,163,0,1610,210,0,2,1185,1380,0,0,31,33,52,72,
gauntlet/20261002-044056-scrim-b2rg/losses/Gymhgy.v10official__Starfish__botA.bc24,Gymhgy.v10official,0,B,v10official,1,482,CAPTURE,3,274,263,21,13,3,14,19,179,2,590,30,3,12,1062,1717,0,2,16,23,72,52,
gauntlet/20261002-044056-scrim-b2rg/losses/Gymhgy.v10official__Starfish__botB.bc24,Gymhgy.v10official,0,A,v10official,1,587,CAPTURE,3,340,213,42,22,3,21,22,177,2,590,13,3,0,1077,1514,0,2,20,40,80,140,
gauntlet/20261002-044056-scrim-b2rg/losses/Gymhgy.v10official__Starfish__botB.bc24,Gymhgy.v10official,1,B,b2rg,0,587,CAPTURE,2,206,201,7,0,0,0,0,176,0,1220,240,0,32,1392,1496,0,0,26,40,140,80,
gauntlet/20261002-044056-scrim-b2rg/losses/Gymhgy.v10official__GravitationalWaves__botA.bc24,Gymhgy.v10official,1,A,b2rg,0,2000,MORE_FLAG_CAPTURES,0,-1,0,0,0,0,0,0,74,0,3880,290,0,17,1122,1439,0,0,55,137,289,89,ATK@600+HEAL@1200+CAP@1800
gauntlet/20261002-044056-scrim-b2rg/losses/Gymhgy.v10official__GravitationalWaves__botA.bc24,Gymhgy.v10official,0,B,v10official,1,2000,MORE_FLAG_CAPTURES,1,673,483,42,10,3,18,84,63,1,2751,31,16,0,798,1884,8,1,40,118,89,289,ATK@600+HEAL@1200+CAP@1800
gauntlet/20261002-044056-scrim-b2rg/losses/Gymhgy.v10official__HeMustBeFreed__botB.bc24,Gymhgy.v10official,0,A,v10official,1,2000,LEVEL_SUM,2,369,289,55,45,3,6,41,91,3,4524,8072,7,0,605,983,57,3,36,287,501,302,ATK@600+HEAL@1200+CAP@1800
gauntlet/20261002-044056-scrim-b2rg/losses/Gymhgy.v10official__HeMustBeFreed__botB.bc24,Gymhgy.v10official,1,B,b2rg,0,2000,LEVEL_SUM,2,568,241,12,0,0,0,0,157,0,3590,30,0,6,619,800,2,0,36,176,302,501,ATK@600+HEAL@1200+CAP@1800
gauntlet/20261002-044056-scrim-b2rg/losses/IvanGeffner.kuma__Alien__botA.bc24,IvanGeffner.kuma,1,A,b2rg,0,677,CAPTURE,0,-1,237,6,0,0,0,0,10,0,5400,240,0,17,1005,1328,0,0,72,92,89,170,ATK@600
gauntlet/20261002-044056-scrim-b2rg/losses/IvanGeffner.kuma__Alien__botA.bc24,IvanGeffner.kuma,0,B,kuma,1,677,CAPTURE,3,333,251,37,25,0,0,90,18,0,3720,1450,18,10,1202,1414,3,0,92,185,170,89,ATK@600
gauntlet/20261002-044056-scrim-b2rg/losses/IvanGeffner.kuma__StackGame__botB.bc24,IvanGeffner.kuma,0,A,kuma,1,384,CAPTURE,3,333,287,24,17,0,0,90,45,6,3640,2260,18,3,1147,1366,8,0,103,68,61,31,
gauntlet/20261002-044056-scrim-b2rg/losses/IvanGeffner.kuma__StackGame__botB.bc24,IvanGeffner.kuma,1,B,b2rg,0,384,CAPTURE,0,-1,0,0,0,0,0,0,33,0,6010,210,0,31,1016,1426,0,0,76,67,31,61,
gauntlet/20261002-044056-scrim-b2rg/losses/IvanGeffner.kuma__Diagonal__botB.bc24,IvanGeffner.kuma,0,A,kuma,1,2000,LEVEL_SUM,0,-1,254,10,6,0,0,90,24,10,4325,2985,18,7,479,548,0,0,66,251,208,158,ATK@600+HEAL@1200+CAP@1800
gauntlet/20261002-044056-scrim-b2rg/losses/IvanGeffner.kuma__Diagonal__botB.bc24,IvanGeffner.kuma,1,B,b2rg,0,2000,LEVEL_SUM,0,-1,0,0,0,0,0,0,26,0,6720,280,0,24,457,627,8,0,70,174,158,208,ATK@600+HEAL@1200+CAP@1800
gauntlet/20261002-044056-scrim-b2rg/losses/IvanGeffner.kuma__BigDucksBigPond__botA.bc24,IvanGeffner.kuma,1,A,b2rg,0,1803,CAPTURE,1,344,263,4,0,0,0,0,123,0,3810,210,0,2,798,1224,8,0,45,196,437,807,ATK@600+HEAL@1200+CAP@1800
gauntlet/20261002-044056-scrim-b2rg/losses/IvanGeffner.kuma__BigDucksBigPond__botA.bc24,IvanGeffner.kuma,0,B,kuma,1,1803,CAPTURE,3,478,266,85,59,0,0,90,118,5,2255,1185,18,3,938,1041,8,0,85,659,807,437,ATK@600+HEAL@1200+CAP@1800
gauntlet/20261002-044056-scrim-b2rg/losses/NotLLeon.v3__Duck__botB.bc24,NotLLeon.v3,0,A,v3,1,1139,CAPTURE,3,404,271,40,18,0,0,0,25,0,4550,880,0,1,717,928,0,0,63,176,263,222,ATK@600
gauntlet/20261002-044056-scrim-b2rg/losses/NotLLeon.v3__Duck__botB.bc24,NotLLeon.v3,1,B,b2rg,0,1139,CAPTURE,1,788,247,43,0,0,0,0,62,0,3440,300,0,0,707,905,2,0,45,119,222,263,ATK@600
gauntlet/20261002-044056-scrim-b2rg/losses/NotLLeon.v3__Decision__botB.bc24,NotLLeon.v3,0,A,v3,1,947,CAPTURE,3,419,278,22,4,0,0,0,50,0,2800,630,0,10,793,960,0,0,46,110,130,171,ATK@600
gauntlet/20261002-044056-scrim-b2rg/losses/NotLLeon.v3__Decision__botB.bc24,NotLLeon.v3,1,B,b2rg,0,947,CAPTURE,0,-1,248,15,0,0,0,0,83,0,1810,300,0,2,800,1149,0,0,30,71,171,130,ATK@600
gauntlet/20261002-044056-scrim-b2rg/losses/IvanGeffner.kuma__Randy__botB.bc24,IvanGeffner.kuma,0,A,kuma,1,2000,MORE_FLAG_CAPTURES,2,288,221,8,4,0,0,80,12,11,3193,835,16,15,974,1256,3,0,98,549,809,319,ATK@600+HEAL@1200+CAP@1800
gauntlet/20261002-044056-scrim-b2rg/losses/IvanGeffner.kuma__Randy__botB.bc24,IvanGeffner.kuma,1,B,b2rg,0,2000,MORE_FLAG_CAPTURES,0,-1,223,3,0,0,0,0,9,0,5530,180,0,21,758,1009,0,0,82,250,319,809,ATK@600+HEAL@1200+CAP@1800
gauntlet/20261002-044056-scrim-b2rg/losses/NotLLeon.v3__FloodGates__botA.bc24,NotLLeon.v3,1,A,b2rg,0,2000,MORE_FLAG_CAPTURES,1,383,338,9,0,0,0,0,4,0,2780,560,0,15,374,583,3,0,43,202,555,368,ATK@600+HEAL@1200+CAP@1800
gauntlet/20261002-044056-scrim-b2rg/losses/NotLLeon.v3__FloodGates__botA.bc24,NotLLeon.v3,0,B,v3,1,2000,MORE_FLAG_CAPTURES,2,899,506,45,36,0,0,0,3,0,2810,3670,0,4,318,638,0,0,24,219,368,555,ATK@600+HEAL@1200+CAP@1800
gauntlet/20261002-044056-scrim-b2rg/losses/SampleProvider.TSPAARKSPRINT1__EndAround__botA.bc24,SampleProvider.TSPAARKSPRINT1,1,A,b2rg,0,728,CAPTURE,0,-1,279,1,0,0,0,0,77,0,2290,220,0,3,604,325,0,0,64,100,132,45,ATK@600
gauntlet/20261002-044056-scrim-b2rg/losses/SampleProvider.TSPAARKSPRINT1__EndAround__botA.bc24,SampleProvider.TSPAARKSPRINT1,0,B,TSPAARKSPRINT1,1,728,CAPTURE,3,463,346,11,0,3,55,0,133,6,310,40,0,3,238,568,11,16,1,30,45,132,ATK@600
gauntlet/20261002-044056-scrim-b2rg/losses/NotLLeon.v3__Rainbow__botA.bc24,NotLLeon.v3,1,A,b2rg,0,1501,CAPTURE,0,-1,371,10,0,0,0,0,54,0,6780,210,0,3,761,1302,5,0,77,185,338,410,ATK@600+HEAL@1200
gauntlet/20261002-044056-scrim-b2rg/losses/NotLLeon.v3__Rainbow__botA.bc24,NotLLeon.v3,0,B,v3,1,1501,CAPTURE,3,579,404,35,11,0,0,0,16,0,7920,6240,0,7,914,1141,0,0,99,299,410,338,ATK@600+HEAL@1200
gauntlet/20261002-044056-scrim-b2rg/losses/SampleProvider.TSPAARKSPRINT1__English__botA.bc24,SampleProvider.TSPAARKSPRINT1,1,A,b2rg,0,885,CAPTURE,2,784,410,10,0,0,0,0,182,0,7840,260,0,0,791,780,5,0,83,122,137,60,ATK@600
gauntlet/20261002-044056-scrim-b2rg/losses/SampleProvider.TSPAARKSPRINT1__English__botA.bc24,SampleProvider.TSPAARKSPRINT1,0,B,TSPAARKSPRINT1,1,885,CAPTURE,3,378,241,16,0,3,75,0,292,0,4540,70,0,10,421,1029,5,23,6,33,60,137,ATK@600
gauntlet/20261002-044056-scrim-b2rg/losses/NotLLeon.v3__Foxes__botB.bc24,NotLLeon.v3,0,A,v3,1,2000,MORE_FLAG_CAPTURES,2,521,292,20,2,0,0,0,11,0,9570,3710,0,2,924,982,0,0,117,355,436,265,ATK@600+HEAL@1200+CAP@1800
gauntlet/20261002-044056-scrim-b2rg/losses/NotLLeon.v3__Foxes__botB.bc24,NotLLeon.v3,1,B,b2rg,0,2000,MORE_FLAG_CAPTURES,0,-1,268,22,0,0,0,0,16,0,9420,290,0,5,942,1191,11,0,93,250,265,436,ATK@600+HEAL@1200+CAP@1800
gauntlet/20261002-044056-scrim-b2rg/losses/SampleProvider.TSPAARKSPRINT1__EndAround__botB.bc24,SampleProvider.TSPAARKSPRINT1,0,A,TSPAARKSPRINT1,1,1932,CAPTURE,3,1533,376,47,0,3,46,0,135,4,450,360,0,7,365,842,2,25,4,77,115,616,ATK@600+CAP@1200+HEAL@1800
gauntlet/20261002-044056-scrim-b2rg/losses/SampleProvider.TSPAARKSPRINT1__EndAround__botB.bc24,SampleProvider.TSPAARKSPRINT1,1,B,b2rg,0,1932,CAPTURE,0,-1,274,12,0,0,0,0,74,0,2380,360,0,3,718,564,3,0,64,272,616,115,ATK@600+HEAL@1200+CAP@1800
gauntlet/20261002-044056-scrim-b2rg/losses/SampleProvider.TSPAARKSPRINT1__Swoop__botA.bc24,SampleProvider.TSPAARKSPRINT1,1,A,b2rg,0,810,CAPTURE,1,328,231,8,0,0,0,0,71,0,4570,260,0,2,887,832,4,0,54,94,119,99,ATK@600
gauntlet/20261002-044056-scrim-b2rg/losses/SampleProvider.TSPAARKSPRINT1__Swoop__botA.bc24,SampleProvider.TSPAARKSPRINT1,0,B,TSPAARKSPRINT1,1,810,CAPTURE,3,341,225,30,0,3,40,0,84,4,3780,50,0,4,593,1308,8,29,3,51,99,119,ATK@600
gauntlet/20261002-044056-scrim-b2rg/losses/SampleProvider.TSPAARKSPRINT1__WheresMyWater__botB.bc24,SampleProvider.TSPAARKSPRINT1,0,A,TSPAARKSPRINT1,1,660,CAPTURE,3,443,242,18,0,3,3,0,168,3,60,80,0,2,564,1685,0,9,1,14,44,108,ATK@600
gauntlet/20261002-044056-scrim-b2rg/losses/SampleProvider.TSPAARKSPRINT1__WheresMyWater__botB.bc24,SampleProvider.TSPAARKSPRINT1,1,B,b2rg,0,660,CAPTURE,2,233,223,12,0,0,0,0,54,0,3780,220,0,12,1147,991,0,0,80,109,108,44,ATK@600
gauntlet/20261002-044056-scrim-b2rg/losses/SampleProvider.TSPAARKSPRINT1__KingQuacksCastle__botB.bc24,SampleProvider.TSPAARKSPRINT1,0,A,TSPAARKSPRINT1,1,1531,CAPTURE,3,420,313,56,0,3,40,0,39,5,2330,13,0,6,500,1378,17,26,6,103,222,516,ATK@600+CAP@1200
gauntlet/20261002-044056-scrim-b2rg/losses/SampleProvider.TSPAARKSPRINT1__KingQuacksCastle__botB.bc24,SampleProvider.TSPAARKSPRINT1,1,B,b2rg,0,1531,CAPTURE,2,563,227,14,0,0,0,0,31,0,3070,200,0,6,854,767,3,0,65,238,516,222,ATK@600+HEAL@1200
gauntlet/20261002-044056-scrim-b2rg/losses/Strequals.duck0127v5__Skyline__botB.bc24,Strequals.duck0127v5,0,A,duck0127v5,1,503,CAPTURE,3,293,264,7,0,0,0,90,72,20,19655,19020,18,12,946,1144,0,2,67,84,53,45,
gauntlet/20261002-044056-scrim-b2rg/losses/Strequals.duck0127v5__Skyline__botB.bc24,Strequals.duck0127v5,1,B,b2rg,0,503,CAPTURE,2,280,251,11,0,0,0,0,101,0,20970,137,0,0,875,1405,14,0,198,168,45,53,
gauntlet/20261002-044056-scrim-b2rg/losses/Strequals.duck0127v5__Canals__botA.bc24,Strequals.duck0127v5,1,A,b2rg,0,1231,CAPTURE,0,-1,459,7,0,0,0,0,0,0,7000,210,0,22,824,1486,4,0,75,159,181,597,ATK@600+HEAL@1200
gauntlet/20261002-044056-scrim-b2rg/losses/Strequals.duck0127v5__Canals__botA.bc24,Strequals.duck0127v5,0,B,duck0127v5,1,1231,CAPTURE,3,636,406,24,0,0,0,90,47,3,4087,3097,18,3,1098,1441,0,2,109,492,597,181,ATK@600+HEAL@1200
gauntlet/20261002-044056-scrim-b2rg/losses/Strequals.duck0127v5__Foxes__botB.bc24,Strequals.duck0127v5,0,A,duck0127v5,1,1470,CAPTURE,3,629,397,9,0,0,0,90,8,24,7110,5500,18,4,1173,1447,0,3,176,454,518,237,ATK@600+HEAL@1200
gauntlet/20261002-044056-scrim-b2rg/losses/Strequals.duck0127v5__Foxes__botB.bc24,Strequals.duck0127v5,1,B,b2rg,0,1470,CAPTURE,1,435,335,6,0,0,0,0,17,0,9390,240,0,5,855,1397,12,0,89,192,237,518,ATK@600+HEAL@1200
gauntlet/20261002-044056-scrim-b2rg/losses/Strequals.duck0127v5__Divergent__botA.bc24,Strequals.duck0127v5,1,A,b2rg,0,2000,MORE_FLAG_CAPTURES,0,-1,293,17,0,0,0,0,40,0,4900,300,0,16,504,791,3,0,59,203,225,401,ATK@600+HEAL@1200+CAP@1800
gauntlet/20261002-044056-scrim-b2rg/losses/Strequals.duck0127v5__Divergent__botA.bc24,Strequals.duck0127v5,0,B,duck0127v5,1,2000,MORE_FLAG_CAPTURES,1,1505,523,39,0,0,0,64,9,5,4572,3822,12,16,627,882,0,2,63,418,401,225,ATK@600+HEAL@1200+CAP@1800
gauntlet/20261002-044056-scrim-b2rg/losses/andli28.v9_USQuals_angle__Funnel__botB.bc24,andli28.v9_USQuals_angle,0,A,v9_USQuals_angle,1,1048,CAPTURE,3,586,482,8,0,0,0,90,11,13,2255,3285,18,3,1017,1382,8,3,107,320,292,153,ATK@600
gauntlet/20261002-044056-scrim-b2rg/losses/andli28.v9_USQuals_angle__Funnel__botB.bc24,andli28.v9_USQuals_angle,1,B,b2rg,0,1048,CAPTURE,0,-1,0,0,0,0,0,0,34,0,3580,280,0,8,925,1530,3,0,59,120,153,292,ATK@600
gauntlet/20261002-044056-scrim-b2rg/losses/Strequals.duck0127v5__Soccer__botA.bc24,Strequals.duck0127v5,1,A,b2rg,0,607,CAPTURE,0,-1,248,5,0,0,0,0,23,0,4710,260,0,8,911,1530,2,0,58,76,52,93,ATK@600
gauntlet/20261002-044056-scrim-b2rg/losses/Strequals.duck0127v5__Soccer__botA.bc24,Strequals.duck0127v5,0,B,duck0127v5,1,607,CAPTURE,3,578,450,5,0,0,0,90,63,2,2093,1732,18,3,999,1492,0,3,73,124,93,52,ATK@600
gauntlet/20261002-044056-scrim-b2rg/losses/andli28.v9_USQuals_angle__AceOfSpades__botB.bc24,andli28.v9_USQuals_angle,0,A,v9_USQuals_angle,1,671,CAPTURE,3,401,266,17,0,0,0,89,14,15,1622,16670,18,17,938,1152,16,3,110,233,180,112,ATK@600
gauntlet/20261002-044056-scrim-b2rg/losses/andli28.v9_USQuals_angle__AceOfSpades__botB.bc24,andli28.v9_USQuals_angle,1,B,b2rg,0,671,CAPTURE,0,-1,230,11,0,0,0,0,11,0,3870,260,0,6,1014,1502,1,0,72,89,112,180,ATK@600
gauntlet/20261002-044056-scrim-b2rg/losses/andli28.v9_USQuals_angle__Occulus__botA.bc24,andli28.v9_USQuals_angle,1,A,b2rg,0,697,CAPTURE,1,309,222,6,0,0,0,0,16,0,3720,210,0,12,925,1432,1,0,63,89,124,150,ATK@600
gauntlet/20261002-044056-scrim-b2rg/losses/andli28.v9_USQuals_angle__Occulus__botA.bc24,andli28.v9_USQuals_angle,0,B,v9_USQuals_angle,1,697,CAPTURE,3,487,259,15,0,0,0,75,11,12,1907,5831,16,3,953,1081,9,4,63,151,150,124,ATK@600
gauntlet/20261002-044056-scrim-b2rg/losses/andli28.v9_USQuals_angle__Gated__botA.bc24,andli28.v9_USQuals_angle,1,A,b2rg,0,991,CAPTURE,0,-1,225,15,0,0,0,0,29,0,3030,240,0,21,834,1099,3,0,40,92,214,298,ATK@600
gauntlet/20261002-044056-scrim-b2rg/losses/andli28.v9_USQuals_angle__Gated__botA.bc24,andli28.v9_USQuals_angle,0,B,v9_USQuals_angle,1,991,CAPTURE,3,535,242,49,0,0,0,77,16,6,1779,2593,15,16,915,925,0,3,90,266,298,214,ATK@600
gauntlet/20261002-044056-scrim-b2rg/losses/andrewgopher.player22__Fountain__botA.bc24,andrewgopher.player22,1,A,b2rg,0,456,CAPTURE,1,335,284,2,0,0,0,0,42,0,2840,50,0,6,894,1259,2,0,35,37,108,70,
gauntlet/20261002-044056-scrim-b2rg/losses/andrewgopher.player22__Fountain__botA.bc24,andrewgopher.player22,0,B,player22,1,456,CAPTURE,3,300,272,9,0,3,0,0,68,0,2060,500,0,2,1066,647,1,0,30,33,70,108,
gauntlet/20261002-044056-scrim-b2rg/losses/andli28.v9_USQuals_angle__QuestionableChess__botA.bc24,andli28.v9_USQuals_angle,1,A,b2rg,0,2000,MORE_FLAG_CAPTURES,0,-1,756,6,0,0,0,0,67,0,390,190,0,16,887,1339,0,0,13,162,499,837,ATK@600+HEAL@1200+CAP@1800
gauntlet/20261002-044056-scrim-b2rg/losses/andli28.v9_USQuals_angle__QuestionableChess__botA.bc24,andli28.v9_USQuals_angle,0,B,v9_USQuals_angle,1,2000,MORE_FLAG_CAPTURES,2,429,247,21,0,0,0,47,37,5,23,217,9,5,983,1196,0,4,33,483,837,499,ATK@600+HEAL@1200+CAP@1800
gauntlet/20261002-044056-scrim-b2rg/losses/andli28.v9_USQuals_angle__SteamboatMickey__botB.bc24,andli28.v9_USQuals_angle,0,A,v9_USQuals_angle,1,1749,CAPTURE,3,863,815,14,0,0,0,89,4,6,7819,15729,18,2,871,1214,13,3,89,645,696,328,ATK@600+HEAL@1200
gauntlet/20261002-044056-scrim-b2rg/losses/andli28.v9_USQuals_angle__SteamboatMickey__botB.bc24,andli28.v9_USQuals_angle,1,B,b2rg,0,1749,CAPTURE,1,287,209,22,0,0,0,0,7,0,9490,300,0,20,962,1190,0,0,130,273,328,696,ATK@600+HEAL@1200
gauntlet/20261002-044056-scrim-b2rg/losses/andrewgopher.player22__StackGame__botA.bc24,andrewgopher.player22,1,A,b2rg,0,469,CAPTURE,0,-1,0,0,0,0,0,0,31,0,6070,240,0,33,1059,1436,0,0,79,78,129,110,
gauntlet/20261002-044056-scrim-b2rg/losses/andrewgopher.player22__StackGame__botA.bc24,andrewgopher.player22,0,B,player22,1,469,CAPTURE,3,370,286,13,0,3,0,0,51,0,5470,1350,0,3,1272,661,4,0,80,90,110,129,
gauntlet/20261002-044056-scrim-b2rg/losses/andrewgopher.player22__Snake__botA.bc24,andrewgopher.player22,1,A,b2rg,0,1515,CAPTURE,0,-1,473,8,0,0,0,0,185,0,9950,216,0,19,922,1102,23,0,202,329,643,733,ATK@600+HEAL@1200
gauntlet/20261002-044056-scrim-b2rg/losses/andrewgopher.player22__Snake__botA.bc24,andrewgopher.player22,0,B,player22,1,1515,CAPTURE,3,437,361,10,0,3,0,0,135,0,11450,25810,0,2,814,386,48,0,86,553,733,643,ATK@600+HEAL@1200
gauntlet/20261002-044056-scrim-b2rg/losses/andrewgopher.player22__WheresMyWater__botA.bc24,andrewgopher.player22,1,A,b2rg,0,1981,CAPTURE,2,608,206,10,0,0,0,0,49,0,3930,300,0,7,1066,1834,0,0,64,223,680,987,ATK@600+HEAL@1200+CAP@1800
gauntlet/20261002-044056-scrim-b2rg/losses/andrewgopher.player22__WheresMyWater__botA.bc24,andrewgopher.player22,0,B,player22,1,1981,CAPTURE,3,234,222,21,12,3,0,0,113,0,2010,20,0,3,1412,460,2,0,65,413,987,680,ATK@600+HEAL@1200+CAP@1800
gauntlet/20261002-044056-scrim-b2rg/losses/chenyx512.flagbot_final__Alligator__botA.bc24,chenyx512.flagbot_final,1,A,b2rg,0,973,CAPTURE,0,-1,0,0,0,0,0,0,62,0,3840,250,0,12,992,1570,0,0,67,125,98,447,ATK@600
gauntlet/20261002-044056-scrim-b2rg/losses/chenyx512.flagbot_final__Alligator__botA.bc24,chenyx512.flagbot_final,0,B,flagbot_final,1,973,CAPTURE,3,543,296,11,0,3,35,90,132,2,394,3744,18,3,1164,1612,0,0,105,294,447,98,ATK@600
gauntlet/20261002-044056-scrim-b2rg/losses/andrewgopher.player22__Yinyang__botB.bc24,andrewgopher.player22,0,A,player22,1,1239,CAPTURE,3,261,243,14,0,3,0,0,0,0,5300,490,0,1,1233,896,2,0,74,218,543,610,ATK@600+HEAL@1200
gauntlet/20261002-044056-scrim-b2rg/losses/andrewgopher.player22__Yinyang__botB.bc24,andrewgopher.player22,1,B,b2rg,0,1239,CAPTURE,2,531,513,8,0,0,0,0,0,0,5300,240,0,0,1053,1500,0,0,65,159,610,543,ATK@600+HEAL@1200
gauntlet/20261002-044056-scrim-b2rg/losses/chenyx512.flagbot_final__CH3353C4K3F4CT0RY__botB.bc24,chenyx512.flagbot_final,0,A,flagbot_final,1,710,CAPTURE,3,475,319,24,0,3,45,90,112,0,10692,8592,18,3,1036,1559,0,0,236,323,175,56,ATK@600
gauntlet/20261002-044056-scrim-b2rg/losses/chenyx512.flagbot_final__CH3353C4K3F4CT0RY__botB.bc24,chenyx512.flagbot_final,1,B,b2rg,0,710,CAPTURE,0,-1,353,5,0,0,0,0,12,0,15040,240,0,18,890,1313,18,0,136,172,56,175,ATK@600
gauntlet/20261002-044056-scrim-b2rg/losses/chenyx512.flagbot_final__Intercontinental__botA.bc24,chenyx512.flagbot_final,1,A,b2rg,0,780,CAPTURE,1,463,341,21,0,0,0,0,150,0,300,190,0,9,934,1170,0,0,15,47,65,172,ATK@600
gauntlet/20261002-044056-scrim-b2rg/losses/chenyx512.flagbot_final__Intercontinental__botA.bc24,chenyx512.flagbot_final,0,B,flagbot_final,1,780,CAPTURE,3,465,347,11,0,3,25,90,120,0,29,34,18,3,829,1290,0,0,13,54,172,65,ATK@600
gauntlet/20261002-044056-scrim-b2rg/losses/chenyx512.flagbot_final__Bunkers__botA.bc24,chenyx512.flagbot_final,1,A,b2rg,0,866,CAPTURE,0,-1,298,21,0,0,0,0,35,0,4150,250,0,14,1079,1762,6,0,47,96,68,362,ATK@600
gauntlet/20261002-044056-scrim-b2rg/losses/chenyx512.flagbot_final__Bunkers__botA.bc24,chenyx512.flagbot_final,0,B,flagbot_final,1,866,CAPTURE,3,452,322,17,0,3,48,90,116,1,339,59,18,2,1275,1877,0,0,51,191,362,68,ATK@600
gauntlet/20261002-044056-scrim-b2rg/losses/awu7.ExplosiveBot__Capacitance__botB.bc24,awu7.ExplosiveBot,0,A,ExplosiveBot,1,2000,MORE_FLAG_CAPTURES,2,1705,271,82,48,0,0,0,28,10,4060,3470,0,18,750,650,32,0,21,127,236,1339,ATK@600+HEAL@1200
gauntlet/20261002-044056-scrim-b2rg/losses/awu7.ExplosiveBot__Capacitance__botB.bc24,awu7.ExplosiveBot,1,B,b2rg,0,2000,MORE_FLAG_CAPTURES,1,372,358,13,0,0,0,0,19,0,5430,220,0,15,1093,1209,0,0,86,375,1339,236,ATK@600+HEAL@1200+CAP@1800
gauntlet/20261002-044056-scrim-b2rg/losses/clbarrell.duck8__Fountain__botA.bc24,clbarrell.duck8,1,A,b2rg,0,487,CAPTURE,2,269,231,9,0,0,0,0,36,0,3020,230,0,0,737,798,2,0,37,34,107,59,
gauntlet/20261002-044056-scrim-b2rg/losses/clbarrell.duck8__Fountain__botA.bc24,clbarrell.duck8,0,B,duck8,1,487,CAPTURE,3,327,289,7,0,0,0,0,26,24,20,30,1,2,542,329,9,0,34,48,59,107,
gauntlet/20261002-044056-scrim-b2rg/losses/chenyx512.flagbot_final__KingQuacksCastle__botB.bc24,chenyx512.flagbot_final,0,A,flagbot_final,1,805,CAPTURE,3,446,395,11,0,3,40,90,89,0,30,3030,18,2,997,1528,0,0,107,231,284,73,ATK@600
gauntlet/20261002-044056-scrim-b2rg/losses/chenyx512.flagbot_final__KingQuacksCastle__botB.bc24,chenyx512.flagbot_final,1,B,b2rg,0,805,CAPTURE,1,293,228,5,0,0,0,0,29,0,3130,293,0,13,949,1332,1,0,63,101,73,284,ATK@600
gauntlet/20261002-044056-scrim-b2rg/losses/chenyx512.flagbot_final__OceanFloor__botB.bc24,chenyx512.flagbot_final,0,A,flagbot_final,1,719,CAPTURE,3,545,308,19,0,3,48,90,77,3,128,28,18,5,999,1527,0,0,51,104,126,35,ATK@600
gauntlet/20261002-044056-scrim-b2rg/losses/chenyx512.flagbot_final__OceanFloor__botB.bc24,chenyx512.flagbot_final,1,B,b2rg,0,719,CAPTURE,0,-1,310,7,0,0,0,0,38,0,2660,230,0,11,863,1170,0,0,42,62,35,126,ATK@600
gauntlet/20261002-044056-scrim-b2rg/losses/dmtrung14.defaultplayer_intlqualifier__DefaultHuge__botA.bc24,dmtrung14.defaultplayer_intlqualifier,1,A,b2rg,0,1758,CAPTURE,2,279,236,6,0,0,0,0,8,0,5860,120,0,18,1045,473,8,0,45,91,298,22,ATK@600+HEAL@1200
gauntlet/20261002-044056-scrim-b2rg/losses/dmtrung14.defaultplayer_intlqualifier__DefaultHuge__botA.bc24,dmtrung14.defaultplayer_intlqualifier,0,B,defaultplayer_intlqualifier,1,1758,CAPTURE,3,376,228,39,22,3,28,0,11,30,1670,50,0,2,283,661,6,24,31,97,22,298,ATK@600+HEAL@1200
gauntlet/20261002-044056-scrim-b2rg/losses/dmtrung14.defaultplayer_intlqualifier__GaltonBoard__botB.bc24,dmtrung14.defaultplayer_intlqualifier,0,A,defaultplayer_intlqualifier,1,2000,MORE_FLAG_CAPTURES,2,273,233,24,14,3,5,0,9,15,30,130,0,3,553,943,6,17,7,65,53,1111,ATK@600+HEAL@1200+CAP@1800
gauntlet/20261002-044056-scrim-b2rg/losses/dmtrung14.defaultplayer_intlqualifier__GaltonBoard__botB.bc24,dmtrung14.defaultplayer_intlqualifier,1,B,b2rg,0,2000,MORE_FLAG_CAPTURES,1,461,286,7,0,0,0,0,12,0,2040,230,0,16,1540,882,0,0,26,96,1111,53,ATK@600+HEAL@1200+CAP@1800
gauntlet/20261002-044056-scrim-b2rg/losses/clbarrell.duck8__Diagonal__botB.bc24,clbarrell.duck8,0,A,duck8,1,2000,MORE_FLAG_CAPTURES,1,390,281,4,0,0,0,0,16,51,500,60,3,6,750,875,15,0,68,137,288,741,ATK@750+HEAL@1500
gauntlet/20261002-044056-scrim-b2rg/losses/clbarrell.duck8__Diagonal__botB.bc24,clbarrell.duck8,1,B,b2rg,0,2000,MORE_FLAG_CAPTURES,0,-1,269,17,0,0,0,0,23,0,6810,250,0,0,829,868,6,0,76,194,741,288,ATK@600+HEAL@1200+CAP@1800
gauntlet/20261002-044056-scrim-b2rg/losses/hsmalladi.finalbot__HungerGames__botB.bc24,hsmalladi.finalbot,0,A,finalbot,1,684,CAPTURE,3,308,265,25,5,3,20,7,19,0,2390,6310,0,0,1031,924,0,6,170,208,144,160,ATK@600
gauntlet/20261002-044056-scrim-b2rg/losses/hsmalladi.finalbot__HungerGames__botB.bc24,hsmalladi.finalbot,1,B,b2rg,0,684,CAPTURE,1,306,266,3,0,0,0,0,19,0,2430,230,0,1,906,1367,5,0,96,122,160,144,ATK@600
gauntlet/20261002-044056-scrim-b2rg/losses/dmtrung14.defaultplayer_intlqualifier__OceanFloor__botB.bc24,dmtrung14.defaultplayer_intlqualifier,0,A,defaultplayer_intlqualifier,1,2000,MORE_FLAG_CAPTURES,1,499,250,27,13,3,17,0,52,16,40,170,0,3,287,711,5,12,18,57,28,1489,ATK@600+HEAL@1200+CAP@1800
gauntlet/20261002-044056-scrim-b2rg/losses/dmtrung14.defaultplayer_intlqualifier__OceanFloor__botB.bc24,dmtrung14.defaultplayer_intlqualifier,1,B,b2rg,0,2000,MORE_FLAG_CAPTURES,0,-1,277,5,0,0,0,0,38,0,2660,260,0,8,1235,434,3,0,45,234,1489,28,ATK@600+HEAL@1200+CAP@1800
gauntlet/20261002-044056-scrim-b2rg/losses/hsmalladi.finalbot__BreadPudding__botB.bc24,hsmalladi.finalbot,0,A,finalbot,1,2000,MORE_FLAG_CAPTURES,1,727,323,17,2,3,21,53,38,0,2991,117,10,6,808,937,2,6,48,326,543,737,ATK@600+HEAL@1200+CAP@1800
gauntlet/20261002-044056-scrim-b2rg/losses/hsmalladi.finalbot__BreadPudding__botB.bc24,hsmalladi.finalbot,1,B,b2rg,0,2000,MORE_FLAG_CAPTURES,0,-1,255,3,0,0,0,0,43,0,3710,130,0,18,1039,1369,2,0,50,223,737,543,ATK@600+HEAL@1200+CAP@1800
gauntlet/20261002-044056-scrim-b2rg/losses/hsmalladi.finalbot__StackGame__botA.bc24,hsmalladi.finalbot,1,A,b2rg,0,451,CAPTURE,0,-1,406,2,0,0,0,0,29,0,6130,230,0,8,1099,1429,0,0,82,90,118,72,
gauntlet/20261002-044056-scrim-b2rg/losses/hsmalladi.finalbot__StackGame__botA.bc24,hsmalladi.finalbot,0,B,finalbot,1,451,CAPTURE,3,335,267,26,13,3,23,60,65,4,3809,109,12,0,1087,860,8,3,59,72,72,118,
gauntlet/20261002-044056-scrim-b2rg/losses/jmerle.camel_case_v21_final__HungerGames__botB.bc24,jmerle.camel_case_v21_final,0,A,camel_case_v21_final,1,425,CAPTURE,3,280,243,5,0,0,0,0,4,0,2980,13720,0,0,1512,625,0,0,266,243,176,41,
gauntlet/20261002-044056-scrim-b2rg/losses/jmerle.camel_case_v21_final__HungerGames__botB.bc24,jmerle.camel_case_v21_final,1,B,b2rg,0,425,CAPTURE,0,-1,241,6,0,0,0,0,18,0,2460,270,0,6,616,734,1,0,43,46,41,176,
gauntlet/20261002-044056-scrim-b2rg/losses/hsmalladi.finalbot__Hurricane__botA.bc24,hsmalladi.finalbot,1,A,b2rg,0,2000,MORE_FLAG_CAPTURES,0,-1,331,5,0,0,0,0,67,0,4890,290,0,0,641,874,3,0,51,189,311,141,ATK@600+HEAL@1200+CAP@1800
gauntlet/20261002-044056-scrim-b2rg/losses/hsmalladi.finalbot__Hurricane__botA.bc24,hsmalladi.finalbot,0,B,finalbot,1,2000,MORE_FLAG_CAPTURES,2,511,216,74,12,3,86,60,57,8,3590,90,12,1,620,578,1,2,59,196,141,311,ATK@600+HEAL@1200+CAP@1800
gauntlet/20261002-044056-scrim-b2rg/losses/hsmalladi.finalbot__TwistedTreeline__botA.bc24,hsmalladi.finalbot,1,A,b2rg,0,1613,CAPTURE,1,422,276,12,0,0,0,0,68,0,2760,260,0,0,1107,1490,3,0,47,182,561,408,ATK@600+HEAL@1200
gauntlet/20261002-044056-scrim-b2rg/losses/hsmalladi.finalbot__TwistedTreeline__botA.bc24,hsmalladi.finalbot,0,B,finalbot,1,1613,CAPTURE,3,403,265,43,8,3,17,47,67,0,2023,127,9,2,1103,930,0,2,37,231,408,561,ATK@600+HEAL@1200
gauntlet/20261002-044056-scrim-b2rg/losses/jmerle.camel_case_v21_final__Starfish__botB.bc24,jmerle.camel_case_v21_final,0,A,camel_case_v21_final,1,323,CAPTURE,3,237,212,4,0,0,0,0,216,0,20,70,0,13,1051,316,0,0,23,22,112,49,
gauntlet/20261002-044056-scrim-b2rg/losses/jmerle.camel_case_v21_final__Starfish__botB.bc24,jmerle.camel_case_v21_final,1,B,b2rg,0,323,CAPTURE,1,323,205,25,0,0,0,0,176,0,1220,270,0,0,548,462,0,0,17,16,49,112,
gauntlet/20261002-044056-scrim-b2rg/losses/jmerle.camel_case_v21_final__GravitationalWaves__botB.bc24,jmerle.camel_case_v21_final,0,A,camel_case_v21_final,1,2000,MORE_FLAG_CAPTURES,1,625,287,5,0,0,0,0,81,0,3670,1580,0,9,1105,848,0,0,40,143,458,640,ATK@600+HEAL@1200+CAP@1800
gauntlet/20261002-044056-scrim-b2rg/losses/jmerle.camel_case_v21_final__GravitationalWaves__botB.bc24,jmerle.camel_case_v21_final,1,B,b2rg,0,2000,MORE_FLAG_CAPTURES,0,-1,400,1,0,0,0,0,65,0,4150,250,0,20,876,1802,0,0,58,176,640,458,ATK@600+HEAL@1200+CAP@1800
gauntlet/20261002-044056-scrim-b2rg/losses/kyleezz.jeeryfix3__CH3353C4K3F4CT0RY__botB.bc24,kyleezz.jeeryfix3,0,A,jeeryfix3,1,497,CAPTURE,3,315,282,5,0,0,0,0,24,10,13680,12380,0,13,1061,656,0,0,158,162,101,185,
gauntlet/20261002-044056-scrim-b2rg/losses/kyleezz.jeeryfix3__CH3353C4K3F4CT0RY__botB.bc24,kyleezz.jeeryfix3,1,B,b2rg,0,497,CAPTURE,0,-1,0,0,0,0,0,0,11,0,15070,260,0,0,1204,1249,12,0,157,174,185,101,
gauntlet/20261002-044056-scrim-b2rg/losses/jmerle.camel_case_v21_final__Hurricane__botA.bc24,jmerle.camel_case_v21_final,1,A,b2rg,0,2000,MORE_FLAG_CAPTURES,0,-1,211,54,0,0,0,0,59,0,5130,310,0,33,575,908,2,0,63,146,269,178,ATK@600+HEAL@1200+CAP@1800
gauntlet/20261002-044056-scrim-b2rg/losses/jmerle.camel_case_v21_final__Hurricane__botA.bc24,jmerle.camel_case_v21_final,0,B,camel_case_v21_final,1,2000,MORE_FLAG_CAPTURES,2,680,213,9,0,0,0,0,45,4,5150,4470,0,2,762,208,0,0,69,111,178,269,ATK@600+HEAL@1200+CAP@1800
gauntlet/20261002-044056-scrim-b2rg/losses/quesswho.cretplayer2_3__Battlefield__botB.bc24,quesswho.cretplayer2_3,0,A,cretplayer2_3,1,327,CAPTURE,3,264,231,13,0,3,7,0,33,0,5110,930,0,11,726,530,0,3,54,48,38,93,
gauntlet/20261002-044056-scrim-b2rg/losses/quesswho.cretplayer2_3__Battlefield__botB.bc24,quesswho.cretplayer2_3,1,B,b2rg,0,327,CAPTURE,0,-1,282,1,0,0,0,0,29,0,5230,260,0,15,956,867,0,0,63,46,93,38,
gauntlet/20261002-044056-scrim-b2rg/losses/kyleezz.jeeryfix3__Skyline__botA.bc24,kyleezz.jeeryfix3,1,A,b2rg,0,403,CAPTURE,2,272,234,6,0,0,0,0,112,0,20640,245,0,4,1223,1193,6,0,226,199,130,48,
gauntlet/20261002-044056-scrim-b2rg/losses/kyleezz.jeeryfix3__Skyline__botA.bc24,kyleezz.jeeryfix3,0,B,jeeryfix3,1,403,CAPTURE,3,269,235,6,0,0,0,0,171,12,17670,14570,0,2,982,699,0,0,180,131,48,130,
gauntlet/20261002-044056-scrim-b2rg/losses/kyleezz.jeeryfix3__Hurricane__botB.bc24,kyleezz.jeeryfix3,0,A,jeeryfix3,1,2000,MORE_FLAG_CAPTURES,2,380,210,11,0,0,0,0,180,1,1100,660,0,6,751,463,0,0,26,49,88,225,ATK@600+CAP@1200+HEAL@1800
gauntlet/20261002-044056-scrim-b2rg/losses/kyleezz.jeeryfix3__Hurricane__botB.bc24,kyleezz.jeeryfix3,1,B,b2rg,0,2000,MORE_FLAG_CAPTURES,0,-1,254,16,0,0,0,0,66,0,4920,290,0,2,738,911,3,0,67,62,225,88,ATK@600+HEAL@1200+CAP@1800
gauntlet/20261002-044056-scrim-b2rg/losses/kyleezz.jeeryfix3__YearOfTheDragon__botB.bc24,kyleezz.jeeryfix3,0,A,jeeryfix3,1,2000,MORE_FLAG_CAPTURES,2,438,402,5,0,0,0,0,28,12,11160,9170,0,2,1001,660,0,0,126,375,407,954,ATK@600+CAP@1200+HEAL@1800
gauntlet/20261002-044056-scrim-b2rg/losses/kyleezz.jeeryfix3__YearOfTheDragon__botB.bc24,kyleezz.jeeryfix3,1,B,b2rg,0,2000,MORE_FLAG_CAPTURES,1,313,222,5,0,0,0,0,6,0,13020,230,0,16,1121,1368,17,0,119,272,954,407,ATK@600+HEAL@1200+CAP@1800
gauntlet/20261002-044056-scrim-b2rg/losses/kyleezz.jeeryfix3__Digging__botB.bc24,kyleezz.jeeryfix3,0,A,jeeryfix3,1,2000,MORE_FLAG_CAPTURES,1,282,248,2,0,0,0,0,26,0,2320,2010,0,9,1035,771,0,0,46,213,409,1533,ATK@600+CAP@1200+HEAL@1800
gauntlet/20261002-044056-scrim-b2rg/losses/kyleezz.jeeryfix3__Digging__botB.bc24,kyleezz.jeeryfix3,1,B,b2rg,0,2000,MORE_FLAG_CAPTURES,0,-1,0,0,0,0,0,0,14,0,2680,300,0,1,1276,1374,2,0,51,218,1533,409,ATK@600+HEAL@1200+CAP@1800
gauntlet/20261002-044056-scrim-b2rg/losses/quesswho.cretplayer2_3__KingQuacksCastle__botB.bc24,quesswho.cretplayer2_3,0,A,cretplayer2_3,1,803,CAPTURE,3,427,253,15,0,3,44,0,26,0,3220,950,0,3,1077,802,0,4,88,130,292,235,ATK@600
gauntlet/20261002-044056-scrim-b2rg/losses/quesswho.cretplayer2_3__KingQuacksCastle__botB.bc24,quesswho.cretplayer2_3,1,B,b2rg,0,803,CAPTURE,0,-1,249,19,0,0,0,0,31,0,3070,240,0,0,1043,869,2,0,53,77,235,292,ATK@600
gauntlet/20261002-044056-scrim-b2rg/losses/quesswho.cretplayer2_3__Canals__botA.bc24,quesswho.cretplayer2_3,1,A,b2rg,0,1418,CAPTURE,1,1038,445,16,0,0,0,0,0,0,7000,300,0,0,990,866,5,0,71,269,704,457,ATK@600+HEAL@1200
gauntlet/20261002-044056-scrim-b2rg/losses/quesswho.cretplayer2_3__Canals__botA.bc24,quesswho.cretplayer2_3,0,B,cretplayer2_3,1,1418,CAPTURE,3,410,242,13,0,3,17,0,0,0,7000,1000,0,3,1235,964,0,3,92,221,457,704,ATK@600+HEAL@1200
gauntlet/20261002-044056-scrim-b2rg/losses/quesswho.cretplayer2_3__Tunnels__botB.bc24,quesswho.cretplayer2_3,0,A,cretplayer2_3,1,598,CAPTURE,3,301,248,20,0,3,18,0,55,0,3150,920,0,23,753,682,0,5,43,63,98,238,
gauntlet/20261002-044056-scrim-b2rg/losses/quesswho.cretplayer2_3__Tunnels__botB.bc24,quesswho.cretplayer2_3,1,B,b2rg,0,598,CAPTURE,0,-1,288,9,0,0,0,0,64,0,2880,280,0,0,1080,885,0,0,54,67,238,98,
gauntlet/20261002-044056-scrim-b2rg/losses/quesswho.cretplayer2_3__OceanFloor__botA.bc24,quesswho.cretplayer2_3,1,A,b2rg,0,713,CAPTURE,0,-1,332,10,0,0,0,0,43,0,2510,220,0,4,550,627,2,0,34,55,100,40,ATK@600
gauntlet/20261002-044056-scrim-b2rg/losses/quesswho.cretplayer2_3__OceanFloor__botA.bc24,quesswho.cretplayer2_3,0,B,cretplayer2_3,1,713,CAPTURE,3,530,218,13,0,3,50,0,23,0,3110,980,0,4,395,337,0,4,31,56,40,100,ATK@600
gauntlet/20261002-044056-scrim-b2rg/losses/winkelmantanner.waffle__StackGame__botB.bc24,winkelmantanner.waffle,0,A,waffle,1,652,CAPTURE,3,289,228,25,0,0,0,0,28,21,4060,690,0,7,1126,845,0,0,86,116,101,288,ATK@600
gauntlet/20261002-044056-scrim-b2rg/losses/winkelmantanner.waffle__StackGame__botB.bc24,winkelmantanner.waffle,1,B,b2rg,0,652,CAPTURE,1,361,259,15,0,0,0,0,30,0,6100,290,0,2,1230,1442,0,0,81,101,288,101,ATK@600
gauntlet/20261002-044056-scrim-b2rg/losses/winkelmantanner.waffle__Skyline__botA.bc24,winkelmantanner.waffle,1,A,b2rg,0,555,CAPTURE,2,387,273,8,0,0,0,0,96,0,21120,1345,0,11,1229,1258,23,0,279,241,177,67,
gauntlet/20261002-044056-scrim-b2rg/losses/winkelmantanner.waffle__Skyline__botA.bc24,winkelmantanner.waffle,0,B,waffle,1,555,CAPTURE,3,447,402,10,0,0,0,0,67,54,4303,703,2,8,901,707,0,0,113,148,67,177,
gauntlet/20261002-044056-scrim-b2rg/losses/winkelmantanner.waffle__BedWars__botA.bc24,winkelmantanner.waffle,1,A,b2rg,0,659,CAPTURE,2,351,319,3,0,0,0,0,0,0,4800,20,0,15,556,589,1,0,32,48,125,55,ATK@600
gauntlet/20261002-044056-scrim-b2rg/losses/winkelmantanner.waffle__BedWars__botA.bc24,winkelmantanner.waffle,0,B,waffle,1,659,CAPTURE,3,431,280,20,0,0,0,0,0,3,4500,1800,0,7,421,339,0,0,32,37,55,125,ATK@600
gauntlet/20261002-044056-scrim-b2rg/losses/winkelmantanner.waffle__Islands__botA.bc24,winkelmantanner.waffle,1,A,b2rg,0,996,CAPTURE,2,457,427,13,0,0,0,0,85,0,5650,260,0,0,1252,1688,8,0,59,168,487,203,ATK@600
gauntlet/20261002-044056-scrim-b2rg/losses/winkelmantanner.waffle__Islands__botA.bc24,winkelmantanner.waffle,0,B,waffle,1,996,CAPTURE,3,301,243,35,0,0,0,0,44,63,653,377,2,11,1111,987,0,0,92,162,203,487,ATK@600
gauntlet/20261002-044056-scrim-b2rg/losses/winkelmantanner.waffle__Whirlpool__botB.bc24,winkelmantanner.waffle,0,A,waffle,1,1661,CAPTURE,3,422,329,15,0,0,0,0,57,23,1190,3540,1,14,1056,1515,0,0,88,222,367,614,ATK@600+HEAL@1200
gauntlet/20261002-044056-scrim-b2rg/losses/winkelmantanner.waffle__Whirlpool__botB.bc24,winkelmantanner.waffle,1,B,b2rg,0,1661,CAPTURE,0,-1,1347,3,0,0,0,0,86,0,2620,270,0,23,1002,1258,0,0,41,167,614,367,ATK@600+HEAL@1200
gauntlet/20261002-044056-scrim-b2rg/replays/ColtG5.Goob_final__BigDucksBigPond__botB.bc24,ColtG5.Goob_final,0,A,Goob_final,0,2000,LEVEL_SUM,2,294,233,11,0,0,0,0,107,0,3990,440,0,8,951,756,12,0,76,302,525,1310,ATK@600+HEAL@1200+CAP@1800
gauntlet/20261002-044056-scrim-b2rg/replays/ColtG5.Goob_final__BigDucksBigPond__botB.bc24,ColtG5.Goob_final,1,B,b2rg,1,2000,LEVEL_SUM,2,1502,239,27,0,0,0,0,126,0,3720,210,0,5,978,1068,3,0,52,318,1310,525,ATK@600+HEAL@1200+CAP@1800
gauntlet/20261002-044056-scrim-b2rg/replays/ColtG5.Goob_final__DefaultLarge__botA.bc24,ColtG5.Goob_final,1,A,b2rg,1,1933,CAPTURE,3,1329,597,18,0,0,0,0,49,0,2730,260,0,8,1287,1639,2,0,68,466,1445,418,ATK@600+HEAL@1200+CAP@1800
gauntlet/20261002-044056-scrim-b2rg/replays/ColtG5.Goob_final__DefaultLarge__botA.bc24,ColtG5.Goob_final,0,B,Goob_final,0,1933,CAPTURE,0,-1,391,3,0,0,0,0,48,0,2760,1000,0,4,1005,774,12,0,66,239,418,1445,ATK@600+HEAL@1200+CAP@1800
gauntlet/20261002-044056-scrim-b2rg/replays/ColtG5.Goob_final__OceanFloor__botA.bc24,ColtG5.Goob_final,1,A,b2rg,1,2000,LEVEL_SUM,2,460,260,12,0,0,0,0,33,0,2810,270,0,7,1072,1094,0,0,53,210,1120,408,ATK@600+HEAL@1200+CAP@1800
gauntlet/20261002-044056-scrim-b2rg/replays/ColtG5.Goob_final__OceanFloor__botA.bc24,ColtG5.Goob_final,0,B,Goob_final,0,2000,LEVEL_SUM,2,272,217,8,0,0,0,0,43,0,2510,70,0,1,1031,746,0,0,48,287,408,1120,ATK@600+HEAL@1200+CAP@1800
gauntlet/20261002-044056-scrim-b2rg/replays/NotLLeon.v3__Hurricane__botB.bc24,NotLLeon.v3,0,A,v3,0,2000,LEVEL_SUM,0,-1,240,65,0,0,0,0,57,0,5190,1150,0,11,633,672,0,0,65,121,102,177,ATK@600+HEAL@1200+CAP@1800
gauntlet/20261002-044056-scrim-b2rg/replays/NotLLeon.v3__Hurricane__botB.bc24,NotLLeon.v3,1,B,b2rg,1,2000,LEVEL_SUM,0,-1,237,22,0,0,0,0,64,0,4980,310,0,4,527,692,6,0,51,174,177,102,ATK@600+HEAL@1200+CAP@1800
gauntlet/20261002-044056-scrim-b2rg/replays/IvanGeffner.kuma__Capacitance__botA.bc24,IvanGeffner.kuma,1,A,b2rg,1,2000,MORE_FLAG_CAPTURES,1,471,322,9,0,0,0,0,20,0,5400,300,0,21,941,1333,0,0,79,245,404,473,ATK@600+HEAL@1200+CAP@1800
gauntlet/20261002-044056-scrim-b2rg/replays/IvanGeffner.kuma__Capacitance__botA.bc24,IvanGeffner.kuma,0,B,kuma,0,2000,MORE_FLAG_CAPTURES,0,-1,340,28,18,0,0,90,20,0,3945,1705,18,6,1003,1277,2,0,108,408,473,404,ATK@600+HEAL@1200+CAP@1800
gauntlet/20261002-044056-scrim-b2rg/replays/andrewgopher.player22__Divergent__botB.bc24,andrewgopher.player22,0,A,player22,0,2000,MORE_FLAG_CAPTURES,0,-1,0,3,0,3,0,0,72,0,3940,40,0,2,610,201,14,0,31,210,370,687,ATK@600+HEAL@1200+CAP@1800
gauntlet/20261002-044056-scrim-b2rg/replays/andrewgopher.player22__Divergent__botB.bc24,andrewgopher.player22,1,B,b2rg,1,2000,MORE_FLAG_CAPTURES,1,557,235,18,0,0,0,0,37,0,4990,250,0,4,633,1023,3,0,69,172,687,370,ATK@600+HEAL@1200+CAP@1800
gauntlet/20261002-044056-scrim-b2rg/replays/awu7.ExplosiveBot__Alligator__botA.bc24,awu7.ExplosiveBot,1,A,b2rg,1,1825,CAPTURE,3,259,214,22,0,0,0,0,49,0,4230,230,0,6,1109,1278,0,0,107,328,995,316,ATK@600+HEAL@1200+CAP@1800
gauntlet/20261002-044056-scrim-b2rg/replays/awu7.ExplosiveBot__Alligator__botA.bc24,awu7.ExplosiveBot,0,B,ExplosiveBot,0,1825,CAPTURE,0,-1,249,2,0,0,0,0,69,10,2530,5210,0,22,881,943,2,0,40,127,316,995,ATK@600+HEAL@1200
gauntlet/20261002-044056-scrim-b2rg/replays/awu7.ExplosiveBot__Joker__botB.bc24,awu7.ExplosiveBot,0,A,ExplosiveBot,0,879,CAPTURE,0,-1,442,8,1,0,0,0,35,8,14850,17250,0,10,742,596,49,0,21,133,164,387,ATK@600
gauntlet/20261002-044056-scrim-b2rg/replays/awu7.ExplosiveBot__Joker__botB.bc24,awu7.ExplosiveBot,1,B,b2rg,1,879,CAPTURE,3,344,244,27,0,0,0,0,2,0,16840,240,0,3,1084,1182,12,0,247,294,387,164,ATK@600
gauntlet/20261002-044056-scrim-b2rg/replays/awu7.ExplosiveBot__GaltonBoard__botA.bc24,awu7.ExplosiveBot,1,A,b2rg,1,1475,CAPTURE,3,423,239,26,0,0,0,0,11,0,2070,260,0,28,1143,1341,0,0,57,176,937,235,ATK@600+HEAL@1200
gauntlet/20261002-044056-scrim-b2rg/replays/awu7.ExplosiveBot__GaltonBoard__botA.bc24,awu7.ExplosiveBot,0,B,ExplosiveBot,0,1475,CAPTURE,0,-1,0,0,0,0,0,0,9,9,1230,960,0,29,866,987,11,0,20,73,235,937,ATK@600+HEAL@1200
gauntlet/20261002-044056-scrim-b2rg/replays/awu7.ExplosiveBot__Canals__botA.bc24,awu7.ExplosiveBot,1,A,b2rg,1,1520,CAPTURE,3,724,674,30,0,0,0,0,0,0,7000,220,0,30,1172,1335,4,0,76,285,1150,243,ATK@600+HEAL@1200
gauntlet/20261002-044056-scrim-b2rg/replays/awu7.ExplosiveBot__Canals__botA.bc24,awu7.ExplosiveBot,0,B,ExplosiveBot,0,1520,CAPTURE,0,-1,378,17,4,0,0,0,0,11,5100,100,0,7,816,328,36,0,9,107,243,1150,ATK@600+HEAL@1200
gauntlet/20261002-044056-scrim-b2rg/replays/awu7.ExplosiveBot__Klein__botB.bc24,awu7.ExplosiveBot,0,A,ExplosiveBot,0,1891,CAPTURE,1,452,415,21,8,0,0,0,259,6,30,20,0,18,580,447,0,0,7,147,307,1134,ATK@600+HEAL@1200
gauntlet/20261002-044056-scrim-b2rg/replays/awu7.ExplosiveBot__Klein__botB.bc24,awu7.ExplosiveBot,1,B,b2rg,1,1891,CAPTURE,3,266,239,47,0,0,0,0,123,0,5010,220,0,12,718,771,0,0,60,390,1134,307,ATK@600+HEAL@1200+CAP@1800
gauntlet/20261002-044056-scrim-b2rg/replays/clbarrell.duck8__Hockey__botB.bc24,clbarrell.duck8,0,A,duck8,0,862,CAPTURE,0,-1,0,0,0,0,0,0,28,42,80,80,3,8,964,1331,7,0,55,95,126,315,ATK@750
gauntlet/20261002-044056-scrim-b2rg/replays/clbarrell.duck8__Hockey__botB.bc24,clbarrell.duck8,1,B,b2rg,1,862,CAPTURE,3,745,294,13,0,0,0,0,30,0,4800,210,0,3,1200,1579,2,0,64,89,315,126,ATK@600
gauntlet/20261002-044056-scrim-b2rg/replays/clbarrell.duck8__Islands__botB.bc24,clbarrell.duck8,0,A,duck8,0,1183,CAPTURE,2,247,221,11,0,0,0,0,61,48,70,100,3,10,939,1253,16,0,53,147,234,506,ATK@750
gauntlet/20261002-044056-scrim-b2rg/replays/clbarrell.duck8__Islands__botB.bc24,clbarrell.duck8,1,B,b2rg,1,1183,CAPTURE,3,794,412,9,0,0,0,0,70,0,6100,260,0,0,1152,1489,6,0,71,201,506,234,ATK@600
gauntlet/20261002-044056-scrim-b2rg/replays/dmtrung14.defaultplayer_intlqualifier__Foxes__botB.bc24,dmtrung14.defaultplayer_intlqualifier,0,A,defaultplayer_intlqualifier,0,2000,MORE_FLAG_CAPTURES,0,-1,435,6,1,3,39,0,20,23,6400,5200,0,3,256,775,6,32,27,54,17,236,ATK@600+HEAL@1200+CAP@1800
gauntlet/20261002-044056-scrim-b2rg/replays/dmtrung14.defaultplayer_intlqualifier__Foxes__botB.bc24,dmtrung14.defaultplayer_intlqualifier,1,B,b2rg,1,2000,MORE_FLAG_CAPTURES,1,957,267,6,0,0,0,0,12,0,9540,150,0,3,1042,383,10,0,87,128,236,17,ATK@600+HEAL@1200+CAP@1800
gauntlet/20261002-044056-scrim-b2rg/replays/jmerle.camel_case_v21_final__OceanFloor__botB.bc24,jmerle.camel_case_v21_final,0,A,camel_case_v21_final,0,425,CAPTURE,0,-1,344,4,0,0,0,0,5,22,1450,100,0,0,1017,438,0,0,66,68,63,86,
gauntlet/20261002-044056-scrim-b2rg/replays/jmerle.camel_case_v21_final__OceanFloor__botB.bc24,jmerle.camel_case_v21_final,1,B,b2rg,1,425,CAPTURE,3,316,239,7,0,0,0,0,41,0,2570,250,0,14,776,1156,2,0,44,46,86,63,
gauntlet/20261002-044056-scrim-b2rg/replays/dmtrung14.defaultplayer_intlqualifier__Klein__botA.bc24,dmtrung14.defaultplayer_intlqualifier,1,A,b2rg,1,2000,MORE_FLAG_CAPTURES,2,333,308,5,0,0,0,0,134,0,4680,230,0,14,695,317,0,0,55,23,269,10,ATK@600+HEAL@1200+CAP@1800
gauntlet/20261002-044056-scrim-b2rg/replays/dmtrung14.defaultplayer_intlqualifier__Klein__botA.bc24,dmtrung14.defaultplayer_intlqualifier,0,B,defaultplayer_intlqualifier,0,2000,MORE_FLAG_CAPTURES,0,-1,0,3,0,3,25,0,193,15,110,40,0,13,191,710,6,16,12,29,10,269,ATK@600+HEAL@1200+CAP@1800
gauntlet/20261002-044056-scrim-b2rg/replays/clbarrell.duck8__Mountain__botB.bc24,clbarrell.duck8,0,A,duck8,0,2000,LEVEL_SUM,1,308,274,18,0,0,0,0,14,44,190,50,3,10,790,652,16,0,66,228,402,1096,ATK@750+HEAL@1500
gauntlet/20261002-044056-scrim-b2rg/replays/clbarrell.duck8__Mountain__botB.bc24,clbarrell.duck8,1,B,b2rg,1,2000,LEVEL_SUM,1,697,308,9,0,0,0,0,26,0,5720,240,0,0,1110,1093,0,0,77,300,1096,402,ATK@600+HEAL@1200+CAP@1800
gauntlet/20261002-044056-scrim-b2rg/replays/dmtrung14.defaultplayer_intlqualifier__StarryNight__botA.bc24,dmtrung14.defaultplayer_intlqualifier,1,A,b2rg,1,733,CAPTURE,3,362,230,11,0,0,0,0,91,0,13270,218,0,0,1277,602,0,0,162,127,189,27,ATK@600
gauntlet/20261002-044056-scrim-b2rg/replays/dmtrung14.defaultplayer_intlqualifier__StarryNight__botA.bc24,dmtrung14.defaultplayer_intlqualifier,0,B,defaultplayer_intlqualifier,0,733,CAPTURE,2,266,236,27,20,3,17,0,115,20,10250,10260,0,18,396,771,3,15,20,51,27,189,ATK@600
gauntlet/20261002-044056-scrim-b2rg/replays/clbarrell.duck8__Whirlpool__botA.bc24,clbarrell.duck8,1,A,b2rg,1,2000,LEVEL_SUM,1,884,702,10,0,0,0,0,87,0,2590,220,0,14,1152,1121,0,0,62,205,937,396,ATK@600+HEAL@1200+CAP@1800
gauntlet/20261002-044056-scrim-b2rg/replays/clbarrell.duck8__Whirlpool__botA.bc24,clbarrell.duck8,0,B,duck8,0,2000,LEVEL_SUM,1,419,237,14,0,0,0,0,49,31,90,70,3,7,812,833,6,0,54,204,396,937,ATK@750+HEAL@1500
gauntlet/20261002-044056-scrim-b2rg/replays/hsmalladi.finalbot__Puzzle__botA.bc24,hsmalladi.finalbot,1,A,b2rg,1,1284,CAPTURE,3,722,304,8,0,0,0,0,1,0,2370,640,0,11,743,993,2,0,111,156,348,231,ATK@600+HEAL@1200
gauntlet/20261002-044056-scrim-b2rg/replays/hsmalladi.finalbot__Puzzle__botA.bc24,hsmalladi.finalbot,0,B,finalbot,0,1284,CAPTURE,2,513,271,50,14,3,27,0,74,0,180,5870,0,0,681,743,0,3,121,197,231,348,ATK@600+HEAL@1200
gauntlet/20261002-044056-scrim-b2rg/replays/jonters.bling3__DefaultHuge__botB.bc24,jonters.bling3,0,A,bling3,0,530,CAPTURE,0,-1,0,0,0,0,0,0,37,13,2390,80,0,8,689,1147,28,0,10,37,57,145,
gauntlet/20261002-044056-scrim-b2rg/replays/jonters.bling3__DefaultHuge__botB.bc24,jonters.bling3,1,B,b2rg,1,530,CAPTURE,3,290,217,19,0,0,0,0,8,0,5860,270,0,19,1100,1307,6,0,70,63,145,57,
gauntlet/20261002-044056-scrim-b2rg/replays/justinottesen.sprint1__Battlecode24__botB.bc24,justinottesen.sprint1,0,A,sprint1,0,545,CAPTURE,0,-1,0,0,0,0,0,0,166,0,7720,5820,0,7,134,790,80,0,0,79,76,159,
gauntlet/20261002-044056-scrim-b2rg/replays/justinottesen.sprint1__Battlecode24__botB.bc24,justinottesen.sprint1,1,B,b2rg,1,545,CAPTURE,3,303,237,7,0,0,0,0,60,0,13000,265,0,14,1010,529,18,0,224,192,159,76,
gauntlet/20261002-044056-scrim-b2rg/replays/jonters.bling3__Alien__botA.bc24,jonters.bling3,1,A,b2rg,1,1836,CAPTURE,3,1084,329,52,0,0,0,0,9,0,5430,260,0,8,1315,1484,0,0,75,241,879,366,ATK@600+HEAL@1200+CAP@1800
gauntlet/20261002-044056-scrim-b2rg/replays/jonters.bling3__Alien__botA.bc24,jonters.bling3,0,B,bling3,0,1836,CAPTURE,2,313,238,10,0,0,0,0,10,14,2600,1390,0,14,841,1598,31,0,2,132,366,879,ATK@600+HEAL@1200+CAP@1800
gauntlet/20261002-044056-scrim-b2rg/replays/jonters.bling3__Hockey__botB.bc24,jonters.bling3,0,A,bling3,0,1417,CAPTURE,0,-1,0,0,0,0,0,0,56,13,1420,1120,0,0,873,2451,22,0,0,66,215,530,ATK@600+HEAL@1200
gauntlet/20261002-044056-scrim-b2rg/replays/jonters.bling3__Hockey__botB.bc24,jonters.bling3,1,B,b2rg,1,1417,CAPTURE,3,711,393,56,0,0,0,0,27,0,4890,290,0,3,1292,1797,2,0,64,188,530,215,ATK@600+HEAL@1200
gauntlet/20261002-044056-scrim-b2rg/replays/jonters.bling3__Snake__botA.bc24,jonters.bling3,1,A,b2rg,1,1983,CAPTURE,3,724,222,50,0,0,0,0,190,0,9800,299,0,0,829,1001,18,0,276,456,722,412,ATK@600+HEAL@1200+CAP@1800
gauntlet/20261002-044056-scrim-b2rg/replays/jonters.bling3__Snake__botA.bc24,jonters.bling3,0,B,bling3,0,1983,CAPTURE,1,457,272,6,0,0,0,0,239,0,8330,11730,0,11,576,867,99,0,4,233,412,722,ATK@600+HEAL@1200+CAP@1800
gauntlet/20261002-044056-scrim-b2rg/replays/jonters.bling3__Randy__botB.bc24,jonters.bling3,0,A,bling3,0,2000,LEVEL_SUM,2,1153,231,10,0,0,0,0,6,9,3820,4190,0,3,653,1262,44,0,2,131,399,660,ATK@600+HEAL@1200+CAP@1800
gauntlet/20261002-044056-scrim-b2rg/replays/jonters.bling3__Randy__botB.bc24,jonters.bling3,1,B,b2rg,1,2000,LEVEL_SUM,2,252,209,31,0,0,0,0,6,0,5620,240,0,26,905,1027,0,0,76,251,660,399,ATK@600+HEAL@1200+CAP@1800
gauntlet/20261002-044056-scrim-b2rg/replays/jonters.bling3__Whirlpool__botB.bc24,jonters.bling3,0,A,bling3,0,2000,LEVEL_SUM,1,303,248,1,0,0,0,0,98,10,260,1940,0,11,749,1565,19,0,15,142,235,776,ATK@600+HEAL@1200+CAP@1800
gauntlet/20261002-044056-scrim-b2rg/replays/jonters.bling3__Whirlpool__botB.bc24,jonters.bling3,1,B,b2rg,1,2000,LEVEL_SUM,1,584,352,18,0,0,0,0,87,0,2590,240,0,20,1047,1353,0,0,41,191,776,235,ATK@600+HEAL@1200+CAP@1800
gauntlet/20261002-044056-scrim-b2rg/replays/justinottesen.sprint1__GaltonBoard__botB.bc24,justinottesen.sprint1,0,A,sprint1,0,1085,CAPTURE,0,-1,0,0,0,0,0,0,9,10,130,130,0,1,127,913,147,0,0,188,128,836,ATK@600
gauntlet/20261002-044056-scrim-b2rg/replays/justinottesen.sprint1__GaltonBoard__botB.bc24,justinottesen.sprint1,1,B,b2rg,1,1085,CAPTURE,3,245,218,6,0,0,0,0,11,0,2070,290,0,36,1306,828,0,0,122,209,836,128,ATK@600
gauntlet/20261002-044056-scrim-b2rg/replays/justinottesen.sprint1__Rivers__botB.bc24,justinottesen.sprint1,0,A,sprint1,0,542,CAPTURE,0,-1,0,0,0,0,0,0,45,0,2550,140,0,5,223,1279,22,0,0,28,28,349,
gauntlet/20261002-044056-scrim-b2rg/replays/justinottesen.sprint1__Rivers__botB.bc24,justinottesen.sprint1,1,B,b2rg,1,542,CAPTURE,3,450,305,16,0,0,0,0,30,0,3000,270,0,5,1862,725,1,0,70,55,349,28,
gauntlet/20261002-044056-scrim-b2rg/replays/justinottesen.sprint1__StarryNight__botA.bc24,justinottesen.sprint1,1,A,b2rg,1,559,CAPTURE,3,466,365,10,0,0,0,0,83,0,13510,213,0,12,1396,742,0,0,159,125,295,59,
gauntlet/20261002-044056-scrim-b2rg/replays/justinottesen.sprint1__StarryNight__botA.bc24,justinottesen.sprint1,0,B,sprint1,0,559,CAPTURE,0,-1,0,0,0,0,0,0,152,57,129,79,3,5,168,884,66,0,0,71,59,295,
gauntlet/20261002-044056-scrim-b2rg/replays/justinottesen.sprint1__Joker__botA.bc24,justinottesen.sprint1,1,A,b2rg,1,862,CAPTURE,3,364,238,27,0,0,0,0,4,0,16780,280,0,3,1271,498,11,0,257,330,397,122,ATK@600
gauntlet/20261002-044056-scrim-b2rg/replays/justinottesen.sprint1__Joker__botA.bc24,justinottesen.sprint1,0,B,sprint1,0,862,CAPTURE,0,-1,738,6,0,0,0,0,20,8,14700,7320,0,9,179,1010,95,0,0,120,122,397,ATK@600
gauntlet/20261002-044056-scrim-b2rg/replays/kyleezz.jeeryfix3__OceanFloor__botA.bc24,kyleezz.jeeryfix3,1,A,b2rg,1,1266,CAPTURE,3,814,548,10,0,0,0,0,38,0,2660,280,0,2,1036,1271,2,0,48,153,628,174,ATK@600+HEAL@1200
gauntlet/20261002-044056-scrim-b2rg/replays/kyleezz.jeeryfix3__OceanFloor__botA.bc24,kyleezz.jeeryfix3,0,B,jeeryfix3,0,1266,CAPTURE,2,271,220,3,0,0,0,0,75,5,850,1070,0,2,1017,771,0,0,36,113,174,628,ATK@600+CAP@1200
gauntlet/20261002-044056-scrim-b2rg/replays/quesswho.cretplayer2_3__Capacitance__botA.bc24,quesswho.cretplayer2_3,1,A,b2rg,1,890,CAPTURE,3,320,224,8,0,0,0,0,20,0,5400,270,0,0,881,928,0,0,86,111,300,75,ATK@600
gauntlet/20261002-044056-scrim-b2rg/replays/quesswho.cretplayer2_3__Capacitance__botA.bc24,quesswho.cretplayer2_3,0,B,cretplayer2_3,0,890,CAPTURE,2,307,243,10,0,3,8,0,16,0,5520,990,0,2,797,476,0,7,70,107,75,300,ATK@600
gauntlet/20261002-044056-scrim-b2rg/replays/justinottesen.sprint1__Hurricane__botB.bc24,justinottesen.sprint1,0,A,sprint1,0,2000,MORE_FLAG_CAPTURES,0,-1,256,36,0,0,0,0,162,10,40,30,0,3,226,960,10,0,0,75,124,1137,ATK@600
gauntlet/20261002-044056-scrim-b2rg/replays/justinottesen.sprint1__Hurricane__botB.bc24,justinottesen.sprint1,1,B,b2rg,1,2000,MORE_FLAG_CAPTURES,1,734,229,71,0,0,0,0,70,0,4800,220,0,10,1248,373,5,0,61,369,1137,124,ATK@600+HEAL@1200+CAP@1800
gauntlet/20261002-044056-scrim-b2rg/replays/winkelmantanner.waffle__Gauntlet__botB.bc24,winkelmantanner.waffle,0,A,waffle,0,1929,CAPTURE,2,358,280,38,0,0,0,0,42,3,2940,1230,0,3,830,834,0,0,59,244,467,1122,ATK@600+HEAL@1200+CAP@1800
gauntlet/20261002-044056-scrim-b2rg/replays/winkelmantanner.waffle__Gauntlet__botB.bc24,winkelmantanner.waffle,1,B,b2rg,1,1929,CAPTURE,3,805,745,6,0,0,0,0,56,0,2820,270,0,7,971,1059,3,0,34,236,1122,467,ATK@600+HEAL@1200+CAP@1800
