file,opp,us,team,name,won,rounds,wintype,captured,firstCapture,firstPickup,pickups,drops,setupFlagPickups,flagMoveDist,digs200,fills200,traps200,crumbs200,crumbs250,level200,defend300,atk400,heal400,expl400,water400,stun400,trapsHit,kills,deaths,upgrades
gauntlet/20261001-212327-scrim-b1z2b/losses/CyrilSharma.finalBot__Bunkers__botA.bc24,CyrilSharma.finalBot,1,A,b1z2b,0,514,CAPTURE,0,-1,0,0,0,0,0,0,30,0,4300,260,0,25,947,1014,4,0,52,56,82,121,
gauntlet/20261001-212327-scrim-b1z2b/losses/CyrilSharma.finalBot__Bunkers__botA.bc24,CyrilSharma.finalBot,0,B,finalBot,1,514,CAPTURE,3,281,236,7,0,0,0,60,6,13,2745,475,12,3,1082,1068,0,0,106,137,121,82,
gauntlet/20261001-212327-scrim-b1z2b/losses/ColtG5.Goob_final__SteamboatMickey__botB.bc24,ColtG5.Goob_final,0,A,Goob_final,1,628,CAPTURE,3,332,225,10,0,0,0,0,46,0,8220,11840,0,12,879,666,12,0,116,187,120,168,ATK@600
gauntlet/20261001-212327-scrim-b1z2b/losses/ColtG5.Goob_final__SteamboatMickey__botB.bc24,ColtG5.Goob_final,1,B,b1z2b,0,628,CAPTURE,1,431,339,3,0,0,0,0,4,0,9580,300,0,1,1071,1212,0,0,127,158,168,120,ATK@600
gauntlet/20261001-212327-scrim-b1z2b/losses/ColtG5.Goob_final__Joker__botB.bc24,ColtG5.Goob_final,0,A,Goob_final,1,488,CAPTURE,3,343,272,6,0,0,0,0,28,0,16060,21200,0,14,1041,704,12,0,133,150,69,144,
gauntlet/20261001-212327-scrim-b1z2b/losses/ColtG5.Goob_final__Joker__botB.bc24,ColtG5.Goob_final,1,B,b1z2b,0,488,CAPTURE,0,-1,0,0,0,0,0,0,2,0,16840,290,0,10,1126,1298,10,0,197,181,144,69,
gauntlet/20261001-212327-scrim-b1z2b/losses/ColtG5.Goob_final__Swoop__botB.bc24,ColtG5.Goob_final,0,A,Goob_final,1,618,CAPTURE,3,287,240,9,0,0,0,0,57,0,4990,40,0,4,1104,925,5,0,63,91,129,207,ATK@600
gauntlet/20261001-212327-scrim-b1z2b/losses/ColtG5.Goob_final__Swoop__botB.bc24,ColtG5.Goob_final,1,B,b1z2b,0,618,CAPTURE,2,342,292,2,0,0,0,0,68,0,4660,290,0,14,1217,1464,4,0,62,91,207,129,ATK@600
gauntlet/20261001-212327-scrim-b1z2b/losses/ColtG5.Goob_final__EvilGrin__botA.bc24,ColtG5.Goob_final,1,A,b1z2b,0,2000,MORE_FLAG_CAPTURES,0,-1,0,0,0,0,0,0,49,0,2930,250,0,15,1222,1524,2,0,55,217,1402,438,ATK@600+HEAL@1200+CAP@1800
gauntlet/20261001-212327-scrim-b1z2b/losses/ColtG5.Goob_final__EvilGrin__botA.bc24,ColtG5.Goob_final,0,B,Goob_final,1,2000,MORE_FLAG_CAPTURES,1,454,348,9,0,0,0,0,64,0,2480,1570,0,7,1046,1070,12,0,75,297,438,1402,ATK@600+HEAL@1200+CAP@1800
gauntlet/20261001-212327-scrim-b1z2b/losses/ColtG5.Goob_final__Ambush__botA.bc24,ColtG5.Goob_final,1,A,b1z2b,0,2000,MORE_FLAG_CAPTURES,1,259,224,1,0,0,0,0,40,0,3500,290,0,4,1411,1607,0,0,69,241,1302,472,ATK@600+HEAL@1200+CAP@1800
gauntlet/20261001-212327-scrim-b1z2b/losses/ColtG5.Goob_final__Ambush__botA.bc24,ColtG5.Goob_final,0,B,Goob_final,1,2000,MORE_FLAG_CAPTURES,2,258,205,20,0,0,0,0,58,0,2960,90,0,7,1230,785,8,0,70,293,472,1302,ATK@600+HEAL@1200+CAP@1800
gauntlet/20261001-212327-scrim-b1z2b/losses/ColtG5.Goob_final__Gated__botA.bc24,ColtG5.Goob_final,1,A,b1z2b,0,2000,MORE_FLAG_CAPTURES,0,-1,0,0,0,0,0,0,30,0,3000,240,0,2,1171,1256,2,0,43,195,939,452,ATK@600+HEAL@1200+CAP@1800
gauntlet/20261001-212327-scrim-b1z2b/losses/ColtG5.Goob_final__Gated__botA.bc24,ColtG5.Goob_final,0,B,Goob_final,1,2000,MORE_FLAG_CAPTURES,2,288,237,15,0,0,0,0,37,0,2790,100,0,5,1106,785,0,0,59,211,452,939,ATK@600+HEAL@1200+CAP@1800
gauntlet/20261001-212327-scrim-b1z2b/losses/CyrilSharma.finalBot__Whirlpool__botA.bc24,CyrilSharma.finalBot,1,A,b1z2b,0,871,CAPTURE,0,-1,399,5,0,0,0,0,89,0,2530,300,0,18,831,1074,1,0,40,77,177,143,ATK@600
gauntlet/20261001-212327-scrim-b1z2b/losses/CyrilSharma.finalBot__Whirlpool__botA.bc24,CyrilSharma.finalBot,0,B,finalBot,1,871,CAPTURE,3,776,728,7,0,0,0,31,47,0,3240,4920,5,15,630,1089,0,0,41,173,143,177,ATK@600
gauntlet/20261001-212327-scrim-b1z2b/losses/CyrilSharma.finalBot__EvilGrin__botB.bc24,CyrilSharma.finalBot,0,A,finalBot,1,1683,CAPTURE,3,385,314,29,0,0,0,51,29,0,2622,5190,10,5,878,1040,0,0,86,475,487,545,ATK@600+HEAL@1200
gauntlet/20261001-212327-scrim-b1z2b/losses/CyrilSharma.finalBot__EvilGrin__botB.bc24,CyrilSharma.finalBot,1,B,b1z2b,0,1683,CAPTURE,0,-1,607,1,0,0,0,0,55,0,2750,270,0,14,942,1165,1,0,40,175,545,487,ATK@600+HEAL@1200
gauntlet/20261001-212327-scrim-b1z2b/losses/Gymhgy.v10official__CH3353C4K3F4CT0RY__botA.bc24,Gymhgy.v10official,1,A,b1z2b,0,596,CAPTURE,0,-1,295,5,0,0,0,0,12,0,15040,245,0,22,1158,1499,19,0,135,166,73,90,
gauntlet/20261001-212327-scrim-b1z2b/losses/Gymhgy.v10official__CH3353C4K3F4CT0RY__botA.bc24,Gymhgy.v10official,0,B,v10official,1,596,CAPTURE,3,349,270,41,28,3,22,90,12,2,13397,9047,18,0,965,1582,21,2,102,151,90,73,
gauntlet/20261001-212327-scrim-b1z2b/losses/CyrilSharma.finalBot__Decision__botB.bc24,CyrilSharma.finalBot,0,A,finalBot,1,1299,CAPTURE,3,365,256,21,0,0,0,60,25,2,1569,189,12,8,658,820,0,0,60,233,224,189,ATK@600+HEAL@1200
gauntlet/20261001-212327-scrim-b1z2b/losses/CyrilSharma.finalBot__Decision__botB.bc24,CyrilSharma.finalBot,1,B,b1z2b,0,1299,CAPTURE,1,1162,535,10,0,0,0,0,84,0,1780,300,0,1,659,923,0,0,33,109,189,224,ATK@600+HEAL@1200
gauntlet/20261001-212327-scrim-b1z2b/losses/CyrilSharma.finalBot__OceanFloor__botA.bc24,CyrilSharma.finalBot,1,A,b1z2b,0,2000,MORE_FLAG_CAPTURES,0,-1,1652,2,0,0,0,0,36,0,2720,220,0,0,804,1081,1,0,41,198,530,579,ATK@600+HEAL@1200+CAP@1800
gauntlet/20261001-212327-scrim-b1z2b/losses/CyrilSharma.finalBot__OceanFloor__botA.bc24,CyrilSharma.finalBot,0,B,finalBot,1,2000,MORE_FLAG_CAPTURES,2,345,220,13,0,0,0,60,6,3,2372,462,12,7,977,1004,0,0,89,577,579,530,ATK@600+HEAL@1200+CAP@1800
gauntlet/20261001-212327-scrim-b1z2b/losses/Gymhgy.v10official__Asteroids__botA.bc24,Gymhgy.v10official,1,A,b1z2b,0,2000,LEVEL_SUM,2,511,233,14,0,0,0,0,33,0,2210,190,0,17,1030,1388,2,0,42,187,498,458,ATK@600+HEAL@1200+CAP@1800
gauntlet/20261001-212327-scrim-b1z2b/losses/Gymhgy.v10official__Asteroids__botA.bc24,Gymhgy.v10official,0,B,v10official,1,2000,LEVEL_SUM,2,410,310,20,15,3,12,90,31,3,536,36,18,0,1018,1547,0,3,67,287,458,498,ATK@600+HEAL@1200+CAP@1800
gauntlet/20261001-212327-scrim-b1z2b/losses/Gymhgy.v10official__Backslash__botA.bc24,Gymhgy.v10official,1,A,b1z2b,0,2000,MORE_FLAG_CAPTURES,0,-1,388,7,0,0,0,0,210,0,800,240,0,2,1015,1217,0,0,106,263,505,498,ATK@600+HEAL@1200+CAP@1800
gauntlet/20261001-212327-scrim-b1z2b/losses/Gymhgy.v10official__Backslash__botA.bc24,Gymhgy.v10official,0,B,v10official,1,2000,MORE_FLAG_CAPTURES,2,343,263,54,36,3,38,69,113,2,2388,10803,13,0,949,1341,21,2,117,442,498,505,ATK@600+HEAL@1200+CAP@1800
gauntlet/20261001-212327-scrim-b1z2b/losses/Gymhgy.v10official__Decision__botB.bc24,Gymhgy.v10official,0,A,v10official,1,584,CAPTURE,3,332,266,49,40,3,12,90,68,3,520,190,18,0,711,1251,3,3,31,49,45,27,
gauntlet/20261001-212327-scrim-b1z2b/losses/Gymhgy.v10official__Decision__botB.bc24,Gymhgy.v10official,1,B,b1z2b,0,584,CAPTURE,1,473,329,7,0,0,0,0,93,0,1510,280,0,2,770,1065,0,0,21,27,27,45,
gauntlet/20261001-212327-scrim-b1z2b/losses/IvanGeffner.kuma__Backslash__botA.bc24,IvanGeffner.kuma,1,A,b1z2b,0,1393,CAPTURE,0,-1,0,0,0,0,0,0,198,0,1160,262,0,3,963,1299,2,0,158,259,277,528,ATK@600+HEAL@1200
gauntlet/20261001-212327-scrim-b1z2b/losses/IvanGeffner.kuma__Backslash__botA.bc24,IvanGeffner.kuma,0,B,kuma,1,1393,CAPTURE,3,275,249,12,7,0,0,83,115,0,2586,2405,16,6,1011,1274,6,0,116,455,528,277,ATK@600+HEAL@1200
gauntlet/20261001-212327-scrim-b1z2b/losses/IvanGeffner.kuma__Occulus__botA.bc24,IvanGeffner.kuma,1,A,b1z2b,0,601,CAPTURE,0,-1,0,0,0,0,0,0,17,0,3690,230,0,19,1026,1487,3,0,75,97,75,187,ATK@600
gauntlet/20261001-212327-scrim-b1z2b/losses/IvanGeffner.kuma__Occulus__botA.bc24,IvanGeffner.kuma,0,B,kuma,1,601,CAPTURE,3,383,355,13,8,0,0,90,13,7,1920,2570,18,4,1117,1405,16,0,111,180,187,75,ATK@600
gauntlet/20261001-212327-scrim-b1z2b/losses/Gymhgy.v10official__Klein__botB.bc24,Gymhgy.v10official,0,A,v10official,1,1443,CAPTURE,3,273,260,50,33,3,36,49,160,2,4356,2326,9,4,905,1485,2,2,56,176,264,241,ATK@600+HEAL@1200
gauntlet/20261001-212327-scrim-b1z2b/losses/Gymhgy.v10official__Klein__botB.bc24,Gymhgy.v10official,1,B,b1z2b,0,1443,CAPTURE,0,-1,284,17,0,0,0,0,126,0,4920,210,0,2,1003,1298,0,0,56,160,241,264,ATK@600+HEAL@1200
gauntlet/20261001-212327-scrim-b1z2b/losses/Gymhgy.v10official__DefaultLarge__botB.bc24,Gymhgy.v10official,0,A,v10official,1,815,CAPTURE,3,460,365,65,54,3,13,90,42,3,1185,85,18,0,941,1750,5,3,68,133,145,85,ATK@600
gauntlet/20261001-212327-scrim-b1z2b/losses/Gymhgy.v10official__DefaultLarge__botB.bc24,Gymhgy.v10official,1,B,b1z2b,0,815,CAPTURE,1,749,339,18,0,0,0,0,55,0,2550,220,0,4,1154,1482,1,0,57,97,85,145,ATK@600
gauntlet/20261001-212327-scrim-b1z2b/losses/IvanGeffner.kuma__Swoop__botA.bc24,IvanGeffner.kuma,1,A,b1z2b,0,826,CAPTURE,0,-1,0,0,0,0,0,0,73,0,4510,210,0,3,1052,1469,6,0,52,96,124,254,ATK@600
gauntlet/20261001-212327-scrim-b1z2b/losses/IvanGeffner.kuma__Swoop__botA.bc24,IvanGeffner.kuma,0,B,kuma,1,826,CAPTURE,3,270,228,33,18,0,0,90,75,1,2910,770,18,3,1129,1452,6,0,87,215,254,124,ATK@600
gauntlet/20261001-212327-scrim-b1z2b/losses/IvanGeffner.kuma__Racetrack__botA.bc24,IvanGeffner.kuma,1,A,b1z2b,0,1601,CAPTURE,1,355,291,1,0,0,0,0,73,0,210,250,0,12,992,1365,0,0,3,114,421,562,ATK@600+HEAL@1200
gauntlet/20261001-212327-scrim-b1z2b/losses/IvanGeffner.kuma__Racetrack__botA.bc24,IvanGeffner.kuma,0,B,kuma,1,1601,CAPTURE,3,464,312,101,70,0,0,56,57,0,26,19,10,3,1077,1412,0,0,1,322,562,421,ATK@600+HEAL@1200
gauntlet/20261001-212327-scrim-b1z2b/losses/NotLLeon.v3__Pancakes__botB.bc24,NotLLeon.v3,0,A,v3,1,399,CAPTURE,3,341,275,9,5,0,0,0,9,0,2130,1230,0,13,919,1112,0,0,90,83,46,25,
gauntlet/20261001-212327-scrim-b1z2b/losses/NotLLeon.v3__Pancakes__botB.bc24,NotLLeon.v3,1,B,b1z2b,0,399,CAPTURE,0,-1,228,7,0,0,0,0,16,0,1920,260,0,0,777,1114,2,0,62,62,25,46,
gauntlet/20261001-212327-scrim-b1z2b/losses/NotLLeon.v3__ORV__botA.bc24,NotLLeon.v3,1,A,b1z2b,0,688,CAPTURE,0,-1,0,0,0,0,0,0,31,0,4670,240,0,16,890,1080,1,0,61,79,103,137,ATK@600
gauntlet/20261001-212327-scrim-b1z2b/losses/NotLLeon.v3__ORV__botA.bc24,NotLLeon.v3,0,B,v3,1,688,CAPTURE,3,341,265,34,24,0,0,0,29,0,4730,5240,0,15,1025,1052,0,0,120,138,137,103,ATK@600
gauntlet/20261001-212327-scrim-b1z2b/losses/NotLLeon.v3__Backslash__botB.bc24,NotLLeon.v3,0,A,v3,1,1067,CAPTURE,3,275,245,49,15,0,0,0,140,0,2200,5900,0,14,941,785,0,0,122,247,294,313,ATK@600
gauntlet/20261001-212327-scrim-b1z2b/losses/NotLLeon.v3__Backslash__botB.bc24,NotLLeon.v3,1,B,b1z2b,0,1067,CAPTURE,1,359,266,3,0,0,0,0,196,0,1220,226,0,1,876,1153,0,0,140,147,313,294,ATK@600
gauntlet/20261001-212327-scrim-b1z2b/losses/NotLLeon.v3__Backslash__botA.bc24,NotLLeon.v3,1,A,b1z2b,0,2000,MORE_FLAG_CAPTURES,1,305,219,3,0,0,0,0,201,0,1070,303,0,2,1140,1192,0,0,158,316,806,807,ATK@600+HEAL@1200+CAP@1800
gauntlet/20261001-212327-scrim-b1z2b/losses/NotLLeon.v3__Backslash__botA.bc24,NotLLeon.v3,0,B,v3,1,2000,MORE_FLAG_CAPTURES,2,310,250,54,11,0,0,0,186,0,1520,720,0,10,919,949,0,0,78,413,807,806,ATK@600+HEAL@1200+CAP@1800
gauntlet/20261001-212327-scrim-b1z2b/losses/SampleProvider.TSPAARKSPRINT1__Snake__botB.bc24,SampleProvider.TSPAARKSPRINT1,0,A,TSPAARKSPRINT1,1,603,CAPTURE,3,398,265,22,0,3,52,0,193,2,9510,17870,0,3,372,771,45,25,2,70,63,73,ATK@600
gauntlet/20261001-212327-scrim-b1z2b/losses/SampleProvider.TSPAARKSPRINT1__Snake__botB.bc24,SampleProvider.TSPAARKSPRINT1,1,B,b1z2b,0,603,CAPTURE,0,-1,249,7,0,0,0,0,168,0,10460,181,0,0,656,622,24,0,273,261,73,63,ATK@600
gauntlet/20261001-212327-scrim-b1z2b/losses/NotLLeon.v3__Gated__botB.bc24,NotLLeon.v3,0,A,v3,1,2000,MORE_FLAG_CAPTURES,2,666,421,53,24,0,0,0,24,0,3180,2360,0,7,736,928,0,0,51,328,574,630,ATK@600+HEAL@1200+CAP@1800
gauntlet/20261001-212327-scrim-b1z2b/losses/NotLLeon.v3__Gated__botB.bc24,NotLLeon.v3,1,B,b1z2b,0,2000,MORE_FLAG_CAPTURES,0,-1,228,8,0,0,0,0,29,0,3030,90,0,3,748,1183,0,0,59,216,630,574,ATK@600+HEAL@1200+CAP@1800
gauntlet/20261001-212327-scrim-b1z2b/losses/NotLLeon.v3__Waterworld__botB.bc24,NotLLeon.v3,0,A,v3,1,2000,MORE_FLAG_CAPTURES,2,650,334,73,5,0,0,0,235,0,2950,2060,0,7,671,913,0,0,42,210,476,780,ATK@600+HEAL@1200+CAP@1800
gauntlet/20261001-212327-scrim-b1z2b/losses/NotLLeon.v3__Waterworld__botB.bc24,NotLLeon.v3,1,B,b1z2b,0,2000,MORE_FLAG_CAPTURES,0,-1,0,0,0,0,0,0,257,0,8590,220,0,4,831,998,5,0,115,367,780,476,ATK@600+HEAL@1200+CAP@1800
gauntlet/20261001-212327-scrim-b1z2b/losses/SampleProvider.TSPAARKSPRINT1__Soccer__botB.bc24,SampleProvider.TSPAARKSPRINT1,0,A,TSPAARKSPRINT1,1,675,CAPTURE,3,440,291,19,0,3,37,0,48,4,3560,400,0,4,566,1572,15,20,4,46,68,86,ATK@600
gauntlet/20261001-212327-scrim-b1z2b/losses/SampleProvider.TSPAARKSPRINT1__Soccer__botB.bc24,SampleProvider.TSPAARKSPRINT1,1,B,b1z2b,0,675,CAPTURE,2,634,254,9,0,0,0,0,18,0,4860,230,0,0,1070,1003,1,0,60,72,86,68,ATK@600
gauntlet/20261001-212327-scrim-b1z2b/losses/SampleProvider.TSPAARKSPRINT1__Waterworld__botA.bc24,SampleProvider.TSPAARKSPRINT1,1,A,b1z2b,0,1295,CAPTURE,2,907,237,27,0,0,0,0,250,0,8800,270,0,1,1021,797,4,0,123,255,460,123,ATK@600+HEAL@1200
gauntlet/20261001-212327-scrim-b1z2b/losses/SampleProvider.TSPAARKSPRINT1__Waterworld__botA.bc24,SampleProvider.TSPAARKSPRINT1,0,B,TSPAARKSPRINT1,1,1295,CAPTURE,3,391,290,30,0,3,30,0,494,8,680,20,0,23,461,1330,17,26,4,57,123,460,ATK@600+CAP@1200
gauntlet/20261001-212327-scrim-b1z2b/losses/Strequals.duck0127v5__Canals__botA.bc24,Strequals.duck0127v5,1,A,b1z2b,0,975,CAPTURE,0,-1,273,3,0,0,0,0,0,0,7000,290,0,21,891,1403,5,0,69,128,129,382,ATK@600
gauntlet/20261001-212327-scrim-b1z2b/losses/Strequals.duck0127v5__Canals__botA.bc24,Strequals.duck0127v5,0,B,duck0127v5,1,975,CAPTURE,3,522,319,20,0,0,0,90,50,7,3992,3017,18,8,1091,1370,0,3,112,354,382,129,ATK@600
gauntlet/20261001-212327-scrim-b1z2b/losses/Strequals.duck0127v5__MIT__botB.bc24,Strequals.duck0127v5,0,A,duck0127v5,1,788,CAPTURE,3,363,321,7,0,0,0,90,81,19,5238,27133,18,3,723,987,0,3,118,259,146,103,ATK@600
gauntlet/20261001-212327-scrim-b1z2b/losses/Strequals.duck0127v5__MIT__botB.bc24,Strequals.duck0127v5,1,B,b1z2b,0,788,CAPTURE,1,564,444,8,0,0,0,0,40,0,8400,278,0,18,741,962,4,0,249,240,103,146,ATK@600
gauntlet/20261001-212327-scrim-b1z2b/losses/Strequals.duck0127v5__Divergent__botB.bc24,Strequals.duck0127v5,0,A,duck0127v5,1,2000,LEVEL_SUM,0,-1,505,29,0,0,0,77,23,0,4282,3015,15,13,749,1051,0,2,50,217,389,257,ATK@600+HEAL@1200+CAP@1800
gauntlet/20261001-212327-scrim-b1z2b/losses/Strequals.duck0127v5__Divergent__botB.bc24,Strequals.duck0127v5,1,B,b1z2b,0,2000,LEVEL_SUM,0,-1,314,17,0,0,0,0,32,0,5140,210,0,3,686,1106,2,0,62,209,257,389,ATK@600+HEAL@1200+CAP@1800
gauntlet/20261001-212327-scrim-b1z2b/losses/andli28.v9_USQuals_angle__Canals__botA.bc24,andli28.v9_USQuals_angle,1,A,b1z2b,0,507,CAPTURE,0,-1,0,0,0,0,0,0,0,0,7000,260,0,15,872,1424,4,0,73,82,42,84,
gauntlet/20261001-212327-scrim-b1z2b/losses/andli28.v9_USQuals_angle__Canals__botA.bc24,andli28.v9_USQuals_angle,0,B,v9_USQuals_angle,1,507,CAPTURE,3,450,317,13,0,0,0,90,0,4,5345,4795,18,4,941,1144,14,2,87,130,84,42,
gauntlet/20261001-212327-scrim-b1z2b/losses/Strequals.duck0127v5__MazeRunner__botA.bc24,Strequals.duck0127v5,1,A,b1z2b,0,2000,MORE_FLAG_CAPTURES,1,431,357,21,0,0,0,0,130,0,1100,850,0,5,603,832,1,0,56,202,266,420,ATK@600+HEAL@1200+CAP@1800
gauntlet/20261001-212327-scrim-b1z2b/losses/Strequals.duck0127v5__MazeRunner__botA.bc24,Strequals.duck0127v5,0,B,duck0127v5,1,2000,MORE_FLAG_CAPTURES,2,1122,341,24,0,0,0,90,50,2,2540,3260,18,4,546,762,0,3,37,372,420,266,ATK@600+HEAL@1200+CAP@1800
gauntlet/20261001-212327-scrim-b1z2b/losses/Strequals.duck0127v5__Rainbow__botA.bc24,Strequals.duck0127v5,1,A,b1z2b,0,2000,MORE_FLAG_CAPTURES,0,-1,310,5,0,0,0,0,51,0,6870,240,0,0,810,1304,5,0,79,228,249,613,ATK@600+HEAL@1200+CAP@1800
gauntlet/20261001-212327-scrim-b1z2b/losses/Strequals.duck0127v5__Rainbow__botA.bc24,Strequals.duck0127v5,0,B,duck0127v5,1,2000,MORE_FLAG_CAPTURES,2,368,293,4,0,0,0,90,33,10,5888,5299,18,3,944,1285,0,3,94,375,613,249,ATK@600+HEAL@1200+CAP@1800
gauntlet/20261001-212327-scrim-b1z2b/losses/andli28.v9_USQuals_angle__EvilGrin__botB.bc24,andli28.v9_USQuals_angle,0,A,v9_USQuals_angle,1,1137,CAPTURE,3,439,317,23,0,0,0,87,37,5,1582,3082,18,13,973,1302,13,3,85,360,414,199,ATK@600
gauntlet/20261001-212327-scrim-b1z2b/losses/andli28.v9_USQuals_angle__EvilGrin__botB.bc24,andli28.v9_USQuals_angle,1,B,b1z2b,0,1137,CAPTURE,0,-1,378,6,0,0,0,0,52,0,2840,290,0,22,913,1284,3,0,48,123,199,414,ATK@600
gauntlet/20261001-212327-scrim-b1z2b/losses/andli28.v9_USQuals_angle__Battlecode24__botB.bc24,andli28.v9_USQuals_angle,0,A,v9_USQuals_angle,1,1929,CAPTURE,3,888,294,19,0,0,0,68,57,4,11386,22951,14,19,730,1071,16,2,69,453,573,322,ATK@600+HEAL@1200+CAP@1800
gauntlet/20261001-212327-scrim-b1z2b/losses/andli28.v9_USQuals_angle__Battlecode24__botB.bc24,andli28.v9_USQuals_angle,1,B,b1z2b,0,1929,CAPTURE,0,-1,557,1,0,0,0,0,68,0,12760,220,0,12,838,1204,13,0,165,297,322,573,ATK@600+HEAL@1200+CAP@1800
gauntlet/20261001-212327-scrim-b1z2b/losses/andli28.v9_USQuals_angle__HeMustBeFreed__botB.bc24,andli28.v9_USQuals_angle,0,A,v9_USQuals_angle,1,2000,LEVEL_SUM,1,802,309,29,0,0,0,83,86,7,647,2152,18,2,641,798,9,4,48,329,404,251,ATK@600+HEAL@1200+CAP@1800
gauntlet/20261001-212327-scrim-b1z2b/losses/andli28.v9_USQuals_angle__HeMustBeFreed__botB.bc24,andli28.v9_USQuals_angle,1,B,b1z2b,0,2000,LEVEL_SUM,1,821,246,4,0,0,0,0,150,0,3800,30,0,10,661,863,3,0,59,195,251,404,ATK@600+HEAL@1200+CAP@1800
gauntlet/20261001-212327-scrim-b1z2b/losses/andrewgopher.player22__ORV__botA.bc24,andrewgopher.player22,1,A,b1z2b,0,820,CAPTURE,0,-1,701,1,0,0,0,0,33,0,4610,210,0,21,1001,1491,1,0,67,108,316,279,ATK@600
gauntlet/20261001-212327-scrim-b1z2b/losses/andrewgopher.player22__ORV__botA.bc24,andrewgopher.player22,0,B,player22,1,820,CAPTURE,3,342,261,20,0,3,0,0,55,0,3950,100,0,0,1246,521,32,0,50,140,279,316,ATK@600
gauntlet/20261001-212327-scrim-b1z2b/losses/andli28.v9_USQuals_angle__Valentine__botA.bc24,andli28.v9_USQuals_angle,1,A,b1z2b,0,2000,MORE_FLAG_CAPTURES,0,-1,283,6,0,0,0,0,0,0,4200,220,0,6,867,1154,3,0,62,217,369,457,ATK@600+HEAL@1200+CAP@1800
gauntlet/20261001-212327-scrim-b1z2b/losses/andli28.v9_USQuals_angle__Valentine__botA.bc24,andli28.v9_USQuals_angle,0,B,v9_USQuals_angle,1,2000,MORE_FLAG_CAPTURES,1,934,406,23,0,0,0,90,0,6,2445,4160,18,2,910,1190,6,3,92,430,457,369,ATK@600+HEAL@1200+CAP@1800
gauntlet/20261001-212327-scrim-b1z2b/losses/andrewgopher.player22__Digging__botB.bc24,andrewgopher.player22,0,A,player22,1,1504,CAPTURE,3,365,325,20,0,3,0,0,26,0,2320,130,0,4,1194,952,1,0,56,377,968,650,ATK@600+HEAL@1200
gauntlet/20261001-212327-scrim-b1z2b/losses/andrewgopher.player22__Digging__botB.bc24,andrewgopher.player22,1,B,b1z2b,0,1504,CAPTURE,0,-1,0,0,0,0,0,0,15,0,2650,240,0,23,1012,1489,3,0,45,168,650,968,ATK@600+HEAL@1200
gauntlet/20261001-212327-scrim-b1z2b/losses/andrewgopher.player22__Mountain__botA.bc24,andrewgopher.player22,1,A,b1z2b,0,2000,MORE_FLAG_CAPTURES,0,-1,295,3,0,0,0,0,30,0,5600,230,0,25,981,1281,0,0,78,236,811,640,ATK@600+HEAL@1200+CAP@1800
gauntlet/20261001-212327-scrim-b1z2b/losses/andrewgopher.player22__Mountain__botA.bc24,andrewgopher.player22,0,B,player22,1,2000,MORE_FLAG_CAPTURES,1,629,594,7,0,3,0,0,42,0,5240,6270,0,6,1022,921,0,0,45,208,640,811,ATK@600+HEAL@1200+CAP@1800
gauntlet/20261001-212327-scrim-b1z2b/losses/andrewgopher.player22__StackGame__botB.bc24,andrewgopher.player22,0,A,player22,1,440,CAPTURE,3,325,297,12,0,3,0,0,50,0,5500,530,0,0,1258,813,6,0,76,74,93,124,
gauntlet/20261001-212327-scrim-b1z2b/losses/andrewgopher.player22__StackGame__botB.bc24,andrewgopher.player22,1,B,b1z2b,0,440,CAPTURE,0,-1,0,0,0,0,0,0,30,0,6100,300,0,12,1161,1464,0,0,79,73,124,93,
gauntlet/20261001-212327-scrim-b1z2b/losses/andrewgopher.player22__TwistedTreeline__botB.bc24,andrewgopher.player22,0,A,player22,1,1630,CAPTURE,3,357,277,23,1,3,0,0,69,0,2730,50,0,1,1083,412,6,0,42,171,410,742,ATK@600+HEAL@1200
gauntlet/20261001-212327-scrim-b1z2b/losses/andrewgopher.player22__TwistedTreeline__botB.bc24,andrewgopher.player22,1,B,b1z2b,0,1630,CAPTURE,2,743,275,11,0,0,0,0,67,0,2790,250,0,0,907,1286,1,0,44,231,742,410,ATK@600+HEAL@1200
gauntlet/20261001-212327-scrim-b1z2b/losses/chenyx512.flagbot_final__AceOfSpades__botB.bc24,chenyx512.flagbot_final,0,A,flagbot_final,1,544,CAPTURE,3,437,227,11,0,3,27,90,86,0,297,16247,18,16,1058,1401,0,0,201,230,131,17,
gauntlet/20261001-212327-scrim-b1z2b/losses/chenyx512.flagbot_final__AceOfSpades__botB.bc24,chenyx512.flagbot_final,1,B,b1z2b,0,544,CAPTURE,1,278,234,5,0,0,0,0,18,0,3660,240,0,7,778,1127,1,0,60,71,17,131,
gauntlet/20261001-212327-scrim-b1z2b/losses/chenyx512.flagbot_final__Skyline__botB.bc24,chenyx512.flagbot_final,0,A,flagbot_final,1,1159,CAPTURE,3,495,468,15,0,3,57,90,266,11,14326,13076,18,3,923,1444,0,0,199,507,745,89,ATK@600
gauntlet/20261001-212327-scrim-b1z2b/losses/chenyx512.flagbot_final__Skyline__botB.bc24,chenyx512.flagbot_final,1,B,b1z2b,0,1159,CAPTURE,2,602,340,8,0,0,0,0,104,0,20880,225,0,12,877,1168,12,0,206,290,89,745,ATK@600
gauntlet/20261001-212327-scrim-b1z2b/losses/chenyx512.flagbot_final__Racetrack__botA.bc24,chenyx512.flagbot_final,1,A,b1z2b,0,1228,CAPTURE,0,-1,0,0,0,0,0,0,75,0,150,320,0,4,1000,1547,0,0,20,88,148,572,ATK@600+HEAL@1200
gauntlet/20261001-212327-scrim-b1z2b/losses/chenyx512.flagbot_final__Racetrack__botA.bc24,chenyx512.flagbot_final,0,B,flagbot_final,1,1228,CAPTURE,3,658,596,25,0,3,19,41,58,0,33,16,6,6,901,1499,0,0,0,187,572,148,ATK@600+HEAL@1200
gauntlet/20261001-212327-scrim-b1z2b/losses/chenyx512.flagbot_final__Swoop__botA.bc24,chenyx512.flagbot_final,1,A,b1z2b,0,905,CAPTURE,2,723,247,15,0,0,0,0,63,0,4810,280,0,21,935,1400,2,0,61,111,45,321,ATK@600
gauntlet/20261001-212327-scrim-b1z2b/losses/chenyx512.flagbot_final__Swoop__botA.bc24,chenyx512.flagbot_final,0,B,flagbot_final,1,905,CAPTURE,3,555,377,14,0,3,35,90,161,2,453,13,18,16,1054,1669,0,0,49,224,321,45,ATK@600
gauntlet/20261001-212327-scrim-b1z2b/losses/chenyx512.flagbot_final__Divergent__botB.bc24,chenyx512.flagbot_final,0,A,flagbot_final,1,2000,MORE_FLAG_CAPTURES,2,483,399,5,0,3,26,90,145,0,413,343,18,3,935,1461,0,0,49,536,1025,164,ATK@600+HEAL@1200+CAP@1800
gauntlet/20261001-212327-scrim-b1z2b/losses/chenyx512.flagbot_final__Divergent__botB.bc24,chenyx512.flagbot_final,1,B,b1z2b,0,2000,MORE_FLAG_CAPTURES,0,-1,0,0,0,0,0,0,35,0,5050,250,0,11,814,1384,3,0,61,212,164,1025,ATK@600+HEAL@1200+CAP@1800
gauntlet/20261001-212327-scrim-b1z2b/losses/clbarrell.duck8__AceOfSpades__botB.bc24,clbarrell.duck8,0,A,duck8,1,384,CAPTURE,3,282,230,6,0,0,0,0,17,30,30,12360,2,1,767,690,7,0,228,147,56,52,
gauntlet/20261001-212327-scrim-b1z2b/losses/clbarrell.duck8__AceOfSpades__botB.bc24,clbarrell.duck8,1,B,b1z2b,0,384,CAPTURE,1,287,251,2,0,0,0,0,11,0,3870,290,0,1,777,811,2,0,57,53,52,56,
gauntlet/20261001-212327-scrim-b1z2b/losses/chenyx512.flagbot_final__Tunnels__botB.bc24,chenyx512.flagbot_final,0,A,flagbot_final,1,2000,MORE_FLAG_CAPTURES,2,1539,837,40,0,3,27,90,121,0,36,726,18,5,668,1186,0,0,34,432,573,379,ATK@600+HEAL@1200+CAP@1800
gauntlet/20261001-212327-scrim-b1z2b/losses/chenyx512.flagbot_final__Tunnels__botB.bc24,chenyx512.flagbot_final,1,B,b1z2b,0,2000,MORE_FLAG_CAPTURES,0,-1,0,0,0,0,0,0,63,0,2910,210,0,19,788,1284,0,0,53,207,379,573,ATK@600+HEAL@1200+CAP@1800
gauntlet/20261001-212327-scrim-b1z2b/losses/hsmalladi.finalbot__AceOfSpades__botA.bc24,hsmalladi.finalbot,1,A,b1z2b,0,318,CAPTURE,0,-1,0,0,0,0,0,0,10,0,3900,300,0,0,467,648,1,0,55,51,18,39,
gauntlet/20261001-212327-scrim-b1z2b/losses/hsmalladi.finalbot__AceOfSpades__botA.bc24,hsmalladi.finalbot,0,B,finalbot,1,318,CAPTURE,3,297,227,12,4,3,14,60,27,0,2495,10845,12,2,656,581,3,3,190,151,39,18,
gauntlet/20261001-212327-scrim-b1z2b/losses/dmtrung14.defaultplayer_intlqualifier__KingQuacksCastle__botB.bc24,dmtrung14.defaultplayer_intlqualifier,0,A,defaultplayer_intlqualifier,1,476,CAPTURE,3,286,253,36,29,3,16,0,36,9,1420,2460,0,9,328,776,6,25,9,46,23,117,
gauntlet/20261001-212327-scrim-b1z2b/losses/dmtrung14.defaultplayer_intlqualifier__KingQuacksCastle__botB.bc24,dmtrung14.defaultplayer_intlqualifier,1,B,b1z2b,0,476,CAPTURE,1,395,261,6,0,0,0,0,29,0,3130,20,0,1,1180,472,2,0,43,40,117,23,
gauntlet/20261001-212327-scrim-b1z2b/losses/clbarrell.duck8__GaltonBoard__botB.bc24,clbarrell.duck8,0,A,duck8,1,2000,MORE_FLAG_CAPTURES,1,423,270,5,0,0,0,0,3,22,50,29650,3,10,899,1268,1,0,173,483,532,1024,ATK@750+HEAL@1500
gauntlet/20261001-212327-scrim-b1z2b/losses/clbarrell.duck8__GaltonBoard__botB.bc24,clbarrell.duck8,1,B,b1z2b,0,2000,MORE_FLAG_CAPTURES,0,-1,0,0,0,0,0,0,12,0,2040,240,0,3,1164,1267,0,0,53,209,1024,532,ATK@600+HEAL@1200+CAP@1800
gauntlet/20261001-212327-scrim-b1z2b/losses/clbarrell.duck8__QuestionableChess__botB.bc24,clbarrell.duck8,0,A,duck8,1,1418,CAPTURE,3,288,215,25,0,0,0,0,24,16,30,20,2,4,961,1083,1,0,40,169,366,617,ATK@750
gauntlet/20261001-212327-scrim-b1z2b/losses/clbarrell.duck8__QuestionableChess__botB.bc24,clbarrell.duck8,1,B,b1z2b,0,1418,CAPTURE,1,649,586,2,0,0,0,0,69,0,330,260,0,2,1083,1217,0,0,10,122,617,366,ATK@600+HEAL@1200
gauntlet/20261001-212327-scrim-b1z2b/losses/hsmalladi.finalbot__HeMustBeFreed__botB.bc24,hsmalladi.finalbot,0,A,finalbot,1,2000,MORE_FLAG_CAPTURES,2,1052,665,22,2,3,22,49,182,0,2105,2079,9,2,655,769,2,3,84,286,272,332,ATK@600+HEAL@1200+CAP@1800
gauntlet/20261001-212327-scrim-b1z2b/losses/hsmalladi.finalbot__HeMustBeFreed__botB.bc24,hsmalladi.finalbot,1,B,b1z2b,0,2000,MORE_FLAG_CAPTURES,1,703,350,9,0,0,0,0,144,0,3980,210,0,5,544,1008,2,0,47,200,332,272,ATK@600+HEAL@1200+CAP@1800
gauntlet/20261001-212327-scrim-b1z2b/losses/hsmalladi.finalbot__Fountain__botB.bc24,hsmalladi.finalbot,0,A,finalbot,1,1768,CAPTURE,3,703,670,35,4,3,34,24,42,0,2214,95,4,0,399,429,0,2,29,209,475,654,ATK@600+HEAL@1200
gauntlet/20261001-212327-scrim-b1z2b/losses/hsmalladi.finalbot__Fountain__botB.bc24,hsmalladi.finalbot,1,B,b1z2b,0,1768,CAPTURE,0,-1,346,10,0,0,0,0,42,0,2840,290,0,4,369,640,0,0,53,175,654,475,ATK@600+HEAL@1200
gauntlet/20261001-212327-scrim-b1z2b/losses/hsmalladi.finalbot__WheresMyWater__botA.bc24,hsmalladi.finalbot,1,A,b1z2b,0,400,CAPTURE,1,396,382,1,0,0,0,0,59,0,3630,210,0,0,944,1436,0,0,54,50,49,50,
gauntlet/20261001-212327-scrim-b1z2b/losses/hsmalladi.finalbot__WheresMyWater__botA.bc24,hsmalladi.finalbot,0,B,finalbot,1,400,CAPTURE,3,258,228,8,1,3,14,32,74,3,2332,92,6,8,1101,1019,5,1,58,58,50,49,
gauntlet/20261001-212327-scrim-b1z2b/losses/hsmalladi.finalbot__ORV__botB.bc24,hsmalladi.finalbot,0,A,finalbot,1,976,CAPTURE,3,494,285,47,22,3,24,60,45,0,3321,146,12,2,1001,1183,8,2,74,140,215,282,ATK@600
gauntlet/20261001-212327-scrim-b1z2b/losses/hsmalladi.finalbot__ORV__botB.bc24,hsmalladi.finalbot,1,B,b1z2b,0,976,CAPTURE,1,600,402,4,0,0,0,0,33,0,4610,210,0,7,929,1511,2,0,80,156,282,215,ATK@600
gauntlet/20261001-212327-scrim-b1z2b/losses/hsmalladi.finalbot__WheresMyWater__botB.bc24,hsmalladi.finalbot,0,A,finalbot,1,1163,CAPTURE,3,265,237,30,8,3,28,36,90,5,1593,83,7,0,1147,1297,3,2,45,151,337,405,ATK@600
gauntlet/20261001-212327-scrim-b1z2b/losses/hsmalladi.finalbot__WheresMyWater__botB.bc24,hsmalladi.finalbot,1,B,b1z2b,0,1163,CAPTURE,1,912,487,6,0,0,0,0,41,0,4170,260,0,18,1083,1630,0,0,78,203,405,337,ATK@600
gauntlet/20261001-212327-scrim-b1z2b/losses/jmerle.camel_case_v21_final__Battlecode24__botA.bc24,jmerle.camel_case_v21_final,1,A,b1z2b,0,688,CAPTURE,0,-1,412,1,0,0,0,0,74,0,12580,270,0,6,651,959,8,0,167,188,213,257,ATK@600
gauntlet/20261001-212327-scrim-b1z2b/losses/jmerle.camel_case_v21_final__Battlecode24__botA.bc24,jmerle.camel_case_v21_final,0,B,camel_case_v21_final,1,688,CAPTURE,3,330,278,6,0,0,0,0,97,0,9090,15780,0,2,1142,360,0,0,230,329,257,213,ATK@600
gauntlet/20261001-212327-scrim-b1z2b/losses/jmerle.camel_case_v21_final__Canals__botA.bc24,jmerle.camel_case_v21_final,1,A,b1z2b,0,716,CAPTURE,0,-1,520,1,0,0,0,0,0,0,7000,260,0,0,725,914,5,0,76,108,233,291,ATK@600
gauntlet/20261001-212327-scrim-b1z2b/losses/jmerle.camel_case_v21_final__Canals__botA.bc24,jmerle.camel_case_v21_final,0,B,camel_case_v21_final,1,716,CAPTURE,3,315,277,12,0,0,0,0,0,0,7000,2640,0,1,1466,457,0,0,124,192,291,233,ATK@600
gauntlet/20261001-212327-scrim-b1z2b/losses/jmerle.camel_case_v21_final__Fountain__botA.bc24,jmerle.camel_case_v21_final,1,A,b1z2b,0,480,CAPTURE,0,-1,307,3,0,0,0,0,46,0,2720,230,0,3,962,1398,1,0,47,50,135,81,
gauntlet/20261001-212327-scrim-b1z2b/losses/jmerle.camel_case_v21_final__Fountain__botA.bc24,jmerle.camel_case_v21_final,0,B,camel_case_v21_final,1,480,CAPTURE,3,361,291,5,0,0,0,0,24,0,2980,40,0,7,1161,483,0,0,26,36,81,135,
gauntlet/20261001-212327-scrim-b1z2b/losses/jmerle.camel_case_v21_final__YearOfTheDragon__botA.bc24,jmerle.camel_case_v21_final,1,A,b1z2b,0,548,CAPTURE,0,-1,286,5,0,0,0,0,11,0,12870,260,0,2,795,1043,16,0,120,141,149,140,
gauntlet/20261001-212327-scrim-b1z2b/losses/jmerle.camel_case_v21_final__YearOfTheDragon__botA.bc24,jmerle.camel_case_v21_final,0,B,camel_case_v21_final,1,548,CAPTURE,3,290,238,6,0,0,0,0,9,2,12730,6340,0,0,1190,397,0,0,149,185,140,149,
gauntlet/20261001-212327-scrim-b1z2b/losses/jmerle.camel_case_v21_final__StackGame__botA.bc24,jmerle.camel_case_v21_final,1,A,b1z2b,0,389,CAPTURE,0,-1,308,2,0,0,0,0,32,0,6040,240,0,17,850,1070,0,0,79,73,74,101,
gauntlet/20261001-212327-scrim-b1z2b/losses/jmerle.camel_case_v21_final__StackGame__botA.bc24,jmerle.camel_case_v21_final,0,B,camel_case_v21_final,1,389,CAPTURE,3,299,250,4,0,0,0,0,30,6,5500,1880,0,4,1288,546,0,0,102,93,101,74,
gauntlet/20261001-212327-scrim-b1z2b/losses/jmerle.camel_case_v21_final__Swoop__botA.bc24,jmerle.camel_case_v21_final,1,A,b1z2b,0,474,CAPTURE,0,-1,272,4,0,0,0,0,75,0,4450,190,0,14,828,1127,2,0,59,58,95,119,
gauntlet/20261001-212327-scrim-b1z2b/losses/jmerle.camel_case_v21_final__Swoop__botA.bc24,jmerle.camel_case_v21_final,0,B,camel_case_v21_final,1,474,CAPTURE,3,294,240,6,0,0,0,0,38,0,5560,2660,0,3,1241,605,0,0,92,107,119,95,
gauntlet/20261001-212327-scrim-b1z2b/losses/quesswho.cretplayer2_3__AceOfSpades__botA.bc24,quesswho.cretplayer2_3,1,A,b1z2b,0,662,CAPTURE,0,-1,230,16,0,0,0,0,12,0,3840,210,0,0,934,1038,1,0,62,77,128,152,ATK@600
gauntlet/20261001-212327-scrim-b1z2b/losses/quesswho.cretplayer2_3__AceOfSpades__botA.bc24,quesswho.cretplayer2_3,0,B,cretplayer2_3,1,662,CAPTURE,3,359,229,7,0,3,18,0,14,0,3780,11580,0,2,957,1005,0,3,229,250,152,128,ATK@600
gauntlet/20261001-212327-scrim-b1z2b/losses/quesswho.cretplayer2_3__ORV__botA.bc24,quesswho.cretplayer2_3,1,A,b1z2b,0,1248,CAPTURE,1,536,306,12,0,0,0,0,34,0,4580,210,0,2,921,997,3,0,66,135,400,410,ATK@600+HEAL@1200
gauntlet/20261001-212327-scrim-b1z2b/losses/quesswho.cretplayer2_3__ORV__botA.bc24,quesswho.cretplayer2_3,0,B,cretplayer2_3,1,1248,CAPTURE,3,459,240,21,0,3,17,0,28,0,4760,990,0,4,870,873,0,8,97,230,410,400,ATK@600+HEAL@1200
gauntlet/20261001-212327-scrim-b1z2b/losses/winkelmantanner.waffle__Islands__botB.bc24,winkelmantanner.waffle,0,A,waffle,1,700,CAPTURE,3,290,231,28,0,0,0,0,47,60,938,658,4,9,989,1074,0,0,85,109,84,254,ATK@600
gauntlet/20261001-212327-scrim-b1z2b/losses/winkelmantanner.waffle__Islands__botB.bc24,winkelmantanner.waffle,1,B,b1z2b,0,700,CAPTURE,2,354,326,2,0,0,0,0,85,0,5650,210,0,1,1177,1471,6,0,70,110,254,84,ATK@600
gauntlet/20261001-212327-scrim-b1z2b/losses/winkelmantanner.waffle__Puzzle__botA.bc24,winkelmantanner.waffle,1,A,b1z2b,0,589,CAPTURE,0,-1,455,3,0,0,0,0,3,0,2310,1360,0,5,803,861,2,0,115,124,129,77,
gauntlet/20261001-212327-scrim-b1z2b/losses/winkelmantanner.waffle__Puzzle__botA.bc24,winkelmantanner.waffle,0,B,waffle,1,589,CAPTURE,3,430,271,17,0,0,0,0,0,3,2100,6090,0,4,648,724,0,0,153,173,77,129,
gauntlet/20261001-212327-scrim-b1z2b/losses/winkelmantanner.waffle__Funnel__botB.bc24,winkelmantanner.waffle,0,A,waffle,1,1444,CAPTURE,3,376,267,13,0,0,0,0,8,35,880,930,1,4,964,1138,0,0,87,196,255,505,ATK@600+HEAL@1200
gauntlet/20261001-212327-scrim-b1z2b/losses/winkelmantanner.waffle__Funnel__botB.bc24,winkelmantanner.waffle,1,B,b1z2b,0,1444,CAPTURE,1,553,437,6,0,0,0,0,40,0,3400,230,0,1,1009,1315,3,0,69,213,505,255,ATK@600+HEAL@1200
gauntlet/20261001-212327-scrim-b1z2b/losses/winkelmantanner.waffle__Mountain__botB.bc24,winkelmantanner.waffle,0,A,waffle,1,1289,CAPTURE,3,369,266,17,0,0,0,0,14,12,4880,2610,0,9,999,820,0,0,92,183,279,635,ATK@600+HEAL@1200
gauntlet/20261001-212327-scrim-b1z2b/losses/winkelmantanner.waffle__Mountain__botB.bc24,winkelmantanner.waffle,1,B,b1z2b,0,1289,CAPTURE,0,-1,1247,2,0,0,0,0,32,0,5540,220,0,0,955,1259,0,0,76,162,635,279,ATK@600+HEAL@1200
gauntlet/20261001-212327-scrim-b1z2b/losses/kyleezz.jeeryfix3__Klein__botB.bc24,kyleezz.jeeryfix3,0,A,jeeryfix3,1,2000,MORE_FLAG_CAPTURES,2,240,214,20,0,0,0,0,245,0,1350,220,0,9,901,774,0,0,35,235,471,1203,ATK@600+CAP@1200+HEAL@1800
gauntlet/20261001-212327-scrim-b1z2b/losses/kyleezz.jeeryfix3__Klein__botB.bc24,kyleezz.jeeryfix3,1,B,b1z2b,0,2000,MORE_FLAG_CAPTURES,1,1555,1432,5,0,0,0,0,130,0,5100,250,0,1,940,1149,0,0,62,318,1203,471,ATK@600+HEAL@1200+CAP@1800
gauntlet/20261001-212327-scrim-b1z2b/losses/winkelmantanner.waffle__Tunnels__botB.bc24,winkelmantanner.waffle,0,A,waffle,1,2000,MORE_FLAG_CAPTURES,2,316,273,6,0,0,0,0,41,8,2770,1330,0,8,771,634,0,0,60,234,362,928,ATK@600+HEAL@1200+CAP@1800
gauntlet/20261001-212327-scrim-b1z2b/losses/winkelmantanner.waffle__Tunnels__botB.bc24,winkelmantanner.waffle,1,B,b1z2b,0,2000,MORE_FLAG_CAPTURES,1,440,402,1,0,0,0,0,62,0,2940,210,0,8,998,1093,0,0,59,221,928,362,ATK@600+HEAL@1200+CAP@1800
gauntlet/20261001-212327-scrim-b1z2b/replays/CyrilSharma.finalBot__Racetrack__botB.bc24,CyrilSharma.finalBot,0,A,finalBot,0,2000,LEVEL_SUM,2,1358,1289,15,0,0,0,17,44,0,746,24,2,4,857,1251,0,0,5,251,476,833,ATK@600+HEAL@1200+CAP@1800
gauntlet/20261001-212327-scrim-b1z2b/replays/CyrilSharma.finalBot__Racetrack__botB.bc24,CyrilSharma.finalBot,1,B,b1z2b,1,2000,LEVEL_SUM,2,1353,1308,11,0,0,0,0,69,0,330,270,0,3,1197,1546,0,0,26,218,833,476,ATK@600+HEAL@1200+CAP@1800
gauntlet/20261001-212327-scrim-b1z2b/replays/SampleProvider.TSPAARKSPRINT1__QuestionableChess__botB.bc24,SampleProvider.TSPAARKSPRINT1,0,A,TSPAARKSPRINT1,0,1070,CAPTURE,1,628,255,26,0,3,0,0,79,0,30,20,0,13,734,1628,0,6,0,23,92,257,ATK@600
gauntlet/20261001-212327-scrim-b1z2b/replays/SampleProvider.TSPAARKSPRINT1__QuestionableChess__botB.bc24,SampleProvider.TSPAARKSPRINT1,1,B,b1z2b,1,1070,CAPTURE,3,286,240,34,0,0,0,0,75,0,150,190,0,16,1085,1131,0,0,14,97,257,92,ATK@600
gauntlet/20261001-212327-scrim-b1z2b/replays/IvanGeffner.kuma__EndAround__botA.bc24,IvanGeffner.kuma,1,A,b1z2b,1,2000,LEVEL_SUM,0,-1,0,0,0,0,0,0,69,0,2530,230,0,6,581,840,2,0,59,191,346,479,ATK@600+HEAL@1200+CAP@1800
gauntlet/20261001-212327-scrim-b1z2b/replays/IvanGeffner.kuma__EndAround__botA.bc24,IvanGeffner.kuma,0,B,kuma,0,2000,LEVEL_SUM,0,-1,318,66,40,0,0,90,60,0,1666,2986,18,9,702,741,5,0,58,469,479,346,ATK@600+HEAL@1200+CAP@1800
gauntlet/20261001-212327-scrim-b1z2b/replays/SampleProvider.TSPAARKSPRINT1__Foxes__botB.bc24,SampleProvider.TSPAARKSPRINT1,0,A,TSPAARKSPRINT1,0,2000,LEVEL_SUM,1,1438,276,47,0,3,61,0,30,4,8600,2090,0,5,554,1052,37,32,7,155,264,596,ATK@600+CAP@1200+HEAL@1800
gauntlet/20261001-212327-scrim-b1z2b/replays/SampleProvider.TSPAARKSPRINT1__Foxes__botB.bc24,SampleProvider.TSPAARKSPRINT1,1,B,b1z2b,1,2000,LEVEL_SUM,1,1935,249,33,0,0,0,0,19,0,9330,220,0,1,874,757,3,0,106,335,596,264,ATK@600+HEAL@1200+CAP@1800
gauntlet/20261001-212327-scrim-b1z2b/replays/SampleProvider.TSPAARKSPRINT1__WheresMyWater__botA.bc24,SampleProvider.TSPAARKSPRINT1,1,A,b1z2b,1,1587,CAPTURE,3,300,247,17,0,0,0,0,54,0,3780,230,0,22,1323,1152,2,0,59,209,797,107,ATK@600+HEAL@1200
gauntlet/20261001-212327-scrim-b1z2b/replays/SampleProvider.TSPAARKSPRINT1__WheresMyWater__botA.bc24,SampleProvider.TSPAARKSPRINT1,0,B,TSPAARKSPRINT1,0,1587,CAPTURE,1,379,331,49,0,3,0,0,172,2,40,20,0,4,647,1798,2,23,1,59,107,797,ATK@600+CAP@1200
gauntlet/20261001-212327-scrim-b1z2b/replays/andli28.v9_USQuals_angle__Joker__botB.bc24,andli28.v9_USQuals_angle,0,A,v9_USQuals_angle,0,2000,LEVEL_SUM,1,597,328,27,0,0,0,87,1,4,15185,23535,18,14,868,1062,17,2,75,541,561,299,ATK@600+HEAL@1200+CAP@1800
gauntlet/20261001-212327-scrim-b1z2b/replays/andli28.v9_USQuals_angle__Joker__botB.bc24,andli28.v9_USQuals_angle,1,B,b1z2b,1,2000,LEVEL_SUM,1,780,230,20,0,0,0,0,3,0,16810,240,0,10,1009,1340,9,0,213,366,299,561,ATK@600+HEAL@1200+CAP@1800
gauntlet/20261001-212327-scrim-b1z2b/replays/awu7.ExplosiveBot__BedWars__botA.bc24,awu7.ExplosiveBot,1,A,b1z2b,1,786,CAPTURE,3,388,342,7,0,0,0,0,0,0,4800,130,0,11,293,352,3,0,30,32,175,35,ATK@600
gauntlet/20261001-212327-scrim-b1z2b/replays/awu7.ExplosiveBot__BedWars__botA.bc24,awu7.ExplosiveBot,0,B,ExplosiveBot,0,786,CAPTURE,0,-1,396,1,0,0,0,0,0,12,2700,30,0,5,181,62,19,0,3,19,35,175,ATK@600
gauntlet/20261001-212327-scrim-b1z2b/replays/awu7.ExplosiveBot__DefaultLarge__botB.bc24,awu7.ExplosiveBot,0,A,ExplosiveBot,0,986,CAPTURE,0,-1,261,17,12,0,0,0,85,12,150,90,0,19,733,616,20,0,18,81,101,636,ATK@600
gauntlet/20261001-212327-scrim-b1z2b/replays/awu7.ExplosiveBot__DefaultLarge__botB.bc24,awu7.ExplosiveBot,1,B,b1z2b,1,986,CAPTURE,3,725,375,17,0,0,0,0,55,0,2550,280,0,0,1266,1484,3,0,82,206,636,101,ATK@600
gauntlet/20261001-212327-scrim-b1z2b/replays/awu7.ExplosiveBot__OceanFloor__botA.bc24,awu7.ExplosiveBot,1,A,b1z2b,1,1874,CAPTURE,3,324,224,25,0,0,0,0,36,0,2720,300,0,3,1095,1141,3,0,62,622,1646,181,ATK@600+HEAL@1200+CAP@1800
gauntlet/20261001-212327-scrim-b1z2b/replays/awu7.ExplosiveBot__OceanFloor__botA.bc24,awu7.ExplosiveBot,0,B,ExplosiveBot,0,1874,CAPTURE,1,576,215,20,10,0,0,0,83,10,210,90,0,11,704,469,5,0,16,104,181,1646,ATK@600+HEAL@1200
gauntlet/20261001-212327-scrim-b1z2b/replays/awu7.ExplosiveBot__BedWars__botB.bc24,awu7.ExplosiveBot,0,A,ExplosiveBot,0,1027,CAPTURE,0,-1,619,2,0,0,0,0,0,11,2900,20,0,3,93,106,18,0,3,15,61,296,ATK@600
gauntlet/20261001-212327-scrim-b1z2b/replays/awu7.ExplosiveBot__BedWars__botB.bc24,awu7.ExplosiveBot,1,B,b1z2b,1,1027,CAPTURE,3,526,349,8,0,0,0,0,0,0,4800,10,0,13,101,106,2,0,30,47,296,61,ATK@600
gauntlet/20261001-212327-scrim-b1z2b/replays/awu7.ExplosiveBot__Diagonal__botA.bc24,awu7.ExplosiveBot,1,A,b1z2b,1,2000,MORE_FLAG_CAPTURES,1,420,293,5,0,0,0,0,24,0,6780,230,0,7,927,1021,8,0,87,286,789,130,ATK@600+HEAL@1200+CAP@1800
gauntlet/20261001-212327-scrim-b1z2b/replays/awu7.ExplosiveBot__Diagonal__botA.bc24,awu7.ExplosiveBot,0,B,ExplosiveBot,0,2000,MORE_FLAG_CAPTURES,0,-1,283,5,1,0,0,0,42,9,5340,5840,0,11,632,475,0,0,11,80,130,789,ATK@600+HEAL@1200
gauntlet/20261001-212327-scrim-b1z2b/replays/andrewgopher.player22__Diagonal__botA.bc24,andrewgopher.player22,1,A,b1z2b,1,2000,LEVEL_SUM,0,-1,321,6,0,0,0,0,26,0,6720,270,0,4,697,970,8,0,75,189,253,184,ATK@600+HEAL@1200+CAP@1800
gauntlet/20261001-212327-scrim-b1z2b/replays/andrewgopher.player22__Diagonal__botA.bc24,andrewgopher.player22,0,B,player22,0,2000,LEVEL_SUM,0,-1,300,13,0,3,0,0,36,0,6420,240,0,0,673,321,25,0,37,139,184,253,ATK@600+HEAL@1200+CAP@1800
gauntlet/20261001-212327-scrim-b1z2b/replays/awu7.ExplosiveBot__Randy__botB.bc24,awu7.ExplosiveBot,0,A,ExplosiveBot,0,1498,CAPTURE,1,465,210,69,43,0,0,0,6,6,4720,5770,0,18,714,650,25,0,15,137,214,1078,ATK@600+HEAL@1200
gauntlet/20261001-212327-scrim-b1z2b/replays/awu7.ExplosiveBot__Randy__botB.bc24,awu7.ExplosiveBot,1,B,b1z2b,1,1498,CAPTURE,3,377,331,14,0,0,0,0,6,0,5620,10,0,20,1207,1320,0,0,73,276,1078,214,ATK@600+HEAL@1200
gauntlet/20261001-212327-scrim-b1z2b/replays/clbarrell.duck8__OceanFloor__botB.bc24,clbarrell.duck8,0,A,duck8,0,663,CAPTURE,2,291,236,5,0,0,0,0,21,30,190,80,3,12,749,813,1,0,53,63,76,151,
gauntlet/20261001-212327-scrim-b1z2b/replays/clbarrell.duck8__OceanFloor__botB.bc24,clbarrell.duck8,1,B,b1z2b,1,663,CAPTURE,3,531,386,4,0,0,0,0,42,0,2540,270,0,1,915,1035,2,0,50,70,151,76,ATK@600
gauntlet/20261001-212327-scrim-b1z2b/replays/clbarrell.duck8__Foxes__botB.bc24,clbarrell.duck8,0,A,duck8,0,1161,CAPTURE,2,854,528,10,0,0,0,0,10,55,2620,420,3,7,913,1250,16,0,89,192,174,447,ATK@750
gauntlet/20261001-212327-scrim-b1z2b/replays/clbarrell.duck8__Foxes__botB.bc24,clbarrell.duck8,1,B,b1z2b,1,1161,CAPTURE,3,818,740,3,0,0,0,0,19,0,9330,280,0,9,1122,1316,9,0,96,191,447,174,ATK@600
gauntlet/20261001-212327-scrim-b1z2b/replays/dmtrung14.defaultplayer_intlqualifier__BreadPudding__botA.bc24,dmtrung14.defaultplayer_intlqualifier,1,A,b1z2b,1,959,CAPTURE,3,613,307,30,0,0,0,0,41,0,3770,240,0,22,1387,686,1,0,49,80,453,68,ATK@600
gauntlet/20261001-212327-scrim-b1z2b/replays/dmtrung14.defaultplayer_intlqualifier__BreadPudding__botA.bc24,dmtrung14.defaultplayer_intlqualifier,0,B,defaultplayer_intlqualifier,0,959,CAPTURE,2,336,249,28,22,3,13,0,51,14,1470,2270,0,3,440,828,6,10,7,54,68,453,ATK@600
gauntlet/20261001-212327-scrim-b1z2b/replays/clbarrell.duck8__Pancakes__botB.bc24,clbarrell.duck8,0,A,duck8,0,1383,CAPTURE,0,-1,257,8,0,0,0,0,0,22,70,80,2,15,720,1002,2,0,84,161,158,462,ATK@750
gauntlet/20261001-212327-scrim-b1z2b/replays/clbarrell.duck8__Pancakes__botB.bc24,clbarrell.duck8,1,B,b1z2b,1,1383,CAPTURE,3,274,228,5,0,0,0,0,16,0,1920,240,0,14,1161,1198,0,0,71,137,462,158,ATK@600+HEAL@1200
gauntlet/20261001-212327-scrim-b1z2b/replays/dmtrung14.defaultplayer_intlqualifier__Battlecode24__botA.bc24,dmtrung14.defaultplayer_intlqualifier,1,A,b1z2b,1,1710,CAPTURE,3,766,245,17,0,0,0,0,71,0,12670,296,0,15,1085,409,17,0,209,153,450,28,ATK@600+HEAL@1200
gauntlet/20261001-212327-scrim-b1z2b/replays/dmtrung14.defaultplayer_intlqualifier__Battlecode24__botA.bc24,dmtrung14.defaultplayer_intlqualifier,0,B,defaultplayer_intlqualifier,0,1710,CAPTURE,0,-1,452,5,0,3,19,0,130,17,6200,13310,0,2,246,748,5,21,11,68,28,450,ATK@600+HEAL@1200
gauntlet/20261001-212327-scrim-b1z2b/replays/dmtrung14.defaultplayer_intlqualifier__DefaultLarge__botA.bc24,dmtrung14.defaultplayer_intlqualifier,1,A,b1z2b,1,1359,CAPTURE,3,474,334,19,0,0,0,0,53,0,2610,170,0,4,1315,456,0,0,56,109,623,47,ATK@600+HEAL@1200
gauntlet/20261001-212327-scrim-b1z2b/replays/dmtrung14.defaultplayer_intlqualifier__DefaultLarge__botA.bc24,dmtrung14.defaultplayer_intlqualifier,0,B,defaultplayer_intlqualifier,0,1359,CAPTURE,0,-1,309,38,31,3,15,0,66,16,20,3420,0,3,367,891,6,37,19,90,47,623,ATK@600+HEAL@1200
gauntlet/20261001-212327-scrim-b1z2b/replays/dmtrung14.defaultplayer_intlqualifier__QueenOfHearts__botA.bc24,dmtrung14.defaultplayer_intlqualifier,1,A,b1z2b,1,1088,CAPTURE,3,791,443,8,0,0,0,0,86,0,3320,240,0,5,1247,573,1,0,57,71,354,38,ATK@600
gauntlet/20261001-212327-scrim-b1z2b/replays/dmtrung14.defaultplayer_intlqualifier__QueenOfHearts__botA.bc24,dmtrung14.defaultplayer_intlqualifier,0,B,defaultplayer_intlqualifier,0,1088,CAPTURE,2,388,248,27,15,3,38,0,92,23,240,80,0,3,351,868,6,16,21,91,38,354,ATK@600
gauntlet/20261001-212327-scrim-b1z2b/replays/jonters.bling3__Bunkers__botA.bc24,jonters.bling3,1,A,b1z2b,1,831,CAPTURE,3,703,215,8,0,0,0,0,26,0,4420,250,0,21,1180,1289,5,0,54,111,284,121,ATK@600
gauntlet/20261001-212327-scrim-b1z2b/replays/jonters.bling3__Bunkers__botA.bc24,jonters.bling3,0,B,bling3,0,831,CAPTURE,2,384,251,9,0,0,0,0,66,16,20,290,0,5,730,1467,21,0,6,60,121,284,ATK@600
gauntlet/20261001-212327-scrim-b1z2b/replays/jonters.bling3__Duck__botB.bc24,jonters.bling3,0,A,bling3,0,902,CAPTURE,1,525,303,3,0,0,0,0,89,13,30,20,0,0,559,964,13,0,11,56,94,303,ATK@600
gauntlet/20261001-212327-scrim-b1z2b/replays/jonters.bling3__Duck__botB.bc24,jonters.bling3,1,B,b1z2b,1,902,CAPTURE,3,371,227,11,0,0,0,0,51,0,3770,260,0,11,995,1038,3,0,64,134,303,94,ATK@600
gauntlet/20261001-212327-scrim-b1z2b/replays/jonters.bling3__Starfish__botA.bc24,jonters.bling3,1,A,b1z2b,1,610,CAPTURE,3,354,238,11,0,0,0,0,156,0,1820,240,0,9,1376,1319,0,0,43,66,214,57,ATK@600
gauntlet/20261001-212327-scrim-b1z2b/replays/jonters.bling3__Starfish__botA.bc24,jonters.bling3,0,B,bling3,0,610,CAPTURE,2,246,228,3,0,0,0,0,216,0,20,20,0,24,801,991,0,0,0,0,57,214,ATK@600
gauntlet/20261001-212327-scrim-b1z2b/replays/dmtrung14.defaultplayer_intlqualifier__Diagonal__botB.bc24,dmtrung14.defaultplayer_intlqualifier,0,A,defaultplayer_intlqualifier,0,2000,LEVEL_SUM,0,-1,933,13,1,3,15,0,35,20,3850,2780,0,2,225,546,6,24,19,62,23,309,ATK@600+HEAL@1200+CAP@1800
gauntlet/20261001-212327-scrim-b1z2b/replays/dmtrung14.defaultplayer_intlqualifier__Diagonal__botB.bc24,dmtrung14.defaultplayer_intlqualifier,1,B,b1z2b,1,2000,LEVEL_SUM,0,-1,258,3,0,0,0,0,26,0,6720,70,0,3,771,374,5,0,63,125,309,23,ATK@600+HEAL@1200+CAP@1800
gauntlet/20261001-212327-scrim-b1z2b/replays/jonters.bling3__Backslash__botB.bc24,jonters.bling3,0,A,bling3,0,904,CAPTURE,1,681,332,10,0,0,0,0,228,0,260,2470,0,14,636,914,36,0,1,49,95,563,ATK@600
gauntlet/20261001-212327-scrim-b1z2b/replays/jonters.bling3__Backslash__botB.bc24,jonters.bling3,1,B,b1z2b,1,904,CAPTURE,3,405,245,21,0,0,0,0,213,0,710,279,0,13,1361,1310,2,0,172,291,563,95,ATK@600
gauntlet/20261001-212327-scrim-b1z2b/replays/jonters.bling3__Snake__botB.bc24,jonters.bling3,0,A,bling3,0,1853,CAPTURE,1,1029,288,6,0,0,0,0,247,0,8090,9240,0,0,359,586,75,0,5,210,308,712,ATK@600+HEAL@1200+CAP@1800
gauntlet/20261001-212327-scrim-b1z2b/replays/jonters.bling3__Snake__botB.bc24,jonters.bling3,1,B,b1z2b,1,1853,CAPTURE,3,336,227,36,0,0,0,0,180,0,10100,264,0,2,650,636,17,0,321,469,712,308,ATK@600+HEAL@1200+CAP@1800
gauntlet/20261001-212327-scrim-b1z2b/replays/justinottesen.sprint1__Decision__botA.bc24,justinottesen.sprint1,1,A,b1z2b,1,770,CAPTURE,3,352,253,12,0,0,0,0,82,0,1840,220,0,4,1551,466,1,0,69,127,346,17,ATK@600
gauntlet/20261001-212327-scrim-b1z2b/replays/justinottesen.sprint1__Decision__botA.bc24,justinottesen.sprint1,0,B,sprint1,0,770,CAPTURE,0,-1,393,8,0,0,0,0,133,1,110,50,0,5,224,810,5,0,0,18,17,346,ATK@600
gauntlet/20261001-212327-scrim-b1z2b/replays/jonters.bling3__Waterworld__botB.bc24,jonters.bling3,0,A,bling3,0,979,CAPTURE,0,-1,371,1,0,0,0,0,539,0,130,370,0,0,785,2090,11,0,0,44,110,312,ATK@600
gauntlet/20261001-212327-scrim-b1z2b/replays/jonters.bling3__Waterworld__botB.bc24,jonters.bling3,1,B,b1z2b,1,979,CAPTURE,3,587,391,20,0,0,0,0,261,0,5770,720,0,3,1217,1535,1,0,93,156,312,110,ATK@600
gauntlet/20261001-212327-scrim-b1z2b/replays/justinottesen.sprint1__OceanFloor__botB.bc24,justinottesen.sprint1,0,A,sprint1,0,694,CAPTURE,1,488,239,10,0,0,0,0,88,4,160,10,0,1,200,938,7,0,0,18,21,345,ATK@600
gauntlet/20261001-212327-scrim-b1z2b/replays/justinottesen.sprint1__OceanFloor__botB.bc24,justinottesen.sprint1,1,B,b1z2b,1,694,CAPTURE,3,299,243,9,0,0,0,0,33,0,2810,280,0,7,1275,373,2,0,61,120,345,21,ATK@600
gauntlet/20261001-212327-scrim-b1z2b/replays/justinottesen.sprint1__Fountain__botA.bc24,justinottesen.sprint1,1,A,b1z2b,1,485,CAPTURE,3,281,238,9,0,0,0,0,43,0,2810,260,0,4,1344,312,2,0,67,71,168,15,
gauntlet/20261001-212327-scrim-b1z2b/replays/justinottesen.sprint1__Fountain__botA.bc24,justinottesen.sprint1,0,B,sprint1,0,485,CAPTURE,0,-1,476,1,0,0,0,0,64,0,1780,20,0,16,180,1094,9,0,0,6,15,168,
gauntlet/20261001-212327-scrim-b1z2b/replays/justinottesen.sprint1__StackGame__botB.bc24,justinottesen.sprint1,0,A,sprint1,0,613,CAPTURE,0,-1,0,0,0,0,0,0,52,25,440,140,0,6,208,883,36,0,0,45,31,441,ATK@600
gauntlet/20261001-212327-scrim-b1z2b/replays/justinottesen.sprint1__StackGame__botB.bc24,justinottesen.sprint1,1,B,b1z2b,1,613,CAPTURE,3,451,337,9,0,0,0,0,31,0,6070,290,0,13,1868,703,0,0,101,107,441,31,ATK@600
gauntlet/20261001-212327-scrim-b1z2b/replays/kyleezz.jeeryfix3__Backslash__botB.bc24,kyleezz.jeeryfix3,0,A,jeeryfix3,0,2000,LEVEL_SUM,2,290,232,7,0,0,0,0,236,0,20,2533,0,2,996,831,0,0,112,332,522,1507,ATK@600+CAP@1200+HEAL@1800
gauntlet/20261001-212327-scrim-b1z2b/replays/kyleezz.jeeryfix3__Backslash__botB.bc24,kyleezz.jeeryfix3,1,B,b1z2b,1,2000,LEVEL_SUM,2,279,223,7,0,0,0,0,211,0,770,240,0,1,1091,1157,2,0,131,365,1507,522,ATK@600+HEAL@1200+CAP@1800
gauntlet/20261001-212327-scrim-b1z2b/replays/quesswho.cretplayer2_3__Checkered__botA.bc24,quesswho.cretplayer2_3,1,A,b1z2b,1,427,CAPTURE,3,258,222,3,0,0,0,0,0,0,7200,250,0,1,528,677,7,0,73,73,41,16,
gauntlet/20261001-212327-scrim-b1z2b/replays/quesswho.cretplayer2_3__Checkered__botA.bc24,quesswho.cretplayer2_3,0,B,cretplayer2_3,0,427,CAPTURE,2,275,221,6,0,3,17,0,0,0,7200,980,0,2,468,640,0,5,73,71,16,41,
gauntlet/20261001-212327-scrim-b1z2b/replays/kyleezz.jeeryfix3__BedWars__botA.bc24,kyleezz.jeeryfix3,1,A,b1z2b,1,2000,LEVEL_SUM,0,-1,0,0,0,0,0,0,0,0,4800,30,0,3,0,0,1,0,34,0,0,0,ATK@600+HEAL@1200+CAP@1800
gauntlet/20261001-212327-scrim-b1z2b/replays/kyleezz.jeeryfix3__BedWars__botA.bc24,kyleezz.jeeryfix3,0,B,jeeryfix3,0,2000,LEVEL_SUM,0,-1,0,0,0,0,0,0,0,0,4800,2040,0,0,0,0,0,0,12,0,0,0,ATK@600+CAP@1200+HEAL@1800
gauntlet/20261001-212327-scrim-b1z2b/replays/quesswho.cretplayer2_3__BigDucksBigPond__botA.bc24,quesswho.cretplayer2_3,1,A,b1z2b,1,1843,CAPTURE,3,1172,703,17,0,0,0,0,126,0,3720,210,0,10,1109,1127,9,0,73,368,1043,445,ATK@600+HEAL@1200+CAP@1800
gauntlet/20261001-212327-scrim-b1z2b/replays/quesswho.cretplayer2_3__BigDucksBigPond__botA.bc24,quesswho.cretplayer2_3,0,B,cretplayer2_3,0,1843,CAPTURE,2,791,254,24,0,3,39,0,58,0,5660,940,0,3,844,639,0,3,57,218,445,1043,ATK@600+HEAL@1200+CAP@1800
gauntlet/20261001-212327-scrim-b1z2b/replays/kyleezz.jeeryfix3__Fusbol__botA.bc24,kyleezz.jeeryfix3,1,A,b1z2b,1,2000,MORE_FLAG_CAPTURES,1,1898,1489,16,0,0,0,0,106,0,6420,220,0,4,1005,1158,6,0,80,624,1500,263,ATK@600+HEAL@1200+CAP@1800
gauntlet/20261001-212327-scrim-b1z2b/replays/kyleezz.jeeryfix3__Fusbol__botA.bc24,kyleezz.jeeryfix3,0,B,jeeryfix3,0,2000,MORE_FLAG_CAPTURES,0,-1,391,1,0,0,0,0,182,9,3240,5500,0,20,837,556,0,0,91,250,263,1500,ATK@600+CAP@1200+HEAL@1800
gauntlet/20261001-212327-scrim-b1z2b/replays/kyleezz.jeeryfix3__Intercontinental__botB.bc24,kyleezz.jeeryfix3,0,A,jeeryfix3,0,1773,CAPTURE,2,266,221,9,0,0,0,0,159,0,30,940,0,2,756,544,0,0,13,191,422,1284,ATK@600+CAP@1200
gauntlet/20261001-212327-scrim-b1z2b/replays/kyleezz.jeeryfix3__Intercontinental__botB.bc24,kyleezz.jeeryfix3,1,B,b1z2b,1,1773,CAPTURE,3,1588,317,11,0,0,0,0,153,0,210,100,0,5,767,948,0,0,20,184,1284,422,ATK@600+HEAL@1200
gauntlet/20261001-212327-scrim-b1z2b/replays/kyleezz.jeeryfix3__Fusbol__botB.bc24,kyleezz.jeeryfix3,0,A,jeeryfix3,0,2000,MORE_FLAG_CAPTURES,0,-1,0,0,0,0,0,0,184,10,3080,3850,0,21,838,611,0,0,92,258,289,1327,ATK@600+CAP@1200+HEAL@1800
gauntlet/20261001-212327-scrim-b1z2b/replays/kyleezz.jeeryfix3__Fusbol__botB.bc24,kyleezz.jeeryfix3,1,B,b1z2b,1,2000,MORE_FLAG_CAPTURES,1,1695,1503,4,0,0,0,0,100,0,6600,300,0,18,950,1157,6,0,79,584,1327,289,ATK@600+HEAL@1200+CAP@1800
gauntlet/20261001-212327-scrim-b1z2b/replays/quesswho.cretplayer2_3__Digging__botA.bc24,quesswho.cretplayer2_3,1,A,b1z2b,1,2000,MORE_FLAG_CAPTURES,2,1893,1844,7,0,0,0,0,13,0,2710,230,0,0,1158,1068,1,0,47,247,1794,259,ATK@600+HEAL@1200+CAP@1800
gauntlet/20261001-212327-scrim-b1z2b/replays/quesswho.cretplayer2_3__Digging__botA.bc24,quesswho.cretplayer2_3,0,B,cretplayer2_3,0,2000,MORE_FLAG_CAPTURES,1,335,237,4,0,3,1,0,18,0,2560,940,0,7,1026,897,0,3,56,220,259,1794,ATK@600+HEAL@1200+CAP@1800
gauntlet/20261001-212327-scrim-b1z2b/replays/quesswho.cretplayer2_3__Waterworld__botB.bc24,quesswho.cretplayer2_3,0,A,cretplayer2_3,0,2000,LEVEL_SUM,1,563,287,15,0,3,10,0,279,0,7930,6380,0,4,1061,835,0,6,155,307,395,1420,ATK@600+HEAL@1200+CAP@1800
gauntlet/20261001-212327-scrim-b1z2b/replays/quesswho.cretplayer2_3__Waterworld__botB.bc24,quesswho.cretplayer2_3,1,B,b1z2b,1,2000,LEVEL_SUM,1,1833,312,18,0,0,0,0,281,0,5170,230,0,0,976,1013,3,0,72,332,1420,395,ATK@600+HEAL@1200+CAP@1800
gauntlet/20261001-213712-scrim-b1z2b/losses/ColtG5.Goob_final__Snake__botA.bc24,ColtG5.Goob_final,1,A,b1z2b,0,780,CAPTURE,0,-1,294,1,0,0,0,0,166,0,10520,225,0,2,1105,1239,24,0,226,285,298,163,ATK@600
gauntlet/20261001-213712-scrim-b1z2b/losses/ColtG5.Goob_final__Snake__botA.bc24,ColtG5.Goob_final,0,B,Goob_final,1,780,CAPTURE,3,386,296,9,0,0,0,0,143,0,11210,24650,0,9,954,723,13,0,112,251,163,298,ATK@600
gauntlet/20261001-212327-scrim-b1z2b/replays/winkelmantanner.waffle__Soccer__botB.bc24,winkelmantanner.waffle,0,A,waffle,0,1299,CAPTURE,2,380,315,39,0,0,0,0,19,16,3230,1120,0,8,1134,1063,0,0,74,177,276,831,ATK@600+HEAL@1200
gauntlet/20261001-212327-scrim-b1z2b/replays/winkelmantanner.waffle__Soccer__botB.bc24,winkelmantanner.waffle,1,B,b1z2b,1,1299,CAPTURE,3,404,347,6,0,0,0,0,17,0,4890,270,0,10,1250,1446,1,0,73,237,831,276,ATK@600+HEAL@1200
gauntlet/20261001-213712-scrim-b1z2b/losses/CyrilSharma.finalBot__BedWars__botB.bc24,CyrilSharma.finalBot,0,A,finalBot,1,834,CAPTURE,3,338,269,13,0,0,0,53,25,0,3121,21,10,9,759,840,0,0,51,96,138,152,ATK@600
gauntlet/20261001-213712-scrim-b1z2b/losses/CyrilSharma.finalBot__BedWars__botB.bc24,CyrilSharma.finalBot,1,B,b1z2b,0,834,CAPTURE,1,834,257,6,0,0,0,0,0,0,4800,10,0,19,816,949,3,0,31,60,152,138,ATK@600
gauntlet/20261001-213712-scrim-b1z2b/losses/ColtG5.Goob_final__MazeRunner__botA.bc24,ColtG5.Goob_final,1,A,b1z2b,0,2000,MORE_FLAG_CAPTURES,0,-1,463,6,0,0,0,0,131,0,1070,270,0,2,1014,1408,0,0,47,198,998,478,ATK@600+HEAL@1200+CAP@1800
gauntlet/20261001-213712-scrim-b1z2b/losses/ColtG5.Goob_final__MazeRunner__botA.bc24,ColtG5.Goob_final,0,B,Goob_final,1,2000,MORE_FLAG_CAPTURES,2,335,281,5,0,0,0,0,99,0,2030,1490,0,4,976,658,8,0,62,263,478,998,ATK@600+HEAL@1200+CAP@1800
gauntlet/20261001-213712-scrim-b1z2b/losses/CyrilSharma.finalBot__AceOfSpades__botB.bc24,CyrilSharma.finalBot,0,A,finalBot,1,2000,MORE_FLAG_CAPTURES,2,404,233,13,0,0,0,39,6,1,3237,16916,7,3,861,1134,0,0,154,726,490,497,ATK@600+HEAL@1200+CAP@1800
gauntlet/20261001-213712-scrim-b1z2b/losses/CyrilSharma.finalBot__AceOfSpades__botB.bc24,CyrilSharma.finalBot,1,B,b1z2b,0,2000,MORE_FLAG_CAPTURES,1,1269,750,4,0,0,0,0,11,0,3870,300,0,2,1045,1155,3,0,76,232,497,490,ATK@600+HEAL@1200+CAP@1800
gauntlet/20261001-213712-scrim-b1z2b/losses/CyrilSharma.finalBot__DefaultLarge__botA.bc24,CyrilSharma.finalBot,1,A,b1z2b,0,2000,MORE_FLAG_CAPTURES,0,-1,280,3,0,0,0,0,54,0,2580,30,0,17,944,1051,2,0,51,208,589,554,ATK@600+HEAL@1200+CAP@1800
gauntlet/20261001-213712-scrim-b1z2b/losses/CyrilSharma.finalBot__DefaultLarge__botA.bc24,CyrilSharma.finalBot,0,B,finalBot,1,2000,MORE_FLAG_CAPTURES,1,453,311,7,0,0,0,60,6,0,2964,4238,12,8,1089,1134,0,0,176,587,554,589,ATK@600+HEAL@1200+CAP@1800
gauntlet/20261001-213712-scrim-b1z2b/losses/CyrilSharma.finalBot__QuestionableChess__botB.bc24,CyrilSharma.finalBot,0,A,finalBot,1,1342,CAPTURE,3,400,298,21,0,0,0,36,26,0,964,73,6,3,967,1057,0,0,27,273,381,377,ATK@600+HEAL@1200
gauntlet/20261001-213712-scrim-b1z2b/losses/CyrilSharma.finalBot__QuestionableChess__botB.bc24,CyrilSharma.finalBot,1,B,b1z2b,0,1342,CAPTURE,0,-1,0,0,0,0,0,0,69,0,330,250,0,14,961,1353,0,0,10,105,377,381,ATK@600+HEAL@1200
gauntlet/20261001-213712-scrim-b1z2b/losses/Gymhgy.v10official__HeMustBeFreed__botB.bc24,Gymhgy.v10official,0,A,v10official,1,626,CAPTURE,3,343,267,43,37,3,7,28,87,3,4869,5711,4,0,554,837,8,3,61,102,63,38,ATK@600
gauntlet/20261001-213712-scrim-b1z2b/losses/Gymhgy.v10official__HeMustBeFreed__botB.bc24,Gymhgy.v10official,1,B,b1z2b,0,626,CAPTURE,0,-1,444,10,0,0,0,0,140,0,4100,220,0,4,553,793,2,0,42,49,38,63,ATK@600
gauntlet/20261001-213712-scrim-b1z2b/losses/Gymhgy.v10official__DefaultMedium__botB.bc24,Gymhgy.v10official,0,A,v10official,1,2000,MORE_FLAG_CAPTURES,1,605,247,22,14,3,15,87,51,0,2351,31,17,0,982,1724,9,0,60,231,308,355,ATK@600+HEAL@1200+CAP@1800
gauntlet/20261001-213712-scrim-b1z2b/losses/Gymhgy.v10official__DefaultMedium__botB.bc24,Gymhgy.v10official,1,B,b1z2b,0,2000,MORE_FLAG_CAPTURES,0,-1,323,6,0,0,0,0,109,0,2030,230,0,15,1186,1528,2,0,37,186,355,308,ATK@600+HEAL@1200+CAP@1800
gauntlet/20261001-213712-scrim-b1z2b/losses/CyrilSharma.finalBot__YearOfTheDragon__botA.bc24,CyrilSharma.finalBot,1,A,b1z2b,0,2000,MORE_FLAG_CAPTURES,0,-1,1907,1,0,0,0,0,9,0,12930,230,0,10,945,1107,16,0,123,309,583,519,ATK@600+HEAL@1200+CAP@1800
gauntlet/20261001-213712-scrim-b1z2b/losses/CyrilSharma.finalBot__YearOfTheDragon__botA.bc24,CyrilSharma.finalBot,0,B,finalBot,1,2000,MORE_FLAG_CAPTURES,2,348,305,28,0,0,0,60,1,1,12035,10285,12,13,852,959,0,0,153,638,519,583,ATK@600+HEAL@1200+CAP@1800
gauntlet/20261001-213712-scrim-b1z2b/losses/Gymhgy.v10official__GravitationalWaves__botA.bc24,Gymhgy.v10official,1,A,b1z2b,0,2000,MORE_FLAG_CAPTURES,0,-1,382,9,0,0,0,0,67,0,4090,230,0,13,925,1151,0,0,55,163,297,179,ATK@600+HEAL@1200+CAP@1800
gauntlet/20261001-213712-scrim-b1z2b/losses/Gymhgy.v10official__GravitationalWaves__botA.bc24,Gymhgy.v10official,0,B,v10official,1,2000,MORE_FLAG_CAPTURES,2,1654,299,78,46,3,18,77,54,3,2887,47,14,3,916,1413,14,3,39,174,179,297,ATK@600+HEAL@1200+CAP@1800
gauntlet/20261001-213712-scrim-b1z2b/losses/Gymhgy.v10official__Starfish__botB.bc24,Gymhgy.v10official,0,A,v10official,1,489,CAPTURE,3,370,287,23,10,3,11,18,183,2,286,36,3,1,1014,1706,0,2,14,20,39,83,
gauntlet/20261001-213712-scrim-b1z2b/losses/Gymhgy.v10official__Starfish__botB.bc24,Gymhgy.v10official,1,B,b1z2b,0,489,CAPTURE,1,259,233,1,0,0,0,0,182,0,1040,170,0,36,1410,1577,0,0,22,28,83,39,
gauntlet/20261001-213712-scrim-b1z2b/losses/Gymhgy.v10official__Starfish__botA.bc24,Gymhgy.v10official,1,A,b1z2b,0,1737,CAPTURE,1,270,243,18,0,0,0,0,192,0,740,190,0,32,1215,1491,0,0,22,159,686,379,ATK@600+HEAL@1200
gauntlet/20261001-213712-scrim-b1z2b/losses/Gymhgy.v10official__Starfish__botA.bc24,Gymhgy.v10official,0,B,v10official,1,1737,CAPTURE,3,248,236,19,13,3,14,18,181,2,456,65,2,0,1042,1670,0,2,13,185,379,686,ATK@600+HEAL@1200
gauntlet/20261001-213712-scrim-b1z2b/losses/IvanGeffner.kuma__Alien__botA.bc24,IvanGeffner.kuma,1,A,b1z2b,0,1324,CAPTURE,0,-1,0,0,0,0,0,0,9,0,5430,230,0,13,1129,1584,0,0,72,168,259,621,ATK@600+HEAL@1200
gauntlet/20261001-213712-scrim-b1z2b/losses/IvanGeffner.kuma__Alien__botA.bc24,IvanGeffner.kuma,0,B,kuma,1,1324,CAPTURE,3,305,283,37,24,0,0,90,11,0,3915,1875,18,4,1113,1527,6,0,100,477,621,259,ATK@600+HEAL@1200
gauntlet/20261001-213712-scrim-b1z2b/losses/IvanGeffner.kuma__StackGame__botB.bc24,IvanGeffner.kuma,0,A,kuma,1,473,CAPTURE,3,328,298,26,20,0,0,90,39,5,3935,2465,18,3,1273,1420,10,0,100,105,115,46,
gauntlet/20261001-213712-scrim-b1z2b/losses/IvanGeffner.kuma__StackGame__botB.bc24,IvanGeffner.kuma,1,B,b1z2b,0,473,CAPTURE,0,-1,0,0,0,0,0,0,32,0,6040,210,0,27,1128,1578,0,0,78,81,46,115,
gauntlet/20261001-213712-scrim-b1z2b/losses/NotLLeon.v3__Decision__botB.bc24,NotLLeon.v3,0,A,v3,1,643,CAPTURE,3,424,261,15,2,0,0,0,49,0,2430,70,0,3,718,851,0,0,46,70,64,81,ATK@600
gauntlet/20261001-213712-scrim-b1z2b/losses/NotLLeon.v3__Decision__botB.bc24,NotLLeon.v3,1,B,b1z2b,0,643,CAPTURE,0,-1,246,10,0,0,0,0,91,0,1570,300,0,6,683,958,0,0,32,49,81,64,ATK@600
gauntlet/20261001-213712-scrim-b1z2b/losses/IvanGeffner.kuma__BigDucksBigPond__botA.bc24,IvanGeffner.kuma,1,A,b1z2b,0,2000,MORE_FLAG_CAPTURES,0,-1,279,1,0,0,0,0,131,0,3570,230,0,0,893,1048,7,0,63,230,490,997,ATK@600+HEAL@1200+CAP@1800
gauntlet/20261001-213712-scrim-b1z2b/losses/IvanGeffner.kuma__BigDucksBigPond__botA.bc24,IvanGeffner.kuma,0,B,kuma,1,2000,MORE_FLAG_CAPTURES,2,516,249,39,25,0,0,90,118,4,2335,2375,18,8,922,1217,5,0,84,742,997,490,ATK@600+HEAL@1200+CAP@1800
gauntlet/20261001-213712-scrim-b1z2b/losses/IvanGeffner.kuma__Diagonal__botB.bc24,IvanGeffner.kuma,0,A,kuma,1,2000,LEVEL_SUM,0,-1,0,0,0,0,0,90,27,17,3738,1868,18,3,559,761,12,0,75,249,200,181,ATK@600+HEAL@1200+CAP@1800
gauntlet/20261001-213712-scrim-b1z2b/losses/IvanGeffner.kuma__Diagonal__botB.bc24,IvanGeffner.kuma,1,B,b1z2b,0,2000,LEVEL_SUM,0,-1,0,0,0,0,0,0,23,0,6810,270,0,19,488,817,4,0,79,188,181,200,ATK@600+HEAL@1200+CAP@1800
gauntlet/20261001-213712-scrim-b1z2b/losses/IvanGeffner.kuma__Randy__botB.bc24,IvanGeffner.kuma,0,A,kuma,1,2000,MORE_FLAG_CAPTURES,2,245,217,10,7,0,0,80,9,10,3205,2925,16,13,1105,1243,4,0,146,421,499,351,ATK@600+HEAL@1200+CAP@1800
gauntlet/20261001-213712-scrim-b1z2b/losses/IvanGeffner.kuma__Randy__botB.bc24,IvanGeffner.kuma,1,B,b1z2b,0,2000,MORE_FLAG_CAPTURES,0,-1,0,0,0,0,0,0,7,0,5590,90,0,18,786,1134,0,0,67,197,351,499,ATK@600+HEAL@1200+CAP@1800
gauntlet/20261001-213712-scrim-b1z2b/losses/NotLLeon.v3__Duck__botB.bc24,NotLLeon.v3,0,A,v3,1,771,CAPTURE,3,426,269,18,8,0,0,0,9,0,5030,290,0,3,951,1101,0,0,75,125,115,104,ATK@600
gauntlet/20261001-213712-scrim-b1z2b/losses/NotLLeon.v3__Duck__botB.bc24,NotLLeon.v3,1,B,b1z2b,0,771,CAPTURE,0,-1,316,12,0,0,0,0,56,0,3620,220,0,0,935,1270,2,0,50,55,104,115,ATK@600
gauntlet/20261001-213712-scrim-b1z2b/losses/NotLLeon.v3__Foxes__botB.bc24,NotLLeon.v3,0,A,v3,1,933,CAPTURE,3,490,326,23,4,0,0,0,5,0,9150,3810,0,6,866,1012,0,0,114,183,165,229,ATK@600
gauntlet/20261001-213712-scrim-b1z2b/losses/NotLLeon.v3__Foxes__botB.bc24,NotLLeon.v3,1,B,b1z2b,0,933,CAPTURE,1,475,368,14,0,0,0,0,16,0,9420,270,0,7,918,1306,12,0,98,158,229,165,ATK@600
gauntlet/20261001-213712-scrim-b1z2b/losses/NotLLeon.v3__FloodGates__botA.bc24,NotLLeon.v3,1,A,b1z2b,0,2000,MORE_FLAG_CAPTURES,1,664,483,5,0,0,0,0,5,0,2750,220,0,17,623,786,2,0,45,187,436,371,ATK@600+HEAL@1200+CAP@1800
gauntlet/20261001-213712-scrim-b1z2b/losses/NotLLeon.v3__FloodGates__botA.bc24,NotLLeon.v3,0,B,v3,1,2000,MORE_FLAG_CAPTURES,2,578,532,17,12,0,0,0,7,0,2690,3540,0,5,450,669,0,0,35,195,371,436,ATK@600+HEAL@1200+CAP@1800
gauntlet/20261001-213712-scrim-b1z2b/losses/NotLLeon.v3__Rainbow__botA.bc24,NotLLeon.v3,1,A,b1z2b,0,2000,MORE_FLAG_CAPTURES,0,-1,0,0,0,0,0,0,50,0,6900,280,0,0,746,1031,4,0,77,243,460,610,ATK@600+HEAL@1200+CAP@1800
gauntlet/20261001-213712-scrim-b1z2b/losses/NotLLeon.v3__Rainbow__botA.bc24,NotLLeon.v3,0,B,v3,1,2000,MORE_FLAG_CAPTURES,2,353,289,26,2,0,0,0,15,0,7950,4710,0,3,914,1133,0,0,105,369,610,460,ATK@600+HEAL@1200+CAP@1800
gauntlet/20261001-213712-scrim-b1z2b/losses/SampleProvider.TSPAARKSPRINT1__Swoop__botA.bc24,SampleProvider.TSPAARKSPRINT1,1,A,b1z2b,0,1387,CAPTURE,1,1260,278,26,0,0,0,0,61,0,4870,270,0,1,859,901,6,0,57,194,528,170,ATK@600+HEAL@1200
gauntlet/20261001-213712-scrim-b1z2b/losses/SampleProvider.TSPAARKSPRINT1__Swoop__botA.bc24,SampleProvider.TSPAARKSPRINT1,0,B,TSPAARKSPRINT1,1,1387,CAPTURE,3,1293,224,93,0,3,32,0,88,2,3860,20,0,5,519,1093,11,22,7,77,170,528,ATK@600+CAP@1200
gauntlet/20261001-213712-scrim-b1z2b/losses/SampleProvider.TSPAARKSPRINT1__EndAround__botA.bc24,SampleProvider.TSPAARKSPRINT1,1,A,b1z2b,0,1891,CAPTURE,0,-1,290,37,0,0,0,0,74,0,2380,350,0,3,450,445,3,0,43,216,431,155,ATK@600+HEAL@1200+CAP@1800
gauntlet/20261001-213712-scrim-b1z2b/losses/SampleProvider.TSPAARKSPRINT1__EndAround__botA.bc24,SampleProvider.TSPAARKSPRINT1,0,B,TSPAARKSPRINT1,1,1891,CAPTURE,3,630,360,32,0,3,52,0,119,3,1030,60,0,2,257,644,12,18,1,117,155,431,ATK@600+CAP@1200+HEAL@1800
gauntlet/20261001-213712-scrim-b1z2b/losses/Strequals.duck0127v5__Canals__botA.bc24,Strequals.duck0127v5,1,A,b1z2b,0,1020,CAPTURE,0,-1,271,4,0,0,0,0,0,0,7000,280,0,19,815,1329,4,0,75,139,134,435,ATK@600
gauntlet/20261001-213712-scrim-b1z2b/losses/Strequals.duck0127v5__Canals__botA.bc24,Strequals.duck0127v5,0,B,duck0127v5,1,1020,CAPTURE,3,445,415,13,0,0,0,90,47,5,4020,2675,18,22,1094,1258,0,2,128,371,435,134,ATK@600
gauntlet/20261001-213712-scrim-b1z2b/losses/SampleProvider.TSPAARKSPRINT1__EndAround__botB.bc24,SampleProvider.TSPAARKSPRINT1,0,A,TSPAARKSPRINT1,1,2000,MORE_FLAG_CAPTURES,1,1451,394,32,0,3,44,0,131,2,770,100,0,3,308,695,8,14,1,84,163,570,ATK@600+CAP@1200+HEAL@1800
gauntlet/20261001-213712-scrim-b1z2b/losses/SampleProvider.TSPAARKSPRINT1__EndAround__botB.bc24,SampleProvider.TSPAARKSPRINT1,1,B,b1z2b,0,2000,MORE_FLAG_CAPTURES,0,-1,237,42,0,0,0,0,70,0,2500,140,0,4,607,458,3,0,66,279,570,163,ATK@600+HEAL@1200+CAP@1800
gauntlet/20261001-213712-scrim-b1z2b/losses/Strequals.duck0127v5__Foxes__botB.bc24,Strequals.duck0127v5,0,A,duck0127v5,1,2000,MORE_FLAG_CAPTURES,2,491,427,8,0,0,0,90,16,13,7495,5750,18,3,1124,1441,0,2,171,334,313,178,ATK@600+HEAL@1200+CAP@1800
gauntlet/20261001-213712-scrim-b1z2b/losses/Strequals.duck0127v5__Foxes__botB.bc24,Strequals.duck0127v5,1,B,b1z2b,0,2000,MORE_FLAG_CAPTURES,0,-1,0,0,0,0,0,0,16,0,9420,220,0,4,837,1473,10,0,91,246,178,313,ATK@600+HEAL@1200+CAP@1800
gauntlet/20261001-213712-scrim-b1z2b/losses/andli28.v9_USQuals_angle__AceOfSpades__botB.bc24,andli28.v9_USQuals_angle,0,A,v9_USQuals_angle,1,546,CAPTURE,3,369,239,11,0,0,0,88,14,10,1859,15789,18,10,986,1258,23,3,139,169,97,67,
gauntlet/20261001-213712-scrim-b1z2b/losses/andli28.v9_USQuals_angle__AceOfSpades__botB.bc24,andli28.v9_USQuals_angle,1,B,b1z2b,0,546,CAPTURE,0,-1,218,2,0,0,0,0,11,0,3870,270,0,4,962,1414,2,0,72,87,67,97,
gauntlet/20261001-213712-scrim-b1z2b/losses/Strequals.duck0127v5__Soccer__botA.bc24,Strequals.duck0127v5,1,A,b1z2b,0,674,CAPTURE,1,586,448,4,0,0,0,0,21,0,4770,240,0,5,960,1579,2,0,61,82,92,128,ATK@600
gauntlet/20261001-213712-scrim-b1z2b/losses/Strequals.duck0127v5__Soccer__botA.bc24,Strequals.duck0127v5,0,B,duck0127v5,1,674,CAPTURE,3,514,277,14,0,0,0,90,62,3,2130,1610,18,3,1031,1451,0,3,70,149,128,92,ATK@600
gauntlet/20261001-213712-scrim-b1z2b/losses/Strequals.duck0127v5__Skyline__botB.bc24,Strequals.duck0127v5,0,A,duck0127v5,1,874,CAPTURE,3,387,329,14,0,0,0,88,59,21,19956,18955,17,14,897,1215,0,3,108,261,150,102,ATK@600
gauntlet/20261001-213712-scrim-b1z2b/losses/Strequals.duck0127v5__Skyline__botB.bc24,Strequals.duck0127v5,1,B,b1z2b,0,874,CAPTURE,0,-1,284,10,0,0,0,0,110,0,20700,248,0,11,853,1317,24,0,184,229,102,150,ATK@600
gauntlet/20261001-213712-scrim-b1z2b/losses/Strequals.duck0127v5__Divergent__botA.bc24,Strequals.duck0127v5,1,A,b1z2b,0,2000,MORE_FLAG_CAPTURES,0,-1,309,11,0,0,0,0,35,0,5050,210,0,5,723,1097,3,0,64,205,198,437,ATK@600+HEAL@1200+CAP@1800
gauntlet/20261001-213712-scrim-b1z2b/losses/Strequals.duck0127v5__Divergent__botA.bc24,Strequals.duck0127v5,0,B,duck0127v5,1,2000,MORE_FLAG_CAPTURES,2,874,260,12,0,0,0,63,23,5,4299,4234,12,13,696,917,0,1,36,408,437,198,ATK@600+HEAL@1200+CAP@1800
gauntlet/20261001-213712-scrim-b1z2b/losses/andli28.v9_USQuals_angle__Funnel__botB.bc24,andli28.v9_USQuals_angle,0,A,v9_USQuals_angle,1,1139,CAPTURE,3,661,523,16,0,0,0,90,8,10,2405,3065,18,3,1095,1399,7,3,110,366,365,148,ATK@600
gauntlet/20261001-213712-scrim-b1z2b/losses/andli28.v9_USQuals_angle__Funnel__botB.bc24,andli28.v9_USQuals_angle,1,B,b1z2b,0,1139,CAPTURE,0,-1,1047,3,0,0,0,0,37,0,3490,250,0,5,928,1449,2,0,60,118,148,365,ATK@600
gauntlet/20261001-213712-scrim-b1z2b/losses/andli28.v9_USQuals_angle__Gated__botA.bc24,andli28.v9_USQuals_angle,1,A,b1z2b,0,2000,MORE_FLAG_CAPTURES,0,-1,1476,7,0,0,0,0,30,0,3000,260,0,12,921,1492,3,0,43,194,388,552,ATK@600+HEAL@1200+CAP@1800
gauntlet/20261001-213712-scrim-b1z2b/losses/andli28.v9_USQuals_angle__Gated__botA.bc24,andli28.v9_USQuals_angle,0,B,v9_USQuals_angle,1,2000,MORE_FLAG_CAPTURES,2,494,276,15,0,0,0,86,15,6,1671,1996,18,7,967,1346,0,3,86,478,552,388,ATK@600+HEAL@1200+CAP@1800
gauntlet/20261001-213712-scrim-b1z2b/losses/andli28.v9_USQuals_angle__Occulus__botA.bc24,andli28.v9_USQuals_angle,1,A,b1z2b,0,816,CAPTURE,0,-1,235,1,0,0,0,0,15,0,3750,210,0,11,941,1487,2,0,61,100,148,218,ATK@600
gauntlet/20261001-213712-scrim-b1z2b/losses/andli28.v9_USQuals_angle__Occulus__botA.bc24,andli28.v9_USQuals_angle,0,B,v9_USQuals_angle,1,816,CAPTURE,3,612,284,26,0,0,0,72,11,8,2087,6361,15,13,951,1086,12,3,79,222,218,148,ATK@600
gauntlet/20261001-213712-scrim-b1z2b/losses/andrewgopher.player22__Snake__botA.bc24,andrewgopher.player22,1,A,b1z2b,0,759,CAPTURE,0,-1,272,4,0,0,0,0,183,0,10010,410,0,11,975,1305,24,0,230,270,301,216,ATK@600
gauntlet/20261001-213712-scrim-b1z2b/losses/andrewgopher.player22__Snake__botA.bc24,andrewgopher.player22,0,B,player22,1,759,CAPTURE,3,616,305,14,3,3,0,0,141,0,11270,23110,0,1,793,301,89,0,57,238,216,301,ATK@600
gauntlet/20261001-213712-scrim-b1z2b/losses/andli28.v9_USQuals_angle__QuestionableChess__botA.bc24,andli28.v9_USQuals_angle,1,A,b1z2b,0,918,CAPTURE,0,-1,0,0,0,0,0,0,65,0,450,220,0,16,946,1526,0,0,13,54,188,281,ATK@600
gauntlet/20261001-213712-scrim-b1z2b/losses/andli28.v9_USQuals_angle__QuestionableChess__botA.bc24,andli28.v9_USQuals_angle,0,B,v9_USQuals_angle,1,918,CAPTURE,3,410,320,31,0,0,0,33,47,4,23,43,6,3,1049,1214,0,2,22,180,281,188,ATK@600
gauntlet/20261001-213712-scrim-b1z2b/losses/andli28.v9_USQuals_angle__SteamboatMickey__botB.bc24,andli28.v9_USQuals_angle,0,A,v9_USQuals_angle,1,1722,CAPTURE,3,843,385,25,0,0,0,89,3,6,7864,15114,18,2,806,1044,15,4,92,528,662,317,ATK@600+HEAL@1200
gauntlet/20261001-213712-scrim-b1z2b/losses/andli28.v9_USQuals_angle__SteamboatMickey__botB.bc24,andli28.v9_USQuals_angle,1,B,b1z2b,0,1722,CAPTURE,2,310,218,14,0,0,0,0,6,0,9520,290,0,6,982,1203,0,0,135,263,317,662,ATK@600+HEAL@1200
gauntlet/20261001-213712-scrim-b1z2b/losses/andrewgopher.player22__Divergent__botB.bc24,andrewgopher.player22,0,A,player22,1,2000,LEVEL_SUM,0,-1,679,5,0,3,0,0,71,0,3970,640,0,9,881,515,5,0,49,269,571,521,ATK@600+HEAL@1200+CAP@1800
gauntlet/20261001-213712-scrim-b1z2b/losses/andrewgopher.player22__Divergent__botB.bc24,andrewgopher.player22,1,B,b1z2b,0,2000,LEVEL_SUM,0,-1,474,1,0,0,0,0,33,0,5110,270,0,5,769,1168,3,0,67,204,521,571,ATK@600+HEAL@1200+CAP@1800
gauntlet/20261001-213712-scrim-b1z2b/losses/andrewgopher.player22__StackGame__botA.bc24,andrewgopher.player22,1,A,b1z2b,0,441,CAPTURE,0,-1,0,0,0,0,0,0,33,0,6010,210,0,36,1072,1430,0,0,77,79,115,99,
gauntlet/20261001-213712-scrim-b1z2b/losses/andrewgopher.player22__StackGame__botA.bc24,andrewgopher.player22,0,B,player22,1,441,CAPTURE,3,285,242,11,0,3,0,0,52,0,5440,1020,0,1,1289,698,5,0,81,74,99,115,
gauntlet/20261001-213712-scrim-b1z2b/losses/andrewgopher.player22__Fountain__botA.bc24,andrewgopher.player22,1,A,b1z2b,0,1736,CAPTURE,2,377,328,4,0,0,0,0,42,0,2840,160,0,33,865,1286,2,0,40,166,817,492,ATK@600+HEAL@1200
gauntlet/20261001-213712-scrim-b1z2b/losses/andrewgopher.player22__Fountain__botA.bc24,andrewgopher.player22,0,B,player22,1,1736,CAPTURE,3,448,379,23,0,3,0,0,69,0,2030,1570,0,2,876,523,2,0,23,171,492,817,ATK@600+HEAL@1200
gauntlet/20261001-213712-scrim-b1z2b/losses/andrewgopher.player22__Yinyang__botB.bc24,andrewgopher.player22,0,A,player22,1,603,CAPTURE,3,292,276,11,0,3,0,0,0,0,5300,70,0,6,1378,543,0,0,87,94,131,225,ATK@600
gauntlet/20261001-213712-scrim-b1z2b/losses/andrewgopher.player22__Yinyang__botB.bc24,andrewgopher.player22,1,B,b1z2b,0,603,CAPTURE,1,473,448,1,0,0,0,0,0,0,5300,300,0,0,1087,1579,0,0,71,90,225,131,ATK@600
gauntlet/20261001-213712-scrim-b1z2b/losses/chenyx512.flagbot_final__Bunkers__botA.bc24,chenyx512.flagbot_final,1,A,b1z2b,0,676,CAPTURE,1,395,353,10,0,0,0,0,28,0,4360,230,0,21,1086,1816,6,0,49,79,33,135,ATK@600
gauntlet/20261001-213712-scrim-b1z2b/losses/chenyx512.flagbot_final__Bunkers__botA.bc24,chenyx512.flagbot_final,0,B,flagbot_final,1,676,CAPTURE,3,510,305,19,0,3,49,90,120,2,240,40,18,3,1216,1935,0,0,50,101,135,33,ATK@600
gauntlet/20261001-213712-scrim-b1z2b/losses/andrewgopher.player22__WheresMyWater__botA.bc24,andrewgopher.player22,1,A,b1z2b,0,1391,CAPTURE,2,583,566,3,0,0,0,0,47,0,3990,230,0,14,1047,1431,0,0,54,158,445,788,ATK@600+HEAL@1200
gauntlet/20261001-213712-scrim-b1z2b/losses/andrewgopher.player22__WheresMyWater__botA.bc24,andrewgopher.player22,0,B,player22,1,1391,CAPTURE,3,259,245,6,0,3,0,0,117,0,1890,30,0,1,1402,730,9,0,70,331,788,445,ATK@600+HEAL@1200
gauntlet/20261001-213712-scrim-b1z2b/losses/chenyx512.flagbot_final__Alligator__botA.bc24,chenyx512.flagbot_final,1,A,b1z2b,0,1006,CAPTURE,0,-1,0,0,0,0,0,0,62,0,3840,210,0,16,977,1430,0,0,68,130,101,504,ATK@600
gauntlet/20261001-213712-scrim-b1z2b/losses/chenyx512.flagbot_final__Alligator__botA.bc24,chenyx512.flagbot_final,0,B,flagbot_final,1,1006,CAPTURE,3,468,247,24,0,3,39,90,131,9,60,3165,18,3,1145,1530,0,0,126,329,504,101,ATK@600
gauntlet/20261001-213712-scrim-b1z2b/losses/chenyx512.flagbot_final__Intercontinental__botA.bc24,chenyx512.flagbot_final,1,A,b1z2b,0,927,CAPTURE,1,403,355,7,0,0,0,0,147,0,390,190,0,14,865,1106,0,0,25,69,56,256,ATK@600
gauntlet/20261001-213712-scrim-b1z2b/losses/chenyx512.flagbot_final__Intercontinental__botA.bc24,chenyx512.flagbot_final,0,B,flagbot_final,1,927,CAPTURE,3,663,339,11,0,3,24,89,122,0,38,20,17,4,814,1352,0,0,9,90,256,56,ATK@600
gauntlet/20261001-213712-scrim-b1z2b/losses/chenyx512.flagbot_final__CH3353C4K3F4CT0RY__botB.bc24,chenyx512.flagbot_final,0,A,flagbot_final,1,902,CAPTURE,3,532,482,16,0,3,40,90,112,0,10735,9195,18,3,994,1543,0,0,215,363,360,102,ATK@600
gauntlet/20261001-213712-scrim-b1z2b/losses/chenyx512.flagbot_final__CH3353C4K3F4CT0RY__botB.bc24,chenyx512.flagbot_final,1,B,b1z2b,0,902,CAPTURE,2,329,279,6,0,0,0,0,8,0,15160,255,0,13,929,1350,20,0,137,196,102,360,ATK@600
gauntlet/20261001-213712-scrim-b1z2b/losses/chenyx512.flagbot_final__KingQuacksCastle__botB.bc24,chenyx512.flagbot_final,0,A,flagbot_final,1,567,CAPTURE,3,357,310,11,0,3,46,90,88,0,105,4340,18,2,1119,1603,0,0,139,148,101,20,
gauntlet/20261001-213712-scrim-b1z2b/losses/chenyx512.flagbot_final__KingQuacksCastle__botB.bc24,chenyx512.flagbot_final,1,B,b1z2b,0,567,CAPTURE,1,280,224,3,0,0,0,0,29,0,3130,250,0,17,909,1461,2,0,45,62,20,101,
gauntlet/20261001-213712-scrim-b1z2b/losses/chenyx512.flagbot_final__OceanFloor__botB.bc24,chenyx512.flagbot_final,0,A,flagbot_final,1,628,CAPTURE,3,354,259,11,0,3,48,90,78,1,117,42,18,2,1003,1383,0,0,40,70,77,43,ATK@600
gauntlet/20261001-213712-scrim-b1z2b/losses/chenyx512.flagbot_final__OceanFloor__botB.bc24,chenyx512.flagbot_final,1,B,b1z2b,0,628,CAPTURE,0,-1,236,5,0,0,0,0,42,0,2540,270,0,8,826,1255,2,0,36,58,43,77,ATK@600
gauntlet/20261001-213712-scrim-b1z2b/losses/clbarrell.duck8__Fountain__botA.bc24,clbarrell.duck8,1,A,b1z2b,0,731,CAPTURE,1,265,232,6,0,0,0,0,40,0,2900,300,0,1,1037,876,2,0,35,62,248,117,ATK@600
gauntlet/20261001-213712-scrim-b1z2b/losses/clbarrell.duck8__Fountain__botA.bc24,clbarrell.duck8,0,B,duck8,1,731,CAPTURE,3,303,259,15,0,0,0,0,27,22,90,100,1,14,800,608,10,0,40,66,117,248,
gauntlet/20261001-213712-scrim-b1z2b/losses/clbarrell.duck8__Diagonal__botB.bc24,clbarrell.duck8,0,A,duck8,1,2000,MORE_FLAG_CAPTURES,1,444,273,10,0,0,0,0,17,49,670,70,3,4,696,744,15,0,68,211,283,759,ATK@750+HEAL@1500
gauntlet/20261001-213712-scrim-b1z2b/losses/clbarrell.duck8__Diagonal__botB.bc24,clbarrell.duck8,1,B,b1z2b,0,2000,MORE_FLAG_CAPTURES,0,-1,289,10,0,0,0,0,27,0,6690,230,0,3,841,835,9,0,69,228,759,283,ATK@600+HEAL@1200+CAP@1800
gauntlet/20261001-213712-scrim-b1z2b/losses/dmtrung14.defaultplayer_intlqualifier__GaltonBoard__botB.bc24,dmtrung14.defaultplayer_intlqualifier,0,A,defaultplayer_intlqualifier,1,2000,MORE_FLAG_CAPTURES,2,248,236,23,17,3,5,0,9,15,30,130,0,8,492,825,6,12,8,42,100,1411,ATK@600+HEAL@1200+CAP@1800
gauntlet/20261001-213712-scrim-b1z2b/losses/dmtrung14.defaultplayer_intlqualifier__GaltonBoard__botB.bc24,dmtrung14.defaultplayer_intlqualifier,1,B,b1z2b,0,2000,MORE_FLAG_CAPTURES,1,1242,323,8,0,0,0,0,12,0,2040,60,0,8,1611,778,0,0,32,149,1411,100,ATK@600+HEAL@1200+CAP@1800
gauntlet/20261001-213712-scrim-b1z2b/losses/clbarrell.duck8__Whirlpool__botA.bc24,clbarrell.duck8,1,A,b1z2b,0,2000,MORE_FLAG_CAPTURES,0,-1,0,0,0,0,0,0,82,0,2740,200,0,12,1099,1256,0,0,39,179,950,427,ATK@600+HEAL@1200+CAP@1800
gauntlet/20261001-213712-scrim-b1z2b/losses/clbarrell.duck8__Whirlpool__botA.bc24,clbarrell.duck8,0,B,duck8,1,2000,MORE_FLAG_CAPTURES,2,640,370,26,0,0,0,0,43,33,100,1230,3,17,752,1008,6,0,82,257,427,950,ATK@750+HEAL@1500
gauntlet/20261001-213712-scrim-b1z2b/losses/dmtrung14.defaultplayer_intlqualifier__DefaultHuge__botA.bc24,dmtrung14.defaultplayer_intlqualifier,1,A,b1z2b,0,2000,MORE_FLAG_CAPTURES,1,347,221,4,0,0,0,0,5,0,5950,300,0,1,1114,520,5,0,53,167,954,29,ATK@600+HEAL@1200+CAP@1800
gauntlet/20261001-213712-scrim-b1z2b/losses/dmtrung14.defaultplayer_intlqualifier__DefaultHuge__botA.bc24,dmtrung14.defaultplayer_intlqualifier,0,B,defaultplayer_intlqualifier,1,2000,MORE_FLAG_CAPTURES,2,240,213,37,22,3,28,0,17,31,1890,343,0,1,315,827,6,23,38,77,29,954,ATK@600+HEAL@1200+CAP@1800
gauntlet/20261001-213712-scrim-b1z2b/losses/hsmalladi.finalbot__BreadPudding__botB.bc24,hsmalladi.finalbot,0,A,finalbot,1,2000,MORE_FLAG_CAPTURES,1,445,377,12,3,3,21,55,55,0,2318,96,10,1,928,1070,2,4,45,302,506,687,ATK@600+HEAL@1200+CAP@1800
gauntlet/20261001-213712-scrim-b1z2b/losses/hsmalladi.finalbot__BreadPudding__botB.bc24,hsmalladi.finalbot,1,B,b1z2b,0,2000,MORE_FLAG_CAPTURES,0,-1,332,13,0,0,0,0,44,0,3680,250,0,22,955,1345,2,0,50,204,687,506,ATK@600+HEAL@1200+CAP@1800
gauntlet/20261001-213712-scrim-b1z2b/losses/hsmalladi.finalbot__HungerGames__botB.bc24,hsmalladi.finalbot,0,A,finalbot,1,341,CAPTURE,3,321,262,14,7,3,20,5,19,0,2430,7450,0,0,697,656,0,9,165,147,43,21,
gauntlet/20261001-213712-scrim-b1z2b/losses/hsmalladi.finalbot__HungerGames__botB.bc24,hsmalladi.finalbot,1,B,b1z2b,0,341,CAPTURE,1,289,247,2,0,0,0,0,18,0,2560,150,0,0,504,662,7,0,82,78,21,43,
gauntlet/20261001-213712-scrim-b1z2b/losses/hsmalladi.finalbot__StackGame__botA.bc24,hsmalladi.finalbot,1,A,b1z2b,0,352,CAPTURE,0,-1,0,0,0,0,0,0,31,0,6070,300,0,0,921,1127,0,0,79,73,77,48,
gauntlet/20261001-213712-scrim-b1z2b/losses/hsmalladi.finalbot__StackGame__botA.bc24,hsmalladi.finalbot,0,B,finalbot,1,352,CAPTURE,3,294,247,23,11,3,23,60,58,5,3851,81,12,0,859,644,6,3,49,48,48,77,
gauntlet/20261001-213712-scrim-b1z2b/losses/hsmalladi.finalbot__Hurricane__botA.bc24,hsmalladi.finalbot,1,A,b1z2b,0,2000,MORE_FLAG_CAPTURES,0,-1,0,0,0,0,0,0,63,0,5010,250,0,15,860,1203,6,0,55,164,442,156,ATK@600+HEAL@1200+CAP@1800
gauntlet/20261001-213712-scrim-b1z2b/losses/hsmalladi.finalbot__Hurricane__botA.bc24,hsmalladi.finalbot,0,B,finalbot,1,2000,MORE_FLAG_CAPTURES,1,398,211,87,9,3,86,60,64,12,2966,166,12,0,818,801,4,2,53,215,156,442,ATK@600+HEAL@1200+CAP@1800
gauntlet/20261001-213712-scrim-b1z2b/losses/jmerle.camel_case_v21_final__HungerGames__botB.bc24,jmerle.camel_case_v21_final,0,A,camel_case_v21_final,1,434,CAPTURE,3,285,250,6,0,0,0,0,0,0,3000,12330,0,7,1428,536,0,0,228,235,153,70,
gauntlet/20261001-213712-scrim-b1z2b/losses/jmerle.camel_case_v21_final__HungerGames__botB.bc24,jmerle.camel_case_v21_final,1,B,b1z2b,0,434,CAPTURE,1,317,289,1,0,0,0,0,19,0,2430,290,0,0,685,787,3,0,68,73,70,153,
gauntlet/20261001-213712-scrim-b1z2b/losses/hsmalladi.finalbot__TwistedTreeline__botA.bc24,hsmalladi.finalbot,1,A,b1z2b,0,1879,CAPTURE,1,815,286,5,0,0,0,0,68,0,2760,300,0,0,1040,1473,3,0,42,203,710,552,ATK@600+HEAL@1200+CAP@1800
gauntlet/20261001-213712-scrim-b1z2b/losses/hsmalladi.finalbot__TwistedTreeline__botA.bc24,hsmalladi.finalbot,0,B,finalbot,1,1879,CAPTURE,3,508,247,51,8,3,17,55,64,0,2000,60,11,5,1074,820,2,3,37,298,552,710,ATK@600+HEAL@1200+CAP@1800
gauntlet/20261001-213712-scrim-b1z2b/losses/jmerle.camel_case_v21_final__Starfish__botB.bc24,jmerle.camel_case_v21_final,0,A,camel_case_v21_final,1,345,CAPTURE,3,295,214,7,0,0,0,0,216,0,20,120,0,10,1215,337,0,0,26,25,111,76,
gauntlet/20261001-213712-scrim-b1z2b/losses/jmerle.camel_case_v21_final__Starfish__botB.bc24,jmerle.camel_case_v21_final,1,B,b1z2b,0,345,CAPTURE,0,-1,229,5,0,0,0,0,151,0,1970,290,0,6,777,710,0,0,35,33,76,111,
gauntlet/20261001-213712-scrim-b1z2b/losses/jmerle.camel_case_v21_final__GravitationalWaves__botB.bc24,jmerle.camel_case_v21_final,0,A,camel_case_v21_final,1,2000,MORE_FLAG_CAPTURES,1,1272,487,8,0,0,0,0,72,1,3840,2420,0,9,1025,838,0,0,48,121,322,573,ATK@600+HEAL@1200+CAP@1800
gauntlet/20261001-213712-scrim-b1z2b/losses/jmerle.camel_case_v21_final__GravitationalWaves__botB.bc24,jmerle.camel_case_v21_final,1,B,b1z2b,0,2000,MORE_FLAG_CAPTURES,0,-1,336,14,0,0,0,0,64,0,3880,280,0,15,804,1564,0,0,57,163,573,322,ATK@600+HEAL@1200+CAP@1800
gauntlet/20261001-213712-scrim-b1z2b/losses/kyleezz.jeeryfix3__CH3353C4K3F4CT0RY__botB.bc24,kyleezz.jeeryfix3,0,A,jeeryfix3,1,451,CAPTURE,3,295,230,6,0,0,0,0,25,11,13550,11580,0,3,966,662,0,0,159,138,70,143,
gauntlet/20261001-213712-scrim-b1z2b/losses/kyleezz.jeeryfix3__CH3353C4K3F4CT0RY__botB.bc24,kyleezz.jeeryfix3,1,B,b1z2b,0,451,CAPTURE,0,-1,265,1,0,0,0,0,9,0,15130,290,0,1,1100,1191,21,0,136,138,143,70,
gauntlet/20261001-213712-scrim-b1z2b/losses/jmerle.camel_case_v21_final__Hurricane__botA.bc24,jmerle.camel_case_v21_final,1,A,b1z2b,0,2000,MORE_FLAG_CAPTURES,0,-1,257,36,0,0,0,0,65,0,4950,260,0,2,506,721,3,0,52,111,229,166,ATK@600+HEAL@1200+CAP@1800
gauntlet/20261001-213712-scrim-b1z2b/losses/jmerle.camel_case_v21_final__Hurricane__botA.bc24,jmerle.camel_case_v21_final,0,B,camel_case_v21_final,1,2000,MORE_FLAG_CAPTURES,2,370,206,9,0,0,0,0,38,10,4760,3260,0,2,797,339,0,0,86,126,166,229,ATK@600+HEAL@1200+CAP@1800
gauntlet/20261001-213712-scrim-b1z2b/losses/justinottesen.sprint1__StarryNight__botA.bc24,justinottesen.sprint1,1,A,b1z2b,0,715,CAPTURE,2,447,411,5,0,0,0,0,90,0,13300,270,0,19,1477,959,0,0,157,215,406,67,ATK@600
gauntlet/20261001-213712-scrim-b1z2b/losses/justinottesen.sprint1__StarryNight__botA.bc24,justinottesen.sprint1,0,B,sprint1,1,715,CAPTURE,3,594,527,6,0,0,0,0,153,57,163,23,4,4,159,821,85,0,0,93,67,406,ATK@600
gauntlet/20261001-213712-scrim-b1z2b/losses/jmerle.camel_case_v21_final__OceanFloor__botB.bc24,jmerle.camel_case_v21_final,0,A,camel_case_v21_final,1,1065,CAPTURE,3,401,221,15,0,0,0,0,6,18,1820,290,0,1,1182,514,0,0,64,183,318,433,ATK@600
gauntlet/20261001-213712-scrim-b1z2b/losses/jmerle.camel_case_v21_final__OceanFloor__botB.bc24,jmerle.camel_case_v21_final,1,B,b1z2b,0,1065,CAPTURE,0,-1,304,10,0,0,0,0,40,0,2600,220,0,3,904,1421,1,0,49,111,433,318,ATK@600
gauntlet/20261001-213712-scrim-b1z2b/losses/kyleezz.jeeryfix3__Skyline__botA.bc24,kyleezz.jeeryfix3,1,A,b1z2b,0,389,CAPTURE,0,-1,0,0,0,0,0,0,95,0,21150,250,0,6,1193,1331,12,0,210,192,111,37,
gauntlet/20261001-213712-scrim-b1z2b/losses/kyleezz.jeeryfix3__Skyline__botA.bc24,kyleezz.jeeryfix3,0,B,jeeryfix3,1,389,CAPTURE,3,312,285,7,0,0,0,0,185,12,17250,14020,0,2,956,726,0,0,159,98,37,111,
gauntlet/20261001-213712-scrim-b1z2b/losses/quesswho.cretplayer2_3__Battlefield__botB.bc24,quesswho.cretplayer2_3,0,A,cretplayer2_3,1,349,CAPTURE,3,293,227,14,0,3,7,0,39,0,4930,950,0,21,929,645,0,4,52,52,66,92,
gauntlet/20261001-213712-scrim-b1z2b/losses/quesswho.cretplayer2_3__Battlefield__botB.bc24,quesswho.cretplayer2_3,1,B,b1z2b,0,349,CAPTURE,0,-1,329,2,0,0,0,0,26,0,5220,220,0,0,1011,843,0,0,67,57,92,66,
gauntlet/20261001-213712-scrim-b1z2b/losses/quesswho.cretplayer2_3__KingQuacksCastle__botB.bc24,quesswho.cretplayer2_3,0,A,cretplayer2_3,1,766,CAPTURE,3,414,249,22,0,3,44,0,23,0,3310,880,0,2,1066,689,0,5,100,127,255,286,ATK@600
gauntlet/20261001-213712-scrim-b1z2b/losses/quesswho.cretplayer2_3__KingQuacksCastle__botB.bc24,quesswho.cretplayer2_3,1,B,b1z2b,0,766,CAPTURE,0,-1,279,19,0,0,0,0,32,0,3040,220,0,0,1209,1120,2,0,53,65,286,255,ATK@600
gauntlet/20261001-213712-scrim-b1z2b/losses/kyleezz.jeeryfix3__Digging__botB.bc24,kyleezz.jeeryfix3,0,A,jeeryfix3,1,2000,MORE_FLAG_CAPTURES,1,283,257,2,0,0,0,0,26,0,2320,2450,0,11,1051,731,0,0,57,220,407,1511,ATK@600+CAP@1200+HEAL@1800
gauntlet/20261001-213712-scrim-b1z2b/losses/kyleezz.jeeryfix3__Digging__botB.bc24,kyleezz.jeeryfix3,1,B,b1z2b,0,2000,MORE_FLAG_CAPTURES,0,-1,0,0,0,0,0,0,17,0,2590,280,0,2,1195,1356,3,0,49,207,1511,407,ATK@600+HEAL@1200+CAP@1800
gauntlet/20261001-213712-scrim-b1z2b/losses/quesswho.cretplayer2_3__Canals__botA.bc24,quesswho.cretplayer2_3,1,A,b1z2b,0,1088,CAPTURE,2,501,397,9,0,0,0,0,0,0,7000,280,0,1,986,1080,2,0,78,158,418,308,ATK@600
gauntlet/20261001-213712-scrim-b1z2b/losses/quesswho.cretplayer2_3__Canals__botA.bc24,quesswho.cretplayer2_3,0,B,cretplayer2_3,1,1088,CAPTURE,3,344,239,25,0,3,18,0,0,0,7000,936,0,3,961,875,0,3,83,168,308,418,ATK@600
gauntlet/20261001-213712-scrim-b1z2b/losses/winkelmantanner.waffle__StackGame__botB.bc24,winkelmantanner.waffle,0,A,waffle,1,397,CAPTURE,3,286,245,12,0,0,0,0,34,24,3580,610,0,8,1125,926,0,0,85,77,48,106,
gauntlet/20261001-213712-scrim-b1z2b/losses/winkelmantanner.waffle__StackGame__botB.bc24,winkelmantanner.waffle,1,B,b1z2b,0,397,CAPTURE,0,-1,0,0,0,0,0,0,35,0,5950,210,0,1,1266,1447,0,0,79,74,106,48,
gauntlet/20261001-213712-scrim-b1z2b/losses/winkelmantanner.waffle__Skyline__botA.bc24,winkelmantanner.waffle,1,A,b1z2b,0,498,CAPTURE,0,-1,0,0,0,0,0,0,102,0,20940,3420,0,12,1127,1160,21,0,194,205,147,86,
gauntlet/20261001-213712-scrim-b1z2b/losses/winkelmantanner.waffle__Skyline__botA.bc24,winkelmantanner.waffle,0,B,waffle,1,498,CAPTURE,3,368,319,14,0,0,0,0,78,61,15677,8865,4,8,1035,825,0,0,241,238,86,147,
gauntlet/20261001-213712-scrim-b1z2b/losses/winkelmantanner.waffle__Islands__botA.bc24,winkelmantanner.waffle,1,A,b1z2b,0,961,CAPTURE,2,468,442,4,0,0,0,0,73,0,6010,300,0,0,1297,1665,9,0,65,143,431,150,ATK@600
gauntlet/20261001-213712-scrim-b1z2b/losses/winkelmantanner.waffle__Islands__botA.bc24,winkelmantanner.waffle,0,B,waffle,1,961,CAPTURE,3,359,219,39,0,0,0,0,40,61,1024,494,3,11,1020,897,0,0,88,156,150,431,ATK@600
gauntlet/20261001-213712-scrim-b1z2b/losses/winkelmantanner.waffle__Gauntlet__botB.bc24,winkelmantanner.waffle,0,A,waffle,1,1253,CAPTURE,3,583,257,72,0,0,0,0,29,3,3330,2240,0,2,1046,1063,0,0,78,178,336,620,ATK@600+HEAL@1200
gauntlet/20261001-213712-scrim-b1z2b/losses/winkelmantanner.waffle__Gauntlet__botB.bc24,winkelmantanner.waffle,1,B,b1z2b,0,1253,CAPTURE,2,337,261,4,0,0,0,0,62,0,2540,230,0,0,869,987,2,0,31,160,620,336,ATK@600+HEAL@1200
gauntlet/20261001-213712-scrim-b1z2b/replays/ColtG5.Goob_final__BigDucksBigPond__botB.bc24,ColtG5.Goob_final,0,A,Goob_final,0,1952,CAPTURE,1,310,239,8,0,0,0,0,128,0,3560,30,0,7,1034,906,11,0,72,277,461,1273,ATK@600+HEAL@1200+CAP@1800
gauntlet/20261001-213712-scrim-b1z2b/replays/ColtG5.Goob_final__BigDucksBigPond__botB.bc24,ColtG5.Goob_final,1,B,b1z2b,1,1952,CAPTURE,3,1470,1242,8,0,0,0,0,127,0,3690,220,0,1,1140,1301,6,0,45,331,1273,461,ATK@600+HEAL@1200+CAP@1800
gauntlet/20261001-213712-scrim-b1z2b/replays/ColtG5.Goob_final__DefaultLarge__botA.bc24,ColtG5.Goob_final,1,A,b1z2b,1,2000,MORE_FLAG_CAPTURES,1,1594,341,5,0,0,0,0,50,0,2700,230,0,0,1173,1428,2,0,66,403,1349,445,ATK@600+HEAL@1200+CAP@1800
gauntlet/20261001-213712-scrim-b1z2b/replays/ColtG5.Goob_final__DefaultLarge__botA.bc24,ColtG5.Goob_final,0,B,Goob_final,0,2000,MORE_FLAG_CAPTURES,0,-1,286,19,0,0,0,0,41,0,2970,70,0,10,983,813,10,0,66,270,445,1349,ATK@600+HEAL@1200+CAP@1800
gauntlet/20261001-213712-scrim-b1z2b/replays/ColtG5.Goob_final__OceanFloor__botA.bc24,ColtG5.Goob_final,1,A,b1z2b,1,1815,CAPTURE,3,475,423,5,0,0,0,0,35,0,2750,300,0,5,1074,1204,3,0,49,307,1157,380,ATK@600+HEAL@1200+CAP@1800
gauntlet/20261001-213712-scrim-b1z2b/replays/ColtG5.Goob_final__OceanFloor__botA.bc24,ColtG5.Goob_final,0,B,Goob_final,0,1815,CAPTURE,2,347,226,20,0,0,0,0,55,0,2150,20,0,12,991,861,0,0,42,229,380,1157,ATK@600+HEAL@1200+CAP@1800
gauntlet/20261001-213712-scrim-b1z2b/replays/CyrilSharma.finalBot__Fusbol__botA.bc24,CyrilSharma.finalBot,1,A,b1z2b,1,2000,LEVEL_SUM,0,-1,0,0,0,0,0,0,106,0,6420,230,0,12,871,1087,6,0,127,266,411,432,ATK@600+HEAL@1200+CAP@1800
gauntlet/20261001-213712-scrim-b1z2b/replays/CyrilSharma.finalBot__Fusbol__botA.bc24,CyrilSharma.finalBot,0,B,finalBot,0,2000,LEVEL_SUM,0,-1,483,4,0,0,0,19,50,0,1731,2616,3,6,773,1055,0,0,61,403,432,411,ATK@600+HEAL@1200+CAP@1800
gauntlet/20261001-213712-scrim-b1z2b/replays/ColtG5.Goob_final__Tunnels__botA.bc24,ColtG5.Goob_final,1,A,b1z2b,1,2000,LEVEL_SUM,0,-1,0,0,0,0,0,0,60,0,3000,300,0,15,1033,1306,0,0,53,201,754,296,ATK@600+HEAL@1200+CAP@1800
gauntlet/20261001-213712-scrim-b1z2b/replays/ColtG5.Goob_final__Tunnels__botA.bc24,ColtG5.Goob_final,0,B,Goob_final,0,2000,LEVEL_SUM,0,-1,597,6,0,0,0,0,64,0,2880,1470,0,15,706,879,2,0,46,195,296,754,ATK@600+HEAL@1200+CAP@1800
gauntlet/20261001-213712-scrim-b1z2b/replays/Gymhgy.v10official__Diagonal__botA.bc24,Gymhgy.v10official,1,A,b1z2b,1,2000,LEVEL_SUM,0,-1,226,5,0,0,0,0,20,0,6900,230,0,4,489,601,10,0,67,219,204,109,ATK@600+HEAL@1200+CAP@1800
gauntlet/20261001-213712-scrim-b1z2b/replays/Gymhgy.v10official__Diagonal__botA.bc24,Gymhgy.v10official,0,B,v10official,0,2000,LEVEL_SUM,0,-1,0,3,0,3,11,65,20,2,5585,1645,12,10,428,666,15,2,69,140,109,204,ATK@600+HEAL@1200+CAP@1800
gauntlet/20261001-213712-scrim-b1z2b/replays/IvanGeffner.kuma__Capacitance__botA.bc24,IvanGeffner.kuma,1,A,b1z2b,1,2000,LEVEL_SUM,1,1581,438,2,0,0,0,0,20,0,5400,300,0,18,846,1287,0,0,82,243,398,470,ATK@600+HEAL@1200+CAP@1800
gauntlet/20261001-213712-scrim-b1z2b/replays/IvanGeffner.kuma__Capacitance__botA.bc24,IvanGeffner.kuma,0,B,kuma,0,2000,LEVEL_SUM,1,1577,613,24,14,0,0,90,18,0,4020,2140,18,10,918,1156,5,0,95,417,470,398,ATK@600+HEAL@1200+CAP@1800
gauntlet/20261001-213712-scrim-b1z2b/replays/SampleProvider.TSPAARKSPRINT1__KingQuacksCastle__botB.bc24,SampleProvider.TSPAARKSPRINT1,0,A,TSPAARKSPRINT1,0,1550,CAPTURE,1,1049,271,74,0,3,40,0,40,4,2400,430,0,3,600,1579,20,34,8,113,212,445,ATK@600+CAP@1200
gauntlet/20261001-213712-scrim-b1z2b/replays/SampleProvider.TSPAARKSPRINT1__KingQuacksCastle__botB.bc24,SampleProvider.TSPAARKSPRINT1,1,B,b1z2b,1,1550,CAPTURE,3,1204,290,12,0,0,0,0,29,0,3130,170,0,14,1096,1192,3,0,43,172,445,212,ATK@600+HEAL@1200
gauntlet/20261001-213712-scrim-b1z2b/replays/SampleProvider.TSPAARKSPRINT1__English__botA.bc24,SampleProvider.TSPAARKSPRINT1,1,A,b1z2b,1,1506,CAPTURE,3,955,235,60,0,0,0,0,200,0,7300,240,0,7,1001,914,5,0,80,324,768,135,ATK@600+HEAL@1200
gauntlet/20261001-213712-scrim-b1z2b/replays/SampleProvider.TSPAARKSPRINT1__English__botA.bc24,SampleProvider.TSPAARKSPRINT1,0,B,TSPAARKSPRINT1,0,1506,CAPTURE,2,878,212,25,0,3,67,0,322,2,3440,20,0,16,527,1387,1,26,6,50,135,768,ATK@600+CAP@1200
gauntlet/20261001-213712-scrim-b1z2b/replays/awu7.ExplosiveBot__Alligator__botA.bc24,awu7.ExplosiveBot,1,A,b1z2b,1,1065,CAPTURE,3,812,221,32,0,0,0,0,52,0,4140,230,0,17,1190,1215,0,0,117,233,661,115,ATK@600
gauntlet/20261001-213712-scrim-b1z2b/replays/awu7.ExplosiveBot__Alligator__botA.bc24,awu7.ExplosiveBot,0,B,ExplosiveBot,0,1065,CAPTURE,0,-1,455,6,4,0,0,0,69,10,2530,5180,0,35,721,663,1,0,21,74,115,661,ATK@600
gauntlet/20261001-213712-scrim-b1z2b/replays/NotLLeon.v3__Hurricane__botB.bc24,NotLLeon.v3,0,A,v3,0,2000,LEVEL_SUM,0,-1,216,75,0,0,0,0,64,0,4980,1830,0,5,630,757,0,0,69,220,145,221,ATK@600+HEAL@1200+CAP@1800
gauntlet/20261001-213712-scrim-b1z2b/replays/NotLLeon.v3__Hurricane__botB.bc24,NotLLeon.v3,1,B,b1z2b,1,2000,LEVEL_SUM,0,-1,337,17,0,0,0,0,64,0,4980,220,0,2,659,849,7,0,50,179,221,145,ATK@600+HEAL@1200+CAP@1800
gauntlet/20261001-213712-scrim-b1z2b/replays/awu7.ExplosiveBot__Canals__botA.bc24,awu7.ExplosiveBot,1,A,b1z2b,1,1216,CAPTURE,3,422,378,27,0,0,0,0,0,0,7000,290,0,3,1230,1465,6,0,91,318,959,123,ATK@600+HEAL@1200
gauntlet/20261001-213712-scrim-b1z2b/replays/awu7.ExplosiveBot__Canals__botA.bc24,awu7.ExplosiveBot,0,B,ExplosiveBot,0,1216,CAPTURE,0,-1,241,18,4,0,0,0,0,11,5400,120,0,29,748,538,28,0,17,93,123,959,ATK@600+HEAL@1200
gauntlet/20261001-213712-scrim-b1z2b/replays/SampleProvider.TSPAARKSPRINT1__WheresMyWater__botB.bc24,SampleProvider.TSPAARKSPRINT1,0,A,TSPAARKSPRINT1,0,2000,LEVEL_SUM,2,382,283,25,0,3,12,0,173,1,10,10,0,8,592,1484,1,9,1,69,107,997,ATK@600+CAP@1200+HEAL@1800
gauntlet/20261001-213712-scrim-b1z2b/replays/SampleProvider.TSPAARKSPRINT1__WheresMyWater__botB.bc24,SampleProvider.TSPAARKSPRINT1,1,B,b1z2b,1,2000,LEVEL_SUM,2,287,232,9,0,0,0,0,54,0,3780,280,0,17,1219,1041,0,0,74,291,997,107,ATK@600+HEAL@1200+CAP@1800
gauntlet/20261001-213712-scrim-b1z2b/replays/awu7.ExplosiveBot__Capacitance__botB.bc24,awu7.ExplosiveBot,0,A,ExplosiveBot,0,1669,CAPTURE,2,896,320,54,28,0,0,0,28,1,4960,3270,0,25,536,673,37,0,6,118,145,1121,ATK@600+HEAL@1200
gauntlet/20261001-213712-scrim-b1z2b/replays/awu7.ExplosiveBot__Capacitance__botB.bc24,awu7.ExplosiveBot,1,B,b1z2b,1,1669,CAPTURE,3,454,432,13,0,0,0,0,18,0,5460,290,0,22,960,1187,0,0,89,333,1121,145,ATK@600+HEAL@1200
gauntlet/20261001-213712-scrim-b1z2b/replays/awu7.ExplosiveBot__Joker__botB.bc24,awu7.ExplosiveBot,0,A,ExplosiveBot,0,1242,CAPTURE,0,-1,244,4,0,0,0,0,35,9,14950,16650,0,13,618,635,57,0,18,163,204,778,ATK@600+HEAL@1200
gauntlet/20261001-213712-scrim-b1z2b/replays/awu7.ExplosiveBot__Joker__botB.bc24,awu7.ExplosiveBot,1,B,b1z2b,1,1242,CAPTURE,3,504,272,27,0,0,0,0,3,0,16810,260,0,9,1127,1232,11,0,253,399,778,204,ATK@600+HEAL@1200
gauntlet/20261001-213712-scrim-b1z2b/replays/awu7.ExplosiveBot__GaltonBoard__botA.bc24,awu7.ExplosiveBot,1,A,b1z2b,1,1687,CAPTURE,3,957,454,17,0,0,0,0,12,0,2040,220,0,6,1260,1481,0,0,65,286,1438,196,ATK@600+HEAL@1200
gauntlet/20261001-213712-scrim-b1z2b/replays/awu7.ExplosiveBot__GaltonBoard__botA.bc24,awu7.ExplosiveBot,0,B,ExplosiveBot,0,1687,CAPTURE,1,252,237,20,11,0,0,0,9,9,1230,1130,0,15,798,854,11,0,9,64,196,1438,ATK@600+HEAL@1200
gauntlet/20261001-213712-scrim-b1z2b/replays/clbarrell.duck8__Hockey__botB.bc24,clbarrell.duck8,0,A,duck8,0,1011,CAPTURE,0,-1,0,0,0,0,0,0,26,43,40,70,3,4,905,1247,7,0,56,114,87,653,ATK@750
gauntlet/20261001-213712-scrim-b1z2b/replays/clbarrell.duck8__Hockey__botB.bc24,clbarrell.duck8,1,B,b1z2b,1,1011,CAPTURE,3,725,628,6,0,0,0,0,27,0,4890,270,0,7,1260,1633,2,0,75,198,653,87,ATK@600
gauntlet/20261001-213712-scrim-b1z2b/replays/clbarrell.duck8__Islands__botB.bc24,clbarrell.duck8,0,A,duck8,0,1022,CAPTURE,2,360,225,24,0,0,0,0,44,52,80,80,3,5,800,1119,17,0,58,141,183,428,ATK@750
gauntlet/20261001-213712-scrim-b1z2b/replays/clbarrell.duck8__Islands__botB.bc24,clbarrell.duck8,1,B,b1z2b,1,1022,CAPTURE,3,479,290,7,0,0,0,0,83,0,5710,240,0,0,1147,1425,8,0,59,170,428,183,ATK@600
gauntlet/20261001-213712-scrim-b1z2b/replays/awu7.ExplosiveBot__Klein__botB.bc24,awu7.ExplosiveBot,0,A,ExplosiveBot,0,1649,CAPTURE,0,-1,362,29,19,0,0,0,259,3,30,20,0,7,621,462,1,0,3,64,163,1257,ATK@600+HEAL@1200
gauntlet/20261001-213712-scrim-b1z2b/replays/awu7.ExplosiveBot__Klein__botB.bc24,awu7.ExplosiveBot,1,B,b1z2b,1,1649,CAPTURE,3,339,295,18,0,0,0,0,111,0,5370,160,0,5,985,989,0,0,86,423,1257,163,ATK@600+HEAL@1200
gauntlet/20261001-213712-scrim-b1z2b/replays/clbarrell.duck8__Mountain__botB.bc24,clbarrell.duck8,0,A,duck8,0,2000,MORE_FLAG_CAPTURES,1,289,268,7,0,0,0,0,12,45,150,80,3,23,812,787,16,0,68,226,372,1215,ATK@750+HEAL@1500
gauntlet/20261001-213712-scrim-b1z2b/replays/clbarrell.duck8__Mountain__botB.bc24,clbarrell.duck8,1,B,b1z2b,1,2000,MORE_FLAG_CAPTURES,2,696,680,3,0,0,0,0,36,0,5420,270,0,0,1057,1097,0,0,74,316,1215,372,ATK@600+HEAL@1200+CAP@1800
gauntlet/20261001-213712-scrim-b1z2b/replays/dmtrung14.defaultplayer_intlqualifier__Foxes__botB.bc24,dmtrung14.defaultplayer_intlqualifier,0,A,defaultplayer_intlqualifier,0,2000,MORE_FLAG_CAPTURES,0,-1,0,3,0,3,40,0,17,24,6390,5160,0,2,309,944,6,24,19,93,36,429,ATK@600+HEAL@1200+CAP@1800
gauntlet/20261001-213712-scrim-b1z2b/replays/dmtrung14.defaultplayer_intlqualifier__Foxes__botB.bc24,dmtrung14.defaultplayer_intlqualifier,1,B,b1z2b,1,2000,MORE_FLAG_CAPTURES,2,554,289,7,0,0,0,0,10,0,9600,50,0,3,1162,477,13,0,90,163,429,36,ATK@600+HEAL@1200+CAP@1800
gauntlet/20261001-213712-scrim-b1z2b/replays/dmtrung14.defaultplayer_intlqualifier__OceanFloor__botB.bc24,dmtrung14.defaultplayer_intlqualifier,0,A,defaultplayer_intlqualifier,0,2000,MORE_FLAG_CAPTURES,0,-1,247,30,14,3,17,0,50,16,100,70,0,1,280,920,6,12,16,46,115,927,ATK@600+HEAL@1200+CAP@1800
gauntlet/20261001-213712-scrim-b1z2b/replays/dmtrung14.defaultplayer_intlqualifier__OceanFloor__botB.bc24,dmtrung14.defaultplayer_intlqualifier,1,B,b1z2b,1,2000,MORE_FLAG_CAPTURES,1,316,253,3,0,0,0,0,32,0,2840,220,0,13,1108,482,1,0,45,231,927,115,ATK@600+HEAL@1200+CAP@1800
gauntlet/20261001-213712-scrim-b1z2b/replays/dmtrung14.defaultplayer_intlqualifier__Klein__botA.bc24,dmtrung14.defaultplayer_intlqualifier,1,A,b1z2b,1,2000,MORE_FLAG_CAPTURES,1,865,210,8,0,0,0,0,117,0,5490,230,0,16,590,244,0,0,69,159,285,84,ATK@600+HEAL@1200+CAP@1800
gauntlet/20261001-213712-scrim-b1z2b/replays/dmtrung14.defaultplayer_intlqualifier__Klein__botA.bc24,dmtrung14.defaultplayer_intlqualifier,0,B,defaultplayer_intlqualifier,0,2000,MORE_FLAG_CAPTURES,0,-1,0,3,0,3,25,0,229,9,30,646,0,14,153,542,6,16,2,43,84,285,ATK@600+HEAL@1200+CAP@1800
gauntlet/20261001-213712-scrim-b1z2b/replays/dmtrung14.defaultplayer_intlqualifier__StarryNight__botA.bc24,dmtrung14.defaultplayer_intlqualifier,1,A,b1z2b,1,2000,LEVEL_SUM,1,755,238,13,0,0,0,0,94,0,13180,190,0,1,1292,498,1,0,150,263,875,81,ATK@600+HEAL@1200+CAP@1800
gauntlet/20261001-213712-scrim-b1z2b/replays/dmtrung14.defaultplayer_intlqualifier__StarryNight__botA.bc24,dmtrung14.defaultplayer_intlqualifier,0,B,defaultplayer_intlqualifier,0,2000,LEVEL_SUM,1,283,222,19,10,3,10,0,118,23,9760,9190,0,15,326,780,4,21,21,100,81,875,ATK@600+HEAL@1200+CAP@1800
gauntlet/20261001-213712-scrim-b1z2b/replays/jonters.bling3__Alien__botA.bc24,jonters.bling3,1,A,b1z2b,1,1503,CAPTURE,3,1299,232,26,0,0,0,0,8,0,5460,250,0,11,1278,1513,0,0,78,206,710,262,ATK@600+HEAL@1200
gauntlet/20261001-213712-scrim-b1z2b/replays/jonters.bling3__Alien__botA.bc24,jonters.bling3,0,B,bling3,0,1503,CAPTURE,2,301,277,6,0,0,0,0,10,16,2200,1530,0,11,845,1542,30,0,4,115,262,710,ATK@600+HEAL@1200
gauntlet/20261001-213712-scrim-b1z2b/replays/hsmalladi.finalbot__Puzzle__botA.bc24,hsmalladi.finalbot,1,A,b1z2b,1,2000,LEVEL_SUM,2,1011,234,12,0,0,0,0,5,0,2250,302,0,2,671,830,2,0,108,222,283,248,ATK@600+HEAL@1200+CAP@1800
gauntlet/20261001-213712-scrim-b1z2b/replays/hsmalladi.finalbot__Puzzle__botA.bc24,hsmalladi.finalbot,0,B,finalbot,0,2000,LEVEL_SUM,2,361,267,24,9,3,27,0,69,0,330,6030,0,0,692,721,0,7,111,296,248,283,ATK@600+HEAL@1200+CAP@1800
gauntlet/20261001-213712-scrim-b1z2b/replays/jonters.bling3__DefaultHuge__botB.bc24,jonters.bling3,0,A,bling3,0,941,CAPTURE,1,384,283,11,0,0,0,0,42,12,2440,440,0,0,713,1051,30,0,6,62,147,321,ATK@600
gauntlet/20261001-213712-scrim-b1z2b/replays/jonters.bling3__DefaultHuge__botB.bc24,jonters.bling3,1,B,b1z2b,1,941,CAPTURE,3,248,217,10,0,0,0,0,8,0,5860,280,0,0,1075,1097,2,0,86,186,321,147,ATK@600
gauntlet/20261001-213712-scrim-b1z2b/replays/jonters.bling3__Hockey__botB.bc24,jonters.bling3,0,A,bling3,0,1201,CAPTURE,0,-1,0,0,0,0,0,0,56,14,1220,1320,0,0,848,2312,20,0,0,64,142,331,ATK@600+HEAL@1200
gauntlet/20261001-213712-scrim-b1z2b/replays/jonters.bling3__Hockey__botB.bc24,jonters.bling3,1,B,b1z2b,1,1201,CAPTURE,3,405,305,19,0,0,0,0,29,0,4830,240,0,3,1260,1642,3,0,61,98,331,142,ATK@600+HEAL@1200
gauntlet/20261001-213712-scrim-b1z2b/replays/justinottesen.sprint1__Battlecode24__botB.bc24,justinottesen.sprint1,0,A,sprint1,0,627,CAPTURE,0,-1,0,0,0,0,0,0,191,0,7270,8380,0,5,178,938,83,0,0,59,55,245,ATK@600
gauntlet/20261001-213712-scrim-b1z2b/replays/justinottesen.sprint1__Battlecode24__botB.bc24,justinottesen.sprint1,1,B,b1z2b,1,627,CAPTURE,3,264,225,14,0,0,0,0,60,0,13000,301,0,15,1082,504,13,0,243,286,245,55,ATK@600
gauntlet/20261001-213712-scrim-b1z2b/replays/jonters.bling3__Randy__botB.bc24,jonters.bling3,0,A,bling3,0,1047,CAPTURE,2,931,220,9,0,0,0,0,6,8,4020,3300,0,10,670,1221,41,0,8,102,189,365,ATK@600
gauntlet/20261001-213712-scrim-b1z2b/replays/jonters.bling3__Randy__botB.bc24,jonters.bling3,1,B,b1z2b,1,1047,CAPTURE,3,316,210,19,0,0,0,0,6,0,5620,300,0,14,1016,1276,0,0,79,177,365,189,ATK@600
gauntlet/20261001-213712-scrim-b1z2b/replays/justinottesen.sprint1__GaltonBoard__botB.bc24,justinottesen.sprint1,0,A,sprint1,0,1068,CAPTURE,0,-1,0,0,0,0,0,0,10,10,100,190,0,6,141,856,120,0,0,179,104,856,ATK@600
gauntlet/20261001-213712-scrim-b1z2b/replays/justinottesen.sprint1__GaltonBoard__botB.bc24,justinottesen.sprint1,1,B,b1z2b,1,1068,CAPTURE,3,989,583,6,0,0,0,0,11,0,2070,500,0,27,1262,1149,0,0,89,213,856,104,ATK@600
gauntlet/20261001-213712-scrim-b1z2b/replays/jonters.bling3__Snake__botA.bc24,jonters.bling3,1,A,b1z2b,1,2000,MORE_FLAG_CAPTURES,2,310,225,18,0,0,0,0,185,0,9950,220,0,7,995,1053,20,0,288,392,726,359,ATK@600+HEAL@1200+CAP@1800
gauntlet/20261001-213712-scrim-b1z2b/replays/jonters.bling3__Snake__botA.bc24,jonters.bling3,0,B,bling3,0,2000,MORE_FLAG_CAPTURES,1,462,390,2,0,0,0,0,242,0,8240,11950,0,2,548,1047,98,0,0,240,359,726,ATK@600+HEAL@1200+CAP@1800
gauntlet/20261001-213712-scrim-b1z2b/replays/jonters.bling3__Whirlpool__botB.bc24,jonters.bling3,0,A,bling3,0,2000,MORE_FLAG_CAPTURES,1,299,249,1,0,0,0,0,97,10,290,2830,0,15,682,1590,28,0,7,120,251,775,ATK@600+HEAL@1200+CAP@1800
gauntlet/20261001-213712-scrim-b1z2b/replays/jonters.bling3__Whirlpool__botB.bc24,jonters.bling3,1,B,b1z2b,1,2000,MORE_FLAG_CAPTURES,2,471,388,5,0,0,0,0,89,0,2530,230,0,12,1112,1398,0,0,40,206,775,251,ATK@600+HEAL@1200+CAP@1800
gauntlet/20261001-213712-scrim-b1z2b/replays/justinottesen.sprint1__Hurricane__botB.bc24,justinottesen.sprint1,0,A,sprint1,0,1343,CAPTURE,0,-1,296,24,0,0,0,0,169,7,130,10,0,0,182,843,12,0,0,46,57,796,ATK@600
gauntlet/20261001-213712-scrim-b1z2b/replays/justinottesen.sprint1__Hurricane__botB.bc24,justinottesen.sprint1,1,B,b1z2b,1,1343,CAPTURE,3,1002,229,27,0,0,0,0,68,0,4860,250,0,4,1245,396,3,0,76,261,796,57,ATK@600+HEAL@1200
gauntlet/20261001-213712-scrim-b1z2b/replays/justinottesen.sprint1__Rivers__botB.bc24,justinottesen.sprint1,0,A,sprint1,0,632,CAPTURE,0,-1,0,0,0,0,0,0,44,0,2580,40,0,7,223,1173,23,0,0,33,25,512,ATK@600
gauntlet/20261001-213712-scrim-b1z2b/replays/justinottesen.sprint1__Rivers__botB.bc24,justinottesen.sprint1,1,B,b1z2b,1,632,CAPTURE,3,418,312,12,0,0,0,0,27,0,3090,230,0,3,1961,667,3,0,79,100,512,25,ATK@600
gauntlet/20261001-213712-scrim-b1z2b/replays/justinottesen.sprint1__Joker__botA.bc24,justinottesen.sprint1,1,A,b1z2b,1,907,CAPTURE,3,273,231,23,0,0,0,0,4,0,16780,300,0,20,1175,607,14,0,228,363,526,137,ATK@600
gauntlet/20261001-213712-scrim-b1z2b/replays/justinottesen.sprint1__Joker__botA.bc24,justinottesen.sprint1,0,B,sprint1,0,907,CAPTURE,0,-1,776,4,0,0,0,0,31,11,13770,10520,0,1,177,808,87,0,0,140,137,526,ATK@600
gauntlet/20261001-213712-scrim-b1z2b/replays/quesswho.cretplayer2_3__Capacitance__botA.bc24,quesswho.cretplayer2_3,1,A,b1z2b,1,543,CAPTURE,3,330,214,7,0,0,0,0,19,0,5430,240,0,0,636,709,0,0,78,72,68,42,
gauntlet/20261001-213712-scrim-b1z2b/replays/quesswho.cretplayer2_3__Capacitance__botA.bc24,quesswho.cretplayer2_3,0,B,cretplayer2_3,0,543,CAPTURE,1,287,241,6,0,3,8,0,17,0,5490,870,0,8,646,669,0,7,75,90,42,68,
gauntlet/20261001-213712-scrim-b1z2b/replays/kyleezz.jeeryfix3__Hurricane__botB.bc24,kyleezz.jeeryfix3,0,A,jeeryfix3,0,2000,LEVEL_SUM,0,-1,208,8,0,0,0,0,183,3,1110,1340,0,5,508,481,0,0,16,29,33,184,ATK@600+CAP@1200+HEAL@1800
gauntlet/20261001-213712-scrim-b1z2b/replays/kyleezz.jeeryfix3__Hurricane__botB.bc24,kyleezz.jeeryfix3,1,B,b1z2b,1,2000,LEVEL_SUM,0,-1,238,4,0,0,0,0,60,0,5100,220,0,8,565,670,4,0,66,58,184,33,ATK@600+HEAL@1200+CAP@1800
gauntlet/20261001-213712-scrim-b1z2b/replays/quesswho.cretplayer2_3__OceanFloor__botA.bc24,quesswho.cretplayer2_3,1,A,b1z2b,1,834,CAPTURE,3,656,473,4,0,0,0,0,33,0,2810,240,0,19,1139,1066,0,0,50,60,170,60,ATK@600
gauntlet/20261001-213712-scrim-b1z2b/replays/quesswho.cretplayer2_3__OceanFloor__botA.bc24,quesswho.cretplayer2_3,0,B,cretplayer2_3,0,834,CAPTURE,2,413,226,14,0,3,47,0,23,0,3110,940,0,4,867,655,0,2,45,54,60,170,ATK@600
gauntlet/20261001-213712-scrim-b1z2b/replays/kyleezz.jeeryfix3__OceanFloor__botA.bc24,kyleezz.jeeryfix3,1,A,b1z2b,1,1589,CAPTURE,3,652,498,7,0,0,0,0,45,0,2450,220,0,15,997,1158,2,0,41,286,951,274,ATK@600+HEAL@1200
gauntlet/20261001-213712-scrim-b1z2b/replays/kyleezz.jeeryfix3__OceanFloor__botA.bc24,kyleezz.jeeryfix3,0,B,jeeryfix3,0,1589,CAPTURE,2,572,240,22,0,0,0,0,74,3,1280,820,0,0,980,719,0,0,42,159,274,951,ATK@600+CAP@1200
gauntlet/20261001-213712-scrim-b1z2b/replays/kyleezz.jeeryfix3__YearOfTheDragon__botB.bc24,kyleezz.jeeryfix3,0,A,jeeryfix3,0,2000,MORE_FLAG_CAPTURES,1,332,235,6,0,0,0,0,28,8,11560,8060,0,1,959,761,0,0,111,331,357,1488,ATK@600+CAP@1200+HEAL@1800
gauntlet/20261001-213712-scrim-b1z2b/replays/kyleezz.jeeryfix3__YearOfTheDragon__botB.bc24,kyleezz.jeeryfix3,1,B,b1z2b,1,2000,MORE_FLAG_CAPTURES,2,1087,677,7,0,0,0,0,5,0,13050,250,0,3,1098,1396,17,0,120,557,1488,357,ATK@600+HEAL@1200+CAP@1800
gauntlet/20261001-213712-scrim-b1z2b/replays/winkelmantanner.waffle__BedWars__botA.bc24,winkelmantanner.waffle,1,A,b1z2b,1,638,CAPTURE,3,442,396,5,0,0,0,0,0,0,4800,50,0,10,399,491,3,0,32,34,85,32,ATK@600
gauntlet/20261001-213712-scrim-b1z2b/replays/winkelmantanner.waffle__BedWars__botA.bc24,winkelmantanner.waffle,0,B,waffle,0,638,CAPTURE,1,299,268,11,0,0,0,0,0,3,4500,1760,0,7,348,389,0,0,30,31,32,85,ATK@600
gauntlet/20261001-213712-scrim-b1z2b/replays/quesswho.cretplayer2_3__Tunnels__botB.bc24,quesswho.cretplayer2_3,0,A,cretplayer2_3,0,2000,LEVEL_SUM,1,751,588,17,0,3,18,0,58,0,3060,990,0,9,626,563,0,3,47,183,280,1614,ATK@600+HEAL@1200+CAP@1800
gauntlet/20261001-213712-scrim-b1z2b/replays/quesswho.cretplayer2_3__Tunnels__botB.bc24,quesswho.cretplayer2_3,1,B,b1z2b,1,2000,LEVEL_SUM,1,850,770,5,0,0,0,0,64,0,2880,250,0,28,1424,1006,0,0,53,227,1614,280,ATK@600+HEAL@1200+CAP@1800
gauntlet/20261001-213712-scrim-b1z2b/replays/winkelmantanner.waffle__Whirlpool__botB.bc24,winkelmantanner.waffle,0,A,waffle,0,2000,LEVEL_SUM,2,335,277,5,0,0,0,0,47,24,1403,2533,1,13,923,1650,0,0,66,214,296,791,ATK@600+HEAL@1200+CAP@1800
gauntlet/20261001-213712-scrim-b1z2b/replays/winkelmantanner.waffle__Whirlpool__botB.bc24,winkelmantanner.waffle,1,B,b1z2b,1,2000,LEVEL_SUM,2,1562,1517,2,0,0,0,0,84,0,2680,240,0,12,1172,1517,0,0,61,218,791,296,ATK@600+HEAL@1200+CAP@1800
