file,opp,us,team,name,won,rounds,wintype,captured,firstCapture,firstPickup,pickups,drops,setupFlagPickups,flagMoveDist,digs200,fills200,traps200,crumbs200,crumbs250,level200,defend300,atk400,heal400,expl400,water400,stun400,trapsHit,kills,deaths,upgrades
gauntlet/20261001-181029-scrim-b1v2/losses/ColtG5.Goob_final__Ambush__botA.bc24,ColtG5.Goob_final,1,A,b1v2,0,297,CAPTURE,0,-1,211,1,0,0,0,0,38,0,3560,300,0,0,563,580,0,0,44,44,26,44,
gauntlet/20261001-181029-scrim-b1v2/losses/ColtG5.Goob_final__Ambush__botA.bc24,ColtG5.Goob_final,0,B,Goob_final,1,297,CAPTURE,3,243,208,7,0,0,0,0,45,0,3350,820,0,12,658,499,8,0,68,39,44,26,
gauntlet/20261001-181029-scrim-b1v2/losses/CyrilSharma.finalBot__Bunkers__botA.bc24,CyrilSharma.finalBot,1,A,b1v2,0,575,CAPTURE,2,251,211,2,0,0,0,0,31,0,4270,210,0,20,1052,1204,4,0,54,71,121,90,
gauntlet/20261001-181029-scrim-b1v2/losses/CyrilSharma.finalBot__Bunkers__botA.bc24,CyrilSharma.finalBot,0,B,finalBot,1,575,CAPTURE,3,283,235,16,0,0,0,60,7,3,3685,2045,12,1,1067,1207,0,0,115,132,90,121,
gauntlet/20261001-181029-scrim-b1v2/losses/CyrilSharma.finalBot__Decision__botB.bc24,CyrilSharma.finalBot,0,A,finalBot,1,864,CAPTURE,3,416,250,19,0,0,0,57,24,1,1607,375,11,2,530,498,0,0,58,108,96,101,ATK@600
gauntlet/20261001-181029-scrim-b1v2/losses/CyrilSharma.finalBot__Decision__botB.bc24,CyrilSharma.finalBot,1,B,b1v2,0,864,CAPTURE,0,-1,280,5,0,0,0,0,91,0,1570,240,0,0,551,691,1,0,34,77,101,96,ATK@600
gauntlet/20261001-181029-scrim-b1v2/losses/ColtG5.Goob_final__Swoop__botB.bc24,ColtG5.Goob_final,0,A,Goob_final,1,1330,CAPTURE,3,417,236,20,0,0,0,0,53,0,5110,50,0,13,1026,767,5,0,62,197,309,798,ATK@600+HEAL@1200
gauntlet/20261001-181029-scrim-b1v2/losses/ColtG5.Goob_final__Swoop__botB.bc24,ColtG5.Goob_final,1,B,b1v2,0,1330,CAPTURE,1,515,431,2,0,0,0,0,66,0,4720,240,0,17,1201,1414,3,0,65,202,798,309,ATK@600+HEAL@1200
gauntlet/20261001-181029-scrim-b1v2/losses/ColtG5.Goob_final__Joker__botB.bc24,ColtG5.Goob_final,0,A,Goob_final,1,2000,MORE_FLAG_CAPTURES,2,335,293,6,0,0,0,0,25,0,16150,17990,0,6,1015,741,12,0,116,388,450,971,ATK@600+HEAL@1200+CAP@1800
gauntlet/20261001-181029-scrim-b1v2/losses/ColtG5.Goob_final__Joker__botB.bc24,ColtG5.Goob_final,1,B,b1v2,0,2000,MORE_FLAG_CAPTURES,0,-1,0,0,0,0,0,0,2,0,16840,280,0,0,1167,1372,15,0,220,394,971,450,ATK@600+HEAL@1200+CAP@1800
gauntlet/20261001-181029-scrim-b1v2/losses/ColtG5.Goob_final__EvilGrin__botA.bc24,ColtG5.Goob_final,1,A,b1v2,0,2000,MORE_FLAG_CAPTURES,0,-1,0,0,0,0,0,0,47,0,2990,240,0,1,1284,1592,2,0,50,212,1279,541,ATK@600+HEAL@1200+CAP@1800
gauntlet/20261001-181029-scrim-b1v2/losses/ColtG5.Goob_final__EvilGrin__botA.bc24,ColtG5.Goob_final,0,B,Goob_final,1,2000,MORE_FLAG_CAPTURES,1,278,241,7,0,0,0,0,56,0,2720,60,0,4,1113,861,12,0,66,355,541,1279,ATK@600+HEAL@1200+CAP@1800
gauntlet/20261001-181029-scrim-b1v2/losses/ColtG5.Goob_final__Gated__botA.bc24,ColtG5.Goob_final,1,A,b1v2,0,2000,MORE_FLAG_CAPTURES,0,-1,1916,1,0,0,0,0,30,0,3000,230,0,20,1118,1390,3,0,46,198,1175,404,ATK@600+HEAL@1200+CAP@1800
gauntlet/20261001-181029-scrim-b1v2/losses/ColtG5.Goob_final__Gated__botA.bc24,ColtG5.Goob_final,0,B,Goob_final,1,2000,MORE_FLAG_CAPTURES,1,907,267,19,0,0,0,0,35,0,2850,30,0,4,901,888,2,0,46,229,404,1175,ATK@600+HEAL@1200+CAP@1800
gauntlet/20261001-181029-scrim-b1v2/losses/CyrilSharma.finalBot__OceanFloor__botA.bc24,CyrilSharma.finalBot,1,A,b1v2,0,1072,CAPTURE,0,-1,253,11,0,0,0,0,33,0,2810,290,0,6,588,637,3,0,37,102,140,135,ATK@600
gauntlet/20261001-181029-scrim-b1v2/losses/CyrilSharma.finalBot__OceanFloor__botA.bc24,CyrilSharma.finalBot,0,B,finalBot,1,1072,CAPTURE,3,339,218,21,0,0,0,60,2,2,2544,464,12,5,762,841,0,0,94,193,135,140,ATK@600
gauntlet/20261001-181029-scrim-b1v2/losses/CyrilSharma.finalBot__Whirlpool__botA.bc24,CyrilSharma.finalBot,1,A,b1v2,0,1018,CAPTURE,0,-1,0,0,0,0,0,0,85,0,2650,240,0,12,1008,1397,0,0,41,89,251,221,ATK@600
gauntlet/20261001-181029-scrim-b1v2/losses/CyrilSharma.finalBot__Whirlpool__botA.bc24,CyrilSharma.finalBot,0,B,finalBot,1,1018,CAPTURE,3,725,244,22,0,0,0,27,50,0,3191,5888,4,16,823,1167,0,0,54,214,221,251,ATK@600
gauntlet/20261001-181029-scrim-b1v2/losses/Gymhgy.v10official__Backslash__botA.bc24,Gymhgy.v10official,1,A,b1v2,0,403,CAPTURE,0,-1,337,3,0,0,0,0,200,0,1100,220,0,1,840,1206,0,0,103,79,17,42,
gauntlet/20261001-181029-scrim-b1v2/losses/Gymhgy.v10official__Backslash__botA.bc24,Gymhgy.v10official,0,B,v10official,1,403,CAPTURE,3,316,249,37,28,3,38,73,110,3,2328,7431,14,0,797,1325,77,3,83,88,42,17,
gauntlet/20261001-181029-scrim-b1v2/losses/CyrilSharma.finalBot__EvilGrin__botB.bc24,CyrilSharma.finalBot,0,A,finalBot,1,2000,MORE_FLAG_CAPTURES,2,625,378,27,0,0,0,49,29,0,2657,5450,9,8,1005,1074,0,0,146,554,593,608,ATK@600+HEAL@1200+CAP@1800
gauntlet/20261001-181029-scrim-b1v2/losses/CyrilSharma.finalBot__EvilGrin__botB.bc24,CyrilSharma.finalBot,1,B,b1v2,0,2000,MORE_FLAG_CAPTURES,0,-1,318,6,0,0,0,0,51,0,2870,290,0,3,929,1233,3,0,50,219,608,593,ATK@600+HEAL@1200+CAP@1800
gauntlet/20261001-181029-scrim-b1v2/losses/Gymhgy.v10official__Decision__botB.bc24,Gymhgy.v10official,0,A,v10official,1,473,CAPTURE,3,350,267,47,39,3,12,90,72,3,415,115,18,0,790,1397,0,3,26,19,15,49,
gauntlet/20261001-181029-scrim-b1v2/losses/Gymhgy.v10official__Decision__botB.bc24,Gymhgy.v10official,1,B,b1v2,0,473,CAPTURE,0,-1,292,3,0,0,0,0,82,0,1840,210,0,7,940,1373,1,0,34,34,49,15,
gauntlet/20261001-181029-scrim-b1v2/losses/Gymhgy.v10official__Asteroids__botA.bc24,Gymhgy.v10official,1,A,b1v2,0,2000,MORE_FLAG_CAPTURES,1,585,296,16,0,0,0,0,38,0,2060,260,0,2,918,1181,2,0,37,183,447,449,ATK@600+HEAL@1200+CAP@1800
gauntlet/20261001-181029-scrim-b1v2/losses/Gymhgy.v10official__Asteroids__botA.bc24,Gymhgy.v10official,0,B,v10official,1,2000,MORE_FLAG_CAPTURES,2,310,257,48,33,3,13,90,36,2,493,103,18,0,919,1526,12,2,59,269,449,447,ATK@600+HEAL@1200+CAP@1800
gauntlet/20261001-181029-scrim-b1v2/losses/Gymhgy.v10official__CH3353C4K3F4CT0RY__botA.bc24,Gymhgy.v10official,1,A,b1v2,0,1955,CAPTURE,0,-1,284,5,0,0,0,0,10,0,15100,305,0,16,1009,1284,20,0,133,313,686,405,ATK@600+HEAL@1200+CAP@1800
gauntlet/20261001-181029-scrim-b1v2/losses/Gymhgy.v10official__CH3353C4K3F4CT0RY__botA.bc24,Gymhgy.v10official,0,B,v10official,1,1955,CAPTURE,3,359,273,99,41,3,30,90,10,3,13345,10145,18,0,944,1475,51,3,117,445,405,686,ATK@600+HEAL@1200+CAP@1800
gauntlet/20261001-181029-scrim-b1v2/losses/Gymhgy.v10official__Klein__botB.bc24,Gymhgy.v10official,0,A,v10official,1,529,CAPTURE,3,290,265,35,26,3,39,34,161,2,4605,838,6,0,905,1615,1,2,53,44,42,39,
gauntlet/20261001-181029-scrim-b1v2/losses/Gymhgy.v10official__Klein__botB.bc24,Gymhgy.v10official,1,B,b1v2,0,529,CAPTURE,0,-1,298,2,0,0,0,0,127,0,4790,240,0,5,1052,1229,0,0,60,64,39,42,
gauntlet/20261001-181029-scrim-b1v2/losses/IvanGeffner.kuma__Backslash__botA.bc24,IvanGeffner.kuma,1,A,b1v2,0,446,CAPTURE,0,-1,223,5,0,0,0,0,190,0,1400,280,0,0,747,943,1,0,129,127,46,79,
gauntlet/20261001-181029-scrim-b1v2/losses/IvanGeffner.kuma__Backslash__botA.bc24,IvanGeffner.kuma,0,B,kuma,1,446,CAPTURE,3,348,254,34,21,0,0,90,124,0,2058,3033,18,3,995,821,4,0,163,161,79,46,
gauntlet/20261001-181029-scrim-b1v2/losses/Gymhgy.v10official__DefaultLarge__botB.bc24,Gymhgy.v10official,0,A,v10official,1,2000,MORE_FLAG_CAPTURES,2,503,406,37,25,3,14,90,40,1,1445,75,18,0,1127,2100,9,1,79,331,482,477,ATK@600+HEAL@1200+CAP@1800
gauntlet/20261001-181029-scrim-b1v2/losses/Gymhgy.v10official__DefaultLarge__botB.bc24,Gymhgy.v10official,1,B,b1v2,0,2000,MORE_FLAG_CAPTURES,0,-1,401,20,0,0,0,0,55,0,2550,250,0,3,1300,1830,3,0,50,201,477,482,ATK@600+HEAL@1200+CAP@1800
gauntlet/20261001-181029-scrim-b1v2/losses/IvanGeffner.kuma__Occulus__botA.bc24,IvanGeffner.kuma,1,A,b1v2,0,557,CAPTURE,0,-1,0,0,0,0,0,0,17,0,3690,530,0,21,1013,1315,2,0,76,89,50,155,
gauntlet/20261001-181029-scrim-b1v2/losses/IvanGeffner.kuma__Occulus__botA.bc24,IvanGeffner.kuma,0,B,kuma,1,557,CAPTURE,3,388,323,15,10,0,0,90,13,4,2185,2214,18,9,1210,1345,1,0,118,146,155,50,
gauntlet/20261001-181029-scrim-b1v2/losses/IvanGeffner.kuma__Swoop__botA.bc24,IvanGeffner.kuma,1,A,b1v2,0,512,CAPTURE,0,-1,299,1,0,0,0,0,68,0,4660,230,0,10,932,1295,4,0,54,67,43,119,
gauntlet/20261001-181029-scrim-b1v2/losses/IvanGeffner.kuma__Swoop__botA.bc24,IvanGeffner.kuma,0,B,kuma,1,512,CAPTURE,3,295,255,25,16,0,0,90,72,2,2971,1031,18,2,1165,1219,7,0,90,123,119,43,
gauntlet/20261001-181029-scrim-b1v2/losses/IvanGeffner.kuma__Racetrack__botA.bc24,IvanGeffner.kuma,1,A,b1v2,0,1797,CAPTURE,1,715,494,3,0,0,0,0,70,0,300,270,0,3,992,1638,0,0,18,132,468,660,ATK@600+HEAL@1200
gauntlet/20261001-181029-scrim-b1v2/losses/IvanGeffner.kuma__Racetrack__botA.bc24,IvanGeffner.kuma,0,B,kuma,1,1797,CAPTURE,3,339,297,135,88,0,0,61,50,0,23,16,12,8,1034,1660,0,0,3,443,660,468,ATK@600+HEAL@1200
gauntlet/20261001-181029-scrim-b1v2/losses/NotLLeon.v3__Gated__botB.bc24,NotLLeon.v3,0,A,v3,1,750,CAPTURE,3,312,234,28,6,0,0,0,27,0,3090,980,0,5,832,802,0,0,63,93,110,163,ATK@600
gauntlet/20261001-181029-scrim-b1v2/losses/NotLLeon.v3__Gated__botB.bc24,NotLLeon.v3,1,B,b1v2,0,750,CAPTURE,0,-1,277,14,0,0,0,0,31,0,2970,270,0,0,905,1112,1,0,54,78,163,110,ATK@600
gauntlet/20261001-181029-scrim-b1v2/losses/NotLLeon.v3__Backslash__botA.bc24,NotLLeon.v3,1,A,b1v2,0,1552,CAPTURE,0,-1,221,8,0,0,0,0,207,0,890,280,0,0,951,998,0,0,123,222,533,540,ATK@600+HEAL@1200
gauntlet/20261001-181029-scrim-b1v2/losses/NotLLeon.v3__Backslash__botA.bc24,NotLLeon.v3,0,B,v3,1,1552,CAPTURE,3,299,250,41,10,0,0,0,73,0,610,2700,0,10,972,1146,0,0,105,348,540,533,ATK@600+HEAL@1200
gauntlet/20261001-181029-scrim-b1v2/losses/NotLLeon.v3__ORV__botA.bc24,NotLLeon.v3,1,A,b1v2,0,686,CAPTURE,0,-1,0,0,0,0,0,0,33,0,4610,210,0,0,998,1279,1,0,83,105,173,118,ATK@600
gauntlet/20261001-181029-scrim-b1v2/losses/NotLLeon.v3__ORV__botA.bc24,NotLLeon.v3,0,B,v3,1,686,CAPTURE,3,429,286,45,9,0,0,0,31,0,4670,3180,0,12,1001,977,0,0,100,132,118,173,ATK@600
gauntlet/20261001-181029-scrim-b1v2/losses/NotLLeon.v3__Backslash__botB.bc24,NotLLeon.v3,0,A,v3,1,2000,MORE_FLAG_CAPTURES,2,261,228,78,8,0,0,0,148,0,2660,6200,0,2,976,976,0,0,122,459,733,712,ATK@600+HEAL@1200+CAP@1800
gauntlet/20261001-181029-scrim-b1v2/losses/NotLLeon.v3__Backslash__botB.bc24,NotLLeon.v3,1,B,b1v2,0,2000,MORE_FLAG_CAPTURES,0,-1,239,16,0,0,0,0,199,0,1130,204,0,2,875,1137,2,0,147,305,712,733,ATK@600+HEAL@1200+CAP@1800
gauntlet/20261001-181029-scrim-b1v2/losses/NotLLeon.v3__Pancakes__botB.bc24,NotLLeon.v3,0,A,v3,1,656,CAPTURE,3,308,266,26,5,0,0,0,12,0,2040,180,0,5,810,1008,0,0,72,97,78,144,ATK@600
gauntlet/20261001-181029-scrim-b1v2/losses/NotLLeon.v3__Pancakes__botB.bc24,NotLLeon.v3,1,B,b1v2,0,656,CAPTURE,1,442,231,8,0,0,0,0,15,0,1950,220,0,2,924,1263,2,0,82,108,144,78,ATK@600
gauntlet/20261001-181029-scrim-b1v2/losses/NotLLeon.v3__Waterworld__botB.bc24,NotLLeon.v3,0,A,v3,1,1198,CAPTURE,3,867,642,28,5,0,0,0,270,0,8200,7300,0,11,615,575,0,0,84,213,260,371,ATK@600
gauntlet/20261001-181029-scrim-b1v2/losses/NotLLeon.v3__Waterworld__botB.bc24,NotLLeon.v3,1,B,b1v2,0,1198,CAPTURE,1,952,594,6,0,0,0,0,281,0,5170,210,0,3,611,811,2,0,90,170,371,260,ATK@600
gauntlet/20261001-181029-scrim-b1v2/losses/SampleProvider.TSPAARKSPRINT1__Foxes__botB.bc24,SampleProvider.TSPAARKSPRINT1,0,A,TSPAARKSPRINT1,1,1180,CAPTURE,3,831,295,30,0,3,55,0,29,5,8530,4010,0,2,562,1365,45,19,2,98,183,175,ATK@600
gauntlet/20261001-181029-scrim-b1v2/losses/SampleProvider.TSPAARKSPRINT1__Foxes__botB.bc24,SampleProvider.TSPAARKSPRINT1,1,B,b1v2,0,1180,CAPTURE,2,360,253,20,0,0,0,0,11,0,9570,260,0,9,958,1206,8,0,97,156,175,183,ATK@600
gauntlet/20261001-181029-scrim-b1v2/losses/Strequals.duck0127v5__Canals__botA.bc24,Strequals.duck0127v5,1,A,b1v2,0,727,CAPTURE,0,-1,440,4,0,0,0,0,0,0,7000,220,0,33,719,1172,5,0,72,101,52,273,ATK@600
gauntlet/20261001-181029-scrim-b1v2/losses/Strequals.duck0127v5__Canals__botA.bc24,Strequals.duck0127v5,0,B,duck0127v5,1,727,CAPTURE,3,351,321,9,0,0,0,90,52,2,4133,3878,18,3,1078,1211,0,3,134,277,273,52,ATK@600
gauntlet/20261001-181029-scrim-b1v2/losses/SampleProvider.TSPAARKSPRINT1__Waterworld__botA.bc24,SampleProvider.TSPAARKSPRINT1,1,A,b1v2,0,818,CAPTURE,2,688,249,23,0,0,0,0,269,0,8230,210,0,4,989,864,5,0,124,160,164,101,ATK@600
gauntlet/20261001-181029-scrim-b1v2/losses/SampleProvider.TSPAARKSPRINT1__Waterworld__botA.bc24,SampleProvider.TSPAARKSPRINT1,0,B,TSPAARKSPRINT1,1,818,CAPTURE,3,527,322,37,0,3,25,0,492,2,1340,40,0,7,536,1173,0,23,4,49,101,164,ATK@600
gauntlet/20261001-181029-scrim-b1v2/losses/SampleProvider.TSPAARKSPRINT1__Soccer__botB.bc24,SampleProvider.TSPAARKSPRINT1,0,A,TSPAARKSPRINT1,1,1548,CAPTURE,3,481,275,45,0,3,27,0,48,2,3760,160,0,14,552,1637,4,28,5,72,150,672,ATK@600+CAP@1200
gauntlet/20261001-181029-scrim-b1v2/losses/SampleProvider.TSPAARKSPRINT1__Soccer__botB.bc24,SampleProvider.TSPAARKSPRINT1,1,B,b1v2,0,1548,CAPTURE,2,466,264,22,0,0,0,0,21,0,4770,300,0,0,1167,1077,3,0,63,265,672,150,ATK@600+HEAL@1200
gauntlet/20261001-181029-scrim-b1v2/losses/SampleProvider.TSPAARKSPRINT1__Snake__botB.bc24,SampleProvider.TSPAARKSPRINT1,0,A,TSPAARKSPRINT1,1,1781,CAPTURE,3,420,336,46,0,3,34,0,209,2,9030,13240,0,3,401,1266,54,31,8,176,195,696,ATK@600+CAP@1200
gauntlet/20261001-181029-scrim-b1v2/losses/SampleProvider.TSPAARKSPRINT1__Snake__botB.bc24,SampleProvider.TSPAARKSPRINT1,1,B,b1v2,0,1781,CAPTURE,2,990,286,28,0,0,0,0,157,0,10790,295,0,13,925,1214,24,0,298,596,696,195,ATK@600+HEAL@1200
gauntlet/20261001-181029-scrim-b1v2/losses/Strequals.duck0127v5__Divergent__botB.bc24,Strequals.duck0127v5,0,A,duck0127v5,1,2000,MORE_FLAG_CAPTURES,2,1732,351,30,0,0,0,90,19,2,4155,2655,18,7,629,790,0,2,74,259,375,252,ATK@600+HEAL@1200+CAP@1800
gauntlet/20261001-181029-scrim-b1v2/losses/Strequals.duck0127v5__Divergent__botB.bc24,Strequals.duck0127v5,1,B,b1v2,0,2000,MORE_FLAG_CAPTURES,1,1912,347,15,0,0,0,0,31,0,5170,240,0,23,526,951,2,0,62,208,252,375,ATK@600+HEAL@1200+CAP@1800
gauntlet/20261001-181029-scrim-b1v2/losses/andli28.v9_USQuals_angle__EvilGrin__botB.bc24,andli28.v9_USQuals_angle,0,A,v9_USQuals_angle,1,590,CAPTURE,3,503,425,13,0,0,0,85,28,7,1701,4191,18,15,1056,1371,12,5,110,162,102,49,
gauntlet/20261001-181029-scrim-b1v2/losses/andli28.v9_USQuals_angle__EvilGrin__botB.bc24,andli28.v9_USQuals_angle,1,B,b1v2,0,590,CAPTURE,0,-1,0,0,0,0,0,0,51,0,2870,240,0,6,962,1581,3,0,40,56,49,102,
gauntlet/20261001-181029-scrim-b1v2/losses/Strequals.duck0127v5__Rainbow__botA.bc24,Strequals.duck0127v5,1,A,b1v2,0,2000,MORE_FLAG_CAPTURES,0,-1,337,7,0,0,0,0,52,0,6840,260,0,15,683,1221,4,0,77,231,270,563,ATK@600+HEAL@1200+CAP@1800
gauntlet/20261001-181029-scrim-b1v2/losses/Strequals.duck0127v5__Rainbow__botA.bc24,Strequals.duck0127v5,0,B,duck0127v5,1,2000,MORE_FLAG_CAPTURES,2,403,325,15,0,0,0,90,29,16,5641,3681,18,3,934,1108,0,3,118,404,563,270,ATK@600+HEAL@1200+CAP@1800
gauntlet/20261001-181029-scrim-b1v2/losses/andli28.v9_USQuals_angle__Canals__botA.bc24,andli28.v9_USQuals_angle,1,A,b1v2,0,1388,CAPTURE,0,-1,0,0,0,0,0,0,0,0,7000,280,0,22,851,1421,6,0,70,174,214,632,ATK@600+HEAL@1200
gauntlet/20261001-181029-scrim-b1v2/losses/andli28.v9_USQuals_angle__Canals__botA.bc24,andli28.v9_USQuals_angle,0,B,v9_USQuals_angle,1,1388,CAPTURE,3,543,372,33,0,0,0,83,0,4,5433,4904,16,4,883,1338,9,2,49,501,632,214,ATK@600+HEAL@1200
gauntlet/20261001-181029-scrim-b1v2/losses/Strequals.duck0127v5__MazeRunner__botA.bc24,Strequals.duck0127v5,1,A,b1v2,0,2000,LEVEL_SUM,2,1887,982,5,0,0,0,0,134,0,980,250,0,3,715,1055,0,0,54,179,239,443,ATK@600+HEAL@1200+CAP@1800
gauntlet/20261001-181029-scrim-b1v2/losses/Strequals.duck0127v5__MazeRunner__botA.bc24,Strequals.duck0127v5,0,B,duck0127v5,1,2000,LEVEL_SUM,2,508,352,13,0,0,0,90,76,2,1843,3123,18,4,775,1082,0,3,55,376,443,239,ATK@600+HEAL@1200+CAP@1800
gauntlet/20261001-181029-scrim-b1v2/losses/andli28.v9_USQuals_angle__Battlecode24__botB.bc24,andli28.v9_USQuals_angle,0,A,v9_USQuals_angle,1,2000,MORE_FLAG_CAPTURES,2,848,302,24,0,0,0,87,53,2,11710,25218,17,21,872,1268,11,1,73,485,535,267,ATK@600+HEAL@1200+CAP@1800
gauntlet/20261001-181029-scrim-b1v2/losses/andli28.v9_USQuals_angle__Battlecode24__botB.bc24,andli28.v9_USQuals_angle,1,B,b1v2,0,2000,MORE_FLAG_CAPTURES,0,-1,238,3,0,0,0,0,66,0,12820,270,0,3,926,1337,10,0,154,298,267,535,ATK@600+HEAL@1200+CAP@1800
gauntlet/20261001-181029-scrim-b1v2/losses/andli28.v9_USQuals_angle__HeMustBeFreed__botB.bc24,andli28.v9_USQuals_angle,0,A,v9_USQuals_angle,1,1013,CAPTURE,3,404,298,18,0,0,0,55,71,5,1028,7427,11,2,774,877,11,3,72,236,189,124,ATK@600
gauntlet/20261001-181029-scrim-b1v2/losses/andli28.v9_USQuals_angle__HeMustBeFreed__botB.bc24,andli28.v9_USQuals_angle,1,B,b1v2,0,1013,CAPTURE,1,393,249,6,0,0,0,0,150,0,3200,260,0,2,635,1025,3,0,51,82,124,189,ATK@600
gauntlet/20261001-181029-scrim-b1v2/losses/andli28.v9_USQuals_angle__Joker__botB.bc24,andli28.v9_USQuals_angle,0,A,v9_USQuals_angle,1,1047,CAPTURE,3,334,290,42,0,0,0,86,3,7,13525,16625,18,4,729,949,15,5,78,343,335,217,ATK@600
gauntlet/20261001-181029-scrim-b1v2/losses/andli28.v9_USQuals_angle__Joker__botB.bc24,andli28.v9_USQuals_angle,1,B,b1v2,0,1047,CAPTURE,1,381,228,6,0,0,0,0,2,0,16840,240,0,0,905,1179,10,0,234,284,217,335,ATK@600
gauntlet/20261001-181029-scrim-b1v2/losses/andrewgopher.player22__ORV__botA.bc24,andrewgopher.player22,1,A,b1v2,0,959,CAPTURE,0,-1,0,0,0,0,0,0,35,0,4550,250,0,24,1041,1554,1,0,73,129,430,266,ATK@600
gauntlet/20261001-181029-scrim-b1v2/losses/andrewgopher.player22__ORV__botA.bc24,andrewgopher.player22,0,B,player22,1,959,CAPTURE,3,363,276,20,1,3,0,0,58,0,3860,60,0,2,1109,587,16,0,66,142,266,430,ATK@600
gauntlet/20261001-181029-scrim-b1v2/losses/andrewgopher.player22__Digging__botB.bc24,andrewgopher.player22,0,A,player22,1,1518,CAPTURE,3,318,294,13,0,3,0,0,26,0,2320,30,0,4,1168,911,3,0,57,295,853,747,ATK@600+HEAL@1200
gauntlet/20261001-181029-scrim-b1v2/losses/andrewgopher.player22__Digging__botB.bc24,andrewgopher.player22,1,B,b1v2,0,1518,CAPTURE,0,-1,0,0,0,0,0,0,14,0,2680,300,0,2,1087,1439,1,0,53,174,747,853,ATK@600+HEAL@1200
gauntlet/20261001-181029-scrim-b1v2/losses/andrewgopher.player22__StackGame__botB.bc24,andrewgopher.player22,0,A,player22,1,510,CAPTURE,3,411,305,14,0,3,0,0,52,0,5440,600,0,5,1313,749,4,0,80,96,107,164,
gauntlet/20261001-181029-scrim-b1v2/losses/andrewgopher.player22__StackGame__botB.bc24,andrewgopher.player22,1,B,b1v2,0,510,CAPTURE,0,-1,0,0,0,0,0,0,40,0,5800,300,0,21,1139,1633,0,0,77,87,164,107,
gauntlet/20261001-181029-scrim-b1v2/losses/andli28.v9_USQuals_angle__Valentine__botA.bc24,andli28.v9_USQuals_angle,1,A,b1v2,0,2000,MORE_FLAG_CAPTURES,0,-1,296,9,0,0,0,0,0,0,4200,150,0,3,806,1286,2,0,60,203,363,390,ATK@600+HEAL@1200+CAP@1800
gauntlet/20261001-181029-scrim-b1v2/losses/andli28.v9_USQuals_angle__Valentine__botA.bc24,andli28.v9_USQuals_angle,0,B,v9_USQuals_angle,1,2000,MORE_FLAG_CAPTURES,2,773,293,17,0,0,0,90,0,6,2445,2915,18,2,864,1100,6,3,91,416,390,363,ATK@600+HEAL@1200+CAP@1800
gauntlet/20261001-181029-scrim-b1v2/losses/andrewgopher.player22__Diagonal__botA.bc24,andrewgopher.player22,1,A,b1v2,0,2000,LEVEL_SUM,0,-1,378,19,0,0,0,0,20,0,6900,260,0,3,658,1048,8,0,75,200,265,228,ATK@600+HEAL@1200+CAP@1800
gauntlet/20261001-181029-scrim-b1v2/losses/andrewgopher.player22__Diagonal__botA.bc24,andrewgopher.player22,0,B,player22,1,2000,LEVEL_SUM,0,-1,0,3,0,3,0,0,41,0,6270,1620,0,10,710,441,20,0,47,217,228,265,ATK@600+HEAL@1200+CAP@1800
gauntlet/20261001-181029-scrim-b1v2/losses/andrewgopher.player22__Mountain__botA.bc24,andrewgopher.player22,1,A,b1v2,0,2000,MORE_FLAG_CAPTURES,0,-1,262,3,0,0,0,0,33,0,5510,230,0,20,1057,1303,0,0,90,242,768,685,ATK@600+HEAL@1200+CAP@1800
gauntlet/20261001-181029-scrim-b1v2/losses/andrewgopher.player22__Mountain__botA.bc24,andrewgopher.player22,0,B,player22,1,2000,MORE_FLAG_CAPTURES,2,417,348,9,0,3,0,0,43,0,5210,5590,0,12,1116,844,6,0,57,276,685,768,ATK@600+HEAL@1200+CAP@1800
gauntlet/20261001-181029-scrim-b1v2/losses/chenyx512.flagbot_final__AceOfSpades__botB.bc24,chenyx512.flagbot_final,0,A,flagbot_final,1,560,CAPTURE,3,466,234,17,0,3,26,90,91,0,181,15946,18,28,1073,1488,0,0,231,275,134,21,
gauntlet/20261001-181029-scrim-b1v2/losses/chenyx512.flagbot_final__AceOfSpades__botB.bc24,chenyx512.flagbot_final,1,B,b1v2,0,560,CAPTURE,0,-1,288,2,0,0,0,0,11,0,3870,240,0,7,845,1207,1,0,56,68,21,134,
gauntlet/20261001-181029-scrim-b1v2/losses/chenyx512.flagbot_final__Racetrack__botA.bc24,chenyx512.flagbot_final,1,A,b1v2,0,1110,CAPTURE,0,-1,0,0,0,0,0,0,78,0,60,260,0,3,1105,1780,0,0,18,65,136,481,ATK@600
gauntlet/20261001-181029-scrim-b1v2/losses/chenyx512.flagbot_final__Racetrack__botA.bc24,chenyx512.flagbot_final,0,B,flagbot_final,1,1110,CAPTURE,3,612,549,27,0,3,26,35,65,0,20,25,6,4,1018,1742,0,0,0,127,481,136,ATK@600
gauntlet/20261001-181029-scrim-b1v2/losses/andrewgopher.player22__TwistedTreeline__botB.bc24,andrewgopher.player22,0,A,player22,1,2000,MORE_FLAG_CAPTURES,2,297,251,37,1,3,0,0,69,0,2730,100,0,7,1156,585,8,0,39,264,618,1015,ATK@600+HEAL@1200+CAP@1800
gauntlet/20261001-181029-scrim-b1v2/losses/andrewgopher.player22__TwistedTreeline__botB.bc24,andrewgopher.player22,1,B,b1v2,0,2000,MORE_FLAG_CAPTURES,1,1834,268,11,0,0,0,0,69,0,2730,260,0,0,947,1410,2,0,42,293,1015,618,ATK@600+HEAL@1200+CAP@1800
gauntlet/20261001-181029-scrim-b1v2/losses/chenyx512.flagbot_final__Tunnels__botB.bc24,chenyx512.flagbot_final,0,A,flagbot_final,1,2000,MORE_FLAG_CAPTURES,2,856,817,35,0,3,30,90,118,0,44,1071,18,3,679,1237,0,0,29,503,575,384,ATK@600+HEAL@1200+CAP@1800
gauntlet/20261001-181029-scrim-b1v2/losses/chenyx512.flagbot_final__Tunnels__botB.bc24,chenyx512.flagbot_final,1,B,b1v2,0,2000,MORE_FLAG_CAPTURES,0,-1,0,0,0,0,0,0,63,0,2910,210,0,19,792,1283,0,0,50,201,384,575,ATK@600+HEAL@1200+CAP@1800
gauntlet/20261001-181029-scrim-b1v2/losses/clbarrell.duck8__AceOfSpades__botB.bc24,clbarrell.duck8,0,A,duck8,1,609,CAPTURE,3,315,267,22,0,0,0,0,14,31,20,11970,2,3,868,596,7,0,202,234,129,164,
gauntlet/20261001-181029-scrim-b1v2/losses/clbarrell.duck8__AceOfSpades__botB.bc24,clbarrell.duck8,1,B,b1v2,0,609,CAPTURE,2,291,234,7,0,0,0,0,15,0,3750,280,0,4,971,813,2,0,62,85,164,129,ATK@600
gauntlet/20261001-181029-scrim-b1v2/losses/chenyx512.flagbot_final__Swoop__botA.bc24,chenyx512.flagbot_final,1,A,b1v2,0,873,CAPTURE,0,-1,229,10,0,0,0,0,67,0,4690,290,0,13,842,1271,3,0,57,98,42,255,ATK@600
gauntlet/20261001-181029-scrim-b1v2/losses/chenyx512.flagbot_final__Swoop__botA.bc24,chenyx512.flagbot_final,0,B,flagbot_final,1,873,CAPTURE,3,514,245,15,0,3,39,90,166,0,372,27,18,12,925,1509,0,0,36,149,255,42,ATK@600
gauntlet/20261001-181029-scrim-b1v2/losses/chenyx512.flagbot_final__Divergent__botB.bc24,chenyx512.flagbot_final,0,A,flagbot_final,1,2000,MORE_FLAG_CAPTURES,2,757,596,14,0,3,2,90,145,0,483,153,18,10,815,1278,0,0,47,495,952,220,ATK@600+HEAL@1200+CAP@1800
gauntlet/20261001-181029-scrim-b1v2/losses/chenyx512.flagbot_final__Divergent__botB.bc24,chenyx512.flagbot_final,1,B,b1v2,0,2000,MORE_FLAG_CAPTURES,0,-1,1881,1,0,0,0,0,34,0,4980,240,0,4,778,1182,3,0,63,212,220,952,ATK@600+HEAL@1200+CAP@1800
gauntlet/20261001-181029-scrim-b1v2/losses/dmtrung14.defaultplayer_intlqualifier__KingQuacksCastle__botB.bc24,dmtrung14.defaultplayer_intlqualifier,0,A,defaultplayer_intlqualifier,1,446,CAPTURE,3,257,233,40,29,3,16,0,38,9,1360,2710,0,3,446,1001,6,34,9,46,27,125,
gauntlet/20261001-181029-scrim-b1v2/losses/dmtrung14.defaultplayer_intlqualifier__KingQuacksCastle__botB.bc24,dmtrung14.defaultplayer_intlqualifier,1,B,b1v2,0,446,CAPTURE,0,-1,340,2,0,0,0,0,29,0,3130,170,0,1,1154,547,2,0,32,32,125,27,
gauntlet/20261001-181029-scrim-b1v2/losses/hsmalladi.finalbot__AceOfSpades__botA.bc24,hsmalladi.finalbot,1,A,b1v2,0,859,CAPTURE,1,370,308,6,0,0,0,0,11,0,3870,230,0,0,913,1237,3,0,64,125,311,206,ATK@600
gauntlet/20261001-181029-scrim-b1v2/losses/hsmalladi.finalbot__AceOfSpades__botA.bc24,hsmalladi.finalbot,0,B,finalbot,1,859,CAPTURE,3,313,241,59,6,3,14,60,23,0,2572,10022,12,3,1100,880,4,3,220,285,206,311,ATK@600
gauntlet/20261001-181029-scrim-b1v2/losses/dmtrung14.defaultplayer_intlqualifier__BreadPudding__botA.bc24,dmtrung14.defaultplayer_intlqualifier,1,A,b1v2,0,2000,MORE_FLAG_CAPTURES,0,-1,320,16,0,0,0,0,41,0,3770,270,0,18,1177,692,2,0,45,254,740,103,ATK@600+HEAL@1200+CAP@1800
gauntlet/20261001-181029-scrim-b1v2/losses/dmtrung14.defaultplayer_intlqualifier__BreadPudding__botA.bc24,dmtrung14.defaultplayer_intlqualifier,0,B,defaultplayer_intlqualifier,1,2000,MORE_FLAG_CAPTURES,1,393,301,23,14,3,12,0,50,13,1600,2300,0,3,422,794,6,14,4,67,103,740,ATK@600+HEAL@1200+CAP@1800
gauntlet/20261001-181029-scrim-b1v2/losses/hsmalladi.finalbot__ORV__botB.bc24,hsmalladi.finalbot,0,A,finalbot,1,716,CAPTURE,3,339,291,30,3,3,26,60,47,0,3228,268,12,0,1083,1219,13,2,76,116,148,158,ATK@600
gauntlet/20261001-181029-scrim-b1v2/losses/hsmalladi.finalbot__ORV__botB.bc24,hsmalladi.finalbot,1,B,b1v2,0,716,CAPTURE,0,-1,371,1,0,0,0,0,40,0,4400,300,0,0,1057,1498,2,0,69,97,158,148,ATK@600
gauntlet/20261001-181029-scrim-b1v2/losses/clbarrell.duck8__GaltonBoard__botB.bc24,clbarrell.duck8,0,A,duck8,1,2000,MORE_FLAG_CAPTURES,1,388,261,11,0,0,0,0,2,22,80,28646,3,8,911,881,1,0,163,476,544,1104,ATK@750+HEAL@1500
gauntlet/20261001-181029-scrim-b1v2/losses/clbarrell.duck8__GaltonBoard__botB.bc24,clbarrell.duck8,1,B,b1v2,0,2000,MORE_FLAG_CAPTURES,0,-1,0,0,0,0,0,0,12,0,2040,240,0,20,1165,1153,0,0,42,192,1104,544,ATK@600+HEAL@1200+CAP@1800
gauntlet/20261001-181029-scrim-b1v2/losses/hsmalladi.finalbot__HeMustBeFreed__botB.bc24,hsmalladi.finalbot,0,A,finalbot,1,2000,MORE_FLAG_CAPTURES,2,569,365,34,3,3,22,54,184,0,1980,672,10,0,615,747,11,5,66,371,548,334,ATK@600+HEAL@1200+CAP@1800
gauntlet/20261001-181029-scrim-b1v2/losses/hsmalladi.finalbot__HeMustBeFreed__botB.bc24,hsmalladi.finalbot,1,B,b1v2,0,2000,MORE_FLAG_CAPTURES,1,1609,243,6,0,0,0,0,148,0,3860,30,0,3,548,912,2,0,42,178,334,548,ATK@600+HEAL@1200+CAP@1800
gauntlet/20261001-181029-scrim-b1v2/losses/dmtrung14.defaultplayer_intlqualifier__DefaultLarge__botA.bc24,dmtrung14.defaultplayer_intlqualifier,1,A,b1v2,0,2000,MORE_FLAG_CAPTURES,0,-1,244,3,0,0,0,0,56,0,2520,50,0,5,1122,463,4,0,54,80,240,29,ATK@600+HEAL@1200+CAP@1800
gauntlet/20261001-181029-scrim-b1v2/losses/dmtrung14.defaultplayer_intlqualifier__DefaultLarge__botA.bc24,dmtrung14.defaultplayer_intlqualifier,0,B,defaultplayer_intlqualifier,1,2000,MORE_FLAG_CAPTURES,1,1302,309,69,39,3,15,0,67,15,90,3060,0,1,329,765,6,27,12,94,29,240,ATK@600+HEAL@1200+CAP@1800
gauntlet/20261001-181029-scrim-b1v2/losses/hsmalladi.finalbot__WheresMyWater__botA.bc24,hsmalladi.finalbot,1,A,b1v2,0,412,CAPTURE,1,346,328,1,0,0,0,0,69,0,3330,280,0,13,1164,1665,0,0,56,52,98,49,
gauntlet/20261001-181029-scrim-b1v2/losses/hsmalladi.finalbot__WheresMyWater__botA.bc24,hsmalladi.finalbot,0,B,finalbot,1,412,CAPTURE,3,251,239,18,2,3,13,23,78,8,1847,143,4,0,1242,827,0,2,76,67,49,98,
gauntlet/20261001-181029-scrim-b1v2/losses/jmerle.camel_case_v21_final__StackGame__botA.bc24,jmerle.camel_case_v21_final,1,A,b1v2,0,451,CAPTURE,0,-1,291,1,0,0,0,0,36,0,5920,220,0,17,1022,1328,0,0,77,77,136,97,
gauntlet/20261001-181029-scrim-b1v2/losses/jmerle.camel_case_v21_final__StackGame__botA.bc24,jmerle.camel_case_v21_final,0,B,camel_case_v21_final,1,451,CAPTURE,3,283,235,10,0,0,0,0,28,2,5960,1630,0,7,1221,504,0,0,98,99,97,136,
gauntlet/20261001-181029-scrim-b1v2/losses/jmerle.camel_case_v21_final__Canals__botA.bc24,jmerle.camel_case_v21_final,1,A,b1v2,0,673,CAPTURE,0,-1,0,0,0,0,0,0,0,0,7000,260,0,1,770,1052,4,0,76,101,198,253,ATK@600
gauntlet/20261001-181029-scrim-b1v2/losses/jmerle.camel_case_v21_final__Canals__botA.bc24,jmerle.camel_case_v21_final,0,B,camel_case_v21_final,1,673,CAPTURE,3,317,285,14,0,0,0,0,0,0,7000,2700,0,1,1447,494,0,0,124,180,253,198,ATK@600
gauntlet/20261001-181029-scrim-b1v2/losses/jmerle.camel_case_v21_final__Fountain__botA.bc24,jmerle.camel_case_v21_final,1,A,b1v2,0,443,CAPTURE,2,312,276,6,0,0,0,0,41,0,2870,300,0,0,816,1008,3,0,42,42,93,94,
gauntlet/20261001-181029-scrim-b1v2/losses/jmerle.camel_case_v21_final__Fountain__botA.bc24,jmerle.camel_case_v21_final,0,B,camel_case_v21_final,1,443,CAPTURE,3,294,253,8,0,0,0,0,27,0,3290,20,0,1,1068,509,0,0,37,40,94,93,
gauntlet/20261001-181029-scrim-b1v2/losses/jmerle.camel_case_v21_final__Battlecode24__botA.bc24,jmerle.camel_case_v21_final,1,A,b1v2,0,813,CAPTURE,0,-1,280,6,0,0,0,0,71,0,12670,250,0,14,737,809,14,0,183,250,269,195,ATK@600
gauntlet/20261001-181029-scrim-b1v2/losses/jmerle.camel_case_v21_final__Battlecode24__botA.bc24,jmerle.camel_case_v21_final,0,B,camel_case_v21_final,1,813,CAPTURE,3,351,305,8,0,0,0,0,72,0,9840,12930,0,4,1178,325,0,0,233,310,195,269,ATK@600
gauntlet/20261001-181029-scrim-b1v2/losses/hsmalladi.finalbot__WheresMyWater__botB.bc24,hsmalladi.finalbot,0,A,finalbot,1,2000,MORE_FLAG_CAPTURES,2,276,253,94,7,3,27,18,75,7,1908,138,3,0,1193,1145,0,2,70,281,725,877,ATK@600+HEAL@1200+CAP@1800
gauntlet/20261001-181029-scrim-b1v2/losses/hsmalladi.finalbot__WheresMyWater__botB.bc24,hsmalladi.finalbot,1,B,b1v2,0,2000,MORE_FLAG_CAPTURES,1,356,320,1,0,0,0,0,65,0,3450,260,0,0,1125,1585,0,0,61,340,877,725,ATK@600+HEAL@1200+CAP@1800
gauntlet/20261001-181029-scrim-b1v2/losses/jmerle.camel_case_v21_final__YearOfTheDragon__botA.bc24,jmerle.camel_case_v21_final,1,A,b1v2,0,560,CAPTURE,0,-1,475,1,0,0,0,0,8,0,12960,235,0,2,841,1102,14,0,125,151,145,129,
gauntlet/20261001-181029-scrim-b1v2/losses/jmerle.camel_case_v21_final__YearOfTheDragon__botA.bc24,jmerle.camel_case_v21_final,0,B,camel_case_v21_final,1,560,CAPTURE,3,299,255,9,0,0,0,0,7,5,12490,6350,0,10,1075,350,0,0,150,184,129,145,
gauntlet/20261001-181029-scrim-b1v2/losses/jmerle.camel_case_v21_final__Swoop__botA.bc24,jmerle.camel_case_v21_final,1,A,b1v2,0,730,CAPTURE,0,-1,225,3,0,0,0,0,63,0,4810,280,0,7,836,1229,3,0,60,92,246,247,ATK@600
gauntlet/20261001-181029-scrim-b1v2/losses/jmerle.camel_case_v21_final__Swoop__botA.bc24,jmerle.camel_case_v21_final,0,B,camel_case_v21_final,1,730,CAPTURE,3,351,218,7,0,0,0,0,31,0,5770,2600,0,2,1252,526,0,0,93,168,247,246,ATK@600
gauntlet/20261001-181029-scrim-b1v2/losses/quesswho.cretplayer2_3__AceOfSpades__botA.bc24,quesswho.cretplayer2_3,1,A,b1v2,0,521,CAPTURE,0,-1,279,7,0,0,0,0,12,0,3840,230,0,0,907,853,1,0,73,77,100,113,
gauntlet/20261001-181029-scrim-b1v2/losses/quesswho.cretplayer2_3__AceOfSpades__botA.bc24,quesswho.cretplayer2_3,0,B,cretplayer2_3,1,521,CAPTURE,3,347,241,17,0,3,22,0,17,0,3690,13720,0,1,935,772,0,5,199,225,113,100,
gauntlet/20261001-181029-scrim-b1v2/losses/jonters.bling3__Bunkers__botA.bc24,jonters.bling3,1,A,b1v2,0,532,CAPTURE,2,290,250,3,0,0,0,0,30,0,4300,290,0,7,1203,1190,4,0,52,67,133,108,
gauntlet/20261001-181029-scrim-b1v2/losses/jonters.bling3__Bunkers__botA.bc24,jonters.bling3,0,B,bling3,1,532,CAPTURE,3,326,265,14,0,0,0,0,66,16,20,520,0,4,907,1467,21,0,22,51,108,133,
gauntlet/20261001-181029-scrim-b1v2/losses/quesswho.cretplayer2_3__ORV__botA.bc24,quesswho.cretplayer2_3,1,A,b1v2,0,889,CAPTURE,1,320,292,7,0,0,0,0,36,0,4520,220,0,1,873,878,1,0,57,88,275,215,ATK@600
gauntlet/20261001-181029-scrim-b1v2/losses/quesswho.cretplayer2_3__ORV__botA.bc24,quesswho.cretplayer2_3,0,B,cretplayer2_3,1,889,CAPTURE,3,287,229,26,0,3,24,0,32,0,4640,2260,0,3,870,791,0,6,107,167,215,275,ATK@600
gauntlet/20261001-181029-scrim-b1v2/losses/kyleezz.jeeryfix3__Intercontinental__botB.bc24,kyleezz.jeeryfix3,0,A,jeeryfix3,1,2000,MORE_FLAG_CAPTURES,2,269,226,7,0,0,0,0,159,0,30,820,0,1,459,317,0,0,27,229,469,1304,ATK@600+CAP@1200+HEAL@1800
gauntlet/20261001-181029-scrim-b1v2/losses/kyleezz.jeeryfix3__Intercontinental__botB.bc24,kyleezz.jeeryfix3,1,B,b1v2,0,2000,MORE_FLAG_CAPTURES,1,487,356,2,0,0,0,0,141,0,570,40,0,1,456,605,2,0,12,173,1304,469,ATK@600+HEAL@1200+CAP@1800
gauntlet/20261001-181029-scrim-b1v2/losses/kyleezz.jeeryfix3__Klein__botB.bc24,kyleezz.jeeryfix3,0,A,jeeryfix3,1,2000,MORE_FLAG_CAPTURES,2,241,224,14,0,0,0,0,217,2,1990,1640,0,12,899,1119,0,0,49,213,359,1250,ATK@600+CAP@1200+HEAL@1800
gauntlet/20261001-181029-scrim-b1v2/losses/kyleezz.jeeryfix3__Klein__botB.bc24,kyleezz.jeeryfix3,1,B,b1v2,0,2000,MORE_FLAG_CAPTURES,1,1293,1278,2,0,0,0,0,123,0,5010,230,0,5,1098,1176,0,0,63,361,1250,359,ATK@600+HEAL@1200+CAP@1800
gauntlet/20261001-181029-scrim-b1v2/losses/quesswho.cretplayer2_3__Waterworld__botB.bc24,quesswho.cretplayer2_3,0,A,cretplayer2_3,1,2000,MORE_FLAG_CAPTURES,1,408,281,28,0,3,15,0,285,0,7750,2216,0,4,964,1131,0,5,85,290,353,1360,ATK@600+HEAL@1200+CAP@1800
gauntlet/20261001-181029-scrim-b1v2/losses/quesswho.cretplayer2_3__Waterworld__botB.bc24,quesswho.cretplayer2_3,1,B,b1v2,0,2000,MORE_FLAG_CAPTURES,0,-1,264,21,0,0,0,0,292,0,4840,40,0,0,1052,1169,2,0,74,283,1360,353,ATK@600+HEAL@1200+CAP@1800
gauntlet/20261001-181029-scrim-b1v2/losses/winkelmantanner.waffle__Puzzle__botA.bc24,winkelmantanner.waffle,1,A,b1v2,0,574,CAPTURE,0,-1,304,4,0,0,0,0,1,0,2370,185,0,0,841,916,3,0,111,118,157,68,
gauntlet/20261001-181029-scrim-b1v2/losses/winkelmantanner.waffle__Puzzle__botA.bc24,winkelmantanner.waffle,0,B,waffle,1,574,CAPTURE,3,401,267,16,0,0,0,0,1,3,2070,3280,0,6,755,484,0,0,140,154,68,157,
gauntlet/20261001-181029-scrim-b1v2/losses/winkelmantanner.waffle__Funnel__botB.bc24,winkelmantanner.waffle,0,A,waffle,1,1932,CAPTURE,3,523,364,35,0,0,0,0,4,31,1410,910,2,5,988,1075,0,0,84,230,301,778,ATK@600+HEAL@1200+CAP@1800
gauntlet/20261001-181029-scrim-b1v2/losses/winkelmantanner.waffle__Funnel__botB.bc24,winkelmantanner.waffle,1,B,b1v2,0,1932,CAPTURE,1,729,604,2,0,0,0,0,30,0,3700,240,0,4,1024,1162,2,0,64,307,778,301,ATK@600+HEAL@1200+CAP@1800
gauntlet/20261001-181029-scrim-b1v2/losses/winkelmantanner.waffle__Tunnels__botB.bc24,winkelmantanner.waffle,0,A,waffle,1,502,CAPTURE,3,331,227,15,0,0,0,0,23,6,3510,1770,0,14,945,1175,0,0,68,70,86,68,
gauntlet/20261001-181029-scrim-b1v2/losses/winkelmantanner.waffle__Tunnels__botB.bc24,winkelmantanner.waffle,1,B,b1v2,0,502,CAPTURE,0,-1,0,0,0,0,0,0,62,0,2940,240,0,18,920,1046,0,0,56,59,68,86,
gauntlet/20261001-181029-scrim-b1v2/losses/winkelmantanner.waffle__Mountain__botB.bc24,winkelmantanner.waffle,0,A,waffle,1,1975,CAPTURE,3,392,310,16,0,0,0,0,18,8,5160,3760,0,10,839,775,0,0,88,257,458,1073,ATK@600+HEAL@1200+CAP@1800
gauntlet/20261001-181029-scrim-b1v2/losses/winkelmantanner.waffle__Mountain__botB.bc24,winkelmantanner.waffle,1,B,b1v2,0,1975,CAPTURE,2,1299,445,4,0,0,0,0,25,0,5750,280,0,20,888,995,0,0,87,283,1073,458,ATK@600+HEAL@1200+CAP@1800
gauntlet/20261001-181029-scrim-b1v2/replays/CyrilSharma.finalBot__Racetrack__botB.bc24,CyrilSharma.finalBot,0,A,finalBot,0,1316,CAPTURE,2,670,608,7,0,0,0,14,38,0,984,26,1,3,874,1161,0,0,7,176,308,436,ATK@600+HEAL@1200
gauntlet/20261001-181029-scrim-b1v2/replays/CyrilSharma.finalBot__Racetrack__botB.bc24,CyrilSharma.finalBot,1,B,b1v2,1,1316,CAPTURE,3,417,372,12,0,0,0,0,68,0,360,230,0,3,1104,1472,0,0,18,116,436,308,ATK@600+HEAL@1200
gauntlet/20261001-181029-scrim-b1v2/replays/SampleProvider.TSPAARKSPRINT1__QuestionableChess__botB.bc24,SampleProvider.TSPAARKSPRINT1,0,A,TSPAARKSPRINT1,0,340,CAPTURE,0,-1,288,7,0,3,23,0,76,1,20,10,0,0,403,1079,0,1,0,0,3,28,
gauntlet/20261001-181029-scrim-b1v2/replays/SampleProvider.TSPAARKSPRINT1__QuestionableChess__botB.bc24,SampleProvider.TSPAARKSPRINT1,1,B,b1v2,1,340,CAPTURE,3,247,225,4,0,0,0,0,70,0,300,210,0,0,788,668,0,0,14,11,28,3,
gauntlet/20261001-181029-scrim-b1v2/replays/ColtG5.Goob_final__SteamboatMickey__botB.bc24,ColtG5.Goob_final,0,A,Goob_final,0,2000,LEVEL_SUM,2,477,215,28,0,0,0,0,48,0,8260,12960,0,15,1040,1038,12,0,121,417,531,1218,ATK@600+HEAL@1200+CAP@1800
gauntlet/20261001-181029-scrim-b1v2/replays/ColtG5.Goob_final__SteamboatMickey__botB.bc24,ColtG5.Goob_final,1,B,b1v2,1,2000,LEVEL_SUM,2,945,571,5,0,0,0,0,6,0,9520,300,0,18,1288,1552,0,0,121,466,1218,531,ATK@600+HEAL@1200+CAP@1800
gauntlet/20261001-181029-scrim-b1v2/replays/IvanGeffner.kuma__EndAround__botA.bc24,IvanGeffner.kuma,1,A,b1v2,1,2000,LEVEL_SUM,0,-1,287,4,0,0,0,0,70,0,2800,210,0,4,611,884,2,0,58,205,452,469,ATK@600+HEAL@1200+CAP@1800
gauntlet/20261001-181029-scrim-b1v2/replays/IvanGeffner.kuma__EndAround__botA.bc24,IvanGeffner.kuma,0,B,kuma,0,2000,LEVEL_SUM,0,-1,379,86,54,0,0,90,63,0,1570,2920,18,17,752,849,3,0,75,475,469,452,ATK@600+HEAL@1200+CAP@1800
gauntlet/20261001-181029-scrim-b1v2/replays/SampleProvider.TSPAARKSPRINT1__WheresMyWater__botA.bc24,SampleProvider.TSPAARKSPRINT1,1,A,b1v2,1,894,CAPTURE,3,221,209,13,0,0,0,0,53,0,3810,250,0,19,1343,1140,0,0,74,136,259,50,ATK@600
gauntlet/20261001-181029-scrim-b1v2/replays/SampleProvider.TSPAARKSPRINT1__WheresMyWater__botA.bc24,SampleProvider.TSPAARKSPRINT1,0,B,TSPAARKSPRINT1,0,894,CAPTURE,2,588,376,22,0,3,4,0,172,1,140,20,0,12,623,1930,0,13,0,32,50,259,ATK@600
gauntlet/20261001-181029-scrim-b1v2/replays/Strequals.duck0127v5__MIT__botB.bc24,Strequals.duck0127v5,0,A,duck0127v5,0,913,CAPTURE,2,395,326,11,0,0,0,90,83,10,5381,37001,18,2,729,797,0,2,103,295,195,96,ATK@600
gauntlet/20261001-181029-scrim-b1v2/replays/Strequals.duck0127v5__MIT__botB.bc24,Strequals.duck0127v5,1,B,b1v2,1,913,CAPTURE,3,602,281,12,0,0,0,0,44,0,8280,274,0,19,633,887,4,0,163,188,96,195,ATK@600
gauntlet/20261001-181029-scrim-b1v2/replays/awu7.ExplosiveBot__BedWars__botA.bc24,awu7.ExplosiveBot,1,A,b1v2,1,827,CAPTURE,3,694,370,8,0,0,0,0,0,0,4800,10,0,7,76,77,3,0,28,47,201,40,ATK@600
gauntlet/20261001-181029-scrim-b1v2/replays/awu7.ExplosiveBot__BedWars__botA.bc24,awu7.ExplosiveBot,0,B,ExplosiveBot,0,827,CAPTURE,0,-1,585,8,1,0,0,0,0,14,2600,30,0,4,61,53,19,0,6,26,40,201,ATK@600
gauntlet/20261001-181029-scrim-b1v2/replays/awu7.ExplosiveBot__BedWars__botB.bc24,awu7.ExplosiveBot,0,A,ExplosiveBot,0,1055,CAPTURE,1,757,697,17,14,0,0,0,0,12,2700,10,0,8,137,122,18,0,3,16,61,356,ATK@600
gauntlet/20261001-181029-scrim-b1v2/replays/awu7.ExplosiveBot__BedWars__botB.bc24,awu7.ExplosiveBot,1,B,b1v2,1,1055,CAPTURE,3,347,321,7,0,0,0,0,0,0,4800,140,0,8,235,320,1,0,36,57,356,61,ATK@600
gauntlet/20261001-181029-scrim-b1v2/replays/awu7.ExplosiveBot__DefaultLarge__botB.bc24,awu7.ExplosiveBot,0,A,ExplosiveBot,0,857,CAPTURE,0,-1,297,4,0,0,0,0,90,11,200,510,0,24,804,845,17,0,17,56,62,507,ATK@600
gauntlet/20261001-181029-scrim-b1v2/replays/awu7.ExplosiveBot__DefaultLarge__botB.bc24,awu7.ExplosiveBot,1,B,b1v2,1,857,CAPTURE,3,539,309,10,0,0,0,0,59,0,2430,260,0,4,1355,1464,1,0,93,165,507,62,ATK@600
gauntlet/20261001-181029-scrim-b1v2/replays/awu7.ExplosiveBot__Diagonal__botA.bc24,awu7.ExplosiveBot,1,A,b1v2,1,2000,MORE_FLAG_CAPTURES,1,754,373,25,0,0,0,0,27,0,6690,320,0,11,942,1142,8,0,82,301,774,152,ATK@600+HEAL@1200+CAP@1800
gauntlet/20261001-181029-scrim-b1v2/replays/awu7.ExplosiveBot__Diagonal__botA.bc24,awu7.ExplosiveBot,0,B,ExplosiveBot,0,2000,MORE_FLAG_CAPTURES,0,-1,278,3,0,0,0,0,43,9,5310,5840,0,30,695,789,0,0,32,125,152,774,ATK@600+HEAL@1200
gauntlet/20261001-181029-scrim-b1v2/replays/awu7.ExplosiveBot__OceanFloor__botA.bc24,awu7.ExplosiveBot,1,A,b1v2,1,1533,CAPTURE,3,568,272,22,0,0,0,0,36,0,2720,260,0,3,1210,1217,2,0,69,428,1257,144,ATK@600+HEAL@1200
gauntlet/20261001-181029-scrim-b1v2/replays/awu7.ExplosiveBot__OceanFloor__botA.bc24,awu7.ExplosiveBot,0,B,ExplosiveBot,0,1533,CAPTURE,1,934,219,15,3,0,0,0,81,11,70,90,0,6,721,612,5,0,18,95,144,1257,ATK@600+HEAL@1200
gauntlet/20261001-181029-scrim-b1v2/replays/chenyx512.flagbot_final__Skyline__botB.bc24,chenyx512.flagbot_final,0,A,flagbot_final,0,1005,CAPTURE,2,377,348,24,0,3,53,90,263,4,14496,12566,18,2,928,1578,0,0,177,460,499,88,ATK@600
gauntlet/20261001-181029-scrim-b1v2/replays/chenyx512.flagbot_final__Skyline__botB.bc24,chenyx512.flagbot_final,1,B,b1v2,1,1005,CAPTURE,3,312,210,7,0,0,0,0,100,0,21000,240,0,11,892,1213,23,0,189,241,88,499,ATK@600
gauntlet/20261001-181029-scrim-b1v2/replays/clbarrell.duck8__Foxes__botB.bc24,clbarrell.duck8,0,A,duck8,0,1479,CAPTURE,1,381,320,5,0,0,0,0,10,54,2720,40,3,3,771,1122,16,0,90,238,256,612,ATK@750
gauntlet/20261001-181029-scrim-b1v2/replays/clbarrell.duck8__Foxes__botB.bc24,clbarrell.duck8,1,B,b1v2,1,1479,CAPTURE,3,1322,466,6,0,0,0,0,16,0,9420,280,0,24,964,1055,10,0,94,212,612,256,ATK@600+HEAL@1200
gauntlet/20261001-181029-scrim-b1v2/replays/clbarrell.duck8__OceanFloor__botB.bc24,clbarrell.duck8,0,A,duck8,0,1026,CAPTURE,1,343,282,4,0,0,0,0,30,29,20,70,3,3,876,986,1,0,51,92,103,327,ATK@750
gauntlet/20261001-181029-scrim-b1v2/replays/clbarrell.duck8__OceanFloor__botB.bc24,clbarrell.duck8,1,B,b1v2,1,1026,CAPTURE,3,345,234,7,0,0,0,0,40,0,2600,210,0,0,993,1051,3,0,41,81,327,103,ATK@600
gauntlet/20261001-181029-scrim-b1v2/replays/awu7.ExplosiveBot__Randy__botB.bc24,awu7.ExplosiveBot,0,A,ExplosiveBot,0,1499,CAPTURE,0,-1,216,66,16,0,0,0,6,6,5020,6020,0,12,664,565,22,0,18,136,200,1035,ATK@600+HEAL@1200
gauntlet/20261001-181029-scrim-b1v2/replays/awu7.ExplosiveBot__Randy__botB.bc24,awu7.ExplosiveBot,1,B,b1v2,1,1499,CAPTURE,3,290,263,9,0,0,0,0,6,0,5620,260,0,15,1092,1170,0,0,83,319,1035,200,ATK@600+HEAL@1200
gauntlet/20261001-181029-scrim-b1v2/replays/clbarrell.duck8__Pancakes__botB.bc24,clbarrell.duck8,0,A,duck8,0,525,CAPTURE,1,334,247,6,0,0,0,0,2,22,20,120,2,13,756,814,2,0,93,94,35,137,
gauntlet/20261001-181029-scrim-b1v2/replays/clbarrell.duck8__Pancakes__botB.bc24,clbarrell.duck8,1,B,b1v2,1,525,CAPTURE,3,310,260,4,0,0,0,0,13,0,2010,240,0,1,1096,1156,2,0,61,66,137,35,
gauntlet/20261001-181029-scrim-b1v2/replays/clbarrell.duck8__QuestionableChess__botB.bc24,clbarrell.duck8,0,A,duck8,0,1052,CAPTURE,2,269,212,17,0,0,0,0,47,9,10,60,1,4,906,1093,1,0,26,88,205,433,ATK@750
gauntlet/20261001-181029-scrim-b1v2/replays/clbarrell.duck8__QuestionableChess__botB.bc24,clbarrell.duck8,1,B,b1v2,1,1052,CAPTURE,3,483,455,6,0,0,0,0,66,0,420,190,0,1,975,1215,0,0,14,77,433,205,ATK@600
gauntlet/20261001-181029-scrim-b1v2/replays/dmtrung14.defaultplayer_intlqualifier__Battlecode24__botA.bc24,dmtrung14.defaultplayer_intlqualifier,1,A,b1v2,1,2000,MORE_FLAG_CAPTURES,1,417,238,4,0,0,0,0,66,0,12820,226,0,10,863,351,9,0,163,117,111,13,ATK@600+HEAL@1200+CAP@1800
gauntlet/20261001-181029-scrim-b1v2/replays/dmtrung14.defaultplayer_intlqualifier__Battlecode24__botA.bc24,dmtrung14.defaultplayer_intlqualifier,0,B,defaultplayer_intlqualifier,0,2000,MORE_FLAG_CAPTURES,0,-1,0,3,0,3,19,0,131,16,7070,14800,0,2,229,764,5,33,17,48,13,111,ATK@600+HEAL@1200+CAP@1800
gauntlet/20261001-181029-scrim-b1v2/replays/hsmalladi.finalbot__Fountain__botB.bc24,hsmalladi.finalbot,0,A,finalbot,0,1806,CAPTURE,2,537,400,34,0,3,32,32,44,0,2207,47,6,0,425,541,0,3,24,213,408,430,ATK@600+HEAL@1200+CAP@1800
gauntlet/20261001-181029-scrim-b1v2/replays/hsmalladi.finalbot__Fountain__botB.bc24,hsmalladi.finalbot,1,B,b1v2,1,1806,CAPTURE,3,527,272,14,0,0,0,0,41,0,2870,280,0,3,418,701,0,0,44,157,430,408,ATK@600+HEAL@1200+CAP@1800
gauntlet/20261001-181029-scrim-b1v2/replays/dmtrung14.defaultplayer_intlqualifier__Diagonal__botB.bc24,dmtrung14.defaultplayer_intlqualifier,0,A,defaultplayer_intlqualifier,0,2000,MORE_FLAG_CAPTURES,0,-1,0,3,0,3,15,0,34,25,3380,2020,0,2,194,356,6,24,20,98,38,360,ATK@600+HEAL@1200+CAP@1800
gauntlet/20261001-181029-scrim-b1v2/replays/dmtrung14.defaultplayer_intlqualifier__Diagonal__botB.bc24,dmtrung14.defaultplayer_intlqualifier,1,B,b1v2,1,2000,MORE_FLAG_CAPTURES,1,846,293,15,0,0,0,0,23,0,6810,280,0,3,488,359,12,0,54,117,360,38,ATK@600+HEAL@1200+CAP@1800
gauntlet/20261001-181029-scrim-b1v2/replays/dmtrung14.defaultplayer_intlqualifier__QueenOfHearts__botA.bc24,dmtrung14.defaultplayer_intlqualifier,1,A,b1v2,1,1828,CAPTURE,3,575,386,9,0,0,0,0,95,0,3050,70,0,13,1211,632,2,0,29,182,1259,31,ATK@600+HEAL@1200+CAP@1800
gauntlet/20261001-181029-scrim-b1v2/replays/dmtrung14.defaultplayer_intlqualifier__QueenOfHearts__botA.bc24,dmtrung14.defaultplayer_intlqualifier,0,B,defaultplayer_intlqualifier,0,1828,CAPTURE,1,1272,232,43,14,3,38,0,82,22,640,70,0,3,373,844,6,22,19,135,31,1259,ATK@600+HEAL@1200+CAP@1800
gauntlet/20261001-181029-scrim-b1v2/replays/jonters.bling3__Backslash__botB.bc24,jonters.bling3,0,A,bling3,0,1879,CAPTURE,1,371,311,4,0,0,0,0,236,0,20,1590,0,5,630,1064,41,0,13,178,284,962,ATK@600+HEAL@1200+CAP@1800
gauntlet/20261001-181029-scrim-b1v2/replays/jonters.bling3__Backslash__botB.bc24,jonters.bling3,1,B,b1v2,1,1879,CAPTURE,3,1736,221,22,0,0,0,0,207,0,890,269,0,13,1178,1403,0,0,110,253,962,284,ATK@600+HEAL@1200+CAP@1800
gauntlet/20261001-181029-scrim-b1v2/replays/jonters.bling3__Duck__botB.bc24,jonters.bling3,0,A,bling3,0,1917,CAPTURE,1,1312,252,16,0,0,0,0,103,11,10,20,0,1,636,1171,14,0,7,116,278,1026,ATK@600+HEAL@1200+CAP@1800
gauntlet/20261001-181029-scrim-b1v2/replays/jonters.bling3__Duck__botB.bc24,jonters.bling3,1,B,b1v2,1,1917,CAPTURE,3,325,227,45,0,0,0,0,54,0,3680,230,0,5,1087,1030,2,0,63,366,1026,278,ATK@600+HEAL@1200+CAP@1800
gauntlet/20261001-181029-scrim-b1v2/replays/jonters.bling3__Snake__botB.bc24,jonters.bling3,0,A,bling3,0,985,CAPTURE,2,475,357,4,0,0,0,0,242,0,8240,10330,0,0,350,540,59,0,4,101,139,354,ATK@600
gauntlet/20261001-181029-scrim-b1v2/replays/jonters.bling3__Snake__botB.bc24,jonters.bling3,1,B,b1v2,1,985,CAPTURE,3,380,222,20,0,0,0,0,160,0,10700,309,0,8,562,640,22,0,315,430,354,139,ATK@600
gauntlet/20261001-181029-scrim-b1v2/replays/jonters.bling3__Waterworld__botB.bc24,jonters.bling3,0,A,bling3,0,1155,CAPTURE,1,779,526,9,0,0,0,0,535,0,250,370,0,0,783,1666,18,0,0,58,147,536,ATK@600
gauntlet/20261001-181029-scrim-b1v2/replays/jonters.bling3__Waterworld__botB.bc24,jonters.bling3,1,B,b1v2,1,1155,CAPTURE,3,570,241,28,0,0,0,0,272,0,5440,70,0,3,1365,1497,0,0,93,218,536,147,ATK@600
gauntlet/20261001-181029-scrim-b1v2/replays/justinottesen.sprint1__Fountain__botA.bc24,justinottesen.sprint1,1,A,b1v2,1,463,CAPTURE,3,268,234,3,0,0,0,0,43,0,2810,70,0,5,1315,395,2,0,60,66,172,4,
gauntlet/20261001-181029-scrim-b1v2/replays/justinottesen.sprint1__Fountain__botA.bc24,justinottesen.sprint1,0,B,sprint1,0,463,CAPTURE,0,-1,454,1,0,0,0,0,59,0,1930,23,0,8,188,1034,6,0,0,5,4,172,
gauntlet/20261001-181029-scrim-b1v2/replays/jonters.bling3__Starfish__botA.bc24,jonters.bling3,1,A,b1v2,1,1073,CAPTURE,3,298,250,9,0,0,0,0,170,0,1400,300,0,29,924,896,0,0,35,151,428,95,ATK@600
gauntlet/20261001-181029-scrim-b1v2/replays/jonters.bling3__Starfish__botA.bc24,jonters.bling3,0,B,bling3,0,1073,CAPTURE,0,-1,1063,1,0,0,0,0,216,0,20,10,0,28,528,573,0,0,0,3,95,428,ATK@600
gauntlet/20261001-181029-scrim-b1v2/replays/justinottesen.sprint1__OceanFloor__botB.bc24,justinottesen.sprint1,0,A,sprint1,0,884,CAPTURE,0,-1,231,16,0,0,0,0,82,6,40,70,0,1,196,739,10,0,0,28,22,436,ATK@600
gauntlet/20261001-181029-scrim-b1v2/replays/justinottesen.sprint1__OceanFloor__botB.bc24,justinottesen.sprint1,1,B,b1v2,1,884,CAPTURE,3,404,221,14,0,0,0,0,41,0,2570,220,0,2,1371,511,2,0,64,175,436,22,ATK@600
gauntlet/20261001-181029-scrim-b1v2/replays/justinottesen.sprint1__Decision__botA.bc24,justinottesen.sprint1,1,A,b1v2,1,760,CAPTURE,3,376,258,15,0,0,0,0,87,0,1690,230,0,3,1421,481,1,0,60,151,395,24,ATK@600
gauntlet/20261001-181029-scrim-b1v2/replays/justinottesen.sprint1__Decision__botA.bc24,justinottesen.sprint1,0,B,sprint1,0,760,CAPTURE,1,497,379,4,0,0,0,0,121,2,70,40,0,0,178,738,5,0,0,19,24,395,ATK@600
gauntlet/20261001-181029-scrim-b1v2/replays/justinottesen.sprint1__StackGame__botB.bc24,justinottesen.sprint1,0,A,sprint1,0,836,CAPTURE,0,-1,400,2,0,0,0,0,51,26,270,170,1,6,219,1067,37,0,0,56,64,652,ATK@600
gauntlet/20261001-181029-scrim-b1v2/replays/justinottesen.sprint1__StackGame__botB.bc24,justinottesen.sprint1,1,B,b1v2,1,836,CAPTURE,3,321,280,18,0,0,0,0,31,0,6070,290,0,17,1722,637,0,0,84,147,652,64,ATK@600
gauntlet/20261001-181029-scrim-b1v2/replays/kyleezz.jeeryfix3__Backslash__botB.bc24,kyleezz.jeeryfix3,0,A,jeeryfix3,0,1844,CAPTURE,1,467,240,39,0,0,0,0,236,0,20,6530,0,3,1241,830,0,0,147,322,537,1451,ATK@600+CAP@1200+HEAL@1800
gauntlet/20261001-181029-scrim-b1v2/replays/kyleezz.jeeryfix3__Backslash__botB.bc24,kyleezz.jeeryfix3,1,B,b1v2,1,1844,CAPTURE,3,1519,805,10,0,0,0,0,196,0,1220,240,0,5,1180,1126,0,0,109,423,1451,537,ATK@600+HEAL@1200+CAP@1800
gauntlet/20261001-181029-scrim-b1v2/replays/quesswho.cretplayer2_3__BigDucksBigPond__botA.bc24,quesswho.cretplayer2_3,1,A,b1v2,1,1537,CAPTURE,3,1090,308,20,0,0,0,0,132,0,3540,180,0,0,1097,1117,2,0,126,320,635,247,ATK@600+HEAL@1200
gauntlet/20261001-181029-scrim-b1v2/replays/quesswho.cretplayer2_3__BigDucksBigPond__botA.bc24,quesswho.cretplayer2_3,0,B,cretplayer2_3,0,1537,CAPTURE,2,491,255,20,0,3,39,0,43,0,3210,700,0,3,724,747,0,5,25,122,247,635,ATK@600+HEAL@1200
gauntlet/20261001-181029-scrim-b1v2/replays/kyleezz.jeeryfix3__Fusbol__botA.bc24,kyleezz.jeeryfix3,1,A,b1v2,1,2000,MORE_FLAG_CAPTURES,1,1712,1563,3,0,0,0,0,118,0,6060,290,0,8,1056,1482,10,0,80,573,1397,249,ATK@600+HEAL@1200+CAP@1800
gauntlet/20261001-181029-scrim-b1v2/replays/kyleezz.jeeryfix3__Fusbol__botA.bc24,kyleezz.jeeryfix3,0,B,jeeryfix3,0,2000,MORE_FLAG_CAPTURES,0,-1,0,0,0,0,0,0,185,9,3150,4120,0,23,870,517,0,0,86,251,249,1397,ATK@600+CAP@1200+HEAL@1800
gauntlet/20261001-181029-scrim-b1v2/replays/kyleezz.jeeryfix3__Fusbol__botB.bc24,kyleezz.jeeryfix3,0,A,jeeryfix3,0,2000,LEVEL_SUM,0,-1,0,0,0,0,0,0,182,7,3440,4130,0,26,851,557,0,0,92,234,250,1676,ATK@600+CAP@1200+HEAL@1800
gauntlet/20261001-181029-scrim-b1v2/replays/kyleezz.jeeryfix3__Fusbol__botB.bc24,kyleezz.jeeryfix3,1,B,b1v2,1,2000,LEVEL_SUM,0,-1,1615,20,0,0,0,0,125,0,5850,300,0,3,1085,1326,14,0,75,680,1676,250,ATK@600+HEAL@1200+CAP@1800
gauntlet/20261001-181029-scrim-b1v2/replays/kyleezz.jeeryfix3__BedWars__botA.bc24,kyleezz.jeeryfix3,1,A,b1v2,1,2000,LEVEL_SUM,1,359,335,3,0,0,0,0,0,0,4800,30,0,2,234,345,2,0,41,15,22,15,ATK@600+HEAL@1200+CAP@1800
gauntlet/20261001-181029-scrim-b1v2/replays/kyleezz.jeeryfix3__BedWars__botA.bc24,kyleezz.jeeryfix3,0,B,jeeryfix3,0,2000,LEVEL_SUM,1,260,233,2,0,0,0,0,0,0,4800,970,0,3,241,272,0,0,15,11,15,22,ATK@600+CAP@1200+HEAL@1800
gauntlet/20261001-181029-scrim-b1v2/replays/quesswho.cretplayer2_3__Checkered__botA.bc24,quesswho.cretplayer2_3,1,A,b1v2,1,2000,LEVEL_SUM,2,291,254,5,0,0,0,0,0,0,7200,250,0,2,918,934,12,0,70,286,1173,599,ATK@600+HEAL@1200+CAP@1800
gauntlet/20261001-181029-scrim-b1v2/replays/quesswho.cretplayer2_3__Checkered__botA.bc24,quesswho.cretplayer2_3,0,B,cretplayer2_3,0,2000,LEVEL_SUM,2,286,213,50,0,3,17,0,0,0,7200,3270,0,2,998,1018,0,8,88,328,599,1173,ATK@600+HEAL@1200+CAP@1800
gauntlet/20261001-181029-scrim-b1v2/replays/quesswho.cretplayer2_3__Digging__botA.bc24,quesswho.cretplayer2_3,1,A,b1v2,1,1741,CAPTURE,3,1485,1400,7,0,0,0,0,15,0,2650,270,0,1,1158,962,3,0,48,249,1677,255,ATK@600+HEAL@1200
gauntlet/20261001-181029-scrim-b1v2/replays/quesswho.cretplayer2_3__Digging__botA.bc24,quesswho.cretplayer2_3,0,B,cretplayer2_3,0,1741,CAPTURE,1,356,240,10,0,3,1,0,18,0,2560,1010,0,23,1080,675,0,3,53,186,255,1677,ATK@600+HEAL@1200
gauntlet/20261001-181029-scrim-b1v2/replays/winkelmantanner.waffle__Islands__botB.bc24,winkelmantanner.waffle,0,A,waffle,0,1039,CAPTURE,2,299,224,27,0,0,0,0,46,68,181,291,5,8,1035,1165,0,0,85,156,160,429,ATK@600
gauntlet/20261001-181029-scrim-b1v2/replays/winkelmantanner.waffle__Islands__botB.bc24,winkelmantanner.waffle,1,B,b1v2,1,1039,CAPTURE,3,956,392,13,0,0,0,0,75,0,5950,250,0,0,1145,1557,9,0,63,160,429,160,ATK@600
gauntlet/20261001-182533-scrim-b1v2/losses/CyrilSharma.finalBot__AceOfSpades__botB.bc24,CyrilSharma.finalBot,0,A,finalBot,1,355,CAPTURE,3,276,225,11,0,0,0,55,12,2,2715,17785,11,9,670,792,0,0,151,98,26,31,
gauntlet/20261001-182533-scrim-b1v2/losses/CyrilSharma.finalBot__AceOfSpades__botB.bc24,CyrilSharma.finalBot,1,B,b1v2,0,355,CAPTURE,0,-1,0,0,0,0,0,0,10,0,3900,230,0,0,681,880,2,0,53,51,31,26,
gauntlet/20261001-182533-scrim-b1v2/losses/ColtG5.Goob_final__Tunnels__botA.bc24,ColtG5.Goob_final,1,A,b1v2,0,2000,MORE_FLAG_CAPTURES,0,-1,0,0,0,0,0,0,62,0,2940,240,0,22,889,1086,0,0,53,201,698,310,ATK@600+HEAL@1200+CAP@1800
gauntlet/20261001-182533-scrim-b1v2/losses/ColtG5.Goob_final__Tunnels__botA.bc24,ColtG5.Goob_final,0,B,Goob_final,1,2000,MORE_FLAG_CAPTURES,1,297,259,4,0,0,0,0,64,0,2880,1870,0,17,735,778,1,0,48,163,310,698,ATK@600+HEAL@1200+CAP@1800
gauntlet/20261001-181029-scrim-b1v2/replays/winkelmantanner.waffle__Soccer__botB.bc24,winkelmantanner.waffle,0,A,waffle,0,1398,CAPTURE,1,1174,280,90,0,0,0,0,17,17,3190,780,0,2,988,1228,0,0,64,213,307,830,ATK@600+HEAL@1200
gauntlet/20261001-181029-scrim-b1v2/replays/winkelmantanner.waffle__Soccer__botB.bc24,winkelmantanner.waffle,1,B,b1v2,1,1398,CAPTURE,3,354,279,8,0,0,0,0,24,0,4680,290,0,0,1348,1640,0,0,72,249,830,307,ATK@600+HEAL@1200
gauntlet/20261001-182533-scrim-b1v2/losses/ColtG5.Goob_final__Snake__botA.bc24,ColtG5.Goob_final,1,A,b1v2,0,1136,CAPTURE,0,-1,0,0,0,0,0,0,194,0,9680,255,0,10,1137,1249,24,0,199,300,534,271,ATK@600
gauntlet/20261001-182533-scrim-b1v2/losses/ColtG5.Goob_final__Snake__botA.bc24,ColtG5.Goob_final,0,B,Goob_final,1,1136,CAPTURE,3,509,370,18,0,0,0,0,160,0,10700,23780,0,4,930,772,12,0,149,403,271,534,ATK@600
gauntlet/20261001-182533-scrim-b1v2/losses/CyrilSharma.finalBot__DefaultLarge__botA.bc24,CyrilSharma.finalBot,1,A,b1v2,0,2000,MORE_FLAG_CAPTURES,0,-1,0,0,0,0,0,0,50,0,2700,300,0,6,955,1211,2,0,42,194,559,526,ATK@600+HEAL@1200+CAP@1800
gauntlet/20261001-182533-scrim-b1v2/losses/CyrilSharma.finalBot__DefaultLarge__botA.bc24,CyrilSharma.finalBot,0,B,finalBot,1,2000,MORE_FLAG_CAPTURES,1,424,316,10,0,0,0,60,8,0,2922,4886,12,3,986,1158,0,0,179,587,526,559,ATK@600+HEAL@1200+CAP@1800
gauntlet/20261001-182533-scrim-b1v2/losses/CyrilSharma.finalBot__QuestionableChess__botB.bc24,CyrilSharma.finalBot,0,A,finalBot,1,1949,CAPTURE,3,1302,424,42,0,0,0,31,37,0,717,41,6,3,848,1117,0,0,11,375,659,584,ATK@600+HEAL@1200+CAP@1800
gauntlet/20261001-182533-scrim-b1v2/losses/CyrilSharma.finalBot__QuestionableChess__botB.bc24,CyrilSharma.finalBot,1,B,b1v2,0,1949,CAPTURE,1,756,310,13,0,0,0,0,68,0,360,240,0,13,825,1377,0,0,17,191,584,659,ATK@600+HEAL@1200+CAP@1800
gauntlet/20261001-182533-scrim-b1v2/losses/IvanGeffner.kuma__Alien__botA.bc24,IvanGeffner.kuma,1,A,b1v2,0,487,CAPTURE,0,-1,0,0,0,0,0,0,10,0,5400,300,0,7,1066,1565,0,0,71,75,40,79,
gauntlet/20261001-182533-scrim-b1v2/losses/IvanGeffner.kuma__Alien__botA.bc24,IvanGeffner.kuma,0,B,kuma,1,487,CAPTURE,3,287,253,28,19,0,0,90,19,0,3690,1230,18,10,1234,1490,4,0,97,101,79,40,
gauntlet/20261001-182533-scrim-b1v2/losses/CyrilSharma.finalBot__YearOfTheDragon__botA.bc24,CyrilSharma.finalBot,1,A,b1v2,0,2000,MORE_FLAG_CAPTURES,0,-1,0,0,0,0,0,0,8,0,12960,295,0,11,931,1153,17,0,119,282,590,648,ATK@600+HEAL@1200+CAP@1800
gauntlet/20261001-182533-scrim-b1v2/losses/CyrilSharma.finalBot__YearOfTheDragon__botA.bc24,CyrilSharma.finalBot,0,B,finalBot,1,2000,MORE_FLAG_CAPTURES,2,436,345,9,0,0,0,56,5,2,11918,9244,11,4,904,1005,0,0,149,692,648,590,ATK@600+HEAL@1200+CAP@1800
gauntlet/20261001-182533-scrim-b1v2/losses/Gymhgy.v10official__Starfish__botB.bc24,Gymhgy.v10official,0,A,v10official,1,2000,MORE_FLAG_CAPTURES,2,331,229,13,4,3,20,19,186,2,379,79,2,11,1011,1612,0,2,11,183,547,916,ATK@600+HEAL@1200+CAP@1800
gauntlet/20261001-182533-scrim-b1v2/losses/Gymhgy.v10official__Starfish__botB.bc24,Gymhgy.v10official,1,B,b1v2,0,2000,MORE_FLAG_CAPTURES,1,324,245,24,0,0,0,0,174,0,1280,30,0,32,1391,1594,0,0,28,257,916,547,ATK@600+HEAL@1200+CAP@1800
gauntlet/20261001-182533-scrim-b1v2/losses/IvanGeffner.kuma__BigDucksBigPond__botA.bc24,IvanGeffner.kuma,1,A,b1v2,0,1663,CAPTURE,0,-1,0,0,0,0,0,0,120,0,3900,270,0,8,1029,1489,4,0,72,201,355,715,ATK@600+HEAL@1200
gauntlet/20261001-182533-scrim-b1v2/losses/IvanGeffner.kuma__BigDucksBigPond__botA.bc24,IvanGeffner.kuma,0,B,kuma,1,1663,CAPTURE,3,758,244,63,41,0,0,90,119,2,2375,2095,18,3,1037,1185,11,0,87,528,715,355,ATK@600+HEAL@1200
gauntlet/20261001-182533-scrim-b1v2/losses/Gymhgy.v10official__DefaultMedium__botB.bc24,Gymhgy.v10official,0,A,v10official,1,2000,MORE_FLAG_CAPTURES,2,365,316,27,22,3,12,90,51,2,2115,35,18,0,1010,1997,3,2,61,261,355,285,ATK@600+HEAL@1200+CAP@1800
gauntlet/20261001-182533-scrim-b1v2/losses/Gymhgy.v10official__DefaultMedium__botB.bc24,Gymhgy.v10official,1,B,b1v2,0,2000,MORE_FLAG_CAPTURES,1,686,372,11,0,0,0,0,105,0,2150,250,0,16,1194,1578,2,0,34,175,285,355,ATK@600+HEAL@1200+CAP@1800
gauntlet/20261001-182533-scrim-b1v2/losses/Gymhgy.v10official__GravitationalWaves__botA.bc24,Gymhgy.v10official,1,A,b1v2,0,2000,MORE_FLAG_CAPTURES,0,-1,309,6,0,0,0,0,70,0,4000,250,0,20,1002,1445,0,0,53,153,297,148,ATK@600+HEAL@1200+CAP@1800
gauntlet/20261001-182533-scrim-b1v2/losses/Gymhgy.v10official__GravitationalWaves__botA.bc24,Gymhgy.v10official,0,B,v10official,1,2000,MORE_FLAG_CAPTURES,2,556,261,71,29,3,17,70,52,1,3278,68,13,1,867,1701,10,1,43,188,148,297,ATK@600+HEAL@1200+CAP@1800
gauntlet/20261001-182533-scrim-b1v2/losses/NotLLeon.v3__Decision__botB.bc24,NotLLeon.v3,0,A,v3,1,799,CAPTURE,3,493,277,35,5,0,0,0,61,0,2270,10,0,3,775,927,0,0,45,89,115,160,ATK@600
gauntlet/20261001-182533-scrim-b1v2/losses/NotLLeon.v3__Decision__botB.bc24,NotLLeon.v3,1,B,b1v2,0,799,CAPTURE,0,-1,257,12,0,0,0,0,84,0,1780,230,0,1,853,1099,1,0,35,68,160,115,ATK@600
gauntlet/20261001-182533-scrim-b1v2/losses/IvanGeffner.kuma__StackGame__botB.bc24,IvanGeffner.kuma,0,A,kuma,1,461,CAPTURE,3,387,280,34,20,0,0,90,46,6,3645,2455,18,3,1139,1475,7,0,84,78,90,48,
gauntlet/20261001-182533-scrim-b1v2/losses/IvanGeffner.kuma__StackGame__botB.bc24,IvanGeffner.kuma,1,B,b1v2,0,461,CAPTURE,0,-1,360,2,0,0,0,0,32,0,6040,240,0,29,1124,1624,0,0,77,76,48,90,
gauntlet/20261001-182533-scrim-b1v2/losses/IvanGeffner.kuma__Randy__botB.bc24,IvanGeffner.kuma,0,A,kuma,1,1519,CAPTURE,3,291,230,18,12,0,0,80,11,10,3153,1717,15,7,1084,1150,3,0,127,440,632,246,ATK@600+HEAL@1200
gauntlet/20261001-182533-scrim-b1v2/losses/IvanGeffner.kuma__Randy__botB.bc24,IvanGeffner.kuma,1,B,b1v2,0,1519,CAPTURE,0,-1,238,1,0,0,0,0,10,0,5500,210,0,19,780,1199,0,0,66,177,246,632,ATK@600+HEAL@1200
gauntlet/20261001-182533-scrim-b1v2/losses/IvanGeffner.kuma__Diagonal__botB.bc24,IvanGeffner.kuma,0,A,kuma,1,2000,LEVEL_SUM,0,-1,1293,1,1,0,0,90,28,16,3635,2925,18,7,597,764,0,0,64,253,246,171,ATK@600+HEAL@1200+CAP@1800
gauntlet/20261001-182533-scrim-b1v2/losses/IvanGeffner.kuma__Diagonal__botB.bc24,IvanGeffner.kuma,1,B,b1v2,0,2000,LEVEL_SUM,0,-1,0,0,0,0,0,0,26,0,6720,220,0,18,498,720,6,0,74,190,171,246,ATK@600+HEAL@1200+CAP@1800
gauntlet/20261001-182533-scrim-b1v2/losses/NotLLeon.v3__Duck__botB.bc24,NotLLeon.v3,0,A,v3,1,770,CAPTURE,3,400,262,46,6,0,0,0,25,0,4550,410,0,11,692,912,0,0,62,101,85,189,ATK@600
gauntlet/20261001-182533-scrim-b1v2/losses/NotLLeon.v3__Duck__botB.bc24,NotLLeon.v3,1,B,b1v2,0,770,CAPTURE,0,-1,235,15,0,0,0,0,31,0,4370,220,0,2,817,1006,3,0,62,121,189,85,ATK@600
gauntlet/20261001-182533-scrim-b1v2/losses/NotLLeon.v3__Foxes__botB.bc24,NotLLeon.v3,0,A,v3,1,1097,CAPTURE,3,755,332,38,8,0,0,0,2,0,9840,4730,0,3,998,1217,0,0,126,221,243,229,ATK@600
gauntlet/20261001-182533-scrim-b1v2/losses/NotLLeon.v3__Foxes__botB.bc24,NotLLeon.v3,1,B,b1v2,0,1097,CAPTURE,0,-1,377,2,0,0,0,0,16,0,9420,250,0,18,892,1185,10,0,92,169,229,243,ATK@600
gauntlet/20261001-182533-scrim-b1v2/losses/NotLLeon.v3__FloodGates__botA.bc24,NotLLeon.v3,1,A,b1v2,0,2000,MORE_FLAG_CAPTURES,0,-1,0,0,0,0,0,0,3,0,2810,700,0,7,212,315,1,0,52,200,593,459,ATK@600+HEAL@1200+CAP@1800
gauntlet/20261001-182533-scrim-b1v2/losses/NotLLeon.v3__FloodGates__botA.bc24,NotLLeon.v3,0,B,v3,1,2000,MORE_FLAG_CAPTURES,2,613,568,39,22,0,0,0,3,0,2810,4080,0,9,261,291,0,0,29,232,459,593,ATK@600+HEAL@1200+CAP@1800
gauntlet/20261001-182533-scrim-b1v2/losses/SampleProvider.TSPAARKSPRINT1__English__botA.bc24,SampleProvider.TSPAARKSPRINT1,1,A,b1v2,0,1226,CAPTURE,1,900,293,12,0,0,0,0,180,0,7900,290,0,0,932,823,4,0,87,166,216,113,ATK@600+HEAL@1200
gauntlet/20261001-182533-scrim-b1v2/losses/SampleProvider.TSPAARKSPRINT1__English__botA.bc24,SampleProvider.TSPAARKSPRINT1,0,B,TSPAARKSPRINT1,1,1226,CAPTURE,3,434,254,56,0,3,57,0,321,4,3270,90,0,6,463,1092,3,26,4,35,113,216,ATK@600+CAP@1200
gauntlet/20261001-182533-scrim-b1v2/losses/NotLLeon.v3__Rainbow__botA.bc24,NotLLeon.v3,1,A,b1v2,0,1177,CAPTURE,0,-1,519,2,0,0,0,0,48,0,6960,300,0,10,798,1082,4,0,82,159,313,257,ATK@600
gauntlet/20261001-182533-scrim-b1v2/losses/NotLLeon.v3__Rainbow__botA.bc24,NotLLeon.v3,0,B,v3,1,1177,CAPTURE,3,748,328,73,8,0,0,0,14,0,7980,5410,0,6,785,900,0,0,98,205,257,313,ATK@600
gauntlet/20261001-182533-scrim-b1v2/losses/SampleProvider.TSPAARKSPRINT1__KingQuacksCastle__botB.bc24,SampleProvider.TSPAARKSPRINT1,0,A,TSPAARKSPRINT1,1,1921,CAPTURE,3,1195,299,127,0,3,44,0,41,4,2370,30,0,15,524,1427,8,26,10,101,200,1133,ATK@600+CAP@1200+HEAL@1800
gauntlet/20261001-182533-scrim-b1v2/losses/SampleProvider.TSPAARKSPRINT1__KingQuacksCastle__botB.bc24,SampleProvider.TSPAARKSPRINT1,1,B,b1v2,0,1921,CAPTURE,1,506,284,5,0,0,0,0,30,0,3100,280,0,2,1079,841,3,0,62,378,1133,200,ATK@600+HEAL@1200+CAP@1800
gauntlet/20261001-182533-scrim-b1v2/losses/SampleProvider.TSPAARKSPRINT1__EndAround__botA.bc24,SampleProvider.TSPAARKSPRINT1,1,A,b1v2,0,2000,MORE_FLAG_CAPTURES,0,-1,269,21,0,0,0,0,76,0,2320,270,0,3,567,525,2,0,48,257,496,183,ATK@600+HEAL@1200+CAP@1800
gauntlet/20261001-182533-scrim-b1v2/losses/SampleProvider.TSPAARKSPRINT1__EndAround__botA.bc24,SampleProvider.TSPAARKSPRINT1,0,B,TSPAARKSPRINT1,1,2000,MORE_FLAG_CAPTURES,2,1688,340,81,0,3,57,0,130,4,600,10,0,3,302,615,11,18,1,95,183,496,ATK@600+CAP@1200+HEAL@1800
gauntlet/20261001-182533-scrim-b1v2/losses/SampleProvider.TSPAARKSPRINT1__Swoop__botA.bc24,SampleProvider.TSPAARKSPRINT1,1,A,b1v2,0,929,CAPTURE,1,837,746,5,0,0,0,0,63,0,4810,300,0,0,1007,989,5,0,56,128,247,91,ATK@600
gauntlet/20261001-182533-scrim-b1v2/losses/SampleProvider.TSPAARKSPRINT1__Swoop__botA.bc24,SampleProvider.TSPAARKSPRINT1,0,B,TSPAARKSPRINT1,1,929,CAPTURE,3,617,229,61,0,3,40,0,84,5,3680,150,0,6,675,1468,15,24,6,61,91,247,ATK@600
gauntlet/20261001-182533-scrim-b1v2/losses/Strequals.duck0127v5__Canals__botA.bc24,Strequals.duck0127v5,1,A,b1v2,0,662,CAPTURE,1,644,608,2,0,0,0,0,0,0,7000,280,0,0,727,1329,5,0,72,86,50,128,ATK@600
gauntlet/20261001-182533-scrim-b1v2/losses/Strequals.duck0127v5__Canals__botA.bc24,Strequals.duck0127v5,0,B,duck0127v5,1,662,CAPTURE,3,280,249,10,0,0,0,90,36,5,4404,2619,18,7,996,1188,0,2,114,169,128,50,ATK@600
gauntlet/20261001-182533-scrim-b1v2/losses/SampleProvider.TSPAARKSPRINT1__WheresMyWater__botB.bc24,SampleProvider.TSPAARKSPRINT1,0,A,TSPAARKSPRINT1,1,807,CAPTURE,3,276,265,27,0,3,4,0,169,3,30,30,0,17,626,1894,0,21,0,24,53,229,ATK@600
gauntlet/20261001-182533-scrim-b1v2/losses/SampleProvider.TSPAARKSPRINT1__WheresMyWater__botB.bc24,SampleProvider.TSPAARKSPRINT1,1,B,b1v2,0,807,CAPTURE,2,226,214,7,0,0,0,0,48,0,3960,300,0,17,1303,1104,0,0,63,119,229,53,ATK@600
gauntlet/20261001-182533-scrim-b1v2/losses/Strequals.duck0127v5__Skyline__botB.bc24,Strequals.duck0127v5,0,A,duck0127v5,1,461,CAPTURE,3,335,271,12,0,0,0,90,50,28,19795,18770,18,18,850,1058,0,3,99,103,37,45,
gauntlet/20261001-182533-scrim-b1v2/losses/Strequals.duck0127v5__Skyline__botB.bc24,Strequals.duck0127v5,1,B,b1v2,0,461,CAPTURE,0,-1,231,6,0,0,0,0,111,0,20670,97,0,1,827,1218,17,0,187,182,45,37,
gauntlet/20261001-182533-scrim-b1v2/losses/andli28.v9_USQuals_angle__AceOfSpades__botB.bc24,andli28.v9_USQuals_angle,0,A,v9_USQuals_angle,1,560,CAPTURE,3,416,244,25,0,0,0,90,14,10,1849,16099,18,3,969,1334,22,2,140,181,86,65,
gauntlet/20261001-182533-scrim-b1v2/losses/andli28.v9_USQuals_angle__AceOfSpades__botB.bc24,andli28.v9_USQuals_angle,1,B,b1v2,0,560,CAPTURE,0,-1,0,0,0,0,0,0,15,0,3750,250,0,16,962,1537,1,0,68,81,65,86,
gauntlet/20261001-182533-scrim-b1v2/losses/Strequals.duck0127v5__Soccer__botA.bc24,Strequals.duck0127v5,1,A,b1v2,0,760,CAPTURE,0,-1,299,21,0,0,0,0,20,0,4800,300,0,8,821,1377,2,0,59,94,102,150,ATK@600
gauntlet/20261001-182533-scrim-b1v2/losses/Strequals.duck0127v5__Soccer__botA.bc24,Strequals.duck0127v5,0,B,duck0127v5,1,760,CAPTURE,3,396,324,15,0,0,0,90,36,2,2966,2442,18,4,994,1113,0,3,74,177,150,102,ATK@600
gauntlet/20261001-182533-scrim-b1v2/losses/Strequals.duck0127v5__Foxes__botB.bc24,Strequals.duck0127v5,0,A,duck0127v5,1,2000,MORE_FLAG_CAPTURES,2,412,326,15,0,0,0,90,33,13,7201,6576,18,15,983,1163,0,2,133,363,449,222,ATK@600+HEAL@1200+CAP@1800
gauntlet/20261001-182533-scrim-b1v2/losses/Strequals.duck0127v5__Foxes__botB.bc24,Strequals.duck0127v5,1,B,b1v2,0,2000,MORE_FLAG_CAPTURES,0,-1,250,8,0,0,0,0,12,0,9540,220,0,8,778,1241,13,0,88,246,222,449,ATK@600+HEAL@1200+CAP@1800
gauntlet/20261001-182533-scrim-b1v2/losses/Strequals.duck0127v5__Divergent__botA.bc24,Strequals.duck0127v5,1,A,b1v2,0,2000,MORE_FLAG_CAPTURES,1,683,506,11,0,0,0,0,37,0,4990,260,0,1,551,882,2,0,61,180,243,355,ATK@600+HEAL@1200+CAP@1800
gauntlet/20261001-182533-scrim-b1v2/losses/Strequals.duck0127v5__Divergent__botA.bc24,Strequals.duck0127v5,0,B,duck0127v5,1,2000,MORE_FLAG_CAPTURES,2,337,276,21,0,0,0,90,30,2,3933,3273,18,10,635,833,0,2,70,431,355,243,ATK@600+HEAL@1200+CAP@1800
gauntlet/20261001-182533-scrim-b1v2/losses/andli28.v9_USQuals_angle__Funnel__botB.bc24,andli28.v9_USQuals_angle,0,A,v9_USQuals_angle,1,1049,CAPTURE,3,679,379,30,0,0,0,90,7,11,2385,2995,18,3,1017,1414,7,3,90,317,292,154,ATK@600
gauntlet/20261001-182533-scrim-b1v2/losses/andli28.v9_USQuals_angle__Funnel__botB.bc24,andli28.v9_USQuals_angle,1,B,b1v2,0,1049,CAPTURE,0,-1,0,0,0,0,0,0,25,0,3850,280,0,7,955,1509,2,0,62,112,154,292,ATK@600
gauntlet/20261001-182533-scrim-b1v2/losses/andli28.v9_USQuals_angle__Occulus__botA.bc24,andli28.v9_USQuals_angle,1,A,b1v2,0,581,CAPTURE,0,-1,224,3,0,0,0,0,14,0,3780,280,0,17,977,1400,2,0,56,75,91,144,
gauntlet/20261001-182533-scrim-b1v2/losses/andli28.v9_USQuals_angle__Occulus__botA.bc24,andli28.v9_USQuals_angle,0,B,v9_USQuals_angle,1,581,CAPTURE,3,420,301,21,0,0,0,76,11,6,2189,5239,16,18,1040,1129,15,3,92,154,144,91,
gauntlet/20261001-182533-scrim-b1v2/losses/andli28.v9_USQuals_angle__Gated__botA.bc24,andli28.v9_USQuals_angle,1,A,b1v2,0,2000,MORE_FLAG_CAPTURES,0,-1,258,5,0,0,0,0,28,0,3060,270,0,0,928,1105,2,0,51,199,427,779,ATK@600+HEAL@1200+CAP@1800
gauntlet/20261001-182533-scrim-b1v2/losses/andli28.v9_USQuals_angle__Gated__botA.bc24,andli28.v9_USQuals_angle,0,B,v9_USQuals_angle,1,2000,MORE_FLAG_CAPTURES,2,786,265,65,0,0,0,73,19,6,1717,1199,15,1,1062,1069,0,4,80,473,779,427,ATK@600+HEAL@1200+CAP@1800
gauntlet/20261001-182533-scrim-b1v2/losses/andli28.v9_USQuals_angle__QuestionableChess__botA.bc24,andli28.v9_USQuals_angle,1,A,b1v2,0,1100,CAPTURE,0,-1,565,1,0,0,0,0,73,0,210,180,0,2,641,1128,0,0,17,83,239,271,ATK@600
gauntlet/20261001-182533-scrim-b1v2/losses/andli28.v9_USQuals_angle__QuestionableChess__botA.bc24,andli28.v9_USQuals_angle,0,B,v9_USQuals_angle,1,1100,CAPTURE,3,257,230,21,0,0,0,49,36,7,10,22,9,8,780,917,0,4,24,205,271,239,ATK@600
gauntlet/20261001-182533-scrim-b1v2/losses/andli28.v9_USQuals_angle__SteamboatMickey__botB.bc24,andli28.v9_USQuals_angle,0,A,v9_USQuals_angle,1,781,CAPTURE,3,632,534,10,0,0,0,87,3,6,7817,15987,18,5,864,1338,13,3,69,256,203,118,ATK@600
gauntlet/20261001-182533-scrim-b1v2/losses/andli28.v9_USQuals_angle__SteamboatMickey__botB.bc24,andli28.v9_USQuals_angle,1,B,b1v2,0,781,CAPTURE,0,-1,224,5,0,0,0,0,5,0,9550,220,0,5,1063,1340,0,0,143,180,118,203,ATK@600
gauntlet/20261001-182533-scrim-b1v2/losses/andrewgopher.player22__StackGame__botA.bc24,andrewgopher.player22,1,A,b1v2,0,462,CAPTURE,0,-1,302,2,0,0,0,0,36,0,5920,220,0,31,1065,1586,0,0,78,77,112,119,
gauntlet/20261001-182533-scrim-b1v2/losses/andrewgopher.player22__StackGame__botA.bc24,andrewgopher.player22,0,B,player22,1,462,CAPTURE,3,345,304,10,0,3,0,0,50,0,5500,690,0,2,1374,781,3,0,84,91,119,112,
gauntlet/20261001-182533-scrim-b1v2/losses/andrewgopher.player22__Divergent__botB.bc24,andrewgopher.player22,0,A,player22,1,2000,MORE_FLAG_CAPTURES,2,996,393,19,0,3,0,0,63,0,4210,910,0,3,783,472,3,0,57,243,456,588,ATK@600+HEAL@1200+CAP@1800
gauntlet/20261001-182533-scrim-b1v2/losses/andrewgopher.player22__Divergent__botB.bc24,andrewgopher.player22,1,B,b1v2,0,2000,MORE_FLAG_CAPTURES,0,-1,224,8,0,0,0,0,36,0,5020,220,0,16,753,1076,3,0,63,206,588,456,ATK@600+HEAL@1200+CAP@1800
gauntlet/20261001-182533-scrim-b1v2/losses/andrewgopher.player22__Snake__botA.bc24,andrewgopher.player22,1,A,b1v2,0,1667,CAPTURE,0,-1,380,3,0,0,0,0,185,0,9950,225,0,20,970,1264,24,0,211,352,709,784,ATK@600+HEAL@1200
gauntlet/20261001-182533-scrim-b1v2/losses/andrewgopher.player22__Snake__botA.bc24,andrewgopher.player22,0,B,player22,1,1667,CAPTURE,3,462,393,24,15,3,0,0,150,0,11000,25480,0,3,816,341,70,0,86,554,784,709,ATK@600+HEAL@1200
gauntlet/20261001-182533-scrim-b1v2/losses/andrewgopher.player22__Fountain__botA.bc24,andrewgopher.player22,1,A,b1v2,0,1989,CAPTURE,1,437,407,5,0,0,0,0,40,0,2900,250,0,28,911,1489,2,0,49,213,863,540,ATK@600+HEAL@1200+CAP@1800
gauntlet/20261001-182533-scrim-b1v2/losses/andrewgopher.player22__Fountain__botA.bc24,andrewgopher.player22,0,B,player22,1,1989,CAPTURE,3,599,408,11,0,3,0,0,71,0,1970,1110,0,5,939,525,0,0,24,184,540,863,ATK@600+HEAL@1200+CAP@1800
gauntlet/20261001-182533-scrim-b1v2/losses/andrewgopher.player22__Yinyang__botB.bc24,andrewgopher.player22,0,A,player22,1,419,CAPTURE,3,277,259,8,0,3,0,0,0,0,5300,60,0,4,1272,591,3,0,63,42,62,103,
gauntlet/20261001-182533-scrim-b1v2/losses/andrewgopher.player22__Yinyang__botB.bc24,andrewgopher.player22,1,B,b1v2,0,419,CAPTURE,0,-1,0,0,0,0,0,0,0,0,5300,220,0,0,1018,1573,0,0,72,72,103,62,
gauntlet/20261001-182533-scrim-b1v2/losses/andrewgopher.player22__WheresMyWater__botA.bc24,andrewgopher.player22,1,A,b1v2,0,2000,MORE_FLAG_CAPTURES,0,-1,1594,1,0,0,0,0,42,0,4140,270,0,1,1141,1586,0,0,59,213,670,920,ATK@600+HEAL@1200+CAP@1800
gauntlet/20261001-182533-scrim-b1v2/losses/andrewgopher.player22__WheresMyWater__botA.bc24,andrewgopher.player22,0,B,player22,1,2000,MORE_FLAG_CAPTURES,2,262,243,12,4,3,0,0,111,0,2070,40,0,6,1324,483,11,0,54,394,920,670,ATK@600+HEAL@1200+CAP@1800
gauntlet/20261001-182533-scrim-b1v2/losses/chenyx512.flagbot_final__Alligator__botA.bc24,chenyx512.flagbot_final,1,A,b1v2,0,1154,CAPTURE,0,-1,324,4,0,0,0,0,53,0,4110,250,0,10,980,1333,0,0,73,149,143,579,ATK@600
gauntlet/20261001-182533-scrim-b1v2/losses/chenyx512.flagbot_final__Alligator__botA.bc24,chenyx512.flagbot_final,0,B,flagbot_final,1,1154,CAPTURE,3,524,340,25,0,3,42,90,131,0,447,3542,18,5,1034,1567,0,0,139,350,579,143,ATK@600
gauntlet/20261001-182533-scrim-b1v2/losses/chenyx512.flagbot_final__CH3353C4K3F4CT0RY__botB.bc24,chenyx512.flagbot_final,0,A,flagbot_final,1,576,CAPTURE,3,371,324,13,0,3,41,90,109,0,10873,9353,18,3,1054,1547,0,0,206,242,158,39,
gauntlet/20261001-182533-scrim-b1v2/losses/chenyx512.flagbot_final__CH3353C4K3F4CT0RY__botB.bc24,chenyx512.flagbot_final,1,B,b1v2,0,576,CAPTURE,1,416,349,3,0,0,0,0,14,0,14980,210,0,11,824,1119,17,0,138,161,39,158,
gauntlet/20261001-182533-scrim-b1v2/losses/chenyx512.flagbot_final__Bunkers__botA.bc24,chenyx512.flagbot_final,1,A,b1v2,0,886,CAPTURE,0,-1,283,6,0,0,0,0,30,0,4300,300,0,6,1069,1648,4,0,52,104,69,421,ATK@600
gauntlet/20261001-182533-scrim-b1v2/losses/chenyx512.flagbot_final__Bunkers__botA.bc24,chenyx512.flagbot_final,0,B,flagbot_final,1,886,CAPTURE,3,395,366,12,0,3,48,90,119,5,126,66,18,7,1167,1882,0,0,47,205,421,69,ATK@600
gauntlet/20261001-182533-scrim-b1v2/losses/chenyx512.flagbot_final__Intercontinental__botA.bc24,chenyx512.flagbot_final,1,A,b1v2,0,963,CAPTURE,1,333,281,4,0,0,0,0,146,0,420,50,0,12,916,1228,0,0,17,62,94,410,ATK@600
gauntlet/20261001-182533-scrim-b1v2/losses/chenyx512.flagbot_final__Intercontinental__botA.bc24,chenyx512.flagbot_final,0,B,flagbot_final,1,963,CAPTURE,3,550,497,13,0,3,25,83,122,0,37,13,16,4,869,1313,0,0,12,131,410,94,ATK@600
gauntlet/20261001-182533-scrim-b1v2/losses/chenyx512.flagbot_final__KingQuacksCastle__botB.bc24,chenyx512.flagbot_final,0,A,flagbot_final,1,781,CAPTURE,3,431,379,15,0,3,44,90,91,0,31,2794,18,1,972,1466,0,0,95,173,276,64,ATK@600
gauntlet/20261001-182533-scrim-b1v2/losses/chenyx512.flagbot_final__KingQuacksCastle__botB.bc24,chenyx512.flagbot_final,1,B,b1v2,0,781,CAPTURE,1,299,225,2,0,0,0,0,27,0,3190,200,0,17,959,1198,2,0,64,106,64,276,ATK@600
gauntlet/20261001-182533-scrim-b1v2/losses/chenyx512.flagbot_final__OceanFloor__botB.bc24,chenyx512.flagbot_final,0,A,flagbot_final,1,745,CAPTURE,3,365,251,13,0,3,51,90,73,2,214,44,18,2,804,1303,0,0,24,64,123,45,ATK@600
gauntlet/20261001-182533-scrim-b1v2/losses/chenyx512.flagbot_final__OceanFloor__botB.bc24,chenyx512.flagbot_final,1,B,b1v2,0,745,CAPTURE,1,361,238,9,0,0,0,0,36,0,2720,170,0,11,694,1033,2,0,37,73,45,123,ATK@600
gauntlet/20261001-182533-scrim-b1v2/losses/clbarrell.duck8__Fountain__botA.bc24,clbarrell.duck8,1,A,b1v2,0,541,CAPTURE,1,282,250,1,0,0,0,0,41,0,2870,30,0,1,984,1005,2,0,31,39,125,79,
gauntlet/20261001-182533-scrim-b1v2/losses/clbarrell.duck8__Fountain__botA.bc24,clbarrell.duck8,0,B,duck8,1,541,CAPTURE,3,294,241,17,0,0,0,0,26,23,20,40,1,4,743,840,10,0,34,45,79,125,
gauntlet/20261001-182533-scrim-b1v2/losses/hsmalladi.finalbot__HungerGames__botB.bc24,hsmalladi.finalbot,0,A,finalbot,1,353,CAPTURE,3,272,230,16,7,3,20,5,20,0,2400,10590,0,0,705,792,0,3,192,155,38,19,
gauntlet/20261001-182533-scrim-b1v2/losses/hsmalladi.finalbot__HungerGames__botB.bc24,hsmalladi.finalbot,1,B,b1v2,0,353,CAPTURE,0,-1,345,1,0,0,0,0,19,0,2530,270,0,3,534,776,3,0,70,73,19,38,
gauntlet/20261001-182533-scrim-b1v2/losses/dmtrung14.defaultplayer_intlqualifier__DefaultHuge__botA.bc24,dmtrung14.defaultplayer_intlqualifier,1,A,b1v2,0,523,CAPTURE,2,462,239,5,0,0,0,0,8,0,5860,210,0,1,1227,554,8,0,50,50,171,24,
gauntlet/20261001-182533-scrim-b1v2/losses/dmtrung14.defaultplayer_intlqualifier__DefaultHuge__botA.bc24,dmtrung14.defaultplayer_intlqualifier,0,B,defaultplayer_intlqualifier,1,523,CAPTURE,3,244,214,33,22,3,28,0,17,29,2090,860,0,3,366,853,6,29,30,72,24,171,
gauntlet/20261001-182533-scrim-b1v2/losses/hsmalladi.finalbot__BreadPudding__botB.bc24,hsmalladi.finalbot,0,A,finalbot,1,668,CAPTURE,3,363,277,49,21,3,21,56,54,0,2361,51,10,1,931,910,2,4,40,72,102,165,ATK@600
gauntlet/20261001-182533-scrim-b1v2/losses/hsmalladi.finalbot__BreadPudding__botB.bc24,hsmalladi.finalbot,1,B,b1v2,0,668,CAPTURE,0,-1,264,2,0,0,0,0,43,0,3710,250,0,20,992,1447,3,0,54,77,165,102,ATK@600
gauntlet/20261001-182533-scrim-b1v2/losses/hsmalladi.finalbot__StackGame__botA.bc24,hsmalladi.finalbot,1,A,b1v2,0,393,CAPTURE,0,-1,0,0,0,0,0,0,38,0,5860,260,0,10,1146,1412,0,0,75,69,86,59,
gauntlet/20261001-182533-scrim-b1v2/losses/hsmalladi.finalbot__StackGame__botA.bc24,hsmalladi.finalbot,0,B,finalbot,1,393,CAPTURE,3,305,267,29,6,3,23,60,65,2,3919,119,12,1,1121,938,5,3,57,59,59,86,
gauntlet/20261001-182533-scrim-b1v2/losses/dmtrung14.defaultplayer_intlqualifier__Klein__botA.bc24,dmtrung14.defaultplayer_intlqualifier,1,A,b1v2,0,2000,MORE_FLAG_CAPTURES,0,-1,0,0,0,0,0,0,106,0,5820,140,0,18,1255,544,0,0,70,39,197,9,ATK@600+HEAL@1200+CAP@1800
gauntlet/20261001-182533-scrim-b1v2/losses/dmtrung14.defaultplayer_intlqualifier__Klein__botA.bc24,dmtrung14.defaultplayer_intlqualifier,0,B,defaultplayer_intlqualifier,1,2000,MORE_FLAG_CAPTURES,1,445,437,8,3,3,28,0,214,12,80,90,0,13,313,810,6,15,10,21,9,197,ATK@600+HEAL@1200+CAP@1800
gauntlet/20261001-182533-scrim-b1v2/losses/hsmalladi.finalbot__Puzzle__botA.bc24,hsmalladi.finalbot,1,A,b1v2,0,516,CAPTURE,0,-1,321,4,0,0,0,0,12,0,2040,210,0,2,696,937,1,0,89,75,55,62,
gauntlet/20261001-182533-scrim-b1v2/losses/hsmalladi.finalbot__Puzzle__botA.bc24,hsmalladi.finalbot,0,B,finalbot,1,516,CAPTURE,3,362,263,19,3,3,27,0,78,0,60,6940,0,0,764,776,0,3,143,141,62,55,
gauntlet/20261001-182533-scrim-b1v2/losses/clbarrell.duck8__Whirlpool__botA.bc24,clbarrell.duck8,1,A,b1v2,0,2000,MORE_FLAG_CAPTURES,0,-1,0,0,0,0,0,0,83,0,2710,260,0,8,1051,1000,0,0,38,193,955,441,ATK@600+HEAL@1200+CAP@1800
gauntlet/20261001-182533-scrim-b1v2/losses/clbarrell.duck8__Whirlpool__botA.bc24,clbarrell.duck8,0,B,duck8,1,2000,MORE_FLAG_CAPTURES,1,346,262,32,0,0,0,0,40,34,90,580,3,5,816,783,6,0,85,260,441,955,ATK@750+HEAL@1500
gauntlet/20261001-182533-scrim-b1v2/losses/jmerle.camel_case_v21_final__HungerGames__botB.bc24,jmerle.camel_case_v21_final,0,A,camel_case_v21_final,1,354,CAPTURE,3,289,250,4,0,0,0,0,1,0,2970,11660,0,2,973,345,0,0,205,172,68,53,
gauntlet/20261001-182533-scrim-b1v2/losses/jmerle.camel_case_v21_final__HungerGames__botB.bc24,jmerle.camel_case_v21_final,1,B,b1v2,0,354,CAPTURE,0,-1,0,0,0,0,0,0,18,0,2560,210,0,5,574,871,2,0,51,52,53,68,
gauntlet/20261001-182533-scrim-b1v2/losses/jmerle.camel_case_v21_final__Starfish__botB.bc24,jmerle.camel_case_v21_final,0,A,camel_case_v21_final,1,428,CAPTURE,3,232,213,9,0,0,0,0,212,1,40,50,0,18,1454,561,0,0,36,38,130,115,
gauntlet/20261001-182533-scrim-b1v2/losses/jmerle.camel_case_v21_final__Starfish__botB.bc24,jmerle.camel_case_v21_final,1,B,b1v2,0,428,CAPTURE,0,-1,299,1,0,0,0,0,187,0,890,300,0,15,1027,1110,0,0,24,28,115,130,
gauntlet/20261001-182533-scrim-b1v2/losses/jmerle.camel_case_v21_final__GravitationalWaves__botB.bc24,jmerle.camel_case_v21_final,0,A,camel_case_v21_final,1,2000,MORE_FLAG_CAPTURES,2,446,277,7,0,0,0,0,70,0,4000,2720,0,12,991,591,0,0,54,164,280,687,ATK@600+HEAL@1200+CAP@1800
gauntlet/20261001-182533-scrim-b1v2/losses/jmerle.camel_case_v21_final__GravitationalWaves__botB.bc24,jmerle.camel_case_v21_final,1,B,b1v2,0,2000,MORE_FLAG_CAPTURES,0,-1,253,11,0,0,0,0,74,0,3880,270,0,14,722,1459,2,0,53,145,687,280,ATK@600+HEAL@1200+CAP@1800
gauntlet/20261001-182533-scrim-b1v2/losses/hsmalladi.finalbot__TwistedTreeline__botA.bc24,hsmalladi.finalbot,1,A,b1v2,0,2000,MORE_FLAG_CAPTURES,1,716,287,6,0,0,0,0,69,0,2730,230,0,13,1014,1674,2,0,42,251,694,579,ATK@600+HEAL@1200+CAP@1800
gauntlet/20261001-182533-scrim-b1v2/losses/hsmalladi.finalbot__TwistedTreeline__botA.bc24,hsmalladi.finalbot,0,B,finalbot,1,2000,MORE_FLAG_CAPTURES,2,348,236,97,21,3,17,43,69,0,2019,112,8,0,1141,1124,1,3,35,289,579,694,ATK@600+HEAL@1200+CAP@1800
gauntlet/20261001-182533-scrim-b1v2/losses/jmerle.camel_case_v21_final__Hurricane__botA.bc24,jmerle.camel_case_v21_final,1,A,b1v2,0,1685,CAPTURE,1,1288,212,23,0,0,0,0,56,0,5220,270,0,19,638,1029,3,0,59,196,492,344,ATK@600+HEAL@1200
gauntlet/20261001-182533-scrim-b1v2/losses/jmerle.camel_case_v21_final__Hurricane__botA.bc24,jmerle.camel_case_v21_final,0,B,camel_case_v21_final,1,1685,CAPTURE,3,554,210,19,0,0,0,0,43,3,5310,4910,0,2,912,281,0,0,60,245,344,492,ATK@600+HEAL@1200
gauntlet/20261001-182533-scrim-b1v2/losses/kyleezz.jeeryfix3__CH3353C4K3F4CT0RY__botB.bc24,kyleezz.jeeryfix3,0,A,jeeryfix3,1,2000,MORE_FLAG_CAPTURES,2,371,338,24,0,0,0,0,26,10,13620,11820,0,3,1027,675,0,0,136,372,415,1471,ATK@600+CAP@1200+HEAL@1800
gauntlet/20261001-182533-scrim-b1v2/losses/kyleezz.jeeryfix3__CH3353C4K3F4CT0RY__botB.bc24,kyleezz.jeeryfix3,1,B,b1v2,0,2000,MORE_FLAG_CAPTURES,0,-1,0,0,0,0,0,0,9,0,15130,305,0,20,1277,1363,18,0,146,367,1471,415,ATK@600+HEAL@1200+CAP@1800
gauntlet/20261001-182533-scrim-b1v2/losses/kyleezz.jeeryfix3__Skyline__botA.bc24,kyleezz.jeeryfix3,1,A,b1v2,0,442,CAPTURE,0,-1,0,0,0,0,0,0,87,0,21390,255,0,5,1262,1458,11,0,221,172,141,51,
gauntlet/20261001-182533-scrim-b1v2/losses/kyleezz.jeeryfix3__Skyline__botA.bc24,kyleezz.jeeryfix3,0,B,jeeryfix3,1,442,CAPTURE,3,313,248,9,0,0,0,0,170,13,17600,14970,0,5,1057,710,0,0,171,111,51,141,
gauntlet/20261001-182533-scrim-b1v2/losses/kyleezz.jeeryfix3__Digging__botB.bc24,kyleezz.jeeryfix3,0,A,jeeryfix3,1,2000,MORE_FLAG_CAPTURES,1,276,249,4,0,0,0,0,26,0,2320,2390,0,12,1008,672,0,0,44,220,410,1563,ATK@600+CAP@1200+HEAL@1800
gauntlet/20261001-182533-scrim-b1v2/losses/kyleezz.jeeryfix3__Digging__botB.bc24,kyleezz.jeeryfix3,1,B,b1v2,0,2000,MORE_FLAG_CAPTURES,0,-1,0,0,0,0,0,0,15,0,2650,240,0,2,1274,1355,2,0,46,208,1563,410,ATK@600+HEAL@1200+CAP@1800
gauntlet/20261001-182533-scrim-b1v2/losses/quesswho.cretplayer2_3__Battlefield__botB.bc24,quesswho.cretplayer2_3,0,A,cretplayer2_3,1,551,CAPTURE,3,271,225,20,0,3,7,0,45,0,4750,950,0,4,1132,1057,0,6,55,70,109,195,
gauntlet/20261001-182533-scrim-b1v2/losses/quesswho.cretplayer2_3__Battlefield__botB.bc24,quesswho.cretplayer2_3,1,B,b1v2,0,551,CAPTURE,2,276,243,13,0,0,0,0,28,0,5260,260,0,3,1384,1264,0,0,82,101,195,109,
gauntlet/20261001-182533-scrim-b1v2/losses/kyleezz.jeeryfix3__Hurricane__botB.bc24,kyleezz.jeeryfix3,0,A,jeeryfix3,1,2000,MORE_FLAG_CAPTURES,2,1089,215,19,0,0,0,0,187,1,1190,120,0,6,791,530,0,0,29,140,120,513,ATK@600+CAP@1200+HEAL@1800
gauntlet/20261001-182533-scrim-b1v2/losses/kyleezz.jeeryfix3__Hurricane__botB.bc24,kyleezz.jeeryfix3,1,B,b1v2,0,2000,MORE_FLAG_CAPTURES,0,-1,215,15,0,0,0,0,69,0,4830,300,0,10,832,1066,2,0,76,204,513,120,ATK@600+HEAL@1200+CAP@1800
gauntlet/20261001-182533-scrim-b1v2/losses/quesswho.cretplayer2_3__Canals__botA.bc24,quesswho.cretplayer2_3,1,A,b1v2,0,1329,CAPTURE,1,719,252,12,0,0,0,0,0,0,7000,210,0,1,636,805,4,0,68,231,513,313,ATK@600+HEAL@1200
gauntlet/20261001-182533-scrim-b1v2/losses/quesswho.cretplayer2_3__Canals__botA.bc24,quesswho.cretplayer2_3,0,B,cretplayer2_3,1,1329,CAPTURE,3,561,263,29,0,3,25,0,0,0,7000,1900,0,6,816,1013,0,5,81,189,313,513,ATK@600+HEAL@1200
gauntlet/20261001-182533-scrim-b1v2/losses/quesswho.cretplayer2_3__OceanFloor__botA.bc24,quesswho.cretplayer2_3,1,A,b1v2,0,2000,MORE_FLAG_CAPTURES,0,-1,333,11,0,0,0,0,42,0,2540,260,0,1,749,886,2,0,46,201,769,271,ATK@600+HEAL@1200+CAP@1800
gauntlet/20261001-182533-scrim-b1v2/losses/quesswho.cretplayer2_3__OceanFloor__botA.bc24,quesswho.cretplayer2_3,0,B,cretplayer2_3,1,2000,MORE_FLAG_CAPTURES,2,1547,243,19,0,3,50,0,13,0,3410,1070,0,3,614,895,0,3,40,228,271,769,ATK@600+HEAL@1200+CAP@1800
gauntlet/20261001-182533-scrim-b1v2/losses/winkelmantanner.waffle__Skyline__botA.bc24,winkelmantanner.waffle,1,A,b1v2,0,700,CAPTURE,1,370,260,10,0,0,0,0,94,0,21180,1375,0,1,1174,1235,12,0,297,326,276,104,ATK@600
gauntlet/20261001-182533-scrim-b1v2/losses/winkelmantanner.waffle__Skyline__botA.bc24,winkelmantanner.waffle,0,B,waffle,1,700,CAPTURE,3,286,223,32,0,0,0,0,57,59,4103,1183,2,11,872,786,0,0,119,157,104,276,ATK@600
gauntlet/20261001-182533-scrim-b1v2/losses/winkelmantanner.waffle__Islands__botA.bc24,winkelmantanner.waffle,1,A,b1v2,0,688,CAPTURE,2,571,250,3,0,0,0,0,72,0,6040,250,0,2,1173,1468,9,0,62,94,238,99,ATK@600
gauntlet/20261001-182533-scrim-b1v2/losses/winkelmantanner.waffle__Islands__botA.bc24,winkelmantanner.waffle,0,B,waffle,1,688,CAPTURE,3,308,237,43,0,0,0,0,49,60,743,243,2,11,1098,994,0,0,88,110,99,238,ATK@600
gauntlet/20261001-182533-scrim-b1v2/losses/winkelmantanner.waffle__StackGame__botB.bc24,winkelmantanner.waffle,0,A,waffle,1,531,CAPTURE,3,274,239,25,0,0,0,0,32,18,4240,970,1,6,1150,1050,0,0,94,103,99,167,
gauntlet/20261001-182533-scrim-b1v2/losses/winkelmantanner.waffle__StackGame__botB.bc24,winkelmantanner.waffle,1,B,b1v2,0,531,CAPTURE,0,-1,0,0,0,0,0,0,35,0,5950,210,0,23,1227,1310,0,0,77,83,167,99,
gauntlet/20261001-182533-scrim-b1v2/losses/winkelmantanner.waffle__Whirlpool__botB.bc24,winkelmantanner.waffle,0,A,waffle,1,2000,MORE_FLAG_CAPTURES,2,329,246,9,0,0,0,0,54,23,1280,2530,0,4,999,1574,0,0,75,221,280,698,ATK@600+HEAL@1200+CAP@1800
gauntlet/20261001-182533-scrim-b1v2/losses/winkelmantanner.waffle__Whirlpool__botB.bc24,winkelmantanner.waffle,1,B,b1v2,0,2000,MORE_FLAG_CAPTURES,0,-1,559,1,0,0,0,0,84,0,2680,290,0,13,1158,1562,0,0,51,202,698,280,ATK@600+HEAL@1200+CAP@1800
gauntlet/20261001-182533-scrim-b1v2/replays/ColtG5.Goob_final__BigDucksBigPond__botB.bc24,ColtG5.Goob_final,0,A,Goob_final,0,2000,MORE_FLAG_CAPTURES,0,-1,231,13,0,0,0,0,103,0,4210,470,0,2,1044,746,12,0,74,352,485,1054,ATK@600+HEAL@1200+CAP@1800
gauntlet/20261001-182533-scrim-b1v2/replays/ColtG5.Goob_final__BigDucksBigPond__botB.bc24,ColtG5.Goob_final,1,B,b1v2,1,2000,MORE_FLAG_CAPTURES,1,383,247,3,0,0,0,0,129,0,3630,270,0,13,1023,1192,3,0,56,206,1054,485,ATK@600+HEAL@1200+CAP@1800
gauntlet/20261001-182533-scrim-b1v2/replays/CyrilSharma.finalBot__BedWars__botB.bc24,CyrilSharma.finalBot,0,A,finalBot,0,806,CAPTURE,2,284,240,9,0,0,0,45,11,0,3660,22,9,3,569,680,0,0,4,24,80,97,ATK@600
gauntlet/20261001-182533-scrim-b1v2/replays/CyrilSharma.finalBot__BedWars__botB.bc24,CyrilSharma.finalBot,1,B,b1v2,1,806,CAPTURE,3,647,320,6,0,0,0,0,0,0,4800,20,0,11,650,797,3,0,37,46,97,80,ATK@600
gauntlet/20261001-182533-scrim-b1v2/replays/ColtG5.Goob_final__DefaultLarge__botA.bc24,ColtG5.Goob_final,1,A,b1v2,1,2000,MORE_FLAG_CAPTURES,1,1872,360,6,0,0,0,0,52,0,2640,240,0,9,1244,1507,3,0,57,374,1335,459,ATK@600+HEAL@1200+CAP@1800
gauntlet/20261001-182533-scrim-b1v2/replays/ColtG5.Goob_final__DefaultLarge__botA.bc24,ColtG5.Goob_final,0,B,Goob_final,0,2000,MORE_FLAG_CAPTURES,0,-1,307,12,0,0,0,0,45,0,2850,1120,0,7,1099,991,12,0,74,264,459,1335,ATK@600+HEAL@1200+CAP@1800
gauntlet/20261001-182533-scrim-b1v2/replays/ColtG5.Goob_final__MazeRunner__botA.bc24,ColtG5.Goob_final,1,A,b1v2,1,2000,LEVEL_SUM,0,-1,0,0,0,0,0,0,138,0,860,260,0,8,1025,1331,1,0,52,207,1014,347,ATK@600+HEAL@1200+CAP@1800
gauntlet/20261001-182533-scrim-b1v2/replays/ColtG5.Goob_final__MazeRunner__botA.bc24,ColtG5.Goob_final,0,B,Goob_final,0,2000,LEVEL_SUM,0,-1,413,13,0,0,0,0,92,0,2240,850,0,5,996,765,2,0,66,206,347,1014,ATK@600+HEAL@1200+CAP@1800
gauntlet/20261001-182533-scrim-b1v2/replays/ColtG5.Goob_final__OceanFloor__botA.bc24,ColtG5.Goob_final,1,A,b1v2,1,2000,LEVEL_SUM,2,1432,1068,7,0,0,0,0,30,0,2900,230,0,12,1218,1453,5,0,47,341,1276,447,ATK@600+HEAL@1200+CAP@1800
gauntlet/20261001-182533-scrim-b1v2/replays/ColtG5.Goob_final__OceanFloor__botA.bc24,ColtG5.Goob_final,0,B,Goob_final,0,2000,LEVEL_SUM,2,410,284,9,0,0,0,0,37,0,2690,50,0,5,998,823,0,0,45,251,447,1276,ATK@600+HEAL@1200+CAP@1800
gauntlet/20261001-182533-scrim-b1v2/replays/CyrilSharma.finalBot__Fusbol__botA.bc24,CyrilSharma.finalBot,1,A,b1v2,1,2000,LEVEL_SUM,0,-1,0,0,0,0,0,0,112,0,6240,235,0,8,678,760,19,0,131,364,560,371,ATK@600+HEAL@1200+CAP@1800
gauntlet/20261001-182533-scrim-b1v2/replays/CyrilSharma.finalBot__Fusbol__botA.bc24,CyrilSharma.finalBot,0,B,finalBot,0,2000,LEVEL_SUM,0,-1,0,0,0,0,0,27,28,0,2849,1799,4,8,525,691,0,0,44,325,371,560,ATK@600+HEAL@1200+CAP@1800
gauntlet/20261001-182533-scrim-b1v2/replays/Gymhgy.v10official__HeMustBeFreed__botB.bc24,Gymhgy.v10official,0,A,v10official,0,709,CAPTURE,2,353,266,38,28,3,6,47,91,3,4413,7499,9,0,519,821,23,3,43,117,79,53,ATK@600
gauntlet/20261001-182533-scrim-b1v2/replays/Gymhgy.v10official__HeMustBeFreed__botB.bc24,Gymhgy.v10official,1,B,b1v2,1,709,CAPTURE,3,487,293,6,0,0,0,0,153,0,2510,240,0,2,540,770,2,0,31,43,53,79,ATK@600
gauntlet/20261001-182533-scrim-b1v2/replays/IvanGeffner.kuma__Capacitance__botA.bc24,IvanGeffner.kuma,1,A,b1v2,1,2000,MORE_FLAG_CAPTURES,1,1900,1888,1,0,0,0,0,19,0,5430,230,0,27,839,1259,0,0,81,242,404,475,ATK@600+HEAL@1200+CAP@1800
gauntlet/20261001-182533-scrim-b1v2/replays/IvanGeffner.kuma__Capacitance__botA.bc24,IvanGeffner.kuma,0,B,kuma,0,2000,MORE_FLAG_CAPTURES,0,-1,651,19,9,0,0,90,20,0,3945,955,18,9,938,1153,5,0,107,418,475,404,ATK@600+HEAL@1200+CAP@1800
gauntlet/20261001-182533-scrim-b1v2/replays/Gymhgy.v10official__Starfish__botA.bc24,Gymhgy.v10official,1,A,b1v2,1,2000,LEVEL_SUM,2,413,331,13,0,0,0,0,177,0,1190,290,0,21,1391,1449,0,0,30,204,923,486,ATK@600+HEAL@1200+CAP@1800
gauntlet/20261001-182533-scrim-b1v2/replays/Gymhgy.v10official__Starfish__botA.bc24,Gymhgy.v10official,0,B,v10official,0,2000,LEVEL_SUM,2,221,207,19,8,3,13,18,185,2,407,47,2,16,1015,1553,0,2,9,216,486,923,ATK@600+HEAL@1200+CAP@1800
gauntlet/20261001-182533-scrim-b1v2/replays/Gymhgy.v10official__Diagonal__botA.bc24,Gymhgy.v10official,1,A,b1v2,1,2000,LEVEL_SUM,0,-1,1604,3,0,0,0,0,26,0,6720,230,0,3,715,991,5,0,76,217,207,118,ATK@600+HEAL@1200+CAP@1800
gauntlet/20261001-182533-scrim-b1v2/replays/Gymhgy.v10official__Diagonal__botA.bc24,Gymhgy.v10official,0,B,v10official,0,2000,LEVEL_SUM,0,-1,1338,4,0,3,9,63,18,3,5582,1412,12,4,629,1048,13,3,66,165,118,207,ATK@600+HEAL@1200+CAP@1800
gauntlet/20261001-182533-scrim-b1v2/replays/SampleProvider.TSPAARKSPRINT1__EndAround__botB.bc24,SampleProvider.TSPAARKSPRINT1,0,A,TSPAARKSPRINT1,0,2000,LEVEL_SUM,0,-1,287,36,0,3,56,0,128,4,660,80,0,2,412,790,11,28,0,102,137,719,ATK@600+CAP@1200+HEAL@1800
gauntlet/20261001-182533-scrim-b1v2/replays/SampleProvider.TSPAARKSPRINT1__EndAround__botB.bc24,SampleProvider.TSPAARKSPRINT1,1,B,b1v2,1,2000,LEVEL_SUM,0,-1,262,27,0,0,0,0,71,0,2470,170,0,7,899,683,3,0,56,246,719,137,ATK@600+HEAL@1200+CAP@1800
gauntlet/20261001-182533-scrim-b1v2/replays/NotLLeon.v3__Hurricane__botB.bc24,NotLLeon.v3,0,A,v3,0,2000,LEVEL_SUM,0,-1,221,89,1,0,0,0,71,0,4770,2120,0,7,434,493,0,0,53,154,92,211,ATK@600+HEAL@1200+CAP@1800
gauntlet/20261001-182533-scrim-b1v2/replays/NotLLeon.v3__Hurricane__botB.bc24,NotLLeon.v3,1,B,b1v2,1,2000,LEVEL_SUM,0,-1,300,12,0,0,0,0,69,0,4830,230,0,5,509,550,4,0,50,148,211,92,ATK@600+HEAL@1200+CAP@1800
gauntlet/20261001-182533-scrim-b1v2/replays/awu7.ExplosiveBot__Alligator__botA.bc24,awu7.ExplosiveBot,1,A,b1v2,1,1376,CAPTURE,3,397,332,13,0,0,0,0,53,0,4110,200,0,15,1289,1321,0,0,116,365,1030,159,ATK@600+HEAL@1200
gauntlet/20261001-182533-scrim-b1v2/replays/awu7.ExplosiveBot__Alligator__botA.bc24,awu7.ExplosiveBot,0,B,ExplosiveBot,0,1376,CAPTURE,0,-1,923,4,1,0,0,0,69,11,2330,5280,0,31,762,751,2,0,20,98,159,1030,ATK@600+HEAL@1200
gauntlet/20261001-182533-scrim-b1v2/replays/awu7.ExplosiveBot__Canals__botA.bc24,awu7.ExplosiveBot,1,A,b1v2,1,1333,CAPTURE,3,404,339,20,0,0,0,0,0,0,7000,210,0,0,1277,1454,6,0,98,355,1113,140,ATK@600+HEAL@1200
gauntlet/20261001-182533-scrim-b1v2/replays/awu7.ExplosiveBot__Canals__botA.bc24,awu7.ExplosiveBot,0,B,ExplosiveBot,0,1333,CAPTURE,1,271,238,38,23,0,0,0,0,10,5300,80,0,22,728,537,32,0,11,104,140,1113,ATK@600+HEAL@1200
gauntlet/20261001-182533-scrim-b1v2/replays/awu7.ExplosiveBot__GaltonBoard__botA.bc24,awu7.ExplosiveBot,1,A,b1v2,1,1439,CAPTURE,3,1053,479,15,0,0,0,0,11,0,2070,260,0,22,1236,1401,0,0,43,350,1364,83,ATK@600+HEAL@1200
gauntlet/20261001-182533-scrim-b1v2/replays/awu7.ExplosiveBot__GaltonBoard__botA.bc24,awu7.ExplosiveBot,0,B,ExplosiveBot,0,1439,CAPTURE,1,412,247,14,5,0,0,0,10,9,1200,1300,0,29,758,813,10,0,15,57,83,1364,ATK@600+HEAL@1200
gauntlet/20261001-182533-scrim-b1v2/replays/awu7.ExplosiveBot__Joker__botB.bc24,awu7.ExplosiveBot,0,A,ExplosiveBot,0,1660,CAPTURE,0,-1,440,61,29,0,0,0,36,9,14920,18520,0,8,733,763,42,0,23,216,253,1077,ATK@600+HEAL@1200
gauntlet/20261001-182533-scrim-b1v2/replays/awu7.ExplosiveBot__Joker__botB.bc24,awu7.ExplosiveBot,1,B,b1v2,1,1660,CAPTURE,3,389,242,20,0,0,0,0,1,0,16870,380,0,5,1212,1292,13,0,211,558,1077,253,ATK@600+HEAL@1200
gauntlet/20261001-182533-scrim-b1v2/replays/awu7.ExplosiveBot__Klein__botB.bc24,awu7.ExplosiveBot,0,A,ExplosiveBot,0,1613,CAPTURE,0,-1,274,21,8,0,0,0,299,0,30,20,0,6,666,577,1,0,3,76,168,1225,ATK@600+HEAL@1200
gauntlet/20261001-182533-scrim-b1v2/replays/awu7.ExplosiveBot__Klein__botB.bc24,awu7.ExplosiveBot,1,B,b1v2,1,1613,CAPTURE,3,370,307,17,0,0,0,0,115,0,5250,290,0,4,999,1099,0,0,84,400,1225,168,ATK@600+HEAL@1200
gauntlet/20261001-182533-scrim-b1v2/replays/awu7.ExplosiveBot__Capacitance__botB.bc24,awu7.ExplosiveBot,0,A,ExplosiveBot,0,2000,MORE_FLAG_CAPTURES,1,1479,310,83,34,0,0,0,27,3,4890,3890,0,26,626,718,38,0,11,138,193,1361,ATK@600+HEAL@1200
gauntlet/20261001-182533-scrim-b1v2/replays/awu7.ExplosiveBot__Capacitance__botB.bc24,awu7.ExplosiveBot,1,B,b1v2,1,2000,MORE_FLAG_CAPTURES,2,472,430,12,0,0,0,0,24,0,5280,280,0,24,1016,1264,0,0,80,379,1361,193,ATK@600+HEAL@1200+CAP@1800
gauntlet/20261001-182533-scrim-b1v2/replays/clbarrell.duck8__Diagonal__botB.bc24,clbarrell.duck8,0,A,duck8,0,2000,LEVEL_SUM,0,-1,318,13,0,0,0,0,18,50,340,30,3,9,706,861,17,0,60,210,353,850,ATK@750+HEAL@1500
gauntlet/20261001-182533-scrim-b1v2/replays/clbarrell.duck8__Diagonal__botB.bc24,clbarrell.duck8,1,B,b1v2,1,2000,LEVEL_SUM,0,-1,829,15,0,0,0,0,22,0,6840,240,0,4,948,1221,10,0,70,233,850,353,ATK@600+HEAL@1200+CAP@1800
gauntlet/20261001-182533-scrim-b1v2/replays/clbarrell.duck8__Hockey__botB.bc24,clbarrell.duck8,0,A,duck8,0,1304,CAPTURE,0,-1,0,0,0,0,0,0,28,42,80,10,3,3,939,1351,7,0,55,150,193,704,ATK@750
gauntlet/20261001-182533-scrim-b1v2/replays/clbarrell.duck8__Hockey__botB.bc24,clbarrell.duck8,1,B,b1v2,1,1304,CAPTURE,3,510,440,3,0,0,0,0,27,0,4890,240,0,7,1259,1622,2,0,67,211,704,193,ATK@600+HEAL@1200
gauntlet/20261001-182533-scrim-b1v2/replays/clbarrell.duck8__Islands__botB.bc24,clbarrell.duck8,0,A,duck8,0,909,CAPTURE,0,-1,292,30,0,0,0,0,59,50,30,30,3,1,918,1181,15,0,57,117,125,368,ATK@750
gauntlet/20261001-182533-scrim-b1v2/replays/clbarrell.duck8__Islands__botB.bc24,clbarrell.duck8,1,B,b1v2,1,909,CAPTURE,3,402,240,5,0,0,0,0,84,0,5680,270,0,20,1228,1428,5,0,66,124,368,125,ATK@600
gauntlet/20261001-182533-scrim-b1v2/replays/dmtrung14.defaultplayer_intlqualifier__Foxes__botB.bc24,dmtrung14.defaultplayer_intlqualifier,0,A,defaultplayer_intlqualifier,0,701,CAPTURE,0,-1,0,3,0,3,39,0,20,23,6400,5380,0,2,270,1013,6,25,24,55,13,137,ATK@600
gauntlet/20261001-182533-scrim-b1v2/replays/dmtrung14.defaultplayer_intlqualifier__Foxes__botB.bc24,dmtrung14.defaultplayer_intlqualifier,1,B,b1v2,1,701,CAPTURE,3,405,262,7,0,0,0,0,16,0,9420,50,0,3,1150,479,11,0,86,52,137,13,ATK@600
gauntlet/20261001-182533-scrim-b1v2/replays/dmtrung14.defaultplayer_intlqualifier__OceanFloor__botB.bc24,dmtrung14.defaultplayer_intlqualifier,0,A,defaultplayer_intlqualifier,0,943,CAPTURE,1,614,215,57,30,3,17,0,57,13,90,120,0,2,257,698,6,14,11,54,23,700,ATK@600
gauntlet/20261001-182533-scrim-b1v2/replays/dmtrung14.defaultplayer_intlqualifier__OceanFloor__botB.bc24,dmtrung14.defaultplayer_intlqualifier,1,B,b1v2,1,943,CAPTURE,3,493,256,13,0,0,0,0,38,0,2660,220,0,4,1255,400,4,0,45,152,700,23,ATK@600
gauntlet/20261001-182533-scrim-b1v2/replays/jmerle.camel_case_v21_final__OceanFloor__botB.bc24,jmerle.camel_case_v21_final,0,A,camel_case_v21_final,0,772,CAPTURE,2,403,234,19,0,0,0,0,5,14,2250,1270,0,2,904,451,0,0,62,114,181,233,ATK@600
gauntlet/20261001-182533-scrim-b1v2/replays/jmerle.camel_case_v21_final__OceanFloor__botB.bc24,jmerle.camel_case_v21_final,1,B,b1v2,1,772,CAPTURE,3,432,320,3,0,0,0,0,28,0,2960,290,0,18,647,1007,3,0,45,98,233,181,ATK@600
gauntlet/20261001-182533-scrim-b1v2/replays/dmtrung14.defaultplayer_intlqualifier__GaltonBoard__botB.bc24,dmtrung14.defaultplayer_intlqualifier,0,A,defaultplayer_intlqualifier,0,2000,LEVEL_SUM,1,234,222,10,6,3,5,0,9,15,30,360,0,5,439,843,6,17,12,62,134,1616,ATK@600+HEAL@1200+CAP@1800
gauntlet/20261001-182533-scrim-b1v2/replays/dmtrung14.defaultplayer_intlqualifier__GaltonBoard__botB.bc24,dmtrung14.defaultplayer_intlqualifier,1,B,b1v2,1,2000,LEVEL_SUM,1,586,283,3,0,0,0,0,12,0,2040,250,0,12,1614,815,0,0,28,224,1616,134,ATK@600+HEAL@1200+CAP@1800
gauntlet/20261001-182533-scrim-b1v2/replays/clbarrell.duck8__Mountain__botB.bc24,clbarrell.duck8,0,A,duck8,0,2000,LEVEL_SUM,1,270,243,6,0,0,0,0,14,46,100,30,3,12,869,788,15,0,65,224,448,1114,ATK@750+HEAL@1500
gauntlet/20261001-182533-scrim-b1v2/replays/clbarrell.duck8__Mountain__botB.bc24,clbarrell.duck8,1,B,b1v2,1,2000,LEVEL_SUM,1,1506,1455,5,0,0,0,0,32,0,5540,290,0,2,1146,1275,0,0,76,266,1114,448,ATK@600+HEAL@1200+CAP@1800
gauntlet/20261001-182533-scrim-b1v2/replays/dmtrung14.defaultplayer_intlqualifier__StarryNight__botA.bc24,dmtrung14.defaultplayer_intlqualifier,1,A,b1v2,1,2000,MORE_FLAG_CAPTURES,1,1874,237,4,0,0,0,0,81,0,13570,260,0,15,1171,607,0,0,150,119,263,13,ATK@600+HEAL@1200+CAP@1800
gauntlet/20261001-182533-scrim-b1v2/replays/dmtrung14.defaultplayer_intlqualifier__StarryNight__botA.bc24,dmtrung14.defaultplayer_intlqualifier,0,B,defaultplayer_intlqualifier,0,2000,MORE_FLAG_CAPTURES,0,-1,0,3,0,3,16,0,110,18,10600,10660,0,6,355,724,3,20,16,56,13,263,ATK@600+HEAL@1200+CAP@1800
gauntlet/20261001-182533-scrim-b1v2/replays/hsmalladi.finalbot__Hurricane__botA.bc24,hsmalladi.finalbot,1,A,b1v2,1,1875,CAPTURE,3,1505,465,7,0,0,0,0,62,0,5040,160,0,28,790,983,4,0,52,92,186,85,ATK@600+HEAL@1200+CAP@1800
gauntlet/20261001-182533-scrim-b1v2/replays/hsmalladi.finalbot__Hurricane__botA.bc24,hsmalladi.finalbot,0,B,finalbot,0,1875,CAPTURE,1,427,208,73,1,3,86,60,83,5,3094,104,12,0,691,672,2,2,51,145,85,186,ATK@600+HEAL@1200+CAP@1800
gauntlet/20261001-182533-scrim-b1v2/replays/jonters.bling3__DefaultHuge__botB.bc24,jonters.bling3,0,A,bling3,0,679,CAPTURE,1,315,230,5,0,0,0,0,36,11,2820,810,0,17,734,1077,31,0,8,47,73,246,ATK@600
gauntlet/20261001-182533-scrim-b1v2/replays/jonters.bling3__DefaultHuge__botB.bc24,jonters.bling3,1,B,b1v2,1,679,CAPTURE,3,489,221,13,0,0,0,0,11,0,5770,260,0,8,1287,1406,6,0,91,108,246,73,ATK@600
gauntlet/20261001-182533-scrim-b1v2/replays/jonters.bling3__Alien__botA.bc24,jonters.bling3,1,A,b1v2,1,1655,CAPTURE,3,663,230,21,0,0,0,0,9,0,5430,280,0,22,1214,1364,5,0,64,233,865,293,ATK@600+HEAL@1200
gauntlet/20261001-182533-scrim-b1v2/replays/jonters.bling3__Alien__botA.bc24,jonters.bling3,0,B,bling3,0,1655,CAPTURE,2,399,346,9,0,0,0,0,10,16,2200,760,0,1,775,1529,31,0,8,117,293,865,ATK@600+HEAL@1200
gauntlet/20261001-182533-scrim-b1v2/replays/jonters.bling3__Hockey__botB.bc24,jonters.bling3,0,A,bling3,0,820,CAPTURE,0,-1,0,0,0,0,0,0,56,10,2020,1920,0,0,797,2185,20,0,0,43,116,226,ATK@600
gauntlet/20261001-182533-scrim-b1v2/replays/jonters.bling3__Hockey__botB.bc24,jonters.bling3,1,B,b1v2,1,820,CAPTURE,3,554,304,11,0,0,0,0,32,0,4740,220,0,3,1296,1488,2,0,66,106,226,116,ATK@600
gauntlet/20261001-182533-scrim-b1v2/replays/justinottesen.sprint1__Battlecode24__botB.bc24,justinottesen.sprint1,0,A,sprint1,0,346,CAPTURE,0,-1,0,0,0,0,0,0,172,0,8940,6270,0,0,97,543,48,0,0,34,28,57,
gauntlet/20261001-182533-scrim-b1v2/replays/justinottesen.sprint1__Battlecode24__botB.bc24,justinottesen.sprint1,1,B,b1v2,1,346,CAPTURE,3,290,218,4,0,0,0,0,77,0,11690,950,0,3,747,376,14,0,231,162,57,28,
gauntlet/20261001-182533-scrim-b1v2/replays/jonters.bling3__Snake__botA.bc24,jonters.bling3,1,A,b1v2,1,1421,CAPTURE,3,301,226,17,0,0,0,0,187,0,9890,224,0,20,983,986,18,0,286,343,576,266,ATK@600+HEAL@1200
gauntlet/20261001-182533-scrim-b1v2/replays/jonters.bling3__Snake__botA.bc24,jonters.bling3,0,B,bling3,0,1421,CAPTURE,0,-1,1052,5,0,0,0,0,229,0,8630,11950,0,4,544,1005,80,0,3,167,266,576,ATK@600+HEAL@1200
gauntlet/20261001-182533-scrim-b1v2/replays/jonters.bling3__Randy__botB.bc24,jonters.bling3,0,A,bling3,0,2000,LEVEL_SUM,2,403,266,6,0,0,0,0,6,10,3620,3780,0,15,682,1073,44,0,10,133,313,650,ATK@600+HEAL@1200+CAP@1800
gauntlet/20261001-182533-scrim-b1v2/replays/jonters.bling3__Randy__botB.bc24,jonters.bling3,1,B,b1v2,1,2000,LEVEL_SUM,2,1132,210,22,0,0,0,0,6,0,5620,210,0,17,1210,1407,0,0,74,259,650,313,ATK@600+HEAL@1200+CAP@1800
gauntlet/20261001-182533-scrim-b1v2/replays/jonters.bling3__Whirlpool__botB.bc24,jonters.bling3,0,A,bling3,0,1201,CAPTURE,0,-1,861,8,0,0,0,0,96,11,120,1170,0,20,692,1634,17,0,0,67,142,493,ATK@600+HEAL@1200
gauntlet/20261001-182533-scrim-b1v2/replays/jonters.bling3__Whirlpool__botB.bc24,jonters.bling3,1,B,b1v2,1,1201,CAPTURE,3,562,461,13,0,0,0,0,77,0,2890,590,0,14,1204,1340,0,0,69,199,493,142,ATK@600+HEAL@1200
gauntlet/20261001-182533-scrim-b1v2/replays/justinottesen.sprint1__GaltonBoard__botB.bc24,justinottesen.sprint1,0,A,sprint1,0,1217,CAPTURE,0,-1,412,2,0,0,0,0,9,10,130,360,0,4,122,871,128,0,0,200,157,1113,ATK@600
gauntlet/20261001-182533-scrim-b1v2/replays/justinottesen.sprint1__GaltonBoard__botB.bc24,justinottesen.sprint1,1,B,b1v2,1,1217,CAPTURE,3,997,603,5,0,0,0,0,12,0,2040,270,0,30,1326,847,0,0,91,262,1113,157,ATK@600+HEAL@1200
gauntlet/20261001-182533-scrim-b1v2/replays/justinottesen.sprint1__Joker__botA.bc24,justinottesen.sprint1,1,A,b1v2,1,798,CAPTURE,3,277,237,7,0,0,0,0,4,0,16780,250,0,4,1184,484,13,0,249,338,409,114,ATK@600
gauntlet/20261001-182533-scrim-b1v2/replays/justinottesen.sprint1__Joker__botA.bc24,justinottesen.sprint1,0,B,sprint1,0,798,CAPTURE,0,-1,401,2,0,0,0,0,28,6,14860,9740,0,4,137,800,108,0,0,121,114,409,ATK@600
gauntlet/20261001-182533-scrim-b1v2/replays/justinottesen.sprint1__Hurricane__botB.bc24,justinottesen.sprint1,0,A,sprint1,0,1232,CAPTURE,1,469,292,11,0,0,0,0,155,11,50,40,0,1,170,830,12,0,0,41,42,763,ATK@600
gauntlet/20261001-182533-scrim-b1v2/replays/justinottesen.sprint1__Hurricane__botB.bc24,justinottesen.sprint1,1,B,b1v2,1,1232,CAPTURE,3,664,241,25,0,0,0,0,68,0,4860,260,0,16,1173,317,5,0,72,314,763,42,ATK@600+HEAL@1200
gauntlet/20261001-182533-scrim-b1v2/replays/justinottesen.sprint1__Rivers__botB.bc24,justinottesen.sprint1,0,A,sprint1,0,675,CAPTURE,0,-1,562,1,0,0,0,0,44,0,2580,140,0,3,223,1170,22,0,0,33,29,457,ATK@600
gauntlet/20261001-182533-scrim-b1v2/replays/justinottesen.sprint1__Rivers__botB.bc24,justinottesen.sprint1,1,B,b1v2,1,675,CAPTURE,3,383,335,9,0,0,0,0,27,0,3090,230,0,3,1896,742,2,0,71,118,457,29,ATK@600
gauntlet/20261001-182533-scrim-b1v2/replays/justinottesen.sprint1__StarryNight__botA.bc24,justinottesen.sprint1,1,A,b1v2,1,689,CAPTURE,3,572,259,9,0,0,0,0,98,0,13060,295,0,23,1355,848,0,0,154,202,430,88,ATK@600
gauntlet/20261001-182533-scrim-b1v2/replays/justinottesen.sprint1__StarryNight__botA.bc24,justinottesen.sprint1,0,B,sprint1,0,689,CAPTURE,0,-1,0,0,0,0,0,0,150,58,20,80,2,5,220,810,82,0,0,89,88,430,ATK@600
gauntlet/20261001-182533-scrim-b1v2/replays/kyleezz.jeeryfix3__OceanFloor__botA.bc24,kyleezz.jeeryfix3,1,A,b1v2,1,1821,CAPTURE,3,765,231,7,0,0,0,0,39,0,2630,280,0,21,1078,1276,1,0,46,292,1085,305,ATK@600+HEAL@1200+CAP@1800
gauntlet/20261001-182533-scrim-b1v2/replays/kyleezz.jeeryfix3__OceanFloor__botA.bc24,kyleezz.jeeryfix3,0,B,jeeryfix3,0,1821,CAPTURE,1,405,231,31,0,0,0,0,78,8,460,140,0,4,1056,617,0,0,38,200,305,1085,ATK@600+CAP@1200+HEAL@1800
gauntlet/20261001-182533-scrim-b1v2/replays/kyleezz.jeeryfix3__YearOfTheDragon__botB.bc24,kyleezz.jeeryfix3,0,A,jeeryfix3,0,2000,MORE_FLAG_CAPTURES,1,351,245,9,0,0,0,0,28,8,11560,8820,0,1,888,705,0,0,102,340,385,1352,ATK@600+CAP@1200+HEAL@1800
gauntlet/20261001-182533-scrim-b1v2/replays/kyleezz.jeeryfix3__YearOfTheDragon__botB.bc24,kyleezz.jeeryfix3,1,B,b1v2,1,2000,MORE_FLAG_CAPTURES,2,1466,225,4,0,0,0,0,4,0,13080,270,0,3,1084,1155,20,0,116,493,1352,385,ATK@600+HEAL@1200+CAP@1800
gauntlet/20261001-182533-scrim-b1v2/replays/winkelmantanner.waffle__BedWars__botA.bc24,winkelmantanner.waffle,1,A,b1v2,1,480,CAPTURE,3,373,310,5,0,0,0,0,0,0,4800,40,0,20,512,598,3,0,29,16,64,15,
gauntlet/20261001-182533-scrim-b1v2/replays/winkelmantanner.waffle__BedWars__botA.bc24,winkelmantanner.waffle,0,B,waffle,0,480,CAPTURE,0,-1,348,8,0,0,0,0,0,3,4500,1900,0,4,402,447,0,0,47,59,15,64,
gauntlet/20261001-182533-scrim-b1v2/replays/quesswho.cretplayer2_3__Tunnels__botB.bc24,quesswho.cretplayer2_3,0,A,cretplayer2_3,0,1944,CAPTURE,2,520,403,46,0,3,18,0,57,0,3090,950,0,7,695,608,0,3,42,208,367,1627,ATK@600+HEAL@1200+CAP@1800
gauntlet/20261001-182533-scrim-b1v2/replays/quesswho.cretplayer2_3__Tunnels__botB.bc24,quesswho.cretplayer2_3,1,B,b1v2,1,1944,CAPTURE,3,910,869,17,0,0,0,0,62,0,2940,280,0,34,1308,1046,0,0,58,275,1627,367,ATK@600+HEAL@1200+CAP@1800
gauntlet/20261001-182533-scrim-b1v2/replays/quesswho.cretplayer2_3__Capacitance__botA.bc24,quesswho.cretplayer2_3,1,A,b1v2,1,892,CAPTURE,3,537,239,11,0,0,0,0,19,0,5430,260,0,0,988,898,0,0,90,128,269,142,ATK@600
gauntlet/20261001-182533-scrim-b1v2/replays/quesswho.cretplayer2_3__Capacitance__botA.bc24,quesswho.cretplayer2_3,0,B,cretplayer2_3,0,892,CAPTURE,2,280,235,24,0,3,8,0,19,0,5430,1020,0,5,818,955,0,4,73,137,142,269,ATK@600
gauntlet/20261001-182533-scrim-b1v2/replays/quesswho.cretplayer2_3__KingQuacksCastle__botB.bc24,quesswho.cretplayer2_3,0,A,cretplayer2_3,0,1993,CAPTURE,2,562,272,62,0,3,44,0,31,0,3070,960,0,2,854,899,0,6,84,272,399,1458,ATK@600+HEAL@1200+CAP@1800
gauntlet/20261001-182533-scrim-b1v2/replays/quesswho.cretplayer2_3__KingQuacksCastle__botB.bc24,quesswho.cretplayer2_3,1,B,b1v2,1,1993,CAPTURE,3,622,273,23,0,0,0,0,26,0,3220,300,0,2,996,1129,3,0,47,291,1458,399,ATK@600+HEAL@1200+CAP@1800
gauntlet/20261001-182533-scrim-b1v2/replays/winkelmantanner.waffle__Gauntlet__botB.bc24,winkelmantanner.waffle,0,A,waffle,0,1787,CAPTURE,2,394,265,51,0,0,0,0,36,3,3120,2130,0,4,972,989,0,0,68,223,299,1164,ATK@600+HEAL@1200
gauntlet/20261001-182533-scrim-b1v2/replays/winkelmantanner.waffle__Gauntlet__botB.bc24,winkelmantanner.waffle,1,B,b1v2,1,1787,CAPTURE,3,750,288,11,0,0,0,0,54,0,2880,260,0,5,964,978,2,0,40,331,1164,299,ATK@600+HEAL@1200
