file,opp,us,team,name,won,rounds,wintype,captured,firstCapture,firstPickup,pickups,drops,setupFlagPickups,flagMoveDist,digs200,fills200,traps200,crumbs200,crumbs250,level200,defend300,atk400,heal400,expl400,water400,stun400,trapsHit,kills,deaths,upgrades
gauntlet/20261003-023912-scrim-g2nonav/losses/ColtG5.Goob_final__Swoop__botB.bc24,ColtG5.Goob_final,0,A,Goob_final,1,538,CAPTURE,3,272,225,10,0,0,0,0,70,0,4600,50,0,17,1159,1029,2,0,62,70,75,186,
gauntlet/20261003-023912-scrim-g2nonav/losses/ColtG5.Goob_final__Swoop__botB.bc24,ColtG5.Goob_final,1,B,g2nonav,0,538,CAPTURE,1,441,388,1,0,0,0,0,52,41,185,210,7,2,1115,1472,15,0,60,95,186,75,
gauntlet/20261003-023912-scrim-g2nonav/losses/CyrilSharma.finalBot__Bunkers__botA.bc24,CyrilSharma.finalBot,1,A,g2nonav,0,675,CAPTURE,1,605,472,5,0,0,0,0,30,37,145,245,6,12,1040,1154,10,0,52,74,187,191,ATK@600
gauntlet/20261003-023912-scrim-g2nonav/losses/CyrilSharma.finalBot__Bunkers__botA.bc24,CyrilSharma.finalBot,0,B,finalBot,1,675,CAPTURE,3,276,237,29,0,0,0,60,5,8,3254,24,12,9,1179,1088,0,0,115,203,191,187,ATK@600
gauntlet/20261003-023912-scrim-g2nonav/losses/ColtG5.Goob_final__SteamboatMickey__botB.bc24,ColtG5.Goob_final,0,A,Goob_final,1,1236,CAPTURE,3,275,227,10,0,0,0,0,48,0,8160,12590,0,6,1083,904,12,0,131,337,313,679,ATK@600+HEAL@1200
gauntlet/20261003-023912-scrim-g2nonav/losses/ColtG5.Goob_final__SteamboatMickey__botB.bc24,ColtG5.Goob_final,1,B,g2nonav,0,1236,CAPTURE,2,1046,989,3,0,0,0,0,5,75,630,280,11,9,1141,1444,24,0,86,219,679,313,ATK@600+HEAL@1200
gauntlet/20261003-023912-scrim-g2nonav/losses/ColtG5.Goob_final__Ambush__botA.bc24,ColtG5.Goob_final,1,A,g2nonav,0,907,CAPTURE,2,378,364,2,0,0,0,0,39,29,165,275,4,2,1331,1612,7,0,50,125,558,188,ATK@600
gauntlet/20261003-023912-scrim-g2nonav/losses/ColtG5.Goob_final__Ambush__botA.bc24,ColtG5.Goob_final,0,B,Goob_final,1,907,CAPTURE,3,246,207,16,0,0,0,0,50,0,3200,90,0,14,1254,1024,4,0,76,149,188,558,ATK@600
gauntlet/20261003-023912-scrim-g2nonav/losses/CyrilSharma.finalBot__Decision__botB.bc24,CyrilSharma.finalBot,0,A,finalBot,1,1360,CAPTURE,3,437,311,39,0,0,0,57,17,1,1818,290,11,3,817,1030,0,0,61,268,301,287,ATK@600+HEAL@1200
gauntlet/20261003-023912-scrim-g2nonav/losses/CyrilSharma.finalBot__Decision__botB.bc24,CyrilSharma.finalBot,1,B,g2nonav,0,1360,CAPTURE,1,897,339,17,0,0,0,0,79,15,145,190,2,3,743,994,4,0,28,122,287,301,ATK@600+HEAL@1200
gauntlet/20261003-023912-scrim-g2nonav/losses/CyrilSharma.finalBot__Whirlpool__botA.bc24,CyrilSharma.finalBot,1,A,g2nonav,0,2000,MORE_FLAG_CAPTURES,1,1883,489,7,0,0,0,0,78,24,175,165,4,16,1033,1382,7,0,35,225,882,623,ATK@600+HEAL@1200+CAP@1800
gauntlet/20261003-023912-scrim-g2nonav/losses/CyrilSharma.finalBot__Whirlpool__botA.bc24,CyrilSharma.finalBot,0,B,finalBot,1,2000,MORE_FLAG_CAPTURES,2,548,272,27,0,0,0,38,59,0,2758,5146,6,11,934,1309,0,0,62,408,623,882,ATK@600+HEAL@1200+CAP@1800
gauntlet/20261003-023912-scrim-g2nonav/losses/CyrilSharma.finalBot__OceanFloor__botA.bc24,CyrilSharma.finalBot,1,A,g2nonav,0,1814,CAPTURE,2,1010,213,12,0,0,0,0,42,24,205,150,4,2,734,895,1,0,42,204,333,283,ATK@600+HEAL@1200+CAP@1800
gauntlet/20261003-023912-scrim-g2nonav/losses/CyrilSharma.finalBot__OceanFloor__botA.bc24,CyrilSharma.finalBot,0,B,finalBot,1,1814,CAPTURE,3,749,220,52,0,0,0,60,5,3,2393,523,12,5,923,797,0,0,83,276,283,333,ATK@600+HEAL@1200+CAP@1800
gauntlet/20261003-023912-scrim-g2nonav/losses/Gymhgy.v10official__Asteroids__botA.bc24,Gymhgy.v10official,1,A,g2nonav,0,651,CAPTURE,2,372,298,6,0,0,0,0,37,18,185,140,2,3,995,1451,7,0,41,35,56,85,ATK@600
gauntlet/20261003-023912-scrim-g2nonav/losses/Gymhgy.v10official__Asteroids__botA.bc24,Gymhgy.v10official,0,B,v10official,1,651,CAPTURE,3,339,275,59,45,3,12,83,34,2,709,79,16,0,1007,1546,8,2,58,103,85,56,ATK@600
gauntlet/20261003-023912-scrim-g2nonav/losses/Gymhgy.v10official__Decision__botB.bc24,Gymhgy.v10official,0,A,v10official,1,640,CAPTURE,3,346,269,57,45,3,12,90,73,3,415,35,18,0,583,859,6,3,26,40,59,24,ATK@600
gauntlet/20261003-023912-scrim-g2nonav/losses/Gymhgy.v10official__Decision__botB.bc24,Gymhgy.v10official,1,B,g2nonav,0,640,CAPTURE,1,532,284,6,0,0,0,0,75,18,70,95,2,1,525,731,3,0,22,22,24,59,ATK@600
gauntlet/20261003-023912-scrim-g2nonav/losses/Gymhgy.v10official__DefaultLarge__botB.bc24,Gymhgy.v10official,0,A,v10official,1,882,CAPTURE,3,397,314,53,41,3,13,90,38,2,1405,45,18,0,1080,1708,5,2,79,163,168,126,ATK@600
gauntlet/20261003-023912-scrim-g2nonav/losses/Gymhgy.v10official__DefaultLarge__botB.bc24,Gymhgy.v10official,1,B,g2nonav,0,882,CAPTURE,0,-1,305,17,0,0,0,0,51,20,145,180,3,13,1106,1486,10,0,50,80,126,168,ATK@600
gauntlet/20261003-023912-scrim-g2nonav/losses/Gymhgy.v10official__Klein__botB.bc24,Gymhgy.v10official,0,A,v10official,1,1171,CAPTURE,3,318,308,41,27,3,39,52,154,2,4531,1118,10,0,1000,1590,3,2,49,115,192,230,ATK@600
gauntlet/20261003-023912-scrim-g2nonav/losses/Gymhgy.v10official__Klein__botB.bc24,Gymhgy.v10official,1,B,g2nonav,0,1171,CAPTURE,0,-1,422,12,0,0,0,0,88,48,170,135,9,21,1063,1387,16,0,46,159,230,192,ATK@600
gauntlet/20261003-023912-scrim-g2nonav/losses/IvanGeffner.kuma__Swoop__botA.bc24,IvanGeffner.kuma,1,A,g2nonav,0,388,CAPTURE,1,343,285,1,0,0,0,0,62,38,180,205,6,3,830,1199,13,0,46,49,37,57,
gauntlet/20261003-023912-scrim-g2nonav/losses/IvanGeffner.kuma__Swoop__botA.bc24,IvanGeffner.kuma,0,B,kuma,1,388,CAPTURE,3,296,248,15,9,0,0,90,68,3,2970,1700,18,5,1025,1090,4,0,84,77,57,37,
gauntlet/20261003-023912-scrim-g2nonav/losses/NotLLeon.v3__Backslash__botA.bc24,NotLLeon.v3,1,A,g2nonav,0,588,CAPTURE,1,305,216,12,0,0,0,0,184,13,155,185,2,5,878,1072,17,0,80,93,99,114,
gauntlet/20261003-023912-scrim-g2nonav/losses/NotLLeon.v3__Backslash__botA.bc24,NotLLeon.v3,0,B,v3,1,588,CAPTURE,3,300,234,41,19,0,0,0,133,0,2010,6280,0,11,997,1123,0,0,123,150,114,99,
gauntlet/20261003-023912-scrim-g2nonav/losses/IvanGeffner.kuma__Backslash__botA.bc24,IvanGeffner.kuma,1,A,g2nonav,0,1845,CAPTURE,0,-1,0,0,0,0,0,0,183,12,185,170,2,2,884,1302,22,0,103,287,467,1200,ATK@600+HEAL@1200+CAP@1800
gauntlet/20261003-023912-scrim-g2nonav/losses/IvanGeffner.kuma__Backslash__botA.bc24,IvanGeffner.kuma,0,B,kuma,1,1845,CAPTURE,3,298,266,52,28,0,0,90,143,0,1618,2403,18,4,1123,1154,5,0,171,800,1200,467,ATK@600+HEAL@1200+CAP@1800
gauntlet/20261003-023912-scrim-g2nonav/losses/IvanGeffner.kuma__Racetrack__botA.bc24,IvanGeffner.kuma,1,A,g2nonav,0,1962,CAPTURE,0,-1,0,0,0,0,0,0,65,3,50,170,0,2,1004,1549,1,0,18,181,584,750,ATK@600+HEAL@1200+CAP@1800
gauntlet/20261003-023912-scrim-g2nonav/losses/IvanGeffner.kuma__Racetrack__botA.bc24,IvanGeffner.kuma,0,B,kuma,1,1962,CAPTURE,3,334,269,94,42,0,0,47,61,0,14,31,8,19,1146,1490,0,0,2,464,750,584,ATK@600+HEAL@1200+CAP@1800
gauntlet/20261003-023912-scrim-g2nonav/losses/IvanGeffner.kuma__Occulus__botA.bc24,IvanGeffner.kuma,1,A,g2nonav,0,1472,CAPTURE,0,-1,239,3,0,0,0,0,16,34,190,20,6,10,885,1275,4,0,48,148,352,563,ATK@600+HEAL@1200
gauntlet/20261003-023912-scrim-g2nonav/losses/IvanGeffner.kuma__Occulus__botA.bc24,IvanGeffner.kuma,0,B,kuma,1,1472,CAPTURE,3,301,262,27,19,0,0,90,11,1,2365,2210,18,4,1197,1210,8,0,135,482,563,352,ATK@600+HEAL@1200
gauntlet/20261003-023912-scrim-g2nonav/losses/NotLLeon.v3__Backslash__botB.bc24,NotLLeon.v3,0,A,v3,1,1381,CAPTURE,3,286,248,50,12,0,0,0,150,0,2400,6270,0,12,1082,1052,0,0,142,356,545,419,ATK@600+HEAL@1200
gauntlet/20261003-023912-scrim-g2nonav/losses/NotLLeon.v3__Backslash__botB.bc24,NotLLeon.v3,1,B,g2nonav,0,1381,CAPTURE,0,-1,264,7,0,0,0,0,169,15,180,276,3,8,838,1030,22,0,110,223,419,545,ATK@600+HEAL@1200
gauntlet/20261003-023912-scrim-g2nonav/losses/NotLLeon.v3__Gated__botB.bc24,NotLLeon.v3,0,A,v3,1,2000,LEVEL_SUM,1,1999,263,57,3,0,0,0,23,0,3210,2030,0,8,841,924,0,0,58,262,602,654,ATK@600+HEAL@1200+CAP@1800
gauntlet/20261003-023912-scrim-g2nonav/losses/NotLLeon.v3__Gated__botB.bc24,NotLLeon.v3,1,B,g2nonav,0,2000,LEVEL_SUM,1,397,249,9,0,0,0,0,31,25,198,183,3,3,820,1131,9,0,45,248,654,602,ATK@600+HEAL@1200+CAP@1800
gauntlet/20261003-023912-scrim-g2nonav/losses/NotLLeon.v3__Pancakes__botB.bc24,NotLLeon.v3,0,A,v3,1,492,CAPTURE,3,321,259,31,11,0,0,0,9,0,2130,1280,0,9,966,1091,0,0,59,70,78,77,
gauntlet/20261003-023912-scrim-g2nonav/losses/NotLLeon.v3__Pancakes__botB.bc24,NotLLeon.v3,1,B,g2nonav,0,492,CAPTURE,2,280,232,11,0,0,0,0,14,18,205,175,3,1,828,1038,13,0,64,60,77,78,
gauntlet/20261003-023912-scrim-g2nonav/losses/NotLLeon.v3__ORV__botA.bc24,NotLLeon.v3,1,A,g2nonav,0,1395,CAPTURE,0,-1,312,7,0,0,0,0,36,35,175,315,6,1,969,1338,24,0,76,209,522,389,ATK@600+HEAL@1200
gauntlet/20261003-023912-scrim-g2nonav/losses/NotLLeon.v3__ORV__botA.bc24,NotLLeon.v3,0,B,v3,1,1395,CAPTURE,3,289,242,66,9,0,0,0,31,0,4670,1800,0,11,990,1231,0,0,74,210,389,522,ATK@600+HEAL@1200
gauntlet/20261003-023912-scrim-g2nonav/losses/NotLLeon.v3__Waterworld__botB.bc24,NotLLeon.v3,0,A,v3,1,2000,MORE_FLAG_CAPTURES,2,884,318,75,5,0,0,0,251,0,2470,2870,0,16,755,793,0,0,51,222,511,843,ATK@600+HEAL@1200+CAP@1800
gauntlet/20261003-023912-scrim-g2nonav/losses/NotLLeon.v3__Waterworld__botB.bc24,NotLLeon.v3,1,B,g2nonav,0,2000,MORE_FLAG_CAPTURES,1,532,276,15,0,0,0,0,270,63,572,212,11,3,787,984,28,0,97,344,843,511,ATK@600+HEAL@1200+CAP@1800
gauntlet/20261003-023912-scrim-g2nonav/losses/Strequals.duck0127v5__Canals__botA.bc24,Strequals.duck0127v5,1,A,g2nonav,0,897,CAPTURE,0,-1,0,0,0,0,0,0,0,58,195,205,10,2,807,1285,22,0,53,109,113,353,ATK@600
gauntlet/20261003-023912-scrim-g2nonav/losses/Strequals.duck0127v5__Canals__botA.bc24,Strequals.duck0127v5,0,B,duck0127v5,1,897,CAPTURE,3,314,283,20,0,0,0,90,46,4,4071,3401,18,3,1214,1359,0,3,142,317,353,113,ATK@600
gauntlet/20261003-023912-scrim-g2nonav/losses/Strequals.duck0127v5__MIT__botB.bc24,Strequals.duck0127v5,0,A,duck0127v5,1,811,CAPTURE,3,420,361,10,0,0,0,90,81,24,4805,32355,18,16,966,1204,0,3,163,211,124,98,ATK@600
gauntlet/20261003-023912-scrim-g2nonav/losses/Strequals.duck0127v5__MIT__botB.bc24,Strequals.duck0127v5,1,B,g2nonav,0,811,CAPTURE,2,665,514,16,0,0,0,0,42,61,688,210,10,6,786,1217,24,0,173,203,98,124,ATK@600
gauntlet/20261003-023912-scrim-g2nonav/losses/Strequals.duck0127v5__Divergent__botB.bc24,Strequals.duck0127v5,0,A,duck0127v5,1,1803,CAPTURE,3,1203,1125,13,0,0,0,90,22,1,3734,3379,18,3,856,1008,0,2,82,371,324,277,ATK@600+HEAL@1200+CAP@1800
gauntlet/20261003-023912-scrim-g2nonav/losses/Strequals.duck0127v5__Divergent__botB.bc24,Strequals.duck0127v5,1,B,g2nonav,0,1803,CAPTURE,1,626,290,19,0,0,0,0,36,42,286,206,6,6,628,1186,21,0,37,184,277,324,ATK@600+HEAL@1200+CAP@1800
gauntlet/20261003-023912-scrim-g2nonav/losses/andli28.v9_USQuals_angle__Canals__botA.bc24,andli28.v9_USQuals_angle,1,A,g2nonav,0,1530,CAPTURE,0,-1,0,0,0,0,0,0,0,59,155,195,10,10,891,1645,23,0,56,222,258,801,ATK@600+HEAL@1200
gauntlet/20261003-023912-scrim-g2nonav/losses/andli28.v9_USQuals_angle__Canals__botA.bc24,andli28.v9_USQuals_angle,0,B,v9_USQuals_angle,1,1530,CAPTURE,3,820,724,13,0,0,0,90,0,4,5345,4630,18,5,1081,1402,11,2,60,527,801,258,ATK@600+HEAL@1200
gauntlet/20261003-023912-scrim-g2nonav/losses/Strequals.duck0127v5__MazeRunner__botA.bc24,Strequals.duck0127v5,1,A,g2nonav,0,2000,LEVEL_SUM,0,-1,439,16,0,0,0,0,72,21,30,130,4,4,754,1245,14,0,54,216,343,484,ATK@600+HEAL@1200+CAP@1800
gauntlet/20261003-023912-scrim-g2nonav/losses/Strequals.duck0127v5__MazeRunner__botA.bc24,Strequals.duck0127v5,0,B,duck0127v5,1,2000,LEVEL_SUM,0,-1,341,6,0,0,0,90,80,3,1561,2172,18,11,813,1045,0,3,48,330,484,343,ATK@600+HEAL@1200+CAP@1800
gauntlet/20261003-023912-scrim-g2nonav/losses/Strequals.duck0127v5__Rainbow__botA.bc24,Strequals.duck0127v5,1,A,g2nonav,0,2000,MORE_FLAG_CAPTURES,1,1830,505,16,0,0,0,0,49,57,220,110,10,6,802,1466,21,0,57,302,407,785,ATK@600+HEAL@1200+CAP@1800
gauntlet/20261003-023912-scrim-g2nonav/losses/Strequals.duck0127v5__Rainbow__botA.bc24,Strequals.duck0127v5,0,B,duck0127v5,1,2000,MORE_FLAG_CAPTURES,2,460,354,14,0,0,0,90,36,13,5704,4374,18,3,1212,1316,0,2,115,682,785,407,ATK@600+HEAL@1200+CAP@1800
gauntlet/20261003-023912-scrim-g2nonav/losses/andli28.v9_USQuals_angle__HeMustBeFreed__botB.bc24,andli28.v9_USQuals_angle,0,A,v9_USQuals_angle,1,881,CAPTURE,3,407,289,22,0,0,0,86,108,6,295,9380,18,6,741,761,10,3,78,211,210,105,ATK@600
gauntlet/20261003-023912-scrim-g2nonav/losses/andli28.v9_USQuals_angle__HeMustBeFreed__botB.bc24,andli28.v9_USQuals_angle,1,B,g2nonav,0,881,CAPTURE,0,-1,597,1,0,0,0,0,101,18,185,140,2,7,591,884,8,0,43,62,105,210,ATK@600
gauntlet/20261003-023912-scrim-g2nonav/losses/andli28.v9_USQuals_angle__EvilGrin__botB.bc24,andli28.v9_USQuals_angle,0,A,v9_USQuals_angle,1,1776,CAPTURE,3,475,289,15,0,0,0,88,26,6,1861,4286,18,8,1040,1215,15,3,93,628,826,403,ATK@600+HEAL@1200
gauntlet/20261003-023912-scrim-g2nonav/losses/andli28.v9_USQuals_angle__EvilGrin__botB.bc24,andli28.v9_USQuals_angle,1,B,g2nonav,0,1776,CAPTURE,0,-1,0,0,0,0,0,0,52,22,160,185,3,7,948,1525,7,0,36,231,403,826,ATK@600+HEAL@1200
gauntlet/20261003-023912-scrim-g2nonav/losses/andli28.v9_USQuals_angle__Joker__botB.bc24,andli28.v9_USQuals_angle,0,A,v9_USQuals_angle,1,1484,CAPTURE,3,447,375,11,0,0,0,86,3,4,15157,24845,17,5,890,1151,22,2,101,629,741,317,ATK@600+HEAL@1200
gauntlet/20261003-023912-scrim-g2nonav/losses/andli28.v9_USQuals_angle__Joker__botB.bc24,andli28.v9_USQuals_angle,1,B,g2nonav,0,1484,CAPTURE,2,384,232,16,0,0,0,0,1,116,4015,305,12,11,952,1049,24,0,176,325,317,741,ATK@600+HEAL@1200
gauntlet/20261003-023912-scrim-g2nonav/losses/andrewgopher.player22__ORV__botA.bc24,andrewgopher.player22,1,A,g2nonav,0,379,CAPTURE,0,-1,0,0,0,0,0,0,34,34,160,160,5,10,695,1168,13,0,43,25,59,74,
gauntlet/20261003-023912-scrim-g2nonav/losses/andrewgopher.player22__ORV__botA.bc24,andrewgopher.player22,0,B,player22,1,379,CAPTURE,3,277,243,9,0,3,0,0,58,0,3860,2440,0,2,1087,491,8,0,95,78,74,59,
gauntlet/20261003-023912-scrim-g2nonav/losses/andrewgopher.player22__StackGame__botB.bc24,andrewgopher.player22,0,A,player22,1,384,CAPTURE,3,288,262,9,0,3,0,0,51,0,5470,90,0,3,1257,726,2,0,83,72,71,102,
gauntlet/20261003-023912-scrim-g2nonav/losses/andrewgopher.player22__StackGame__botB.bc24,andrewgopher.player22,1,B,g2nonav,0,384,CAPTURE,0,-1,360,2,0,0,0,0,33,53,245,180,9,7,993,1466,15,0,58,55,102,71,
gauntlet/20261003-023912-scrim-g2nonav/losses/andli28.v9_USQuals_angle__Valentine__botA.bc24,andli28.v9_USQuals_angle,1,A,g2nonav,0,1465,CAPTURE,0,-1,0,0,0,0,0,0,0,38,180,40,6,9,823,1312,8,0,44,159,322,462,ATK@600+HEAL@1200
gauntlet/20261003-023912-scrim-g2nonav/losses/andli28.v9_USQuals_angle__Valentine__botA.bc24,andli28.v9_USQuals_angle,0,B,v9_USQuals_angle,1,1465,CAPTURE,3,441,278,30,0,0,0,90,0,6,2445,5205,18,3,996,1126,11,3,92,390,462,322,ATK@600+HEAL@1200
gauntlet/20261003-023912-scrim-g2nonav/losses/andrewgopher.player22__Digging__botB.bc24,andrewgopher.player22,0,A,player22,1,1098,CAPTURE,3,347,284,14,0,3,0,0,26,0,2320,30,0,5,1419,935,0,0,55,295,808,392,ATK@600
gauntlet/20261003-023912-scrim-g2nonav/losses/andrewgopher.player22__Digging__botB.bc24,andrewgopher.player22,1,B,g2nonav,0,1098,CAPTURE,0,-1,0,0,0,0,0,0,16,24,205,145,4,2,1027,1494,3,0,45,126,392,808,ATK@600
gauntlet/20261003-023912-scrim-g2nonav/losses/chenyx512.flagbot_final__AceOfSpades__botB.bc24,chenyx512.flagbot_final,0,A,flagbot_final,1,829,CAPTURE,3,407,229,12,0,3,27,90,83,0,422,15987,18,5,1353,1442,0,0,266,420,421,47,ATK@600
gauntlet/20261003-023912-scrim-g2nonav/losses/chenyx512.flagbot_final__AceOfSpades__botB.bc24,chenyx512.flagbot_final,1,B,g2nonav,0,829,CAPTURE,0,-1,249,3,0,0,0,0,9,33,195,275,5,7,765,1174,7,0,48,73,47,421,ATK@600
gauntlet/20261003-023912-scrim-g2nonav/losses/andrewgopher.player22__Mountain__botA.bc24,andrewgopher.player22,1,A,g2nonav,0,2000,LEVEL_SUM,0,-1,333,5,0,0,0,0,33,47,205,210,8,22,1042,1455,14,0,61,192,1043,886,ATK@600+HEAL@1200+CAP@1800
gauntlet/20261003-023912-scrim-g2nonav/losses/andrewgopher.player22__Mountain__botA.bc24,andrewgopher.player22,0,B,player22,1,2000,LEVEL_SUM,0,-1,1808,5,0,3,0,0,39,0,5330,6400,0,14,1041,971,3,0,37,346,886,1043,ATK@600+HEAL@1200+CAP@1800
gauntlet/20261003-023912-scrim-g2nonav/losses/andrewgopher.player22__TwistedTreeline__botB.bc24,andrewgopher.player22,0,A,player22,1,2000,LEVEL_SUM,0,-1,229,9,0,3,0,0,67,0,2790,70,0,17,1210,634,6,0,48,361,810,913,ATK@600+HEAL@1200+CAP@1800
gauntlet/20261003-023912-scrim-g2nonav/losses/andrewgopher.player22__TwistedTreeline__botB.bc24,andrewgopher.player22,1,B,g2nonav,0,2000,LEVEL_SUM,0,-1,252,1,0,0,0,0,56,24,140,150,4,15,987,1406,8,0,46,213,913,810,ATK@600+HEAL@1200+CAP@1800
gauntlet/20261003-023912-scrim-g2nonav/losses/chenyx512.flagbot_final__Swoop__botA.bc24,chenyx512.flagbot_final,1,A,g2nonav,0,768,CAPTURE,1,344,269,12,0,0,0,0,70,38,165,245,6,3,839,1162,11,0,54,67,53,353,ATK@600
gauntlet/20261003-023912-scrim-g2nonav/losses/chenyx512.flagbot_final__Swoop__botA.bc24,chenyx512.flagbot_final,0,B,flagbot_final,1,768,CAPTURE,3,302,257,10,0,3,36,90,165,1,381,31,18,3,1036,1508,0,0,49,159,353,53,ATK@600
gauntlet/20261003-023912-scrim-g2nonav/losses/chenyx512.flagbot_final__Racetrack__botA.bc24,chenyx512.flagbot_final,1,A,g2nonav,0,1138,CAPTURE,0,-1,941,1,0,0,0,0,68,2,60,180,0,15,989,1601,2,0,10,63,128,535,ATK@600
gauntlet/20261003-023912-scrim-g2nonav/losses/chenyx512.flagbot_final__Racetrack__botA.bc24,chenyx512.flagbot_final,0,B,flagbot_final,1,1138,CAPTURE,3,679,398,31,0,3,17,43,58,0,13,20,8,4,1198,1748,0,0,1,175,535,128,ATK@600
gauntlet/20261003-023912-scrim-g2nonav/losses/chenyx512.flagbot_final__Skyline__botB.bc24,chenyx512.flagbot_final,0,A,flagbot_final,1,1041,CAPTURE,3,576,307,19,0,3,55,90,270,1,14654,12294,18,1,1014,1569,0,0,179,433,425,77,ATK@600
gauntlet/20261003-023912-scrim-g2nonav/losses/chenyx512.flagbot_final__Skyline__botB.bc24,chenyx512.flagbot_final,1,B,g2nonav,0,1041,CAPTURE,2,280,214,4,0,0,0,0,105,101,9085,225,9,10,916,1235,24,0,188,270,77,425,ATK@600
gauntlet/20261003-023912-scrim-g2nonav/losses/hsmalladi.finalbot__AceOfSpades__botA.bc24,hsmalladi.finalbot,1,A,g2nonav,0,316,CAPTURE,1,288,249,1,0,0,0,0,11,32,185,295,6,0,417,520,7,0,35,35,30,49,
gauntlet/20261003-023912-scrim-g2nonav/losses/hsmalladi.finalbot__AceOfSpades__botA.bc24,hsmalladi.finalbot,0,B,finalbot,1,316,CAPTURE,3,292,230,23,7,3,7,60,16,0,2807,10152,12,0,595,443,16,5,204,153,49,30,
gauntlet/20261003-023912-scrim-g2nonav/losses/hsmalladi.finalbot__Fountain__botB.bc24,hsmalladi.finalbot,0,A,finalbot,1,450,CAPTURE,3,369,292,28,15,3,34,34,44,0,1999,35,6,0,784,769,0,1,16,20,34,58,
gauntlet/20261003-023912-scrim-g2nonav/losses/hsmalladi.finalbot__Fountain__botB.bc24,hsmalladi.finalbot,1,B,g2nonav,0,450,CAPTURE,0,-1,442,1,0,0,0,0,42,20,150,210,3,3,677,1117,11,0,28,33,58,34,
gauntlet/20261003-023912-scrim-g2nonav/losses/clbarrell.duck8__OceanFloor__botB.bc24,clbarrell.duck8,0,A,duck8,1,578,CAPTURE,3,314,246,6,0,0,0,0,30,29,20,10,3,9,848,1002,1,0,47,55,71,123,
gauntlet/20261003-023912-scrim-g2nonav/losses/clbarrell.duck8__OceanFloor__botB.bc24,clbarrell.duck8,1,B,g2nonav,0,578,CAPTURE,2,281,228,4,0,0,0,0,32,26,125,200,4,1,913,994,4,0,53,47,123,71,
gauntlet/20261003-023912-scrim-g2nonav/losses/chenyx512.flagbot_final__Divergent__botB.bc24,chenyx512.flagbot_final,0,A,flagbot_final,1,2000,MORE_FLAG_CAPTURES,1,1644,534,19,0,3,23,90,145,0,542,147,18,1,927,1336,0,0,50,610,803,194,ATK@600+HEAL@1200+CAP@1800
gauntlet/20261003-023912-scrim-g2nonav/losses/chenyx512.flagbot_final__Divergent__botB.bc24,chenyx512.flagbot_final,1,B,g2nonav,0,2000,MORE_FLAG_CAPTURES,0,-1,245,12,0,0,0,0,33,42,309,289,7,8,779,1308,22,0,33,249,194,803,ATK@600+HEAL@1200+CAP@1800
gauntlet/20261003-023912-scrim-g2nonav/losses/hsmalladi.finalbot__ORV__botB.bc24,hsmalladi.finalbot,0,A,finalbot,1,1031,CAPTURE,3,370,272,52,4,3,26,60,42,0,3445,95,12,3,975,1108,6,2,82,170,293,326,ATK@600
gauntlet/20261003-023912-scrim-g2nonav/losses/hsmalladi.finalbot__ORV__botB.bc24,hsmalladi.finalbot,1,B,g2nonav,0,1031,CAPTURE,1,800,385,5,0,0,0,0,35,35,144,139,5,47,902,1202,17,0,52,134,326,293,ATK@600
gauntlet/20261003-023912-scrim-g2nonav/losses/hsmalladi.finalbot__WheresMyWater__botA.bc24,hsmalladi.finalbot,1,A,g2nonav,0,1401,CAPTURE,2,514,319,7,0,0,0,0,49,30,155,180,5,1,1155,1739,13,0,42,242,698,511,ATK@600+HEAL@1200
gauntlet/20261003-023912-scrim-g2nonav/losses/hsmalladi.finalbot__WheresMyWater__botA.bc24,hsmalladi.finalbot,0,B,finalbot,1,1401,CAPTURE,3,239,219,36,4,3,14,37,69,7,2001,37,7,0,1323,887,1,2,59,218,511,698,ATK@600+HEAL@1200
gauntlet/20261003-023912-scrim-g2nonav/losses/hsmalladi.finalbot__HeMustBeFreed__botB.bc24,hsmalladi.finalbot,0,A,finalbot,1,1736,CAPTURE,3,383,262,64,14,3,22,43,188,0,1996,4678,8,0,660,713,1,3,92,289,402,407,ATK@600+HEAL@1200
gauntlet/20261003-023912-scrim-g2nonav/losses/hsmalladi.finalbot__HeMustBeFreed__botB.bc24,hsmalladi.finalbot,1,B,g2nonav,0,1736,CAPTURE,2,584,426,14,0,0,0,0,110,13,50,95,1,4,520,855,7,0,22,140,407,402,ATK@600+HEAL@1200
gauntlet/20261003-023912-scrim-g2nonav/losses/jmerle.camel_case_v21_final__Fountain__botA.bc24,jmerle.camel_case_v21_final,1,A,g2nonav,0,525,CAPTURE,1,433,315,5,0,0,0,0,40,21,130,200,3,12,890,1235,10,0,26,35,168,163,
gauntlet/20261003-023912-scrim-g2nonav/losses/jmerle.camel_case_v21_final__Fountain__botA.bc24,jmerle.camel_case_v21_final,0,B,camel_case_v21_final,1,525,CAPTURE,3,363,257,23,0,0,0,0,25,0,2950,20,0,3,1251,362,0,0,33,53,163,168,
gauntlet/20261003-023912-scrim-g2nonav/losses/jmerle.camel_case_v21_final__Battlecode24__botA.bc24,jmerle.camel_case_v21_final,1,A,g2nonav,0,650,CAPTURE,0,-1,334,2,0,0,0,0,72,96,1890,290,12,3,741,993,24,0,155,175,192,216,ATK@600
gauntlet/20261003-023912-scrim-g2nonav/losses/jmerle.camel_case_v21_final__Battlecode24__botA.bc24,jmerle.camel_case_v21_final,0,B,camel_case_v21_final,1,650,CAPTURE,3,347,297,7,0,0,0,0,88,0,9360,14460,0,3,1114,353,0,0,231,328,216,192,ATK@600
gauntlet/20261003-023912-scrim-g2nonav/losses/hsmalladi.finalbot__WheresMyWater__botB.bc24,hsmalladi.finalbot,0,A,finalbot,1,1833,CAPTURE,3,253,241,70,7,3,26,28,77,6,1989,129,5,0,1193,1066,0,3,53,323,875,788,ATK@600+HEAL@1200+CAP@1800
gauntlet/20261003-023912-scrim-g2nonav/losses/hsmalladi.finalbot__WheresMyWater__botB.bc24,hsmalladi.finalbot,1,B,g2nonav,0,1833,CAPTURE,1,413,332,2,0,0,0,0,37,34,200,200,5,1,1063,1544,13,0,55,331,788,875,ATK@600+HEAL@1200+CAP@1800
gauntlet/20261003-023912-scrim-g2nonav/losses/jmerle.camel_case_v21_final__Canals__botA.bc24,jmerle.camel_case_v21_final,1,A,g2nonav,0,1935,CAPTURE,1,1887,239,6,0,0,0,0,0,61,210,220,11,2,713,1072,21,0,57,338,1117,943,ATK@600+HEAL@1200+CAP@1800
gauntlet/20261003-023912-scrim-g2nonav/losses/jmerle.camel_case_v21_final__Canals__botA.bc24,jmerle.camel_case_v21_final,0,B,camel_case_v21_final,1,1935,CAPTURE,3,318,288,20,0,0,0,0,0,0,7000,3360,0,2,1318,441,0,0,120,442,943,1117,ATK@600+HEAL@1200+CAP@1800
gauntlet/20261003-023912-scrim-g2nonav/losses/jmerle.camel_case_v21_final__StackGame__botA.bc24,jmerle.camel_case_v21_final,1,A,g2nonav,0,323,CAPTURE,0,-1,0,0,0,0,0,0,34,51,150,210,10,0,503,689,14,0,51,42,52,69,
gauntlet/20261003-023912-scrim-g2nonav/losses/jmerle.camel_case_v21_final__StackGame__botA.bc24,jmerle.camel_case_v21_final,0,B,camel_case_v21_final,1,323,CAPTURE,3,282,244,8,0,0,0,0,33,0,6010,990,0,14,905,314,0,0,78,70,69,52,
gauntlet/20261003-023912-scrim-g2nonav/losses/jmerle.camel_case_v21_final__Swoop__botA.bc24,jmerle.camel_case_v21_final,1,A,g2nonav,0,443,CAPTURE,1,277,231,6,0,0,0,0,66,36,205,188,7,17,803,1033,13,0,46,54,103,109,
gauntlet/20261003-023912-scrim-g2nonav/losses/jmerle.camel_case_v21_final__Swoop__botA.bc24,jmerle.camel_case_v21_final,0,B,camel_case_v21_final,1,443,CAPTURE,3,365,225,11,0,0,0,0,28,0,5860,3860,0,9,1312,518,0,0,95,97,109,103,
gauntlet/20261003-023912-scrim-g2nonav/losses/jmerle.camel_case_v21_final__YearOfTheDragon__botA.bc24,jmerle.camel_case_v21_final,1,A,g2nonav,0,503,CAPTURE,0,-1,262,6,0,0,0,0,11,108,635,285,11,17,779,1043,24,0,115,114,125,119,
gauntlet/20261003-023912-scrim-g2nonav/losses/jmerle.camel_case_v21_final__YearOfTheDragon__botA.bc24,jmerle.camel_case_v21_final,0,B,camel_case_v21_final,1,503,CAPTURE,3,365,230,13,0,0,0,0,5,2,12850,4940,0,3,1162,458,0,0,158,175,119,125,
gauntlet/20261003-023912-scrim-g2nonav/losses/kyleezz.jeeryfix3__BedWars__botA.bc24,kyleezz.jeeryfix3,1,A,g2nonav,0,433,CAPTURE,0,-1,0,0,0,0,0,0,0,41,195,15,7,7,1045,1068,9,0,36,29,136,48,
gauntlet/20261003-023912-scrim-g2nonav/losses/kyleezz.jeeryfix3__BedWars__botA.bc24,kyleezz.jeeryfix3,0,B,jeeryfix3,1,433,CAPTURE,3,285,238,18,0,0,0,0,0,0,4800,50,0,11,878,515,0,0,43,40,48,136,
gauntlet/20261003-023912-scrim-g2nonav/losses/kyleezz.jeeryfix3__Klein__botB.bc24,kyleezz.jeeryfix3,0,A,jeeryfix3,1,692,CAPTURE,3,267,230,15,0,0,0,0,265,0,750,80,0,7,961,1024,0,0,34,56,100,257,ATK@600
gauntlet/20261003-023912-scrim-g2nonav/losses/kyleezz.jeeryfix3__Klein__botB.bc24,kyleezz.jeeryfix3,1,B,g2nonav,0,692,CAPTURE,0,-1,568,2,0,0,0,0,92,54,195,245,10,1,1106,1289,14,0,53,76,257,100,ATK@600
gauntlet/20261003-023912-scrim-g2nonav/losses/quesswho.cretplayer2_3__Checkered__botA.bc24,quesswho.cretplayer2_3,1,A,g2nonav,0,622,CAPTURE,2,367,337,3,0,0,0,0,0,63,195,255,11,3,764,937,21,0,67,88,117,83,ATK@600
gauntlet/20261003-023912-scrim-g2nonav/losses/quesswho.cretplayer2_3__Checkered__botA.bc24,quesswho.cretplayer2_3,0,B,cretplayer2_3,1,622,CAPTURE,3,288,219,14,0,3,17,0,0,0,7200,1810,0,3,851,1105,0,5,89,109,83,117,ATK@600
gauntlet/20261003-023912-scrim-g2nonav/losses/quesswho.cretplayer2_3__AceOfSpades__botA.bc24,quesswho.cretplayer2_3,1,A,g2nonav,0,549,CAPTURE,0,-1,256,10,0,0,0,0,12,32,185,235,5,2,1010,1077,16,0,72,73,142,114,
gauntlet/20261003-023912-scrim-g2nonav/losses/quesswho.cretplayer2_3__AceOfSpades__botA.bc24,quesswho.cretplayer2_3,0,B,cretplayer2_3,1,549,CAPTURE,3,330,239,26,0,3,22,0,14,0,3780,7055,0,2,1092,774,0,3,211,215,114,142,
gauntlet/20261003-023912-scrim-g2nonav/losses/winkelmantanner.waffle__Tunnels__botB.bc24,winkelmantanner.waffle,0,A,waffle,1,749,CAPTURE,3,354,274,29,0,0,0,0,27,4,3590,920,0,8,995,894,0,0,66,97,109,316,ATK@600
gauntlet/20261003-023912-scrim-g2nonav/losses/winkelmantanner.waffle__Tunnels__botB.bc24,winkelmantanner.waffle,1,B,g2nonav,0,749,CAPTURE,0,-1,0,0,0,0,0,0,60,25,145,175,4,7,1095,1213,11,0,44,66,316,109,ATK@600
gauntlet/20261003-023912-scrim-g2nonav/losses/winkelmantanner.waffle__Funnel__botB.bc24,winkelmantanner.waffle,0,A,waffle,1,1158,CAPTURE,3,362,237,38,0,0,0,0,10,30,1300,530,1,4,1055,875,0,0,85,159,170,383,ATK@600
gauntlet/20261003-023912-scrim-g2nonav/losses/winkelmantanner.waffle__Funnel__botB.bc24,winkelmantanner.waffle,1,B,g2nonav,0,1158,CAPTURE,1,648,498,2,0,0,0,0,31,30,200,220,5,5,1018,1356,14,0,51,162,383,170,ATK@600
gauntlet/20261003-023912-scrim-g2nonav/losses/winkelmantanner.waffle__Puzzle__botA.bc24,winkelmantanner.waffle,1,A,g2nonav,0,2000,MORE_FLAG_CAPTURES,1,1372,308,7,0,0,0,0,4,22,125,245,4,3,853,948,19,0,79,343,1042,438,ATK@600+HEAL@1200+CAP@1800
gauntlet/20261003-023912-scrim-g2nonav/losses/winkelmantanner.waffle__Puzzle__botA.bc24,winkelmantanner.waffle,0,B,waffle,1,2000,MORE_FLAG_CAPTURES,2,332,252,68,0,0,0,0,0,3,2100,6130,0,4,1013,881,0,0,175,346,438,1042,ATK@600+HEAL@1200+CAP@1800
gauntlet/20261003-023912-scrim-g2nonav/replays/ColtG5.Goob_final__EvilGrin__botA.bc24,ColtG5.Goob_final,1,A,g2nonav,1,1705,CAPTURE,3,1490,1380,7,0,0,0,0,50,23,155,175,4,16,1257,1681,8,0,38,210,1244,454,ATK@600+HEAL@1200
gauntlet/20261003-023912-scrim-g2nonav/replays/ColtG5.Goob_final__EvilGrin__botA.bc24,ColtG5.Goob_final,0,B,Goob_final,0,1705,CAPTURE,1,297,249,3,0,0,0,0,54,0,2780,1660,0,6,1187,1180,12,0,84,232,454,1244,ATK@600+HEAL@1200
gauntlet/20261003-023912-scrim-g2nonav/replays/ColtG5.Goob_final__Gated__botA.bc24,ColtG5.Goob_final,1,A,g2nonav,1,2000,MORE_FLAG_CAPTURES,2,1935,1073,5,0,0,0,0,33,26,135,260,4,15,1144,1406,6,0,44,259,1313,554,ATK@600+HEAL@1200+CAP@1800
gauntlet/20261003-023912-scrim-g2nonav/replays/ColtG5.Goob_final__Gated__botA.bc24,ColtG5.Goob_final,0,B,Goob_final,0,2000,MORE_FLAG_CAPTURES,0,-1,239,13,0,0,0,0,37,0,2790,60,0,6,1102,927,0,0,55,225,554,1313,ATK@600+HEAL@1200+CAP@1800
gauntlet/20261003-023912-scrim-g2nonav/replays/ColtG5.Goob_final__Joker__botB.bc24,ColtG5.Goob_final,0,A,Goob_final,0,2000,LEVEL_SUM,1,484,412,4,0,0,0,0,28,0,16060,17500,0,6,1018,747,12,0,125,425,585,1459,ATK@600+HEAL@1200+CAP@1800
gauntlet/20261003-023912-scrim-g2nonav/replays/ColtG5.Goob_final__Joker__botB.bc24,ColtG5.Goob_final,1,B,g2nonav,1,2000,LEVEL_SUM,1,1052,1010,3,0,0,0,0,2,110,4610,280,12,8,1203,1420,24,0,216,508,1459,585,ATK@600+HEAL@1200+CAP@1800
gauntlet/20261003-023912-scrim-g2nonav/replays/CyrilSharma.finalBot__EvilGrin__botB.bc24,CyrilSharma.finalBot,0,A,finalBot,0,2000,MORE_FLAG_CAPTURES,1,332,268,34,0,0,0,55,25,0,2674,4881,11,11,978,881,0,0,195,629,643,651,ATK@600+HEAL@1200+CAP@1800
gauntlet/20261003-023912-scrim-g2nonav/replays/CyrilSharma.finalBot__EvilGrin__botB.bc24,CyrilSharma.finalBot,1,B,g2nonav,1,2000,MORE_FLAG_CAPTURES,2,723,271,17,0,0,0,0,48,26,135,195,4,7,817,1088,4,0,48,242,651,643,ATK@600+HEAL@1200+CAP@1800
gauntlet/20261003-023912-scrim-g2nonav/replays/CyrilSharma.finalBot__Racetrack__botB.bc24,CyrilSharma.finalBot,0,A,finalBot,0,2000,MORE_FLAG_CAPTURES,1,716,649,7,0,0,0,14,35,0,1076,53,2,6,884,1215,0,0,13,250,410,702,ATK@600+HEAL@1200+CAP@1800
gauntlet/20261003-023912-scrim-g2nonav/replays/CyrilSharma.finalBot__Racetrack__botB.bc24,CyrilSharma.finalBot,1,B,g2nonav,1,2000,MORE_FLAG_CAPTURES,2,798,647,9,0,0,0,0,68,2,60,140,0,3,1196,1566,1,0,26,198,702,410,ATK@600+HEAL@1200+CAP@1800
gauntlet/20261003-023912-scrim-g2nonav/replays/Gymhgy.v10official__Backslash__botA.bc24,Gymhgy.v10official,1,A,g2nonav,1,2000,LEVEL_SUM,2,767,245,57,0,0,0,0,178,14,165,35,2,5,676,1116,21,0,73,306,549,508,ATK@600+HEAL@1200+CAP@1800
gauntlet/20261003-023912-scrim-g2nonav/replays/Gymhgy.v10official__Backslash__botA.bc24,Gymhgy.v10official,0,B,v10official,0,2000,LEVEL_SUM,2,276,236,45,26,3,37,59,107,3,2597,9945,11,0,686,1134,93,3,59,400,508,549,ATK@600+HEAL@1200+CAP@1800
gauntlet/20261003-023912-scrim-g2nonav/replays/Gymhgy.v10official__CH3353C4K3F4CT0RY__botA.bc24,Gymhgy.v10official,1,A,g2nonav,1,1986,CAPTURE,3,1859,319,55,0,0,0,0,13,111,2820,220,12,14,1045,1482,24,0,140,458,774,446,ATK@600+HEAL@1200+CAP@1800
gauntlet/20261003-023912-scrim-g2nonav/replays/Gymhgy.v10official__CH3353C4K3F4CT0RY__botA.bc24,Gymhgy.v10official,0,B,v10official,0,1986,CAPTURE,2,385,291,54,28,3,21,90,9,3,13375,8355,18,0,1010,1592,3,3,125,428,446,774,ATK@600+HEAL@1200+CAP@1800
gauntlet/20261003-023912-scrim-g2nonav/replays/IvanGeffner.kuma__EndAround__botA.bc24,IvanGeffner.kuma,1,A,g2nonav,1,2000,LEVEL_SUM,0,-1,339,2,0,0,0,0,63,24,165,155,3,6,504,983,12,0,44,201,407,550,ATK@600+HEAL@1200+CAP@1800
gauntlet/20261003-023912-scrim-g2nonav/replays/IvanGeffner.kuma__EndAround__botA.bc24,IvanGeffner.kuma,0,B,kuma,0,2000,LEVEL_SUM,0,-1,731,1,0,0,0,90,59,0,1744,1414,18,13,640,675,11,0,79,475,550,407,ATK@600+HEAL@1200+CAP@1800
gauntlet/20261003-023912-scrim-g2nonav/replays/SampleProvider.TSPAARKSPRINT1__QuestionableChess__botB.bc24,SampleProvider.TSPAARKSPRINT1,0,A,TSPAARKSPRINT1,0,2000,MORE_FLAG_CAPTURES,1,480,315,36,0,3,8,0,79,0,30,20,0,0,746,1734,0,0,0,59,242,1329,ATK@600+CAP@1200+HEAL@1800
gauntlet/20261003-023912-scrim-g2nonav/replays/SampleProvider.TSPAARKSPRINT1__QuestionableChess__botB.bc24,SampleProvider.TSPAARKSPRINT1,1,B,g2nonav,1,2000,MORE_FLAG_CAPTURES,2,270,240,20,0,0,0,0,61,3,170,140,0,5,1221,1268,1,0,24,496,1329,242,ATK@600+HEAL@1200+CAP@1800
gauntlet/20261003-023912-scrim-g2nonav/replays/SampleProvider.TSPAARKSPRINT1__Foxes__botB.bc24,SampleProvider.TSPAARKSPRINT1,0,A,TSPAARKSPRINT1,0,2000,LEVEL_SUM,1,1446,261,42,0,3,44,0,29,0,9030,2120,0,13,489,1302,40,25,0,132,248,633,ATK@600+CAP@1200+HEAL@1800
gauntlet/20261003-023912-scrim-g2nonav/replays/SampleProvider.TSPAARKSPRINT1__Foxes__botB.bc24,SampleProvider.TSPAARKSPRINT1,1,B,g2nonav,1,2000,LEVEL_SUM,1,354,240,46,0,0,0,0,14,77,675,75,12,2,864,1244,24,0,76,364,633,248,ATK@600+HEAL@1200+CAP@1800
gauntlet/20261003-023912-scrim-g2nonav/replays/SampleProvider.TSPAARKSPRINT1__Snake__botB.bc24,SampleProvider.TSPAARKSPRINT1,0,A,TSPAARKSPRINT1,0,1018,CAPTURE,1,677,264,51,0,3,41,0,174,2,10080,17503,0,1,407,968,45,29,7,148,121,217,ATK@600
gauntlet/20261003-023912-scrim-g2nonav/replays/SampleProvider.TSPAARKSPRINT1__Snake__botB.bc24,SampleProvider.TSPAARKSPRINT1,1,B,g2nonav,1,1018,CAPTURE,3,487,261,18,0,0,0,0,185,82,675,253,12,5,721,834,24,0,262,319,217,121,ATK@600
gauntlet/20261003-023912-scrim-g2nonav/replays/SampleProvider.TSPAARKSPRINT1__Waterworld__botA.bc24,SampleProvider.TSPAARKSPRINT1,1,A,g2nonav,1,1100,CAPTURE,3,369,253,48,0,0,0,0,254,67,669,279,11,3,913,935,24,0,89,222,309,115,ATK@600
gauntlet/20261003-023912-scrim-g2nonav/replays/SampleProvider.TSPAARKSPRINT1__Waterworld__botA.bc24,SampleProvider.TSPAARKSPRINT1,0,B,TSPAARKSPRINT1,0,1100,CAPTURE,0,-1,233,23,0,3,0,0,492,4,1140,20,0,13,606,1297,7,11,1,30,115,309,ATK@600
gauntlet/20261003-023912-scrim-g2nonav/replays/SampleProvider.TSPAARKSPRINT1__Soccer__botB.bc24,SampleProvider.TSPAARKSPRINT1,0,A,TSPAARKSPRINT1,0,1286,CAPTURE,1,552,250,56,0,3,38,0,48,7,3260,90,0,4,609,1639,9,23,2,73,131,540,ATK@600+CAP@1200
gauntlet/20261003-023912-scrim-g2nonav/replays/SampleProvider.TSPAARKSPRINT1__Soccer__botB.bc24,SampleProvider.TSPAARKSPRINT1,1,B,g2nonav,1,1286,CAPTURE,3,937,288,34,0,0,0,0,25,38,198,213,6,13,1059,1302,10,0,36,162,540,131,ATK@600+HEAL@1200
gauntlet/20261003-023912-scrim-g2nonav/replays/SampleProvider.TSPAARKSPRINT1__WheresMyWater__botA.bc24,SampleProvider.TSPAARKSPRINT1,1,A,g2nonav,1,1695,CAPTURE,3,281,265,9,0,0,0,0,45,31,180,140,4,16,1363,1257,13,0,55,504,1538,105,ATK@600+HEAL@1200
gauntlet/20261003-023912-scrim-g2nonav/replays/SampleProvider.TSPAARKSPRINT1__WheresMyWater__botA.bc24,SampleProvider.TSPAARKSPRINT1,0,B,TSPAARKSPRINT1,0,1695,CAPTURE,1,1221,260,58,0,3,4,0,176,1,20,60,0,9,709,1801,1,16,0,59,105,1538,ATK@600+CAP@1200
gauntlet/20261003-023912-scrim-g2nonav/replays/awu7.ExplosiveBot__BedWars__botA.bc24,awu7.ExplosiveBot,1,A,g2nonav,1,932,CAPTURE,3,368,344,7,0,0,0,0,0,43,200,15,8,7,246,423,7,0,43,52,289,41,ATK@600
gauntlet/20261003-023912-scrim-g2nonav/replays/awu7.ExplosiveBot__BedWars__botA.bc24,awu7.ExplosiveBot,0,B,ExplosiveBot,0,932,CAPTURE,0,-1,382,13,0,0,0,0,0,11,2600,10,0,1,229,142,20,0,0,23,41,289,ATK@600
gauntlet/20261003-023912-scrim-g2nonav/replays/Strequals.duck0127v5__Divergent__botB.bc24,Strequals.duck0127v5,0,A,duck0127v5,0,2000,MORE_FLAG_CAPTURES,0,-1,422,5,0,0,0,90,18,1,3100,2565,18,12,767,985,0,2,90,364,491,299,ATK@600+HEAL@1200+CAP@1800
gauntlet/20261003-023912-scrim-g2nonav/replays/Strequals.duck0127v5__Divergent__botB.bc24,Strequals.duck0127v5,1,B,g2nonav,1,2000,MORE_FLAG_CAPTURES,1,801,277,32,0,0,0,0,27,44,253,243,7,5,683,1096,19,0,38,200,299,491,ATK@600+HEAL@1200+CAP@1800
gauntlet/20261003-023912-scrim-g2nonav/replays/andli28.v9_USQuals_angle__Battlecode24__botB.bc24,andli28.v9_USQuals_angle,0,A,v9_USQuals_angle,0,2000,LEVEL_SUM,2,403,320,11,0,0,0,70,52,4,11668,24649,14,11,859,1160,15,2,62,239,421,488,ATK@600+HEAL@1200+CAP@1800
gauntlet/20261003-023912-scrim-g2nonav/replays/andli28.v9_USQuals_angle__Battlecode24__botB.bc24,andli28.v9_USQuals_angle,1,B,g2nonav,1,2000,LEVEL_SUM,2,817,327,14,0,0,0,0,51,92,2119,229,12,7,931,1277,25,0,142,334,488,421,ATK@600+HEAL@1200+CAP@1800
gauntlet/20261003-023912-scrim-g2nonav/replays/andrewgopher.player22__Diagonal__botA.bc24,andrewgopher.player22,1,A,g2nonav,1,2000,MORE_FLAG_CAPTURES,1,1832,296,73,0,0,0,0,24,57,254,154,10,24,468,942,25,0,55,265,543,426,ATK@600+HEAL@1200+CAP@1800
gauntlet/20261003-023912-scrim-g2nonav/replays/andrewgopher.player22__Diagonal__botA.bc24,andrewgopher.player22,0,B,player22,0,2000,MORE_FLAG_CAPTURES,0,-1,0,3,0,3,0,0,39,0,6330,2380,0,6,651,367,28,0,33,226,426,543,ATK@600+HEAL@1200+CAP@1800
gauntlet/20261003-023912-scrim-g2nonav/replays/awu7.ExplosiveBot__DefaultLarge__botB.bc24,awu7.ExplosiveBot,0,A,ExplosiveBot,0,1212,CAPTURE,0,-1,247,23,8,0,0,0,86,12,120,80,0,21,771,791,24,0,14,87,137,787,ATK@600+HEAL@1200
gauntlet/20261003-023912-scrim-g2nonav/replays/awu7.ExplosiveBot__DefaultLarge__botB.bc24,awu7.ExplosiveBot,1,B,g2nonav,1,1212,CAPTURE,3,863,289,23,0,0,0,0,44,24,180,165,3,16,1319,1313,9,0,86,281,787,137,ATK@600+HEAL@1200
gauntlet/20261003-023912-scrim-g2nonav/replays/awu7.ExplosiveBot__BedWars__botB.bc24,awu7.ExplosiveBot,0,A,ExplosiveBot,0,771,CAPTURE,1,708,489,22,9,0,0,0,0,13,2800,10,0,3,110,133,16,0,6,20,36,226,ATK@600
gauntlet/20261003-023912-scrim-g2nonav/replays/awu7.ExplosiveBot__BedWars__botB.bc24,awu7.ExplosiveBot,1,B,g2nonav,1,771,CAPTURE,3,570,494,5,0,0,0,0,0,41,150,20,7,20,122,144,9,0,32,28,226,36,ATK@600
gauntlet/20261003-023912-scrim-g2nonav/replays/clbarrell.duck8__AceOfSpades__botB.bc24,clbarrell.duck8,0,A,duck8,0,814,CAPTURE,2,317,249,11,0,0,0,0,15,30,90,10650,2,13,1057,1197,7,0,201,260,147,301,ATK@750
gauntlet/20261003-023912-scrim-g2nonav/replays/clbarrell.duck8__AceOfSpades__botB.bc24,clbarrell.duck8,1,B,g2nonav,1,814,CAPTURE,3,280,220,3,0,0,0,0,8,33,185,135,5,2,1143,1362,20,0,49,95,301,147,ATK@600
gauntlet/20261003-023912-scrim-g2nonav/replays/awu7.ExplosiveBot__OceanFloor__botA.bc24,awu7.ExplosiveBot,1,A,g2nonav,1,911,CAPTURE,3,291,237,14,0,0,0,0,36,25,130,210,4,2,1238,1147,4,0,75,183,568,93,ATK@600
gauntlet/20261003-023912-scrim-g2nonav/replays/awu7.ExplosiveBot__OceanFloor__botA.bc24,awu7.ExplosiveBot,0,B,ExplosiveBot,0,911,CAPTURE,0,-1,221,38,14,0,0,0,88,10,60,30,0,5,812,643,4,0,15,45,93,568,ATK@600
gauntlet/20261003-023912-scrim-g2nonav/replays/awu7.ExplosiveBot__Diagonal__botA.bc24,awu7.ExplosiveBot,1,A,g2nonav,1,2000,MORE_FLAG_CAPTURES,2,1386,261,47,0,0,0,0,23,56,174,204,10,6,814,943,24,0,60,439,982,211,ATK@600+HEAL@1200+CAP@1800
gauntlet/20261003-023912-scrim-g2nonav/replays/awu7.ExplosiveBot__Diagonal__botA.bc24,awu7.ExplosiveBot,0,B,ExplosiveBot,0,2000,MORE_FLAG_CAPTURES,0,-1,476,4,0,0,0,0,42,9,5340,5930,0,21,699,595,1,0,24,108,211,982,ATK@600+HEAL@1200
gauntlet/20261003-023912-scrim-g2nonav/replays/awu7.ExplosiveBot__Randy__botB.bc24,awu7.ExplosiveBot,0,A,ExplosiveBot,0,1548,CAPTURE,1,1493,224,25,2,0,0,0,6,3,5320,5590,0,20,696,818,21,0,18,155,211,1306,ATK@600+HEAL@1200
gauntlet/20261003-023912-scrim-g2nonav/replays/awu7.ExplosiveBot__Randy__botB.bc24,awu7.ExplosiveBot,1,B,g2nonav,1,1548,CAPTURE,3,704,220,34,0,0,0,0,6,49,160,90,9,7,1139,1295,16,0,71,443,1306,211,ATK@600+HEAL@1200
gauntlet/20261003-023912-scrim-g2nonav/replays/chenyx512.flagbot_final__Tunnels__botB.bc24,chenyx512.flagbot_final,0,A,flagbot_final,0,2000,LEVEL_SUM,0,-1,0,3,0,3,24,90,118,1,31,706,18,4,707,1172,0,0,24,290,385,399,ATK@600+HEAL@1200+CAP@1800
gauntlet/20261003-023912-scrim-g2nonav/replays/chenyx512.flagbot_final__Tunnels__botB.bc24,chenyx512.flagbot_final,1,B,g2nonav,1,2000,LEVEL_SUM,0,-1,0,0,0,0,0,0,62,24,130,170,4,17,803,1312,7,0,43,152,399,385,ATK@600+HEAL@1200+CAP@1800
gauntlet/20261003-023912-scrim-g2nonav/replays/clbarrell.duck8__Pancakes__botB.bc24,clbarrell.duck8,0,A,duck8,0,508,CAPTURE,0,-1,242,7,0,0,0,0,2,23,20,1230,2,13,821,980,1,0,108,114,43,118,
gauntlet/20261003-023912-scrim-g2nonav/replays/clbarrell.duck8__Pancakes__botB.bc24,clbarrell.duck8,1,B,g2nonav,1,508,CAPTURE,3,392,302,5,0,0,0,0,15,18,160,135,2,3,963,1155,5,0,45,20,118,43,
gauntlet/20261003-023912-scrim-g2nonav/replays/clbarrell.duck8__Foxes__botB.bc24,clbarrell.duck8,0,A,duck8,0,1860,CAPTURE,0,-1,285,17,0,0,0,0,9,57,2250,40,3,15,889,955,18,0,85,299,393,878,ATK@750+HEAL@1500
gauntlet/20261003-023912-scrim-g2nonav/replays/clbarrell.duck8__Foxes__botB.bc24,clbarrell.duck8,1,B,g2nonav,1,1860,CAPTURE,3,449,366,8,0,0,0,0,13,77,650,280,12,19,1196,1468,25,0,88,296,878,393,ATK@600+HEAL@1200+CAP@1800
gauntlet/20261003-023912-scrim-g2nonav/replays/clbarrell.duck8__GaltonBoard__botB.bc24,clbarrell.duck8,0,A,duck8,0,1991,CAPTURE,1,481,257,7,0,0,0,0,4,22,20,29183,3,18,1044,1056,1,0,172,483,571,1259,ATK@750+HEAL@1500
gauntlet/20261003-023912-scrim-g2nonav/replays/clbarrell.duck8__GaltonBoard__botB.bc24,clbarrell.duck8,1,B,g2nonav,1,1991,CAPTURE,3,1615,1564,6,0,0,0,0,11,19,145,250,3,8,1172,1308,8,0,36,251,1259,571,ATK@600+HEAL@1200+CAP@1800
gauntlet/20261003-023912-scrim-g2nonav/replays/clbarrell.duck8__QuestionableChess__botB.bc24,clbarrell.duck8,0,A,duck8,0,1569,CAPTURE,1,278,219,20,0,0,0,0,35,12,90,10,1,7,1041,1139,1,0,34,155,314,889,ATK@750+HEAL@1500
gauntlet/20261003-023912-scrim-g2nonav/replays/clbarrell.duck8__QuestionableChess__botB.bc24,clbarrell.duck8,1,B,g2nonav,1,1569,CAPTURE,3,767,301,10,0,0,0,0,60,3,200,30,0,7,1035,1219,1,0,12,230,889,314,ATK@600+HEAL@1200
gauntlet/20261003-023912-scrim-g2nonav/replays/dmtrung14.defaultplayer_intlqualifier__BreadPudding__botA.bc24,dmtrung14.defaultplayer_intlqualifier,1,A,g2nonav,1,1159,CAPTURE,3,897,286,54,0,0,0,0,41,30,175,105,5,18,1235,646,10,0,27,129,813,103,ATK@600
gauntlet/20261003-023912-scrim-g2nonav/replays/dmtrung14.defaultplayer_intlqualifier__BreadPudding__botA.bc24,dmtrung14.defaultplayer_intlqualifier,0,B,defaultplayer_intlqualifier,0,1159,CAPTURE,1,339,305,21,14,3,14,0,51,13,1570,1770,0,2,412,830,6,20,12,78,103,813,ATK@600
gauntlet/20261003-023912-scrim-g2nonav/replays/dmtrung14.defaultplayer_intlqualifier__Battlecode24__botA.bc24,dmtrung14.defaultplayer_intlqualifier,1,A,g2nonav,1,1070,CAPTURE,3,329,261,12,0,0,0,0,65,94,2270,286,12,8,1259,474,24,0,174,169,441,56,ATK@600
gauntlet/20261003-023912-scrim-g2nonav/replays/dmtrung14.defaultplayer_intlqualifier__Battlecode24__botA.bc24,dmtrung14.defaultplayer_intlqualifier,0,B,defaultplayer_intlqualifier,0,1070,CAPTURE,1,363,345,11,6,3,19,0,121,17,7070,12090,0,2,341,786,5,35,26,103,56,441,ATK@600
gauntlet/20261003-023912-scrim-g2nonav/replays/dmtrung14.defaultplayer_intlqualifier__DefaultLarge__botA.bc24,dmtrung14.defaultplayer_intlqualifier,1,A,g2nonav,1,1090,CAPTURE,3,1005,458,14,0,0,0,0,44,22,190,40,3,13,1250,689,7,0,34,57,709,47,ATK@600
gauntlet/20261003-023912-scrim-g2nonav/replays/dmtrung14.defaultplayer_intlqualifier__DefaultLarge__botA.bc24,dmtrung14.defaultplayer_intlqualifier,0,B,defaultplayer_intlqualifier,0,1090,CAPTURE,0,-1,252,19,8,3,15,0,62,17,40,3470,0,3,433,1073,6,43,27,128,47,709,ATK@600
gauntlet/20261003-023912-scrim-g2nonav/replays/dmtrung14.defaultplayer_intlqualifier__KingQuacksCastle__botB.bc24,dmtrung14.defaultplayer_intlqualifier,0,A,defaultplayer_intlqualifier,0,824,CAPTURE,1,267,231,18,7,3,16,0,35,9,1450,1060,0,3,460,999,6,24,10,68,43,444,ATK@600
gauntlet/20261003-023912-scrim-g2nonav/replays/dmtrung14.defaultplayer_intlqualifier__KingQuacksCastle__botB.bc24,dmtrung14.defaultplayer_intlqualifier,1,B,g2nonav,1,824,CAPTURE,3,378,249,23,0,0,0,0,29,28,195,125,5,27,1243,746,9,0,42,47,444,43,ATK@600
gauntlet/20261003-023912-scrim-g2nonav/replays/dmtrung14.defaultplayer_intlqualifier__QueenOfHearts__botA.bc24,dmtrung14.defaultplayer_intlqualifier,1,A,g2nonav,1,701,CAPTURE,3,513,307,10,0,0,0,0,68,29,160,45,4,2,1197,645,10,0,29,45,295,44,ATK@600
gauntlet/20261003-023912-scrim-g2nonav/replays/dmtrung14.defaultplayer_intlqualifier__QueenOfHearts__botA.bc24,dmtrung14.defaultplayer_intlqualifier,0,B,defaultplayer_intlqualifier,0,701,CAPTURE,2,285,242,41,27,3,38,0,95,23,150,30,0,3,483,1029,6,16,22,64,44,295,ATK@600
gauntlet/20261003-023912-scrim-g2nonav/replays/dmtrung14.defaultplayer_intlqualifier__Diagonal__botB.bc24,dmtrung14.defaultplayer_intlqualifier,0,A,defaultplayer_intlqualifier,0,2000,MORE_FLAG_CAPTURES,0,-1,1247,4,0,3,15,0,35,23,3550,3120,0,2,271,644,6,26,16,185,80,1195,ATK@600+HEAL@1200+CAP@1800
gauntlet/20261003-023912-scrim-g2nonav/replays/dmtrung14.defaultplayer_intlqualifier__Diagonal__botB.bc24,dmtrung14.defaultplayer_intlqualifier,1,B,g2nonav,1,2000,MORE_FLAG_CAPTURES,2,456,245,40,0,0,0,0,23,57,163,173,10,4,911,524,19,0,40,294,1195,80,ATK@600+HEAL@1200+CAP@1800
gauntlet/20261003-023912-scrim-g2nonav/replays/jonters.bling3__Bunkers__botA.bc24,jonters.bling3,1,A,g2nonav,1,595,CAPTURE,3,275,231,10,0,0,0,0,25,37,130,190,7,16,1345,1693,11,0,57,36,151,49,
gauntlet/20261003-023912-scrim-g2nonav/replays/jonters.bling3__Bunkers__botA.bc24,jonters.bling3,0,B,bling3,0,595,CAPTURE,1,276,232,4,0,0,0,0,66,16,20,430,0,11,845,1800,23,0,5,35,49,151,
gauntlet/20261003-023912-scrim-g2nonav/replays/jonters.bling3__Backslash__botB.bc24,jonters.bling3,0,A,bling3,0,1047,CAPTURE,0,-1,404,3,0,0,0,0,236,0,20,2380,0,24,646,1324,39,0,2,69,139,752,ATK@600
gauntlet/20261003-023912-scrim-g2nonav/replays/jonters.bling3__Backslash__botB.bc24,jonters.bling3,1,B,g2nonav,1,1047,CAPTURE,3,544,220,27,0,0,0,0,172,16,145,230,2,3,1120,1500,27,0,133,356,752,139,ATK@600
gauntlet/20261003-023912-scrim-g2nonav/replays/jonters.bling3__Duck__botB.bc24,jonters.bling3,0,A,bling3,0,1173,CAPTURE,0,-1,293,6,0,0,0,0,89,13,30,260,0,3,690,1296,13,0,6,52,95,558,ATK@600
gauntlet/20261003-023912-scrim-g2nonav/replays/jonters.bling3__Duck__botB.bc24,jonters.bling3,1,B,g2nonav,1,1173,CAPTURE,3,352,227,22,0,0,0,0,37,36,140,235,5,3,1055,1216,12,0,58,237,558,95,ATK@600
gauntlet/20261003-023912-scrim-g2nonav/replays/jonters.bling3__Snake__botB.bc24,jonters.bling3,0,A,bling3,0,877,CAPTURE,0,-1,0,0,0,0,0,0,242,0,8240,10100,0,0,454,887,77,0,5,109,151,229,ATK@600
gauntlet/20261003-023912-scrim-g2nonav/replays/jonters.bling3__Snake__botB.bc24,jonters.bling3,1,B,g2nonav,1,877,CAPTURE,3,636,221,25,0,0,0,0,187,82,620,280,12,13,820,1103,24,0,312,251,229,151,ATK@600
gauntlet/20261003-023912-scrim-g2nonav/replays/jonters.bling3__Starfish__botA.bc24,jonters.bling3,1,A,g2nonav,1,481,CAPTURE,3,256,245,6,0,0,0,0,100,27,164,259,4,32,709,713,8,0,32,4,94,15,
gauntlet/20261003-023912-scrim-g2nonav/replays/jonters.bling3__Starfish__botA.bc24,jonters.bling3,0,B,bling3,0,481,CAPTURE,0,-1,0,0,0,0,0,0,216,0,20,20,0,12,469,599,0,0,0,0,15,94,
gauntlet/20261003-023912-scrim-g2nonav/replays/jonters.bling3__Waterworld__botB.bc24,jonters.bling3,0,A,bling3,0,703,CAPTURE,0,-1,258,6,0,0,0,0,500,0,1300,20,0,2,773,1542,15,0,6,37,74,238,ATK@600
gauntlet/20261003-023912-scrim-g2nonav/replays/jonters.bling3__Waterworld__botB.bc24,jonters.bling3,1,B,g2nonav,1,703,CAPTURE,3,551,379,16,0,0,0,0,283,63,206,76,11,7,1166,1320,27,0,70,92,238,74,ATK@600
gauntlet/20261003-023912-scrim-g2nonav/replays/justinottesen.sprint1__Decision__botA.bc24,justinottesen.sprint1,1,A,g2nonav,1,868,CAPTURE,3,503,251,16,0,0,0,0,74,18,185,175,3,4,1477,415,11,0,62,186,580,20,ATK@600
gauntlet/20261003-023912-scrim-g2nonav/replays/justinottesen.sprint1__Decision__botA.bc24,justinottesen.sprint1,0,B,sprint1,0,868,CAPTURE,0,-1,312,2,0,0,0,0,123,2,110,50,0,2,196,760,3,0,0,16,20,580,ATK@600
gauntlet/20261003-023912-scrim-g2nonav/replays/justinottesen.sprint1__Fountain__botA.bc24,justinottesen.sprint1,1,A,g2nonav,1,471,CAPTURE,3,294,237,11,0,0,0,0,39,20,210,30,3,8,1540,420,13,0,39,50,245,16,
gauntlet/20261003-023912-scrim-g2nonav/replays/justinottesen.sprint1__Fountain__botA.bc24,justinottesen.sprint1,0,B,sprint1,0,471,CAPTURE,0,-1,449,2,0,0,0,0,60,0,1900,10,0,5,254,705,7,0,0,7,16,245,
gauntlet/20261003-023912-scrim-g2nonav/replays/justinottesen.sprint1__StackGame__botB.bc24,justinottesen.sprint1,0,A,sprint1,0,586,CAPTURE,0,-1,0,0,0,0,0,0,49,27,130,30,0,2,300,1154,37,0,0,43,41,440,
gauntlet/20261003-023912-scrim-g2nonav/replays/justinottesen.sprint1__StackGame__botB.bc24,justinottesen.sprint1,1,B,g2nonav,1,586,CAPTURE,3,481,314,11,0,0,0,0,34,51,169,149,9,26,1850,889,19,0,67,104,440,41,
gauntlet/20261003-023912-scrim-g2nonav/replays/justinottesen.sprint1__OceanFloor__botB.bc24,justinottesen.sprint1,0,A,sprint1,0,642,CAPTURE,0,-1,249,5,0,0,0,0,88,5,60,90,0,1,188,954,8,0,0,18,15,319,ATK@600
gauntlet/20261003-023912-scrim-g2nonav/replays/justinottesen.sprint1__OceanFloor__botB.bc24,justinottesen.sprint1,1,B,g2nonav,1,642,CAPTURE,3,325,223,5,0,0,0,0,36,24,165,160,4,3,1567,519,9,0,70,101,319,15,ATK@600
gauntlet/20261003-023912-scrim-g2nonav/replays/kyleezz.jeeryfix3__Fusbol__botA.bc24,kyleezz.jeeryfix3,1,A,g2nonav,1,2000,LEVEL_SUM,0,-1,1382,28,0,0,0,0,107,38,694,294,5,24,891,1268,21,0,50,657,1597,298,ATK@600+HEAL@1200+CAP@1800
gauntlet/20261003-023912-scrim-g2nonav/replays/kyleezz.jeeryfix3__Fusbol__botA.bc24,kyleezz.jeeryfix3,0,B,jeeryfix3,0,2000,LEVEL_SUM,0,-1,0,0,0,0,0,0,177,9,3390,2620,0,6,1079,883,0,0,96,243,298,1597,ATK@600+CAP@1200+HEAL@1800
gauntlet/20261003-023912-scrim-g2nonav/replays/kyleezz.jeeryfix3__Backslash__botB.bc24,kyleezz.jeeryfix3,0,A,jeeryfix3,0,1650,CAPTURE,2,284,231,9,0,0,0,0,236,0,20,6280,0,2,1106,810,0,0,139,280,407,1336,ATK@600+CAP@1200
gauntlet/20261003-023912-scrim-g2nonav/replays/kyleezz.jeeryfix3__Backslash__botB.bc24,kyleezz.jeeryfix3,1,B,g2nonav,1,1650,CAPTURE,3,1242,257,11,0,0,0,0,157,16,205,125,2,0,1020,1179,19,0,84,372,1336,407,ATK@600+HEAL@1200
gauntlet/20261003-023912-scrim-g2nonav/replays/kyleezz.jeeryfix3__Fusbol__botB.bc24,kyleezz.jeeryfix3,0,A,jeeryfix3,0,2000,MORE_FLAG_CAPTURES,0,-1,0,0,0,0,0,0,181,7,3470,2260,0,28,906,627,0,0,89,251,278,1597,ATK@600+CAP@1200+HEAL@1800
gauntlet/20261003-023912-scrim-g2nonav/replays/kyleezz.jeeryfix3__Fusbol__botB.bc24,kyleezz.jeeryfix3,1,B,g2nonav,1,2000,MORE_FLAG_CAPTURES,1,1883,1363,23,0,0,0,0,92,41,625,285,6,16,944,1124,24,0,51,670,1597,278,ATK@600+HEAL@1200+CAP@1800
gauntlet/20261003-023912-scrim-g2nonav/replays/quesswho.cretplayer2_3__Digging__botA.bc24,quesswho.cretplayer2_3,1,A,g2nonav,1,1183,CAPTURE,3,792,702,15,0,0,0,0,15,26,145,130,4,2,1232,1164,9,0,42,252,1080,167,ATK@600
gauntlet/20261003-023912-scrim-g2nonav/replays/quesswho.cretplayer2_3__Digging__botA.bc24,quesswho.cretplayer2_3,0,B,cretplayer2_3,0,1183,CAPTURE,1,312,228,14,0,3,1,0,16,0,2620,980,0,19,1088,738,0,3,52,116,167,1080,ATK@600
gauntlet/20261003-023912-scrim-g2nonav/replays/kyleezz.jeeryfix3__Intercontinental__botB.bc24,kyleezz.jeeryfix3,0,A,jeeryfix3,0,1590,CAPTURE,2,399,228,43,0,0,0,0,159,0,30,10,0,4,888,556,0,0,14,123,419,1214,ATK@600+CAP@1200
gauntlet/20261003-023912-scrim-g2nonav/replays/kyleezz.jeeryfix3__Intercontinental__botB.bc24,kyleezz.jeeryfix3,1,B,g2nonav,1,1590,CAPTURE,3,956,677,11,0,0,0,0,81,19,145,95,3,10,989,1209,8,0,24,184,1214,419,ATK@600+HEAL@1200
gauntlet/20261003-023912-scrim-g2nonav/replays/quesswho.cretplayer2_3__ORV__botA.bc24,quesswho.cretplayer2_3,1,A,g2nonav,1,2000,LEVEL_SUM,2,1478,261,32,0,0,0,0,30,40,163,273,7,3,1051,1126,21,0,75,370,1393,451,ATK@600+HEAL@1200+CAP@1800
gauntlet/20261003-023912-scrim-g2nonav/replays/quesswho.cretplayer2_3__ORV__botA.bc24,quesswho.cretplayer2_3,0,B,cretplayer2_3,0,2000,LEVEL_SUM,2,396,249,63,0,3,16,0,21,0,4970,1010,0,4,969,1012,0,5,65,221,451,1393,ATK@600+HEAL@1200+CAP@1800
gauntlet/20261003-023912-scrim-g2nonav/replays/quesswho.cretplayer2_3__BigDucksBigPond__botA.bc24,quesswho.cretplayer2_3,1,A,g2nonav,1,2000,LEVEL_SUM,2,1357,382,62,0,0,0,0,93,34,175,215,5,2,1064,1110,21,0,81,432,1318,413,ATK@600+HEAL@1200+CAP@1800
gauntlet/20261003-023912-scrim-g2nonav/replays/quesswho.cretplayer2_3__BigDucksBigPond__botA.bc24,quesswho.cretplayer2_3,0,B,cretplayer2_3,0,2000,LEVEL_SUM,2,423,250,24,0,3,39,0,55,0,5850,973,0,3,771,763,0,3,57,196,413,1318,ATK@600+HEAL@1200+CAP@1800
gauntlet/20261003-023912-scrim-g2nonav/replays/winkelmantanner.waffle__Islands__botB.bc24,winkelmantanner.waffle,0,A,waffle,0,1207,CAPTURE,2,300,219,65,0,0,0,0,35,59,1280,830,2,10,1205,1174,0,0,98,197,280,603,ATK@600+HEAL@1200
gauntlet/20261003-023912-scrim-g2nonav/replays/winkelmantanner.waffle__Islands__botB.bc24,winkelmantanner.waffle,1,B,g2nonav,1,1207,CAPTURE,3,914,585,13,0,0,0,0,73,49,145,275,9,15,1145,1404,18,0,58,239,603,280,ATK@600+HEAL@1200
gauntlet/20261003-023912-scrim-g2nonav/replays/quesswho.cretplayer2_3__Waterworld__botB.bc24,quesswho.cretplayer2_3,0,A,cretplayer2_3,0,1444,CAPTURE,1,367,248,11,0,3,15,0,279,0,7930,806,0,3,872,1075,0,4,81,143,249,1077,ATK@600+HEAL@1200
gauntlet/20261003-023912-scrim-g2nonav/replays/quesswho.cretplayer2_3__Waterworld__botB.bc24,quesswho.cretplayer2_3,1,B,g2nonav,1,1444,CAPTURE,3,875,361,33,0,0,0,0,197,63,45,225,11,2,782,992,24,0,66,393,1077,249,ATK@600+HEAL@1200
gauntlet/20261003-023912-scrim-g2nonav/replays/winkelmantanner.waffle__Soccer__botB.bc24,winkelmantanner.waffle,0,A,waffle,0,1533,CAPTURE,0,-1,267,37,0,0,0,0,13,15,3510,250,0,6,1193,921,0,0,78,220,322,1106,ATK@600+HEAL@1200
gauntlet/20261003-023912-scrim-g2nonav/replays/winkelmantanner.waffle__Soccer__botB.bc24,winkelmantanner.waffle,1,B,g2nonav,1,1533,CAPTURE,3,1036,803,17,0,0,0,0,22,38,178,178,6,17,1202,1462,15,0,43,340,1106,322,ATK@600+HEAL@1200
gauntlet/20261003-025235-scrim-g2nonav/losses/ColtG5.Goob_final__Snake__botA.bc24,ColtG5.Goob_final,1,A,g2nonav,0,913,CAPTURE,0,-1,285,1,0,0,0,0,198,78,615,284,12,5,1053,1099,24,0,214,274,394,245,ATK@600
gauntlet/20261003-025235-scrim-g2nonav/losses/ColtG5.Goob_final__Snake__botA.bc24,ColtG5.Goob_final,0,B,Goob_final,1,913,CAPTURE,3,360,294,12,0,0,0,0,152,0,10940,24250,0,7,891,604,13,0,137,350,245,394,ATK@600
gauntlet/20261003-023912-scrim-g2nonav/replays/winkelmantanner.waffle__Mountain__botB.bc24,winkelmantanner.waffle,0,A,waffle,0,2000,LEVEL_SUM,2,241,225,14,0,0,0,0,15,12,4850,2950,0,6,1001,856,0,0,90,273,457,1193,ATK@600+HEAL@1200+CAP@1800
gauntlet/20261003-023912-scrim-g2nonav/replays/winkelmantanner.waffle__Mountain__botB.bc24,winkelmantanner.waffle,1,B,g2nonav,1,2000,LEVEL_SUM,2,493,447,5,0,0,0,0,30,47,125,125,8,12,1026,1365,17,0,61,370,1193,457,ATK@600+HEAL@1200+CAP@1800
gauntlet/20261003-025235-scrim-g2nonav/losses/CyrilSharma.finalBot__AceOfSpades__botB.bc24,CyrilSharma.finalBot,0,A,finalBot,1,591,CAPTURE,3,425,251,11,0,0,0,55,15,2,2625,13091,11,2,1021,1130,0,0,204,281,101,91,
gauntlet/20261003-025235-scrim-g2nonav/losses/CyrilSharma.finalBot__AceOfSpades__botB.bc24,CyrilSharma.finalBot,1,B,g2nonav,0,591,CAPTURE,0,-1,300,1,0,0,0,0,13,32,145,145,5,17,885,1186,21,0,64,91,91,101,
gauntlet/20261003-025235-scrim-g2nonav/losses/CyrilSharma.finalBot__DefaultLarge__botA.bc24,CyrilSharma.finalBot,1,A,g2nonav,0,2000,MORE_FLAG_CAPTURES,0,-1,0,0,0,0,0,0,39,24,165,85,4,23,927,1282,10,0,39,189,584,632,ATK@600+HEAL@1200+CAP@1800
gauntlet/20261003-025235-scrim-g2nonav/losses/CyrilSharma.finalBot__DefaultLarge__botA.bc24,CyrilSharma.finalBot,0,B,finalBot,1,2000,MORE_FLAG_CAPTURES,1,462,313,32,0,0,0,60,6,0,2955,4105,12,3,1040,1205,0,0,170,582,632,584,ATK@600+HEAL@1200+CAP@1800
gauntlet/20261003-025235-scrim-g2nonav/losses/CyrilSharma.finalBot__YearOfTheDragon__botA.bc24,CyrilSharma.finalBot,1,A,g2nonav,0,2000,MORE_FLAG_CAPTURES,0,-1,0,0,0,0,0,0,11,108,625,275,11,3,990,1275,25,0,113,273,630,688,ATK@600+HEAL@1200+CAP@1800
gauntlet/20261003-025235-scrim-g2nonav/losses/CyrilSharma.finalBot__YearOfTheDragon__botA.bc24,CyrilSharma.finalBot,0,B,finalBot,1,2000,MORE_FLAG_CAPTURES,2,878,226,8,0,0,0,54,3,1,12081,9794,10,7,971,1164,0,0,153,693,688,630,ATK@600+HEAL@1200+CAP@1800
gauntlet/20261003-025235-scrim-g2nonav/losses/CyrilSharma.finalBot__QuestionableChess__botB.bc24,CyrilSharma.finalBot,0,A,finalBot,1,2000,MORE_FLAG_CAPTURES,1,251,211,1,0,0,0,41,32,0,696,27,8,4,817,1253,0,0,11,156,224,317,ATK@600+HEAL@1200+CAP@1800
gauntlet/20261003-025235-scrim-g2nonav/losses/CyrilSharma.finalBot__QuestionableChess__botB.bc24,CyrilSharma.finalBot,1,B,g2nonav,0,2000,MORE_FLAG_CAPTURES,0,-1,1601,4,0,0,0,0,63,3,110,130,0,7,877,1295,1,0,16,175,317,224,ATK@600+HEAL@1200+CAP@1800
gauntlet/20261003-025235-scrim-g2nonav/losses/Gymhgy.v10official__HeMustBeFreed__botB.bc24,Gymhgy.v10official,0,A,v10official,1,1424,CAPTURE,3,373,291,45,38,3,6,46,89,3,4494,10210,8,0,604,895,45,3,61,266,266,184,ATK@600+HEAL@1200
gauntlet/20261003-025235-scrim-g2nonav/losses/Gymhgy.v10official__HeMustBeFreed__botB.bc24,Gymhgy.v10official,1,B,g2nonav,0,1424,CAPTURE,1,621,367,10,0,0,0,0,118,15,10,40,2,9,636,885,2,0,22,76,184,266,ATK@600+HEAL@1200
gauntlet/20261003-025235-scrim-g2nonav/losses/Gymhgy.v10official__Diagonal__botA.bc24,Gymhgy.v10official,1,A,g2nonav,0,2000,LEVEL_SUM,0,-1,245,84,0,0,0,0,25,55,247,237,10,13,764,956,22,0,50,278,367,338,ATK@600+HEAL@1200+CAP@1800
gauntlet/20261003-025235-scrim-g2nonav/losses/Gymhgy.v10official__Diagonal__botA.bc24,Gymhgy.v10official,0,B,v10official,1,2000,LEVEL_SUM,0,-1,550,27,6,3,9,75,20,3,5335,75,14,19,759,1073,12,3,73,240,338,367,ATK@600+HEAL@1200+CAP@1800
gauntlet/20261003-025235-scrim-g2nonav/losses/Gymhgy.v10official__DefaultMedium__botB.bc24,Gymhgy.v10official,0,A,v10official,1,910,CAPTURE,3,337,277,90,63,3,12,86,51,3,2063,48,17,0,769,1163,9,3,54,117,147,166,ATK@600
gauntlet/20261003-025235-scrim-g2nonav/losses/Gymhgy.v10official__DefaultMedium__botB.bc24,Gymhgy.v10official,1,B,g2nonav,0,910,CAPTURE,0,-1,275,16,0,0,0,0,60,26,150,155,4,17,759,975,9,0,26,57,166,147,ATK@600
gauntlet/20261003-025235-scrim-g2nonav/losses/Gymhgy.v10official__Starfish__botB.bc24,Gymhgy.v10official,0,A,v10official,1,513,CAPTURE,3,342,329,15,7,3,19,22,189,2,43,31,3,0,900,1468,0,2,7,18,36,118,
gauntlet/20261003-025235-scrim-g2nonav/losses/Gymhgy.v10official__Starfish__botB.bc24,Gymhgy.v10official,1,B,g2nonav,0,513,CAPTURE,2,263,241,3,0,0,0,0,98,26,120,200,3,38,1360,1498,10,0,28,33,118,36,
gauntlet/20261003-025235-scrim-g2nonav/losses/Gymhgy.v10official__GravitationalWaves__botA.bc24,Gymhgy.v10official,1,A,g2nonav,0,2000,MORE_BREAD,0,-1,473,2,0,0,0,0,64,34,195,165,6,17,1140,1647,8,0,41,211,330,219,ATK@600+HEAL@1200+CAP@1800
gauntlet/20261003-025235-scrim-g2nonav/losses/Gymhgy.v10official__GravitationalWaves__botA.bc24,Gymhgy.v10official,0,B,v10official,1,2000,MORE_BREAD,0,-1,391,18,6,3,16,69,58,3,2939,649,13,1,946,1856,6,3,46,200,219,330,ATK@600+HEAL@1200+CAP@1800
gauntlet/20261003-025235-scrim-g2nonav/losses/IvanGeffner.kuma__Capacitance__botA.bc24,IvanGeffner.kuma,1,A,g2nonav,0,458,CAPTURE,1,270,251,3,0,0,0,0,18,45,150,280,8,5,950,1299,14,0,62,53,45,107,
gauntlet/20261003-025235-scrim-g2nonav/losses/IvanGeffner.kuma__Capacitance__botA.bc24,IvanGeffner.kuma,0,B,kuma,1,458,CAPTURE,3,246,234,22,13,0,0,90,19,0,3990,1210,18,2,1212,1297,5,0,116,101,107,45,
gauntlet/20261003-025235-scrim-g2nonav/losses/IvanGeffner.kuma__Alien__botA.bc24,IvanGeffner.kuma,1,A,g2nonav,0,1510,CAPTURE,0,-1,0,0,0,0,0,0,9,44,165,155,8,8,1060,1532,15,0,48,177,355,590,ATK@600+HEAL@1200
gauntlet/20261003-025235-scrim-g2nonav/losses/IvanGeffner.kuma__Alien__botA.bc24,IvanGeffner.kuma,0,B,kuma,1,1510,CAPTURE,3,271,241,21,11,0,0,90,15,0,3855,1365,18,3,1283,1519,5,0,116,479,590,355,ATK@600+HEAL@1200
gauntlet/20261003-025235-scrim-g2nonav/losses/IvanGeffner.kuma__StackGame__botB.bc24,IvanGeffner.kuma,0,A,kuma,1,346,CAPTURE,3,252,234,13,9,0,0,90,42,6,3685,1965,18,3,963,1011,6,0,93,71,50,24,
gauntlet/20261003-025235-scrim-g2nonav/losses/IvanGeffner.kuma__StackGame__botB.bc24,IvanGeffner.kuma,1,B,g2nonav,0,346,CAPTURE,0,-1,0,0,0,0,0,0,28,54,145,235,9,11,734,1216,14,0,56,35,24,50,
gauntlet/20261003-025235-scrim-g2nonav/losses/IvanGeffner.kuma__BigDucksBigPond__botA.bc24,IvanGeffner.kuma,1,A,g2nonav,0,2000,MORE_FLAG_CAPTURES,0,-1,0,0,0,0,0,0,101,34,165,145,5,12,1009,1551,16,0,65,245,457,812,ATK@600+HEAL@1200+CAP@1800
gauntlet/20261003-025235-scrim-g2nonav/losses/IvanGeffner.kuma__BigDucksBigPond__botA.bc24,IvanGeffner.kuma,0,B,kuma,1,2000,MORE_FLAG_CAPTURES,2,358,276,5,2,0,0,90,116,5,2360,1375,18,4,1167,1509,9,0,96,662,812,457,ATK@600+HEAL@1200+CAP@1800
gauntlet/20261003-025235-scrim-g2nonav/losses/NotLLeon.v3__Decision__botB.bc24,NotLLeon.v3,0,A,v3,1,808,CAPTURE,3,453,285,34,8,0,0,0,49,0,2830,100,0,5,851,1104,0,0,51,90,104,144,ATK@600
gauntlet/20261003-025235-scrim-g2nonav/losses/NotLLeon.v3__Decision__botB.bc24,NotLLeon.v3,1,B,g2nonav,0,808,CAPTURE,1,509,324,12,0,0,0,0,84,14,155,150,2,2,847,1240,3,0,29,84,144,104,ATK@600
gauntlet/20261003-025235-scrim-g2nonav/losses/NotLLeon.v3__Duck__botB.bc24,NotLLeon.v3,0,A,v3,1,607,CAPTURE,3,395,249,24,3,0,0,0,2,0,5240,220,0,2,880,934,0,0,74,98,102,69,ATK@600
gauntlet/20261003-025235-scrim-g2nonav/losses/NotLLeon.v3__Duck__botB.bc24,NotLLeon.v3,1,B,g2nonav,0,607,CAPTURE,1,604,254,16,0,0,0,0,43,34,150,145,5,0,780,1061,8,0,49,41,69,102,ATK@600
gauntlet/20261003-025235-scrim-g2nonav/losses/IvanGeffner.kuma__Diagonal__botB.bc24,IvanGeffner.kuma,0,A,kuma,1,2000,LEVEL_SUM,0,-1,407,27,15,0,0,90,27,15,3797,2017,18,2,807,761,8,0,104,313,365,302,ATK@600+HEAL@1200+CAP@1800
gauntlet/20261003-025235-scrim-g2nonav/losses/IvanGeffner.kuma__Diagonal__botB.bc24,IvanGeffner.kuma,1,B,g2nonav,0,2000,LEVEL_SUM,0,-1,297,2,0,0,0,0,27,57,199,209,9,25,565,904,23,0,49,217,302,365,ATK@600+HEAL@1200+CAP@1800
gauntlet/20261003-025235-scrim-g2nonav/losses/IvanGeffner.kuma__Randy__botB.bc24,IvanGeffner.kuma,0,A,kuma,1,2000,LEVEL_SUM,0,-1,226,36,21,0,0,76,9,10,3261,2555,14,11,1085,901,10,0,143,430,530,430,ATK@600+HEAL@1200+CAP@1800
gauntlet/20261003-025235-scrim-g2nonav/losses/IvanGeffner.kuma__Randy__botB.bc24,IvanGeffner.kuma,1,B,g2nonav,0,2000,LEVEL_SUM,0,-1,241,5,0,0,0,0,6,49,160,240,8,7,830,1162,17,0,66,220,430,530,ATK@600+HEAL@1200+CAP@1800
gauntlet/20261003-025235-scrim-g2nonav/losses/NotLLeon.v3__Foxes__botB.bc24,NotLLeon.v3,0,A,v3,1,1989,CAPTURE,3,658,308,48,11,0,0,0,5,0,9750,4600,0,3,1034,907,0,0,129,393,698,645,ATK@600+HEAL@1200+CAP@1800
gauntlet/20261003-025235-scrim-g2nonav/losses/NotLLeon.v3__Foxes__botB.bc24,NotLLeon.v3,1,B,g2nonav,0,1989,CAPTURE,0,-1,480,16,0,0,0,0,16,77,630,230,12,19,799,937,25,0,84,314,645,698,ATK@600+HEAL@1200+CAP@1800
gauntlet/20261003-025235-scrim-g2nonav/losses/NotLLeon.v3__FloodGates__botA.bc24,NotLLeon.v3,1,A,g2nonav,0,2000,MORE_FLAG_CAPTURES,1,630,514,4,0,0,0,0,3,27,150,130,4,14,707,1160,6,0,41,165,383,386,ATK@600+HEAL@1200+CAP@1800
gauntlet/20261003-025235-scrim-g2nonav/losses/NotLLeon.v3__FloodGates__botA.bc24,NotLLeon.v3,0,B,v3,1,2000,MORE_FLAG_CAPTURES,2,1159,503,29,13,0,0,0,3,0,2810,2540,0,4,730,849,0,0,51,201,386,383,ATK@600+HEAL@1200+CAP@1800
gauntlet/20261003-025235-scrim-g2nonav/losses/SampleProvider.TSPAARKSPRINT1__English__botA.bc24,SampleProvider.TSPAARKSPRINT1,1,A,g2nonav,0,1161,CAPTURE,2,571,307,32,0,0,0,0,166,70,155,295,12,3,760,655,24,0,57,183,260,108,ATK@600
gauntlet/20261003-025235-scrim-g2nonav/losses/SampleProvider.TSPAARKSPRINT1__English__botA.bc24,SampleProvider.TSPAARKSPRINT1,0,B,TSPAARKSPRINT1,1,1161,CAPTURE,3,335,248,25,0,3,70,0,295,5,3950,10,0,8,449,829,3,23,7,46,108,260,ATK@600
gauntlet/20261003-025235-scrim-g2nonav/losses/Strequals.duck0127v5__Canals__botA.bc24,Strequals.duck0127v5,1,A,g2nonav,0,937,CAPTURE,0,-1,0,0,0,0,0,0,0,62,245,255,11,21,851,1430,19,0,58,112,125,367,ATK@600
gauntlet/20261003-025235-scrim-g2nonav/losses/Strequals.duck0127v5__Canals__botA.bc24,Strequals.duck0127v5,0,B,duck0127v5,1,937,CAPTURE,3,464,419,24,0,0,0,90,53,4,4066,3541,18,3,1164,1475,0,3,114,332,367,125,ATK@600
gauntlet/20261003-025235-scrim-g2nonav/losses/NotLLeon.v3__Rainbow__botA.bc24,NotLLeon.v3,1,A,g2nonav,0,1891,CAPTURE,1,1373,477,20,0,0,0,0,49,55,190,200,10,2,734,1247,20,0,60,328,654,525,ATK@600+HEAL@1200+CAP@1800
gauntlet/20261003-025235-scrim-g2nonav/losses/NotLLeon.v3__Rainbow__botA.bc24,NotLLeon.v3,0,B,v3,1,1891,CAPTURE,3,350,289,63,10,0,0,0,13,0,8010,4820,0,3,924,1081,0,0,100,330,525,654,ATK@600+HEAL@1200+CAP@1800
gauntlet/20261003-025235-scrim-g2nonav/losses/NotLLeon.v3__Hurricane__botB.bc24,NotLLeon.v3,0,A,v3,1,2000,MORE_FLAG_CAPTURES,1,1293,221,147,4,0,0,0,68,0,4860,1040,0,5,625,701,0,0,66,245,318,577,ATK@600+HEAL@1200+CAP@1800
gauntlet/20261003-025235-scrim-g2nonav/losses/NotLLeon.v3__Hurricane__botB.bc24,NotLLeon.v3,1,B,g2nonav,0,2000,MORE_FLAG_CAPTURES,0,-1,296,47,0,0,0,0,63,42,145,165,8,4,590,782,11,0,57,308,577,318,ATK@600+HEAL@1200+CAP@1800
gauntlet/20261003-025235-scrim-g2nonav/losses/Strequals.duck0127v5__Skyline__botB.bc24,Strequals.duck0127v5,0,A,duck0127v5,1,855,CAPTURE,3,539,415,11,0,0,0,83,61,45,18677,18389,17,11,1037,1348,0,2,124,222,178,141,ATK@600
gauntlet/20261003-025235-scrim-g2nonav/losses/Strequals.duck0127v5__Skyline__botB.bc24,Strequals.duck0127v5,1,B,g2nonav,0,855,CAPTURE,2,324,285,10,0,0,0,0,103,102,9070,296,9,6,893,1349,24,0,184,225,141,178,ATK@600
gauntlet/20261003-025235-scrim-g2nonav/losses/Strequals.duck0127v5__Soccer__botA.bc24,Strequals.duck0127v5,1,A,g2nonav,0,649,CAPTURE,1,461,263,13,0,0,0,0,16,41,195,150,7,5,806,1363,10,0,42,50,72,131,ATK@600
gauntlet/20261003-025235-scrim-g2nonav/losses/Strequals.duck0127v5__Soccer__botA.bc24,Strequals.duck0127v5,0,B,duck0127v5,1,649,CAPTURE,3,454,378,8,0,0,0,90,23,2,3260,2235,18,1,1074,1275,0,2,64,159,131,72,ATK@600
gauntlet/20261003-025235-scrim-g2nonav/losses/andli28.v9_USQuals_angle__AceOfSpades__botB.bc24,andli28.v9_USQuals_angle,0,A,v9_USQuals_angle,1,959,CAPTURE,3,318,237,48,0,0,0,75,3,9,2279,16639,16,12,1047,1132,21,3,124,364,355,237,ATK@600
gauntlet/20261003-025235-scrim-g2nonav/losses/andli28.v9_USQuals_angle__AceOfSpades__botB.bc24,andli28.v9_USQuals_angle,1,B,g2nonav,0,959,CAPTURE,2,617,249,11,0,0,0,0,10,33,155,100,5,1,908,1356,11,0,59,126,237,355,ATK@600
gauntlet/20261003-025235-scrim-g2nonav/losses/andli28.v9_USQuals_angle__Occulus__botA.bc24,andli28.v9_USQuals_angle,1,A,g2nonav,0,1528,CAPTURE,0,-1,584,1,0,0,0,0,15,36,125,145,6,2,984,1770,10,0,43,163,280,632,ATK@600+HEAL@1200
gauntlet/20261003-025235-scrim-g2nonav/losses/andli28.v9_USQuals_angle__Occulus__botA.bc24,andli28.v9_USQuals_angle,0,B,v9_USQuals_angle,1,1528,CAPTURE,3,343,298,18,0,0,0,75,11,11,1899,7464,16,6,1181,1375,9,3,75,549,632,280,ATK@600+HEAL@1200
gauntlet/20261003-025235-scrim-g2nonav/losses/andli28.v9_USQuals_angle__Gated__botA.bc24,andli28.v9_USQuals_angle,1,A,g2nonav,0,2000,MORE_FLAG_CAPTURES,0,-1,1341,5,0,0,0,0,30,27,185,110,4,11,886,1390,5,0,46,254,530,652,ATK@600+HEAL@1200+CAP@1800
gauntlet/20261003-025235-scrim-g2nonav/losses/andli28.v9_USQuals_angle__Gated__botA.bc24,andli28.v9_USQuals_angle,0,B,v9_USQuals_angle,1,2000,MORE_FLAG_CAPTURES,2,307,263,28,0,0,0,87,17,6,1605,2165,18,4,1074,1164,0,3,84,459,652,530,ATK@600+HEAL@1200+CAP@1800
gauntlet/20261003-025235-scrim-g2nonav/losses/andli28.v9_USQuals_angle__Funnel__botB.bc24,andli28.v9_USQuals_angle,0,A,v9_USQuals_angle,1,2000,MORE_FLAG_CAPTURES,2,496,391,25,0,0,0,90,8,7,2630,3740,18,3,1128,1347,10,3,105,295,592,170,ATK@600+HEAL@1200+CAP@1800
gauntlet/20261003-025235-scrim-g2nonav/losses/andli28.v9_USQuals_angle__Funnel__botB.bc24,andli28.v9_USQuals_angle,1,B,g2nonav,0,2000,MORE_FLAG_CAPTURES,1,755,314,5,0,0,0,0,29,33,175,140,5,5,918,1180,7,0,55,118,170,592,ATK@600+HEAL@1200+CAP@1800
gauntlet/20261003-025235-scrim-g2nonav/losses/andli28.v9_USQuals_angle__QuestionableChess__botA.bc24,andli28.v9_USQuals_angle,1,A,g2nonav,0,1851,CAPTURE,0,-1,395,2,0,0,0,0,56,5,120,80,1,6,915,1672,1,0,17,216,543,679,ATK@600+HEAL@1200+CAP@1800
gauntlet/20261003-025235-scrim-g2nonav/losses/andli28.v9_USQuals_angle__QuestionableChess__botA.bc24,andli28.v9_USQuals_angle,0,B,v9_USQuals_angle,1,1851,CAPTURE,3,1403,381,35,0,0,0,45,41,4,23,40,8,11,1043,1324,0,2,19,392,679,543,ATK@600+HEAL@1200+CAP@1800
gauntlet/20261003-025235-scrim-g2nonav/losses/andli28.v9_USQuals_angle__SteamboatMickey__botB.bc24,andli28.v9_USQuals_angle,0,A,v9_USQuals_angle,1,2000,LEVEL_SUM,2,404,317,17,0,0,0,89,3,6,7864,17764,18,9,1044,1211,18,3,101,713,731,403,ATK@600+HEAL@1200+CAP@1800
gauntlet/20261003-025235-scrim-g2nonav/losses/andli28.v9_USQuals_angle__SteamboatMickey__botB.bc24,andli28.v9_USQuals_angle,1,B,g2nonav,0,2000,LEVEL_SUM,2,1489,216,15,0,0,0,0,8,75,630,220,11,7,1005,1389,24,0,82,263,403,731,ATK@600+HEAL@1200+CAP@1800
gauntlet/20261003-025235-scrim-g2nonav/losses/andrewgopher.player22__StackGame__botA.bc24,andrewgopher.player22,1,A,g2nonav,0,651,CAPTURE,0,-1,517,4,0,0,0,0,33,50,175,195,9,34,1070,1678,14,0,58,75,208,195,ATK@600
gauntlet/20261003-025235-scrim-g2nonav/losses/andrewgopher.player22__StackGame__botA.bc24,andrewgopher.player22,0,B,player22,1,651,CAPTURE,3,391,268,11,0,3,0,0,52,0,5440,40,0,3,1506,759,1,0,92,136,195,208,ATK@600
gauntlet/20261003-025235-scrim-g2nonav/losses/andrewgopher.player22__Yinyang__botB.bc24,andrewgopher.player22,0,A,player22,1,1052,CAPTURE,3,280,257,24,0,3,0,0,0,0,5300,90,0,1,1463,785,0,0,81,245,620,488,ATK@600
gauntlet/20261003-025235-scrim-g2nonav/losses/andrewgopher.player22__Yinyang__botB.bc24,andrewgopher.player22,1,B,g2nonav,0,1052,CAPTURE,2,581,560,2,0,0,0,0,0,45,205,245,8,18,1067,1692,15,0,46,140,488,620,ATK@600
gauntlet/20261003-025235-scrim-g2nonav/losses/andrewgopher.player22__Snake__botA.bc24,andrewgopher.player22,1,A,g2nonav,0,1959,CAPTURE,0,-1,247,11,0,0,0,0,180,83,680,576,12,14,963,1274,24,0,248,451,895,932,ATK@600+HEAL@1200+CAP@1800
gauntlet/20261003-025235-scrim-g2nonav/losses/andrewgopher.player22__Snake__botA.bc24,andrewgopher.player22,0,B,player22,1,1959,CAPTURE,3,548,386,10,0,3,0,0,132,0,11540,21830,0,1,907,404,66,0,87,592,932,895,ATK@600+HEAL@1200+CAP@1800
gauntlet/20261003-025235-scrim-g2nonav/losses/andrewgopher.player22__WheresMyWater__botA.bc24,andrewgopher.player22,1,A,g2nonav,0,2000,MORE_FLAG_CAPTURES,1,595,500,2,0,0,0,0,54,28,165,175,5,3,1031,1680,11,0,44,240,1087,1192,ATK@600+HEAL@1200+CAP@1800
gauntlet/20261003-025235-scrim-g2nonav/losses/andrewgopher.player22__WheresMyWater__botA.bc24,andrewgopher.player22,0,B,player22,1,2000,MORE_FLAG_CAPTURES,2,228,214,7,0,3,0,0,101,0,2370,10,0,1,1354,509,9,0,56,457,1192,1087,ATK@600+HEAL@1200+CAP@1800
gauntlet/20261003-025235-scrim-g2nonav/losses/chenyx512.flagbot_final__Alligator__botA.bc24,chenyx512.flagbot_final,1,A,g2nonav,0,1331,CAPTURE,0,-1,405,5,0,0,0,0,51,34,135,175,6,5,1126,1608,12,0,57,171,178,722,ATK@600+HEAL@1200
gauntlet/20261003-025235-scrim-g2nonav/losses/chenyx512.flagbot_final__Alligator__botA.bc24,chenyx512.flagbot_final,0,B,flagbot_final,1,1331,CAPTURE,3,803,741,27,0,3,38,90,135,5,194,3794,18,3,1165,1835,0,0,102,485,722,178,ATK@600+HEAL@1200
gauntlet/20261003-025235-scrim-g2nonav/losses/chenyx512.flagbot_final__Bunkers__botA.bc24,chenyx512.flagbot_final,1,A,g2nonav,0,996,CAPTURE,0,-1,604,5,0,0,0,0,26,39,190,165,6,23,1157,1996,9,0,52,104,80,479,ATK@600
gauntlet/20261003-025235-scrim-g2nonav/losses/chenyx512.flagbot_final__Bunkers__botA.bc24,chenyx512.flagbot_final,0,B,flagbot_final,1,996,CAPTURE,3,573,529,9,0,3,47,90,122,2,150,20,18,2,1343,2067,0,0,46,238,479,80,ATK@600
gauntlet/20261003-025235-scrim-g2nonav/losses/chenyx512.flagbot_final__KingQuacksCastle__botB.bc24,chenyx512.flagbot_final,0,A,flagbot_final,1,754,CAPTURE,3,529,315,14,0,3,42,90,80,0,306,4786,18,5,1304,1676,0,0,153,262,247,27,ATK@600
gauntlet/20261003-025235-scrim-g2nonav/losses/chenyx512.flagbot_final__KingQuacksCastle__botB.bc24,chenyx512.flagbot_final,1,B,g2nonav,0,754,CAPTURE,0,-1,264,4,0,0,0,0,28,29,135,120,4,16,951,1541,3,0,43,83,27,247,ATK@600
gauntlet/20261003-025235-scrim-g2nonav/losses/chenyx512.flagbot_final__OceanFloor__botB.bc24,chenyx512.flagbot_final,0,A,flagbot_final,1,604,CAPTURE,3,368,263,8,0,3,51,90,75,3,165,75,18,0,1006,1459,0,0,45,71,111,33,ATK@600
gauntlet/20261003-025235-scrim-g2nonav/losses/chenyx512.flagbot_final__OceanFloor__botB.bc24,chenyx512.flagbot_final,1,B,g2nonav,0,604,CAPTURE,0,-1,249,11,0,0,0,0,42,24,135,155,4,17,807,1126,2,0,42,56,33,111,ATK@600
gauntlet/20261003-025235-scrim-g2nonav/losses/chenyx512.flagbot_final__CH3353C4K3F4CT0RY__botB.bc24,chenyx512.flagbot_final,0,A,flagbot_final,1,843,CAPTURE,3,402,284,17,0,3,42,90,117,0,10544,8744,18,4,910,1407,0,0,192,365,295,85,ATK@600
gauntlet/20261003-025235-scrim-g2nonav/losses/chenyx512.flagbot_final__CH3353C4K3F4CT0RY__botB.bc24,chenyx512.flagbot_final,1,B,g2nonav,0,843,CAPTURE,1,365,321,9,0,0,0,0,8,109,3170,270,12,2,805,1192,24,0,138,186,85,295,ATK@600
gauntlet/20261003-025235-scrim-g2nonav/losses/dmtrung14.defaultplayer_intlqualifier__OceanFloor__botB.bc24,dmtrung14.defaultplayer_intlqualifier,0,A,defaultplayer_intlqualifier,1,529,CAPTURE,3,277,224,52,42,3,17,0,53,15,10,110,0,2,280,842,5,15,10,31,14,140,
gauntlet/20261003-025235-scrim-g2nonav/losses/dmtrung14.defaultplayer_intlqualifier__OceanFloor__botB.bc24,dmtrung14.defaultplayer_intlqualifier,1,B,g2nonav,0,529,CAPTURE,1,432,259,4,0,0,0,0,32,26,145,135,4,3,1148,390,3,0,47,42,140,14,
gauntlet/20261003-025235-scrim-g2nonav/losses/hsmalladi.finalbot__HungerGames__botB.bc24,hsmalladi.finalbot,0,A,finalbot,1,340,CAPTURE,3,307,267,13,3,3,20,32,17,0,2074,7569,6,1,706,664,3,5,163,147,43,40,
gauntlet/20261003-025235-scrim-g2nonav/losses/hsmalladi.finalbot__HungerGames__botB.bc24,hsmalladi.finalbot,1,B,g2nonav,0,340,CAPTURE,0,-1,242,1,0,0,0,0,19,24,205,35,4,0,575,756,18,0,68,55,40,43,
gauntlet/20261003-025235-scrim-g2nonav/losses/hsmalladi.finalbot__BreadPudding__botB.bc24,hsmalladi.finalbot,0,A,finalbot,1,2000,MORE_FLAG_CAPTURES,2,448,269,50,17,3,21,45,40,0,3082,166,9,2,1049,987,4,3,49,312,710,694,ATK@600+HEAL@1200+CAP@1800
gauntlet/20261003-025235-scrim-g2nonav/losses/hsmalladi.finalbot__BreadPudding__botB.bc24,hsmalladi.finalbot,1,B,g2nonav,0,2000,MORE_FLAG_CAPTURES,0,-1,460,23,0,0,0,0,41,30,150,225,4,1,905,1494,12,0,40,216,694,710,ATK@600+HEAL@1200+CAP@1800
gauntlet/20261003-025235-scrim-g2nonav/losses/hsmalladi.finalbot__Hurricane__botA.bc24,hsmalladi.finalbot,1,A,g2nonav,0,2000,MORE_FLAG_CAPTURES,0,-1,468,1,0,0,0,0,64,39,165,135,7,22,820,1166,13,0,45,231,668,251,ATK@600+HEAL@1200+CAP@1800
gauntlet/20261003-025235-scrim-g2nonav/losses/hsmalladi.finalbot__Hurricane__botA.bc24,hsmalladi.finalbot,0,B,finalbot,1,2000,MORE_FLAG_CAPTURES,1,405,221,92,8,3,86,60,57,8,3527,92,12,0,788,618,0,2,58,248,251,668,ATK@600+HEAL@1200+CAP@1800
gauntlet/20261003-025235-scrim-g2nonav/losses/jmerle.camel_case_v21_final__HungerGames__botB.bc24,jmerle.camel_case_v21_final,0,A,camel_case_v21_final,1,292,CAPTURE,3,255,221,6,0,0,0,0,5,0,2950,12920,0,7,639,296,0,0,161,125,51,20,
gauntlet/20261003-025235-scrim-g2nonav/losses/jmerle.camel_case_v21_final__HungerGames__botB.bc24,jmerle.camel_case_v21_final,1,B,g2nonav,0,292,CAPTURE,0,-1,231,1,0,0,0,0,20,24,165,265,4,0,306,405,1,0,38,37,20,51,
gauntlet/20261003-025235-scrim-g2nonav/losses/hsmalladi.finalbot__StackGame__botA.bc24,hsmalladi.finalbot,1,A,g2nonav,0,576,CAPTURE,0,-1,0,0,0,0,0,0,34,51,195,210,9,16,1124,1773,16,0,60,85,176,112,
gauntlet/20261003-025235-scrim-g2nonav/losses/hsmalladi.finalbot__StackGame__botA.bc24,hsmalladi.finalbot,0,B,finalbot,1,576,CAPTURE,3,269,228,28,6,3,23,60,60,4,3942,152,12,0,1204,1048,8,3,57,85,112,176,
gauntlet/20261003-025235-scrim-g2nonav/losses/hsmalladi.finalbot__Puzzle__botA.bc24,hsmalladi.finalbot,1,A,g2nonav,0,940,CAPTURE,1,643,243,8,0,0,0,0,3,22,150,260,3,2,766,995,22,0,86,146,323,189,ATK@600
gauntlet/20261003-025235-scrim-g2nonav/losses/hsmalladi.finalbot__Puzzle__botA.bc24,hsmalladi.finalbot,0,B,finalbot,1,940,CAPTURE,3,389,259,74,11,3,27,0,79,0,30,4880,0,1,836,647,0,2,118,151,189,323,ATK@600
gauntlet/20261003-025235-scrim-g2nonav/losses/jmerle.camel_case_v21_final__GravitationalWaves__botB.bc24,jmerle.camel_case_v21_final,0,A,camel_case_v21_final,1,2000,MORE_FLAG_CAPTURES,1,785,429,11,0,0,0,0,79,0,3730,2350,0,11,1097,796,0,0,49,150,560,601,ATK@600+HEAL@1200+CAP@1800
gauntlet/20261003-025235-scrim-g2nonav/losses/jmerle.camel_case_v21_final__GravitationalWaves__botB.bc24,jmerle.camel_case_v21_final,1,B,g2nonav,0,2000,MORE_FLAG_CAPTURES,0,-1,340,18,0,0,0,0,67,33,193,143,5,21,808,1650,10,0,45,190,601,560,ATK@600+HEAL@1200+CAP@1800
gauntlet/20261003-025235-scrim-g2nonav/losses/hsmalladi.finalbot__TwistedTreeline__botA.bc24,hsmalladi.finalbot,1,A,g2nonav,0,2000,MORE_FLAG_CAPTURES,1,601,257,7,0,0,0,0,64,23,125,165,4,12,1050,1279,6,0,42,235,780,768,ATK@600+HEAL@1200+CAP@1800
gauntlet/20261003-025235-scrim-g2nonav/losses/hsmalladi.finalbot__TwistedTreeline__botA.bc24,hsmalladi.finalbot,0,B,finalbot,1,2000,MORE_FLAG_CAPTURES,2,458,271,40,4,3,17,43,59,0,2135,70,8,3,1121,1065,1,0,44,370,768,780,ATK@600+HEAL@1200+CAP@1800
gauntlet/20261003-025235-scrim-g2nonav/losses/jmerle.camel_case_v21_final__Starfish__botB.bc24,jmerle.camel_case_v21_final,0,A,camel_case_v21_final,1,442,CAPTURE,3,250,226,6,0,0,0,0,216,0,20,20,0,9,1416,404,0,0,15,24,106,170,
gauntlet/20261003-025235-scrim-g2nonav/losses/jmerle.camel_case_v21_final__Starfish__botB.bc24,jmerle.camel_case_v21_final,1,B,g2nonav,0,442,CAPTURE,0,-1,238,3,0,0,0,0,100,25,159,64,3,10,1155,1487,10,0,37,46,170,106,
gauntlet/20261003-025235-scrim-g2nonav/losses/quesswho.cretplayer2_3__Battlefield__botB.bc24,quesswho.cretplayer2_3,0,A,cretplayer2_3,1,384,CAPTURE,3,263,218,18,0,3,7,0,39,0,4930,950,0,9,1095,793,0,6,52,52,56,137,
gauntlet/20261003-025235-scrim-g2nonav/losses/quesswho.cretplayer2_3__Battlefield__botB.bc24,quesswho.cretplayer2_3,1,B,g2nonav,0,384,CAPTURE,1,250,230,2,0,0,0,0,30,46,205,285,8,1,1385,1297,10,0,64,49,137,56,
gauntlet/20261003-025235-scrim-g2nonav/losses/kyleezz.jeeryfix3__Skyline__botA.bc24,kyleezz.jeeryfix3,1,A,g2nonav,0,423,CAPTURE,0,-1,279,1,0,0,0,0,102,99,9425,285,9,17,1276,1257,24,0,194,188,151,70,
gauntlet/20261003-025235-scrim-g2nonav/losses/kyleezz.jeeryfix3__Skyline__botA.bc24,kyleezz.jeeryfix3,0,B,jeeryfix3,1,423,CAPTURE,3,353,310,13,0,0,0,0,177,11,17590,14890,0,2,1118,652,0,0,185,143,70,151,
gauntlet/20261003-025235-scrim-g2nonav/losses/jmerle.camel_case_v21_final__Hurricane__botA.bc24,jmerle.camel_case_v21_final,1,A,g2nonav,0,2000,MORE_FLAG_CAPTURES,0,-1,207,41,0,0,0,0,57,44,165,150,7,21,637,984,12,0,52,300,579,377,ATK@600+HEAL@1200+CAP@1800
gauntlet/20261003-025235-scrim-g2nonav/losses/jmerle.camel_case_v21_final__Hurricane__botA.bc24,jmerle.camel_case_v21_final,0,B,camel_case_v21_final,1,2000,MORE_FLAG_CAPTURES,1,1911,216,33,0,0,0,0,47,1,5390,4360,0,7,951,326,0,0,68,257,377,579,ATK@600+HEAL@1200+CAP@1800
gauntlet/20261003-025235-scrim-g2nonav/losses/kyleezz.jeeryfix3__Hurricane__botB.bc24,kyleezz.jeeryfix3,0,A,jeeryfix3,1,2000,MORE_FLAG_CAPTURES,1,1356,219,22,0,0,0,0,175,0,1650,500,0,9,738,346,0,0,36,149,159,606,ATK@600+CAP@1200+HEAL@1800
gauntlet/20261003-025235-scrim-g2nonav/losses/kyleezz.jeeryfix3__Hurricane__botB.bc24,kyleezz.jeeryfix3,1,B,g2nonav,0,2000,MORE_FLAG_CAPTURES,0,-1,221,33,0,0,0,0,60,41,200,230,7,4,734,806,12,0,62,233,606,159,ATK@600+HEAL@1200+CAP@1800
gauntlet/20261003-025235-scrim-g2nonav/losses/quesswho.cretplayer2_3__Canals__botA.bc24,quesswho.cretplayer2_3,1,A,g2nonav,0,927,CAPTURE,1,451,377,5,0,0,0,0,0,62,180,245,10,2,966,1065,20,0,59,108,344,234,ATK@600
gauntlet/20261003-025235-scrim-g2nonav/losses/quesswho.cretplayer2_3__Canals__botA.bc24,quesswho.cretplayer2_3,0,B,cretplayer2_3,1,927,CAPTURE,3,354,243,28,0,3,19,0,0,0,7000,980,0,3,1040,1047,0,3,81,151,234,344,ATK@600
gauntlet/20261003-025235-scrim-g2nonav/losses/quesswho.cretplayer2_3__Capacitance__botA.bc24,quesswho.cretplayer2_3,1,A,g2nonav,0,512,CAPTURE,1,328,217,5,0,0,0,0,16,45,195,260,8,2,675,942,17,0,65,69,89,38,
gauntlet/20261003-025235-scrim-g2nonav/losses/quesswho.cretplayer2_3__Capacitance__botA.bc24,quesswho.cretplayer2_3,0,B,cretplayer2_3,1,512,CAPTURE,3,262,226,9,0,3,8,0,20,0,5400,720,0,2,730,715,0,7,72,83,38,89,
gauntlet/20261003-025235-scrim-g2nonav/losses/quesswho.cretplayer2_3__KingQuacksCastle__botB.bc24,quesswho.cretplayer2_3,0,A,cretplayer2_3,1,822,CAPTURE,3,332,237,37,0,3,44,0,29,0,3130,1010,0,4,1119,1075,0,4,101,170,258,286,ATK@600
gauntlet/20261003-025235-scrim-g2nonav/losses/quesswho.cretplayer2_3__KingQuacksCastle__botB.bc24,quesswho.cretplayer2_3,1,B,g2nonav,0,822,CAPTURE,1,597,369,11,0,0,0,0,31,28,130,120,4,1,1005,1182,7,0,42,67,286,258,ATK@600
gauntlet/20261003-025235-scrim-g2nonav/losses/quesswho.cretplayer2_3__Tunnels__botB.bc24,quesswho.cretplayer2_3,0,A,cretplayer2_3,1,568,CAPTURE,3,343,326,19,0,3,18,0,56,0,3120,970,0,45,845,1017,0,7,32,40,103,160,
gauntlet/20261003-025235-scrim-g2nonav/losses/quesswho.cretplayer2_3__Tunnels__botB.bc24,quesswho.cretplayer2_3,1,B,g2nonav,0,568,CAPTURE,0,-1,249,11,0,0,0,0,61,24,155,145,4,20,1037,1087,9,0,48,48,160,103,
gauntlet/20261003-025235-scrim-g2nonav/losses/winkelmantanner.waffle__BedWars__botA.bc24,winkelmantanner.waffle,1,A,g2nonav,0,706,CAPTURE,2,512,488,5,0,0,0,0,0,41,180,50,7,11,490,521,9,0,32,35,167,48,ATK@600
gauntlet/20261003-025235-scrim-g2nonav/losses/winkelmantanner.waffle__BedWars__botA.bc24,winkelmantanner.waffle,0,B,waffle,1,706,CAPTURE,3,397,362,17,0,0,0,0,0,3,4500,1400,0,4,358,483,0,0,19,46,48,167,ATK@600
gauntlet/20261003-025235-scrim-g2nonav/losses/quesswho.cretplayer2_3__OceanFloor__botA.bc24,quesswho.cretplayer2_3,1,A,g2nonav,0,1044,CAPTURE,2,849,336,10,0,0,0,0,37,24,185,135,4,2,558,813,3,0,43,55,89,42,ATK@600
gauntlet/20261003-025235-scrim-g2nonav/losses/quesswho.cretplayer2_3__OceanFloor__botA.bc24,quesswho.cretplayer2_3,0,B,cretplayer2_3,1,1044,CAPTURE,3,350,243,9,0,3,50,0,23,0,3110,940,0,3,527,663,0,3,28,65,42,89,ATK@600
gauntlet/20261003-025235-scrim-g2nonav/losses/winkelmantanner.waffle__Gauntlet__botB.bc24,winkelmantanner.waffle,0,A,waffle,1,664,CAPTURE,3,375,247,25,0,0,0,0,27,3,3390,2940,0,8,1090,1001,0,0,88,120,194,150,ATK@600
gauntlet/20261003-025235-scrim-g2nonav/losses/winkelmantanner.waffle__Gauntlet__botB.bc24,winkelmantanner.waffle,1,B,g2nonav,0,664,CAPTURE,1,635,290,7,0,0,0,0,57,23,155,25,4,1,779,773,7,0,28,50,150,194,ATK@600
gauntlet/20261003-025235-scrim-g2nonav/losses/winkelmantanner.waffle__StackGame__botB.bc24,winkelmantanner.waffle,0,A,waffle,1,329,CAPTURE,3,279,219,14,0,0,0,0,34,24,3580,940,1,7,851,614,0,0,81,71,58,68,
gauntlet/20261003-025235-scrim-g2nonav/losses/winkelmantanner.waffle__StackGame__botB.bc24,winkelmantanner.waffle,1,B,g2nonav,0,329,CAPTURE,0,-1,0,0,0,0,0,0,32,49,210,220,8,0,753,732,15,0,49,43,68,58,
gauntlet/20261003-025235-scrim-g2nonav/losses/winkelmantanner.waffle__Skyline__botA.bc24,winkelmantanner.waffle,1,A,g2nonav,0,452,CAPTURE,0,-1,262,6,0,0,0,0,104,101,9090,186,9,2,911,829,24,0,189,150,85,97,
gauntlet/20261003-025235-scrim-g2nonav/losses/winkelmantanner.waffle__Skyline__botA.bc24,winkelmantanner.waffle,0,B,waffle,1,452,CAPTURE,3,336,245,14,0,0,0,0,59,55,16753,12203,2,4,1053,993,0,0,250,235,97,85,
gauntlet/20261003-025235-scrim-g2nonav/replays/ColtG5.Goob_final__BigDucksBigPond__botB.bc24,ColtG5.Goob_final,0,A,Goob_final,0,1749,CAPTURE,1,330,269,2,0,0,0,0,121,0,3770,10,0,5,1170,970,11,0,66,234,390,1372,ATK@600+HEAL@1200
gauntlet/20261003-025235-scrim-g2nonav/replays/ColtG5.Goob_final__BigDucksBigPond__botB.bc24,ColtG5.Goob_final,1,B,g2nonav,1,1749,CAPTURE,3,1255,456,8,0,0,0,0,91,37,140,145,6,2,1184,1502,16,0,53,429,1372,390,ATK@600+HEAL@1200
gauntlet/20261003-025235-scrim-g2nonav/replays/ColtG5.Goob_final__DefaultLarge__botA.bc24,ColtG5.Goob_final,1,A,g2nonav,1,1958,CAPTURE,3,1662,736,12,0,0,0,0,38,24,115,215,3,9,1192,1245,11,0,49,507,1558,393,ATK@600+HEAL@1200+CAP@1800
gauntlet/20261003-025235-scrim-g2nonav/replays/ColtG5.Goob_final__DefaultLarge__botA.bc24,ColtG5.Goob_final,0,B,Goob_final,0,1958,CAPTURE,0,-1,251,7,0,0,0,0,48,0,2760,30,0,9,1157,1087,12,0,72,251,393,1558,ATK@600+HEAL@1200+CAP@1800
gauntlet/20261003-025235-scrim-g2nonav/replays/ColtG5.Goob_final__MazeRunner__botA.bc24,ColtG5.Goob_final,1,A,g2nonav,1,2000,MORE_FLAG_CAPTURES,2,786,687,5,0,0,0,0,72,20,30,140,3,2,1008,1336,15,0,38,261,1127,484,ATK@600+HEAL@1200+CAP@1800
gauntlet/20261003-025235-scrim-g2nonav/replays/ColtG5.Goob_final__MazeRunner__botA.bc24,ColtG5.Goob_final,0,B,Goob_final,0,2000,MORE_FLAG_CAPTURES,1,302,250,13,0,0,0,0,120,0,1400,390,0,10,977,719,2,0,60,229,484,1127,ATK@600+HEAL@1200+CAP@1800
gauntlet/20261003-025235-scrim-g2nonav/replays/ColtG5.Goob_final__OceanFloor__botA.bc24,ColtG5.Goob_final,1,A,g2nonav,1,1388,CAPTURE,3,440,382,3,0,0,0,0,40,24,175,215,4,8,982,1008,3,0,48,261,824,284,ATK@600+HEAL@1200
gauntlet/20261003-025235-scrim-g2nonav/replays/ColtG5.Goob_final__OceanFloor__botA.bc24,ColtG5.Goob_final,0,B,Goob_final,0,1388,CAPTURE,2,290,227,12,0,0,0,0,33,0,2810,20,0,3,992,631,0,0,52,174,284,824,ATK@600+HEAL@1200
gauntlet/20261003-025235-scrim-g2nonav/replays/CyrilSharma.finalBot__Fusbol__botA.bc24,CyrilSharma.finalBot,1,A,g2nonav,1,2000,LEVEL_SUM,0,-1,238,2,0,0,0,0,115,33,709,204,5,4,896,1073,24,0,123,421,647,371,ATK@600+HEAL@1200+CAP@1800
gauntlet/20261003-025235-scrim-g2nonav/replays/CyrilSharma.finalBot__Fusbol__botA.bc24,CyrilSharma.finalBot,0,B,finalBot,0,2000,LEVEL_SUM,0,-1,0,0,0,0,0,22,29,0,2917,1292,4,10,632,1055,0,0,46,313,371,647,ATK@600+HEAL@1200+CAP@1800
gauntlet/20261003-025235-scrim-g2nonav/replays/CyrilSharma.finalBot__BedWars__botB.bc24,CyrilSharma.finalBot,0,A,finalBot,0,1503,CAPTURE,2,324,243,52,0,0,0,45,10,0,3690,56,9,5,540,624,0,0,45,184,179,305,ATK@600+HEAL@1200
gauntlet/20261003-025235-scrim-g2nonav/replays/CyrilSharma.finalBot__BedWars__botB.bc24,CyrilSharma.finalBot,1,B,g2nonav,1,1503,CAPTURE,3,444,418,7,0,0,0,0,0,42,190,30,7,11,745,839,8,0,35,62,305,179,ATK@600+HEAL@1200
gauntlet/20261003-025235-scrim-g2nonav/replays/ColtG5.Goob_final__Tunnels__botA.bc24,ColtG5.Goob_final,1,A,g2nonav,1,2000,LEVEL_SUM,0,-1,0,0,0,0,0,0,63,22,205,200,3,22,1054,1398,6,0,44,137,775,361,ATK@600+HEAL@1200+CAP@1800
gauntlet/20261003-025235-scrim-g2nonav/replays/ColtG5.Goob_final__Tunnels__botA.bc24,ColtG5.Goob_final,0,B,Goob_final,0,2000,LEVEL_SUM,0,-1,252,7,0,0,0,0,64,0,2880,910,0,10,885,848,2,0,58,185,361,775,ATK@600+HEAL@1200+CAP@1800
gauntlet/20261003-025235-scrim-g2nonav/replays/Gymhgy.v10official__Starfish__botA.bc24,Gymhgy.v10official,1,A,g2nonav,1,878,CAPTURE,3,375,285,11,0,0,0,0,102,26,120,110,4,34,1368,1700,11,0,39,76,293,141,ATK@600
gauntlet/20261003-025235-scrim-g2nonav/replays/Gymhgy.v10official__Starfish__botA.bc24,Gymhgy.v10official,0,B,v10official,0,878,CAPTURE,2,539,260,20,5,3,15,15,185,2,466,18,2,12,1036,1546,0,2,6,50,141,293,ATK@600
gauntlet/20261003-025235-scrim-g2nonav/replays/SampleProvider.TSPAARKSPRINT1__EndAround__botA.bc24,SampleProvider.TSPAARKSPRINT1,1,A,g2nonav,1,1929,CAPTURE,3,1697,267,135,0,0,0,0,66,21,185,135,4,3,814,829,6,0,47,298,771,214,ATK@600+HEAL@1200+CAP@1800
gauntlet/20261003-025235-scrim-g2nonav/replays/SampleProvider.TSPAARKSPRINT1__EndAround__botA.bc24,SampleProvider.TSPAARKSPRINT1,0,B,TSPAARKSPRINT1,0,1929,CAPTURE,0,-1,494,4,0,3,54,0,132,2,740,90,0,0,486,1056,12,15,1,78,214,771,ATK@600+CAP@1200+HEAL@1800
gauntlet/20261003-025235-scrim-g2nonav/replays/SampleProvider.TSPAARKSPRINT1__EndAround__botB.bc24,SampleProvider.TSPAARKSPRINT1,0,A,TSPAARKSPRINT1,0,1768,CAPTURE,0,-1,296,5,0,3,44,0,134,2,680,30,0,0,483,935,5,21,0,82,195,950,ATK@600+CAP@1200
gauntlet/20261003-025235-scrim-g2nonav/replays/SampleProvider.TSPAARKSPRINT1__EndAround__botB.bc24,SampleProvider.TSPAARKSPRINT1,1,B,g2nonav,1,1768,CAPTURE,3,1537,259,101,0,0,0,0,68,25,130,105,3,2,725,667,9,0,49,363,950,195,ATK@600+HEAL@1200
gauntlet/20261003-025235-scrim-g2nonav/replays/SampleProvider.TSPAARKSPRINT1__KingQuacksCastle__botB.bc24,SampleProvider.TSPAARKSPRINT1,0,A,TSPAARKSPRINT1,0,1541,CAPTURE,1,1403,236,112,0,3,35,0,41,7,2070,30,0,4,631,1281,16,33,4,113,151,841,ATK@600+CAP@1200
gauntlet/20261003-025235-scrim-g2nonav/replays/SampleProvider.TSPAARKSPRINT1__KingQuacksCastle__botB.bc24,SampleProvider.TSPAARKSPRINT1,1,B,g2nonav,1,1541,CAPTURE,3,598,269,23,0,0,0,0,29,27,190,210,4,15,1042,1018,12,0,53,239,841,151,ATK@600+HEAL@1200
gauntlet/20261003-025235-scrim-g2nonav/replays/SampleProvider.TSPAARKSPRINT1__Swoop__botA.bc24,SampleProvider.TSPAARKSPRINT1,1,A,g2nonav,1,935,CAPTURE,3,474,234,45,0,0,0,0,60,42,130,280,7,11,945,1098,11,0,56,143,318,92,ATK@600
gauntlet/20261003-025235-scrim-g2nonav/replays/SampleProvider.TSPAARKSPRINT1__Swoop__botA.bc24,SampleProvider.TSPAARKSPRINT1,0,B,TSPAARKSPRINT1,0,935,CAPTURE,0,-1,220,18,0,3,0,0,87,0,4090,30,0,6,619,1272,12,9,4,34,92,318,ATK@600
gauntlet/20261003-025235-scrim-g2nonav/replays/SampleProvider.TSPAARKSPRINT1__WheresMyWater__botB.bc24,SampleProvider.TSPAARKSPRINT1,0,A,TSPAARKSPRINT1,0,1024,CAPTURE,0,-1,289,14,0,3,7,0,176,1,20,80,0,2,730,2005,2,14,0,41,64,482,ATK@600
gauntlet/20261003-025235-scrim-g2nonav/replays/SampleProvider.TSPAARKSPRINT1__WheresMyWater__botB.bc24,SampleProvider.TSPAARKSPRINT1,1,B,g2nonav,1,1024,CAPTURE,3,235,217,16,0,0,0,0,54,29,155,215,5,2,1337,1211,15,0,50,143,482,64,ATK@600
gauntlet/20261003-025235-scrim-g2nonav/replays/Strequals.duck0127v5__Foxes__botB.bc24,Strequals.duck0127v5,0,A,duck0127v5,0,1861,CAPTURE,2,436,336,9,0,0,0,90,26,10,7483,5958,18,2,836,1026,0,2,84,579,545,297,ATK@600+HEAL@1200+CAP@1800
gauntlet/20261003-025235-scrim-g2nonav/replays/Strequals.duck0127v5__Foxes__botB.bc24,Strequals.duck0127v5,1,B,g2nonav,1,1861,CAPTURE,3,363,235,23,0,0,0,0,10,78,685,245,12,9,697,1147,24,0,79,233,297,545,ATK@600+HEAL@1200+CAP@1800
gauntlet/20261003-025235-scrim-g2nonav/replays/Strequals.duck0127v5__Divergent__botA.bc24,Strequals.duck0127v5,1,A,g2nonav,1,2000,LEVEL_SUM,0,-1,252,37,0,0,0,0,42,41,136,256,7,5,616,938,18,0,37,197,213,374,ATK@600+HEAL@1200+CAP@1800
gauntlet/20261003-025235-scrim-g2nonav/replays/Strequals.duck0127v5__Divergent__botA.bc24,Strequals.duck0127v5,0,B,duck0127v5,0,2000,LEVEL_SUM,0,-1,266,7,0,0,0,87,19,0,3479,3393,17,11,636,836,0,1,27,350,374,213,ATK@600+HEAL@1200+CAP@1800
gauntlet/20261003-025235-scrim-g2nonav/replays/awu7.ExplosiveBot__Alligator__botA.bc24,awu7.ExplosiveBot,1,A,g2nonav,1,563,CAPTURE,3,350,230,9,0,0,0,0,50,36,125,125,6,3,1406,1433,24,0,84,92,281,26,
gauntlet/20261003-025235-scrim-g2nonav/replays/awu7.ExplosiveBot__Alligator__botA.bc24,awu7.ExplosiveBot,0,B,ExplosiveBot,0,563,CAPTURE,0,-1,386,8,1,0,0,0,69,9,2730,5390,0,16,852,720,3,0,15,23,26,281,
gauntlet/20261003-025235-scrim-g2nonav/replays/andrewgopher.player22__Divergent__botB.bc24,andrewgopher.player22,0,A,player22,0,2000,LEVEL_SUM,0,-1,290,9,0,3,0,0,62,0,4240,850,0,1,876,305,4,0,55,204,437,739,ATK@600+HEAL@1200+CAP@1800
gauntlet/20261003-025235-scrim-g2nonav/replays/andrewgopher.player22__Divergent__botB.bc24,andrewgopher.player22,1,B,g2nonav,1,2000,LEVEL_SUM,0,-1,742,4,0,0,0,0,36,42,226,166,7,17,686,1119,16,0,43,213,739,437,ATK@600+HEAL@1200+CAP@1800
gauntlet/20261003-025235-scrim-g2nonav/replays/andrewgopher.player22__Fountain__botA.bc24,andrewgopher.player22,1,A,g2nonav,1,2000,MORE_FLAG_CAPTURES,2,407,365,14,0,0,0,0,40,20,290,220,4,15,941,1531,13,0,30,199,1076,702,ATK@600+HEAL@1200+CAP@1800
gauntlet/20261003-025235-scrim-g2nonav/replays/andrewgopher.player22__Fountain__botA.bc24,andrewgopher.player22,0,B,player22,0,2000,MORE_FLAG_CAPTURES,1,1875,341,5,0,3,0,0,68,0,2060,740,0,3,1030,646,0,0,22,176,702,1076,ATK@600+HEAL@1200+CAP@1800
gauntlet/20261003-025235-scrim-g2nonav/replays/awu7.ExplosiveBot__Canals__botA.bc24,awu7.ExplosiveBot,1,A,g2nonav,1,957,CAPTURE,3,420,360,12,0,0,0,0,0,62,175,215,11,2,1229,1569,26,0,80,235,725,116,ATK@600
gauntlet/20261003-025235-scrim-g2nonav/replays/awu7.ExplosiveBot__Canals__botA.bc24,awu7.ExplosiveBot,0,B,ExplosiveBot,0,957,CAPTURE,1,286,246,16,6,0,0,0,0,16,4700,170,0,16,776,451,31,0,13,87,116,725,ATK@600
gauntlet/20261003-025235-scrim-g2nonav/replays/awu7.ExplosiveBot__Capacitance__botB.bc24,awu7.ExplosiveBot,0,A,ExplosiveBot,0,997,CAPTURE,0,-1,222,18,1,0,0,0,28,4,4660,1930,0,16,751,627,35,0,9,70,109,634,ATK@600
gauntlet/20261003-025235-scrim-g2nonav/replays/awu7.ExplosiveBot__Capacitance__botB.bc24,awu7.ExplosiveBot,1,B,g2nonav,1,997,CAPTURE,3,395,372,14,0,0,0,0,19,45,200,210,8,16,1263,1646,18,0,71,194,634,109,ATK@600
gauntlet/20261003-025235-scrim-g2nonav/replays/awu7.ExplosiveBot__GaltonBoard__botA.bc24,awu7.ExplosiveBot,1,A,g2nonav,1,893,CAPTURE,3,527,229,6,0,0,0,0,11,19,150,220,2,3,1327,1630,9,0,47,144,712,64,ATK@600
gauntlet/20261003-025235-scrim-g2nonav/replays/awu7.ExplosiveBot__GaltonBoard__botA.bc24,awu7.ExplosiveBot,0,B,ExplosiveBot,0,893,CAPTURE,0,-1,230,10,2,0,0,0,10,9,1200,1330,0,26,955,1117,9,0,18,63,64,712,ATK@600
gauntlet/20261003-025235-scrim-g2nonav/replays/awu7.ExplosiveBot__Joker__botB.bc24,awu7.ExplosiveBot,0,A,ExplosiveBot,0,877,CAPTURE,0,-1,252,4,0,0,0,0,34,10,14780,14380,0,28,597,682,55,0,17,92,113,491,ATK@600
gauntlet/20261003-025235-scrim-g2nonav/replays/awu7.ExplosiveBot__Joker__botB.bc24,awu7.ExplosiveBot,1,B,g2nonav,1,877,CAPTURE,3,339,239,19,0,0,0,0,1,112,4390,250,12,4,1089,1169,26,0,266,286,491,113,ATK@600
gauntlet/20261003-025235-scrim-g2nonav/replays/chenyx512.flagbot_final__Intercontinental__botA.bc24,chenyx512.flagbot_final,1,A,g2nonav,1,1137,CAPTURE,3,424,228,19,0,0,0,0,73,19,185,35,2,4,933,1156,9,0,26,89,148,363,ATK@600
gauntlet/20261003-025235-scrim-g2nonav/replays/chenyx512.flagbot_final__Intercontinental__botA.bc24,chenyx512.flagbot_final,0,B,flagbot_final,0,1137,CAPTURE,1,876,703,19,0,3,26,71,129,0,26,29,14,3,758,1090,0,0,11,147,363,148,ATK@600
gauntlet/20261003-025235-scrim-g2nonav/replays/awu7.ExplosiveBot__Klein__botB.bc24,awu7.ExplosiveBot,0,A,ExplosiveBot,0,1507,CAPTURE,0,-1,361,9,4,0,0,0,289,3,30,20,0,18,683,552,0,0,3,59,130,1289,ATK@600+HEAL@1200
gauntlet/20261003-025235-scrim-g2nonav/replays/awu7.ExplosiveBot__Klein__botB.bc24,awu7.ExplosiveBot,1,B,g2nonav,1,1507,CAPTURE,3,275,253,22,0,0,0,0,94,49,200,180,9,4,950,1164,20,0,53,397,1289,130,ATK@600+HEAL@1200
gauntlet/20261003-025235-scrim-g2nonav/replays/clbarrell.duck8__Diagonal__botB.bc24,clbarrell.duck8,0,A,duck8,0,1944,CAPTURE,1,447,272,18,0,0,0,0,17,50,470,70,3,6,737,746,16,0,67,252,226,1127,ATK@750+HEAL@1500
gauntlet/20261003-025235-scrim-g2nonav/replays/clbarrell.duck8__Diagonal__botB.bc24,clbarrell.duck8,1,B,g2nonav,1,1944,CAPTURE,3,949,309,20,0,0,0,0,24,58,229,159,10,2,832,843,24,0,60,434,1127,226,ATK@600+HEAL@1200+CAP@1800
gauntlet/20261003-025235-scrim-g2nonav/replays/clbarrell.duck8__Hockey__botB.bc24,clbarrell.duck8,0,A,duck8,0,1212,CAPTURE,0,-1,372,3,0,0,0,0,28,41,80,40,3,4,1048,1524,8,0,56,142,154,760,ATK@750
gauntlet/20261003-025235-scrim-g2nonav/replays/clbarrell.duck8__Hockey__botB.bc24,clbarrell.duck8,1,B,g2nonav,1,1212,CAPTURE,3,780,313,7,0,0,0,0,27,42,205,195,7,3,1202,1708,13,0,49,238,760,154,ATK@600+HEAL@1200
gauntlet/20261003-025235-scrim-g2nonav/replays/clbarrell.duck8__Fountain__botA.bc24,clbarrell.duck8,1,A,g2nonav,1,1311,CAPTURE,3,267,223,21,0,0,0,0,41,20,240,20,3,3,1009,1103,7,0,22,148,693,265,ATK@600+HEAL@1200
gauntlet/20261003-025235-scrim-g2nonav/replays/clbarrell.duck8__Fountain__botA.bc24,clbarrell.duck8,0,B,duck8,0,1311,CAPTURE,1,261,229,19,0,0,0,0,25,24,50,100,1,2,864,1062,9,0,40,126,265,693,ATK@750
gauntlet/20261003-025235-scrim-g2nonav/replays/clbarrell.duck8__Islands__botB.bc24,clbarrell.duck8,0,A,duck8,0,772,CAPTURE,1,262,229,14,0,0,0,0,48,50,60,50,3,3,1100,1537,18,0,55,109,141,272,ATK@750
gauntlet/20261003-025235-scrim-g2nonav/replays/clbarrell.duck8__Islands__botB.bc24,clbarrell.duck8,1,B,g2nonav,1,772,CAPTURE,3,489,441,5,0,0,0,0,60,55,155,200,10,12,1186,1533,19,0,58,110,272,141,ATK@600
gauntlet/20261003-025235-scrim-g2nonav/replays/clbarrell.duck8__Mountain__botB.bc24,clbarrell.duck8,0,A,duck8,0,1062,CAPTURE,1,276,258,3,0,0,0,0,14,45,100,60,3,13,991,832,16,0,65,130,165,502,ATK@750
gauntlet/20261003-025235-scrim-g2nonav/replays/clbarrell.duck8__Mountain__botB.bc24,clbarrell.duck8,1,B,g2nonav,1,1062,CAPTURE,3,734,678,4,0,0,0,0,35,45,150,180,8,2,1126,1299,19,0,49,102,502,165,ATK@600
gauntlet/20261003-025235-scrim-g2nonav/replays/dmtrung14.defaultplayer_intlqualifier__DefaultHuge__botA.bc24,dmtrung14.defaultplayer_intlqualifier,1,A,g2nonav,1,619,CAPTURE,3,363,271,8,0,0,0,0,2,53,205,105,9,2,1115,445,13,0,50,55,258,30,ATK@600
gauntlet/20261003-025235-scrim-g2nonav/replays/dmtrung14.defaultplayer_intlqualifier__DefaultHuge__botA.bc24,dmtrung14.defaultplayer_intlqualifier,0,B,defaultplayer_intlqualifier,0,619,CAPTURE,2,245,218,42,23,3,28,0,14,32,1880,450,0,2,314,826,6,24,35,75,30,258,ATK@600
gauntlet/20261003-025235-scrim-g2nonav/replays/dmtrung14.defaultplayer_intlqualifier__GaltonBoard__botB.bc24,dmtrung14.defaultplayer_intlqualifier,0,A,defaultplayer_intlqualifier,0,1822,CAPTURE,1,238,220,8,4,3,5,0,9,15,30,350,0,2,573,1003,6,16,8,59,171,1781,ATK@600+HEAL@1200+CAP@1800
gauntlet/20261003-025235-scrim-g2nonav/replays/dmtrung14.defaultplayer_intlqualifier__GaltonBoard__botB.bc24,dmtrung14.defaultplayer_intlqualifier,1,B,g2nonav,1,1822,CAPTURE,3,1471,253,38,0,0,0,0,11,19,165,10,3,33,1622,894,3,0,30,260,1781,171,ATK@600+HEAL@1200+CAP@1800
gauntlet/20261003-025235-scrim-g2nonav/replays/dmtrung14.defaultplayer_intlqualifier__Klein__botA.bc24,dmtrung14.defaultplayer_intlqualifier,1,A,g2nonav,1,1115,CAPTURE,3,559,288,11,0,0,0,0,97,49,210,170,9,15,962,527,16,0,38,30,396,44,ATK@600
gauntlet/20261003-025235-scrim-g2nonav/replays/dmtrung14.defaultplayer_intlqualifier__Klein__botA.bc24,dmtrung14.defaultplayer_intlqualifier,0,B,defaultplayer_intlqualifier,0,1115,CAPTURE,0,-1,751,4,0,3,25,0,217,12,90,80,0,11,321,795,6,21,6,77,44,396,ATK@600
gauntlet/20261003-025235-scrim-g2nonav/replays/clbarrell.duck8__Whirlpool__botA.bc24,clbarrell.duck8,1,A,g2nonav,1,1773,CAPTURE,3,975,669,8,0,0,0,0,83,23,193,148,3,7,1134,1477,3,0,41,236,1017,369,ATK@600+HEAL@1200
gauntlet/20261003-025235-scrim-g2nonav/replays/clbarrell.duck8__Whirlpool__botA.bc24,clbarrell.duck8,0,B,duck8,0,1773,CAPTURE,0,-1,660,9,0,0,0,0,48,33,50,1430,3,17,899,962,5,0,81,219,369,1017,ATK@750+HEAL@1500
gauntlet/20261003-025235-scrim-g2nonav/replays/dmtrung14.defaultplayer_intlqualifier__StarryNight__botA.bc24,dmtrung14.defaultplayer_intlqualifier,1,A,g2nonav,1,1384,CAPTURE,3,1278,981,8,0,0,0,0,94,111,634,114,11,13,1119,614,24,0,108,260,1080,93,ATK@600+HEAL@1200
gauntlet/20261003-025235-scrim-g2nonav/replays/dmtrung14.defaultplayer_intlqualifier__StarryNight__botA.bc24,dmtrung14.defaultplayer_intlqualifier,0,B,defaultplayer_intlqualifier,0,1384,CAPTURE,1,372,241,16,11,3,17,0,117,18,10390,9960,0,14,414,854,3,14,18,75,93,1080,ATK@600+HEAL@1200
gauntlet/20261003-025235-scrim-g2nonav/replays/dmtrung14.defaultplayer_intlqualifier__Foxes__botB.bc24,dmtrung14.defaultplayer_intlqualifier,0,A,defaultplayer_intlqualifier,0,2000,LEVEL_SUM,0,-1,0,3,0,3,40,0,21,22,6470,5600,0,3,323,960,6,31,21,79,50,231,ATK@600+HEAL@1200+CAP@1800
gauntlet/20261003-025235-scrim-g2nonav/replays/dmtrung14.defaultplayer_intlqualifier__Foxes__botB.bc24,dmtrung14.defaultplayer_intlqualifier,1,B,g2nonav,1,2000,LEVEL_SUM,0,-1,409,7,0,0,0,0,14,77,665,25,12,9,1167,507,24,0,67,37,231,50,ATK@600+HEAL@1200+CAP@1800
gauntlet/20261003-025235-scrim-g2nonav/replays/jmerle.camel_case_v21_final__OceanFloor__botB.bc24,jmerle.camel_case_v21_final,0,A,camel_case_v21_final,0,2000,LEVEL_SUM,2,339,226,10,0,0,0,0,7,14,2190,1230,0,3,1130,475,0,0,64,309,723,1105,ATK@600+HEAL@1200+CAP@1800
gauntlet/20261003-025235-scrim-g2nonav/replays/jmerle.camel_case_v21_final__OceanFloor__botB.bc24,jmerle.camel_case_v21_final,1,B,g2nonav,1,2000,LEVEL_SUM,2,615,213,21,0,0,0,0,36,24,205,275,4,9,802,1176,3,0,52,375,1105,723,ATK@600+HEAL@1200+CAP@1800
gauntlet/20261003-025235-scrim-g2nonav/replays/jonters.bling3__Alien__botA.bc24,jonters.bling3,1,A,g2nonav,1,1034,CAPTURE,3,397,228,36,0,0,0,0,10,44,210,245,7,28,1259,1565,15,0,58,183,512,170,ATK@600
gauntlet/20261003-025235-scrim-g2nonav/replays/jonters.bling3__Alien__botA.bc24,jonters.bling3,0,B,bling3,0,1034,CAPTURE,0,-1,251,2,0,0,0,0,10,15,2400,730,0,2,895,1634,31,0,2,67,170,512,ATK@600
gauntlet/20261003-025235-scrim-g2nonav/replays/jonters.bling3__DefaultHuge__botB.bc24,jonters.bling3,0,A,bling3,0,772,CAPTURE,1,671,251,14,0,0,0,0,39,12,2530,190,0,11,735,1208,31,0,3,49,96,234,ATK@600
gauntlet/20261003-025235-scrim-g2nonav/replays/jonters.bling3__DefaultHuge__botB.bc24,jonters.bling3,1,B,g2nonav,1,772,CAPTURE,3,339,264,12,0,0,0,0,6,52,170,265,10,3,1090,1428,20,0,65,146,234,96,ATK@600
gauntlet/20261003-025235-scrim-g2nonav/replays/jonters.bling3__Hockey__botB.bc24,jonters.bling3,0,A,bling3,0,835,CAPTURE,1,471,404,3,0,0,0,0,56,15,1020,1120,0,1,898,1983,24,0,4,55,109,302,ATK@600
gauntlet/20261003-025235-scrim-g2nonav/replays/jonters.bling3__Hockey__botB.bc24,jonters.bling3,1,B,g2nonav,1,835,CAPTURE,3,447,305,12,0,0,0,0,27,39,165,135,7,3,1326,1781,12,0,50,95,302,109,ATK@600
gauntlet/20261003-025235-scrim-g2nonav/replays/jonters.bling3__Randy__botB.bc24,jonters.bling3,0,A,bling3,0,1185,CAPTURE,2,786,514,10,0,0,0,0,6,11,3420,3930,0,5,664,1287,46,0,12,106,210,570,ATK@600
gauntlet/20261003-025235-scrim-g2nonav/replays/jonters.bling3__Randy__botB.bc24,jonters.bling3,1,B,g2nonav,1,1185,CAPTURE,3,313,213,19,0,0,0,0,6,50,175,225,9,16,1021,1492,11,0,55,225,570,210,ATK@600
gauntlet/20261003-025235-scrim-g2nonav/replays/jonters.bling3__Snake__botA.bc24,jonters.bling3,1,A,g2nonav,1,961,CAPTURE,3,359,223,19,0,0,0,0,173,85,690,293,12,2,812,1030,24,0,278,299,367,179,ATK@600
gauntlet/20261003-025235-scrim-g2nonav/replays/jonters.bling3__Snake__botA.bc24,jonters.bling3,0,B,bling3,0,961,CAPTURE,1,394,298,6,0,0,0,0,233,0,8510,11690,0,0,560,772,97,0,7,130,179,367,ATK@600
gauntlet/20261003-025235-scrim-g2nonav/replays/justinottesen.sprint1__Joker__botA.bc24,justinottesen.sprint1,1,A,g2nonav,1,707,CAPTURE,3,495,227,20,0,0,0,0,2,115,4110,240,12,3,1330,694,25,0,250,297,343,125,ATK@600
gauntlet/20261003-025235-scrim-g2nonav/replays/justinottesen.sprint1__Joker__botA.bc24,justinottesen.sprint1,0,B,sprint1,0,707,CAPTURE,0,-1,0,0,0,0,0,0,25,11,13950,10260,0,7,225,857,103,0,0,113,125,343,ATK@600
gauntlet/20261003-025235-scrim-g2nonav/replays/justinottesen.sprint1__Battlecode24__botB.bc24,justinottesen.sprint1,0,A,sprint1,0,873,CAPTURE,0,-1,0,0,0,0,0,0,179,0,7830,3830,0,10,171,1031,68,0,0,87,76,436,ATK@600
gauntlet/20261003-025235-scrim-g2nonav/replays/justinottesen.sprint1__Battlecode24__botB.bc24,justinottesen.sprint1,1,B,g2nonav,1,873,CAPTURE,3,259,226,17,0,0,0,0,66,97,2009,219,12,5,1246,648,24,0,245,347,436,76,ATK@600
gauntlet/20261003-025235-scrim-g2nonav/replays/justinottesen.sprint1__GaltonBoard__botB.bc24,justinottesen.sprint1,0,A,sprint1,0,814,CAPTURE,0,-1,0,0,0,0,0,0,9,10,130,370,1,6,198,907,143,0,0,168,155,617,ATK@600
gauntlet/20261003-025235-scrim-g2nonav/replays/justinottesen.sprint1__GaltonBoard__botB.bc24,justinottesen.sprint1,1,B,g2nonav,1,814,CAPTURE,3,759,657,12,0,0,0,0,12,18,205,230,3,12,1412,970,15,0,55,136,617,155,ATK@600
gauntlet/20261003-025235-scrim-g2nonav/replays/jonters.bling3__Whirlpool__botB.bc24,jonters.bling3,0,A,bling3,0,1122,CAPTURE,0,-1,532,2,0,0,0,0,96,10,320,3300,0,7,747,1417,26,0,0,67,164,565,ATK@600
gauntlet/20261003-025235-scrim-g2nonav/replays/jonters.bling3__Whirlpool__botB.bc24,jonters.bling3,1,B,g2nonav,1,1122,CAPTURE,3,567,435,20,0,0,0,0,75,22,130,155,4,7,1214,1511,7,0,32,150,565,164,ATK@600
gauntlet/20261003-025235-scrim-g2nonav/replays/justinottesen.sprint1__Rivers__botB.bc24,justinottesen.sprint1,0,A,sprint1,0,501,CAPTURE,0,-1,0,0,0,0,0,0,45,0,2550,200,0,5,260,1129,21,0,0,25,24,303,
gauntlet/20261003-025235-scrim-g2nonav/replays/justinottesen.sprint1__Rivers__botB.bc24,justinottesen.sprint1,1,B,g2nonav,1,501,CAPTURE,3,402,266,11,0,0,0,0,31,28,205,140,4,3,1896,709,9,0,64,37,303,24,
gauntlet/20261003-025235-scrim-g2nonav/replays/justinottesen.sprint1__Hurricane__botB.bc24,justinottesen.sprint1,0,A,sprint1,0,1925,CAPTURE,1,540,350,5,0,0,0,0,179,4,130,60,0,4,228,660,5,0,0,74,41,1949,ATK@600
gauntlet/20261003-025235-scrim-g2nonav/replays/justinottesen.sprint1__Hurricane__botB.bc24,justinottesen.sprint1,1,B,g2nonav,1,1925,CAPTURE,3,396,218,16,0,0,0,0,64,39,185,140,6,4,1210,442,14,0,71,788,1949,41,ATK@600+HEAL@1200+CAP@1800
gauntlet/20261003-025235-scrim-g2nonav/replays/justinottesen.sprint1__StarryNight__botA.bc24,justinottesen.sprint1,1,A,g2nonav,1,783,CAPTURE,3,496,245,8,0,0,0,0,93,112,634,234,11,12,1552,820,24,0,124,224,581,93,ATK@600
gauntlet/20261003-025235-scrim-g2nonav/replays/justinottesen.sprint1__StarryNight__botA.bc24,justinottesen.sprint1,0,B,sprint1,0,783,CAPTURE,0,-1,493,6,0,0,0,0,154,51,1269,109,4,5,166,686,85,0,0,101,93,581,ATK@600
gauntlet/20261003-025235-scrim-g2nonav/replays/kyleezz.jeeryfix3__OceanFloor__botA.bc24,kyleezz.jeeryfix3,1,A,g2nonav,1,713,CAPTURE,3,579,431,5,0,0,0,0,35,24,155,170,4,2,1032,1340,4,0,46,40,220,71,ATK@600
gauntlet/20261003-025235-scrim-g2nonav/replays/kyleezz.jeeryfix3__OceanFloor__botA.bc24,kyleezz.jeeryfix3,0,B,jeeryfix3,0,713,CAPTURE,2,346,247,11,0,0,0,0,80,10,300,70,0,2,1041,594,0,0,41,69,71,220,ATK@600
gauntlet/20261003-025235-scrim-g2nonav/replays/kyleezz.jeeryfix3__Digging__botB.bc24,kyleezz.jeeryfix3,0,A,jeeryfix3,0,1680,CAPTURE,1,272,238,3,0,0,0,0,26,0,2320,1340,0,12,1253,858,0,0,56,189,387,1486,ATK@600+CAP@1200
gauntlet/20261003-025235-scrim-g2nonav/replays/kyleezz.jeeryfix3__Digging__botB.bc24,kyleezz.jeeryfix3,1,B,g2nonav,1,1680,CAPTURE,3,1306,1157,6,0,0,0,0,15,25,195,175,4,2,1233,1354,2,0,54,264,1486,387,ATK@600+HEAL@1200
gauntlet/20261003-025235-scrim-g2nonav/replays/kyleezz.jeeryfix3__CH3353C4K3F4CT0RY__botB.bc24,kyleezz.jeeryfix3,0,A,jeeryfix3,0,1591,CAPTURE,2,336,279,37,0,0,0,0,21,11,13670,10530,0,8,1149,753,0,0,160,326,334,1254,ATK@600+CAP@1200
gauntlet/20261003-025235-scrim-g2nonav/replays/kyleezz.jeeryfix3__CH3353C4K3F4CT0RY__botB.bc24,kyleezz.jeeryfix3,1,B,g2nonav,1,1591,CAPTURE,3,1295,361,8,0,0,0,0,14,109,2960,290,12,16,1319,1557,25,0,144,420,1254,334,ATK@600+HEAL@1200
gauntlet/20261003-025235-scrim-g2nonav/replays/winkelmantanner.waffle__Islands__botA.bc24,winkelmantanner.waffle,1,A,g2nonav,1,940,CAPTURE,3,333,272,10,0,0,0,0,74,51,195,280,9,8,1150,1444,14,0,61,138,463,198,ATK@600
gauntlet/20261003-025235-scrim-g2nonav/replays/winkelmantanner.waffle__Islands__botA.bc24,winkelmantanner.waffle,0,B,waffle,0,940,CAPTURE,2,311,219,38,0,0,0,0,44,61,809,419,4,7,1125,875,0,0,93,149,198,463,ATK@600
gauntlet/20261003-025235-scrim-g2nonav/replays/kyleezz.jeeryfix3__YearOfTheDragon__botB.bc24,kyleezz.jeeryfix3,0,A,jeeryfix3,0,2000,MORE_FLAG_CAPTURES,1,286,250,2,0,0,0,0,28,9,11460,8840,0,1,1036,855,0,0,104,333,427,1587,ATK@600+CAP@1200+HEAL@1800
gauntlet/20261003-025235-scrim-g2nonav/replays/kyleezz.jeeryfix3__YearOfTheDragon__botB.bc24,kyleezz.jeeryfix3,1,B,g2nonav,1,2000,MORE_FLAG_CAPTURES,2,1408,234,14,0,0,0,0,12,107,705,285,11,2,1155,1435,24,0,120,660,1587,427,ATK@600+HEAL@1200+CAP@1800
gauntlet/20261003-025235-scrim-g2nonav/replays/winkelmantanner.waffle__Whirlpool__botB.bc24,winkelmantanner.waffle,0,A,waffle,0,2000,LEVEL_SUM,2,335,252,49,0,0,0,0,52,25,1140,2670,0,5,1050,1309,0,0,83,242,437,1002,ATK@600+HEAL@1200+CAP@1800
gauntlet/20261003-025235-scrim-g2nonav/replays/winkelmantanner.waffle__Whirlpool__botB.bc24,winkelmantanner.waffle,1,B,g2nonav,1,2000,LEVEL_SUM,2,1041,854,7,0,0,0,0,80,20,150,200,4,11,1191,1589,8,0,37,218,1002,437,ATK@600+HEAL@1200+CAP@1800
