file,opp,us,team,name,won,rounds,wintype,captured,firstCapture,firstPickup,pickups,drops,setupFlagPickups,flagMoveDist,digs200,fills200,traps200,crumbs200,crumbs250,level200,defend300,atk400,heal400,expl400,water400,stun400,trapsHit,kills,deaths,upgrades
gauntlet/20261003-002104-scrim-g1basics/losses/ColtG5.Goob_final__Ambush__botA.bc24,ColtG5.Goob_final,1,A,g1basics,0,386,CAPTURE,1,259,225,1,0,0,0,0,42,30,125,235,5,15,1233,1431,6,0,48,50,107,50,
gauntlet/20261003-002104-scrim-g1basics/losses/ColtG5.Goob_final__Ambush__botA.bc24,ColtG5.Goob_final,0,B,Goob_final,1,386,CAPTURE,3,246,216,10,0,0,0,0,50,0,3200,35,0,11,1153,912,6,0,79,67,50,107,
gauntlet/20261003-002104-scrim-g1basics/losses/CyrilSharma.finalBot__Whirlpool__botA.bc24,CyrilSharma.finalBot,1,A,g1basics,0,1030,CAPTURE,0,-1,0,0,0,0,0,0,84,21,205,125,3,9,987,1281,6,0,31,91,310,306,ATK@600
gauntlet/20261003-002104-scrim-g1basics/losses/CyrilSharma.finalBot__Whirlpool__botA.bc24,CyrilSharma.finalBot,0,B,finalBot,1,1030,CAPTURE,3,475,255,24,0,0,0,41,60,0,2672,5809,8,10,952,1128,0,0,79,260,306,310,ATK@600
gauntlet/20261003-002104-scrim-g1basics/losses/CyrilSharma.finalBot__OceanFloor__botA.bc24,CyrilSharma.finalBot,1,A,g1basics,0,1429,CAPTURE,1,494,214,4,0,0,0,0,42,22,135,145,3,12,677,786,3,0,38,133,254,268,ATK@600+HEAL@1200
gauntlet/20261003-002104-scrim-g1basics/losses/CyrilSharma.finalBot__OceanFloor__botA.bc24,CyrilSharma.finalBot,0,B,finalBot,1,1429,CAPTURE,3,405,222,40,0,0,0,60,5,3,2393,363,12,6,934,887,0,0,97,255,268,254,ATK@600+HEAL@1200
gauntlet/20261003-002104-scrim-g1basics/losses/CyrilSharma.finalBot__Decision__botB.bc24,CyrilSharma.finalBot,0,A,finalBot,1,1275,CAPTURE,3,563,342,25,0,0,0,57,17,1,1818,270,11,3,810,1182,0,0,59,207,164,137,ATK@600+HEAL@1200
gauntlet/20261003-002104-scrim-g1basics/losses/CyrilSharma.finalBot__Decision__botB.bc24,CyrilSharma.finalBot,1,B,g1basics,0,1275,CAPTURE,0,-1,632,7,0,0,0,0,73,18,180,180,2,4,825,1140,2,0,35,81,137,164,ATK@600+HEAL@1200
gauntlet/20261003-002104-scrim-g1basics/losses/CyrilSharma.finalBot__Bunkers__botA.bc24,CyrilSharma.finalBot,1,A,g1basics,0,1558,CAPTURE,1,503,459,5,0,0,0,0,30,37,140,185,6,2,1046,1275,12,0,48,190,521,623,ATK@600+HEAL@1200
gauntlet/20261003-002104-scrim-g1basics/losses/CyrilSharma.finalBot__Bunkers__botA.bc24,CyrilSharma.finalBot,0,B,finalBot,1,1558,CAPTURE,3,281,237,24,0,0,0,60,5,4,3654,354,12,8,1225,1124,0,0,127,534,623,521,ATK@600+HEAL@1200
gauntlet/20261003-002104-scrim-g1basics/losses/CyrilSharma.finalBot__EvilGrin__botB.bc24,CyrilSharma.finalBot,0,A,finalBot,1,2000,MORE_FLAG_CAPTURES,2,351,302,8,0,0,0,55,25,0,2674,5103,11,3,977,1025,0,0,157,432,493,510,ATK@600+HEAL@1200+CAP@1800
gauntlet/20261003-002104-scrim-g1basics/losses/CyrilSharma.finalBot__EvilGrin__botB.bc24,CyrilSharma.finalBot,1,B,g1basics,0,2000,MORE_FLAG_CAPTURES,1,1796,460,17,0,0,0,0,52,25,155,195,4,17,804,1062,3,0,53,190,510,493,ATK@600+HEAL@1200+CAP@1800
gauntlet/20261003-002104-scrim-g1basics/losses/ColtG5.Goob_final__Joker__botB.bc24,ColtG5.Goob_final,0,A,Goob_final,1,2000,MORE_FLAG_CAPTURES,2,523,455,4,0,0,0,0,28,0,16060,20600,0,8,1020,954,12,0,113,458,629,1316,ATK@600+HEAL@1200+CAP@1800
gauntlet/20261003-002104-scrim-g1basics/losses/ColtG5.Goob_final__Joker__botB.bc24,ColtG5.Goob_final,1,B,g1basics,0,2000,MORE_FLAG_CAPTURES,1,1086,670,2,0,0,0,0,2,106,4990,210,12,8,1232,1458,24,0,186,436,1316,629,ATK@600+HEAL@1200+CAP@1800
gauntlet/20261003-002104-scrim-g1basics/losses/Gymhgy.v10official__Asteroids__botA.bc24,Gymhgy.v10official,1,A,g1basics,0,580,CAPTURE,1,384,314,8,0,0,0,0,33,20,155,140,3,18,1069,1387,3,0,42,39,79,52,
gauntlet/20261003-002104-scrim-g1basics/losses/Gymhgy.v10official__Asteroids__botA.bc24,Gymhgy.v10official,0,B,v10official,1,580,CAPTURE,3,392,329,45,31,3,12,83,34,2,709,299,16,0,868,1472,11,2,67,81,52,79,
gauntlet/20261003-002104-scrim-g1basics/losses/Gymhgy.v10official__Backslash__botA.bc24,Gymhgy.v10official,1,A,g1basics,0,563,CAPTURE,0,-1,231,16,0,0,0,0,162,18,170,35,2,6,756,1071,15,0,93,102,50,83,
gauntlet/20261003-002104-scrim-g1basics/losses/Gymhgy.v10official__Backslash__botA.bc24,Gymhgy.v10official,0,B,v10official,1,563,CAPTURE,3,285,244,26,20,3,37,59,107,3,2597,9260,11,0,727,1098,71,3,68,111,83,50,
gauntlet/20261003-002104-scrim-g1basics/losses/IvanGeffner.kuma__Occulus__botA.bc24,IvanGeffner.kuma,1,A,g1basics,0,347,CAPTURE,1,315,239,4,0,0,0,0,13,35,165,110,6,0,623,876,4,0,47,31,28,69,
gauntlet/20261003-002104-scrim-g1basics/losses/IvanGeffner.kuma__Occulus__botA.bc24,IvanGeffner.kuma,0,B,kuma,1,347,CAPTURE,3,286,253,31,22,0,0,90,11,1,2365,2190,18,7,941,760,3,0,107,85,69,28,
gauntlet/20261003-002104-scrim-g1basics/losses/Gymhgy.v10official__DefaultLarge__botB.bc24,Gymhgy.v10official,0,A,v10official,1,2000,LEVEL_SUM,2,454,310,64,53,3,13,90,38,2,1405,25,18,0,1148,1774,5,2,82,337,508,423,ATK@600+HEAL@1200+CAP@1800
gauntlet/20261003-002104-scrim-g1basics/losses/Gymhgy.v10official__DefaultLarge__botB.bc24,Gymhgy.v10official,1,B,g1basics,0,2000,LEVEL_SUM,2,1183,338,49,0,0,0,0,41,23,135,165,4,15,1083,1570,13,0,46,245,423,508,ATK@600+HEAL@1200+CAP@1800
gauntlet/20261003-002104-scrim-g1basics/losses/Gymhgy.v10official__Klein__botB.bc24,Gymhgy.v10official,0,A,v10official,1,2000,MORE_FLAG_CAPTURES,2,293,281,26,14,3,39,52,154,2,4531,1268,10,0,948,1604,0,2,54,235,398,512,ATK@600+HEAL@1200+CAP@1800
gauntlet/20261003-002104-scrim-g1basics/losses/Gymhgy.v10official__Klein__botB.bc24,Gymhgy.v10official,1,B,g1basics,0,2000,MORE_FLAG_CAPTURES,0,-1,396,33,0,0,0,0,86,46,185,165,8,2,1044,1506,17,0,42,312,512,398,ATK@600+HEAL@1200+CAP@1800
gauntlet/20261003-002104-scrim-g1basics/losses/IvanGeffner.kuma__Backslash__botA.bc24,IvanGeffner.kuma,1,A,g1basics,0,1714,CAPTURE,0,-1,280,1,0,0,0,0,165,18,185,175,3,2,923,1272,17,0,95,261,392,1114,ATK@600+HEAL@1200
gauntlet/20261003-002104-scrim-g1basics/losses/IvanGeffner.kuma__Backslash__botA.bc24,IvanGeffner.kuma,0,B,kuma,1,1714,CAPTURE,3,302,264,40,29,0,0,90,143,0,1618,2613,18,12,1244,1294,15,0,172,756,1114,392,ATK@600+HEAL@1200
gauntlet/20261003-002104-scrim-g1basics/losses/Gymhgy.v10official__CH3353C4K3F4CT0RY__botA.bc24,Gymhgy.v10official,1,A,g1basics,0,2000,MORE_FLAG_CAPTURES,1,809,320,9,0,0,0,0,12,111,2835,235,12,13,1154,1516,24,0,135,309,695,426,ATK@600+HEAL@1200+CAP@1800
gauntlet/20261003-002104-scrim-g1basics/losses/Gymhgy.v10official__CH3353C4K3F4CT0RY__botA.bc24,Gymhgy.v10official,0,B,v10official,1,2000,MORE_FLAG_CAPTURES,2,343,287,24,17,3,21,90,9,3,13375,7375,18,0,1049,1694,24,3,147,434,426,695,ATK@600+HEAL@1200+CAP@1800
gauntlet/20261003-002104-scrim-g1basics/losses/IvanGeffner.kuma__Swoop__botA.bc24,IvanGeffner.kuma,1,A,g1basics,0,514,CAPTURE,1,293,251,2,0,0,0,0,64,38,165,170,6,6,820,1188,12,0,52,47,50,125,
gauntlet/20261003-002104-scrim-g1basics/losses/IvanGeffner.kuma__Swoop__botA.bc24,IvanGeffner.kuma,0,B,kuma,1,514,CAPTURE,3,309,239,18,11,0,0,90,69,3,2925,1775,18,2,1171,1192,2,0,111,108,125,50,
gauntlet/20261003-002104-scrim-g1basics/losses/IvanGeffner.kuma__Racetrack__botA.bc24,IvanGeffner.kuma,1,A,g1basics,0,1930,CAPTURE,1,418,332,6,0,0,0,0,61,3,170,110,0,14,1046,1601,1,0,19,171,548,766,ATK@600+HEAL@1200+CAP@1800
gauntlet/20261003-002104-scrim-g1basics/losses/IvanGeffner.kuma__Racetrack__botA.bc24,IvanGeffner.kuma,0,B,kuma,1,1930,CAPTURE,3,419,366,57,28,0,0,47,61,0,14,21,8,15,1098,1479,0,0,0,501,766,548,ATK@600+HEAL@1200+CAP@1800
gauntlet/20261003-002104-scrim-g1basics/losses/NotLLeon.v3__ORV__botA.bc24,NotLLeon.v3,1,A,g1basics,0,397,CAPTURE,0,-1,0,0,0,0,0,0,36,35,205,195,6,10,969,1376,21,0,64,42,58,44,
gauntlet/20261003-002104-scrim-g1basics/losses/NotLLeon.v3__ORV__botA.bc24,NotLLeon.v3,0,B,v3,1,397,CAPTURE,3,292,233,26,10,0,0,0,31,0,4670,2870,0,3,1049,1075,0,0,85,76,44,58,
gauntlet/20261003-002104-scrim-g1basics/losses/NotLLeon.v3__Backslash__botB.bc24,NotLLeon.v3,0,A,v3,1,710,CAPTURE,3,287,254,30,12,0,0,0,150,0,2400,7230,0,6,1137,1097,0,0,157,184,154,190,ATK@600
gauntlet/20261003-002104-scrim-g1basics/losses/NotLLeon.v3__Backslash__botB.bc24,NotLLeon.v3,1,B,g1basics,0,710,CAPTURE,1,683,397,8,0,0,0,0,126,14,170,155,2,1,896,1124,19,0,99,115,190,154,ATK@600
gauntlet/20261003-002104-scrim-g1basics/losses/NotLLeon.v3__Pancakes__botB.bc24,NotLLeon.v3,0,A,v3,1,406,CAPTURE,3,298,255,22,6,0,0,0,9,0,2130,2120,0,11,1020,1092,0,0,80,77,55,39,
gauntlet/20261003-002104-scrim-g1basics/losses/NotLLeon.v3__Pancakes__botB.bc24,NotLLeon.v3,1,B,g1basics,0,406,CAPTURE,1,286,231,12,0,0,0,0,16,18,130,180,2,4,846,1186,14,0,59,32,39,55,
gauntlet/20261003-002104-scrim-g1basics/losses/NotLLeon.v3__Gated__botB.bc24,NotLLeon.v3,0,A,v3,1,587,CAPTURE,3,296,233,35,9,0,0,0,23,0,3210,1500,0,8,969,1025,0,0,61,78,110,97,
gauntlet/20261003-002104-scrim-g1basics/losses/NotLLeon.v3__Gated__botB.bc24,NotLLeon.v3,1,B,g1basics,0,587,CAPTURE,0,-1,239,6,0,0,0,0,31,27,113,203,4,7,867,1009,8,0,41,40,97,110,
gauntlet/20261003-002104-scrim-g1basics/losses/NotLLeon.v3__Backslash__botA.bc24,NotLLeon.v3,1,A,g1basics,0,1703,CAPTURE,0,-1,220,4,0,0,0,0,90,7,120,165,1,1,812,882,16,0,77,246,556,801,ATK@600+HEAL@1200
gauntlet/20261003-002104-scrim-g1basics/losses/NotLLeon.v3__Backslash__botA.bc24,NotLLeon.v3,0,B,v3,1,1703,CAPTURE,3,325,247,36,9,0,0,0,133,0,2010,8710,0,1,1004,955,0,0,129,466,801,556,ATK@600+HEAL@1200
gauntlet/20261003-002104-scrim-g1basics/losses/Strequals.duck0127v5__Canals__botA.bc24,Strequals.duck0127v5,1,A,g1basics,0,783,CAPTURE,0,-1,406,2,0,0,0,0,0,61,165,150,10,2,797,1304,19,0,58,86,83,266,ATK@600
gauntlet/20261003-002104-scrim-g1basics/losses/Strequals.duck0127v5__Canals__botA.bc24,Strequals.duck0127v5,0,B,duck0127v5,1,783,CAPTURE,3,306,274,12,0,0,0,90,46,4,4071,3351,18,10,1099,1363,0,3,124,252,266,83,ATK@600
gauntlet/20261003-002104-scrim-g1basics/losses/NotLLeon.v3__Waterworld__botB.bc24,NotLLeon.v3,0,A,v3,1,2000,MORE_FLAG_CAPTURES,2,600,318,64,7,0,0,0,251,0,2470,2250,0,8,751,754,0,0,38,225,557,829,ATK@600+HEAL@1200+CAP@1800
gauntlet/20261003-002104-scrim-g1basics/losses/NotLLeon.v3__Waterworld__botB.bc24,NotLLeon.v3,1,B,g1basics,0,2000,MORE_FLAG_CAPTURES,1,806,561,13,0,0,0,0,271,63,515,45,11,3,866,1039,24,0,74,366,829,557,ATK@600+HEAL@1200+CAP@1800
gauntlet/20261003-002104-scrim-g1basics/losses/Strequals.duck0127v5__MazeRunner__botA.bc24,Strequals.duck0127v5,1,A,g1basics,0,1025,CAPTURE,2,427,272,20,0,0,0,0,72,21,30,135,4,4,696,1154,15,0,27,67,125,175,ATK@600
gauntlet/20261003-002104-scrim-g1basics/losses/Strequals.duck0127v5__MazeRunner__botA.bc24,Strequals.duck0127v5,0,B,duck0127v5,1,1025,CAPTURE,3,679,619,10,0,0,0,90,80,3,1561,3675,18,5,814,1065,0,3,31,143,175,125,ATK@600
gauntlet/20261003-002104-scrim-g1basics/losses/Strequals.duck0127v5__MIT__botB.bc24,Strequals.duck0127v5,0,A,duck0127v5,1,1592,CAPTURE,3,409,314,19,0,0,0,90,82,16,5244,36067,18,12,887,1171,0,3,140,664,506,266,ATK@600+HEAL@1200
gauntlet/20261003-002104-scrim-g1basics/losses/Strequals.duck0127v5__MIT__botB.bc24,Strequals.duck0127v5,1,B,g1basics,0,1592,CAPTURE,2,1215,400,26,0,0,0,0,40,62,640,253,10,7,769,1264,24,0,143,290,266,506,ATK@600+HEAL@1200
gauntlet/20261003-002104-scrim-g1basics/losses/Strequals.duck0127v5__Divergent__botB.bc24,Strequals.duck0127v5,0,A,duck0127v5,1,2000,LEVEL_SUM,0,-1,531,2,0,0,0,90,15,1,3145,1860,18,4,922,1159,0,2,86,470,542,266,ATK@600+HEAL@1200+CAP@1800
gauntlet/20261003-002104-scrim-g1basics/losses/Strequals.duck0127v5__Divergent__botB.bc24,Strequals.duck0127v5,1,B,g1basics,0,2000,LEVEL_SUM,0,-1,328,27,0,0,0,0,34,43,175,265,7,12,720,1367,21,0,41,198,266,542,ATK@600+HEAL@1200+CAP@1800
gauntlet/20261003-002104-scrim-g1basics/losses/Strequals.duck0127v5__Rainbow__botA.bc24,Strequals.duck0127v5,1,A,g1basics,0,1882,CAPTURE,1,1828,293,16,0,0,0,0,50,60,140,235,10,20,841,1363,22,0,58,268,389,632,ATK@600+HEAL@1200+CAP@1800
gauntlet/20261003-002104-scrim-g1basics/losses/Strequals.duck0127v5__Rainbow__botA.bc24,Strequals.duck0127v5,0,B,duck0127v5,1,1882,CAPTURE,3,940,321,16,0,0,0,90,36,13,5704,3974,18,2,1089,1225,0,3,124,611,632,389,ATK@600+HEAL@1200+CAP@1800
gauntlet/20261003-002104-scrim-g1basics/losses/andli28.v9_USQuals_angle__Canals__botA.bc24,andli28.v9_USQuals_angle,1,A,g1basics,0,1911,CAPTURE,0,-1,0,0,0,0,0,0,0,61,230,300,11,9,972,1552,20,0,58,316,400,1143,ATK@600+HEAL@1200+CAP@1800
gauntlet/20261003-002104-scrim-g1basics/losses/andli28.v9_USQuals_angle__Canals__botA.bc24,andli28.v9_USQuals_angle,0,B,v9_USQuals_angle,1,1911,CAPTURE,3,406,351,71,0,0,0,90,0,4,5345,4550,18,5,975,1056,11,2,78,832,1143,400,ATK@600+HEAL@1200+CAP@1800
gauntlet/20261003-002104-scrim-g1basics/losses/andli28.v9_USQuals_angle__Battlecode24__botB.bc24,andli28.v9_USQuals_angle,0,A,v9_USQuals_angle,1,2000,LEVEL_SUM,1,504,305,27,0,0,0,72,53,4,11605,26489,15,20,888,1204,8,2,77,672,714,388,ATK@600+HEAL@1200+CAP@1800
gauntlet/20261003-002104-scrim-g1basics/losses/andli28.v9_USQuals_angle__Battlecode24__botB.bc24,andli28.v9_USQuals_angle,1,B,g1basics,0,2000,LEVEL_SUM,1,1460,433,8,0,0,0,0,79,93,1974,244,12,9,905,1267,25,0,127,337,388,714,ATK@600+HEAL@1200+CAP@1800
gauntlet/20261003-002104-scrim-g1basics/losses/andli28.v9_USQuals_angle__EvilGrin__botB.bc24,andli28.v9_USQuals_angle,0,A,v9_USQuals_angle,1,1578,CAPTURE,3,486,347,22,0,0,0,88,26,6,1861,5156,18,6,1137,1420,14,3,114,565,691,295,ATK@600+HEAL@1200
gauntlet/20261003-002104-scrim-g1basics/losses/andli28.v9_USQuals_angle__EvilGrin__botB.bc24,andli28.v9_USQuals_angle,1,B,g1basics,0,1578,CAPTURE,0,-1,0,0,0,0,0,0,53,22,175,195,4,3,981,1565,6,0,35,208,295,691,ATK@600+HEAL@1200
gauntlet/20261003-002104-scrim-g1basics/losses/andrewgopher.player22__Digging__botB.bc24,andrewgopher.player22,0,A,player22,1,1642,CAPTURE,3,318,292,27,0,3,0,0,26,0,2320,10,0,2,1348,903,0,0,69,456,1260,715,ATK@600+HEAL@1200
gauntlet/20261003-002104-scrim-g1basics/losses/andrewgopher.player22__Digging__botB.bc24,andrewgopher.player22,1,B,g1basics,0,1642,CAPTURE,0,-1,560,1,0,0,0,0,15,23,150,120,3,2,1074,1653,7,0,46,185,715,1260,ATK@600+HEAL@1200
gauntlet/20261003-002104-scrim-g1basics/losses/andli28.v9_USQuals_angle__HeMustBeFreed__botB.bc24,andli28.v9_USQuals_angle,0,A,v9_USQuals_angle,1,2000,MORE_FLAG_CAPTURES,2,432,271,13,0,0,0,86,108,6,295,9740,18,6,704,798,20,3,81,296,379,284,ATK@600+HEAL@1200+CAP@1800
gauntlet/20261003-002104-scrim-g1basics/losses/andli28.v9_USQuals_angle__HeMustBeFreed__botB.bc24,andli28.v9_USQuals_angle,1,B,g1basics,0,2000,MORE_FLAG_CAPTURES,0,-1,0,0,0,0,0,0,106,16,134,134,3,2,642,938,13,0,33,169,284,379,ATK@600+HEAL@1200+CAP@1800
gauntlet/20261003-002104-scrim-g1basics/losses/andli28.v9_USQuals_angle__Valentine__botA.bc24,andli28.v9_USQuals_angle,1,A,g1basics,0,2000,MORE_FLAG_CAPTURES,0,-1,0,0,0,0,0,0,0,37,210,40,6,13,840,1343,7,0,41,269,496,721,ATK@600+HEAL@1200+CAP@1800
gauntlet/20261003-002104-scrim-g1basics/losses/andli28.v9_USQuals_angle__Valentine__botA.bc24,andli28.v9_USQuals_angle,0,B,v9_USQuals_angle,1,2000,MORE_FLAG_CAPTURES,1,402,317,30,0,0,0,90,0,6,2445,5455,18,3,1029,1082,13,3,87,489,721,496,ATK@600+HEAL@1200+CAP@1800
gauntlet/20261003-002104-scrim-g1basics/losses/andrewgopher.player22__ORV__botA.bc24,andrewgopher.player22,1,A,g1basics,0,1033,CAPTURE,0,-1,443,1,0,0,0,0,37,32,135,125,5,20,924,1481,14,0,41,92,463,350,ATK@600
gauntlet/20261003-002104-scrim-g1basics/losses/andrewgopher.player22__ORV__botA.bc24,andrewgopher.player22,0,B,player22,1,1033,CAPTURE,3,335,271,11,0,3,0,0,58,0,3860,3090,0,4,1300,457,11,0,93,180,350,463,ATK@600
gauntlet/20261003-002104-scrim-g1basics/losses/andli28.v9_USQuals_angle__Joker__botB.bc24,andli28.v9_USQuals_angle,0,A,v9_USQuals_angle,1,1362,CAPTURE,3,667,486,48,0,0,0,87,1,6,15105,22705,18,7,984,1218,18,4,93,573,617,346,ATK@600+HEAL@1200
gauntlet/20261003-002104-scrim-g1basics/losses/andli28.v9_USQuals_angle__Joker__botB.bc24,andli28.v9_USQuals_angle,1,B,g1basics,0,1362,CAPTURE,1,694,228,26,0,0,0,0,2,113,4295,275,12,8,1014,1283,24,0,191,359,346,617,ATK@600+HEAL@1200
gauntlet/20261003-002104-scrim-g1basics/losses/andrewgopher.player22__StackGame__botB.bc24,andrewgopher.player22,0,A,player22,1,380,CAPTURE,3,269,245,8,0,3,0,0,51,0,5470,320,0,2,1352,687,2,0,89,58,95,89,
gauntlet/20261003-002104-scrim-g1basics/losses/andrewgopher.player22__StackGame__botB.bc24,andrewgopher.player22,1,B,g1basics,0,380,CAPTURE,0,-1,0,0,0,0,0,0,34,51,170,300,9,5,946,1276,16,0,52,53,89,95,
gauntlet/20261003-002104-scrim-g1basics/losses/andrewgopher.player22__Mountain__botA.bc24,andrewgopher.player22,1,A,g1basics,0,2000,MORE_FLAG_CAPTURES,0,-1,337,2,0,0,0,0,35,47,160,165,8,16,1003,1401,19,0,50,228,1074,1094,ATK@600+HEAL@1200+CAP@1800
gauntlet/20261003-002104-scrim-g1basics/losses/andrewgopher.player22__Mountain__botA.bc24,andrewgopher.player22,0,B,player22,1,2000,MORE_FLAG_CAPTURES,2,391,368,14,0,3,0,0,39,0,5330,6170,0,5,1153,935,7,0,53,435,1094,1074,ATK@600+HEAL@1200+CAP@1800
gauntlet/20261003-002104-scrim-g1basics/losses/chenyx512.flagbot_final__AceOfSpades__botB.bc24,chenyx512.flagbot_final,0,A,flagbot_final,1,715,CAPTURE,3,285,230,10,0,3,27,90,83,0,422,15497,18,14,1228,1385,0,0,254,344,321,36,ATK@600
gauntlet/20261003-002104-scrim-g1basics/losses/chenyx512.flagbot_final__AceOfSpades__botB.bc24,chenyx512.flagbot_final,1,B,g1basics,0,715,CAPTURE,0,-1,231,3,0,0,0,0,11,32,185,235,6,11,779,1144,12,0,43,70,36,321,ATK@600
gauntlet/20261003-002104-scrim-g1basics/losses/chenyx512.flagbot_final__Racetrack__botA.bc24,chenyx512.flagbot_final,1,A,g1basics,0,1074,CAPTURE,1,850,467,17,0,0,0,0,65,2,150,130,0,14,989,1596,2,0,16,67,97,420,ATK@600
gauntlet/20261003-002104-scrim-g1basics/losses/chenyx512.flagbot_final__Racetrack__botA.bc24,chenyx512.flagbot_final,0,B,flagbot_final,1,1074,CAPTURE,3,570,383,20,0,3,26,45,57,0,15,15,8,3,1193,1690,0,0,0,108,420,97,ATK@600
gauntlet/20261003-002104-scrim-g1basics/losses/chenyx512.flagbot_final__Skyline__botB.bc24,chenyx512.flagbot_final,0,A,flagbot_final,1,733,CAPTURE,3,476,447,11,0,3,56,90,264,5,14528,12618,18,2,1071,1628,0,0,206,298,196,56,ATK@600
gauntlet/20261003-002104-scrim-g1basics/losses/chenyx512.flagbot_final__Skyline__botB.bc24,chenyx512.flagbot_final,1,B,g1basics,0,733,CAPTURE,2,243,211,5,0,0,0,0,99,104,8980,230,9,6,924,1211,24,0,189,230,56,196,ATK@600
gauntlet/20261003-002104-scrim-g1basics/losses/chenyx512.flagbot_final__Swoop__botA.bc24,chenyx512.flagbot_final,1,A,g1basics,0,701,CAPTURE,0,-1,230,16,0,0,0,0,69,38,165,195,6,18,840,1237,11,0,49,80,36,174,ATK@600
gauntlet/20261003-002104-scrim-g1basics/losses/chenyx512.flagbot_final__Swoop__botA.bc24,chenyx512.flagbot_final,0,B,flagbot_final,1,701,CAPTURE,3,522,236,17,0,3,36,90,167,0,371,41,18,18,1109,1538,0,0,51,141,174,36,ATK@600
gauntlet/20261003-002104-scrim-g1basics/losses/chenyx512.flagbot_final__Divergent__botB.bc24,chenyx512.flagbot_final,0,A,flagbot_final,1,2000,MORE_FLAG_CAPTURES,1,1620,1123,9,0,3,23,90,145,0,542,192,18,2,961,1320,0,0,48,526,866,213,ATK@600+HEAL@1200+CAP@1800
gauntlet/20261003-002104-scrim-g1basics/losses/chenyx512.flagbot_final__Divergent__botB.bc24,chenyx512.flagbot_final,1,B,g1basics,0,2000,MORE_FLAG_CAPTURES,0,-1,233,13,0,0,0,0,29,42,259,199,8,14,843,1329,22,0,39,213,213,866,ATK@600+HEAL@1200+CAP@1800
gauntlet/20261003-002104-scrim-g1basics/losses/hsmalladi.finalbot__AceOfSpades__botA.bc24,hsmalladi.finalbot,1,A,g1basics,0,654,CAPTURE,1,528,249,12,0,0,0,0,9,33,145,285,5,2,881,1104,16,0,62,106,159,163,ATK@600
gauntlet/20261003-002104-scrim-g1basics/losses/hsmalladi.finalbot__AceOfSpades__botA.bc24,hsmalladi.finalbot,0,B,finalbot,1,654,CAPTURE,3,294,234,38,7,3,7,60,16,0,2807,5737,12,4,1192,919,5,10,187,227,163,159,ATK@600
gauntlet/20261003-002104-scrim-g1basics/losses/chenyx512.flagbot_final__Tunnels__botB.bc24,chenyx512.flagbot_final,0,A,flagbot_final,1,2000,MORE_FLAG_CAPTURES,1,1851,1780,7,0,3,23,90,111,2,45,885,18,4,684,1199,0,0,33,389,502,395,ATK@600+HEAL@1200+CAP@1800
gauntlet/20261003-002104-scrim-g1basics/losses/chenyx512.flagbot_final__Tunnels__botB.bc24,chenyx512.flagbot_final,1,B,g1basics,0,2000,MORE_FLAG_CAPTURES,0,-1,0,0,0,0,0,0,62,24,185,170,4,21,753,1221,7,0,43,174,395,502,ATK@600+HEAL@1200+CAP@1800
gauntlet/20261003-002104-scrim-g1basics/losses/hsmalladi.finalbot__Fountain__botB.bc24,hsmalladi.finalbot,0,A,finalbot,1,668,CAPTURE,3,387,322,31,7,3,34,34,44,0,1999,37,6,0,706,881,0,1,19,43,119,131,ATK@600
gauntlet/20261003-002104-scrim-g1basics/losses/hsmalladi.finalbot__Fountain__botB.bc24,hsmalladi.finalbot,1,B,g1basics,0,668,CAPTURE,1,410,306,3,0,0,0,0,43,20,180,140,3,6,643,1036,9,0,25,53,131,119,ATK@600
gauntlet/20261003-002104-scrim-g1basics/losses/hsmalladi.finalbot__ORV__botB.bc24,hsmalladi.finalbot,0,A,finalbot,1,605,CAPTURE,3,383,283,50,1,3,26,60,42,0,3445,95,12,3,1101,993,10,2,88,116,138,153,ATK@600
gauntlet/20261003-002104-scrim-g1basics/losses/hsmalladi.finalbot__ORV__botB.bc24,hsmalladi.finalbot,1,B,g1basics,0,605,CAPTURE,1,529,431,2,0,0,0,0,32,37,148,188,7,1,968,1233,14,0,49,60,153,138,ATK@600
gauntlet/20261003-002104-scrim-g1basics/losses/hsmalladi.finalbot__WheresMyWater__botB.bc24,hsmalladi.finalbot,0,A,finalbot,1,1811,CAPTURE,3,245,233,56,2,3,26,28,77,6,1989,29,5,0,1199,1191,0,6,57,322,786,827,ATK@600+HEAL@1200+CAP@1800
gauntlet/20261003-002104-scrim-g1basics/losses/hsmalladi.finalbot__WheresMyWater__botB.bc24,hsmalladi.finalbot,1,B,g1basics,0,1811,CAPTURE,1,578,286,5,0,0,0,0,35,35,180,160,6,18,1111,1763,13,0,59,326,827,786,ATK@600+HEAL@1200+CAP@1800
gauntlet/20261003-002104-scrim-g1basics/losses/jmerle.camel_case_v21_final__Canals__botA.bc24,jmerle.camel_case_v21_final,1,A,g1basics,0,522,CAPTURE,0,-1,0,0,0,0,0,0,0,58,220,240,11,17,696,929,21,0,57,69,131,188,
gauntlet/20261003-002104-scrim-g1basics/losses/jmerle.camel_case_v21_final__Canals__botA.bc24,jmerle.camel_case_v21_final,0,B,camel_case_v21_final,1,522,CAPTURE,3,335,301,8,0,0,0,0,0,0,7000,3020,0,0,1460,406,0,0,124,147,188,131,
gauntlet/20261003-002104-scrim-g1basics/losses/hsmalladi.finalbot__HeMustBeFreed__botB.bc24,hsmalladi.finalbot,0,A,finalbot,1,1923,CAPTURE,3,381,269,39,10,3,22,43,188,0,1996,3838,8,0,686,724,1,3,83,328,503,420,ATK@600+HEAL@1200+CAP@1800
gauntlet/20261003-002104-scrim-g1basics/losses/hsmalladi.finalbot__HeMustBeFreed__botB.bc24,hsmalladi.finalbot,1,B,g1basics,0,1923,CAPTURE,1,826,319,22,0,0,0,0,125,14,40,140,2,10,554,886,5,0,33,167,420,503,ATK@600+HEAL@1200+CAP@1800
gauntlet/20261003-002104-scrim-g1basics/losses/jmerle.camel_case_v21_final__Battlecode24__botA.bc24,jmerle.camel_case_v21_final,1,A,g1basics,0,537,CAPTURE,0,-1,317,2,0,0,0,0,70,94,2094,264,12,23,742,1021,25,0,153,175,138,139,
gauntlet/20261003-002104-scrim-g1basics/losses/jmerle.camel_case_v21_final__Battlecode24__botA.bc24,jmerle.camel_case_v21_final,0,B,camel_case_v21_final,1,537,CAPTURE,3,387,356,8,0,0,0,0,88,0,9360,13460,0,3,1088,440,0,0,246,286,139,138,
gauntlet/20261003-002104-scrim-g1basics/losses/jmerle.camel_case_v21_final__Fountain__botA.bc24,jmerle.camel_case_v21_final,1,A,g1basics,0,452,CAPTURE,1,319,282,6,0,0,0,0,40,20,283,123,3,18,879,1178,10,0,28,33,115,120,
gauntlet/20261003-002104-scrim-g1basics/losses/jmerle.camel_case_v21_final__Fountain__botA.bc24,jmerle.camel_case_v21_final,0,B,camel_case_v21_final,1,452,CAPTURE,3,340,278,6,0,0,0,0,25,0,2950,10,0,0,1266,508,0,0,38,43,120,115,
gauntlet/20261003-002104-scrim-g1basics/losses/jmerle.camel_case_v21_final__StackGame__botA.bc24,jmerle.camel_case_v21_final,1,A,g1basics,0,386,CAPTURE,0,-1,300,2,0,0,0,0,32,50,210,195,8,0,857,1270,15,0,59,53,93,86,
gauntlet/20261003-002104-scrim-g1basics/losses/jmerle.camel_case_v21_final__StackGame__botA.bc24,jmerle.camel_case_v21_final,0,B,camel_case_v21_final,1,386,CAPTURE,3,285,230,8,0,0,0,0,30,3,5800,530,0,5,1300,473,0,0,96,93,86,93,
gauntlet/20261003-002104-scrim-g1basics/losses/jmerle.camel_case_v21_final__Swoop__botA.bc24,jmerle.camel_case_v21_final,1,A,g1basics,0,422,CAPTURE,0,-1,238,6,0,0,0,0,64,39,135,315,7,10,741,1325,11,0,52,51,68,97,
gauntlet/20261003-002104-scrim-g1basics/losses/jmerle.camel_case_v21_final__Swoop__botA.bc24,jmerle.camel_case_v21_final,0,B,camel_case_v21_final,1,422,CAPTURE,3,270,225,8,0,0,0,0,28,0,5860,3080,0,2,1341,605,0,0,91,89,97,68,
gauntlet/20261003-002104-scrim-g1basics/losses/jmerle.camel_case_v21_final__YearOfTheDragon__botA.bc24,jmerle.camel_case_v21_final,1,A,g1basics,0,669,CAPTURE,0,-1,369,2,0,0,0,0,9,108,685,215,11,15,770,1156,28,0,109,135,215,230,ATK@600
gauntlet/20261003-002104-scrim-g1basics/losses/jmerle.camel_case_v21_final__YearOfTheDragon__botA.bc24,jmerle.camel_case_v21_final,0,B,camel_case_v21_final,1,669,CAPTURE,3,358,286,9,0,0,0,0,6,4,12620,4860,0,3,1239,449,0,0,159,226,230,215,ATK@600
gauntlet/20261003-002104-scrim-g1basics/losses/quesswho.cretplayer2_3__AceOfSpades__botA.bc24,quesswho.cretplayer2_3,1,A,g1basics,0,635,CAPTURE,1,460,262,16,0,0,0,0,14,33,135,145,5,4,794,1077,15,0,57,72,129,98,ATK@600
gauntlet/20261003-002104-scrim-g1basics/losses/quesswho.cretplayer2_3__AceOfSpades__botA.bc24,quesswho.cretplayer2_3,0,B,cretplayer2_3,1,635,CAPTURE,3,356,245,12,0,3,22,0,14,0,3780,7260,0,7,963,1140,0,5,206,214,98,129,ATK@600
gauntlet/20261003-002104-scrim-g1basics/losses/kyleezz.jeeryfix3__Backslash__botB.bc24,kyleezz.jeeryfix3,0,A,jeeryfix3,1,1721,CAPTURE,3,279,230,18,0,0,0,0,236,0,20,7040,0,5,1142,889,0,0,153,326,478,1334,ATK@600+CAP@1200
gauntlet/20261003-002104-scrim-g1basics/losses/kyleezz.jeeryfix3__Backslash__botB.bc24,kyleezz.jeeryfix3,1,B,g1basics,0,1721,CAPTURE,2,1254,277,10,0,0,0,0,157,22,135,155,3,4,1147,1151,17,0,90,375,1334,478,ATK@600+HEAL@1200
gauntlet/20261003-002104-scrim-g1basics/losses/kyleezz.jeeryfix3__Intercontinental__botB.bc24,kyleezz.jeeryfix3,0,A,jeeryfix3,1,1466,CAPTURE,3,267,221,39,0,0,0,0,159,0,30,300,0,1,1037,589,0,0,13,112,376,1113,ATK@600+CAP@1200
gauntlet/20261003-002104-scrim-g1basics/losses/kyleezz.jeeryfix3__Intercontinental__botB.bc24,kyleezz.jeeryfix3,1,B,g1basics,0,1466,CAPTURE,1,1351,408,11,0,0,0,0,76,17,170,50,2,10,1130,1586,8,0,26,161,1113,376,ATK@600+HEAL@1200
gauntlet/20261003-002104-scrim-g1basics/losses/quesswho.cretplayer2_3__ORV__botA.bc24,quesswho.cretplayer2_3,1,A,g1basics,0,1019,CAPTURE,0,-1,551,2,0,0,0,0,29,36,203,173,6,5,1055,1085,20,0,69,89,303,413,ATK@600
gauntlet/20261003-002104-scrim-g1basics/losses/quesswho.cretplayer2_3__ORV__botA.bc24,quesswho.cretplayer2_3,0,B,cretplayer2_3,1,1019,CAPTURE,3,559,238,37,0,3,16,0,21,0,4970,940,0,3,1120,1132,0,3,86,170,413,303,ATK@600
gauntlet/20261003-002104-scrim-g1basics/losses/winkelmantanner.waffle__Islands__botB.bc24,winkelmantanner.waffle,0,A,waffle,1,635,CAPTURE,3,358,226,42,0,0,0,0,34,62,1066,686,5,5,1200,1142,0,0,96,116,122,215,ATK@600
gauntlet/20261003-002104-scrim-g1basics/losses/winkelmantanner.waffle__Islands__botB.bc24,winkelmantanner.waffle,1,B,g1basics,0,635,CAPTURE,1,453,401,1,0,0,0,0,72,51,145,305,9,1,1212,1351,18,0,58,68,215,122,ATK@600
gauntlet/20261003-002104-scrim-g1basics/losses/winkelmantanner.waffle__Puzzle__botA.bc24,winkelmantanner.waffle,1,A,g1basics,0,900,CAPTURE,2,606,266,9,0,0,0,0,4,21,195,340,3,6,981,1067,19,0,113,175,361,168,ATK@600
gauntlet/20261003-002104-scrim-g1basics/losses/winkelmantanner.waffle__Puzzle__botA.bc24,winkelmantanner.waffle,0,B,waffle,1,900,CAPTURE,3,413,254,40,0,0,0,0,0,3,2100,6890,0,4,916,760,0,0,153,201,168,361,ATK@600
gauntlet/20261003-002104-scrim-g1basics/losses/winkelmantanner.waffle__Soccer__botB.bc24,winkelmantanner.waffle,0,A,waffle,1,836,CAPTURE,3,354,252,40,0,0,0,0,13,16,3410,780,0,4,1064,1192,0,0,77,138,189,333,ATK@600
gauntlet/20261003-002104-scrim-g1basics/losses/winkelmantanner.waffle__Soccer__botB.bc24,winkelmantanner.waffle,1,B,g1basics,0,836,CAPTURE,2,454,392,8,0,0,0,0,19,40,170,175,7,1,1070,1238,14,0,54,147,333,189,ATK@600
gauntlet/20261003-002104-scrim-g1basics/losses/winkelmantanner.waffle__Tunnels__botB.bc24,winkelmantanner.waffle,0,A,waffle,1,841,CAPTURE,3,504,468,21,0,0,0,0,25,4,3650,1980,0,20,702,796,0,0,53,91,106,324,ATK@600
gauntlet/20261003-002104-scrim-g1basics/losses/winkelmantanner.waffle__Tunnels__botB.bc24,winkelmantanner.waffle,1,B,g1basics,0,841,CAPTURE,0,-1,0,0,0,0,0,0,61,26,180,205,5,17,838,1141,16,0,40,75,324,106,ATK@600
gauntlet/20261003-002104-scrim-g1basics/replays/ColtG5.Goob_final__EvilGrin__botA.bc24,ColtG5.Goob_final,1,A,g1basics,1,1843,CAPTURE,3,1637,1459,11,0,0,0,0,45,24,165,180,4,24,1274,1660,11,0,47,292,1479,469,ATK@600+HEAL@1200+CAP@1800
gauntlet/20261003-002104-scrim-g1basics/replays/ColtG5.Goob_final__EvilGrin__botA.bc24,ColtG5.Goob_final,0,B,Goob_final,0,1843,CAPTURE,0,-1,336,5,0,0,0,0,54,0,2780,60,0,5,1183,1046,12,0,66,236,469,1479,ATK@600+HEAL@1200+CAP@1800
gauntlet/20261003-002104-scrim-g1basics/replays/ColtG5.Goob_final__SteamboatMickey__botB.bc24,ColtG5.Goob_final,0,A,Goob_final,0,1840,CAPTURE,2,337,289,3,0,0,0,0,48,0,8160,13240,0,4,1051,901,12,0,135,447,579,1150,ATK@600+HEAL@1200+CAP@1800
gauntlet/20261003-002104-scrim-g1basics/replays/ColtG5.Goob_final__SteamboatMickey__botB.bc24,ColtG5.Goob_final,1,B,g1basics,1,1840,CAPTURE,3,1094,401,8,0,0,0,0,7,75,615,235,11,4,1010,980,24,0,83,401,1150,579,ATK@600+HEAL@1200+CAP@1800
gauntlet/20261003-002104-scrim-g1basics/replays/ColtG5.Goob_final__Swoop__botB.bc24,ColtG5.Goob_final,0,A,Goob_final,0,1560,CAPTURE,2,272,226,21,0,0,0,0,69,0,4630,70,0,8,1043,739,3,0,66,213,482,1102,ATK@600+HEAL@1200
gauntlet/20261003-002104-scrim-g1basics/replays/ColtG5.Goob_final__Swoop__botB.bc24,ColtG5.Goob_final,1,B,g1basics,1,1560,CAPTURE,3,412,323,6,0,0,0,0,52,41,185,185,7,14,1127,1300,13,0,70,371,1102,482,ATK@600+HEAL@1200
gauntlet/20261003-002104-scrim-g1basics/replays/ColtG5.Goob_final__Gated__botA.bc24,ColtG5.Goob_final,1,A,g1basics,1,1757,CAPTURE,3,432,391,5,0,0,0,0,31,25,205,265,4,4,1047,1177,5,0,45,280,1207,449,ATK@600+HEAL@1200
gauntlet/20261003-002104-scrim-g1basics/replays/ColtG5.Goob_final__Gated__botA.bc24,ColtG5.Goob_final,0,B,Goob_final,0,1757,CAPTURE,1,406,227,24,0,0,0,0,37,0,2790,70,0,4,1073,837,0,0,60,206,449,1207,ATK@600+HEAL@1200
gauntlet/20261003-002104-scrim-g1basics/replays/Gymhgy.v10official__Decision__botB.bc24,Gymhgy.v10official,0,A,v10official,0,752,CAPTURE,1,362,268,47,39,3,12,90,73,3,415,65,18,0,768,1330,3,3,32,81,115,44,ATK@600
gauntlet/20261003-002104-scrim-g1basics/replays/Gymhgy.v10official__Decision__botB.bc24,Gymhgy.v10official,1,B,g1basics,1,752,CAPTURE,3,532,292,15,0,0,0,0,80,16,85,145,3,7,817,1091,3,0,28,43,44,115,ATK@600
gauntlet/20261003-002104-scrim-g1basics/replays/CyrilSharma.finalBot__Racetrack__botB.bc24,CyrilSharma.finalBot,0,A,finalBot,0,2000,LEVEL_SUM,2,983,462,10,0,0,0,14,35,0,1076,14,2,8,859,1195,0,0,13,282,544,823,ATK@600+HEAL@1200+CAP@1800
gauntlet/20261003-002104-scrim-g1basics/replays/CyrilSharma.finalBot__Racetrack__botB.bc24,CyrilSharma.finalBot,1,B,g1basics,1,2000,LEVEL_SUM,2,732,591,7,0,0,0,0,60,4,100,110,0,3,1205,1444,1,0,20,172,823,544,ATK@600+HEAL@1200+CAP@1800
gauntlet/20261003-002104-scrim-g1basics/replays/SampleProvider.TSPAARKSPRINT1__QuestionableChess__botB.bc24,SampleProvider.TSPAARKSPRINT1,0,A,TSPAARKSPRINT1,0,677,CAPTURE,0,-1,400,6,0,3,8,0,79,0,30,20,0,4,821,1782,0,0,0,10,45,119,ATK@600
gauntlet/20261003-002104-scrim-g1basics/replays/SampleProvider.TSPAARKSPRINT1__QuestionableChess__botB.bc24,SampleProvider.TSPAARKSPRINT1,1,B,g1basics,1,677,CAPTURE,3,407,225,20,0,0,0,0,60,3,200,140,0,9,1164,1301,1,0,21,24,119,45,ATK@600
gauntlet/20261003-002104-scrim-g1basics/replays/IvanGeffner.kuma__EndAround__botA.bc24,IvanGeffner.kuma,1,A,g1basics,1,2000,LEVEL_SUM,0,-1,0,0,0,0,0,0,71,22,135,205,3,5,505,868,15,0,47,208,427,501,ATK@600+HEAL@1200+CAP@1800
gauntlet/20261003-002104-scrim-g1basics/replays/IvanGeffner.kuma__EndAround__botA.bc24,IvanGeffner.kuma,0,B,kuma,0,2000,LEVEL_SUM,0,-1,304,7,0,0,0,90,59,0,1744,1944,18,13,697,655,13,0,90,531,501,427,ATK@600+HEAL@1200+CAP@1800
gauntlet/20261003-002104-scrim-g1basics/replays/SampleProvider.TSPAARKSPRINT1__Soccer__botB.bc24,SampleProvider.TSPAARKSPRINT1,0,A,TSPAARKSPRINT1,0,1282,CAPTURE,0,-1,359,83,0,3,38,0,48,7,3260,160,0,2,709,1925,10,26,5,95,156,446,ATK@600+CAP@1200
gauntlet/20261003-002104-scrim-g1basics/replays/SampleProvider.TSPAARKSPRINT1__Soccer__botB.bc24,SampleProvider.TSPAARKSPRINT1,1,B,g1basics,1,1282,CAPTURE,3,421,294,17,0,0,0,0,25,39,170,165,7,3,1119,1227,10,0,37,164,446,156,ATK@600+HEAL@1200
gauntlet/20261003-002104-scrim-g1basics/replays/SampleProvider.TSPAARKSPRINT1__Snake__botB.bc24,SampleProvider.TSPAARKSPRINT1,0,A,TSPAARKSPRINT1,0,1345,CAPTURE,2,740,261,46,0,3,41,0,174,2,10080,18560,0,2,408,828,21,28,7,192,196,434,ATK@600+CAP@1200
gauntlet/20261003-002104-scrim-g1basics/replays/SampleProvider.TSPAARKSPRINT1__Snake__botB.bc24,SampleProvider.TSPAARKSPRINT1,1,B,g1basics,1,1345,CAPTURE,3,429,243,49,0,0,0,0,182,83,653,20,12,10,870,826,24,0,243,386,434,196,ATK@600+HEAL@1200
gauntlet/20261003-002104-scrim-g1basics/replays/SampleProvider.TSPAARKSPRINT1__Waterworld__botA.bc24,SampleProvider.TSPAARKSPRINT1,1,A,g1basics,1,1010,CAPTURE,3,356,251,47,0,0,0,0,235,72,705,45,11,2,1012,904,24,0,111,237,354,86,ATK@600
gauntlet/20261003-002104-scrim-g1basics/replays/SampleProvider.TSPAARKSPRINT1__Waterworld__botA.bc24,SampleProvider.TSPAARKSPRINT1,0,B,TSPAARKSPRINT1,0,1010,CAPTURE,0,-1,300,22,0,3,0,0,492,4,1140,30,0,12,519,1572,6,11,1,28,86,354,ATK@600
gauntlet/20261003-002104-scrim-g1basics/replays/SampleProvider.TSPAARKSPRINT1__Foxes__botB.bc24,SampleProvider.TSPAARKSPRINT1,0,A,TSPAARKSPRINT1,0,2000,MORE_FLAG_CAPTURES,0,-1,520,10,0,3,44,0,29,0,9030,3550,0,4,547,1370,40,27,0,120,274,725,ATK@600+CAP@1200+HEAL@1800
gauntlet/20261003-002104-scrim-g1basics/replays/SampleProvider.TSPAARKSPRINT1__Foxes__botB.bc24,SampleProvider.TSPAARKSPRINT1,1,B,g1basics,1,2000,MORE_FLAG_CAPTURES,1,1859,243,122,0,0,0,0,15,77,655,145,12,11,864,1209,24,0,69,356,725,274,ATK@600+HEAL@1200+CAP@1800
gauntlet/20261003-002104-scrim-g1basics/replays/SampleProvider.TSPAARKSPRINT1__WheresMyWater__botA.bc24,SampleProvider.TSPAARKSPRINT1,1,A,g1basics,1,944,CAPTURE,3,360,268,16,0,0,0,0,55,29,145,170,5,3,1418,1261,11,0,43,106,349,88,ATK@600
gauntlet/20261003-002104-scrim-g1basics/replays/SampleProvider.TSPAARKSPRINT1__WheresMyWater__botA.bc24,SampleProvider.TSPAARKSPRINT1,0,B,TSPAARKSPRINT1,0,944,CAPTURE,1,278,261,48,0,3,4,0,176,1,20,30,0,18,729,1788,4,21,2,41,88,349,ATK@600
gauntlet/20261003-002104-scrim-g1basics/replays/awu7.ExplosiveBot__BedWars__botB.bc24,awu7.ExplosiveBot,0,A,ExplosiveBot,0,813,CAPTURE,0,-1,795,1,0,0,0,0,0,13,2800,10,0,3,152,131,16,0,6,22,47,206,ATK@600
gauntlet/20261003-002104-scrim-g1basics/replays/awu7.ExplosiveBot__BedWars__botB.bc24,awu7.ExplosiveBot,1,B,g1basics,1,813,CAPTURE,3,431,399,5,0,0,0,0,0,43,190,30,7,6,183,265,7,0,37,35,206,47,ATK@600
gauntlet/20261003-002104-scrim-g1basics/replays/andrewgopher.player22__Diagonal__botA.bc24,andrewgopher.player22,1,A,g1basics,1,2000,LEVEL_SUM,0,-1,233,90,0,0,0,0,23,57,246,286,10,21,505,985,24,0,54,271,535,406,ATK@600+HEAL@1200+CAP@1800
gauntlet/20261003-002104-scrim-g1basics/replays/andrewgopher.player22__Diagonal__botA.bc24,andrewgopher.player22,0,B,player22,0,2000,LEVEL_SUM,0,-1,0,3,0,3,0,0,39,0,6330,2080,0,2,665,374,24,0,41,215,406,535,ATK@600+HEAL@1200+CAP@1800
gauntlet/20261003-002104-scrim-g1basics/replays/andrewgopher.player22__TwistedTreeline__botB.bc24,andrewgopher.player22,0,A,player22,0,2000,LEVEL_SUM,1,432,228,30,1,3,0,0,67,0,2790,270,0,2,1366,615,8,0,54,272,764,1059,ATK@600+HEAL@1200+CAP@1800
gauntlet/20261003-002104-scrim-g1basics/replays/andrewgopher.player22__TwistedTreeline__botB.bc24,andrewgopher.player22,1,B,g1basics,1,2000,LEVEL_SUM,1,1516,955,15,0,0,0,0,58,26,175,205,4,2,912,1212,5,0,45,369,1059,764,ATK@600+HEAL@1200+CAP@1800
gauntlet/20261003-002104-scrim-g1basics/replays/awu7.ExplosiveBot__BedWars__botA.bc24,awu7.ExplosiveBot,1,A,g1basics,1,635,CAPTURE,3,494,325,8,0,0,0,0,0,42,145,45,8,13,264,342,9,0,33,12,123,26,ATK@600
gauntlet/20261003-002104-scrim-g1basics/replays/awu7.ExplosiveBot__BedWars__botA.bc24,awu7.ExplosiveBot,0,B,ExplosiveBot,0,635,CAPTURE,0,-1,0,0,0,0,0,0,0,11,2600,10,0,1,229,257,19,0,0,11,26,123,ATK@600
gauntlet/20261003-002104-scrim-g1basics/replays/awu7.ExplosiveBot__DefaultLarge__botB.bc24,awu7.ExplosiveBot,0,A,ExplosiveBot,0,1290,CAPTURE,0,-1,313,2,0,0,0,0,85,12,150,90,0,17,886,676,24,0,14,103,179,867,ATK@600+HEAL@1200
gauntlet/20261003-002104-scrim-g1basics/replays/awu7.ExplosiveBot__DefaultLarge__botB.bc24,awu7.ExplosiveBot,1,B,g1basics,1,1290,CAPTURE,3,859,375,24,0,0,0,0,36,26,150,135,4,6,1155,1330,5,0,67,301,867,179,ATK@600+HEAL@1200
gauntlet/20261003-002104-scrim-g1basics/replays/awu7.ExplosiveBot__Diagonal__botA.bc24,awu7.ExplosiveBot,1,A,g1basics,1,2000,MORE_FLAG_CAPTURES,2,1382,375,31,0,0,0,0,23,54,246,191,10,10,712,764,26,0,60,543,1700,118,ATK@600+HEAL@1200+CAP@1800
gauntlet/20261003-002104-scrim-g1basics/replays/awu7.ExplosiveBot__Diagonal__botA.bc24,awu7.ExplosiveBot,0,B,ExplosiveBot,0,2000,MORE_FLAG_CAPTURES,0,-1,595,4,0,0,0,0,42,9,5340,5870,0,20,569,518,0,0,29,88,118,1700,ATK@600+HEAL@1200
gauntlet/20261003-002104-scrim-g1basics/replays/clbarrell.duck8__AceOfSpades__botB.bc24,clbarrell.duck8,0,A,duck8,0,1028,CAPTURE,2,316,234,30,0,0,0,0,15,30,90,9740,2,1,938,978,7,0,206,274,175,482,ATK@750
gauntlet/20261003-002104-scrim-g1basics/replays/clbarrell.duck8__AceOfSpades__botB.bc24,clbarrell.duck8,1,B,g1basics,1,1028,CAPTURE,3,559,226,11,0,0,0,0,8,32,185,130,5,1,927,1064,19,0,55,171,482,175,ATK@600
gauntlet/20261003-002104-scrim-g1basics/replays/awu7.ExplosiveBot__OceanFloor__botA.bc24,awu7.ExplosiveBot,1,A,g1basics,1,1315,CAPTURE,3,452,269,27,0,0,0,0,40,23,120,155,3,3,1049,1124,5,0,60,295,852,148,ATK@600+HEAL@1200
gauntlet/20261003-002104-scrim-g1basics/replays/awu7.ExplosiveBot__OceanFloor__botA.bc24,awu7.ExplosiveBot,0,B,ExplosiveBot,0,1315,CAPTURE,2,744,224,38,19,0,0,0,89,9,230,30,0,7,767,620,3,0,21,76,148,852,ATK@600+HEAL@1200
gauntlet/20261003-002104-scrim-g1basics/replays/awu7.ExplosiveBot__Randy__botB.bc24,awu7.ExplosiveBot,0,A,ExplosiveBot,0,1534,CAPTURE,0,-1,229,27,1,0,0,0,6,3,5320,6710,0,6,711,470,23,0,6,144,274,1184,ATK@600+HEAL@1200
gauntlet/20261003-002104-scrim-g1basics/replays/awu7.ExplosiveBot__Randy__botB.bc24,awu7.ExplosiveBot,1,B,g1basics,1,1534,CAPTURE,3,394,234,23,0,0,0,0,6,49,150,290,8,18,1169,1332,18,0,69,367,1184,274,ATK@600+HEAL@1200
gauntlet/20261003-002104-scrim-g1basics/replays/clbarrell.duck8__OceanFloor__botB.bc24,clbarrell.duck8,0,A,duck8,0,612,CAPTURE,0,-1,252,18,0,0,0,0,30,29,20,70,3,0,890,693,1,0,55,71,108,144,
gauntlet/20261003-002104-scrim-g1basics/replays/clbarrell.duck8__OceanFloor__botB.bc24,clbarrell.duck8,1,B,g1basics,1,612,CAPTURE,3,315,257,4,0,0,0,0,33,26,155,225,4,2,910,888,2,0,61,40,144,108,ATK@600
gauntlet/20261003-002104-scrim-g1basics/replays/clbarrell.duck8__Foxes__botB.bc24,clbarrell.duck8,0,A,duck8,0,1220,CAPTURE,1,556,273,32,0,0,0,0,9,56,2350,70,3,11,934,1228,18,0,84,183,186,661,ATK@750
gauntlet/20261003-002104-scrim-g1basics/replays/clbarrell.duck8__Foxes__botB.bc24,clbarrell.duck8,1,B,g1basics,1,1220,CAPTURE,3,529,446,17,0,0,0,0,13,77,685,215,12,9,1157,1489,26,0,87,256,661,186,ATK@600+HEAL@1200
gauntlet/20261003-002104-scrim-g1basics/replays/clbarrell.duck8__GaltonBoard__botB.bc24,clbarrell.duck8,0,A,duck8,0,1749,CAPTURE,1,473,264,13,0,0,0,0,4,22,20,29493,3,6,1013,1026,1,0,160,411,446,1151,ATK@750+HEAL@1500
gauntlet/20261003-002104-scrim-g1basics/replays/clbarrell.duck8__GaltonBoard__botB.bc24,clbarrell.duck8,1,B,g1basics,1,1749,CAPTURE,3,1491,260,17,0,0,0,0,11,19,160,145,3,26,1250,1348,10,0,36,226,1151,446,ATK@600+HEAL@1200
gauntlet/20261003-002104-scrim-g1basics/replays/clbarrell.duck8__Pancakes__botB.bc24,clbarrell.duck8,0,A,duck8,0,577,CAPTURE,1,396,316,10,0,0,0,0,2,23,20,30,2,10,838,706,1,0,97,97,45,155,
gauntlet/20261003-002104-scrim-g1basics/replays/clbarrell.duck8__Pancakes__botB.bc24,clbarrell.duck8,1,B,g1basics,1,577,CAPTURE,3,351,276,8,0,0,0,0,14,18,190,190,2,7,1058,1138,9,0,61,26,155,45,
gauntlet/20261003-002104-scrim-g1basics/replays/dmtrung14.defaultplayer_intlqualifier__Battlecode24__botA.bc24,dmtrung14.defaultplayer_intlqualifier,1,A,g1basics,1,686,CAPTURE,3,416,273,6,0,0,0,0,73,95,1925,225,12,5,1053,427,24,0,202,120,227,21,ATK@600
gauntlet/20261003-002104-scrim-g1basics/replays/dmtrung14.defaultplayer_intlqualifier__Battlecode24__botA.bc24,dmtrung14.defaultplayer_intlqualifier,0,B,defaultplayer_intlqualifier,0,686,CAPTURE,0,-1,276,5,0,3,19,0,121,17,7070,10110,0,2,275,683,5,33,25,67,21,227,ATK@600
gauntlet/20261003-002104-scrim-g1basics/replays/dmtrung14.defaultplayer_intlqualifier__BreadPudding__botA.bc24,dmtrung14.defaultplayer_intlqualifier,1,A,g1basics,1,742,CAPTURE,3,401,270,15,0,0,0,0,38,31,180,20,5,8,915,556,10,0,30,23,286,38,ATK@600
gauntlet/20261003-002104-scrim-g1basics/replays/dmtrung14.defaultplayer_intlqualifier__BreadPudding__botA.bc24,dmtrung14.defaultplayer_intlqualifier,0,B,defaultplayer_intlqualifier,0,742,CAPTURE,1,432,242,18,10,3,14,0,51,13,1570,1100,0,2,320,616,6,13,10,57,38,286,ATK@600
gauntlet/20261003-002104-scrim-g1basics/replays/clbarrell.duck8__QuestionableChess__botB.bc24,clbarrell.duck8,0,A,duck8,0,844,CAPTURE,2,242,213,22,0,0,0,0,35,12,90,20,1,10,1004,740,1,0,34,77,193,294,ATK@750
gauntlet/20261003-002104-scrim-g1basics/replays/clbarrell.duck8__QuestionableChess__botB.bc24,clbarrell.duck8,1,B,g1basics,1,844,CAPTURE,3,395,320,7,0,0,0,0,61,3,170,10,0,2,996,1020,1,0,20,50,294,193,ATK@600
gauntlet/20261003-002104-scrim-g1basics/replays/dmtrung14.defaultplayer_intlqualifier__DefaultLarge__botA.bc24,dmtrung14.defaultplayer_intlqualifier,1,A,g1basics,1,999,CAPTURE,3,580,385,11,0,0,0,0,47,22,135,145,3,3,1334,738,10,0,31,8,280,36,ATK@600
gauntlet/20261003-002104-scrim-g1basics/replays/dmtrung14.defaultplayer_intlqualifier__DefaultLarge__botA.bc24,dmtrung14.defaultplayer_intlqualifier,0,B,defaultplayer_intlqualifier,0,999,CAPTURE,0,-1,721,6,2,3,15,0,62,17,40,3230,0,3,444,944,6,39,19,108,36,280,ATK@600
gauntlet/20261003-002104-scrim-g1basics/replays/dmtrung14.defaultplayer_intlqualifier__Diagonal__botB.bc24,dmtrung14.defaultplayer_intlqualifier,0,A,defaultplayer_intlqualifier,0,2000,MORE_FLAG_CAPTURES,0,-1,774,10,0,3,15,0,35,23,3550,3690,0,2,330,516,6,14,15,104,52,709,ATK@600+HEAL@1200+CAP@1800
gauntlet/20261003-002104-scrim-g1basics/replays/dmtrung14.defaultplayer_intlqualifier__Diagonal__botB.bc24,dmtrung14.defaultplayer_intlqualifier,1,B,g1basics,1,2000,MORE_FLAG_CAPTURES,1,348,264,21,0,0,0,0,24,53,190,95,9,5,626,447,21,0,42,279,709,52,ATK@600+HEAL@1200+CAP@1800
gauntlet/20261003-002104-scrim-g1basics/replays/dmtrung14.defaultplayer_intlqualifier__QueenOfHearts__botA.bc24,dmtrung14.defaultplayer_intlqualifier,1,A,g1basics,1,756,CAPTURE,3,664,388,7,0,0,0,0,75,27,165,185,5,7,1433,719,11,0,46,101,462,35,ATK@600
gauntlet/20261003-002104-scrim-g1basics/replays/dmtrung14.defaultplayer_intlqualifier__QueenOfHearts__botA.bc24,dmtrung14.defaultplayer_intlqualifier,0,B,defaultplayer_intlqualifier,0,756,CAPTURE,1,650,237,43,22,3,38,0,97,23,90,80,0,3,421,976,6,15,22,69,35,462,ATK@600
gauntlet/20261003-002104-scrim-g1basics/replays/dmtrung14.defaultplayer_intlqualifier__KingQuacksCastle__botB.bc24,dmtrung14.defaultplayer_intlqualifier,0,A,defaultplayer_intlqualifier,0,1239,CAPTURE,1,294,237,22,16,3,16,0,35,9,1450,850,0,3,409,943,6,29,10,120,75,543,ATK@600+HEAL@1200
gauntlet/20261003-002104-scrim-g1basics/replays/dmtrung14.defaultplayer_intlqualifier__KingQuacksCastle__botB.bc24,dmtrung14.defaultplayer_intlqualifier,1,B,g1basics,1,1239,CAPTURE,3,837,240,15,0,0,0,0,30,28,135,200,5,2,1150,638,10,0,40,48,543,75,ATK@600+HEAL@1200
gauntlet/20261003-002104-scrim-g1basics/replays/jonters.bling3__Bunkers__botA.bc24,jonters.bling3,1,A,g1basics,1,550,CAPTURE,3,263,223,14,0,0,0,0,26,39,120,195,6,2,1362,1593,10,0,66,70,169,61,
gauntlet/20261003-002104-scrim-g1basics/replays/jonters.bling3__Bunkers__botA.bc24,jonters.bling3,0,B,bling3,0,550,CAPTURE,2,303,264,8,0,0,0,0,66,16,20,30,0,27,857,1638,24,0,3,25,61,169,
gauntlet/20261003-002104-scrim-g1basics/replays/jonters.bling3__Backslash__botB.bc24,jonters.bling3,0,A,bling3,0,954,CAPTURE,0,-1,0,0,0,0,0,0,236,0,20,3000,0,18,633,1136,36,0,5,63,99,632,ATK@600
gauntlet/20261003-002104-scrim-g1basics/replays/jonters.bling3__Backslash__botB.bc24,jonters.bling3,1,B,g1basics,1,954,CAPTURE,3,278,218,20,0,0,0,0,166,16,170,155,2,7,1249,1560,25,0,141,305,632,99,ATK@600
gauntlet/20261003-002104-scrim-g1basics/replays/jonters.bling3__Duck__botB.bc24,jonters.bling3,0,A,bling3,0,785,CAPTURE,0,-1,276,5,0,0,0,0,89,13,30,20,0,0,740,1389,13,0,5,34,70,280,ATK@600
gauntlet/20261003-002104-scrim-g1basics/replays/jonters.bling3__Duck__botB.bc24,jonters.bling3,1,B,g1basics,1,785,CAPTURE,3,329,233,13,0,0,0,0,33,37,135,180,6,4,1059,1215,8,0,65,102,280,70,ATK@600
gauntlet/20261003-002104-scrim-g1basics/replays/hsmalladi.finalbot__WheresMyWater__botA.bc24,hsmalladi.finalbot,1,A,g1basics,1,2000,LEVEL_SUM,2,315,269,11,0,0,0,0,53,30,150,160,5,1,811,1106,9,0,40,295,1043,694,ATK@600+HEAL@1200+CAP@1800
gauntlet/20261003-002104-scrim-g1basics/replays/hsmalladi.finalbot__WheresMyWater__botA.bc24,hsmalladi.finalbot,0,B,finalbot,0,2000,LEVEL_SUM,2,249,226,7,1,3,14,36,69,6,2118,110,6,0,1050,889,1,3,65,263,694,1043,ATK@600+HEAL@1200+CAP@1800
gauntlet/20261003-002104-scrim-g1basics/replays/jonters.bling3__Starfish__botA.bc24,jonters.bling3,1,A,g1basics,1,739,CAPTURE,3,265,247,13,0,0,0,0,95,26,205,145,4,31,926,904,11,0,44,79,358,36,ATK@600
gauntlet/20261003-002104-scrim-g1basics/replays/jonters.bling3__Starfish__botA.bc24,jonters.bling3,0,B,bling3,0,739,CAPTURE,0,-1,0,0,0,0,0,0,216,0,20,20,0,8,524,471,0,0,0,4,36,358,ATK@600
gauntlet/20261003-002104-scrim-g1basics/replays/jonters.bling3__Waterworld__botB.bc24,jonters.bling3,0,A,bling3,0,943,CAPTURE,0,-1,264,9,0,0,0,0,500,0,1300,80,0,5,682,1499,19,0,3,46,113,556,ATK@600
gauntlet/20261003-002104-scrim-g1basics/replays/jonters.bling3__Waterworld__botB.bc24,jonters.bling3,1,B,g1basics,1,943,CAPTURE,3,564,258,22,0,0,0,0,273,62,520,40,11,4,1206,1527,27,0,80,233,556,113,ATK@600
gauntlet/20261003-002104-scrim-g1basics/replays/jonters.bling3__Snake__botB.bc24,jonters.bling3,0,A,bling3,0,1850,CAPTURE,0,-1,283,4,0,0,0,0,242,0,8240,11950,0,0,440,551,71,0,9,182,297,1228,ATK@600+HEAL@1200+CAP@1800
gauntlet/20261003-002104-scrim-g1basics/replays/jonters.bling3__Snake__botB.bc24,jonters.bling3,1,B,g1basics,1,1850,CAPTURE,3,288,221,45,0,0,0,0,198,78,705,315,12,4,656,823,25,0,315,734,1228,297,ATK@600+HEAL@1200+CAP@1800
gauntlet/20261003-002104-scrim-g1basics/replays/justinottesen.sprint1__OceanFloor__botB.bc24,justinottesen.sprint1,0,A,sprint1,0,622,CAPTURE,0,-1,486,2,0,0,0,0,87,5,90,180,0,3,253,1160,11,0,0,18,22,280,ATK@600
gauntlet/20261003-002104-scrim-g1basics/replays/justinottesen.sprint1__OceanFloor__botB.bc24,justinottesen.sprint1,1,B,g1basics,1,622,CAPTURE,3,532,229,18,0,0,0,0,36,22,195,125,4,3,1508,566,8,0,66,100,280,22,ATK@600
gauntlet/20261003-002104-scrim-g1basics/replays/justinottesen.sprint1__Fountain__botA.bc24,justinottesen.sprint1,1,A,g1basics,1,572,CAPTURE,3,320,236,15,0,0,0,0,43,20,170,130,3,6,1561,448,16,0,36,57,358,15,
gauntlet/20261003-002104-scrim-g1basics/replays/justinottesen.sprint1__Fountain__botA.bc24,justinottesen.sprint1,0,B,sprint1,0,572,CAPTURE,0,-1,0,0,0,0,0,0,60,0,1900,20,0,3,240,917,8,0,0,12,15,358,
gauntlet/20261003-002104-scrim-g1basics/replays/justinottesen.sprint1__Decision__botA.bc24,justinottesen.sprint1,1,A,g1basics,1,1497,CAPTURE,3,972,248,46,0,0,0,0,82,16,110,200,3,3,1530,449,9,0,57,514,1404,51,ATK@600+HEAL@1200
gauntlet/20261003-002104-scrim-g1basics/replays/justinottesen.sprint1__Decision__botA.bc24,justinottesen.sprint1,0,B,sprint1,0,1497,CAPTURE,0,-1,302,3,0,0,0,0,123,1,310,160,0,2,264,955,3,0,0,53,51,1404,ATK@600
gauntlet/20261003-002104-scrim-g1basics/replays/justinottesen.sprint1__StackGame__botB.bc24,justinottesen.sprint1,0,A,sprint1,0,509,CAPTURE,0,-1,0,0,0,0,0,0,51,25,470,140,0,8,300,1391,37,0,0,41,42,307,
gauntlet/20261003-002104-scrim-g1basics/replays/justinottesen.sprint1__StackGame__botB.bc24,justinottesen.sprint1,1,B,g1basics,1,509,CAPTURE,3,332,288,20,0,0,0,0,34,50,135,155,9,4,1937,925,21,0,68,59,307,42,
gauntlet/20261003-002104-scrim-g1basics/replays/kyleezz.jeeryfix3__BedWars__botA.bc24,kyleezz.jeeryfix3,1,A,g1basics,1,1387,CAPTURE,3,505,380,10,0,0,0,0,0,42,130,30,7,3,912,982,9,0,40,101,896,340,ATK@600+HEAL@1200
gauntlet/20261003-002104-scrim-g1basics/replays/kyleezz.jeeryfix3__BedWars__botA.bc24,kyleezz.jeeryfix3,0,B,jeeryfix3,0,1387,CAPTURE,2,256,231,25,0,0,0,0,0,0,4800,340,0,11,771,491,0,0,28,98,340,896,ATK@600+CAP@1200
gauntlet/20261003-002104-scrim-g1basics/replays/kyleezz.jeeryfix3__Fusbol__botB.bc24,kyleezz.jeeryfix3,0,A,jeeryfix3,0,2000,MORE_FLAG_CAPTURES,0,-1,0,0,0,0,0,0,181,7,3470,2210,0,27,928,563,0,0,83,242,266,1518,ATK@600+CAP@1200+HEAL@1800
gauntlet/20261003-002104-scrim-g1basics/replays/kyleezz.jeeryfix3__Fusbol__botB.bc24,kyleezz.jeeryfix3,1,B,g1basics,1,2000,MORE_FLAG_CAPTURES,1,1808,1562,3,0,0,0,0,97,39,630,250,4,4,1021,1310,24,0,66,642,1518,266,ATK@600+HEAL@1200+CAP@1800
gauntlet/20261003-002104-scrim-g1basics/replays/kyleezz.jeeryfix3__Fusbol__botA.bc24,kyleezz.jeeryfix3,1,A,g1basics,1,2000,LEVEL_SUM,0,-1,1674,5,0,0,0,0,107,38,669,299,4,14,892,1025,21,0,50,590,1387,237,ATK@600+HEAL@1200+CAP@1800
gauntlet/20261003-002104-scrim-g1basics/replays/kyleezz.jeeryfix3__Fusbol__botA.bc24,kyleezz.jeeryfix3,0,B,jeeryfix3,0,2000,LEVEL_SUM,0,-1,990,2,0,0,0,0,177,9,3390,4120,0,25,795,488,0,0,96,246,237,1387,ATK@600+CAP@1200+HEAL@1800
gauntlet/20261003-002104-scrim-g1basics/replays/quesswho.cretplayer2_3__BigDucksBigPond__botA.bc24,quesswho.cretplayer2_3,1,A,g1basics,1,1447,CAPTURE,3,919,314,42,0,0,0,0,94,36,165,35,7,5,896,1001,20,0,73,347,924,253,ATK@600+HEAL@1200
gauntlet/20261003-002104-scrim-g1basics/replays/quesswho.cretplayer2_3__BigDucksBigPond__botA.bc24,quesswho.cretplayer2_3,0,B,cretplayer2_3,0,1447,CAPTURE,1,432,243,23,0,3,39,0,55,0,5850,920,0,3,700,751,0,5,57,135,253,924,ATK@600+HEAL@1200
gauntlet/20261003-002104-scrim-g1basics/replays/quesswho.cretplayer2_3__Checkered__botA.bc24,quesswho.cretplayer2_3,1,A,g1basics,1,654,CAPTURE,3,252,219,6,0,0,0,0,0,64,155,185,11,2,935,1187,23,0,59,84,143,64,ATK@600
gauntlet/20261003-002104-scrim-g1basics/replays/quesswho.cretplayer2_3__Checkered__botA.bc24,quesswho.cretplayer2_3,0,B,cretplayer2_3,0,654,CAPTURE,2,359,223,11,0,3,17,0,0,0,7200,1020,0,2,931,1133,0,5,88,108,64,143,ATK@600
gauntlet/20261003-002104-scrim-g1basics/replays/quesswho.cretplayer2_3__Digging__botA.bc24,quesswho.cretplayer2_3,1,A,g1basics,1,1304,CAPTURE,3,756,726,18,0,0,0,0,17,25,135,150,4,2,1283,1287,3,0,51,288,1335,170,ATK@600+HEAL@1200
gauntlet/20261003-002104-scrim-g1basics/replays/quesswho.cretplayer2_3__Digging__botA.bc24,quesswho.cretplayer2_3,0,B,cretplayer2_3,0,1304,CAPTURE,1,304,232,15,0,3,1,0,16,0,2620,960,0,14,1045,768,0,3,57,132,170,1335,ATK@600+HEAL@1200
gauntlet/20261003-002104-scrim-g1basics/replays/kyleezz.jeeryfix3__Klein__botB.bc24,kyleezz.jeeryfix3,0,A,jeeryfix3,0,2000,LEVEL_SUM,2,242,227,21,0,0,0,0,263,0,810,730,0,10,869,1145,0,0,35,211,453,1449,ATK@600+CAP@1200+HEAL@1800
gauntlet/20261003-002104-scrim-g1basics/replays/kyleezz.jeeryfix3__Klein__botB.bc24,kyleezz.jeeryfix3,1,B,g1basics,1,2000,LEVEL_SUM,2,1348,1003,8,0,0,0,0,89,48,175,255,9,1,1157,1352,17,0,47,446,1449,453,ATK@600+HEAL@1200+CAP@1800
gauntlet/20261003-002104-scrim-g1basics/replays/quesswho.cretplayer2_3__Waterworld__botB.bc24,quesswho.cretplayer2_3,0,A,cretplayer2_3,0,761,CAPTURE,1,426,283,36,0,3,15,0,279,0,7930,960,0,4,660,585,0,4,76,91,112,221,ATK@600
gauntlet/20261003-002104-scrim-g1basics/replays/quesswho.cretplayer2_3__Waterworld__botB.bc24,quesswho.cretplayer2_3,1,B,g1basics,1,761,CAPTURE,3,441,347,7,0,0,0,0,202,61,36,196,11,19,792,901,24,0,62,79,221,112,ATK@600
gauntlet/20261003-003405-scrim-g1basics/losses/ColtG5.Goob_final__OceanFloor__botA.bc24,ColtG5.Goob_final,1,A,g1basics,0,552,CAPTURE,0,-1,437,1,0,0,0,0,38,24,205,160,4,3,1160,1312,2,0,56,73,179,79,
gauntlet/20261003-003405-scrim-g1basics/losses/ColtG5.Goob_final__OceanFloor__botA.bc24,ColtG5.Goob_final,0,B,Goob_final,1,552,CAPTURE,3,289,229,11,0,0,0,0,33,0,2810,50,0,5,1081,777,0,0,45,50,79,179,
gauntlet/20261003-003405-scrim-g1basics/losses/CyrilSharma.finalBot__AceOfSpades__botB.bc24,CyrilSharma.finalBot,0,A,finalBot,1,568,CAPTURE,3,359,228,11,0,0,0,55,15,2,2625,15291,11,11,1116,1108,0,0,207,304,147,97,
gauntlet/20261003-003405-scrim-g1basics/losses/CyrilSharma.finalBot__AceOfSpades__botB.bc24,CyrilSharma.finalBot,1,B,g1basics,0,568,CAPTURE,0,-1,230,5,0,0,0,0,12,32,175,305,5,2,906,1234,17,0,56,75,97,147,
gauntlet/20261003-002104-scrim-g1basics/replays/winkelmantanner.waffle__Mountain__botB.bc24,winkelmantanner.waffle,0,A,waffle,0,2000,LEVEL_SUM,2,296,232,56,0,0,0,0,15,12,4850,3310,0,15,959,810,0,0,94,265,383,1243,ATK@600+HEAL@1200+CAP@1800
gauntlet/20261003-002104-scrim-g1basics/replays/winkelmantanner.waffle__Mountain__botB.bc24,winkelmantanner.waffle,1,B,g1basics,1,2000,LEVEL_SUM,2,769,683,8,0,0,0,0,27,46,210,160,8,2,1002,1129,18,0,62,425,1243,383,ATK@600+HEAL@1200+CAP@1800
gauntlet/20261003-003405-scrim-g1basics/losses/ColtG5.Goob_final__Tunnels__botA.bc24,ColtG5.Goob_final,1,A,g1basics,0,2000,MORE_FLAG_CAPTURES,0,-1,0,0,0,0,0,0,63,24,195,140,4,13,990,1270,7,0,41,160,867,434,ATK@600+HEAL@1200+CAP@1800
gauntlet/20261003-003405-scrim-g1basics/losses/ColtG5.Goob_final__Tunnels__botA.bc24,ColtG5.Goob_final,0,B,Goob_final,1,2000,MORE_FLAG_CAPTURES,1,309,267,1,0,0,0,0,64,0,2880,1520,0,9,1000,1006,3,0,58,219,434,867,ATK@600+HEAL@1200+CAP@1800
gauntlet/20261003-002104-scrim-g1basics/replays/winkelmantanner.waffle__Funnel__botB.bc24,winkelmantanner.waffle,0,A,waffle,0,2000,LEVEL_SUM,2,722,231,35,0,0,0,0,10,32,1100,1080,0,4,986,926,0,0,81,245,348,949,ATK@600+HEAL@1200+CAP@1800
gauntlet/20261003-002104-scrim-g1basics/replays/winkelmantanner.waffle__Funnel__botB.bc24,winkelmantanner.waffle,1,B,g1basics,1,2000,LEVEL_SUM,2,984,534,7,0,0,0,0,31,32,110,150,6,9,1046,1218,11,0,59,371,949,348,ATK@600+HEAL@1200+CAP@1800
gauntlet/20261003-003405-scrim-g1basics/losses/CyrilSharma.finalBot__DefaultLarge__botA.bc24,CyrilSharma.finalBot,1,A,g1basics,0,2000,MORE_FLAG_CAPTURES,0,-1,0,0,0,0,0,0,45,22,195,135,3,18,872,1031,8,0,46,198,617,629,ATK@600+HEAL@1200+CAP@1800
gauntlet/20261003-003405-scrim-g1basics/losses/CyrilSharma.finalBot__DefaultLarge__botA.bc24,CyrilSharma.finalBot,0,B,finalBot,1,2000,MORE_FLAG_CAPTURES,1,645,311,17,0,0,0,60,6,0,2955,3485,12,7,1113,1045,0,0,183,559,629,617,ATK@600+HEAL@1200+CAP@1800
gauntlet/20261003-003405-scrim-g1basics/losses/IvanGeffner.kuma__Alien__botA.bc24,IvanGeffner.kuma,1,A,g1basics,0,377,CAPTURE,0,-1,0,0,0,0,0,0,10,44,215,220,8,15,901,1309,13,0,49,41,28,80,
gauntlet/20261003-003405-scrim-g1basics/losses/IvanGeffner.kuma__Alien__botA.bc24,IvanGeffner.kuma,0,B,kuma,1,377,CAPTURE,3,269,244,11,5,0,0,90,15,0,3855,2355,18,3,1265,1220,7,0,107,79,80,28,
gauntlet/20261003-003405-scrim-g1basics/losses/Gymhgy.v10official__DefaultMedium__botB.bc24,Gymhgy.v10official,0,A,v10official,1,1009,CAPTURE,3,570,284,55,42,3,12,88,51,3,2039,39,17,0,878,1380,0,3,51,146,203,178,ATK@600
gauntlet/20261003-003405-scrim-g1basics/losses/Gymhgy.v10official__DefaultMedium__botB.bc24,Gymhgy.v10official,1,B,g1basics,0,1009,CAPTURE,1,980,270,41,0,0,0,0,60,27,85,165,5,10,985,1172,9,0,32,86,178,203,ATK@600
gauntlet/20261003-003405-scrim-g1basics/losses/CyrilSharma.finalBot__YearOfTheDragon__botA.bc24,CyrilSharma.finalBot,1,A,g1basics,0,2000,MORE_FLAG_CAPTURES,0,-1,290,6,0,0,0,0,10,108,640,240,11,22,855,1053,27,0,106,283,589,599,ATK@600+HEAL@1200+CAP@1800
gauntlet/20261003-003405-scrim-g1basics/losses/CyrilSharma.finalBot__YearOfTheDragon__botA.bc24,CyrilSharma.finalBot,0,B,finalBot,1,2000,MORE_FLAG_CAPTURES,2,386,239,11,0,0,0,54,3,1,12081,9264,10,2,991,956,0,0,172,669,599,589,ATK@600+HEAL@1200+CAP@1800
gauntlet/20261003-003405-scrim-g1basics/losses/IvanGeffner.kuma__Capacitance__botA.bc24,IvanGeffner.kuma,1,A,g1basics,0,574,CAPTURE,0,-1,0,0,0,0,0,0,19,45,205,205,8,1,902,1106,15,0,58,70,68,165,
gauntlet/20261003-003405-scrim-g1basics/losses/IvanGeffner.kuma__Capacitance__botA.bc24,IvanGeffner.kuma,0,B,kuma,1,574,CAPTURE,3,265,231,27,17,0,0,90,19,0,3990,1430,18,6,1260,1179,8,0,127,162,165,68,
gauntlet/20261003-003405-scrim-g1basics/losses/Gymhgy.v10official__Starfish__botB.bc24,Gymhgy.v10official,0,A,v10official,1,953,CAPTURE,3,399,244,44,22,3,19,22,189,2,43,16,3,0,888,1260,0,2,7,56,123,415,ATK@600
gauntlet/20261003-003405-scrim-g1basics/losses/Gymhgy.v10official__Starfish__botB.bc24,Gymhgy.v10official,1,B,g1basics,0,953,CAPTURE,2,291,241,9,0,0,0,0,98,26,123,78,4,33,1423,1551,11,0,35,120,415,123,ATK@600
gauntlet/20261003-003405-scrim-g1basics/losses/Gymhgy.v10official__GravitationalWaves__botA.bc24,Gymhgy.v10official,1,A,g1basics,0,2000,MORE_FLAG_CAPTURES,0,-1,485,1,0,0,0,0,63,34,160,145,6,13,1169,1678,12,0,39,197,317,191,ATK@600+HEAL@1200+CAP@1800
gauntlet/20261003-003405-scrim-g1basics/losses/Gymhgy.v10official__GravitationalWaves__botA.bc24,Gymhgy.v10official,0,B,v10official,1,2000,MORE_FLAG_CAPTURES,1,877,632,33,19,3,16,72,58,3,2893,38,14,2,922,2019,13,3,32,183,191,317,ATK@600+HEAL@1200+CAP@1800
gauntlet/20261003-003405-scrim-g1basics/losses/IvanGeffner.kuma__BigDucksBigPond__botA.bc24,IvanGeffner.kuma,1,A,g1basics,0,1903,CAPTURE,0,-1,0,0,0,0,0,0,95,37,115,155,6,6,942,1492,14,0,54,223,443,870,ATK@600+HEAL@1200+CAP@1800
gauntlet/20261003-003405-scrim-g1basics/losses/IvanGeffner.kuma__BigDucksBigPond__botA.bc24,IvanGeffner.kuma,0,B,kuma,1,1903,CAPTURE,3,348,287,19,10,0,0,90,117,7,2215,1055,18,3,1247,1275,13,0,122,725,870,443,ATK@600+HEAL@1200+CAP@1800
gauntlet/20261003-003405-scrim-g1basics/losses/IvanGeffner.kuma__StackGame__botB.bc24,IvanGeffner.kuma,0,A,kuma,1,340,CAPTURE,3,252,231,8,5,0,0,90,42,6,3685,2555,18,3,983,1028,5,0,87,48,54,19,
gauntlet/20261003-003405-scrim-g1basics/losses/IvanGeffner.kuma__StackGame__botB.bc24,IvanGeffner.kuma,1,B,g1basics,0,340,CAPTURE,0,-1,0,0,0,0,0,0,31,49,140,240,9,17,727,1116,16,0,48,38,19,54,
gauntlet/20261003-003405-scrim-g1basics/losses/IvanGeffner.kuma__Diagonal__botB.bc24,IvanGeffner.kuma,0,A,kuma,1,2000,LEVEL_SUM,0,-1,366,64,21,0,0,90,27,15,3797,2947,18,8,776,843,7,0,88,339,324,312,ATK@600+HEAL@1200+CAP@1800
gauntlet/20261003-003405-scrim-g1basics/losses/IvanGeffner.kuma__Diagonal__botB.bc24,IvanGeffner.kuma,1,B,g1basics,0,2000,LEVEL_SUM,0,-1,0,0,0,0,0,0,23,56,173,163,10,23,616,1041,24,0,50,222,312,324,ATK@600+HEAL@1200+CAP@1800
gauntlet/20261003-003405-scrim-g1basics/losses/NotLLeon.v3__Decision__botB.bc24,NotLLeon.v3,0,A,v3,1,700,CAPTURE,3,354,249,34,7,0,0,0,48,0,2860,60,0,1,774,895,0,0,49,96,112,112,ATK@600
gauntlet/20261003-003405-scrim-g1basics/losses/NotLLeon.v3__Decision__botB.bc24,NotLLeon.v3,1,B,g1basics,0,700,CAPTURE,1,682,257,16,0,0,0,0,81,17,120,20,3,2,801,1019,1,0,29,29,112,112,ATK@600
gauntlet/20261003-003405-scrim-g1basics/losses/NotLLeon.v3__Duck__botB.bc24,NotLLeon.v3,0,A,v3,1,1564,CAPTURE,3,475,252,71,10,0,0,0,2,0,5240,80,0,0,890,1056,0,0,75,246,385,443,ATK@600+HEAL@1200
gauntlet/20261003-003405-scrim-g1basics/losses/NotLLeon.v3__Duck__botB.bc24,NotLLeon.v3,1,B,g1basics,0,1564,CAPTURE,1,1314,271,32,0,0,0,0,44,33,135,185,5,1,818,1038,8,0,52,194,443,385,ATK@600+HEAL@1200
gauntlet/20261003-003405-scrim-g1basics/losses/IvanGeffner.kuma__Randy__botB.bc24,IvanGeffner.kuma,0,A,kuma,1,2000,MORE_FLAG_CAPTURES,2,255,219,25,15,0,0,74,7,11,3272,1904,14,4,1168,1172,5,0,118,450,624,440,ATK@600+HEAL@1200+CAP@1800
gauntlet/20261003-003405-scrim-g1basics/losses/IvanGeffner.kuma__Randy__botB.bc24,IvanGeffner.kuma,1,B,g1basics,0,2000,MORE_FLAG_CAPTURES,0,-1,287,7,0,0,0,0,6,49,180,200,9,6,858,1345,12,0,50,246,440,624,ATK@600+HEAL@1200+CAP@1800
gauntlet/20261003-003405-scrim-g1basics/losses/NotLLeon.v3__FloodGates__botA.bc24,NotLLeon.v3,1,A,g1basics,0,2000,MORE_FLAG_CAPTURES,0,-1,541,12,0,0,0,0,3,27,135,140,5,7,705,1103,4,0,43,161,536,448,ATK@600+HEAL@1200+CAP@1800
gauntlet/20261003-003405-scrim-g1basics/losses/NotLLeon.v3__FloodGates__botA.bc24,NotLLeon.v3,0,B,v3,1,2000,MORE_FLAG_CAPTURES,1,592,547,6,2,0,0,0,3,0,2810,3550,0,7,748,777,0,0,57,227,448,536,ATK@600+HEAL@1200+CAP@1800
gauntlet/20261003-003405-scrim-g1basics/losses/NotLLeon.v3__Foxes__botB.bc24,NotLLeon.v3,0,A,v3,1,1683,CAPTURE,3,616,296,39,6,0,0,0,5,0,9750,4200,0,5,927,1082,0,0,125,372,511,479,ATK@600+HEAL@1200
gauntlet/20261003-003405-scrim-g1basics/losses/NotLLeon.v3__Foxes__botB.bc24,NotLLeon.v3,1,B,g1basics,0,1683,CAPTURE,1,957,278,11,0,0,0,0,16,77,615,215,12,23,876,1015,24,0,88,256,479,511,ATK@600+HEAL@1200
gauntlet/20261003-003405-scrim-g1basics/losses/SampleProvider.TSPAARKSPRINT1__WheresMyWater__botB.bc24,SampleProvider.TSPAARKSPRINT1,0,A,TSPAARKSPRINT1,1,786,CAPTURE,3,581,238,26,0,3,7,0,176,1,20,10,0,30,722,2000,3,16,1,31,54,225,ATK@600
gauntlet/20261003-003405-scrim-g1basics/losses/SampleProvider.TSPAARKSPRINT1__WheresMyWater__botB.bc24,SampleProvider.TSPAARKSPRINT1,1,B,g1basics,0,786,CAPTURE,2,333,238,16,0,0,0,0,59,27,130,175,4,8,1364,1283,11,0,56,109,225,54,ATK@600
gauntlet/20261003-003405-scrim-g1basics/losses/NotLLeon.v3__Hurricane__botB.bc24,NotLLeon.v3,0,A,v3,1,2000,MORE_FLAG_CAPTURES,1,708,229,162,4,0,0,0,68,0,4860,1200,0,7,797,808,0,0,69,263,313,513,ATK@600+HEAL@1200+CAP@1800
gauntlet/20261003-003405-scrim-g1basics/losses/NotLLeon.v3__Hurricane__botB.bc24,NotLLeon.v3,1,B,g1basics,0,2000,MORE_FLAG_CAPTURES,0,-1,330,18,0,0,0,0,62,42,205,245,7,6,777,954,11,0,62,308,513,313,ATK@600+HEAL@1200+CAP@1800
gauntlet/20261003-003405-scrim-g1basics/losses/Strequals.duck0127v5__Foxes__botB.bc24,Strequals.duck0127v5,0,A,duck0127v5,1,861,CAPTURE,3,439,299,16,0,0,0,90,26,10,7483,6773,18,4,878,1165,0,1,103,239,190,113,ATK@600
gauntlet/20261003-003405-scrim-g1basics/losses/Strequals.duck0127v5__Foxes__botB.bc24,Strequals.duck0127v5,1,B,g1basics,0,861,CAPTURE,0,-1,258,16,0,0,0,0,11,78,650,230,12,9,848,1156,24,0,80,113,113,190,ATK@600
gauntlet/20261003-003405-scrim-g1basics/losses/Strequals.duck0127v5__Canals__botA.bc24,Strequals.duck0127v5,1,A,g1basics,0,1111,CAPTURE,0,-1,619,3,0,0,0,0,0,59,245,135,11,5,832,1481,19,0,63,133,184,527,ATK@600
gauntlet/20261003-003405-scrim-g1basics/losses/Strequals.duck0127v5__Canals__botA.bc24,Strequals.duck0127v5,0,B,duck0127v5,1,1111,CAPTURE,3,595,339,29,0,0,0,90,53,4,4066,2911,18,3,1180,1333,0,3,130,448,527,184,ATK@600
gauntlet/20261003-003405-scrim-g1basics/losses/NotLLeon.v3__Rainbow__botA.bc24,NotLLeon.v3,1,A,g1basics,0,1828,CAPTURE,2,1683,589,12,0,0,0,0,48,58,155,215,10,1,676,1113,21,0,64,300,575,538,ATK@600+HEAL@1200+CAP@1800
gauntlet/20261003-003405-scrim-g1basics/losses/NotLLeon.v3__Rainbow__botA.bc24,NotLLeon.v3,0,B,v3,1,1828,CAPTURE,3,326,252,47,10,0,0,0,13,0,8010,4780,0,5,914,866,0,0,105,331,538,575,ATK@600+HEAL@1200+CAP@1800
gauntlet/20261003-003405-scrim-g1basics/losses/Strequals.duck0127v5__Soccer__botA.bc24,Strequals.duck0127v5,1,A,g1basics,0,602,CAPTURE,0,-1,257,9,0,0,0,0,17,41,210,200,7,4,882,1364,10,0,50,44,55,101,ATK@600
gauntlet/20261003-003405-scrim-g1basics/losses/Strequals.duck0127v5__Soccer__botA.bc24,Strequals.duck0127v5,0,B,duck0127v5,1,602,CAPTURE,3,413,345,13,0,0,0,90,23,2,3260,1850,18,2,1112,1287,0,3,98,127,101,55,ATK@600
gauntlet/20261003-003405-scrim-g1basics/losses/andli28.v9_USQuals_angle__AceOfSpades__botB.bc24,andli28.v9_USQuals_angle,0,A,v9_USQuals_angle,1,632,CAPTURE,3,356,314,20,0,0,0,89,15,8,1927,17627,18,9,1278,1501,17,3,96,180,174,85,ATK@600
gauntlet/20261003-003405-scrim-g1basics/losses/andli28.v9_USQuals_angle__AceOfSpades__botB.bc24,andli28.v9_USQuals_angle,1,B,g1basics,0,632,CAPTURE,0,-1,0,0,0,0,0,0,11,32,215,185,5,16,986,1658,13,0,43,69,85,174,ATK@600
gauntlet/20261003-003405-scrim-g1basics/losses/andli28.v9_USQuals_angle__QuestionableChess__botA.bc24,andli28.v9_USQuals_angle,1,A,g1basics,0,877,CAPTURE,0,-1,290,8,0,0,0,0,59,4,130,120,0,1,963,1333,2,0,16,41,153,256,ATK@600
gauntlet/20261003-003405-scrim-g1basics/losses/andli28.v9_USQuals_angle__QuestionableChess__botA.bc24,andli28.v9_USQuals_angle,0,B,v9_USQuals_angle,1,877,CAPTURE,3,441,296,26,0,0,0,45,41,4,32,20,8,6,1105,1100,0,3,16,144,256,153,ATK@600
gauntlet/20261003-003405-scrim-g1basics/losses/andli28.v9_USQuals_angle__Occulus__botA.bc24,andli28.v9_USQuals_angle,1,A,g1basics,0,1641,CAPTURE,0,-1,0,0,0,0,0,0,13,34,150,155,6,26,941,1442,6,0,48,178,296,770,ATK@600+HEAL@1200
gauntlet/20261003-003405-scrim-g1basics/losses/andli28.v9_USQuals_angle__Occulus__botA.bc24,andli28.v9_USQuals_angle,0,B,v9_USQuals_angle,1,1641,CAPTURE,3,350,262,16,0,0,0,75,11,11,1939,5359,15,21,1181,1262,17,3,98,469,770,296,ATK@600+HEAL@1200
gauntlet/20261003-003405-scrim-g1basics/losses/andli28.v9_USQuals_angle__Funnel__botB.bc24,andli28.v9_USQuals_angle,0,A,v9_USQuals_angle,1,1889,CAPTURE,3,544,376,28,0,0,0,90,12,15,2110,3290,18,3,1159,1464,8,3,102,724,766,373,ATK@600+HEAL@1200+CAP@1800
gauntlet/20261003-003405-scrim-g1basics/losses/andli28.v9_USQuals_angle__Funnel__botB.bc24,andli28.v9_USQuals_angle,1,B,g1basics,0,1889,CAPTURE,0,-1,340,4,0,0,0,0,30,32,175,130,5,3,945,1393,7,0,55,248,373,766,ATK@600+HEAL@1200+CAP@1800
gauntlet/20261003-003405-scrim-g1basics/losses/andli28.v9_USQuals_angle__Gated__botA.bc24,andli28.v9_USQuals_angle,1,A,g1basics,0,2000,MORE_FLAG_CAPTURES,1,1234,1012,10,0,0,0,0,33,26,163,213,3,9,902,1379,6,0,43,182,346,767,ATK@600+HEAL@1200+CAP@1800
gauntlet/20261003-003405-scrim-g1basics/losses/andli28.v9_USQuals_angle__Gated__botA.bc24,andli28.v9_USQuals_angle,0,B,v9_USQuals_angle,1,2000,MORE_FLAG_CAPTURES,2,296,254,19,0,0,0,80,17,6,1690,2250,16,3,1061,1299,0,3,76,495,767,346,ATK@600+HEAL@1200+CAP@1800
gauntlet/20261003-003405-scrim-g1basics/losses/Strequals.duck0127v5__Skyline__botB.bc24,Strequals.duck0127v5,0,A,duck0127v5,1,1563,CAPTURE,3,735,335,28,0,0,0,90,60,35,19193,17898,18,13,1032,1282,0,4,144,439,445,323,ATK@600+HEAL@1200
gauntlet/20261003-003405-scrim-g1basics/losses/Strequals.duck0127v5__Skyline__botB.bc24,Strequals.duck0127v5,1,B,g1basics,0,1563,CAPTURE,0,-1,233,25,0,0,0,0,96,97,9815,108,9,11,923,1442,24,0,184,351,323,445,ATK@600+HEAL@1200
gauntlet/20261003-003405-scrim-g1basics/losses/andrewgopher.player22__StackGame__botA.bc24,andrewgopher.player22,1,A,g1basics,0,386,CAPTURE,0,-1,0,0,0,0,0,0,34,50,150,190,9,7,1020,1543,14,0,57,51,96,74,
gauntlet/20261003-003405-scrim-g1basics/losses/andrewgopher.player22__StackGame__botA.bc24,andrewgopher.player22,0,B,player22,1,386,CAPTURE,3,302,281,13,1,3,0,0,52,0,5440,90,0,5,1361,694,3,0,81,69,74,96,
gauntlet/20261003-003405-scrim-g1basics/losses/andrewgopher.player22__Snake__botA.bc24,andrewgopher.player22,1,A,g1basics,0,2000,MORE_FLAG_CAPTURES,0,-1,498,5,0,0,0,0,194,79,685,240,12,13,892,1228,25,0,213,397,884,1027,ATK@600+HEAL@1200+CAP@1800
gauntlet/20261003-003405-scrim-g1basics/losses/andrewgopher.player22__Snake__botA.bc24,andrewgopher.player22,0,B,player22,1,2000,MORE_FLAG_CAPTURES,1,481,411,10,3,3,0,0,132,0,11540,29040,0,7,902,471,74,0,82,650,1027,884,ATK@600+HEAL@1200+CAP@1800
gauntlet/20261003-003405-scrim-g1basics/losses/andrewgopher.player22__WheresMyWater__botA.bc24,andrewgopher.player22,1,A,g1basics,0,920,CAPTURE,1,616,337,5,0,0,0,0,56,27,170,135,4,3,1059,1616,11,0,33,78,322,399,ATK@600
gauntlet/20261003-003405-scrim-g1basics/losses/andrewgopher.player22__WheresMyWater__botA.bc24,andrewgopher.player22,0,B,player22,1,920,CAPTURE,3,220,205,7,0,3,0,0,101,0,2370,40,0,3,1432,666,6,0,65,191,399,322,ATK@600
gauntlet/20261003-003405-scrim-g1basics/losses/andli28.v9_USQuals_angle__SteamboatMickey__botB.bc24,andli28.v9_USQuals_angle,0,A,v9_USQuals_angle,1,2000,MORE_FLAG_CAPTURES,2,634,254,12,0,0,0,89,3,6,7864,16514,18,4,988,1145,21,3,121,812,1156,371,ATK@600+HEAL@1200+CAP@1800
gauntlet/20261003-003405-scrim-g1basics/losses/andli28.v9_USQuals_angle__SteamboatMickey__botB.bc24,andli28.v9_USQuals_angle,1,B,g1basics,0,2000,MORE_FLAG_CAPTURES,1,282,219,9,0,0,0,0,6,75,665,225,11,3,1013,1277,24,0,99,292,371,1156,ATK@600+HEAL@1200+CAP@1800
gauntlet/20261003-003405-scrim-g1basics/losses/chenyx512.flagbot_final__Alligator__botA.bc24,chenyx512.flagbot_final,1,A,g1basics,0,1130,CAPTURE,1,430,389,4,0,0,0,0,58,29,160,200,5,10,956,1511,15,0,41,119,120,694,ATK@600
gauntlet/20261003-003405-scrim-g1basics/losses/chenyx512.flagbot_final__Alligator__botA.bc24,chenyx512.flagbot_final,0,B,flagbot_final,1,1130,CAPTURE,3,283,241,18,0,3,37,90,129,10,94,4539,18,3,1314,1716,0,0,118,458,694,120,ATK@600
gauntlet/20261003-003405-scrim-g1basics/losses/chenyx512.flagbot_final__Bunkers__botA.bc24,chenyx512.flagbot_final,1,A,g1basics,0,922,CAPTURE,2,430,392,4,0,0,0,0,30,38,180,235,6,14,1074,1921,8,0,54,116,67,412,ATK@600
gauntlet/20261003-003405-scrim-g1basics/losses/chenyx512.flagbot_final__Bunkers__botA.bc24,chenyx512.flagbot_final,0,B,flagbot_final,1,922,CAPTURE,3,599,418,13,0,3,47,90,122,2,150,15,18,11,1346,1957,0,0,38,243,412,67,ATK@600
gauntlet/20261003-003405-scrim-g1basics/losses/andrewgopher.player22__Yinyang__botB.bc24,andrewgopher.player22,0,A,player22,1,1362,CAPTURE,3,282,259,27,0,3,0,0,0,0,5300,70,0,5,1476,790,0,0,81,330,867,675,ATK@600+HEAL@1200
gauntlet/20261003-003405-scrim-g1basics/losses/andrewgopher.player22__Yinyang__botB.bc24,andrewgopher.player22,1,B,g1basics,0,1362,CAPTURE,2,543,522,2,0,0,0,0,0,48,200,233,8,25,1109,1808,11,0,52,155,675,867,ATK@600+HEAL@1200
gauntlet/20261003-003405-scrim-g1basics/losses/chenyx512.flagbot_final__CH3353C4K3F4CT0RY__botB.bc24,chenyx512.flagbot_final,0,A,flagbot_final,1,929,CAPTURE,3,387,334,11,0,3,42,90,117,0,10544,8874,18,3,990,1501,0,0,192,395,399,81,ATK@600
gauntlet/20261003-003405-scrim-g1basics/losses/chenyx512.flagbot_final__CH3353C4K3F4CT0RY__botB.bc24,chenyx512.flagbot_final,1,B,g1basics,0,929,CAPTURE,0,-1,308,9,0,0,0,0,10,110,3010,210,12,5,803,1260,24,0,136,189,81,399,ATK@600
gauntlet/20261003-003405-scrim-g1basics/losses/chenyx512.flagbot_final__Intercontinental__botA.bc24,chenyx512.flagbot_final,1,A,g1basics,0,1394,CAPTURE,1,454,315,14,0,0,0,0,85,19,125,20,3,3,829,1060,6,0,25,110,179,860,ATK@600+HEAL@1200
gauntlet/20261003-003405-scrim-g1basics/losses/chenyx512.flagbot_final__Intercontinental__botA.bc24,chenyx512.flagbot_final,0,B,flagbot_final,1,1394,CAPTURE,3,1058,370,19,0,3,25,70,127,0,27,23,13,3,866,1189,0,0,11,299,860,179,ATK@600+HEAL@1200
gauntlet/20261003-003405-scrim-g1basics/losses/chenyx512.flagbot_final__KingQuacksCastle__botB.bc24,chenyx512.flagbot_final,0,A,flagbot_final,1,836,CAPTURE,3,429,388,14,0,3,42,90,80,0,306,4981,18,3,1323,1706,0,0,166,295,271,43,ATK@600
gauntlet/20261003-003405-scrim-g1basics/losses/chenyx512.flagbot_final__KingQuacksCastle__botB.bc24,chenyx512.flagbot_final,1,B,g1basics,0,836,CAPTURE,0,-1,472,10,0,0,0,0,30,28,150,135,4,19,945,1620,4,0,44,79,43,271,ATK@600
gauntlet/20261003-003405-scrim-g1basics/losses/dmtrung14.defaultplayer_intlqualifier__StarryNight__botA.bc24,dmtrung14.defaultplayer_intlqualifier,1,A,g1basics,0,535,CAPTURE,2,324,229,6,0,0,0,0,83,114,655,275,11,2,1314,705,26,0,109,84,204,24,
gauntlet/20261003-003405-scrim-g1basics/losses/dmtrung14.defaultplayer_intlqualifier__StarryNight__botA.bc24,dmtrung14.defaultplayer_intlqualifier,0,B,defaultplayer_intlqualifier,1,535,CAPTURE,3,272,231,39,28,3,17,0,117,18,10390,9830,0,2,407,886,3,25,18,58,24,204,
gauntlet/20261003-003405-scrim-g1basics/losses/dmtrung14.defaultplayer_intlqualifier__DefaultHuge__botA.bc24,dmtrung14.defaultplayer_intlqualifier,1,A,g1basics,0,489,CAPTURE,2,442,331,5,0,0,0,0,2,51,195,30,10,1,1081,505,14,0,39,47,125,8,
gauntlet/20261003-003405-scrim-g1basics/losses/dmtrung14.defaultplayer_intlqualifier__DefaultHuge__botA.bc24,dmtrung14.defaultplayer_intlqualifier,0,B,defaultplayer_intlqualifier,1,489,CAPTURE,3,313,224,43,31,3,28,0,14,32,1880,250,0,3,299,719,6,28,33,64,8,125,
gauntlet/20261003-003405-scrim-g1basics/losses/chenyx512.flagbot_final__OceanFloor__botB.bc24,chenyx512.flagbot_final,0,A,flagbot_final,1,1097,CAPTURE,3,496,318,9,0,3,51,90,75,3,165,25,18,12,1032,1420,0,0,51,222,340,77,ATK@600
gauntlet/20261003-003405-scrim-g1basics/losses/chenyx512.flagbot_final__OceanFloor__botB.bc24,chenyx512.flagbot_final,1,B,g1basics,0,1097,CAPTURE,0,-1,243,16,0,0,0,0,40,24,175,205,4,18,812,1168,2,0,41,98,77,340,ATK@600
gauntlet/20261003-003405-scrim-g1basics/losses/hsmalladi.finalbot__HungerGames__botB.bc24,hsmalladi.finalbot,0,A,finalbot,1,409,CAPTURE,3,319,264,25,6,3,20,32,17,0,2074,7589,6,2,1072,930,16,3,178,178,91,55,
gauntlet/20261003-003405-scrim-g1basics/losses/hsmalladi.finalbot__HungerGames__botB.bc24,hsmalladi.finalbot,1,B,g1basics,0,409,CAPTURE,1,283,238,1,0,0,0,0,19,24,205,105,4,1,874,1103,8,0,75,78,55,91,
gauntlet/20261003-003405-scrim-g1basics/losses/hsmalladi.finalbot__StackGame__botA.bc24,hsmalladi.finalbot,1,A,g1basics,0,470,CAPTURE,0,-1,270,4,0,0,0,0,31,52,195,235,10,8,1089,1702,13,0,68,68,113,88,
gauntlet/20261003-003405-scrim-g1basics/losses/hsmalladi.finalbot__StackGame__botA.bc24,hsmalladi.finalbot,0,B,finalbot,1,470,CAPTURE,3,254,232,26,7,3,23,60,61,6,3712,92,12,2,1298,1077,6,3,58,74,88,113,
gauntlet/20261003-003405-scrim-g1basics/losses/hsmalladi.finalbot__Puzzle__botA.bc24,hsmalladi.finalbot,1,A,g1basics,0,720,CAPTURE,1,317,235,6,0,0,0,0,5,21,195,185,3,2,734,1037,23,0,74,101,161,127,ATK@600
gauntlet/20261003-003405-scrim-g1basics/losses/hsmalladi.finalbot__Puzzle__botA.bc24,hsmalladi.finalbot,0,B,finalbot,1,720,CAPTURE,3,346,280,44,8,3,27,0,79,0,30,4990,0,0,859,782,0,2,120,155,127,161,ATK@600
gauntlet/20261003-003405-scrim-g1basics/losses/hsmalladi.finalbot__BreadPudding__botB.bc24,hsmalladi.finalbot,0,A,finalbot,1,1794,CAPTURE,3,341,257,58,11,3,21,45,40,0,3082,86,9,0,1041,911,8,5,42,283,620,623,ATK@600+HEAL@1200
gauntlet/20261003-003405-scrim-g1basics/losses/hsmalladi.finalbot__BreadPudding__botB.bc24,hsmalladi.finalbot,1,B,g1basics,0,1794,CAPTURE,1,503,295,11,0,0,0,0,44,27,215,230,4,3,971,1488,14,0,35,192,623,620,ATK@600+HEAL@1200
gauntlet/20261003-003405-scrim-g1basics/losses/hsmalladi.finalbot__TwistedTreeline__botA.bc24,hsmalladi.finalbot,1,A,g1basics,0,897,CAPTURE,1,459,284,7,0,0,0,0,64,22,160,140,3,2,1055,1399,7,0,50,142,313,206,ATK@600
gauntlet/20261003-003405-scrim-g1basics/losses/hsmalladi.finalbot__TwistedTreeline__botA.bc24,hsmalladi.finalbot,0,B,finalbot,1,897,CAPTURE,3,605,256,80,6,3,17,42,61,0,2111,141,8,0,1077,823,0,2,44,112,206,313,ATK@600
gauntlet/20261003-003405-scrim-g1basics/losses/jmerle.camel_case_v21_final__GravitationalWaves__botB.bc24,jmerle.camel_case_v21_final,0,A,camel_case_v21_final,1,2000,MORE_FLAG_CAPTURES,1,850,455,5,0,0,0,0,72,0,3940,2480,0,8,1131,649,0,0,45,132,488,648,ATK@600+HEAL@1200+CAP@1800
gauntlet/20261003-003405-scrim-g1basics/losses/jmerle.camel_case_v21_final__GravitationalWaves__botB.bc24,jmerle.camel_case_v21_final,1,B,g1basics,0,2000,MORE_FLAG_CAPTURES,0,-1,518,11,0,0,0,0,65,32,175,175,6,18,854,1752,10,0,43,166,648,488,ATK@600+HEAL@1200+CAP@1800
gauntlet/20261003-003405-scrim-g1basics/losses/hsmalladi.finalbot__Hurricane__botA.bc24,hsmalladi.finalbot,1,A,g1basics,0,2000,MORE_FLAG_CAPTURES,0,-1,1665,1,0,0,0,0,64,39,165,250,7,24,663,888,13,0,42,226,689,225,ATK@600+HEAL@1200+CAP@1800
gauntlet/20261003-003405-scrim-g1basics/losses/hsmalladi.finalbot__Hurricane__botA.bc24,hsmalladi.finalbot,0,B,finalbot,1,2000,MORE_FLAG_CAPTURES,1,480,223,134,11,3,86,60,57,8,3527,92,12,0,554,487,0,2,58,233,225,689,ATK@600+HEAL@1200+CAP@1800
gauntlet/20261003-003405-scrim-g1basics/losses/jmerle.camel_case_v21_final__HungerGames__botB.bc24,jmerle.camel_case_v21_final,0,A,camel_case_v21_final,1,301,CAPTURE,3,283,242,3,0,0,0,0,5,0,2950,11633,0,7,753,268,0,0,190,145,66,29,
gauntlet/20261003-003405-scrim-g1basics/losses/jmerle.camel_case_v21_final__HungerGames__botB.bc24,jmerle.camel_case_v21_final,1,B,g1basics,0,301,CAPTURE,0,-1,0,0,0,0,0,0,19,24,205,265,4,0,369,413,2,0,37,30,29,66,
gauntlet/20261003-003405-scrim-g1basics/losses/kyleezz.jeeryfix3__Skyline__botA.bc24,kyleezz.jeeryfix3,1,A,g1basics,0,410,CAPTURE,0,-1,0,0,0,0,0,0,100,104,8970,220,9,6,1334,1413,24,0,197,168,149,49,
gauntlet/20261003-003405-scrim-g1basics/losses/kyleezz.jeeryfix3__Skyline__botA.bc24,kyleezz.jeeryfix3,0,B,jeeryfix3,1,410,CAPTURE,3,313,280,9,0,0,0,0,184,12,17280,14410,0,1,1125,684,0,0,186,134,49,149,
gauntlet/20261003-003405-scrim-g1basics/losses/quesswho.cretplayer2_3__Battlefield__botB.bc24,quesswho.cretplayer2_3,0,A,cretplayer2_3,1,373,CAPTURE,3,254,216,15,0,3,7,0,39,0,4930,930,0,4,1019,755,0,7,54,55,55,119,
gauntlet/20261003-003405-scrim-g1basics/losses/quesswho.cretplayer2_3__Battlefield__botB.bc24,quesswho.cretplayer2_3,1,B,g1basics,0,373,CAPTURE,1,246,228,1,0,0,0,0,31,43,295,305,7,14,1176,1144,13,0,51,41,119,55,
gauntlet/20261003-003405-scrim-g1basics/losses/quesswho.cretplayer2_3__KingQuacksCastle__botB.bc24,quesswho.cretplayer2_3,0,A,cretplayer2_3,1,621,CAPTURE,3,392,229,21,0,3,44,0,29,0,3130,950,0,3,924,865,0,4,102,119,107,117,ATK@600
gauntlet/20261003-003405-scrim-g1basics/losses/quesswho.cretplayer2_3__KingQuacksCastle__botB.bc24,quesswho.cretplayer2_3,1,B,g1basics,0,621,CAPTURE,0,-1,382,4,0,0,0,0,30,28,160,115,4,2,790,971,6,0,43,64,117,107,ATK@600
gauntlet/20261003-003405-scrim-g1basics/losses/quesswho.cretplayer2_3__Canals__botA.bc24,quesswho.cretplayer2_3,1,A,g1basics,0,971,CAPTURE,1,487,405,8,0,0,0,0,0,59,205,165,11,2,931,1105,21,0,58,128,371,263,ATK@600
gauntlet/20261003-003405-scrim-g1basics/losses/quesswho.cretplayer2_3__Canals__botA.bc24,quesswho.cretplayer2_3,0,B,cretplayer2_3,1,971,CAPTURE,3,351,240,30,0,3,19,0,0,0,7000,970,0,3,965,1117,0,4,81,143,263,371,ATK@600
gauntlet/20261003-003405-scrim-g1basics/losses/winkelmantanner.waffle__Gauntlet__botB.bc24,winkelmantanner.waffle,0,A,waffle,1,512,CAPTURE,3,362,246,42,0,0,0,0,27,3,3390,2280,0,4,953,683,0,0,73,82,81,137,
gauntlet/20261003-003405-scrim-g1basics/losses/winkelmantanner.waffle__Gauntlet__botB.bc24,winkelmantanner.waffle,1,B,g1basics,0,512,CAPTURE,0,-1,0,0,0,0,0,0,57,23,135,35,4,11,859,1016,7,0,27,29,137,81,
gauntlet/20261003-003405-scrim-g1basics/losses/quesswho.cretplayer2_3__OceanFloor__botA.bc24,quesswho.cretplayer2_3,1,A,g1basics,0,1039,CAPTURE,2,494,355,14,0,0,0,0,38,25,135,185,5,2,684,785,4,0,35,86,244,163,ATK@600
gauntlet/20261003-003405-scrim-g1basics/losses/quesswho.cretplayer2_3__OceanFloor__botA.bc24,quesswho.cretplayer2_3,0,B,cretplayer2_3,1,1039,CAPTURE,3,549,225,15,0,3,50,0,23,0,3110,1020,0,3,758,840,0,6,46,102,163,244,ATK@600
gauntlet/20261003-003405-scrim-g1basics/losses/winkelmantanner.waffle__Islands__botA.bc24,winkelmantanner.waffle,1,A,g1basics,0,485,CAPTURE,1,438,399,1,0,0,0,0,72,50,175,260,9,20,1185,1392,18,0,59,44,148,81,
gauntlet/20261003-003405-scrim-g1basics/losses/winkelmantanner.waffle__Islands__botA.bc24,winkelmantanner.waffle,0,B,waffle,1,485,CAPTURE,3,335,220,35,0,0,0,0,45,64,540,415,3,9,1138,977,0,0,93,88,81,148,
gauntlet/20261003-003405-scrim-g1basics/losses/winkelmantanner.waffle__StackGame__botB.bc24,winkelmantanner.waffle,0,A,waffle,1,373,CAPTURE,3,260,219,10,0,0,0,0,34,21,3880,320,0,5,1058,901,0,0,81,75,49,94,
gauntlet/20261003-003405-scrim-g1basics/losses/winkelmantanner.waffle__StackGame__botB.bc24,winkelmantanner.waffle,1,B,g1basics,0,373,CAPTURE,1,363,340,2,0,0,0,0,34,50,145,135,8,2,1064,1255,16,0,59,57,94,49,
gauntlet/20261003-003405-scrim-g1basics/losses/winkelmantanner.waffle__Skyline__botA.bc24,winkelmantanner.waffle,1,A,g1basics,0,485,CAPTURE,1,409,280,5,0,0,0,0,107,106,8535,241,9,10,1060,1048,24,0,189,166,131,67,
gauntlet/20261003-003405-scrim-g1basics/losses/winkelmantanner.waffle__Skyline__botA.bc24,winkelmantanner.waffle,0,B,waffle,1,485,CAPTURE,3,384,277,16,0,0,0,0,73,56,16242,10165,3,6,944,858,0,0,240,228,67,131,
gauntlet/20261003-003405-scrim-g1basics/losses/winkelmantanner.waffle__Whirlpool__botB.bc24,winkelmantanner.waffle,0,A,waffle,1,1729,CAPTURE,3,309,226,40,0,0,0,0,52,27,940,1720,0,8,1107,1093,0,0,89,236,469,793,ATK@600+HEAL@1200
gauntlet/20261003-003405-scrim-g1basics/losses/winkelmantanner.waffle__Whirlpool__botB.bc24,winkelmantanner.waffle,1,B,g1basics,0,1729,CAPTURE,1,841,797,2,0,0,0,0,87,20,200,150,3,12,1028,1556,6,0,36,167,793,469,ATK@600+HEAL@1200
gauntlet/20261003-003405-scrim-g1basics/replays/ColtG5.Goob_final__BigDucksBigPond__botB.bc24,ColtG5.Goob_final,0,A,Goob_final,0,1540,CAPTURE,1,320,256,3,0,0,0,0,121,0,3770,10,0,9,1170,887,12,0,66,195,320,1180,ATK@600+HEAL@1200
gauntlet/20261003-003405-scrim-g1basics/replays/ColtG5.Goob_final__BigDucksBigPond__botB.bc24,ColtG5.Goob_final,1,B,g1basics,1,1540,CAPTURE,3,1318,1242,4,0,0,0,0,90,38,195,180,6,5,1112,1362,14,0,50,414,1180,320,ATK@600+HEAL@1200
gauntlet/20261003-003405-scrim-g1basics/replays/ColtG5.Goob_final__DefaultLarge__botA.bc24,ColtG5.Goob_final,1,A,g1basics,1,1877,CAPTURE,3,1363,1246,9,0,0,0,0,44,21,195,195,2,11,1254,1593,8,0,57,464,1450,380,ATK@600+HEAL@1200+CAP@1800
gauntlet/20261003-003405-scrim-g1basics/replays/ColtG5.Goob_final__DefaultLarge__botA.bc24,ColtG5.Goob_final,0,B,Goob_final,0,1877,CAPTURE,0,-1,0,0,0,0,0,0,48,0,2760,100,0,10,1118,949,12,0,72,252,380,1450,ATK@600+HEAL@1200+CAP@1800
gauntlet/20261003-003405-scrim-g1basics/replays/ColtG5.Goob_final__MazeRunner__botA.bc24,ColtG5.Goob_final,1,A,g1basics,1,2000,LEVEL_SUM,1,1047,986,4,0,0,0,0,71,20,50,145,3,11,1065,1393,13,0,44,253,1151,547,ATK@600+HEAL@1200+CAP@1800
gauntlet/20261003-003405-scrim-g1basics/replays/ColtG5.Goob_final__MazeRunner__botA.bc24,ColtG5.Goob_final,0,B,Goob_final,0,2000,LEVEL_SUM,1,1953,461,11,0,0,0,0,120,0,1400,270,0,5,1025,826,6,0,52,242,547,1151,ATK@600+HEAL@1200+CAP@1800
gauntlet/20261003-003405-scrim-g1basics/replays/CyrilSharma.finalBot__BedWars__botB.bc24,CyrilSharma.finalBot,0,A,finalBot,0,592,CAPTURE,2,285,243,21,0,0,0,45,10,0,3690,16,9,5,642,853,0,0,16,16,47,92,
gauntlet/20261003-003405-scrim-g1basics/replays/CyrilSharma.finalBot__BedWars__botB.bc24,CyrilSharma.finalBot,1,B,g1basics,1,592,CAPTURE,3,374,348,6,0,0,0,0,0,42,125,25,7,3,760,866,12,0,40,41,92,47,
gauntlet/20261003-003405-scrim-g1basics/replays/ColtG5.Goob_final__Snake__botA.bc24,ColtG5.Goob_final,1,A,g1basics,1,2000,LEVEL_SUM,0,-1,0,0,0,0,0,0,186,81,645,325,12,4,1197,1125,24,0,239,626,1370,579,ATK@600+HEAL@1200+CAP@1800
gauntlet/20261003-003405-scrim-g1basics/replays/ColtG5.Goob_final__Snake__botA.bc24,ColtG5.Goob_final,0,B,Goob_final,0,2000,LEVEL_SUM,0,-1,562,6,0,0,0,0,152,0,10940,23810,0,3,938,603,12,0,140,519,579,1370,ATK@600+HEAL@1200+CAP@1800
gauntlet/20261003-003405-scrim-g1basics/replays/CyrilSharma.finalBot__Fusbol__botA.bc24,CyrilSharma.finalBot,1,A,g1basics,1,2000,LEVEL_SUM,0,-1,278,3,0,0,0,0,110,35,669,198,5,8,783,975,24,0,118,327,541,377,ATK@600+HEAL@1200+CAP@1800
gauntlet/20261003-003405-scrim-g1basics/replays/CyrilSharma.finalBot__Fusbol__botA.bc24,CyrilSharma.finalBot,0,B,finalBot,0,2000,LEVEL_SUM,0,-1,552,6,0,0,0,22,29,0,2917,1871,4,7,660,1226,0,0,40,361,377,541,ATK@600+HEAL@1200+CAP@1800
gauntlet/20261003-003405-scrim-g1basics/replays/CyrilSharma.finalBot__QuestionableChess__botB.bc24,CyrilSharma.finalBot,0,A,finalBot,0,2000,LEVEL_SUM,1,272,236,2,0,0,0,41,32,1,626,67,8,5,889,1008,0,0,35,329,463,551,ATK@600+HEAL@1200+CAP@1800
gauntlet/20261003-003405-scrim-g1basics/replays/CyrilSharma.finalBot__QuestionableChess__botB.bc24,CyrilSharma.finalBot,1,B,g1basics,1,2000,LEVEL_SUM,1,1972,1839,2,0,0,0,0,60,3,200,180,0,2,758,1109,1,0,18,151,551,463,ATK@600+HEAL@1200+CAP@1800
gauntlet/20261003-003405-scrim-g1basics/replays/Gymhgy.v10official__HeMustBeFreed__botB.bc24,Gymhgy.v10official,0,A,v10official,0,1858,CAPTURE,2,508,423,48,39,3,6,46,89,3,4494,9450,8,1,782,1332,0,3,34,303,354,346,ATK@600+HEAL@1200+CAP@1800
gauntlet/20261003-003405-scrim-g1basics/replays/Gymhgy.v10official__HeMustBeFreed__botB.bc24,Gymhgy.v10official,1,B,g1basics,1,1858,CAPTURE,3,649,467,3,0,0,0,0,121,14,10,20,1,4,811,1132,3,0,24,129,346,354,ATK@600+HEAL@1200+CAP@1800
gauntlet/20261003-003405-scrim-g1basics/replays/Gymhgy.v10official__Starfish__botA.bc24,Gymhgy.v10official,1,A,g1basics,1,1078,CAPTURE,3,326,294,8,0,0,0,0,103,27,185,165,5,25,1410,1639,8,0,37,102,417,185,ATK@600
gauntlet/20261003-003405-scrim-g1basics/replays/Gymhgy.v10official__Starfish__botA.bc24,Gymhgy.v10official,0,B,v10official,0,1078,CAPTURE,2,387,299,21,12,3,15,15,185,2,466,24,2,0,1067,1502,0,2,17,78,185,417,ATK@600
gauntlet/20261003-003405-scrim-g1basics/replays/Gymhgy.v10official__Diagonal__botA.bc24,Gymhgy.v10official,1,A,g1basics,1,2000,MORE_FLAG_CAPTURES,1,1181,262,82,0,0,0,0,25,54,198,248,10,26,742,960,21,0,48,233,281,343,ATK@600+HEAL@1200+CAP@1800
gauntlet/20261003-003405-scrim-g1basics/replays/Gymhgy.v10official__Diagonal__botA.bc24,Gymhgy.v10official,0,B,v10official,0,2000,MORE_FLAG_CAPTURES,0,-1,734,13,1,3,9,74,20,3,5347,327,14,1,731,1130,17,3,68,245,343,281,ATK@600+HEAL@1200+CAP@1800
gauntlet/20261003-003405-scrim-g1basics/replays/SampleProvider.TSPAARKSPRINT1__EndAround__botA.bc24,SampleProvider.TSPAARKSPRINT1,1,A,g1basics,1,2000,MORE_FLAG_CAPTURES,1,1850,262,123,0,0,0,0,66,24,145,150,4,4,743,680,4,0,43,326,962,235,ATK@600+HEAL@1200+CAP@1800
gauntlet/20261003-003405-scrim-g1basics/replays/SampleProvider.TSPAARKSPRINT1__EndAround__botA.bc24,SampleProvider.TSPAARKSPRINT1,0,B,TSPAARKSPRINT1,0,2000,MORE_FLAG_CAPTURES,0,-1,385,6,0,3,54,0,132,2,740,30,0,1,400,903,17,13,1,96,235,962,ATK@600+CAP@1200+HEAL@1800
gauntlet/20261003-003405-scrim-g1basics/replays/SampleProvider.TSPAARKSPRINT1__EndAround__botB.bc24,SampleProvider.TSPAARKSPRINT1,0,A,TSPAARKSPRINT1,0,2000,MORE_FLAG_CAPTURES,0,-1,293,6,0,3,44,0,134,2,680,70,0,13,386,801,11,27,0,97,235,917,ATK@600+CAP@1200+HEAL@1800
gauntlet/20261003-003405-scrim-g1basics/replays/SampleProvider.TSPAARKSPRINT1__EndAround__botB.bc24,SampleProvider.TSPAARKSPRINT1,1,B,g1basics,1,2000,MORE_FLAG_CAPTURES,2,1705,262,136,0,0,0,0,65,22,180,135,3,2,674,664,9,0,40,323,917,235,ATK@600+HEAL@1200+CAP@1800
gauntlet/20261003-003405-scrim-g1basics/replays/SampleProvider.TSPAARKSPRINT1__KingQuacksCastle__botB.bc24,SampleProvider.TSPAARKSPRINT1,0,A,TSPAARKSPRINT1,0,1046,CAPTURE,1,816,263,57,0,3,35,0,41,7,2070,90,0,12,656,1578,11,30,3,66,116,336,ATK@600
gauntlet/20261003-003405-scrim-g1basics/replays/SampleProvider.TSPAARKSPRINT1__KingQuacksCastle__botB.bc24,SampleProvider.TSPAARKSPRINT1,1,B,g1basics,1,1046,CAPTURE,3,413,250,27,0,0,0,0,26,28,165,115,5,14,1097,1132,11,0,50,129,336,116,ATK@600
gauntlet/20261003-003405-scrim-g1basics/replays/SampleProvider.TSPAARKSPRINT1__English__botA.bc24,SampleProvider.TSPAARKSPRINT1,1,A,g1basics,1,1335,CAPTURE,3,623,381,17,0,0,0,0,157,72,255,235,12,2,1091,1059,24,0,81,183,397,109,ATK@600+HEAL@1200
gauntlet/20261003-003405-scrim-g1basics/replays/SampleProvider.TSPAARKSPRINT1__English__botA.bc24,SampleProvider.TSPAARKSPRINT1,0,B,TSPAARKSPRINT1,0,1335,CAPTURE,2,508,253,51,0,3,70,0,297,4,3990,30,0,7,577,1207,7,24,6,57,109,397,ATK@600+CAP@1200
gauntlet/20261003-003405-scrim-g1basics/replays/SampleProvider.TSPAARKSPRINT1__Swoop__botA.bc24,SampleProvider.TSPAARKSPRINT1,1,A,g1basics,1,1512,CAPTURE,3,436,222,51,0,0,0,0,68,38,195,235,6,9,1023,1068,11,0,45,288,656,138,ATK@600+HEAL@1200
gauntlet/20261003-003405-scrim-g1basics/replays/SampleProvider.TSPAARKSPRINT1__Swoop__botA.bc24,SampleProvider.TSPAARKSPRINT1,0,B,TSPAARKSPRINT1,0,1512,CAPTURE,1,824,224,99,0,3,0,0,87,0,4090,30,0,5,636,1281,11,26,0,81,138,656,ATK@600+CAP@1200
gauntlet/20261003-003405-scrim-g1basics/replays/andrewgopher.player22__Divergent__botB.bc24,andrewgopher.player22,0,A,player22,0,2000,MORE_FLAG_CAPTURES,0,-1,0,3,0,3,0,0,62,0,4240,460,0,3,960,361,9,0,44,216,487,783,ATK@600+HEAL@1200+CAP@1800
gauntlet/20261003-003405-scrim-g1basics/replays/andrewgopher.player22__Divergent__botB.bc24,andrewgopher.player22,1,B,g1basics,1,2000,MORE_FLAG_CAPTURES,1,1503,488,5,0,0,0,0,35,37,195,175,6,16,746,1330,19,0,38,236,783,487,ATK@600+HEAL@1200+CAP@1800
gauntlet/20261003-003405-scrim-g1basics/replays/Strequals.duck0127v5__Divergent__botA.bc24,Strequals.duck0127v5,1,A,g1basics,1,2000,LEVEL_SUM,0,-1,276,23,0,0,0,0,34,39,308,288,7,4,556,946,21,0,35,180,229,333,ATK@600+HEAL@1200+CAP@1800
gauntlet/20261003-003405-scrim-g1basics/replays/Strequals.duck0127v5__Divergent__botA.bc24,Strequals.duck0127v5,0,B,duck0127v5,0,2000,LEVEL_SUM,0,-1,402,8,0,0,0,87,20,0,3449,2532,17,8,693,836,0,2,89,301,333,229,ATK@600+HEAL@1200+CAP@1800
gauntlet/20261003-003405-scrim-g1basics/replays/awu7.ExplosiveBot__Alligator__botA.bc24,awu7.ExplosiveBot,1,A,g1basics,1,893,CAPTURE,3,360,228,8,0,0,0,0,48,34,195,275,6,3,1355,1556,20,0,89,203,568,107,ATK@600
gauntlet/20261003-003405-scrim-g1basics/replays/awu7.ExplosiveBot__Alligator__botA.bc24,awu7.ExplosiveBot,0,B,ExplosiveBot,0,893,CAPTURE,0,-1,231,6,2,0,0,0,69,9,2730,5370,0,36,872,1021,1,0,29,76,107,568,ATK@600
gauntlet/20261003-003405-scrim-g1basics/replays/andrewgopher.player22__Fountain__botA.bc24,andrewgopher.player22,1,A,g1basics,1,2000,LEVEL_SUM,1,473,304,16,0,0,0,0,40,18,280,150,2,10,972,1651,11,0,29,148,953,679,ATK@600+HEAL@1200+CAP@1800
gauntlet/20261003-003405-scrim-g1basics/replays/andrewgopher.player22__Fountain__botA.bc24,andrewgopher.player22,0,B,player22,0,2000,LEVEL_SUM,1,423,295,22,15,3,0,0,68,0,2060,1090,0,1,1076,864,6,0,16,191,679,953,ATK@600+HEAL@1200+CAP@1800
gauntlet/20261003-003405-scrim-g1basics/replays/awu7.ExplosiveBot__Canals__botA.bc24,awu7.ExplosiveBot,1,A,g1basics,1,990,CAPTURE,3,589,437,12,0,0,0,0,0,59,150,240,11,2,1169,1598,22,0,70,226,674,89,ATK@600
gauntlet/20261003-003405-scrim-g1basics/replays/awu7.ExplosiveBot__Canals__botA.bc24,awu7.ExplosiveBot,0,B,ExplosiveBot,0,990,CAPTURE,1,265,242,14,8,0,0,0,0,15,4900,90,0,13,817,653,33,0,9,76,89,674,ATK@600
gauntlet/20261003-003405-scrim-g1basics/replays/awu7.ExplosiveBot__Capacitance__botB.bc24,awu7.ExplosiveBot,0,A,ExplosiveBot,0,1464,CAPTURE,2,776,228,57,41,0,0,0,28,5,4460,3130,0,17,736,518,39,0,6,85,142,1056,ATK@600+HEAL@1200
gauntlet/20261003-003405-scrim-g1basics/replays/awu7.ExplosiveBot__Capacitance__botB.bc24,awu7.ExplosiveBot,1,B,g1basics,1,1464,CAPTURE,3,377,357,25,0,0,0,0,19,46,205,235,8,9,1232,1534,16,0,73,373,1056,142,ATK@600+HEAL@1200
gauntlet/20261003-003405-scrim-g1basics/replays/awu7.ExplosiveBot__Klein__botB.bc24,awu7.ExplosiveBot,0,A,ExplosiveBot,0,595,CAPTURE,0,-1,409,1,0,0,0,0,289,3,30,20,0,14,675,520,0,0,3,6,34,260,
gauntlet/20261003-003405-scrim-g1basics/replays/awu7.ExplosiveBot__Klein__botB.bc24,awu7.ExplosiveBot,1,B,g1basics,1,595,CAPTURE,3,357,221,9,0,0,0,0,86,47,220,160,8,3,960,1044,23,0,57,81,260,34,
gauntlet/20261003-003405-scrim-g1basics/replays/awu7.ExplosiveBot__GaltonBoard__botA.bc24,awu7.ExplosiveBot,1,A,g1basics,1,812,CAPTURE,3,527,234,14,0,0,0,0,11,19,150,290,2,4,1314,1605,10,0,41,120,667,45,ATK@600
gauntlet/20261003-003405-scrim-g1basics/replays/awu7.ExplosiveBot__GaltonBoard__botA.bc24,awu7.ExplosiveBot,0,B,ExplosiveBot,0,812,CAPTURE,1,265,235,6,4,0,0,0,10,9,1200,590,0,22,945,1136,13,0,15,33,45,667,ATK@600
gauntlet/20261003-003405-scrim-g1basics/replays/awu7.ExplosiveBot__Joker__botB.bc24,awu7.ExplosiveBot,0,A,ExplosiveBot,0,736,CAPTURE,0,-1,273,8,1,0,0,0,35,9,14950,13050,0,36,684,598,53,0,25,76,97,381,ATK@600
gauntlet/20261003-003405-scrim-g1basics/replays/awu7.ExplosiveBot__Joker__botB.bc24,awu7.ExplosiveBot,1,B,g1basics,1,736,CAPTURE,3,382,261,15,0,0,0,0,2,114,4175,295,12,3,1150,1371,27,0,244,245,381,97,ATK@600
gauntlet/20261003-003405-scrim-g1basics/replays/clbarrell.duck8__Fountain__botA.bc24,clbarrell.duck8,1,A,g1basics,1,776,CAPTURE,3,266,223,11,0,0,0,0,45,20,143,73,3,2,938,1006,9,0,24,42,273,130,ATK@600
gauntlet/20261003-003405-scrim-g1basics/replays/clbarrell.duck8__Fountain__botA.bc24,clbarrell.duck8,0,B,duck8,0,776,CAPTURE,2,282,233,9,0,0,0,0,25,24,50,80,1,2,890,967,9,0,39,73,130,273,ATK@750
gauntlet/20261003-003405-scrim-g1basics/replays/clbarrell.duck8__Diagonal__botB.bc24,clbarrell.duck8,0,A,duck8,0,1760,CAPTURE,0,-1,285,37,0,0,0,0,17,50,470,70,3,5,744,786,16,0,68,248,286,964,ATK@750+HEAL@1500
gauntlet/20261003-003405-scrim-g1basics/replays/clbarrell.duck8__Diagonal__botB.bc24,clbarrell.duck8,1,B,g1basics,1,1760,CAPTURE,3,653,308,28,0,0,0,0,24,55,159,189,9,3,870,918,24,0,58,333,964,286,ATK@600+HEAL@1200
gauntlet/20261003-003405-scrim-g1basics/replays/clbarrell.duck8__Hockey__botB.bc24,clbarrell.duck8,0,A,duck8,0,916,CAPTURE,0,-1,0,0,0,0,0,0,28,41,80,110,3,5,1030,1493,8,0,54,115,111,449,ATK@750
gauntlet/20261003-003405-scrim-g1basics/replays/clbarrell.duck8__Hockey__botB.bc24,clbarrell.duck8,1,B,g1basics,1,916,CAPTURE,3,833,335,7,0,0,0,0,25,42,140,175,8,3,1293,1719,17,0,48,102,449,111,ATK@600
gauntlet/20261003-003405-scrim-g1basics/replays/clbarrell.duck8__Islands__botB.bc24,clbarrell.duck8,0,A,duck8,0,1034,CAPTURE,0,-1,226,43,0,0,0,0,48,50,60,50,3,5,997,1248,18,0,55,128,165,482,ATK@750
gauntlet/20261003-003405-scrim-g1basics/replays/clbarrell.duck8__Islands__botB.bc24,clbarrell.duck8,1,B,g1basics,1,1034,CAPTURE,3,652,516,9,0,0,0,0,65,51,205,225,9,21,1200,1531,17,0,62,196,482,165,ATK@600
gauntlet/20261003-003405-scrim-g1basics/replays/dmtrung14.defaultplayer_intlqualifier__Foxes__botB.bc24,dmtrung14.defaultplayer_intlqualifier,0,A,defaultplayer_intlqualifier,0,2000,MORE_FLAG_CAPTURES,1,366,239,39,26,3,40,0,21,22,6470,5410,0,3,410,813,6,39,22,129,55,1223,ATK@600+HEAL@1200+CAP@1800
gauntlet/20261003-003405-scrim-g1basics/replays/dmtrung14.defaultplayer_intlqualifier__Foxes__botB.bc24,dmtrung14.defaultplayer_intlqualifier,1,B,g1basics,1,2000,MORE_FLAG_CAPTURES,2,901,474,10,0,0,0,0,11,78,660,10,12,9,1136,600,24,0,61,323,1223,55,ATK@600+HEAL@1200+CAP@1800
gauntlet/20261003-003405-scrim-g1basics/replays/clbarrell.duck8__Mountain__botB.bc24,clbarrell.duck8,0,A,duck8,0,1566,CAPTURE,1,400,370,9,0,0,0,0,14,45,100,60,3,8,928,575,16,0,63,190,259,1102,ATK@750+HEAL@1500
gauntlet/20261003-003405-scrim-g1basics/replays/clbarrell.duck8__Mountain__botB.bc24,clbarrell.duck8,1,B,g1basics,1,1566,CAPTURE,3,673,651,13,0,0,0,0,35,46,145,190,8,23,1058,1253,18,0,54,311,1102,259,ATK@600+HEAL@1200
gauntlet/20261003-003405-scrim-g1basics/replays/dmtrung14.defaultplayer_intlqualifier__GaltonBoard__botB.bc24,dmtrung14.defaultplayer_intlqualifier,0,A,defaultplayer_intlqualifier,0,1333,CAPTURE,2,252,234,28,19,3,5,0,9,15,30,110,0,2,680,1021,6,18,8,96,114,1138,ATK@600+HEAL@1200
gauntlet/20261003-003405-scrim-g1basics/replays/dmtrung14.defaultplayer_intlqualifier__GaltonBoard__botB.bc24,dmtrung14.defaultplayer_intlqualifier,1,B,g1basics,1,1333,CAPTURE,3,553,284,15,0,0,0,0,12,19,120,20,3,15,1638,1060,3,0,25,141,1138,114,ATK@600+HEAL@1200
gauntlet/20261003-003405-scrim-g1basics/replays/dmtrung14.defaultplayer_intlqualifier__Klein__botA.bc24,dmtrung14.defaultplayer_intlqualifier,1,A,g1basics,1,895,CAPTURE,3,604,401,18,0,0,0,0,95,43,155,175,7,13,1240,560,17,0,36,63,592,33,ATK@600
gauntlet/20261003-003405-scrim-g1basics/replays/dmtrung14.defaultplayer_intlqualifier__Klein__botA.bc24,dmtrung14.defaultplayer_intlqualifier,0,B,defaultplayer_intlqualifier,0,895,CAPTURE,1,340,329,11,3,3,25,0,217,12,90,150,0,21,313,803,6,15,5,59,33,592,ATK@600
gauntlet/20261003-003405-scrim-g1basics/replays/dmtrung14.defaultplayer_intlqualifier__OceanFloor__botB.bc24,dmtrung14.defaultplayer_intlqualifier,0,A,defaultplayer_intlqualifier,0,743,CAPTURE,1,471,236,21,10,3,17,0,53,15,10,100,0,6,344,782,5,16,14,52,25,383,ATK@600
gauntlet/20261003-003405-scrim-g1basics/replays/dmtrung14.defaultplayer_intlqualifier__OceanFloor__botB.bc24,dmtrung14.defaultplayer_intlqualifier,1,B,g1basics,1,743,CAPTURE,3,410,318,13,0,0,0,0,28,27,165,155,4,4,1418,559,3,0,53,55,383,25,ATK@600
gauntlet/20261003-003405-scrim-g1basics/replays/clbarrell.duck8__Whirlpool__botA.bc24,clbarrell.duck8,1,A,g1basics,1,2000,MORE_FLAG_CAPTURES,2,805,670,2,0,0,0,0,74,24,180,200,4,7,1191,1471,5,0,47,196,1074,411,ATK@600+HEAL@1200+CAP@1800
gauntlet/20261003-003405-scrim-g1basics/replays/clbarrell.duck8__Whirlpool__botA.bc24,clbarrell.duck8,0,B,duck8,0,2000,MORE_FLAG_CAPTURES,0,-1,407,12,0,0,0,0,49,33,120,30,3,6,966,1361,4,0,81,220,411,1074,ATK@750+HEAL@1500
gauntlet/20261003-003405-scrim-g1basics/replays/jonters.bling3__DefaultHuge__botB.bc24,jonters.bling3,0,A,bling3,0,470,CAPTURE,0,-1,308,7,0,0,0,0,39,11,2730,120,0,0,644,995,27,0,13,35,34,117,
gauntlet/20261003-003405-scrim-g1basics/replays/jonters.bling3__DefaultHuge__botB.bc24,jonters.bling3,1,B,g1basics,1,470,CAPTURE,3,268,235,5,0,0,0,0,6,54,195,220,9,17,1061,1161,14,0,80,73,117,34,
gauntlet/20261003-003405-scrim-g1basics/replays/jmerle.camel_case_v21_final__Starfish__botB.bc24,jmerle.camel_case_v21_final,0,A,camel_case_v21_final,0,628,CAPTURE,2,251,228,14,0,0,0,0,215,0,50,60,0,11,1442,396,0,0,13,46,221,269,ATK@600
gauntlet/20261003-003405-scrim-g1basics/replays/jmerle.camel_case_v21_final__Starfish__botB.bc24,jmerle.camel_case_v21_final,1,B,g1basics,1,628,CAPTURE,3,391,240,11,0,0,0,0,101,26,123,181,4,4,1006,1423,11,0,41,68,269,221,ATK@600
gauntlet/20261003-003405-scrim-g1basics/replays/jmerle.camel_case_v21_final__OceanFloor__botB.bc24,jmerle.camel_case_v21_final,0,A,camel_case_v21_final,0,1147,CAPTURE,2,271,215,15,0,0,0,0,8,11,2460,1930,0,4,1136,651,0,0,64,176,359,450,ATK@600
gauntlet/20261003-003405-scrim-g1basics/replays/jmerle.camel_case_v21_final__OceanFloor__botB.bc24,jmerle.camel_case_v21_final,1,B,g1basics,1,1147,CAPTURE,3,382,213,11,0,0,0,0,36,24,205,150,4,1,796,1175,3,0,47,158,450,359,ATK@600
gauntlet/20261003-003405-scrim-g1basics/replays/jmerle.camel_case_v21_final__Hurricane__botA.bc24,jmerle.camel_case_v21_final,1,A,g1basics,1,2000,LEVEL_SUM,1,924,209,74,0,0,0,0,57,42,180,120,7,16,559,823,13,0,46,257,576,544,ATK@600+HEAL@1200+CAP@1800
gauntlet/20261003-003405-scrim-g1basics/replays/jmerle.camel_case_v21_final__Hurricane__botA.bc24,jmerle.camel_case_v21_final,0,B,camel_case_v21_final,0,2000,LEVEL_SUM,1,386,219,20,0,0,0,0,48,0,5460,4150,0,3,925,360,0,0,70,251,544,576,ATK@600+HEAL@1200+CAP@1800
gauntlet/20261003-003405-scrim-g1basics/replays/jonters.bling3__Alien__botA.bc24,jonters.bling3,1,A,g1basics,1,1421,CAPTURE,3,780,225,51,0,0,0,0,9,44,170,210,7,22,1284,1515,17,0,49,287,844,267,ATK@600+HEAL@1200
gauntlet/20261003-003405-scrim-g1basics/replays/jonters.bling3__Alien__botA.bc24,jonters.bling3,0,B,bling3,0,1421,CAPTURE,1,279,235,11,0,0,0,0,10,16,2200,50,0,3,990,1359,37,0,0,90,267,844,ATK@600+HEAL@1200
gauntlet/20261003-003405-scrim-g1basics/replays/jonters.bling3__Hockey__botB.bc24,jonters.bling3,0,A,bling3,0,859,CAPTURE,1,549,346,17,0,0,0,0,56,15,1020,1120,0,0,825,1683,25,0,5,57,123,395,ATK@600
gauntlet/20261003-003405-scrim-g1basics/replays/jonters.bling3__Hockey__botB.bc24,jonters.bling3,1,B,g1basics,1,859,CAPTURE,3,389,343,11,0,0,0,0,26,42,205,150,8,4,1254,1609,16,0,58,147,395,123,ATK@600
gauntlet/20261003-003405-scrim-g1basics/replays/jonters.bling3__Randy__botB.bc24,jonters.bling3,0,A,bling3,0,1074,CAPTURE,1,260,230,10,0,0,0,0,6,16,2420,4370,0,11,754,1141,49,0,14,98,208,577,ATK@600
gauntlet/20261003-003405-scrim-g1basics/replays/jonters.bling3__Randy__botB.bc24,jonters.bling3,1,B,g1basics,1,1074,CAPTURE,3,520,218,42,0,0,0,0,6,49,205,85,9,14,1117,1309,13,0,55,186,577,208,ATK@600
gauntlet/20261003-003405-scrim-g1basics/replays/justinottesen.sprint1__Battlecode24__botB.bc24,justinottesen.sprint1,0,A,sprint1,0,669,CAPTURE,0,-1,0,0,0,0,0,0,179,0,7830,7830,0,2,171,830,74,0,0,73,84,342,ATK@600
gauntlet/20261003-003405-scrim-g1basics/replays/justinottesen.sprint1__Battlecode24__botB.bc24,justinottesen.sprint1,1,B,g1basics,1,669,CAPTURE,3,403,253,21,0,0,0,0,71,97,1810,190,12,8,1304,711,26,0,230,264,342,84,ATK@600
gauntlet/20261003-003405-scrim-g1basics/replays/justinottesen.sprint1__GaltonBoard__botB.bc24,justinottesen.sprint1,0,A,sprint1,0,729,CAPTURE,0,-1,0,0,0,0,0,0,10,10,100,140,0,0,209,996,87,0,0,107,91,610,ATK@600
gauntlet/20261003-003405-scrim-g1basics/replays/justinottesen.sprint1__GaltonBoard__botB.bc24,justinottesen.sprint1,1,B,g1basics,1,729,CAPTURE,3,246,222,5,0,0,0,0,11,19,160,215,3,18,1607,1017,24,0,107,217,610,91,ATK@600
gauntlet/20261003-003405-scrim-g1basics/replays/jonters.bling3__Whirlpool__botB.bc24,jonters.bling3,0,A,bling3,0,786,CAPTURE,0,-1,399,3,0,0,0,0,97,11,90,1910,0,15,779,1638,27,0,0,45,72,281,ATK@600
gauntlet/20261003-003405-scrim-g1basics/replays/jonters.bling3__Whirlpool__botB.bc24,jonters.bling3,1,B,g1basics,1,786,CAPTURE,3,501,467,8,0,0,0,0,75,23,175,185,3,9,1251,1641,6,0,35,58,281,72,ATK@600
gauntlet/20261003-003405-scrim-g1basics/replays/justinottesen.sprint1__Hurricane__botB.bc24,justinottesen.sprint1,0,A,sprint1,0,833,CAPTURE,0,-1,348,9,0,0,0,0,171,5,170,160,0,3,254,818,7,0,0,23,32,461,ATK@600
gauntlet/20261003-003405-scrim-g1basics/replays/justinottesen.sprint1__Hurricane__botB.bc24,justinottesen.sprint1,1,B,g1basics,1,833,CAPTURE,3,685,213,24,0,0,0,0,65,39,205,135,6,7,1398,484,16,0,69,173,461,32,ATK@600
gauntlet/20261003-003405-scrim-g1basics/replays/justinottesen.sprint1__Joker__botA.bc24,justinottesen.sprint1,1,A,g1basics,1,782,CAPTURE,3,266,228,21,0,0,0,0,4,113,4250,270,12,3,1276,590,24,0,210,261,375,127,ATK@600
gauntlet/20261003-003405-scrim-g1basics/replays/justinottesen.sprint1__Joker__botA.bc24,justinottesen.sprint1,0,B,sprint1,0,782,CAPTURE,0,-1,0,0,0,0,0,0,25,0,16150,15480,0,1,189,992,99,0,0,137,127,375,ATK@600
gauntlet/20261003-003405-scrim-g1basics/replays/justinottesen.sprint1__Rivers__botB.bc24,justinottesen.sprint1,0,A,sprint1,0,422,CAPTURE,0,-1,0,0,0,0,0,0,45,0,2550,90,0,6,243,1089,22,0,0,22,14,225,
gauntlet/20261003-003405-scrim-g1basics/replays/justinottesen.sprint1__Rivers__botB.bc24,justinottesen.sprint1,1,B,g1basics,1,422,CAPTURE,3,338,270,4,0,0,0,0,30,28,155,180,5,4,1970,768,10,0,68,22,225,14,
gauntlet/20261003-003405-scrim-g1basics/replays/jonters.bling3__Snake__botA.bc24,jonters.bling3,1,A,g1basics,1,1582,CAPTURE,3,310,224,28,0,0,0,0,195,79,611,306,12,6,778,1177,24,0,279,531,805,320,ATK@600+HEAL@1200
gauntlet/20261003-003405-scrim-g1basics/replays/jonters.bling3__Snake__botA.bc24,jonters.bling3,0,B,bling3,0,1582,CAPTURE,1,426,269,15,0,0,0,0,233,0,8510,12440,0,0,387,530,82,0,3,181,320,805,ATK@600+HEAL@1200
gauntlet/20261003-003405-scrim-g1basics/replays/justinottesen.sprint1__StarryNight__botA.bc24,justinottesen.sprint1,1,A,g1basics,1,630,CAPTURE,3,421,321,11,0,0,0,0,86,113,680,309,11,24,1520,824,24,0,118,152,389,109,ATK@600
gauntlet/20261003-003405-scrim-g1basics/replays/justinottesen.sprint1__StarryNight__botA.bc24,justinottesen.sprint1,0,B,sprint1,0,630,CAPTURE,0,-1,599,1,0,0,0,0,153,57,150,30,6,6,204,894,80,0,0,96,109,389,ATK@600
gauntlet/20261003-003405-scrim-g1basics/replays/kyleezz.jeeryfix3__Digging__botB.bc24,kyleezz.jeeryfix3,0,A,jeeryfix3,0,1654,CAPTURE,1,269,242,2,0,0,0,0,26,0,2320,1570,0,12,1287,750,0,0,65,201,438,1517,ATK@600+CAP@1200
gauntlet/20261003-003405-scrim-g1basics/replays/kyleezz.jeeryfix3__Digging__botB.bc24,kyleezz.jeeryfix3,1,B,g1basics,1,1654,CAPTURE,3,1283,1259,12,0,0,0,0,16,25,180,180,4,2,1180,1368,3,0,51,272,1517,438,ATK@600+HEAL@1200
gauntlet/20261003-003405-scrim-g1basics/replays/kyleezz.jeeryfix3__OceanFloor__botA.bc24,kyleezz.jeeryfix3,1,A,g1basics,1,1590,CAPTURE,3,639,511,14,0,0,0,0,39,23,160,195,3,2,1173,1243,5,0,58,349,924,297,ATK@600+HEAL@1200
gauntlet/20261003-003405-scrim-g1basics/replays/kyleezz.jeeryfix3__OceanFloor__botA.bc24,kyleezz.jeeryfix3,0,B,jeeryfix3,0,1590,CAPTURE,2,315,236,28,0,0,0,0,80,10,300,110,0,3,1160,760,0,0,40,145,297,924,ATK@600+CAP@1200
gauntlet/20261003-003405-scrim-g1basics/replays/kyleezz.jeeryfix3__CH3353C4K3F4CT0RY__botB.bc24,kyleezz.jeeryfix3,0,A,jeeryfix3,0,1449,CAPTURE,1,406,359,8,0,0,0,0,21,11,13670,12190,0,4,1074,844,0,0,133,309,355,1124,ATK@600+CAP@1200
gauntlet/20261003-003405-scrim-g1basics/replays/kyleezz.jeeryfix3__CH3353C4K3F4CT0RY__botB.bc24,kyleezz.jeeryfix3,1,B,g1basics,1,1449,CAPTURE,3,933,625,7,0,0,0,0,12,109,3025,285,12,17,1373,1501,24,0,137,348,1124,355,ATK@600+HEAL@1200
gauntlet/20261003-003405-scrim-g1basics/replays/kyleezz.jeeryfix3__Hurricane__botB.bc24,kyleezz.jeeryfix3,0,A,jeeryfix3,0,2000,MORE_FLAG_CAPTURES,0,-1,215,21,0,0,0,0,175,0,1650,1940,0,3,923,591,0,0,36,174,183,624,ATK@600+CAP@1200+HEAL@1800
gauntlet/20261003-003405-scrim-g1basics/replays/kyleezz.jeeryfix3__Hurricane__botB.bc24,kyleezz.jeeryfix3,1,B,g1basics,1,2000,MORE_FLAG_CAPTURES,2,607,207,33,0,0,0,0,68,38,160,110,7,6,869,1118,15,0,59,251,624,183,ATK@600+HEAL@1200+CAP@1800
gauntlet/20261003-003405-scrim-g1basics/replays/quesswho.cretplayer2_3__Capacitance__botA.bc24,quesswho.cretplayer2_3,1,A,g1basics,1,1652,CAPTURE,3,248,225,9,0,0,0,0,13,48,135,190,8,2,772,804,19,0,60,236,567,305,ATK@600+HEAL@1200
gauntlet/20261003-003405-scrim-g1basics/replays/quesswho.cretplayer2_3__Capacitance__botA.bc24,quesswho.cretplayer2_3,0,B,cretplayer2_3,0,1652,CAPTURE,1,337,223,51,0,3,8,0,20,0,5400,870,0,2,723,549,0,7,76,245,305,567,ATK@600+HEAL@1200
gauntlet/20261003-003405-scrim-g1basics/replays/kyleezz.jeeryfix3__YearOfTheDragon__botB.bc24,kyleezz.jeeryfix3,0,A,jeeryfix3,0,1993,CAPTURE,1,281,244,3,0,0,0,0,28,9,11460,9370,0,2,1079,913,0,0,124,331,388,1663,ATK@600+CAP@1200+HEAL@1800
gauntlet/20261003-003405-scrim-g1basics/replays/kyleezz.jeeryfix3__YearOfTheDragon__botB.bc24,kyleezz.jeeryfix3,1,B,g1basics,1,1993,CAPTURE,3,772,234,13,0,0,0,0,11,108,650,240,11,4,1202,1463,24,0,114,658,1663,388,ATK@600+HEAL@1200+CAP@1800
gauntlet/20261003-003405-scrim-g1basics/replays/winkelmantanner.waffle__BedWars__botA.bc24,winkelmantanner.waffle,1,A,g1basics,1,682,CAPTURE,3,406,380,3,0,0,0,0,0,41,190,40,8,13,335,325,9,0,33,32,106,22,ATK@600
gauntlet/20261003-003405-scrim-g1basics/replays/winkelmantanner.waffle__BedWars__botA.bc24,winkelmantanner.waffle,0,B,waffle,0,682,CAPTURE,1,336,285,8,0,0,0,0,0,3,4500,1810,0,3,238,187,0,0,27,29,22,106,ATK@600
gauntlet/20261003-003405-scrim-g1basics/replays/quesswho.cretplayer2_3__Tunnels__botB.bc24,quesswho.cretplayer2_3,0,A,cretplayer2_3,0,1734,CAPTURE,2,269,230,27,0,3,18,0,56,0,3120,940,0,18,1032,755,0,4,49,185,301,1519,ATK@600+HEAL@1200
gauntlet/20261003-003405-scrim-g1basics/replays/quesswho.cretplayer2_3__Tunnels__botB.bc24,quesswho.cretplayer2_3,1,B,g1basics,1,1734,CAPTURE,3,1668,253,13,0,0,0,0,64,23,130,120,3,1,1233,946,10,0,47,245,1519,301,ATK@600+HEAL@1200
