file,opp,us,team,name,won,rounds,wintype,captured,firstCapture,firstPickup,pickups,drops,setupFlagPickups,flagMoveDist,digs200,fills200,traps200,crumbs200,crumbs250,level200,defend300,atk400,heal400,expl400,water400,stun400,trapsHit,kills,deaths,upgrades
gauntlet/20261001-155948-scrim-b12/losses/ColtG5.Goob_final__Ambush__botA.bc24,ColtG5.Goob_final,1,A,b12,0,336,CAPTURE,1,234,220,1,0,0,0,0,3,0,4610,220,0,11,921,1022,0,0,58,53,74,42,
gauntlet/20261001-155948-scrim-b12/losses/ColtG5.Goob_final__Ambush__botA.bc24,ColtG5.Goob_final,0,B,Goob_final,1,336,CAPTURE,3,244,207,14,0,0,0,0,55,0,3050,275,0,6,884,589,8,0,70,56,42,74,
gauntlet/20261001-155948-scrim-b12/losses/CyrilSharma.finalBot__Bunkers__botA.bc24,CyrilSharma.finalBot,1,A,b12,0,623,CAPTURE,1,359,319,5,0,0,0,0,1,0,5170,270,0,3,1111,1251,0,0,71,80,154,121,ATK@600
gauntlet/20261001-155948-scrim-b12/losses/CyrilSharma.finalBot__Bunkers__botA.bc24,CyrilSharma.finalBot,0,B,finalBot,1,623,CAPTURE,3,329,281,25,0,0,0,60,3,9,3235,255,12,4,1093,1054,0,0,110,158,121,154,ATK@600
gauntlet/20261001-155948-scrim-b12/losses/CyrilSharma.finalBot__Decision__botB.bc24,CyrilSharma.finalBot,0,A,finalBot,1,870,CAPTURE,3,653,313,10,0,0,0,60,22,0,1905,492,12,3,709,1248,0,0,46,101,74,106,ATK@600
gauntlet/20261001-155948-scrim-b12/losses/CyrilSharma.finalBot__Decision__botB.bc24,CyrilSharma.finalBot,1,B,b12,0,870,CAPTURE,0,-1,530,5,0,0,0,0,3,0,3310,280,0,4,971,1179,2,0,45,76,106,74,ATK@600
gauntlet/20261001-155948-scrim-b12/losses/ColtG5.Goob_final__Gated__botA.bc24,ColtG5.Goob_final,1,A,b12,0,2000,MORE_FLAG_CAPTURES,0,-1,0,0,0,0,0,0,0,0,3900,300,0,20,1102,1305,2,0,53,209,1149,418,ATK@600+HEAL@1200+CAP@1800
gauntlet/20261001-155948-scrim-b12/losses/ColtG5.Goob_final__Gated__botA.bc24,ColtG5.Goob_final,0,B,Goob_final,1,2000,MORE_FLAG_CAPTURES,1,429,305,19,0,0,0,0,36,0,2820,20,0,5,917,823,0,0,48,227,418,1149,ATK@600+HEAL@1200+CAP@1800
gauntlet/20261001-155948-scrim-b12/losses/ColtG5.Goob_final__EvilGrin__botA.bc24,ColtG5.Goob_final,1,A,b12,0,2000,MORE_FLAG_CAPTURES,0,-1,0,0,0,0,0,0,1,0,3570,260,0,28,1237,1515,2,0,52,207,1338,496,ATK@600+HEAL@1200+CAP@1800
gauntlet/20261001-155948-scrim-b12/losses/ColtG5.Goob_final__EvilGrin__botA.bc24,ColtG5.Goob_final,0,B,Goob_final,1,2000,MORE_FLAG_CAPTURES,1,438,256,6,0,0,0,0,52,0,2840,2850,0,4,1065,884,12,0,87,331,496,1338,ATK@600+HEAL@1200+CAP@1800
gauntlet/20261001-155948-scrim-b12/losses/ColtG5.Goob_final__Joker__botB.bc24,ColtG5.Goob_final,0,A,Goob_final,1,2000,MORE_FLAG_CAPTURES,2,329,259,11,0,0,0,0,27,0,16090,20460,0,11,943,751,12,0,121,333,382,909,ATK@600+HEAL@1200+CAP@1800
gauntlet/20261001-155948-scrim-b12/losses/ColtG5.Goob_final__Joker__botB.bc24,ColtG5.Goob_final,1,B,b12,0,2000,MORE_FLAG_CAPTURES,0,-1,0,0,0,0,0,0,0,0,16900,230,0,1,1012,1233,11,0,182,351,909,382,ATK@600+HEAL@1200+CAP@1800
gauntlet/20261001-155948-scrim-b12/losses/Gymhgy.v10official__Backslash__botA.bc24,Gymhgy.v10official,1,A,b12,0,464,CAPTURE,0,-1,266,4,0,0,0,0,0,0,2400,90,0,11,800,1039,3,0,36,40,32,79,
gauntlet/20261001-155948-scrim-b12/losses/Gymhgy.v10official__Backslash__botA.bc24,Gymhgy.v10official,0,B,v10official,1,464,CAPTURE,3,263,223,48,36,3,38,65,110,2,2542,11348,13,2,758,1270,106,2,93,109,79,32,
gauntlet/20261001-155948-scrim-b12/losses/CyrilSharma.finalBot__EvilGrin__botB.bc24,CyrilSharma.finalBot,0,A,finalBot,1,2000,MORE_FLAG_CAPTURES,1,365,323,10,0,0,0,60,23,0,2645,3459,12,3,843,981,0,0,135,522,466,225,ATK@600+HEAL@1200+CAP@1800
gauntlet/20261001-155948-scrim-b12/losses/CyrilSharma.finalBot__EvilGrin__botB.bc24,CyrilSharma.finalBot,1,B,b12,0,2000,MORE_FLAG_CAPTURES,0,-1,235,3,0,0,0,0,3,0,3510,210,0,24,805,922,2,0,61,203,225,466,ATK@600+HEAL@1200+CAP@1800
gauntlet/20261001-155948-scrim-b12/losses/Gymhgy.v10official__Asteroids__botA.bc24,Gymhgy.v10official,1,A,b12,0,420,CAPTURE,0,-1,318,2,0,0,0,0,3,0,3110,250,0,3,929,1247,3,0,52,52,29,21,
gauntlet/20261001-155948-scrim-b12/losses/Gymhgy.v10official__Asteroids__botA.bc24,Gymhgy.v10official,0,B,v10official,1,420,CAPTURE,3,315,265,34,25,3,12,86,32,3,576,16,17,1,796,1345,12,3,48,35,21,29,
gauntlet/20261001-155948-scrim-b12/losses/CyrilSharma.finalBot__OceanFloor__botA.bc24,CyrilSharma.finalBot,1,A,b12,0,2000,MORE_FLAG_CAPTURES,0,-1,214,6,0,0,0,0,0,0,3800,260,0,2,620,877,3,0,50,203,386,325,ATK@600+HEAL@1200+CAP@1800
gauntlet/20261001-155948-scrim-b12/losses/CyrilSharma.finalBot__OceanFloor__botA.bc24,CyrilSharma.finalBot,0,B,finalBot,1,2000,MORE_FLAG_CAPTURES,2,374,259,18,0,0,0,58,5,2,2486,304,11,5,736,837,0,0,69,391,325,386,ATK@600+HEAL@1200+CAP@1800
gauntlet/20261001-155948-scrim-b12/losses/CyrilSharma.finalBot__Whirlpool__botA.bc24,CyrilSharma.finalBot,1,A,b12,0,801,CAPTURE,0,-1,0,0,0,0,0,0,6,0,4020,230,0,23,741,963,0,0,53,78,159,156,ATK@600
gauntlet/20261001-155948-scrim-b12/losses/CyrilSharma.finalBot__Whirlpool__botA.bc24,CyrilSharma.finalBot,0,B,finalBot,1,801,CAPTURE,3,616,570,10,0,0,0,31,41,0,3411,5161,6,3,624,959,0,0,49,151,156,159,ATK@600
gauntlet/20261001-155948-scrim-b12/losses/CyrilSharma.finalBot__Racetrack__botB.bc24,CyrilSharma.finalBot,0,A,finalBot,1,2000,LEVEL_SUM,2,705,654,20,0,0,0,19,38,0,890,73,2,3,875,1309,0,0,16,360,520,683,ATK@600+HEAL@1200+CAP@1800
gauntlet/20261001-155948-scrim-b12/losses/CyrilSharma.finalBot__Racetrack__botB.bc24,CyrilSharma.finalBot,1,B,b12,0,2000,LEVEL_SUM,2,557,513,13,0,0,0,0,5,0,2250,270,0,5,1189,1478,1,0,27,145,683,520,ATK@600+HEAL@1200+CAP@1800
gauntlet/20261001-155948-scrim-b12/losses/Gymhgy.v10official__CH3353C4K3F4CT0RY__botA.bc24,Gymhgy.v10official,1,A,b12,0,559,CAPTURE,1,330,266,4,0,0,0,0,0,0,15400,290,0,2,974,1241,20,0,132,157,69,81,
gauntlet/20261001-155948-scrim-b12/losses/Gymhgy.v10official__CH3353C4K3F4CT0RY__botA.bc24,Gymhgy.v10official,0,B,v10official,1,559,CAPTURE,3,311,289,36,23,3,30,90,13,3,13279,9159,18,0,831,1333,30,3,128,163,81,69,
gauntlet/20261001-155948-scrim-b12/losses/Gymhgy.v10official__DefaultLarge__botB.bc24,Gymhgy.v10official,0,A,v10official,1,659,CAPTURE,3,438,349,56,45,3,13,90,39,3,1275,35,18,0,1003,1678,4,3,72,101,86,76,ATK@600
gauntlet/20261001-155948-scrim-b12/losses/Gymhgy.v10official__DefaultLarge__botB.bc24,Gymhgy.v10official,1,B,b12,0,659,CAPTURE,0,-1,299,12,0,0,0,0,0,0,4200,300,0,3,1137,1472,2,0,68,75,76,86,ATK@600
gauntlet/20261001-155948-scrim-b12/losses/IvanGeffner.kuma__Backslash__botA.bc24,IvanGeffner.kuma,1,A,b12,0,521,CAPTURE,0,-1,0,0,0,0,0,0,0,0,2400,270,0,24,752,982,3,0,59,72,39,166,
gauntlet/20261001-155948-scrim-b12/losses/IvanGeffner.kuma__Backslash__botA.bc24,IvanGeffner.kuma,0,B,kuma,1,521,CAPTURE,3,353,261,17,7,0,0,85,145,0,1754,4784,17,3,1217,990,10,0,239,222,166,39,
gauntlet/20261001-155948-scrim-b12/losses/Gymhgy.v10official__Decision__botB.bc24,Gymhgy.v10official,0,A,v10official,1,532,CAPTURE,3,354,276,50,40,3,14,90,68,3,505,40,18,0,766,1250,0,3,21,38,38,46,
gauntlet/20261001-155948-scrim-b12/losses/Gymhgy.v10official__Decision__botB.bc24,Gymhgy.v10official,1,B,b12,0,532,CAPTURE,1,522,299,3,0,0,0,0,3,0,3310,290,0,8,923,1150,2,0,38,42,46,38,
gauntlet/20261001-155948-scrim-b12/losses/IvanGeffner.kuma__Occulus__botA.bc24,IvanGeffner.kuma,1,A,b12,0,374,CAPTURE,0,-1,0,0,0,0,0,0,3,0,4110,240,0,5,781,943,2,0,81,66,31,79,
gauntlet/20261001-155948-scrim-b12/losses/IvanGeffner.kuma__Occulus__botA.bc24,IvanGeffner.kuma,0,B,kuma,1,374,CAPTURE,3,339,286,26,17,0,0,90,16,3,2160,2725,18,9,1046,940,10,0,99,77,79,31,
gauntlet/20261001-155948-scrim-b12/losses/Gymhgy.v10official__Klein__botB.bc24,Gymhgy.v10official,0,A,v10official,1,2000,MORE_FLAG_CAPTURES,2,289,275,27,15,3,36,61,157,1,4204,209,12,0,919,1443,8,1,65,247,313,358,ATK@600+HEAL@1200+CAP@1800
gauntlet/20261001-155948-scrim-b12/losses/Gymhgy.v10official__Klein__botB.bc24,Gymhgy.v10official,1,B,b12,0,2000,MORE_FLAG_CAPTURES,0,-1,979,2,0,0,0,0,1,0,3770,280,0,10,938,1150,0,0,51,198,358,313,ATK@600+HEAL@1200+CAP@1800
gauntlet/20261001-155948-scrim-b12/losses/NotLLeon.v3__Backslash__botA.bc24,NotLLeon.v3,1,A,b12,0,542,CAPTURE,1,286,221,4,0,0,0,0,0,0,2400,420,0,4,771,740,2,0,91,100,84,110,
gauntlet/20261001-155948-scrim-b12/losses/NotLLeon.v3__Backslash__botA.bc24,NotLLeon.v3,0,B,v3,1,542,CAPTURE,3,363,262,24,8,0,0,0,73,0,1010,9180,0,5,884,812,0,0,136,150,110,84,
gauntlet/20261001-155948-scrim-b12/losses/IvanGeffner.kuma__Swoop__botA.bc24,IvanGeffner.kuma,1,A,b12,0,684,CAPTURE,0,-1,259,1,0,0,0,0,3,0,6610,270,0,6,915,1275,6,0,67,98,99,180,ATK@600
gauntlet/20261001-155948-scrim-b12/losses/IvanGeffner.kuma__Swoop__botA.bc24,IvanGeffner.kuma,0,B,kuma,1,684,CAPTURE,3,273,225,37,20,0,0,90,73,2,2945,1515,18,3,1018,1207,3,0,72,144,180,99,ATK@600
gauntlet/20261001-155948-scrim-b12/losses/IvanGeffner.kuma__Racetrack__botA.bc24,IvanGeffner.kuma,1,A,b12,0,1893,CAPTURE,0,-1,391,6,0,0,0,0,0,0,2400,270,0,3,998,1550,2,0,27,167,493,706,ATK@600+HEAL@1200+CAP@1800
gauntlet/20261001-155948-scrim-b12/losses/IvanGeffner.kuma__Racetrack__botA.bc24,IvanGeffner.kuma,0,B,kuma,1,1893,CAPTURE,3,653,582,101,53,0,0,50,58,0,14,12,9,18,952,1665,0,0,0,429,706,493,ATK@600+HEAL@1200+CAP@1800
gauntlet/20261001-155948-scrim-b12/losses/NotLLeon.v3__Backslash__botB.bc24,NotLLeon.v3,0,A,v3,1,1760,CAPTURE,3,323,291,52,4,0,0,0,148,0,2660,12200,0,4,761,878,0,0,118,517,755,635,ATK@600+HEAL@1200
gauntlet/20261001-155948-scrim-b12/losses/NotLLeon.v3__Backslash__botB.bc24,NotLLeon.v3,1,B,b12,0,1760,CAPTURE,1,424,349,2,0,0,0,0,0,0,2400,270,0,3,846,848,1,0,84,232,635,755,ATK@600+HEAL@1200
gauntlet/20261001-155948-scrim-b12/losses/NotLLeon.v3__ORV__botA.bc24,NotLLeon.v3,1,A,b12,0,582,CAPTURE,1,399,275,3,0,0,0,0,0,0,5100,300,0,6,910,1068,2,0,70,79,95,109,
gauntlet/20261001-155948-scrim-b12/losses/NotLLeon.v3__ORV__botA.bc24,NotLLeon.v3,0,B,v3,1,582,CAPTURE,3,332,270,35,21,0,0,0,20,0,5000,5510,0,2,1058,996,0,0,115,131,109,95,
gauntlet/20261001-155948-scrim-b12/losses/NotLLeon.v3__Waterworld__botB.bc24,NotLLeon.v3,0,A,v3,1,526,CAPTURE,3,316,261,20,13,0,0,0,269,0,8230,11730,0,6,650,689,0,0,80,132,88,57,
gauntlet/20261001-155948-scrim-b12/losses/NotLLeon.v3__Waterworld__botB.bc24,NotLLeon.v3,1,B,b12,0,526,CAPTURE,0,-1,463,1,0,0,0,0,3,0,5610,20,0,9,658,691,3,0,34,26,57,88,
gauntlet/20261001-155948-scrim-b12/losses/NotLLeon.v3__Pancakes__botB.bc24,NotLLeon.v3,0,A,v3,1,431,CAPTURE,3,293,248,21,8,0,0,0,5,0,2250,1960,0,1,791,870,0,0,95,96,57,51,
gauntlet/20261001-155948-scrim-b12/losses/NotLLeon.v3__Pancakes__botB.bc24,NotLLeon.v3,1,B,b12,0,431,CAPTURE,0,-1,233,8,0,0,0,0,0,0,2400,80,0,1,752,921,2,0,57,55,51,57,
gauntlet/20261001-155948-scrim-b12/losses/NotLLeon.v3__Gated__botB.bc24,NotLLeon.v3,0,A,v3,1,2000,MORE_FLAG_CAPTURES,2,359,261,23,5,0,0,0,27,0,3090,2060,0,13,790,910,0,0,50,257,396,505,ATK@600+HEAL@1200+CAP@1800
gauntlet/20261001-155948-scrim-b12/losses/NotLLeon.v3__Gated__botB.bc24,NotLLeon.v3,1,B,b12,0,2000,MORE_FLAG_CAPTURES,0,-1,220,4,0,0,0,0,0,0,3900,220,0,7,749,971,2,0,61,211,505,396,ATK@600+HEAL@1200+CAP@1800
gauntlet/20261001-155948-scrim-b12/losses/SampleProvider.TSPAARKSPRINT1__Soccer__botB.bc24,SampleProvider.TSPAARKSPRINT1,0,A,TSPAARKSPRINT1,1,726,CAPTURE,3,414,272,18,0,3,43,0,48,4,3560,160,0,8,586,1264,14,24,4,32,90,70,ATK@600
gauntlet/20261001-155948-scrim-b12/losses/SampleProvider.TSPAARKSPRINT1__Soccer__botB.bc24,SampleProvider.TSPAARKSPRINT1,1,B,b12,0,726,CAPTURE,0,-1,243,2,0,0,0,0,1,0,5370,210,0,2,790,793,2,0,57,91,70,90,ATK@600
gauntlet/20261001-155948-scrim-b12/losses/Strequals.duck0127v5__Canals__botA.bc24,Strequals.duck0127v5,1,A,b12,0,876,CAPTURE,0,-1,0,0,0,0,0,0,0,0,7000,300,0,32,766,1252,4,0,73,122,99,395,ATK@600
gauntlet/20261001-155948-scrim-b12/losses/Strequals.duck0127v5__Canals__botA.bc24,Strequals.duck0127v5,0,B,duck0127v5,1,876,CAPTURE,3,409,371,14,0,0,0,90,57,2,3986,2937,18,3,1136,1288,0,3,124,323,395,99,ATK@600
gauntlet/20261001-155948-scrim-b12/losses/Strequals.duck0127v5__MIT__botB.bc24,Strequals.duck0127v5,0,A,duck0127v5,1,893,CAPTURE,3,476,308,21,0,0,0,90,93,18,4934,30874,18,4,679,961,0,4,115,190,152,112,ATK@600
gauntlet/20261001-155948-scrim-b12/losses/Strequals.duck0127v5__MIT__botB.bc24,Strequals.duck0127v5,1,B,b12,0,893,CAPTURE,1,664,335,12,0,0,0,0,1,0,9570,350,0,25,668,959,3,0,220,254,112,152,ATK@600
gauntlet/20261001-155948-scrim-b12/losses/SampleProvider.TSPAARKSPRINT1__Snake__botB.bc24,SampleProvider.TSPAARKSPRINT1,0,A,TSPAARKSPRINT1,1,2000,MORE_FLAG_CAPTURES,2,1435,526,16,0,3,41,0,192,6,9140,18590,0,3,474,1144,55,34,7,246,228,393,ATK@600+CAP@1200+HEAL@1800
gauntlet/20261001-155948-scrim-b12/losses/SampleProvider.TSPAARKSPRINT1__Snake__botB.bc24,SampleProvider.TSPAARKSPRINT1,1,B,b12,0,2000,MORE_FLAG_CAPTURES,1,953,258,34,0,0,0,0,2,0,15440,250,0,10,819,1000,17,0,200,367,393,228,ATK@600+HEAL@1200+CAP@1800
gauntlet/20261001-155948-scrim-b12/losses/Strequals.duck0127v5__Divergent__botB.bc24,Strequals.duck0127v5,0,A,duck0127v5,1,2000,MORE_FLAG_CAPTURES,2,973,532,9,0,0,0,90,18,5,4014,2564,18,5,894,1208,0,2,100,234,500,187,ATK@600+HEAL@1200+CAP@1800
gauntlet/20261001-155948-scrim-b12/losses/Strequals.duck0127v5__Divergent__botB.bc24,Strequals.duck0127v5,1,B,b12,0,2000,MORE_FLAG_CAPTURES,0,-1,301,17,0,0,0,0,0,0,6000,240,0,16,698,1254,3,0,69,208,187,500,ATK@600+HEAL@1200+CAP@1800
gauntlet/20261001-155948-scrim-b12/losses/Strequals.duck0127v5__MazeRunner__botA.bc24,Strequals.duck0127v5,1,A,b12,0,2000,MORE_FLAG_CAPTURES,0,-1,288,19,0,0,0,0,7,0,4790,240,0,8,651,918,3,0,48,177,250,565,ATK@600+HEAL@1200+CAP@1800
gauntlet/20261001-155948-scrim-b12/losses/Strequals.duck0127v5__MazeRunner__botA.bc24,Strequals.duck0127v5,0,B,duck0127v5,1,2000,MORE_FLAG_CAPTURES,2,445,302,5,0,0,0,90,76,2,1820,4868,18,8,730,848,0,3,58,433,565,250,ATK@600+HEAL@1200+CAP@1800
gauntlet/20261001-155948-scrim-b12/losses/Strequals.duck0127v5__Rainbow__botA.bc24,Strequals.duck0127v5,1,A,b12,0,905,CAPTURE,0,-1,437,3,0,0,0,0,4,0,8280,210,0,19,675,1063,5,0,81,123,108,221,ATK@600
gauntlet/20261001-155948-scrim-b12/losses/Strequals.duck0127v5__Rainbow__botA.bc24,Strequals.duck0127v5,0,B,duck0127v5,1,905,CAPTURE,3,419,358,20,0,0,0,90,23,10,6040,4560,18,3,874,1174,0,2,138,272,221,108,ATK@600
gauntlet/20261001-155948-scrim-b12/losses/andli28.v9_USQuals_angle__EvilGrin__botB.bc24,andli28.v9_USQuals_angle,0,A,v9_USQuals_angle,1,632,CAPTURE,3,474,398,8,0,0,0,86,30,7,1697,4437,18,11,1083,1369,6,5,96,196,162,74,ATK@600
gauntlet/20261001-155948-scrim-b12/losses/andli28.v9_USQuals_angle__EvilGrin__botB.bc24,andli28.v9_USQuals_angle,1,B,b12,0,632,CAPTURE,0,-1,0,0,0,0,0,0,5,0,3450,260,0,3,1037,1554,4,0,45,60,74,162,ATK@600
gauntlet/20261001-155948-scrim-b12/losses/andli28.v9_USQuals_angle__Battlecode24__botB.bc24,andli28.v9_USQuals_angle,0,A,v9_USQuals_angle,1,2000,MORE_FLAG_CAPTURES,2,411,365,33,0,0,0,88,58,4,11069,27249,18,9,872,1070,15,3,67,410,577,307,ATK@600+HEAL@1200+CAP@1800
gauntlet/20261001-155948-scrim-b12/losses/andli28.v9_USQuals_angle__Battlecode24__botB.bc24,andli28.v9_USQuals_angle,1,B,b12,0,2000,MORE_FLAG_CAPTURES,0,-1,569,1,0,0,0,0,0,0,13600,291,0,12,844,1191,10,0,145,296,307,577,ATK@600+HEAL@1200+CAP@1800
gauntlet/20261001-155948-scrim-b12/losses/andli28.v9_USQuals_angle__Joker__botB.bc24,andli28.v9_USQuals_angle,0,A,v9_USQuals_angle,1,690,CAPTURE,3,399,261,15,0,0,0,79,1,6,15199,24949,16,9,821,1062,26,3,122,178,136,97,ATK@600
gauntlet/20261001-155948-scrim-b12/losses/andli28.v9_USQuals_angle__Joker__botB.bc24,andli28.v9_USQuals_angle,1,B,b12,0,690,CAPTURE,0,-1,262,1,0,0,0,0,0,0,16900,280,0,17,939,1284,11,0,186,218,97,136,ATK@600
gauntlet/20261001-155948-scrim-b12/losses/andli28.v9_USQuals_angle__Canals__botA.bc24,andli28.v9_USQuals_angle,1,A,b12,0,1724,CAPTURE,0,-1,0,0,0,0,0,0,0,0,7000,270,0,29,922,1548,4,0,74,212,275,682,ATK@600+HEAL@1200
gauntlet/20261001-155948-scrim-b12/losses/andli28.v9_USQuals_angle__Canals__botA.bc24,andli28.v9_USQuals_angle,0,B,v9_USQuals_angle,1,1724,CAPTURE,3,654,305,45,0,0,0,90,0,4,5345,4625,18,4,854,1352,11,2,48,527,682,275,ATK@600+HEAL@1200
gauntlet/20261001-155948-scrim-b12/losses/andrewgopher.player22__ORV__botA.bc24,andrewgopher.player22,1,A,b12,0,565,CAPTURE,0,-1,500,1,0,0,0,0,1,0,5170,280,0,26,1089,1457,1,0,71,80,137,167,
gauntlet/20261001-155948-scrim-b12/losses/andrewgopher.player22__ORV__botA.bc24,andrewgopher.player22,0,B,player22,1,565,CAPTURE,3,266,226,6,0,3,0,0,57,0,3890,1700,0,2,1274,893,11,0,86,100,167,137,
gauntlet/20261001-155948-scrim-b12/losses/andrewgopher.player22__StackGame__botB.bc24,andrewgopher.player22,0,A,player22,1,444,CAPTURE,3,347,313,10,0,3,0,0,50,0,5500,4410,0,1,1210,968,3,0,86,96,81,107,
gauntlet/20261001-155948-scrim-b12/losses/andrewgopher.player22__StackGame__botB.bc24,andrewgopher.player22,1,B,b12,0,444,CAPTURE,0,-1,0,0,0,0,0,0,1,0,5970,270,0,28,1119,1517,0,0,78,74,107,81,
gauntlet/20261001-155948-scrim-b12/losses/andrewgopher.player22__Digging__botB.bc24,andrewgopher.player22,0,A,player22,1,1414,CAPTURE,3,342,299,9,0,3,0,0,26,0,2320,140,0,5,1263,1030,0,0,67,298,841,616,ATK@600+HEAL@1200
gauntlet/20261001-155948-scrim-b12/losses/andrewgopher.player22__Digging__botB.bc24,andrewgopher.player22,1,B,b12,0,1414,CAPTURE,0,-1,0,0,0,0,0,0,2,0,3040,290,0,5,1005,1321,0,0,53,158,616,841,ATK@600+HEAL@1200
gauntlet/20261001-155948-scrim-b12/losses/andrewgopher.player22__Mountain__botA.bc24,andrewgopher.player22,1,A,b12,0,2000,MORE_FLAG_CAPTURES,0,-1,0,0,0,0,0,0,1,0,6470,210,0,16,1005,1362,0,0,86,238,795,560,ATK@600+HEAL@1200+CAP@1800
gauntlet/20261001-155948-scrim-b12/losses/andrewgopher.player22__Mountain__botA.bc24,andrewgopher.player22,0,B,player22,1,2000,MORE_FLAG_CAPTURES,1,372,312,10,0,3,0,0,38,0,5360,5770,0,9,1099,772,11,0,53,126,560,795,ATK@600+HEAL@1200+CAP@1800
gauntlet/20261001-155948-scrim-b12/losses/andli28.v9_USQuals_angle__Valentine__botA.bc24,andli28.v9_USQuals_angle,1,A,b12,0,2000,MORE_FLAG_CAPTURES,0,-1,343,3,0,0,0,0,0,0,4200,260,0,13,748,1130,1,0,58,208,320,509,ATK@600+HEAL@1200+CAP@1800
gauntlet/20261001-155948-scrim-b12/losses/andli28.v9_USQuals_angle__Valentine__botA.bc24,andli28.v9_USQuals_angle,0,B,v9_USQuals_angle,1,2000,MORE_FLAG_CAPTURES,2,450,355,11,0,0,0,90,0,6,2445,3520,18,3,913,1056,6,3,100,506,509,320,ATK@600+HEAL@1200+CAP@1800
gauntlet/20261001-155948-scrim-b12/losses/andrewgopher.player22__TwistedTreeline__botB.bc24,andrewgopher.player22,0,A,player22,1,2000,LEVEL_SUM,0,-1,0,3,0,3,0,0,67,0,2790,890,0,1,841,861,1,0,43,384,686,706,ATK@600+HEAL@1200+CAP@1800
gauntlet/20261001-155948-scrim-b12/losses/andrewgopher.player22__TwistedTreeline__botB.bc24,andrewgopher.player22,1,B,b12,0,2000,LEVEL_SUM,0,-1,0,0,0,0,0,0,8,0,4560,260,0,24,811,1217,3,0,48,193,706,686,ATK@600+HEAL@1200+CAP@1800
gauntlet/20261001-155948-scrim-b12/losses/chenyx512.flagbot_final__AceOfSpades__botB.bc24,chenyx512.flagbot_final,0,A,flagbot_final,1,501,CAPTURE,3,461,239,10,0,3,28,90,87,0,268,14718,18,0,1099,1478,0,0,185,199,118,25,
gauntlet/20261001-155948-scrim-b12/losses/chenyx512.flagbot_final__AceOfSpades__botB.bc24,chenyx512.flagbot_final,1,B,b12,0,501,CAPTURE,1,292,243,10,0,0,0,0,0,0,4200,260,0,13,914,1205,3,0,77,85,25,118,
gauntlet/20261001-155948-scrim-b12/losses/chenyx512.flagbot_final__Skyline__botB.bc24,chenyx512.flagbot_final,0,A,flagbot_final,1,521,CAPTURE,3,307,248,14,0,3,57,90,255,12,14415,24905,18,4,1019,1314,0,0,126,192,143,14,
gauntlet/20261001-155948-scrim-b12/losses/chenyx512.flagbot_final__Skyline__botB.bc24,chenyx512.flagbot_final,1,B,b12,0,521,CAPTURE,1,285,212,5,0,0,0,0,0,0,10500,230,0,4,717,1008,6,0,112,127,14,143,
gauntlet/20261001-155948-scrim-b12/losses/chenyx512.flagbot_final__Swoop__botA.bc24,chenyx512.flagbot_final,1,A,b12,0,507,CAPTURE,0,-1,235,19,0,0,0,0,3,0,6610,240,0,5,889,1245,3,0,79,76,17,82,
gauntlet/20261001-155948-scrim-b12/losses/chenyx512.flagbot_final__Swoop__botA.bc24,chenyx512.flagbot_final,0,B,flagbot_final,1,507,CAPTURE,3,299,251,9,0,3,34,90,162,2,440,20,18,16,1034,1549,0,0,45,52,82,17,
gauntlet/20261001-155948-scrim-b12/losses/chenyx512.flagbot_final__Divergent__botB.bc24,chenyx512.flagbot_final,0,A,flagbot_final,1,2000,MORE_FLAG_CAPTURES,2,950,432,40,0,3,37,90,146,0,459,39,18,2,814,1292,0,0,45,487,746,193,ATK@600+HEAL@1200+CAP@1800
gauntlet/20261001-155948-scrim-b12/losses/chenyx512.flagbot_final__Divergent__botB.bc24,chenyx512.flagbot_final,1,B,b12,0,2000,MORE_FLAG_CAPTURES,0,-1,277,1,0,0,0,0,1,0,6070,280,0,10,711,1101,2,0,71,213,193,746,ATK@600+HEAL@1200+CAP@1800
gauntlet/20261001-155948-scrim-b12/losses/chenyx512.flagbot_final__Racetrack__botA.bc24,chenyx512.flagbot_final,1,A,b12,0,1301,CAPTURE,0,-1,687,6,0,0,0,0,2,0,2340,220,0,4,1085,1742,2,0,32,92,182,553,ATK@600+HEAL@1200
gauntlet/20261001-155948-scrim-b12/losses/chenyx512.flagbot_final__Racetrack__botA.bc24,chenyx512.flagbot_final,0,B,flagbot_final,1,1301,CAPTURE,3,563,496,33,0,3,26,43,56,0,16,12,7,3,1133,1806,0,0,5,113,553,182,ATK@600+HEAL@1200
gauntlet/20261001-155948-scrim-b12/losses/clbarrell.duck8__AceOfSpades__botB.bc24,clbarrell.duck8,0,A,duck8,1,616,CAPTURE,3,332,233,13,0,0,0,0,9,31,70,11110,2,1,969,1126,8,0,193,190,105,139,
gauntlet/20261001-155948-scrim-b12/losses/clbarrell.duck8__AceOfSpades__botB.bc24,clbarrell.duck8,1,B,b12,0,616,CAPTURE,1,268,230,5,0,0,0,0,0,0,4200,300,0,1,1138,1179,3,0,69,80,139,105,ATK@600
gauntlet/20261001-155948-scrim-b12/losses/chenyx512.flagbot_final__Tunnels__botB.bc24,chenyx512.flagbot_final,0,A,flagbot_final,1,2000,MORE_FLAG_CAPTURES,1,1549,1240,19,0,3,24,90,121,0,40,1260,18,3,570,926,0,0,25,333,373,400,ATK@600+HEAL@1200+CAP@1800
gauntlet/20261001-155948-scrim-b12/losses/chenyx512.flagbot_final__Tunnels__botB.bc24,chenyx512.flagbot_final,1,B,b12,0,2000,MORE_FLAG_CAPTURES,0,-1,0,0,0,0,0,0,4,0,4680,210,0,20,702,1109,0,0,61,209,400,373,ATK@600+HEAL@1200+CAP@1800
gauntlet/20261001-155948-scrim-b12/losses/dmtrung14.defaultplayer_intlqualifier__KingQuacksCastle__botB.bc24,dmtrung14.defaultplayer_intlqualifier,0,A,defaultplayer_intlqualifier,1,448,CAPTURE,3,259,236,42,29,3,16,0,36,9,1420,300,0,2,316,690,6,33,10,47,25,82,
gauntlet/20261001-155948-scrim-b12/losses/dmtrung14.defaultplayer_intlqualifier__KingQuacksCastle__botB.bc24,dmtrung14.defaultplayer_intlqualifier,1,B,b12,0,448,CAPTURE,0,-1,287,4,0,0,0,0,3,0,3310,150,0,0,860,382,1,0,35,31,82,25,
gauntlet/20261001-155948-scrim-b12/losses/hsmalladi.finalbot__AceOfSpades__botA.bc24,hsmalladi.finalbot,1,A,b12,0,349,CAPTURE,0,-1,274,1,0,0,0,0,0,0,4200,300,0,0,581,714,2,0,58,52,29,63,
gauntlet/20261001-155948-scrim-b12/losses/hsmalladi.finalbot__AceOfSpades__botA.bc24,hsmalladi.finalbot,0,B,finalbot,1,349,CAPTURE,3,293,235,19,3,3,14,60,19,0,2691,9741,12,1,825,620,9,3,215,188,63,29,
gauntlet/20261001-155948-scrim-b12/losses/clbarrell.duck8__GaltonBoard__botB.bc24,clbarrell.duck8,0,A,duck8,1,2000,MORE_FLAG_CAPTURES,1,334,254,8,0,0,0,0,3,22,50,29323,3,7,854,855,1,0,165,444,547,1094,ATK@750+HEAL@1500
gauntlet/20261001-155948-scrim-b12/losses/clbarrell.duck8__GaltonBoard__botB.bc24,clbarrell.duck8,1,B,b12,0,2000,MORE_FLAG_CAPTURES,0,-1,0,0,0,0,0,0,0,0,2400,270,0,42,1107,1113,0,0,48,205,1094,547,ATK@600+HEAL@1200+CAP@1800
gauntlet/20261001-155948-scrim-b12/losses/hsmalladi.finalbot__Fountain__botB.bc24,hsmalladi.finalbot,0,A,finalbot,1,1410,CAPTURE,3,810,779,18,3,3,33,28,38,0,2081,110,4,0,312,324,0,2,26,129,199,330,ATK@600+HEAL@1200
gauntlet/20261001-155948-scrim-b12/losses/hsmalladi.finalbot__Fountain__botB.bc24,hsmalladi.finalbot,1,B,b12,0,1410,CAPTURE,2,390,324,6,0,0,0,0,4,0,3980,250,0,3,301,529,0,0,60,126,330,199,ATK@600+HEAL@1200
gauntlet/20261001-155948-scrim-b12/losses/hsmalladi.finalbot__ORV__botB.bc24,hsmalladi.finalbot,0,A,finalbot,1,788,CAPTURE,3,345,268,67,22,3,20,60,59,0,2908,128,12,1,906,788,3,5,75,115,184,194,ATK@600
gauntlet/20261001-155948-scrim-b12/losses/hsmalladi.finalbot__ORV__botB.bc24,hsmalladi.finalbot,1,B,b12,0,788,CAPTURE,1,339,249,3,0,0,0,0,0,0,5100,270,0,0,862,1099,3,0,79,106,194,184,ATK@600
gauntlet/20261001-155948-scrim-b12/losses/hsmalladi.finalbot__WheresMyWater__botA.bc24,hsmalladi.finalbot,1,A,b12,0,606,CAPTURE,1,396,380,1,0,0,0,0,1,0,5370,30,0,10,1047,1639,0,0,69,86,172,114,ATK@600
gauntlet/20261001-155948-scrim-b12/losses/hsmalladi.finalbot__WheresMyWater__botA.bc24,hsmalladi.finalbot,0,B,finalbot,1,606,CAPTURE,3,282,238,35,7,3,13,45,71,4,2263,131,9,5,1211,1036,3,1,60,81,114,172,ATK@600
gauntlet/20261001-155948-scrim-b12/losses/hsmalladi.finalbot__HeMustBeFreed__botB.bc24,hsmalladi.finalbot,0,A,finalbot,1,1962,CAPTURE,3,511,379,88,17,3,22,53,184,0,2010,5320,10,0,493,607,0,3,92,293,312,323,ATK@600+HEAL@1200+CAP@1800
gauntlet/20261001-155948-scrim-b12/losses/hsmalladi.finalbot__HeMustBeFreed__botB.bc24,hsmalladi.finalbot,1,B,b12,0,1962,CAPTURE,1,1374,593,9,0,0,0,0,5,0,3650,300,0,7,374,592,2,0,39,161,323,312,ATK@600+HEAL@1200+CAP@1800
gauntlet/20261001-155948-scrim-b12/losses/hsmalladi.finalbot__WheresMyWater__botB.bc24,hsmalladi.finalbot,0,A,finalbot,1,1105,CAPTURE,3,253,241,56,13,3,27,40,87,4,1733,163,7,0,918,999,0,3,48,120,301,403,ATK@600
gauntlet/20261001-155948-scrim-b12/losses/hsmalladi.finalbot__WheresMyWater__botB.bc24,hsmalladi.finalbot,1,B,b12,0,1105,CAPTURE,0,-1,438,5,0,0,0,0,2,0,5340,280,0,25,1071,1516,0,0,85,186,403,301,ATK@600
gauntlet/20261001-155948-scrim-b12/losses/jmerle.camel_case_v21_final__Battlecode24__botA.bc24,jmerle.camel_case_v21_final,1,A,b12,0,954,CAPTURE,0,-1,240,1,0,0,0,0,0,0,13600,276,0,23,703,856,10,0,156,213,338,388,ATK@600
gauntlet/20261001-155948-scrim-b12/losses/jmerle.camel_case_v21_final__Battlecode24__botA.bc24,jmerle.camel_case_v21_final,0,B,camel_case_v21_final,1,954,CAPTURE,3,386,271,9,0,0,0,0,93,0,9210,20580,0,0,1184,380,0,0,241,432,388,338,ATK@600
gauntlet/20261001-155948-scrim-b12/losses/jmerle.camel_case_v21_final__StackGame__botA.bc24,jmerle.camel_case_v21_final,1,A,b12,0,403,CAPTURE,0,-1,0,0,0,0,0,0,0,0,5600,270,0,12,875,1172,3,0,67,62,86,95,
gauntlet/20261001-155948-scrim-b12/losses/jmerle.camel_case_v21_final__StackGame__botA.bc24,jmerle.camel_case_v21_final,0,B,camel_case_v21_final,1,403,CAPTURE,3,285,243,9,0,0,0,0,26,0,6220,3190,0,1,1291,528,0,0,114,96,95,86,
gauntlet/20261001-155948-scrim-b12/losses/jmerle.camel_case_v21_final__Fountain__botA.bc24,jmerle.camel_case_v21_final,1,A,b12,0,443,CAPTURE,0,-1,389,2,0,0,0,0,3,0,4010,50,0,18,899,1450,1,0,51,46,121,66,
gauntlet/20261001-155948-scrim-b12/losses/jmerle.camel_case_v21_final__Fountain__botA.bc24,jmerle.camel_case_v21_final,0,B,camel_case_v21_final,1,443,CAPTURE,3,316,243,7,0,0,0,0,36,0,2620,20,0,1,1059,427,0,0,24,27,66,121,
gauntlet/20261001-155948-scrim-b12/losses/jmerle.camel_case_v21_final__Canals__botA.bc24,jmerle.camel_case_v21_final,1,A,b12,0,767,CAPTURE,0,-1,0,0,0,0,0,0,0,0,7000,290,0,7,704,1078,3,0,76,112,259,248,ATK@600
gauntlet/20261001-155948-scrim-b12/losses/jmerle.camel_case_v21_final__Canals__botA.bc24,jmerle.camel_case_v21_final,0,B,camel_case_v21_final,1,767,CAPTURE,3,328,287,14,0,0,0,0,0,0,7000,3180,0,0,1369,552,0,0,124,195,248,259,ATK@600
gauntlet/20261001-155948-scrim-b12/losses/jmerle.camel_case_v21_final__Swoop__botA.bc24,jmerle.camel_case_v21_final,1,A,b12,0,483,CAPTURE,0,-1,284,4,0,0,0,0,3,0,6610,230,0,8,969,1278,4,0,73,87,129,112,
gauntlet/20261001-155948-scrim-b12/losses/jmerle.camel_case_v21_final__Swoop__botA.bc24,jmerle.camel_case_v21_final,0,B,camel_case_v21_final,1,483,CAPTURE,3,320,256,15,0,0,0,0,31,0,5770,2300,0,10,1251,603,0,0,81,91,112,129,
gauntlet/20261001-155948-scrim-b12/losses/jmerle.camel_case_v21_final__YearOfTheDragon__botA.bc24,jmerle.camel_case_v21_final,1,A,b12,0,734,CAPTURE,1,564,329,9,0,0,0,0,0,0,13200,250,0,4,690,1038,18,0,120,168,214,190,ATK@600
gauntlet/20261001-155948-scrim-b12/losses/jmerle.camel_case_v21_final__YearOfTheDragon__botA.bc24,jmerle.camel_case_v21_final,0,B,camel_case_v21_final,1,734,CAPTURE,3,295,227,12,0,0,0,0,5,4,12650,6480,0,5,952,279,0,0,121,216,190,214,ATK@600
gauntlet/20261001-155948-scrim-b12/losses/kyleezz.jeeryfix3__Backslash__botB.bc24,kyleezz.jeeryfix3,0,A,jeeryfix3,1,587,CAPTURE,3,289,260,7,0,0,0,0,234,0,80,10700,0,1,1081,661,0,0,160,184,149,178,
gauntlet/20261001-155948-scrim-b12/losses/kyleezz.jeeryfix3__Backslash__botB.bc24,kyleezz.jeeryfix3,1,B,b12,0,587,CAPTURE,0,-1,268,1,0,0,0,0,0,0,2400,260,0,1,952,889,1,0,51,67,178,149,
gauntlet/20261001-155948-scrim-b12/losses/kyleezz.jeeryfix3__Fusbol__botB.bc24,kyleezz.jeeryfix3,0,A,jeeryfix3,1,2000,MORE_FLAG_CAPTURES,1,1429,1349,5,0,0,0,0,185,0,4050,9690,0,0,828,952,0,0,13,142,1519,182,ATK@600+CAP@1200+HEAL@1800
gauntlet/20261001-155948-scrim-b12/losses/kyleezz.jeeryfix3__Fusbol__botB.bc24,kyleezz.jeeryfix3,1,B,b12,0,2000,MORE_FLAG_CAPTURES,0,-1,0,0,0,0,0,0,0,0,2400,900,0,27,498,654,4,0,21,142,182,1519,ATK@600+HEAL@1200+CAP@1800
gauntlet/20261001-155948-scrim-b12/losses/kyleezz.jeeryfix3__Klein__botB.bc24,kyleezz.jeeryfix3,0,A,jeeryfix3,1,2000,MORE_FLAG_CAPTURES,2,268,243,16,0,0,0,0,237,0,1590,20,0,7,855,821,0,0,42,242,393,1220,ATK@600+CAP@1200+HEAL@1800
gauntlet/20261001-155948-scrim-b12/losses/kyleezz.jeeryfix3__Klein__botB.bc24,kyleezz.jeeryfix3,1,B,b12,0,2000,MORE_FLAG_CAPTURES,1,1304,679,6,0,0,0,0,1,0,3770,230,0,0,1032,1215,0,0,51,323,1220,393,ATK@600+HEAL@1200+CAP@1800
gauntlet/20261001-155948-scrim-b12/losses/quesswho.cretplayer2_3__AceOfSpades__botA.bc24,quesswho.cretplayer2_3,1,A,b12,0,725,CAPTURE,1,269,221,14,0,0,0,0,0,0,4200,300,0,8,885,1054,2,0,91,122,134,172,ATK@600
gauntlet/20261001-155948-scrim-b12/losses/quesswho.cretplayer2_3__AceOfSpades__botA.bc24,quesswho.cretplayer2_3,0,B,cretplayer2_3,1,725,CAPTURE,3,483,244,14,0,3,17,0,14,0,3780,12180,0,0,986,990,0,2,198,231,172,134,ATK@600
gauntlet/20261001-155948-scrim-b12/losses/kyleezz.jeeryfix3__Fusbol__botA.bc24,kyleezz.jeeryfix3,1,A,b12,0,2000,LEVEL_SUM,0,-1,0,0,0,0,0,0,0,0,2400,800,0,27,480,649,4,0,20,0,22,1611,ATK@600+HEAL@1200+CAP@1800
gauntlet/20261001-155948-scrim-b12/losses/kyleezz.jeeryfix3__Fusbol__botA.bc24,kyleezz.jeeryfix3,0,B,jeeryfix3,1,2000,LEVEL_SUM,0,-1,0,0,0,0,0,0,187,0,3990,9850,0,0,839,957,0,0,12,0,1611,22,ATK@600+CAP@1200+HEAL@1800
gauntlet/20261001-155948-scrim-b12/losses/quesswho.cretplayer2_3__Checkered__botA.bc24,quesswho.cretplayer2_3,1,A,b12,0,474,CAPTURE,2,286,220,3,0,0,0,0,0,0,7200,280,0,0,626,795,9,0,71,70,50,34,
gauntlet/20261001-155948-scrim-b12/losses/quesswho.cretplayer2_3__Checkered__botA.bc24,quesswho.cretplayer2_3,0,B,cretplayer2_3,1,474,CAPTURE,3,299,224,7,0,3,17,0,0,0,7200,2180,0,5,629,758,0,4,80,83,34,50,
gauntlet/20261001-155948-scrim-b12/losses/winkelmantanner.waffle__Puzzle__botA.bc24,winkelmantanner.waffle,1,A,b12,0,704,CAPTURE,1,318,254,7,0,0,0,0,0,0,2400,210,0,7,745,979,1,0,111,171,212,93,ATK@600
gauntlet/20261001-155948-scrim-b12/losses/winkelmantanner.waffle__Puzzle__botA.bc24,winkelmantanner.waffle,0,B,waffle,1,704,CAPTURE,3,364,260,17,0,0,0,0,0,3,2100,7513,0,2,831,693,0,0,149,170,93,212,ATK@600
gauntlet/20261001-155948-scrim-b12/losses/quesswho.cretplayer2_3__ORV__botA.bc24,quesswho.cretplayer2_3,1,A,b12,0,2000,MORE_FLAG_CAPTURES,0,-1,252,14,0,0,0,0,1,0,5070,220,0,16,1210,1025,1,0,89,267,1318,445,ATK@600+HEAL@1200+CAP@1800
gauntlet/20261001-155948-scrim-b12/losses/quesswho.cretplayer2_3__ORV__botA.bc24,quesswho.cretplayer2_3,0,B,cretplayer2_3,1,2000,MORE_FLAG_CAPTURES,2,450,302,36,0,3,21,0,33,0,4610,1020,0,3,944,883,0,4,76,284,445,1318,ATK@600+HEAL@1200+CAP@1800
gauntlet/20261001-155948-scrim-b12/losses/quesswho.cretplayer2_3__Waterworld__botB.bc24,quesswho.cretplayer2_3,0,A,cretplayer2_3,1,991,CAPTURE,3,404,245,26,0,3,15,0,269,0,8230,5330,0,2,688,663,0,6,94,166,356,244,ATK@600
gauntlet/20261001-155948-scrim-b12/losses/quesswho.cretplayer2_3__Waterworld__botB.bc24,quesswho.cretplayer2_3,1,B,b12,0,991,CAPTURE,2,568,298,16,0,0,0,0,4,0,5580,20,0,0,426,499,3,0,50,94,244,356,ATK@600
gauntlet/20261001-155948-scrim-b12/losses/winkelmantanner.waffle__Islands__botB.bc24,winkelmantanner.waffle,0,A,waffle,1,725,CAPTURE,3,351,254,31,0,0,0,0,38,61,960,579,3,8,1087,1073,0,0,96,124,117,223,ATK@600
gauntlet/20261001-155948-scrim-b12/losses/winkelmantanner.waffle__Islands__botB.bc24,winkelmantanner.waffle,1,B,b12,0,725,CAPTURE,1,514,245,4,0,0,0,0,1,0,6770,290,0,0,1154,1475,11,0,68,109,223,117,ATK@600
gauntlet/20261001-155948-scrim-b12/losses/winkelmantanner.waffle__Tunnels__botB.bc24,winkelmantanner.waffle,0,A,waffle,1,660,CAPTURE,3,392,330,15,0,0,0,0,29,3,3630,4520,0,10,695,706,0,0,72,94,74,204,ATK@600
gauntlet/20261001-155948-scrim-b12/losses/winkelmantanner.waffle__Tunnels__botB.bc24,winkelmantanner.waffle,1,B,b12,0,660,CAPTURE,0,-1,0,0,0,0,0,0,2,0,4740,280,0,15,805,857,0,0,61,80,204,74,ATK@600
gauntlet/20261001-155948-scrim-b12/losses/winkelmantanner.waffle__Mountain__botB.bc24,winkelmantanner.waffle,0,A,waffle,1,2000,MORE_FLAG_CAPTURES,2,342,308,16,0,0,0,0,16,8,5220,2750,0,12,767,713,0,0,87,252,458,1042,ATK@600+HEAL@1200+CAP@1800
gauntlet/20261001-155948-scrim-b12/losses/winkelmantanner.waffle__Mountain__botB.bc24,winkelmantanner.waffle,1,B,b12,0,2000,MORE_FLAG_CAPTURES,1,1862,1838,2,0,0,0,0,0,0,6500,300,0,24,906,1152,0,0,93,285,1042,458,ATK@600+HEAL@1200+CAP@1800
gauntlet/20261001-155948-scrim-b12/replays/SampleProvider.TSPAARKSPRINT1__QuestionableChess__botB.bc24,SampleProvider.TSPAARKSPRINT1,0,A,TSPAARKSPRINT1,0,1092,CAPTURE,0,-1,462,13,0,3,22,0,76,1,20,10,0,3,651,1421,0,2,0,21,101,351,ATK@600
gauntlet/20261001-155948-scrim-b12/replays/SampleProvider.TSPAARKSPRINT1__QuestionableChess__botB.bc24,SampleProvider.TSPAARKSPRINT1,1,B,b12,1,1092,CAPTURE,3,825,228,40,0,0,0,0,8,0,2160,210,0,7,932,1061,2,0,22,118,351,101,ATK@600
gauntlet/20261001-155948-scrim-b12/replays/ColtG5.Goob_final__Swoop__botB.bc24,ColtG5.Goob_final,0,A,Goob_final,0,1896,CAPTURE,2,289,245,19,0,0,0,0,50,0,5200,20,0,4,1011,696,5,0,52,281,472,1264,ATK@600+HEAL@1200+CAP@1800
gauntlet/20261001-155948-scrim-b12/replays/ColtG5.Goob_final__Swoop__botB.bc24,ColtG5.Goob_final,1,B,b12,1,1896,CAPTURE,3,308,233,5,0,0,0,0,2,0,6640,200,0,6,1144,1300,6,0,72,282,1264,472,ATK@600+HEAL@1200+CAP@1800
gauntlet/20261001-155948-scrim-b12/replays/SampleProvider.TSPAARKSPRINT1__Foxes__botB.bc24,SampleProvider.TSPAARKSPRINT1,0,A,TSPAARKSPRINT1,0,880,CAPTURE,2,460,287,28,0,3,0,0,28,0,9060,4560,0,14,539,1214,41,20,2,62,93,242,ATK@600
gauntlet/20261001-155948-scrim-b12/replays/SampleProvider.TSPAARKSPRINT1__Foxes__botB.bc24,SampleProvider.TSPAARKSPRINT1,1,B,b12,1,880,CAPTURE,3,482,219,13,0,0,0,0,2,0,9840,260,0,7,930,997,10,0,100,150,242,93,ATK@600
gauntlet/20261001-155948-scrim-b12/replays/ColtG5.Goob_final__SteamboatMickey__botB.bc24,ColtG5.Goob_final,0,A,Goob_final,0,2000,LEVEL_SUM,2,338,290,11,0,0,0,0,47,0,8290,13330,0,16,907,708,12,0,109,465,452,1209,ATK@600+HEAL@1200+CAP@1800
gauntlet/20261001-155948-scrim-b12/replays/ColtG5.Goob_final__SteamboatMickey__botB.bc24,ColtG5.Goob_final,1,B,b12,1,2000,LEVEL_SUM,2,1814,1773,2,0,0,0,0,0,0,9700,240,0,2,1086,1156,0,0,128,352,1209,452,ATK@600+HEAL@1200+CAP@1800
gauntlet/20261001-155948-scrim-b12/replays/IvanGeffner.kuma__EndAround__botA.bc24,IvanGeffner.kuma,1,A,b12,1,2000,LEVEL_SUM,0,-1,0,0,0,0,0,0,2,0,3840,190,0,5,516,691,1,0,62,201,401,455,ATK@600+HEAL@1200+CAP@1800
gauntlet/20261001-155948-scrim-b12/replays/IvanGeffner.kuma__EndAround__botA.bc24,IvanGeffner.kuma,0,B,kuma,0,2000,LEVEL_SUM,0,-1,544,45,26,0,0,90,55,0,1795,2975,18,4,604,859,8,0,72,514,455,401,ATK@600+HEAL@1200+CAP@1800
gauntlet/20261001-155948-scrim-b12/replays/SampleProvider.TSPAARKSPRINT1__Waterworld__botA.bc24,SampleProvider.TSPAARKSPRINT1,1,A,b12,1,1549,CAPTURE,3,665,328,48,0,0,0,0,1,0,5670,260,0,12,736,605,0,0,57,307,946,147,ATK@600+HEAL@1200
gauntlet/20261001-155948-scrim-b12/replays/SampleProvider.TSPAARKSPRINT1__Waterworld__botA.bc24,SampleProvider.TSPAARKSPRINT1,0,B,TSPAARKSPRINT1,0,1549,CAPTURE,1,622,379,21,0,3,51,0,479,4,1530,30,0,9,372,1122,0,23,4,73,147,946,ATK@600+CAP@1200
gauntlet/20261001-155948-scrim-b12/replays/SampleProvider.TSPAARKSPRINT1__WheresMyWater__botA.bc24,SampleProvider.TSPAARKSPRINT1,1,A,b12,1,1321,CAPTURE,3,289,259,24,0,0,0,0,1,0,5370,270,0,2,1405,1016,0,0,99,217,619,94,ATK@600+HEAL@1200
gauntlet/20261001-155948-scrim-b12/replays/SampleProvider.TSPAARKSPRINT1__WheresMyWater__botA.bc24,SampleProvider.TSPAARKSPRINT1,0,B,TSPAARKSPRINT1,0,1321,CAPTURE,1,276,260,44,0,3,6,0,169,3,30,10,0,2,622,1416,0,12,1,42,94,619,ATK@600+CAP@1200
gauntlet/20261001-155948-scrim-b12/replays/awu7.ExplosiveBot__BedWars__botA.bc24,awu7.ExplosiveBot,1,A,b12,1,991,CAPTURE,3,553,521,5,0,0,0,0,0,0,4800,20,0,6,19,12,1,0,32,65,259,44,ATK@600
gauntlet/20261001-155948-scrim-b12/replays/awu7.ExplosiveBot__BedWars__botA.bc24,awu7.ExplosiveBot,0,B,ExplosiveBot,0,991,CAPTURE,2,876,555,20,8,0,0,0,0,15,2400,20,0,5,13,3,17,0,6,21,44,259,ATK@600
gauntlet/20261001-155948-scrim-b12/replays/andli28.v9_USQuals_angle__HeMustBeFreed__botB.bc24,andli28.v9_USQuals_angle,0,A,v9_USQuals_angle,0,2000,MORE_FLAG_CAPTURES,1,445,321,2,0,0,0,83,99,6,268,3968,17,3,348,454,5,3,31,58,87,120,ATK@600+HEAL@1200+CAP@1800
gauntlet/20261001-155948-scrim-b12/replays/andli28.v9_USQuals_angle__HeMustBeFreed__botB.bc24,andli28.v9_USQuals_angle,1,B,b12,1,2000,MORE_FLAG_CAPTURES,2,1299,535,10,0,0,0,0,4,0,3680,80,0,7,375,590,1,0,62,67,120,87,ATK@600+HEAL@1200+CAP@1800
gauntlet/20261001-155948-scrim-b12/replays/andrewgopher.player22__Diagonal__botA.bc24,andrewgopher.player22,1,A,b12,1,2000,LEVEL_SUM,0,-1,336,21,0,0,0,0,1,0,6270,290,0,13,375,592,2,0,76,189,224,204,ATK@600+HEAL@1200+CAP@1800
gauntlet/20261001-155948-scrim-b12/replays/andrewgopher.player22__Diagonal__botA.bc24,andrewgopher.player22,0,B,player22,0,2000,LEVEL_SUM,0,-1,0,3,0,3,0,0,40,0,6300,5560,0,3,358,320,26,0,15,209,204,224,ATK@600+HEAL@1200+CAP@1800
gauntlet/20261001-155948-scrim-b12/replays/awu7.ExplosiveBot__BedWars__botB.bc24,awu7.ExplosiveBot,0,A,ExplosiveBot,0,932,CAPTURE,1,904,755,17,9,0,0,0,0,11,2900,20,0,3,69,37,18,0,3,20,34,237,ATK@600
gauntlet/20261001-155948-scrim-b12/replays/awu7.ExplosiveBot__BedWars__botB.bc24,awu7.ExplosiveBot,1,B,b12,1,932,CAPTURE,3,467,383,8,0,0,0,0,0,0,4800,40,0,10,107,87,5,0,36,43,237,34,ATK@600
gauntlet/20261001-155948-scrim-b12/replays/awu7.ExplosiveBot__DefaultLarge__botB.bc24,awu7.ExplosiveBot,0,A,ExplosiveBot,0,1162,CAPTURE,0,-1,312,25,8,0,0,0,93,11,110,1810,0,12,747,634,22,0,9,66,105,758,ATK@600
gauntlet/20261001-155948-scrim-b12/replays/awu7.ExplosiveBot__DefaultLarge__botB.bc24,awu7.ExplosiveBot,1,B,b12,1,1162,CAPTURE,3,732,485,14,0,0,0,0,0,0,4200,300,0,10,1222,1540,3,0,89,270,758,105,ATK@600
gauntlet/20261001-155948-scrim-b12/replays/awu7.ExplosiveBot__OceanFloor__botA.bc24,awu7.ExplosiveBot,1,A,b12,1,1290,CAPTURE,3,452,304,14,0,0,0,0,0,0,3800,200,0,3,1232,1299,5,0,71,275,869,102,ATK@600+HEAL@1200
gauntlet/20261001-155948-scrim-b12/replays/awu7.ExplosiveBot__OceanFloor__botA.bc24,awu7.ExplosiveBot,0,B,ExplosiveBot,0,1290,CAPTURE,1,845,222,45,18,0,0,0,90,9,200,20,0,19,811,554,1,0,24,80,102,869,ATK@600+HEAL@1200
gauntlet/20261001-155948-scrim-b12/replays/awu7.ExplosiveBot__Diagonal__botA.bc24,awu7.ExplosiveBot,1,A,b12,1,2000,MORE_FLAG_CAPTURES,1,637,304,12,0,0,0,0,2,0,6240,230,0,11,879,954,3,0,91,324,854,138,ATK@600+HEAL@1200+CAP@1800
gauntlet/20261001-155948-scrim-b12/replays/awu7.ExplosiveBot__Diagonal__botA.bc24,awu7.ExplosiveBot,0,B,ExplosiveBot,0,2000,MORE_FLAG_CAPTURES,0,-1,298,1,0,0,0,0,43,9,5310,6100,0,15,616,350,0,0,26,100,138,854,ATK@600+HEAL@1200
gauntlet/20261001-155948-scrim-b12/replays/clbarrell.duck8__OceanFloor__botB.bc24,clbarrell.duck8,0,A,duck8,0,1015,CAPTURE,1,799,303,21,0,0,0,0,25,29,170,50,3,5,818,911,1,0,49,107,138,295,ATK@750
gauntlet/20261001-155948-scrim-b12/replays/clbarrell.duck8__OceanFloor__botB.bc24,clbarrell.duck8,1,B,b12,1,1015,CAPTURE,3,344,283,5,0,0,0,0,0,0,3800,290,0,4,1096,1229,6,0,55,137,295,138,ATK@600
gauntlet/20261001-155948-scrim-b12/replays/awu7.ExplosiveBot__Randy__botB.bc24,awu7.ExplosiveBot,0,A,ExplosiveBot,0,1854,CAPTURE,0,-1,322,62,29,0,0,0,6,3,5320,6790,0,31,677,713,15,0,10,172,260,1345,ATK@600+HEAL@1200
gauntlet/20261001-155948-scrim-b12/replays/awu7.ExplosiveBot__Randy__botB.bc24,awu7.ExplosiveBot,1,B,b12,1,1854,CAPTURE,3,939,257,26,0,0,0,0,1,0,5770,260,0,15,1194,1234,0,0,89,403,1345,260,ATK@600+HEAL@1200+CAP@1800
gauntlet/20261001-155948-scrim-b12/replays/clbarrell.duck8__Pancakes__botB.bc24,clbarrell.duck8,0,A,duck8,0,423,CAPTURE,1,294,238,7,0,0,0,0,0,22,70,40,2,3,642,699,2,0,94,85,22,83,
gauntlet/20261001-155948-scrim-b12/replays/clbarrell.duck8__Pancakes__botB.bc24,clbarrell.duck8,1,B,b12,1,423,CAPTURE,3,303,243,3,0,0,0,0,0,0,2400,220,0,7,932,989,0,0,66,58,83,22,
gauntlet/20261001-155948-scrim-b12/replays/clbarrell.duck8__Foxes__botB.bc24,clbarrell.duck8,0,A,duck8,0,1853,CAPTURE,2,751,361,26,0,0,0,0,11,55,2590,90,3,6,818,1249,16,0,86,256,293,986,ATK@750+HEAL@1500
gauntlet/20261001-155948-scrim-b12/replays/clbarrell.duck8__Foxes__botB.bc24,clbarrell.duck8,1,B,b12,1,1853,CAPTURE,3,1179,774,16,0,0,0,0,1,0,9870,290,0,4,1158,1393,14,0,97,373,986,293,ATK@600+HEAL@1200+CAP@1800
gauntlet/20261001-155948-scrim-b12/replays/dmtrung14.defaultplayer_intlqualifier__Battlecode24__botA.bc24,dmtrung14.defaultplayer_intlqualifier,1,A,b12,1,2000,MORE_FLAG_CAPTURES,2,442,257,8,0,0,0,0,1,0,13570,182,0,4,669,319,10,0,194,415,1336,21,ATK@600+HEAL@1200+CAP@1800
gauntlet/20261001-155948-scrim-b12/replays/dmtrung14.defaultplayer_intlqualifier__Battlecode24__botA.bc24,dmtrung14.defaultplayer_intlqualifier,0,B,defaultplayer_intlqualifier,0,2000,MORE_FLAG_CAPTURES,0,-1,374,13,7,3,19,0,113,16,7210,14360,0,2,211,508,5,23,21,90,21,1336,ATK@600+HEAL@1200+CAP@1800
gauntlet/20261001-155948-scrim-b12/replays/clbarrell.duck8__QuestionableChess__botB.bc24,clbarrell.duck8,0,A,duck8,0,1528,CAPTURE,2,278,225,33,0,0,0,0,43,10,40,100,1,5,952,909,1,0,33,170,353,817,ATK@750+HEAL@1500
gauntlet/20261001-155948-scrim-b12/replays/clbarrell.duck8__QuestionableChess__botB.bc24,clbarrell.duck8,1,B,b12,1,1528,CAPTURE,3,735,677,9,0,0,0,0,5,0,2250,40,0,2,1019,1130,1,0,19,160,817,353,ATK@600+HEAL@1200
gauntlet/20261001-155948-scrim-b12/replays/dmtrung14.defaultplayer_intlqualifier__DefaultLarge__botA.bc24,dmtrung14.defaultplayer_intlqualifier,1,A,b12,1,2000,MORE_FLAG_CAPTURES,2,675,254,22,0,0,0,0,0,0,4200,20,0,3,1119,556,1,0,51,167,487,57,ATK@600+HEAL@1200+CAP@1800
gauntlet/20261001-155948-scrim-b12/replays/dmtrung14.defaultplayer_intlqualifier__DefaultLarge__botA.bc24,dmtrung14.defaultplayer_intlqualifier,0,B,defaultplayer_intlqualifier,0,2000,MORE_FLAG_CAPTURES,0,-1,313,60,43,3,15,0,62,17,40,3350,0,2,363,705,6,25,16,97,57,487,ATK@600+HEAL@1200+CAP@1800
gauntlet/20261001-155948-scrim-b12/replays/dmtrung14.defaultplayer_intlqualifier__BreadPudding__botA.bc24,dmtrung14.defaultplayer_intlqualifier,1,A,b12,1,2000,LEVEL_SUM,0,-1,423,4,0,0,0,0,2,0,4340,200,0,12,683,475,2,0,57,31,160,7,ATK@600+HEAL@1200+CAP@1800
gauntlet/20261001-155948-scrim-b12/replays/dmtrung14.defaultplayer_intlqualifier__BreadPudding__botA.bc24,dmtrung14.defaultplayer_intlqualifier,0,B,defaultplayer_intlqualifier,0,2000,LEVEL_SUM,0,-1,0,3,0,3,14,0,50,13,1600,2630,0,4,254,698,6,9,4,16,7,160,ATK@600+HEAL@1200+CAP@1800
gauntlet/20261001-155948-scrim-b12/replays/dmtrung14.defaultplayer_intlqualifier__Diagonal__botB.bc24,dmtrung14.defaultplayer_intlqualifier,0,A,defaultplayer_intlqualifier,0,2000,LEVEL_SUM,0,-1,556,9,0,3,15,0,36,24,2820,3060,0,3,218,478,6,20,20,46,18,129,ATK@600+HEAL@1200+CAP@1800
gauntlet/20261001-155948-scrim-b12/replays/dmtrung14.defaultplayer_intlqualifier__Diagonal__botB.bc24,dmtrung14.defaultplayer_intlqualifier,1,B,b12,1,2000,LEVEL_SUM,0,-1,0,0,0,0,0,0,1,0,6270,30,0,3,435,252,4,0,64,118,129,18,ATK@600+HEAL@1200+CAP@1800
gauntlet/20261001-155948-scrim-b12/replays/dmtrung14.defaultplayer_intlqualifier__QueenOfHearts__botA.bc24,dmtrung14.defaultplayer_intlqualifier,1,A,b12,1,2000,MORE_FLAG_CAPTURES,2,961,265,8,0,0,0,0,4,0,5780,290,0,16,1035,431,0,0,62,255,798,58,ATK@600+HEAL@1200+CAP@1800
gauntlet/20261001-155948-scrim-b12/replays/dmtrung14.defaultplayer_intlqualifier__QueenOfHearts__botA.bc24,dmtrung14.defaultplayer_intlqualifier,0,B,defaultplayer_intlqualifier,0,2000,MORE_FLAG_CAPTURES,1,427,253,51,30,3,38,0,96,24,20,80,0,2,349,809,6,17,20,86,58,798,ATK@600+HEAL@1200+CAP@1800
gauntlet/20261001-155948-scrim-b12/replays/jonters.bling3__Bunkers__botA.bc24,jonters.bling3,1,A,b12,1,885,CAPTURE,3,328,282,12,0,0,0,0,0,0,5200,220,0,17,1348,1324,0,0,83,199,471,99,ATK@600
gauntlet/20261001-155948-scrim-b12/replays/jonters.bling3__Bunkers__botA.bc24,jonters.bling3,0,B,bling3,0,885,CAPTURE,2,432,317,11,0,0,0,0,66,15,220,20,0,1,691,1272,18,0,7,53,99,471,ATK@600
gauntlet/20261001-155948-scrim-b12/replays/jonters.bling3__Backslash__botB.bc24,jonters.bling3,0,A,bling3,0,1615,CAPTURE,1,308,256,5,0,0,0,0,236,0,20,7500,0,5,589,1183,73,0,5,158,262,604,ATK@600+HEAL@1200
gauntlet/20261001-155948-scrim-b12/replays/jonters.bling3__Backslash__botB.bc24,jonters.bling3,1,B,b12,1,1615,CAPTURE,3,428,222,16,0,0,0,0,0,0,2400,260,0,0,884,1198,3,0,68,205,604,262,ATK@600+HEAL@1200
gauntlet/20261001-155948-scrim-b12/replays/jonters.bling3__Duck__botB.bc24,jonters.bling3,0,A,bling3,0,1227,CAPTURE,0,-1,342,5,0,0,0,0,89,12,230,550,0,0,778,1352,12,0,5,63,140,417,ATK@600+HEAL@1200
gauntlet/20261001-155948-scrim-b12/replays/jonters.bling3__Duck__botB.bc24,jonters.bling3,1,B,b12,1,1227,CAPTURE,3,374,227,16,0,0,0,0,0,0,5300,300,0,5,1023,1055,3,0,60,147,417,140,ATK@600+HEAL@1200
gauntlet/20261001-155948-scrim-b12/replays/jonters.bling3__Starfish__botA.bc24,jonters.bling3,1,A,b12,1,2000,MORE_FLAG_CAPTURES,2,440,249,21,0,0,0,0,7,0,6290,270,0,35,435,450,0,0,61,285,650,113,ATK@600+HEAL@1200+CAP@1800
gauntlet/20261001-155948-scrim-b12/replays/jonters.bling3__Starfish__botA.bc24,jonters.bling3,0,B,bling3,0,2000,MORE_FLAG_CAPTURES,1,1974,716,9,0,0,0,0,216,0,20,20,0,12,306,363,0,0,0,36,113,650,ATK@600+HEAL@1200+CAP@1800
gauntlet/20261001-155948-scrim-b12/replays/jonters.bling3__Waterworld__botB.bc24,jonters.bling3,0,A,bling3,0,1185,CAPTURE,0,-1,687,7,0,0,0,0,453,0,10,660,0,0,251,387,0,0,0,27,104,441,ATK@600
gauntlet/20261001-155948-scrim-b12/replays/jonters.bling3__Waterworld__botB.bc24,jonters.bling3,1,B,b12,1,1185,CAPTURE,3,1074,705,15,0,0,0,0,3,0,5610,180,0,30,442,478,2,0,54,157,441,104,ATK@600
gauntlet/20261001-155948-scrim-b12/replays/jonters.bling3__Snake__botB.bc24,jonters.bling3,0,A,bling3,0,2000,MORE_FLAG_CAPTURES,0,-1,301,5,0,0,0,0,240,0,8300,18400,0,0,479,958,81,0,9,248,422,747,ATK@600+HEAL@1200+CAP@1800
gauntlet/20261001-155948-scrim-b12/replays/jonters.bling3__Snake__botB.bc24,jonters.bling3,1,B,b12,1,2000,MORE_FLAG_CAPTURES,2,377,225,31,0,0,0,0,4,0,15380,328,0,4,844,1056,16,0,237,366,747,422,ATK@600+HEAL@1200+CAP@1800
gauntlet/20261001-155948-scrim-b12/replays/justinottesen.sprint1__Fountain__botA.bc24,justinottesen.sprint1,1,A,b12,1,579,CAPTURE,3,390,270,13,0,0,0,0,1,0,4070,20,0,5,1252,221,2,0,57,86,245,14,
gauntlet/20261001-155948-scrim-b12/replays/justinottesen.sprint1__Fountain__botA.bc24,justinottesen.sprint1,0,B,sprint1,0,579,CAPTURE,0,-1,482,2,0,0,0,0,57,0,1590,20,0,17,195,1275,7,0,0,11,14,245,
gauntlet/20261001-155948-scrim-b12/replays/justinottesen.sprint1__Decision__botA.bc24,justinottesen.sprint1,1,A,b12,1,747,CAPTURE,3,477,266,11,0,0,0,0,9,0,3530,270,0,3,1362,252,2,0,63,110,310,18,ATK@600
gauntlet/20261001-155948-scrim-b12/replays/justinottesen.sprint1__Decision__botA.bc24,justinottesen.sprint1,0,B,sprint1,0,747,CAPTURE,1,690,480,4,0,0,0,0,129,0,330,10,0,4,152,1143,1,0,0,11,18,310,ATK@600
gauntlet/20261001-155948-scrim-b12/replays/justinottesen.sprint1__OceanFloor__botB.bc24,justinottesen.sprint1,0,A,sprint1,0,835,CAPTURE,0,-1,274,11,0,0,0,0,92,4,40,60,0,3,205,989,9,0,0,22,17,532,ATK@600
gauntlet/20261001-155948-scrim-b12/replays/justinottesen.sprint1__OceanFloor__botB.bc24,justinottesen.sprint1,1,B,b12,1,835,CAPTURE,3,349,233,13,0,0,0,0,0,0,3800,250,0,1,1550,490,2,0,77,209,532,17,ATK@600
gauntlet/20261001-155948-scrim-b12/replays/justinottesen.sprint1__StackGame__botB.bc24,justinottesen.sprint1,0,A,sprint1,0,658,CAPTURE,0,-1,332,2,0,0,0,0,51,0,5470,180,0,9,266,1100,39,0,0,52,43,444,ATK@600
gauntlet/20261001-155948-scrim-b12/replays/justinottesen.sprint1__StackGame__botB.bc24,justinottesen.sprint1,1,B,b12,1,658,CAPTURE,3,451,308,17,0,0,0,0,1,0,5570,220,0,20,1779,807,3,0,83,122,444,43,ATK@600
gauntlet/20261001-155948-scrim-b12/replays/kyleezz.jeeryfix3__Intercontinental__botB.bc24,kyleezz.jeeryfix3,0,A,jeeryfix3,0,2000,LEVEL_SUM,0,-1,0,0,0,0,0,0,159,0,30,250,0,0,0,0,0,0,2,0,0,0,ATK@600+CAP@1200+HEAL@1800
gauntlet/20261001-155948-scrim-b12/replays/kyleezz.jeeryfix3__Intercontinental__botB.bc24,kyleezz.jeeryfix3,1,B,b12,1,2000,LEVEL_SUM,0,-1,0,0,0,0,0,0,5,0,4650,410,0,6,0,0,3,0,24,0,0,0,ATK@600+HEAL@1200+CAP@1800
gauntlet/20261001-155948-scrim-b12/replays/kyleezz.jeeryfix3__BedWars__botA.bc24,kyleezz.jeeryfix3,1,A,b12,1,2000,LEVEL_SUM,1,628,443,3,0,0,0,0,0,0,4800,10,0,3,220,271,2,0,36,22,44,29,ATK@600+HEAL@1200+CAP@1800
gauntlet/20261001-155948-scrim-b12/replays/kyleezz.jeeryfix3__BedWars__botA.bc24,kyleezz.jeeryfix3,0,B,jeeryfix3,0,2000,LEVEL_SUM,1,278,244,11,0,0,0,0,0,0,4800,1480,0,2,241,149,0,0,24,21,29,44,ATK@600+CAP@1200+HEAL@1800
gauntlet/20261001-155948-scrim-b12/replays/quesswho.cretplayer2_3__Digging__botA.bc24,quesswho.cretplayer2_3,1,A,b12,1,1735,CAPTURE,3,1560,1521,10,0,0,0,0,1,0,2870,290,0,23,1258,1116,2,0,50,198,1581,225,ATK@600+HEAL@1200
gauntlet/20261001-155948-scrim-b12/replays/quesswho.cretplayer2_3__Digging__botA.bc24,quesswho.cretplayer2_3,0,B,cretplayer2_3,0,1735,CAPTURE,1,328,276,9,0,3,1,0,18,0,2560,980,0,9,935,686,0,3,53,190,225,1581,ATK@600+HEAL@1200
gauntlet/20261001-155948-scrim-b12/replays/quesswho.cretplayer2_3__BigDucksBigPond__botA.bc24,quesswho.cretplayer2_3,1,A,b12,1,1527,CAPTURE,3,585,294,26,0,0,0,0,1,0,4170,360,0,3,520,523,2,0,50,229,837,275,ATK@600+HEAL@1200
gauntlet/20261001-155948-scrim-b12/replays/quesswho.cretplayer2_3__BigDucksBigPond__botA.bc24,quesswho.cretplayer2_3,0,B,cretplayer2_3,0,1527,CAPTURE,1,417,255,38,0,3,39,0,41,0,3470,7900,0,2,367,334,0,3,83,214,275,837,ATK@600+HEAL@1200
gauntlet/20261001-155948-scrim-b12/replays/winkelmantanner.waffle__Funnel__botB.bc24,winkelmantanner.waffle,0,A,waffle,0,2000,LEVEL_SUM,2,389,239,32,0,0,0,0,15,33,850,1140,0,4,809,665,0,0,82,222,289,992,ATK@600+HEAL@1200+CAP@1800
gauntlet/20261001-155948-scrim-b12/replays/winkelmantanner.waffle__Funnel__botB.bc24,winkelmantanner.waffle,1,B,b12,1,2000,LEVEL_SUM,2,695,587,9,0,0,0,0,1,0,4570,270,0,0,874,995,5,0,61,360,992,289,ATK@600+HEAL@1200+CAP@1800
gauntlet/20261001-155948-scrim-b12/replays/winkelmantanner.waffle__Soccer__botB.bc24,winkelmantanner.waffle,0,A,waffle,0,1493,CAPTURE,2,392,342,44,0,0,0,0,13,17,3310,580,0,5,985,1006,0,0,70,211,336,1000,ATK@600+HEAL@1200
gauntlet/20261001-155948-scrim-b12/replays/winkelmantanner.waffle__Soccer__botB.bc24,winkelmantanner.waffle,1,B,b12,1,1493,CAPTURE,3,430,333,10,0,0,0,0,1,0,5370,270,0,9,1325,1405,1,0,75,273,1000,336,ATK@600+HEAL@1200
gauntlet/20261001-161311-scrim-b12/losses/ColtG5.Goob_final__BigDucksBigPond__botB.bc24,ColtG5.Goob_final,0,A,Goob_final,1,2000,MORE_FLAG_CAPTURES,1,292,227,5,0,0,0,0,112,0,4140,3460,0,9,1049,750,12,0,84,338,460,1087,ATK@600+HEAL@1200+CAP@1800
gauntlet/20261001-161311-scrim-b12/losses/ColtG5.Goob_final__BigDucksBigPond__botB.bc24,ColtG5.Goob_final,1,B,b12,0,2000,MORE_FLAG_CAPTURES,0,-1,234,1,0,0,0,0,0,0,4200,250,0,0,1083,1165,3,0,60,210,1087,460,ATK@600+HEAL@1200+CAP@1800
gauntlet/20261001-161311-scrim-b12/losses/ColtG5.Goob_final__Snake__botA.bc24,ColtG5.Goob_final,1,A,b12,0,2000,MORE_FLAG_CAPTURES,0,-1,0,0,0,0,0,0,0,0,15400,222,0,8,1127,1140,17,0,195,358,966,553,ATK@600+HEAL@1200+CAP@1800
gauntlet/20261001-161311-scrim-b12/losses/ColtG5.Goob_final__Snake__botA.bc24,ColtG5.Goob_final,0,B,Goob_final,1,2000,MORE_FLAG_CAPTURES,1,531,351,16,0,0,0,0,163,0,10610,29790,0,12,894,685,12,0,109,480,553,966,ATK@600+HEAL@1200+CAP@1800
gauntlet/20261001-161311-scrim-b12/losses/ColtG5.Goob_final__Tunnels__botA.bc24,ColtG5.Goob_final,1,A,b12,0,2000,MORE_FLAG_CAPTURES,0,-1,0,0,0,0,0,0,4,0,4680,270,0,35,958,1076,0,0,61,190,743,364,ATK@600+HEAL@1200+CAP@1800
gauntlet/20261001-161311-scrim-b12/losses/ColtG5.Goob_final__Tunnels__botA.bc24,ColtG5.Goob_final,0,B,Goob_final,1,2000,MORE_FLAG_CAPTURES,1,504,298,10,0,0,0,0,64,0,2880,720,0,24,796,733,7,0,50,189,364,743,ATK@600+HEAL@1200+CAP@1800
gauntlet/20261001-161311-scrim-b12/losses/CyrilSharma.finalBot__AceOfSpades__botB.bc24,CyrilSharma.finalBot,0,A,finalBot,1,1056,CAPTURE,3,360,233,36,0,0,0,52,6,2,2955,14704,10,4,944,830,0,0,189,452,279,259,ATK@600
gauntlet/20261001-161311-scrim-b12/losses/CyrilSharma.finalBot__AceOfSpades__botB.bc24,CyrilSharma.finalBot,1,B,b12,0,1056,CAPTURE,0,-1,384,12,0,0,0,0,0,0,4200,250,0,0,917,1020,3,0,75,146,259,279,ATK@600
gauntlet/20261001-161311-scrim-b12/losses/CyrilSharma.finalBot__BedWars__botB.bc24,CyrilSharma.finalBot,0,A,finalBot,1,2000,MORE_FLAG_CAPTURES,2,572,286,14,0,0,0,52,10,0,3572,19,10,12,549,752,0,0,5,216,284,581,ATK@600+HEAL@1200+CAP@1800
gauntlet/20261001-161311-scrim-b12/losses/CyrilSharma.finalBot__BedWars__botB.bc24,CyrilSharma.finalBot,1,B,b12,0,2000,MORE_FLAG_CAPTURES,0,-1,258,7,0,0,0,0,0,0,4800,150,0,4,652,904,1,0,38,156,581,284,ATK@600+HEAL@1200+CAP@1800
gauntlet/20261001-161311-scrim-b12/losses/CyrilSharma.finalBot__DefaultLarge__botA.bc24,CyrilSharma.finalBot,1,A,b12,0,2000,MORE_FLAG_CAPTURES,0,-1,319,9,0,0,0,0,0,0,4200,230,0,3,896,1043,2,0,69,233,537,527,ATK@600+HEAL@1200+CAP@1800
gauntlet/20261001-161311-scrim-b12/losses/CyrilSharma.finalBot__DefaultLarge__botA.bc24,CyrilSharma.finalBot,0,B,finalBot,1,2000,MORE_FLAG_CAPTURES,2,478,300,20,0,0,0,60,9,0,2874,2704,12,8,868,905,0,0,134,528,527,537,ATK@600+HEAL@1200+CAP@1800
gauntlet/20261001-161311-scrim-b12/losses/CyrilSharma.finalBot__Fusbol__botA.bc24,CyrilSharma.finalBot,1,A,b12,0,2000,MORE_FLAG_CAPTURES,0,-1,0,0,0,0,0,0,0,0,2400,1100,0,27,473,476,3,0,26,169,480,529,ATK@600+HEAL@1200+CAP@1800
gauntlet/20261001-161311-scrim-b12/losses/CyrilSharma.finalBot__Fusbol__botA.bc24,CyrilSharma.finalBot,0,B,finalBot,1,2000,MORE_FLAG_CAPTURES,1,596,434,6,0,0,0,31,34,0,2594,16884,5,5,476,651,0,0,9,669,529,480,ATK@600+HEAL@1200+CAP@1800
gauntlet/20261001-161311-scrim-b12/losses/CyrilSharma.finalBot__QuestionableChess__botB.bc24,CyrilSharma.finalBot,0,A,finalBot,1,2000,MORE_FLAG_CAPTURES,1,760,246,5,0,0,0,36,38,0,609,10,6,3,646,916,0,0,23,412,488,484,ATK@600+HEAL@1200+CAP@1800
gauntlet/20261001-161311-scrim-b12/losses/CyrilSharma.finalBot__QuestionableChess__botB.bc24,CyrilSharma.finalBot,1,B,b12,0,2000,MORE_FLAG_CAPTURES,0,-1,0,0,0,0,0,0,4,0,2280,190,0,15,725,960,2,0,24,163,484,488,ATK@600+HEAL@1200+CAP@1800
gauntlet/20261001-161311-scrim-b12/losses/Gymhgy.v10official__DefaultMedium__botB.bc24,Gymhgy.v10official,0,A,v10official,1,674,CAPTURE,3,464,261,92,66,3,10,82,51,1,2317,78,16,0,870,1479,6,1,37,73,73,110,ATK@600
gauntlet/20261001-161311-scrim-b12/losses/Gymhgy.v10official__DefaultMedium__botB.bc24,Gymhgy.v10official,1,B,b12,0,674,CAPTURE,2,543,473,2,0,0,0,0,4,0,5180,230,0,1,1100,1520,4,0,57,84,110,73,ATK@600
gauntlet/20261001-161311-scrim-b12/losses/CyrilSharma.finalBot__YearOfTheDragon__botA.bc24,CyrilSharma.finalBot,1,A,b12,0,2000,MORE_FLAG_CAPTURES,0,-1,0,0,0,0,0,0,0,0,13200,250,0,9,909,1206,21,0,116,299,591,648,ATK@600+HEAL@1200+CAP@1800
gauntlet/20261001-161311-scrim-b12/losses/CyrilSharma.finalBot__YearOfTheDragon__botA.bc24,CyrilSharma.finalBot,0,B,finalBot,1,2000,MORE_FLAG_CAPTURES,2,353,311,27,0,0,0,60,4,3,11808,9848,12,6,829,978,0,0,133,747,648,591,ATK@600+HEAL@1200+CAP@1800
gauntlet/20261001-161311-scrim-b12/losses/Gymhgy.v10official__Starfish__botA.bc24,Gymhgy.v10official,1,A,b12,0,556,CAPTURE,0,-1,0,0,0,0,0,0,7,0,6290,260,0,41,770,767,0,0,71,76,107,34,
gauntlet/20261001-161311-scrim-b12/losses/Gymhgy.v10official__Starfish__botA.bc24,Gymhgy.v10official,0,B,v10official,1,556,CAPTURE,3,345,324,30,13,3,15,19,188,2,320,13,3,6,492,834,0,2,1,8,34,107,
gauntlet/20261001-161311-scrim-b12/losses/Gymhgy.v10official__Diagonal__botA.bc24,Gymhgy.v10official,1,A,b12,0,2000,LEVEL_SUM,0,-1,249,15,0,0,0,0,2,0,6240,240,0,14,593,696,6,0,65,228,219,137,ATK@600+HEAL@1200+CAP@1800
gauntlet/20261001-161311-scrim-b12/losses/Gymhgy.v10official__Diagonal__botA.bc24,Gymhgy.v10official,0,B,v10official,1,2000,LEVEL_SUM,0,-1,226,11,2,3,11,87,17,2,5377,2687,17,11,481,808,30,2,56,162,137,219,ATK@600+HEAL@1200+CAP@1800
gauntlet/20261001-161311-scrim-b12/losses/IvanGeffner.kuma__Alien__botA.bc24,IvanGeffner.kuma,1,A,b12,0,365,CAPTURE,0,-1,0,0,0,0,0,0,0,0,5700,230,0,8,913,1278,0,0,70,62,25,48,
gauntlet/20261001-161311-scrim-b12/losses/IvanGeffner.kuma__Alien__botA.bc24,IvanGeffner.kuma,0,B,kuma,1,365,CAPTURE,3,291,252,21,13,0,0,90,19,0,3705,1945,18,6,1000,1165,8,0,79,55,48,25,
gauntlet/20261001-161311-scrim-b12/losses/Gymhgy.v10official__Starfish__botB.bc24,Gymhgy.v10official,0,A,v10official,1,683,CAPTURE,3,406,390,58,34,3,14,22,184,2,392,21,3,12,669,1033,0,2,5,37,128,160,ATK@600
gauntlet/20261001-161311-scrim-b12/losses/Gymhgy.v10official__Starfish__botB.bc24,Gymhgy.v10official,1,B,b12,0,683,CAPTURE,1,398,387,1,0,0,0,0,8,0,6260,320,0,41,915,993,0,0,69,94,160,128,ATK@600
gauntlet/20261001-161311-scrim-b12/losses/Gymhgy.v10official__GravitationalWaves__botA.bc24,Gymhgy.v10official,1,A,b12,0,2000,MORE_FLAG_CAPTURES,0,-1,0,0,0,0,0,0,4,0,5380,290,0,15,1071,1476,0,0,67,154,302,150,ATK@600+HEAL@1200+CAP@1800
gauntlet/20261001-161311-scrim-b12/losses/Gymhgy.v10official__GravitationalWaves__botA.bc24,Gymhgy.v10official,0,B,v10official,1,2000,MORE_FLAG_CAPTURES,1,1356,743,35,15,3,11,86,62,2,2663,37,16,2,816,1878,7,2,38,165,150,302,ATK@600+HEAL@1200+CAP@1800
gauntlet/20261001-161311-scrim-b12/losses/Gymhgy.v10official__HeMustBeFreed__botB.bc24,Gymhgy.v10official,0,A,v10official,1,2000,LEVEL_SUM,2,527,421,38,28,3,7,40,91,3,4538,7684,6,0,612,1177,0,3,41,214,455,273,ATK@600+HEAL@1200+CAP@1800
gauntlet/20261001-161311-scrim-b12/losses/Gymhgy.v10official__HeMustBeFreed__botB.bc24,Gymhgy.v10official,1,B,b12,0,2000,LEVEL_SUM,2,564,448,9,0,0,0,0,1,0,3770,280,0,5,741,1003,2,0,39,193,273,455,ATK@600+HEAL@1200+CAP@1800
gauntlet/20261001-161311-scrim-b12/losses/IvanGeffner.kuma__Capacitance__botA.bc24,IvanGeffner.kuma,1,A,b12,0,1184,CAPTURE,0,-1,0,0,0,0,0,0,0,0,6000,280,0,18,847,1161,0,0,76,152,270,326,ATK@600
gauntlet/20261001-161311-scrim-b12/losses/IvanGeffner.kuma__Capacitance__botA.bc24,IvanGeffner.kuma,0,B,kuma,1,1184,CAPTURE,3,555,238,89,57,0,0,90,14,0,4125,2605,18,13,940,1039,3,0,108,286,326,270,ATK@600
gauntlet/20261001-161311-scrim-b12/losses/IvanGeffner.kuma__Diagonal__botB.bc24,IvanGeffner.kuma,0,A,kuma,1,2000,LEVEL_SUM,0,-1,0,0,0,0,0,86,34,17,3403,2413,17,3,743,1026,6,0,69,306,273,180,ATK@600+HEAL@1200+CAP@1800
gauntlet/20261001-161311-scrim-b12/losses/IvanGeffner.kuma__Diagonal__botB.bc24,IvanGeffner.kuma,1,B,b12,0,2000,LEVEL_SUM,0,-1,0,0,0,0,0,0,2,0,7040,290,0,12,651,949,6,0,75,185,180,273,ATK@600+HEAL@1200+CAP@1800
gauntlet/20261001-161311-scrim-b12/losses/IvanGeffner.kuma__BigDucksBigPond__botA.bc24,IvanGeffner.kuma,1,A,b12,0,2000,LEVEL_SUM,2,636,531,2,0,0,0,0,1,0,4170,270,0,0,971,1455,3,0,48,197,417,898,ATK@600+HEAL@1200+CAP@1800
gauntlet/20261001-161311-scrim-b12/losses/IvanGeffner.kuma__BigDucksBigPond__botA.bc24,IvanGeffner.kuma,0,B,kuma,1,2000,LEVEL_SUM,2,305,233,73,45,0,0,90,108,2,2735,2335,18,6,1098,1281,9,0,136,782,898,417,ATK@600+HEAL@1200+CAP@1800
gauntlet/20261001-161311-scrim-b12/losses/IvanGeffner.kuma__Randy__botB.bc24,IvanGeffner.kuma,0,A,kuma,1,1883,CAPTURE,3,258,238,45,24,0,0,90,13,10,3050,1890,18,8,1113,1277,11,0,137,432,468,332,ATK@600+HEAL@1200+CAP@1800
gauntlet/20261001-161311-scrim-b12/losses/IvanGeffner.kuma__Randy__botB.bc24,IvanGeffner.kuma,1,B,b12,0,1883,CAPTURE,0,-1,262,4,0,0,0,0,1,0,5770,140,0,1,997,1328,0,0,67,191,332,468,ATK@600+HEAL@1200+CAP@1800
gauntlet/20261001-161311-scrim-b12/losses/IvanGeffner.kuma__StackGame__botB.bc24,IvanGeffner.kuma,0,A,kuma,1,1502,CAPTURE,3,407,365,25,11,0,0,90,43,2,4070,2710,18,4,1141,1660,3,0,85,508,789,342,ATK@600+HEAL@1200
gauntlet/20261001-161311-scrim-b12/losses/IvanGeffner.kuma__StackGame__botB.bc24,IvanGeffner.kuma,1,B,b12,0,1502,CAPTURE,0,-1,0,0,0,0,0,0,2,0,5540,210,0,22,1100,1583,0,0,77,184,342,789,ATK@600+HEAL@1200
gauntlet/20261001-161311-scrim-b12/losses/NotLLeon.v3__Decision__botB.bc24,NotLLeon.v3,0,A,v3,1,1673,CAPTURE,3,649,352,40,3,0,0,0,50,0,2700,1370,0,3,727,1083,0,0,47,210,292,318,ATK@600+HEAL@1200
gauntlet/20261001-161311-scrim-b12/losses/NotLLeon.v3__Decision__botB.bc24,NotLLeon.v3,1,B,b12,0,1673,CAPTURE,2,538,392,9,0,0,0,0,2,0,3340,220,0,5,713,1300,3,0,40,131,318,292,ATK@600+HEAL@1200
gauntlet/20261001-161311-scrim-b12/losses/NotLLeon.v3__Duck__botB.bc24,NotLLeon.v3,0,A,v3,1,510,CAPTURE,3,409,276,14,3,0,0,0,6,0,5120,150,0,4,772,857,0,0,69,73,49,100,
gauntlet/20261001-161311-scrim-b12/losses/NotLLeon.v3__Duck__botB.bc24,NotLLeon.v3,1,B,b12,0,510,CAPTURE,0,-1,239,10,0,0,0,0,0,0,5300,290,0,2,924,1141,1,0,76,71,100,49,
gauntlet/20261001-161311-scrim-b12/losses/NotLLeon.v3__Foxes__botB.bc24,NotLLeon.v3,0,A,v3,1,1162,CAPTURE,3,394,320,45,19,0,0,0,9,0,9630,4460,0,1,868,907,0,0,121,242,278,283,ATK@600
gauntlet/20261001-161311-scrim-b12/losses/NotLLeon.v3__Foxes__botB.bc24,NotLLeon.v3,1,B,b12,0,1162,CAPTURE,0,-1,280,15,0,0,0,0,0,0,9900,240,0,11,875,1089,12,0,98,167,283,278,ATK@600
gauntlet/20261001-161311-scrim-b12/losses/NotLLeon.v3__Rainbow__botA.bc24,NotLLeon.v3,1,A,b12,0,1191,CAPTURE,2,287,219,14,0,0,0,0,2,0,8340,280,0,2,631,931,3,0,86,157,302,281,ATK@600
gauntlet/20261001-161311-scrim-b12/losses/NotLLeon.v3__Rainbow__botA.bc24,NotLLeon.v3,0,B,v3,1,1191,CAPTURE,3,314,251,64,18,0,0,0,13,0,8010,5980,0,5,808,907,0,0,101,225,281,302,ATK@600
gauntlet/20261001-161311-scrim-b12/losses/NotLLeon.v3__Hurricane__botB.bc24,NotLLeon.v3,0,A,v3,1,2000,MORE_FLAG_CAPTURES,1,1759,227,77,1,0,0,0,60,0,5100,1410,0,11,596,754,0,0,68,219,229,280,ATK@600+HEAL@1200+CAP@1800
gauntlet/20261001-161311-scrim-b12/losses/NotLLeon.v3__Hurricane__botB.bc24,NotLLeon.v3,1,B,b12,0,2000,MORE_FLAG_CAPTURES,0,-1,257,30,0,0,0,0,1,0,6870,200,0,10,551,770,8,0,61,194,280,229,ATK@600+HEAL@1200+CAP@1800
gauntlet/20261001-161311-scrim-b12/losses/SampleProvider.TSPAARKSPRINT1__EndAround__botB.bc24,SampleProvider.TSPAARKSPRINT1,0,A,TSPAARKSPRINT1,1,2000,MORE_FLAG_CAPTURES,2,1829,376,44,0,3,61,0,131,5,470,250,0,13,333,756,7,24,4,123,153,649,ATK@600+CAP@1200+HEAL@1800
gauntlet/20261001-161311-scrim-b12/losses/SampleProvider.TSPAARKSPRINT1__EndAround__botB.bc24,SampleProvider.TSPAARKSPRINT1,1,B,b12,0,2000,MORE_FLAG_CAPTURES,1,528,303,14,0,0,0,0,1,0,3970,280,0,3,657,522,2,0,56,235,649,153,ATK@600+HEAL@1200+CAP@1800
gauntlet/20261001-161311-scrim-b12/losses/SampleProvider.TSPAARKSPRINT1__EndAround__botA.bc24,SampleProvider.TSPAARKSPRINT1,1,A,b12,0,2000,MORE_FLAG_CAPTURES,0,-1,548,26,0,0,0,0,3,0,3810,230,0,4,592,688,0,0,58,241,561,209,ATK@600+HEAL@1200+CAP@1800
gauntlet/20261001-161311-scrim-b12/losses/SampleProvider.TSPAARKSPRINT1__EndAround__botA.bc24,SampleProvider.TSPAARKSPRINT1,0,B,TSPAARKSPRINT1,1,2000,MORE_FLAG_CAPTURES,2,1257,431,75,0,3,52,0,134,3,580,30,0,6,304,905,9,27,10,126,209,561,ATK@600+CAP@1200+HEAL@1800
gauntlet/20261001-161311-scrim-b12/losses/SampleProvider.TSPAARKSPRINT1__English__botA.bc24,SampleProvider.TSPAARKSPRINT1,1,A,b12,0,1218,CAPTURE,1,1128,396,30,0,0,0,0,1,0,9170,260,0,0,1123,908,6,0,102,194,232,102,ATK@600+HEAL@1200
gauntlet/20261001-161311-scrim-b12/losses/SampleProvider.TSPAARKSPRINT1__English__botA.bc24,SampleProvider.TSPAARKSPRINT1,0,B,TSPAARKSPRINT1,1,1218,CAPTURE,3,463,255,34,0,3,71,0,320,7,3000,20,0,11,530,1179,1,27,3,37,102,232,ATK@600+CAP@1200
gauntlet/20261001-161311-scrim-b12/losses/SampleProvider.TSPAARKSPRINT1__KingQuacksCastle__botB.bc24,SampleProvider.TSPAARKSPRINT1,0,A,TSPAARKSPRINT1,1,1269,CAPTURE,3,1018,280,80,0,3,14,0,40,4,2400,20,0,9,653,1503,7,26,5,66,138,498,ATK@600+CAP@1200
gauntlet/20261001-161311-scrim-b12/losses/SampleProvider.TSPAARKSPRINT1__KingQuacksCastle__botB.bc24,SampleProvider.TSPAARKSPRINT1,1,B,b12,0,1269,CAPTURE,2,339,230,12,0,0,0,0,3,0,3610,240,0,2,1250,1014,2,0,69,191,498,138,ATK@600+HEAL@1200
gauntlet/20261001-161311-scrim-b12/losses/SampleProvider.TSPAARKSPRINT1__Swoop__botA.bc24,SampleProvider.TSPAARKSPRINT1,1,A,b12,0,1141,CAPTURE,1,758,268,16,0,0,0,0,2,0,6640,210,0,19,1141,1208,1,0,74,171,276,123,ATK@600
gauntlet/20261001-161311-scrim-b12/losses/SampleProvider.TSPAARKSPRINT1__Swoop__botA.bc24,SampleProvider.TSPAARKSPRINT1,0,B,TSPAARKSPRINT1,1,1141,CAPTURE,3,632,231,77,0,3,39,0,78,2,4160,20,0,10,642,1589,8,22,6,60,123,276,ATK@600
gauntlet/20261001-161311-scrim-b12/losses/Strequals.duck0127v5__Canals__botA.bc24,Strequals.duck0127v5,1,A,b12,0,649,CAPTURE,0,-1,0,0,0,0,0,0,0,0,7000,250,0,30,790,1276,4,0,75,94,38,143,ATK@600
gauntlet/20261001-161311-scrim-b12/losses/Strequals.duck0127v5__Canals__botA.bc24,Strequals.duck0127v5,0,B,duck0127v5,1,649,CAPTURE,3,471,406,13,0,0,0,90,41,5,4264,3159,18,3,1053,1336,0,2,125,181,143,38,ATK@600
gauntlet/20261001-161311-scrim-b12/losses/Strequals.duck0127v5__Divergent__botA.bc24,Strequals.duck0127v5,1,A,b12,0,2000,LEVEL_SUM,0,-1,449,7,0,0,0,0,1,0,5770,210,0,15,640,1289,2,0,69,219,256,388,ATK@600+HEAL@1200+CAP@1800
gauntlet/20261001-161311-scrim-b12/losses/Strequals.duck0127v5__Divergent__botA.bc24,Strequals.duck0127v5,0,B,duck0127v5,1,2000,LEVEL_SUM,0,-1,529,34,0,0,0,90,23,2,4023,3128,18,5,820,1050,0,2,64,372,388,256,ATK@600+HEAL@1200+CAP@1800
gauntlet/20261001-161311-scrim-b12/losses/Strequals.duck0127v5__Soccer__botA.bc24,Strequals.duck0127v5,1,A,b12,0,756,CAPTURE,1,416,334,9,0,0,0,0,0,0,5400,270,0,4,906,1425,3,0,63,93,80,170,ATK@600
gauntlet/20261001-161311-scrim-b12/losses/Strequals.duck0127v5__Soccer__botA.bc24,Strequals.duck0127v5,0,B,duck0127v5,1,756,CAPTURE,3,418,348,9,0,0,0,90,45,1,2657,2101,18,4,1054,1323,0,2,85,181,170,80,ATK@600
gauntlet/20261001-161311-scrim-b12/losses/andli28.v9_USQuals_angle__AceOfSpades__botB.bc24,andli28.v9_USQuals_angle,0,A,v9_USQuals_angle,1,534,CAPTURE,3,423,234,13,0,0,0,90,12,11,1835,17965,18,4,1109,1368,19,2,118,124,114,44,
gauntlet/20261001-161311-scrim-b12/losses/andli28.v9_USQuals_angle__AceOfSpades__botB.bc24,andli28.v9_USQuals_angle,1,B,b12,0,534,CAPTURE,0,-1,0,0,0,0,0,0,0,0,4200,230,0,4,992,1477,2,0,62,73,44,114,
gauntlet/20261001-161311-scrim-b12/losses/Strequals.duck0127v5__Foxes__botB.bc24,Strequals.duck0127v5,0,A,duck0127v5,1,2000,MORE_FLAG_CAPTURES,2,427,341,11,0,0,0,90,17,16,7330,6815,18,7,997,1475,0,1,78,328,380,174,ATK@600+HEAL@1200+CAP@1800
gauntlet/20261001-161311-scrim-b12/losses/Strequals.duck0127v5__Foxes__botB.bc24,Strequals.duck0127v5,1,B,b12,0,2000,MORE_FLAG_CAPTURES,0,-1,365,16,0,0,0,0,2,0,9840,260,0,3,926,1584,12,0,92,240,174,380,ATK@600+HEAL@1200+CAP@1800
gauntlet/20261001-161311-scrim-b12/losses/Strequals.duck0127v5__Skyline__botB.bc24,Strequals.duck0127v5,0,A,duck0127v5,1,2000,MORE_FLAG_CAPTURES,2,475,416,6,0,0,0,90,76,10,20047,31662,18,14,1078,1327,0,2,114,331,642,392,ATK@600+HEAL@1200+CAP@1800
gauntlet/20261001-161311-scrim-b12/losses/Strequals.duck0127v5__Skyline__botB.bc24,Strequals.duck0127v5,1,B,b12,0,2000,MORE_FLAG_CAPTURES,0,-1,229,15,0,0,0,0,1,0,10470,260,0,14,878,1407,7,0,104,262,392,642,ATK@600+HEAL@1200+CAP@1800
gauntlet/20261001-161311-scrim-b12/losses/andli28.v9_USQuals_angle__QuestionableChess__botA.bc24,andli28.v9_USQuals_angle,1,A,b12,0,656,CAPTURE,0,-1,465,8,0,0,0,0,4,0,2280,100,0,11,728,998,1,0,15,25,74,138,ATK@600
gauntlet/20261001-161311-scrim-b12/losses/andli28.v9_USQuals_angle__QuestionableChess__botA.bc24,andli28.v9_USQuals_angle,0,B,v9_USQuals_angle,1,656,CAPTURE,3,389,309,17,0,0,0,56,29,7,13,37,11,18,797,900,0,4,9,57,138,74,ATK@600
gauntlet/20261001-161311-scrim-b12/losses/andli28.v9_USQuals_angle__Funnel__botB.bc24,andli28.v9_USQuals_angle,0,A,v9_USQuals_angle,1,2000,MORE_FLAG_CAPTURES,2,684,493,18,0,0,0,90,8,7,2585,2915,18,3,1055,1365,6,2,110,541,588,254,ATK@600+HEAL@1200+CAP@1800
gauntlet/20261001-161311-scrim-b12/losses/andli28.v9_USQuals_angle__Funnel__botB.bc24,andli28.v9_USQuals_angle,1,B,b12,0,2000,MORE_FLAG_CAPTURES,0,-1,537,7,0,0,0,0,0,0,4600,230,0,3,929,1612,5,0,67,190,254,588,ATK@600+HEAL@1200+CAP@1800
gauntlet/20261001-161311-scrim-b12/losses/andli28.v9_USQuals_angle__Gated__botA.bc24,andli28.v9_USQuals_angle,1,A,b12,0,2000,MORE_FLAG_CAPTURES,1,1620,446,7,0,0,0,0,0,0,3900,260,0,21,895,1210,3,0,49,210,470,700,ATK@600+HEAL@1200+CAP@1800
gauntlet/20261001-161311-scrim-b12/losses/andli28.v9_USQuals_angle__Gated__botA.bc24,andli28.v9_USQuals_angle,0,B,v9_USQuals_angle,1,2000,MORE_FLAG_CAPTURES,2,814,256,60,0,0,0,90,18,4,1705,1950,18,3,856,1048,0,2,78,549,700,470,ATK@600+HEAL@1200+CAP@1800
gauntlet/20261001-161311-scrim-b12/losses/andli28.v9_USQuals_angle__Occulus__botA.bc24,andli28.v9_USQuals_angle,1,A,b12,0,2000,MORE_FLAG_CAPTURES,0,-1,231,1,0,0,0,0,2,0,4140,220,0,15,858,1377,2,0,52,211,445,698,ATK@600+HEAL@1200+CAP@1800
gauntlet/20261001-161311-scrim-b12/losses/andli28.v9_USQuals_angle__Occulus__botA.bc24,andli28.v9_USQuals_angle,0,B,v9_USQuals_angle,1,2000,MORE_FLAG_CAPTURES,2,578,501,20,0,0,0,77,10,9,2071,6053,16,12,968,1258,5,4,48,514,698,445,ATK@600+HEAL@1200+CAP@1800
gauntlet/20261001-161311-scrim-b12/losses/andli28.v9_USQuals_angle__SteamboatMickey__botB.bc24,andli28.v9_USQuals_angle,0,A,v9_USQuals_angle,1,2000,MORE_FLAG_CAPTURES,2,542,279,26,0,0,0,90,3,6,7855,15725,18,4,719,961,19,3,101,500,568,274,ATK@600+HEAL@1200+CAP@1800
gauntlet/20261001-161311-scrim-b12/losses/andli28.v9_USQuals_angle__SteamboatMickey__botB.bc24,andli28.v9_USQuals_angle,1,B,b12,0,2000,MORE_FLAG_CAPTURES,1,267,217,9,0,0,0,0,0,0,9700,260,0,0,885,1191,0,0,132,281,274,568,ATK@600+HEAL@1200+CAP@1800
gauntlet/20261001-161311-scrim-b12/losses/andrewgopher.player22__Divergent__botB.bc24,andrewgopher.player22,0,A,player22,1,2000,LEVEL_SUM,0,-1,0,3,0,3,0,0,60,0,4300,1670,0,1,775,696,8,0,48,351,733,527,ATK@600+HEAL@1200+CAP@1800
gauntlet/20261001-161311-scrim-b12/losses/andrewgopher.player22__Divergent__botB.bc24,andrewgopher.player22,1,B,b12,0,2000,LEVEL_SUM,0,-1,299,5,0,0,0,0,0,0,5800,280,0,19,707,1103,2,0,72,220,527,733,ATK@600+HEAL@1200+CAP@1800
gauntlet/20261001-161311-scrim-b12/losses/andrewgopher.player22__WheresMyWater__botA.bc24,andrewgopher.player22,1,A,b12,0,465,CAPTURE,0,-1,440,1,0,0,0,0,2,0,5340,220,0,19,1082,1549,0,0,80,83,129,89,
gauntlet/20261001-161311-scrim-b12/losses/andrewgopher.player22__WheresMyWater__botA.bc24,andrewgopher.player22,0,B,player22,1,465,CAPTURE,3,261,245,7,0,3,0,0,83,0,2910,20,0,1,1271,734,8,0,62,62,89,129,
gauntlet/20261001-161311-scrim-b12/losses/andrewgopher.player22__StackGame__botA.bc24,andrewgopher.player22,1,A,b12,0,397,CAPTURE,0,-1,273,1,0,0,0,0,0,0,5600,210,0,24,967,1420,1,0,74,70,85,61,
gauntlet/20261001-161311-scrim-b12/losses/andrewgopher.player22__StackGame__botA.bc24,andrewgopher.player22,0,B,player22,1,397,CAPTURE,3,335,300,10,1,3,0,0,49,0,5530,4380,0,2,1060,713,15,0,61,69,61,85,
gauntlet/20261001-161311-scrim-b12/losses/andrewgopher.player22__Yinyang__botB.bc24,andrewgopher.player22,0,A,player22,1,726,CAPTURE,3,256,236,17,0,3,0,0,0,0,5300,170,0,2,1235,777,0,0,71,155,384,210,ATK@600
gauntlet/20261001-161311-scrim-b12/losses/andrewgopher.player22__Yinyang__botB.bc24,andrewgopher.player22,1,B,b12,0,726,CAPTURE,1,411,386,4,0,0,0,0,0,0,5300,70,0,36,1031,1555,0,0,64,98,210,384,ATK@600
gauntlet/20261001-161311-scrim-b12/losses/andrewgopher.player22__Fountain__botA.bc24,andrewgopher.player22,1,A,b12,0,2000,MORE_FLAG_CAPTURES,1,394,356,5,0,0,0,0,4,0,3980,240,0,29,824,1025,1,0,57,210,710,390,ATK@600+HEAL@1200+CAP@1800
gauntlet/20261001-161311-scrim-b12/losses/andrewgopher.player22__Fountain__botA.bc24,andrewgopher.player22,0,B,player22,1,2000,MORE_FLAG_CAPTURES,2,385,324,7,0,3,0,0,65,0,2150,660,0,1,789,621,2,0,17,167,390,710,ATK@600+HEAL@1200+CAP@1800
gauntlet/20261001-161311-scrim-b12/losses/andrewgopher.player22__Snake__botA.bc24,andrewgopher.player22,1,A,b12,0,1748,CAPTURE,0,-1,337,8,0,0,0,0,3,0,15410,284,0,14,865,1074,15,0,186,346,635,877,ATK@600+HEAL@1200
gauntlet/20261001-161311-scrim-b12/losses/andrewgopher.player22__Snake__botA.bc24,andrewgopher.player22,0,B,player22,1,1748,CAPTURE,3,689,365,33,11,3,0,0,134,0,11480,34870,0,3,667,497,48,0,19,642,877,635,ATK@600+HEAL@1200
gauntlet/20261001-161311-scrim-b12/losses/chenyx512.flagbot_final__Alligator__botA.bc24,chenyx512.flagbot_final,1,A,b12,0,1017,CAPTURE,0,-1,851,1,0,0,0,0,0,0,5700,230,0,14,1045,1459,0,0,72,132,135,454,ATK@600
gauntlet/20261001-161311-scrim-b12/losses/chenyx512.flagbot_final__Alligator__botA.bc24,chenyx512.flagbot_final,0,B,flagbot_final,1,1017,CAPTURE,3,434,391,26,0,3,40,78,125,2,695,5052,15,3,1007,1640,0,0,101,278,454,135,ATK@600
gauntlet/20261001-161311-scrim-b12/losses/awu7.ExplosiveBot__Capacitance__botB.bc24,awu7.ExplosiveBot,0,A,ExplosiveBot,1,2000,MORE_FLAG_CAPTURES,2,483,418,14,10,0,0,0,28,1,4960,5190,0,22,522,522,41,0,9,146,203,1280,ATK@600+HEAL@1200
gauntlet/20261001-161311-scrim-b12/losses/awu7.ExplosiveBot__Capacitance__botB.bc24,awu7.ExplosiveBot,1,B,b12,0,2000,MORE_FLAG_CAPTURES,1,550,530,18,0,0,0,0,0,0,6000,240,0,19,825,986,0,0,79,396,1280,203,ATK@600+HEAL@1200+CAP@1800
gauntlet/20261001-161311-scrim-b12/losses/chenyx512.flagbot_final__Bunkers__botA.bc24,chenyx512.flagbot_final,1,A,b12,0,784,CAPTURE,0,-1,350,3,0,0,0,0,1,0,5170,220,0,15,1048,1759,5,0,57,86,41,291,ATK@600
gauntlet/20261001-161311-scrim-b12/losses/chenyx512.flagbot_final__Bunkers__botA.bc24,chenyx512.flagbot_final,0,B,flagbot_final,1,784,CAPTURE,3,500,324,12,0,3,54,90,117,3,171,21,18,3,1177,1917,0,0,45,158,291,41,ATK@600
gauntlet/20261001-161311-scrim-b12/losses/chenyx512.flagbot_final__KingQuacksCastle__botB.bc24,chenyx512.flagbot_final,0,A,flagbot_final,1,813,CAPTURE,3,403,357,9,0,3,38,90,88,0,82,5467,18,14,1045,1532,0,0,131,255,286,39,ATK@600
gauntlet/20261001-161311-scrim-b12/losses/chenyx512.flagbot_final__KingQuacksCastle__botB.bc24,chenyx512.flagbot_final,1,B,b12,0,813,CAPTURE,0,-1,230,5,0,0,0,0,1,0,3070,240,0,16,820,1310,2,0,43,84,39,286,ATK@600
gauntlet/20261001-161311-scrim-b12/losses/chenyx512.flagbot_final__Intercontinental__botA.bc24,chenyx512.flagbot_final,1,A,b12,0,883,CAPTURE,1,682,366,13,0,0,0,0,3,0,4710,70,0,4,634,818,2,0,30,66,89,196,ATK@600
gauntlet/20261001-161311-scrim-b12/losses/chenyx512.flagbot_final__Intercontinental__botA.bc24,chenyx512.flagbot_final,0,B,flagbot_final,1,883,CAPTURE,3,629,587,12,0,3,25,90,119,0,48,38,18,3,529,879,0,0,2,82,196,89,ATK@600
gauntlet/20261001-161311-scrim-b12/losses/chenyx512.flagbot_final__CH3353C4K3F4CT0RY__botB.bc24,chenyx512.flagbot_final,0,A,flagbot_final,1,1102,CAPTURE,3,456,313,19,0,3,49,90,110,0,10678,8978,18,4,1082,1548,0,0,214,484,543,141,ATK@600
gauntlet/20261001-161311-scrim-b12/losses/chenyx512.flagbot_final__CH3353C4K3F4CT0RY__botB.bc24,chenyx512.flagbot_final,1,B,b12,0,1102,CAPTURE,1,540,303,5,0,0,0,0,0,0,15400,215,0,19,865,1419,18,0,140,225,141,543,ATK@600
gauntlet/20261001-161311-scrim-b12/losses/chenyx512.flagbot_final__OceanFloor__botB.bc24,chenyx512.flagbot_final,0,A,flagbot_final,1,576,CAPTURE,3,294,246,11,0,3,52,90,78,2,88,38,18,1,954,1496,0,0,34,36,82,25,
gauntlet/20261001-161311-scrim-b12/losses/chenyx512.flagbot_final__OceanFloor__botB.bc24,chenyx512.flagbot_final,1,B,b12,0,576,CAPTURE,0,-1,239,5,0,0,0,0,0,0,3800,220,0,1,808,1227,3,0,47,56,25,82,
gauntlet/20261001-161311-scrim-b12/losses/dmtrung14.defaultplayer_intlqualifier__DefaultHuge__botA.bc24,dmtrung14.defaultplayer_intlqualifier,1,A,b12,0,568,CAPTURE,2,353,243,6,0,0,0,0,0,0,6100,120,0,11,1384,593,5,0,69,65,166,9,
gauntlet/20261001-161311-scrim-b12/losses/dmtrung14.defaultplayer_intlqualifier__DefaultHuge__botA.bc24,dmtrung14.defaultplayer_intlqualifier,0,B,defaultplayer_intlqualifier,1,568,CAPTURE,3,240,214,52,35,3,28,0,9,30,1630,100,0,2,310,796,6,23,30,68,9,166,
gauntlet/20261001-161311-scrim-b12/losses/dmtrung14.defaultplayer_intlqualifier__Foxes__botB.bc24,dmtrung14.defaultplayer_intlqualifier,0,A,defaultplayer_intlqualifier,1,523,CAPTURE,3,336,259,66,57,3,40,0,16,22,6620,5760,0,2,315,836,6,36,31,76,25,115,
gauntlet/20261001-161311-scrim-b12/losses/dmtrung14.defaultplayer_intlqualifier__Foxes__botB.bc24,dmtrung14.defaultplayer_intlqualifier,1,B,b12,0,523,CAPTURE,0,-1,259,6,0,0,0,0,0,0,9900,270,0,1,980,395,13,0,77,71,115,25,
gauntlet/20261001-161311-scrim-b12/losses/dmtrung14.defaultplayer_intlqualifier__Klein__botA.bc24,dmtrung14.defaultplayer_intlqualifier,1,A,b12,0,2000,MORE_FLAG_CAPTURES,0,-1,0,0,0,0,0,0,0,0,3800,280,0,2,559,345,0,0,56,28,366,8,ATK@600+HEAL@1200+CAP@1800
gauntlet/20261001-161311-scrim-b12/losses/dmtrung14.defaultplayer_intlqualifier__Klein__botA.bc24,dmtrung14.defaultplayer_intlqualifier,0,B,defaultplayer_intlqualifier,1,2000,MORE_FLAG_CAPTURES,1,308,290,11,5,3,28,0,216,9,20,1720,0,11,217,523,6,13,1,25,8,366,ATK@600+HEAL@1200+CAP@1800
gauntlet/20261001-161311-scrim-b12/losses/clbarrell.duck8__Diagonal__botB.bc24,clbarrell.duck8,0,A,duck8,1,2000,MORE_FLAG_CAPTURES,1,486,289,16,0,0,0,0,19,50,310,80,3,4,652,451,17,0,70,242,350,871,ATK@750+HEAL@1500
gauntlet/20261001-161311-scrim-b12/losses/clbarrell.duck8__Diagonal__botB.bc24,clbarrell.duck8,1,B,b12,0,2000,MORE_FLAG_CAPTURES,0,-1,278,20,0,0,0,0,1,0,6270,320,0,1,740,731,5,0,71,239,871,350,ATK@600+HEAL@1200+CAP@1800
gauntlet/20261001-161311-scrim-b12/losses/clbarrell.duck8__Whirlpool__botA.bc24,clbarrell.duck8,1,A,b12,0,2000,MORE_FLAG_CAPTURES,0,-1,281,5,0,0,0,0,6,0,4020,250,0,6,981,991,0,0,44,211,950,490,ATK@600+HEAL@1200+CAP@1800
gauntlet/20261001-161311-scrim-b12/losses/clbarrell.duck8__Whirlpool__botA.bc24,clbarrell.duck8,0,B,duck8,1,2000,MORE_FLAG_CAPTURES,1,348,293,28,0,0,0,0,44,33,60,800,3,6,823,797,6,0,84,259,490,950,ATK@750+HEAL@1500
gauntlet/20261001-161311-scrim-b12/losses/dmtrung14.defaultplayer_intlqualifier__StarryNight__botA.bc24,dmtrung14.defaultplayer_intlqualifier,1,A,b12,0,505,CAPTURE,0,-1,302,1,0,0,0,0,0,0,16000,253,0,1,1192,515,0,0,162,110,160,21,
gauntlet/20261001-161311-scrim-b12/losses/dmtrung14.defaultplayer_intlqualifier__StarryNight__botA.bc24,dmtrung14.defaultplayer_intlqualifier,0,B,defaultplayer_intlqualifier,1,505,CAPTURE,3,260,236,43,30,3,17,0,112,20,10340,10670,0,8,358,724,3,25,21,54,21,160,
gauntlet/20261001-161311-scrim-b12/losses/hsmalladi.finalbot__HungerGames__botB.bc24,hsmalladi.finalbot,0,A,finalbot,1,388,CAPTURE,3,323,253,22,6,3,20,8,23,0,2250,11722,1,0,966,827,0,3,214,182,58,31,
gauntlet/20261001-161311-scrim-b12/losses/hsmalladi.finalbot__HungerGames__botB.bc24,hsmalladi.finalbot,1,B,b12,0,388,CAPTURE,0,-1,362,1,0,0,0,0,0,0,3000,210,0,0,713,1010,3,0,62,62,31,58,
gauntlet/20261001-161311-scrim-b12/losses/hsmalladi.finalbot__BreadPudding__botB.bc24,hsmalladi.finalbot,0,A,finalbot,1,2000,MORE_FLAG_CAPTURES,1,826,342,17,3,3,21,56,57,0,2419,147,11,0,853,1061,4,4,37,308,503,671,ATK@600+HEAL@1200+CAP@1800
gauntlet/20261001-161311-scrim-b12/losses/hsmalladi.finalbot__BreadPudding__botB.bc24,hsmalladi.finalbot,1,B,b12,0,2000,MORE_FLAG_CAPTURES,0,-1,287,4,0,0,0,0,3,0,4410,210,0,19,938,1264,3,0,57,215,671,503,ATK@600+HEAL@1200+CAP@1800
gauntlet/20261001-161311-scrim-b12/losses/hsmalladi.finalbot__StackGame__botA.bc24,hsmalladi.finalbot,1,A,b12,0,470,CAPTURE,0,-1,265,1,0,0,0,0,2,0,5540,220,0,2,1089,1345,0,0,73,74,125,71,
gauntlet/20261001-161311-scrim-b12/losses/hsmalladi.finalbot__StackGame__botA.bc24,hsmalladi.finalbot,0,B,finalbot,1,470,CAPTURE,3,300,275,31,3,3,23,60,68,0,4021,811,12,10,988,845,8,3,58,74,71,125,
gauntlet/20261001-161311-scrim-b12/losses/hsmalladi.finalbot__Hurricane__botA.bc24,hsmalladi.finalbot,1,A,b12,0,2000,MORE_FLAG_CAPTURES,0,-1,0,0,0,0,0,0,1,0,6870,260,0,18,654,985,9,0,60,150,364,134,ATK@600+HEAL@1200+CAP@1800
gauntlet/20261001-161311-scrim-b12/losses/hsmalladi.finalbot__Hurricane__botA.bc24,hsmalladi.finalbot,0,B,finalbot,1,2000,MORE_FLAG_CAPTURES,1,393,300,64,4,3,86,60,67,7,3412,162,12,1,686,756,0,2,53,186,134,364,ATK@600+HEAL@1200+CAP@1800
gauntlet/20261001-161311-scrim-b12/losses/hsmalladi.finalbot__Puzzle__botA.bc24,hsmalladi.finalbot,1,A,b12,0,1773,CAPTURE,2,477,316,17,0,0,0,0,0,0,2400,270,0,5,603,907,3,0,97,251,541,363,ATK@600+HEAL@1200
gauntlet/20261001-161311-scrim-b12/losses/hsmalladi.finalbot__Puzzle__botA.bc24,hsmalladi.finalbot,0,B,finalbot,1,1773,CAPTURE,3,398,315,74,11,3,27,0,79,0,30,5890,0,0,617,643,0,3,105,270,363,541,ATK@600+HEAL@1200
gauntlet/20261001-161311-scrim-b12/losses/hsmalladi.finalbot__TwistedTreeline__botA.bc24,hsmalladi.finalbot,1,A,b12,0,2000,MORE_FLAG_CAPTURES,0,-1,344,4,0,0,0,0,8,0,4560,300,0,19,603,987,2,0,50,204,618,227,ATK@600+HEAL@1200+CAP@1800
gauntlet/20261001-161311-scrim-b12/losses/hsmalladi.finalbot__TwistedTreeline__botA.bc24,hsmalladi.finalbot,0,B,finalbot,1,2000,MORE_FLAG_CAPTURES,1,333,257,23,0,3,17,26,72,0,1991,129,4,0,626,700,0,4,27,228,227,618,ATK@600+HEAL@1200+CAP@1800
gauntlet/20261001-161311-scrim-b12/losses/jmerle.camel_case_v21_final__HungerGames__botB.bc24,jmerle.camel_case_v21_final,0,A,camel_case_v21_final,1,359,CAPTURE,3,273,232,3,0,0,0,0,1,0,3070,16100,0,11,1030,508,0,0,216,167,101,26,
gauntlet/20261001-161311-scrim-b12/losses/jmerle.camel_case_v21_final__HungerGames__botB.bc24,jmerle.camel_case_v21_final,1,B,b12,0,359,CAPTURE,0,-1,223,4,0,0,0,0,1,0,3070,300,0,3,465,597,2,0,37,38,26,101,
gauntlet/20261001-161311-scrim-b12/losses/jmerle.camel_case_v21_final__OceanFloor__botB.bc24,jmerle.camel_case_v21_final,0,A,camel_case_v21_final,1,357,CAPTURE,3,303,213,7,0,0,0,0,3,3,3410,2070,0,5,686,341,0,0,42,41,45,46,
gauntlet/20261001-161311-scrim-b12/losses/jmerle.camel_case_v21_final__OceanFloor__botB.bc24,jmerle.camel_case_v21_final,1,B,b12,0,357,CAPTURE,1,269,219,2,0,0,0,0,0,0,3800,210,0,4,535,648,2,0,49,37,46,45,
gauntlet/20261001-161311-scrim-b12/losses/jmerle.camel_case_v21_final__GravitationalWaves__botB.bc24,jmerle.camel_case_v21_final,0,A,camel_case_v21_final,1,2000,MORE_FLAG_CAPTURES,1,821,422,8,0,0,0,0,71,0,3970,2790,0,10,1034,984,0,0,29,127,335,642,ATK@600+HEAL@1200+CAP@1800
gauntlet/20261001-161311-scrim-b12/losses/jmerle.camel_case_v21_final__GravitationalWaves__botB.bc24,jmerle.camel_case_v21_final,1,B,b12,0,2000,MORE_FLAG_CAPTURES,0,-1,556,3,0,0,0,0,5,0,5350,300,0,23,843,1744,0,0,66,138,642,335,ATK@600+HEAL@1200+CAP@1800
gauntlet/20261001-161311-scrim-b12/losses/jmerle.camel_case_v21_final__Starfish__botB.bc24,jmerle.camel_case_v21_final,0,A,camel_case_v21_final,1,507,CAPTURE,3,258,231,10,0,0,0,0,216,0,20,40,0,18,978,510,0,0,6,19,128,164,
gauntlet/20261001-161311-scrim-b12/losses/jmerle.camel_case_v21_final__Starfish__botB.bc24,jmerle.camel_case_v21_final,1,B,b12,0,507,CAPTURE,0,-1,247,2,0,0,0,0,7,0,6290,40,0,38,990,881,0,0,66,71,164,128,
gauntlet/20261001-161311-scrim-b12/losses/jmerle.camel_case_v21_final__Hurricane__botA.bc24,jmerle.camel_case_v21_final,1,A,b12,0,2000,MORE_FLAG_CAPTURES,1,311,216,23,0,0,0,0,0,0,6900,210,0,3,433,708,6,0,66,93,236,133,ATK@600+HEAL@1200+CAP@1800
gauntlet/20261001-161311-scrim-b12/losses/jmerle.camel_case_v21_final__Hurricane__botA.bc24,jmerle.camel_case_v21_final,0,B,camel_case_v21_final,1,2000,MORE_FLAG_CAPTURES,2,364,215,6,0,0,0,0,42,1,5540,4960,0,3,579,266,0,0,48,88,133,236,ATK@600+HEAL@1200+CAP@1800
gauntlet/20261001-161311-scrim-b12/losses/kyleezz.jeeryfix3__CH3353C4K3F4CT0RY__botB.bc24,kyleezz.jeeryfix3,0,A,jeeryfix3,1,2000,MORE_FLAG_CAPTURES,2,350,305,39,0,0,0,0,24,12,13480,11810,0,5,1089,764,0,0,152,439,489,1352,ATK@600+CAP@1200+HEAL@1800
gauntlet/20261001-161311-scrim-b12/losses/kyleezz.jeeryfix3__CH3353C4K3F4CT0RY__botB.bc24,kyleezz.jeeryfix3,1,B,b12,0,2000,MORE_FLAG_CAPTURES,0,-1,717,1,0,0,0,0,0,0,15400,210,0,14,1291,1424,10,0,166,367,1352,489,ATK@600+HEAL@1200+CAP@1800
gauntlet/20261001-161311-scrim-b12/losses/kyleezz.jeeryfix3__Skyline__botA.bc24,kyleezz.jeeryfix3,1,A,b12,0,580,CAPTURE,0,-1,0,0,0,0,0,0,0,0,10500,210,0,19,1176,1319,10,0,107,122,186,119,
gauntlet/20261001-161311-scrim-b12/losses/kyleezz.jeeryfix3__Skyline__botA.bc24,kyleezz.jeeryfix3,0,B,jeeryfix3,1,580,CAPTURE,3,415,278,25,0,0,0,0,171,11,17770,20670,0,2,1129,887,0,0,149,139,119,186,
gauntlet/20261001-161311-scrim-b12/losses/jonters.bling3__Randy__botB.bc24,jonters.bling3,0,A,bling3,1,2000,MORE_FLAG_CAPTURES,2,252,226,6,0,0,0,0,6,9,3820,4250,0,14,619,1466,45,0,3,130,277,668,ATK@600+HEAL@1200+CAP@1800
gauntlet/20261001-161311-scrim-b12/losses/jonters.bling3__Randy__botB.bc24,jonters.bling3,1,B,b12,0,2000,MORE_FLAG_CAPTURES,0,-1,211,16,0,0,0,0,0,0,5800,180,0,12,1049,1230,0,0,74,253,668,277,ATK@600+HEAL@1200+CAP@1800
gauntlet/20261001-161311-scrim-b12/losses/kyleezz.jeeryfix3__Digging__botB.bc24,kyleezz.jeeryfix3,0,A,jeeryfix3,1,2000,MORE_FLAG_CAPTURES,1,294,268,2,0,0,0,0,26,0,2320,2100,0,9,1029,706,0,0,55,228,427,1513,ATK@600+CAP@1200+HEAL@1800
gauntlet/20261001-161311-scrim-b12/losses/kyleezz.jeeryfix3__Digging__botB.bc24,kyleezz.jeeryfix3,1,B,b12,0,2000,MORE_FLAG_CAPTURES,0,-1,0,0,0,0,0,0,2,0,3040,270,0,3,1196,1205,1,0,58,217,1513,427,ATK@600+HEAL@1200+CAP@1800
gauntlet/20261001-161311-scrim-b12/losses/kyleezz.jeeryfix3__Hurricane__botB.bc24,kyleezz.jeeryfix3,0,A,jeeryfix3,1,2000,MORE_FLAG_CAPTURES,2,468,313,6,0,0,0,0,174,5,1180,570,0,5,753,417,0,0,37,106,97,502,ATK@600+CAP@1200+HEAL@1800
gauntlet/20261001-161311-scrim-b12/losses/kyleezz.jeeryfix3__Hurricane__botB.bc24,kyleezz.jeeryfix3,1,B,b12,0,2000,MORE_FLAG_CAPTURES,0,-1,212,12,0,0,0,0,4,0,6780,200,0,8,842,1091,10,0,76,162,502,97,ATK@600+HEAL@1200+CAP@1800
gauntlet/20261001-161311-scrim-b12/losses/quesswho.cretplayer2_3__Battlefield__botB.bc24,quesswho.cretplayer2_3,0,A,cretplayer2_3,1,410,CAPTURE,3,280,222,17,0,3,7,0,31,0,5170,1000,0,8,1255,976,0,4,72,72,97,104,
gauntlet/20261001-161311-scrim-b12/losses/quesswho.cretplayer2_3__Battlefield__botB.bc24,quesswho.cretplayer2_3,1,B,b12,0,410,CAPTURE,1,390,372,1,0,0,0,0,0,0,4700,300,0,0,1248,1073,0,0,67,55,104,97,
gauntlet/20261001-161311-scrim-b12/losses/kyleezz.jeeryfix3__YearOfTheDragon__botB.bc24,kyleezz.jeeryfix3,0,A,jeeryfix3,1,2000,MORE_FLAG_CAPTURES,2,271,224,11,0,0,0,0,28,9,11460,7760,0,3,819,679,0,0,131,349,435,1162,ATK@600+CAP@1200+HEAL@1800
gauntlet/20261001-161311-scrim-b12/losses/kyleezz.jeeryfix3__YearOfTheDragon__botB.bc24,kyleezz.jeeryfix3,1,B,b12,0,2000,MORE_FLAG_CAPTURES,1,273,233,1,0,0,0,0,0,0,13200,245,0,18,918,993,15,0,122,398,1162,435,ATK@600+HEAL@1200+CAP@1800
gauntlet/20261001-161311-scrim-b12/losses/quesswho.cretplayer2_3__KingQuacksCastle__botB.bc24,quesswho.cretplayer2_3,0,A,cretplayer2_3,1,949,CAPTURE,3,393,253,40,0,3,44,0,27,0,3190,1020,0,2,816,740,0,5,99,146,211,445,ATK@600
gauntlet/20261001-161311-scrim-b12/losses/quesswho.cretplayer2_3__KingQuacksCastle__botB.bc24,quesswho.cretplayer2_3,1,B,b12,0,949,CAPTURE,1,290,241,9,0,0,0,0,0,0,2800,200,0,11,989,1139,2,0,45,92,445,211,ATK@600
gauntlet/20261001-161311-scrim-b12/losses/quesswho.cretplayer2_3__Canals__botA.bc24,quesswho.cretplayer2_3,1,A,b12,0,809,CAPTURE,0,-1,254,6,0,0,0,0,0,0,7000,280,0,0,1022,841,2,0,77,116,312,216,ATK@600
gauntlet/20261001-161311-scrim-b12/losses/quesswho.cretplayer2_3__Canals__botA.bc24,quesswho.cretplayer2_3,0,B,cretplayer2_3,1,809,CAPTURE,3,427,242,28,0,3,23,0,0,0,7000,930,0,4,1179,870,0,4,85,137,216,312,ATK@600
gauntlet/20261001-161311-scrim-b12/losses/quesswho.cretplayer2_3__OceanFloor__botA.bc24,quesswho.cretplayer2_3,1,A,b12,0,782,CAPTURE,1,541,289,8,0,0,0,0,0,0,3800,210,0,1,592,757,6,0,40,56,126,68,ATK@600
gauntlet/20261001-161311-scrim-b12/losses/quesswho.cretplayer2_3__OceanFloor__botA.bc24,quesswho.cretplayer2_3,0,B,cretplayer2_3,1,782,CAPTURE,3,298,222,7,0,3,50,0,23,0,3110,980,0,3,516,638,0,4,28,56,68,126,ATK@600
gauntlet/20261001-161311-scrim-b12/losses/quesswho.cretplayer2_3__Tunnels__botB.bc24,quesswho.cretplayer2_3,0,A,cretplayer2_3,1,2000,MORE_FLAG_CAPTURES,2,320,249,38,0,3,18,0,59,0,3030,1480,0,15,709,622,0,4,47,223,325,1676,ATK@600+HEAL@1200+CAP@1800
gauntlet/20261001-161311-scrim-b12/losses/quesswho.cretplayer2_3__Tunnels__botB.bc24,quesswho.cretplayer2_3,1,B,b12,0,2000,MORE_FLAG_CAPTURES,0,-1,0,0,0,0,0,0,4,0,4680,240,0,0,1097,948,0,0,60,217,1676,325,ATK@600+HEAL@1200+CAP@1800
gauntlet/20261001-161311-scrim-b12/losses/winkelmantanner.waffle__Islands__botA.bc24,winkelmantanner.waffle,1,A,b12,0,470,CAPTURE,1,340,300,4,0,0,0,0,2,0,7440,240,0,5,1209,1445,15,0,67,78,165,36,
gauntlet/20261001-161311-scrim-b12/losses/winkelmantanner.waffle__Islands__botA.bc24,winkelmantanner.waffle,0,B,waffle,1,470,CAPTURE,3,430,226,39,0,0,0,0,37,62,903,343,3,6,1011,872,0,0,91,87,36,165,
gauntlet/20261001-161311-scrim-b12/losses/winkelmantanner.waffle__Skyline__botA.bc24,winkelmantanner.waffle,1,A,b12,0,573,CAPTURE,1,273,233,3,0,0,0,0,1,0,10470,303,0,20,980,926,8,0,107,125,148,103,
gauntlet/20261001-161311-scrim-b12/losses/winkelmantanner.waffle__Skyline__botA.bc24,winkelmantanner.waffle,0,B,waffle,1,573,CAPTURE,3,463,247,32,0,0,0,0,65,33,6470,4393,1,5,968,969,0,0,150,166,103,148,
gauntlet/20261001-161311-scrim-b12/losses/winkelmantanner.waffle__BedWars__botA.bc24,winkelmantanner.waffle,1,A,b12,0,2000,MORE_FLAG_CAPTURES,1,1934,392,7,0,0,0,0,0,0,4800,30,0,18,405,510,2,0,31,161,983,318,ATK@600+HEAL@1200+CAP@1800
gauntlet/20261001-161311-scrim-b12/losses/winkelmantanner.waffle__BedWars__botA.bc24,winkelmantanner.waffle,0,B,waffle,1,2000,MORE_FLAG_CAPTURES,2,554,400,22,0,0,0,0,0,3,4500,2070,0,3,328,392,0,0,41,154,318,983,ATK@600+HEAL@1200+CAP@1800
gauntlet/20261001-161311-scrim-b12/losses/winkelmantanner.waffle__Gauntlet__botB.bc24,winkelmantanner.waffle,0,A,waffle,1,1676,CAPTURE,3,499,300,66,0,0,0,0,33,3,3210,1780,0,5,791,699,0,0,55,214,350,1043,ATK@600+HEAL@1200
gauntlet/20261001-161311-scrim-b12/losses/winkelmantanner.waffle__Gauntlet__botB.bc24,winkelmantanner.waffle,1,B,b12,0,1676,CAPTURE,2,662,315,9,0,0,0,0,3,0,4210,130,0,5,868,1005,3,0,47,318,1043,350,ATK@600+HEAL@1200
gauntlet/20261001-161311-scrim-b12/losses/winkelmantanner.waffle__StackGame__botB.bc24,winkelmantanner.waffle,0,A,waffle,1,598,CAPTURE,3,323,281,12,0,0,0,0,32,3,5740,2140,0,5,1035,1215,0,0,91,105,60,210,
gauntlet/20261001-161311-scrim-b12/losses/winkelmantanner.waffle__StackGame__botB.bc24,winkelmantanner.waffle,1,B,b12,0,598,CAPTURE,0,-1,0,0,0,0,0,0,0,0,5600,270,0,13,1235,1424,0,0,76,95,210,60,
gauntlet/20261001-161311-scrim-b12/losses/winkelmantanner.waffle__Whirlpool__botB.bc24,winkelmantanner.waffle,0,A,waffle,1,701,CAPTURE,3,364,305,28,0,0,0,0,54,13,2280,4050,0,9,824,1129,0,0,80,99,104,173,ATK@600
gauntlet/20261001-161311-scrim-b12/losses/winkelmantanner.waffle__Whirlpool__botB.bc24,winkelmantanner.waffle,1,B,b12,0,701,CAPTURE,0,-1,0,0,0,0,0,0,3,0,3910,200,0,28,956,1310,0,0,54,66,173,104,ATK@600
gauntlet/20261001-161311-scrim-b12/replays/ColtG5.Goob_final__DefaultLarge__botA.bc24,ColtG5.Goob_final,1,A,b12,1,2000,MORE_FLAG_CAPTURES,1,1733,1303,8,0,0,0,0,0,0,4200,230,0,9,1240,1554,1,0,73,379,1377,414,ATK@600+HEAL@1200+CAP@1800
gauntlet/20261001-161311-scrim-b12/replays/ColtG5.Goob_final__DefaultLarge__botA.bc24,ColtG5.Goob_final,0,B,Goob_final,0,2000,MORE_FLAG_CAPTURES,0,-1,740,5,0,0,0,0,42,0,2940,980,0,5,1051,725,12,0,71,278,414,1377,ATK@600+HEAL@1200+CAP@1800
gauntlet/20261001-161311-scrim-b12/replays/ColtG5.Goob_final__MazeRunner__botA.bc24,ColtG5.Goob_final,1,A,b12,1,2000,LEVEL_SUM,0,-1,0,0,0,0,0,0,4,0,4880,240,0,14,960,1168,2,0,45,146,936,491,ATK@600+HEAL@1200+CAP@1800
gauntlet/20261001-161311-scrim-b12/replays/ColtG5.Goob_final__MazeRunner__botA.bc24,ColtG5.Goob_final,0,B,Goob_final,0,2000,LEVEL_SUM,0,-1,247,7,0,0,0,0,84,0,2480,650,0,6,943,818,12,0,66,253,491,936,ATK@600+HEAL@1200+CAP@1800
gauntlet/20261001-161311-scrim-b12/replays/ColtG5.Goob_final__OceanFloor__botA.bc24,ColtG5.Goob_final,1,A,b12,1,1612,CAPTURE,3,1342,1279,4,0,0,0,0,0,0,3800,260,0,14,1184,1415,2,0,56,214,876,327,ATK@600+HEAL@1200
gauntlet/20261001-161311-scrim-b12/replays/ColtG5.Goob_final__OceanFloor__botA.bc24,ColtG5.Goob_final,0,B,Goob_final,0,1612,CAPTURE,2,526,217,14,0,0,0,0,38,0,2660,40,0,5,1050,875,0,0,45,219,327,876,ATK@600+HEAL@1200
gauntlet/20261001-161311-scrim-b12/replays/SampleProvider.TSPAARKSPRINT1__WheresMyWater__botB.bc24,SampleProvider.TSPAARKSPRINT1,0,A,TSPAARKSPRINT1,0,1371,CAPTURE,2,275,265,10,0,3,7,0,171,1,70,30,0,5,580,1642,1,10,0,43,87,437,ATK@600+CAP@1200
gauntlet/20261001-161311-scrim-b12/replays/SampleProvider.TSPAARKSPRINT1__WheresMyWater__botB.bc24,SampleProvider.TSPAARKSPRINT1,1,B,b12,1,1371,CAPTURE,3,319,233,19,0,0,0,0,2,0,5340,270,0,0,1260,1045,0,0,86,174,437,87,ATK@600+HEAL@1200
gauntlet/20261001-161311-scrim-b12/replays/NotLLeon.v3__FloodGates__botA.bc24,NotLLeon.v3,1,A,b12,1,2000,LEVEL_SUM,1,407,362,1,0,0,0,0,0,0,2900,740,0,3,525,744,3,0,44,195,537,366,ATK@600+HEAL@1200+CAP@1800
gauntlet/20261001-161311-scrim-b12/replays/NotLLeon.v3__FloodGates__botA.bc24,NotLLeon.v3,0,B,v3,0,2000,LEVEL_SUM,1,598,428,9,1,0,0,0,5,0,2750,3370,0,5,447,718,0,0,40,206,366,537,ATK@600+HEAL@1200+CAP@1800
gauntlet/20261001-161311-scrim-b12/replays/awu7.ExplosiveBot__Alligator__botA.bc24,awu7.ExplosiveBot,1,A,b12,1,1162,CAPTURE,3,407,253,9,0,0,0,0,1,0,5670,260,0,14,1175,1441,0,0,93,244,733,112,ATK@600
gauntlet/20261001-161311-scrim-b12/replays/awu7.ExplosiveBot__Alligator__botA.bc24,awu7.ExplosiveBot,0,B,ExplosiveBot,0,1162,CAPTURE,0,-1,252,10,2,0,0,0,69,10,2530,5780,0,20,785,720,7,0,13,73,112,733,ATK@600
gauntlet/20261001-161311-scrim-b12/replays/awu7.ExplosiveBot__Joker__botB.bc24,awu7.ExplosiveBot,0,A,ExplosiveBot,0,600,CAPTURE,0,-1,270,1,0,0,0,0,33,11,14610,15110,0,11,642,644,49,0,24,64,59,275,ATK@600
gauntlet/20261001-161311-scrim-b12/replays/awu7.ExplosiveBot__Joker__botB.bc24,awu7.ExplosiveBot,1,B,b12,1,600,CAPTURE,3,351,263,10,0,0,0,0,0,0,16900,220,0,3,1177,1219,10,0,283,193,275,59,ATK@600
gauntlet/20261001-161311-scrim-b12/replays/awu7.ExplosiveBot__Canals__botA.bc24,awu7.ExplosiveBot,1,A,b12,1,1108,CAPTURE,3,655,604,13,0,0,0,0,0,0,7000,210,0,26,1117,1298,5,0,72,258,857,120,ATK@600
gauntlet/20261001-161311-scrim-b12/replays/awu7.ExplosiveBot__Canals__botA.bc24,awu7.ExplosiveBot,0,B,ExplosiveBot,0,1108,CAPTURE,1,790,280,27,11,0,0,0,0,12,5200,120,0,18,696,513,33,0,10,91,120,857,ATK@600
gauntlet/20261001-161311-scrim-b12/replays/awu7.ExplosiveBot__GaltonBoard__botA.bc24,awu7.ExplosiveBot,1,A,b12,1,1413,CAPTURE,3,1000,298,30,0,0,0,0,0,0,2400,210,0,18,1360,1399,0,0,95,342,1271,154,ATK@600+HEAL@1200
gauntlet/20261001-161311-scrim-b12/replays/awu7.ExplosiveBot__GaltonBoard__botA.bc24,awu7.ExplosiveBot,0,B,ExplosiveBot,0,1413,CAPTURE,0,-1,0,0,0,0,0,0,12,9,1140,1040,0,25,760,902,11,0,16,91,154,1271,ATK@600+HEAL@1200
gauntlet/20261001-161311-scrim-b12/replays/awu7.ExplosiveBot__Klein__botB.bc24,awu7.ExplosiveBot,0,A,ExplosiveBot,0,989,CAPTURE,1,507,489,7,2,0,0,0,279,3,30,20,0,11,649,481,5,0,13,47,86,584,ATK@600
gauntlet/20261001-161311-scrim-b12/replays/awu7.ExplosiveBot__Klein__botB.bc24,awu7.ExplosiveBot,1,B,b12,1,989,CAPTURE,3,351,324,10,0,0,0,0,0,0,3800,140,0,16,878,1066,0,0,60,197,584,86,ATK@600
gauntlet/20261001-161311-scrim-b12/replays/clbarrell.duck8__Fountain__botA.bc24,clbarrell.duck8,1,A,b12,1,1410,CAPTURE,3,290,232,9,0,0,0,0,3,0,4010,30,0,0,980,1232,3,0,37,133,617,300,ATK@600+HEAL@1200
gauntlet/20261001-161311-scrim-b12/replays/clbarrell.duck8__Fountain__botA.bc24,clbarrell.duck8,0,B,duck8,0,1410,CAPTURE,2,297,239,28,0,0,0,0,26,23,120,100,1,9,857,901,9,0,38,145,300,617,ATK@750
gauntlet/20261001-161311-scrim-b12/replays/clbarrell.duck8__Hockey__botB.bc24,clbarrell.duck8,0,A,duck8,0,1414,CAPTURE,0,-1,0,0,0,0,0,0,28,42,80,100,3,13,930,1334,7,0,56,154,169,1026,ATK@750
gauntlet/20261001-161311-scrim-b12/replays/clbarrell.duck8__Hockey__botB.bc24,clbarrell.duck8,1,B,b12,1,1414,CAPTURE,3,903,414,10,0,0,0,0,3,0,5610,250,0,3,1286,1571,1,0,85,347,1026,169,ATK@600+HEAL@1200
gauntlet/20261001-161311-scrim-b12/replays/clbarrell.duck8__Islands__botB.bc24,clbarrell.duck8,0,A,duck8,0,941,CAPTURE,1,273,231,7,0,0,0,0,69,47,30,10,3,7,927,1059,15,0,50,135,167,355,ATK@750
gauntlet/20261001-161311-scrim-b12/replays/clbarrell.duck8__Islands__botB.bc24,clbarrell.duck8,1,B,b12,1,941,CAPTURE,3,348,310,7,0,0,0,0,1,0,6770,290,0,1,1169,1429,7,0,75,150,355,167,ATK@600
gauntlet/20261001-161311-scrim-b12/replays/dmtrung14.defaultplayer_intlqualifier__GaltonBoard__botB.bc24,dmtrung14.defaultplayer_intlqualifier,0,A,defaultplayer_intlqualifier,0,2000,LEVEL_SUM,1,280,267,10,6,3,5,0,11,14,70,1380,0,2,407,841,6,18,8,73,99,1499,ATK@600+HEAL@1200+CAP@1800
gauntlet/20261001-161311-scrim-b12/replays/dmtrung14.defaultplayer_intlqualifier__GaltonBoard__botB.bc24,dmtrung14.defaultplayer_intlqualifier,1,B,b12,1,2000,LEVEL_SUM,1,331,250,7,0,0,0,0,0,0,2400,210,0,2,1535,682,0,0,74,246,1499,99,ATK@600+HEAL@1200+CAP@1800
gauntlet/20261001-161311-scrim-b12/replays/dmtrung14.defaultplayer_intlqualifier__OceanFloor__botB.bc24,dmtrung14.defaultplayer_intlqualifier,0,A,defaultplayer_intlqualifier,0,814,CAPTURE,1,448,246,40,24,3,17,0,55,14,50,50,0,3,317,811,6,12,12,56,22,416,ATK@600
gauntlet/20261001-161311-scrim-b12/replays/dmtrung14.defaultplayer_intlqualifier__OceanFloor__botB.bc24,dmtrung14.defaultplayer_intlqualifier,1,B,b12,1,814,CAPTURE,3,391,331,6,0,0,0,0,0,0,3800,210,0,3,1251,532,3,0,63,105,416,22,ATK@600
gauntlet/20261001-161311-scrim-b12/replays/clbarrell.duck8__Mountain__botB.bc24,clbarrell.duck8,0,A,duck8,0,2000,MORE_FLAG_CAPTURES,1,510,245,23,0,0,0,0,17,43,100,10,3,15,808,803,14,0,69,234,412,1166,ATK@750+HEAL@1500
gauntlet/20261001-161311-scrim-b12/replays/clbarrell.duck8__Mountain__botB.bc24,clbarrell.duck8,1,B,b12,1,2000,MORE_FLAG_CAPTURES,2,1351,1264,3,0,0,0,0,0,0,6500,190,0,24,1053,1182,0,0,85,322,1166,412,ATK@600+HEAL@1200+CAP@1800
gauntlet/20261001-161311-scrim-b12/replays/jonters.bling3__Alien__botA.bc24,jonters.bling3,1,A,b12,1,1160,CAPTURE,3,257,226,16,0,0,0,0,0,0,5700,260,0,22,1205,1424,0,0,77,161,465,222,ATK@600
gauntlet/20261001-161311-scrim-b12/replays/jonters.bling3__Alien__botA.bc24,jonters.bling3,0,B,bling3,0,1160,CAPTURE,1,1002,431,9,0,0,0,0,10,15,2400,600,0,8,798,1503,28,0,12,100,222,465,ATK@600
gauntlet/20261001-161311-scrim-b12/replays/jonters.bling3__DefaultHuge__botB.bc24,jonters.bling3,0,A,bling3,0,1849,CAPTURE,1,533,453,6,0,0,0,0,34,16,1880,70,0,2,602,1200,30,0,6,101,173,562,ATK@600+HEAL@1200+CAP@1800
gauntlet/20261001-161311-scrim-b12/replays/jonters.bling3__DefaultHuge__botB.bc24,jonters.bling3,1,B,b12,1,1849,CAPTURE,3,291,222,20,0,0,0,0,0,0,6100,220,0,19,1087,1395,4,0,80,237,562,173,ATK@600+HEAL@1200+CAP@1800
gauntlet/20261001-161311-scrim-b12/replays/jonters.bling3__Hockey__botB.bc24,jonters.bling3,0,A,bling3,0,1028,CAPTURE,2,447,385,6,0,0,0,0,56,0,4020,1460,0,4,684,1678,28,0,3,70,134,365,ATK@600
gauntlet/20261001-161311-scrim-b12/replays/jonters.bling3__Hockey__botB.bc24,jonters.bling3,1,B,b12,1,1028,CAPTURE,3,870,681,8,0,0,0,0,1,0,4170,230,0,18,1303,1344,2,0,55,113,365,134,ATK@600
gauntlet/20261001-161311-scrim-b12/replays/jonters.bling3__Snake__botA.bc24,jonters.bling3,1,A,b12,1,707,CAPTURE,3,379,223,7,0,0,0,0,1,0,15470,258,0,2,736,997,17,0,231,274,170,124,ATK@600
gauntlet/20261001-161311-scrim-b12/replays/jonters.bling3__Snake__botA.bc24,jonters.bling3,0,B,bling3,0,707,CAPTURE,1,400,270,3,0,0,0,0,239,0,8330,18490,0,0,369,755,91,0,7,118,124,170,ATK@600
gauntlet/20261001-161311-scrim-b12/replays/justinottesen.sprint1__Battlecode24__botB.bc24,justinottesen.sprint1,0,A,sprint1,0,631,CAPTURE,0,-1,0,0,0,0,0,0,151,0,9270,8540,0,2,155,942,68,0,0,67,61,266,ATK@600
gauntlet/20261001-161311-scrim-b12/replays/justinottesen.sprint1__Battlecode24__botB.bc24,justinottesen.sprint1,1,B,b12,1,631,CAPTURE,3,250,216,9,0,0,0,0,0,0,12800,514,0,3,1351,546,15,0,252,282,266,61,ATK@600
gauntlet/20261001-161311-scrim-b12/replays/jonters.bling3__Whirlpool__botB.bc24,jonters.bling3,0,A,bling3,0,1575,CAPTURE,1,435,378,6,0,0,0,0,99,4,1430,3010,0,0,525,1015,27,0,1,103,207,626,ATK@600+HEAL@1200
gauntlet/20261001-161311-scrim-b12/replays/jonters.bling3__Whirlpool__botB.bc24,jonters.bling3,1,B,b12,1,1575,CAPTURE,3,1395,1359,5,0,0,0,0,5,0,4050,220,0,33,771,926,0,0,47,179,626,207,ATK@600+HEAL@1200
gauntlet/20261001-161311-scrim-b12/replays/justinottesen.sprint1__Joker__botA.bc24,justinottesen.sprint1,1,A,b12,1,703,CAPTURE,3,302,259,11,0,0,0,0,0,0,16900,260,0,16,1026,498,14,0,248,296,299,91,ATK@600
gauntlet/20261001-161311-scrim-b12/replays/justinottesen.sprint1__Joker__botA.bc24,justinottesen.sprint1,0,B,sprint1,0,703,CAPTURE,0,-1,596,1,0,0,0,0,27,0,15890,8420,0,2,140,887,104,0,0,109,91,299,ATK@600
gauntlet/20261001-161311-scrim-b12/replays/justinottesen.sprint1__GaltonBoard__botB.bc24,justinottesen.sprint1,0,A,sprint1,0,991,CAPTURE,0,-1,0,0,0,0,0,0,11,10,70,90,0,3,191,897,115,0,0,177,138,715,ATK@600
gauntlet/20261001-161311-scrim-b12/replays/justinottesen.sprint1__GaltonBoard__botB.bc24,justinottesen.sprint1,1,B,b12,1,991,CAPTURE,3,940,216,12,0,0,0,0,0,0,2400,300,0,22,1303,823,0,0,97,177,715,138,ATK@600
gauntlet/20261001-161311-scrim-b12/replays/justinottesen.sprint1__Hurricane__botB.bc24,justinottesen.sprint1,0,A,sprint1,0,1004,CAPTURE,0,-1,216,14,0,0,0,0,161,7,370,20,0,4,200,714,9,0,0,27,36,615,ATK@600
gauntlet/20261001-161311-scrim-b12/replays/justinottesen.sprint1__Hurricane__botB.bc24,justinottesen.sprint1,1,B,b12,1,1004,CAPTURE,3,365,213,21,0,0,0,0,0,0,6900,240,0,7,1406,346,6,0,102,272,615,36,ATK@600
gauntlet/20261001-161311-scrim-b12/replays/justinottesen.sprint1__Rivers__botB.bc24,justinottesen.sprint1,0,A,sprint1,0,472,CAPTURE,0,-1,0,0,0,0,0,0,45,0,2550,80,0,5,224,950,24,0,0,26,18,269,
gauntlet/20261001-161311-scrim-b12/replays/justinottesen.sprint1__Rivers__botB.bc24,justinottesen.sprint1,1,B,b12,1,472,CAPTURE,3,343,232,8,0,0,0,0,2,0,3440,260,0,3,1848,776,3,0,71,51,269,18,
gauntlet/20261001-161311-scrim-b12/replays/justinottesen.sprint1__StarryNight__botA.bc24,justinottesen.sprint1,1,A,b12,1,640,CAPTURE,3,420,379,6,0,0,0,0,0,0,16000,188,0,19,1318,868,0,0,180,196,314,73,ATK@600
gauntlet/20261001-161311-scrim-b12/replays/justinottesen.sprint1__StarryNight__botA.bc24,justinottesen.sprint1,0,B,sprint1,0,640,CAPTURE,1,636,413,2,0,0,0,0,152,27,6112,32,3,6,188,897,73,0,0,83,73,314,ATK@600
gauntlet/20261001-161311-scrim-b12/replays/kyleezz.jeeryfix3__OceanFloor__botA.bc24,kyleezz.jeeryfix3,1,A,b12,1,1714,CAPTURE,3,402,329,11,0,0,0,0,0,0,3800,260,0,5,1073,1164,5,0,54,323,1006,353,ATK@600+HEAL@1200
gauntlet/20261001-161311-scrim-b12/replays/kyleezz.jeeryfix3__OceanFloor__botA.bc24,kyleezz.jeeryfix3,0,B,jeeryfix3,0,1714,CAPTURE,2,279,228,18,0,0,0,0,71,6,1070,150,0,2,1026,788,0,0,40,169,353,1006,ATK@600+CAP@1200
gauntlet/20261001-161311-scrim-b12/replays/quesswho.cretplayer2_3__Capacitance__botA.bc24,quesswho.cretplayer2_3,1,A,b12,1,2000,MORE_FLAG_CAPTURES,1,361,266,8,0,0,0,0,1,0,5970,270,0,0,882,850,0,0,82,381,1276,337,ATK@600+HEAL@1200+CAP@1800
gauntlet/20261001-161311-scrim-b12/replays/quesswho.cretplayer2_3__Capacitance__botA.bc24,quesswho.cretplayer2_3,0,B,cretplayer2_3,0,2000,MORE_FLAG_CAPTURES,0,-1,253,23,0,3,8,0,18,0,5460,970,0,3,924,837,0,5,81,259,337,1276,ATK@600+HEAL@1200+CAP@1800
