team,name,won,rounds,wintype,captured,firstCapture,firstPickup,pickups,drops,setupFlagPickups,flagMoveDist,digs200,fills200,traps200,crumbs200,crumbs250,level200,defend300,atk400,heal400,expl400,water400,stun400,trapsHit,kills,deaths,upgrades,file,opp,us,build
A,TSPAARKSPRINT1,1,2000,MORE_BREAD,0,-1,0,3,0,3,0,0,157,0,1390,10,0,5,328,1096,2,13,3,12,16,51,ATK@600+CAP@1200+HEAL@1800,gauntlet/20260930-163425-scrim-g_iter0/losses/SampleProvider.TSPAARKSPRINT1__GravitationalWaves__botB.bc24,SampleProvider.TSPAARKSPRINT1,0,g_iter0
B,g_iter0,0,2000,MORE_BREAD,0,-1,1190,5,0,0,0,0,65,0,4150,290,0,24,581,664,0,0,57,185,51,16,ATK@600+HEAL@1200+CAP@1800,gauntlet/20260930-163425-scrim-g_iter0/losses/SampleProvider.TSPAARKSPRINT1__GravitationalWaves__botB.bc24,SampleProvider.TSPAARKSPRINT1,1,g_iter0
A,TSPAARKSPRINT1,1,1191,CAPTURE,3,376,234,7,0,3,76,0,28,5,11760,7440,0,9,384,1252,31,20,4,81,63,93,ATK@600,gauntlet/20260930-163425-scrim-g_iter0/losses/SampleProvider.TSPAARKSPRINT1__YearOfTheDragon__botB.bc24,SampleProvider.TSPAARKSPRINT1,0,g_iter0
B,g_iter0,0,1191,CAPTURE,0,-1,404,8,0,0,0,0,10,0,12900,4840,0,1,843,735,0,0,145,215,93,63,ATK@600,gauntlet/20260930-163425-scrim-g_iter0/losses/SampleProvider.TSPAARKSPRINT1__YearOfTheDragon__botB.bc24,SampleProvider.TSPAARKSPRINT1,1,g_iter0
A,g_iter0,0,383,CAPTURE,0,-1,323,3,0,0,0,0,10,0,6200,300,0,1,826,1003,0,0,74,71,38,18,,gauntlet/20260930-163425-scrim-g_iter0/losses/hsmalladi.finalbot__DefaultSmall__botA.bc24,hsmalladi.finalbot,1,g_iter0
B,finalbot,1,383,CAPTURE,3,322,254,15,6,3,14,60,30,0,4675,75,12,4,683,990,7,4,56,48,18,38,,gauntlet/20260930-163425-scrim-g_iter0/losses/hsmalladi.finalbot__DefaultSmall__botA.bc24,hsmalladi.finalbot,0,g_iter0
A,waffle,1,376,CAPTURE,3,344,248,3,0,0,0,0,27,3,4490,3733,0,7,693,838,0,0,115,90,33,39,,gauntlet/20260930-163425-scrim-g_iter0/losses/winkelmantanner.waffle__ORV__botB.bc24,winkelmantanner.waffle,0,g_iter0
B,g_iter0,0,376,CAPTURE,0,-1,251,7,0,0,0,0,33,0,4610,210,0,0,736,832,0,0,62,61,39,33,,gauntlet/20260930-163425-scrim-g_iter0/losses/winkelmantanner.waffle__ORV__botB.bc24,winkelmantanner.waffle,1,g_iter0
A,flagbot_final,1,1433,CAPTURE,3,397,345,6,0,3,31,90,130,0,35,2705,18,4,609,1145,0,0,37,273,205,146,ATK@600+HEAL@1200,gauntlet/20260930-163425-scrim-g_iter0/losses/chenyx512.flagbot_final__MazeRunner__botB.bc24,chenyx512.flagbot_final,0,g_iter0
B,g_iter0,0,1433,CAPTURE,0,-1,630,4,0,0,0,0,138,0,860,260,0,3,706,1033,0,0,47,149,146,205,ATK@600+HEAL@1200,gauntlet/20260930-163425-scrim-g_iter0/losses/chenyx512.flagbot_final__MazeRunner__botB.bc24,chenyx512.flagbot_final,1,g_iter0
A,camel_case_v21_final,1,432,CAPTURE,3,336,258,3,0,0,0,0,53,0,6810,4300,0,2,778,432,0,0,92,97,59,56,,gauntlet/20260930-163425-scrim-g_iter0/losses/jmerle.camel_case_v21_final__Rainbow__botB.bc24,jmerle.camel_case_v21_final,0,g_iter0
B,g_iter0,0,432,CAPTURE,0,-1,290,3,0,0,0,0,49,0,6930,230,0,20,552,718,1,0,85,85,56,59,,gauntlet/20260930-163425-scrim-g_iter0/losses/jmerle.camel_case_v21_final__Rainbow__botB.bc24,jmerle.camel_case_v21_final,1,g_iter0
A,finalbot,1,417,CAPTURE,3,328,289,12,5,3,25,28,46,0,2533,943,4,0,779,1159,4,2,76,67,20,35,,gauntlet/20260930-163425-scrim-g_iter0/losses/hsmalladi.finalbot__EvilGrin__botB.bc24,hsmalladi.finalbot,0,g_iter0
B,g_iter0,0,417,CAPTURE,0,-1,356,2,0,0,0,0,49,0,2930,220,0,6,854,1303,0,0,57,57,35,20,,gauntlet/20260930-163425-scrim-g_iter0/losses/hsmalladi.finalbot__EvilGrin__botB.bc24,hsmalladi.finalbot,1,g_iter0
A,g_iter0,0,521,CAPTURE,0,-1,0,0,0,0,0,0,98,0,13060,5340,0,2,988,1007,0,0,150,151,108,41,,gauntlet/20260930-163425-scrim-g_iter0/losses/clbarrell.duck8__StarryNight__botA.bc24,clbarrell.duck8,1,g_iter0
B,duck8,1,521,CAPTURE,3,297,246,5,0,0,0,0,58,54,6210,9140,3,23,594,773,27,0,140,118,41,108,,gauntlet/20260930-163425-scrim-g_iter0/losses/clbarrell.duck8__StarryNight__botA.bc24,clbarrell.duck8,0,g_iter0
A,g_iter0,0,435,CAPTURE,0,-1,376,1,0,0,0,0,12,0,2040,270,0,30,986,1351,0,0,52,54,98,106,,gauntlet/20260930-163425-scrim-g_iter0/losses/andrewgopher.player22__GaltonBoard__botA.bc24,andrewgopher.player22,1,g_iter0
B,player22,1,435,CAPTURE,3,335,280,10,0,3,0,0,9,0,2130,27430,0,3,1102,676,23,0,122,107,106,98,,gauntlet/20260930-163425-scrim-g_iter0/losses/andrewgopher.player22__GaltonBoard__botA.bc24,andrewgopher.player22,0,g_iter0
A,g_iter0,0,945,CAPTURE,0,-1,417,9,0,0,0,0,91,0,13270,4960,0,25,1255,468,0,0,150,234,555,67,ATK@600,gauntlet/20260930-163425-scrim-g_iter0/losses/justinottesen.sprint1__StarryNight__botA.bc24,justinottesen.sprint1,1,g_iter0
B,sprint1,1,945,CAPTURE,3,471,384,10,0,0,0,0,151,57,173,23,4,2,123,916,68,0,0,90,67,555,ATK@600,gauntlet/20260930-163425-scrim-g_iter0/losses/justinottesen.sprint1__StarryNight__botA.bc24,justinottesen.sprint1,0,g_iter0
A,g_iter0,0,2000,MORE_BREAD,0,-1,0,0,0,0,0,0,35,0,4150,2450,0,3,0,0,0,0,22,0,0,0,ATK@600+HEAL@1200+CAP@1800,gauntlet/20260930-163425-scrim-g_iter0/losses/PerishoJ.tx__Bunkers__botA.bc24,PerishoJ.tx,1,g_iter0
B,tx,1,2000,MORE_BREAD,0,-1,0,0,0,0,0,0,0,0,2400,2900,0,33,0,0,0,0,0,0,0,0,,gauntlet/20260930-163425-scrim-g_iter0/losses/PerishoJ.tx__Bunkers__botA.bc24,PerishoJ.tx,0,g_iter0
A,ExplosiveBot,1,560,CAPTURE,3,349,247,43,33,0,0,0,11,16,3870,1370,0,9,587,573,34,0,13,36,28,187,,gauntlet/20260930-163425-scrim-g_iter0/losses/awu7.ExplosiveBot__DefaultSmall__botB.bc24,awu7.ExplosiveBot,0,g_iter0
B,g_iter0,0,560,CAPTURE,0,-1,0,0,0,0,0,0,8,0,6260,260,0,21,1170,1150,0,0,81,99,187,28,,gauntlet/20260930-163425-scrim-g_iter0/losses/awu7.ExplosiveBot__DefaultSmall__botB.bc24,awu7.ExplosiveBot,1,g_iter0
A,g_iter0,0,598,CAPTURE,0,-1,354,5,0,0,0,0,40,0,4900,270,0,23,418,581,0,0,62,67,28,22,,gauntlet/20260930-163425-scrim-g_iter0/losses/Strequals.duck0127v5__Divergent__botA.bc24,Strequals.duck0127v5,1,g_iter0
B,duck0127v5,1,598,CAPTURE,3,486,261,4,0,0,0,90,24,2,3969,4159,18,4,377,618,0,2,30,45,22,28,,gauntlet/20260930-163425-scrim-g_iter0/losses/Strequals.duck0127v5__Divergent__botA.bc24,Strequals.duck0127v5,0,g_iter0
A,warrior_2nd_comp,1,2000,LEVEL_SUM,0,-1,0,3,0,3,42,0,0,24,7240,7740,2,9,0,0,7,10,7,0,0,0,ATK@750+CAP@1500,gauntlet/20260930-163425-scrim-g_iter0/losses/lukerhoads.warrior_2nd_comp__Battlecode24__botB.bc24,lukerhoads.warrior_2nd_comp,0,g_iter0
B,g_iter0,0,2000,LEVEL_SUM,0,-1,0,0,0,0,0,0,62,0,12940,16610,0,5,0,0,0,0,0,0,0,0,ATK@600+HEAL@1200+CAP@1800,gauntlet/20260930-163425-scrim-g_iter0/losses/lukerhoads.warrior_2nd_comp__Battlecode24__botB.bc24,lukerhoads.warrior_2nd_comp,1,g_iter0
A,g_iter0,0,383,CAPTURE,1,326,231,2,0,0,0,0,6,0,5920,280,0,1,648,784,0,0,78,77,50,68,,gauntlet/20260930-163425-scrim-g_iter0/losses/jmerle.camel_case_v21_final__DefaultHuge__botA.bc24,jmerle.camel_case_v21_final,1,g_iter0
B,camel_case_v21_final,1,383,CAPTURE,3,265,231,3,0,0,0,0,3,10,5010,3710,0,0,913,533,0,0,78,68,68,50,,gauntlet/20260930-163425-scrim-g_iter0/losses/jmerle.camel_case_v21_final__DefaultHuge__botA.bc24,jmerle.camel_case_v21_final,0,g_iter0
A,g_iter0,0,2000,LEVEL_SUM,0,-1,0,0,0,0,0,0,0,0,7000,4850,0,3,0,0,0,0,17,0,0,0,ATK@600+HEAL@1200+CAP@1800,gauntlet/20260930-163425-scrim-g_iter0/losses/sivakovivan.NewHide__Canals__botA.bc24,sivakovivan.NewHide,1,g_iter0
B,NewHide,1,2000,LEVEL_SUM,0,-1,0,0,0,0,0,0,0,69,100,40,0,47,0,0,0,0,90,5,0,0,HEAL@600,gauntlet/20260930-163425-scrim-g_iter0/losses/sivakovivan.NewHide__Canals__botA.bc24,sivakovivan.NewHide,0,g_iter0
A,cretplayer2_3,1,1159,CAPTURE,3,384,250,6,0,3,31,0,29,0,3930,940,0,3,444,853,0,3,33,30,21,35,ATK@600,gauntlet/20260930-163425-scrim-g_iter0/losses/quesswho.cretplayer2_3__TwistedTreeline__botB.bc24,quesswho.cretplayer2_3,0,g_iter0
B,g_iter0,0,1159,CAPTURE,0,-1,0,0,0,0,0,0,68,0,2760,320,0,2,656,676,0,0,45,59,35,21,ATK@600,gauntlet/20260930-163425-scrim-g_iter0/losses/quesswho.cretplayer2_3__TwistedTreeline__botB.bc24,quesswho.cretplayer2_3,1,g_iter0
A,g_iter0,0,527,CAPTURE,0,-1,443,2,0,0,0,0,3,0,2310,240,0,4,1024,1018,0,0,78,92,133,76,,gauntlet/20260930-163425-scrim-g_iter0/losses/ColtG5.Goob_final__Puzzle__botA.bc24,ColtG5.Goob_final,1,g_iter0
B,Goob_final,1,527,CAPTURE,3,348,280,5,0,0,0,0,5,0,2250,11350,0,4,797,643,12,0,108,119,76,133,,gauntlet/20260930-163425-scrim-g_iter0/losses/ColtG5.Goob_final__Puzzle__botA.bc24,ColtG5.Goob_final,0,g_iter0
A,ourplayer,1,421,CAPTURE,3,312,251,15,0,0,0,0,16,13,100,532,1,5,230,464,114,0,0,54,54,126,,gauntlet/20260930-163425-scrim-g_iter0/losses/cViper971.ourplayer__HungerGames__botB.bc24,cViper971.ourplayer,0,g_iter0
B,g_iter0,0,421,CAPTURE,1,324,294,4,0,0,0,0,18,0,2560,250,0,1,1044,649,0,0,63,67,126,54,,gauntlet/20260930-163425-scrim-g_iter0/losses/cViper971.ourplayer__HungerGames__botB.bc24,cViper971.ourplayer,1,g_iter0
A,v9_USQuals_angle,1,527,CAPTURE,3,257,237,6,0,0,0,71,0,6,3687,2639,15,7,886,1277,2,3,82,85,60,45,,gauntlet/20260930-163425-scrim-g_iter0/losses/andli28.v9_USQuals_angle__Yinyang__botB.bc24,andli28.v9_USQuals_angle,0,g_iter0
B,g_iter0,0,527,CAPTURE,0,-1,0,0,0,0,0,0,0,0,5300,210,0,2,1025,1426,0,0,63,73,45,60,,gauntlet/20260930-163425-scrim-g_iter0/losses/andli28.v9_USQuals_angle__Yinyang__botB.bc24,andli28.v9_USQuals_angle,1,g_iter0
A,Version18Final,1,2000,MORE_FLAG_CAPTURES,2,468,331,6,0,3,25,26,115,6,168,3805,4,3,583,851,6,3,56,163,62,147,ATK@600+HEAL@1200+CAP@1800,gauntlet/20260930-163425-scrim-g_iter0/losses/uravt.Version18Final__MazeRunner__botB.bc24,uravt.Version18Final,0,g_iter0
B,g_iter0,0,2000,MORE_FLAG_CAPTURES,0,-1,0,0,0,0,0,0,143,0,710,210,0,4,664,965,0,0,37,172,147,62,ATK@600+HEAL@1200+CAP@1800,gauntlet/20260930-163425-scrim-g_iter0/losses/uravt.Version18Final__MazeRunner__botB.bc24,uravt.Version18Final,1,g_iter0
A,g_iter0,0,884,CAPTURE,0,-1,387,5,0,0,0,0,34,0,5480,2680,0,19,507,710,0,0,80,118,66,78,ATK@600,gauntlet/20260930-163425-scrim-g_iter0/losses/Strequals.duck0127v5__Mountain__botA.bc24,Strequals.duck0127v5,1,g_iter0
B,duck0127v5,1,884,CAPTURE,3,436,304,4,0,0,0,88,67,0,3306,4429,17,7,466,848,0,2,26,80,78,66,ATK@600,gauntlet/20260930-163425-scrim-g_iter0/losses/Strequals.duck0127v5__Mountain__botA.bc24,Strequals.duck0127v5,0,g_iter0
A,defaultplayer_intlqualifier,1,403,CAPTURE,3,233,213,34,26,3,33,0,64,23,880,4860,0,4,284,694,6,30,26,47,17,66,,gauntlet/20260930-163425-scrim-g_iter0/losses/dmtrung14.defaultplayer_intlqualifier__Alligator__botB.bc24,dmtrung14.defaultplayer_intlqualifier,0,g_iter0
B,g_iter0,0,403,CAPTURE,0,-1,330,3,0,0,0,0,51,0,4170,190,0,10,829,346,0,0,49,45,66,17,,gauntlet/20260930-163425-scrim-g_iter0/losses/dmtrung14.defaultplayer_intlqualifier__Alligator__botB.bc24,dmtrung14.defaultplayer_intlqualifier,1,g_iter0
A,g_iter0,0,394,CAPTURE,0,-1,242,6,0,0,0,0,35,0,2750,300,0,1,532,752,1,0,29,28,4,14,,gauntlet/20260930-163425-scrim-g_iter0/losses/Gymhgy.v10official__OceanFloor__botA.bc24,Gymhgy.v10official,1,g_iter0
B,v10official,1,394,CAPTURE,3,268,226,23,17,3,20,90,36,2,1089,19,18,1,470,845,4,2,32,22,14,4,,gauntlet/20260930-163425-scrim-g_iter0/losses/Gymhgy.v10official__OceanFloor__botA.bc24,Gymhgy.v10official,0,g_iter0
A,g_iter0,0,552,CAPTURE,0,-1,0,0,0,0,0,0,142,0,740,590,0,6,783,1001,0,0,52,57,71,39,,gauntlet/20260930-163425-scrim-g_iter0/losses/winkelmantanner.waffle__MazeRunner__botA.bc24,winkelmantanner.waffle,1,g_iter0
B,waffle,1,552,CAPTURE,3,404,291,7,0,0,0,0,27,3,3890,3640,0,4,665,846,0,0,73,74,39,71,,gauntlet/20260930-163425-scrim-g_iter0/losses/winkelmantanner.waffle__MazeRunner__botA.bc24,winkelmantanner.waffle,0,g_iter0
A,g_iter0,0,2000,MORE_FLAG_CAPTURES,0,-1,0,0,0,0,0,0,14,0,2680,280,0,22,1152,1073,0,0,53,208,1356,247,ATK@600+HEAL@1200+CAP@1800,gauntlet/20260930-163425-scrim-g_iter0/losses/HugoIngelsson.Bot21__Digging__botA.bc24,HugoIngelsson.Bot21,1,g_iter0
B,Bot21,1,2000,MORE_FLAG_CAPTURES,1,327,308,7,3,3,3,69,55,4,72,22,13,7,603,606,11,0,28,213,247,1356,ATK@601+HEAL@1201+CAP@1801,gauntlet/20260930-163425-scrim-g_iter0/losses/HugoIngelsson.Bot21__Digging__botA.bc24,HugoIngelsson.Bot21,0,g_iter0
A,g_iter0,0,2000,MORE_FLAG_CAPTURES,0,-1,0,0,0,0,0,0,106,0,6420,9760,0,3,703,553,0,0,177,332,227,158,ATK@600+HEAL@1200+CAP@1800,gauntlet/20260930-163425-scrim-g_iter0/losses/CyrilSharma.finalBot__Fusbol__botA.bc24,CyrilSharma.finalBot,1,g_iter0
B,finalBot,1,2000,MORE_FLAG_CAPTURES,2,845,608,2,0,0,0,24,21,0,3114,1258,3,11,305,668,0,0,24,221,158,227,ATK@600+HEAL@1200+CAP@1800,gauntlet/20260930-163425-scrim-g_iter0/losses/CyrilSharma.finalBot__Fusbol__botA.bc24,CyrilSharma.finalBot,0,g_iter0
A,v9,1,1522,CAPTURE,3,532,290,9,0,0,0,0,40,21,1010,1065,2,3,292,884,0,0,56,167,45,831,ATK@600+HEAL@1200,gauntlet/20260930-163425-scrim-g_iter0/losses/TylerJulian.v9__DefaultLarge__botB.bc24,TylerJulian.v9,0,g_iter0
B,g_iter0,0,1522,CAPTURE,2,472,238,17,0,0,0,0,51,0,2670,290,0,12,872,488,0,0,82,273,831,45,ATK@600+HEAL@1200,gauntlet/20260930-163425-scrim-g_iter0/losses/TylerJulian.v9__DefaultLarge__botB.bc24,TylerJulian.v9,1,g_iter0
A,bling3,1,473,CAPTURE,3,358,326,3,0,0,0,0,21,10,1570,4390,0,1,586,1285,47,0,3,41,46,83,,gauntlet/20260930-163425-scrim-g_iter0/losses/jonters.bling3__Occulus__botB.bc24,jonters.bling3,0,g_iter0
B,g_iter0,0,473,CAPTURE,1,437,302,12,0,0,0,0,14,0,3780,280,0,23,1078,1318,0,0,63,67,83,46,,gauntlet/20260930-163425-scrim-g_iter0/losses/jonters.bling3__Occulus__botB.bc24,jonters.bling3,1,g_iter0
A,v10official,1,443,CAPTURE,3,269,250,25,19,3,11,27,53,3,31,25,4,0,814,1532,0,3,11,12,38,24,,gauntlet/20260930-163425-scrim-g_iter0/losses/Gymhgy.v10official__QuestionableChess__botB.bc24,Gymhgy.v10official,0,g_iter0
B,g_iter0,0,443,CAPTURE,1,374,329,6,0,0,0,0,75,0,150,190,0,2,982,1155,1,0,10,10,24,38,,gauntlet/20260930-163425-scrim-g_iter0/losses/Gymhgy.v10official__QuestionableChess__botB.bc24,Gymhgy.v10official,1,g_iter0
A,g_iter0,0,409,CAPTURE,0,-1,0,0,0,0,0,0,78,0,3260,210,0,0,750,936,2,0,56,52,77,17,,gauntlet/20260930-163425-scrim-g_iter0/losses/kyleezz.jeeryfix3__TreeSearch__botA.bc24,kyleezz.jeeryfix3,1,g_iter0
B,jeeryfix3,1,409,CAPTURE,3,303,256,3,0,0,0,0,86,0,3020,1850,0,4,611,452,0,0,66,49,17,77,,gauntlet/20260930-163425-scrim-g_iter0/losses/kyleezz.jeeryfix3__TreeSearch__botA.bc24,kyleezz.jeeryfix3,0,g_iter0
A,g_iter0,0,473,CAPTURE,1,281,227,4,0,0,0,0,36,0,2720,280,0,3,759,746,1,0,48,54,59,9,,gauntlet/20260930-163425-scrim-g_iter0/losses/jonters.bling3__OceanFloor__botA.bc24,jonters.bling3,1,g_iter0
B,bling3,1,473,CAPTURE,3,367,308,3,0,0,0,0,81,6,170,30,0,8,398,807,6,0,12,10,9,59,,gauntlet/20260930-163425-scrim-g_iter0/losses/jonters.bling3__OceanFloor__botA.bc24,jonters.bling3,0,g_iter0
A,g_iter0,0,474,CAPTURE,0,-1,437,3,0,0,0,0,283,0,5110,2260,0,5,752,771,0,0,84,90,64,27,,gauntlet/20260930-163425-scrim-g_iter0/losses/NotLLeon.v3__Waterworld__botA.bc24,NotLLeon.v3,1,g_iter0
B,v3,1,474,CAPTURE,3,370,302,17,9,0,0,0,254,0,4480,8710,0,15,544,872,0,0,101,102,27,64,,gauntlet/20260930-163425-scrim-g_iter0/losses/NotLLeon.v3__Waterworld__botA.bc24,NotLLeon.v3,0,g_iter0
A,defaultplayer_intlqualifier,1,2000,MORE_FLAG_CAPTURES,2,342,262,13,5,3,20,0,17,9,1090,18890,0,3,186,553,6,18,3,35,8,383,ATK@600+HEAL@1200+CAP@1800,gauntlet/20260930-163425-scrim-g_iter0/losses/dmtrung14.defaultplayer_intlqualifier__HungerGames__botB.bc24,dmtrung14.defaultplayer_intlqualifier,0,g_iter0
B,g_iter0,0,2000,MORE_FLAG_CAPTURES,0,-1,0,0,0,0,0,0,19,0,2430,120,0,6,737,325,0,0,45,64,383,8,ATK@600+HEAL@1200+CAP@1800,gauntlet/20260930-163425-scrim-g_iter0/losses/dmtrung14.defaultplayer_intlqualifier__HungerGames__botB.bc24,dmtrung14.defaultplayer_intlqualifier,1,g_iter0
A,g_iter0,0,819,CAPTURE,0,-1,0,0,0,0,0,0,15,0,3750,300,0,6,1031,1023,1,0,83,148,289,38,ATK@600,gauntlet/20260930-163425-scrim-g_iter0/losses/clbarrell.duck8__Occulus__botA.bc24,clbarrell.duck8,1,g_iter0
B,duck8,1,819,CAPTURE,3,348,276,19,0,0,0,0,8,29,60,620,3,5,620,747,2,0,80,101,38,289,ATK@750,gauntlet/20260930-163425-scrim-g_iter0/losses/clbarrell.duck8__Occulus__botA.bc24,clbarrell.duck8,0,g_iter0
A,Version18Final,1,974,CAPTURE,3,320,294,6,0,3,24,23,41,6,7045,26933,4,3,336,647,12,3,34,66,15,52,ATK@600,gauntlet/20260930-163425-scrim-g_iter0/losses/uravt.Version18Final__MIT__botB.bc24,uravt.Version18Final,0,g_iter0
B,g_iter0,0,974,CAPTURE,0,-1,0,0,0,0,0,0,35,0,8550,22110,0,2,657,592,0,0,282,321,52,15,ATK@600,gauntlet/20260930-163425-scrim-g_iter0/losses/uravt.Version18Final__MIT__botB.bc24,uravt.Version18Final,1,g_iter0
A,player22,1,363,CAPTURE,3,307,269,9,0,3,0,0,63,0,2910,4430,0,3,663,534,5,0,50,31,22,59,,gauntlet/20260930-163425-scrim-g_iter0/losses/andrewgopher.player22__Tunnels__botB.bc24,andrewgopher.player22,0,g_iter0
B,g_iter0,0,363,CAPTURE,0,-1,300,1,0,0,0,0,64,0,2880,280,0,7,722,907,0,0,49,45,59,22,,gauntlet/20260930-163425-scrim-g_iter0/losses/andrewgopher.player22__Tunnels__botB.bc24,andrewgopher.player22,1,g_iter0
A,g_iter0,0,466,CAPTURE,1,375,232,2,0,0,0,0,8,0,5860,230,0,1,866,993,0,0,89,99,111,32,,gauntlet/20260930-163425-scrim-g_iter0/losses/kyleezz.jeeryfix3__DefaultHuge__botA.bc24,kyleezz.jeeryfix3,1,g_iter0
B,jeeryfix3,1,466,CAPTURE,3,250,212,5,0,0,0,0,25,17,3650,1560,0,0,684,556,0,0,61,76,32,111,,gauntlet/20260930-163425-scrim-g_iter0/losses/kyleezz.jeeryfix3__DefaultHuge__botA.bc24,kyleezz.jeeryfix3,0,g_iter0
A,bc24scenario,1,2000,LEVEL_SUM,0,-1,0,1,0,1,3,58,58,3,1600,1600,6,30,41,32,1,1,1,0,0,24,ATK@600+HEAL@1200+CAP@1800,gauntlet/20260930-163425-scrim-g_iter0/losses/Metta-AI.bc24scenario__DefaultSmall__botB.bc24,Metta-AI.bc24scenario,0,g_iter0
B,g_iter0,0,2000,LEVEL_SUM,0,-1,0,0,0,0,0,0,11,0,6170,3930,0,3,188,82,0,0,64,22,24,0,ATK@600+HEAL@1200+CAP@1800,gauntlet/20260930-163425-scrim-g_iter0/losses/Metta-AI.bc24scenario__DefaultSmall__botB.bc24,Metta-AI.bc24scenario,1,g_iter0
A,g_iter0,0,1296,CAPTURE,0,-1,481,15,0,0,0,0,74,0,3380,230,0,26,640,565,1,0,79,176,301,92,ATK@600+HEAL@1200,gauntlet/20260930-163425-scrim-g_iter0/losses/quesswho.cretplayer2_3__TreeSearch__botA.bc24,quesswho.cretplayer2_3,1,g_iter0
B,cretplayer2_3,1,1296,CAPTURE,3,405,298,35,0,3,35,0,64,0,3680,990,0,5,380,760,0,3,34,114,92,301,ATK@600+HEAL@1200,gauntlet/20260930-163425-scrim-g_iter0/losses/quesswho.cretplayer2_3__TreeSearch__botA.bc24,quesswho.cretplayer2_3,0,g_iter0
A,bc24scenario,1,2000,LEVEL_SUM,0,-1,0,1,0,1,3,58,58,3,1000,1000,6,34,32,62,1,1,1,0,0,13,ATK@600+HEAL@1200+CAP@1800,gauntlet/20260930-163425-scrim-g_iter0/losses/Metta-AI.bc24scenario__Alligator__botB.bc24,Metta-AI.bc24scenario,0,g_iter0
B,g_iter0,0,2000,LEVEL_SUM,0,-1,0,0,0,0,0,0,50,0,4200,8140,0,3,68,64,0,0,34,16,13,0,ATK@600+HEAL@1200+CAP@1800,gauntlet/20260930-163425-scrim-g_iter0/losses/Metta-AI.bc24scenario__Alligator__botB.bc24,Metta-AI.bc24scenario,1,g_iter0
A,v9_USQuals_angle,1,2000,MORE_FLAG_CAPTURES,2,428,346,6,0,0,0,82,4,7,11336,11086,16,7,807,1196,11,2,52,303,645,399,ATK@600+HEAL@1200+CAP@1800,gauntlet/20260930-163425-scrim-g_iter0/losses/andli28.v9_USQuals_angle__YearOfTheDragon__botB.bc24,andli28.v9_USQuals_angle,0,g_iter0
B,g_iter0,0,2000,MORE_FLAG_CAPTURES,0,-1,0,0,0,0,0,0,8,0,12960,1450,0,14,994,1373,0,0,151,313,399,645,ATK@600+HEAL@1200+CAP@1800,gauntlet/20260930-163425-scrim-g_iter0/losses/andli28.v9_USQuals_angle__YearOfTheDragon__botB.bc24,andli28.v9_USQuals_angle,1,g_iter0
A,g_iter0,0,2000,MORE_FLAG_CAPTURES,0,-1,0,0,0,0,0,0,158,0,3560,410,0,3,399,365,0,0,70,144,56,26,ATK@600+HEAL@1200+CAP@1800,gauntlet/20260930-163425-scrim-g_iter0/losses/CyrilSharma.finalBot__HeMustBeFreed__botA.bc24,CyrilSharma.finalBot,1,g_iter0
B,finalBot,1,2000,MORE_FLAG_CAPTURES,1,552,355,2,0,0,0,46,92,1,1563,23,8,6,259,499,0,0,62,40,26,56,ATK@600+HEAL@1200+CAP@1800,gauntlet/20260930-163425-scrim-g_iter0/losses/CyrilSharma.finalBot__HeMustBeFreed__botA.bc24,CyrilSharma.finalBot,0,g_iter0
A,v3,1,404,CAPTURE,3,311,263,15,12,0,0,0,35,0,5650,50,0,5,696,1062,0,0,77,69,24,27,,gauntlet/20260930-163425-scrim-g_iter0/losses/NotLLeon.v3__Swoop__botB.bc24,NotLLeon.v3,0,g_iter0
B,g_iter0,0,404,CAPTURE,1,394,287,5,0,0,0,0,69,0,4630,220,0,9,746,946,0,0,60,60,27,24,,gauntlet/20260930-163425-scrim-g_iter0/losses/NotLLeon.v3__Swoop__botB.bc24,NotLLeon.v3,1,g_iter0
A,kuma,1,1763,CAPTURE,3,340,295,94,36,0,0,90,7,0,4835,1435,18,3,864,1338,13,0,76,544,785,422,ATK@600+HEAL@1200,gauntlet/20260930-163425-scrim-g_iter0/losses/IvanGeffner.kuma__DefaultSmall__botB.bc24,IvanGeffner.kuma,0,g_iter0
B,g_iter0,0,1763,CAPTURE,0,-1,0,0,0,0,0,0,11,0,6170,270,0,18,1064,1185,0,0,79,216,422,785,ATK@600+HEAL@1200,gauntlet/20260930-163425-scrim-g_iter0/losses/IvanGeffner.kuma__DefaultSmall__botB.bc24,IvanGeffner.kuma,1,g_iter0
A,g_iter0,0,628,CAPTURE,0,-1,0,0,0,0,0,0,25,0,4950,220,0,8,1259,1435,0,0,75,96,220,70,ATK@600,gauntlet/20260930-163425-scrim-g_iter0/losses/ColtG5.Goob_final__Hockey__botA.bc24,ColtG5.Goob_final,1,g_iter0
B,Goob_final,1,628,CAPTURE,3,342,292,6,0,0,0,0,55,0,4050,410,0,4,899,885,1,0,55,62,70,220,ATK@600,gauntlet/20260930-163425-scrim-g_iter0/losses/ColtG5.Goob_final__Hockey__botA.bc24,ColtG5.Goob_final,0,g_iter0
A,ExplosiveBot,1,687,CAPTURE,3,304,226,37,28,0,0,0,84,10,180,80,0,11,590,673,2,0,20,30,32,241,ATK@600,gauntlet/20260930-163425-scrim-g_iter0/losses/awu7.ExplosiveBot__OceanFloor__botB.bc24,awu7.ExplosiveBot,0,g_iter0
B,g_iter0,0,687,CAPTURE,1,493,266,9,0,0,0,0,41,0,2570,270,0,2,988,933,2,0,57,117,241,32,ATK@600,gauntlet/20260930-163425-scrim-g_iter0/losses/awu7.ExplosiveBot__OceanFloor__botB.bc24,awu7.ExplosiveBot,1,g_iter0
A,g_iter0,0,635,CAPTURE,1,558,309,4,0,0,0,0,21,0,5370,270,0,1,1030,800,0,0,81,113,232,23,ATK@600,gauntlet/20260930-163425-scrim-g_iter0/losses/MiloAkerman.v1__Capacitance__botA.bc24,MiloAkerman.v1,1,g_iter0
B,v1,1,635,CAPTURE,3,259,245,9,0,0,0,0,24,6,4080,5680,0,5,451,410,13,0,0,9,23,232,,gauntlet/20260930-163425-scrim-g_iter0/losses/MiloAkerman.v1__Capacitance__botA.bc24,MiloAkerman.v1,0,g_iter0
A,g_iter0,0,2000,LEVEL_SUM,0,-1,0,0,0,0,0,0,51,0,5370,5360,0,3,7,12,0,0,4,0,1,0,ATK@600+HEAL@1200+CAP@1800,gauntlet/20260930-163425-scrim-g_iter0/losses/sivakovivan.NewHide__Hurricane__botA.bc24,sivakovivan.NewHide,1,g_iter0
B,NewHide,1,2000,LEVEL_SUM,0,-1,0,0,0,0,0,0,2,64,60,80,1,29,6,0,0,0,85,10,0,1,HEAL@600,gauntlet/20260930-163425-scrim-g_iter0/losses/sivakovivan.NewHide__Hurricane__botA.bc24,sivakovivan.NewHide,0,g_iter0
A,g_iter0,0,626,CAPTURE,0,-1,290,7,0,0,0,0,33,0,2810,250,0,4,800,1072,0,0,44,59,15,79,ATK@600,gauntlet/20260930-163425-scrim-g_iter0/losses/chenyx512.flagbot_final__OceanFloor__botA.bc24,chenyx512.flagbot_final,1,g_iter0
B,flagbot_final,1,626,CAPTURE,3,270,220,6,0,3,50,90,76,1,243,28,18,2,874,1476,0,0,39,32,79,15,ATK@600,gauntlet/20260930-163425-scrim-g_iter0/losses/chenyx512.flagbot_final__OceanFloor__botA.bc24,chenyx512.flagbot_final,0,g_iter0
A,g_iter0,0,427,CAPTURE,1,310,271,1,0,0,0,0,0,0,7200,210,0,9,867,250,0,0,106,104,122,0,,gauntlet/20260930-163425-scrim-g_iter0/losses/polyllc.polyv4__Checkered__botA.bc24,polyllc.polyv4,1,g_iter0
B,polyv4,1,427,CAPTURE,3,345,217,6,0,0,0,0,0,48,90,500,3,8,51,70,24,0,26,22,0,122,,gauntlet/20260930-163425-scrim-g_iter0/losses/polyllc.polyv4__Checkered__botA.bc24,polyllc.polyv4,0,g_iter0
A,kuma,1,410,CAPTURE,3,304,270,9,4,0,0,90,99,15,18038,5728,18,6,701,965,6,0,216,155,36,41,,gauntlet/20260930-163425-scrim-g_iter0/losses/IvanGeffner.kuma__Skyline__botB.bc24,IvanGeffner.kuma,0,g_iter0
B,g_iter0,0,410,CAPTURE,0,-1,259,1,0,0,0,0,97,0,21090,8700,0,16,909,924,0,0,234,224,41,36,,gauntlet/20260930-163425-scrim-g_iter0/losses/IvanGeffner.kuma__Skyline__botB.bc24,IvanGeffner.kuma,1,g_iter0
A,g_iter0,1,905,CAPTURE,3,875,778,6,0,0,0,0,0,0,7000,220,0,2,1463,756,0,0,87,218,644,24,ATK@600,gauntlet/20260930-163425-scrim-g_iter0/replays/neilhuang007.baseline__Canals__botA.bc24,neilhuang007.baseline,1,g_iter0
B,baseline,0,905,CAPTURE,1,290,256,16,0,0,0,0,0,15,5500,5310,0,3,426,1070,0,0,15,9,24,644,CAP@600,gauntlet/20260930-163425-scrim-g_iter0/replays/neilhuang007.baseline__Canals__botA.bc24,neilhuang007.baseline,0,g_iter0
A,g_iter0,1,1949,CAPTURE,3,404,221,27,0,0,0,0,64,0,12880,8040,0,14,905,471,0,0,207,443,1320,86,ATK@600+HEAL@1200+CAP@1800,gauntlet/20260930-163425-scrim-g_iter0/replays/TylerJulian.v9__Battlecode24__botA.bc24,TylerJulian.v9,1,g_iter0
B,v9,0,1949,CAPTURE,2,478,379,2,0,0,0,0,64,71,4936,10751,12,11,329,732,0,0,186,499,86,1320,ATK@600+HEAL@1200+CAP@1800,gauntlet/20260930-163425-scrim-g_iter0/replays/TylerJulian.v9__Battlecode24__botA.bc24,TylerJulian.v9,0,g_iter0
A,ducks,0,397,CAPTURE,0,-1,0,3,0,3,20,0,0,21,100,200,0,5,23,0,30,0,0,7,1,91,,gauntlet/20260930-163425-scrim-g_iter0/replays/joelcrouch.ducks__Ambush__botB.bc24,joelcrouch.ducks,0,g_iter0
B,g_iter0,1,397,CAPTURE,3,237,223,3,0,0,0,0,36,0,3620,160,0,25,668,182,0,0,64,59,91,1,,gauntlet/20260930-163425-scrim-g_iter0/replays/joelcrouch.ducks__Ambush__botB.bc24,joelcrouch.ducks,1,g_iter0
A,keyboardcrusader_v1,0,1156,CAPTURE,0,-1,0,3,0,3,61,0,98,0,1660,3360,0,32,168,398,5,0,0,29,8,79,,gauntlet/20260930-163425-scrim-g_iter0/replays/H4ffliger.keyboardcrusader_v1__Funnel__botB.bc24,H4ffliger.keyboardcrusader_v1,0,g_iter0
B,g_iter0,1,1156,CAPTURE,3,557,337,5,0,0,0,0,26,0,3820,550,0,3,393,469,0,0,84,146,79,8,ATK@600,gauntlet/20260930-163425-scrim-g_iter0/replays/H4ffliger.keyboardcrusader_v1__Funnel__botB.bc24,H4ffliger.keyboardcrusader_v1,1,g_iter0
A,g_iter0,1,417,CAPTURE,3,249,211,3,0,0,0,0,0,0,7200,5190,0,3,345,0,0,0,110,58,47,0,,gauntlet/20260930-163425-scrim-g_iter0/replays/PerishoJ.tx__Checkered__botA.bc24,PerishoJ.tx,1,g_iter0
B,tx,0,417,CAPTURE,0,-1,0,0,0,0,0,0,0,0,3300,3800,0,3,0,0,0,0,0,0,0,47,,gauntlet/20260930-163425-scrim-g_iter0/replays/PerishoJ.tx__Checkered__botA.bc24,PerishoJ.tx,0,g_iter0
A,g_iter0,1,962,CAPTURE,3,752,281,16,0,0,0,0,20,0,4800,280,0,0,1267,738,0,0,75,215,560,18,ATK@600,gauntlet/20260930-163425-scrim-g_iter0/replays/dylanzemlin.dangerduck2__Soccer__botA.bc24,dylanzemlin.dangerduck2,1,g_iter0
B,dangerduck2,0,962,CAPTURE,2,715,290,26,0,0,0,0,48,24,1650,1870,3,12,420,535,0,24,1,49,18,560,ATK@600,gauntlet/20260930-163425-scrim-g_iter0/replays/dylanzemlin.dangerduck2__Soccer__botA.bc24,dylanzemlin.dangerduck2,0,g_iter0
A,g_iter0,1,311,CAPTURE,3,262,244,4,0,0,0,0,38,0,3560,260,0,25,380,156,0,0,44,40,48,4,,gauntlet/20260930-163425-scrim-g_iter0/replays/SriLakshmiPolavarapu.ducks__Ambush__botA.bc24,SriLakshmiPolavarapu.ducks,1,g_iter0
B,ducks,0,311,CAPTURE,0,-1,273,6,0,3,14,0,0,21,100,200,0,0,15,0,27,0,0,10,4,48,,gauntlet/20260930-163425-scrim-g_iter0/replays/SriLakshmiPolavarapu.ducks__Ambush__botA.bc24,SriLakshmiPolavarapu.ducks,0,g_iter0
A,g_iter0,1,875,CAPTURE,3,567,434,9,0,0,0,0,59,0,2430,4230,0,3,515,240,0,0,82,77,127,29,ATK@600,gauntlet/20260930-163425-scrim-g_iter0/replays/AlexYu84.smartPlayer__DefaultLarge__botA.bc24,AlexYu84.smartPlayer,1,g_iter0
B,smartPlayer,0,875,CAPTURE,0,-1,0,3,0,3,15,0,4,20,160,50,2,29,105,37,23,13,0,45,29,127,,gauntlet/20260930-163425-scrim-g_iter0/replays/AlexYu84.smartPlayer__DefaultLarge__botA.bc24,AlexYu84.smartPlayer,0,g_iter0
A,g_iter0,1,1455,CAPTURE,3,444,239,8,0,0,0,0,145,0,450,20,0,13,741,742,1,0,14,168,774,95,ATK@600+HEAL@1200,gauntlet/20260930-163425-scrim-g_iter0/replays/RyanAspen.v22__Intercontinental__botA.bc24,RyanAspen.v22,1,g_iter0
B,v22,0,1455,CAPTURE,2,269,227,4,0,0,0,0,139,6,30,20,0,14,530,395,0,0,31,108,95,774,HEAL@600+ATK@1200,gauntlet/20260930-163425-scrim-g_iter0/replays/RyanAspen.v22__Intercontinental__botA.bc24,RyanAspen.v22,0,g_iter0
A,MPAttack,0,501,RESIGNATION,0,-1,0,0,0,0,0,0,11,30,170,1970,0,17,205,353,69,0,0,19,24,120,,gauntlet/20260930-163425-scrim-g_iter0/replays/itswin.MPAttack__Battlecode24__botB.bc24,itswin.MPAttack,0,g_iter0
B,g_iter0,1,501,RESIGNATION,1,383,245,2,0,0,0,0,63,0,12910,13790,0,5,542,350,2,0,193,200,120,24,,gauntlet/20260930-163425-scrim-g_iter0/replays/itswin.MPAttack__Battlecode24__botB.bc24,itswin.MPAttack,1,g_iter0
A,combustiblelemon,0,1193,CAPTURE,1,668,639,4,0,3,13,0,0,47,200,260,0,9,176,62,69,0,0,35,48,214,,gauntlet/20260930-163425-scrim-g_iter0/replays/samithShetty.combustiblelemon__MIT__botB.bc24,samithShetty.combustiblelemon,0,g_iter0
B,g_iter0,1,1193,CAPTURE,3,304,270,10,0,0,0,0,42,0,8340,20100,0,6,433,384,0,0,63,128,214,48,ATK@600,gauntlet/20260930-163425-scrim-g_iter0/replays/samithShetty.combustiblelemon__MIT__botB.bc24,samithShetty.combustiblelemon,1,g_iter0
A,crayBasic,0,1027,CAPTURE,0,-1,470,5,0,0,0,0,0,0,6400,6900,0,30,288,79,0,0,0,0,19,644,,gauntlet/20260930-163425-scrim-g_iter0/replays/abdullah8a0.crayBasic__Canals__botB.bc24,abdullah8a0.crayBasic,0,g_iter0
B,g_iter0,1,1027,CAPTURE,3,388,272,6,0,0,0,0,0,0,7000,5030,0,3,676,540,0,0,96,289,644,19,ATK@600,gauntlet/20260930-163425-scrim-g_iter0/replays/abdullah8a0.crayBasic__Canals__botB.bc24,abdullah8a0.crayBasic,1,g_iter0
A,g_iter0,1,2000,MORE_FLAG_CAPTURES,1,422,234,4,0,0,0,0,35,0,4950,1330,0,7,847,648,0,0,68,279,979,56,ATK@600+HEAL@1200+CAP@1800,gauntlet/20260930-163425-scrim-g_iter0/replays/noahzemlin.honeyducklings__Divergent__botA.bc24,noahzemlin.honeyducklings,1,g_iter0
B,honeyducklings,0,2000,MORE_FLAG_CAPTURES,0,-1,258,4,0,0,0,0,60,9,3100,3090,0,9,372,400,2,12,0,22,56,979,ATK@600+HEAL@1200+CAP@1800,gauntlet/20260930-163425-scrim-g_iter0/replays/noahzemlin.honeyducklings__Divergent__botA.bc24,noahzemlin.honeyducklings,0,g_iter0
A,keyboardcrusader_v1,0,2000,MORE_FLAG_CAPTURES,0,-1,0,3,0,3,0,0,145,0,650,1550,0,4,182,200,17,0,0,54,29,168,,gauntlet/20260930-163425-scrim-g_iter0/replays/H4ffliger.keyboardcrusader_v1__MazeRunner__botB.bc24,H4ffliger.keyboardcrusader_v1,0,g_iter0
B,g_iter0,1,2000,MORE_FLAG_CAPTURES,2,314,234,8,0,0,0,0,124,0,1280,4240,0,3,322,400,0,0,77,240,168,29,ATK@600+HEAL@1200+CAP@1800,gauntlet/20260930-163425-scrim-g_iter0/replays/H4ffliger.keyboardcrusader_v1__MazeRunner__botB.bc24,H4ffliger.keyboardcrusader_v1,1,g_iter0
A,moveBot1,0,1971,CAPTURE,0,-1,0,0,0,0,0,0,19,34,330,320,5,33,39,81,44,0,0,61,38,1084,ATK@600+HEAL@1200+CAP@1800,gauntlet/20260930-163425-scrim-g_iter0/replays/adamseth2.moveBot1__Diagonal__botB.bc24,adamseth2.moveBot1,0,g_iter0
B,g_iter0,1,1971,CAPTURE,3,774,440,5,0,0,0,0,23,0,6810,6450,0,3,418,83,0,0,79,627,1084,38,ATK@600+HEAL@1200+CAP@1800,gauntlet/20260930-163425-scrim-g_iter0/replays/adamseth2.moveBot1__Diagonal__botB.bc24,adamseth2.moveBot1,1,g_iter0
A,g_iter0,1,522,CAPTURE,3,382,233,4,0,0,0,0,0,0,4800,1410,0,7,418,324,0,0,16,18,67,12,,gauntlet/20260930-163425-scrim-g_iter0/replays/reeceyang.v5__BedWars__botA.bc24,reeceyang.v5,1,g_iter0
B,v5,0,522,CAPTURE,2,359,330,8,0,0,0,0,0,22,160,20,2,20,186,350,22,0,0,5,12,67,,gauntlet/20260930-163425-scrim-g_iter0/replays/reeceyang.v5__BedWars__botA.bc24,reeceyang.v5,0,g_iter0
A,g_iter0,1,700,CAPTURE,3,426,266,3,0,0,0,0,74,0,3080,1870,0,3,1059,513,0,0,102,138,298,9,ATK@600,gauntlet/20260930-163425-scrim-g_iter0/replays/abdullah8a0.crayBasic__Duck__botA.bc24,abdullah8a0.crayBasic,1,g_iter0
B,crayBasic,0,700,CAPTURE,1,532,428,1,0,0,0,0,0,0,2700,3300,0,20,292,22,0,0,0,0,9,298,,gauntlet/20260930-163425-scrim-g_iter0/replays/abdullah8a0.crayBasic__Duck__botA.bc24,abdullah8a0.crayBasic,0,g_iter0
A,dangerduck2,0,954,CAPTURE,2,798,314,30,1,0,0,0,45,24,240,1130,3,3,368,478,0,24,0,40,15,688,ATK@600,gauntlet/20260930-163425-scrim-g_iter0/replays/dylanzemlin.dangerduck2__Rivers__botB.bc24,dylanzemlin.dangerduck2,0,g_iter0
B,g_iter0,1,954,CAPTURE,3,323,253,7,0,0,0,0,33,0,2910,290,0,23,1197,708,0,0,48,198,688,15,ATK@600,gauntlet/20260930-163425-scrim-g_iter0/replays/dylanzemlin.dangerduck2__Rivers__botB.bc24,dylanzemlin.dangerduck2,1,g_iter0
A,AttackingBot,0,2000,MORE_BREAD,0,-1,0,0,0,0,0,0,0,0,2400,2900,0,9,0,0,0,0,0,0,0,0,ATK@600+HEAL@1200,gauntlet/20260930-163425-scrim-g_iter0/replays/Lithanium.AttackingBot__Puzzle__botB.bc24,Lithanium.AttackingBot,0,g_iter0
B,g_iter0,1,2000,MORE_BREAD,0,-1,0,0,0,0,0,0,6,0,2220,5780,0,3,0,0,0,0,7,0,0,0,ATK@600+HEAL@1200+CAP@1800,gauntlet/20260930-163425-scrim-g_iter0/replays/Lithanium.AttackingBot__Puzzle__botB.bc24,Lithanium.AttackingBot,1,g_iter0
A,SimpleBot,0,1001,RESIGNATION,0,-1,0,0,0,0,0,0,6,0,3320,3820,0,50,0,0,0,0,0,0,0,50,ATK@600,gauntlet/20260930-163425-scrim-g_iter0/replays/sayam-goyal.SimpleBot__AceOfSpades__botB.bc24,sayam-goyal.SimpleBot,0,g_iter0
B,g_iter0,1,1001,RESIGNATION,0,-1,0,0,0,0,0,0,13,0,3810,7710,0,3,0,0,0,0,8,0,50,0,ATK@600,gauntlet/20260930-163425-scrim-g_iter0/replays/sayam-goyal.SimpleBot__AceOfSpades__botB.bc24,sayam-goyal.SimpleBot,1,g_iter0
A,g_iter0,1,2000,LEVEL_SUM,0,-1,0,0,0,0,0,0,39,0,3030,1660,0,10,276,28,0,0,28,0,61,0,ATK@600+HEAL@1200+CAP@1800,gauntlet/20260930-163425-scrim-g_iter0/replays/Lithanium.AttackingBot__Ambush__botA.bc24,Lithanium.AttackingBot,1,g_iter0
B,AttackingBot,0,2000,LEVEL_SUM,0,-1,0,0,0,0,0,0,68,3,2060,820,0,16,9,0,13,0,0,1,0,61,ATK@600+HEAL@1200,gauntlet/20260930-163425-scrim-g_iter0/replays/Lithanium.AttackingBot__Ambush__botA.bc24,Lithanium.AttackingBot,0,g_iter0
A,cowards,0,1932,CAPTURE,1,393,328,3,0,0,0,0,46,26,1820,100,1,3,200,1089,44,0,0,118,98,780,ATK@750+HEAL@1500,gauntlet/20260930-163425-scrim-g_iter0/replays/aj-chau.cowards__Rainbow__botB.bc24,aj-chau.cowards,0,g_iter0
B,g_iter0,1,1932,CAPTURE,3,557,322,11,0,0,0,0,49,0,6930,280,0,21,992,482,0,0,90,268,780,98,ATK@600+HEAL@1200+CAP@1800,gauntlet/20260930-163425-scrim-g_iter0/replays/aj-chau.cowards__Rainbow__botB.bc24,aj-chau.cowards,1,g_iter0
A,honeyducklings,0,1521,CAPTURE,2,434,246,35,0,0,0,0,77,14,1590,1550,0,4,481,381,7,19,0,44,93,735,ATK@600+HEAL@1200,gauntlet/20260930-163425-scrim-g_iter0/replays/noahzemlin.honeyducklings__Duck__botB.bc24,noahzemlin.honeyducklings,0,g_iter0
B,g_iter0,1,1521,CAPTURE,3,380,235,9,0,0,0,0,63,0,3410,20,0,1,891,616,0,0,47,271,735,93,ATK@600+HEAL@1200,gauntlet/20260930-163425-scrim-g_iter0/replays/noahzemlin.honeyducklings__Duck__botB.bc24,noahzemlin.honeyducklings,1,g_iter0
A,cowards,0,1896,CAPTURE,2,365,287,4,0,0,0,0,35,3,12850,3480,0,0,171,880,154,0,0,191,163,666,ATK@750+HEAL@1500,gauntlet/20260930-163425-scrim-g_iter0/replays/aj-chau.cowards__Joker__botB.bc24,aj-chau.cowards,0,g_iter0
B,g_iter0,1,1896,CAPTURE,3,328,249,24,0,0,0,0,1,0,16870,9990,0,4,766,683,0,0,194,359,666,163,ATK@600+HEAL@1200+CAP@1800,gauntlet/20260930-163425-scrim-g_iter0/replays/aj-chau.cowards__Joker__botB.bc24,aj-chau.cowards,1,g_iter0
A,g_iter0,1,669,CAPTURE,3,329,233,5,0,0,0,0,50,0,2900,3700,0,4,781,622,2,0,103,180,324,25,ATK@600,gauntlet/20260930-163425-scrim-g_iter0/replays/Rubrasum.version_3__EvilGrin__botA.bc24,Rubrasum.version_3,1,g_iter0
B,version_3,0,669,CAPTURE,0,-1,261,5,0,3,0,0,2,17,140,150,0,3,192,0,38,0,0,34,25,324,ATK@600,gauntlet/20260930-163425-scrim-g_iter0/replays/Rubrasum.version_3__EvilGrin__botA.bc24,Rubrasum.version_3,0,g_iter0
A,g_iter0,1,2000,MORE_FLAG_CAPTURES,2,496,251,21,0,0,0,0,71,0,4770,3040,0,24,179,176,0,0,28,259,497,146,ATK@600+HEAL@1200+CAP@1800,gauntlet/20260930-163425-scrim-g_iter0/replays/cViper971.ourplayer__Hurricane__botA.bc24,cViper971.ourplayer,1,g_iter0
B,ourplayer,0,2000,MORE_FLAG_CAPTURES,0,-1,210,34,0,0,0,0,49,28,70,270,3,3,61,106,36,0,0,87,146,497,ATK@600+HEAL@1200+CAP@1800,gauntlet/20260930-163425-scrim-g_iter0/replays/cViper971.ourplayer__Hurricane__botA.bc24,cViper971.ourplayer,0,g_iter0
A,sprint1,0,862,CAPTURE,1,289,221,4,0,0,0,0,364,11,180,20,0,9,189,1385,11,0,0,10,31,385,ATK@600,gauntlet/20260930-163425-scrim-g_iter0/replays/justinottesen.sprint1__English__botB.bc24,justinottesen.sprint1,0,g_iter0
B,g_iter0,1,862,CAPTURE,3,300,232,19,0,0,0,0,190,0,7600,230,0,18,1323,317,0,0,100,210,385,31,ATK@600,gauntlet/20260930-163425-scrim-g_iter0/replays/justinottesen.sprint1__English__botB.bc24,justinottesen.sprint1,1,g_iter0
A,funkyguy3,0,691,CAPTURE,2,385,311,15,0,0,0,0,10,39,70,70,3,36,69,375,20,0,40,63,8,531,ATK@600,gauntlet/20260930-163425-scrim-g_iter0/replays/lcforges.funkyguy3__Battlefield__botB.bc24,lcforges.funkyguy3,0,g_iter0
B,g_iter0,1,691,CAPTURE,3,325,308,6,0,0,0,0,30,0,5200,230,0,30,1613,140,0,0,75,112,531,8,ATK@600,gauntlet/20260930-163425-scrim-g_iter0/replays/lcforges.funkyguy3__Battlefield__botB.bc24,lcforges.funkyguy3,1,g_iter0
A,g_iter0,1,621,CAPTURE,3,324,256,4,0,0,0,0,33,0,3010,3330,0,5,877,636,0,0,85,132,233,7,ATK@600,gauntlet/20260930-163425-scrim-g_iter0/replays/samithShetty.combustiblelemon__KingQuacksCastle__botA.bc24,samithShetty.combustiblelemon,1,g_iter0
B,combustiblelemon,0,621,CAPTURE,0,-1,0,3,0,3,19,0,0,13,200,200,0,4,306,189,23,0,0,8,7,233,,gauntlet/20260930-163425-scrim-g_iter0/replays/samithShetty.combustiblelemon__KingQuacksCastle__botA.bc24,samithShetty.combustiblelemon,0,g_iter0
A,dinoboxer,0,1356,CAPTURE,2,1025,646,15,0,0,0,0,11,21,70,50,0,33,243,570,20,3,5,70,29,625,ATK@600+CAP@1200,gauntlet/20260930-163425-scrim-g_iter0/replays/Peter-Fun.dinoboxer__BigDucksBigPond__botB.bc24,Peter-Fun.dinoboxer,0,g_iter0
B,g_iter0,1,1356,CAPTURE,3,568,379,9,0,0,0,0,132,0,3540,3640,0,3,754,494,0,0,109,355,625,29,ATK@600+HEAL@1200,gauntlet/20260930-163425-scrim-g_iter0/replays/Peter-Fun.dinoboxer__BigDucksBigPond__botB.bc24,Peter-Fun.dinoboxer,1,g_iter0
A,Sprint2,0,2000,LEVEL_SUM,1,769,677,1,0,0,0,0,7,0,2690,30,0,15,26,208,8,4,8,55,29,1281,ATK@600+CAP@1200+HEAL@1800,gauntlet/20260930-163425-scrim-g_iter0/replays/tlevietpdx.Sprint2__FloodGates__botB.bc24,tlevietpdx.Sprint2,0,g_iter0
B,g_iter0,1,2000,LEVEL_SUM,1,442,374,18,0,0,0,0,6,0,2720,300,0,25,812,97,0,0,46,324,1281,29,ATK@600+HEAL@1200+CAP@1800,gauntlet/20260930-163425-scrim-g_iter0/replays/tlevietpdx.Sprint2__FloodGates__botB.bc24,tlevietpdx.Sprint2,1,g_iter0
A,g_iter0,1,713,CAPTURE,3,502,309,4,0,0,0,0,31,0,2270,2110,0,3,565,310,0,0,86,161,258,19,ATK@600,gauntlet/20260930-163425-scrim-g_iter0/replays/adamseth2.moveBot1__Asteroids__botA.bc24,adamseth2.moveBot1,1,g_iter0
B,moveBot1,0,713,CAPTURE,0,-1,0,0,0,0,0,0,62,6,160,230,1,19,77,111,14,0,0,15,19,258,ATK@600,gauntlet/20260930-163425-scrim-g_iter0/replays/adamseth2.moveBot1__Asteroids__botA.bc24,adamseth2.moveBot1,0,g_iter0
A,Team3,0,1277,CAPTURE,0,-1,0,3,0,3,5,0,1,19,40,60,3,27,25,31,33,0,0,42,38,261,,gauntlet/20260930-163425-scrim-g_iter0/replays/dylanconklin.Team3__HeMustBeFreed__botB.bc24,dylanconklin.Team3,0,g_iter0
B,g_iter0,1,1277,CAPTURE,3,646,356,10,0,0,0,0,148,0,3860,4100,0,3,157,126,0,0,30,165,261,38,ATK@600+HEAL@1200,gauntlet/20260930-163425-scrim-g_iter0/replays/dylanconklin.Team3__HeMustBeFreed__botB.bc24,dylanconklin.Team3,1,g_iter0
A,ducks,0,847,CAPTURE,0,-1,0,3,0,3,8,0,0,23,200,100,0,37,5,0,33,0,0,23,13,86,,gauntlet/20260930-163425-scrim-g_iter0/replays/SriLakshmiPolavarapu.ducks__BedWars__botB.bc24,SriLakshmiPolavarapu.ducks,0,g_iter0
B,g_iter0,1,847,CAPTURE,3,417,327,3,0,0,0,0,0,0,4800,1900,0,3,156,264,0,0,13,16,86,13,ATK@600,gauntlet/20260930-163425-scrim-g_iter0/replays/SriLakshmiPolavarapu.ducks__BedWars__botB.bc24,SriLakshmiPolavarapu.ducks,1,g_iter0
A,polyv4,0,2000,LEVEL_SUM,1,424,305,2,0,0,0,0,16,26,410,690,3,14,44,56,2,0,36,20,0,505,HEAL@600+ATK@1200,gauntlet/20260930-163425-scrim-g_iter0/replays/polyllc.polyv4__Decision__botB.bc24,polyllc.polyv4,0,g_iter0
B,g_iter0,1,2000,LEVEL_SUM,1,448,350,1,0,0,0,0,89,0,1630,310,0,3,622,130,0,0,45,115,505,0,ATK@600+HEAL@1200+CAP@1800,gauntlet/20260930-163425-scrim-g_iter0/replays/polyllc.polyv4__Decision__botB.bc24,polyllc.polyv4,1,g_iter0
A,alexander,0,2000,MORE_FLAG_CAPTURES,0,-1,304,7,0,3,12,0,0,0,4000,5300,0,9,390,181,0,0,0,0,22,1109,ATK@751+CAP@1501,gauntlet/20260930-163425-scrim-g_iter0/replays/VarunVejalla.alexander__Whirlpool__botB.bc24,VarunVejalla.alexander,0,g_iter0
B,g_iter0,1,2000,MORE_FLAG_CAPTURES,2,1362,1238,4,0,0,0,0,84,0,2680,680,0,19,837,730,0,0,82,362,1109,22,ATK@600+HEAL@1200+CAP@1800,gauntlet/20260930-163425-scrim-g_iter0/replays/VarunVejalla.alexander__Whirlpool__botB.bc24,VarunVejalla.alexander,1,g_iter0
A,g_iter0,1,850,CAPTURE,3,544,402,7,0,0,0,0,19,0,4830,330,0,7,1050,1005,0,0,65,165,365,20,ATK@600,gauntlet/20260930-163425-scrim-g_iter0/replays/MiloAkerman.v1__Soccer__botA.bc24,MiloAkerman.v1,1,g_iter0
B,v1,0,850,CAPTURE,0,-1,0,0,0,0,0,0,48,2,3560,4060,0,4,512,1719,11,0,0,11,20,365,,gauntlet/20260930-163425-scrim-g_iter0/replays/MiloAkerman.v1__Soccer__botA.bc24,MiloAkerman.v1,0,g_iter0
A,g_iter0,1,1001,RESIGNATION,0,-1,0,0,0,0,0,0,169,0,1430,600,0,26,58,0,0,0,15,0,57,0,ATK@600,gauntlet/20260930-163425-scrim-g_iter0/replays/sayam-goyal.SimpleBot__Starfish__botA.bc24,sayam-goyal.SimpleBot,1,g_iter0
B,SimpleBot,0,1001,RESIGNATION,0,-1,0,0,0,0,0,0,0,0,4000,4500,0,50,0,0,0,0,0,0,0,57,ATK@600,gauntlet/20260930-163425-scrim-g_iter0/replays/sayam-goyal.SimpleBot__Starfish__botA.bc24,sayam-goyal.SimpleBot,0,g_iter0
A,v11,0,2000,LEVEL_SUM,0,-1,0,0,0,0,0,0,62,20,2240,850,1,7,233,453,0,3,45,97,19,208,ATK@600+HEAL@1200+CAP@1800,gauntlet/20260930-163425-scrim-g_iter0/replays/JeffLegendPower.v11__GravitationalWaves__botB.bc24,JeffLegendPower.v11,0,g_iter0
B,g_iter0,1,2000,LEVEL_SUM,0,-1,840,4,0,0,0,0,65,0,4150,1920,0,8,402,451,0,0,57,106,208,19,ATK@600+HEAL@1200+CAP@1800,gauntlet/20260930-163425-scrim-g_iter0/replays/JeffLegendPower.v11__GravitationalWaves__botB.bc24,JeffLegendPower.v11,1,g_iter0
A,g_iter0,1,1947,CAPTURE,3,279,234,5,0,0,0,0,69,0,6130,2510,0,3,868,837,1,0,99,816,1792,103,ATK@600+HEAL@1200+CAP@1800,gauntlet/20260930-163425-scrim-g_iter0/replays/RyanAspen.v22__Islands__botA.bc24,RyanAspen.v22,1,g_iter0
B,v22,0,1947,CAPTURE,2,270,218,2,0,0,0,0,63,46,210,100,0,6,494,245,0,0,62,216,103,1792,HEAL@600+ATK@1200+CAP@1800,gauntlet/20260930-163425-scrim-g_iter0/replays/RyanAspen.v22__Islands__botA.bc24,RyanAspen.v22,0,g_iter0
A,g_iter0,1,1045,CAPTURE,3,753,324,10,0,0,0,0,0,0,4200,1560,0,4,732,172,0,0,70,153,464,17,ATK@600,gauntlet/20260930-163425-scrim-g_iter0/replays/lcforges.funkyguy3__Valentine__botA.bc24,lcforges.funkyguy3,1,g_iter0
B,funkyguy3,0,1045,CAPTURE,1,609,279,11,0,0,0,0,0,30,70,90,3,7,72,293,18,0,49,96,17,464,ATK@600,gauntlet/20260930-163425-scrim-g_iter0/replays/lcforges.funkyguy3__Valentine__botA.bc24,lcforges.funkyguy3,0,g_iter0
A,alexander,0,1188,CAPTURE,1,1098,1068,7,0,3,48,0,0,0,2700,3200,0,28,143,249,0,0,0,0,23,450,ATK@751,gauntlet/20260930-163425-scrim-g_iter0/replays/VarunVejalla.alexander__HungerGames__botB.bc24,VarunVejalla.alexander,0,g_iter0
B,g_iter0,1,1188,CAPTURE,3,907,848,21,0,0,0,0,19,0,2530,10550,0,28,492,284,0,0,114,347,450,23,ATK@600,gauntlet/20260930-163425-scrim-g_iter0/replays/VarunVejalla.alexander__HungerGames__botB.bc24,VarunVejalla.alexander,1,g_iter0
A,g_iter0,1,1041,CAPTURE,3,300,211,8,0,0,0,0,6,0,5920,1490,0,20,510,427,0,0,80,252,437,39,ATK@600,gauntlet/20260930-163425-scrim-g_iter0/replays/Peter-Fun.dinoboxer__DefaultHuge__botA.bc24,Peter-Fun.dinoboxer,1,g_iter0
B,dinoboxer,0,1041,CAPTURE,1,345,258,6,0,0,0,0,0,30,100,210,1,3,229,444,30,2,18,42,39,437,ATK@600,gauntlet/20260930-163425-scrim-g_iter0/replays/Peter-Fun.dinoboxer__DefaultHuge__botA.bc24,Peter-Fun.dinoboxer,0,g_iter0
A,g_iter0,1,447,CAPTURE,3,330,232,3,0,0,0,0,181,0,10070,30060,0,3,0,0,0,0,0,0,0,0,,gauntlet/20260930-163425-scrim-g_iter0/replays/lukerhoads.warrior_2nd_comp__Snake__botA.bc24,lukerhoads.warrior_2nd_comp,1,g_iter0
B,warrior_2nd_comp,0,447,CAPTURE,0,-1,0,0,0,0,0,0,0,0,2400,2900,0,0,0,0,0,0,0,0,0,0,,gauntlet/20260930-163425-scrim-g_iter0/replays/lukerhoads.warrior_2nd_comp__Snake__botA.bc24,lukerhoads.warrior_2nd_comp,0,g_iter0
A,Bot21,0,2000,LEVEL_SUM,0,-1,252,434,413,3,3,72,65,31,47,77,16,10,581,701,12,0,61,208,169,934,ATK@601+HEAL@1201+CAP@1801,gauntlet/20260930-163425-scrim-g_iter0/replays/HugoIngelsson.Bot21__Capacitance__botB.bc24,HugoIngelsson.Bot21,0,g_iter0
B,g_iter0,1,2000,LEVEL_SUM,0,-1,0,0,0,0,0,0,21,0,5370,290,0,25,1048,989,0,0,77,218,934,169,ATK@600+HEAL@1200+CAP@1800,gauntlet/20260930-163425-scrim-g_iter0/replays/HugoIngelsson.Bot21__Capacitance__botB.bc24,HugoIngelsson.Bot21,1,g_iter0
A,g_iter0,1,2000,MORE_FLAG_CAPTURES,2,789,560,6,0,0,0,0,55,0,5250,230,0,7,1486,803,2,0,95,798,1806,34,ATK@600+HEAL@1200+CAP@1800,gauntlet/20260930-163425-scrim-g_iter0/replays/neilhuang007.baseline__Hurricane__botA.bc24,neilhuang007.baseline,1,g_iter0
B,baseline,0,2000,MORE_FLAG_CAPTURES,1,811,211,15,0,0,0,0,143,11,1510,1440,0,10,466,1021,0,0,11,9,34,1806,CAP@600+ATK@1200+HEAL@1800,gauntlet/20260930-163425-scrim-g_iter0/replays/neilhuang007.baseline__Hurricane__botA.bc24,neilhuang007.baseline,0,g_iter0
A,Team3,0,1810,CAPTURE,0,-1,0,3,0,3,18,0,34,9,20,30,1,25,144,22,19,0,0,4,7,244,,gauntlet/20260930-163425-scrim-g_iter0/replays/dylanconklin.Team3__Divergent__botB.bc24,dylanconklin.Team3,0,g_iter0
B,g_iter0,1,1810,CAPTURE,3,419,329,3,0,0,0,0,30,0,5200,5600,0,3,499,310,0,0,86,176,244,7,ATK@600+HEAL@1200+CAP@1800,gauntlet/20260930-163425-scrim-g_iter0/replays/dylanconklin.Team3__Divergent__botB.bc24,dylanconklin.Team3,1,g_iter0
A,g_iter0,1,979,CAPTURE,3,420,220,5,0,0,0,0,92,0,3140,2860,0,3,516,306,0,0,60,92,151,11,ATK@600,gauntlet/20260930-163425-scrim-g_iter0/replays/joelcrouch.ducks__QueenOfHearts__botA.bc24,joelcrouch.ducks,1,g_iter0
B,ducks,0,979,CAPTURE,0,-1,0,3,0,3,15,0,0,20,200,100,0,18,13,0,32,0,0,29,11,151,,gauntlet/20260930-163425-scrim-g_iter0/replays/joelcrouch.ducks__QueenOfHearts__botA.bc24,joelcrouch.ducks,0,g_iter0
A,g_iter0,1,2000,LEVEL_SUM,0,-1,0,0,0,0,0,0,78,0,60,240,0,16,1066,828,0,0,12,148,776,128,ATK@600+HEAL@1200+CAP@1800,gauntlet/20260930-163425-scrim-g_iter0/replays/qpwoeirut.tournament_sprint1__Racetrack__botA.bc24,qpwoeirut.tournament_sprint1,1,g_iter0
B,tournament_sprint1,0,2000,LEVEL_SUM,0,-1,0,0,0,0,0,0,79,0,30,250,0,5,500,1540,10,0,0,94,128,776,ATK@600+HEAL@1200,gauntlet/20260930-163425-scrim-g_iter0/replays/qpwoeirut.tournament_sprint1__Racetrack__botA.bc24,qpwoeirut.tournament_sprint1,0,g_iter0
A,Sprint2,0,984,CAPTURE,0,-1,614,4,0,0,0,0,24,0,8880,30,0,6,95,338,27,17,21,78,18,505,ATK@600,gauntlet/20260930-163425-scrim-g_iter0/replays/tlevietpdx.Sprint2__Foxes__botB.bc24,tlevietpdx.Sprint2,0,g_iter0
B,g_iter0,1,984,CAPTURE,3,458,356,4,0,0,0,0,16,0,9420,3830,0,3,1172,342,0,0,141,249,505,18,ATK@600,gauntlet/20260930-163425-scrim-g_iter0/replays/tlevietpdx.Sprint2__Foxes__botB.bc24,tlevietpdx.Sprint2,1,g_iter0
A,turtle,0,2000,LEVEL_SUM,0,-1,0,3,0,3,7,1,0,19,180,120,0,23,193,486,26,0,0,11,24,1011,HEAL@600+ATK@1200,gauntlet/20260930-163425-scrim-g_iter0/replays/andrearante12.turtle__Whirlpool__botB.bc24,andrearante12.turtle,0,g_iter0
B,g_iter0,1,2000,LEVEL_SUM,0,-1,1891,1,0,0,0,0,80,0,2800,3450,0,3,838,370,0,0,73,471,1011,24,ATK@600+HEAL@1200+CAP@1800,gauntlet/20260930-163425-scrim-g_iter0/replays/andrearante12.turtle__Whirlpool__botB.bc24,andrearante12.turtle,1,g_iter0
A,g_iter0,1,1028,CAPTURE,3,472,371,4,0,0,0,0,24,0,3180,2960,0,3,700,400,0,0,63,196,476,23,ATK@600,gauntlet/20260930-163425-scrim-g_iter0/replays/Rubrasum.version_3__Gated__botA.bc24,Rubrasum.version_3,1,g_iter0
B,version_3,0,1028,CAPTURE,0,-1,0,3,0,3,7,0,0,19,100,40,0,16,155,0,27,0,0,28,23,476,ATK@600,gauntlet/20260930-163425-scrim-g_iter0/replays/Rubrasum.version_3__Gated__botA.bc24,Rubrasum.version_3,0,g_iter0
A,smartPlayer,0,682,CAPTURE,0,-1,0,3,0,3,11,0,22,17,140,20,0,22,91,9,22,12,0,31,19,89,,gauntlet/20260930-163425-scrim-g_iter0/replays/AlexYu84.smartPlayer__Intercontinental__botB.bc24,AlexYu84.smartPlayer,0,g_iter0
B,g_iter0,1,682,CAPTURE,3,410,302,6,0,0,0,0,156,0,120,250,0,3,327,311,0,0,7,8,89,19,ATK@600,gauntlet/20260930-163425-scrim-g_iter0/replays/AlexYu84.smartPlayer__Intercontinental__botB.bc24,AlexYu84.smartPlayer,1,g_iter0
A,v5,0,1271,CAPTURE,2,275,253,18,0,0,0,0,0,27,140,40,3,3,366,653,30,0,0,47,63,960,ATK@600+CAP@1200,gauntlet/20260930-163425-scrim-g_iter0/replays/reeceyang.v5__Yinyang__botB.bc24,reeceyang.v5,0,g_iter0
B,g_iter0,1,1271,CAPTURE,3,262,242,18,0,0,0,0,0,0,5300,200,0,18,1237,890,0,0,70,324,960,63,ATK@600+HEAL@1200,gauntlet/20260930-163425-scrim-g_iter0/replays/reeceyang.v5__Yinyang__botB.bc24,reeceyang.v5,1,g_iter0
A,tournament_sprint1,0,2000,LEVEL_SUM,0,-1,0,0,0,0,0,0,61,0,3770,570,0,12,361,1063,48,0,0,109,198,678,ATK@600+HEAL@1200,gauntlet/20260930-163425-scrim-g_iter0/replays/qpwoeirut.tournament_sprint1__ORV__botB.bc24,qpwoeirut.tournament_sprint1,0,g_iter0
B,g_iter0,1,2000,LEVEL_SUM,0,-1,0,0,0,0,0,0,37,0,4490,290,0,14,768,482,0,0,64,212,678,198,ATK@600+HEAL@1200+CAP@1800,gauntlet/20260930-163425-scrim-g_iter0/replays/qpwoeirut.tournament_sprint1__ORV__botB.bc24,qpwoeirut.tournament_sprint1,1,g_iter0
A,MPAttack,0,501,RESIGNATION,1,342,324,1,0,0,0,0,16,12,220,740,0,10,535,388,25,0,0,2,28,185,,gauntlet/20260930-163425-scrim-g_iter0/replays/itswin.MPAttack__WheresMyWater__botB.bc24,itswin.MPAttack,0,g_iter0
B,g_iter0,1,501,RESIGNATION,0,-1,0,0,0,0,0,0,60,0,3600,240,0,19,1021,722,0,0,85,93,185,28,,gauntlet/20260930-163425-scrim-g_iter0/replays/itswin.MPAttack__WheresMyWater__botB.bc24,itswin.MPAttack,1,g_iter0
A,v3,1,1717,CAPTURE,3,639,249,55,7,0,0,0,11,0,6170,160,0,6,1109,1291,0,0,90,319,519,611,ATK@600+HEAL@1200,gauntlet/20260930-171612-scrim-g_iter1/losses/NotLLeon.v3__DefaultSmall__botB.bc24,NotLLeon.v3,0,g_iter1
B,g_iter1,0,1717,CAPTURE,0,-1,582,5,0,0,0,0,11,53,195,255,10,33,1081,1522,14,0,60,207,611,519,ATK@600+HEAL@1200,gauntlet/20260930-171612-scrim-g_iter1/losses/NotLLeon.v3__DefaultSmall__botB.bc24,NotLLeon.v3,1,g_iter1
A,g_iter1,0,2000,MORE_FLAG_CAPTURES,1,423,397,1,0,0,0,0,0,43,190,40,7,23,886,1048,7,0,47,196,1523,337,ATK@600+HEAL@1200+CAP@1800,gauntlet/20260930-171612-scrim-g_iter1/losses/ColtG5.Goob_final__BedWars__botA.bc24,ColtG5.Goob_final,1,g_iter1
B,Goob_final,1,2000,MORE_FLAG_CAPTURES,2,537,369,8,0,0,0,0,0,0,4800,30,0,5,581,476,5,0,17,147,337,1523,ATK@600+HEAL@1200+CAP@1800,gauntlet/20260930-171612-scrim-g_iter1/losses/ColtG5.Goob_final__BedWars__botA.bc24,ColtG5.Goob_final,0,g_iter1
A,g_iter1,0,329,CAPTURE,0,-1,0,0,0,0,0,0,18,25,155,290,4,0,599,896,13,0,69,63,65,56,,gauntlet/20260930-171612-scrim-g_iter1/losses/andrewgopher.player22__HungerGames__botA.bc24,andrewgopher.player22,1,g_iter1
B,player22,1,329,CAPTURE,3,289,248,10,3,3,0,0,20,0,2500,10830,0,9,730,310,46,0,98,79,56,65,,gauntlet/20260930-171612-scrim-g_iter1/losses/andrewgopher.player22__HungerGames__botA.bc24,andrewgopher.player22,0,g_iter1
A,g_iter1,0,854,CAPTURE,2,332,312,3,0,0,0,0,2,46,155,235,8,30,1035,1688,10,0,53,96,192,187,ATK@600,gauntlet/20260930-171612-scrim-g_iter1/losses/IvanGeffner.kuma__Yinyang__botA.bc24,IvanGeffner.kuma,1,g_iter1
B,kuma,1,854,CAPTURE,3,247,225,36,18,0,0,85,21,6,2863,1076,17,4,1169,1340,2,0,77,182,187,192,ATK@600,gauntlet/20260930-171612-scrim-g_iter1/losses/IvanGeffner.kuma__Yinyang__botA.bc24,IvanGeffner.kuma,0,g_iter1
A,jeeryfix3,1,2000,MORE_FLAG_CAPTURES,1,406,282,47,0,0,0,0,49,6,4430,2680,0,6,1017,744,0,0,81,268,529,1396,ATK@600+CAP@1200+HEAL@1800,gauntlet/20260930-171612-scrim-g_iter1/losses/kyleezz.jeeryfix3__Mountain__botB.bc24,kyleezz.jeeryfix3,0,g_iter1
B,g_iter1,0,2000,MORE_FLAG_CAPTURES,0,-1,0,0,0,0,0,0,32,45,135,265,8,1,1156,1313,14,0,57,240,1396,529,ATK@600+HEAL@1200+CAP@1800,gauntlet/20260930-171612-scrim-g_iter1/losses/kyleezz.jeeryfix3__Mountain__botB.bc24,kyleezz.jeeryfix3,1,g_iter1
A,waffle,1,2000,MORE_FLAG_CAPTURES,2,268,220,7,0,0,0,0,1,18,570,650,0,6,1186,1006,0,0,58,439,549,1281,ATK@600+HEAL@1200+CAP@1800,gauntlet/20260930-171612-scrim-g_iter1/losses/winkelmantanner.waffle__GaltonBoard__botB.bc24,winkelmantanner.waffle,0,g_iter1
B,g_iter1,0,2000,MORE_FLAG_CAPTURES,0,-1,469,4,0,0,0,0,11,19,155,255,3,25,1267,1556,1,0,52,252,1281,549,ATK@600+HEAL@1200+CAP@1800,gauntlet/20260930-171612-scrim-g_iter1/losses/winkelmantanner.waffle__GaltonBoard__botB.bc24,winkelmantanner.waffle,1,g_iter1
A,g_iter1,0,2000,MORE_FLAG_CAPTURES,1,250,234,3,0,0,0,0,60,26,160,250,4,0,1033,1673,10,0,41,211,652,764,ATK@600+HEAL@1200+CAP@1800,gauntlet/20260930-171612-scrim-g_iter1/losses/andrewgopher.player22__WheresMyWater__botA.bc24,andrewgopher.player22,1,g_iter1
B,player22,1,2000,MORE_FLAG_CAPTURES,2,246,230,7,0,3,0,0,87,0,2790,80,0,6,1352,583,5,0,63,345,764,652,ATK@600+HEAL@1200+CAP@1800,gauntlet/20260930-171612-scrim-g_iter1/losses/andrewgopher.player22__WheresMyWater__botA.bc24,andrewgopher.player22,0,g_iter1
A,kuma,1,1113,CAPTURE,3,823,285,68,42,0,0,90,38,0,1905,2865,18,3,249,231,5,0,25,233,211,195,ATK@600,gauntlet/20260930-171612-scrim-g_iter1/losses/IvanGeffner.kuma__Gauntlet__botB.bc24,IvanGeffner.kuma,0,g_iter1
B,g_iter1,0,1113,CAPTURE,0,-1,0,0,0,0,0,0,55,23,190,140,4,11,210,362,6,0,38,106,195,211,ATK@600,gauntlet/20260930-171612-scrim-g_iter1/losses/IvanGeffner.kuma__Gauntlet__botB.bc24,IvanGeffner.kuma,1,g_iter1
A,cretplayer2_3,1,2000,MORE_FLAG_CAPTURES,1,399,234,24,0,3,29,0,166,0,8320,2690,0,2,681,689,0,6,76,287,394,1126,ATK@600+HEAL@1200+CAP@1800,gauntlet/20260930-171612-scrim-g_iter1/losses/quesswho.cretplayer2_3__English__botB.bc24,quesswho.cretplayer2_3,0,g_iter1
B,g_iter1,0,2000,MORE_FLAG_CAPTURES,0,-1,270,19,0,0,0,0,154,72,410,290,12,0,704,841,25,0,71,224,1126,394,ATK@600+HEAL@1200+CAP@1800,gauntlet/20260930-171612-scrim-g_iter1/losses/quesswho.cretplayer2_3__English__botB.bc24,quesswho.cretplayer2_3,1,g_iter1
A,g_iter1,0,1278,CAPTURE,1,354,253,5,0,0,0,0,68,29,164,224,4,2,1025,954,10,0,39,154,307,187,ATK@600+HEAL@1200,gauntlet/20260930-171612-scrim-g_iter1/losses/SampleProvider.TSPAARKSPRINT1__QueenOfHearts__botA.bc24,SampleProvider.TSPAARKSPRINT1,1,g_iter1
B,TSPAARKSPRINT1,1,1278,CAPTURE,3,651,299,56,0,3,33,0,107,5,2190,10,0,4,592,1434,6,19,3,68,187,307,ATK@600+CAP@1200,gauntlet/20260930-171612-scrim-g_iter1/losses/SampleProvider.TSPAARKSPRINT1__QueenOfHearts__botA.bc24,SampleProvider.TSPAARKSPRINT1,0,g_iter1
A,v10official,1,583,CAPTURE,3,287,267,28,19,3,26,67,4,3,4131,101,13,1,1073,1825,1,3,69,93,50,65,,gauntlet/20260930-171612-scrim-g_iter1/losses/Gymhgy.v10official__Alien__botB.bc24,Gymhgy.v10official,0,g_iter1
B,g_iter1,0,583,CAPTURE,0,-1,383,10,0,0,0,0,10,44,180,280,7,22,1295,1725,13,0,50,69,65,50,,gauntlet/20260930-171612-scrim-g_iter1/losses/Gymhgy.v10official__Alien__botB.bc24,Gymhgy.v10official,1,g_iter1
A,g_iter1,0,446,CAPTURE,0,-1,0,0,0,0,0,0,60,24,150,260,3,34,1013,1280,6,0,44,43,147,115,,gauntlet/20260930-171612-scrim-g_iter1/losses/jmerle.camel_case_v21_final__Tunnels__botA.bc24,jmerle.camel_case_v21_final,1,g_iter1
B,camel_case_v21_final,1,446,CAPTURE,3,289,239,15,0,0,0,0,61,0,2970,750,0,10,1301,297,0,0,74,84,115,147,,gauntlet/20260930-171612-scrim-g_iter1/losses/jmerle.camel_case_v21_final__Tunnels__botA.bc24,jmerle.camel_case_v21_final,0,g_iter1
A,g_iter1,0,816,CAPTURE,0,-1,0,0,0,0,0,0,79,24,130,300,4,17,906,1644,4,0,38,69,139,180,ATK@600,gauntlet/20260930-171612-scrim-g_iter1/losses/andli28.v9_USQuals_angle__Whirlpool__botA.bc24,andli28.v9_USQuals_angle,1,g_iter1
B,v9_USQuals_angle,1,816,CAPTURE,3,714,415,25,0,0,0,47,70,8,1628,4416,10,14,1010,1439,4,3,36,151,180,139,ATK@600,gauntlet/20260930-171612-scrim-g_iter1/losses/andli28.v9_USQuals_angle__Whirlpool__botA.bc24,andli28.v9_USQuals_angle,0,g_iter1
A,g_iter1,0,1126,CAPTURE,0,-1,324,7,0,0,0,0,21,41,151,156,7,6,894,1622,9,0,51,130,191,342,ATK@600,gauntlet/20260930-171612-scrim-g_iter1/losses/Strequals.duck0127v5__Soccer__botA.bc24,Strequals.duck0127v5,1,g_iter1
B,duck0127v5,1,1126,CAPTURE,3,522,319,20,0,0,0,90,40,3,2658,1955,18,3,1149,1399,0,3,87,310,342,191,ATK@600,gauntlet/20260930-171612-scrim-g_iter1/losses/Strequals.duck0127v5__Soccer__botA.bc24,Strequals.duck0127v5,0,g_iter1
A,finalbot,1,363,CAPTURE,3,350,279,9,2,3,27,4,37,0,2010,90,0,0,682,683,0,4,60,56,31,24,,gauntlet/20260930-171612-scrim-g_iter1/losses/hsmalladi.finalbot__Asteroids__botB.bc24,hsmalladi.finalbot,0,g_iter1
B,g_iter1,0,363,CAPTURE,1,357,261,3,0,0,0,0,32,21,140,150,3,0,543,801,4,0,38,27,24,31,,gauntlet/20260930-171612-scrim-g_iter1/losses/hsmalladi.finalbot__Asteroids__botB.bc24,hsmalladi.finalbot,1,g_iter1
A,camel_case_v21_final,1,374,CAPTURE,3,309,235,9,0,0,0,0,5,0,2250,4140,0,1,763,455,0,0,43,41,47,51,,gauntlet/20260930-171612-scrim-g_iter1/losses/jmerle.camel_case_v21_final__Pancakes__botB.bc24,jmerle.camel_case_v21_final,0,g_iter1
B,g_iter1,0,374,CAPTURE,1,283,237,3,0,0,0,0,16,18,145,315,3,0,565,802,11,0,56,47,51,47,,gauntlet/20260930-171612-scrim-g_iter1/losses/jmerle.camel_case_v21_final__Pancakes__botB.bc24,jmerle.camel_case_v21_final,1,g_iter1
A,Version18Final,1,1984,CAPTURE,3,1126,1090,16,0,3,20,33,59,9,2955,3550,7,12,741,983,8,3,46,212,330,517,ATK@600+HEAL@1200+CAP@1800,gauntlet/20260930-171612-scrim-g_iter1/losses/uravt.Version18Final__Mountain__botB.bc24,uravt.Version18Final,0,g_iter1
B,g_iter1,0,1984,CAPTURE,1,773,492,5,0,0,0,0,35,46,145,245,8,19,728,1087,12,0,62,246,517,330,ATK@600+HEAL@1200+CAP@1800,gauntlet/20260930-171612-scrim-g_iter1/losses/uravt.Version18Final__Mountain__botB.bc24,uravt.Version18Final,1,g_iter1
A,g_iter1,0,297,CAPTURE,0,-1,0,0,0,0,0,0,26,48,180,280,8,0,538,763,9,0,48,40,28,19,,gauntlet/20260930-171612-scrim-g_iter1/losses/andli28.v9_USQuals_angle__Battlefield__botA.bc24,andli28.v9_USQuals_angle,1,g_iter1
B,v9_USQuals_angle,1,297,CAPTURE,3,240,218,8,0,0,0,51,29,9,3418,2110,12,31,532,586,3,2,48,42,19,28,,gauntlet/20260930-171612-scrim-g_iter1/losses/andli28.v9_USQuals_angle__Battlefield__botA.bc24,andli28.v9_USQuals_angle,0,g_iter1
A,cretplayer2_3,1,2000,MORE_FLAG_CAPTURES,1,475,256,30,0,3,13,0,53,0,3710,970,0,12,964,851,0,3,58,197,320,1284,ATK@600+HEAL@1200+CAP@1800,gauntlet/20260930-171612-scrim-g_iter1/losses/quesswho.cretplayer2_3__DefaultMedium__botB.bc24,quesswho.cretplayer2_3,0,g_iter1
B,g_iter1,0,2000,MORE_FLAG_CAPTURES,0,-1,607,11,0,0,0,0,63,24,150,275,4,2,935,942,10,0,38,387,1284,320,ATK@600+HEAL@1200+CAP@1800,gauntlet/20260930-171612-scrim-g_iter1/losses/quesswho.cretplayer2_3__DefaultMedium__botB.bc24,quesswho.cretplayer2_3,1,g_iter1
A,g_iter1,0,1027,CAPTURE,0,-1,666,1,0,0,0,0,207,59,46,286,10,17,943,1490,24,0,63,146,102,431,ATK@600,gauntlet/20260930-171612-scrim-g_iter1/losses/chenyx512.flagbot_final__Waterworld__botA.bc24,chenyx512.flagbot_final,1,g_iter1
B,flagbot_final,1,1027,CAPTURE,3,448,389,19,0,3,24,90,403,0,212,12,18,3,1152,1652,0,0,126,359,431,102,ATK@600,gauntlet/20260930-171612-scrim-g_iter1/losses/chenyx512.flagbot_final__Waterworld__botA.bc24,chenyx512.flagbot_final,0,g_iter1
A,g_iter1,0,990,CAPTURE,0,-1,271,15,0,0,0,0,3,110,685,295,11,9,826,1078,24,0,116,181,97,281,ATK@600,gauntlet/20260930-171612-scrim-g_iter1/losses/chenyx512.flagbot_final__YearOfTheDragon__botA.bc24,chenyx512.flagbot_final,1,g_iter1
B,flagbot_final,1,990,CAPTURE,3,570,252,10,0,3,34,90,114,3,8318,7968,18,2,862,1233,0,0,108,326,281,97,ATK@600,gauntlet/20260930-171612-scrim-g_iter1/losses/chenyx512.flagbot_final__YearOfTheDragon__botA.bc24,chenyx512.flagbot_final,0,g_iter1
A,TSPAARKSPRINT1,1,1204,CAPTURE,3,465,285,46,0,3,44,0,80,4,1400,390,0,9,373,830,12,27,5,71,146,379,ATK@600+CAP@1200,gauntlet/20260930-171612-scrim-g_iter1/losses/SampleProvider.TSPAARKSPRINT1__DefaultLarge__botB.bc24,SampleProvider.TSPAARKSPRINT1,0,g_iter1
B,g_iter1,0,1204,CAPTURE,0,-1,279,37,0,0,0,0,43,23,135,155,3,2,674,834,6,0,54,207,379,146,ATK@600+HEAL@1200,gauntlet/20260930-171612-scrim-g_iter1/losses/SampleProvider.TSPAARKSPRINT1__DefaultLarge__botB.bc24,SampleProvider.TSPAARKSPRINT1,1,g_iter1
A,g_iter1,0,1390,CAPTURE,0,-1,1017,12,0,0,0,0,34,64,615,255,10,20,786,803,24,0,169,304,323,361,ATK@600+HEAL@1200,gauntlet/20260930-171612-scrim-g_iter1/losses/CyrilSharma.finalBot__MIT__botA.bc24,CyrilSharma.finalBot,1,g_iter1
B,finalBot,1,1390,CAPTURE,3,400,293,18,0,0,0,42,11,0,8504,32241,8,4,585,777,0,0,118,674,361,323,ATK@600+HEAL@1200,gauntlet/20260930-171612-scrim-g_iter1/losses/CyrilSharma.finalBot__MIT__botA.bc24,CyrilSharma.finalBot,0,g_iter1
A,finalbot,1,880,CAPTURE,3,647,596,36,4,3,18,53,28,0,2196,526,10,0,959,1165,7,4,30,88,186,257,ATK@600,gauntlet/20260930-171612-scrim-g_iter1/losses/hsmalladi.finalbot__Rivers__botB.bc24,hsmalladi.finalbot,0,g_iter1
B,g_iter1,0,880,CAPTURE,0,-1,265,4,0,0,0,0,31,27,205,160,4,4,858,1508,3,0,42,68,257,186,ATK@600,gauntlet/20260930-171612-scrim-g_iter1/losses/hsmalladi.finalbot__Rivers__botB.bc24,hsmalladi.finalbot,1,g_iter1
A,v3,1,1550,CAPTURE,3,615,364,95,5,0,0,0,34,0,8580,26250,0,2,428,560,0,0,63,346,234,376,ATK@600+HEAL@1200,gauntlet/20260930-171612-scrim-g_iter1/losses/NotLLeon.v3__MIT__botB.bc24,NotLLeon.v3,0,g_iter1
B,g_iter1,0,1550,CAPTURE,2,247,223,3,0,0,0,0,40,62,625,323,10,3,599,703,25,0,235,341,376,234,ATK@600+HEAL@1200,gauntlet/20260930-171612-scrim-g_iter1/losses/NotLLeon.v3__MIT__botB.bc24,NotLLeon.v3,1,g_iter1
A,g_iter1,0,2000,MORE_FLAG_CAPTURES,1,1970,762,3,0,0,0,0,43,30,185,295,4,1,1089,1293,7,0,46,217,1230,468,ATK@600+HEAL@1200+CAP@1800,gauntlet/20260930-171612-scrim-g_iter1/losses/kyleezz.jeeryfix3__BreadPudding__botA.bc24,kyleezz.jeeryfix3,1,g_iter1
B,jeeryfix3,1,2000,MORE_FLAG_CAPTURES,2,303,250,8,0,0,0,0,55,3,3050,760,0,16,958,707,0,0,64,289,468,1230,ATK@600+CAP@1200+HEAL@1800,gauntlet/20260930-171612-scrim-g_iter1/losses/kyleezz.jeeryfix3__BreadPudding__botA.bc24,kyleezz.jeeryfix3,0,g_iter1
A,finalBot,1,1284,CAPTURE,3,416,247,31,0,0,0,51,2,0,4723,2214,10,4,971,877,0,0,114,323,282,385,ATK@600+HEAL@1200,gauntlet/20260930-171612-scrim-g_iter1/losses/CyrilSharma.finalBot__Alien__botB.bc24,CyrilSharma.finalBot,0,g_iter1
B,g_iter1,0,1284,CAPTURE,0,-1,695,3,0,0,0,0,9,44,170,300,8,20,936,1148,13,0,50,134,385,282,ATK@600+HEAL@1200,gauntlet/20260930-171612-scrim-g_iter1/losses/CyrilSharma.finalBot__Alien__botB.bc24,CyrilSharma.finalBot,1,g_iter1
A,duck0127v5,1,1022,CAPTURE,3,394,285,14,0,0,0,90,4,18,3670,2615,18,7,1029,1148,0,3,118,300,329,194,ATK@600,gauntlet/20260930-171612-scrim-g_iter1/losses/Strequals.duck0127v5__DefaultHuge__botB.bc24,Strequals.duck0127v5,0,g_iter1
B,g_iter1,0,1022,CAPTURE,2,576,286,28,0,0,0,0,11,50,200,220,9,6,800,1441,12,0,57,121,194,329,ATK@600,gauntlet/20260930-171612-scrim-g_iter1/losses/Strequals.duck0127v5__DefaultHuge__botB.bc24,Strequals.duck0127v5,1,g_iter1
A,g_iter1,0,353,CAPTURE,0,-1,0,0,0,0,0,0,16,24,205,210,4,0,585,916,7,0,45,43,28,37,,gauntlet/20260930-171612-scrim-g_iter1/losses/uravt.Version18Final__HungerGames__botA.bc24,uravt.Version18Final,1,g_iter1
B,Version18Final,1,353,CAPTURE,3,273,231,7,0,3,21,39,16,6,1041,15593,8,6,691,820,35,3,77,68,37,28,,gauntlet/20260930-171612-scrim-g_iter1/losses/uravt.Version18Final__HungerGames__botA.bc24,uravt.Version18Final,0,g_iter1
A,dangerduck2,0,713,CAPTURE,0,-1,267,40,1,0,0,0,69,24,220,970,3,7,526,623,0,24,0,25,24,343,ATK@600,gauntlet/20260930-171612-scrim-g_iter1/replays/dylanzemlin.dangerduck2__Funnel__botB.bc24,dylanzemlin.dangerduck2,0,g_iter1
B,g_iter1,1,713,CAPTURE,3,511,263,16,0,0,0,0,36,30,175,130,4,3,1228,832,13,0,73,110,343,24,ATK@600,gauntlet/20260930-171612-scrim-g_iter1/replays/dylanzemlin.dangerduck2__Funnel__botB.bc24,dylanzemlin.dangerduck2,1,g_iter1
A,duck8,0,1598,CAPTURE,1,489,245,22,0,0,0,0,44,35,140,30,3,6,968,1257,10,0,48,174,247,730,ATK@750+HEAL@1500,gauntlet/20260930-171612-scrim-g_iter1/replays/clbarrell.duck8__QueenOfHearts__botB.bc24,clbarrell.duck8,0,g_iter1
B,g_iter1,1,1598,CAPTURE,3,1073,245,13,0,0,0,0,76,26,130,255,4,11,1052,1356,12,0,30,272,730,247,ATK@600+HEAL@1200,gauntlet/20260930-171612-scrim-g_iter1/replays/clbarrell.duck8__QueenOfHearts__botB.bc24,clbarrell.duck8,1,g_iter1
A,g_iter1,1,625,CAPTURE,3,296,252,5,0,0,0,0,35,63,705,1413,10,6,745,800,24,0,426,213,232,59,ATK@600,gauntlet/20260930-171612-scrim-g_iter1/replays/samithShetty.combustiblelemon__MIT__botA.bc24,samithShetty.combustiblelemon,1,g_iter1
B,combustiblelemon,0,625,CAPTURE,0,-1,0,3,0,3,9,0,0,47,200,100,0,4,272,108,64,0,0,52,59,232,,gauntlet/20260930-171612-scrim-g_iter1/replays/samithShetty.combustiblelemon__MIT__botA.bc24,samithShetty.combustiblelemon,0,g_iter1
A,version_3,0,2000,MORE_FLAG_CAPTURES,0,-1,0,3,0,3,4,0,1,32,70,170,0,42,97,0,42,0,0,10,10,47,ATK@600,gauntlet/20260930-171612-scrim-g_iter1/replays/Rubrasum.version_3__Starfish__botB.bc24,Rubrasum.version_3,0,g_iter1
B,g_iter1,1,2000,MORE_FLAG_CAPTURES,1,257,209,4,0,0,0,0,100,24,140,300,4,36,280,243,11,0,18,3,47,10,ATK@600+HEAL@1200+CAP@1800,gauntlet/20260930-171612-scrim-g_iter1/replays/Rubrasum.version_3__Starfish__botB.bc24,Rubrasum.version_3,1,g_iter1
A,sprint1,0,1436,CAPTURE,0,-1,461,15,0,0,0,0,73,0,1010,130,0,2,224,949,27,0,0,75,51,1290,ATK@600,gauntlet/20260930-171612-scrim-g_iter1/replays/justinottesen.sprint1__Asteroids__botB.bc24,justinottesen.sprint1,0,g_iter1
B,g_iter1,1,1436,CAPTURE,3,320,248,11,0,0,0,0,39,19,110,185,3,10,1525,814,2,0,53,422,1290,51,ATK@600+HEAL@1200,gauntlet/20260930-171612-scrim-g_iter1/replays/justinottesen.sprint1__Asteroids__botB.bc24,justinottesen.sprint1,1,g_iter1
A,ourplayer,0,496,CAPTURE,0,-1,235,10,0,0,0,0,12,26,60,130,3,4,379,475,33,0,0,30,46,307,,gauntlet/20260930-171612-scrim-g_iter1/replays/cViper971.ourplayer__Soccer__botB.bc24,cViper971.ourplayer,0,g_iter1
B,g_iter1,1,496,CAPTURE,3,313,239,5,0,0,0,0,25,37,184,234,6,14,1580,787,14,0,85,102,307,46,,gauntlet/20260930-171612-scrim-g_iter1/replays/cViper971.ourplayer__Soccer__botB.bc24,cViper971.ourplayer,1,g_iter1
A,baseline,0,912,CAPTURE,0,-1,244,5,0,0,0,0,81,16,770,1180,0,2,634,1152,0,0,16,13,27,918,CAP@600,gauntlet/20260930-171612-scrim-g_iter1/replays/neilhuang007.baseline__TwistedTreeline__botB.bc24,neilhuang007.baseline,0,g_iter1
B,g_iter1,1,912,CAPTURE,3,614,522,4,0,0,0,0,58,24,205,235,3,19,1709,949,7,0,64,212,918,27,ATK@600,gauntlet/20260930-171612-scrim-g_iter1/replays/neilhuang007.baseline__TwistedTreeline__botB.bc24,neilhuang007.baseline,1,g_iter1
A,tx,0,794,CAPTURE,0,-1,0,0,0,0,0,0,0,0,2800,3300,0,22,0,0,0,0,0,0,0,631,,gauntlet/20260930-171612-scrim-g_iter1/replays/PerishoJ.tx__Diagonal__botB.bc24,PerishoJ.tx,0,g_iter1
B,g_iter1,1,794,CAPTURE,3,333,247,3,0,0,0,0,24,56,238,258,10,5,1127,0,24,0,117,127,631,0,ATK@600,gauntlet/20260930-171612-scrim-g_iter1/replays/PerishoJ.tx__Diagonal__botB.bc24,PerishoJ.tx,1,g_iter1
A,g_iter1,1,535,CAPTURE,3,222,208,3,0,0,0,0,6,49,155,225,9,25,778,834,14,0,59,56,139,20,,gauntlet/20260930-171612-scrim-g_iter1/replays/H4ffliger.keyboardcrusader_v1__Randy__botA.bc24,H4ffliger.keyboardcrusader_v1,1,g_iter1
B,keyboardcrusader_v1,0,535,CAPTURE,0,-1,0,3,0,3,13,0,6,0,5620,5180,0,1,425,403,36,0,0,24,20,139,,gauntlet/20260930-171612-scrim-g_iter1/replays/H4ffliger.keyboardcrusader_v1__Randy__botA.bc24,H4ffliger.keyboardcrusader_v1,0,g_iter1
A,g_iter1,1,897,CAPTURE,3,409,242,14,0,0,0,0,8,45,238,283,8,12,1752,1185,12,0,58,194,752,86,ATK@600,gauntlet/20260930-171612-scrim-g_iter1/replays/reeceyang.v5__Alien__botA.bc24,reeceyang.v5,1,g_iter1
B,v5,0,897,CAPTURE,0,-1,231,20,0,0,0,0,10,28,60,70,4,8,658,809,40,0,0,56,86,752,ATK@600,gauntlet/20260930-171612-scrim-g_iter1/replays/reeceyang.v5__Alien__botA.bc24,reeceyang.v5,0,g_iter1
A,honeyducklings,0,1523,CAPTURE,0,-1,0,0,0,0,0,0,49,13,4230,4560,0,7,684,976,11,33,0,91,175,915,ATK@602+HEAL@1200,gauntlet/20260930-171612-scrim-g_iter1/replays/noahzemlin.honeyducklings__StackGame__botB.bc24,noahzemlin.honeyducklings,0,g_iter1
B,g_iter1,1,1523,CAPTURE,3,314,228,25,0,0,0,0,33,52,145,195,9,22,1298,1218,14,0,65,183,915,175,ATK@600+HEAL@1200,gauntlet/20260930-171612-scrim-g_iter1/replays/noahzemlin.honeyducklings__StackGame__botB.bc24,noahzemlin.honeyducklings,1,g_iter1
A,ourplayer,0,919,CAPTURE,0,-1,280,7,0,0,0,0,13,12,90,10,1,2,307,518,19,0,0,33,43,657,ATK@600,gauntlet/20260930-171612-scrim-g_iter1/replays/cViper971.ourplayer__Divergent__botB.bc24,cViper971.ourplayer,0,g_iter1
B,g_iter1,1,919,CAPTURE,3,355,257,12,0,0,0,0,41,41,189,269,7,12,1204,608,12,0,67,178,657,43,ATK@600,gauntlet/20260930-171612-scrim-g_iter1/replays/cViper971.ourplayer__Divergent__botB.bc24,cViper971.ourplayer,1,g_iter1
A,g_iter1,1,464,CAPTURE,3,297,241,4,0,0,0,0,15,25,155,390,4,4,1914,200,24,0,95,34,389,1,,gauntlet/20260930-171612-scrim-g_iter1/replays/Metta-AI.bc24scenario__Digging__botA.bc24,Metta-AI.bc24scenario,1,g_iter1
B,bc24scenario,0,464,CAPTURE,0,-1,0,1,0,1,6,58,58,3,400,400,6,7,87,40,1,1,1,3,1,389,,gauntlet/20260930-171612-scrim-g_iter1/replays/Metta-AI.bc24scenario__Digging__botA.bc24,Metta-AI.bc24scenario,0,g_iter1
A,g_iter1,1,2000,MORE_FLAG_CAPTURES,1,919,231,10,0,0,0,0,32,36,215,175,6,3,831,857,23,0,78,550,1396,160,ATK@600+HEAL@1200+CAP@1800,gauntlet/20260930-171612-scrim-g_iter1/replays/JeffLegendPower.v11__ORV__botA.bc24,JeffLegendPower.v11,1,g_iter1
B,v11,0,2000,MORE_FLAG_CAPTURES,0,-1,0,0,0,0,0,0,12,50,240,550,3,21,468,813,0,6,64,230,160,1396,ATK@600+HEAL@1200+CAP@1800,gauntlet/20260930-171612-scrim-g_iter1/replays/JeffLegendPower.v11__ORV__botA.bc24,JeffLegendPower.v11,0,g_iter1
A,g_iter1,1,509,CAPTURE,3,325,228,3,0,0,0,0,59,41,170,40,6,3,1491,44,24,0,79,0,349,1,,gauntlet/20260930-171612-scrim-g_iter1/replays/sivakovivan.NewHide__Swoop__botA.bc24,sivakovivan.NewHide,1,g_iter1
B,NewHide,0,509,CAPTURE,0,-1,0,0,0,0,0,0,2,66,60,70,1,22,35,30,0,0,87,73,1,349,,gauntlet/20260930-171612-scrim-g_iter1/replays/sivakovivan.NewHide__Swoop__botA.bc24,sivakovivan.NewHide,0,g_iter1
A,g_iter1,1,659,CAPTURE,3,334,234,3,0,0,0,0,47,20,180,175,2,3,1425,0,24,0,125,84,513,0,ATK@600,gauntlet/20260930-171612-scrim-g_iter1/replays/PerishoJ.tx__DefaultLarge__botA.bc24,PerishoJ.tx,1,g_iter1
B,tx,0,659,CAPTURE,0,-1,0,0,0,0,0,0,0,0,2900,3400,0,15,0,0,0,0,0,0,0,513,,gauntlet/20260930-171612-scrim-g_iter1/replays/PerishoJ.tx__DefaultLarge__botA.bc24,PerishoJ.tx,0,g_iter1
A,bc24scenario,0,457,CAPTURE,0,-1,0,1,0,1,3,58,58,3,900,900,6,20,69,67,1,1,1,1,0,251,,gauntlet/20260930-171612-scrim-g_iter1/replays/Metta-AI.bc24scenario__Capacitance__botB.bc24,Metta-AI.bc24scenario,0,g_iter1
B,g_iter1,1,457,CAPTURE,3,270,242,3,0,0,0,0,19,44,195,1435,8,13,1292,138,19,0,127,67,251,0,,gauntlet/20260930-171612-scrim-g_iter1/replays/Metta-AI.bc24scenario__Capacitance__botB.bc24,Metta-AI.bc24scenario,1,g_iter1
A,g_iter1,1,977,CAPTURE,3,352,307,17,0,0,0,0,204,58,210,275,10,3,1161,748,24,0,84,233,711,105,ATK@600,gauntlet/20260930-171612-scrim-g_iter1/replays/reeceyang.v5__Waterworld__botA.bc24,reeceyang.v5,1,g_iter1
B,v5,0,977,CAPTURE,0,-1,349,11,0,0,0,0,274,28,40,30,4,14,424,606,29,0,0,36,105,711,ATK@600,gauntlet/20260930-171612-scrim-g_iter1/replays/reeceyang.v5__Waterworld__botA.bc24,reeceyang.v5,0,g_iter1
A,keyboardcrusader_v1,0,285,CAPTURE,0,-1,0,3,0,3,0,0,66,0,3220,3320,0,0,170,165,10,0,0,3,2,41,,gauntlet/20260930-171612-scrim-g_iter1/replays/H4ffliger.keyboardcrusader_v1__Bunkers__botB.bc24,H4ffliger.keyboardcrusader_v1,0,g_iter1
B,g_iter1,1,285,CAPTURE,3,251,213,3,0,0,0,0,30,37,145,165,6,11,413,334,12,0,44,0,41,2,,gauntlet/20260930-171612-scrim-g_iter1/replays/H4ffliger.keyboardcrusader_v1__Bunkers__botB.bc24,H4ffliger.keyboardcrusader_v1,1,g_iter1
A,MPAttack,0,501,RESIGNATION,0,-1,0,0,0,0,0,0,18,19,160,400,0,3,966,536,34,0,0,2,51,323,,gauntlet/20260930-171612-scrim-g_iter1/replays/itswin.MPAttack__StackGame__botB.bc24,itswin.MPAttack,0,g_iter1
B,g_iter1,1,501,RESIGNATION,0,-1,335,1,0,0,0,0,33,53,160,230,10,39,1476,1438,12,0,70,77,323,51,,gauntlet/20260930-171612-scrim-g_iter1/replays/itswin.MPAttack__StackGame__botB.bc24,itswin.MPAttack,1,g_iter1
A,g_iter1,1,998,CAPTURE,3,273,226,9,0,0,0,0,64,2,180,20,0,9,1266,1067,1,0,19,127,640,85,ATK@600,gauntlet/20260930-171612-scrim-g_iter1/replays/MiloAkerman.v1__Racetrack__botA.bc24,MiloAkerman.v1,1,g_iter1
B,v1,0,998,CAPTURE,0,-1,308,6,0,0,0,0,79,0,30,130,0,6,681,586,9,0,0,27,85,640,,gauntlet/20260930-171612-scrim-g_iter1/replays/MiloAkerman.v1__Racetrack__botA.bc24,MiloAkerman.v1,0,g_iter1
A,g_iter1,1,1,RESIGNATION,0,-1,0,0,0,0,0,0,0,0,0,210,0,27,0,0,1,0,0,0,18,0,,gauntlet/20260930-171612-scrim-g_iter1/replays/itswin.MPAttack__MIT__botA.bc24,itswin.MPAttack,1,g_iter1
B,MPAttack,0,1,RESIGNATION,0,-1,0,0,0,0,0,0,0,0,0,210,0,0,0,0,1,0,0,0,0,18,,gauntlet/20260930-171612-scrim-g_iter1/replays/itswin.MPAttack__MIT__botA.bc24,itswin.MPAttack,0,g_iter1
A,g_iter1,1,326,CAPTURE,3,284,228,3,0,0,0,0,66,41,170,185,7,5,922,367,24,0,56,1,130,17,,gauntlet/20260930-171612-scrim-g_iter1/replays/Lithanium.AttackingBot__Swoop__botA.bc24,Lithanium.AttackingBot,1,g_iter1
B,AttackingBot,0,326,CAPTURE,0,-1,0,0,0,0,0,0,126,0,2920,240,0,0,20,0,20,0,0,17,17,130,,gauntlet/20260930-171612-scrim-g_iter1/replays/Lithanium.AttackingBot__Swoop__botA.bc24,Lithanium.AttackingBot,0,g_iter1
A,defaultplayer_intlqualifier,0,2000,MORE_FLAG_CAPTURES,0,-1,0,3,0,3,14,0,112,11,1040,310,0,3,462,1487,6,18,6,34,33,1108,ATK@600+HEAL@1200+CAP@1800,gauntlet/20260930-171612-scrim-g_iter1/replays/dmtrung14.defaultplayer_intlqualifier__GravitationalWaves__botB.bc24,dmtrung14.defaultplayer_intlqualifier,0,g_iter1
B,g_iter1,1,2000,MORE_FLAG_CAPTURES,1,1876,565,5,0,0,0,0,68,33,120,285,6,23,1257,817,6,0,44,38,1108,33,ATK@600+HEAL@1200+CAP@1800,gauntlet/20260930-171612-scrim-g_iter1/replays/dmtrung14.defaultplayer_intlqualifier__GravitationalWaves__botB.bc24,dmtrung14.defaultplayer_intlqualifier,1,g_iter1
A,ExplosiveBot,0,698,CAPTURE,1,518,266,27,16,0,0,0,86,10,1920,1890,0,26,850,726,7,0,29,50,51,354,ATK@600,gauntlet/20260930-171612-scrim-g_iter1/replays/awu7.ExplosiveBot__TreeSearch__botB.bc24,awu7.ExplosiveBot,0,g_iter1
B,g_iter1,1,698,CAPTURE,3,452,340,6,0,0,0,0,77,26,125,220,4,15,1225,1412,16,0,57,100,354,51,ATK@600,gauntlet/20260930-171612-scrim-g_iter1/replays/awu7.ExplosiveBot__TreeSearch__botB.bc24,awu7.ExplosiveBot,1,g_iter1
A,g_iter1,1,1872,CAPTURE,3,1175,970,20,0,0,0,0,98,33,150,295,6,5,1103,1322,14,0,40,361,1265,475,ATK@600+HEAL@1200+CAP@1800,gauntlet/20260930-171612-scrim-g_iter1/replays/ColtG5.Goob_final__BigDucksBigPond__botA.bc24,ColtG5.Goob_final,1,g_iter1
B,Goob_final,0,1872,CAPTURE,1,431,246,8,0,0,0,0,122,0,3740,100,0,7,1074,912,12,0,74,282,475,1265,ATK@600+HEAL@1200+CAP@1800,gauntlet/20260930-171612-scrim-g_iter1/replays/ColtG5.Goob_final__BigDucksBigPond__botA.bc24,ColtG5.Goob_final,0,g_iter1
A,crayBasic,0,627,CAPTURE,0,-1,0,0,0,0,0,0,0,0,3600,4400,0,19,495,17,0,0,0,0,7,480,,gauntlet/20260930-171612-scrim-g_iter1/replays/abdullah8a0.crayBasic__DefaultLarge__botB.bc24,abdullah8a0.crayBasic,0,g_iter1
B,g_iter1,1,627,CAPTURE,3,415,309,3,0,0,0,0,44,22,200,240,3,3,1558,937,24,0,123,125,480,7,ATK@600,gauntlet/20260930-171612-scrim-g_iter1/replays/abdullah8a0.crayBasic__DefaultLarge__botB.bc24,abdullah8a0.crayBasic,1,g_iter1
A,cowards,0,832,CAPTURE,0,-1,0,0,0,0,0,0,54,8,1780,180,0,9,408,1077,29,0,0,49,61,446,ATK@750,gauntlet/20260930-171612-scrim-g_iter1/replays/aj-chau.cowards__BreadPudding__botB.bc24,aj-chau.cowards,0,g_iter1
B,g_iter1,1,832,CAPTURE,3,400,258,14,0,0,0,0,45,28,200,250,4,20,1368,972,8,0,45,94,446,61,ATK@600,gauntlet/20260930-171612-scrim-g_iter1/replays/aj-chau.cowards__BreadPudding__botB.bc24,aj-chau.cowards,1,g_iter1
A,g_iter1,1,896,CAPTURE,3,766,353,9,0,0,0,0,24,48,230,220,8,35,1190,1404,9,0,65,153,476,45,ATK@600,gauntlet/20260930-171612-scrim-g_iter1/replays/awu7.ExplosiveBot__Battlefield__botA.bc24,awu7.ExplosiveBot,1,g_iter1
B,ExplosiveBot,0,896,CAPTURE,1,889,562,8,2,0,0,0,93,9,2410,2810,0,43,741,1303,1,0,18,71,45,476,ATK@600,gauntlet/20260930-171612-scrim-g_iter1/replays/awu7.ExplosiveBot__Battlefield__botA.bc24,awu7.ExplosiveBot,0,g_iter1
A,warrior_2nd_comp,0,776,CAPTURE,0,-1,0,0,0,0,0,0,0,0,2400,2900,0,0,0,0,0,0,0,0,0,0,,gauntlet/20260930-171612-scrim-g_iter1/replays/lukerhoads.warrior_2nd_comp__Canals__botB.bc24,lukerhoads.warrior_2nd_comp,0,g_iter1
B,g_iter1,1,776,CAPTURE,3,287,213,3,0,0,0,0,0,57,195,90,10,3,0,0,24,0,64,0,0,0,ATK@600,gauntlet/20260930-171612-scrim-g_iter1/replays/lukerhoads.warrior_2nd_comp__Canals__botB.bc24,lukerhoads.warrior_2nd_comp,1,g_iter1
A,bling3,0,1792,CAPTURE,1,536,274,8,0,0,0,0,49,14,1430,2080,0,3,737,1437,42,0,6,174,328,840,ATK@600+HEAL@1200,gauntlet/20260930-171612-scrim-g_iter1/replays/jonters.bling3__Alligator__botB.bc24,jonters.bling3,0,g_iter1
B,g_iter1,1,1792,CAPTURE,3,645,214,11,0,0,0,0,54,33,170,210,5,21,1247,1622,9,0,62,217,840,328,ATK@600+HEAL@1200,gauntlet/20260930-171612-scrim-g_iter1/replays/jonters.bling3__Alligator__botB.bc24,jonters.bling3,1,g_iter1
A,g_iter1,1,773,CAPTURE,3,357,263,4,0,0,0,0,0,38,180,205,7,3,807,714,24,0,55,96,447,34,ATK@600,gauntlet/20260930-171612-scrim-g_iter1/replays/samithShetty.combustiblelemon__Valentine__botA.bc24,samithShetty.combustiblelemon,1,g_iter1
B,combustiblelemon,0,773,CAPTURE,0,-1,0,3,0,3,0,0,0,20,200,100,0,8,369,110,30,0,0,30,34,447,,gauntlet/20260930-171612-scrim-g_iter1/replays/samithShetty.combustiblelemon__Valentine__botA.bc24,samithShetty.combustiblelemon,0,g_iter1
A,smartPlayer,0,799,CAPTURE,0,-1,0,3,0,3,5,0,12,8,11240,140,0,15,100,52,66,15,0,89,58,125,,gauntlet/20260930-171612-scrim-g_iter1/replays/AlexYu84.smartPlayer__YearOfTheDragon__botB.bc24,AlexYu84.smartPlayer,0,g_iter1
B,g_iter1,1,799,CAPTURE,3,329,241,5,0,0,0,0,7,109,650,230,11,3,426,599,24,0,116,35,125,58,ATK@600,gauntlet/20260930-171612-scrim-g_iter1/replays/AlexYu84.smartPlayer__YearOfTheDragon__botB.bc24,AlexYu84.smartPlayer,1,g_iter1
A,g_iter1,1,416,CAPTURE,3,305,244,3,0,0,0,0,0,58,210,240,11,4,1123,682,18,0,73,73,147,6,,gauntlet/20260930-171612-scrim-g_iter1/replays/TylerJulian.v9__Canals__botA.bc24,TylerJulian.v9,1,g_iter1
B,v9,0,416,CAPTURE,0,-1,320,3,0,0,0,0,0,74,1010,1014,12,3,401,714,0,0,90,68,6,147,,gauntlet/20260930-171612-scrim-g_iter1/replays/TylerJulian.v9__Canals__botA.bc24,TylerJulian.v9,0,g_iter1
A,g_iter1,1,1453,CAPTURE,3,333,229,11,0,0,0,0,158,90,660,46,12,9,1176,799,25,0,323,542,1258,99,ATK@600+HEAL@1200,gauntlet/20260930-171612-scrim-g_iter1/replays/noahzemlin.honeyducklings__Snake__botA.bc24,noahzemlin.honeyducklings,1,g_iter1
B,honeyducklings,0,1453,CAPTURE,0,-1,0,0,0,0,0,0,232,13,7140,15790,0,17,491,680,1,26,0,154,99,1258,ATK@600+HEAL@1216,gauntlet/20260930-171612-scrim-g_iter1/replays/noahzemlin.honeyducklings__Snake__botA.bc24,noahzemlin.honeyducklings,0,g_iter1
A,g_iter1,1,470,CAPTURE,3,248,228,3,0,0,0,0,44,33,145,305,6,6,1426,515,9,0,95,80,272,22,,gauntlet/20260930-171612-scrim-g_iter1/replays/adamseth2.moveBot1__WheresMyWater__botA.bc24,adamseth2.moveBot1,1,g_iter1
B,moveBot1,0,470,CAPTURE,0,-1,0,0,0,0,0,0,42,16,940,280,0,10,101,308,30,0,0,31,22,272,,gauntlet/20260930-171612-scrim-g_iter1/replays/adamseth2.moveBot1__WheresMyWater__botA.bc24,adamseth2.moveBot1,0,g_iter1
A,dangerduck2,0,530,CAPTURE,0,-1,243,14,2,0,0,0,115,24,8840,2278,3,6,397,385,15,24,35,70,12,280,,gauntlet/20260930-171612-scrim-g_iter1/replays/dylanzemlin.dangerduck2__StarryNight__botB.bc24,dylanzemlin.dangerduck2,0,g_iter1
B,g_iter1,1,530,CAPTURE,3,269,231,7,0,0,0,0,85,113,686,286,11,3,1435,747,24,0,141,144,280,12,,gauntlet/20260930-171612-scrim-g_iter1/replays/dylanzemlin.dangerduck2__StarryNight__botB.bc24,dylanzemlin.dangerduck2,1,g_iter1
A,g_iter1,1,909,CAPTURE,3,362,290,10,0,0,0,0,48,26,165,35,4,21,1024,895,5,0,41,73,415,93,ATK@600,gauntlet/20260930-171612-scrim-g_iter1/replays/RyanAspen.v22__Gauntlet__botA.bc24,RyanAspen.v22,1,g_iter1
B,v22,0,909,CAPTURE,0,-1,253,14,0,0,0,0,67,0,2490,90,0,10,672,267,0,0,53,89,93,415,ATK@600,gauntlet/20260930-171612-scrim-g_iter1/replays/RyanAspen.v22__Gauntlet__botA.bc24,RyanAspen.v22,0,g_iter1
A,g_iter1,1,966,CAPTURE,3,868,230,22,0,0,0,0,47,21,130,130,3,10,1169,1183,11,0,66,124,370,106,ATK@600,gauntlet/20260930-171612-scrim-g_iter1/replays/qpwoeirut.tournament_sprint1__DefaultLarge__botA.bc24,qpwoeirut.tournament_sprint1,1,g_iter1
B,tournament_sprint1,0,966,CAPTURE,0,-1,0,0,0,0,0,0,52,0,2640,210,0,11,662,1690,32,0,0,55,106,370,ATK@600,gauntlet/20260930-171612-scrim-g_iter1/replays/qpwoeirut.tournament_sprint1__DefaultLarge__botA.bc24,qpwoeirut.tournament_sprint1,0,g_iter1
A,Team3,0,718,CAPTURE,0,-1,0,3,0,3,17,0,0,28,110,80,3,26,380,69,41,0,0,35,36,336,,gauntlet/20260930-171612-scrim-g_iter1/replays/dylanconklin.Team3__DefaultMedium__botB.bc24,dylanconklin.Team3,0,g_iter1
B,g_iter1,1,718,CAPTURE,3,442,302,8,0,0,0,0,64,25,120,175,3,3,990,821,17,0,56,78,336,36,ATK@600,gauntlet/20260930-171612-scrim-g_iter1/replays/dylanconklin.Team3__DefaultMedium__botB.bc24,dylanconklin.Team3,1,g_iter1
A,g_iter1,1,516,CAPTURE,3,286,228,3,0,0,0,0,31,53,175,285,10,3,1457,0,24,0,141,128,402,0,,gauntlet/20260930-171612-scrim-g_iter1/replays/sayam-goyal.SimpleBot__StackGame__botA.bc24,sayam-goyal.SimpleBot,1,g_iter1
B,SimpleBot,0,516,CAPTURE,0,-1,0,0,0,0,0,0,0,0,2400,2900,0,22,0,0,0,0,0,0,0,402,,gauntlet/20260930-171612-scrim-g_iter1/replays/sayam-goyal.SimpleBot__StackGame__botA.bc24,sayam-goyal.SimpleBot,0,g_iter1
A,v1,0,2000,MORE_FLAG_CAPTURES,0,-1,0,0,0,0,0,0,0,6,3200,3100,0,22,0,0,12,0,0,7,17,61,,gauntlet/20260930-171612-scrim-g_iter1/replays/MiloAkerman.v1__BedWars__botB.bc24,MiloAkerman.v1,0,g_iter1
B,g_iter1,1,2000,MORE_FLAG_CAPTURES,2,677,649,4,0,0,0,0,0,41,180,20,7,15,0,0,9,0,32,12,61,17,ATK@600+HEAL@1200+CAP@1800,gauntlet/20260930-171612-scrim-g_iter1/replays/MiloAkerman.v1__BedWars__botB.bc24,MiloAkerman.v1,1,g_iter1
A,defaultplayer_intlqualifier,0,2000,LEVEL_SUM,0,-1,243,4,0,3,33,0,63,22,1010,5150,0,3,222,612,6,28,22,41,4,108,ATK@600+HEAL@1200+CAP@1800,gauntlet/20260930-171612-scrim-g_iter1/replays/dmtrung14.defaultplayer_intlqualifier__Alligator__botB.bc24,dmtrung14.defaultplayer_intlqualifier,0,g_iter1
B,g_iter1,1,2000,LEVEL_SUM,0,-1,0,0,0,0,0,0,46,34,195,105,6,11,705,383,10,0,42,60,108,4,ATK@600+HEAL@1200+CAP@1800,gauntlet/20260930-171612-scrim-g_iter1/replays/dmtrung14.defaultplayer_intlqualifier__Alligator__botB.bc24,dmtrung14.defaultplayer_intlqualifier,1,g_iter1
A,polyv4,0,662,CAPTURE,0,-1,0,0,0,0,0,0,113,24,5900,12130,3,20,46,114,0,0,26,41,1,549,HEAL@600,gauntlet/20260930-171612-scrim-g_iter1/replays/polyllc.polyv4__Battlecode24__botB.bc24,polyllc.polyv4,0,g_iter1
B,g_iter1,1,662,CAPTURE,3,289,248,4,0,0,0,0,65,94,2318,758,12,3,1322,91,24,0,272,221,549,1,ATK@600,gauntlet/20260930-171612-scrim-g_iter1/replays/polyllc.polyv4__Battlecode24__botB.bc24,polyllc.polyv4,1,g_iter1
A,g_iter1,1,2000,MORE_FLAG_CAPTURES,2,264,216,8,0,0,0,0,32,47,150,210,8,3,783,727,20,0,62,243,830,56,ATK@600+HEAL@1200+CAP@1800,gauntlet/20260930-171612-scrim-g_iter1/replays/andrearante12.turtle__Mountain__botA.bc24,andrearante12.turtle,1,g_iter1
B,turtle,0,2000,MORE_FLAG_CAPTURES,0,-1,0,3,0,3,21,0,0,4,5700,308,0,6,336,313,36,0,0,27,56,830,HEAL@600+ATK@1200,gauntlet/20260930-171612-scrim-g_iter1/replays/andrearante12.turtle__Mountain__botA.bc24,andrearante12.turtle,0,g_iter1
A,Bot21,0,1784,CAPTURE,1,488,219,31,9,3,3,60,53,16,35,35,11,4,892,1042,11,0,66,233,266,1537,ATK@601+HEAL@1201,gauntlet/20260930-171612-scrim-g_iter1/replays/HugoIngelsson.Bot21__Ambush__botB.bc24,HugoIngelsson.Bot21,0,g_iter1
B,g_iter1,1,1784,CAPTURE,3,286,207,16,0,0,0,0,40,29,155,215,5,21,1435,1343,7,0,52,451,1537,266,ATK@600+HEAL@1200,gauntlet/20260930-171612-scrim-g_iter1/replays/HugoIngelsson.Bot21__Ambush__botB.bc24,HugoIngelsson.Bot21,1,g_iter1
A,g_iter1,1,673,CAPTURE,3,477,260,15,0,0,0,0,38,18,140,150,3,14,1606,498,4,0,67,106,418,35,ATK@600,gauntlet/20260930-171612-scrim-g_iter1/replays/justinottesen.sprint1__Asteroids__botA.bc24,justinottesen.sprint1,1,g_iter1
B,sprint1,0,673,CAPTURE,0,-1,351,3,0,0,0,0,73,0,1010,140,0,7,224,983,24,0,0,36,35,418,ATK@600,gauntlet/20260930-171612-scrim-g_iter1/replays/justinottesen.sprint1__Asteroids__botA.bc24,justinottesen.sprint1,0,g_iter1
A,ducks,0,730,CAPTURE,0,-1,0,3,0,3,14,0,0,11,200,100,0,14,34,0,21,0,0,28,14,455,,gauntlet/20260930-171612-scrim-g_iter1/replays/joelcrouch.ducks__Divergent__botB.bc24,joelcrouch.ducks,0,g_iter1
B,g_iter1,1,730,CAPTURE,3,467,265,6,0,0,0,0,31,44,172,402,8,3,668,246,24,0,60,119,455,14,ATK@600,gauntlet/20260930-171612-scrim-g_iter1/replays/joelcrouch.ducks__Divergent__botB.bc24,joelcrouch.ducks,1,g_iter1
A,polyv4,0,957,CAPTURE,0,-1,217,6,0,0,0,0,11,37,60,125,3,14,81,40,13,0,33,82,19,999,HEAL@600,gauntlet/20260930-171612-scrim-g_iter1/replays/polyllc.polyv4__DefaultMedium__botB.bc24,polyllc.polyv4,0,g_iter1
B,g_iter1,1,957,CAPTURE,3,461,250,6,0,0,0,0,62,24,190,205,4,15,1372,259,10,0,70,229,999,19,ATK@600,gauntlet/20260930-171612-scrim-g_iter1/replays/polyllc.polyv4__DefaultMedium__botB.bc24,polyllc.polyv4,1,g_iter1
A,smartPlayer,0,595,CAPTURE,0,-1,0,3,0,3,11,0,31,14,70,30,1,18,135,1,15,10,0,22,15,130,,gauntlet/20260930-171612-scrim-g_iter1/replays/AlexYu84.smartPlayer__Decision__botB.bc24,AlexYu84.smartPlayer,0,g_iter1
B,g_iter1,1,595,CAPTURE,3,404,283,6,0,0,0,0,78,15,165,205,2,3,726,394,4,0,46,0,130,15,,gauntlet/20260930-171612-scrim-g_iter1/replays/AlexYu84.smartPlayer__Decision__botB.bc24,AlexYu84.smartPlayer,1,g_iter1
A,g_iter1,1,1169,CAPTURE,3,979,676,10,0,0,0,0,110,15,80,75,3,5,995,612,5,0,20,275,802,41,ATK@600,gauntlet/20260930-171612-scrim-g_iter1/replays/neilhuang007.baseline__HeMustBeFreed__botA.bc24,neilhuang007.baseline,1,g_iter1
B,baseline,0,1169,CAPTURE,0,-1,350,11,0,0,0,0,155,3,3350,5100,0,0,362,809,0,0,3,3,41,802,CAP@600,gauntlet/20260930-171612-scrim-g_iter1/replays/neilhuang007.baseline__HeMustBeFreed__botA.bc24,neilhuang007.baseline,0,g_iter1
A,SimpleBot,0,353,CAPTURE,0,-1,0,0,0,0,0,0,4,0,2580,3080,0,4,0,0,0,0,0,0,0,147,,gauntlet/20260930-171612-scrim-g_iter1/replays/sayam-goyal.SimpleBot__ORV__botB.bc24,sayam-goyal.SimpleBot,0,g_iter1
B,g_iter1,1,353,CAPTURE,3,269,235,3,0,0,0,0,35,32,160,270,6,3,1057,0,24,0,89,30,147,0,,gauntlet/20260930-171612-scrim-g_iter1/replays/sayam-goyal.SimpleBot__ORV__botB.bc24,sayam-goyal.SimpleBot,1,g_iter1
A,Sprint2,0,593,CAPTURE,0,-1,0,0,0,0,0,0,21,0,3570,20,0,21,275,720,13,11,5,37,16,435,,gauntlet/20260930-171612-scrim-g_iter1/replays/tlevietpdx.Sprint2__Occulus__botB.bc24,tlevietpdx.Sprint2,0,g_iter1
B,g_iter1,1,593,CAPTURE,3,547,291,5,0,0,0,0,13,34,165,155,6,5,1475,456,24,0,60,105,435,16,,gauntlet/20260930-171612-scrim-g_iter1/replays/tlevietpdx.Sprint2__Occulus__botB.bc24,tlevietpdx.Sprint2,1,g_iter1
A,g_iter1,1,2000,MORE_FLAG_CAPTURES,2,1024,356,10,0,0,0,0,110,14,160,10,2,4,209,285,12,0,28,141,403,60,ATK@600+HEAL@1200+CAP@1800,gauntlet/20260930-171612-scrim-g_iter1/replays/Rubrasum.version_3__HeMustBeFreed__botA.bc24,Rubrasum.version_3,1,g_iter1
B,version_3,0,2000,MORE_FLAG_CAPTURES,0,-1,0,3,0,3,11,0,5,18,50,1180,0,24,78,0,39,0,0,67,60,403,ATK@600,gauntlet/20260930-171612-scrim-g_iter1/replays/Rubrasum.version_3__HeMustBeFreed__botA.bc24,Rubrasum.version_3,0,g_iter1
A,dinoboxer,0,751,CAPTURE,1,698,312,5,0,0,0,0,14,28,80,30,0,12,292,649,27,2,25,74,34,210,ATK@600,gauntlet/20260930-171612-scrim-g_iter1/replays/Peter-Fun.dinoboxer__Capacitance__botB.bc24,Peter-Fun.dinoboxer,0,g_iter1
B,g_iter1,1,751,CAPTURE,3,352,338,11,0,0,0,0,22,43,200,230,7,25,614,660,13,0,69,110,210,34,ATK@600,gauntlet/20260930-171612-scrim-g_iter1/replays/Peter-Fun.dinoboxer__Capacitance__botB.bc24,Peter-Fun.dinoboxer,1,g_iter1
A,AttackingBot,0,1403,CAPTURE,0,-1,0,0,0,0,0,0,0,0,4800,5300,0,42,0,0,0,0,0,52,33,433,ATK@600+HEAL@1200,gauntlet/20260930-171612-scrim-g_iter1/replays/Lithanium.AttackingBot__BedWars__botB.bc24,Lithanium.AttackingBot,0,g_iter1
B,g_iter1,1,1403,CAPTURE,3,518,492,4,0,0,0,0,0,43,140,20,8,8,0,0,8,0,35,0,433,33,ATK@600+HEAL@1200,gauntlet/20260930-171612-scrim-g_iter1/replays/Lithanium.AttackingBot__BedWars__botB.bc24,Lithanium.AttackingBot,1,g_iter1
A,g_iter1,1,607,CAPTURE,3,243,225,5,0,0,0,0,90,45,190,120,8,6,677,321,24,0,75,47,197,5,ATK@600,gauntlet/20260930-171612-scrim-g_iter1/replays/SriLakshmiPolavarapu.ducks__Klein__botA.bc24,SriLakshmiPolavarapu.ducks,1,g_iter1
B,ducks,0,607,CAPTURE,0,-1,0,3,0,3,16,0,0,18,200,100,0,17,32,0,28,0,0,21,5,197,,gauntlet/20260930-171612-scrim-g_iter1/replays/SriLakshmiPolavarapu.ducks__Klein__botA.bc24,SriLakshmiPolavarapu.ducks,0,g_iter1
A,g_iter1,1,788,CAPTURE,3,626,384,7,0,0,0,0,11,111,2825,225,12,0,851,1111,24,0,137,210,272,112,ATK@600,gauntlet/20260930-171612-scrim-g_iter1/replays/winkelmantanner.waffle__CH3353C4K3F4CT0RY__botA.bc24,winkelmantanner.waffle,1,g_iter1
B,waffle,0,788,CAPTURE,2,367,288,24,0,0,0,0,5,37,11550,4760,1,11,932,1078,0,0,183,229,112,272,ATK@600,gauntlet/20260930-171612-scrim-g_iter1/replays/winkelmantanner.waffle__CH3353C4K3F4CT0RY__botA.bc24,winkelmantanner.waffle,0,g_iter1
A,ducks,0,382,CAPTURE,0,-1,0,3,0,3,0,0,0,15,200,100,0,7,48,0,31,0,0,25,12,174,,gauntlet/20260930-171612-scrim-g_iter1/replays/SriLakshmiPolavarapu.ducks__Bunkers__botB.bc24,SriLakshmiPolavarapu.ducks,0,g_iter1
B,g_iter1,1,382,CAPTURE,3,251,213,4,0,0,0,0,27,36,185,175,6,3,1249,664,23,0,68,16,174,12,,gauntlet/20260930-171612-scrim-g_iter1/replays/SriLakshmiPolavarapu.ducks__Bunkers__botB.bc24,SriLakshmiPolavarapu.ducks,1,g_iter1
A,g_iter1,1,432,CAPTURE,3,308,276,3,0,0,0,0,18,24,135,305,4,6,1462,1138,25,0,192,171,176,31,,gauntlet/20260930-171612-scrim-g_iter1/replays/HugoIngelsson.Bot21__HungerGames__botA.bc24,HugoIngelsson.Bot21,1,g_iter1
B,Bot21,0,432,CAPTURE,0,-1,0,3,0,3,3,67,41,8,34,34,14,8,691,713,13,0,38,48,31,176,,gauntlet/20260930-171612-scrim-g_iter1/replays/HugoIngelsson.Bot21__HungerGames__botA.bc24,HugoIngelsson.Bot21,0,g_iter1
A,g_iter1,1,553,CAPTURE,3,484,309,4,0,0,0,0,106,13,180,30,1,7,380,296,8,0,17,1,70,11,,gauntlet/20260930-171612-scrim-g_iter1/replays/TylerJulian.v9__HeMustBeFreed__botA.bc24,TylerJulian.v9,1,g_iter1
B,v9,0,553,CAPTURE,0,-1,210,1,0,0,0,0,129,27,975,200,4,10,225,306,0,0,37,32,11,70,,gauntlet/20260930-171612-scrim-g_iter1/replays/TylerJulian.v9__HeMustBeFreed__botA.bc24,TylerJulian.v9,0,g_iter1
A,Team3,0,361,CAPTURE,0,-1,0,3,0,3,0,0,8,15,50,100,2,4,266,97,26,0,0,17,10,140,,gauntlet/20260930-171612-scrim-g_iter1/replays/dylanconklin.Team3__HungerGames__botB.bc24,dylanconklin.Team3,0,g_iter1
B,g_iter1,1,361,CAPTURE,3,257,229,4,0,0,0,0,16,24,195,291,4,3,1058,890,24,0,203,76,140,10,,gauntlet/20260930-171612-scrim-g_iter1/replays/dylanconklin.Team3__HungerGames__botB.bc24,dylanconklin.Team3,1,g_iter1
A,bling3,0,1909,CAPTURE,0,-1,0,0,0,0,0,0,64,14,580,650,0,0,627,1389,19,0,5,133,279,584,ATK@600+HEAL@1200+CAP@1800,gauntlet/20260930-171612-scrim-g_iter1/replays/jonters.bling3__DefaultMedium__botB.bc24,jonters.bling3,0,g_iter1
B,g_iter1,1,1909,CAPTURE,3,397,264,14,0,0,0,0,62,23,170,200,3,16,1035,1208,11,0,41,166,584,279,ATK@600+HEAL@1200+CAP@1800,gauntlet/20260930-171612-scrim-g_iter1/replays/jonters.bling3__DefaultMedium__botB.bc24,jonters.bling3,1,g_iter1
A,g_iter1,1,2000,MORE_FLAG_CAPTURES,2,1128,973,7,0,0,0,0,75,21,20,175,3,4,168,256,19,0,53,237,1277,33,ATK@600+HEAL@1200+CAP@1800,gauntlet/20260930-171612-scrim-g_iter1/replays/VarunVejalla.alexander__MazeRunner__botA.bc24,VarunVejalla.alexander,1,g_iter1
B,alexander,0,2000,MORE_FLAG_CAPTURES,0,-1,1307,5,0,3,50,0,0,0,2600,3100,0,12,150,138,0,0,0,0,33,1277,ATK@751+CAP@1501,gauntlet/20260930-171612-scrim-g_iter1/replays/VarunVejalla.alexander__MazeRunner__botA.bc24,VarunVejalla.alexander,0,g_iter1
A,tournament_sprint1,0,2000,MORE_FLAG_CAPTURES,0,-1,0,0,0,0,0,0,164,0,1180,480,0,23,334,1110,14,0,0,66,108,1118,ATK@600+HEAL@1200,gauntlet/20260930-171612-scrim-g_iter1/replays/qpwoeirut.tournament_sprint1__GravitationalWaves__botB.bc24,qpwoeirut.tournament_sprint1,0,g_iter1
B,g_iter1,1,2000,MORE_FLAG_CAPTURES,1,835,443,22,0,0,0,0,70,39,145,140,6,3,619,705,8,0,48,198,1118,108,ATK@600+HEAL@1200+CAP@1800,gauntlet/20260930-171612-scrim-g_iter1/replays/qpwoeirut.tournament_sprint1__GravitationalWaves__botB.bc24,qpwoeirut.tournament_sprint1,1,g_iter1
A,g_iter1,1,1020,CAPTURE,3,667,226,6,0,0,0,0,172,14,150,160,2,3,1105,1178,24,0,170,176,554,40,ATK@600,gauntlet/20260930-171612-scrim-g_iter1/replays/JeffLegendPower.v11__Backslash__botA.bc24,JeffLegendPower.v11,1,g_iter1
B,v11,0,1020,CAPTURE,0,-1,0,0,0,0,0,0,144,27,80,820,3,11,671,1031,0,4,58,129,40,554,ATK@600,gauntlet/20260930-171612-scrim-g_iter1/replays/JeffLegendPower.v11__Backslash__botA.bc24,JeffLegendPower.v11,0,g_iter1
A,g_iter1,1,2000,MORE_FLAG_CAPTURES,2,302,238,3,0,0,0,0,6,50,155,215,9,16,1061,863,10,0,61,504,1817,24,ATK@600+HEAL@1200+CAP@1800,gauntlet/20260930-171612-scrim-g_iter1/replays/andrearante12.turtle__Randy__botA.bc24,andrearante12.turtle,1,g_iter1
B,turtle,0,2000,MORE_FLAG_CAPTURES,0,-1,0,3,0,3,0,0,0,1,5600,140,0,9,457,864,35,0,0,21,24,1817,HEAL@600+ATK@1200,gauntlet/20260930-171612-scrim-g_iter1/replays/andrearante12.turtle__Randy__botA.bc24,andrearante12.turtle,0,g_iter1
A,g_iter1,1,611,CAPTURE,3,373,317,4,0,0,0,0,72,19,20,240,3,4,1684,251,16,0,73,87,384,6,ATK@600,gauntlet/20260930-171612-scrim-g_iter1/replays/lcforges.funkyguy3__MazeRunner__botA.bc24,lcforges.funkyguy3,1,g_iter1
B,funkyguy3,0,611,CAPTURE,0,-1,285,13,0,0,0,0,62,22,30,60,3,13,65,609,16,0,37,59,6,384,ATK@600,gauntlet/20260930-171612-scrim-g_iter1/replays/lcforges.funkyguy3__MazeRunner__botA.bc24,lcforges.funkyguy3,0,g_iter1
A,funkyguy3,0,610,CAPTURE,0,-1,224,2,0,0,0,0,6,43,40,40,3,12,120,583,21,0,42,82,22,572,ATK@600,gauntlet/20260930-171612-scrim-g_iter1/replays/lcforges.funkyguy3__DefaultSmall__botB.bc24,lcforges.funkyguy3,0,g_iter1
B,g_iter1,1,610,CAPTURE,3,356,220,12,0,0,0,0,10,54,225,215,9,4,1870,449,24,0,107,160,572,22,ATK@600,gauntlet/20260930-171612-scrim-g_iter1/replays/lcforges.funkyguy3__DefaultSmall__botB.bc24,lcforges.funkyguy3,1,g_iter1
A,moveBot1,0,781,CAPTURE,0,-1,0,0,0,0,0,0,56,12,760,420,2,15,200,311,25,0,0,42,33,620,ATK@600,gauntlet/20260930-171612-scrim-g_iter1/replays/adamseth2.moveBot1__Tunnels__botB.bc24,adamseth2.moveBot1,0,g_iter1
B,g_iter1,1,781,CAPTURE,3,328,235,5,0,0,0,0,63,22,135,315,3,22,870,431,9,0,76,175,620,33,ATK@600,gauntlet/20260930-171612-scrim-g_iter1/replays/adamseth2.moveBot1__Tunnels__botB.bc24,adamseth2.moveBot1,1,g_iter1
A,Sprint2,0,566,CAPTURE,0,-1,0,0,0,0,0,0,52,0,5440,40,0,18,286,554,17,13,14,45,12,460,,gauntlet/20260930-171612-scrim-g_iter1/replays/tlevietpdx.Sprint2__StackGame__botB.bc24,tlevietpdx.Sprint2,0,g_iter1
B,g_iter1,1,566,CAPTURE,3,420,333,3,0,0,0,0,35,50,125,275,10,5,1801,651,24,0,88,114,460,12,,gauntlet/20260930-171612-scrim-g_iter1/replays/tlevietpdx.Sprint2__StackGame__botB.bc24,tlevietpdx.Sprint2,1,g_iter1
A,ducks,0,2000,LEVEL_SUM,0,-1,0,3,0,3,3,0,0,11,200,100,0,22,0,0,20,0,0,0,0,1371,,gauntlet/20260930-171612-scrim-g_iter1/replays/joelcrouch.ducks__Fusbol__botB.bc24,joelcrouch.ducks,0,g_iter1
B,g_iter1,1,2000,LEVEL_SUM,0,-1,0,0,0,0,0,0,42,45,1320,281,3,19,433,0,17,0,104,0,1371,0,ATK@600+HEAL@1200+CAP@1800,gauntlet/20260930-171612-scrim-g_iter1/replays/joelcrouch.ducks__Fusbol__botB.bc24,joelcrouch.ducks,1,g_iter1
A,g_iter1,1,2000,LEVEL_SUM,0,-1,393,1,0,0,0,0,33,40,135,225,7,16,922,1078,16,0,54,185,577,264,ATK@600+HEAL@1200+CAP@1800,gauntlet/20260930-171612-scrim-g_iter1/replays/clbarrell.duck8__Divergent__botA.bc24,clbarrell.duck8,1,g_iter1
B,duck8,0,2000,LEVEL_SUM,0,-1,343,3,0,0,0,0,41,30,140,10,2,20,674,828,7,0,46,193,264,577,ATK@750+HEAL@1500,gauntlet/20260930-171612-scrim-g_iter1/replays/clbarrell.duck8__Divergent__botA.bc24,clbarrell.duck8,0,g_iter1
A,g_iter1,1,435,CAPTURE,3,321,309,7,0,0,0,0,52,26,205,305,4,17,1113,990,12,0,48,34,110,20,,gauntlet/20260930-171612-scrim-g_iter1/replays/Peter-Fun.dinoboxer__WheresMyWater__botA.bc24,Peter-Fun.dinoboxer,1,g_iter1
B,dinoboxer,0,435,CAPTURE,0,-1,0,0,0,0,0,0,3,27,10,80,0,32,489,982,26,0,28,35,20,110,,gauntlet/20260930-171612-scrim-g_iter1/replays/Peter-Fun.dinoboxer__WheresMyWater__botA.bc24,Peter-Fun.dinoboxer,0,g_iter1
A,v10official,0,2000,LEVEL_SUM,2,227,220,10,3,3,4,32,38,2,4161,96,5,20,1113,1884,6,2,55,255,437,858,ATK@600+HEAL@1200+CAP@1800,gauntlet/20260930-171612-scrim-g_iter1/replays/Gymhgy.v10official__Battlefield__botB.bc24,Gymhgy.v10official,0,g_iter1
B,g_iter1,1,2000,LEVEL_SUM,2,639,259,4,0,0,0,0,28,45,185,215,8,27,1327,1832,11,0,57,275,858,437,ATK@600+HEAL@1200+CAP@1800,gauntlet/20260930-171612-scrim-g_iter1/replays/Gymhgy.v10official__Battlefield__botB.bc24,Gymhgy.v10official,1,g_iter1
A,g_iter1,1,2000,LEVEL_SUM,2,302,234,7,0,0,0,0,28,21,185,305,4,2,760,777,4,0,60,375,2874,56,ATK@600+HEAL@1200+CAP@1800,gauntlet/20260930-171612-scrim-g_iter1/replays/RyanAspen.v22__Asteroids__botA.bc24,RyanAspen.v22,1,g_iter1
B,v22,0,2000,LEVEL_SUM,2,364,254,8,0,0,0,0,75,0,950,23,0,0,694,368,0,0,58,103,56,2874,HEAL@600+ATK@1212,gauntlet/20260930-171612-scrim-g_iter1/replays/RyanAspen.v22__Asteroids__botA.bc24,RyanAspen.v22,0,g_iter1
A,g_iter1,1,2000,MORE_FLAG_CAPTURES,1,978,277,4,0,0,0,0,76,17,185,125,3,3,202,63,2,0,33,0,80,4,ATK@600+HEAL@1200+CAP@1800,gauntlet/20260930-171612-scrim-g_iter1/replays/lukerhoads.warrior_2nd_comp__Decision__botA.bc24,lukerhoads.warrior_2nd_comp,1,g_iter1
B,warrior_2nd_comp,0,2000,MORE_FLAG_CAPTURES,0,-1,0,3,0,3,36,0,0,24,350,850,2,5,0,0,6,13,5,24,4,80,ATK@750+CAP@1500,gauntlet/20260930-171612-scrim-g_iter1/replays/lukerhoads.warrior_2nd_comp__Decision__botA.bc24,lukerhoads.warrior_2nd_comp,0,g_iter1
A,g_iter1,1,621,CAPTURE,3,311,227,3,0,0,0,0,6,48,155,125,9,3,1062,46,19,0,79,0,519,0,ATK@600,gauntlet/20260930-171612-scrim-g_iter1/replays/sivakovivan.NewHide__Randy__botA.bc24,sivakovivan.NewHide,1,g_iter1
B,NewHide,0,621,CAPTURE,0,-1,0,0,0,0,0,0,0,57,100,20,0,32,24,7,0,0,72,75,0,519,HEAL@600,gauntlet/20260930-171612-scrim-g_iter1/replays/sivakovivan.NewHide__Randy__botA.bc24,sivakovivan.NewHide,0,g_iter1
A,cowards,0,400,CAPTURE,0,-1,269,1,0,0,0,0,32,2,1040,10,0,6,328,1502,34,0,0,22,19,67,,gauntlet/20260930-171612-scrim-g_iter1/replays/aj-chau.cowards__Pancakes__botB.bc24,aj-chau.cowards,0,g_iter1
B,g_iter1,1,400,CAPTURE,3,290,244,5,0,0,0,0,14,18,165,245,3,19,1259,804,5,0,59,28,67,19,,gauntlet/20260930-171612-scrim-g_iter1/replays/aj-chau.cowards__Pancakes__botB.bc24,aj-chau.cowards,1,g_iter1
A,g_iter1,1,609,CAPTURE,3,277,225,16,0,0,0,0,93,97,9865,280,9,3,1253,1142,24,0,241,250,413,17,ATK@600,gauntlet/20260930-171612-scrim-g_iter1/replays/VarunVejalla.alexander__Skyline__botA.bc24,VarunVejalla.alexander,1,g_iter1
B,alexander,0,609,CAPTURE,0,-1,493,4,0,3,53,0,0,0,9600,11000,0,17,613,155,0,0,0,0,17,413,,gauntlet/20260930-171612-scrim-g_iter1/replays/VarunVejalla.alexander__Skyline__botA.bc24,VarunVejalla.alexander,0,g_iter1
A,g_iter1,1,520,CAPTURE,3,321,247,3,0,0,0,0,13,77,690,290,12,3,1303,723,24,0,177,139,234,6,,gauntlet/20260930-171612-scrim-g_iter1/replays/abdullah8a0.crayBasic__Foxes__botA.bc24,abdullah8a0.crayBasic,1,g_iter1
B,crayBasic,0,520,CAPTURE,0,-1,476,3,0,0,0,0,0,0,2400,2900,0,14,406,90,0,0,0,0,6,234,,gauntlet/20260930-171612-scrim-g_iter1/replays/abdullah8a0.crayBasic__Foxes__botA.bc24,abdullah8a0.crayBasic,0,g_iter1
A,player22,1,565,CAPTURE,3,298,253,11,0,3,0,0,64,0,3780,2970,0,12,1105,635,19,0,72,107,116,184,,gauntlet/20260930-181641-scrim-a2reloc/losses/andrewgopher.player22__Alligator__botB.bc24,andrewgopher.player22,0,a2reloc
B,a2reloc,0,565,CAPTURE,0,-1,349,5,0,3,18,0,55,32,130,280,5,2,898,1370,14,0,51,78,184,116,,gauntlet/20260930-181641-scrim-a2reloc/losses/andrewgopher.player22__Alligator__botB.bc24,andrewgopher.player22,1,a2reloc
A,a2reloc,0,2000,MORE_FLAG_CAPTURES,0,-1,315,9,0,3,7,0,3,25,165,120,4,0,917,779,6,0,40,208,1020,490,ATK@600+HEAL@1200+CAP@1800,gauntlet/20260930-181641-scrim-a2reloc/losses/quesswho.cretplayer2_3__FloodGates__botA.bc24,quesswho.cretplayer2_3,1,a2reloc
B,cretplayer2_3,1,2000,MORE_FLAG_CAPTURES,2,965,236,66,0,3,17,0,2,0,2840,990,0,4,1170,835,0,4,57,186,490,1020,ATK@600+HEAL@1200+CAP@1800,gauntlet/20260930-181641-scrim-a2reloc/losses/quesswho.cretplayer2_3__FloodGates__botA.bc24,quesswho.cretplayer2_3,0,a2reloc
A,v10official,1,2000,MORE_FLAG_CAPTURES,2,295,255,22,17,3,15,69,23,1,5037,67,13,0,1142,1967,10,1,78,383,564,734,ATK@600+HEAL@1200+CAP@1800,gauntlet/20260930-181641-scrim-a2reloc/losses/Gymhgy.v10official__StackGame__botB.bc24,Gymhgy.v10official,0,a2reloc
B,a2reloc,0,2000,MORE_FLAG_CAPTURES,0,-1,335,16,0,3,23,0,36,48,169,309,9,6,1224,1679,15,0,53,206,734,564,ATK@600+HEAL@1200+CAP@1800,gauntlet/20260930-181641-scrim-a2reloc/losses/Gymhgy.v10official__StackGame__botB.bc24,Gymhgy.v10official,1,a2reloc
A,waffle,1,2000,MORE_FLAG_CAPTURES,2,286,225,34,0,0,0,0,24,36,880,340,0,4,1090,873,0,0,71,343,500,1445,ATK@600+HEAL@1200+CAP@1800,gauntlet/20260930-181641-scrim-a2reloc/losses/winkelmantanner.waffle__Bunkers__botB.bc24,winkelmantanner.waffle,0,a2reloc
B,a2reloc,0,2000,MORE_FLAG_CAPTURES,1,320,279,11,0,3,15,0,27,35,205,295,5,9,1160,1409,10,0,56,239,1445,500,ATK@600+HEAL@1200+CAP@1800,gauntlet/20260930-181641-scrim-a2reloc/losses/winkelmantanner.waffle__Bunkers__botB.bc24,winkelmantanner.waffle,1,a2reloc
A,a2reloc,0,1928,CAPTURE,1,874,845,5,0,3,39,0,83,40,125,255,7,1,821,1010,20,0,39,237,491,579,ATK@600+HEAL@1200+CAP@1800,gauntlet/20260930-181641-scrim-a2reloc/losses/CyrilSharma.finalBot__Islands__botA.bc24,CyrilSharma.finalBot,1,a2reloc
B,finalBot,1,1928,CAPTURE,3,297,261,22,0,0,0,56,41,2,5838,2274,11,6,1047,1031,0,0,147,565,579,491,ATK@600+HEAL@1200+CAP@1800,gauntlet/20260930-181641-scrim-a2reloc/losses/CyrilSharma.finalBot__Islands__botA.bc24,CyrilSharma.finalBot,0,a2reloc
A,Version18Final,1,2000,LEVEL_SUM,2,384,352,7,0,3,24,19,12,6,1480,13971,3,2,935,1260,35,3,74,416,582,403,ATK@600+HEAL@1200+CAP@1800,gauntlet/20260930-181641-scrim-a2reloc/losses/uravt.Version18Final__HungerGames__botB.bc24,uravt.Version18Final,0,a2reloc
B,a2reloc,0,2000,LEVEL_SUM,2,285,226,10,0,3,32,0,18,22,190,205,4,3,873,1454,18,0,67,233,403,582,ATK@600+HEAL@1200+CAP@1800,gauntlet/20260930-181641-scrim-a2reloc/losses/uravt.Version18Final__HungerGames__botB.bc24,uravt.Version18Final,1,a2reloc
A,a2reloc,0,2000,MORE_FLAG_CAPTURES,0,-1,0,3,0,3,54,0,35,21,185,255,3,1,888,1353,6,0,37,178,330,448,ATK@600+HEAL@1200+CAP@1800,gauntlet/20260930-181641-scrim-a2reloc/losses/IvanGeffner.kuma__OceanFloor__botA.bc24,IvanGeffner.kuma,1,a2reloc
B,kuma,1,2000,MORE_FLAG_CAPTURES,2,328,246,23,15,0,0,90,46,2,865,595,18,7,1025,1251,0,0,49,447,448,330,ATK@600+HEAL@1200+CAP@1800,gauntlet/20260930-181641-scrim-a2reloc/losses/IvanGeffner.kuma__OceanFloor__botA.bc24,IvanGeffner.kuma,0,a2reloc
A,a2reloc,0,2000,MORE_FLAG_CAPTURES,0,-1,218,25,0,3,52,0,67,40,131,324,7,12,1173,466,12,0,65,300,725,49,ATK@600+HEAL@1200+CAP@1800,gauntlet/20260930-181641-scrim-a2reloc/losses/justinottesen.sprint1__Hurricane__botA.bc24,justinottesen.sprint1,1,a2reloc
B,sprint1,1,2000,MORE_FLAG_CAPTURES,1,616,226,8,0,0,0,0,178,7,160,60,0,6,225,825,9,0,0,35,49,725,ATK@600,gauntlet/20260930-181641-scrim-a2reloc/losses/justinottesen.sprint1__Hurricane__botA.bc24,justinottesen.sprint1,0,a2reloc
A,flagbot_final,1,1161,CAPTURE,3,372,289,10,0,3,9,90,104,3,50,45,18,3,1118,1680,0,0,75,220,325,60,ATK@600,gauntlet/20260930-181641-scrim-a2reloc/losses/chenyx512.flagbot_final__Funnel__botB.bc24,chenyx512.flagbot_final,0,a2reloc
B,a2reloc,0,1161,CAPTURE,0,-1,448,5,0,3,21,0,41,29,130,300,4,6,923,1519,7,0,50,119,60,325,ATK@600,gauntlet/20260930-181641-scrim-a2reloc/losses/chenyx512.flagbot_final__Funnel__botB.bc24,chenyx512.flagbot_final,1,a2reloc
A,a2reloc,0,630,CAPTURE,1,400,259,4,0,3,48,0,180,83,620,226,8,8,683,652,17,0,237,244,104,139,ATK@600,gauntlet/20260930-181641-scrim-a2reloc/losses/hsmalladi.finalbot__Snake__botA.bc24,hsmalladi.finalbot,1,a2reloc
B,finalbot,1,630,CAPTURE,3,594,276,24,8,3,49,60,164,0,9616,17366,12,0,764,814,8,9,267,336,139,104,ATK@600,gauntlet/20260930-181641-scrim-a2reloc/losses/hsmalladi.finalbot__Snake__botA.bc24,hsmalladi.finalbot,0,a2reloc
A,a2reloc,0,529,CAPTURE,1,507,266,10,0,3,16,0,91,14,125,180,2,0,1010,1342,8,0,11,20,54,46,,gauntlet/20260930-181641-scrim-a2reloc/losses/Gymhgy.v10official__Intercontinental__botA.bc24,Gymhgy.v10official,1,a2reloc
B,v10official,1,529,CAPTURE,3,264,240,37,27,3,7,53,113,3,238,20,10,0,889,1374,1,3,13,23,46,54,,gauntlet/20260930-181641-scrim-a2reloc/losses/Gymhgy.v10official__Intercontinental__botA.bc24,Gymhgy.v10official,0,a2reloc
A,waffle,1,646,CAPTURE,3,364,272,22,0,0,0,0,0,3,2100,4120,0,4,824,1019,0,0,138,172,96,113,ATK@600,gauntlet/20260930-181641-scrim-a2reloc/losses/winkelmantanner.waffle__Puzzle__botB.bc24,winkelmantanner.waffle,0,a2reloc
B,a2reloc,0,646,CAPTURE,0,-1,391,7,0,3,16,0,4,22,135,285,4,3,727,971,15,0,77,115,113,96,ATK@600,gauntlet/20260930-181641-scrim-a2reloc/losses/winkelmantanner.waffle__Puzzle__botB.bc24,winkelmantanner.waffle,1,a2reloc
A,Goob_final,1,2000,MORE_FLAG_CAPTURES,1,634,284,5,0,0,0,0,120,0,4600,20,0,6,1245,1074,0,0,74,358,565,1342,ATK@600+HEAL@1200+CAP@1800,gauntlet/20260930-181641-scrim-a2reloc/losses/ColtG5.Goob_final__Islands__botB.bc24,ColtG5.Goob_final,0,a2reloc
B,a2reloc,0,2000,MORE_FLAG_CAPTURES,0,-1,0,3,0,3,42,0,89,45,190,290,7,22,1241,1563,15,0,51,204,1342,565,ATK@600+HEAL@1200+CAP@1800,gauntlet/20260930-181641-scrim-a2reloc/losses/ColtG5.Goob_final__Islands__botB.bc24,ColtG5.Goob_final,1,a2reloc
A,a2reloc,0,544,CAPTURE,0,-1,0,3,0,3,21,0,4,20,190,285,3,19,845,1190,16,0,71,81,50,102,,gauntlet/20260930-181641-scrim-a2reloc/losses/IvanGeffner.kuma__Puzzle__botA.bc24,IvanGeffner.kuma,1,a2reloc
B,kuma,1,544,CAPTURE,3,390,287,19,13,0,0,90,4,0,825,3323,18,5,1118,1254,8,0,178,140,102,50,,gauntlet/20260930-181641-scrim-a2reloc/losses/IvanGeffner.kuma__Puzzle__botA.bc24,IvanGeffner.kuma,0,a2reloc
A,a2reloc,0,665,CAPTURE,0,-1,280,17,0,3,27,0,106,31,208,98,5,1,772,942,21,0,82,109,101,143,ATK@600,gauntlet/20260930-181641-scrim-a2reloc/losses/Strequals.duck0127v5__BigDucksBigPond__botA.bc24,Strequals.duck0127v5,1,a2reloc
B,duck0127v5,1,665,CAPTURE,3,443,266,15,0,0,0,90,23,8,2060,490,18,2,1072,990,0,2,109,147,143,101,ATK@600,gauntlet/20260930-181641-scrim-a2reloc/losses/Strequals.duck0127v5__BigDucksBigPond__botA.bc24,Strequals.duck0127v5,0,a2reloc
A,a2reloc,0,549,CAPTURE,2,307,281,7,0,3,9,0,0,36,190,125,7,0,763,1113,14,0,25,40,167,86,,gauntlet/20260930-181641-scrim-a2reloc/losses/jmerle.camel_case_v21_final__BedWars__botA.bc24,jmerle.camel_case_v21_final,1,a2reloc
B,camel_case_v21_final,1,549,CAPTURE,3,389,267,13,0,0,0,0,0,0,4800,1890,0,0,843,225,0,0,30,33,86,167,,gauntlet/20260930-181641-scrim-a2reloc/losses/jmerle.camel_case_v21_final__BedWars__botA.bc24,jmerle.camel_case_v21_final,0,a2reloc
A,jeeryfix3,1,1386,CAPTURE,3,322,257,12,0,0,0,0,36,5,13220,18550,0,3,1024,783,0,0,208,395,365,746,ATK@600+CAP@1200,gauntlet/20260930-181641-scrim-a2reloc/losses/kyleezz.jeeryfix3__Joker__botB.bc24,kyleezz.jeeryfix3,0,a2reloc
B,a2reloc,0,1386,CAPTURE,1,1269,440,7,0,3,47,0,1,106,4965,225,11,3,1174,1297,22,0,213,343,746,365,ATK@600+HEAL@1200,gauntlet/20260930-181641-scrim-a2reloc/losses/kyleezz.jeeryfix3__Joker__botB.bc24,kyleezz.jeeryfix3,1,a2reloc
A,a2reloc,0,2000,MORE_FLAG_CAPTURES,0,-1,0,3,0,3,7,0,3,25,150,220,3,4,1171,1370,6,0,48,191,1173,289,ATK@600+HEAL@1200+CAP@1800,gauntlet/20260930-181641-scrim-a2reloc/losses/ColtG5.Goob_final__FloodGates__botA.bc24,ColtG5.Goob_final,1,a2reloc
B,Goob_final,1,2000,MORE_FLAG_CAPTURES,2,294,250,4,0,0,0,0,7,0,2690,20,0,8,858,929,2,0,37,197,289,1173,ATK@600+HEAL@1200+CAP@1800,gauntlet/20260930-181641-scrim-a2reloc/losses/ColtG5.Goob_final__FloodGates__botA.bc24,ColtG5.Goob_final,0,a2reloc
A,a2reloc,0,2000,MORE_FLAG_CAPTURES,0,-1,339,6,0,3,36,0,39,40,170,270,7,7,851,862,11,0,51,203,682,372,ATK@600+HEAL@1200+CAP@1800,gauntlet/20260930-181641-scrim-a2reloc/losses/kyleezz.jeeryfix3__Divergent__botA.bc24,kyleezz.jeeryfix3,1,a2reloc
B,jeeryfix3,1,2000,MORE_FLAG_CAPTURES,2,468,243,36,0,0,0,0,82,2,3140,1500,0,6,956,529,0,0,57,239,372,682,ATK@600+CAP@1200+HEAL@1800,gauntlet/20260930-181641-scrim-a2reloc/losses/kyleezz.jeeryfix3__Divergent__botA.bc24,kyleezz.jeeryfix3,0,a2reloc
A,a2reloc,0,2000,MORE_FLAG_CAPTURES,0,-1,0,3,0,3,33,0,0,35,185,155,6,14,755,1214,10,0,40,198,430,577,ATK@600+HEAL@1200+CAP@1800,gauntlet/20260930-181641-scrim-a2reloc/losses/andli28.v9_USQuals_angle__Valentine__botA.bc24,andli28.v9_USQuals_angle,1,a2reloc
B,v9_USQuals_angle,1,2000,MORE_FLAG_CAPTURES,2,1137,294,76,0,0,0,90,0,6,2445,4660,18,3,918,1013,13,3,80,449,577,430,ATK@600+HEAL@1200+CAP@1800,gauntlet/20260930-181641-scrim-a2reloc/losses/andli28.v9_USQuals_angle__Valentine__botA.bc24,andli28.v9_USQuals_angle,0,a2reloc
A,a2reloc,0,1037,CAPTURE,0,-1,380,4,0,3,13,0,282,60,365,295,11,4,886,1735,24,0,96,160,157,229,ATK@600,gauntlet/20260930-181641-scrim-a2reloc/losses/andli28.v9_USQuals_angle__Waterworld__botA.bc24,andli28.v9_USQuals_angle,1,a2reloc
B,v9_USQuals_angle,1,1037,CAPTURE,3,821,669,11,0,0,0,41,183,8,445,1819,8,5,992,1446,5,5,53,234,229,157,ATK@600,gauntlet/20260930-181641-scrim-a2reloc/losses/andli28.v9_USQuals_angle__Waterworld__botA.bc24,andli28.v9_USQuals_angle,0,a2reloc
A,TSPAARKSPRINT1,1,1053,CAPTURE,3,538,259,22,0,3,59,0,29,4,8630,2290,0,5,554,1538,36,25,3,80,100,238,ATK@600,gauntlet/20260930-181641-scrim-a2reloc/losses/SampleProvider.TSPAARKSPRINT1__Foxes__botB.bc24,SampleProvider.TSPAARKSPRINT1,0,a2reloc
B,a2reloc,0,1053,CAPTURE,2,574,260,16,0,3,39,0,19,75,660,260,11,12,960,1097,20,0,73,184,238,100,ATK@600,gauntlet/20260930-181641-scrim-a2reloc/losses/SampleProvider.TSPAARKSPRINT1__Foxes__botB.bc24,SampleProvider.TSPAARKSPRINT1,1,a2reloc
A,v3,1,1132,CAPTURE,3,303,262,36,12,0,0,0,15,0,2650,630,0,8,805,923,0,0,95,260,361,377,ATK@600,gauntlet/20260930-181641-scrim-a2reloc/losses/NotLLeon.v3__HungerGames__botB.bc24,NotLLeon.v3,0,a2reloc
B,a2reloc,0,1132,CAPTURE,2,296,247,16,0,3,32,0,18,22,200,655,3,1,1063,1086,19,0,171,255,377,361,ATK@600,gauntlet/20260930-181641-scrim-a2reloc/losses/NotLLeon.v3__HungerGames__botB.bc24,NotLLeon.v3,1,a2reloc
A,v3,1,2000,MORE_FLAG_CAPTURES,2,239,221,93,12,0,0,0,15,0,6050,5010,0,15,890,939,0,0,91,264,571,740,ATK@600+HEAL@1200+CAP@1800,gauntlet/20260930-181641-scrim-a2reloc/losses/NotLLeon.v3__Mountain__botB.bc24,NotLLeon.v3,0,a2reloc
B,a2reloc,0,2000,MORE_FLAG_CAPTURES,0,-1,0,3,0,3,9,0,32,45,175,275,8,5,871,1161,14,0,53,236,740,571,ATK@600+HEAL@1200+CAP@1800,gauntlet/20260930-181641-scrim-a2reloc/losses/NotLLeon.v3__Mountain__botB.bc24,NotLLeon.v3,1,a2reloc
A,Version18Final,1,553,CAPTURE,3,404,295,8,0,3,21,21,42,17,244,99,3,3,798,951,3,3,31,33,62,37,,gauntlet/20260930-181641-scrim-a2reloc/losses/uravt.Version18Final__Decision__botB.bc24,uravt.Version18Final,0,a2reloc
B,a2reloc,0,553,CAPTURE,0,-1,371,4,0,3,18,0,83,15,130,185,2,7,695,1039,3,0,30,44,37,62,,gauntlet/20260930-181641-scrim-a2reloc/losses/uravt.Version18Final__Decision__botB.bc24,uravt.Version18Final,1,a2reloc
A,flagbot_final,1,834,CAPTURE,3,598,504,12,0,3,12,44,59,0,22,26,8,5,1087,1786,0,0,0,48,167,74,ATK@600,gauntlet/20260930-181641-scrim-a2reloc/losses/chenyx512.flagbot_final__Racetrack__botB.bc24,chenyx512.flagbot_final,0,a2reloc
B,a2reloc,0,834,CAPTURE,0,-1,0,3,0,3,39,0,76,0,120,200,0,3,1056,1685,0,0,16,43,74,167,ATK@600,gauntlet/20260930-181641-scrim-a2reloc/losses/chenyx512.flagbot_final__Racetrack__botB.bc24,chenyx512.flagbot_final,1,a2reloc
A,player22,1,1868,CAPTURE,3,331,293,18,0,3,0,0,26,0,2320,30,0,0,1285,830,2,0,65,459,1034,959,ATK@600+HEAL@1200+CAP@1800,gauntlet/20260930-181641-scrim-a2reloc/losses/andrewgopher.player22__Digging__botB.bc24,andrewgopher.player22,0,a2reloc
B,a2reloc,0,1868,CAPTURE,0,-1,258,4,0,3,26,0,15,23,160,180,4,12,1024,1377,4,0,51,203,959,1034,ATK@600+HEAL@1200+CAP@1800,gauntlet/20260930-181641-scrim-a2reloc/losses/andrewgopher.player22__Digging__botB.bc24,andrewgopher.player22,1,a2reloc
A,camel_case_v21_final,1,864,CAPTURE,3,304,252,12,0,0,0,0,48,14,2860,2260,0,5,1385,595,0,0,117,266,463,341,ATK@600,gauntlet/20260930-181641-scrim-a2reloc/losses/jmerle.camel_case_v21_final__Alligator__botB.bc24,jmerle.camel_case_v21_final,0,a2reloc
B,a2reloc,0,864,CAPTURE,1,399,363,10,0,3,18,0,56,32,135,280,5,4,783,1131,16,0,58,121,341,463,ATK@600,gauntlet/20260930-181641-scrim-a2reloc/losses/jmerle.camel_case_v21_final__Alligator__botB.bc24,jmerle.camel_case_v21_final,1,a2reloc
A,a2reloc,0,577,CAPTURE,0,-1,288,12,0,3,23,0,83,15,130,175,2,3,696,1240,3,0,26,28,38,81,,gauntlet/20260930-181641-scrim-a2reloc/losses/Strequals.duck0127v5__Decision__botA.bc24,Strequals.duck0127v5,1,a2reloc
B,duck0127v5,1,577,CAPTURE,3,527,311,11,0,0,0,90,12,4,2050,1025,18,2,900,1132,0,3,64,89,81,38,,gauntlet/20260930-181641-scrim-a2reloc/losses/Strequals.duck0127v5__Decision__botA.bc24,Strequals.duck0127v5,0,a2reloc
A,a2reloc,1,2000,MORE_FLAG_CAPTURES,2,400,290,9,0,3,22,0,37,41,390,240,6,19,712,646,15,0,67,746,2093,129,ATK@600+HEAL@1200+CAP@1800,gauntlet/20260930-181641-scrim-a2reloc/replays/RyanAspen.v22__Mountain__botA.bc24,RyanAspen.v22,1,a2reloc
B,v22,0,2000,MORE_FLAG_CAPTURES,0,-1,0,0,0,0,0,0,44,5,4380,3046,0,22,413,112,0,0,87,251,129,2093,HEAL@600+ATK@1200+CAP@1800,gauntlet/20260930-181641-scrim-a2reloc/replays/RyanAspen.v22__Mountain__botA.bc24,RyanAspen.v22,0,a2reloc
A,a2reloc,1,475,CAPTURE,3,274,224,16,0,3,33,0,9,46,190,230,7,5,1193,1626,14,0,59,58,117,70,,gauntlet/20260930-181641-scrim-a2reloc/replays/jonters.bling3__Alien__botA.bc24,jonters.bling3,1,a2reloc
B,bling3,0,475,CAPTURE,0,-1,307,3,0,0,0,0,10,17,2000,240,0,6,952,1603,33,0,9,43,70,117,,gauntlet/20260930-181641-scrim-a2reloc/replays/jonters.bling3__Alien__botA.bc24,jonters.bling3,0,a2reloc
A,cowards,0,646,CAPTURE,0,-1,243,13,0,0,0,0,19,14,830,30,0,4,378,1326,54,0,0,56,43,344,,gauntlet/20260930-181641-scrim-a2reloc/replays/aj-chau.cowards__Occulus__botB.bc24,aj-chau.cowards,0,a2reloc
B,a2reloc,1,646,CAPTURE,3,406,227,15,0,3,18,0,16,32,140,240,6,22,1379,912,8,0,49,56,344,43,ATK@600,gauntlet/20260930-181641-scrim-a2reloc/replays/aj-chau.cowards__Occulus__botB.bc24,aj-chau.cowards,1,a2reloc
A,sprint1,0,601,CAPTURE,1,554,203,12,0,0,0,0,61,11,170,50,0,13,315,1209,22,0,0,29,25,393,ATK@600,gauntlet/20260930-181641-scrim-a2reloc/replays/justinottesen.sprint1__Ambush__botB.bc24,justinottesen.sprint1,0,a2reloc
B,a2reloc,1,601,CAPTURE,3,353,226,16,0,3,12,0,43,22,166,226,3,17,1926,731,9,0,55,97,393,25,ATK@600,gauntlet/20260930-181641-scrim-a2reloc/replays/justinottesen.sprint1__Ambush__botB.bc24,justinottesen.sprint1,1,a2reloc
A,keyboardcrusader_v1,0,1128,CAPTURE,0,-1,0,3,0,3,0,0,98,0,1660,2360,0,17,383,411,22,0,0,34,26,395,,gauntlet/20260930-181641-scrim-a2reloc/replays/H4ffliger.keyboardcrusader_v1__Funnel__botB.bc24,H4ffliger.keyboardcrusader_v1,0,a2reloc
B,a2reloc,1,1128,CAPTURE,3,443,234,11,0,3,28,0,36,29,150,220,5,7,857,1058,22,0,64,194,395,26,ATK@600,gauntlet/20260930-181641-scrim-a2reloc/replays/H4ffliger.keyboardcrusader_v1__Funnel__botB.bc24,H4ffliger.keyboardcrusader_v1,1,a2reloc
A,duck8,0,1590,CAPTURE,1,233,211,32,0,0,0,0,16,41,30,20,3,18,931,919,9,0,68,218,247,915,ATK@750+HEAL@1500,gauntlet/20260930-181641-scrim-a2reloc/replays/clbarrell.duck8__WheresMyWater__botB.bc24,clbarrell.duck8,0,a2reloc
B,a2reloc,1,1590,CAPTURE,3,346,334,6,0,3,18,0,44,31,160,242,5,12,1315,1250,11,0,40,269,915,247,ATK@600+HEAL@1200,gauntlet/20260930-181641-scrim-a2reloc/replays/clbarrell.duck8__WheresMyWater__botB.bc24,clbarrell.duck8,1,a2reloc
A,bc24scenario,0,1809,CAPTURE,0,-1,0,1,0,1,3,58,57,3,1115,1115,6,33,11,24,1,1,1,3,4,1568,ATK@600+HEAL@1200+CAP@1803,gauntlet/20260930-181641-scrim-a2reloc/replays/Metta-AI.bc24scenario__Tunnels__botB.bc24,Metta-AI.bc24scenario,0,a2reloc
B,a2reloc,1,1809,CAPTURE,3,917,857,8,0,3,10,0,58,23,195,195,4,3,13,22,14,0,43,300,1568,4,ATK@600+HEAL@1200+CAP@1800,gauntlet/20260930-181641-scrim-a2reloc/replays/Metta-AI.bc24scenario__Tunnels__botB.bc24,Metta-AI.bc24scenario,1,a2reloc
A,v9,0,379,CAPTURE,0,-1,245,4,0,0,0,0,33,21,975,981,3,1,534,894,0,0,43,37,18,119,,gauntlet/20260930-181641-scrim-a2reloc/replays/TylerJulian.v9__Rivers__botB.bc24,TylerJulian.v9,0,a2reloc
B,a2reloc,1,379,CAPTURE,3,269,213,7,0,3,0,0,31,26,185,255,4,7,1231,766,5,0,46,39,119,18,,gauntlet/20260930-181641-scrim-a2reloc/replays/TylerJulian.v9__Rivers__botB.bc24,TylerJulian.v9,1,a2reloc
A,SimpleBot,0,428,CAPTURE,0,-1,0,0,0,0,0,0,0,0,2400,2900,0,18,0,0,0,0,0,0,0,294,,gauntlet/20260930-181641-scrim-a2reloc/replays/sayam-goyal.SimpleBot__StackGame__botB.bc24,sayam-goyal.SimpleBot,0,a2reloc
B,a2reloc,1,428,CAPTURE,3,262,220,6,0,3,22,0,35,47,188,273,8,3,1706,0,20,0,153,82,294,0,,gauntlet/20260930-181641-scrim-a2reloc/replays/sayam-goyal.SimpleBot__StackGame__botB.bc24,sayam-goyal.SimpleBot,1,a2reloc
A,funkyguy3,0,568,CAPTURE,0,-1,324,1,0,0,0,0,37,135,92,95,10,8,72,485,96,0,60,128,54,361,,gauntlet/20260930-181641-scrim-a2reloc/replays/lcforges.funkyguy3__Skyline__botB.bc24,lcforges.funkyguy3,0,a2reloc
B,a2reloc,1,568,CAPTURE,3,293,221,8,0,3,46,0,111,104,9146,216,9,3,1475,392,19,0,202,167,361,54,,gauntlet/20260930-181641-scrim-a2reloc/replays/lcforges.funkyguy3__Skyline__botB.bc24,lcforges.funkyguy3,1,a2reloc
A,a2reloc,1,586,CAPTURE,3,261,235,10,0,3,24,0,12,68,288,268,12,17,1350,771,27,0,119,129,316,83,,gauntlet/20260930-181641-scrim-a2reloc/replays/cViper971.ourplayer__Anchor__botA.bc24,cViper971.ourplayer,1,a2reloc
B,ourplayer,0,586,CAPTURE,0,-1,258,10,0,0,0,0,10,39,840,900,3,9,324,409,72,0,0,70,83,316,,gauntlet/20260930-181641-scrim-a2reloc/replays/cViper971.ourplayer__Anchor__botA.bc24,cViper971.ourplayer,0,a2reloc
A,dinoboxer,0,2000,MORE_FLAG_CAPTURES,0,-1,0,0,0,0,0,0,31,36,10,29,2,1,202,212,36,6,8,117,130,736,ATK@600+CAP@1200+HEAL@1800,gauntlet/20260930-181641-scrim-a2reloc/replays/Peter-Fun.dinoboxer__HeMustBeFreed__botB.bc24,Peter-Fun.dinoboxer,0,a2reloc
B,a2reloc,1,2000,MORE_FLAG_CAPTURES,1,716,414,16,0,3,39,0,115,15,25,175,3,3,345,309,12,0,29,312,736,130,ATK@600+HEAL@1200+CAP@1800,gauntlet/20260930-181641-scrim-a2reloc/replays/Peter-Fun.dinoboxer__HeMustBeFreed__botB.bc24,Peter-Fun.dinoboxer,1,a2reloc
A,a2reloc,1,631,CAPTURE,3,455,250,10,0,3,40,0,17,76,680,280,11,6,988,738,20,0,86,73,93,56,ATK@600,gauntlet/20260930-181641-scrim-a2reloc/replays/aj-chau.cowards__Foxes__botA.bc24,aj-chau.cowards,1,a2reloc
B,cowards,0,631,CAPTURE,0,-1,608,2,0,0,0,0,21,24,4510,170,1,2,198,1251,56,0,0,65,56,93,,gauntlet/20260930-181641-scrim-a2reloc/replays/aj-chau.cowards__Foxes__botA.bc24,aj-chau.cowards,0,a2reloc
A,a2reloc,1,800,CAPTURE,3,498,339,28,0,3,24,0,76,0,120,120,0,3,1148,1125,0,0,15,54,212,40,ATK@600,gauntlet/20260930-181641-scrim-a2reloc/replays/SampleProvider.TSPAARKSPRINT1__Racetrack__botA.bc24,SampleProvider.TSPAARKSPRINT1,1,a2reloc
B,TSPAARKSPRINT1,0,800,CAPTURE,0,-1,405,7,0,3,47,0,79,0,30,20,0,10,657,1727,0,0,0,7,40,212,ATK@600,gauntlet/20260930-181641-scrim-a2reloc/replays/SampleProvider.TSPAARKSPRINT1__Racetrack__botA.bc24,SampleProvider.TSPAARKSPRINT1,0,a2reloc
A,turtle,0,2000,LEVEL_SUM,0,-1,0,3,0,3,0,0,0,4,4200,144,0,10,159,287,29,0,0,15,14,1156,HEAL@600+ATK@1200,gauntlet/20260930-181641-scrim-a2reloc/replays/andrearante12.turtle__MazeRunner__botB.bc24,andrearante12.turtle,0,a2reloc
B,a2reloc,1,2000,LEVEL_SUM,0,-1,288,5,0,3,31,0,86,17,55,140,2,3,358,314,17,0,37,179,1156,14,ATK@600+HEAL@1200+CAP@1800,gauntlet/20260930-181641-scrim-a2reloc/replays/andrearante12.turtle__MazeRunner__botB.bc24,andrearante12.turtle,1,a2reloc
A,polyv4,0,580,CAPTURE,0,-1,339,1,0,0,0,0,17,26,6370,13320,3,3,106,97,3,0,55,96,10,474,,gauntlet/20260930-181641-scrim-a2reloc/replays/polyllc.polyv4__SteamboatMickey__botB.bc24,polyllc.polyv4,0,a2reloc
B,a2reloc,1,580,CAPTURE,3,281,230,13,0,3,34,0,8,76,676,236,12,3,1491,166,25,0,156,162,474,10,,gauntlet/20260930-181641-scrim-a2reloc/replays/polyllc.polyv4__SteamboatMickey__botB.bc24,polyllc.polyv4,1,a2reloc
A,a2reloc,1,2000,MORE_FLAG_CAPTURES,1,877,424,36,0,3,51,0,69,30,134,274,5,21,888,620,9,0,42,350,915,148,ATK@600+HEAL@1200+CAP@1800,gauntlet/20260930-181641-scrim-a2reloc/replays/reeceyang.v5__GravitationalWaves__botA.bc24,reeceyang.v5,1,a2reloc
B,v5,0,2000,MORE_FLAG_CAPTURES,0,-1,0,0,0,0,0,0,68,21,20,10,2,16,365,643,21,0,0,101,148,915,ATK@600+CAP@1200+HEAL@1800,gauntlet/20260930-181641-scrim-a2reloc/replays/reeceyang.v5__GravitationalWaves__botA.bc24,reeceyang.v5,0,a2reloc
A,MPAttack,0,501,RESIGNATION,0,-1,0,0,0,0,0,0,22,13,40,110,0,9,567,423,21,0,0,17,38,199,,gauntlet/20260930-181641-scrim-a2reloc/replays/itswin.MPAttack__TreeSearch__botB.bc24,itswin.MPAttack,0,a2reloc
B,a2reloc,1,501,RESIGNATION,1,301,226,11,0,3,16,0,71,26,155,145,5,6,821,846,11,0,81,83,199,38,,gauntlet/20260930-181641-scrim-a2reloc/replays/itswin.MPAttack__TreeSearch__botB.bc24,itswin.MPAttack,1,a2reloc
A,tx,0,444,CAPTURE,0,-1,0,0,0,0,0,0,0,0,2900,3400,0,10,0,0,0,0,0,0,0,259,,gauntlet/20260930-181641-scrim-a2reloc/replays/PerishoJ.tx__DefaultLarge__botB.bc24,PerishoJ.tx,0,a2reloc
B,a2reloc,1,444,CAPTURE,3,346,231,6,0,3,23,0,44,22,165,200,4,3,1454,0,24,0,132,39,259,0,,gauntlet/20260930-181641-scrim-a2reloc/replays/PerishoJ.tx__DefaultLarge__botB.bc24,PerishoJ.tx,1,a2reloc
A,combustiblelemon,0,495,CAPTURE,0,-1,0,3,0,3,14,0,0,11,200,100,0,14,424,147,26,0,0,13,20,176,,gauntlet/20260930-181641-scrim-a2reloc/replays/samithShetty.combustiblelemon__Puzzle__botB.bc24,samithShetty.combustiblelemon,0,a2reloc
B,a2reloc,1,495,CAPTURE,3,275,216,6,0,3,16,0,5,20,175,1245,4,3,954,760,22,0,123,58,176,20,,gauntlet/20260930-181641-scrim-a2reloc/replays/samithShetty.combustiblelemon__Puzzle__botB.bc24,samithShetty.combustiblelemon,1,a2reloc
A,v11,0,1476,CAPTURE,0,-1,0,0,0,0,0,0,20,43,10,450,4,23,422,618,0,3,52,174,62,947,ATK@600+HEAL@1200,gauntlet/20260930-181641-scrim-a2reloc/replays/JeffLegendPower.v11__EndAround__botB.bc24,JeffLegendPower.v11,0,a2reloc
B,a2reloc,1,1476,CAPTURE,3,975,823,15,0,3,34,0,67,24,135,35,4,3,620,780,16,0,61,338,947,62,ATK@600+HEAL@1200,gauntlet/20260930-181641-scrim-a2reloc/replays/JeffLegendPower.v11__EndAround__botB.bc24,JeffLegendPower.v11,1,a2reloc
A,turtle,0,634,CAPTURE,0,-1,0,3,0,3,28,0,0,12,2200,60,0,8,301,502,34,0,0,30,35,237,HEAL@600,gauntlet/20260930-181641-scrim-a2reloc/replays/andrearante12.turtle__Funnel__botB.bc24,andrearante12.turtle,0,a2reloc
B,a2reloc,1,634,CAPTURE,3,423,215,10,0,3,33,0,30,32,160,305,5,7,887,684,19,0,56,61,237,35,ATK@600,gauntlet/20260930-181641-scrim-a2reloc/replays/andrearante12.turtle__Funnel__botB.bc24,andrearante12.turtle,1,a2reloc
A,a2reloc,1,428,CAPTURE,3,263,223,6,0,3,17,0,43,23,130,145,3,3,1163,1044,18,0,53,12,183,12,,gauntlet/20260930-181641-scrim-a2reloc/replays/dylanconklin.Team3__Fountain__botA.bc24,dylanconklin.Team3,1,a2reloc
B,Team3,0,428,CAPTURE,0,-1,0,3,0,3,0,0,43,14,30,30,1,11,320,77,23,0,0,20,12,183,,gauntlet/20260930-181641-scrim-a2reloc/replays/dylanconklin.Team3__Fountain__botA.bc24,dylanconklin.Team3,0,a2reloc
A,crayBasic,0,807,CAPTURE,0,-1,209,2,0,0,0,0,0,0,2400,3110,0,19,492,37,0,0,0,0,17,656,,gauntlet/20260930-181641-scrim-a2reloc/replays/abdullah8a0.crayBasic__Battlefield__botB.bc24,abdullah8a0.crayBasic,0,a2reloc
B,a2reloc,1,807,CAPTURE,3,274,260,6,0,3,33,0,33,38,208,268,7,29,1361,803,14,0,65,173,656,17,ATK@600,gauntlet/20260930-181641-scrim-a2reloc/replays/abdullah8a0.crayBasic__Battlefield__botB.bc24,abdullah8a0.crayBasic,1,a2reloc
A,a2reloc,1,1521,CAPTURE,3,1438,1361,7,0,3,23,0,12,19,110,235,3,52,1329,1396,3,0,120,236,889,176,ATK@600+HEAL@1200,gauntlet/20260930-181641-scrim-a2reloc/replays/qpwoeirut.tournament_sprint1__GaltonBoard__botA.bc24,qpwoeirut.tournament_sprint1,1,a2reloc
B,tournament_sprint1,0,1521,CAPTURE,0,-1,0,0,0,0,0,0,9,0,2130,370,0,3,619,1731,65,0,0,142,176,889,ATK@600+HEAL@1200,gauntlet/20260930-181641-scrim-a2reloc/replays/qpwoeirut.tournament_sprint1__GaltonBoard__botA.bc24,qpwoeirut.tournament_sprint1,0,a2reloc
A,a2reloc,1,742,CAPTURE,3,258,230,8,0,3,32,0,92,39,169,89,6,2,957,545,17,0,37,105,403,32,ATK@600,gauntlet/20260930-181641-scrim-a2reloc/replays/cViper971.ourplayer__Klein__botA.bc24,cViper971.ourplayer,1,a2reloc
B,ourplayer,0,742,CAPTURE,1,217,203,6,0,0,0,0,22,18,200,3950,2,13,206,596,43,0,0,47,32,403,ATK@600,gauntlet/20260930-181641-scrim-a2reloc/replays/cViper971.ourplayer__Klein__botA.bc24,cViper971.ourplayer,0,a2reloc
A,a2reloc,1,2000,LEVEL_SUM,0,-1,213,5,0,3,30,0,13,32,115,265,6,3,491,60,24,0,75,0,332,1,ATK@600+HEAL@1200+CAP@1800,gauntlet/20260930-181641-scrim-a2reloc/replays/lukerhoads.warrior_2nd_comp__AceOfSpades__botA.bc24,lukerhoads.warrior_2nd_comp,1,a2reloc
B,warrior_2nd_comp,0,2000,LEVEL_SUM,0,-1,0,3,0,3,56,0,0,14,1800,2300,1,10,0,0,10,2,2,5,1,332,ATK@750+CAP@1500,gauntlet/20260930-181641-scrim-a2reloc/replays/lukerhoads.warrior_2nd_comp__AceOfSpades__botA.bc24,lukerhoads.warrior_2nd_comp,0,a2reloc
A,moveBot1,0,455,CAPTURE,0,-1,0,0,0,0,0,0,45,24,1030,460,3,19,193,393,39,0,0,35,32,300,,gauntlet/20260930-181641-scrim-a2reloc/replays/adamseth2.moveBot1__StackGame__botB.bc24,adamseth2.moveBot1,0,a2reloc
B,a2reloc,1,455,CAPTURE,3,291,224,7,0,3,22,0,36,46,240,215,8,3,1715,799,20,0,104,83,300,32,,gauntlet/20260930-181641-scrim-a2reloc/replays/adamseth2.moveBot1__StackGame__botB.bc24,adamseth2.moveBot1,1,a2reloc
A,defaultplayer_intlqualifier,0,2000,LEVEL_SUM,2,1341,260,39,18,3,10,0,32,9,140,1250,0,2,339,762,4,34,15,108,57,454,ATK@600+HEAL@1200+CAP@1800,gauntlet/20260930-181641-scrim-a2reloc/replays/dmtrung14.defaultplayer_intlqualifier__Pancakes__botB.bc24,dmtrung14.defaultplayer_intlqualifier,0,a2reloc
B,a2reloc,1,2000,LEVEL_SUM,2,285,235,8,0,3,27,0,15,16,200,85,2,15,998,558,7,0,28,113,454,57,ATK@600+HEAL@1200+CAP@1800,gauntlet/20260930-181641-scrim-a2reloc/replays/dmtrung14.defaultplayer_intlqualifier__Pancakes__botB.bc24,dmtrung14.defaultplayer_intlqualifier,1,a2reloc
A,a2reloc,1,413,CAPTURE,3,243,221,6,0,3,19,0,42,25,138,288,4,23,1444,281,7,0,82,1,225,28,,gauntlet/20260930-181641-scrim-a2reloc/replays/Lithanium.AttackingBot__Ambush__botA.bc24,Lithanium.AttackingBot,1,a2reloc
B,AttackingBot,0,413,CAPTURE,0,-1,0,0,0,0,0,0,71,3,1970,350,0,4,21,0,23,0,0,18,28,225,,gauntlet/20260930-181641-scrim-a2reloc/replays/Lithanium.AttackingBot__Ambush__botA.bc24,Lithanium.AttackingBot,0,a2reloc
A,a2reloc,1,1085,CAPTURE,3,375,336,20,0,3,21,0,39,20,203,158,3,5,642,725,2,0,40,109,620,65,ATK@600,gauntlet/20260930-181641-scrim-a2reloc/replays/MiloAkerman.v1__Fountain__botA.bc24,MiloAkerman.v1,1,a2reloc
B,v1,0,1085,CAPTURE,0,-1,554,1,0,0,0,0,70,2,1600,2500,0,9,385,395,14,0,0,33,65,620,,gauntlet/20260930-181641-scrim-a2reloc/replays/MiloAkerman.v1__Fountain__botA.bc24,MiloAkerman.v1,0,a2reloc
A,Bot21,0,541,CAPTURE,0,-1,216,16,8,3,3,90,137,16,20,20,18,12,701,802,1,0,35,43,30,333,,gauntlet/20260930-181641-scrim-a2reloc/replays/HugoIngelsson.Bot21__Swoop__botB.bc24,HugoIngelsson.Bot21,0,a2reloc
B,a2reloc,1,541,CAPTURE,3,414,247,8,0,3,39,0,65,40,153,223,6,1,1473,1029,11,0,77,114,333,30,,gauntlet/20260930-181641-scrim-a2reloc/replays/HugoIngelsson.Bot21__Swoop__botB.bc24,HugoIngelsson.Bot21,1,a2reloc
A,a2reloc,1,353,CAPTURE,3,270,234,8,0,3,23,0,7,111,2950,230,12,5,1095,785,24,0,174,91,143,2,,gauntlet/20260930-181641-scrim-a2reloc/replays/VarunVejalla.alexander__CH3353C4K3F4CT0RY__botA.bc24,VarunVejalla.alexander,1,a2reloc
B,alexander,0,353,CAPTURE,0,-1,310,5,0,3,25,0,0,0,4900,6000,0,0,421,109,0,0,0,0,2,143,,gauntlet/20260930-181641-scrim-a2reloc/replays/VarunVejalla.alexander__CH3353C4K3F4CT0RY__botA.bc24,VarunVejalla.alexander,0,a2reloc
A,Bot21,0,947,CAPTURE,0,-1,408,7,2,3,3,72,86,1,23,43,13,9,822,938,0,0,22,75,111,634,ATK@601,gauntlet/20260930-181641-scrim-a2reloc/replays/HugoIngelsson.Bot21__Rivers__botB.bc24,HugoIngelsson.Bot21,0,a2reloc
B,a2reloc,1,947,CAPTURE,3,700,646,7,0,3,0,0,27,27,205,255,4,21,1381,1283,4,0,55,130,634,111,ATK@600,gauntlet/20260930-181641-scrim-a2reloc/replays/HugoIngelsson.Bot21__Rivers__botB.bc24,HugoIngelsson.Bot21,1,a2reloc
A,Sprint2,0,700,CAPTURE,0,-1,0,0,0,0,0,0,169,0,5430,50,0,8,198,431,19,15,20,55,19,513,ATK@600,gauntlet/20260930-181641-scrim-a2reloc/replays/tlevietpdx.Sprint2__Battlecode24__botB.bc24,tlevietpdx.Sprint2,0,a2reloc
B,a2reloc,1,700,CAPTURE,3,480,246,7,0,3,32,0,67,65,5195,305,7,3,1476,506,15,0,291,243,513,19,ATK@600,gauntlet/20260930-181641-scrim-a2reloc/replays/tlevietpdx.Sprint2__Battlecode24__botB.bc24,tlevietpdx.Sprint2,1,a2reloc
A,a2reloc,1,2000,MORE_FLAG_CAPTURES,2,296,222,7,0,3,54,0,33,22,165,195,3,3,1048,342,22,0,55,2,2829,23,ATK@600+HEAL@1200+CAP@1800,gauntlet/20260930-181641-scrim-a2reloc/replays/Lithanium.AttackingBot__OceanFloor__botA.bc24,Lithanium.AttackingBot,1,a2reloc
B,AttackingBot,0,2000,MORE_FLAG_CAPTURES,0,-1,0,0,0,0,0,0,83,0,1310,210,0,4,14,0,13,0,0,31,23,2829,ATK@600+HEAL@1200,gauntlet/20260930-181641-scrim-a2reloc/replays/Lithanium.AttackingBot__OceanFloor__botA.bc24,Lithanium.AttackingBot,0,a2reloc
A,a2reloc,1,597,CAPTURE,3,250,240,6,0,3,12,0,40,44,160,295,7,3,746,472,22,0,77,32,142,22,,gauntlet/20260930-181641-scrim-a2reloc/replays/SriLakshmiPolavarapu.ducks__Mountain__botA.bc24,SriLakshmiPolavarapu.ducks,1,a2reloc
B,ducks,0,597,CAPTURE,0,-1,0,3,0,3,14,0,0,30,200,100,0,13,36,0,40,0,0,27,22,142,,gauntlet/20260930-181641-scrim-a2reloc/replays/SriLakshmiPolavarapu.ducks__Mountain__botA.bc24,SriLakshmiPolavarapu.ducks,0,a2reloc
A,ExplosiveBot,0,1673,CAPTURE,2,717,240,75,49,0,0,0,6,3,5320,5290,0,9,711,611,27,0,15,118,218,1306,ATK@600+HEAL@1200,gauntlet/20260930-181641-scrim-a2reloc/replays/awu7.ExplosiveBot__Randy__botB.bc24,awu7.ExplosiveBot,0,a2reloc
B,a2reloc,1,1673,CAPTURE,3,279,258,12,0,3,14,0,6,49,180,249,8,21,1075,1277,12,0,71,317,1306,218,ATK@600+HEAL@1200,gauntlet/20260930-181641-scrim-a2reloc/replays/awu7.ExplosiveBot__Randy__botB.bc24,awu7.ExplosiveBot,1,a2reloc
A,v22,0,875,CAPTURE,0,-1,0,0,0,0,0,0,34,7,3880,50,0,31,804,301,0,0,64,103,57,672,HEAL@600,gauntlet/20260930-181641-scrim-a2reloc/replays/RyanAspen.v22__Swoop__botB.bc24,RyanAspen.v22,0,a2reloc
B,a2reloc,1,875,CAPTURE,3,377,329,16,0,3,39,0,62,39,189,174,6,3,1134,1318,24,0,67,225,672,57,ATK@600,gauntlet/20260930-181641-scrim-a2reloc/replays/RyanAspen.v22__Swoop__botB.bc24,RyanAspen.v22,1,a2reloc
A,a2reloc,1,495,CAPTURE,3,316,235,9,0,3,39,0,13,23,155,65,4,3,805,401,11,0,54,3,135,7,,gauntlet/20260930-181641-scrim-a2reloc/replays/AlexYu84.smartPlayer__Digging__botA.bc24,AlexYu84.smartPlayer,1,a2reloc
B,smartPlayer,0,495,CAPTURE,0,-1,0,3,0,3,17,0,8,14,120,30,1,0,103,67,18,14,0,23,7,135,,gauntlet/20260930-181641-scrim-a2reloc/replays/AlexYu84.smartPlayer__Digging__botA.bc24,AlexYu84.smartPlayer,0,a2reloc
A,a2reloc,1,560,CAPTURE,3,309,243,13,0,3,48,0,167,87,625,294,8,6,1596,766,18,0,338,330,370,24,,gauntlet/20260930-181641-scrim-a2reloc/replays/neilhuang007.baseline__Snake__botA.bc24,neilhuang007.baseline,1,a2reloc
B,baseline,0,560,CAPTURE,0,-1,543,3,0,0,0,0,232,10,7340,20690,0,6,523,778,0,0,10,4,24,370,,gauntlet/20260930-181641-scrim-a2reloc/replays/neilhuang007.baseline__Snake__botA.bc24,neilhuang007.baseline,0,a2reloc
A,a2reloc,1,880,CAPTURE,3,564,282,9,0,3,37,0,59,25,140,180,4,3,1810,1081,13,0,52,204,896,31,ATK@600,gauntlet/20260930-181641-scrim-a2reloc/replays/neilhuang007.baseline__TwistedTreeline__botA.bc24,neilhuang007.baseline,1,a2reloc
B,baseline,0,880,CAPTURE,0,-1,432,5,0,0,0,0,85,13,950,1570,0,6,652,1305,0,0,13,13,31,896,CAP@600,gauntlet/20260930-181641-scrim-a2reloc/replays/neilhuang007.baseline__TwistedTreeline__botA.bc24,neilhuang007.baseline,0,a2reloc
A,a2reloc,1,616,CAPTURE,3,330,234,10,0,3,37,0,94,12,155,195,2,3,840,867,2,0,44,57,193,21,ATK@600,gauntlet/20260930-181641-scrim-a2reloc/replays/Peter-Fun.dinoboxer__Decision__botA.bc24,Peter-Fun.dinoboxer,1,a2reloc
B,dinoboxer,0,616,CAPTURE,0,-1,487,6,0,0,0,0,0,17,100,20,0,11,454,669,16,0,11,29,21,193,ATK@600,gauntlet/20260930-181641-scrim-a2reloc/replays/Peter-Fun.dinoboxer__Decision__botA.bc24,Peter-Fun.dinoboxer,0,a2reloc
A,ducks,0,363,CAPTURE,0,-1,0,3,0,3,0,0,0,26,200,100,0,0,34,0,35,0,0,20,4,111,,gauntlet/20260930-181641-scrim-a2reloc/replays/SriLakshmiPolavarapu.ducks__StackGame__botB.bc24,SriLakshmiPolavarapu.ducks,0,a2reloc
B,a2reloc,1,363,CAPTURE,3,289,253,7,0,3,24,0,36,47,266,326,8,3,818,495,20,0,81,30,111,4,,gauntlet/20260930-181641-scrim-a2reloc/replays/SriLakshmiPolavarapu.ducks__StackGame__botB.bc24,SriLakshmiPolavarapu.ducks,1,a2reloc
A,a2reloc,1,2000,MORE_FLAG_CAPTURES,2,487,335,6,0,3,32,0,89,16,50,195,2,3,182,8,19,0,37,2,2088,0,ATK@600+HEAL@1200+CAP@1800,gauntlet/20260930-181641-scrim-a2reloc/replays/sivakovivan.NewHide__MazeRunner__botA.bc24,sivakovivan.NewHide,1,a2reloc
B,NewHide,0,2000,MORE_FLAG_CAPTURES,0,-1,0,0,0,0,0,0,0,50,20,20,1,38,4,10,0,0,70,100,0,2088,HEAL@600,gauntlet/20260930-181641-scrim-a2reloc/replays/sivakovivan.NewHide__MazeRunner__botA.bc24,sivakovivan.NewHide,0,a2reloc
A,Sprint2,0,625,CAPTURE,0,-1,0,0,0,0,0,0,36,0,13420,100,0,4,214,448,52,24,22,87,33,289,ATK@600,gauntlet/20260930-181641-scrim-a2reloc/replays/tlevietpdx.Sprint2__Joker__botB.bc24,tlevietpdx.Sprint2,0,a2reloc
B,a2reloc,1,625,CAPTURE,3,317,278,9,0,3,47,0,2,109,4714,286,11,10,1392,560,23,0,278,238,289,33,ATK@600,gauntlet/20260930-181641-scrim-a2reloc/replays/tlevietpdx.Sprint2__Joker__botB.bc24,tlevietpdx.Sprint2,1,a2reloc
A,bling3,0,691,CAPTURE,0,-1,283,3,0,0,0,0,108,13,60,30,0,0,690,1081,15,0,4,28,64,242,ATK@600,gauntlet/20260930-181641-scrim-a2reloc/replays/jonters.bling3__QueenOfHearts__botB.bc24,jonters.bling3,0,a2reloc
B,a2reloc,1,691,CAPTURE,3,389,227,17,0,3,30,0,83,28,170,350,4,14,1106,960,8,0,57,103,242,64,ATK@600,gauntlet/20260930-181641-scrim-a2reloc/replays/jonters.bling3__QueenOfHearts__botB.bc24,jonters.bling3,1,a2reloc
A,smartPlayer,0,711,CAPTURE,0,-1,0,9,0,9,15,0,16,18,40,80,2,14,131,5,24,10,0,35,22,150,,gauntlet/20260930-181641-scrim-a2reloc/replays/AlexYu84.smartPlayer__SteamboatMickey__botB.bc24,AlexYu84.smartPlayer,0,a2reloc
B,a2reloc,1,711,CAPTURE,3,289,221,9,0,3,34,0,9,76,666,479,12,4,772,524,24,0,247,100,150,22,ATK@600,gauntlet/20260930-181641-scrim-a2reloc/replays/AlexYu84.smartPlayer__SteamboatMickey__botB.bc24,AlexYu84.smartPlayer,1,a2reloc
A,duck8,0,2000,LEVEL_SUM,1,420,233,7,0,0,0,0,40,32,120,10,3,3,827,1075,2,0,78,200,222,658,ATK@750+HEAL@1500,gauntlet/20260930-181641-scrim-a2reloc/replays/clbarrell.duck8__Funnel__botB.bc24,clbarrell.duck8,0,a2reloc
B,a2reloc,1,2000,LEVEL_SUM,1,1952,1884,4,0,3,23,0,39,30,120,220,5,29,950,1037,9,0,52,202,658,222,ATK@600+HEAL@1200+CAP@1800,gauntlet/20260930-181641-scrim-a2reloc/replays/clbarrell.duck8__Funnel__botB.bc24,clbarrell.duck8,1,a2reloc
A,a2reloc,1,363,CAPTURE,3,221,209,6,0,3,11,0,0,44,210,190,8,3,900,613,15,0,64,20,123,20,,gauntlet/20260930-181641-scrim-a2reloc/replays/joelcrouch.ducks__Yinyang__botA.bc24,joelcrouch.ducks,1,a2reloc
B,ducks,0,363,CAPTURE,0,-1,0,3,0,3,13,0,0,26,100,200,0,3,41,0,34,0,0,28,20,123,,gauntlet/20260930-181641-scrim-a2reloc/replays/joelcrouch.ducks__Yinyang__botA.bc24,joelcrouch.ducks,0,a2reloc
A,cretplayer2_3,0,1408,CAPTURE,1,1198,271,39,0,3,18,0,24,0,4980,950,0,5,1062,905,0,6,56,148,273,1041,ATK@600+HEAL@1200,gauntlet/20260930-181641-scrim-a2reloc/replays/quesswho.cretplayer2_3__Hockey__botB.bc24,quesswho.cretplayer2_3,0,a2reloc
B,a2reloc,1,1408,CAPTURE,3,388,341,20,0,3,32,0,29,38,164,159,7,8,1348,1334,12,0,63,283,1041,273,ATK@600+HEAL@1200,gauntlet/20260930-181641-scrim-a2reloc/replays/quesswho.cretplayer2_3__Hockey__botB.bc24,quesswho.cretplayer2_3,1,a2reloc
A,a2reloc,1,1755,CAPTURE,3,244,220,18,0,3,26,0,49,61,641,219,6,6,732,910,24,0,195,363,300,307,ATK@600+HEAL@1200,gauntlet/20260930-181641-scrim-a2reloc/replays/CyrilSharma.finalBot__MIT__botA.bc24,CyrilSharma.finalBot,1,a2reloc
B,finalBot,0,1755,CAPTURE,2,485,301,25,0,0,0,60,27,0,7725,32204,12,2,679,904,0,0,115,643,307,300,ATK@600+HEAL@1200,gauntlet/20260930-181641-scrim-a2reloc/replays/CyrilSharma.finalBot__MIT__botA.bc24,CyrilSharma.finalBot,0,a2reloc
A,defaultplayer_intlqualifier,0,2000,MORE_FLAG_CAPTURES,0,-1,242,28,13,3,25,0,12,10,440,15290,0,3,233,551,6,25,14,74,16,174,ATK@600+HEAL@1200+CAP@1800,gauntlet/20260930-181641-scrim-a2reloc/replays/dmtrung14.defaultplayer_intlqualifier__Puzzle__botB.bc24,dmtrung14.defaultplayer_intlqualifier,0,a2reloc
B,a2reloc,1,2000,MORE_FLAG_CAPTURES,2,541,380,8,0,3,17,0,8,19,170,145,3,4,701,365,13,0,49,93,174,16,ATK@600+HEAL@1200+CAP@1800,gauntlet/20260930-181641-scrim-a2reloc/replays/dmtrung14.defaultplayer_intlqualifier__Puzzle__botB.bc24,dmtrung14.defaultplayer_intlqualifier,1,a2reloc
A,bc24scenario,0,386,CAPTURE,0,-1,0,1,0,1,5,58,57,3,1015,1015,6,9,81,46,1,1,1,0,0,192,,gauntlet/20260930-181641-scrim-a2reloc/replays/Metta-AI.bc24scenario__Alligator__botB.bc24,Metta-AI.bc24scenario,0,a2reloc
B,a2reloc,1,386,CAPTURE,3,278,224,6,0,3,17,0,53,30,125,245,5,3,1409,161,22,0,138,41,192,0,,gauntlet/20260930-181641-scrim-a2reloc/replays/Metta-AI.bc24scenario__Alligator__botB.bc24,Metta-AI.bc24scenario,1,a2reloc
A,moveBot1,0,571,CAPTURE,0,-1,461,3,0,0,0,0,45,17,790,420,2,12,176,313,30,0,0,23,26,347,,gauntlet/20260930-181641-scrim-a2reloc/replays/adamseth2.moveBot1__WheresMyWater__botB.bc24,adamseth2.moveBot1,0,a2reloc
B,a2reloc,1,571,CAPTURE,3,217,205,6,0,3,24,0,67,26,115,255,3,23,1173,516,10,0,81,127,347,26,,gauntlet/20260930-181641-scrim-a2reloc/replays/adamseth2.moveBot1__WheresMyWater__botB.bc24,adamseth2.moveBot1,1,a2reloc
A,v5,0,1308,CAPTURE,0,-1,250,11,0,0,0,0,77,26,10,110,3,2,418,477,31,0,0,47,133,1225,ATK@600+CAP@1200,gauntlet/20260930-181641-scrim-a2reloc/replays/reeceyang.v5__BigDucksBigPond__botB.bc24,reeceyang.v5,0,a2reloc
B,a2reloc,1,1308,CAPTURE,3,632,246,28,0,3,38,0,106,30,162,297,5,31,1028,666,16,0,62,364,1225,133,ATK@600+HEAL@1200,gauntlet/20260930-181641-scrim-a2reloc/replays/reeceyang.v5__BigDucksBigPond__botB.bc24,reeceyang.v5,1,a2reloc
A,ExplosiveBot,0,1654,CAPTURE,1,618,286,33,23,0,0,0,0,16,1900,900,0,6,638,659,31,0,11,106,182,1095,ATK@600+HEAL@1200,gauntlet/20260930-181641-scrim-a2reloc/replays/awu7.ExplosiveBot__Valentine__botB.bc24,awu7.ExplosiveBot,0,a2reloc
B,a2reloc,1,1654,CAPTURE,3,1458,283,26,0,3,31,0,0,37,185,35,6,3,961,1114,11,0,64,275,1095,182,ATK@600+HEAL@1200,gauntlet/20260930-181641-scrim-a2reloc/replays/awu7.ExplosiveBot__Valentine__botB.bc24,awu7.ExplosiveBot,1,a2reloc
A,NewHide,0,382,CAPTURE,0,-1,0,0,0,0,0,0,0,45,10,20,1,12,55,10,0,0,63,44,0,162,,gauntlet/20260930-181641-scrim-a2reloc/replays/sivakovivan.NewHide__Ambush__botB.bc24,sivakovivan.NewHide,0,a2reloc
B,a2reloc,1,382,CAPTURE,3,270,210,6,0,3,20,0,39,28,207,172,4,3,1143,102,21,0,60,0,162,0,,gauntlet/20260930-181641-scrim-a2reloc/replays/sivakovivan.NewHide__Ambush__botB.bc24,sivakovivan.NewHide,1,a2reloc
A,a2reloc,1,389,CAPTURE,3,260,230,6,0,3,38,0,96,64,4369,235,7,3,1361,28,16,0,276,100,182,1,,gauntlet/20260930-181641-scrim-a2reloc/replays/polyllc.polyv4__Battlecode24__botA.bc24,polyllc.polyv4,1,a2reloc
B,polyv4,0,389,CAPTURE,0,-1,0,0,0,0,0,0,89,24,6320,8640,3,0,21,152,0,0,24,24,1,182,,gauntlet/20260930-181641-scrim-a2reloc/replays/polyllc.polyv4__Battlecode24__botA.bc24,polyllc.polyv4,0,a2reloc
A,a2reloc,1,392,CAPTURE,3,274,239,6,0,3,17,0,43,24,155,200,3,3,1676,0,22,0,68,8,234,0,,gauntlet/20260930-181641-scrim-a2reloc/replays/sayam-goyal.SimpleBot__Fountain__botA.bc24,sayam-goyal.SimpleBot,1,a2reloc
B,SimpleBot,0,392,CAPTURE,0,-1,0,0,0,0,0,0,0,0,2400,2900,0,0,0,0,0,0,0,0,0,234,,gauntlet/20260930-181641-scrim-a2reloc/replays/sayam-goyal.SimpleBot__Fountain__botA.bc24,sayam-goyal.SimpleBot,0,a2reloc
A,combustiblelemon,0,1179,CAPTURE,0,-1,0,3,0,3,15,0,0,19,100,200,0,10,466,248,28,0,0,26,44,188,,gauntlet/20260930-181641-scrim-a2reloc/replays/samithShetty.combustiblelemon__Fountain__botB.bc24,samithShetty.combustiblelemon,0,a2reloc
B,a2reloc,1,1179,CAPTURE,3,328,224,11,0,3,23,0,43,22,170,30,4,4,796,871,10,0,30,9,188,44,ATK@600,gauntlet/20260930-181641-scrim-a2reloc/replays/samithShetty.combustiblelemon__Fountain__botB.bc24,samithShetty.combustiblelemon,1,a2reloc
A,v9,0,456,CAPTURE,0,-1,247,6,0,0,0,0,30,23,1025,965,4,1,457,614,0,0,46,38,16,159,,gauntlet/20260930-181641-scrim-a2reloc/replays/TylerJulian.v9__KingQuacksCastle__botB.bc24,TylerJulian.v9,0,a2reloc
B,a2reloc,1,456,CAPTURE,3,287,218,8,0,3,26,0,33,26,150,1235,3,0,1186,687,5,0,93,97,159,16,,gauntlet/20260930-181641-scrim-a2reloc/replays/TylerJulian.v9__KingQuacksCastle__botB.bc24,TylerJulian.v9,1,a2reloc
A,a2reloc,1,815,CAPTURE,3,373,253,9,0,3,23,0,50,54,345,255,9,3,629,639,24,0,67,145,433,38,ATK@600,gauntlet/20260930-181641-scrim-a2reloc/replays/Rubrasum.version_3__Rainbow__botA.bc24,Rubrasum.version_3,1,a2reloc
B,version_3,0,815,CAPTURE,0,-1,0,3,0,3,12,0,0,41,200,300,0,9,195,0,51,0,0,47,38,433,ATK@600,gauntlet/20260930-181641-scrim-a2reloc/replays/Rubrasum.version_3__Rainbow__botA.bc24,Rubrasum.version_3,0,a2reloc
A,a2reloc,1,678,CAPTURE,3,333,231,6,0,3,23,0,48,27,175,305,5,0,1050,924,11,0,68,95,251,63,ATK@600,gauntlet/20260930-181641-scrim-a2reloc/replays/noahzemlin.honeyducklings__Funnel__botA.bc24,noahzemlin.honeyducklings,1,a2reloc
B,honeyducklings,0,678,CAPTURE,1,421,252,13,0,0,0,0,72,14,1040,3000,0,3,639,783,9,14,0,36,63,251,ATK@608,gauntlet/20260930-181641-scrim-a2reloc/replays/noahzemlin.honeyducklings__Funnel__botA.bc24,noahzemlin.honeyducklings,0,a2reloc
A,a2reloc,1,2000,MORE_FLAG_CAPTURES,1,896,353,14,0,3,37,0,69,16,180,160,2,3,458,883,13,0,27,192,429,390,ATK@600+HEAL@1200+CAP@1800,gauntlet/20260930-181641-scrim-a2reloc/replays/hsmalladi.finalbot__EndAround__botA.bc24,hsmalladi.finalbot,1,a2reloc
B,finalbot,0,2000,MORE_FLAG_CAPTURES,0,-1,510,21,2,3,39,60,57,0,2244,99,12,0,638,511,1,3,51,220,390,429,ATK@600+HEAL@1200+CAP@1800,gauntlet/20260930-181641-scrim-a2reloc/replays/hsmalladi.finalbot__EndAround__botA.bc24,hsmalladi.finalbot,0,a2reloc
A,alexander,0,1562,CAPTURE,0,-1,0,3,0,3,15,0,0,0,4200,5000,0,14,708,243,0,0,0,0,89,1274,ATK@751+CAP@1501,gauntlet/20260930-181641-scrim-a2reloc/replays/VarunVejalla.alexander__BreadPudding__botB.bc24,VarunVejalla.alexander,0,a2reloc
B,a2reloc,1,1562,CAPTURE,3,1396,286,39,0,3,15,0,45,30,155,215,5,19,1144,1175,8,0,52,210,1274,89,ATK@600+HEAL@1200,gauntlet/20260930-181641-scrim-a2reloc/replays/VarunVejalla.alexander__BreadPudding__botB.bc24,VarunVejalla.alexander,1,a2reloc
A,a2reloc,1,2000,MORE_FLAG_CAPTURES,1,954,715,14,0,3,43,0,73,27,128,298,4,10,1069,982,10,0,36,448,1669,91,ATK@600+HEAL@1200+CAP@1800,gauntlet/20260930-181641-scrim-a2reloc/replays/MiloAkerman.v1__GravitationalWaves__botA.bc24,MiloAkerman.v1,1,a2reloc
B,v1,0,2000,MORE_FLAG_CAPTURES,0,-1,0,0,0,0,0,0,166,3,520,220,0,19,531,1041,12,0,0,48,91,1669,,gauntlet/20260930-181641-scrim-a2reloc/replays/MiloAkerman.v1__GravitationalWaves__botA.bc24,MiloAkerman.v1,0,a2reloc
A,honeyducklings,0,811,CAPTURE,0,-1,496,1,0,0,0,0,155,14,1150,2580,0,11,789,1300,3,26,0,36,60,501,ATK@600,gauntlet/20260930-181641-scrim-a2reloc/replays/noahzemlin.honeyducklings__BigDucksBigPond__botB.bc24,noahzemlin.honeyducklings,0,a2reloc
B,a2reloc,1,811,CAPTURE,3,491,258,16,0,3,38,0,92,37,117,222,6,6,1393,1263,23,0,66,128,501,60,ATK@600,gauntlet/20260930-181641-scrim-a2reloc/replays/noahzemlin.honeyducklings__BigDucksBigPond__botB.bc24,noahzemlin.honeyducklings,1,a2reloc
A,dangerduck2,0,445,CAPTURE,0,-1,267,13,0,0,0,0,48,24,1650,1479,3,9,422,350,0,24,0,24,4,223,,gauntlet/20260930-181641-scrim-a2reloc/replays/dylanzemlin.dangerduck2__Soccer__botB.bc24,dylanzemlin.dangerduck2,0,a2reloc
B,a2reloc,1,445,CAPTURE,3,349,235,8,0,3,26,0,17,41,140,170,7,3,1463,732,11,0,73,57,223,4,,gauntlet/20260930-181641-scrim-a2reloc/replays/dylanzemlin.dangerduck2__Soccer__botB.bc24,dylanzemlin.dangerduck2,1,a2reloc
A,version_3,0,441,CAPTURE,0,-1,336,7,0,3,7,0,0,23,100,140,0,5,331,0,44,0,0,27,25,218,,gauntlet/20260930-181641-scrim-a2reloc/replays/Rubrasum.version_3__Ambush__botB.bc24,Rubrasum.version_3,0,a2reloc
B,a2reloc,1,441,CAPTURE,3,239,220,6,0,3,15,0,42,25,202,282,3,14,1221,842,9,0,59,77,218,25,,gauntlet/20260930-181641-scrim-a2reloc/replays/Rubrasum.version_3__Ambush__botB.bc24,Rubrasum.version_3,1,a2reloc
A,dangerduck2,0,1860,CAPTURE,1,943,254,73,9,0,0,0,142,24,1630,1029,3,8,485,521,0,24,0,69,31,1963,ATK@600,gauntlet/20260930-181641-scrim-a2reloc/replays/dylanzemlin.dangerduck2__Islands__botB.bc24,dylanzemlin.dangerduck2,0,a2reloc
B,a2reloc,1,1860,CAPTURE,3,349,215,17,0,3,42,0,72,47,141,301,8,1,1197,789,18,0,53,441,1963,31,ATK@600+HEAL@1200+CAP@1800,gauntlet/20260930-181641-scrim-a2reloc/replays/dylanzemlin.dangerduck2__Islands__botB.bc24,dylanzemlin.dangerduck2,1,a2reloc
A,a2reloc,1,501,RESIGNATION,1,274,222,6,0,3,41,0,76,43,183,298,8,24,1067,1100,19,0,53,46,235,60,,gauntlet/20260930-181641-scrim-a2reloc/replays/itswin.MPAttack__Islands__botA.bc24,itswin.MPAttack,1,a2reloc
B,MPAttack,0,501,RESIGNATION,0,-1,0,0,0,0,0,0,5,9,850,340,0,3,884,541,31,0,0,11,60,235,,gauntlet/20260930-181641-scrim-a2reloc/replays/itswin.MPAttack__Islands__botA.bc24,itswin.MPAttack,0,a2reloc
A,crayBasic,0,699,CAPTURE,0,-1,0,0,0,0,0,0,0,0,2600,4300,0,26,239,4,0,0,0,0,2,313,,gauntlet/20260930-181641-scrim-a2reloc/replays/abdullah8a0.crayBasic__FloodGates__botB.bc24,abdullah8a0.crayBasic,0,a2reloc
B,a2reloc,1,699,CAPTURE,3,361,295,7,0,3,17,0,4,26,165,245,4,3,549,425,7,0,46,26,313,2,ATK@600,gauntlet/20260930-181641-scrim-a2reloc/replays/abdullah8a0.crayBasic__FloodGates__botB.bc24,abdullah8a0.crayBasic,1,a2reloc
A,Team3,0,899,CAPTURE,0,-1,0,3,0,3,0,0,7,14,20,130,2,27,224,81,35,0,0,58,51,616,,gauntlet/20260930-181641-scrim-a2reloc/replays/dylanconklin.Team3__FloodGates__botB.bc24,dylanconklin.Team3,0,a2reloc
B,a2reloc,1,899,CAPTURE,3,546,376,10,0,3,17,0,4,25,140,25,4,3,618,478,7,0,48,145,616,51,ATK@600,gauntlet/20260930-181641-scrim-a2reloc/replays/dylanconklin.Team3__FloodGates__botB.bc24,dylanconklin.Team3,1,a2reloc
A,a2reloc,1,788,CAPTURE,3,373,231,6,0,3,45,0,62,25,140,195,4,3,1151,0,24,0,66,110,448,0,ATK@600,gauntlet/20260930-181641-scrim-a2reloc/replays/PerishoJ.tx__Duck__botA.bc24,PerishoJ.tx,1,a2reloc
B,tx,0,788,CAPTURE,0,-1,0,0,0,0,0,0,0,0,2600,3100,0,7,0,0,0,0,0,0,0,448,,gauntlet/20260930-181641-scrim-a2reloc/replays/PerishoJ.tx__Duck__botA.bc24,PerishoJ.tx,0,a2reloc
A,a2reloc,1,300,CAPTURE,3,285,235,6,0,3,35,0,15,17,180,315,2,3,479,329,15,0,52,7,64,1,,gauntlet/20260930-181641-scrim-a2reloc/replays/joelcrouch.ducks__Pancakes__botA.bc24,joelcrouch.ducks,1,a2reloc
B,ducks,0,300,CAPTURE,0,-1,0,3,0,3,6,0,0,11,200,100,0,0,19,0,17,0,0,9,1,64,,gauntlet/20260930-181641-scrim-a2reloc/replays/joelcrouch.ducks__Pancakes__botA.bc24,joelcrouch.ducks,0,a2reloc
A,funkyguy3,0,850,CAPTURE,0,-1,299,2,0,0,0,0,9,30,60,60,3,11,79,433,19,0,43,101,13,663,ATK@600,gauntlet/20260930-181641-scrim-a2reloc/replays/lcforges.funkyguy3__Funnel__botB.bc24,lcforges.funkyguy3,0,a2reloc
B,a2reloc,1,850,CAPTURE,3,474,329,8,0,3,25,0,43,28,180,160,4,3,1406,460,13,0,81,159,663,13,ATK@600,gauntlet/20260930-181641-scrim-a2reloc/replays/lcforges.funkyguy3__Funnel__botB.bc24,lcforges.funkyguy3,1,a2reloc
A,a2reloc,1,534,CAPTURE,3,368,310,7,0,3,33,0,26,36,156,221,5,3,872,1320,19,0,37,23,114,10,,gauntlet/20260930-181641-scrim-a2reloc/replays/H4ffliger.keyboardcrusader_v1__Soccer__botA.bc24,H4ffliger.keyboardcrusader_v1,1,a2reloc
B,keyboardcrusader_v1,0,534,CAPTURE,0,-1,518,4,0,3,0,0,48,0,3960,4460,0,0,678,921,10,0,0,19,10,114,,gauntlet/20260930-181641-scrim-a2reloc/replays/H4ffliger.keyboardcrusader_v1__Soccer__botA.bc24,H4ffliger.keyboardcrusader_v1,0,a2reloc
A,a2reloc,1,912,CAPTURE,3,783,722,8,0,3,33,0,20,39,140,145,7,3,1730,485,20,0,32,82,336,68,ATK@600,gauntlet/20260930-181641-scrim-a2reloc/replays/qpwoeirut.tournament_sprint1__Soccer__botA.bc24,qpwoeirut.tournament_sprint1,1,a2reloc
B,tournament_sprint1,0,912,CAPTURE,0,-1,0,0,0,0,0,0,48,0,3960,260,0,3,250,2818,28,0,0,50,68,336,ATK@600,gauntlet/20260930-181641-scrim-a2reloc/replays/qpwoeirut.tournament_sprint1__Soccer__botA.bc24,qpwoeirut.tournament_sprint1,0,a2reloc
A,warrior_2nd_comp,0,458,CAPTURE,0,-1,0,3,0,3,34,0,0,18,1700,2200,0,8,0,0,13,2,3,18,11,226,,gauntlet/20260930-181641-scrim-a2reloc/replays/lukerhoads.warrior_2nd_comp__Tunnels__botB.bc24,lukerhoads.warrior_2nd_comp,0,a2reloc
B,a2reloc,1,458,CAPTURE,3,366,281,7,0,3,10,0,63,21,130,225,3,3,1043,79,18,0,66,0,226,11,,gauntlet/20260930-181641-scrim-a2reloc/replays/lukerhoads.warrior_2nd_comp__Tunnels__botB.bc24,lukerhoads.warrior_2nd_comp,1,a2reloc
A,v11,0,871,CAPTURE,2,460,427,33,30,0,0,0,31,68,8290,880,5,20,639,1029,0,5,159,207,19,340,ATK@600,gauntlet/20260930-181641-scrim-a2reloc/replays/JeffLegendPower.v11__StarryNight__botB.bc24,JeffLegendPower.v11,0,a2reloc
B,a2reloc,1,871,CAPTURE,3,376,341,8,0,3,9,0,94,98,1930,225,8,17,1074,1173,20,0,123,153,340,19,ATK@600,gauntlet/20260930-181641-scrim-a2reloc/replays/JeffLegendPower.v11__StarryNight__botB.bc24,JeffLegendPower.v11,1,a2reloc
A,player22,1,2000,MORE_FLAG_CAPTURES,2,302,262,21,0,3,0,0,67,0,3690,3280,0,4,1351,604,13,0,99,501,972,887,ATK@600+HEAL@1200+CAP@1800,gauntlet/20260930-182523-scrim-a2relay/losses/andrewgopher.player22__Alligator__botB.bc24,andrewgopher.player22,0,a2relay
B,a2relay,0,2000,MORE_FLAG_CAPTURES,0,-1,704,8,3,3,17,0,52,32,200,235,5,5,1023,1519,11,0,50,232,887,972,ATK@600+HEAL@1200+CAP@1800,gauntlet/20260930-182523-scrim-a2relay/losses/andrewgopher.player22__Alligator__botB.bc24,andrewgopher.player22,1,a2relay
A,a2relay,0,2000,MORE_FLAG_CAPTURES,0,-1,0,3,0,3,31,0,3,26,145,215,4,0,884,934,6,0,39,159,1277,267,ATK@600+HEAL@1200+CAP@1800,gauntlet/20260930-182523-scrim-a2relay/losses/quesswho.cretplayer2_3__FloodGates__botA.bc24,quesswho.cretplayer2_3,1,a2relay
B,cretplayer2_3,1,2000,MORE_FLAG_CAPTURES,2,414,250,22,0,3,17,0,1,0,2870,940,0,4,988,998,0,3,41,174,267,1277,ATK@600+HEAL@1200+CAP@1800,gauntlet/20260930-182523-scrim-a2relay/losses/quesswho.cretplayer2_3__FloodGates__botA.bc24,quesswho.cretplayer2_3,0,a2relay
A,v10official,1,435,CAPTURE,3,323,301,31,23,3,15,58,24,2,5099,49,10,0,948,1846,8,2,68,72,31,31,,gauntlet/20260930-182523-scrim-a2relay/losses/Gymhgy.v10official__StackGame__botB.bc24,Gymhgy.v10official,0,a2relay
B,a2relay,0,435,CAPTURE,0,-1,330,100,94,3,24,0,38,44,271,211,7,18,1029,1530,18,0,38,45,31,31,,gauntlet/20260930-182523-scrim-a2relay/losses/Gymhgy.v10official__StackGame__botB.bc24,Gymhgy.v10official,1,a2relay
A,a2relay,0,1530,CAPTURE,2,819,250,458,420,3,25,0,75,0,150,140,0,4,954,892,2,0,10,139,476,140,ATK@600+HEAL@1200,gauntlet/20260930-182523-scrim-a2relay/losses/SampleProvider.TSPAARKSPRINT1__Racetrack__botA.bc24,SampleProvider.TSPAARKSPRINT1,1,a2relay
B,TSPAARKSPRINT1,1,1530,CAPTURE,3,1139,493,39,0,3,0,0,79,0,30,20,0,15,549,1539,0,0,0,22,140,476,ATK@600+CAP@1200,gauntlet/20260930-182523-scrim-a2relay/losses/SampleProvider.TSPAARKSPRINT1__Racetrack__botA.bc24,SampleProvider.TSPAARKSPRINT1,0,a2relay
A,waffle,1,1032,CAPTURE,3,317,234,37,0,0,0,0,28,39,480,380,2,5,1165,753,0,0,69,139,174,594,ATK@600,gauntlet/20260930-182523-scrim-a2relay/losses/winkelmantanner.waffle__Bunkers__botB.bc24,winkelmantanner.waffle,0,a2relay
B,a2relay,0,1032,CAPTURE,2,627,512,81,70,3,17,0,32,32,205,280,6,17,1280,1530,11,0,43,152,594,174,ATK@600,gauntlet/20260930-182523-scrim-a2relay/losses/winkelmantanner.waffle__Bunkers__botB.bc24,winkelmantanner.waffle,1,a2relay
A,a2relay,0,1373,CAPTURE,1,789,218,27,19,3,51,0,98,40,178,278,7,4,836,1111,15,0,46,173,269,338,ATK@600+HEAL@1200,gauntlet/20260930-182523-scrim-a2relay/losses/CyrilSharma.finalBot__Islands__botA.bc24,CyrilSharma.finalBot,1,a2relay
B,finalBot,1,1373,CAPTURE,3,770,256,32,0,0,0,60,37,3,5875,2425,12,6,1069,1186,0,0,155,368,338,269,ATK@600+HEAL@1200,gauntlet/20260930-182523-scrim-a2relay/losses/CyrilSharma.finalBot__Islands__botA.bc24,CyrilSharma.finalBot,0,a2relay
A,Version18Final,1,610,CAPTURE,3,318,242,12,0,3,28,28,12,6,1325,14994,5,3,838,890,11,3,118,181,113,59,ATK@600,gauntlet/20260930-182523-scrim-a2relay/losses/uravt.Version18Final__HungerGames__botB.bc24,uravt.Version18Final,0,a2relay
B,a2relay,0,610,CAPTURE,0,-1,0,3,0,3,32,0,18,23,205,250,4,12,705,1151,3,0,60,73,59,113,ATK@600,gauntlet/20260930-182523-scrim-a2relay/losses/uravt.Version18Final__HungerGames__botB.bc24,uravt.Version18Final,1,a2relay
A,a2relay,0,2000,MORE_FLAG_CAPTURES,0,-1,312,10,6,3,54,0,36,23,145,120,4,5,952,1463,4,0,39,202,340,649,ATK@600+HEAL@1200+CAP@1800,gauntlet/20260930-182523-scrim-a2relay/losses/IvanGeffner.kuma__OceanFloor__botA.bc24,IvanGeffner.kuma,1,a2relay
B,kuma,1,2000,MORE_FLAG_CAPTURES,2,631,269,19,12,0,0,90,52,2,700,671,18,6,1050,1324,0,0,55,558,649,340,ATK@600+HEAL@1200+CAP@1800,gauntlet/20260930-182523-scrim-a2relay/losses/IvanGeffner.kuma__OceanFloor__botA.bc24,IvanGeffner.kuma,0,a2relay
A,flagbot_final,1,1309,CAPTURE,3,497,374,13,0,3,14,90,111,2,14,799,18,3,1137,1644,0,0,74,407,596,142,ATK@600+HEAL@1200,gauntlet/20260930-182523-scrim-a2relay/losses/chenyx512.flagbot_final__Funnel__botB.bc24,chenyx512.flagbot_final,0,a2relay
B,a2relay,0,1309,CAPTURE,0,-1,547,30,25,3,12,0,36,29,165,215,5,8,984,1570,14,0,43,142,142,596,ATK@600+HEAL@1200,gauntlet/20260930-182523-scrim-a2relay/losses/chenyx512.flagbot_final__Funnel__botB.bc24,chenyx512.flagbot_final,1,a2relay
A,a2relay,0,2000,LEVEL_SUM,2,919,242,180,169,3,34,0,172,86,603,261,8,8,761,892,17,0,245,434,503,726,ATK@600+HEAL@1200+CAP@1800,gauntlet/20260930-182523-scrim-a2relay/losses/hsmalladi.finalbot__Snake__botA.bc24,hsmalladi.finalbot,1,a2relay
B,finalbot,1,2000,LEVEL_SUM,2,395,316,63,16,3,59,60,143,0,10291,17531,12,0,822,960,21,5,274,657,726,503,ATK@600+HEAL@1200+CAP@1800,gauntlet/20260930-182523-scrim-a2relay/losses/hsmalladi.finalbot__Snake__botA.bc24,hsmalladi.finalbot,0,a2relay
A,a2relay,0,511,CAPTURE,1,364,294,31,24,3,15,0,105,11,135,145,2,26,1092,1377,5,0,23,28,71,28,,gauntlet/20260930-182523-scrim-a2relay/losses/Gymhgy.v10official__Intercontinental__botA.bc24,Gymhgy.v10official,1,a2relay
B,v10official,1,511,CAPTURE,3,347,294,34,22,3,7,60,108,2,390,22,12,0,805,1295,7,2,14,28,28,71,,gauntlet/20260930-182523-scrim-a2relay/losses/Gymhgy.v10official__Intercontinental__botA.bc24,Gymhgy.v10official,0,a2relay
A,waffle,1,701,CAPTURE,3,417,275,21,0,0,0,0,1,3,2070,3010,0,3,728,913,0,0,116,155,92,164,ATK@600,gauntlet/20260930-182523-scrim-a2relay/losses/winkelmantanner.waffle__Puzzle__botB.bc24,winkelmantanner.waffle,0,a2relay
B,a2relay,0,701,CAPTURE,0,-1,262,62,55,3,16,0,3,21,175,65,3,7,792,893,18,0,113,128,164,92,ATK@600,gauntlet/20260930-182523-scrim-a2relay/losses/winkelmantanner.waffle__Puzzle__botB.bc24,winkelmantanner.waffle,1,a2relay
A,a2relay,0,423,CAPTURE,0,-1,0,3,0,3,31,0,5,20,165,165,3,10,749,958,20,0,76,76,34,70,,gauntlet/20260930-182523-scrim-a2relay/losses/IvanGeffner.kuma__Puzzle__botA.bc24,IvanGeffner.kuma,1,a2relay
B,kuma,1,423,CAPTURE,3,355,273,31,22,0,0,90,4,0,825,2675,18,6,930,991,6,0,158,126,70,34,,gauntlet/20260930-182523-scrim-a2relay/losses/IvanGeffner.kuma__Puzzle__botA.bc24,IvanGeffner.kuma,0,a2relay
A,a2relay,0,1468,CAPTURE,0,-1,285,59,38,3,27,0,106,33,169,189,6,2,839,1247,13,0,36,148,254,573,ATK@600+HEAL@1200,gauntlet/20260930-182523-scrim-a2relay/losses/Strequals.duck0127v5__BigDucksBigPond__botA.bc24,Strequals.duck0127v5,1,a2relay
B,duck0127v5,1,1468,CAPTURE,3,479,283,22,0,0,0,90,38,18,3996,4821,19,9,1064,1227,0,2,118,509,573,254,ATK@600+HEAL@1200,gauntlet/20260930-182523-scrim-a2relay/losses/Strequals.duck0127v5__BigDucksBigPond__botA.bc24,Strequals.duck0127v5,0,a2relay
A,a2relay,0,560,CAPTURE,2,306,254,49,42,3,13,0,0,33,380,35,5,10,694,817,15,0,20,40,193,96,,gauntlet/20260930-182523-scrim-a2relay/losses/jmerle.camel_case_v21_final__BedWars__botA.bc24,jmerle.camel_case_v21_final,1,a2relay
B,camel_case_v21_final,1,560,CAPTURE,3,337,268,15,0,0,0,0,0,0,4800,2930,0,4,826,310,0,0,19,23,96,193,,gauntlet/20260930-182523-scrim-a2relay/losses/jmerle.camel_case_v21_final__BedWars__botA.bc24,jmerle.camel_case_v21_final,0,a2relay
A,jeeryfix3,1,870,CAPTURE,3,498,235,18,0,0,0,0,35,4,15450,19660,0,1,1001,689,0,0,204,316,174,372,ATK@600,gauntlet/20260930-182523-scrim-a2relay/losses/kyleezz.jeeryfix3__Joker__botB.bc24,kyleezz.jeeryfix3,0,a2relay
B,a2relay,0,870,CAPTURE,0,-1,309,12,6,3,47,0,3,109,4635,305,11,3,1183,1275,23,0,203,240,372,174,ATK@600,gauntlet/20260930-182523-scrim-a2relay/losses/kyleezz.jeeryfix3__Joker__botB.bc24,kyleezz.jeeryfix3,1,a2relay
A,a2relay,0,2000,MORE_FLAG_CAPTURES,0,-1,0,3,0,3,31,0,2,26,145,305,4,17,1038,1340,8,0,46,186,978,278,ATK@600+HEAL@1200+CAP@1800,gauntlet/20260930-182523-scrim-a2relay/losses/ColtG5.Goob_final__FloodGates__botA.bc24,ColtG5.Goob_final,1,a2relay
B,Goob_final,1,2000,MORE_FLAG_CAPTURES,2,374,258,8,0,0,0,0,5,0,2750,50,0,6,891,912,2,0,41,197,278,978,ATK@600+HEAL@1200+CAP@1800,gauntlet/20260930-182523-scrim-a2relay/losses/ColtG5.Goob_final__FloodGates__botA.bc24,ColtG5.Goob_final,0,a2relay
A,cretplayer2_3,1,1389,CAPTURE,3,392,245,26,0,3,13,0,23,0,5010,950,0,3,1070,1251,0,9,52,175,390,613,ATK@600+HEAL@1200,gauntlet/20260930-182523-scrim-a2relay/losses/quesswho.cretplayer2_3__Hockey__botB.bc24,quesswho.cretplayer2_3,0,a2relay
B,a2relay,0,1389,CAPTURE,0,-1,277,210,189,3,35,0,24,40,192,142,6,1,1090,1259,14,0,56,201,613,390,ATK@600+HEAL@1200,gauntlet/20260930-182523-scrim-a2relay/losses/quesswho.cretplayer2_3__Hockey__botB.bc24,quesswho.cretplayer2_3,1,a2relay
A,a2relay,0,2000,MORE_FLAG_CAPTURES,0,-1,296,29,23,3,23,0,43,62,613,245,5,3,888,922,21,0,171,333,496,624,ATK@600+HEAL@1200+CAP@1800,gauntlet/20260930-182523-scrim-a2relay/losses/CyrilSharma.finalBot__MIT__botA.bc24,CyrilSharma.finalBot,1,a2relay
B,finalBot,1,2000,MORE_FLAG_CAPTURES,1,1107,332,36,0,0,0,58,21,1,7876,31613,11,8,772,994,0,0,146,972,624,496,ATK@600+HEAL@1200+CAP@1800,gauntlet/20260930-182523-scrim-a2relay/losses/CyrilSharma.finalBot__MIT__botA.bc24,CyrilSharma.finalBot,0,a2relay
A,a2relay,0,2000,MORE_FLAG_CAPTURES,0,-1,459,9,5,3,32,0,0,37,170,110,6,11,725,1202,9,0,42,200,393,540,ATK@600+HEAL@1200+CAP@1800,gauntlet/20260930-182523-scrim-a2relay/losses/andli28.v9_USQuals_angle__Valentine__botA.bc24,andli28.v9_USQuals_angle,1,a2relay
B,v9_USQuals_angle,1,2000,MORE_FLAG_CAPTURES,1,1293,308,37,0,0,0,90,0,7,2395,4975,18,3,858,996,8,4,63,499,540,393,ATK@600+HEAL@1200+CAP@1800,gauntlet/20260930-182523-scrim-a2relay/losses/andli28.v9_USQuals_angle__Valentine__botA.bc24,andli28.v9_USQuals_angle,0,a2relay
A,a2relay,0,2000,MORE_FLAG_CAPTURES,0,-1,0,3,0,3,20,0,300,55,235,215,10,3,886,1961,24,0,67,246,360,633,ATK@600+HEAL@1200+CAP@1800,gauntlet/20260930-182523-scrim-a2relay/losses/andli28.v9_USQuals_angle__Waterworld__botA.bc24,andli28.v9_USQuals_angle,1,a2relay
B,v9_USQuals_angle,1,2000,MORE_FLAG_CAPTURES,1,1429,1212,24,0,0,0,42,176,7,7049,7821,8,3,1076,1551,5,4,30,509,633,360,ATK@600+HEAL@1200+CAP@1800,gauntlet/20260930-182523-scrim-a2relay/losses/andli28.v9_USQuals_angle__Waterworld__botA.bc24,andli28.v9_USQuals_angle,0,a2relay
A,TSPAARKSPRINT1,1,1903,CAPTURE,3,642,256,48,0,3,37,0,30,2,8800,2303,0,3,495,1024,34,30,7,122,226,571,ATK@600+CAP@1200+HEAL@1800,gauntlet/20260930-182523-scrim-a2relay/losses/SampleProvider.TSPAARKSPRINT1__Foxes__botB.bc24,SampleProvider.TSPAARKSPRINT1,0,a2relay
B,a2relay,0,1903,CAPTURE,1,1168,243,299,261,3,26,0,11,77,640,225,9,0,900,1047,20,0,90,318,571,226,ATK@600+HEAL@1200+CAP@1800,gauntlet/20260930-182523-scrim-a2relay/losses/SampleProvider.TSPAARKSPRINT1__Foxes__botB.bc24,SampleProvider.TSPAARKSPRINT1,1,a2relay
A,v3,1,459,CAPTURE,3,310,283,9,1,0,0,0,17,0,2590,8870,0,4,898,1056,0,0,130,143,56,63,,gauntlet/20260930-182523-scrim-a2relay/losses/NotLLeon.v3__HungerGames__botB.bc24,NotLLeon.v3,0,a2relay
B,a2relay,0,459,CAPTURE,2,386,353,20,15,3,32,0,18,23,190,235,4,0,812,1104,17,0,125,132,63,56,,gauntlet/20260930-182523-scrim-a2relay/losses/NotLLeon.v3__HungerGames__botB.bc24,NotLLeon.v3,1,a2relay
A,v3,1,2000,MORE_FLAG_CAPTURES,2,480,340,49,10,0,0,0,16,0,6020,4550,0,9,891,873,0,0,97,345,528,555,ATK@600+HEAL@1200+CAP@1800,gauntlet/20260930-182523-scrim-a2relay/losses/NotLLeon.v3__Mountain__botB.bc24,NotLLeon.v3,0,a2relay
B,a2relay,0,2000,MORE_FLAG_CAPTURES,0,-1,699,4,0,3,19,0,35,42,170,293,7,12,788,1094,16,0,59,218,555,528,ATK@600+HEAL@1200+CAP@1800,gauntlet/20260930-182523-scrim-a2relay/losses/NotLLeon.v3__Mountain__botB.bc24,NotLLeon.v3,1,a2relay
A,Version18Final,1,1354,CAPTURE,3,611,257,35,0,3,21,21,34,16,584,54,3,3,839,1023,3,3,26,136,182,227,ATK@600+HEAL@1200,gauntlet/20260930-182523-scrim-a2relay/losses/uravt.Version18Final__Decision__botB.bc24,uravt.Version18Final,0,a2relay
B,a2relay,0,1354,CAPTURE,0,-1,733,6,1,3,18,0,79,15,145,195,2,2,780,1332,4,0,28,108,227,182,ATK@600+HEAL@1200,gauntlet/20260930-182523-scrim-a2relay/losses/uravt.Version18Final__Decision__botB.bc24,uravt.Version18Final,1,a2relay
A,flagbot_final,1,1057,CAPTURE,3,485,258,11,0,3,25,48,61,0,12,25,8,3,939,1519,0,0,0,98,318,121,ATK@600,gauntlet/20260930-182523-scrim-a2relay/losses/chenyx512.flagbot_final__Racetrack__botB.bc24,chenyx512.flagbot_final,0,a2relay
B,a2relay,0,1057,CAPTURE,0,-1,382,75,68,3,40,0,77,0,90,210,0,8,945,1456,0,0,10,64,121,318,ATK@600,gauntlet/20260930-182523-scrim-a2relay/losses/chenyx512.flagbot_final__Racetrack__botB.bc24,chenyx512.flagbot_final,1,a2relay
A,player22,1,2000,MORE_FLAG_CAPTURES,2,334,276,10,1,3,0,0,26,0,2320,90,0,3,1261,698,0,0,73,424,844,950,ATK@600+HEAL@1200+CAP@1800,gauntlet/20260930-182523-scrim-a2relay/losses/andrewgopher.player22__Digging__botB.bc24,andrewgopher.player22,0,a2relay
B,a2relay,0,2000,MORE_FLAG_CAPTURES,0,-1,0,3,0,3,33,0,12,24,165,240,3,21,962,1455,3,0,47,202,950,844,ATK@600+HEAL@1200+CAP@1800,gauntlet/20260930-182523-scrim-a2relay/losses/andrewgopher.player22__Digging__botB.bc24,andrewgopher.player22,1,a2relay
A,camel_case_v21_final,1,1512,CAPTURE,3,308,227,21,0,0,0,0,52,13,2840,3230,0,4,1322,539,0,0,112,514,1109,643,ATK@600+HEAL@1200,gauntlet/20260930-182523-scrim-a2relay/losses/jmerle.camel_case_v21_final__Alligator__botB.bc24,jmerle.camel_case_v21_final,0,a2relay
B,a2relay,0,1512,CAPTURE,0,-1,220,11,5,3,18,0,53,32,145,305,6,10,877,1281,15,0,63,191,643,1109,ATK@600+HEAL@1200,gauntlet/20260930-182523-scrim-a2relay/losses/jmerle.camel_case_v21_final__Alligator__botB.bc24,jmerle.camel_case_v21_final,1,a2relay
A,a2relay,0,719,CAPTURE,0,-1,251,92,75,3,19,0,81,14,135,175,2,3,629,1247,4,0,27,42,52,81,ATK@600,gauntlet/20260930-182523-scrim-a2relay/losses/Strequals.duck0127v5__Decision__botA.bc24,Strequals.duck0127v5,1,a2relay
B,duck0127v5,1,719,CAPTURE,3,447,302,13,0,0,0,90,20,3,1450,895,18,2,785,990,0,1,43,110,81,52,ATK@600,gauntlet/20260930-182523-scrim-a2relay/losses/Strequals.duck0127v5__Decision__botA.bc24,Strequals.duck0127v5,0,a2relay
A,a2relay,1,2000,MORE_FLAG_CAPTURES,2,311,278,56,51,3,11,0,33,44,255,320,7,17,634,486,17,0,70,693,1759,179,ATK@600+HEAL@1200+CAP@1800,gauntlet/20260930-182523-scrim-a2relay/replays/RyanAspen.v22__Mountain__botA.bc24,RyanAspen.v22,1,a2relay
B,v22,0,2000,MORE_FLAG_CAPTURES,0,-1,0,0,0,0,0,0,39,4,4930,2750,0,23,370,143,0,0,82,247,179,1759,HEAL@600+ATK@1200+CAP@1800,gauntlet/20260930-182523-scrim-a2relay/replays/RyanAspen.v22__Mountain__botA.bc24,RyanAspen.v22,0,a2relay
A,a2relay,1,582,CAPTURE,3,313,233,135,120,3,33,0,6,46,195,285,8,6,1194,1408,13,0,74,91,219,55,,gauntlet/20260930-182523-scrim-a2relay/replays/jonters.bling3__Alien__botA.bc24,jonters.bling3,1,a2relay
B,bling3,0,582,CAPTURE,0,-1,311,2,0,0,0,0,10,15,2400,30,0,3,733,927,31,0,10,28,55,219,,gauntlet/20260930-182523-scrim-a2relay/replays/jonters.bling3__Alien__botA.bc24,jonters.bling3,0,a2relay
A,cowards,0,745,CAPTURE,0,-1,252,12,0,0,0,0,19,14,830,40,0,3,427,1494,57,0,0,71,56,347,,gauntlet/20260930-182523-scrim-a2relay/replays/aj-chau.cowards__Occulus__botB.bc24,aj-chau.cowards,0,a2relay
B,a2relay,1,745,CAPTURE,3,267,231,78,70,3,18,0,16,31,125,275,5,23,1363,851,7,0,42,80,347,56,ATK@600,gauntlet/20260930-182523-scrim-a2relay/replays/aj-chau.cowards__Occulus__botB.bc24,aj-chau.cowards,1,a2relay
A,sprint1,0,520,CAPTURE,1,431,203,15,0,0,0,0,56,14,80,180,1,6,256,990,30,0,0,34,26,309,,gauntlet/20260930-182523-scrim-a2relay/replays/justinottesen.sprint1__Ambush__botB.bc24,justinottesen.sprint1,0,a2relay
B,a2relay,1,520,CAPTURE,3,220,205,25,17,3,12,0,41,24,132,292,3,8,1887,744,8,0,56,80,309,26,,gauntlet/20260930-182523-scrim-a2relay/replays/justinottesen.sprint1__Ambush__botB.bc24,justinottesen.sprint1,1,a2relay
A,keyboardcrusader_v1,0,2000,MORE_FLAG_CAPTURES,0,-1,0,3,0,3,66,0,98,0,1660,2760,0,1,228,399,23,0,0,94,43,421,,gauntlet/20260930-182523-scrim-a2relay/replays/H4ffliger.keyboardcrusader_v1__Funnel__botB.bc24,H4ffliger.keyboardcrusader_v1,0,a2relay
B,a2relay,1,2000,MORE_FLAG_CAPTURES,2,955,217,1831,1825,3,29,0,38,28,170,160,5,7,422,566,19,0,52,252,421,43,ATK@600+HEAL@1200+CAP@1800,gauntlet/20260930-182523-scrim-a2relay/replays/H4ffliger.keyboardcrusader_v1__Funnel__botB.bc24,H4ffliger.keyboardcrusader_v1,1,a2relay
A,duck8,0,2000,LEVEL_SUM,2,219,212,10,0,0,0,0,8,40,40,40,3,17,878,1115,12,0,66,197,189,847,ATK@750+HEAL@1500,gauntlet/20260930-182523-scrim-a2relay/replays/clbarrell.duck8__WheresMyWater__botB.bc24,clbarrell.duck8,0,a2relay
B,a2relay,1,2000,LEVEL_SUM,2,353,320,434,426,3,21,0,59,27,205,300,5,0,1228,1428,10,0,44,301,847,189,ATK@600+HEAL@1200+CAP@1800,gauntlet/20260930-182523-scrim-a2relay/replays/clbarrell.duck8__WheresMyWater__botB.bc24,clbarrell.duck8,1,a2relay
A,bc24scenario,0,1434,CAPTURE,0,-1,0,1,0,1,3,58,57,3,1115,1115,6,30,0,0,1,1,1,0,0,322,ATK@600+HEAL@1200,gauntlet/20260930-182523-scrim-a2relay/replays/Metta-AI.bc24scenario__Tunnels__botB.bc24,Metta-AI.bc24scenario,0,a2relay
B,a2relay,1,1434,CAPTURE,3,1303,1144,217,211,3,10,0,62,21,160,125,3,4,0,0,14,0,41,98,322,0,ATK@600+HEAL@1200,gauntlet/20260930-182523-scrim-a2relay/replays/Metta-AI.bc24scenario__Tunnels__botB.bc24,Metta-AI.bc24scenario,1,a2relay
A,v9,0,479,CAPTURE,0,-1,237,4,0,0,0,0,33,22,935,945,4,4,725,1214,0,0,50,49,29,197,,gauntlet/20260930-182523-scrim-a2relay/replays/TylerJulian.v9__Rivers__botB.bc24,TylerJulian.v9,0,a2relay
B,a2relay,1,479,CAPTURE,3,272,222,71,59,3,0,0,33,25,195,195,4,12,1513,1036,5,0,51,33,197,29,,gauntlet/20260930-182523-scrim-a2relay/replays/TylerJulian.v9__Rivers__botB.bc24,TylerJulian.v9,1,a2relay
A,SimpleBot,0,521,CAPTURE,0,-1,0,0,0,0,0,0,0,0,2400,2900,0,20,0,0,0,0,0,0,0,346,,gauntlet/20260930-182523-scrim-a2relay/replays/sayam-goyal.SimpleBot__StackGame__botB.bc24,sayam-goyal.SimpleBot,0,a2relay
B,a2relay,1,521,CAPTURE,3,341,218,105,99,3,22,0,37,46,207,417,7,3,1163,0,20,0,131,118,346,0,,gauntlet/20260930-182523-scrim-a2relay/replays/sayam-goyal.SimpleBot__StackGame__botB.bc24,sayam-goyal.SimpleBot,1,a2relay
A,funkyguy3,0,449,CAPTURE,0,-1,408,5,0,0,0,0,44,111,46,36,5,15,34,582,90,0,41,107,46,270,,gauntlet/20260930-182523-scrim-a2relay/replays/lcforges.funkyguy3__Skyline__botB.bc24,lcforges.funkyguy3,0,a2relay
B,a2relay,1,449,CAPTURE,3,268,225,33,23,3,52,0,104,99,9743,269,7,3,1819,448,18,0,230,178,270,46,,gauntlet/20260930-182523-scrim-a2relay/replays/lcforges.funkyguy3__Skyline__botB.bc24,lcforges.funkyguy3,1,a2relay
A,a2relay,1,802,CAPTURE,3,328,226,222,210,3,25,0,17,68,277,217,12,19,1332,827,27,0,113,187,543,61,ATK@600,gauntlet/20260930-182523-scrim-a2relay/replays/cViper971.ourplayer__Anchor__botA.bc24,cViper971.ourplayer,1,a2relay
B,ourplayer,0,802,CAPTURE,0,-1,775,1,0,0,0,0,11,38,1010,1180,3,9,314,403,67,0,0,67,61,543,ATK@600,gauntlet/20260930-182523-scrim-a2relay/replays/cViper971.ourplayer__Anchor__botA.bc24,cViper971.ourplayer,0,a2relay
A,dinoboxer,0,1882,CAPTURE,0,-1,314,22,0,0,0,0,29,36,30,10,0,5,210,296,36,0,21,174,101,434,ATK@600+CAP@1200+HEAL@1800,gauntlet/20260930-182523-scrim-a2relay/replays/Peter-Fun.dinoboxer__HeMustBeFreed__botB.bc24,Peter-Fun.dinoboxer,0,a2relay
B,a2relay,1,1882,CAPTURE,3,475,231,489,476,3,35,0,125,26,505,15,3,4,318,317,11,0,24,238,434,101,ATK@600+HEAL@1200+CAP@1800,gauntlet/20260930-182523-scrim-a2relay/replays/Peter-Fun.dinoboxer__HeMustBeFreed__botB.bc24,Peter-Fun.dinoboxer,1,a2relay
A,a2relay,1,497,CAPTURE,3,377,286,60,53,3,49,0,18,74,635,265,11,5,1346,919,25,0,88,66,123,33,,gauntlet/20260930-182523-scrim-a2relay/replays/aj-chau.cowards__Foxes__botA.bc24,aj-chau.cowards,1,a2relay
B,cowards,0,497,CAPTURE,0,-1,315,4,0,0,0,0,21,27,3890,50,2,4,262,1384,56,0,0,45,33,123,,gauntlet/20260930-182523-scrim-a2relay/replays/aj-chau.cowards__Foxes__botA.bc24,aj-chau.cowards,0,a2relay
A,turtle,0,2000,MORE_FLAG_CAPTURES,0,-1,0,3,0,3,67,0,0,3,4400,1222,0,7,43,126,25,0,0,28,30,1561,HEAL@600+ATK@1200,gauntlet/20260930-182523-scrim-a2relay/replays/andrearante12.turtle__MazeRunner__botB.bc24,andrearante12.turtle,0,a2relay
B,a2relay,1,2000,MORE_FLAG_CAPTURES,2,1161,1049,694,688,3,31,0,84,18,30,170,2,3,92,78,22,0,44,488,1561,30,ATK@600+HEAL@1200+CAP@1800,gauntlet/20260930-182523-scrim-a2relay/replays/andrearante12.turtle__MazeRunner__botB.bc24,andrearante12.turtle,1,a2relay
A,polyv4,0,1901,CAPTURE,0,-1,289,5,0,0,0,0,20,25,6480,15590,3,1,62,90,2,0,67,89,0,2979,HEAL@600+ATK@1211,gauntlet/20260930-182523-scrim-a2relay/replays/polyllc.polyv4__SteamboatMickey__botB.bc24,polyllc.polyv4,0,a2relay
B,a2relay,1,1901,CAPTURE,3,286,229,997,991,3,34,0,6,77,664,224,12,3,1774,161,26,0,135,481,2979,0,ATK@600+HEAL@1200+CAP@1800,gauntlet/20260930-182523-scrim-a2relay/replays/polyllc.polyv4__SteamboatMickey__botB.bc24,polyllc.polyv4,1,a2relay
A,a2relay,1,2000,MORE_FLAG_CAPTURES,1,1298,535,412,391,3,50,0,69,27,182,252,5,15,835,659,11,0,36,333,797,88,ATK@600+HEAL@1200+CAP@1800,gauntlet/20260930-182523-scrim-a2relay/replays/reeceyang.v5__GravitationalWaves__botA.bc24,reeceyang.v5,1,a2relay
B,v5,0,2000,MORE_FLAG_CAPTURES,0,-1,0,0,0,0,0,0,74,20,20,10,2,20,372,788,20,0,0,43,88,797,ATK@600+CAP@1200+HEAL@1800,gauntlet/20260930-182523-scrim-a2relay/replays/reeceyang.v5__GravitationalWaves__botA.bc24,reeceyang.v5,0,a2relay
A,MPAttack,0,501,RESIGNATION,0,-1,0,0,0,0,0,0,24,12,180,250,0,0,372,224,22,0,0,8,14,131,,gauntlet/20260930-182523-scrim-a2relay/replays/itswin.MPAttack__TreeSearch__botB.bc24,itswin.MPAttack,0,a2relay
B,a2relay,1,501,RESIGNATION,1,391,302,132,126,3,7,0,75,24,175,215,4,6,579,729,17,0,69,37,131,14,,gauntlet/20260930-182523-scrim-a2relay/replays/itswin.MPAttack__TreeSearch__botB.bc24,itswin.MPAttack,1,a2relay
A,tx,0,2000,MORE_FLAG_CAPTURES,0,-1,0,0,0,0,0,0,0,0,3100,3600,0,13,0,0,0,0,0,0,0,1443,,gauntlet/20260930-182523-scrim-a2relay/replays/PerishoJ.tx__DefaultLarge__botB.bc24,PerishoJ.tx,0,a2relay
B,a2relay,1,2000,MORE_FLAG_CAPTURES,2,693,244,1349,1344,3,23,0,52,20,195,175,3,3,750,0,24,0,94,401,1443,0,ATK@600+HEAL@1200+CAP@1800,gauntlet/20260930-182523-scrim-a2relay/replays/PerishoJ.tx__DefaultLarge__botB.bc24,PerishoJ.tx,1,a2relay
A,combustiblelemon,0,2000,MORE_FLAG_CAPTURES,0,-1,0,3,0,3,14,0,0,11,200,100,0,11,287,99,37,0,0,28,18,193,,gauntlet/20260930-182523-scrim-a2relay/replays/samithShetty.combustiblelemon__Puzzle__botB.bc24,samithShetty.combustiblelemon,0,a2relay
B,a2relay,1,2000,MORE_FLAG_CAPTURES,2,641,217,953,947,3,16,0,7,20,135,1145,3,3,646,586,22,0,109,108,193,18,ATK@600+HEAL@1200+CAP@1800,gauntlet/20260930-182523-scrim-a2relay/replays/samithShetty.combustiblelemon__Puzzle__botB.bc24,samithShetty.combustiblelemon,1,a2relay
A,v11,0,2000,MORE_FLAG_CAPTURES,0,-1,0,0,0,0,0,0,20,43,30,410,4,19,312,451,0,6,55,214,73,1486,ATK@600+HEAL@1200+CAP@1800,gauntlet/20260930-182523-scrim-a2relay/replays/JeffLegendPower.v11__EndAround__botB.bc24,JeffLegendPower.v11,0,a2relay
B,a2relay,1,2000,MORE_FLAG_CAPTURES,1,1479,264,660,647,3,36,0,73,21,205,150,3,3,508,526,16,0,60,364,1486,73,ATK@600+HEAL@1200+CAP@1800,gauntlet/20260930-182523-scrim-a2relay/replays/JeffLegendPower.v11__EndAround__botB.bc24,JeffLegendPower.v11,1,a2relay
A,a2relay,1,1608,CAPTURE,3,459,214,241,222,3,42,0,60,40,230,320,7,7,1205,490,12,0,62,271,765,58,ATK@600+HEAL@1200,gauntlet/20260930-182523-scrim-a2relay/replays/justinottesen.sprint1__Hurricane__botA.bc24,justinottesen.sprint1,1,a2relay
B,sprint1,0,1608,CAPTURE,1,1029,310,23,0,0,0,0,156,11,20,10,0,4,180,873,13,0,0,51,58,765,ATK@600,gauntlet/20260930-182523-scrim-a2relay/replays/justinottesen.sprint1__Hurricane__botA.bc24,justinottesen.sprint1,0,a2relay
A,turtle,0,2000,MORE_FLAG_CAPTURES,0,-1,0,3,0,3,33,0,0,1,4400,2964,0,14,207,300,19,0,0,26,16,1200,HEAL@600+ATK@1200,gauntlet/20260930-182523-scrim-a2relay/replays/andrearante12.turtle__Funnel__botB.bc24,andrearante12.turtle,0,a2relay
B,a2relay,1,2000,MORE_FLAG_CAPTURES,1,884,213,969,964,3,21,0,40,29,120,200,5,4,542,395,20,0,48,576,1200,16,ATK@600+HEAL@1200+CAP@1800,gauntlet/20260930-182523-scrim-a2relay/replays/andrearante12.turtle__Funnel__botB.bc24,andrearante12.turtle,1,a2relay
A,a2relay,1,2000,MORE_FLAG_CAPTURES,2,408,244,1074,1068,3,17,0,42,22,150,190,2,5,1095,692,18,0,42,501,1822,68,ATK@600+HEAL@1200+CAP@1800,gauntlet/20260930-182523-scrim-a2relay/replays/dylanconklin.Team3__Fountain__botA.bc24,dylanconklin.Team3,1,a2relay
B,Team3,0,2000,MORE_FLAG_CAPTURES,0,-1,0,3,0,3,11,0,43,14,50,40,1,8,255,59,24,0,0,115,68,1822,,gauntlet/20260930-182523-scrim-a2relay/replays/dylanconklin.Team3__Fountain__botA.bc24,dylanconklin.Team3,0,a2relay
A,crayBasic,0,2000,MORE_FLAG_CAPTURES,0,-1,0,0,0,0,0,0,0,0,3000,3530,0,14,640,12,0,0,0,0,7,2237,,gauntlet/20260930-182523-scrim-a2relay/replays/abdullah8a0.crayBasic__Battlefield__botB.bc24,abdullah8a0.crayBasic,0,a2relay
B,a2relay,1,2000,MORE_FLAG_CAPTURES,2,298,256,829,823,3,58,0,39,39,146,296,7,3,1854,1200,24,0,58,727,2237,7,ATK@600+HEAL@1200+CAP@1800,gauntlet/20260930-182523-scrim-a2relay/replays/abdullah8a0.crayBasic__Battlefield__botB.bc24,abdullah8a0.crayBasic,1,a2relay
A,a2relay,1,2000,MORE_FLAG_CAPTURES,2,770,679,665,659,3,35,0,12,17,190,230,2,33,1327,1485,2,0,104,1038,2403,128,ATK@600+HEAL@1200+CAP@1800,gauntlet/20260930-182523-scrim-a2relay/replays/qpwoeirut.tournament_sprint1__GaltonBoard__botA.bc24,qpwoeirut.tournament_sprint1,1,a2relay
B,tournament_sprint1,0,2000,MORE_FLAG_CAPTURES,0,-1,0,0,0,0,0,0,9,0,2130,530,0,5,536,1625,40,0,0,124,128,2403,ATK@600+HEAL@1200,gauntlet/20260930-182523-scrim-a2relay/replays/qpwoeirut.tournament_sprint1__GaltonBoard__botA.bc24,qpwoeirut.tournament_sprint1,0,a2relay
A,a2relay,1,1033,CAPTURE,3,281,250,207,195,3,13,0,87,44,190,60,8,4,848,574,19,0,61,206,659,56,ATK@600,gauntlet/20260930-182523-scrim-a2relay/replays/cViper971.ourplayer__Klein__botA.bc24,cViper971.ourplayer,1,a2relay
B,ourplayer,0,1033,CAPTURE,1,216,207,12,0,0,0,0,20,19,60,1300,2,11,189,406,37,0,0,56,56,659,ATK@600,gauntlet/20260930-182523-scrim-a2relay/replays/cViper971.ourplayer__Klein__botA.bc24,cViper971.ourplayer,0,a2relay
A,a2relay,1,2000,MORE_FLAG_CAPTURES,2,349,210,90,83,3,29,0,18,31,175,895,5,3,712,39,24,0,112,0,422,2,ATK@600+HEAL@1200+CAP@1800,gauntlet/20260930-182523-scrim-a2relay/replays/lukerhoads.warrior_2nd_comp__AceOfSpades__botA.bc24,lukerhoads.warrior_2nd_comp,1,a2relay
B,warrior_2nd_comp,0,2000,MORE_FLAG_CAPTURES,0,-1,0,3,0,3,56,0,0,14,1800,2300,1,13,0,0,10,2,2,9,2,422,ATK@750+CAP@1500,gauntlet/20260930-182523-scrim-a2relay/replays/lukerhoads.warrior_2nd_comp__AceOfSpades__botA.bc24,lukerhoads.warrior_2nd_comp,0,a2relay
A,moveBot1,0,1861,CAPTURE,0,-1,0,0,0,0,0,0,48,24,800,160,2,26,199,366,37,0,0,97,56,2367,ATK@600+HEAL@1200+CAP@1800,gauntlet/20260930-182523-scrim-a2relay/replays/adamseth2.moveBot1__StackGame__botB.bc24,adamseth2.moveBot1,0,a2relay
B,a2relay,1,1861,CAPTURE,3,287,227,818,811,3,23,0,35,46,165,295,8,3,1572,917,21,0,100,827,2367,56,ATK@600+HEAL@1200+CAP@1800,gauntlet/20260930-182523-scrim-a2relay/replays/adamseth2.moveBot1__StackGame__botB.bc24,adamseth2.moveBot1,1,a2relay
A,defaultplayer_intlqualifier,0,2000,LEVEL_SUM,2,270,225,28,21,3,10,0,30,9,100,1770,0,3,283,705,5,34,14,102,32,418,ATK@600+HEAL@1200+CAP@1800,gauntlet/20260930-182523-scrim-a2relay/replays/dmtrung14.defaultplayer_intlqualifier__Pancakes__botB.bc24,dmtrung14.defaultplayer_intlqualifier,0,a2relay
B,a2relay,1,2000,LEVEL_SUM,2,426,357,564,556,3,0,0,15,17,220,25,2,6,905,409,5,0,31,40,418,32,ATK@600+HEAL@1200+CAP@1800,gauntlet/20260930-182523-scrim-a2relay/replays/dmtrung14.defaultplayer_intlqualifier__Pancakes__botB.bc24,dmtrung14.defaultplayer_intlqualifier,1,a2relay
A,a2relay,1,346,CAPTURE,3,270,215,76,69,3,22,0,43,27,173,193,4,3,749,286,12,0,52,0,103,14,,gauntlet/20260930-182523-scrim-a2relay/replays/Lithanium.AttackingBot__Ambush__botA.bc24,Lithanium.AttackingBot,1,a2relay
B,AttackingBot,0,346,CAPTURE,0,-1,0,0,0,0,0,0,71,3,1970,170,0,6,22,0,20,0,0,15,14,103,,gauntlet/20260930-182523-scrim-a2relay/replays/Lithanium.AttackingBot__Ambush__botA.bc24,Lithanium.AttackingBot,0,a2relay
A,a2relay,1,1837,CAPTURE,3,574,312,507,492,3,17,0,36,25,135,70,4,3,512,483,5,0,27,265,1076,78,ATK@600+HEAL@1200+CAP@1800,gauntlet/20260930-182523-scrim-a2relay/replays/MiloAkerman.v1__Fountain__botA.bc24,MiloAkerman.v1,1,a2relay
B,v1,0,1837,CAPTURE,0,-1,1429,14,0,0,0,0,72,1,1740,2640,0,5,275,311,12,0,0,33,78,1076,,gauntlet/20260930-182523-scrim-a2relay/replays/MiloAkerman.v1__Fountain__botA.bc24,MiloAkerman.v1,0,a2relay
A,Bot21,0,501,CAPTURE,1,265,217,10,3,3,3,90,115,25,80,10,18,14,830,810,3,0,36,41,23,261,,gauntlet/20260930-182523-scrim-a2relay/replays/HugoIngelsson.Bot21__Swoop__botB.bc24,HugoIngelsson.Bot21,0,a2relay
B,a2relay,1,501,CAPTURE,3,317,246,60,52,3,39,0,60,39,146,296,7,2,1438,1260,14,0,71,87,261,23,,gauntlet/20260930-182523-scrim-a2relay/replays/HugoIngelsson.Bot21__Swoop__botB.bc24,HugoIngelsson.Bot21,1,a2relay
A,a2relay,1,533,CAPTURE,3,389,232,176,168,3,52,0,10,108,3160,250,12,4,1347,1156,24,0,176,128,304,4,,gauntlet/20260930-182523-scrim-a2relay/replays/VarunVejalla.alexander__CH3353C4K3F4CT0RY__botA.bc24,VarunVejalla.alexander,1,a2relay
B,alexander,0,533,CAPTURE,0,-1,0,3,0,3,25,0,0,0,4600,6400,0,23,630,109,0,0,0,0,4,304,,gauntlet/20260930-182523-scrim-a2relay/replays/VarunVejalla.alexander__CH3353C4K3F4CT0RY__botA.bc24,VarunVejalla.alexander,0,a2relay
A,Goob_final,0,2000,MORE_FLAG_CAPTURES,1,254,218,2,0,0,0,0,110,0,4900,50,0,8,1247,1069,2,0,71,274,515,1514,ATK@600+HEAL@1200+CAP@1800,gauntlet/20260930-182523-scrim-a2relay/replays/ColtG5.Goob_final__Islands__botB.bc24,ColtG5.Goob_final,0,a2relay
B,a2relay,1,2000,MORE_FLAG_CAPTURES,2,1316,901,346,338,3,47,0,95,38,206,211,6,3,1279,1631,18,0,45,428,1514,515,ATK@600+HEAL@1200+CAP@1800,gauntlet/20260930-182523-scrim-a2relay/replays/ColtG5.Goob_final__Islands__botB.bc24,ColtG5.Goob_final,1,a2relay
A,Bot21,0,917,CAPTURE,0,-1,0,3,0,3,3,85,77,2,19,39,16,4,817,954,2,0,20,71,90,542,ATK@601,gauntlet/20260930-182523-scrim-a2relay/replays/HugoIngelsson.Bot21__Rivers__botB.bc24,HugoIngelsson.Bot21,0,a2relay
B,a2relay,1,917,CAPTURE,3,516,237,166,159,3,0,0,33,28,135,240,4,13,1396,1362,2,0,56,91,542,90,ATK@600,gauntlet/20260930-182523-scrim-a2relay/replays/HugoIngelsson.Bot21__Rivers__botB.bc24,HugoIngelsson.Bot21,1,a2relay
A,Sprint2,0,2000,MORE_FLAG_CAPTURES,0,-1,782,3,0,0,0,0,144,0,5380,30,0,13,126,517,24,18,16,84,29,859,ATK@600+CAP@1200+HEAL@1800,gauntlet/20260930-182523-scrim-a2relay/replays/tlevietpdx.Sprint2__Battlecode24__botB.bc24,tlevietpdx.Sprint2,0,a2relay
B,a2relay,1,2000,MORE_FLAG_CAPTURES,2,396,356,723,718,3,35,0,61,59,5975,506,6,20,1375,342,14,0,313,495,859,29,ATK@600+HEAL@1200+CAP@1800,gauntlet/20260930-182523-scrim-a2relay/replays/tlevietpdx.Sprint2__Battlecode24__botB.bc24,tlevietpdx.Sprint2,1,a2relay
A,a2relay,1,1229,CAPTURE,3,490,221,575,568,3,54,0,34,22,130,165,3,3,328,141,10,0,43,18,1135,20,ATK@600+HEAL@1200,gauntlet/20260930-182523-scrim-a2relay/replays/Lithanium.AttackingBot__OceanFloor__botA.bc24,Lithanium.AttackingBot,1,a2relay
B,AttackingBot,0,1229,CAPTURE,0,-1,0,0,0,0,0,0,80,0,1400,300,0,3,10,0,9,0,0,40,20,1135,ATK@600+HEAL@1200,gauntlet/20260930-182523-scrim-a2relay/replays/Lithanium.AttackingBot__OceanFloor__botA.bc24,Lithanium.AttackingBot,0,a2relay
A,a2relay,1,1975,CAPTURE,3,512,242,1011,1003,3,9,0,32,44,170,445,7,5,445,273,17,0,62,194,334,23,ATK@600+HEAL@1200+CAP@1800,gauntlet/20260930-182523-scrim-a2relay/replays/SriLakshmiPolavarapu.ducks__Mountain__botA.bc24,SriLakshmiPolavarapu.ducks,1,a2relay
B,ducks,0,1975,CAPTURE,0,-1,0,3,0,3,14,0,0,30,200,100,0,16,20,0,40,0,0,35,23,334,,gauntlet/20260930-182523-scrim-a2relay/replays/SriLakshmiPolavarapu.ducks__Mountain__botA.bc24,SriLakshmiPolavarapu.ducks,0,a2relay
A,ExplosiveBot,0,1844,CAPTURE,1,754,215,48,20,0,0,0,6,7,4820,5810,0,28,741,942,18,0,19,164,195,1647,ATK@600+HEAL@1200,gauntlet/20260930-182523-scrim-a2relay/replays/awu7.ExplosiveBot__Randy__botB.bc24,awu7.ExplosiveBot,0,a2relay
B,a2relay,1,1844,CAPTURE,3,486,462,442,431,3,15,0,6,49,160,255,8,16,1103,1333,12,0,69,553,1647,195,ATK@600+HEAL@1200+CAP@1800,gauntlet/20260930-182523-scrim-a2relay/replays/awu7.ExplosiveBot__Randy__botB.bc24,awu7.ExplosiveBot,1,a2relay
A,v22,0,2000,MORE_FLAG_CAPTURES,0,-1,0,0,0,0,0,0,29,6,4130,50,0,31,756,359,0,0,67,221,160,1290,HEAL@600+ATK@1200+CAP@1800,gauntlet/20260930-182523-scrim-a2relay/replays/RyanAspen.v22__Swoop__botB.bc24,RyanAspen.v22,0,a2relay
B,a2relay,1,2000,MORE_FLAG_CAPTURES,2,406,316,893,882,3,39,0,51,41,144,124,7,3,1091,1071,24,0,69,559,1290,160,ATK@600+HEAL@1200+CAP@1800,gauntlet/20260930-182523-scrim-a2relay/replays/RyanAspen.v22__Swoop__botB.bc24,RyanAspen.v22,1,a2relay
A,a2relay,1,2000,MORE_FLAG_CAPTURES,1,695,228,1821,1816,3,39,0,16,23,195,160,4,3,399,350,6,0,44,10,154,17,ATK@600+HEAL@1200+CAP@1800,gauntlet/20260930-182523-scrim-a2relay/replays/AlexYu84.smartPlayer__Digging__botA.bc24,AlexYu84.smartPlayer,1,a2relay
B,smartPlayer,0,2000,MORE_FLAG_CAPTURES,0,-1,0,3,0,3,17,0,8,14,120,20,1,17,64,52,24,18,0,70,17,154,,gauntlet/20260930-182523-scrim-a2relay/replays/AlexYu84.smartPlayer__Digging__botA.bc24,AlexYu84.smartPlayer,0,a2relay
A,a2relay,1,1773,CAPTURE,3,624,279,862,853,3,46,0,174,85,695,273,8,3,1769,903,17,0,353,995,1758,54,ATK@600+HEAL@1200,gauntlet/20260930-182523-scrim-a2relay/replays/neilhuang007.baseline__Snake__botA.bc24,neilhuang007.baseline,1,a2relay
B,baseline,0,1773,CAPTURE,0,-1,973,9,0,0,0,0,213,11,7610,15570,0,15,530,944,0,0,11,11,54,1758,CAP@600+ATK@1200,gauntlet/20260930-182523-scrim-a2relay/replays/neilhuang007.baseline__Snake__botA.bc24,neilhuang007.baseline,0,a2relay
A,a2relay,1,1088,CAPTURE,3,709,350,548,541,3,19,0,64,24,125,295,3,3,1842,1016,14,0,56,371,1252,33,ATK@600,gauntlet/20260930-182523-scrim-a2relay/replays/neilhuang007.baseline__TwistedTreeline__botA.bc24,neilhuang007.baseline,1,a2relay
B,baseline,0,1088,CAPTURE,0,-1,428,1,0,0,0,0,82,6,1740,2090,0,1,643,1081,0,0,6,4,33,1252,CAP@600,gauntlet/20260930-182523-scrim-a2relay/replays/neilhuang007.baseline__TwistedTreeline__botA.bc24,neilhuang007.baseline,0,a2relay
A,a2relay,1,1836,CAPTURE,3,415,247,665,647,3,18,0,84,13,130,70,2,4,663,681,5,0,26,271,692,78,ATK@600+HEAL@1200+CAP@1800,gauntlet/20260930-182523-scrim-a2relay/replays/Peter-Fun.dinoboxer__Decision__botA.bc24,Peter-Fun.dinoboxer,1,a2relay
B,dinoboxer,0,1836,CAPTURE,2,569,354,23,0,0,0,0,3,17,10,30,0,9,338,431,16,3,3,114,78,692,ATK@600+CAP@1200+HEAL@1800,gauntlet/20260930-182523-scrim-a2relay/replays/Peter-Fun.dinoboxer__Decision__botA.bc24,Peter-Fun.dinoboxer,0,a2relay
A,ducks,0,451,CAPTURE,0,-1,0,3,0,3,0,0,0,26,200,100,0,3,33,0,36,0,0,30,11,203,,gauntlet/20260930-182523-scrim-a2relay/replays/SriLakshmiPolavarapu.ducks__StackGame__botB.bc24,SriLakshmiPolavarapu.ducks,0,a2relay
B,a2relay,1,451,CAPTURE,3,303,258,164,156,3,23,0,30,45,273,253,8,3,1119,755,20,0,96,66,203,11,,gauntlet/20260930-182523-scrim-a2relay/replays/SriLakshmiPolavarapu.ducks__StackGame__botB.bc24,SriLakshmiPolavarapu.ducks,1,a2relay
A,a2relay,1,1178,CAPTURE,3,938,271,572,565,3,32,0,78,19,10,145,3,3,129,0,21,0,52,13,930,4,ATK@600,gauntlet/20260930-182523-scrim-a2relay/replays/sivakovivan.NewHide__MazeRunner__botA.bc24,sivakovivan.NewHide,1,a2relay
B,NewHide,0,1178,CAPTURE,0,-1,0,0,0,0,0,0,0,50,20,20,1,36,0,1,0,0,70,136,4,930,HEAL@600,gauntlet/20260930-182523-scrim-a2relay/replays/sivakovivan.NewHide__MazeRunner__botA.bc24,sivakovivan.NewHide,0,a2relay
A,Sprint2,0,974,CAPTURE,0,-1,886,1,0,0,0,0,36,0,13420,50,0,6,272,446,47,22,24,117,47,681,ATK@600,gauntlet/20260930-182523-scrim-a2relay/replays/tlevietpdx.Sprint2__Joker__botB.bc24,tlevietpdx.Sprint2,0,a2relay
B,a2relay,1,974,CAPTURE,3,496,296,353,347,3,47,0,3,111,4471,149,11,3,1602,727,22,0,275,347,681,47,ATK@600,gauntlet/20260930-182523-scrim-a2relay/replays/tlevietpdx.Sprint2__Joker__botB.bc24,tlevietpdx.Sprint2,1,a2relay
A,bling3,0,1980,CAPTURE,2,337,257,21,0,0,0,0,104,13,180,60,0,0,616,864,17,0,2,114,270,847,ATK@600+HEAL@1200+CAP@1800,gauntlet/20260930-182523-scrim-a2relay/replays/jonters.bling3__QueenOfHearts__botB.bc24,jonters.bling3,0,a2relay
B,a2relay,1,1980,CAPTURE,3,293,240,645,631,3,32,0,81,29,190,280,4,2,972,1016,8,0,52,367,847,270,ATK@600+HEAL@1200+CAP@1800,gauntlet/20260930-182523-scrim-a2relay/replays/jonters.bling3__QueenOfHearts__botB.bc24,jonters.bling3,1,a2relay
A,smartPlayer,0,2000,MORE_FLAG_CAPTURES,0,-1,0,9,0,9,15,0,16,18,40,80,2,14,115,2,23,13,0,47,16,142,,gauntlet/20260930-182523-scrim-a2relay/replays/AlexYu84.smartPlayer__SteamboatMickey__botB.bc24,AlexYu84.smartPlayer,0,a2relay
B,a2relay,1,2000,MORE_FLAG_CAPTURES,1,489,226,1785,1778,3,34,0,5,77,666,576,12,3,582,416,24,0,179,181,142,16,ATK@600+HEAL@1200+CAP@1800,gauntlet/20260930-182523-scrim-a2relay/replays/AlexYu84.smartPlayer__SteamboatMickey__botB.bc24,AlexYu84.smartPlayer,1,a2relay
A,duck8,0,2000,LEVEL_SUM,1,343,253,16,0,0,0,0,42,32,60,10,3,3,848,1185,2,0,73,215,128,726,ATK@750+HEAL@1500,gauntlet/20260930-182523-scrim-a2relay/replays/clbarrell.duck8__Funnel__botB.bc24,clbarrell.duck8,0,a2relay
B,a2relay,1,2000,LEVEL_SUM,1,1800,602,653,641,3,20,0,42,27,180,270,4,10,984,1333,14,0,50,295,726,128,ATK@600+HEAL@1200+CAP@1800,gauntlet/20260930-182523-scrim-a2relay/replays/clbarrell.duck8__Funnel__botB.bc24,clbarrell.duck8,1,a2relay
A,a2relay,1,446,CAPTURE,3,272,209,189,183,3,14,0,0,45,170,80,7,3,879,477,18,0,48,16,168,7,,gauntlet/20260930-182523-scrim-a2relay/replays/joelcrouch.ducks__Yinyang__botA.bc24,joelcrouch.ducks,1,a2relay
B,ducks,0,446,CAPTURE,0,-1,0,3,0,3,13,0,0,26,100,200,0,8,36,0,35,0,0,23,7,168,,gauntlet/20260930-182523-scrim-a2relay/replays/joelcrouch.ducks__Yinyang__botA.bc24,joelcrouch.ducks,0,a2relay
A,a2relay,1,2000,MORE_FLAG_CAPTURES,1,1910,223,155,141,3,23,0,38,39,155,150,7,3,918,1185,21,0,38,359,1105,299,ATK@600+HEAL@1200+CAP@1800,gauntlet/20260930-182523-scrim-a2relay/replays/kyleezz.jeeryfix3__Divergent__botA.bc24,kyleezz.jeeryfix3,1,a2relay
B,jeeryfix3,0,2000,MORE_FLAG_CAPTURES,0,-1,430,21,0,0,0,0,92,2,3140,1430,0,8,859,730,0,0,45,222,299,1105,ATK@600+CAP@1200+HEAL@1800,gauntlet/20260930-182523-scrim-a2relay/replays/kyleezz.jeeryfix3__Divergent__botA.bc24,kyleezz.jeeryfix3,0,a2relay
A,defaultplayer_intlqualifier,0,2000,MORE_FLAG_CAPTURES,0,-1,245,24,10,3,25,0,5,9,850,11550,0,3,299,863,5,40,16,99,37,598,ATK@600+HEAL@1200+CAP@1800,gauntlet/20260930-182523-scrim-a2relay/replays/dmtrung14.defaultplayer_intlqualifier__Puzzle__botB.bc24,dmtrung14.defaultplayer_intlqualifier,0,a2relay
B,a2relay,1,2000,MORE_FLAG_CAPTURES,1,1697,425,194,184,3,16,0,4,21,145,30,3,15,840,422,13,0,54,182,598,37,ATK@600+HEAL@1200+CAP@1800,gauntlet/20260930-182523-scrim-a2relay/replays/dmtrung14.defaultplayer_intlqualifier__Puzzle__botB.bc24,dmtrung14.defaultplayer_intlqualifier,1,a2relay
A,bc24scenario,0,473,CAPTURE,0,-1,0,1,0,1,4,58,57,3,715,715,6,0,103,89,1,1,1,1,1,257,,gauntlet/20260930-182523-scrim-a2relay/replays/Metta-AI.bc24scenario__Alligator__botB.bc24,Metta-AI.bc24scenario,0,a2relay
B,a2relay,1,473,CAPTURE,3,319,242,156,149,3,17,0,53,32,125,270,5,3,1331,188,22,0,138,65,257,1,,gauntlet/20260930-182523-scrim-a2relay/replays/Metta-AI.bc24scenario__Alligator__botB.bc24,Metta-AI.bc24scenario,1,a2relay
A,moveBot1,0,2000,MORE_FLAG_CAPTURES,0,-1,0,0,0,0,0,0,33,18,830,190,1,16,117,122,30,0,0,80,69,1326,ATK@600+HEAL@1200+CAP@1800,gauntlet/20260930-182523-scrim-a2relay/replays/adamseth2.moveBot1__WheresMyWater__botB.bc24,adamseth2.moveBot1,0,a2relay
B,a2relay,1,2000,MORE_FLAG_CAPTURES,2,273,229,919,911,3,24,0,54,30,185,281,5,3,533,322,19,0,43,476,1326,69,ATK@600+HEAL@1200+CAP@1800,gauntlet/20260930-182523-scrim-a2relay/replays/adamseth2.moveBot1__WheresMyWater__botB.bc24,adamseth2.moveBot1,1,a2relay
A,v5,0,2000,MORE_FLAG_CAPTURES,0,-1,236,9,0,0,0,0,71,27,10,50,3,2,550,791,44,0,0,81,154,1922,ATK@600+CAP@1200+HEAL@1800,gauntlet/20260930-182523-scrim-a2relay/replays/reeceyang.v5__BigDucksBigPond__botB.bc24,reeceyang.v5,0,a2relay
B,a2relay,1,2000,MORE_FLAG_CAPTURES,1,494,252,952,941,3,37,0,106,32,166,326,5,3,1391,909,17,0,58,726,1922,154,ATK@600+HEAL@1200+CAP@1800,gauntlet/20260930-182523-scrim-a2relay/replays/reeceyang.v5__BigDucksBigPond__botB.bc24,reeceyang.v5,1,a2relay
A,ExplosiveBot,0,2000,MORE_FLAG_CAPTURES,0,-1,275,13,6,0,0,0,0,16,1900,1540,0,8,739,595,30,0,11,85,241,1471,ATK@600+HEAL@1200,gauntlet/20260930-182523-scrim-a2relay/replays/awu7.ExplosiveBot__Valentine__botB.bc24,awu7.ExplosiveBot,0,a2relay
B,a2relay,1,2000,MORE_FLAG_CAPTURES,1,1901,328,684,656,3,31,0,0,37,185,140,6,5,1025,1290,10,0,59,313,1471,241,ATK@600+HEAL@1200+CAP@1800,gauntlet/20260930-182523-scrim-a2relay/replays/awu7.ExplosiveBot__Valentine__botB.bc24,awu7.ExplosiveBot,1,a2relay
A,NewHide,0,508,CAPTURE,0,-1,0,0,0,0,0,0,0,45,10,40,1,16,7,0,0,0,65,48,0,270,,gauntlet/20260930-182523-scrim-a2relay/replays/sivakovivan.NewHide__Ambush__botB.bc24,sivakovivan.NewHide,0,a2relay
B,a2relay,1,508,CAPTURE,3,249,212,109,103,3,22,0,45,24,179,169,3,3,1145,14,21,0,55,0,270,0,,gauntlet/20260930-182523-scrim-a2relay/replays/sivakovivan.NewHide__Ambush__botB.bc24,sivakovivan.NewHide,1,a2relay
A,a2relay,1,1068,CAPTURE,3,661,536,287,281,3,25,0,68,68,4879,995,7,3,996,12,15,0,309,395,896,0,ATK@600,gauntlet/20260930-182523-scrim-a2relay/replays/polyllc.polyv4__Battlecode24__botA.bc24,polyllc.polyv4,1,a2relay
B,polyv4,0,1068,CAPTURE,0,-1,714,6,0,0,0,0,85,24,6640,11860,3,25,6,216,0,0,24,97,0,896,HEAL@600,gauntlet/20260930-182523-scrim-a2relay/replays/polyllc.polyv4__Battlecode24__botA.bc24,polyllc.polyv4,0,a2relay
A,a2relay,1,775,CAPTURE,3,289,244,256,250,3,18,0,45,23,130,145,4,3,1481,0,13,0,55,116,795,0,ATK@600,gauntlet/20260930-182523-scrim-a2relay/replays/sayam-goyal.SimpleBot__Fountain__botA.bc24,sayam-goyal.SimpleBot,1,a2relay
B,SimpleBot,0,775,CAPTURE,0,-1,0,0,0,0,0,0,0,0,2400,2900,0,14,0,0,0,0,0,0,0,795,ATK@600,gauntlet/20260930-182523-scrim-a2relay/replays/sayam-goyal.SimpleBot__Fountain__botA.bc24,sayam-goyal.SimpleBot,0,a2relay
A,combustiblelemon,0,991,CAPTURE,0,-1,0,3,0,3,15,0,0,19,100,200,0,0,332,67,29,0,0,35,41,350,,gauntlet/20260930-182523-scrim-a2relay/replays/samithShetty.combustiblelemon__Fountain__botB.bc24,samithShetty.combustiblelemon,0,a2relay
B,a2relay,1,991,CAPTURE,3,292,226,230,220,3,22,0,44,23,159,39,3,5,820,756,6,0,34,41,350,41,ATK@600,gauntlet/20260930-182523-scrim-a2relay/replays/samithShetty.combustiblelemon__Fountain__botB.bc24,samithShetty.combustiblelemon,1,a2relay
A,v9,0,543,CAPTURE,0,-1,240,18,0,0,0,0,33,23,965,955,4,0,443,630,0,0,62,81,38,161,,gauntlet/20260930-182523-scrim-a2relay/replays/TylerJulian.v9__KingQuacksCastle__botB.bc24,TylerJulian.v9,0,a2relay
B,a2relay,1,543,CAPTURE,3,305,223,123,114,3,25,0,28,27,205,285,5,0,788,545,4,0,62,77,161,38,,gauntlet/20260930-182523-scrim-a2relay/replays/TylerJulian.v9__KingQuacksCastle__botB.bc24,TylerJulian.v9,1,a2relay
A,a2relay,1,2000,MORE_FLAG_CAPTURES,2,1949,241,1791,1784,3,21,0,53,51,705,140,7,3,525,445,21,0,62,268,449,34,ATK@600+HEAL@1200+CAP@1800,gauntlet/20260930-182523-scrim-a2relay/replays/Rubrasum.version_3__Rainbow__botA.bc24,Rubrasum.version_3,1,a2relay
B,version_3,0,2000,MORE_FLAG_CAPTURES,0,-1,0,3,0,3,10,0,0,41,200,100,0,9,152,0,51,0,0,50,34,449,ATK@600,gauntlet/20260930-182523-scrim-a2relay/replays/Rubrasum.version_3__Rainbow__botA.bc24,Rubrasum.version_3,0,a2relay
A,a2relay,1,2000,MORE_FLAG_CAPTURES,2,381,276,264,254,3,23,0,34,30,205,150,6,0,976,741,10,0,73,627,1704,145,ATK@600+HEAL@1200+CAP@1800,gauntlet/20260930-182523-scrim-a2relay/replays/noahzemlin.honeyducklings__Funnel__botA.bc24,noahzemlin.honeyducklings,1,a2relay
B,honeyducklings,0,2000,MORE_FLAG_CAPTURES,0,-1,272,4,0,0,0,0,66,14,1220,2850,0,4,516,564,3,14,0,99,145,1704,ATK@601+HEAL@1200+CAP@1825,gauntlet/20260930-182523-scrim-a2relay/replays/noahzemlin.honeyducklings__Funnel__botA.bc24,noahzemlin.honeyducklings,0,a2relay
A,a2relay,1,2000,LEVEL_SUM,0,-1,341,458,443,3,37,0,71,19,195,125,3,3,356,774,11,0,26,198,489,303,ATK@600+HEAL@1200+CAP@1800,gauntlet/20260930-182523-scrim-a2relay/replays/hsmalladi.finalbot__EndAround__botA.bc24,hsmalladi.finalbot,1,a2relay
B,finalbot,0,2000,LEVEL_SUM,0,-1,468,45,1,3,39,60,58,0,2099,879,12,0,431,405,4,4,40,233,303,489,ATK@600+HEAL@1200+CAP@1800,gauntlet/20260930-182523-scrim-a2relay/replays/hsmalladi.finalbot__EndAround__botA.bc24,hsmalladi.finalbot,0,a2relay
A,alexander,0,2000,MORE_FLAG_CAPTURES,0,-1,0,3,0,3,15,0,0,0,4100,4700,0,17,715,209,0,0,0,0,62,2784,ATK@751+CAP@1501,gauntlet/20260930-182523-scrim-a2relay/replays/VarunVejalla.alexander__BreadPudding__botB.bc24,VarunVejalla.alexander,0,a2relay
B,a2relay,1,2000,MORE_FLAG_CAPTURES,2,348,267,651,641,3,17,0,46,30,155,295,5,22,1211,1119,8,0,55,619,2784,62,ATK@600+HEAL@1200+CAP@1800,gauntlet/20260930-182523-scrim-a2relay/replays/VarunVejalla.alexander__BreadPudding__botB.bc24,VarunVejalla.alexander,1,a2relay
A,a2relay,1,2000,MORE_FLAG_CAPTURES,2,1415,258,166,153,3,48,0,76,28,203,253,5,20,1098,1124,10,0,38,392,1391,63,ATK@600+HEAL@1200+CAP@1800,gauntlet/20260930-182523-scrim-a2relay/replays/MiloAkerman.v1__GravitationalWaves__botA.bc24,MiloAkerman.v1,1,a2relay
B,v1,0,2000,MORE_FLAG_CAPTURES,0,-1,0,0,0,0,0,0,152,3,640,740,0,15,623,1099,12,0,0,23,63,1391,,gauntlet/20260930-182523-scrim-a2relay/replays/MiloAkerman.v1__GravitationalWaves__botA.bc24,MiloAkerman.v1,0,a2relay
A,honeyducklings,0,2000,MORE_FLAG_CAPTURES,0,-1,1058,28,0,0,0,0,152,14,1340,1710,0,21,672,1294,4,24,0,82,123,1969,ATK@618+HEAL@1209+CAP@1949,gauntlet/20260930-182523-scrim-a2relay/replays/noahzemlin.honeyducklings__BigDucksBigPond__botB.bc24,noahzemlin.honeyducklings,0,a2relay
B,a2relay,1,2000,MORE_FLAG_CAPTURES,2,554,263,808,796,3,37,0,100,34,128,208,5,3,1489,1260,24,0,88,662,1969,123,ATK@600+HEAL@1200+CAP@1800,gauntlet/20260930-182523-scrim-a2relay/replays/noahzemlin.honeyducklings__BigDucksBigPond__botB.bc24,noahzemlin.honeyducklings,1,a2relay
A,dangerduck2,0,688,CAPTURE,0,-1,259,36,0,0,0,0,48,24,1650,1636,3,5,512,503,0,24,0,37,17,482,ATK@600,gauntlet/20260930-182523-scrim-a2relay/replays/dylanzemlin.dangerduck2__Soccer__botB.bc24,dylanzemlin.dangerduck2,0,a2relay
B,a2relay,1,688,CAPTURE,3,542,236,123,106,3,27,0,17,39,192,302,6,9,1587,942,12,0,75,133,482,17,ATK@600,gauntlet/20260930-182523-scrim-a2relay/replays/dylanzemlin.dangerduck2__Soccer__botB.bc24,dylanzemlin.dangerduck2,1,a2relay
A,version_3,0,590,CAPTURE,0,-1,209,13,0,3,0,0,0,23,100,110,0,5,326,0,45,0,0,30,23,341,,gauntlet/20260930-182523-scrim-a2relay/replays/Rubrasum.version_3__Ambush__botB.bc24,Rubrasum.version_3,0,a2relay
B,a2relay,1,590,CAPTURE,3,267,206,84,77,3,14,0,38,27,192,222,4,19,1131,680,10,0,66,111,341,23,,gauntlet/20260930-182523-scrim-a2relay/replays/Rubrasum.version_3__Ambush__botB.bc24,Rubrasum.version_3,1,a2relay
A,dangerduck2,0,1161,CAPTURE,0,-1,231,45,1,0,0,0,149,24,1420,1416,3,8,489,510,0,24,0,55,35,858,ATK@600,gauntlet/20260930-182523-scrim-a2relay/replays/dylanzemlin.dangerduck2__Islands__botB.bc24,dylanzemlin.dangerduck2,0,a2relay
B,a2relay,1,1161,CAPTURE,3,313,220,150,136,3,34,0,88,40,188,202,7,6,1234,786,18,0,46,216,858,35,ATK@600,gauntlet/20260930-182523-scrim-a2relay/replays/dylanzemlin.dangerduck2__Islands__botB.bc24,dylanzemlin.dangerduck2,1,a2relay
A,a2relay,1,501,RESIGNATION,0,-1,238,114,106,3,52,0,86,45,188,248,8,5,1289,1222,17,0,67,63,258,81,,gauntlet/20260930-182523-scrim-a2relay/replays/itswin.MPAttack__Islands__botA.bc24,itswin.MPAttack,1,a2relay
B,MPAttack,0,501,RESIGNATION,0,-1,0,0,0,0,0,0,11,10,670,280,0,5,1042,761,29,0,0,11,81,258,,gauntlet/20260930-182523-scrim-a2relay/replays/itswin.MPAttack__Islands__botA.bc24,itswin.MPAttack,0,a2relay
A,crayBasic,0,2000,MORE_FLAG_CAPTURES,0,-1,1422,1,0,0,0,0,0,0,2600,4500,0,33,188,3,0,0,0,0,12,1149,,gauntlet/20260930-182523-scrim-a2relay/replays/abdullah8a0.crayBasic__FloodGates__botB.bc24,abdullah8a0.crayBasic,0,a2relay
B,a2relay,1,2000,MORE_FLAG_CAPTURES,2,1107,272,1283,1276,3,17,0,3,25,195,45,4,3,427,313,7,0,45,381,1149,12,ATK@600+HEAL@1200+CAP@1800,gauntlet/20260930-182523-scrim-a2relay/replays/abdullah8a0.crayBasic__FloodGates__botB.bc24,abdullah8a0.crayBasic,1,a2relay
A,Team3,0,2000,MORE_FLAG_CAPTURES,0,-1,0,3,0,3,0,0,7,14,50,30,2,24,250,93,33,0,0,113,78,1416,,gauntlet/20260930-182523-scrim-a2relay/replays/dylanconklin.Team3__FloodGates__botB.bc24,dylanconklin.Team3,0,a2relay
B,a2relay,1,2000,MORE_FLAG_CAPTURES,2,846,238,1329,1321,3,17,0,4,25,155,65,4,3,637,637,6,0,46,532,1416,78,ATK@600+HEAL@1200+CAP@1800,gauntlet/20260930-182523-scrim-a2relay/replays/dylanconklin.Team3__FloodGates__botB.bc24,dylanconklin.Team3,1,a2relay
A,a2relay,1,2000,MORE_FLAG_CAPTURES,2,843,227,1824,1818,3,44,0,53,28,195,120,4,3,1316,0,22,0,72,243,560,0,ATK@600+HEAL@1200+CAP@1800,gauntlet/20260930-182523-scrim-a2relay/replays/PerishoJ.tx__Duck__botA.bc24,PerishoJ.tx,1,a2relay
B,tx,0,2000,MORE_FLAG_CAPTURES,0,-1,0,0,0,0,0,0,0,0,2500,3100,0,20,0,0,0,0,0,0,0,560,,gauntlet/20260930-182523-scrim-a2relay/replays/PerishoJ.tx__Duck__botA.bc24,PerishoJ.tx,0,a2relay
A,a2relay,1,1972,CAPTURE,3,292,228,899,893,3,42,0,16,16,180,330,2,3,1223,307,22,0,74,557,1294,8,ATK@600+HEAL@1200+CAP@1800,gauntlet/20260930-182523-scrim-a2relay/replays/joelcrouch.ducks__Pancakes__botA.bc24,joelcrouch.ducks,1,a2relay
B,ducks,0,1972,CAPTURE,0,-1,0,3,0,3,6,0,0,11,200,100,0,0,52,0,27,0,0,36,8,1294,,gauntlet/20260930-182523-scrim-a2relay/replays/joelcrouch.ducks__Pancakes__botA.bc24,joelcrouch.ducks,0,a2relay
A,funkyguy3,0,1081,CAPTURE,0,-1,242,24,0,0,0,0,11,30,100,70,3,11,72,477,16,0,45,112,17,694,ATK@600,gauntlet/20260930-182523-scrim-a2relay/replays/lcforges.funkyguy3__Funnel__botB.bc24,lcforges.funkyguy3,0,a2relay
B,a2relay,1,1081,CAPTURE,3,449,298,392,382,3,19,0,37,29,195,248,4,3,1455,412,18,0,63,216,694,17,ATK@600,gauntlet/20260930-182523-scrim-a2relay/replays/lcforges.funkyguy3__Funnel__botB.bc24,lcforges.funkyguy3,1,a2relay
A,a2relay,1,840,CAPTURE,3,548,230,290,283,3,17,0,21,37,130,215,6,3,859,1414,17,0,37,79,253,30,ATK@600,gauntlet/20260930-182523-scrim-a2relay/replays/H4ffliger.keyboardcrusader_v1__Soccer__botA.bc24,H4ffliger.keyboardcrusader_v1,1,a2relay
B,keyboardcrusader_v1,0,840,CAPTURE,0,-1,771,5,0,3,0,0,48,0,3960,4460,0,1,697,961,13,0,0,40,30,253,,gauntlet/20260930-182523-scrim-a2relay/replays/H4ffliger.keyboardcrusader_v1__Soccer__botA.bc24,H4ffliger.keyboardcrusader_v1,0,a2relay
A,a2relay,1,2000,MORE_FLAG_CAPTURES,2,887,217,1054,1022,3,34,0,21,38,165,155,7,3,879,991,20,0,33,258,896,448,ATK@600+HEAL@1200+CAP@1800,gauntlet/20260930-182523-scrim-a2relay/replays/qpwoeirut.tournament_sprint1__Soccer__botA.bc24,qpwoeirut.tournament_sprint1,1,a2relay
B,tournament_sprint1,0,2000,MORE_FLAG_CAPTURES,0,-1,0,0,0,0,0,0,48,0,3960,260,0,8,660,1368,28,0,0,138,448,896,ATK@600+HEAL@1200,gauntlet/20260930-182523-scrim-a2relay/replays/qpwoeirut.tournament_sprint1__Soccer__botA.bc24,qpwoeirut.tournament_sprint1,0,a2relay
A,warrior_2nd_comp,0,638,CAPTURE,0,-1,0,3,0,3,34,0,0,18,1700,2200,0,7,0,0,13,2,3,18,7,424,,gauntlet/20260930-182523-scrim-a2relay/replays/lukerhoads.warrior_2nd_comp__Tunnels__botB.bc24,lukerhoads.warrior_2nd_comp,0,a2relay
B,a2relay,1,638,CAPTURE,3,348,279,167,159,3,10,0,62,23,175,155,4,3,947,150,21,0,60,0,424,7,ATK@600,gauntlet/20260930-182523-scrim-a2relay/replays/lukerhoads.warrior_2nd_comp__Tunnels__botB.bc24,lukerhoads.warrior_2nd_comp,1,a2relay
A,v11,0,2000,MORE_FLAG_CAPTURES,1,265,238,5,4,0,0,0,48,69,7710,820,5,18,694,971,0,3,153,280,85,1422,ATK@600+HEAL@1200+CAP@1800,gauntlet/20260930-182523-scrim-a2relay/replays/JeffLegendPower.v11__StarryNight__botB.bc24,JeffLegendPower.v11,0,a2relay
B,a2relay,1,2000,MORE_FLAG_CAPTURES,2,700,595,41,33,3,13,0,91,114,615,207,8,2,1099,1222,19,0,131,481,1422,85,ATK@600+HEAL@1200+CAP@1800,gauntlet/20260930-182523-scrim-a2relay/replays/JeffLegendPower.v11__StarryNight__botB.bc24,JeffLegendPower.v11,1,a2relay
A,player22,1,353,CAPTURE,3,260,227,8,0,3,0,0,67,0,3690,3440,0,4,924,453,15,0,79,84,65,74,,gauntlet/20260930-183700-scrim-g_iter1/losses/andrewgopher.player22__Alligator__botB.bc24,andrewgopher.player22,0,g_iter1
B,g_iter1,0,353,CAPTURE,0,-1,265,1,0,0,0,0,54,30,205,220,6,0,712,1094,11,0,46,44,74,65,,gauntlet/20260930-183700-scrim-g_iter1/losses/andrewgopher.player22__Alligator__botB.bc24,andrewgopher.player22,1,g_iter1
A,v10official,1,372,CAPTURE,3,279,261,21,15,3,18,57,24,3,4996,31,11,0,933,1644,16,3,64,42,29,29,,gauntlet/20260930-183700-scrim-g_iter1/losses/Gymhgy.v10official__StackGame__botB.bc24,Gymhgy.v10official,0,g_iter1
B,g_iter1,0,372,CAPTURE,0,-1,340,1,0,0,0,0,34,50,195,210,9,25,1031,1381,14,0,52,43,29,29,,gauntlet/20260930-183700-scrim-g_iter1/losses/Gymhgy.v10official__StackGame__botB.bc24,Gymhgy.v10official,1,g_iter1
A,waffle,1,673,CAPTURE,3,296,226,42,0,0,0,0,18,41,560,270,1,6,1084,842,0,0,72,105,87,314,ATK@600,gauntlet/20260930-183700-scrim-g_iter1/losses/winkelmantanner.waffle__Bunkers__botB.bc24,winkelmantanner.waffle,0,g_iter1
B,g_iter1,0,673,CAPTURE,2,472,420,3,0,0,0,0,35,35,175,295,6,21,1251,1509,8,0,53,95,314,87,ATK@600,gauntlet/20260930-183700-scrim-g_iter1/losses/winkelmantanner.waffle__Bunkers__botB.bc24,winkelmantanner.waffle,1,g_iter1
A,g_iter1,0,2000,MORE_FLAG_CAPTURES,0,-1,0,0,0,0,0,0,69,55,165,305,9,7,895,1240,13,0,62,217,465,556,ATK@600+HEAL@1200+CAP@1800,gauntlet/20260930-183700-scrim-g_iter1/losses/CyrilSharma.finalBot__Islands__botA.bc24,CyrilSharma.finalBot,1,g_iter1
B,finalBot,1,2000,MORE_FLAG_CAPTURES,2,365,275,10,0,0,0,60,31,2,6095,2545,12,4,1222,1116,0,0,167,645,556,465,ATK@600+HEAL@1200+CAP@1800,gauntlet/20260930-183700-scrim-g_iter1/losses/CyrilSharma.finalBot__Islands__botA.bc24,CyrilSharma.finalBot,0,g_iter1
A,Version18Final,1,449,CAPTURE,3,320,255,9,0,3,28,26,12,6,1358,17574,4,3,689,831,34,3,84,111,71,23,,gauntlet/20260930-183700-scrim-g_iter1/losses/uravt.Version18Final__HungerGames__botB.bc24,uravt.Version18Final,0,g_iter1
B,g_iter1,0,449,CAPTURE,0,-1,0,0,0,0,0,0,17,25,165,260,4,14,568,984,4,0,49,48,23,71,,gauntlet/20260930-183700-scrim-g_iter1/losses/uravt.Version18Final__HungerGames__botB.bc24,uravt.Version18Final,1,g_iter1
A,g_iter1,0,2000,MORE_FLAG_CAPTURES,0,-1,0,0,0,0,0,0,37,26,145,285,4,16,936,1234,1,0,42,196,359,523,ATK@600+HEAL@1200+CAP@1800,gauntlet/20260930-183700-scrim-g_iter1/losses/IvanGeffner.kuma__OceanFloor__botA.bc24,IvanGeffner.kuma,1,g_iter1
B,kuma,1,2000,MORE_FLAG_CAPTURES,2,392,235,31,16,0,0,90,50,5,610,440,18,7,1027,1295,0,0,46,456,523,359,ATK@600+HEAL@1200+CAP@1800,gauntlet/20260930-183700-scrim-g_iter1/losses/IvanGeffner.kuma__OceanFloor__botA.bc24,IvanGeffner.kuma,0,g_iter1
A,g_iter1,0,1072,CAPTURE,0,-1,261,6,0,0,0,0,176,85,650,220,12,6,774,912,24,0,235,316,293,257,ATK@600,gauntlet/20260930-183700-scrim-g_iter1/losses/hsmalladi.finalbot__Snake__botA.bc24,hsmalladi.finalbot,1,g_iter1
B,finalbot,1,1072,CAPTURE,3,346,279,40,4,3,50,60,151,0,10015,14235,12,0,761,790,20,3,281,394,257,293,ATK@600,gauntlet/20260930-183700-scrim-g_iter1/losses/hsmalladi.finalbot__Snake__botA.bc24,hsmalladi.finalbot,0,g_iter1
A,g_iter1,0,444,CAPTURE,0,-1,416,2,0,0,0,0,80,16,150,50,2,13,920,1290,7,0,15,15,26,16,,gauntlet/20260930-183700-scrim-g_iter1/losses/Gymhgy.v10official__Intercontinental__botA.bc24,Gymhgy.v10official,1,g_iter1
B,v10official,1,444,CAPTURE,3,337,307,21,15,3,6,60,118,1,400,26,12,0,783,1380,2,1,20,22,16,26,,gauntlet/20260930-183700-scrim-g_iter1/losses/Gymhgy.v10official__Intercontinental__botA.bc24,Gymhgy.v10official,0,g_iter1
A,defaultplayer_intlqualifier,1,705,CAPTURE,3,280,236,54,29,3,11,0,31,10,170,1873,0,2,345,916,3,38,26,84,25,211,ATK@600,gauntlet/20260930-183700-scrim-g_iter1/losses/dmtrung14.defaultplayer_intlqualifier__Pancakes__botB.bc24,dmtrung14.defaultplayer_intlqualifier,0,g_iter1
B,g_iter1,0,705,CAPTURE,2,307,230,5,0,0,0,0,16,17,200,160,3,0,952,502,9,0,39,52,211,25,ATK@600,gauntlet/20260930-183700-scrim-g_iter1/losses/dmtrung14.defaultplayer_intlqualifier__Pancakes__botB.bc24,dmtrung14.defaultplayer_intlqualifier,1,g_iter1
A,waffle,1,850,CAPTURE,3,417,360,17,0,0,0,0,0,3,2100,4540,0,7,871,968,0,0,152,204,127,217,ATK@600,gauntlet/20260930-183700-scrim-g_iter1/losses/winkelmantanner.waffle__Puzzle__botB.bc24,winkelmantanner.waffle,0,g_iter1
B,g_iter1,0,850,CAPTURE,1,714,605,4,0,0,0,0,1,23,145,215,4,15,779,1035,20,0,98,131,217,127,ATK@600,gauntlet/20260930-183700-scrim-g_iter1/losses/winkelmantanner.waffle__Puzzle__botB.bc24,winkelmantanner.waffle,1,g_iter1
A,g_iter1,0,2000,MORE_FLAG_CAPTURES,1,482,408,2,0,0,0,0,3,22,135,290,3,19,671,918,11,0,63,203,358,523,ATK@600+HEAL@1200+CAP@1800,gauntlet/20260930-183700-scrim-g_iter1/losses/IvanGeffner.kuma__Puzzle__botA.bc24,IvanGeffner.kuma,1,g_iter1
B,kuma,1,2000,MORE_FLAG_CAPTURES,2,337,248,25,15,0,0,90,4,0,825,2778,18,5,975,967,12,0,187,540,523,358,ATK@600+HEAL@1200+CAP@1800,gauntlet/20260930-183700-scrim-g_iter1/losses/IvanGeffner.kuma__Puzzle__botA.bc24,IvanGeffner.kuma,0,g_iter1
A,ExplosiveBot,1,2000,MORE_FLAG_CAPTURES,2,470,317,29,24,0,0,0,6,9,4720,5700,0,13,733,562,24,0,22,74,137,1192,ATK@600+HEAL@1200,gauntlet/20260930-183700-scrim-g_iter1/losses/awu7.ExplosiveBot__Randy__botB.bc24,awu7.ExplosiveBot,0,g_iter1
B,g_iter1,0,2000,MORE_FLAG_CAPTURES,1,299,272,1,0,0,0,0,6,49,185,215,9,22,1053,1349,11,0,65,214,1192,137,ATK@600+HEAL@1200+CAP@1800,gauntlet/20260930-183700-scrim-g_iter1/losses/awu7.ExplosiveBot__Randy__botB.bc24,awu7.ExplosiveBot,1,g_iter1
A,g_iter1,0,1274,CAPTURE,0,-1,366,9,0,0,0,0,101,32,175,45,4,17,758,1347,15,0,38,135,195,415,ATK@600+HEAL@1200,gauntlet/20260930-183700-scrim-g_iter1/losses/Strequals.duck0127v5__BigDucksBigPond__botA.bc24,Strequals.duck0127v5,1,g_iter1
B,duck0127v5,1,1274,CAPTURE,3,694,226,36,0,0,0,90,39,20,3210,4485,18,3,1017,1072,0,1,121,411,415,195,ATK@600+HEAL@1200,gauntlet/20260930-183700-scrim-g_iter1/losses/Strequals.duck0127v5__BigDucksBigPond__botA.bc24,Strequals.duck0127v5,0,g_iter1
A,jeeryfix3,1,2000,MORE_FLAG_CAPTURES,2,315,255,13,0,0,0,0,36,4,15420,17280,0,5,1021,698,0,0,196,406,420,1124,ATK@600+CAP@1200+HEAL@1800,gauntlet/20260930-183700-scrim-g_iter1/losses/kyleezz.jeeryfix3__Joker__botB.bc24,kyleezz.jeeryfix3,0,g_iter1
B,g_iter1,0,2000,MORE_FLAG_CAPTURES,1,1555,259,9,0,0,0,0,2,116,4005,265,12,0,1152,1325,24,0,230,454,1124,420,ATK@600+HEAL@1200+CAP@1800,gauntlet/20260930-183700-scrim-g_iter1/losses/kyleezz.jeeryfix3__Joker__botB.bc24,kyleezz.jeeryfix3,1,g_iter1
A,g_iter1,0,2000,MORE_FLAG_CAPTURES,0,-1,375,6,0,0,0,0,2,26,205,245,4,26,1088,1280,3,0,48,215,1102,315,ATK@600+HEAL@1200+CAP@1800,gauntlet/20260930-183700-scrim-g_iter1/losses/ColtG5.Goob_final__FloodGates__botA.bc24,ColtG5.Goob_final,1,g_iter1
B,Goob_final,1,2000,MORE_FLAG_CAPTURES,1,500,306,15,0,0,0,0,6,0,2720,100,0,10,837,844,1,0,45,198,315,1102,ATK@600+HEAL@1200+CAP@1800,gauntlet/20260930-183700-scrim-g_iter1/losses/ColtG5.Goob_final__FloodGates__botA.bc24,ColtG5.Goob_final,0,g_iter1
A,g_iter1,0,2000,MORE_FLAG_CAPTURES,1,1681,1268,6,0,0,0,0,32,42,286,226,7,3,673,886,12,0,50,278,798,309,ATK@600+HEAL@1200+CAP@1800,gauntlet/20260930-183700-scrim-g_iter1/losses/kyleezz.jeeryfix3__Divergent__botA.bc24,kyleezz.jeeryfix3,1,g_iter1
B,jeeryfix3,1,2000,MORE_FLAG_CAPTURES,2,307,245,17,0,0,0,0,99,2,2530,860,0,4,715,477,0,0,46,226,309,798,ATK@600+CAP@1200+HEAL@1800,gauntlet/20260930-183700-scrim-g_iter1/losses/kyleezz.jeeryfix3__Divergent__botA.bc24,kyleezz.jeeryfix3,0,g_iter1
A,defaultplayer_intlqualifier,1,2000,MORE_FLAG_CAPTURES,2,325,265,58,37,3,25,0,4,9,880,9740,0,2,300,669,5,35,18,83,43,745,ATK@600+HEAL@1200+CAP@1800,gauntlet/20260930-183700-scrim-g_iter1/losses/dmtrung14.defaultplayer_intlqualifier__Puzzle__botB.bc24,dmtrung14.defaultplayer_intlqualifier,0,g_iter1
B,g_iter1,0,2000,MORE_FLAG_CAPTURES,0,-1,296,4,0,0,0,0,4,22,135,155,4,2,881,381,11,0,77,209,745,43,ATK@600+HEAL@1200+CAP@1800,gauntlet/20260930-183700-scrim-g_iter1/losses/dmtrung14.defaultplayer_intlqualifier__Puzzle__botB.bc24,dmtrung14.defaultplayer_intlqualifier,1,g_iter1
A,g_iter1,0,629,CAPTURE,0,-1,295,5,0,0,0,0,0,37,155,245,7,12,807,1159,8,0,49,60,59,95,ATK@600,gauntlet/20260930-183700-scrim-g_iter1/losses/andli28.v9_USQuals_angle__Valentine__botA.bc24,andli28.v9_USQuals_angle,1,g_iter1
B,v9_USQuals_angle,1,629,CAPTURE,3,566,303,12,0,0,0,90,0,6,2445,4325,18,3,924,1137,11,3,79,123,95,59,ATK@600,gauntlet/20260930-183700-scrim-g_iter1/losses/andli28.v9_USQuals_angle__Valentine__botA.bc24,andli28.v9_USQuals_angle,0,g_iter1
A,g_iter1,0,1113,CAPTURE,0,-1,0,0,0,0,0,0,281,62,313,263,11,3,905,1912,24,0,69,131,128,287,ATK@600,gauntlet/20260930-183700-scrim-g_iter1/losses/andli28.v9_USQuals_angle__Waterworld__botA.bc24,andli28.v9_USQuals_angle,1,g_iter1
B,v9_USQuals_angle,1,1113,CAPTURE,3,830,777,10,0,0,0,43,182,6,650,1909,9,3,1081,1572,0,3,30,251,287,128,ATK@600,gauntlet/20260930-183700-scrim-g_iter1/losses/andli28.v9_USQuals_angle__Waterworld__botA.bc24,andli28.v9_USQuals_angle,0,g_iter1
A,v3,1,371,CAPTURE,3,308,262,14,4,0,0,0,17,0,2590,15810,0,13,777,722,0,0,158,141,44,37,,gauntlet/20260930-183700-scrim-g_iter1/losses/NotLLeon.v3__HungerGames__botB.bc24,NotLLeon.v3,0,g_iter1
B,g_iter1,0,371,CAPTURE,0,-1,226,2,0,0,0,0,20,24,185,235,4,0,635,835,5,0,48,43,37,44,,gauntlet/20260930-183700-scrim-g_iter1/losses/NotLLeon.v3__HungerGames__botB.bc24,NotLLeon.v3,1,g_iter1
A,v3,1,2000,MORE_FLAG_CAPTURES,1,503,325,85,1,0,0,0,18,0,5660,5740,0,15,858,987,0,0,90,304,605,717,ATK@600+HEAL@1200+CAP@1800,gauntlet/20260930-183700-scrim-g_iter1/losses/NotLLeon.v3__Mountain__botB.bc24,NotLLeon.v3,0,g_iter1
B,g_iter1,0,2000,MORE_FLAG_CAPTURES,0,-1,0,0,0,0,0,0,35,46,160,300,8,17,776,1159,12,0,65,227,717,605,ATK@600+HEAL@1200+CAP@1800,gauntlet/20260930-183700-scrim-g_iter1/losses/NotLLeon.v3__Mountain__botB.bc24,NotLLeon.v3,1,g_iter1
A,Version18Final,1,2000,MORE_FLAG_CAPTURES,2,489,270,18,0,3,21,21,32,15,444,84,3,4,813,1005,3,3,23,221,394,356,ATK@600+HEAL@1200+CAP@1800,gauntlet/20260930-183700-scrim-g_iter1/losses/uravt.Version18Final__Decision__botB.bc24,uravt.Version18Final,0,g_iter1
B,g_iter1,0,2000,MORE_FLAG_CAPTURES,1,1049,538,4,0,0,0,0,83,13,195,250,2,1,780,1366,4,0,30,186,356,394,ATK@600+HEAL@1200+CAP@1800,gauntlet/20260930-183700-scrim-g_iter1/losses/uravt.Version18Final__Decision__botB.bc24,uravt.Version18Final,1,g_iter1
A,flagbot_final,1,870,CAPTURE,3,394,338,9,0,3,35,41,64,0,24,24,7,3,1167,1750,0,0,2,100,274,53,ATK@600,gauntlet/20260930-183700-scrim-g_iter1/losses/chenyx512.flagbot_final__Racetrack__botB.bc24,chenyx512.flagbot_final,0,g_iter1
B,g_iter1,0,870,CAPTURE,0,-1,0,0,0,0,0,0,57,4,190,140,0,14,1022,1856,1,0,20,57,53,274,ATK@600,gauntlet/20260930-183700-scrim-g_iter1/losses/chenyx512.flagbot_final__Racetrack__botB.bc24,chenyx512.flagbot_final,1,g_iter1
A,player22,1,1713,CAPTURE,3,344,279,22,0,3,0,0,26,0,2320,40,0,3,1389,834,1,0,72,471,1196,746,ATK@600+HEAL@1200,gauntlet/20260930-183700-scrim-g_iter1/losses/andrewgopher.player22__Digging__botB.bc24,andrewgopher.player22,0,g_iter1
B,g_iter1,0,1713,CAPTURE,0,-1,0,0,0,0,0,0,14,26,170,230,4,24,1036,1452,1,0,47,186,746,1196,ATK@600+HEAL@1200,gauntlet/20260930-183700-scrim-g_iter1/losses/andrewgopher.player22__Digging__botB.bc24,andrewgopher.player22,1,g_iter1
A,camel_case_v21_final,1,482,CAPTURE,3,293,251,11,0,0,0,0,50,9,3300,2250,0,7,1401,432,0,0,115,102,125,139,,gauntlet/20260930-183700-scrim-g_iter1/losses/jmerle.camel_case_v21_final__Alligator__botB.bc24,jmerle.camel_case_v21_final,0,g_iter1
B,g_iter1,0,482,CAPTURE,0,-1,274,3,0,0,0,0,54,31,115,265,5,0,942,1282,11,0,69,81,139,125,,gauntlet/20260930-183700-scrim-g_iter1/losses/jmerle.camel_case_v21_final__Alligator__botB.bc24,jmerle.camel_case_v21_final,1,g_iter1
A,g_iter1,0,1004,CAPTURE,2,651,292,20,0,0,0,0,77,17,195,195,2,5,761,1348,2,0,30,74,131,228,ATK@600,gauntlet/20260930-183700-scrim-g_iter1/losses/Strequals.duck0127v5__Decision__botA.bc24,Strequals.duck0127v5,1,g_iter1
B,duck0127v5,1,1004,CAPTURE,3,445,300,14,0,0,0,90,30,3,1512,877,18,3,902,1061,0,1,66,239,228,131,ATK@600,gauntlet/20260930-183700-scrim-g_iter1/losses/Strequals.duck0127v5__Decision__botA.bc24,Strequals.duck0127v5,0,g_iter1
A,g_iter1,1,2000,MORE_FLAG_CAPTURES,2,332,314,12,0,0,0,0,33,45,185,225,7,2,779,731,13,0,64,486,1416,315,ATK@600+HEAL@1200+CAP@1800,gauntlet/20260930-183700-scrim-g_iter1/replays/RyanAspen.v22__Mountain__botA.bc24,RyanAspen.v22,1,g_iter1
B,v22,0,2000,MORE_FLAG_CAPTURES,1,249,233,4,0,0,0,0,47,9,4190,370,0,34,550,137,0,0,89,272,315,1416,ATK@600+CAP@1200+HEAL@1800,gauntlet/20260930-183700-scrim-g_iter1/replays/RyanAspen.v22__Mountain__botA.bc24,RyanAspen.v22,0,g_iter1
A,g_iter1,1,1849,CAPTURE,3,811,365,27,0,0,0,0,10,44,210,230,8,0,1329,1584,12,0,54,226,977,353,ATK@600+HEAL@1200+CAP@1800,gauntlet/20260930-183700-scrim-g_iter1/replays/jonters.bling3__Alien__botA.bc24,jonters.bling3,1,g_iter1
B,bling3,0,1849,CAPTURE,1,300,230,8,0,0,0,0,10,16,2200,620,0,21,894,1472,36,0,0,139,353,977,ATK@600+HEAL@1200+CAP@1800,gauntlet/20260930-183700-scrim-g_iter1/replays/jonters.bling3__Alien__botA.bc24,jonters.bling3,0,g_iter1
A,cowards,0,621,CAPTURE,0,-1,488,11,0,0,0,0,19,13,1030,20,0,1,403,1480,55,0,0,59,70,234,,gauntlet/20260930-183700-scrim-g_iter1/replays/aj-chau.cowards__Occulus__botB.bc24,aj-chau.cowards,0,g_iter1
B,g_iter1,1,621,CAPTURE,3,307,212,12,0,0,0,0,14,36,205,245,5,20,1409,807,3,0,58,56,234,70,ATK@600,gauntlet/20260930-183700-scrim-g_iter1/replays/aj-chau.cowards__Occulus__botB.bc24,aj-chau.cowards,1,g_iter1
A,sprint1,0,619,CAPTURE,1,537,238,19,0,0,0,0,61,7,870,80,0,4,283,852,26,0,0,35,30,422,ATK@600,gauntlet/20260930-183700-scrim-g_iter1/replays/justinottesen.sprint1__Ambush__botB.bc24,justinottesen.sprint1,0,g_iter1
B,g_iter1,1,619,CAPTURE,3,253,206,10,0,0,0,0,43,29,165,285,4,29,1797,597,6,0,67,115,422,30,ATK@600,gauntlet/20260930-183700-scrim-g_iter1/replays/justinottesen.sprint1__Ambush__botB.bc24,justinottesen.sprint1,1,g_iter1
A,keyboardcrusader_v1,0,340,CAPTURE,0,-1,0,3,0,3,62,0,98,0,1660,3360,0,0,191,302,9,0,0,2,0,37,,gauntlet/20260930-183700-scrim-g_iter1/replays/H4ffliger.keyboardcrusader_v1__Funnel__botB.bc24,H4ffliger.keyboardcrusader_v1,0,g_iter1
B,g_iter1,1,340,CAPTURE,3,311,218,3,0,0,0,0,32,33,175,190,6,3,433,404,15,0,57,3,37,0,,gauntlet/20260930-183700-scrim-g_iter1/replays/H4ffliger.keyboardcrusader_v1__Funnel__botB.bc24,H4ffliger.keyboardcrusader_v1,1,g_iter1
A,duck8,0,1358,CAPTURE,2,229,211,13,0,0,0,0,29,37,20,40,3,25,880,1006,9,0,69,170,188,687,ATK@750,gauntlet/20260930-183700-scrim-g_iter1/replays/clbarrell.duck8__WheresMyWater__botB.bc24,clbarrell.duck8,0,g_iter1
B,g_iter1,1,1358,CAPTURE,3,323,273,4,0,0,0,0,47,33,150,170,5,0,1311,1331,8,0,58,270,687,188,ATK@600+HEAL@1200,gauntlet/20260930-183700-scrim-g_iter1/replays/clbarrell.duck8__WheresMyWater__botB.bc24,clbarrell.duck8,1,g_iter1
A,bc24scenario,0,1888,CAPTURE,0,-1,0,1,0,1,2,58,58,3,1000,1000,6,30,0,0,1,1,1,3,1,1432,ATK@600+HEAL@1200+CAP@1800,gauntlet/20260930-183700-scrim-g_iter1/replays/Metta-AI.bc24scenario__Tunnels__botB.bc24,Metta-AI.bc24scenario,0,g_iter1
B,g_iter1,1,1888,CAPTURE,3,1118,968,4,0,0,0,0,62,24,90,1475,3,26,0,0,6,0,49,231,1432,1,ATK@600+HEAL@1200+CAP@1800,gauntlet/20260930-183700-scrim-g_iter1/replays/Metta-AI.bc24scenario__Tunnels__botB.bc24,Metta-AI.bc24scenario,1,g_iter1
A,g_iter1,1,2000,LEVEL_SUM,0,-1,262,3,0,0,0,0,3,27,175,225,4,21,1117,1212,4,0,47,188,1345,229,ATK@600+HEAL@1200+CAP@1800,gauntlet/20260930-183700-scrim-g_iter1/replays/quesswho.cretplayer2_3__FloodGates__botA.bc24,quesswho.cretplayer2_3,1,g_iter1
B,cretplayer2_3,0,2000,LEVEL_SUM,0,-1,260,15,0,3,17,0,2,0,2840,620,0,22,801,1020,0,4,23,166,229,1345,ATK@600+HEAL@1200+CAP@1800,gauntlet/20260930-183700-scrim-g_iter1/replays/quesswho.cretplayer2_3__FloodGates__botA.bc24,quesswho.cretplayer2_3,0,g_iter1
A,v9,0,440,CAPTURE,0,-1,0,0,0,0,0,0,31,22,955,951,3,1,493,789,0,0,44,39,10,228,,gauntlet/20260930-183700-scrim-g_iter1/replays/TylerJulian.v9__Rivers__botB.bc24,TylerJulian.v9,0,g_iter1
B,g_iter1,1,440,CAPTURE,3,356,294,5,0,0,0,0,28,29,195,275,5,13,1716,823,2,0,63,45,228,10,,gauntlet/20260930-183700-scrim-g_iter1/replays/TylerJulian.v9__Rivers__botB.bc24,TylerJulian.v9,1,g_iter1
A,SimpleBot,0,401,CAPTURE,0,-1,0,0,0,0,0,0,0,0,2400,2900,0,18,0,0,0,0,0,0,0,264,,gauntlet/20260930-183700-scrim-g_iter1/replays/sayam-goyal.SimpleBot__StackGame__botB.bc24,sayam-goyal.SimpleBot,0,g_iter1
B,g_iter1,1,401,CAPTURE,3,262,220,3,0,0,0,0,31,51,155,435,9,3,1838,0,24,0,158,68,264,0,,gauntlet/20260930-183700-scrim-g_iter1/replays/sayam-goyal.SimpleBot__StackGame__botB.bc24,sayam-goyal.SimpleBot,1,g_iter1
A,funkyguy3,0,728,CAPTURE,1,407,295,23,0,0,0,0,44,117,43,13,7,13,71,391,84,0,51,151,46,509,ATK@600,gauntlet/20260930-183700-scrim-g_iter1/replays/lcforges.funkyguy3__Skyline__botB.bc24,lcforges.funkyguy3,0,g_iter1
B,g_iter1,1,728,CAPTURE,3,560,220,13,0,0,0,0,93,102,9335,298,9,4,1325,339,24,0,197,220,509,46,ATK@600,gauntlet/20260930-183700-scrim-g_iter1/replays/lcforges.funkyguy3__Skyline__botB.bc24,lcforges.funkyguy3,1,g_iter1
A,g_iter1,1,873,CAPTURE,3,347,233,14,0,0,0,0,11,61,663,253,10,30,1366,822,24,0,95,175,627,108,ATK@600,gauntlet/20260930-183700-scrim-g_iter1/replays/cViper971.ourplayer__Anchor__botA.bc24,cViper971.ourplayer,1,g_iter1
B,ourplayer,0,873,CAPTURE,0,-1,269,21,0,0,0,0,10,39,840,1110,3,11,310,426,75,0,0,82,108,627,ATK@600,gauntlet/20260930-183700-scrim-g_iter1/replays/cViper971.ourplayer__Anchor__botA.bc24,cViper971.ourplayer,0,g_iter1
A,dinoboxer,0,1531,CAPTURE,1,1018,599,5,0,0,0,0,30,36,20,30,1,3,237,220,36,1,7,95,79,620,ATK@600+CAP@1200,gauntlet/20260930-183700-scrim-g_iter1/replays/Peter-Fun.dinoboxer__HeMustBeFreed__botB.bc24,Peter-Fun.dinoboxer,0,g_iter1
B,g_iter1,1,1531,CAPTURE,3,766,385,26,0,0,0,0,107,15,80,105,2,7,425,369,10,0,26,230,620,79,ATK@600+HEAL@1200,gauntlet/20260930-183700-scrim-g_iter1/replays/Peter-Fun.dinoboxer__HeMustBeFreed__botB.bc24,Peter-Fun.dinoboxer,1,g_iter1
A,g_iter1,1,712,CAPTURE,3,399,221,12,0,0,0,0,13,77,675,265,12,6,955,746,24,0,80,130,202,69,ATK@600,gauntlet/20260930-183700-scrim-g_iter1/replays/aj-chau.cowards__Foxes__botA.bc24,aj-chau.cowards,1,g_iter1
B,cowards,0,712,CAPTURE,0,-1,618,7,0,0,0,0,21,24,4490,140,2,14,195,1093,56,0,0,70,69,202,,gauntlet/20260930-183700-scrim-g_iter1/replays/aj-chau.cowards__Foxes__botA.bc24,aj-chau.cowards,0,g_iter1
A,g_iter1,1,1995,CAPTURE,3,817,286,65,0,0,0,0,68,2,60,40,0,20,1066,1064,1,0,17,319,1237,193,ATK@600+HEAL@1200+CAP@1800,gauntlet/20260930-183700-scrim-g_iter1/replays/SampleProvider.TSPAARKSPRINT1__Racetrack__botA.bc24,SampleProvider.TSPAARKSPRINT1,1,g_iter1
B,TSPAARKSPRINT1,0,1995,CAPTURE,2,765,577,46,0,3,34,0,79,0,30,20,0,1,662,1513,0,0,0,47,193,1237,ATK@600+CAP@1200+HEAL@1800,gauntlet/20260930-183700-scrim-g_iter1/replays/SampleProvider.TSPAARKSPRINT1__Racetrack__botA.bc24,SampleProvider.TSPAARKSPRINT1,0,g_iter1
A,turtle,0,2000,MORE_FLAG_CAPTURES,0,-1,0,3,0,3,0,0,0,3,4400,80,0,9,183,340,29,0,0,14,21,1586,HEAL@600+ATK@1200,gauntlet/20260930-183700-scrim-g_iter1/replays/andrearante12.turtle__MazeRunner__botB.bc24,andrearante12.turtle,0,g_iter1
B,g_iter1,1,2000,MORE_FLAG_CAPTURES,2,658,423,7,0,0,0,0,75,21,30,150,3,3,411,322,23,0,56,229,1586,21,ATK@600+HEAL@1200+CAP@1800,gauntlet/20260930-183700-scrim-g_iter1/replays/andrearante12.turtle__MazeRunner__botB.bc24,andrearante12.turtle,1,g_iter1
A,polyv4,0,527,CAPTURE,0,-1,0,0,0,0,0,0,13,26,6490,12540,3,10,114,70,3,0,83,86,6,403,,gauntlet/20260930-183700-scrim-g_iter1/replays/polyllc.polyv4__SteamboatMickey__botB.bc24,polyllc.polyv4,0,g_iter1
B,g_iter1,1,527,CAPTURE,3,409,230,9,0,0,0,0,10,74,695,285,11,3,1773,203,25,0,148,128,403,6,,gauntlet/20260930-183700-scrim-g_iter1/replays/polyllc.polyv4__SteamboatMickey__botB.bc24,polyllc.polyv4,1,g_iter1
A,g_iter1,1,2000,MORE_FLAG_CAPTURES,1,1657,351,60,0,0,0,0,65,37,200,270,6,14,1221,853,6,0,51,391,1072,182,ATK@600+HEAL@1200+CAP@1800,gauntlet/20260930-183700-scrim-g_iter1/replays/reeceyang.v5__GravitationalWaves__botA.bc24,reeceyang.v5,1,g_iter1
B,v5,0,2000,MORE_FLAG_CAPTURES,0,-1,307,2,0,0,0,0,68,21,20,10,2,9,497,1222,24,0,0,118,182,1072,ATK@600+CAP@1200+HEAL@1800,gauntlet/20260930-183700-scrim-g_iter1/replays/reeceyang.v5__GravitationalWaves__botA.bc24,reeceyang.v5,0,g_iter1
A,MPAttack,0,501,RESIGNATION,0,-1,0,0,0,0,0,0,24,12,180,160,0,0,419,223,21,0,0,10,34,138,,gauntlet/20260930-183700-scrim-g_iter1/replays/itswin.MPAttack__TreeSearch__botB.bc24,itswin.MPAttack,0,g_iter1
B,g_iter1,1,501,RESIGNATION,2,364,254,7,0,0,0,0,73,26,180,260,4,11,575,682,15,0,76,48,138,34,,gauntlet/20260930-183700-scrim-g_iter1/replays/itswin.MPAttack__TreeSearch__botB.bc24,itswin.MPAttack,1,g_iter1
A,tx,0,661,CAPTURE,0,-1,0,0,0,0,0,0,0,0,3100,3600,0,14,0,0,0,0,0,0,0,298,,gauntlet/20260930-183700-scrim-g_iter1/replays/PerishoJ.tx__DefaultLarge__botB.bc24,PerishoJ.tx,0,g_iter1
B,g_iter1,1,661,CAPTURE,3,380,235,3,0,0,0,0,45,23,150,160,3,3,1397,0,24,0,124,24,298,0,ATK@600,gauntlet/20260930-183700-scrim-g_iter1/replays/PerishoJ.tx__DefaultLarge__botB.bc24,PerishoJ.tx,1,g_iter1
A,combustiblelemon,0,488,CAPTURE,0,-1,0,3,0,3,14,0,0,11,200,100,0,7,295,96,27,0,0,7,8,108,,gauntlet/20260930-183700-scrim-g_iter1/replays/samithShetty.combustiblelemon__Puzzle__botB.bc24,samithShetty.combustiblelemon,0,g_iter1
B,g_iter1,1,488,CAPTURE,3,269,217,3,0,0,0,0,5,21,180,1449,3,3,750,705,24,0,144,52,108,8,,gauntlet/20260930-183700-scrim-g_iter1/replays/samithShetty.combustiblelemon__Puzzle__botB.bc24,samithShetty.combustiblelemon,1,g_iter1
A,v11,0,2000,MORE_FLAG_CAPTURES,0,-1,0,0,0,0,0,0,23,42,10,510,3,22,476,718,0,3,56,205,91,2114,ATK@600+HEAL@1200+CAP@1800,gauntlet/20260930-183700-scrim-g_iter1/replays/JeffLegendPower.v11__EndAround__botB.bc24,JeffLegendPower.v11,0,g_iter1
B,g_iter1,1,2000,MORE_FLAG_CAPTURES,1,955,762,5,0,0,0,0,64,22,135,195,3,3,790,859,14,0,61,405,2114,91,ATK@600+HEAL@1200+CAP@1800,gauntlet/20260930-183700-scrim-g_iter1/replays/JeffLegendPower.v11__EndAround__botB.bc24,JeffLegendPower.v11,1,g_iter1
A,g_iter1,1,1558,CAPTURE,3,523,221,14,0,0,0,0,68,38,155,200,7,2,996,358,13,0,47,391,906,44,ATK@600+HEAL@1200,gauntlet/20260930-183700-scrim-g_iter1/replays/justinottesen.sprint1__Hurricane__botA.bc24,justinottesen.sprint1,1,g_iter1
B,sprint1,0,1558,CAPTURE,1,1221,210,40,0,0,0,0,155,10,70,30,1,3,177,723,12,0,0,53,44,906,ATK@600,gauntlet/20260930-183700-scrim-g_iter1/replays/justinottesen.sprint1__Hurricane__botA.bc24,justinottesen.sprint1,0,g_iter1
A,turtle,0,2000,MORE_FLAG_CAPTURES,0,-1,0,3,0,3,0,0,0,2,4200,46,0,30,374,843,33,0,0,11,65,1548,HEAL@600+ATK@1200,gauntlet/20260930-183700-scrim-g_iter1/replays/andrearante12.turtle__Funnel__botB.bc24,andrearante12.turtle,0,g_iter1
B,g_iter1,1,2000,MORE_FLAG_CAPTURES,2,947,253,2,0,0,0,0,26,34,170,40,6,3,1065,753,23,0,65,503,1548,65,ATK@600+HEAL@1200+CAP@1800,gauntlet/20260930-183700-scrim-g_iter1/replays/andrearante12.turtle__Funnel__botB.bc24,andrearante12.turtle,1,g_iter1
A,g_iter1,1,432,CAPTURE,3,273,239,3,0,0,0,0,40,20,290,35,2,3,1083,958,21,0,33,16,177,15,,gauntlet/20260930-183700-scrim-g_iter1/replays/dylanconklin.Team3__Fountain__botA.bc24,dylanconklin.Team3,1,g_iter1
B,Team3,0,432,CAPTURE,0,-1,0,3,0,3,0,0,45,14,36,156,1,6,301,70,25,0,0,19,15,177,,gauntlet/20260930-183700-scrim-g_iter1/replays/dylanconklin.Team3__Fountain__botA.bc24,dylanconklin.Team3,0,g_iter1
A,flagbot_final,0,1845,CAPTURE,1,509,399,8,0,3,17,90,107,3,35,195,18,3,1172,1727,0,0,75,344,556,117,ATK@600+HEAL@1200+CAP@1800,gauntlet/20260930-183700-scrim-g_iter1/replays/chenyx512.flagbot_final__Funnel__botB.bc24,chenyx512.flagbot_final,0,g_iter1
B,g_iter1,1,1845,CAPTURE,3,1167,398,16,0,0,0,0,35,29,175,150,5,4,969,1540,9,0,55,149,117,556,ATK@600+HEAL@1200+CAP@1800,gauntlet/20260930-183700-scrim-g_iter1/replays/chenyx512.flagbot_final__Funnel__botB.bc24,chenyx512.flagbot_final,1,g_iter1
A,crayBasic,0,719,CAPTURE,0,-1,213,15,0,0,0,0,0,0,2400,2930,0,7,656,13,0,0,0,0,11,718,,gauntlet/20260930-183700-scrim-g_iter1/replays/abdullah8a0.crayBasic__Battlefield__botB.bc24,abdullah8a0.crayBasic,0,g_iter1
B,g_iter1,1,719,CAPTURE,3,407,376,5,0,0,0,0,28,47,275,270,8,38,1853,1217,8,0,72,156,718,11,ATK@600,gauntlet/20260930-183700-scrim-g_iter1/replays/abdullah8a0.crayBasic__Battlefield__botB.bc24,abdullah8a0.crayBasic,1,g_iter1
A,g_iter1,1,1878,CAPTURE,3,1743,1620,15,0,0,0,0,12,19,120,220,3,31,1363,1367,1,0,99,320,1167,255,ATK@600+HEAL@1200+CAP@1800,gauntlet/20260930-183700-scrim-g_iter1/replays/qpwoeirut.tournament_sprint1__GaltonBoard__botA.bc24,qpwoeirut.tournament_sprint1,1,g_iter1
B,tournament_sprint1,0,1878,CAPTURE,0,-1,0,0,0,0,0,0,9,0,2130,330,0,5,620,1840,42,0,0,170,255,1167,ATK@600+HEAL@1200,gauntlet/20260930-183700-scrim-g_iter1/replays/qpwoeirut.tournament_sprint1__GaltonBoard__botA.bc24,qpwoeirut.tournament_sprint1,0,g_iter1
A,g_iter1,1,1124,CAPTURE,3,264,248,10,0,0,0,0,94,49,155,265,9,7,1025,397,21,0,64,213,778,56,ATK@600,gauntlet/20260930-183700-scrim-g_iter1/replays/cViper971.ourplayer__Klein__botA.bc24,cViper971.ourplayer,1,g_iter1
B,ourplayer,0,1124,CAPTURE,0,-1,245,26,0,0,0,0,21,19,30,30,2,16,203,759,29,0,0,63,56,778,ATK@600,gauntlet/20260930-183700-scrim-g_iter1/replays/cViper971.ourplayer__Klein__botA.bc24,cViper971.ourplayer,0,g_iter1
A,g_iter1,1,2000,MORE_FLAG_CAPTURES,2,254,210,5,0,0,0,0,16,31,145,235,5,3,898,56,24,0,98,0,665,5,ATK@600+HEAL@1200+CAP@1800,gauntlet/20260930-183700-scrim-g_iter1/replays/lukerhoads.warrior_2nd_comp__AceOfSpades__botA.bc24,lukerhoads.warrior_2nd_comp,1,g_iter1
B,warrior_2nd_comp,0,2000,MORE_FLAG_CAPTURES,0,-1,0,3,0,3,56,0,0,14,1800,2300,1,12,0,0,10,2,2,12,5,665,ATK@750+CAP@1500,gauntlet/20260930-183700-scrim-g_iter1/replays/lukerhoads.warrior_2nd_comp__AceOfSpades__botA.bc24,lukerhoads.warrior_2nd_comp,0,g_iter1
A,moveBot1,0,492,CAPTURE,0,-1,0,0,0,0,0,0,32,30,560,380,5,23,291,319,45,0,0,44,53,246,,gauntlet/20260930-183700-scrim-g_iter1/replays/adamseth2.moveBot1__StackGame__botB.bc24,adamseth2.moveBot1,0,g_iter1
B,g_iter1,1,492,CAPTURE,3,376,295,5,0,0,0,0,35,52,130,180,10,3,1243,892,24,0,82,58,246,53,,gauntlet/20260930-183700-scrim-g_iter1/replays/adamseth2.moveBot1__StackGame__botB.bc24,adamseth2.moveBot1,1,g_iter1
A,g_iter1,1,305,CAPTURE,3,233,207,3,0,0,0,0,35,30,185,165,4,8,464,228,7,0,53,0,66,10,,gauntlet/20260930-183700-scrim-g_iter1/replays/Lithanium.AttackingBot__Ambush__botA.bc24,Lithanium.AttackingBot,1,g_iter1
B,AttackingBot,0,305,CAPTURE,0,-1,0,0,0,0,0,0,70,3,2000,380,0,0,11,0,18,0,0,11,10,66,,gauntlet/20260930-183700-scrim-g_iter1/replays/Lithanium.AttackingBot__Ambush__botA.bc24,Lithanium.AttackingBot,0,g_iter1
A,g_iter1,1,889,CAPTURE,3,370,320,7,0,0,0,0,42,20,220,100,2,21,620,569,8,0,30,61,397,35,ATK@600,gauntlet/20260930-183700-scrim-g_iter1/replays/MiloAkerman.v1__Fountain__botA.bc24,MiloAkerman.v1,1,g_iter1
B,v1,0,889,CAPTURE,0,-1,0,0,0,0,0,0,72,3,1340,2040,0,5,295,271,14,0,0,20,35,397,,gauntlet/20260930-183700-scrim-g_iter1/replays/MiloAkerman.v1__Fountain__botA.bc24,MiloAkerman.v1,0,g_iter1
A,Bot21,0,1030,CAPTURE,1,311,226,28,11,3,3,61,85,32,13,33,12,8,719,718,0,0,42,108,161,570,ATK@601,gauntlet/20260930-183700-scrim-g_iter1/replays/HugoIngelsson.Bot21__Swoop__botB.bc24,HugoIngelsson.Bot21,0,g_iter1
B,g_iter1,1,1030,CAPTURE,3,703,247,25,0,0,0,0,66,39,130,240,6,0,1158,796,11,0,65,223,570,161,ATK@600,gauntlet/20260930-183700-scrim-g_iter1/replays/HugoIngelsson.Bot21__Swoop__botB.bc24,HugoIngelsson.Bot21,1,g_iter1
A,g_iter1,1,353,CAPTURE,3,263,217,3,0,0,0,0,13,111,2825,285,12,0,894,618,24,0,153,118,131,3,,gauntlet/20260930-183700-scrim-g_iter1/replays/VarunVejalla.alexander__CH3353C4K3F4CT0RY__botA.bc24,VarunVejalla.alexander,1,g_iter1
B,alexander,0,353,CAPTURE,0,-1,288,8,0,3,25,0,0,0,4600,7400,0,5,349,115,0,0,0,0,3,131,,gauntlet/20260930-183700-scrim-g_iter1/replays/VarunVejalla.alexander__CH3353C4K3F4CT0RY__botA.bc24,VarunVejalla.alexander,0,g_iter1
A,Goob_final,0,1854,CAPTURE,2,481,224,15,0,0,0,0,127,0,4390,80,0,6,1161,868,0,0,66,315,503,1183,ATK@600+HEAL@1200+CAP@1800,gauntlet/20260930-183700-scrim-g_iter1/replays/ColtG5.Goob_final__Islands__botB.bc24,ColtG5.Goob_final,0,g_iter1
B,g_iter1,1,1854,CAPTURE,3,1611,1554,7,0,0,0,0,65,53,225,270,9,10,1337,1695,14,0,66,303,1183,503,ATK@600+HEAL@1200+CAP@1800,gauntlet/20260930-183700-scrim-g_iter1/replays/ColtG5.Goob_final__Islands__botB.bc24,ColtG5.Goob_final,1,g_iter1
A,Bot21,0,814,CAPTURE,0,-1,0,3,0,3,3,60,52,14,37,17,12,6,800,1027,3,0,25,60,63,575,ATK@601,gauntlet/20260930-183700-scrim-g_iter1/replays/HugoIngelsson.Bot21__Rivers__botB.bc24,HugoIngelsson.Bot21,0,g_iter1
B,g_iter1,1,814,CAPTURE,3,563,493,6,0,0,0,0,33,28,145,215,4,18,1402,1295,3,0,56,134,575,63,ATK@600,gauntlet/20260930-183700-scrim-g_iter1/replays/HugoIngelsson.Bot21__Rivers__botB.bc24,HugoIngelsson.Bot21,1,g_iter1
A,Sprint2,0,667,CAPTURE,0,-1,0,0,0,0,0,0,151,0,5470,90,0,16,138,595,27,10,13,55,14,416,ATK@600,gauntlet/20260930-183700-scrim-g_iter1/replays/tlevietpdx.Sprint2__Battlecode24__botB.bc24,tlevietpdx.Sprint2,0,g_iter1
B,g_iter1,1,667,CAPTURE,3,327,225,4,0,0,0,0,58,95,2395,265,12,5,1547,545,24,0,274,289,416,14,ATK@600,gauntlet/20260930-183700-scrim-g_iter1/replays/tlevietpdx.Sprint2__Battlecode24__botB.bc24,tlevietpdx.Sprint2,1,g_iter1
A,g_iter1,1,468,CAPTURE,3,380,258,4,0,0,0,0,35,25,125,130,4,3,1182,431,22,0,63,5,269,10,,gauntlet/20260930-183700-scrim-g_iter1/replays/Lithanium.AttackingBot__OceanFloor__botA.bc24,Lithanium.AttackingBot,1,g_iter1
B,AttackingBot,0,468,CAPTURE,0,-1,0,0,0,0,0,0,92,0,1040,180,0,11,18,0,15,0,0,15,10,269,,gauntlet/20260930-183700-scrim-g_iter1/replays/Lithanium.AttackingBot__OceanFloor__botA.bc24,Lithanium.AttackingBot,0,g_iter1
A,g_iter1,1,783,CAPTURE,3,262,234,6,0,0,0,0,32,44,195,130,8,3,651,365,20,0,75,143,414,12,ATK@600,gauntlet/20260930-183700-scrim-g_iter1/replays/SriLakshmiPolavarapu.ducks__Mountain__botA.bc24,SriLakshmiPolavarapu.ducks,1,g_iter1
B,ducks,0,783,CAPTURE,0,-1,0,3,0,3,14,0,0,30,200,100,0,13,40,0,40,0,0,40,12,414,,gauntlet/20260930-183700-scrim-g_iter1/replays/SriLakshmiPolavarapu.ducks__Mountain__botA.bc24,SriLakshmiPolavarapu.ducks,0,g_iter1
A,v22,0,354,CAPTURE,1,281,224,7,0,0,0,0,61,38,1070,80,0,12,458,374,0,0,58,54,20,103,,gauntlet/20260930-183700-scrim-g_iter1/replays/RyanAspen.v22__Swoop__botB.bc24,RyanAspen.v22,0,g_iter1
B,g_iter1,1,354,CAPTURE,3,300,238,4,0,0,0,0,64,41,145,265,7,3,798,603,10,0,72,45,103,20,,gauntlet/20260930-183700-scrim-g_iter1/replays/RyanAspen.v22__Swoop__botB.bc24,RyanAspen.v22,1,g_iter1
A,g_iter1,1,564,CAPTURE,3,347,226,6,0,0,0,0,15,24,205,105,4,3,606,365,4,0,50,8,120,17,,gauntlet/20260930-183700-scrim-g_iter1/replays/AlexYu84.smartPlayer__Digging__botA.bc24,AlexYu84.smartPlayer,1,g_iter1
B,smartPlayer,0,564,CAPTURE,0,-1,0,3,0,3,17,0,8,14,120,20,1,15,108,43,25,13,0,36,17,120,,gauntlet/20260930-183700-scrim-g_iter1/replays/AlexYu84.smartPlayer__Digging__botA.bc24,AlexYu84.smartPlayer,0,g_iter1
A,g_iter1,1,2000,MORE_FLAG_CAPTURES,2,415,226,4,0,0,0,0,164,89,627,248,12,3,1625,839,24,0,353,493,3107,14,ATK@600+HEAL@1200+CAP@1800,gauntlet/20260930-183700-scrim-g_iter1/replays/neilhuang007.baseline__Snake__botA.bc24,neilhuang007.baseline,1,g_iter1
B,baseline,0,2000,MORE_FLAG_CAPTURES,0,-1,0,0,0,0,0,0,218,6,7760,16710,0,6,467,969,0,0,6,6,14,3107,CAP@602+ATK@1211+HEAL@1807,gauntlet/20260930-183700-scrim-g_iter1/replays/neilhuang007.baseline__Snake__botA.bc24,neilhuang007.baseline,0,g_iter1
A,g_iter1,1,837,CAPTURE,3,729,266,9,0,0,0,0,63,23,175,245,4,25,1513,868,6,0,46,130,712,41,ATK@600,gauntlet/20260930-183700-scrim-g_iter1/replays/neilhuang007.baseline__TwistedTreeline__botA.bc24,neilhuang007.baseline,1,g_iter1
B,baseline,0,837,CAPTURE,0,-1,538,2,0,0,0,0,80,4,2000,2230,0,2,634,1096,0,0,4,3,41,712,CAP@602,gauntlet/20260930-183700-scrim-g_iter1/replays/neilhuang007.baseline__TwistedTreeline__botA.bc24,neilhuang007.baseline,0,g_iter1
A,g_iter1,1,610,CAPTURE,3,398,272,9,0,0,0,0,80,16,205,165,2,3,827,758,5,0,46,49,154,10,ATK@600,gauntlet/20260930-183700-scrim-g_iter1/replays/Peter-Fun.dinoboxer__Decision__botA.bc24,Peter-Fun.dinoboxer,1,g_iter1
B,dinoboxer,0,610,CAPTURE,0,-1,430,5,0,0,0,0,0,16,200,30,0,12,392,480,16,0,12,30,10,154,ATK@600,gauntlet/20260930-183700-scrim-g_iter1/replays/Peter-Fun.dinoboxer__Decision__botA.bc24,Peter-Fun.dinoboxer,0,g_iter1
A,g_iter1,1,544,CAPTURE,3,353,284,5,0,0,0,0,0,43,200,80,7,2,860,1169,7,0,42,44,158,123,,gauntlet/20260930-183700-scrim-g_iter1/replays/jmerle.camel_case_v21_final__BedWars__botA.bc24,jmerle.camel_case_v21_final,1,g_iter1
B,camel_case_v21_final,0,544,CAPTURE,2,326,298,8,0,0,0,0,0,0,4800,980,0,12,1121,351,0,0,41,47,123,158,,gauntlet/20260930-183700-scrim-g_iter1/replays/jmerle.camel_case_v21_final__BedWars__botA.bc24,jmerle.camel_case_v21_final,0,g_iter1
A,ducks,0,325,CAPTURE,0,-1,0,3,0,3,0,0,0,26,200,100,0,0,22,0,33,0,0,19,6,72,,gauntlet/20260930-183700-scrim-g_iter1/replays/SriLakshmiPolavarapu.ducks__StackGame__botB.bc24,SriLakshmiPolavarapu.ducks,0,g_iter1
B,g_iter1,1,325,CAPTURE,3,298,240,3,0,0,0,0,32,53,150,320,9,6,562,462,24,0,68,13,72,6,,gauntlet/20260930-183700-scrim-g_iter1/replays/SriLakshmiPolavarapu.ducks__StackGame__botB.bc24,SriLakshmiPolavarapu.ducks,1,g_iter1
A,g_iter1,1,2000,MORE_FLAG_CAPTURES,2,360,253,3,0,0,0,0,72,22,40,295,3,3,500,0,23,0,62,7,2426,0,ATK@600+HEAL@1200+CAP@1800,gauntlet/20260930-183700-scrim-g_iter1/replays/sivakovivan.NewHide__MazeRunner__botA.bc24,sivakovivan.NewHide,1,g_iter1
B,NewHide,0,2000,MORE_FLAG_CAPTURES,0,-1,0,0,0,0,0,0,0,50,20,20,1,35,0,4,0,0,70,87,0,2426,HEAL@600,gauntlet/20260930-183700-scrim-g_iter1/replays/sivakovivan.NewHide__MazeRunner__botA.bc24,sivakovivan.NewHide,0,g_iter1
A,Sprint2,0,514,CAPTURE,0,-1,0,0,0,0,0,0,36,0,15820,70,0,11,238,328,58,26,24,103,36,267,,gauntlet/20260930-183700-scrim-g_iter1/replays/tlevietpdx.Sprint2__Joker__botB.bc24,tlevietpdx.Sprint2,0,g_iter1
B,g_iter1,1,514,CAPTURE,3,368,224,6,0,0,0,0,4,113,4260,240,12,5,1454,710,24,0,229,144,267,36,,gauntlet/20260930-183700-scrim-g_iter1/replays/tlevietpdx.Sprint2__Joker__botB.bc24,tlevietpdx.Sprint2,1,g_iter1
A,bling3,0,953,CAPTURE,1,765,239,9,0,0,0,0,98,14,160,340,0,6,853,1235,19,0,7,49,112,409,ATK@600,gauntlet/20260930-183700-scrim-g_iter1/replays/jonters.bling3__QueenOfHearts__botB.bc24,jonters.bling3,0,g_iter1
B,g_iter1,1,953,CAPTURE,3,598,235,15,0,0,0,0,70,27,180,280,5,0,1177,1481,12,0,47,178,409,112,ATK@600,gauntlet/20260930-183700-scrim-g_iter1/replays/jonters.bling3__QueenOfHearts__botB.bc24,jonters.bling3,1,g_iter1
A,smartPlayer,0,645,CAPTURE,0,-1,0,9,0,9,15,0,16,18,40,70,2,17,114,13,25,11,0,35,21,151,,gauntlet/20260930-183700-scrim-g_iter1/replays/AlexYu84.smartPlayer__SteamboatMickey__botB.bc24,AlexYu84.smartPlayer,0,g_iter1
B,g_iter1,1,645,CAPTURE,3,316,212,4,0,0,0,0,5,76,660,720,11,3,573,383,24,0,170,90,151,21,ATK@600,gauntlet/20260930-183700-scrim-g_iter1/replays/AlexYu84.smartPlayer__SteamboatMickey__botB.bc24,AlexYu84.smartPlayer,1,g_iter1
A,duck8,0,2000,MORE_FLAG_CAPTURES,0,-1,649,10,0,0,0,0,34,33,100,80,3,4,1007,1493,3,0,75,186,176,831,ATK@750+HEAL@1500,gauntlet/20260930-183700-scrim-g_iter1/replays/clbarrell.duck8__Funnel__botB.bc24,clbarrell.duck8,0,g_iter1
B,g_iter1,1,2000,MORE_FLAG_CAPTURES,2,743,576,5,0,0,0,0,46,28,170,110,4,4,1125,1544,7,0,56,295,831,176,ATK@600+HEAL@1200+CAP@1800,gauntlet/20260930-183700-scrim-g_iter1/replays/clbarrell.duck8__Funnel__botB.bc24,clbarrell.duck8,1,g_iter1
A,g_iter1,1,384,CAPTURE,3,219,209,4,0,0,0,0,0,44,170,235,7,3,1381,694,23,0,82,26,196,29,,gauntlet/20260930-183700-scrim-g_iter1/replays/joelcrouch.ducks__Yinyang__botA.bc24,joelcrouch.ducks,1,g_iter1
B,ducks,0,384,CAPTURE,0,-1,0,3,0,3,13,0,0,26,100,200,0,0,48,0,35,0,0,29,29,196,,gauntlet/20260930-183700-scrim-g_iter1/replays/joelcrouch.ducks__Yinyang__botA.bc24,joelcrouch.ducks,0,g_iter1
A,cretplayer2_3,0,1552,CAPTURE,1,351,243,29,0,3,13,0,23,0,5010,980,0,3,1057,747,0,3,51,163,222,1303,ATK@600+HEAL@1200,gauntlet/20260930-183700-scrim-g_iter1/replays/quesswho.cretplayer2_3__Hockey__botB.bc24,quesswho.cretplayer2_3,0,g_iter1
B,g_iter1,1,1552,CAPTURE,3,1121,443,11,0,0,0,0,23,42,165,215,7,0,1325,1399,12,0,60,346,1303,222,ATK@600+HEAL@1200,gauntlet/20260930-183700-scrim-g_iter1/replays/quesswho.cretplayer2_3__Hockey__botB.bc24,quesswho.cretplayer2_3,1,g_iter1
A,g_iter1,1,997,CAPTURE,3,715,276,8,0,0,0,0,48,60,625,275,10,0,771,866,24,0,108,173,168,163,ATK@600,gauntlet/20260930-183700-scrim-g_iter1/replays/CyrilSharma.finalBot__MIT__botA.bc24,CyrilSharma.finalBot,1,g_iter1
B,finalBot,0,997,CAPTURE,2,339,289,13,0,0,0,55,21,0,8012,41098,11,12,714,848,0,0,109,294,163,168,ATK@600,gauntlet/20260930-183700-scrim-g_iter1/replays/CyrilSharma.finalBot__MIT__botA.bc24,CyrilSharma.finalBot,0,g_iter1
A,bc24scenario,0,347,CAPTURE,0,-1,0,1,0,1,3,58,58,3,400,400,6,10,80,35,1,1,1,3,1,147,,gauntlet/20260930-183700-scrim-g_iter1/replays/Metta-AI.bc24scenario__Alligator__botB.bc24,Metta-AI.bc24scenario,0,g_iter1
B,g_iter1,1,347,CAPTURE,3,285,241,4,0,0,0,0,53,31,110,230,5,5,1075,165,24,0,112,21,147,1,,gauntlet/20260930-183700-scrim-g_iter1/replays/Metta-AI.bc24scenario__Alligator__botB.bc24,Metta-AI.bc24scenario,1,g_iter1
A,moveBot1,0,484,CAPTURE,0,-1,0,0,0,0,0,0,31,20,690,210,3,16,179,233,31,0,0,21,17,240,,gauntlet/20260930-183700-scrim-g_iter1/replays/adamseth2.moveBot1__WheresMyWater__botB.bc24,adamseth2.moveBot1,0,g_iter1
B,g_iter1,1,484,CAPTURE,3,253,225,3,0,0,0,0,61,27,150,200,4,3,1110,498,16,0,77,43,240,17,,gauntlet/20260930-183700-scrim-g_iter1/replays/adamseth2.moveBot1__WheresMyWater__botB.bc24,adamseth2.moveBot1,1,g_iter1
A,v5,0,958,CAPTURE,0,-1,238,10,0,0,0,0,71,27,10,160,3,6,536,674,45,0,0,52,112,636,ATK@600,gauntlet/20260930-183700-scrim-g_iter1/replays/reeceyang.v5__BigDucksBigPond__botB.bc24,reeceyang.v5,0,g_iter1
B,g_iter1,1,958,CAPTURE,3,448,304,18,0,0,0,0,98,35,200,295,5,9,1552,894,13,0,77,208,636,112,ATK@600,gauntlet/20260930-183700-scrim-g_iter1/replays/reeceyang.v5__BigDucksBigPond__botB.bc24,reeceyang.v5,1,g_iter1
A,ExplosiveBot,0,1292,CAPTURE,0,-1,259,50,27,0,0,0,0,15,2100,180,0,13,576,525,26,0,13,78,141,717,ATK@600+HEAL@1200,gauntlet/20260930-183700-scrim-g_iter1/replays/awu7.ExplosiveBot__Valentine__botB.bc24,awu7.ExplosiveBot,0,g_iter1
B,g_iter1,1,1292,CAPTURE,3,930,551,8,0,0,0,0,0,37,180,60,7,13,883,1060,8,0,62,177,717,141,ATK@600+HEAL@1200,gauntlet/20260930-183700-scrim-g_iter1/replays/awu7.ExplosiveBot__Valentine__botB.bc24,awu7.ExplosiveBot,1,g_iter1
A,NewHide,0,378,CAPTURE,0,-1,0,0,0,0,0,0,0,44,100,10,1,15,68,8,0,0,63,45,0,160,,gauntlet/20260930-183700-scrim-g_iter1/replays/sivakovivan.NewHide__Ambush__botB.bc24,sivakovivan.NewHide,0,g_iter1
B,g_iter1,1,378,CAPTURE,3,268,210,3,0,0,0,0,34,29,205,165,4,21,1141,122,18,0,71,2,160,0,,gauntlet/20260930-183700-scrim-g_iter1/replays/sivakovivan.NewHide__Ambush__botB.bc24,sivakovivan.NewHide,1,g_iter1
A,g_iter1,1,1044,CAPTURE,3,502,231,7,0,0,0,0,65,89,709,299,12,3,1348,20,25,0,241,317,926,4,ATK@600,gauntlet/20260930-183700-scrim-g_iter1/replays/polyllc.polyv4__Battlecode24__botA.bc24,polyllc.polyv4,1,g_iter1
B,polyv4,0,1044,CAPTURE,0,-1,0,0,0,0,0,0,80,24,6090,9990,3,20,17,190,0,0,47,60,4,926,HEAL@600,gauntlet/20260930-183700-scrim-g_iter1/replays/polyllc.polyv4__Battlecode24__botA.bc24,polyllc.polyv4,0,g_iter1
A,g_iter1,1,413,CAPTURE,3,277,240,3,0,0,0,0,42,20,220,240,4,3,1851,0,23,0,68,22,279,0,,gauntlet/20260930-183700-scrim-g_iter1/replays/sayam-goyal.SimpleBot__Fountain__botA.bc24,sayam-goyal.SimpleBot,1,g_iter1
B,SimpleBot,0,413,CAPTURE,0,-1,0,0,0,0,0,0,0,0,2400,2900,0,0,0,0,0,0,0,0,0,279,,gauntlet/20260930-183700-scrim-g_iter1/replays/sayam-goyal.SimpleBot__Fountain__botA.bc24,sayam-goyal.SimpleBot,0,g_iter1
A,TSPAARKSPRINT1,0,2000,MORE_FLAG_CAPTURES,0,-1,236,21,0,3,0,0,29,2,8830,6200,0,7,458,957,43,19,0,101,197,368,ATK@600+CAP@1200+HEAL@1800,gauntlet/20260930-183700-scrim-g_iter1/replays/SampleProvider.TSPAARKSPRINT1__Foxes__botB.bc24,SampleProvider.TSPAARKSPRINT1,0,g_iter1
B,g_iter1,1,2000,MORE_FLAG_CAPTURES,2,643,221,53,0,0,0,0,17,76,655,285,12,0,662,904,24,0,77,311,368,197,ATK@600+HEAL@1200+CAP@1800,gauntlet/20260930-183700-scrim-g_iter1/replays/SampleProvider.TSPAARKSPRINT1__Foxes__botB.bc24,SampleProvider.TSPAARKSPRINT1,1,g_iter1
A,combustiblelemon,0,794,CAPTURE,0,-1,0,3,0,3,15,0,0,19,100,200,0,1,324,72,29,0,0,22,38,305,,gauntlet/20260930-183700-scrim-g_iter1/replays/samithShetty.combustiblelemon__Fountain__botB.bc24,samithShetty.combustiblelemon,0,g_iter1
B,g_iter1,1,794,CAPTURE,3,274,225,12,0,0,0,0,41,20,270,80,3,4,754,624,19,0,24,49,305,38,ATK@600,gauntlet/20260930-183700-scrim-g_iter1/replays/samithShetty.combustiblelemon__Fountain__botB.bc24,samithShetty.combustiblelemon,1,g_iter1
A,v9,0,1025,CAPTURE,0,-1,225,9,0,0,0,0,30,24,985,985,4,0,521,894,0,0,53,139,64,660,ATK@605,gauntlet/20260930-183700-scrim-g_iter1/replays/TylerJulian.v9__KingQuacksCastle__botB.bc24,TylerJulian.v9,0,g_iter1
B,g_iter1,1,1025,CAPTURE,3,262,218,7,0,0,0,0,33,27,170,280,4,0,961,669,3,0,68,138,660,64,ATK@600,gauntlet/20260930-183700-scrim-g_iter1/replays/TylerJulian.v9__KingQuacksCastle__botB.bc24,TylerJulian.v9,1,g_iter1
A,g_iter1,1,769,CAPTURE,3,454,248,8,0,0,0,0,49,59,225,325,10,3,349,294,24,0,60,66,199,30,ATK@600,gauntlet/20260930-183700-scrim-g_iter1/replays/Rubrasum.version_3__Rainbow__botA.bc24,Rubrasum.version_3,1,g_iter1
B,version_3,0,769,CAPTURE,0,-1,0,3,0,3,16,0,0,40,200,100,0,13,128,0,50,0,0,31,30,199,ATK@600,gauntlet/20260930-183700-scrim-g_iter1/replays/Rubrasum.version_3__Rainbow__botA.bc24,Rubrasum.version_3,0,g_iter1
A,g_iter1,1,1251,CAPTURE,3,403,231,8,0,0,0,0,35,29,145,45,5,0,1116,771,9,0,66,307,1053,102,ATK@600+HEAL@1200,gauntlet/20260930-183700-scrim-g_iter1/replays/noahzemlin.honeyducklings__Funnel__botA.bc24,noahzemlin.honeyducklings,1,g_iter1
B,honeyducklings,0,1251,CAPTURE,0,-1,268,14,0,0,0,0,73,14,1010,2750,0,5,653,500,8,14,0,74,102,1053,ATK@600+HEAL@1208,gauntlet/20260930-183700-scrim-g_iter1/replays/noahzemlin.honeyducklings__Funnel__botA.bc24,noahzemlin.honeyducklings,0,g_iter1
A,g_iter1,1,2000,LEVEL_SUM,0,-1,359,8,0,0,0,0,64,22,155,145,3,4,575,886,6,0,38,182,334,311,ATK@600+HEAL@1200+CAP@1800,gauntlet/20260930-183700-scrim-g_iter1/replays/hsmalladi.finalbot__EndAround__botA.bc24,hsmalladi.finalbot,1,g_iter1
B,finalbot,0,2000,LEVEL_SUM,0,-1,367,15,1,3,39,23,73,0,2281,1911,4,0,807,598,0,3,60,231,311,334,ATK@600+HEAL@1200+CAP@1800,gauntlet/20260930-183700-scrim-g_iter1/replays/hsmalladi.finalbot__EndAround__botA.bc24,hsmalladi.finalbot,0,g_iter1
A,alexander,0,972,CAPTURE,0,-1,238,7,0,3,15,0,0,0,3900,4990,0,8,643,224,0,0,0,0,43,833,ATK@751,gauntlet/20260930-183700-scrim-g_iter1/replays/VarunVejalla.alexander__BreadPudding__botB.bc24,VarunVejalla.alexander,0,g_iter1
B,g_iter1,1,972,CAPTURE,3,372,235,18,0,0,0,0,46,28,175,215,4,17,1166,1068,8,0,47,209,833,43,ATK@600,gauntlet/20260930-183700-scrim-g_iter1/replays/VarunVejalla.alexander__BreadPudding__botB.bc24,VarunVejalla.alexander,1,g_iter1
A,g_iter1,1,2000,MORE_FLAG_CAPTURES,2,811,300,9,0,0,0,0,66,37,180,220,6,11,1157,1167,6,0,50,657,1922,116,ATK@600+HEAL@1200+CAP@1800,gauntlet/20260930-183700-scrim-g_iter1/replays/MiloAkerman.v1__GravitationalWaves__botA.bc24,MiloAkerman.v1,1,g_iter1
B,v1,0,2000,MORE_FLAG_CAPTURES,0,-1,1925,5,0,0,0,0,146,3,1120,1220,0,11,633,1229,14,0,0,60,116,1922,,gauntlet/20260930-183700-scrim-g_iter1/replays/MiloAkerman.v1__GravitationalWaves__botA.bc24,MiloAkerman.v1,0,g_iter1
A,honeyducklings,0,774,CAPTURE,0,-1,592,1,0,0,0,0,149,13,1130,1880,0,3,814,831,6,18,0,27,60,408,ATK@600,gauntlet/20260930-183700-scrim-g_iter1/replays/noahzemlin.honeyducklings__BigDucksBigPond__botB.bc24,noahzemlin.honeyducklings,0,g_iter1
B,g_iter1,1,774,CAPTURE,3,590,226,14,0,0,0,0,85,38,150,200,6,12,1424,1377,16,0,73,127,408,60,ATK@600,gauntlet/20260930-183700-scrim-g_iter1/replays/noahzemlin.honeyducklings__BigDucksBigPond__botB.bc24,noahzemlin.honeyducklings,1,g_iter1
A,dangerduck2,0,698,CAPTURE,0,-1,244,27,0,0,0,0,48,24,1650,1783,3,10,493,453,0,24,0,33,14,484,ATK@600,gauntlet/20260930-183700-scrim-g_iter1/replays/dylanzemlin.dangerduck2__Soccer__botB.bc24,dylanzemlin.dangerduck2,0,g_iter1
B,g_iter1,1,698,CAPTURE,3,482,262,15,0,0,0,0,20,39,144,274,7,12,1315,838,12,0,61,146,484,14,ATK@600,gauntlet/20260930-183700-scrim-g_iter1/replays/dylanzemlin.dangerduck2__Soccer__botB.bc24,dylanzemlin.dangerduck2,1,g_iter1
A,version_3,0,355,CAPTURE,0,-1,351,4,0,3,12,0,0,23,100,160,0,3,318,0,30,0,0,17,16,141,,gauntlet/20260930-183700-scrim-g_iter1/replays/Rubrasum.version_3__Ambush__botB.bc24,Rubrasum.version_3,0,g_iter1
B,g_iter1,1,355,CAPTURE,3,251,205,3,0,0,0,0,33,30,145,305,5,18,1026,689,5,0,58,46,141,16,,gauntlet/20260930-183700-scrim-g_iter1/replays/Rubrasum.version_3__Ambush__botB.bc24,Rubrasum.version_3,1,g_iter1
A,dangerduck2,0,572,CAPTURE,0,-1,259,17,0,0,0,0,131,24,1960,1785,3,1,501,399,1,24,1,28,16,371,,gauntlet/20260930-183700-scrim-g_iter1/replays/dylanzemlin.dangerduck2__Islands__botB.bc24,dylanzemlin.dangerduck2,0,g_iter1
B,g_iter1,1,572,CAPTURE,3,391,224,14,0,0,0,0,78,50,200,250,9,15,1491,824,12,0,76,125,371,16,,gauntlet/20260930-183700-scrim-g_iter1/replays/dylanzemlin.dangerduck2__Islands__botB.bc24,dylanzemlin.dangerduck2,1,g_iter1
A,g_iter1,1,501,RESIGNATION,2,412,302,7,0,0,0,0,64,53,165,290,9,13,1255,1264,15,0,71,96,269,83,,gauntlet/20260930-183700-scrim-g_iter1/replays/itswin.MPAttack__Islands__botA.bc24,itswin.MPAttack,1,g_iter1
B,MPAttack,0,501,RESIGNATION,0,-1,0,0,0,0,0,0,9,11,730,280,0,8,947,612,32,0,0,18,83,269,,gauntlet/20260930-183700-scrim-g_iter1/replays/itswin.MPAttack__Islands__botA.bc24,itswin.MPAttack,0,g_iter1
A,crayBasic,0,2000,MORE_FLAG_CAPTURES,0,-1,0,0,0,0,0,0,0,0,2500,4300,0,28,244,2,0,0,0,0,5,2842,,gauntlet/20260930-183700-scrim-g_iter1/replays/abdullah8a0.crayBasic__FloodGates__botB.bc24,abdullah8a0.crayBasic,0,g_iter1
B,g_iter1,1,2000,MORE_FLAG_CAPTURES,2,677,343,6,0,0,0,0,4,26,185,175,4,23,631,453,8,0,46,599,2842,5,ATK@600+HEAL@1200+CAP@1800,gauntlet/20260930-183700-scrim-g_iter1/replays/abdullah8a0.crayBasic__FloodGates__botB.bc24,abdullah8a0.crayBasic,1,g_iter1
A,Team3,0,1402,CAPTURE,0,-1,0,3,0,3,21,0,7,14,20,140,2,23,254,124,31,0,0,75,66,981,,gauntlet/20260930-183700-scrim-g_iter1/replays/dylanconklin.Team3__FloodGates__botB.bc24,dylanconklin.Team3,0,g_iter1
B,g_iter1,1,1402,CAPTURE,3,673,485,11,0,0,0,0,3,27,215,75,4,13,506,502,5,0,39,308,981,66,ATK@600+HEAL@1200,gauntlet/20260930-183700-scrim-g_iter1/replays/dylanconklin.Team3__FloodGates__botB.bc24,dylanconklin.Team3,1,g_iter1
A,g_iter1,1,473,CAPTURE,3,329,229,3,0,0,0,0,56,29,195,165,4,3,1432,0,24,0,84,40,275,0,,gauntlet/20260930-183700-scrim-g_iter1/replays/PerishoJ.tx__Duck__botA.bc24,PerishoJ.tx,1,g_iter1
B,tx,0,473,CAPTURE,0,-1,0,0,0,0,0,0,0,0,2500,3100,0,0,0,0,0,0,0,0,0,275,,gauntlet/20260930-183700-scrim-g_iter1/replays/PerishoJ.tx__Duck__botA.bc24,PerishoJ.tx,0,g_iter1
A,g_iter1,1,337,CAPTURE,3,293,239,3,0,0,0,0,15,18,160,200,2,4,1001,414,23,0,67,13,140,1,,gauntlet/20260930-183700-scrim-g_iter1/replays/joelcrouch.ducks__Pancakes__botA.bc24,joelcrouch.ducks,1,g_iter1
B,ducks,0,337,CAPTURE,0,-1,0,3,0,3,6,0,0,11,200,100,0,0,51,0,19,0,0,10,1,140,,gauntlet/20260930-183700-scrim-g_iter1/replays/joelcrouch.ducks__Pancakes__botA.bc24,joelcrouch.ducks,0,g_iter1
A,funkyguy3,0,720,CAPTURE,0,-1,292,5,0,0,0,0,3,32,60,40,4,9,97,474,18,0,52,97,20,646,ATK@600,gauntlet/20260930-183700-scrim-g_iter1/replays/lcforges.funkyguy3__Funnel__botB.bc24,lcforges.funkyguy3,0,g_iter1
B,g_iter1,1,720,CAPTURE,3,510,326,5,0,0,0,0,35,29,205,195,4,0,1428,487,11,0,70,167,646,20,ATK@600,gauntlet/20260930-183700-scrim-g_iter1/replays/lcforges.funkyguy3__Funnel__botB.bc24,lcforges.funkyguy3,1,g_iter1
A,g_iter1,1,495,CAPTURE,3,253,211,6,0,0,0,0,25,37,178,178,6,3,963,1305,12,0,61,68,135,17,,gauntlet/20260930-183700-scrim-g_iter1/replays/H4ffliger.keyboardcrusader_v1__Soccer__botA.bc24,H4ffliger.keyboardcrusader_v1,1,g_iter1
B,keyboardcrusader_v1,0,495,CAPTURE,0,-1,484,4,0,3,62,0,48,0,3960,4460,0,20,628,556,26,0,0,22,17,135,,gauntlet/20260930-183700-scrim-g_iter1/replays/H4ffliger.keyboardcrusader_v1__Soccer__botA.bc24,H4ffliger.keyboardcrusader_v1,0,g_iter1
A,g_iter1,1,1024,CAPTURE,3,1002,838,4,0,0,0,0,19,42,125,200,6,3,1698,530,14,0,46,129,468,75,ATK@600,gauntlet/20260930-183700-scrim-g_iter1/replays/qpwoeirut.tournament_sprint1__Soccer__botA.bc24,qpwoeirut.tournament_sprint1,1,g_iter1
B,tournament_sprint1,0,1024,CAPTURE,0,-1,0,0,0,0,0,0,48,0,3960,60,0,3,232,2831,29,0,0,59,75,468,ATK@600,gauntlet/20260930-183700-scrim-g_iter1/replays/qpwoeirut.tournament_sprint1__Soccer__botA.bc24,qpwoeirut.tournament_sprint1,0,g_iter1
A,warrior_2nd_comp,0,460,CAPTURE,0,-1,0,3,0,3,34,0,0,18,1700,2200,0,19,0,0,13,2,3,18,12,195,,gauntlet/20260930-183700-scrim-g_iter1/replays/lukerhoads.warrior_2nd_comp__Tunnels__botB.bc24,lukerhoads.warrior_2nd_comp,0,g_iter1
B,g_iter1,1,460,CAPTURE,3,334,289,5,0,0,0,0,61,26,125,130,4,4,851,148,21,0,60,0,195,12,,gauntlet/20260930-183700-scrim-g_iter1/replays/lukerhoads.warrior_2nd_comp__Tunnels__botB.bc24,lukerhoads.warrior_2nd_comp,1,g_iter1
A,v11,0,2000,MORE_FLAG_CAPTURES,0,-1,290,2,0,0,0,0,25,67,8580,813,5,13,735,1033,0,3,153,279,134,1038,ATK@600+HEAL@1200+CAP@1800,gauntlet/20260930-183700-scrim-g_iter1/replays/JeffLegendPower.v11__StarryNight__botB.bc24,JeffLegendPower.v11,0,g_iter1
B,g_iter1,1,2000,MORE_FLAG_CAPTURES,2,765,417,9,0,0,0,0,87,114,621,221,11,9,1046,1233,24,0,121,449,1038,134,ATK@600+HEAL@1200+CAP@1800,gauntlet/20260930-183700-scrim-g_iter1/replays/JeffLegendPower.v11__StarryNight__botB.bc24,JeffLegendPower.v11,1,g_iter1
A,arch_rush,0,734,CAPTURE,2,399,284,194,180,3,33,0,9,47,120,300,9,0,1129,1037,18,0,64,86,204,140,ATK@600,gauntlet/20260930-184924-scrim-arch_rush/losses/jonters.bling3__Alien__botA.bc24,jonters.bling3,1,arch_rush
B,bling3,1,734,CAPTURE,3,324,257,12,0,0,0,0,10,16,2200,210,0,2,948,1087,39,0,5,47,140,204,ATK@600,gauntlet/20260930-184924-scrim-arch_rush/losses/jonters.bling3__Alien__botA.bc24,jonters.bling3,0,arch_rush
A,cowards,1,627,CAPTURE,3,421,324,28,0,0,0,0,19,14,830,40,0,6,290,1425,55,0,0,59,54,228,,gauntlet/20260930-184924-scrim-arch_rush/losses/aj-chau.cowards__Occulus__botB.bc24,aj-chau.cowards,0,arch_rush
B,arch_rush,0,627,CAPTURE,1,274,232,351,343,3,18,0,15,31,175,365,6,3,1582,917,12,0,60,128,228,54,ATK@600,gauntlet/20260930-184924-scrim-arch_rush/losses/aj-chau.cowards__Occulus__botB.bc24,aj-chau.cowards,1,arch_rush
A,player22,1,1323,CAPTURE,3,305,265,22,0,3,0,0,67,0,3690,2510,0,15,1473,1066,8,0,94,356,926,506,ATK@600+HEAL@1200,gauntlet/20260930-184924-scrim-arch_rush/losses/andrewgopher.player22__Alligator__botB.bc24,andrewgopher.player22,0,arch_rush
B,arch_rush,0,1323,CAPTURE,0,-1,233,6,1,3,17,0,52,31,169,214,5,3,1055,1272,20,0,48,165,506,926,ATK@600+HEAL@1200,gauntlet/20260930-184924-scrim-arch_rush/losses/andrewgopher.player22__Alligator__botB.bc24,andrewgopher.player22,1,arch_rush
A,sprint1,1,383,CAPTURE,3,324,220,13,0,0,0,0,59,13,50,20,1,0,222,833,26,0,0,23,28,101,,gauntlet/20260930-184924-scrim-arch_rush/losses/justinottesen.sprint1__Ambush__botB.bc24,justinottesen.sprint1,0,arch_rush
B,arch_rush,0,383,CAPTURE,2,225,208,63,53,3,14,0,37,26,172,412,4,0,1138,466,8,0,50,52,101,28,,gauntlet/20260930-184924-scrim-arch_rush/losses/justinottesen.sprint1__Ambush__botB.bc24,justinottesen.sprint1,1,arch_rush
A,duck8,1,811,CAPTURE,3,219,208,22,0,0,0,0,18,40,70,310,3,16,977,1130,9,0,83,130,176,274,ATK@750,gauntlet/20260930-184924-scrim-arch_rush/losses/clbarrell.duck8__WheresMyWater__botB.bc24,clbarrell.duck8,0,arch_rush
B,arch_rush,0,811,CAPTURE,2,350,225,127,119,3,27,0,63,27,135,185,4,0,1142,1224,10,0,35,130,274,176,ATK@600,gauntlet/20260930-184924-scrim-arch_rush/losses/clbarrell.duck8__WheresMyWater__botB.bc24,clbarrell.duck8,1,arch_rush
A,arch_rush,0,2000,MORE_FLAG_CAPTURES,0,-1,309,65,39,3,7,0,3,25,185,240,4,0,764,608,8,0,43,258,464,1246,ATK@600+HEAL@1200+CAP@1800,gauntlet/20260930-184924-scrim-arch_rush/losses/quesswho.cretplayer2_3__FloodGates__botA.bc24,quesswho.cretplayer2_3,1,arch_rush
B,cretplayer2_3,1,2000,MORE_FLAG_CAPTURES,1,856,235,73,0,3,17,0,1,0,2870,710,0,6,1137,925,0,5,54,348,1246,464,ATK@600+HEAL@1200+CAP@1800,gauntlet/20260930-184924-scrim-arch_rush/losses/quesswho.cretplayer2_3__FloodGates__botA.bc24,quesswho.cretplayer2_3,0,arch_rush
A,v10official,1,2000,LEVEL_SUM,2,413,258,62,40,3,15,69,24,2,4801,51,13,0,1160,1918,19,2,57,387,884,689,ATK@600+HEAL@1200+CAP@1800,gauntlet/20260930-184924-scrim-arch_rush/losses/Gymhgy.v10official__StackGame__botB.bc24,Gymhgy.v10official,0,arch_rush
B,arch_rush,0,2000,LEVEL_SUM,2,610,413,196,155,3,23,0,35,44,302,422,7,0,1288,1753,20,0,49,309,689,884,ATK@600+HEAL@1200+CAP@1800,gauntlet/20260930-184924-scrim-arch_rush/losses/Gymhgy.v10official__StackGame__botB.bc24,Gymhgy.v10official,1,arch_rush
A,arch_rush,0,900,CAPTURE,1,715,255,558,535,3,21,0,79,0,30,40,0,1,1077,953,3,0,8,30,121,84,ATK@600,gauntlet/20260930-184924-scrim-arch_rush/losses/SampleProvider.TSPAARKSPRINT1__Racetrack__botA.bc24,SampleProvider.TSPAARKSPRINT1,1,arch_rush
B,TSPAARKSPRINT1,1,900,CAPTURE,3,635,270,20,0,3,28,0,79,0,30,20,0,2,716,1587,0,0,0,1,84,121,ATK@600,gauntlet/20260930-184924-scrim-arch_rush/losses/SampleProvider.TSPAARKSPRINT1__Racetrack__botA.bc24,SampleProvider.TSPAARKSPRINT1,0,arch_rush
A,waffle,1,379,CAPTURE,3,328,230,33,0,0,0,0,22,39,640,160,1,2,1247,825,0,0,77,73,95,88,,gauntlet/20260930-184924-scrim-arch_rush/losses/winkelmantanner.waffle__Bunkers__botB.bc24,winkelmantanner.waffle,0,arch_rush
B,arch_rush,0,379,CAPTURE,0,-1,251,40,35,3,11,0,30,35,164,274,6,0,1047,955,11,0,58,40,88,95,,gauntlet/20260930-184924-scrim-arch_rush/losses/winkelmantanner.waffle__Bunkers__botB.bc24,winkelmantanner.waffle,1,arch_rush
A,arch_rush,0,553,CAPTURE,1,365,220,126,111,3,54,0,85,40,198,283,7,1,821,1036,21,0,41,67,105,113,,gauntlet/20260930-184924-scrim-arch_rush/losses/CyrilSharma.finalBot__Islands__botA.bc24,CyrilSharma.finalBot,1,arch_rush
B,finalBot,1,553,CAPTURE,3,332,250,9,0,0,0,60,35,3,5941,2801,12,6,1051,1005,0,0,142,149,113,105,,gauntlet/20260930-184924-scrim-arch_rush/losses/CyrilSharma.finalBot__Islands__botA.bc24,CyrilSharma.finalBot,0,arch_rush
A,Version18Final,1,561,CAPTURE,3,345,256,11,0,3,28,28,10,6,1385,9495,5,2,866,927,29,3,62,107,166,78,,gauntlet/20260930-184924-scrim-arch_rush/losses/uravt.Version18Final__HungerGames__botB.bc24,uravt.Version18Final,0,arch_rush
B,arch_rush,0,561,CAPTURE,1,440,224,109,104,3,32,0,20,23,145,3185,4,6,711,863,30,0,97,115,78,166,,gauntlet/20260930-184924-scrim-arch_rush/losses/uravt.Version18Final__HungerGames__botB.bc24,uravt.Version18Final,1,arch_rush
A,arch_rush,0,1929,CAPTURE,1,556,222,174,163,3,54,0,36,22,175,265,3,0,883,1098,6,0,36,286,313,1144,ATK@600+HEAL@1200+CAP@1800,gauntlet/20260930-184924-scrim-arch_rush/losses/IvanGeffner.kuma__OceanFloor__botA.bc24,IvanGeffner.kuma,1,arch_rush
B,kuma,1,1929,CAPTURE,3,616,245,95,62,0,0,90,46,3,860,25,18,4,1063,1102,0,0,54,564,1144,313,ATK@600+HEAL@1200+CAP@1800,gauntlet/20260930-184924-scrim-arch_rush/losses/IvanGeffner.kuma__OceanFloor__botA.bc24,IvanGeffner.kuma,0,arch_rush
A,arch_rush,0,2000,MORE_FLAG_CAPTURES,0,-1,215,1725,1715,3,38,0,75,34,169,999,6,1,1027,429,14,0,48,592,1021,58,ATK@600+HEAL@1200+CAP@1800,gauntlet/20260930-184924-scrim-arch_rush/losses/justinottesen.sprint1__Hurricane__botA.bc24,justinottesen.sprint1,1,arch_rush
B,sprint1,1,2000,MORE_FLAG_CAPTURES,2,968,292,25,0,0,0,0,169,9,30,20,0,1,257,722,10,0,0,66,58,1021,ATK@600,gauntlet/20260930-184924-scrim-arch_rush/losses/justinottesen.sprint1__Hurricane__botA.bc24,justinottesen.sprint1,0,arch_rush
A,flagbot_final,1,1179,CAPTURE,3,348,262,11,0,3,11,90,103,2,130,1175,18,2,824,1094,0,0,84,396,729,145,ATK@600,gauntlet/20260930-184924-scrim-arch_rush/losses/chenyx512.flagbot_final__Funnel__botB.bc24,chenyx512.flagbot_final,0,arch_rush
B,arch_rush,0,1179,CAPTURE,0,-1,288,122,116,3,19,0,44,27,125,325,4,3,808,1076,14,0,43,103,145,729,ATK@600,gauntlet/20260930-184924-scrim-arch_rush/losses/chenyx512.flagbot_final__Funnel__botB.bc24,chenyx512.flagbot_final,1,arch_rush
A,arch_rush,0,631,CAPTURE,0,-1,271,202,195,3,37,0,188,77,689,17429,8,0,603,548,20,0,116,159,79,251,ATK@600,gauntlet/20260930-184924-scrim-arch_rush/losses/hsmalladi.finalbot__Snake__botA.bc24,hsmalladi.finalbot,1,arch_rush
B,finalbot,1,631,CAPTURE,3,343,268,26,14,3,49,60,139,0,10369,16822,12,0,1069,785,20,4,280,339,251,79,ATK@600,gauntlet/20260930-184924-scrim-arch_rush/losses/hsmalladi.finalbot__Snake__botA.bc24,hsmalladi.finalbot,0,arch_rush
A,arch_rush,0,625,CAPTURE,0,-1,217,130,110,3,16,0,87,15,75,25,3,3,945,1138,10,0,8,38,72,151,ATK@600,gauntlet/20260930-184924-scrim-arch_rush/losses/Gymhgy.v10official__Intercontinental__botA.bc24,Gymhgy.v10official,1,arch_rush
B,v10official,1,625,CAPTURE,3,242,223,43,28,3,7,60,110,3,230,10,12,5,1023,1415,2,3,20,54,151,72,ATK@600,gauntlet/20260930-184924-scrim-arch_rush/losses/Gymhgy.v10official__Intercontinental__botA.bc24,Gymhgy.v10official,0,arch_rush
A,defaultplayer_intlqualifier,1,1775,CAPTURE,3,1264,251,63,43,3,10,0,33,9,110,2360,0,1,471,866,4,38,10,85,72,950,ATK@600+HEAL@1200,gauntlet/20260930-184924-scrim-arch_rush/losses/dmtrung14.defaultplayer_intlqualifier__Pancakes__botB.bc24,dmtrung14.defaultplayer_intlqualifier,0,arch_rush
B,arch_rush,0,1775,CAPTURE,2,306,233,638,625,3,34,0,15,17,210,2020,2,4,1001,577,3,0,60,200,950,72,ATK@600+HEAL@1200,gauntlet/20260930-184924-scrim-arch_rush/losses/dmtrung14.defaultplayer_intlqualifier__Pancakes__botB.bc24,dmtrung14.defaultplayer_intlqualifier,1,arch_rush
A,Bot21,1,595,CAPTURE,3,484,221,55,35,3,3,90,124,22,48,48,18,6,925,875,4,0,32,39,141,205,,gauntlet/20260930-184924-scrim-arch_rush/losses/HugoIngelsson.Bot21__Swoop__botB.bc24,HugoIngelsson.Bot21,0,arch_rush
B,arch_rush,0,595,CAPTURE,0,-1,240,289,284,3,40,0,65,39,159,399,6,6,1179,746,12,0,57,85,205,141,,gauntlet/20260930-184924-scrim-arch_rush/losses/HugoIngelsson.Bot21__Swoop__botB.bc24,HugoIngelsson.Bot21,1,arch_rush
A,waffle,1,417,CAPTURE,3,368,266,8,0,0,0,0,0,3,2100,4540,0,9,968,906,0,0,155,139,83,45,,gauntlet/20260930-184924-scrim-arch_rush/losses/winkelmantanner.waffle__Puzzle__botB.bc24,winkelmantanner.waffle,0,arch_rush
B,arch_rush,0,417,CAPTURE,0,-1,340,7,3,3,16,0,6,20,185,1580,3,0,692,714,21,0,66,46,45,83,,gauntlet/20260930-184924-scrim-arch_rush/losses/winkelmantanner.waffle__Puzzle__botB.bc24,winkelmantanner.waffle,1,arch_rush
A,Goob_final,1,2000,MORE_FLAG_CAPTURES,2,314,250,7,0,0,0,0,127,0,4390,110,0,13,1305,1040,0,0,78,424,1148,1085,ATK@600+HEAL@1200+CAP@1800,gauntlet/20260930-184924-scrim-arch_rush/losses/ColtG5.Goob_final__Islands__botB.bc24,ColtG5.Goob_final,0,arch_rush
B,arch_rush,0,2000,MORE_FLAG_CAPTURES,1,684,423,146,135,3,47,0,82,47,161,291,8,0,1141,1183,17,0,60,244,1085,1148,ATK@600+HEAL@1200+CAP@1800,gauntlet/20260930-184924-scrim-arch_rush/losses/ColtG5.Goob_final__Islands__botB.bc24,ColtG5.Goob_final,1,arch_rush
A,arch_rush,0,421,CAPTURE,0,-1,355,37,33,3,31,0,8,19,165,1290,3,0,596,751,22,0,66,63,32,114,,gauntlet/20260930-184924-scrim-arch_rush/losses/IvanGeffner.kuma__Puzzle__botA.bc24,IvanGeffner.kuma,1,arch_rush
B,kuma,1,421,CAPTURE,3,310,256,28,20,0,0,90,4,0,825,2792,18,3,1071,755,7,0,160,126,114,32,,gauntlet/20260930-184924-scrim-arch_rush/losses/IvanGeffner.kuma__Puzzle__botA.bc24,IvanGeffner.kuma,0,arch_rush
A,Bot21,1,978,CAPTURE,3,439,288,51,29,3,3,72,81,2,53,43,14,8,881,978,2,0,25,99,219,548,ATK@601,gauntlet/20260930-184924-scrim-arch_rush/losses/HugoIngelsson.Bot21__Rivers__botB.bc24,HugoIngelsson.Bot21,0,arch_rush
B,arch_rush,0,978,CAPTURE,2,429,265,378,373,3,0,0,33,25,135,305,5,5,1274,1070,9,0,39,175,548,219,ATK@600,gauntlet/20260930-184924-scrim-arch_rush/losses/HugoIngelsson.Bot21__Rivers__botB.bc24,HugoIngelsson.Bot21,1,arch_rush
A,ExplosiveBot,1,757,CAPTURE,3,506,227,49,31,0,0,0,6,7,4820,4640,0,38,825,886,25,0,21,65,101,319,ATK@600,gauntlet/20260930-184924-scrim-arch_rush/losses/awu7.ExplosiveBot__Randy__botB.bc24,awu7.ExplosiveBot,0,arch_rush
B,arch_rush,0,757,CAPTURE,2,397,223,169,161,3,15,0,6,48,200,928,8,7,1156,1438,13,0,58,200,319,101,ATK@600,gauntlet/20260930-184924-scrim-arch_rush/losses/awu7.ExplosiveBot__Randy__botB.bc24,awu7.ExplosiveBot,1,arch_rush
A,arch_rush,0,1132,CAPTURE,0,-1,241,730,718,3,20,0,65,22,150,490,4,1,1009,449,8,0,35,132,798,216,ATK@600,gauntlet/20260930-184924-scrim-arch_rush/losses/neilhuang007.baseline__TwistedTreeline__botA.bc24,neilhuang007.baseline,1,arch_rush
B,baseline,1,1132,CAPTURE,3,320,229,18,0,0,0,0,80,10,1400,1750,0,3,777,892,0,0,10,8,216,798,CAP@600,gauntlet/20260930-184924-scrim-arch_rush/losses/neilhuang007.baseline__TwistedTreeline__botA.bc24,neilhuang007.baseline,0,arch_rush
A,arch_rush,0,786,CAPTURE,0,-1,225,180,154,3,27,0,94,35,176,16,7,2,742,1070,18,0,31,48,85,321,ATK@600,gauntlet/20260930-184924-scrim-arch_rush/losses/Strequals.duck0127v5__BigDucksBigPond__botA.bc24,Strequals.duck0127v5,1,arch_rush
B,duck0127v5,1,786,CAPTURE,3,413,262,18,0,0,0,90,28,18,4539,6219,18,1,1184,1122,0,0,115,243,321,85,ATK@600,gauntlet/20260930-184924-scrim-arch_rush/losses/Strequals.duck0127v5__BigDucksBigPond__botA.bc24,Strequals.duck0127v5,0,arch_rush
A,arch_rush,0,445,CAPTURE,2,337,258,68,58,3,12,0,0,35,195,19,6,7,720,704,14,0,22,31,96,129,,gauntlet/20260930-184924-scrim-arch_rush/losses/jmerle.camel_case_v21_final__BedWars__botA.bc24,jmerle.camel_case_v21_final,1,arch_rush
B,camel_case_v21_final,1,445,CAPTURE,3,264,230,10,0,0,0,0,0,0,4800,3210,0,6,1126,505,0,0,43,43,129,96,,gauntlet/20260930-184924-scrim-arch_rush/losses/jmerle.camel_case_v21_final__BedWars__botA.bc24,jmerle.camel_case_v21_final,0,arch_rush
A,jeeryfix3,1,2000,LEVEL_SUM,2,360,262,7,0,0,0,0,35,4,15450,16300,0,0,1064,755,0,0,224,504,949,1226,ATK@600+CAP@1200+HEAL@1800,gauntlet/20260930-184924-scrim-arch_rush/losses/kyleezz.jeeryfix3__Joker__botB.bc24,kyleezz.jeeryfix3,0,arch_rush
B,arch_rush,0,2000,LEVEL_SUM,2,503,244,155,142,3,47,0,2,104,5155,10175,11,3,776,737,24,0,147,327,1226,949,ATK@600+HEAL@1200+CAP@1800,gauntlet/20260930-184924-scrim-arch_rush/losses/kyleezz.jeeryfix3__Joker__botB.bc24,kyleezz.jeeryfix3,1,arch_rush
A,arch_rush,0,2000,MORE_FLAG_CAPTURES,1,471,362,58,54,3,31,0,3,25,195,315,4,3,1077,1295,10,0,44,71,867,558,ATK@600+HEAL@1200+CAP@1800,gauntlet/20260930-184924-scrim-arch_rush/losses/ColtG5.Goob_final__FloodGates__botA.bc24,ColtG5.Goob_final,1,arch_rush
B,Goob_final,1,2000,MORE_FLAG_CAPTURES,2,452,259,14,0,0,0,0,7,0,2690,30,0,15,1037,1024,2,0,41,234,558,867,ATK@600+HEAL@1200+CAP@1800,gauntlet/20260930-184924-scrim-arch_rush/losses/ColtG5.Goob_final__FloodGates__botA.bc24,ColtG5.Goob_final,0,arch_rush
A,bling3,1,1100,CAPTURE,3,478,283,11,0,0,0,0,107,13,90,140,0,12,932,1208,18,0,0,49,185,230,ATK@600,gauntlet/20260930-184924-scrim-arch_rush/losses/jonters.bling3__QueenOfHearts__botB.bc24,jonters.bling3,0,arch_rush
B,arch_rush,0,1100,CAPTURE,2,719,225,651,638,3,27,0,81,28,190,380,4,1,1146,1051,14,0,43,149,230,185,ATK@600,gauntlet/20260930-184924-scrim-arch_rush/losses/jonters.bling3__QueenOfHearts__botB.bc24,jonters.bling3,1,arch_rush
A,duck8,1,2000,LEVEL_SUM,1,311,227,10,0,0,0,0,36,33,40,90,3,13,1021,1166,3,0,73,219,337,356,ATK@750+HEAL@1500,gauntlet/20260930-184924-scrim-arch_rush/losses/clbarrell.duck8__Funnel__botB.bc24,clbarrell.duck8,0,arch_rush
B,arch_rush,0,2000,LEVEL_SUM,1,1181,251,451,442,3,28,0,32,32,155,1360,5,3,917,1013,16,0,39,154,356,337,ATK@600+HEAL@1200+CAP@1800,gauntlet/20260930-184924-scrim-arch_rush/losses/clbarrell.duck8__Funnel__botB.bc24,clbarrell.duck8,1,arch_rush
A,arch_rush,0,2000,MORE_FLAG_CAPTURES,0,-1,0,3,0,3,35,0,35,36,160,540,6,1,812,940,21,0,32,22,1049,466,ATK@600+HEAL@1200+CAP@1800,gauntlet/20260930-184924-scrim-arch_rush/losses/kyleezz.jeeryfix3__Divergent__botA.bc24,kyleezz.jeeryfix3,1,arch_rush
B,jeeryfix3,1,2000,MORE_FLAG_CAPTURES,2,303,246,6,0,0,0,0,97,2,2990,1790,0,11,855,650,0,0,41,211,466,1049,ATK@600+CAP@1200+HEAL@1800,gauntlet/20260930-184924-scrim-arch_rush/losses/kyleezz.jeeryfix3__Divergent__botA.bc24,kyleezz.jeeryfix3,0,arch_rush
A,cretplayer2_3,1,805,CAPTURE,3,572,258,22,0,3,13,0,23,0,5010,1000,0,4,1025,959,0,6,48,79,186,237,ATK@600,gauntlet/20260930-184924-scrim-arch_rush/losses/quesswho.cretplayer2_3__Hockey__botB.bc24,quesswho.cretplayer2_3,0,arch_rush
B,arch_rush,0,805,CAPTURE,0,-1,280,226,197,3,38,0,26,37,253,288,6,1,1074,1166,22,0,45,79,237,186,ATK@600,gauntlet/20260930-184924-scrim-arch_rush/losses/quesswho.cretplayer2_3__Hockey__botB.bc24,quesswho.cretplayer2_3,1,arch_rush
A,arch_rush,0,665,CAPTURE,0,-1,0,3,0,3,23,0,41,66,624,1438,6,0,730,726,17,0,76,94,130,236,ATK@600,gauntlet/20260930-184924-scrim-arch_rush/losses/CyrilSharma.finalBot__MIT__botA.bc24,CyrilSharma.finalBot,1,arch_rush
B,finalBot,1,665,CAPTURE,3,415,240,10,0,0,0,50,17,1,8115,46286,10,12,856,881,0,0,168,333,236,130,ATK@600,gauntlet/20260930-184924-scrim-arch_rush/losses/CyrilSharma.finalBot__MIT__botA.bc24,CyrilSharma.finalBot,0,arch_rush
A,defaultplayer_intlqualifier,1,749,CAPTURE,3,400,245,60,44,3,25,0,12,9,640,10130,0,2,243,628,5,42,21,74,31,183,ATK@600,gauntlet/20260930-184924-scrim-arch_rush/losses/dmtrung14.defaultplayer_intlqualifier__Puzzle__botB.bc24,dmtrung14.defaultplayer_intlqualifier,0,arch_rush
B,arch_rush,0,749,CAPTURE,2,373,261,99,92,3,16,0,2,21,175,1410,4,8,789,271,24,0,59,76,183,31,ATK@600,gauntlet/20260930-184924-scrim-arch_rush/losses/dmtrung14.defaultplayer_intlqualifier__Puzzle__botB.bc24,dmtrung14.defaultplayer_intlqualifier,1,arch_rush
A,arch_rush,0,2000,MORE_FLAG_CAPTURES,0,-1,445,66,58,3,32,0,0,37,200,60,6,4,761,1238,12,0,46,234,390,1371,ATK@600+HEAL@1200+CAP@1800,gauntlet/20260930-184924-scrim-arch_rush/losses/andli28.v9_USQuals_angle__Valentine__botA.bc24,andli28.v9_USQuals_angle,1,arch_rush
B,v9_USQuals_angle,1,2000,MORE_FLAG_CAPTURES,1,742,280,82,0,0,0,90,0,5,2495,3765,18,3,1042,1144,15,2,85,545,1371,390,ATK@600+HEAL@1200+CAP@1800,gauntlet/20260930-184924-scrim-arch_rush/losses/andli28.v9_USQuals_angle__Valentine__botA.bc24,andli28.v9_USQuals_angle,0,arch_rush
A,arch_rush,0,1954,CAPTURE,0,-1,582,18,13,3,19,0,298,56,226,2336,10,3,731,1511,24,0,66,339,334,1416,ATK@600+HEAL@1200+CAP@1800,gauntlet/20260930-184924-scrim-arch_rush/losses/andli28.v9_USQuals_angle__Waterworld__botA.bc24,andli28.v9_USQuals_angle,1,arch_rush
B,v9_USQuals_angle,1,1954,CAPTURE,3,365,309,15,0,0,0,44,189,7,319,1493,8,3,952,1247,0,4,60,715,1416,334,ATK@600+HEAL@1200+CAP@1800,gauntlet/20260930-184924-scrim-arch_rush/losses/andli28.v9_USQuals_angle__Waterworld__botA.bc24,andli28.v9_USQuals_angle,0,arch_rush
A,TSPAARKSPRINT1,1,1360,CAPTURE,3,1062,248,24,0,3,38,0,31,3,8670,2890,0,6,561,1168,34,28,4,85,141,106,ATK@600+CAP@1200,gauntlet/20260930-184924-scrim-arch_rush/losses/SampleProvider.TSPAARKSPRINT1__Foxes__botB.bc24,SampleProvider.TSPAARKSPRINT1,0,arch_rush
B,arch_rush,0,1360,CAPTURE,1,917,326,163,141,3,39,0,19,75,690,1310,11,0,811,1006,21,0,75,243,106,141,ATK@600+HEAL@1200,gauntlet/20260930-184924-scrim-arch_rush/losses/SampleProvider.TSPAARKSPRINT1__Foxes__botB.bc24,SampleProvider.TSPAARKSPRINT1,1,arch_rush
A,v3,1,456,CAPTURE,3,312,282,15,8,0,0,0,17,0,2590,8830,0,3,984,899,0,0,146,162,97,66,,gauntlet/20260930-184924-scrim-arch_rush/losses/NotLLeon.v3__HungerGames__botB.bc24,NotLLeon.v3,0,arch_rush
B,arch_rush,0,456,CAPTURE,1,279,220,72,67,3,32,0,20,23,130,4535,4,8,669,811,24,0,132,147,66,97,,gauntlet/20260930-184924-scrim-arch_rush/losses/NotLLeon.v3__HungerGames__botB.bc24,NotLLeon.v3,1,arch_rush
A,v3,1,2000,MORE_FLAG_CAPTURES,2,525,477,37,10,0,0,0,18,0,5660,4600,0,14,990,987,0,0,92,358,868,558,ATK@600+HEAL@1200+CAP@1800,gauntlet/20260930-184924-scrim-arch_rush/losses/NotLLeon.v3__Mountain__botB.bc24,NotLLeon.v3,0,arch_rush
B,arch_rush,0,2000,MORE_FLAG_CAPTURES,0,-1,0,3,0,3,13,0,40,39,204,384,7,8,675,1025,18,0,41,292,558,868,ATK@600+HEAL@1200+CAP@1800,gauntlet/20260930-184924-scrim-arch_rush/losses/NotLLeon.v3__Mountain__botB.bc24,NotLLeon.v3,1,arch_rush
A,arch_rush,0,2000,MORE_FLAG_CAPTURES,0,-1,235,886,883,3,23,0,31,31,135,20,5,1,687,380,19,0,44,290,901,421,ATK@600+HEAL@1200+CAP@1800,gauntlet/20260930-184924-scrim-arch_rush/losses/noahzemlin.honeyducklings__Funnel__botA.bc24,noahzemlin.honeyducklings,1,arch_rush
B,honeyducklings,1,2000,MORE_FLAG_CAPTURES,1,411,289,19,0,0,0,0,73,14,1010,1870,0,4,597,432,21,14,0,105,421,901,ATK@600+HEAL@1200+CAP@1800,gauntlet/20260930-184924-scrim-arch_rush/losses/noahzemlin.honeyducklings__Funnel__botA.bc24,noahzemlin.honeyducklings,0,arch_rush
A,arch_rush,0,2000,MORE_FLAG_CAPTURES,0,-1,370,1355,1344,3,37,0,68,23,190,110,4,3,414,642,13,0,37,202,309,199,ATK@600+HEAL@1200+CAP@1800,gauntlet/20260930-184924-scrim-arch_rush/losses/hsmalladi.finalbot__EndAround__botA.bc24,hsmalladi.finalbot,1,arch_rush
B,finalbot,1,2000,MORE_FLAG_CAPTURES,1,1112,346,90,5,3,39,47,67,0,2006,70,9,0,575,491,5,3,27,214,199,309,ATK@600+HEAL@1200+CAP@1800,gauntlet/20260930-184924-scrim-arch_rush/losses/hsmalladi.finalbot__EndAround__botA.bc24,hsmalladi.finalbot,0,arch_rush
A,honeyducklings,1,2000,MORE_FLAG_CAPTURES,2,700,271,45,0,0,0,0,154,13,1380,740,0,3,842,906,1,21,0,97,574,1229,ATK@600+HEAL@1200+CAP@1800,gauntlet/20260930-184924-scrim-arch_rush/losses/noahzemlin.honeyducklings__BigDucksBigPond__botB.bc24,noahzemlin.honeyducklings,0,arch_rush
B,arch_rush,0,2000,MORE_FLAG_CAPTURES,0,-1,242,982,968,3,38,0,96,34,114,1269,5,7,1250,935,31,0,90,564,1229,574,ATK@600+HEAL@1200+CAP@1800,gauntlet/20260930-184924-scrim-arch_rush/losses/noahzemlin.honeyducklings__BigDucksBigPond__botB.bc24,noahzemlin.honeyducklings,1,arch_rush
A,Version18Final,1,1310,CAPTURE,3,442,238,25,0,3,21,16,24,17,776,35,2,2,469,546,3,3,24,76,101,535,ATK@600+HEAL@1200,gauntlet/20260930-184924-scrim-arch_rush/losses/uravt.Version18Final__Decision__botB.bc24,uravt.Version18Final,0,arch_rush
B,arch_rush,0,1310,CAPTURE,0,-1,256,5,0,3,18,0,77,16,135,365,3,0,487,494,5,0,28,170,535,101,ATK@600+HEAL@1200,gauntlet/20260930-184924-scrim-arch_rush/losses/uravt.Version18Final__Decision__botB.bc24,uravt.Version18Final,1,arch_rush
A,flagbot_final,1,1126,CAPTURE,3,391,306,14,0,3,25,39,60,0,21,12,7,18,1031,1331,0,0,0,202,587,150,ATK@600,gauntlet/20260930-184924-scrim-arch_rush/losses/chenyx512.flagbot_final__Racetrack__botB.bc24,chenyx512.flagbot_final,0,arch_rush
B,arch_rush,0,1126,CAPTURE,1,637,241,204,191,3,38,0,77,0,90,20,0,5,780,1163,0,0,5,68,150,587,ATK@600,gauntlet/20260930-184924-scrim-arch_rush/losses/chenyx512.flagbot_final__Racetrack__botB.bc24,chenyx512.flagbot_final,1,arch_rush
A,player22,1,1822,CAPTURE,3,333,268,19,0,3,0,0,26,0,2320,10,0,3,1443,803,0,0,73,654,1722,630,ATK@600+HEAL@1200+CAP@1800,gauntlet/20260930-184924-scrim-arch_rush/losses/andrewgopher.player22__Digging__botB.bc24,andrewgopher.player22,0,arch_rush
B,arch_rush,0,1822,CAPTURE,0,-1,357,5,0,3,33,0,17,22,170,160,3,2,860,979,9,0,34,210,630,1722,ATK@600+HEAL@1200+CAP@1800,gauntlet/20260930-184924-scrim-arch_rush/losses/andrewgopher.player22__Digging__botB.bc24,andrewgopher.player22,1,arch_rush
A,dangerduck2,1,1345,CAPTURE,3,535,258,46,10,0,0,0,146,24,1510,1470,3,7,506,478,0,24,0,55,21,1200,ATK@600+HEAL@1200,gauntlet/20260930-184924-scrim-arch_rush/losses/dylanzemlin.dangerduck2__Islands__botB.bc24,dylanzemlin.dangerduck2,0,arch_rush
B,arch_rush,0,1345,CAPTURE,2,288,217,584,571,3,41,0,80,45,195,345,8,2,1244,829,20,0,56,370,1200,21,ATK@600+HEAL@1200,gauntlet/20260930-184924-scrim-arch_rush/losses/dylanzemlin.dangerduck2__Islands__botB.bc24,dylanzemlin.dangerduck2,1,arch_rush
A,camel_case_v21_final,1,587,CAPTURE,3,355,249,18,0,0,0,0,45,9,3450,4530,0,4,1422,573,0,0,116,154,247,178,,gauntlet/20260930-184924-scrim-arch_rush/losses/jmerle.camel_case_v21_final__Alligator__botB.bc24,jmerle.camel_case_v21_final,0,arch_rush
B,arch_rush,0,587,CAPTURE,0,-1,222,12,4,3,17,0,54,32,155,215,5,13,834,974,23,0,47,71,178,247,,gauntlet/20260930-184924-scrim-arch_rush/losses/jmerle.camel_case_v21_final__Alligator__botB.bc24,jmerle.camel_case_v21_final,1,arch_rush
A,arch_rush,0,658,CAPTURE,0,-1,246,244,223,3,18,0,73,16,175,25,3,1,371,531,5,0,16,11,37,95,ATK@600,gauntlet/20260930-184924-scrim-arch_rush/losses/Strequals.duck0127v5__Decision__botA.bc24,Strequals.duck0127v5,1,arch_rush
B,duck0127v5,1,658,CAPTURE,3,372,265,12,0,0,0,90,17,2,1533,988,18,5,472,383,0,2,32,75,95,37,ATK@600,gauntlet/20260930-184924-scrim-arch_rush/losses/Strequals.duck0127v5__Decision__botA.bc24,Strequals.duck0127v5,0,arch_rush
A,arch_rush,1,2000,MORE_FLAG_CAPTURES,1,422,287,76,71,3,11,0,36,42,153,1523,7,3,578,573,16,0,26,0,1431,388,ATK@600+HEAL@1200+CAP@1800,gauntlet/20260930-184924-scrim-arch_rush/replays/RyanAspen.v22__Mountain__botA.bc24,RyanAspen.v22,1,arch_rush
B,v22,0,2000,MORE_FLAG_CAPTURES,0,-1,0,0,0,0,0,0,41,6,4670,2660,0,26,495,112,0,0,79,256,388,1431,HEAL@600+ATK@1200+CAP@1800,gauntlet/20260930-184924-scrim-arch_rush/replays/RyanAspen.v22__Mountain__botA.bc24,RyanAspen.v22,0,arch_rush
A,keyboardcrusader_v1,0,823,CAPTURE,0,-1,0,3,0,3,0,0,98,0,1660,2560,0,0,284,350,24,0,0,24,20,103,,gauntlet/20260930-184924-scrim-arch_rush/replays/H4ffliger.keyboardcrusader_v1__Funnel__botB.bc24,H4ffliger.keyboardcrusader_v1,0,arch_rush
B,arch_rush,1,823,CAPTURE,3,494,243,533,527,3,15,0,35,30,180,1950,4,4,459,535,19,0,34,7,103,20,ATK@600,gauntlet/20260930-184924-scrim-arch_rush/replays/H4ffliger.keyboardcrusader_v1__Funnel__botB.bc24,H4ffliger.keyboardcrusader_v1,1,arch_rush
A,bc24scenario,0,918,CAPTURE,0,-1,0,1,0,1,2,58,57,3,1115,1115,6,18,15,14,1,1,1,2,2,650,ATK@600,gauntlet/20260930-184924-scrim-arch_rush/replays/Metta-AI.bc24scenario__Tunnels__botB.bc24,Metta-AI.bc24scenario,0,arch_rush
B,arch_rush,1,918,CAPTURE,3,448,267,321,314,3,19,0,63,23,170,120,3,4,705,16,19,0,30,0,650,2,ATK@600,gauntlet/20260930-184924-scrim-arch_rush/replays/Metta-AI.bc24scenario__Tunnels__botB.bc24,Metta-AI.bc24scenario,1,arch_rush
A,v9,0,1620,CAPTURE,2,347,240,10,0,0,0,0,33,22,995,964,4,1,361,760,0,0,52,324,173,488,ATK@600+HEAL@1200,gauntlet/20260930-184924-scrim-arch_rush/replays/TylerJulian.v9__Rivers__botB.bc24,TylerJulian.v9,0,arch_rush
B,arch_rush,1,1620,CAPTURE,3,351,243,777,769,3,0,0,34,26,185,315,4,1,748,554,8,0,48,225,488,173,ATK@600+HEAL@1200,gauntlet/20260930-184924-scrim-arch_rush/replays/TylerJulian.v9__Rivers__botB.bc24,TylerJulian.v9,1,arch_rush
A,SimpleBot,0,1002,RESIGNATION,0,-1,0,0,0,0,0,0,0,0,2400,2900,0,21,0,0,0,0,0,0,0,1356,ATK@600,gauntlet/20260930-184924-scrim-arch_rush/replays/sayam-goyal.SimpleBot__StackGame__botB.bc24,sayam-goyal.SimpleBot,0,arch_rush
B,arch_rush,1,1002,RESIGNATION,2,302,227,454,448,3,22,0,30,48,163,2923,8,6,1238,0,20,0,35,0,1356,0,ATK@600,gauntlet/20260930-184924-scrim-arch_rush/replays/sayam-goyal.SimpleBot__StackGame__botB.bc24,sayam-goyal.SimpleBot,1,arch_rush
A,funkyguy3,0,1858,CAPTURE,2,726,254,51,0,0,0,0,42,66,60,60,3,7,64,310,39,0,48,238,24,1525,ATK@600+HEAL@1200+CAP@1800,gauntlet/20260930-184924-scrim-arch_rush/replays/lcforges.funkyguy3__Skyline__botB.bc24,lcforges.funkyguy3,0,arch_rush
B,arch_rush,1,1858,CAPTURE,3,445,223,881,873,3,46,0,102,88,11029,11024,8,1,900,420,17,0,198,467,1525,24,ATK@600+HEAL@1200+CAP@1800,gauntlet/20260930-184924-scrim-arch_rush/replays/lcforges.funkyguy3__Skyline__botB.bc24,lcforges.funkyguy3,1,arch_rush
A,arch_rush,1,696,CAPTURE,3,567,220,488,479,3,27,0,11,65,629,4164,10,4,1072,535,21,0,136,239,363,45,ATK@600,gauntlet/20260930-184924-scrim-arch_rush/replays/cViper971.ourplayer__Anchor__botA.bc24,cViper971.ourplayer,1,arch_rush
B,ourplayer,0,696,CAPTURE,0,-1,232,36,0,0,0,0,7,39,930,160,3,5,248,609,66,0,0,42,45,363,ATK@600,gauntlet/20260930-184924-scrim-arch_rush/replays/cViper971.ourplayer__Anchor__botA.bc24,cViper971.ourplayer,0,arch_rush
A,dinoboxer,0,2000,MORE_FLAG_CAPTURES,0,-1,425,22,0,0,0,0,33,35,110,30,0,6,223,240,35,0,0,159,128,275,ATK@600+CAP@1200+HEAL@1800,gauntlet/20260930-184924-scrim-arch_rush/replays/Peter-Fun.dinoboxer__HeMustBeFreed__botB.bc24,Peter-Fun.dinoboxer,0,arch_rush
B,arch_rush,1,2000,MORE_FLAG_CAPTURES,1,1906,224,1729,1713,3,11,0,117,14,10,55,2,3,347,262,17,0,34,150,275,128,ATK@600+HEAL@1200+CAP@1800,gauntlet/20260930-184924-scrim-arch_rush/replays/Peter-Fun.dinoboxer__HeMustBeFreed__botB.bc24,Peter-Fun.dinoboxer,1,arch_rush
A,arch_rush,1,605,CAPTURE,3,330,222,210,202,3,20,0,17,76,635,1225,10,1,1000,780,27,0,81,113,120,49,ATK@600,gauntlet/20260930-184924-scrim-arch_rush/replays/aj-chau.cowards__Foxes__botA.bc24,aj-chau.cowards,1,arch_rush
B,cowards,0,605,CAPTURE,1,564,257,14,0,0,0,0,23,22,4850,40,1,5,303,1282,55,0,0,50,49,120,,gauntlet/20260930-184924-scrim-arch_rush/replays/aj-chau.cowards__Foxes__botA.bc24,aj-chau.cowards,0,arch_rush
A,turtle,0,2000,LEVEL_SUM,0,-1,0,3,0,3,43,0,0,1,4800,40,0,21,0,0,28,0,0,0,0,118,HEAL@600+ATK@1200,gauntlet/20260930-184924-scrim-arch_rush/replays/andrearante12.turtle__MazeRunner__botB.bc24,andrearante12.turtle,0,arch_rush
B,arch_rush,1,2000,LEVEL_SUM,0,-1,0,3,0,3,32,0,81,19,15,400,3,3,0,0,16,0,46,0,118,0,ATK@600+HEAL@1200+CAP@1800,gauntlet/20260930-184924-scrim-arch_rush/replays/andrearante12.turtle__MazeRunner__botB.bc24,andrearante12.turtle,1,arch_rush
A,polyv4,0,2000,LEVEL_SUM,2,513,434,9,0,0,0,0,11,26,6550,13170,3,1,96,61,3,0,52,63,9,1089,HEAL@600+ATK@1200,gauntlet/20260930-184924-scrim-arch_rush/replays/polyllc.polyv4__SteamboatMickey__botB.bc24,polyllc.polyv4,0,arch_rush
B,arch_rush,1,2000,LEVEL_SUM,2,319,232,918,911,3,16,0,3,78,613,5073,11,3,1457,208,22,0,65,564,1089,9,ATK@600+HEAL@1200+CAP@1800,gauntlet/20260930-184924-scrim-arch_rush/replays/polyllc.polyv4__SteamboatMickey__botB.bc24,polyllc.polyv4,1,arch_rush
A,arch_rush,1,2000,LEVEL_SUM,2,1827,246,821,792,3,45,0,76,29,168,248,5,3,868,688,12,0,36,273,629,179,ATK@600+HEAL@1200+CAP@1800,gauntlet/20260930-184924-scrim-arch_rush/replays/reeceyang.v5__GravitationalWaves__botA.bc24,reeceyang.v5,1,arch_rush
B,v5,0,2000,LEVEL_SUM,2,1705,254,21,0,0,0,0,68,21,20,70,2,5,484,730,27,0,0,70,179,629,ATK@600+CAP@1200+HEAL@1800,gauntlet/20260930-184924-scrim-arch_rush/replays/reeceyang.v5__GravitationalWaves__botA.bc24,reeceyang.v5,0,arch_rush
A,MPAttack,0,501,RESIGNATION,0,-1,0,0,0,0,0,0,22,13,40,180,0,2,682,479,24,0,0,11,74,136,,gauntlet/20260930-184924-scrim-arch_rush/replays/itswin.MPAttack__TreeSearch__botB.bc24,itswin.MPAttack,0,arch_rush
B,arch_rush,1,501,RESIGNATION,0,-1,235,78,65,3,30,0,75,27,155,175,4,4,707,423,22,0,68,38,136,74,,gauntlet/20260930-184924-scrim-arch_rush/replays/itswin.MPAttack__TreeSearch__botB.bc24,itswin.MPAttack,1,arch_rush
A,tx,0,2000,MORE_FLAG_CAPTURES,0,-1,0,0,0,0,0,0,0,0,3100,3600,0,17,0,0,0,0,0,0,0,691,,gauntlet/20260930-184924-scrim-arch_rush/replays/PerishoJ.tx__DefaultLarge__botB.bc24,PerishoJ.tx,0,arch_rush
B,arch_rush,1,2000,MORE_FLAG_CAPTURES,2,1181,232,2056,2051,3,23,0,53,19,150,1045,3,3,1346,0,24,0,48,0,691,0,ATK@600+HEAL@1200+CAP@1800,gauntlet/20260930-184924-scrim-arch_rush/replays/PerishoJ.tx__DefaultLarge__botB.bc24,PerishoJ.tx,1,arch_rush
A,combustiblelemon,0,2000,MORE_FLAG_CAPTURES,0,-1,0,3,0,3,14,0,0,11,200,100,0,12,205,81,21,0,0,31,67,271,,gauntlet/20260930-184924-scrim-arch_rush/replays/samithShetty.combustiblelemon__Puzzle__botB.bc24,samithShetty.combustiblelemon,0,arch_rush
B,arch_rush,1,2000,MORE_FLAG_CAPTURES,2,1919,217,1646,1640,3,16,0,4,20,200,9000,3,3,340,261,16,0,34,6,271,67,ATK@600+HEAL@1200+CAP@1800,gauntlet/20260930-184924-scrim-arch_rush/replays/samithShetty.combustiblelemon__Puzzle__botB.bc24,samithShetty.combustiblelemon,1,arch_rush
A,v11,0,2000,LEVEL_SUM,0,-1,0,0,0,0,0,0,23,42,10,810,4,14,385,371,0,8,56,251,175,711,ATK@600+HEAL@1200+CAP@1800,gauntlet/20260930-184924-scrim-arch_rush/replays/JeffLegendPower.v11__EndAround__botB.bc24,JeffLegendPower.v11,0,arch_rush
B,arch_rush,1,2000,LEVEL_SUM,0,-1,262,98,92,3,34,0,67,21,135,125,3,3,542,638,18,0,43,0,711,175,ATK@600+HEAL@1200+CAP@1800,gauntlet/20260930-184924-scrim-arch_rush/replays/JeffLegendPower.v11__EndAround__botB.bc24,JeffLegendPower.v11,1,arch_rush
A,turtle,0,2000,MORE_FLAG_CAPTURES,0,-1,0,3,0,3,0,0,0,7,3200,23,0,18,240,409,36,0,0,8,41,1376,HEAL@600+ATK@1200,gauntlet/20260930-184924-scrim-arch_rush/replays/andrearante12.turtle__Funnel__botB.bc24,andrearante12.turtle,0,arch_rush
B,arch_rush,1,2000,MORE_FLAG_CAPTURES,1,422,234,943,938,3,14,0,39,29,195,990,4,4,676,437,17,0,43,15,1376,41,ATK@600+HEAL@1200+CAP@1800,gauntlet/20260930-184924-scrim-arch_rush/replays/andrearante12.turtle__Funnel__botB.bc24,andrearante12.turtle,1,arch_rush
A,arch_rush,1,2000,MORE_FLAG_CAPTURES,2,455,218,1204,1195,3,17,0,35,25,120,170,4,3,838,643,12,0,44,25,797,72,ATK@600+HEAL@1200+CAP@1800,gauntlet/20260930-184924-scrim-arch_rush/replays/dylanconklin.Team3__Fountain__botA.bc24,dylanconklin.Team3,1,arch_rush
B,Team3,0,2000,MORE_FLAG_CAPTURES,0,-1,0,3,0,3,0,0,31,16,85,175,2,0,313,170,29,0,0,49,72,797,,gauntlet/20260930-184924-scrim-arch_rush/replays/dylanconklin.Team3__Fountain__botA.bc24,dylanconklin.Team3,0,arch_rush
A,crayBasic,0,362,CAPTURE,0,-1,204,40,0,0,0,0,0,0,3000,3500,0,2,596,20,0,0,0,0,7,224,,gauntlet/20260930-184924-scrim-arch_rush/replays/abdullah8a0.crayBasic__Battlefield__botB.bc24,abdullah8a0.crayBasic,0,arch_rush
B,arch_rush,1,362,CAPTURE,3,246,220,103,95,3,29,0,33,36,321,776,5,31,1563,1009,15,0,49,39,224,7,,gauntlet/20260930-184924-scrim-arch_rush/replays/abdullah8a0.crayBasic__Battlefield__botB.bc24,abdullah8a0.crayBasic,1,arch_rush
A,arch_rush,1,2000,MORE_FLAG_CAPTURES,2,1068,1022,898,888,3,36,0,12,19,110,1490,2,5,1432,1383,3,0,62,116,1107,314,ATK@600+HEAL@1200+CAP@1800,gauntlet/20260930-184924-scrim-arch_rush/replays/qpwoeirut.tournament_sprint1__GaltonBoard__botA.bc24,qpwoeirut.tournament_sprint1,1,arch_rush
B,tournament_sprint1,0,2000,MORE_FLAG_CAPTURES,0,-1,0,0,0,0,0,0,9,0,2130,250,0,5,820,2011,51,0,0,136,314,1107,ATK@600+HEAL@1200,gauntlet/20260930-184924-scrim-arch_rush/replays/qpwoeirut.tournament_sprint1__GaltonBoard__botA.bc24,qpwoeirut.tournament_sprint1,0,arch_rush
A,arch_rush,1,863,CAPTURE,3,312,222,230,218,3,35,0,125,37,194,124,6,5,786,402,17,0,25,116,406,75,ATK@600,gauntlet/20260930-184924-scrim-arch_rush/replays/cViper971.ourplayer__Klein__botA.bc24,cViper971.ourplayer,1,arch_rush
B,ourplayer,0,863,CAPTURE,0,-1,247,36,0,0,0,0,34,31,820,1620,3,2,236,601,50,0,0,58,75,406,ATK@600,gauntlet/20260930-184924-scrim-arch_rush/replays/cViper971.ourplayer__Klein__botA.bc24,cViper971.ourplayer,0,arch_rush
A,arch_rush,1,2000,LEVEL_SUM,0,-1,214,1706,1700,3,29,0,16,31,125,4140,5,3,847,39,24,0,42,0,1041,4,ATK@600+HEAL@1200+CAP@1800,gauntlet/20260930-184924-scrim-arch_rush/replays/lukerhoads.warrior_2nd_comp__AceOfSpades__botA.bc24,lukerhoads.warrior_2nd_comp,1,arch_rush
B,warrior_2nd_comp,0,2000,LEVEL_SUM,0,-1,0,3,0,3,56,0,0,14,1800,2300,1,11,0,0,10,2,2,10,4,1041,ATK@750+CAP@1500,gauntlet/20260930-184924-scrim-arch_rush/replays/lukerhoads.warrior_2nd_comp__AceOfSpades__botA.bc24,lukerhoads.warrior_2nd_comp,0,arch_rush
A,moveBot1,0,663,CAPTURE,0,-1,0,0,0,0,0,0,36,24,1260,1730,4,11,344,549,24,0,0,19,36,221,ATK@600,gauntlet/20260930-184924-scrim-arch_rush/replays/adamseth2.moveBot1__StackGame__botB.bc24,adamseth2.moveBot1,0,arch_rush
B,arch_rush,1,663,CAPTURE,3,307,228,297,289,3,22,0,36,47,157,322,8,16,1273,805,20,0,38,0,221,36,ATK@600,gauntlet/20260930-184924-scrim-arch_rush/replays/adamseth2.moveBot1__StackGame__botB.bc24,adamseth2.moveBot1,1,arch_rush
A,arch_rush,1,2000,MORE_FLAG_CAPTURES,2,263,209,942,934,3,16,0,41,29,133,633,5,3,1006,412,12,0,56,0,2517,42,ATK@600+HEAL@1200+CAP@1800,gauntlet/20260930-184924-scrim-arch_rush/replays/Lithanium.AttackingBot__Ambush__botA.bc24,Lithanium.AttackingBot,1,arch_rush
B,AttackingBot,0,2000,MORE_FLAG_CAPTURES,0,-1,0,0,0,0,0,0,71,3,1770,150,0,9,24,0,22,0,0,60,42,2517,ATK@600+HEAL@1200,gauntlet/20260930-184924-scrim-arch_rush/replays/Lithanium.AttackingBot__Ambush__botA.bc24,Lithanium.AttackingBot,0,arch_rush
A,arch_rush,1,2000,MORE_FLAG_CAPTURES,2,479,266,959,935,3,17,0,42,22,175,165,4,3,698,640,10,0,30,127,1194,138,ATK@600+HEAL@1200+CAP@1800,gauntlet/20260930-184924-scrim-arch_rush/replays/MiloAkerman.v1__Fountain__botA.bc24,MiloAkerman.v1,1,arch_rush
B,v1,0,2000,MORE_FLAG_CAPTURES,0,-1,1244,15,0,0,0,0,72,2,1540,2240,0,10,449,478,15,0,0,44,138,1194,,gauntlet/20260930-184924-scrim-arch_rush/replays/MiloAkerman.v1__Fountain__botA.bc24,MiloAkerman.v1,0,arch_rush
A,arch_rush,1,991,CAPTURE,3,428,218,403,393,3,23,0,13,105,3370,3770,12,3,873,772,27,0,162,200,605,31,ATK@600,gauntlet/20260930-184924-scrim-arch_rush/replays/VarunVejalla.alexander__CH3353C4K3F4CT0RY__botA.bc24,VarunVejalla.alexander,1,arch_rush
B,alexander,0,991,CAPTURE,1,387,264,8,0,3,25,0,0,0,4600,5560,0,4,467,206,0,0,0,0,31,605,ATK@751,gauntlet/20260930-184924-scrim-arch_rush/replays/VarunVejalla.alexander__CH3353C4K3F4CT0RY__botA.bc24,VarunVejalla.alexander,0,arch_rush
A,Sprint2,0,2000,LEVEL_SUM,2,996,872,10,0,0,0,0,163,0,4410,130,0,16,182,385,15,9,12,89,56,1279,ATK@600+CAP@1200+HEAL@1800,gauntlet/20260930-184924-scrim-arch_rush/replays/tlevietpdx.Sprint2__Battlecode24__botB.bc24,tlevietpdx.Sprint2,0,arch_rush
B,arch_rush,1,2000,LEVEL_SUM,2,514,230,913,907,3,32,0,72,69,4645,20585,7,3,1085,352,15,0,86,426,1279,56,ATK@600+HEAL@1200+CAP@1800,gauntlet/20260930-184924-scrim-arch_rush/replays/tlevietpdx.Sprint2__Battlecode24__botB.bc24,tlevietpdx.Sprint2,1,arch_rush
A,arch_rush,1,2000,MORE_FLAG_CAPTURES,1,1505,217,2141,2135,3,54,0,35,22,130,100,3,3,268,85,8,0,42,0,214,35,ATK@600+HEAL@1200+CAP@1800,gauntlet/20260930-184924-scrim-arch_rush/replays/Lithanium.AttackingBot__OceanFloor__botA.bc24,Lithanium.AttackingBot,1,arch_rush
B,AttackingBot,0,2000,MORE_FLAG_CAPTURES,0,-1,0,0,0,0,0,0,81,0,1370,70,0,7,10,0,9,0,0,48,35,214,ATK@600+HEAL@1200,gauntlet/20260930-184924-scrim-arch_rush/replays/Lithanium.AttackingBot__OceanFloor__botA.bc24,Lithanium.AttackingBot,0,arch_rush
A,arch_rush,1,2000,MORE_FLAG_CAPTURES,2,893,225,1145,1138,3,8,0,37,43,195,1900,7,7,325,277,14,0,36,53,289,22,ATK@600+HEAL@1200+CAP@1800,gauntlet/20260930-184924-scrim-arch_rush/replays/SriLakshmiPolavarapu.ducks__Mountain__botA.bc24,SriLakshmiPolavarapu.ducks,1,arch_rush
B,ducks,0,2000,MORE_FLAG_CAPTURES,0,-1,0,3,0,3,14,0,0,30,200,100,0,14,20,0,42,0,0,45,22,289,,gauntlet/20260930-184924-scrim-arch_rush/replays/SriLakshmiPolavarapu.ducks__Mountain__botA.bc24,SriLakshmiPolavarapu.ducks,0,arch_rush
A,v22,0,2000,MORE_FLAG_CAPTURES,0,-1,0,0,0,0,0,0,21,8,4170,40,0,30,738,240,0,0,68,230,330,386,HEAL@600+ATK@1200+CAP@1800,gauntlet/20260930-184924-scrim-arch_rush/replays/RyanAspen.v22__Swoop__botB.bc24,RyanAspen.v22,0,arch_rush
B,arch_rush,1,2000,MORE_FLAG_CAPTURES,1,792,260,815,807,3,39,0,53,43,130,150,7,3,764,900,24,0,45,0,386,330,ATK@600+HEAL@1200+CAP@1800,gauntlet/20260930-184924-scrim-arch_rush/replays/RyanAspen.v22__Swoop__botB.bc24,RyanAspen.v22,1,arch_rush
A,arch_rush,1,2000,MORE_FLAG_CAPTURES,1,1355,236,2132,2123,3,39,0,17,22,120,150,3,3,530,406,6,0,45,22,184,26,ATK@600+HEAL@1200+CAP@1800,gauntlet/20260930-184924-scrim-arch_rush/replays/AlexYu84.smartPlayer__Digging__botA.bc24,AlexYu84.smartPlayer,1,arch_rush
B,smartPlayer,0,2000,MORE_FLAG_CAPTURES,0,-1,0,3,0,3,17,0,8,14,120,40,1,14,89,5,26,15,0,74,26,184,,gauntlet/20260930-184924-scrim-arch_rush/replays/AlexYu84.smartPlayer__Digging__botA.bc24,AlexYu84.smartPlayer,0,arch_rush
A,arch_rush,1,2000,MORE_FLAG_CAPTURES,2,518,227,1131,1122,3,31,0,201,76,635,23705,9,2,1329,719,21,0,135,338,1326,102,ATK@600+HEAL@1200+CAP@1800,gauntlet/20260930-184924-scrim-arch_rush/replays/neilhuang007.baseline__Snake__botA.bc24,neilhuang007.baseline,1,arch_rush
B,baseline,0,2000,MORE_FLAG_CAPTURES,1,435,257,25,0,0,0,0,221,9,7870,15600,0,4,504,728,0,0,9,8,102,1326,CAP@600+ATK@1200+HEAL@1800,gauntlet/20260930-184924-scrim-arch_rush/replays/neilhuang007.baseline__Snake__botA.bc24,neilhuang007.baseline,0,arch_rush
A,arch_rush,1,2000,MORE_FLAG_CAPTURES,2,409,241,1368,1349,3,37,0,78,15,190,315,2,1,720,661,4,0,26,279,536,90,ATK@600+HEAL@1200+CAP@1800,gauntlet/20260930-184924-scrim-arch_rush/replays/Peter-Fun.dinoboxer__Decision__botA.bc24,Peter-Fun.dinoboxer,1,arch_rush
B,dinoboxer,0,2000,MORE_FLAG_CAPTURES,1,1034,263,32,0,0,0,0,0,16,200,30,0,0,406,497,16,1,4,101,90,536,ATK@600+CAP@1200+HEAL@1800,gauntlet/20260930-184924-scrim-arch_rush/replays/Peter-Fun.dinoboxer__Decision__botA.bc24,Peter-Fun.dinoboxer,0,arch_rush
A,ducks,0,481,CAPTURE,0,-1,0,3,0,3,0,0,0,26,200,100,0,0,37,0,36,0,0,23,7,194,,gauntlet/20260930-184924-scrim-arch_rush/replays/SriLakshmiPolavarapu.ducks__StackGame__botB.bc24,SriLakshmiPolavarapu.ducks,0,arch_rush
B,arch_rush,1,481,CAPTURE,3,282,237,190,183,3,22,0,34,48,224,1954,8,3,935,383,20,0,33,0,194,7,,gauntlet/20260930-184924-scrim-arch_rush/replays/SriLakshmiPolavarapu.ducks__StackGame__botB.bc24,SriLakshmiPolavarapu.ducks,1,arch_rush
A,arch_rush,1,2000,MORE_FLAG_CAPTURES,2,531,316,942,936,3,32,0,86,17,40,160,3,3,191,10,23,0,46,0,1946,0,ATK@600+HEAL@1200+CAP@1800,gauntlet/20260930-184924-scrim-arch_rush/replays/sivakovivan.NewHide__MazeRunner__botA.bc24,sivakovivan.NewHide,1,arch_rush
B,NewHide,0,2000,MORE_FLAG_CAPTURES,0,-1,0,0,0,0,0,0,0,50,20,20,1,40,6,15,0,0,70,117,0,1946,HEAL@600,gauntlet/20260930-184924-scrim-arch_rush/replays/sivakovivan.NewHide__MazeRunner__botA.bc24,sivakovivan.NewHide,0,arch_rush
A,Sprint2,0,2000,MORE_FLAG_CAPTURES,1,1204,556,17,0,0,0,0,36,0,15820,30,0,3,318,402,52,25,31,147,101,976,ATK@600+CAP@1200+HEAL@1800,gauntlet/20260930-184924-scrim-arch_rush/replays/tlevietpdx.Sprint2__Joker__botB.bc24,tlevietpdx.Sprint2,0,arch_rush
B,arch_rush,1,2000,MORE_FLAG_CAPTURES,2,420,223,935,927,3,13,0,2,102,5530,9845,10,6,1105,450,22,0,100,654,976,101,ATK@600+HEAL@1200+CAP@1800,gauntlet/20260930-184924-scrim-arch_rush/replays/tlevietpdx.Sprint2__Joker__botB.bc24,tlevietpdx.Sprint2,1,arch_rush
A,smartPlayer,0,2000,MORE_FLAG_CAPTURES,0,-1,0,9,0,9,15,0,16,18,40,30,2,14,87,4,25,17,0,74,33,158,,gauntlet/20260930-184924-scrim-arch_rush/replays/AlexYu84.smartPlayer__SteamboatMickey__botB.bc24,AlexYu84.smartPlayer,0,arch_rush
B,arch_rush,1,2000,MORE_FLAG_CAPTURES,1,960,217,1611,1599,3,34,0,8,76,671,10271,12,3,338,313,24,0,56,40,158,33,ATK@600+HEAL@1200+CAP@1800,gauntlet/20260930-184924-scrim-arch_rush/replays/AlexYu84.smartPlayer__SteamboatMickey__botB.bc24,AlexYu84.smartPlayer,1,arch_rush
A,arch_rush,1,2000,MORE_FLAG_CAPTURES,2,230,208,973,966,3,7,0,0,46,120,110,8,8,968,635,21,0,51,116,2100,39,ATK@600+HEAL@1200+CAP@1800,gauntlet/20260930-184924-scrim-arch_rush/replays/joelcrouch.ducks__Yinyang__botA.bc24,joelcrouch.ducks,1,arch_rush
B,ducks,0,2000,MORE_FLAG_CAPTURES,0,-1,651,9,0,3,13,0,0,26,100,200,0,0,45,0,35,0,0,102,39,2100,,gauntlet/20260930-184924-scrim-arch_rush/replays/joelcrouch.ducks__Yinyang__botA.bc24,joelcrouch.ducks,0,arch_rush
A,bc24scenario,0,705,CAPTURE,0,-1,0,1,0,1,5,58,57,3,1015,1075,6,7,134,109,1,1,1,3,1,346,ATK@600,gauntlet/20260930-184924-scrim-arch_rush/replays/Metta-AI.bc24scenario__Alligator__botB.bc24,Metta-AI.bc24scenario,0,arch_rush
B,arch_rush,1,705,CAPTURE,3,358,218,363,357,3,17,0,60,29,205,3130,4,3,1237,280,22,0,43,0,346,1,ATK@600,gauntlet/20260930-184924-scrim-arch_rush/replays/Metta-AI.bc24scenario__Alligator__botB.bc24,Metta-AI.bc24scenario,1,arch_rush
A,moveBot1,0,2000,MORE_FLAG_CAPTURES,1,499,210,18,0,0,0,0,44,20,260,10,3,3,199,560,22,0,13,51,32,805,ATK@600+HEAL@1200+CAP@1800,gauntlet/20260930-184924-scrim-arch_rush/replays/adamseth2.moveBot1__WheresMyWater__botB.bc24,adamseth2.moveBot1,0,arch_rush
B,arch_rush,1,2000,MORE_FLAG_CAPTURES,2,263,230,845,840,3,22,0,58,28,240,1215,4,11,1696,553,8,0,74,385,805,32,ATK@600+HEAL@1200+CAP@1800,gauntlet/20260930-184924-scrim-arch_rush/replays/adamseth2.moveBot1__WheresMyWater__botB.bc24,adamseth2.moveBot1,1,arch_rush
A,v5,0,2000,MORE_FLAG_CAPTURES,0,-1,241,30,0,0,0,0,71,27,10,70,3,1,542,748,41,0,0,63,182,712,ATK@600+CAP@1200+HEAL@1800,gauntlet/20260930-184924-scrim-arch_rush/replays/reeceyang.v5__BigDucksBigPond__botB.bc24,reeceyang.v5,0,arch_rush
B,arch_rush,1,2000,MORE_FLAG_CAPTURES,1,1605,241,1172,1145,3,38,0,106,32,163,258,5,4,1115,976,21,0,55,162,712,182,ATK@600+HEAL@1200+CAP@1800,gauntlet/20260930-184924-scrim-arch_rush/replays/reeceyang.v5__BigDucksBigPond__botB.bc24,reeceyang.v5,1,arch_rush
A,ExplosiveBot,0,2000,LEVEL_SUM,1,520,302,51,35,0,0,0,0,16,1900,30,0,15,798,721,22,0,9,110,388,1014,ATK@600+HEAL@1200,gauntlet/20260930-184924-scrim-arch_rush/replays/awu7.ExplosiveBot__Valentine__botB.bc24,awu7.ExplosiveBot,0,arch_rush
B,arch_rush,1,2000,LEVEL_SUM,1,1254,439,769,753,3,31,0,0,37,170,165,6,3,959,1105,15,0,43,60,1014,388,ATK@600+HEAL@1200+CAP@1800,gauntlet/20260930-184924-scrim-arch_rush/replays/awu7.ExplosiveBot__Valentine__botB.bc24,awu7.ExplosiveBot,1,arch_rush
A,NewHide,0,1422,CAPTURE,0,-1,0,0,0,0,0,0,0,45,10,20,1,12,32,34,0,0,65,55,0,1817,HEAL@600,gauntlet/20260930-184924-scrim-arch_rush/replays/sivakovivan.NewHide__Ambush__botB.bc24,sivakovivan.NewHide,0,arch_rush
B,arch_rush,1,1422,CAPTURE,3,267,210,601,595,3,13,0,38,26,121,241,3,7,1330,64,24,0,43,0,1817,0,ATK@600+HEAL@1200,gauntlet/20260930-184924-scrim-arch_rush/replays/sivakovivan.NewHide__Ambush__botB.bc24,sivakovivan.NewHide,1,arch_rush
A,arch_rush,1,1126,CAPTURE,3,395,263,242,228,3,19,0,57,74,4414,17254,8,3,1000,20,19,0,56,35,952,8,ATK@600,gauntlet/20260930-184924-scrim-arch_rush/replays/polyllc.polyv4__Battlecode24__botA.bc24,polyllc.polyv4,1,arch_rush
B,polyv4,0,1126,CAPTURE,0,-1,0,0,0,0,0,0,72,24,6730,13580,3,23,10,202,0,0,35,138,8,952,HEAL@600,gauntlet/20260930-184924-scrim-arch_rush/replays/polyllc.polyv4__Battlecode24__botA.bc24,polyllc.polyv4,0,arch_rush
A,arch_rush,1,1001,RESIGNATION,2,291,242,444,438,3,14,0,41,22,205,140,4,3,1561,0,24,0,44,0,889,0,ATK@600,gauntlet/20260930-184924-scrim-arch_rush/replays/sayam-goyal.SimpleBot__Fountain__botA.bc24,sayam-goyal.SimpleBot,1,arch_rush
B,SimpleBot,0,1001,RESIGNATION,0,-1,0,0,0,0,0,0,0,0,2400,2900,0,11,0,0,0,0,0,0,0,889,ATK@600,gauntlet/20260930-184924-scrim-arch_rush/replays/sayam-goyal.SimpleBot__Fountain__botA.bc24,sayam-goyal.SimpleBot,0,arch_rush
A,combustiblelemon,0,2000,LEVEL_SUM,1,1980,1893,5,0,3,15,0,0,19,100,200,0,1,306,94,29,0,0,17,34,160,,gauntlet/20260930-184924-scrim-arch_rush/replays/samithShetty.combustiblelemon__Fountain__botB.bc24,samithShetty.combustiblelemon,0,arch_rush
B,arch_rush,1,2000,LEVEL_SUM,1,292,227,925,912,3,34,0,49,22,120,90,3,3,599,468,7,0,37,25,160,34,ATK@600+HEAL@1200+CAP@1800,gauntlet/20260930-184924-scrim-arch_rush/replays/samithShetty.combustiblelemon__Fountain__botB.bc24,samithShetty.combustiblelemon,1,arch_rush
A,v9,0,600,CAPTURE,2,418,252,10,0,0,0,0,28,23,1025,995,3,0,575,985,0,0,60,60,39,192,ATK@600,gauntlet/20260930-184924-scrim-arch_rush/replays/TylerJulian.v9__KingQuacksCastle__botB.bc24,TylerJulian.v9,0,arch_rush
B,arch_rush,1,600,CAPTURE,3,350,217,281,271,3,27,0,27,26,120,870,4,13,924,699,7,0,58,86,192,39,ATK@600,gauntlet/20260930-184924-scrim-arch_rush/replays/TylerJulian.v9__KingQuacksCastle__botB.bc24,TylerJulian.v9,1,arch_rush
A,arch_rush,1,2000,LEVEL_SUM,0,-1,232,1793,1785,3,21,0,50,52,695,265,7,3,383,288,21,0,42,6,134,23,ATK@600+HEAL@1200+CAP@1800,gauntlet/20260930-184924-scrim-arch_rush/replays/Rubrasum.version_3__Rainbow__botA.bc24,Rubrasum.version_3,1,arch_rush
B,version_3,0,2000,LEVEL_SUM,0,-1,0,3,0,3,8,0,0,41,200,100,0,11,139,0,51,0,0,26,23,134,ATK@600,gauntlet/20260930-184924-scrim-arch_rush/replays/Rubrasum.version_3__Rainbow__botA.bc24,Rubrasum.version_3,0,arch_rush
A,alexander,0,1706,CAPTURE,0,-1,299,25,0,3,15,0,0,0,4000,4630,0,8,798,188,0,0,0,0,264,1674,ATK@751+CAP@1501,gauntlet/20260930-184924-scrim-arch_rush/replays/VarunVejalla.alexander__BreadPudding__botB.bc24,VarunVejalla.alexander,0,arch_rush
B,arch_rush,1,1706,CAPTURE,3,391,242,440,427,3,13,0,44,29,205,385,5,10,1142,1140,16,0,45,121,1674,264,ATK@600+HEAL@1200,gauntlet/20260930-184924-scrim-arch_rush/replays/VarunVejalla.alexander__BreadPudding__botB.bc24,VarunVejalla.alexander,1,arch_rush
A,arch_rush,1,2000,LEVEL_SUM,0,-1,310,709,695,3,45,0,71,29,207,197,4,5,1260,1194,13,0,37,133,1361,153,ATK@600+HEAL@1200+CAP@1800,gauntlet/20260930-184924-scrim-arch_rush/replays/MiloAkerman.v1__GravitationalWaves__botA.bc24,MiloAkerman.v1,1,arch_rush
B,v1,0,2000,LEVEL_SUM,0,-1,383,14,0,0,0,0,136,3,820,780,0,22,744,1243,14,0,0,13,153,1361,,gauntlet/20260930-184924-scrim-arch_rush/replays/MiloAkerman.v1__GravitationalWaves__botA.bc24,MiloAkerman.v1,0,arch_rush
A,dangerduck2,0,2000,MORE_FLAG_CAPTURES,1,558,235,62,3,0,0,0,48,24,1650,1753,3,2,547,473,0,24,0,84,27,1792,ATK@615+HEAL@1256,gauntlet/20260930-184924-scrim-arch_rush/replays/dylanzemlin.dangerduck2__Soccer__botB.bc24,dylanzemlin.dangerduck2,0,arch_rush
B,arch_rush,1,2000,MORE_FLAG_CAPTURES,2,483,224,1240,1228,3,27,0,21,38,146,176,7,1,1282,920,18,0,65,524,1792,27,ATK@600+HEAL@1200+CAP@1800,gauntlet/20260930-184924-scrim-arch_rush/replays/dylanzemlin.dangerduck2__Soccer__botB.bc24,dylanzemlin.dangerduck2,1,arch_rush
A,version_3,0,1442,CAPTURE,1,843,332,17,0,3,0,0,0,21,100,880,0,7,326,0,48,0,0,34,43,581,ATK@600,gauntlet/20260930-184924-scrim-arch_rush/replays/Rubrasum.version_3__Ambush__botB.bc24,Rubrasum.version_3,0,arch_rush
B,arch_rush,1,1442,CAPTURE,3,369,204,703,692,3,19,0,44,24,197,677,3,4,1113,782,18,0,28,307,581,43,ATK@600+HEAL@1200,gauntlet/20260930-184924-scrim-arch_rush/replays/Rubrasum.version_3__Ambush__botB.bc24,Rubrasum.version_3,1,arch_rush
A,arch_rush,1,501,RESIGNATION,1,342,214,150,134,3,53,0,83,46,173,313,8,3,1204,882,24,0,34,0,206,176,,gauntlet/20260930-184924-scrim-arch_rush/replays/itswin.MPAttack__Islands__botA.bc24,itswin.MPAttack,1,arch_rush
B,MPAttack,0,501,RESIGNATION,0,-1,0,0,0,0,0,0,8,10,860,1420,0,4,1201,940,32,0,0,24,176,206,,gauntlet/20260930-184924-scrim-arch_rush/replays/itswin.MPAttack__Islands__botA.bc24,itswin.MPAttack,0,arch_rush
A,crayBasic,0,2000,MORE_FLAG_CAPTURES,0,-1,0,0,0,0,0,0,0,0,2700,4400,0,22,129,0,0,0,0,0,23,1510,,gauntlet/20260930-184924-scrim-arch_rush/replays/abdullah8a0.crayBasic__FloodGates__botB.bc24,abdullah8a0.crayBasic,0,arch_rush
B,arch_rush,1,2000,MORE_FLAG_CAPTURES,1,1992,255,1529,1522,3,17,0,4,25,155,20,5,3,249,225,7,0,45,7,1510,23,ATK@600+HEAL@1200+CAP@1800,gauntlet/20260930-184924-scrim-arch_rush/replays/abdullah8a0.crayBasic__FloodGates__botB.bc24,abdullah8a0.crayBasic,1,arch_rush
A,Team3,0,2000,MORE_FLAG_CAPTURES,0,-1,0,3,0,3,15,0,7,14,20,40,2,21,250,144,31,0,0,91,77,885,,gauntlet/20260930-184924-scrim-arch_rush/replays/dylanconklin.Team3__FloodGates__botB.bc24,dylanconklin.Team3,0,arch_rush
B,arch_rush,1,2000,MORE_FLAG_CAPTURES,1,662,251,973,960,3,17,0,3,25,185,15,4,3,530,567,7,0,39,20,885,77,ATK@600+HEAL@1200+CAP@1800,gauntlet/20260930-184924-scrim-arch_rush/replays/dylanconklin.Team3__FloodGates__botB.bc24,dylanconklin.Team3,1,arch_rush
A,arch_rush,1,2000,MORE_FLAG_CAPTURES,2,440,227,997,991,3,44,0,54,28,140,105,4,3,1304,0,24,0,48,0,242,0,ATK@600+HEAL@1200+CAP@1800,gauntlet/20260930-184924-scrim-arch_rush/replays/PerishoJ.tx__Duck__botA.bc24,PerishoJ.tx,1,arch_rush
B,tx,0,2000,MORE_FLAG_CAPTURES,0,-1,0,0,0,0,0,0,0,0,2500,3100,0,8,0,0,0,0,0,0,0,242,,gauntlet/20260930-184924-scrim-arch_rush/replays/PerishoJ.tx__Duck__botA.bc24,PerishoJ.tx,0,arch_rush
A,arch_rush,1,2000,MORE_FLAG_CAPTURES,2,285,225,945,940,3,33,0,13,18,190,205,2,3,779,316,24,0,49,68,545,7,ATK@600+HEAL@1200+CAP@1800,gauntlet/20260930-184924-scrim-arch_rush/replays/joelcrouch.ducks__Pancakes__botA.bc24,joelcrouch.ducks,1,arch_rush
B,ducks,0,2000,MORE_FLAG_CAPTURES,0,-1,0,3,0,3,6,0,0,11,200,100,0,0,49,0,37,0,0,31,7,545,,gauntlet/20260930-184924-scrim-arch_rush/replays/joelcrouch.ducks__Pancakes__botA.bc24,joelcrouch.ducks,0,arch_rush
A,funkyguy3,0,1542,CAPTURE,0,-1,288,41,0,0,0,0,16,29,60,40,3,8,96,732,17,0,46,140,14,1040,ATK@600+HEAL@1200,gauntlet/20260930-184924-scrim-arch_rush/replays/lcforges.funkyguy3__Funnel__botB.bc24,lcforges.funkyguy3,0,arch_rush
B,arch_rush,1,1542,CAPTURE,3,1164,232,1203,1192,3,23,0,26,33,125,518,5,1,1420,240,20,0,53,469,1040,14,ATK@600+HEAL@1200,gauntlet/20260930-184924-scrim-arch_rush/replays/lcforges.funkyguy3__Funnel__botB.bc24,lcforges.funkyguy3,1,arch_rush
A,arch_rush,1,2000,MORE_FLAG_CAPTURES,2,577,220,1089,1081,3,14,0,20,38,194,149,6,3,737,948,20,0,35,457,779,59,ATK@600+HEAL@1200+CAP@1800,gauntlet/20260930-184924-scrim-arch_rush/replays/H4ffliger.keyboardcrusader_v1__Soccer__botA.bc24,H4ffliger.keyboardcrusader_v1,1,arch_rush
B,keyboardcrusader_v1,0,2000,MORE_FLAG_CAPTURES,1,1352,543,36,0,3,0,0,48,0,3960,4260,0,0,481,682,22,0,0,64,59,779,,gauntlet/20260930-184924-scrim-arch_rush/replays/H4ffliger.keyboardcrusader_v1__Soccer__botA.bc24,H4ffliger.keyboardcrusader_v1,0,arch_rush
A,arch_rush,1,2000,MORE_FLAG_CAPTURES,2,1819,665,1186,1171,3,17,0,25,37,173,153,6,3,1368,728,18,0,36,5,1095,261,ATK@600+HEAL@1200+CAP@1800,gauntlet/20260930-184924-scrim-arch_rush/replays/qpwoeirut.tournament_sprint1__Soccer__botA.bc24,qpwoeirut.tournament_sprint1,1,arch_rush
B,tournament_sprint1,0,2000,MORE_FLAG_CAPTURES,0,-1,0,0,0,0,0,0,48,0,3960,430,0,3,412,2357,29,0,0,108,261,1095,ATK@600+HEAL@1200,gauntlet/20260930-184924-scrim-arch_rush/replays/qpwoeirut.tournament_sprint1__Soccer__botA.bc24,qpwoeirut.tournament_sprint1,0,arch_rush
A,warrior_2nd_comp,0,2000,MORE_FLAG_CAPTURES,0,-1,0,3,0,3,34,0,0,18,1700,2200,0,5,0,0,13,2,3,18,10,2923,ATK@750+CAP@1500,gauntlet/20260930-184924-scrim-arch_rush/replays/lukerhoads.warrior_2nd_comp__Tunnels__botB.bc24,lukerhoads.warrior_2nd_comp,0,arch_rush
B,arch_rush,1,2000,MORE_FLAG_CAPTURES,2,349,280,879,872,3,23,0,61,24,135,165,4,3,810,173,20,0,35,0,2923,10,ATK@600+HEAL@1200+CAP@1800,gauntlet/20260930-184924-scrim-arch_rush/replays/lukerhoads.warrior_2nd_comp__Tunnels__botB.bc24,lukerhoads.warrior_2nd_comp,1,arch_rush
A,v11,0,2000,LEVEL_SUM,0,-1,305,8,3,0,0,0,28,66,8610,1037,5,16,805,1042,0,4,163,404,230,848,ATK@600+HEAL@1200+CAP@1800,gauntlet/20260930-184924-scrim-arch_rush/replays/JeffLegendPower.v11__StarryNight__botB.bc24,JeffLegendPower.v11,0,arch_rush
B,arch_rush,1,2000,LEVEL_SUM,0,-1,383,13,3,3,10,0,95,100,1705,1060,7,5,997,1153,24,0,105,93,848,230,ATK@600+HEAL@1200+CAP@1800,gauntlet/20260930-184924-scrim-arch_rush/replays/JeffLegendPower.v11__StarryNight__botB.bc24,JeffLegendPower.v11,1,arch_rush
A,player22,1,605,CAPTURE,3,300,258,15,1,3,0,0,66,0,3720,2540,0,9,1241,507,18,0,70,114,162,222,ATK@600,gauntlet/20260930-191119-scrim-arch_rush10/losses/andrewgopher.player22__Alligator__botB.bc24,andrewgopher.player22,0,arch_rush10
B,arch_rush10,0,605,CAPTURE,0,-1,0,0,0,0,0,0,48,33,140,300,5,34,1088,1528,12,0,59,86,222,162,ATK@600,gauntlet/20260930-191119-scrim-arch_rush10/losses/andrewgopher.player22__Alligator__botB.bc24,andrewgopher.player22,1,arch_rush10
A,v10official,1,419,CAPTURE,3,313,291,28,21,3,15,72,24,2,4886,16,14,0,1109,1838,9,2,72,72,49,38,,gauntlet/20260930-191119-scrim-arch_rush10/losses/Gymhgy.v10official__StackGame__botB.bc24,Gymhgy.v10official,0,arch_rush10
B,arch_rush10,0,419,CAPTURE,0,-1,305,1,0,0,0,0,31,52,205,305,9,12,1212,1692,14,0,58,46,38,49,,gauntlet/20260930-191119-scrim-arch_rush10/losses/Gymhgy.v10official__StackGame__botB.bc24,Gymhgy.v10official,1,arch_rush10
A,arch_rush10,0,2000,MORE_FLAG_CAPTURES,0,-1,233,1,0,0,0,0,70,52,150,270,9,13,875,1138,14,0,58,222,572,777,ATK@600+HEAL@1200+CAP@1800,gauntlet/20260930-191119-scrim-arch_rush10/losses/CyrilSharma.finalBot__Islands__botA.bc24,CyrilSharma.finalBot,1,arch_rush10
B,finalBot,1,2000,MORE_FLAG_CAPTURES,2,298,243,5,0,0,0,57,30,1,6231,3493,11,8,1074,1217,0,0,158,687,777,572,ATK@600+HEAL@1200+CAP@1800,gauntlet/20260930-191119-scrim-arch_rush10/losses/CyrilSharma.finalBot__Islands__botA.bc24,CyrilSharma.finalBot,0,arch_rush10
A,Version18Final,1,402,CAPTURE,3,297,245,9,0,3,28,26,14,6,1298,16585,4,2,892,976,46,3,104,76,60,37,,gauntlet/20260930-191119-scrim-arch_rush10/losses/uravt.Version18Final__HungerGames__botB.bc24,uravt.Version18Final,0,arch_rush10
B,arch_rush10,0,402,CAPTURE,1,325,220,52,51,0,0,0,18,24,145,295,4,0,704,996,10,0,48,50,37,60,,gauntlet/20260930-191119-scrim-arch_rush10/losses/uravt.Version18Final__HungerGames__botB.bc24,uravt.Version18Final,1,arch_rush10
A,arch_rush10,0,1329,CAPTURE,1,953,391,103,101,0,0,0,44,21,135,275,4,0,856,1006,4,0,35,127,211,422,ATK@600+HEAL@1200,gauntlet/20260930-191119-scrim-arch_rush10/losses/IvanGeffner.kuma__OceanFloor__botA.bc24,IvanGeffner.kuma,1,arch_rush10
B,kuma,1,1329,CAPTURE,3,307,259,32,19,0,0,90,49,3,725,365,18,4,1090,1152,0,0,55,272,422,211,ATK@600+HEAL@1200,gauntlet/20260930-191119-scrim-arch_rush10/losses/IvanGeffner.kuma__OceanFloor__botA.bc24,IvanGeffner.kuma,0,arch_rush10
A,flagbot_final,1,1115,CAPTURE,3,476,374,12,0,3,8,90,104,2,77,547,18,2,1052,1521,0,0,87,315,389,90,ATK@600,gauntlet/20260930-191119-scrim-arch_rush10/losses/chenyx512.flagbot_final__Funnel__botB.bc24,chenyx512.flagbot_final,0,arch_rush10
B,arch_rush10,0,1115,CAPTURE,1,651,278,189,180,0,0,0,31,30,155,70,5,11,937,1367,11,0,49,111,90,389,ATK@600,gauntlet/20260930-191119-scrim-arch_rush10/losses/chenyx512.flagbot_final__Funnel__botB.bc24,chenyx512.flagbot_final,1,arch_rush10
A,arch_rush10,0,529,CAPTURE,0,-1,282,52,46,0,0,0,193,79,645,1240,12,3,597,797,24,0,241,226,57,118,,gauntlet/20260930-191119-scrim-arch_rush10/losses/hsmalladi.finalbot__Snake__botA.bc24,hsmalladi.finalbot,1,arch_rush10
B,finalbot,1,529,CAPTURE,3,342,264,14,2,3,48,60,156,0,9916,15401,12,1,786,755,37,9,254,295,118,57,,gauntlet/20260930-191119-scrim-arch_rush10/losses/hsmalladi.finalbot__Snake__botA.bc24,hsmalladi.finalbot,0,arch_rush10
A,arch_rush10,0,330,CAPTURE,1,288,228,34,30,0,0,0,82,18,100,10,2,0,573,734,7,0,16,9,12,17,,gauntlet/20260930-191119-scrim-arch_rush10/losses/Gymhgy.v10official__Intercontinental__botA.bc24,Gymhgy.v10official,1,arch_rush10
B,v10official,1,330,CAPTURE,3,279,235,22,15,3,9,49,117,2,272,38,9,0,547,909,0,2,8,9,17,12,,gauntlet/20260930-191119-scrim-arch_rush10/losses/Gymhgy.v10official__Intercontinental__botA.bc24,Gymhgy.v10official,0,arch_rush10
A,waffle,1,903,CAPTURE,3,453,256,40,0,0,0,0,1,3,2070,6340,0,7,979,1094,0,0,143,206,168,265,ATK@600,gauntlet/20260930-191119-scrim-arch_rush10/losses/winkelmantanner.waffle__Puzzle__botB.bc24,winkelmantanner.waffle,0,arch_rush10
B,arch_rush10,0,903,CAPTURE,0,-1,422,140,135,0,0,0,3,22,165,210,4,23,848,1007,16,0,95,182,265,168,ATK@600,gauntlet/20260930-191119-scrim-arch_rush10/losses/winkelmantanner.waffle__Puzzle__botB.bc24,winkelmantanner.waffle,1,arch_rush10
A,arch_rush10,0,384,CAPTURE,0,-1,0,0,0,0,0,0,3,22,155,245,4,14,644,769,19,0,54,50,27,91,,gauntlet/20260930-191119-scrim-arch_rush10/losses/IvanGeffner.kuma__Puzzle__botA.bc24,IvanGeffner.kuma,1,arch_rush10
B,kuma,1,384,CAPTURE,3,363,237,19,13,0,0,86,4,0,873,2592,17,3,1045,787,5,0,198,145,91,27,,gauntlet/20260930-191119-scrim-arch_rush10/losses/IvanGeffner.kuma__Puzzle__botA.bc24,IvanGeffner.kuma,0,arch_rush10
A,v22,1,641,CAPTURE,3,276,216,21,0,0,0,0,72,36,940,70,0,6,763,355,0,0,57,85,96,272,HEAL@600,gauntlet/20260930-191119-scrim-arch_rush10/losses/RyanAspen.v22__Swoop__botB.bc24,RyanAspen.v22,0,arch_rush10
B,arch_rush10,0,641,CAPTURE,2,353,223,263,258,0,0,0,58,40,125,270,7,2,1005,946,14,0,66,81,272,96,ATK@600,gauntlet/20260930-191119-scrim-arch_rush10/losses/RyanAspen.v22__Swoop__botB.bc24,RyanAspen.v22,1,arch_rush10
A,arch_rush10,0,1042,CAPTURE,1,709,247,618,611,0,0,0,85,13,140,105,2,1,646,697,4,0,32,77,169,22,ATK@600,gauntlet/20260930-191119-scrim-arch_rush10/losses/Peter-Fun.dinoboxer__Decision__botA.bc24,Peter-Fun.dinoboxer,1,arch_rush10
B,dinoboxer,1,1042,CAPTURE,3,684,253,7,0,0,0,0,0,17,100,30,0,9,337,560,16,1,4,34,22,169,ATK@600,gauntlet/20260930-191119-scrim-arch_rush10/losses/Peter-Fun.dinoboxer__Decision__botA.bc24,Peter-Fun.dinoboxer,0,arch_rush10
A,arch_rush10,0,1307,CAPTURE,0,-1,265,76,62,0,0,0,96,36,185,80,6,0,876,1171,21,0,83,184,217,520,ATK@600+HEAL@1200,gauntlet/20260930-191119-scrim-arch_rush10/losses/Strequals.duck0127v5__BigDucksBigPond__botA.bc24,Strequals.duck0127v5,1,arch_rush10
B,duck0127v5,1,1307,CAPTURE,3,443,280,16,0,0,0,90,28,6,2157,1105,18,2,1082,1205,0,1,98,366,520,217,ATK@600+HEAL@1200,gauntlet/20260930-191119-scrim-arch_rush10/losses/Strequals.duck0127v5__BigDucksBigPond__botA.bc24,Strequals.duck0127v5,0,arch_rush10
A,arch_rush10,0,550,CAPTURE,2,318,233,64,55,0,0,0,0,41,145,45,7,1,827,1027,9,0,36,46,168,149,,gauntlet/20260930-191119-scrim-arch_rush10/losses/jmerle.camel_case_v21_final__BedWars__botA.bc24,jmerle.camel_case_v21_final,1,arch_rush10
B,camel_case_v21_final,1,550,CAPTURE,3,383,269,13,0,0,0,0,0,0,4800,1330,0,7,1060,441,0,0,37,45,149,168,,gauntlet/20260930-191119-scrim-arch_rush10/losses/jmerle.camel_case_v21_final__BedWars__botA.bc24,jmerle.camel_case_v21_final,0,arch_rush10
A,cretplayer2_3,1,2000,MORE_FLAG_CAPTURES,2,598,270,52,0,3,18,0,23,0,5010,920,0,2,1004,1032,0,5,59,244,578,1323,ATK@600+HEAL@1200+CAP@1800,gauntlet/20260930-191119-scrim-arch_rush10/losses/quesswho.cretplayer2_3__Hockey__botB.bc24,quesswho.cretplayer2_3,0,arch_rush10
B,arch_rush10,0,2000,MORE_FLAG_CAPTURES,1,886,279,195,172,0,0,0,29,43,130,225,7,0,1152,1052,8,0,64,357,1323,578,ATK@600+HEAL@1200+CAP@1800,gauntlet/20260930-191119-scrim-arch_rush10/losses/quesswho.cretplayer2_3__Hockey__botB.bc24,quesswho.cretplayer2_3,1,arch_rush10
A,arch_rush10,0,870,CAPTURE,0,-1,298,1,0,0,0,0,39,63,654,248,10,17,630,681,24,0,173,227,201,246,ATK@600,gauntlet/20260930-191119-scrim-arch_rush10/losses/CyrilSharma.finalBot__MIT__botA.bc24,CyrilSharma.finalBot,1,arch_rush10
B,finalBot,1,870,CAPTURE,3,355,321,12,0,0,0,47,12,1,8328,35408,9,2,650,636,0,0,193,479,246,201,ATK@600,gauntlet/20260930-191119-scrim-arch_rush10/losses/CyrilSharma.finalBot__MIT__botA.bc24,CyrilSharma.finalBot,0,arch_rush10
A,arch_rush10,0,689,CAPTURE,0,-1,634,1,0,0,0,0,0,38,145,95,7,14,784,1083,8,0,45,62,75,158,ATK@600,gauntlet/20260930-191119-scrim-arch_rush10/losses/andli28.v9_USQuals_angle__Valentine__botA.bc24,andli28.v9_USQuals_angle,1,arch_rush10
B,v9_USQuals_angle,1,689,CAPTURE,3,551,285,23,0,0,0,90,0,6,2445,2960,18,3,976,1212,10,3,99,165,158,75,ATK@600,gauntlet/20260930-191119-scrim-arch_rush10/losses/andli28.v9_USQuals_angle__Valentine__botA.bc24,andli28.v9_USQuals_angle,0,arch_rush10
A,arch_rush10,0,1665,CAPTURE,0,-1,503,1,0,0,0,0,273,62,529,239,10,3,870,1994,24,0,77,218,302,484,ATK@600+HEAL@1200,gauntlet/20260930-191119-scrim-arch_rush10/losses/andli28.v9_USQuals_angle__Waterworld__botA.bc24,andli28.v9_USQuals_angle,1,arch_rush10
B,v9_USQuals_angle,1,1665,CAPTURE,3,1306,1183,28,0,0,0,45,178,6,6992,7564,9,3,1070,1563,5,3,24,529,484,302,ATK@600+HEAL@1200,gauntlet/20260930-191119-scrim-arch_rush10/losses/andli28.v9_USQuals_angle__Waterworld__botA.bc24,andli28.v9_USQuals_angle,0,arch_rush10
A,TSPAARKSPRINT1,1,956,CAPTURE,3,590,278,40,0,3,32,0,30,0,9000,1176,0,5,554,1402,39,29,4,70,120,142,ATK@600,gauntlet/20260930-191119-scrim-arch_rush10/losses/SampleProvider.TSPAARKSPRINT1__Foxes__botB.bc24,SampleProvider.TSPAARKSPRINT1,0,arch_rush10
B,arch_rush10,0,956,CAPTURE,0,-1,274,34,21,0,0,0,15,77,625,285,12,13,967,932,24,0,79,161,142,120,ATK@600,gauntlet/20260930-191119-scrim-arch_rush10/losses/SampleProvider.TSPAARKSPRINT1__Foxes__botB.bc24,SampleProvider.TSPAARKSPRINT1,1,arch_rush10
A,v3,1,365,CAPTURE,3,291,241,11,6,0,0,0,17,0,2590,14470,0,4,916,831,0,0,144,132,61,30,,gauntlet/20260930-191119-scrim-arch_rush10/losses/NotLLeon.v3__HungerGames__botB.bc24,NotLLeon.v3,0,arch_rush10
B,arch_rush10,0,365,CAPTURE,0,-1,216,34,29,0,0,0,18,23,125,305,4,4,647,888,8,0,67,59,30,61,,gauntlet/20260930-191119-scrim-arch_rush10/losses/NotLLeon.v3__HungerGames__botB.bc24,NotLLeon.v3,1,arch_rush10
A,v3,1,2000,MORE_FLAG_CAPTURES,2,389,297,57,10,0,0,0,15,0,6050,5960,0,9,887,782,0,0,86,303,648,733,ATK@600+HEAL@1200+CAP@1800,gauntlet/20260930-191119-scrim-arch_rush10/losses/NotLLeon.v3__Mountain__botB.bc24,NotLLeon.v3,0,arch_rush10
B,arch_rush10,0,2000,MORE_FLAG_CAPTURES,0,-1,0,0,0,0,0,0,29,46,170,280,9,16,837,972,14,0,56,225,733,648,ATK@600+HEAL@1200+CAP@1800,gauntlet/20260930-191119-scrim-arch_rush10/losses/NotLLeon.v3__Mountain__botB.bc24,NotLLeon.v3,1,arch_rush10
A,Version18Final,1,1424,CAPTURE,3,588,237,21,0,3,21,21,32,21,444,58,3,4,895,1010,3,3,24,169,328,276,ATK@600+HEAL@1200,gauntlet/20260930-191119-scrim-arch_rush10/losses/uravt.Version18Final__Decision__botB.bc24,uravt.Version18Final,0,arch_rush10
B,arch_rush10,0,1424,CAPTURE,0,-1,403,102,93,0,0,0,75,17,170,260,2,3,774,1136,3,0,31,139,276,328,ATK@600+HEAL@1200,gauntlet/20260930-191119-scrim-arch_rush10/losses/uravt.Version18Final__Decision__botB.bc24,uravt.Version18Final,1,arch_rush10
A,flagbot_final,1,1169,CAPTURE,3,594,544,19,0,3,26,36,64,0,30,36,6,4,1099,1802,0,0,0,173,532,131,ATK@600,gauntlet/20260930-191119-scrim-arch_rush10/losses/chenyx512.flagbot_final__Racetrack__botB.bc24,chenyx512.flagbot_final,0,arch_rush10
B,arch_rush10,0,1169,CAPTURE,0,-1,0,0,0,0,0,0,58,4,160,180,0,4,1105,1667,1,0,22,85,131,532,ATK@600,gauntlet/20260930-191119-scrim-arch_rush10/losses/chenyx512.flagbot_final__Racetrack__botB.bc24,chenyx512.flagbot_final,1,arch_rush10
A,player22,1,1423,CAPTURE,3,285,257,17,0,3,0,0,26,0,2320,70,0,4,1303,661,0,0,68,329,923,672,ATK@600+HEAL@1200,gauntlet/20260930-191119-scrim-arch_rush10/losses/andrewgopher.player22__Digging__botB.bc24,andrewgopher.player22,0,arch_rush10
B,arch_rush10,0,1423,CAPTURE,0,-1,0,0,0,0,0,0,15,24,125,295,4,1,1025,1532,3,0,45,154,672,923,ATK@600+HEAL@1200,gauntlet/20260930-191119-scrim-arch_rush10/losses/andrewgopher.player22__Digging__botB.bc24,andrewgopher.player22,1,arch_rush10
A,camel_case_v21_final,1,421,CAPTURE,3,314,254,14,0,0,0,0,45,13,3050,3600,0,5,1379,379,0,0,115,105,99,121,,gauntlet/20260930-191119-scrim-arch_rush10/losses/jmerle.camel_case_v21_final__Alligator__botB.bc24,jmerle.camel_case_v21_final,0,arch_rush10
B,arch_rush10,0,421,CAPTURE,0,-1,235,11,7,0,0,0,54,34,145,275,5,9,981,1302,9,0,68,66,121,99,,gauntlet/20260930-191119-scrim-arch_rush10/losses/jmerle.camel_case_v21_final__Alligator__botB.bc24,jmerle.camel_case_v21_final,1,arch_rush10
A,arch_rush10,0,858,CAPTURE,0,-1,257,197,184,0,0,0,80,16,150,160,2,1,622,1082,2,0,27,74,106,145,ATK@600,gauntlet/20260930-191119-scrim-arch_rush10/losses/Strequals.duck0127v5__Decision__botA.bc24,Strequals.duck0127v5,1,arch_rush10
B,duck0127v5,1,858,CAPTURE,3,414,290,10,0,0,0,90,19,0,2000,1475,18,1,738,973,0,0,29,137,145,106,ATK@600,gauntlet/20260930-191119-scrim-arch_rush10/losses/Strequals.duck0127v5__Decision__botA.bc24,Strequals.duck0127v5,0,arch_rush10
A,arch_rush10,1,2000,MORE_FLAG_CAPTURES,2,515,301,174,170,0,0,0,35,47,155,235,8,3,804,748,11,0,74,606,1554,295,ATK@600+HEAL@1200+CAP@1800,gauntlet/20260930-191119-scrim-arch_rush10/replays/RyanAspen.v22__Mountain__botA.bc24,RyanAspen.v22,1,arch_rush10
B,v22,0,2000,MORE_FLAG_CAPTURES,1,241,224,4,0,0,0,0,44,9,4280,40,0,22,503,152,0,0,81,253,295,1554,ATK@600+CAP@1200+HEAL@1800,gauntlet/20260930-191119-scrim-arch_rush10/replays/RyanAspen.v22__Mountain__botA.bc24,RyanAspen.v22,0,arch_rush10
A,arch_rush10,1,1562,CAPTURE,3,356,266,164,133,0,0,0,10,43,195,255,7,22,1266,1557,13,0,53,199,726,339,ATK@600+HEAL@1200,gauntlet/20260930-191119-scrim-arch_rush10/replays/jonters.bling3__Alien__botA.bc24,jonters.bling3,1,arch_rush10
B,bling3,0,1562,CAPTURE,1,479,422,7,0,0,0,0,10,17,2000,700,0,8,789,1700,33,0,4,122,339,726,ATK@600+HEAL@1200,gauntlet/20260930-191119-scrim-arch_rush10/replays/jonters.bling3__Alien__botA.bc24,jonters.bling3,0,arch_rush10
A,cowards,0,2000,MORE_FLAG_CAPTURES,0,-1,246,25,0,0,0,0,19,14,830,63,0,2,359,1526,57,0,0,131,100,2358,ATK@750+HEAL@1500,gauntlet/20260930-191119-scrim-arch_rush10/replays/aj-chau.cowards__Occulus__botB.bc24,aj-chau.cowards,0,arch_rush10
B,arch_rush10,1,2000,MORE_FLAG_CAPTURES,2,757,317,865,855,0,0,0,15,32,165,265,6,17,1249,1034,7,0,44,670,2358,100,ATK@600+HEAL@1200+CAP@1800,gauntlet/20260930-191119-scrim-arch_rush10/replays/aj-chau.cowards__Occulus__botB.bc24,aj-chau.cowards,1,arch_rush10
A,sprint1,0,625,CAPTURE,1,382,215,9,0,0,0,0,63,14,10,10,0,6,261,1114,29,0,0,33,34,403,ATK@600,gauntlet/20260930-191119-scrim-arch_rush10/replays/justinottesen.sprint1__Ambush__botB.bc24,justinottesen.sprint1,0,arch_rush10
B,arch_rush10,1,625,CAPTURE,3,222,208,89,77,0,0,0,30,30,155,235,4,18,1813,642,6,0,64,114,403,34,ATK@600,gauntlet/20260930-191119-scrim-arch_rush10/replays/justinottesen.sprint1__Ambush__botB.bc24,justinottesen.sprint1,1,arch_rush10
A,keyboardcrusader_v1,0,2000,MORE_FLAG_CAPTURES,0,-1,0,3,0,3,51,0,98,0,1660,2760,0,0,215,542,24,0,0,78,30,295,,gauntlet/20260930-191119-scrim-arch_rush10/replays/H4ffliger.keyboardcrusader_v1__Funnel__botB.bc24,H4ffliger.keyboardcrusader_v1,0,arch_rush10
B,arch_rush10,1,2000,MORE_FLAG_CAPTURES,2,376,230,1076,1073,0,0,0,41,30,165,220,5,3,466,523,15,0,55,228,295,30,ATK@600+HEAL@1200+CAP@1800,gauntlet/20260930-191119-scrim-arch_rush10/replays/H4ffliger.keyboardcrusader_v1__Funnel__botB.bc24,H4ffliger.keyboardcrusader_v1,1,arch_rush10
A,duck8,0,1807,CAPTURE,2,278,210,19,0,0,0,0,28,29,40,50,2,12,936,1052,7,0,78,250,304,1249,ATK@750+HEAL@1500,gauntlet/20260930-191119-scrim-arch_rush10/replays/clbarrell.duck8__WheresMyWater__botB.bc24,clbarrell.duck8,0,arch_rush10
B,arch_rush10,1,1807,CAPTURE,3,455,304,266,262,0,0,0,55,28,155,115,5,0,1230,1324,11,0,32,432,1249,304,ATK@600+HEAL@1200+CAP@1800,gauntlet/20260930-191119-scrim-arch_rush10/replays/clbarrell.duck8__WheresMyWater__botB.bc24,clbarrell.duck8,1,arch_rush10
A,bc24scenario,0,665,CAPTURE,0,-1,0,1,0,1,2,58,58,3,1100,1100,6,30,18,32,1,1,1,0,0,322,ATK@600,gauntlet/20260930-191119-scrim-arch_rush10/replays/Metta-AI.bc24scenario__Tunnels__botB.bc24,Metta-AI.bc24scenario,0,arch_rush10
B,arch_rush10,1,665,CAPTURE,3,572,453,130,127,0,0,0,62,25,185,1450,3,21,103,36,4,0,57,90,322,0,ATK@600,gauntlet/20260930-191119-scrim-arch_rush10/replays/Metta-AI.bc24scenario__Tunnels__botB.bc24,Metta-AI.bc24scenario,1,arch_rush10
A,arch_rush10,1,2000,LEVEL_SUM,1,1345,281,1080,1061,0,0,0,4,27,170,140,4,24,1106,1304,5,0,42,215,540,156,ATK@600+HEAL@1200+CAP@1800,gauntlet/20260930-191119-scrim-arch_rush10/replays/quesswho.cretplayer2_3__FloodGates__botA.bc24,quesswho.cretplayer2_3,1,arch_rush10
B,cretplayer2_3,0,2000,LEVEL_SUM,1,514,285,16,0,3,17,0,1,0,2870,930,0,5,774,902,0,5,31,191,156,540,ATK@600+HEAL@1200+CAP@1800,gauntlet/20260930-191119-scrim-arch_rush10/replays/quesswho.cretplayer2_3__FloodGates__botA.bc24,quesswho.cretplayer2_3,0,arch_rush10
A,v9,0,851,CAPTURE,0,-1,239,1,0,0,0,0,35,21,975,1085,4,1,569,961,0,0,49,69,43,716,ATK@600,gauntlet/20260930-191119-scrim-arch_rush10/replays/TylerJulian.v9__Rivers__botB.bc24,TylerJulian.v9,0,arch_rush10
B,arch_rush10,1,851,CAPTURE,3,330,216,195,192,0,0,0,30,28,145,290,4,13,1518,840,5,0,46,89,716,43,ATK@600,gauntlet/20260930-191119-scrim-arch_rush10/replays/TylerJulian.v9__Rivers__botB.bc24,TylerJulian.v9,1,arch_rush10
A,SimpleBot,0,497,CAPTURE,0,-1,0,0,0,0,0,0,0,0,2400,2900,0,18,0,0,0,0,0,0,0,346,,gauntlet/20260930-191119-scrim-arch_rush10/replays/sayam-goyal.SimpleBot__StackGame__botB.bc24,sayam-goyal.SimpleBot,0,arch_rush10
B,arch_rush10,1,497,CAPTURE,3,308,235,113,110,0,0,0,34,52,155,305,10,5,1421,0,24,0,140,104,346,0,,gauntlet/20260930-191119-scrim-arch_rush10/replays/sayam-goyal.SimpleBot__StackGame__botB.bc24,sayam-goyal.SimpleBot,1,arch_rush10
A,funkyguy3,0,771,CAPTURE,0,-1,407,15,0,0,0,0,43,64,40,30,3,4,67,494,41,0,41,113,32,578,ATK@600,gauntlet/20260930-191119-scrim-arch_rush10/replays/lcforges.funkyguy3__Skyline__botB.bc24,lcforges.funkyguy3,0,arch_rush10
B,arch_rush10,1,771,CAPTURE,3,578,222,293,284,0,0,0,106,106,8555,263,9,13,1577,198,25,0,199,263,578,32,ATK@600,gauntlet/20260930-191119-scrim-arch_rush10/replays/lcforges.funkyguy3__Skyline__botB.bc24,lcforges.funkyguy3,1,arch_rush10
A,arch_rush10,1,555,CAPTURE,3,272,239,74,66,0,0,0,8,61,660,240,9,15,1476,881,24,0,119,126,327,51,,gauntlet/20260930-191119-scrim-arch_rush10/replays/cViper971.ourplayer__Anchor__botA.bc24,cViper971.ourplayer,1,arch_rush10
B,ourplayer,0,555,CAPTURE,0,-1,295,9,0,0,0,0,12,38,980,1050,3,6,301,563,66,0,0,51,51,327,,gauntlet/20260930-191119-scrim-arch_rush10/replays/cViper971.ourplayer__Anchor__botA.bc24,cViper971.ourplayer,0,arch_rush10
A,dinoboxer,0,2000,MORE_FLAG_CAPTURES,0,-1,636,14,0,0,0,0,16,21,20,10,0,10,201,271,21,0,4,136,73,381,ATK@600+CAP@1200+HEAL@1800,gauntlet/20260930-191119-scrim-arch_rush10/replays/Peter-Fun.dinoboxer__HeMustBeFreed__botB.bc24,Peter-Fun.dinoboxer,0,arch_rush10
B,arch_rush10,1,2000,MORE_FLAG_CAPTURES,1,1564,264,1048,1041,0,0,0,109,15,115,65,2,3,392,278,13,0,27,233,381,73,ATK@600+HEAL@1200+CAP@1800,gauntlet/20260930-191119-scrim-arch_rush10/replays/Peter-Fun.dinoboxer__HeMustBeFreed__botB.bc24,Peter-Fun.dinoboxer,1,arch_rush10
A,arch_rush10,1,609,CAPTURE,3,304,229,118,114,0,0,0,16,76,670,260,12,13,1094,923,24,0,83,81,160,51,ATK@600,gauntlet/20260930-191119-scrim-arch_rush10/replays/aj-chau.cowards__Foxes__botA.bc24,aj-chau.cowards,1,arch_rush10
B,cowards,0,609,CAPTURE,0,-1,246,10,0,0,0,0,16,27,4020,50,2,10,353,1109,56,0,0,53,51,160,,gauntlet/20260930-191119-scrim-arch_rush10/replays/aj-chau.cowards__Foxes__botA.bc24,aj-chau.cowards,0,arch_rush10
A,arch_rush10,1,1500,CAPTURE,3,529,264,696,672,0,0,0,66,2,120,30,0,3,1158,1031,1,0,15,241,814,130,ATK@600+HEAL@1200,gauntlet/20260930-191119-scrim-arch_rush10/replays/SampleProvider.TSPAARKSPRINT1__Racetrack__botA.bc24,SampleProvider.TSPAARKSPRINT1,1,arch_rush10
B,TSPAARKSPRINT1,0,1500,CAPTURE,1,581,321,19,0,3,44,0,79,0,30,20,0,8,621,1511,0,0,0,26,130,814,ATK@600+CAP@1200,gauntlet/20260930-191119-scrim-arch_rush10/replays/SampleProvider.TSPAARKSPRINT1__Racetrack__botA.bc24,SampleProvider.TSPAARKSPRINT1,0,arch_rush10
A,turtle,0,2000,MORE_FLAG_CAPTURES,0,-1,0,3,0,3,68,0,0,2,4600,180,0,12,69,278,29,0,0,55,44,1226,HEAL@600+ATK@1200,gauntlet/20260930-191119-scrim-arch_rush10/replays/andrearante12.turtle__MazeRunner__botB.bc24,andrearante12.turtle,0,arch_rush10
B,arch_rush10,1,2000,MORE_FLAG_CAPTURES,1,1900,848,1168,1155,0,0,0,81,19,30,155,3,3,166,138,14,0,35,454,1226,44,ATK@600+HEAL@1200+CAP@1800,gauntlet/20260930-191119-scrim-arch_rush10/replays/andrearante12.turtle__MazeRunner__botB.bc24,andrearante12.turtle,1,arch_rush10
A,polyv4,0,1662,CAPTURE,1,998,854,11,0,0,0,0,15,26,6430,12290,3,13,63,106,3,0,99,104,7,1478,HEAL@600+ATK@1200,gauntlet/20260930-191119-scrim-arch_rush10/replays/polyllc.polyv4__SteamboatMickey__botB.bc24,polyllc.polyv4,0,arch_rush10
B,arch_rush10,1,1662,CAPTURE,3,446,227,641,636,0,0,0,6,75,691,251,11,3,1850,166,26,0,146,576,1478,7,ATK@600+HEAL@1200,gauntlet/20260930-191119-scrim-arch_rush10/replays/polyllc.polyv4__SteamboatMickey__botB.bc24,polyllc.polyv4,1,arch_rush10
A,arch_rush10,1,2000,MORE_FLAG_CAPTURES,2,533,301,340,330,0,0,0,70,34,168,268,6,15,1186,788,7,0,62,345,960,90,ATK@600+HEAL@1200+CAP@1800,gauntlet/20260930-191119-scrim-arch_rush10/replays/reeceyang.v5__GravitationalWaves__botA.bc24,reeceyang.v5,1,arch_rush10
B,v5,0,2000,MORE_FLAG_CAPTURES,0,-1,1362,1,0,0,0,0,74,20,20,10,2,14,481,816,21,0,0,52,90,960,ATK@600+CAP@1200+HEAL@1800,gauntlet/20260930-191119-scrim-arch_rush10/replays/reeceyang.v5__GravitationalWaves__botA.bc24,reeceyang.v5,0,arch_rush10
A,MPAttack,0,501,RESIGNATION,0,-1,0,0,0,0,0,0,24,12,180,50,0,2,326,165,23,0,0,10,19,127,,gauntlet/20260930-191119-scrim-arch_rush10/replays/itswin.MPAttack__TreeSearch__botB.bc24,itswin.MPAttack,0,arch_rush10
B,arch_rush10,1,501,RESIGNATION,0,-1,239,107,105,0,0,0,71,28,140,615,4,4,548,504,16,0,73,60,127,19,,gauntlet/20260930-191119-scrim-arch_rush10/replays/itswin.MPAttack__TreeSearch__botB.bc24,itswin.MPAttack,1,arch_rush10
A,waffle,0,516,CAPTURE,1,338,223,47,0,0,0,0,18,41,580,380,1,3,1199,842,0,0,76,87,92,206,,gauntlet/20260930-191119-scrim-arch_rush10/replays/winkelmantanner.waffle__Bunkers__botB.bc24,winkelmantanner.waffle,0,arch_rush10
B,arch_rush10,1,516,CAPTURE,3,295,274,36,31,0,0,0,30,35,190,335,7,11,1343,1264,9,0,59,85,206,92,,gauntlet/20260930-191119-scrim-arch_rush10/replays/winkelmantanner.waffle__Bunkers__botB.bc24,winkelmantanner.waffle,1,arch_rush10
A,tx,0,2000,MORE_FLAG_CAPTURES,0,-1,0,0,0,0,0,0,0,0,2900,3400,0,16,0,0,0,0,0,0,0,1100,,gauntlet/20260930-191119-scrim-arch_rush10/replays/PerishoJ.tx__DefaultLarge__botB.bc24,PerishoJ.tx,0,arch_rush10
B,arch_rush10,1,2000,MORE_FLAG_CAPTURES,2,1017,230,2011,2008,0,0,0,47,22,195,210,3,3,1450,0,24,0,119,429,1100,0,ATK@600+HEAL@1200+CAP@1800,gauntlet/20260930-191119-scrim-arch_rush10/replays/PerishoJ.tx__DefaultLarge__botB.bc24,PerishoJ.tx,1,arch_rush10
A,combustiblelemon,0,2000,LEVEL_SUM,0,-1,0,3,0,3,14,0,0,11,200,100,0,11,193,44,30,0,0,11,17,137,,gauntlet/20260930-191119-scrim-arch_rush10/replays/samithShetty.combustiblelemon__Puzzle__botB.bc24,samithShetty.combustiblelemon,0,arch_rush10
B,arch_rush10,1,2000,LEVEL_SUM,0,-1,218,1764,1763,0,0,0,5,21,195,1377,4,3,502,358,24,0,115,194,137,17,ATK@600+HEAL@1200+CAP@1800,gauntlet/20260930-191119-scrim-arch_rush10/replays/samithShetty.combustiblelemon__Puzzle__botB.bc24,samithShetty.combustiblelemon,1,arch_rush10
A,v11,0,2000,MORE_FLAG_CAPTURES,0,-1,0,0,0,0,0,0,23,42,10,450,3,19,256,304,0,8,55,257,98,1365,ATK@600+HEAL@1200+CAP@1800,gauntlet/20260930-191119-scrim-arch_rush10/replays/JeffLegendPower.v11__EndAround__botB.bc24,JeffLegendPower.v11,0,arch_rush10
B,arch_rush10,1,2000,MORE_FLAG_CAPTURES,1,1774,272,756,733,0,0,0,64,24,135,175,4,3,398,437,9,0,48,468,1365,98,ATK@600+HEAL@1200+CAP@1800,gauntlet/20260930-191119-scrim-arch_rush10/replays/JeffLegendPower.v11__EndAround__botB.bc24,JeffLegendPower.v11,1,arch_rush10
A,arch_rush10,1,2000,LEVEL_SUM,1,792,207,321,284,0,0,0,50,44,190,300,8,3,1166,441,13,0,59,391,981,74,ATK@600+HEAL@1200+CAP@1800,gauntlet/20260930-191119-scrim-arch_rush10/replays/justinottesen.sprint1__Hurricane__botA.bc24,justinottesen.sprint1,1,arch_rush10
B,sprint1,0,2000,LEVEL_SUM,1,1664,278,54,0,0,0,0,159,9,130,30,0,4,244,873,11,0,0,55,74,981,ATK@600,gauntlet/20260930-191119-scrim-arch_rush10/replays/justinottesen.sprint1__Hurricane__botA.bc24,justinottesen.sprint1,0,arch_rush10
A,turtle,0,2000,MORE_FLAG_CAPTURES,0,-1,0,3,0,3,0,0,0,6,3400,24,0,21,409,683,35,0,0,5,32,1047,HEAL@600+ATK@1200,gauntlet/20260930-191119-scrim-arch_rush10/replays/andrearante12.turtle__Funnel__botB.bc24,andrearante12.turtle,0,arch_rush10
B,arch_rush10,1,2000,MORE_FLAG_CAPTURES,1,429,238,85,84,0,0,0,36,29,155,105,4,5,944,828,20,0,54,171,1047,32,ATK@600+HEAL@1200+CAP@1800,gauntlet/20260930-191119-scrim-arch_rush10/replays/andrearante12.turtle__Funnel__botB.bc24,andrearante12.turtle,1,arch_rush10
A,arch_rush10,1,2000,MORE_FLAG_CAPTURES,2,413,231,967,962,0,0,0,40,20,280,55,3,3,1004,717,12,0,27,624,2148,53,ATK@600+HEAL@1200+CAP@1800,gauntlet/20260930-191119-scrim-arch_rush10/replays/dylanconklin.Team3__Fountain__botA.bc24,dylanconklin.Team3,1,arch_rush10
B,Team3,0,2000,MORE_FLAG_CAPTURES,0,-1,0,3,0,3,0,0,41,14,105,65,1,7,321,125,27,0,0,100,53,2148,,gauntlet/20260930-191119-scrim-arch_rush10/replays/dylanconklin.Team3__Fountain__botA.bc24,dylanconklin.Team3,0,arch_rush10
A,crayBasic,0,395,CAPTURE,0,-1,225,5,0,0,0,0,0,0,3000,3500,0,9,697,21,0,0,0,0,14,251,,gauntlet/20260930-191119-scrim-arch_rush10/replays/abdullah8a0.crayBasic__Battlefield__botB.bc24,abdullah8a0.crayBasic,0,arch_rush10
B,arch_rush10,1,395,CAPTURE,3,273,263,15,10,0,0,0,25,48,160,250,8,30,1776,1157,9,0,75,60,251,14,,gauntlet/20260930-191119-scrim-arch_rush10/replays/abdullah8a0.crayBasic__Battlefield__botB.bc24,abdullah8a0.crayBasic,1,arch_rush10
A,arch_rush10,1,2000,MORE_FLAG_CAPTURES,2,1432,1222,489,483,0,0,0,12,18,205,275,2,21,1463,1382,1,0,66,612,1812,193,ATK@600+HEAL@1200+CAP@1800,gauntlet/20260930-191119-scrim-arch_rush10/replays/qpwoeirut.tournament_sprint1__GaltonBoard__botA.bc24,qpwoeirut.tournament_sprint1,1,arch_rush10
B,tournament_sprint1,0,2000,MORE_FLAG_CAPTURES,0,-1,0,0,0,0,0,0,9,0,2130,220,0,5,597,1769,40,0,0,145,193,1812,ATK@600+HEAL@1200,gauntlet/20260930-191119-scrim-arch_rush10/replays/qpwoeirut.tournament_sprint1__GaltonBoard__botA.bc24,qpwoeirut.tournament_sprint1,0,arch_rush10
A,arch_rush10,1,963,CAPTURE,3,331,299,107,103,0,0,0,92,47,180,110,8,3,932,365,18,0,77,166,549,53,ATK@600,gauntlet/20260930-191119-scrim-arch_rush10/replays/cViper971.ourplayer__Klein__botA.bc24,cViper971.ourplayer,1,arch_rush10
B,ourplayer,0,963,CAPTURE,0,-1,408,30,0,0,0,0,27,18,50,30,2,10,184,756,32,0,0,48,53,549,ATK@600,gauntlet/20260930-191119-scrim-arch_rush10/replays/cViper971.ourplayer__Klein__botA.bc24,cViper971.ourplayer,0,arch_rush10
A,arch_rush10,1,2000,MORE_FLAG_CAPTURES,2,604,210,458,454,0,0,0,10,34,155,1050,6,3,671,27,24,0,112,0,681,3,ATK@600+HEAL@1200+CAP@1800,gauntlet/20260930-191119-scrim-arch_rush10/replays/lukerhoads.warrior_2nd_comp__AceOfSpades__botA.bc24,lukerhoads.warrior_2nd_comp,1,arch_rush10
B,warrior_2nd_comp,0,2000,MORE_FLAG_CAPTURES,0,-1,0,3,0,3,56,0,0,14,1800,2300,1,12,0,0,10,2,2,12,3,681,ATK@750+CAP@1500,gauntlet/20260930-191119-scrim-arch_rush10/replays/lukerhoads.warrior_2nd_comp__AceOfSpades__botA.bc24,lukerhoads.warrior_2nd_comp,0,arch_rush10
A,moveBot1,0,1354,CAPTURE,0,-1,0,0,0,0,0,0,32,28,1430,1810,5,12,293,467,28,0,0,26,28,1635,ATK@600+HEAL@1200,gauntlet/20260930-191119-scrim-arch_rush10/replays/adamseth2.moveBot1__StackGame__botB.bc24,adamseth2.moveBot1,0,arch_rush10
B,arch_rush10,1,1354,CAPTURE,3,300,239,588,584,0,0,0,34,53,125,200,9,6,1532,627,24,0,95,490,1635,28,ATK@600+HEAL@1200,gauntlet/20260930-191119-scrim-arch_rush10/replays/adamseth2.moveBot1__StackGame__botB.bc24,adamseth2.moveBot1,1,arch_rush10
A,defaultplayer_intlqualifier,0,1241,CAPTURE,2,418,244,26,11,3,11,0,32,9,140,2150,0,3,458,954,4,36,18,98,47,226,ATK@600+HEAL@1200,gauntlet/20260930-191119-scrim-arch_rush10/replays/dmtrung14.defaultplayer_intlqualifier__Pancakes__botB.bc24,dmtrung14.defaultplayer_intlqualifier,0,arch_rush10
B,arch_rush10,1,1241,CAPTURE,3,284,227,363,360,0,0,0,16,18,115,65,3,18,1006,541,5,0,35,35,226,47,ATK@600+HEAL@1200,gauntlet/20260930-191119-scrim-arch_rush10/replays/dmtrung14.defaultplayer_intlqualifier__Pancakes__botB.bc24,dmtrung14.defaultplayer_intlqualifier,1,arch_rush10
A,arch_rush10,1,2000,MORE_FLAG_CAPTURES,2,229,209,886,883,0,0,0,39,30,175,165,4,3,293,130,8,0,53,55,714,28,ATK@600+HEAL@1200+CAP@1800,gauntlet/20260930-191119-scrim-arch_rush10/replays/Lithanium.AttackingBot__Ambush__botA.bc24,Lithanium.AttackingBot,1,arch_rush10
B,AttackingBot,0,2000,MORE_FLAG_CAPTURES,0,-1,0,0,0,0,0,0,71,3,1970,350,0,0,22,0,22,0,0,55,28,714,ATK@600+HEAL@1200,gauntlet/20260930-191119-scrim-arch_rush10/replays/Lithanium.AttackingBot__Ambush__botA.bc24,Lithanium.AttackingBot,0,arch_rush10
A,arch_rush10,1,1041,CAPTURE,3,390,329,291,283,0,0,0,41,20,250,170,3,3,642,739,9,0,29,68,579,25,ATK@600,gauntlet/20260930-191119-scrim-arch_rush10/replays/MiloAkerman.v1__Fountain__botA.bc24,MiloAkerman.v1,1,arch_rush10
B,v1,0,1041,CAPTURE,0,-1,0,0,0,0,0,0,72,2,1540,2040,0,12,340,444,12,0,0,19,25,579,,gauntlet/20260930-191119-scrim-arch_rush10/replays/MiloAkerman.v1__Fountain__botA.bc24,MiloAkerman.v1,0,arch_rush10
A,Bot21,0,718,CAPTURE,2,565,230,23,11,3,3,61,64,38,73,33,13,13,805,790,4,0,40,68,75,401,ATK@601,gauntlet/20260930-191119-scrim-arch_rush10/replays/HugoIngelsson.Bot21__Swoop__botB.bc24,HugoIngelsson.Bot21,0,arch_rush10
B,arch_rush10,1,718,CAPTURE,3,341,249,186,178,0,0,0,63,40,145,255,7,7,1335,1141,12,0,68,155,401,75,ATK@600,gauntlet/20260930-191119-scrim-arch_rush10/replays/HugoIngelsson.Bot21__Swoop__botB.bc24,HugoIngelsson.Bot21,1,arch_rush10
A,arch_rush10,1,1559,CAPTURE,3,299,243,598,591,0,0,0,12,111,2835,305,12,11,1175,989,24,0,163,723,1514,16,ATK@600+HEAL@1200,gauntlet/20260930-191119-scrim-arch_rush10/replays/VarunVejalla.alexander__CH3353C4K3F4CT0RY__botA.bc24,VarunVejalla.alexander,1,arch_rush10
B,alexander,0,1559,CAPTURE,0,-1,0,3,0,3,25,0,0,0,5200,7430,0,4,593,154,0,0,0,0,16,1514,ATK@751+CAP@1501,gauntlet/20260930-191119-scrim-arch_rush10/replays/VarunVejalla.alexander__CH3353C4K3F4CT0RY__botA.bc24,VarunVejalla.alexander,0,arch_rush10
A,Goob_final,0,1992,CAPTURE,2,292,252,7,0,0,0,0,129,0,4330,40,0,8,1254,964,0,0,71,353,672,1325,ATK@600+HEAL@1200+CAP@1800,gauntlet/20260930-191119-scrim-arch_rush10/replays/ColtG5.Goob_final__Islands__botB.bc24,ColtG5.Goob_final,0,arch_rush10
B,arch_rush10,1,1992,CAPTURE,3,1823,1775,34,28,0,0,0,78,48,180,290,9,10,1247,1321,16,0,57,331,1325,672,ATK@600+HEAL@1200+CAP@1800,gauntlet/20260930-191119-scrim-arch_rush10/replays/ColtG5.Goob_final__Islands__botB.bc24,ColtG5.Goob_final,1,arch_rush10
A,Bot21,0,2000,LEVEL_SUM,2,408,237,30,14,3,3,60,54,13,47,37,12,6,849,882,2,0,25,191,273,2078,ATK@601+HEAL@1201+CAP@1801,gauntlet/20260930-191119-scrim-arch_rush10/replays/HugoIngelsson.Bot21__Rivers__botB.bc24,HugoIngelsson.Bot21,0,arch_rush10
B,arch_rush10,1,2000,LEVEL_SUM,2,331,273,434,432,0,0,0,30,28,135,305,5,10,1447,1401,5,0,62,680,2078,273,ATK@600+HEAL@1200+CAP@1800,gauntlet/20260930-191119-scrim-arch_rush10/replays/HugoIngelsson.Bot21__Rivers__botB.bc24,HugoIngelsson.Bot21,1,arch_rush10
A,Sprint2,0,2000,MORE_FLAG_CAPTURES,0,-1,788,5,0,0,0,0,153,0,3810,30,0,4,177,350,13,11,10,69,27,1181,ATK@600+CAP@1200+HEAL@1800,gauntlet/20260930-191119-scrim-arch_rush10/replays/tlevietpdx.Sprint2__Battlecode24__botB.bc24,tlevietpdx.Sprint2,0,arch_rush10
B,arch_rush10,1,2000,MORE_FLAG_CAPTURES,2,470,251,929,926,0,0,0,63,91,1843,503,12,3,1170,340,24,0,318,647,1181,27,ATK@600+HEAL@1200+CAP@1800,gauntlet/20260930-191119-scrim-arch_rush10/replays/tlevietpdx.Sprint2__Battlecode24__botB.bc24,tlevietpdx.Sprint2,1,arch_rush10
A,arch_rush10,1,1953,CAPTURE,3,767,217,1074,1071,0,0,0,36,24,205,120,4,3,193,53,4,0,48,4,1171,17,ATK@600+HEAL@1200+CAP@1800,gauntlet/20260930-191119-scrim-arch_rush10/replays/Lithanium.AttackingBot__OceanFloor__botA.bc24,Lithanium.AttackingBot,1,arch_rush10
B,AttackingBot,0,1953,CAPTURE,0,-1,0,0,0,0,0,0,87,0,1190,290,0,7,6,0,7,0,0,43,17,1171,ATK@600+HEAL@1200,gauntlet/20260930-191119-scrim-arch_rush10/replays/Lithanium.AttackingBot__OceanFloor__botA.bc24,Lithanium.AttackingBot,0,arch_rush10
A,arch_rush10,1,1745,CAPTURE,3,336,222,852,847,0,0,0,31,46,185,175,8,7,441,256,23,0,64,102,249,24,ATK@600+HEAL@1200,gauntlet/20260930-191119-scrim-arch_rush10/replays/SriLakshmiPolavarapu.ducks__Mountain__botA.bc24,SriLakshmiPolavarapu.ducks,1,arch_rush10
B,ducks,0,1745,CAPTURE,0,-1,0,3,0,3,14,0,0,30,200,100,0,17,23,0,40,0,0,38,24,249,,gauntlet/20260930-191119-scrim-arch_rush10/replays/SriLakshmiPolavarapu.ducks__Mountain__botA.bc24,SriLakshmiPolavarapu.ducks,0,arch_rush10
A,ExplosiveBot,0,1493,CAPTURE,1,746,289,35,6,0,0,0,6,6,5020,5420,0,18,710,698,21,0,20,166,268,1014,ATK@600+HEAL@1200,gauntlet/20260930-191119-scrim-arch_rush10/replays/awu7.ExplosiveBot__Randy__botB.bc24,awu7.ExplosiveBot,0,arch_rush10
B,arch_rush10,1,1493,CAPTURE,3,498,231,207,183,0,0,0,6,49,165,255,9,14,1060,1271,11,0,71,302,1014,268,ATK@600+HEAL@1200,gauntlet/20260930-191119-scrim-arch_rush10/replays/awu7.ExplosiveBot__Randy__botB.bc24,awu7.ExplosiveBot,1,arch_rush10
A,arch_rush10,1,2000,MORE_FLAG_CAPTURES,2,531,224,1001,994,0,0,0,15,25,195,135,4,2,566,332,13,0,46,19,162,13,ATK@600+HEAL@1200+CAP@1800,gauntlet/20260930-191119-scrim-arch_rush10/replays/AlexYu84.smartPlayer__Digging__botA.bc24,AlexYu84.smartPlayer,1,arch_rush10
B,smartPlayer,0,2000,MORE_FLAG_CAPTURES,0,-1,0,3,0,3,17,0,8,14,120,20,1,22,86,68,24,15,0,47,13,162,,gauntlet/20260930-191119-scrim-arch_rush10/replays/AlexYu84.smartPlayer__Digging__botA.bc24,AlexYu84.smartPlayer,0,arch_rush10
A,arch_rush10,1,691,CAPTURE,3,311,221,281,278,0,0,0,178,84,690,398,12,6,1830,755,26,0,388,449,479,20,ATK@600,gauntlet/20260930-191119-scrim-arch_rush10/replays/neilhuang007.baseline__Snake__botA.bc24,neilhuang007.baseline,1,arch_rush10
B,baseline,0,691,CAPTURE,0,-1,0,0,0,0,0,0,229,4,8130,16980,0,10,464,727,0,0,4,2,20,479,CAP@600,gauntlet/20260930-191119-scrim-arch_rush10/replays/neilhuang007.baseline__Snake__botA.bc24,neilhuang007.baseline,0,arch_rush10
A,arch_rush10,1,2000,MORE_FLAG_CAPTURES,2,590,526,1160,1155,0,0,0,62,25,190,255,3,3,1787,873,4,0,91,823,2896,74,ATK@600+HEAL@1200+CAP@1800,gauntlet/20260930-191119-scrim-arch_rush10/replays/neilhuang007.baseline__TwistedTreeline__botA.bc24,neilhuang007.baseline,1,arch_rush10
B,baseline,0,2000,MORE_FLAG_CAPTURES,0,-1,254,4,0,0,0,0,78,7,1760,2110,0,7,627,1108,0,0,7,5,74,2896,CAP@600+ATK@1201+HEAL@1801,gauntlet/20260930-191119-scrim-arch_rush10/replays/neilhuang007.baseline__TwistedTreeline__botA.bc24,neilhuang007.baseline,0,arch_rush10
A,jeeryfix3,0,2000,LEVEL_SUM,1,423,254,7,0,0,0,0,36,4,15420,19420,0,1,1000,699,0,0,198,424,587,1425,ATK@600+CAP@1200+HEAL@1800,gauntlet/20260930-191119-scrim-arch_rush10/replays/kyleezz.jeeryfix3__Joker__botB.bc24,kyleezz.jeeryfix3,0,arch_rush10
B,arch_rush10,1,2000,LEVEL_SUM,1,1829,1592,109,104,0,0,0,3,115,4045,305,12,15,1112,1238,24,0,191,356,1425,587,ATK@600+HEAL@1200+CAP@1800,gauntlet/20260930-191119-scrim-arch_rush10/replays/kyleezz.jeeryfix3__Joker__botB.bc24,kyleezz.jeeryfix3,1,arch_rush10
A,arch_rush10,1,2000,LEVEL_SUM,1,740,594,74,73,0,0,0,6,26,165,285,4,22,918,1125,4,0,51,200,1083,362,ATK@600+HEAL@1200+CAP@1800,gauntlet/20260930-191119-scrim-arch_rush10/replays/ColtG5.Goob_final__FloodGates__botA.bc24,ColtG5.Goob_final,1,arch_rush10
B,Goob_final,0,2000,LEVEL_SUM,1,305,253,5,0,0,0,0,7,0,2690,80,0,13,712,712,1,0,37,192,362,1083,ATK@600+HEAL@1200+CAP@1800,gauntlet/20260930-191119-scrim-arch_rush10/replays/ColtG5.Goob_final__FloodGates__botA.bc24,ColtG5.Goob_final,0,arch_rush10
A,ducks,0,756,CAPTURE,0,-1,0,3,0,3,0,0,0,26,200,100,0,0,59,0,35,0,0,37,14,350,,gauntlet/20260930-191119-scrim-arch_rush10/replays/SriLakshmiPolavarapu.ducks__StackGame__botB.bc24,SriLakshmiPolavarapu.ducks,0,arch_rush10
B,arch_rush10,1,756,CAPTURE,3,315,241,404,400,0,0,0,32,53,185,225,10,4,1181,641,24,0,98,139,350,14,ATK@600,gauntlet/20260930-191119-scrim-arch_rush10/replays/SriLakshmiPolavarapu.ducks__StackGame__botB.bc24,SriLakshmiPolavarapu.ducks,1,arch_rush10
A,arch_rush10,1,2000,MORE_FLAG_CAPTURES,1,603,274,1525,1523,0,0,0,72,21,40,85,3,3,190,18,19,0,37,19,1811,0,ATK@600+HEAL@1200+CAP@1800,gauntlet/20260930-191119-scrim-arch_rush10/replays/sivakovivan.NewHide__MazeRunner__botA.bc24,sivakovivan.NewHide,1,arch_rush10
B,NewHide,0,2000,MORE_FLAG_CAPTURES,0,-1,0,0,0,0,0,0,0,50,20,20,1,36,10,43,0,0,70,82,0,1811,HEAL@600,gauntlet/20260930-191119-scrim-arch_rush10/replays/sivakovivan.NewHide__MazeRunner__botA.bc24,sivakovivan.NewHide,0,arch_rush10
A,Sprint2,0,1796,CAPTURE,0,-1,1243,6,0,0,0,0,35,0,13450,50,0,6,216,284,56,16,28,147,57,1209,ATK@600+CAP@1200,gauntlet/20260930-191119-scrim-arch_rush10/replays/tlevietpdx.Sprint2__Joker__botB.bc24,tlevietpdx.Sprint2,0,arch_rush10
B,arch_rush10,1,1796,CAPTURE,3,840,228,930,923,0,0,0,2,113,4305,260,12,4,1072,543,24,0,267,661,1209,57,ATK@600+HEAL@1200,gauntlet/20260930-191119-scrim-arch_rush10/replays/tlevietpdx.Sprint2__Joker__botB.bc24,tlevietpdx.Sprint2,1,arch_rush10
A,bling3,0,946,CAPTURE,1,891,247,15,0,0,0,0,111,12,170,50,0,5,817,1214,19,0,2,44,143,391,ATK@600,gauntlet/20260930-191119-scrim-arch_rush10/replays/jonters.bling3__QueenOfHearts__botB.bc24,jonters.bling3,0,arch_rush10
B,arch_rush10,1,946,CAPTURE,3,487,254,159,144,0,0,0,71,29,105,195,5,0,1143,1210,10,0,44,146,391,143,ATK@600,gauntlet/20260930-191119-scrim-arch_rush10/replays/jonters.bling3__QueenOfHearts__botB.bc24,jonters.bling3,1,arch_rush10
A,smartPlayer,0,2000,MORE_FLAG_CAPTURES,0,-1,0,9,0,9,15,0,16,18,40,50,2,14,102,12,23,15,0,87,17,172,,gauntlet/20260930-191119-scrim-arch_rush10/replays/AlexYu84.smartPlayer__SteamboatMickey__botB.bc24,AlexYu84.smartPlayer,0,arch_rush10
B,arch_rush10,1,2000,MORE_FLAG_CAPTURES,1,1856,216,1870,1865,0,0,0,4,76,620,1120,11,3,467,416,24,0,200,154,172,17,ATK@600+HEAL@1200+CAP@1800,gauntlet/20260930-191119-scrim-arch_rush10/replays/AlexYu84.smartPlayer__SteamboatMickey__botB.bc24,AlexYu84.smartPlayer,1,arch_rush10
A,duck8,0,1953,CAPTURE,1,1849,449,17,0,0,0,0,42,32,60,50,3,5,1003,1394,2,0,77,258,399,767,ATK@750+HEAL@1500,gauntlet/20260930-191119-scrim-arch_rush10/replays/clbarrell.duck8__Funnel__botB.bc24,clbarrell.duck8,0,arch_rush10
B,arch_rush10,1,1953,CAPTURE,3,1398,721,450,441,0,0,0,27,35,145,160,6,5,1128,1350,9,0,63,295,767,399,ATK@600+HEAL@1200+CAP@1800,gauntlet/20260930-191119-scrim-arch_rush10/replays/clbarrell.duck8__Funnel__botB.bc24,clbarrell.duck8,1,arch_rush10
A,arch_rush10,1,2000,MORE_FLAG_CAPTURES,2,245,209,984,981,0,0,0,0,46,205,130,8,5,1115,503,19,0,68,855,2955,22,ATK@600+HEAL@1200+CAP@1800,gauntlet/20260930-191119-scrim-arch_rush10/replays/joelcrouch.ducks__Yinyang__botA.bc24,joelcrouch.ducks,1,arch_rush10
B,ducks,0,2000,MORE_FLAG_CAPTURES,0,-1,479,4,0,3,13,0,0,26,100,200,0,0,43,0,36,0,0,54,22,2955,,gauntlet/20260930-191119-scrim-arch_rush10/replays/joelcrouch.ducks__Yinyang__botA.bc24,joelcrouch.ducks,0,arch_rush10
A,arch_rush10,1,2000,MORE_FLAG_CAPTURES,1,1189,491,319,303,0,0,0,34,42,195,215,7,13,855,1061,20,0,44,284,800,262,ATK@600+HEAL@1200+CAP@1800,gauntlet/20260930-191119-scrim-arch_rush10/replays/kyleezz.jeeryfix3__Divergent__botA.bc24,kyleezz.jeeryfix3,1,arch_rush10
B,jeeryfix3,0,2000,MORE_FLAG_CAPTURES,0,-1,934,3,0,0,0,0,92,3,3040,1400,0,15,818,536,0,0,49,222,262,800,ATK@600+CAP@1200+HEAL@1800,gauntlet/20260930-191119-scrim-arch_rush10/replays/kyleezz.jeeryfix3__Divergent__botA.bc24,kyleezz.jeeryfix3,0,arch_rush10
A,defaultplayer_intlqualifier,0,2000,LEVEL_SUM,2,1787,267,34,21,3,25,0,4,9,780,10860,0,2,282,790,6,26,13,96,54,334,ATK@600+HEAL@1200+CAP@1800,gauntlet/20260930-191119-scrim-arch_rush10/replays/dmtrung14.defaultplayer_intlqualifier__Puzzle__botB.bc24,dmtrung14.defaultplayer_intlqualifier,0,arch_rush10
B,arch_rush10,1,2000,LEVEL_SUM,2,859,260,273,261,0,0,0,2,22,175,190,4,0,766,456,19,0,76,127,334,54,ATK@600+HEAL@1200+CAP@1800,gauntlet/20260930-191119-scrim-arch_rush10/replays/dmtrung14.defaultplayer_intlqualifier__Puzzle__botB.bc24,dmtrung14.defaultplayer_intlqualifier,1,arch_rush10
A,bc24scenario,0,377,CAPTURE,0,-1,0,1,0,1,3,58,58,3,700,700,6,0,82,75,1,1,1,2,0,204,,gauntlet/20260930-191119-scrim-arch_rush10/replays/Metta-AI.bc24scenario__Alligator__botB.bc24,Metta-AI.bc24scenario,0,arch_rush10
B,arch_rush10,1,377,CAPTURE,3,305,231,91,88,0,0,0,47,34,160,255,6,3,1490,160,24,0,139,36,204,0,,gauntlet/20260930-191119-scrim-arch_rush10/replays/Metta-AI.bc24scenario__Alligator__botB.bc24,Metta-AI.bc24scenario,1,arch_rush10
A,moveBot1,0,1109,CAPTURE,0,-1,0,0,0,0,0,0,36,18,760,440,2,13,196,290,30,0,0,32,21,1042,ATK@600,gauntlet/20260930-191119-scrim-arch_rush10/replays/adamseth2.moveBot1__WheresMyWater__botB.bc24,adamseth2.moveBot1,0,arch_rush10
B,arch_rush10,1,1109,CAPTURE,3,251,207,375,372,0,0,0,53,28,205,1155,5,20,1177,524,11,0,82,329,1042,21,ATK@600,gauntlet/20260930-191119-scrim-arch_rush10/replays/adamseth2.moveBot1__WheresMyWater__botB.bc24,adamseth2.moveBot1,1,arch_rush10
A,v5,0,2000,LEVEL_SUM,0,-1,231,21,0,0,0,0,77,27,30,30,3,2,572,907,41,0,0,75,168,1621,ATK@600+CAP@1200+HEAL@1800,gauntlet/20260930-191119-scrim-arch_rush10/replays/reeceyang.v5__BigDucksBigPond__botB.bc24,reeceyang.v5,0,arch_rush10
B,arch_rush10,1,2000,LEVEL_SUM,0,-1,243,1328,1310,0,0,0,103,35,145,230,5,2,1493,906,13,0,83,660,1621,168,ATK@600+HEAL@1200+CAP@1800,gauntlet/20260930-191119-scrim-arch_rush10/replays/reeceyang.v5__BigDucksBigPond__botB.bc24,reeceyang.v5,1,arch_rush10
A,ExplosiveBot,0,2000,MORE_FLAG_CAPTURES,0,-1,271,23,8,0,0,0,0,17,1700,120,0,18,647,745,27,0,10,126,216,1415,ATK@600+HEAL@1200,gauntlet/20260930-191119-scrim-arch_rush10/replays/awu7.ExplosiveBot__Valentine__botB.bc24,awu7.ExplosiveBot,0,arch_rush10
B,arch_rush10,1,2000,MORE_FLAG_CAPTURES,2,1612,270,540,507,0,0,0,0,38,190,205,6,6,911,1062,9,0,64,381,1415,216,ATK@600+HEAL@1200+CAP@1800,gauntlet/20260930-191119-scrim-arch_rush10/replays/awu7.ExplosiveBot__Valentine__botB.bc24,awu7.ExplosiveBot,1,arch_rush10
A,NewHide,0,1407,CAPTURE,0,-1,0,0,0,0,0,0,0,45,20,30,1,14,16,2,0,0,65,91,1,1450,HEAL@600,gauntlet/20260930-191119-scrim-arch_rush10/replays/sivakovivan.NewHide__Ambush__botB.bc24,sivakovivan.NewHide,0,arch_rush10
B,arch_rush10,1,1407,CAPTURE,3,616,213,736,733,0,0,0,37,29,185,165,5,3,1305,20,24,0,65,1,1450,1,ATK@600+HEAL@1200,gauntlet/20260930-191119-scrim-arch_rush10/replays/sivakovivan.NewHide__Ambush__botB.bc24,sivakovivan.NewHide,1,arch_rush10
A,arch_rush10,1,1358,CAPTURE,3,285,225,584,581,0,0,0,63,95,2215,245,12,3,1299,46,24,0,269,393,1586,1,ATK@600+HEAL@1200,gauntlet/20260930-191119-scrim-arch_rush10/replays/polyllc.polyv4__Battlecode24__botA.bc24,polyllc.polyv4,1,arch_rush10
B,polyv4,0,1358,CAPTURE,0,-1,0,0,0,0,0,0,80,24,9090,10390,3,1,24,151,0,0,39,39,1,1586,HEAL@600+ATK@1200,gauntlet/20260930-191119-scrim-arch_rush10/replays/polyllc.polyv4__Battlecode24__botA.bc24,polyllc.polyv4,0,arch_rush10
A,arch_rush10,1,408,CAPTURE,3,273,239,39,36,0,0,0,45,20,130,390,3,3,1755,0,24,0,69,23,258,0,,gauntlet/20260930-191119-scrim-arch_rush10/replays/sayam-goyal.SimpleBot__Fountain__botA.bc24,sayam-goyal.SimpleBot,1,arch_rush10
B,SimpleBot,0,408,CAPTURE,0,-1,0,0,0,0,0,0,0,0,2400,2900,0,8,0,0,0,0,0,0,0,258,,gauntlet/20260930-191119-scrim-arch_rush10/replays/sayam-goyal.SimpleBot__Fountain__botA.bc24,sayam-goyal.SimpleBot,0,arch_rush10
A,combustiblelemon,0,2000,MORE_FLAG_CAPTURES,0,-1,0,3,0,3,15,0,0,19,100,200,0,1,339,91,29,0,0,14,20,133,,gauntlet/20260930-191119-scrim-arch_rush10/replays/samithShetty.combustiblelemon__Fountain__botB.bc24,samithShetty.combustiblelemon,0,arch_rush10
B,arch_rush10,1,2000,MORE_FLAG_CAPTURES,2,281,221,606,603,0,0,0,41,20,250,150,3,3,746,688,12,0,23,14,133,20,ATK@600+HEAL@1200+CAP@1800,gauntlet/20260930-191119-scrim-arch_rush10/replays/samithShetty.combustiblelemon__Fountain__botB.bc24,samithShetty.combustiblelemon,1,arch_rush10
A,v9,0,577,CAPTURE,0,-1,243,11,0,0,0,0,31,23,975,995,3,0,445,664,0,0,54,66,39,218,,gauntlet/20260930-191119-scrim-arch_rush10/replays/TylerJulian.v9__KingQuacksCastle__botB.bc24,TylerJulian.v9,0,arch_rush10
B,arch_rush10,1,577,CAPTURE,3,381,218,229,222,0,0,0,31,27,125,155,4,1,823,620,7,0,59,91,218,39,,gauntlet/20260930-191119-scrim-arch_rush10/replays/TylerJulian.v9__KingQuacksCastle__botB.bc24,TylerJulian.v9,1,arch_rush10
A,arch_rush10,1,2000,MORE_FLAG_CAPTURES,2,1170,278,1610,1607,0,0,0,50,56,165,175,10,3,191,338,24,0,55,133,268,21,ATK@600+HEAL@1200+CAP@1800,gauntlet/20260930-191119-scrim-arch_rush10/replays/Rubrasum.version_3__Rainbow__botA.bc24,Rubrasum.version_3,1,arch_rush10
B,version_3,0,2000,MORE_FLAG_CAPTURES,0,-1,0,3,0,3,14,0,0,41,200,100,0,5,70,0,51,0,0,30,21,268,ATK@600,gauntlet/20260930-191119-scrim-arch_rush10/replays/Rubrasum.version_3__Rainbow__botA.bc24,Rubrasum.version_3,0,arch_rush10
A,arch_rush10,1,1959,CAPTURE,3,500,230,999,991,0,0,0,39,26,175,260,4,3,1157,966,13,0,65,545,1396,111,ATK@600+HEAL@1200+CAP@1800,gauntlet/20260930-191119-scrim-arch_rush10/replays/noahzemlin.honeyducklings__Funnel__botA.bc24,noahzemlin.honeyducklings,1,arch_rush10
B,honeyducklings,0,1959,CAPTURE,0,-1,246,16,0,0,0,0,76,14,920,2940,0,5,678,531,9,14,0,46,111,1396,ATK@600+HEAL@1200+CAP@1800,gauntlet/20260930-191119-scrim-arch_rush10/replays/noahzemlin.honeyducklings__Funnel__botA.bc24,noahzemlin.honeyducklings,0,arch_rush10
A,arch_rush10,1,2000,MORE_FLAG_CAPTURES,1,1312,338,872,865,0,0,0,64,26,160,70,4,4,478,784,8,0,46,165,262,177,ATK@600+HEAL@1200+CAP@1800,gauntlet/20260930-191119-scrim-arch_rush10/replays/hsmalladi.finalbot__EndAround__botA.bc24,hsmalladi.finalbot,1,arch_rush10
B,finalbot,0,2000,MORE_FLAG_CAPTURES,0,-1,310,24,0,3,39,32,74,0,2117,1633,5,0,566,419,3,3,57,222,177,262,ATK@600+HEAL@1200+CAP@1800,gauntlet/20260930-191119-scrim-arch_rush10/replays/hsmalladi.finalbot__EndAround__botA.bc24,hsmalladi.finalbot,0,arch_rush10
A,alexander,0,2000,MORE_FLAG_CAPTURES,0,-1,317,4,0,3,15,0,0,0,4000,4960,0,6,665,165,0,0,0,0,52,2770,ATK@751+CAP@1501,gauntlet/20260930-191119-scrim-arch_rush10/replays/VarunVejalla.alexander__BreadPudding__botB.bc24,VarunVejalla.alexander,0,arch_rush10
B,arch_rush10,1,2000,MORE_FLAG_CAPTURES,2,390,232,735,731,0,0,0,41,29,125,245,5,20,1273,1141,9,0,53,669,2770,52,ATK@600+HEAL@1200+CAP@1800,gauntlet/20260930-191119-scrim-arch_rush10/replays/VarunVejalla.alexander__BreadPudding__botB.bc24,VarunVejalla.alexander,1,arch_rush10
A,arch_rush10,1,2000,MORE_FLAG_CAPTURES,2,961,593,425,416,0,0,0,68,35,200,255,5,14,1170,1074,7,0,49,288,1359,88,ATK@600+HEAL@1200+CAP@1800,gauntlet/20260930-191119-scrim-arch_rush10/replays/MiloAkerman.v1__GravitationalWaves__botA.bc24,MiloAkerman.v1,1,arch_rush10
B,v1,0,2000,MORE_FLAG_CAPTURES,0,-1,868,3,0,0,0,0,153,1,1110,810,0,17,633,1349,12,0,0,25,88,1359,,gauntlet/20260930-191119-scrim-arch_rush10/replays/MiloAkerman.v1__GravitationalWaves__botA.bc24,MiloAkerman.v1,0,arch_rush10
A,honeyducklings,0,2000,MORE_FLAG_CAPTURES,0,-1,391,30,0,0,0,0,157,14,1090,1790,0,11,744,1231,7,18,0,61,172,1724,ATK@600+HEAL@1204+CAP@1800,gauntlet/20260930-191119-scrim-arch_rush10/replays/noahzemlin.honeyducklings__BigDucksBigPond__botB.bc24,noahzemlin.honeyducklings,0,arch_rush10
B,arch_rush10,1,2000,MORE_FLAG_CAPTURES,1,675,271,844,839,0,0,0,91,37,170,205,6,3,1367,1392,23,0,87,751,1724,172,ATK@600+HEAL@1200+CAP@1800,gauntlet/20260930-191119-scrim-arch_rush10/replays/noahzemlin.honeyducklings__BigDucksBigPond__botB.bc24,noahzemlin.honeyducklings,1,arch_rush10
A,dangerduck2,0,480,CAPTURE,0,-1,290,22,0,0,0,0,46,24,1710,1780,3,1,472,511,0,24,0,24,12,243,,gauntlet/20260930-191119-scrim-arch_rush10/replays/dylanzemlin.dangerduck2__Soccer__botB.bc24,dylanzemlin.dangerduck2,0,arch_rush10
B,arch_rush10,1,480,CAPTURE,3,350,234,119,114,0,0,0,22,38,180,325,6,1,1470,782,11,0,61,67,243,12,,gauntlet/20260930-191119-scrim-arch_rush10/replays/dylanzemlin.dangerduck2__Soccer__botB.bc24,dylanzemlin.dangerduck2,1,arch_rush10
A,version_3,0,395,CAPTURE,0,-1,371,4,0,3,0,0,0,22,100,150,0,6,289,0,34,0,0,21,13,159,,gauntlet/20260930-191119-scrim-arch_rush10/replays/Rubrasum.version_3__Ambush__botB.bc24,Rubrasum.version_3,0,arch_rush10
B,arch_rush10,1,395,CAPTURE,3,277,205,70,66,0,0,0,35,30,200,340,4,26,1154,743,7,0,71,62,159,13,,gauntlet/20260930-191119-scrim-arch_rush10/replays/Rubrasum.version_3__Ambush__botB.bc24,Rubrasum.version_3,1,arch_rush10
A,dangerduck2,0,619,CAPTURE,0,-1,238,23,0,0,0,0,141,24,160,33,3,12,490,478,0,24,0,24,19,398,ATK@616,gauntlet/20260930-191119-scrim-arch_rush10/replays/dylanzemlin.dangerduck2__Islands__botB.bc24,dylanzemlin.dangerduck2,0,arch_rush10
B,arch_rush10,1,619,CAPTURE,3,411,224,203,192,0,0,0,63,53,180,240,9,5,1428,810,15,0,83,137,398,19,ATK@600,gauntlet/20260930-191119-scrim-arch_rush10/replays/dylanzemlin.dangerduck2__Islands__botB.bc24,dylanzemlin.dangerduck2,1,arch_rush10
A,arch_rush10,1,501,RESIGNATION,2,321,224,103,98,0,0,0,73,51,180,250,9,5,987,1072,13,0,75,101,215,93,,gauntlet/20260930-191119-scrim-arch_rush10/replays/itswin.MPAttack__Islands__botA.bc24,itswin.MPAttack,1,arch_rush10
B,MPAttack,0,501,RESIGNATION,0,-1,296,4,0,0,0,0,9,8,1030,340,0,2,827,606,27,0,0,22,93,215,,gauntlet/20260930-191119-scrim-arch_rush10/replays/itswin.MPAttack__Islands__botA.bc24,itswin.MPAttack,0,arch_rush10
A,crayBasic,0,2000,MORE_FLAG_CAPTURES,0,-1,1040,2,0,0,0,0,0,0,2600,4400,0,32,155,9,0,0,0,0,24,1067,,gauntlet/20260930-191119-scrim-arch_rush10/replays/abdullah8a0.crayBasic__FloodGates__botB.bc24,abdullah8a0.crayBasic,0,arch_rush10
B,arch_rush10,1,2000,MORE_FLAG_CAPTURES,1,1042,281,1600,1597,0,0,0,4,27,175,95,5,12,375,250,4,0,38,345,1067,24,ATK@600+HEAL@1200+CAP@1800,gauntlet/20260930-191119-scrim-arch_rush10/replays/abdullah8a0.crayBasic__FloodGates__botB.bc24,abdullah8a0.crayBasic,1,arch_rush10
A,Team3,0,2000,MORE_FLAG_CAPTURES,0,-1,0,3,0,3,0,0,6,14,50,50,2,21,210,96,33,0,0,64,47,907,,gauntlet/20260930-191119-scrim-arch_rush10/replays/dylanconklin.Team3__FloodGates__botB.bc24,dylanconklin.Team3,0,arch_rush10
B,arch_rush10,1,2000,MORE_FLAG_CAPTURES,2,1054,247,1647,1638,0,0,0,4,27,185,95,4,8,583,426,11,0,40,415,907,47,ATK@600+HEAL@1200+CAP@1800,gauntlet/20260930-191119-scrim-arch_rush10/replays/dylanconklin.Team3__FloodGates__botB.bc24,dylanconklin.Team3,1,arch_rush10
A,arch_rush10,1,1735,CAPTURE,3,384,228,820,817,0,0,0,43,35,155,175,5,3,1153,0,19,0,78,453,1863,0,ATK@600+HEAL@1200,gauntlet/20260930-191119-scrim-arch_rush10/replays/PerishoJ.tx__Duck__botA.bc24,PerishoJ.tx,1,arch_rush10
B,tx,0,1735,CAPTURE,0,-1,0,0,0,0,0,0,0,0,2500,3000,0,5,0,0,0,0,0,0,0,1863,,gauntlet/20260930-191119-scrim-arch_rush10/replays/PerishoJ.tx__Duck__botA.bc24,PerishoJ.tx,0,arch_rush10
A,arch_rush10,1,2000,MORE_FLAG_CAPTURES,2,289,228,970,968,0,0,0,15,18,145,220,3,3,1229,617,24,0,69,349,1108,8,ATK@600+HEAL@1200+CAP@1800,gauntlet/20260930-191119-scrim-arch_rush10/replays/joelcrouch.ducks__Pancakes__botA.bc24,joelcrouch.ducks,1,arch_rush10
B,ducks,0,2000,MORE_FLAG_CAPTURES,0,-1,0,3,0,3,6,0,0,11,200,100,0,1,51,0,34,0,0,31,8,1108,,gauntlet/20260930-191119-scrim-arch_rush10/replays/joelcrouch.ducks__Pancakes__botA.bc24,joelcrouch.ducks,0,arch_rush10
A,funkyguy3,0,629,CAPTURE,0,-1,291,7,0,0,0,0,3,32,50,50,4,7,77,411,17,0,44,65,13,355,ATK@600,gauntlet/20260930-191119-scrim-arch_rush10/replays/lcforges.funkyguy3__Funnel__botB.bc24,lcforges.funkyguy3,0,arch_rush10
B,arch_rush10,1,629,CAPTURE,3,440,277,244,240,0,0,0,41,29,165,215,5,1,1548,366,12,0,87,103,355,13,ATK@600,gauntlet/20260930-191119-scrim-arch_rush10/replays/lcforges.funkyguy3__Funnel__botB.bc24,lcforges.funkyguy3,1,arch_rush10
A,arch_rush10,1,2000,LEVEL_SUM,0,-1,0,0,0,0,0,0,18,39,140,200,7,6,764,1241,16,0,43,0,475,0,ATK@600+HEAL@1200+CAP@1800,gauntlet/20260930-191119-scrim-arch_rush10/replays/H4ffliger.keyboardcrusader_v1__Soccer__botA.bc24,H4ffliger.keyboardcrusader_v1,1,arch_rush10
B,keyboardcrusader_v1,0,2000,LEVEL_SUM,0,-1,0,3,0,3,0,0,48,0,3960,4460,0,1,627,1068,0,0,0,0,0,475,,gauntlet/20260930-191119-scrim-arch_rush10/replays/H4ffliger.keyboardcrusader_v1__Soccer__botA.bc24,H4ffliger.keyboardcrusader_v1,0,arch_rush10
A,arch_rush10,1,2000,MORE_FLAG_CAPTURES,2,1137,220,956,949,0,0,0,24,37,203,153,6,8,1274,1130,13,0,46,483,1211,188,ATK@600+HEAL@1200+CAP@1800,gauntlet/20260930-191119-scrim-arch_rush10/replays/qpwoeirut.tournament_sprint1__Soccer__botA.bc24,qpwoeirut.tournament_sprint1,1,arch_rush10
B,tournament_sprint1,0,2000,MORE_FLAG_CAPTURES,0,-1,0,0,0,0,0,0,48,0,3960,280,0,5,663,1870,30,0,0,99,188,1211,ATK@600+HEAL@1200,gauntlet/20260930-191119-scrim-arch_rush10/replays/qpwoeirut.tournament_sprint1__Soccer__botA.bc24,qpwoeirut.tournament_sprint1,0,arch_rush10
A,warrior_2nd_comp,0,815,CAPTURE,0,-1,0,3,0,3,34,0,0,18,1700,2200,0,9,0,0,13,2,3,18,6,763,ATK@750,gauntlet/20260930-191119-scrim-arch_rush10/replays/lukerhoads.warrior_2nd_comp__Tunnels__botB.bc24,lukerhoads.warrior_2nd_comp,0,arch_rush10
B,arch_rush10,1,815,CAPTURE,3,464,294,342,339,0,0,0,62,25,170,185,4,4,754,162,18,0,58,0,763,6,ATK@600,gauntlet/20260930-191119-scrim-arch_rush10/replays/lukerhoads.warrior_2nd_comp__Tunnels__botB.bc24,lukerhoads.warrior_2nd_comp,1,arch_rush10
A,v11,0,1879,CAPTURE,0,-1,1372,1,0,0,0,0,34,72,7790,889,5,9,742,1029,0,4,156,360,122,852,ATK@600+HEAL@1200+CAP@1800,gauntlet/20260930-191119-scrim-arch_rush10/replays/JeffLegendPower.v11__StarryNight__botB.bc24,JeffLegendPower.v11,0,arch_rush10
B,arch_rush10,1,1879,CAPTURE,3,488,395,260,256,0,0,0,96,110,680,300,11,15,1120,1186,24,0,126,360,852,122,ATK@600+HEAL@1200+CAP@1800,gauntlet/20260930-191119-scrim-arch_rush10/replays/JeffLegendPower.v11__StarryNight__botB.bc24,JeffLegendPower.v11,1,arch_rush10
A,player22,1,2000,MORE_FLAG_CAPTURES,2,367,266,18,0,3,0,0,64,0,3780,2260,0,3,1206,667,8,0,95,320,542,1042,ATK@600+HEAL@1200+CAP@1800,gauntlet/20260930-200221-scrim-a3dig5/losses/andrewgopher.player22__Alligator__botB.bc24,andrewgopher.player22,0,a3dig5
B,a3dig5,0,2000,MORE_FLAG_CAPTURES,1,555,519,2,0,0,0,0,55,31,185,285,6,24,1123,1725,10,0,57,244,1042,542,ATK@600+HEAL@1200+CAP@1800,gauntlet/20260930-200221-scrim-a3dig5/losses/andrewgopher.player22__Alligator__botB.bc24,andrewgopher.player22,1,a3dig5
A,v10official,1,2000,MORE_FLAG_CAPTURES,2,290,259,21,15,3,15,67,22,1,5093,43,13,0,1104,1841,15,1,68,299,501,677,ATK@600+HEAL@1200+CAP@1800,gauntlet/20260930-200221-scrim-a3dig5/losses/Gymhgy.v10official__StackGame__botB.bc24,Gymhgy.v10official,0,a3dig5
B,a3dig5,0,2000,MORE_FLAG_CAPTURES,0,-1,445,3,0,0,0,0,36,51,195,295,8,31,1239,1800,12,0,59,216,677,501,ATK@600+HEAL@1200+CAP@1800,gauntlet/20260930-200221-scrim-a3dig5/losses/Gymhgy.v10official__StackGame__botB.bc24,Gymhgy.v10official,1,a3dig5
A,waffle,1,346,CAPTURE,3,263,220,9,0,0,0,0,19,41,533,153,2,8,869,715,0,0,65,53,34,72,,gauntlet/20260930-200221-scrim-a3dig5/losses/winkelmantanner.waffle__Bunkers__botB.bc24,winkelmantanner.waffle,0,a3dig5
B,a3dig5,0,346,CAPTURE,1,331,307,1,0,0,0,0,29,36,170,295,7,0,880,1133,9,0,44,34,72,34,,gauntlet/20260930-200221-scrim-a3dig5/losses/winkelmantanner.waffle__Bunkers__botB.bc24,winkelmantanner.waffle,1,a3dig5
A,a3dig5,0,2000,MORE_FLAG_CAPTURES,0,-1,1216,2,0,0,0,0,67,54,165,260,9,11,901,1300,13,0,62,214,599,616,ATK@600+HEAL@1200+CAP@1800,gauntlet/20260930-200221-scrim-a3dig5/losses/CyrilSharma.finalBot__Islands__botA.bc24,CyrilSharma.finalBot,1,a3dig5
B,finalBot,1,2000,MORE_FLAG_CAPTURES,2,312,229,8,0,0,0,60,24,3,6214,3254,12,2,1068,1275,0,0,163,637,616,599,ATK@600+HEAL@1200+CAP@1800,gauntlet/20260930-200221-scrim-a3dig5/losses/CyrilSharma.finalBot__Islands__botA.bc24,CyrilSharma.finalBot,0,a3dig5
A,Version18Final,1,593,CAPTURE,3,326,246,15,0,3,29,26,12,6,1358,14113,4,3,911,1034,44,3,92,134,96,108,,gauntlet/20260930-200221-scrim-a3dig5/losses/uravt.Version18Final__HungerGames__botB.bc24,uravt.Version18Final,0,a3dig5
B,a3dig5,0,593,CAPTURE,0,-1,247,1,0,0,0,0,19,25,125,250,4,0,872,1277,11,0,69,89,108,96,,gauntlet/20260930-200221-scrim-a3dig5/losses/uravt.Version18Final__HungerGames__botB.bc24,uravt.Version18Final,1,a3dig5
A,a3dig5,0,2000,MORE_FLAG_CAPTURES,1,287,235,2,0,0,0,0,36,25,195,295,4,2,761,1006,2,0,44,217,340,410,ATK@600+HEAL@1200+CAP@1800,gauntlet/20260930-200221-scrim-a3dig5/losses/IvanGeffner.kuma__OceanFloor__botA.bc24,IvanGeffner.kuma,1,a3dig5
B,kuma,1,2000,MORE_FLAG_CAPTURES,2,296,225,28,15,0,0,90,51,2,715,540,18,12,834,909,0,0,45,363,410,340,ATK@600+HEAL@1200+CAP@1800,gauntlet/20260930-200221-scrim-a3dig5/losses/IvanGeffner.kuma__OceanFloor__botA.bc24,IvanGeffner.kuma,0,a3dig5
A,flagbot_final,1,1309,CAPTURE,3,492,372,10,0,3,7,90,110,2,45,70,18,3,1179,1572,0,0,78,434,706,111,ATK@600+HEAL@1200,gauntlet/20260930-200221-scrim-a3dig5/losses/chenyx512.flagbot_final__Funnel__botB.bc24,chenyx512.flagbot_final,0,a3dig5
B,a3dig5,0,1309,CAPTURE,0,-1,353,1,0,0,0,12,36,27,135,160,5,7,886,1308,8,0,47,141,111,706,ATK@600+HEAL@1200,gauntlet/20260930-200221-scrim-a3dig5/losses/chenyx512.flagbot_final__Funnel__botB.bc24,chenyx512.flagbot_final,1,a3dig5
A,a3dig5,0,763,CAPTURE,0,-1,265,7,0,0,0,122,172,67,100,679,19,4,710,893,24,0,228,270,155,167,ATK@600,gauntlet/20260930-200221-scrim-a3dig5/losses/hsmalladi.finalbot__Snake__botA.bc24,hsmalladi.finalbot,1,a3dig5
B,finalbot,1,763,CAPTURE,3,357,289,21,5,3,49,60,144,0,10225,12765,12,0,797,903,12,6,256,341,167,155,ATK@600,gauntlet/20260930-200221-scrim-a3dig5/losses/hsmalladi.finalbot__Snake__botA.bc24,hsmalladi.finalbot,0,a3dig5
A,a3dig5,0,554,CAPTURE,1,506,265,11,0,0,0,0,91,18,35,240,2,2,999,1234,6,0,30,39,53,53,,gauntlet/20260930-200221-scrim-a3dig5/losses/Gymhgy.v10official__Intercontinental__botA.bc24,Gymhgy.v10official,1,a3dig5
B,v10official,1,554,CAPTURE,3,412,291,34,24,3,9,45,123,1,330,20,9,1,893,1514,0,1,17,24,53,53,,gauntlet/20260930-200221-scrim-a3dig5/losses/Gymhgy.v10official__Intercontinental__botA.bc24,Gymhgy.v10official,0,a3dig5
A,waffle,1,1960,CAPTURE,3,370,282,39,0,0,0,0,0,3,2100,4580,0,3,875,1164,0,0,124,312,434,711,ATK@600+HEAL@1200+CAP@1800,gauntlet/20260930-200221-scrim-a3dig5/losses/winkelmantanner.waffle__Puzzle__botB.bc24,winkelmantanner.waffle,0,a3dig5
B,a3dig5,0,1960,CAPTURE,2,342,292,6,0,0,0,0,3,22,155,205,4,0,794,962,22,0,103,263,711,434,ATK@600+HEAL@1200+CAP@1800,gauntlet/20260930-200221-scrim-a3dig5/losses/winkelmantanner.waffle__Puzzle__botB.bc24,winkelmantanner.waffle,1,a3dig5
A,a3dig5,0,868,CAPTURE,0,-1,457,2,0,0,0,0,29,14,140,235,2,11,684,1079,19,0,72,114,145,173,ATK@600,gauntlet/20260930-200221-scrim-a3dig5/losses/IvanGeffner.kuma__Puzzle__botA.bc24,IvanGeffner.kuma,1,a3dig5
B,kuma,1,868,CAPTURE,3,439,293,48,30,0,0,90,4,0,825,2010,18,4,942,853,9,0,162,210,173,145,ATK@600,gauntlet/20260930-200221-scrim-a3dig5/losses/IvanGeffner.kuma__Puzzle__botA.bc24,IvanGeffner.kuma,0,a3dig5
A,a3dig5,0,894,CAPTURE,0,-1,257,14,0,0,0,0,101,33,185,215,6,0,753,1192,19,0,90,139,114,219,ATK@600,gauntlet/20260930-200221-scrim-a3dig5/losses/Strequals.duck0127v5__BigDucksBigPond__botA.bc24,Strequals.duck0127v5,1,a3dig5
B,duck0127v5,1,894,CAPTURE,3,402,268,16,0,0,0,90,24,1,2455,805,18,2,880,1115,0,0,78,189,219,114,ATK@600,gauntlet/20260930-200221-scrim-a3dig5/losses/Strequals.duck0127v5__BigDucksBigPond__botA.bc24,Strequals.duck0127v5,0,a3dig5
A,a3dig5,0,408,CAPTURE,0,-1,272,1,0,0,0,46,43,21,185,85,2,3,769,926,4,0,17,20,92,77,,gauntlet/20260930-200221-scrim-a3dig5/losses/jmerle.camel_case_v21_final__BedWars__botA.bc24,jmerle.camel_case_v21_final,1,a3dig5
B,camel_case_v21_final,1,408,CAPTURE,3,318,282,7,0,0,0,0,0,0,4800,710,0,2,1037,326,0,0,36,36,77,92,,gauntlet/20260930-200221-scrim-a3dig5/losses/jmerle.camel_case_v21_final__BedWars__botA.bc24,jmerle.camel_case_v21_final,0,a3dig5
A,a3dig5,0,2000,MORE_FLAG_CAPTURES,0,-1,0,0,0,0,0,0,4,26,200,305,4,32,1169,1457,3,0,51,191,1078,328,ATK@600+HEAL@1200+CAP@1800,gauntlet/20260930-200221-scrim-a3dig5/losses/ColtG5.Goob_final__FloodGates__botA.bc24,ColtG5.Goob_final,1,a3dig5
B,Goob_final,1,2000,MORE_FLAG_CAPTURES,1,585,541,1,0,0,0,0,6,0,2720,50,0,6,866,910,2,0,39,189,328,1078,ATK@600+HEAL@1200+CAP@1800,gauntlet/20260930-200221-scrim-a3dig5/losses/ColtG5.Goob_final__FloodGates__botA.bc24,ColtG5.Goob_final,0,a3dig5
A,a3dig5,0,2000,MORE_FLAG_CAPTURES,0,-1,400,11,0,0,0,0,33,42,175,225,7,25,867,1094,11,0,56,379,1355,311,ATK@600+HEAL@1200+CAP@1800,gauntlet/20260930-200221-scrim-a3dig5/losses/kyleezz.jeeryfix3__Divergent__botA.bc24,kyleezz.jeeryfix3,1,a3dig5
B,jeeryfix3,1,2000,MORE_FLAG_CAPTURES,1,498,377,28,0,0,0,0,93,2,2810,1360,0,14,782,479,0,0,50,218,311,1355,ATK@600+CAP@1200+HEAL@1800,gauntlet/20260930-200221-scrim-a3dig5/losses/kyleezz.jeeryfix3__Divergent__botA.bc24,kyleezz.jeeryfix3,0,a3dig5
A,a3dig5,0,1129,CAPTURE,0,-1,493,4,0,0,0,86,84,38,135,207,7,2,553,705,19,0,145,231,214,251,ATK@600,gauntlet/20260930-200221-scrim-a3dig5/losses/CyrilSharma.finalBot__MIT__botA.bc24,CyrilSharma.finalBot,1,a3dig5
B,finalBot,1,1129,CAPTURE,3,304,277,10,0,0,0,57,20,1,7940,36531,11,6,671,642,0,0,179,627,251,214,ATK@600,gauntlet/20260930-200221-scrim-a3dig5/losses/CyrilSharma.finalBot__MIT__botA.bc24,CyrilSharma.finalBot,0,a3dig5
A,a3dig5,0,2000,MORE_FLAG_CAPTURES,0,-1,0,0,0,0,0,0,0,37,235,175,7,15,794,1273,7,0,52,201,352,416,ATK@600+HEAL@1200+CAP@1800,gauntlet/20260930-200221-scrim-a3dig5/losses/andli28.v9_USQuals_angle__Valentine__botA.bc24,andli28.v9_USQuals_angle,1,a3dig5
B,v9_USQuals_angle,1,2000,MORE_FLAG_CAPTURES,1,424,333,20,0,0,0,90,0,6,2445,4085,18,3,897,1229,9,3,90,450,416,352,ATK@600+HEAL@1200+CAP@1800,gauntlet/20260930-200221-scrim-a3dig5/losses/andli28.v9_USQuals_angle__Valentine__botA.bc24,andli28.v9_USQuals_angle,0,a3dig5
A,a3dig5,0,926,CAPTURE,0,-1,0,0,0,0,0,85,189,49,36,126,9,12,744,1532,20,0,44,81,145,199,ATK@600,gauntlet/20260930-200221-scrim-a3dig5/losses/andli28.v9_USQuals_angle__Waterworld__botA.bc24,andli28.v9_USQuals_angle,1,a3dig5
B,v9_USQuals_angle,1,926,CAPTURE,3,818,237,26,0,0,0,39,190,7,308,2554,8,3,904,1284,7,4,42,204,199,145,ATK@600,gauntlet/20260930-200221-scrim-a3dig5/losses/andli28.v9_USQuals_angle__Waterworld__botA.bc24,andli28.v9_USQuals_angle,0,a3dig5
A,TSPAARKSPRINT1,1,2000,MORE_FLAG_CAPTURES,2,877,359,48,0,3,44,0,31,2,8770,4570,0,7,479,1501,40,18,5,120,175,526,ATK@600+CAP@1200+HEAL@1800,gauntlet/20260930-200221-scrim-a3dig5/losses/SampleProvider.TSPAARKSPRINT1__Foxes__botB.bc24,SampleProvider.TSPAARKSPRINT1,0,a3dig5
B,a3dig5,0,2000,MORE_FLAG_CAPTURES,1,1925,505,29,0,0,0,14,24,72,565,265,12,5,910,1294,24,0,72,313,526,175,ATK@600+HEAL@1200+CAP@1800,gauntlet/20260930-200221-scrim-a3dig5/losses/SampleProvider.TSPAARKSPRINT1__Foxes__botB.bc24,SampleProvider.TSPAARKSPRINT1,1,a3dig5
A,v3,1,826,CAPTURE,3,378,339,36,10,0,0,0,17,0,2590,1250,0,6,794,1021,0,0,78,131,154,262,ATK@600,gauntlet/20260930-200221-scrim-a3dig5/losses/NotLLeon.v3__HungerGames__botB.bc24,NotLLeon.v3,0,a3dig5
B,a3dig5,0,826,CAPTURE,2,663,240,19,0,0,0,0,20,24,155,325,4,16,943,1153,22,0,183,242,262,154,ATK@600,gauntlet/20260930-200221-scrim-a3dig5/losses/NotLLeon.v3__HungerGames__botB.bc24,NotLLeon.v3,1,a3dig5
A,v3,1,1327,CAPTURE,3,488,270,32,9,0,0,0,15,0,5750,6020,0,16,742,756,0,0,96,212,316,381,ATK@600+HEAL@1200,gauntlet/20260930-200221-scrim-a3dig5/losses/NotLLeon.v3__Mountain__botB.bc24,NotLLeon.v3,0,a3dig5
B,a3dig5,0,1327,CAPTURE,0,-1,0,0,0,0,0,28,49,38,205,285,6,6,729,917,8,0,57,141,381,316,ATK@600+HEAL@1200,gauntlet/20260930-200221-scrim-a3dig5/losses/NotLLeon.v3__Mountain__botB.bc24,NotLLeon.v3,1,a3dig5
A,Version18Final,1,606,CAPTURE,3,343,247,10,0,3,21,21,38,16,464,45,3,3,760,836,3,3,26,32,53,58,ATK@600,gauntlet/20260930-200221-scrim-a3dig5/losses/uravt.Version18Final__Decision__botB.bc24,uravt.Version18Final,0,a3dig5
B,a3dig5,0,606,CAPTURE,0,-1,0,0,0,0,0,0,77,17,160,245,2,1,700,1075,2,0,30,43,58,53,ATK@600,gauntlet/20260930-200221-scrim-a3dig5/losses/uravt.Version18Final__Decision__botB.bc24,uravt.Version18Final,1,a3dig5
A,flagbot_final,1,1081,CAPTURE,3,549,437,7,0,3,20,41,58,0,24,12,7,3,1201,1816,0,0,5,171,493,107,ATK@600,gauntlet/20260930-200221-scrim-a3dig5/losses/chenyx512.flagbot_final__Racetrack__botB.bc24,chenyx512.flagbot_final,0,a3dig5
B,a3dig5,0,1081,CAPTURE,0,-1,0,0,0,0,0,0,68,2,60,170,0,5,1047,1687,1,0,16,70,107,493,ATK@600,gauntlet/20260930-200221-scrim-a3dig5/losses/chenyx512.flagbot_final__Racetrack__botB.bc24,chenyx512.flagbot_final,1,a3dig5
A,player22,1,1493,CAPTURE,3,290,263,12,1,3,0,0,26,0,2320,50,0,5,1304,837,1,0,69,383,975,651,ATK@600+HEAL@1200,gauntlet/20260930-200221-scrim-a3dig5/losses/andrewgopher.player22__Digging__botB.bc24,andrewgopher.player22,0,a3dig5
B,a3dig5,0,1493,CAPTURE,0,-1,0,0,0,0,0,0,15,26,125,215,5,1,1048,1357,1,0,50,167,651,975,ATK@600+HEAL@1200,gauntlet/20260930-200221-scrim-a3dig5/losses/andrewgopher.player22__Digging__botB.bc24,andrewgopher.player22,1,a3dig5
A,camel_case_v21_final,1,376,CAPTURE,3,285,235,9,0,0,0,0,51,14,2770,3013,0,2,1192,398,0,0,117,107,86,85,,gauntlet/20260930-200221-scrim-a3dig5/losses/jmerle.camel_case_v21_final__Alligator__botB.bc24,jmerle.camel_case_v21_final,0,a3dig5
B,a3dig5,0,376,CAPTURE,0,-1,0,0,0,0,0,0,51,31,155,235,5,14,783,1099,13,0,56,59,85,86,,gauntlet/20260930-200221-scrim-a3dig5/losses/jmerle.camel_case_v21_final__Alligator__botB.bc24,jmerle.camel_case_v21_final,1,a3dig5
A,a3dig5,0,672,CAPTURE,0,-1,241,15,0,0,0,0,75,17,135,115,3,1,687,1156,4,0,23,48,72,98,ATK@600,gauntlet/20260930-200221-scrim-a3dig5/losses/Strequals.duck0127v5__Decision__botA.bc24,Strequals.duck0127v5,1,a3dig5
B,duck0127v5,1,672,CAPTURE,3,517,281,9,0,0,0,90,23,7,1311,1046,18,2,896,1125,0,2,55,104,98,72,ATK@600,gauntlet/20260930-200221-scrim-a3dig5/losses/Strequals.duck0127v5__Decision__botA.bc24,Strequals.duck0127v5,0,a3dig5
A,a3dig5,1,2000,MORE_FLAG_CAPTURES,2,360,283,4,0,0,0,34,47,38,140,220,7,1,823,711,11,0,72,525,1628,346,ATK@600+HEAL@1200+CAP@1800,gauntlet/20260930-200221-scrim-a3dig5/replays/RyanAspen.v22__Mountain__botA.bc24,RyanAspen.v22,1,a3dig5
B,v22,0,2000,MORE_FLAG_CAPTURES,1,287,230,14,0,0,0,0,43,10,4210,60,0,7,544,131,0,0,82,255,346,1628,ATK@600+CAP@1200+HEAL@1800,gauntlet/20260930-200221-scrim-a3dig5/replays/RyanAspen.v22__Mountain__botA.bc24,RyanAspen.v22,0,a3dig5
A,a3dig5,1,1858,CAPTURE,3,649,220,32,0,0,0,28,32,30,185,215,5,28,1371,1818,12,0,41,218,1025,326,ATK@600+HEAL@1200+CAP@1800,gauntlet/20260930-200221-scrim-a3dig5/replays/jonters.bling3__Alien__botA.bc24,jonters.bling3,1,a3dig5
B,bling3,0,1858,CAPTURE,2,476,222,15,0,0,0,0,10,15,2400,360,0,4,872,1428,36,0,0,150,326,1025,ATK@600+HEAL@1200+CAP@1800,gauntlet/20260930-200221-scrim-a3dig5/replays/jonters.bling3__Alien__botA.bc24,jonters.bling3,0,a3dig5
A,cowards,0,738,CAPTURE,0,-1,399,4,0,0,0,0,19,14,830,86,0,4,461,1399,58,0,0,66,60,320,,gauntlet/20260930-200221-scrim-a3dig5/replays/aj-chau.cowards__Occulus__botB.bc24,aj-chau.cowards,0,a3dig5
B,a3dig5,1,738,CAPTURE,3,288,211,12,0,0,0,0,13,36,190,280,7,21,1219,983,3,0,54,71,320,60,ATK@600,gauntlet/20260930-200221-scrim-a3dig5/replays/aj-chau.cowards__Occulus__botB.bc24,aj-chau.cowards,1,a3dig5
A,sprint1,0,647,CAPTURE,0,-1,219,11,0,0,0,0,62,12,140,130,0,7,258,1066,26,0,0,39,30,444,ATK@600,gauntlet/20260930-200221-scrim-a3dig5/replays/justinottesen.sprint1__Ambush__botB.bc24,justinottesen.sprint1,0,a3dig5
B,a3dig5,1,647,CAPTURE,3,231,212,9,0,0,0,0,36,28,160,220,4,21,1737,774,6,0,54,116,444,30,ATK@600,gauntlet/20260930-200221-scrim-a3dig5/replays/justinottesen.sprint1__Ambush__botB.bc24,justinottesen.sprint1,1,a3dig5
A,keyboardcrusader_v1,0,390,CAPTURE,0,-1,0,3,0,3,56,0,98,0,1660,3160,0,0,303,620,13,0,0,6,4,52,,gauntlet/20260930-200221-scrim-a3dig5/replays/H4ffliger.keyboardcrusader_v1__Funnel__botB.bc24,H4ffliger.keyboardcrusader_v1,0,a3dig5
B,a3dig5,1,390,CAPTURE,3,350,228,3,0,0,0,31,26,30,135,215,5,3,702,671,17,0,57,0,52,4,,gauntlet/20260930-200221-scrim-a3dig5/replays/H4ffliger.keyboardcrusader_v1__Funnel__botB.bc24,H4ffliger.keyboardcrusader_v1,1,a3dig5
A,duck8,0,918,CAPTURE,2,238,222,14,0,0,0,0,22,39,30,290,3,30,990,1197,9,0,84,137,142,467,ATK@750,gauntlet/20260930-200221-scrim-a3dig5/replays/clbarrell.duck8__WheresMyWater__botB.bc24,clbarrell.duck8,0,a3dig5
B,a3dig5,1,918,CAPTURE,3,519,492,3,0,0,0,46,65,19,145,65,3,2,1292,1403,6,0,34,123,467,142,ATK@600,gauntlet/20260930-200221-scrim-a3dig5/replays/clbarrell.duck8__WheresMyWater__botB.bc24,clbarrell.duck8,1,a3dig5
A,bc24scenario,0,784,CAPTURE,0,-1,0,1,0,1,2,58,58,3,1100,1100,6,31,0,0,1,1,1,2,0,253,ATK@600,gauntlet/20260930-200221-scrim-a3dig5/replays/Metta-AI.bc24scenario__Tunnels__botB.bc24,Metta-AI.bc24scenario,0,a3dig5
B,a3dig5,1,784,CAPTURE,3,643,611,3,0,0,0,2,63,23,130,1505,3,30,0,0,6,0,44,62,253,0,ATK@600,gauntlet/20260930-200221-scrim-a3dig5/replays/Metta-AI.bc24scenario__Tunnels__botB.bc24,Metta-AI.bc24scenario,1,a3dig5
A,a3dig5,1,2000,LEVEL_SUM,0,-1,418,1,0,0,0,0,4,27,170,60,4,29,1163,1310,4,0,42,183,1363,247,ATK@600+HEAL@1200+CAP@1800,gauntlet/20260930-200221-scrim-a3dig5/replays/quesswho.cretplayer2_3__FloodGates__botA.bc24,quesswho.cretplayer2_3,1,a3dig5
B,cretplayer2_3,0,2000,LEVEL_SUM,0,-1,285,5,0,3,17,0,1,0,2870,930,0,3,795,921,0,4,34,164,247,1363,ATK@600+HEAL@1200+CAP@1800,gauntlet/20260930-200221-scrim-a3dig5/replays/quesswho.cretplayer2_3__FloodGates__botA.bc24,quesswho.cretplayer2_3,0,a3dig5
A,v9,0,358,CAPTURE,0,-1,0,0,0,0,0,0,39,19,1015,1055,3,0,477,731,0,0,39,37,2,137,,gauntlet/20260930-200221-scrim-a3dig5/replays/TylerJulian.v9__Rivers__botB.bc24,TylerJulian.v9,0,a3dig5
B,a3dig5,1,358,CAPTURE,3,301,254,3,0,0,0,0,27,28,175,290,5,13,1341,828,5,0,47,28,137,2,,gauntlet/20260930-200221-scrim-a3dig5/replays/TylerJulian.v9__Rivers__botB.bc24,TylerJulian.v9,1,a3dig5
A,SimpleBot,0,559,CAPTURE,0,-1,0,0,0,0,0,0,0,0,2400,2900,0,20,0,0,0,0,0,0,0,492,,gauntlet/20260930-200221-scrim-a3dig5/replays/sayam-goyal.SimpleBot__StackGame__botB.bc24,sayam-goyal.SimpleBot,0,a3dig5
B,a3dig5,1,559,CAPTURE,3,272,226,3,0,0,0,39,55,39,175,210,7,3,1591,0,24,0,134,151,492,0,,gauntlet/20260930-200221-scrim-a3dig5/replays/sayam-goyal.SimpleBot__StackGame__botB.bc24,sayam-goyal.SimpleBot,1,a3dig5
A,funkyguy3,0,551,CAPTURE,0,-1,423,3,0,0,0,0,39,64,80,50,3,10,44,439,42,0,41,74,24,344,,gauntlet/20260930-200221-scrim-a3dig5/replays/lcforges.funkyguy3__Skyline__botB.bc24,lcforges.funkyguy3,0,a3dig5
B,a3dig5,1,551,CAPTURE,3,276,236,4,0,0,0,235,232,100,1645,357,56,7,1665,517,24,0,182,179,344,24,,gauntlet/20260930-200221-scrim-a3dig5/replays/lcforges.funkyguy3__Skyline__botB.bc24,lcforges.funkyguy3,1,a3dig5
A,a3dig5,1,542,CAPTURE,3,262,227,5,0,0,0,51,44,49,209,229,8,9,1484,719,21,0,100,109,314,38,,gauntlet/20260930-200221-scrim-a3dig5/replays/cViper971.ourplayer__Anchor__botA.bc24,cViper971.ourplayer,1,a3dig5
B,ourplayer,0,542,CAPTURE,0,-1,263,5,0,0,0,0,12,38,980,910,3,10,336,472,62,0,0,37,38,314,,gauntlet/20260930-200221-scrim-a3dig5/replays/cViper971.ourplayer__Anchor__botA.bc24,cViper971.ourplayer,0,a3dig5
A,dinoboxer,0,1547,CAPTURE,0,-1,404,5,0,0,0,0,30,36,20,20,1,3,244,308,36,0,0,105,88,614,ATK@600+CAP@1200,gauntlet/20260930-200221-scrim-a3dig5/replays/Peter-Fun.dinoboxer__HeMustBeFreed__botB.bc24,Peter-Fun.dinoboxer,0,a3dig5
B,a3dig5,1,1547,CAPTURE,3,467,349,12,0,0,0,0,115,15,100,30,1,6,432,395,10,0,26,251,614,88,ATK@600+HEAL@1200,gauntlet/20260930-200221-scrim-a3dig5/replays/Peter-Fun.dinoboxer__HeMustBeFreed__botB.bc24,Peter-Fun.dinoboxer,1,a3dig5
A,a3dig5,1,676,CAPTURE,3,417,255,3,0,0,0,59,41,61,205,235,11,4,1267,767,21,0,61,83,225,55,ATK@600,gauntlet/20260930-200221-scrim-a3dig5/replays/aj-chau.cowards__Foxes__botA.bc24,aj-chau.cowards,1,a3dig5
B,cowards,0,676,CAPTURE,0,-1,366,5,0,0,0,0,17,25,4390,110,1,0,269,1387,55,0,0,55,55,225,,gauntlet/20260930-200221-scrim-a3dig5/replays/aj-chau.cowards__Foxes__botA.bc24,aj-chau.cowards,0,a3dig5
A,a3dig5,1,920,CAPTURE,3,332,239,37,0,0,0,0,62,3,140,20,0,4,995,947,1,0,15,92,266,74,ATK@600,gauntlet/20260930-200221-scrim-a3dig5/replays/SampleProvider.TSPAARKSPRINT1__Racetrack__botA.bc24,SampleProvider.TSPAARKSPRINT1,1,a3dig5
B,TSPAARKSPRINT1,0,920,CAPTURE,2,414,341,14,0,3,36,0,79,0,30,20,0,18,586,1320,0,0,0,5,74,266,ATK@600,gauntlet/20260930-200221-scrim-a3dig5/replays/SampleProvider.TSPAARKSPRINT1__Racetrack__botA.bc24,SampleProvider.TSPAARKSPRINT1,0,a3dig5
A,turtle,0,1543,CAPTURE,0,-1,0,3,0,3,0,0,0,14,2200,20,0,13,250,390,26,0,0,32,27,1043,HEAL@600+ATK@1200,gauntlet/20260930-200221-scrim-a3dig5/replays/andrearante12.turtle__MazeRunner__botB.bc24,andrearante12.turtle,0,a3dig5
B,a3dig5,1,1543,CAPTURE,3,561,314,6,0,0,0,11,74,20,30,30,3,3,620,445,21,0,52,281,1043,27,ATK@600+HEAL@1200,gauntlet/20260930-200221-scrim-a3dig5/replays/andrearante12.turtle__MazeRunner__botB.bc24,andrearante12.turtle,1,a3dig5
A,polyv4,0,695,CAPTURE,0,-1,285,1,0,0,0,0,11,25,6750,14030,3,2,66,117,2,0,91,117,6,618,HEAL@600,gauntlet/20260930-200221-scrim-a3dig5/replays/polyllc.polyv4__SteamboatMickey__botB.bc24,polyllc.polyv4,0,a3dig5
B,a3dig5,1,695,CAPTURE,3,557,230,9,0,0,0,36,27,63,564,304,11,3,1643,172,26,0,115,149,618,6,ATK@600,gauntlet/20260930-200221-scrim-a3dig5/replays/polyllc.polyv4__SteamboatMickey__botB.bc24,polyllc.polyv4,1,a3dig5
A,a3dig5,1,1765,CAPTURE,3,472,237,35,0,0,0,0,65,38,205,285,6,22,1107,833,5,0,55,304,922,110,ATK@600+HEAL@1200,gauntlet/20260930-200221-scrim-a3dig5/replays/reeceyang.v5__GravitationalWaves__botA.bc24,reeceyang.v5,1,a3dig5
B,v5,0,1765,CAPTURE,0,-1,363,2,0,0,0,0,74,20,20,10,2,7,472,1081,21,0,0,66,110,922,ATK@600+CAP@1200,gauntlet/20260930-200221-scrim-a3dig5/replays/reeceyang.v5__GravitationalWaves__botA.bc24,reeceyang.v5,0,a3dig5
A,MPAttack,0,501,RESIGNATION,0,-1,455,2,0,0,0,0,21,13,70,80,0,1,364,199,22,0,0,15,31,167,,gauntlet/20260930-200221-scrim-a3dig5/replays/itswin.MPAttack__TreeSearch__botB.bc24,itswin.MPAttack,0,a3dig5
B,a3dig5,1,501,RESIGNATION,2,408,336,8,0,0,0,18,78,19,190,260,2,9,567,742,23,0,65,54,167,31,,gauntlet/20260930-200221-scrim-a3dig5/replays/itswin.MPAttack__TreeSearch__botB.bc24,itswin.MPAttack,1,a3dig5
A,tx,0,606,CAPTURE,0,-1,0,0,0,0,0,0,0,0,2900,3400,0,12,0,0,0,0,0,0,0,279,,gauntlet/20260930-200221-scrim-a3dig5/replays/PerishoJ.tx__DefaultLarge__botB.bc24,PerishoJ.tx,0,a3dig5
B,a3dig5,1,606,CAPTURE,3,342,234,3,0,0,0,0,44,23,175,264,4,3,969,0,24,0,108,53,279,0,ATK@600,gauntlet/20260930-200221-scrim-a3dig5/replays/PerishoJ.tx__DefaultLarge__botB.bc24,PerishoJ.tx,1,a3dig5
A,combustiblelemon,0,533,CAPTURE,0,-1,0,3,0,3,14,0,0,11,200,100,0,9,280,128,30,0,0,12,9,137,,gauntlet/20260930-200221-scrim-a3dig5/replays/samithShetty.combustiblelemon__Puzzle__botB.bc24,samithShetty.combustiblelemon,0,a3dig5
B,a3dig5,1,533,CAPTURE,3,292,220,3,0,0,0,0,3,22,155,149,4,3,761,641,24,0,127,50,137,9,,gauntlet/20260930-200221-scrim-a3dig5/replays/samithShetty.combustiblelemon__Puzzle__botB.bc24,samithShetty.combustiblelemon,1,a3dig5
A,v11,0,2000,MORE_FLAG_CAPTURES,0,-1,0,0,0,0,0,0,20,43,20,400,4,22,441,594,0,5,56,168,38,2302,ATK@600+HEAL@1200+CAP@1800,gauntlet/20260930-200221-scrim-a3dig5/replays/JeffLegendPower.v11__EndAround__botB.bc24,JeffLegendPower.v11,0,a3dig5
B,a3dig5,1,2000,MORE_FLAG_CAPTURES,1,874,286,14,0,0,0,0,63,25,185,165,4,4,745,794,20,0,60,235,2302,38,ATK@600+HEAL@1200+CAP@1800,gauntlet/20260930-200221-scrim-a3dig5/replays/JeffLegendPower.v11__EndAround__botB.bc24,JeffLegendPower.v11,1,a3dig5
A,a3dig5,1,2000,MORE_FLAG_CAPTURES,2,476,245,40,0,0,0,0,60,42,145,245,7,3,1194,349,12,0,63,458,1168,76,ATK@600+HEAL@1200+CAP@1800,gauntlet/20260930-200221-scrim-a3dig5/replays/justinottesen.sprint1__Hurricane__botA.bc24,justinottesen.sprint1,1,a3dig5
B,sprint1,0,2000,MORE_FLAG_CAPTURES,1,1448,315,29,0,0,0,0,163,9,50,10,1,3,183,1070,10,0,0,72,76,1168,ATK@600,gauntlet/20260930-200221-scrim-a3dig5/replays/justinottesen.sprint1__Hurricane__botA.bc24,justinottesen.sprint1,0,a3dig5
A,turtle,0,2000,MORE_FLAG_CAPTURES,0,-1,0,3,0,3,23,1,0,7,3180,880,0,5,317,536,34,0,0,36,60,1535,HEAL@600+ATK@1200,gauntlet/20260930-200221-scrim-a3dig5/replays/andrearante12.turtle__Funnel__botB.bc24,andrearante12.turtle,0,a3dig5
B,a3dig5,1,2000,MORE_FLAG_CAPTURES,1,360,268,6,0,0,0,22,41,25,170,285,3,4,1044,717,13,0,72,640,1535,60,ATK@600+HEAL@1200+CAP@1800,gauntlet/20260930-200221-scrim-a3dig5/replays/andrearante12.turtle__Funnel__botB.bc24,andrearante12.turtle,1,a3dig5
A,a3dig5,1,609,CAPTURE,3,263,235,7,0,0,0,0,38,21,160,175,3,3,995,931,23,0,34,74,354,26,ATK@600,gauntlet/20260930-200221-scrim-a3dig5/replays/dylanconklin.Team3__Fountain__botA.bc24,dylanconklin.Team3,1,a3dig5
B,Team3,0,609,CAPTURE,0,-1,0,3,0,3,0,0,43,14,30,190,1,6,288,93,24,0,0,29,26,354,,gauntlet/20260930-200221-scrim-a3dig5/replays/dylanconklin.Team3__Fountain__botA.bc24,dylanconklin.Team3,0,a3dig5
A,crayBasic,0,482,CAPTURE,0,-1,214,10,0,0,0,0,0,0,3000,3500,0,9,641,16,0,0,0,0,3,377,,gauntlet/20260930-200221-scrim-a3dig5/replays/abdullah8a0.crayBasic__Battlefield__botB.bc24,abdullah8a0.crayBasic,0,a3dig5
B,a3dig5,1,482,CAPTURE,3,354,339,4,0,0,0,0,33,45,125,245,9,39,1802,1186,9,0,63,61,377,3,,gauntlet/20260930-200221-scrim-a3dig5/replays/abdullah8a0.crayBasic__Battlefield__botB.bc24,abdullah8a0.crayBasic,1,a3dig5
A,a3dig5,1,1500,CAPTURE,3,1409,1366,3,0,0,0,0,12,19,120,220,3,22,1275,1256,1,0,161,306,818,194,ATK@600+HEAL@1200,gauntlet/20260930-200221-scrim-a3dig5/replays/qpwoeirut.tournament_sprint1__GaltonBoard__botA.bc24,qpwoeirut.tournament_sprint1,1,a3dig5
B,tournament_sprint1,0,1500,CAPTURE,0,-1,0,0,0,0,0,0,9,0,2130,230,0,7,500,1507,63,0,0,159,194,818,ATK@600+HEAL@1200,gauntlet/20260930-200221-scrim-a3dig5/replays/qpwoeirut.tournament_sprint1__GaltonBoard__botA.bc24,qpwoeirut.tournament_sprint1,0,a3dig5
A,a3dig5,1,2000,MORE_FLAG_CAPTURES,2,517,327,10,0,0,0,3,96,44,200,250,7,9,855,469,17,0,73,696,1992,117,ATK@600+HEAL@1200+CAP@1800,gauntlet/20260930-200221-scrim-a3dig5/replays/cViper971.ourplayer__Klein__botA.bc24,cViper971.ourplayer,1,a3dig5
B,ourplayer,0,2000,MORE_FLAG_CAPTURES,0,-1,233,13,0,0,0,0,22,18,200,10,2,13,219,473,30,0,0,106,117,1992,ATK@600+HEAL@1200+CAP@1800,gauntlet/20260930-200221-scrim-a3dig5/replays/cViper971.ourplayer__Klein__botA.bc24,cViper971.ourplayer,0,a3dig5
A,a3dig5,1,2000,MORE_FLAG_CAPTURES,2,242,210,3,0,0,0,0,11,33,235,220,5,3,998,75,24,0,114,0,830,2,ATK@600+HEAL@1200+CAP@1800,gauntlet/20260930-200221-scrim-a3dig5/replays/lukerhoads.warrior_2nd_comp__AceOfSpades__botA.bc24,lukerhoads.warrior_2nd_comp,1,a3dig5
B,warrior_2nd_comp,0,2000,MORE_FLAG_CAPTURES,0,-1,0,3,0,3,56,0,0,14,1800,2300,1,12,0,0,10,2,2,11,2,830,ATK@750+CAP@1500,gauntlet/20260930-200221-scrim-a3dig5/replays/lukerhoads.warrior_2nd_comp__AceOfSpades__botA.bc24,lukerhoads.warrior_2nd_comp,0,a3dig5
A,moveBot1,0,457,CAPTURE,0,-1,0,0,0,0,0,0,46,22,1260,320,2,20,240,515,38,0,0,35,37,259,,gauntlet/20260930-200221-scrim-a3dig5/replays/adamseth2.moveBot1__StackGame__botB.bc24,adamseth2.moveBot1,0,a3dig5
B,a3dig5,1,457,CAPTURE,3,290,254,7,0,0,0,0,33,52,165,225,9,3,1626,846,24,0,96,58,259,37,,gauntlet/20260930-200221-scrim-a3dig5/replays/adamseth2.moveBot1__StackGame__botB.bc24,adamseth2.moveBot1,1,a3dig5
A,defaultplayer_intlqualifier,0,2000,MORE_FLAG_CAPTURES,1,747,245,23,6,3,11,0,31,9,170,2320,0,2,325,816,4,46,18,103,55,570,ATK@600+HEAL@1200+CAP@1800,gauntlet/20260930-200221-scrim-a3dig5/replays/dmtrung14.defaultplayer_intlqualifier__Pancakes__botB.bc24,dmtrung14.defaultplayer_intlqualifier,0,a3dig5
B,a3dig5,1,2000,MORE_FLAG_CAPTURES,2,356,252,10,0,0,0,0,14,18,175,180,3,1,1130,470,6,0,49,124,570,55,ATK@600+HEAL@1200+CAP@1800,gauntlet/20260930-200221-scrim-a3dig5/replays/dmtrung14.defaultplayer_intlqualifier__Pancakes__botB.bc24,dmtrung14.defaultplayer_intlqualifier,1,a3dig5
A,a3dig5,1,309,CAPTURE,3,231,215,4,0,0,0,2,38,30,180,400,4,7,362,165,8,0,45,0,50,20,,gauntlet/20260930-200221-scrim-a3dig5/replays/Lithanium.AttackingBot__Ambush__botA.bc24,Lithanium.AttackingBot,1,a3dig5
B,AttackingBot,0,309,CAPTURE,0,-1,0,0,0,0,0,0,69,3,2030,410,0,0,19,0,18,0,0,15,20,50,,gauntlet/20260930-200221-scrim-a3dig5/replays/Lithanium.AttackingBot__Ambush__botA.bc24,Lithanium.AttackingBot,0,a3dig5
A,a3dig5,1,941,CAPTURE,3,412,336,17,0,0,0,0,42,20,210,175,3,4,530,619,7,0,29,61,399,56,ATK@600,gauntlet/20260930-200221-scrim-a3dig5/replays/MiloAkerman.v1__Fountain__botA.bc24,MiloAkerman.v1,1,a3dig5
B,v1,0,941,CAPTURE,0,-1,0,0,0,0,0,0,70,2,1600,2100,0,8,309,319,12,0,0,23,56,399,,gauntlet/20260930-200221-scrim-a3dig5/replays/MiloAkerman.v1__Fountain__botA.bc24,MiloAkerman.v1,0,a3dig5
A,Bot21,0,444,CAPTURE,2,271,220,18,8,3,3,60,80,33,47,77,12,15,737,803,0,0,37,35,33,150,,gauntlet/20260930-200221-scrim-a3dig5/replays/HugoIngelsson.Bot21__Swoop__botB.bc24,HugoIngelsson.Bot21,0,a3dig5
B,a3dig5,1,444,CAPTURE,3,351,243,8,0,0,0,0,58,41,215,235,6,10,1204,940,11,0,64,74,150,33,,gauntlet/20260930-200221-scrim-a3dig5/replays/HugoIngelsson.Bot21__Swoop__botB.bc24,HugoIngelsson.Bot21,1,a3dig5
A,a3dig5,1,640,CAPTURE,3,296,215,7,0,0,0,192,80,74,702,301,35,17,1171,1016,24,0,104,135,444,7,ATK@600,gauntlet/20260930-200221-scrim-a3dig5/replays/VarunVejalla.alexander__CH3353C4K3F4CT0RY__botA.bc24,VarunVejalla.alexander,1,a3dig5
B,alexander,0,640,CAPTURE,0,-1,0,3,0,3,25,0,0,0,4400,5300,0,17,575,185,0,0,0,0,7,444,,gauntlet/20260930-200221-scrim-a3dig5/replays/VarunVejalla.alexander__CH3353C4K3F4CT0RY__botA.bc24,VarunVejalla.alexander,0,a3dig5
A,Goob_final,0,1981,CAPTURE,1,319,247,7,0,0,0,0,80,0,5800,30,0,5,1087,865,7,0,64,308,472,1413,ATK@600+HEAL@1200+CAP@1800,gauntlet/20260930-200221-scrim-a3dig5/replays/ColtG5.Goob_final__Islands__botB.bc24,ColtG5.Goob_final,0,a3dig5
B,a3dig5,1,1981,CAPTURE,3,1364,1336,7,0,0,0,0,69,49,205,280,8,14,1273,1534,16,0,63,359,1413,472,ATK@600+HEAL@1200+CAP@1800,gauntlet/20260930-200221-scrim-a3dig5/replays/ColtG5.Goob_final__Islands__botB.bc24,ColtG5.Goob_final,1,a3dig5
A,Bot21,0,1117,CAPTURE,0,-1,465,8,0,3,3,60,54,14,47,37,12,4,796,925,2,0,29,101,140,798,ATK@601,gauntlet/20260930-200221-scrim-a3dig5/replays/HugoIngelsson.Bot21__Rivers__botB.bc24,HugoIngelsson.Bot21,0,a3dig5
B,a3dig5,1,1117,CAPTURE,3,913,841,3,0,0,0,0,29,29,170,225,5,22,1350,1388,3,0,51,191,798,140,ATK@600,gauntlet/20260930-200221-scrim-a3dig5/replays/HugoIngelsson.Bot21__Rivers__botB.bc24,HugoIngelsson.Bot21,1,a3dig5
A,Sprint2,0,749,CAPTURE,0,-1,568,1,0,0,0,0,174,0,5680,240,0,19,100,466,30,19,16,76,23,485,ATK@600,gauntlet/20260930-200221-scrim-a3dig5/replays/tlevietpdx.Sprint2__Battlecode24__botB.bc24,tlevietpdx.Sprint2,0,a3dig5
B,a3dig5,1,749,CAPTURE,3,286,256,7,0,0,0,139,117,70,403,271,25,3,1178,306,24,0,216,217,485,23,ATK@600,gauntlet/20260930-200221-scrim-a3dig5/replays/tlevietpdx.Sprint2__Battlecode24__botB.bc24,tlevietpdx.Sprint2,1,a3dig5
A,a3dig5,1,386,CAPTURE,3,272,224,4,0,0,0,0,30,27,140,170,4,4,1022,238,21,0,57,0,143,2,,gauntlet/20260930-200221-scrim-a3dig5/replays/Lithanium.AttackingBot__OceanFloor__botA.bc24,Lithanium.AttackingBot,1,a3dig5
B,AttackingBot,0,386,CAPTURE,0,-1,0,0,0,0,0,0,91,0,1070,570,0,9,30,0,14,0,0,8,2,143,,gauntlet/20260930-200221-scrim-a3dig5/replays/Lithanium.AttackingBot__OceanFloor__botA.bc24,Lithanium.AttackingBot,0,a3dig5
A,a3dig5,1,464,CAPTURE,3,266,240,3,0,0,0,23,39,42,165,215,7,4,714,374,20,0,76,31,129,20,,gauntlet/20260930-200221-scrim-a3dig5/replays/SriLakshmiPolavarapu.ducks__Mountain__botA.bc24,SriLakshmiPolavarapu.ducks,1,a3dig5
B,ducks,0,464,CAPTURE,0,-1,0,3,0,3,14,0,0,30,200,100,0,15,44,0,40,0,0,28,20,129,,gauntlet/20260930-200221-scrim-a3dig5/replays/SriLakshmiPolavarapu.ducks__Mountain__botA.bc24,SriLakshmiPolavarapu.ducks,0,a3dig5
A,ExplosiveBot,0,1586,CAPTURE,0,-1,217,59,20,0,0,0,6,10,4520,6090,0,8,778,423,19,0,32,155,254,1206,ATK@600+HEAL@1200,gauntlet/20260930-200221-scrim-a3dig5/replays/awu7.ExplosiveBot__Randy__botB.bc24,awu7.ExplosiveBot,0,a3dig5
B,a3dig5,1,1586,CAPTURE,3,301,275,13,0,0,0,54,42,30,185,219,5,19,1071,1371,5,0,48,302,1206,254,ATK@600+HEAL@1200,gauntlet/20260930-200221-scrim-a3dig5/replays/awu7.ExplosiveBot__Randy__botB.bc24,awu7.ExplosiveBot,1,a3dig5
A,v22,0,384,CAPTURE,1,275,218,7,0,0,0,0,74,43,180,53,1,7,670,344,0,0,60,55,37,102,,gauntlet/20260930-200221-scrim-a3dig5/replays/RyanAspen.v22__Swoop__botB.bc24,RyanAspen.v22,0,a3dig5
B,a3dig5,1,384,CAPTURE,3,296,238,8,0,0,0,0,67,37,165,160,6,3,915,750,12,0,70,39,102,37,,gauntlet/20260930-200221-scrim-a3dig5/replays/RyanAspen.v22__Swoop__botB.bc24,RyanAspen.v22,1,a3dig5
A,a3dig5,1,609,CAPTURE,3,344,249,7,0,0,0,0,14,26,175,190,4,3,700,481,6,0,54,10,125,14,ATK@600,gauntlet/20260930-200221-scrim-a3dig5/replays/AlexYu84.smartPlayer__Digging__botA.bc24,AlexYu84.smartPlayer,1,a3dig5
B,smartPlayer,0,609,CAPTURE,0,-1,0,3,0,3,17,0,8,14,120,20,1,15,90,45,26,12,0,35,14,125,,gauntlet/20260930-200221-scrim-a3dig5/replays/AlexYu84.smartPlayer__Digging__botA.bc24,AlexYu84.smartPlayer,0,a3dig5
A,a3dig5,1,448,CAPTURE,3,319,224,5,0,0,0,110,189,61,126,340,14,8,1489,621,24,0,287,244,213,21,,gauntlet/20260930-200221-scrim-a3dig5/replays/neilhuang007.baseline__Snake__botA.bc24,neilhuang007.baseline,1,a3dig5
B,baseline,0,448,CAPTURE,0,-1,263,6,0,0,0,0,218,6,7860,21360,0,1,462,693,0,0,6,0,21,213,,gauntlet/20260930-200221-scrim-a3dig5/replays/neilhuang007.baseline__Snake__botA.bc24,neilhuang007.baseline,0,a3dig5
A,a3dig5,1,886,CAPTURE,3,564,512,5,0,0,0,0,62,24,145,265,4,8,1719,874,7,0,66,178,925,37,ATK@600,gauntlet/20260930-200221-scrim-a3dig5/replays/neilhuang007.baseline__TwistedTreeline__botA.bc24,neilhuang007.baseline,1,a3dig5
B,baseline,0,886,CAPTURE,0,-1,238,7,0,0,0,0,83,8,1510,2040,0,5,642,1114,0,0,8,3,37,925,CAP@600,gauntlet/20260930-200221-scrim-a3dig5/replays/neilhuang007.baseline__TwistedTreeline__botA.bc24,neilhuang007.baseline,0,a3dig5
A,a3dig5,1,923,CAPTURE,3,700,249,16,0,0,0,0,81,16,160,190,2,4,868,798,4,0,39,101,254,37,ATK@600,gauntlet/20260930-200221-scrim-a3dig5/replays/Peter-Fun.dinoboxer__Decision__botA.bc24,Peter-Fun.dinoboxer,1,a3dig5
B,dinoboxer,0,923,CAPTURE,0,-1,609,6,0,0,0,0,0,17,100,10,0,4,424,891,16,2,7,48,37,254,ATK@600,gauntlet/20260930-200221-scrim-a3dig5/replays/Peter-Fun.dinoboxer__Decision__botA.bc24,Peter-Fun.dinoboxer,0,a3dig5
A,jeeryfix3,0,1954,CAPTURE,2,395,244,11,0,0,0,0,36,4,15420,17920,0,1,948,661,0,0,176,422,400,1362,ATK@600+CAP@1200+HEAL@1800,gauntlet/20260930-200221-scrim-a3dig5/replays/kyleezz.jeeryfix3__Joker__botB.bc24,kyleezz.jeeryfix3,0,a3dig5
B,a3dig5,1,1954,CAPTURE,3,1576,296,11,0,0,0,234,118,71,653,243,58,13,1094,1177,24,0,153,413,1362,400,ATK@600+HEAL@1200+CAP@1800,gauntlet/20260930-200221-scrim-a3dig5/replays/kyleezz.jeeryfix3__Joker__botB.bc24,kyleezz.jeeryfix3,1,a3dig5
A,ducks,0,372,CAPTURE,0,-1,0,3,0,3,0,0,0,26,200,100,0,0,50,0,35,0,0,30,8,150,,gauntlet/20260930-200221-scrim-a3dig5/replays/SriLakshmiPolavarapu.ducks__StackGame__botB.bc24,SriLakshmiPolavarapu.ducks,0,a3dig5
B,a3dig5,1,372,CAPTURE,3,293,249,5,0,0,0,0,31,52,190,240,9,3,1064,735,24,0,90,32,150,8,,gauntlet/20260930-200221-scrim-a3dig5/replays/SriLakshmiPolavarapu.ducks__StackGame__botB.bc24,SriLakshmiPolavarapu.ducks,1,a3dig5
A,a3dig5,1,1087,CAPTURE,3,427,263,5,0,0,0,11,71,21,30,180,3,3,350,32,22,0,60,13,1146,2,ATK@600,gauntlet/20260930-200221-scrim-a3dig5/replays/sivakovivan.NewHide__MazeRunner__botA.bc24,sivakovivan.NewHide,1,a3dig5
B,NewHide,0,1087,CAPTURE,0,-1,0,0,0,0,0,0,0,50,20,20,1,36,31,2,0,0,70,79,2,1146,HEAL@600,gauntlet/20260930-200221-scrim-a3dig5/replays/sivakovivan.NewHide__MazeRunner__botA.bc24,sivakovivan.NewHide,0,a3dig5
A,Sprint2,0,646,CAPTURE,0,-1,0,0,0,0,0,0,36,0,13420,20,0,9,224,552,43,27,29,96,26,338,ATK@600,gauntlet/20260930-200221-scrim-a3dig5/replays/tlevietpdx.Sprint2__Joker__botB.bc24,tlevietpdx.Sprint2,0,a3dig5
B,a3dig5,1,646,CAPTURE,3,433,303,3,0,0,0,226,111,73,707,252,53,4,1409,628,24,0,213,158,338,26,ATK@600,gauntlet/20260930-200221-scrim-a3dig5/replays/tlevietpdx.Sprint2__Joker__botB.bc24,tlevietpdx.Sprint2,1,a3dig5
A,bling3,0,1627,CAPTURE,1,1610,244,6,0,0,0,0,107,12,290,140,0,1,851,1373,17,0,0,90,254,672,ATK@600+HEAL@1200,gauntlet/20260930-200221-scrim-a3dig5/replays/jonters.bling3__QueenOfHearts__botB.bc24,jonters.bling3,0,a3dig5
B,a3dig5,1,1627,CAPTURE,3,298,246,24,0,0,0,29,78,20,145,295,3,1,1202,1260,10,0,40,186,672,254,ATK@600+HEAL@1200,gauntlet/20260930-200221-scrim-a3dig5/replays/jonters.bling3__QueenOfHearts__botB.bc24,jonters.bling3,1,a3dig5
A,smartPlayer,0,653,CAPTURE,0,-1,0,9,0,9,10,0,16,18,20,80,1,0,103,11,24,13,0,38,10,131,,gauntlet/20260930-200221-scrim-a3dig5/replays/AlexYu84.smartPlayer__SteamboatMickey__botB.bc24,AlexYu84.smartPlayer,0,a3dig5
B,a3dig5,1,653,CAPTURE,3,255,205,5,0,0,0,59,33,61,185,295,11,3,556,582,24,0,156,61,131,10,ATK@600,gauntlet/20260930-200221-scrim-a3dig5/replays/AlexYu84.smartPlayer__SteamboatMickey__botB.bc24,AlexYu84.smartPlayer,1,a3dig5
A,duck8,0,2000,MORE_FLAG_CAPTURES,0,-1,434,15,0,0,0,0,40,32,20,10,3,3,1035,1436,3,0,75,181,207,935,ATK@750+HEAL@1500,gauntlet/20260930-200221-scrim-a3dig5/replays/clbarrell.duck8__Funnel__botB.bc24,clbarrell.duck8,0,a3dig5
B,a3dig5,1,2000,MORE_FLAG_CAPTURES,1,664,562,1,0,0,0,28,36,26,205,160,4,3,1091,1459,6,0,52,361,935,207,ATK@600+HEAL@1200+CAP@1800,gauntlet/20260930-200221-scrim-a3dig5/replays/clbarrell.duck8__Funnel__botB.bc24,clbarrell.duck8,1,a3dig5
A,a3dig5,1,395,CAPTURE,3,223,209,3,0,0,0,0,0,47,195,175,8,3,1370,835,17,0,92,42,191,12,,gauntlet/20260930-200221-scrim-a3dig5/replays/joelcrouch.ducks__Yinyang__botA.bc24,joelcrouch.ducks,1,a3dig5
B,ducks,0,395,CAPTURE,0,-1,0,3,0,3,13,0,0,26,100,200,0,0,55,0,35,0,0,27,12,191,,gauntlet/20260930-200221-scrim-a3dig5/replays/joelcrouch.ducks__Yinyang__botA.bc24,joelcrouch.ducks,0,a3dig5
A,cretplayer2_3,0,1643,CAPTURE,0,-1,258,8,0,3,18,0,23,0,5010,960,0,7,883,594,0,3,55,210,167,1298,ATK@600+HEAL@1200,gauntlet/20260930-200221-scrim-a3dig5/replays/quesswho.cretplayer2_3__Hockey__botB.bc24,quesswho.cretplayer2_3,0,a3dig5
B,a3dig5,1,1643,CAPTURE,3,1590,1510,5,0,0,0,18,33,38,170,300,7,7,1312,1304,7,0,54,176,1298,167,ATK@600+HEAL@1200,gauntlet/20260930-200221-scrim-a3dig5/replays/quesswho.cretplayer2_3__Hockey__botB.bc24,quesswho.cretplayer2_3,1,a3dig5
A,defaultplayer_intlqualifier,0,2000,LEVEL_SUM,1,871,321,22,14,3,25,0,13,9,510,8660,0,2,255,568,6,50,26,123,32,124,ATK@600+HEAL@1200+CAP@1800,gauntlet/20260930-200221-scrim-a3dig5/replays/dmtrung14.defaultplayer_intlqualifier__Puzzle__botB.bc24,dmtrung14.defaultplayer_intlqualifier,0,a3dig5
B,a3dig5,1,2000,LEVEL_SUM,1,1251,276,6,0,0,0,0,4,22,135,25,4,10,676,351,21,0,74,89,124,32,ATK@600+HEAL@1200+CAP@1800,gauntlet/20260930-200221-scrim-a3dig5/replays/dmtrung14.defaultplayer_intlqualifier__Puzzle__botB.bc24,dmtrung14.defaultplayer_intlqualifier,1,a3dig5
A,bc24scenario,0,401,CAPTURE,0,-1,0,1,0,1,3,58,58,3,1000,1000,6,0,82,74,1,1,1,1,1,179,,gauntlet/20260930-200221-scrim-a3dig5/replays/Metta-AI.bc24scenario__Alligator__botB.bc24,Metta-AI.bc24scenario,0,a3dig5
B,a3dig5,1,401,CAPTURE,3,281,243,3,0,0,0,2,57,28,175,295,5,4,1313,143,24,0,123,18,179,1,,gauntlet/20260930-200221-scrim-a3dig5/replays/Metta-AI.bc24scenario__Alligator__botB.bc24,Metta-AI.bc24scenario,1,a3dig5
A,moveBot1,0,442,CAPTURE,0,-1,0,0,0,0,0,0,48,0,3960,4460,0,19,217,335,0,0,0,0,2,221,,gauntlet/20260930-200221-scrim-a3dig5/replays/adamseth2.moveBot1__WheresMyWater__botB.bc24,adamseth2.moveBot1,0,a3dig5
B,a3dig5,1,442,CAPTURE,3,228,216,3,0,0,0,25,68,21,200,230,3,10,1332,396,17,0,62,19,221,2,,gauntlet/20260930-200221-scrim-a3dig5/replays/adamseth2.moveBot1__WheresMyWater__botB.bc24,adamseth2.moveBot1,1,a3dig5
A,v5,0,1125,CAPTURE,0,-1,250,9,0,0,0,0,77,27,30,10,3,3,520,836,50,0,0,64,124,826,ATK@600,gauntlet/20260930-200221-scrim-a3dig5/replays/reeceyang.v5__BigDucksBigPond__botB.bc24,reeceyang.v5,0,a3dig5
B,a3dig5,1,1125,CAPTURE,3,713,258,19,0,0,0,0,84,39,200,200,6,16,1210,947,14,0,51,245,826,124,ATK@600,gauntlet/20260930-200221-scrim-a3dig5/replays/reeceyang.v5__BigDucksBigPond__botB.bc24,reeceyang.v5,1,a3dig5
A,ExplosiveBot,0,1985,CAPTURE,0,-1,339,11,0,0,0,0,0,8,3200,70,0,15,803,581,24,0,9,136,250,1390,ATK@600+HEAL@1200,gauntlet/20260930-200221-scrim-a3dig5/replays/awu7.ExplosiveBot__Valentine__botB.bc24,awu7.ExplosiveBot,0,a3dig5
B,a3dig5,1,1985,CAPTURE,3,1642,631,35,0,0,0,0,0,38,190,265,7,5,994,1516,9,0,64,348,1390,250,ATK@600+HEAL@1200+CAP@1800,gauntlet/20260930-200221-scrim-a3dig5/replays/awu7.ExplosiveBot__Valentine__botB.bc24,awu7.ExplosiveBot,1,a3dig5
A,NewHide,0,388,CAPTURE,0,-1,0,0,0,0,0,0,0,45,20,40,1,14,65,1,0,0,64,44,0,198,,gauntlet/20260930-200221-scrim-a3dig5/replays/sivakovivan.NewHide__Ambush__botB.bc24,sivakovivan.NewHide,0,a3dig5
B,a3dig5,1,388,CAPTURE,3,245,214,3,0,0,0,0,41,30,135,190,5,4,1405,128,23,0,74,0,198,0,,gauntlet/20260930-200221-scrim-a3dig5/replays/sivakovivan.NewHide__Ambush__botB.bc24,sivakovivan.NewHide,1,a3dig5
A,a3dig5,1,920,CAPTURE,3,447,249,3,0,0,0,83,117,71,629,339,15,3,1475,28,25,0,190,240,732,0,ATK@600,gauntlet/20260930-200221-scrim-a3dig5/replays/polyllc.polyv4__Battlecode24__botA.bc24,polyllc.polyv4,1,a3dig5
B,polyv4,0,920,CAPTURE,0,-1,0,0,0,0,0,0,84,24,6570,17595,3,15,14,167,0,0,32,70,0,732,HEAL@600,gauntlet/20260930-200221-scrim-a3dig5/replays/polyllc.polyv4__Battlecode24__botA.bc24,polyllc.polyv4,0,a3dig5
A,a3dig5,1,412,CAPTURE,3,288,250,3,0,0,0,0,40,20,180,235,3,3,1768,0,24,0,76,30,267,0,,gauntlet/20260930-200221-scrim-a3dig5/replays/sayam-goyal.SimpleBot__Fountain__botA.bc24,sayam-goyal.SimpleBot,1,a3dig5
B,SimpleBot,0,412,CAPTURE,0,-1,0,0,0,0,0,0,0,0,2400,2900,0,14,0,0,0,0,0,0,0,267,,gauntlet/20260930-200221-scrim-a3dig5/replays/sayam-goyal.SimpleBot__Fountain__botA.bc24,sayam-goyal.SimpleBot,0,a3dig5
A,combustiblelemon,0,2000,MORE_FLAG_CAPTURES,0,-1,856,6,0,3,15,0,0,19,100,200,0,8,505,138,29,0,0,14,38,301,,gauntlet/20260930-200221-scrim-a3dig5/replays/samithShetty.combustiblelemon__Fountain__botB.bc24,samithShetty.combustiblelemon,0,a3dig5
B,a3dig5,1,2000,MORE_FLAG_CAPTURES,2,249,224,6,0,0,0,0,41,20,260,150,2,3,1065,1044,22,0,26,86,301,38,ATK@600+HEAL@1200+CAP@1800,gauntlet/20260930-200221-scrim-a3dig5/replays/samithShetty.combustiblelemon__Fountain__botB.bc24,samithShetty.combustiblelemon,1,a3dig5
A,v9,0,375,CAPTURE,0,-1,236,6,0,0,0,0,30,23,965,958,4,0,408,803,0,0,50,43,22,58,,gauntlet/20260930-200221-scrim-a3dig5/replays/TylerJulian.v9__KingQuacksCastle__botB.bc24,TylerJulian.v9,0,a3dig5
B,a3dig5,1,375,CAPTURE,3,291,218,5,0,0,0,0,30,30,190,270,4,4,796,476,1,0,75,71,58,22,,gauntlet/20260930-200221-scrim-a3dig5/replays/TylerJulian.v9__KingQuacksCastle__botB.bc24,TylerJulian.v9,1,a3dig5
A,a3dig5,1,819,CAPTURE,3,326,238,6,0,0,0,48,60,44,140,165,7,3,492,463,21,0,53,115,399,39,ATK@600,gauntlet/20260930-200221-scrim-a3dig5/replays/Rubrasum.version_3__Rainbow__botA.bc24,Rubrasum.version_3,1,a3dig5
B,version_3,0,819,CAPTURE,0,-1,0,3,0,3,8,0,0,41,200,100,0,17,203,0,51,0,0,46,39,399,ATK@600,gauntlet/20260930-200221-scrim-a3dig5/replays/Rubrasum.version_3__Rainbow__botA.bc24,Rubrasum.version_3,0,a3dig5
A,a3dig5,1,2000,LEVEL_SUM,1,377,238,2,0,0,0,7,29,30,185,180,5,0,867,664,7,0,61,263,994,186,ATK@600+HEAL@1200+CAP@1800,gauntlet/20260930-200221-scrim-a3dig5/replays/noahzemlin.honeyducklings__Funnel__botA.bc24,noahzemlin.honeyducklings,1,a3dig5
B,honeyducklings,0,2000,LEVEL_SUM,1,381,255,6,0,0,0,0,52,14,1640,3490,0,5,525,407,5,17,0,52,186,994,ATK@600+HEAL@1215+CAP@1800,gauntlet/20260930-200221-scrim-a3dig5/replays/noahzemlin.honeyducklings__Funnel__botA.bc24,noahzemlin.honeyducklings,0,a3dig5
A,a3dig5,1,2000,MORE_FLAG_CAPTURES,1,1254,323,14,0,0,0,0,68,22,190,40,3,3,458,864,10,0,29,203,431,314,ATK@600+HEAL@1200+CAP@1800,gauntlet/20260930-200221-scrim-a3dig5/replays/hsmalladi.finalbot__EndAround__botA.bc24,hsmalladi.finalbot,1,a3dig5
B,finalbot,0,2000,MORE_FLAG_CAPTURES,0,-1,347,11,1,3,39,60,57,0,2250,95,12,0,590,542,3,4,35,217,314,431,ATK@600+HEAL@1200+CAP@1800,gauntlet/20260930-200221-scrim-a3dig5/replays/hsmalladi.finalbot__EndAround__botA.bc24,hsmalladi.finalbot,0,a3dig5
A,alexander,0,897,CAPTURE,0,-1,0,3,0,3,15,0,0,0,4000,4830,0,10,669,266,0,0,0,0,34,794,ATK@751,gauntlet/20260930-200221-scrim-a3dig5/replays/VarunVejalla.alexander__BreadPudding__botB.bc24,VarunVejalla.alexander,0,a3dig5
B,a3dig5,1,897,CAPTURE,3,335,268,14,0,0,0,0,43,30,175,245,5,25,1234,1181,7,0,59,222,794,34,ATK@600,gauntlet/20260930-200221-scrim-a3dig5/replays/VarunVejalla.alexander__BreadPudding__botB.bc24,VarunVejalla.alexander,1,a3dig5
A,a3dig5,1,2000,MORE_FLAG_CAPTURES,2,1654,390,26,0,0,0,0,69,34,128,228,6,7,1180,1038,5,0,61,409,1436,126,ATK@600+HEAL@1200+CAP@1800,gauntlet/20260930-200221-scrim-a3dig5/replays/MiloAkerman.v1__GravitationalWaves__botA.bc24,MiloAkerman.v1,1,a3dig5
B,v1,0,2000,MORE_FLAG_CAPTURES,0,-1,1031,2,0,0,0,0,142,3,940,440,0,10,612,1053,13,0,0,51,126,1436,,gauntlet/20260930-200221-scrim-a3dig5/replays/MiloAkerman.v1__GravitationalWaves__botA.bc24,MiloAkerman.v1,0,a3dig5
A,honeyducklings,0,916,CAPTURE,0,-1,294,3,0,0,0,0,147,13,1490,3130,0,11,764,1154,2,29,0,37,51,798,ATK@623,gauntlet/20260930-200221-scrim-a3dig5/replays/noahzemlin.honeyducklings__BigDucksBigPond__botB.bc24,noahzemlin.honeyducklings,0,a3dig5
B,a3dig5,1,916,CAPTURE,3,552,252,7,0,0,0,0,86,35,190,260,6,5,1418,1265,18,0,83,175,798,51,ATK@600,gauntlet/20260930-200221-scrim-a3dig5/replays/noahzemlin.honeyducklings__BigDucksBigPond__botB.bc24,noahzemlin.honeyducklings,1,a3dig5
A,dangerduck2,0,550,CAPTURE,0,-1,253,23,0,0,0,0,48,24,1650,1750,3,13,484,484,0,24,0,24,11,298,,gauntlet/20260930-200221-scrim-a3dig5/replays/dylanzemlin.dangerduck2__Soccer__botB.bc24,dylanzemlin.dangerduck2,0,a3dig5
B,a3dig5,1,550,CAPTURE,3,490,275,12,0,0,0,33,28,34,155,245,5,2,1559,827,6,0,72,75,298,11,,gauntlet/20260930-200221-scrim-a3dig5/replays/dylanzemlin.dangerduck2__Soccer__botB.bc24,dylanzemlin.dangerduck2,1,a3dig5
A,version_3,0,466,CAPTURE,0,-1,302,6,0,3,10,0,0,23,100,270,0,5,363,0,46,0,0,23,22,223,,gauntlet/20260930-200221-scrim-a3dig5/replays/Rubrasum.version_3__Ambush__botB.bc24,Rubrasum.version_3,0,a3dig5
B,a3dig5,1,466,CAPTURE,3,235,219,3,0,0,0,0,34,28,195,265,4,21,1220,973,6,0,56,71,223,22,,gauntlet/20260930-200221-scrim-a3dig5/replays/Rubrasum.version_3__Ambush__botB.bc24,Rubrasum.version_3,1,a3dig5
A,dangerduck2,0,521,CAPTURE,0,-1,228,15,0,0,0,0,164,24,970,600,3,17,529,515,0,24,0,24,16,264,,gauntlet/20260930-200221-scrim-a3dig5/replays/dylanzemlin.dangerduck2__Islands__botB.bc24,dylanzemlin.dangerduck2,0,a3dig5
B,a3dig5,1,521,CAPTURE,3,412,237,16,0,0,0,8,76,47,135,240,8,19,1318,824,15,0,72,106,264,16,,gauntlet/20260930-200221-scrim-a3dig5/replays/dylanzemlin.dangerduck2__Islands__botB.bc24,dylanzemlin.dangerduck2,1,a3dig5
A,a3dig5,1,501,RESIGNATION,1,331,289,7,0,0,0,4,75,50,160,250,9,13,1138,1213,13,0,78,103,241,64,,gauntlet/20260930-200221-scrim-a3dig5/replays/itswin.MPAttack__Islands__botA.bc24,itswin.MPAttack,1,a3dig5
B,MPAttack,0,501,RESIGNATION,0,-1,417,2,0,0,0,0,7,8,1190,330,0,7,778,582,27,0,0,22,64,241,,gauntlet/20260930-200221-scrim-a3dig5/replays/itswin.MPAttack__Islands__botA.bc24,itswin.MPAttack,0,a3dig5
A,crayBasic,0,2000,MORE_FLAG_CAPTURES,0,-1,0,0,0,0,0,0,0,0,2700,4500,0,20,218,2,0,0,0,0,10,1161,,gauntlet/20260930-200221-scrim-a3dig5/replays/abdullah8a0.crayBasic__FloodGates__botB.bc24,abdullah8a0.crayBasic,0,a3dig5
B,a3dig5,1,2000,MORE_FLAG_CAPTURES,2,364,293,5,0,0,0,0,4,26,195,145,4,6,589,409,6,0,52,248,1161,10,ATK@600+HEAL@1200+CAP@1800,gauntlet/20260930-200221-scrim-a3dig5/replays/abdullah8a0.crayBasic__FloodGates__botB.bc24,abdullah8a0.crayBasic,1,a3dig5
A,Team3,0,2000,MORE_FLAG_CAPTURES,0,-1,0,3,0,3,19,0,7,13,170,40,1,15,277,71,32,0,0,123,96,2178,,gauntlet/20260930-200221-scrim-a3dig5/replays/dylanconklin.Team3__FloodGates__botB.bc24,dylanconklin.Team3,0,a3dig5
B,a3dig5,1,2000,MORE_FLAG_CAPTURES,2,486,249,13,0,0,0,0,3,26,145,85,4,8,725,736,13,0,47,748,2178,96,ATK@600+HEAL@1200+CAP@1800,gauntlet/20260930-200221-scrim-a3dig5/replays/dylanconklin.Team3__FloodGates__botB.bc24,dylanconklin.Team3,1,a3dig5
A,a3dig5,1,435,CAPTURE,3,379,227,3,0,0,0,0,57,30,200,100,5,3,1111,0,24,0,68,18,173,0,,gauntlet/20260930-200221-scrim-a3dig5/replays/PerishoJ.tx__Duck__botA.bc24,PerishoJ.tx,1,a3dig5
B,tx,0,435,CAPTURE,0,-1,0,0,0,0,0,0,0,0,2500,3100,0,6,0,0,0,0,0,0,0,173,,gauntlet/20260930-200221-scrim-a3dig5/replays/PerishoJ.tx__Duck__botA.bc24,PerishoJ.tx,0,a3dig5
A,a3dig5,1,307,CAPTURE,3,279,231,3,0,0,0,0,16,18,145,240,3,5,716,284,17,0,52,3,95,7,,gauntlet/20260930-200221-scrim-a3dig5/replays/joelcrouch.ducks__Pancakes__botA.bc24,joelcrouch.ducks,1,a3dig5
B,ducks,0,307,CAPTURE,0,-1,0,3,0,3,6,0,0,11,200,100,0,0,25,0,18,0,0,14,7,95,,gauntlet/20260930-200221-scrim-a3dig5/replays/joelcrouch.ducks__Pancakes__botA.bc24,joelcrouch.ducks,0,a3dig5
A,funkyguy3,0,931,CAPTURE,0,-1,0,0,0,0,0,0,17,29,20,30,4,10,76,743,16,0,44,97,13,969,ATK@600,gauntlet/20260930-200221-scrim-a3dig5/replays/lcforges.funkyguy3__Funnel__botB.bc24,lcforges.funkyguy3,0,a3dig5
B,a3dig5,1,931,CAPTURE,3,482,310,10,0,0,0,25,41,25,195,135,4,3,1560,235,10,0,75,189,969,13,ATK@600,gauntlet/20260930-200221-scrim-a3dig5/replays/lcforges.funkyguy3__Funnel__botB.bc24,lcforges.funkyguy3,1,a3dig5
A,a3dig5,1,954,CAPTURE,3,355,251,8,0,0,0,15,19,38,150,150,7,3,943,1378,14,0,51,176,441,42,ATK@600,gauntlet/20260930-200221-scrim-a3dig5/replays/H4ffliger.keyboardcrusader_v1__Soccer__botA.bc24,H4ffliger.keyboardcrusader_v1,1,a3dig5
B,keyboardcrusader_v1,0,954,CAPTURE,0,-1,798,4,0,3,0,0,48,0,3960,4460,0,2,703,906,17,0,0,51,42,441,,gauntlet/20260930-200221-scrim-a3dig5/replays/H4ffliger.keyboardcrusader_v1__Soccer__botA.bc24,H4ffliger.keyboardcrusader_v1,0,a3dig5
A,a3dig5,1,1127,CAPTURE,3,923,238,10,0,0,0,43,30,30,118,143,5,5,1238,1019,7,0,44,180,597,145,ATK@600,gauntlet/20260930-200221-scrim-a3dig5/replays/qpwoeirut.tournament_sprint1__Soccer__botA.bc24,qpwoeirut.tournament_sprint1,1,a3dig5
B,tournament_sprint1,0,1127,CAPTURE,0,-1,0,0,0,0,0,0,48,0,3960,260,0,10,658,1878,29,0,0,65,145,597,ATK@600,gauntlet/20260930-200221-scrim-a3dig5/replays/qpwoeirut.tournament_sprint1__Soccer__botA.bc24,qpwoeirut.tournament_sprint1,0,a3dig5
A,warrior_2nd_comp,0,486,CAPTURE,0,-1,0,3,0,3,34,0,0,18,1700,2200,0,6,0,0,13,2,3,18,8,230,,gauntlet/20260930-200221-scrim-a3dig5/replays/lukerhoads.warrior_2nd_comp__Tunnels__botB.bc24,lukerhoads.warrior_2nd_comp,0,a3dig5
B,a3dig5,1,486,CAPTURE,3,323,289,4,0,0,0,0,60,24,170,205,4,6,922,225,17,0,64,0,230,8,,gauntlet/20260930-200221-scrim-a3dig5/replays/lukerhoads.warrior_2nd_comp__Tunnels__botB.bc24,lukerhoads.warrior_2nd_comp,1,a3dig5
A,v11,0,2000,MORE_FLAG_CAPTURES,0,-1,0,0,0,0,0,0,29,75,7690,814,6,7,654,907,0,3,146,281,60,939,ATK@600+HEAL@1200+CAP@1800,gauntlet/20260930-200221-scrim-a3dig5/replays/JeffLegendPower.v11__StarryNight__botB.bc24,JeffLegendPower.v11,0,a3dig5
B,a3dig5,1,2000,MORE_FLAG_CAPTURES,1,527,441,6,0,0,0,217,204,45,179,281,45,18,971,1105,18,0,51,143,939,60,ATK@600+HEAL@1200+CAP@1800,gauntlet/20260930-200221-scrim-a3dig5/replays/JeffLegendPower.v11__StarryNight__botB.bc24,JeffLegendPower.v11,1,a3dig5
A,player22,1,2000,MORE_FLAG_CAPTURES,2,360,265,23,0,3,0,0,65,0,3750,2310,0,7,1200,479,19,0,69,348,702,1087,ATK@600+HEAL@1200+CAP@1800,gauntlet/20260930-201142-scrim-a3dig10/losses/andrewgopher.player22__Alligator__botB.bc24,andrewgopher.player22,0,a3dig10
B,a3dig10,0,2000,MORE_FLAG_CAPTURES,0,-1,240,10,0,0,0,0,54,33,135,265,5,13,1026,1759,9,0,65,265,1087,702,ATK@600+HEAL@1200+CAP@1800,gauntlet/20260930-201142-scrim-a3dig10/losses/andrewgopher.player22__Alligator__botB.bc24,andrewgopher.player22,1,a3dig10
A,a3dig10,0,2000,MORE_FLAG_CAPTURES,0,-1,1892,3,0,0,0,0,3,27,155,165,4,16,854,976,3,0,45,217,1225,384,ATK@600+HEAL@1200+CAP@1800,gauntlet/20260930-201142-scrim-a3dig10/losses/quesswho.cretplayer2_3__FloodGates__botA.bc24,quesswho.cretplayer2_3,1,a3dig10
B,cretplayer2_3,1,2000,MORE_FLAG_CAPTURES,1,1869,242,30,0,3,17,0,1,0,2870,950,0,4,912,1102,0,3,36,180,384,1225,ATK@600+HEAL@1200+CAP@1800,gauntlet/20260930-201142-scrim-a3dig10/losses/quesswho.cretplayer2_3__FloodGates__botA.bc24,quesswho.cretplayer2_3,0,a3dig10
A,v10official,1,2000,MORE_FLAG_CAPTURES,2,294,274,18,12,3,18,58,24,3,5002,42,11,0,1108,1888,6,3,75,290,463,711,ATK@600+HEAL@1200+CAP@1800,gauntlet/20260930-201142-scrim-a3dig10/losses/Gymhgy.v10official__StackGame__botB.bc24,Gymhgy.v10official,0,a3dig10
B,a3dig10,0,2000,MORE_FLAG_CAPTURES,0,-1,382,6,0,0,0,19,44,45,185,215,8,28,1271,1705,12,0,53,213,711,463,ATK@600+HEAL@1200+CAP@1800,gauntlet/20260930-201142-scrim-a3dig10/losses/Gymhgy.v10official__StackGame__botB.bc24,Gymhgy.v10official,1,a3dig10
A,waffle,1,353,CAPTURE,3,263,219,21,0,0,0,0,16,42,560,360,1,9,931,476,0,0,66,60,41,103,,gauntlet/20260930-201142-scrim-a3dig10/losses/winkelmantanner.waffle__Bunkers__botB.bc24,winkelmantanner.waffle,0,a3dig10
B,a3dig10,0,353,CAPTURE,0,-1,351,1,0,0,0,0,28,36,135,265,6,0,987,1181,9,0,53,40,103,41,,gauntlet/20260930-201142-scrim-a3dig10/losses/winkelmantanner.waffle__Bunkers__botB.bc24,winkelmantanner.waffle,1,a3dig10
A,a3dig10,0,519,CAPTURE,0,-1,327,1,0,0,0,0,51,57,295,275,11,22,933,1162,16,0,62,66,77,68,,gauntlet/20260930-201142-scrim-a3dig10/losses/CyrilSharma.finalBot__Islands__botA.bc24,CyrilSharma.finalBot,1,a3dig10
B,finalBot,1,519,CAPTURE,3,437,261,12,0,0,0,52,46,1,5825,3216,9,6,959,1081,0,0,146,175,68,77,,gauntlet/20260930-201142-scrim-a3dig10/losses/CyrilSharma.finalBot__Islands__botA.bc24,CyrilSharma.finalBot,0,a3dig10
A,Version18Final,1,390,CAPTURE,3,293,251,9,0,3,28,26,13,6,1328,17585,4,3,718,914,23,3,109,77,37,18,,gauntlet/20260930-201142-scrim-a3dig10/losses/uravt.Version18Final__HungerGames__botB.bc24,uravt.Version18Final,0,a3dig10
B,a3dig10,0,390,CAPTURE,0,-1,0,0,0,0,0,0,19,23,175,275,4,2,627,940,1,0,52,47,18,37,,gauntlet/20260930-201142-scrim-a3dig10/losses/uravt.Version18Final__HungerGames__botB.bc24,uravt.Version18Final,1,a3dig10
A,a3dig10,0,1650,CAPTURE,0,-1,489,1,0,0,0,0,39,24,205,215,4,6,946,1414,2,0,42,168,301,441,ATK@600+HEAL@1200,gauntlet/20260930-201142-scrim-a3dig10/losses/IvanGeffner.kuma__OceanFloor__botA.bc24,IvanGeffner.kuma,1,a3dig10
B,kuma,1,1650,CAPTURE,3,299,251,15,5,0,0,90,46,4,765,315,18,5,1188,1409,0,0,64,390,441,301,ATK@600+HEAL@1200,gauntlet/20260930-201142-scrim-a3dig10/losses/IvanGeffner.kuma__OceanFloor__botA.bc24,IvanGeffner.kuma,0,a3dig10
A,flagbot_final,1,2000,LEVEL_SUM,1,622,516,6,0,3,12,90,107,1,39,1199,18,4,1004,1522,0,0,59,415,644,129,ATK@600+HEAL@1200+CAP@1800,gauntlet/20260930-201142-scrim-a3dig10/losses/chenyx512.flagbot_final__Funnel__botB.bc24,chenyx512.flagbot_final,0,a3dig10
B,a3dig10,0,2000,LEVEL_SUM,1,763,235,18,0,0,0,19,22,32,175,195,5,3,930,1486,5,0,60,180,129,644,ATK@600+HEAL@1200+CAP@1800,gauntlet/20260930-201142-scrim-a3dig10/losses/chenyx512.flagbot_final__Funnel__botB.bc24,chenyx512.flagbot_final,1,a3dig10
A,a3dig10,0,653,CAPTURE,0,-1,265,5,0,0,0,120,169,68,81,294,18,8,840,1047,24,0,226,229,123,127,ATK@600,gauntlet/20260930-201142-scrim-a3dig10/losses/hsmalladi.finalbot__Snake__botA.bc24,hsmalladi.finalbot,1,a3dig10
B,finalbot,1,653,CAPTURE,3,394,303,31,16,3,48,60,151,0,9481,15691,12,0,942,943,16,7,257,288,127,123,ATK@600,gauntlet/20260930-201142-scrim-a3dig10/losses/hsmalladi.finalbot__Snake__botA.bc24,hsmalladi.finalbot,0,a3dig10
A,a3dig10,0,515,CAPTURE,1,351,240,9,0,0,0,0,85,17,45,90,2,4,850,1084,8,0,16,21,37,57,,gauntlet/20260930-201142-scrim-a3dig10/losses/Gymhgy.v10official__Intercontinental__botA.bc24,Gymhgy.v10official,1,a3dig10
B,v10official,1,515,CAPTURE,3,258,224,40,27,3,7,60,112,2,330,11,12,3,814,1274,3,2,18,31,57,37,,gauntlet/20260930-201142-scrim-a3dig10/losses/Gymhgy.v10official__Intercontinental__botA.bc24,Gymhgy.v10official,0,a3dig10
A,waffle,1,584,CAPTURE,3,334,238,25,0,0,0,0,1,3,2070,7890,0,5,844,909,0,0,171,185,106,110,,gauntlet/20260930-201142-scrim-a3dig10/losses/winkelmantanner.waffle__Puzzle__botB.bc24,winkelmantanner.waffle,0,a3dig10
B,a3dig10,0,584,CAPTURE,0,-1,0,0,0,0,0,0,15,18,195,230,3,0,751,1090,11,0,73,76,110,106,,gauntlet/20260930-201142-scrim-a3dig10/losses/winkelmantanner.waffle__Puzzle__botB.bc24,winkelmantanner.waffle,1,a3dig10
A,Goob_final,1,2000,MORE_FLAG_CAPTURES,2,458,241,9,0,0,0,0,98,0,5260,80,0,4,1123,986,3,0,68,372,612,1152,ATK@600+HEAL@1200+CAP@1800,gauntlet/20260930-201142-scrim-a3dig10/losses/ColtG5.Goob_final__Islands__botB.bc24,ColtG5.Goob_final,0,a3dig10
B,a3dig10,0,2000,MORE_FLAG_CAPTURES,0,-1,0,0,0,0,0,17,73,46,205,210,8,23,1351,1646,14,0,54,231,1152,612,ATK@600+HEAL@1200+CAP@1800,gauntlet/20260930-201142-scrim-a3dig10/losses/ColtG5.Goob_final__Islands__botB.bc24,ColtG5.Goob_final,1,a3dig10
A,a3dig10,0,436,CAPTURE,0,-1,0,0,0,0,0,0,7,21,135,230,4,13,748,1204,14,0,72,69,35,75,,gauntlet/20260930-201142-scrim-a3dig10/losses/IvanGeffner.kuma__Puzzle__botA.bc24,IvanGeffner.kuma,1,a3dig10
B,kuma,1,436,CAPTURE,3,368,275,22,12,0,0,90,4,0,825,2770,18,3,1018,976,11,0,171,124,75,35,,gauntlet/20260930-201142-scrim-a3dig10/losses/IvanGeffner.kuma__Puzzle__botA.bc24,IvanGeffner.kuma,0,a3dig10
A,a3dig10,0,1329,CAPTURE,1,327,253,14,0,0,0,11,89,33,165,105,5,0,876,1095,21,0,83,189,281,398,ATK@600+HEAL@1200,gauntlet/20260930-201142-scrim-a3dig10/losses/Strequals.duck0127v5__BigDucksBigPond__botA.bc24,Strequals.duck0127v5,1,a3dig10
B,duck0127v5,1,1329,CAPTURE,3,540,276,33,0,0,0,90,21,2,2477,192,18,1,852,881,0,0,98,385,398,281,ATK@600+HEAL@1200,gauntlet/20260930-201142-scrim-a3dig10/losses/Strequals.duck0127v5__BigDucksBigPond__botA.bc24,Strequals.duck0127v5,0,a3dig10
A,a3dig10,0,410,CAPTURE,0,-1,276,3,0,0,0,43,38,25,135,65,4,15,830,1301,3,0,22,24,94,58,,gauntlet/20260930-201142-scrim-a3dig10/losses/jmerle.camel_case_v21_final__BedWars__botA.bc24,jmerle.camel_case_v21_final,1,a3dig10
B,camel_case_v21_final,1,410,CAPTURE,3,316,263,6,0,0,0,0,0,0,4800,1750,0,3,1105,391,0,0,44,43,58,94,,gauntlet/20260930-201142-scrim-a3dig10/losses/jmerle.camel_case_v21_final__BedWars__botA.bc24,jmerle.camel_case_v21_final,0,a3dig10
A,jeeryfix3,1,2000,MORE_FLAG_CAPTURES,2,323,245,21,0,0,0,0,35,4,15450,15120,0,3,1047,733,0,0,215,387,458,1315,ATK@600+CAP@1200+HEAL@1800,gauntlet/20260930-201142-scrim-a3dig10/losses/kyleezz.jeeryfix3__Joker__botB.bc24,kyleezz.jeeryfix3,0,a3dig10
B,a3dig10,0,2000,MORE_FLAG_CAPTURES,1,1398,239,4,0,0,0,227,117,72,680,256,37,2,1114,1208,24,0,154,327,1315,458,ATK@600+HEAL@1200+CAP@1800,gauntlet/20260930-201142-scrim-a3dig10/losses/kyleezz.jeeryfix3__Joker__botB.bc24,kyleezz.jeeryfix3,1,a3dig10
A,a3dig10,0,1603,CAPTURE,0,-1,403,7,0,0,0,0,34,42,230,240,7,1,864,1117,11,0,55,281,963,254,ATK@600+HEAL@1200,gauntlet/20260930-201142-scrim-a3dig10/losses/kyleezz.jeeryfix3__Divergent__botA.bc24,kyleezz.jeeryfix3,1,a3dig10
B,jeeryfix3,1,1603,CAPTURE,3,270,222,30,0,0,0,0,85,3,3250,1210,0,13,819,506,0,0,57,197,254,963,ATK@600+CAP@1200,gauntlet/20260930-201142-scrim-a3dig10/losses/kyleezz.jeeryfix3__Divergent__botA.bc24,kyleezz.jeeryfix3,0,a3dig10
A,a3dig10,0,738,CAPTURE,1,510,484,2,0,0,0,82,81,36,190,275,6,17,654,696,23,0,107,151,124,89,ATK@600,gauntlet/20260930-201142-scrim-a3dig10/losses/CyrilSharma.finalBot__MIT__botA.bc24,CyrilSharma.finalBot,1,a3dig10
B,finalBot,1,738,CAPTURE,3,388,289,8,0,0,0,51,27,0,7882,40801,9,2,585,776,0,0,100,232,89,124,ATK@600,gauntlet/20260930-201142-scrim-a3dig10/losses/CyrilSharma.finalBot__MIT__botA.bc24,CyrilSharma.finalBot,0,a3dig10
A,a3dig10,0,2000,MORE_FLAG_CAPTURES,0,-1,0,0,0,0,0,0,0,37,180,250,7,18,817,1310,8,0,51,188,352,442,ATK@600+HEAL@1200+CAP@1800,gauntlet/20260930-201142-scrim-a3dig10/losses/andli28.v9_USQuals_angle__Valentine__botA.bc24,andli28.v9_USQuals_angle,1,a3dig10
B,v9_USQuals_angle,1,2000,MORE_FLAG_CAPTURES,1,706,384,16,0,0,0,90,0,6,2445,4230,18,4,1047,1228,8,3,110,442,442,352,ATK@600+HEAL@1200+CAP@1800,gauntlet/20260930-201142-scrim-a3dig10/losses/andli28.v9_USQuals_angle__Valentine__botA.bc24,andli28.v9_USQuals_angle,0,a3dig10
A,a3dig10,0,773,CAPTURE,0,-1,676,1,0,0,0,47,177,59,21,221,10,3,701,1274,24,0,49,83,98,186,ATK@600,gauntlet/20260930-201142-scrim-a3dig10/losses/andli28.v9_USQuals_angle__Waterworld__botA.bc24,andli28.v9_USQuals_angle,1,a3dig10
B,v9_USQuals_angle,1,773,CAPTURE,3,557,500,13,0,0,0,43,196,6,6479,8023,9,4,912,1221,9,3,50,207,186,98,ATK@600,gauntlet/20260930-201142-scrim-a3dig10/losses/andli28.v9_USQuals_angle__Waterworld__botA.bc24,andli28.v9_USQuals_angle,0,a3dig10
A,TSPAARKSPRINT1,1,1228,CAPTURE,3,893,253,52,0,3,63,0,31,2,8770,1490,0,5,556,1314,34,30,2,92,104,263,ATK@600+CAP@1200,gauntlet/20260930-201142-scrim-a3dig10/losses/SampleProvider.TSPAARKSPRINT1__Foxes__botB.bc24,SampleProvider.TSPAARKSPRINT1,0,a3dig10
B,a3dig10,0,1228,CAPTURE,0,-1,608,7,0,0,0,101,49,49,160,245,9,5,862,982,20,0,49,163,263,104,ATK@600+HEAL@1200,gauntlet/20260930-201142-scrim-a3dig10/losses/SampleProvider.TSPAARKSPRINT1__Foxes__botB.bc24,SampleProvider.TSPAARKSPRINT1,1,a3dig10
A,v3,1,526,CAPTURE,3,450,370,24,7,0,0,0,16,0,2620,5360,0,4,885,917,0,0,111,120,58,122,,gauntlet/20260930-201142-scrim-a3dig10/losses/NotLLeon.v3__HungerGames__botB.bc24,NotLLeon.v3,0,a3dig10
B,a3dig10,0,526,CAPTURE,1,506,236,5,0,0,0,0,18,24,155,515,4,20,887,1186,20,0,155,144,122,58,,gauntlet/20260930-201142-scrim-a3dig10/losses/NotLLeon.v3__HungerGames__botB.bc24,NotLLeon.v3,1,a3dig10
A,v3,1,2000,MORE_FLAG_CAPTURES,2,421,301,64,7,0,0,0,22,0,5840,5810,0,13,853,956,0,0,85,309,555,731,ATK@600+HEAL@1200+CAP@1800,gauntlet/20260930-201142-scrim-a3dig10/losses/NotLLeon.v3__Mountain__botB.bc24,NotLLeon.v3,0,a3dig10
B,a3dig10,0,2000,MORE_FLAG_CAPTURES,0,-1,0,0,0,0,0,25,44,37,200,230,5,21,755,1148,11,0,46,218,731,555,ATK@600+HEAL@1200+CAP@1800,gauntlet/20260930-201142-scrim-a3dig10/losses/NotLLeon.v3__Mountain__botB.bc24,NotLLeon.v3,1,a3dig10
A,Version18Final,1,1055,CAPTURE,3,387,260,22,0,3,21,16,30,14,894,117,2,3,652,724,2,3,32,48,79,65,ATK@600,gauntlet/20260930-201142-scrim-a3dig10/losses/uravt.Version18Final__Decision__botB.bc24,uravt.Version18Final,0,a3dig10
B,a3dig10,0,1055,CAPTURE,0,-1,401,1,0,0,0,0,79,16,200,220,3,0,607,919,2,0,31,84,65,79,ATK@600,gauntlet/20260930-201142-scrim-a3dig10/losses/uravt.Version18Final__Decision__botB.bc24,uravt.Version18Final,1,a3dig10
A,flagbot_final,1,1160,CAPTURE,3,474,396,22,0,3,27,43,60,0,10,17,8,3,1125,1630,0,0,3,149,603,131,ATK@600,gauntlet/20260930-201142-scrim-a3dig10/losses/chenyx512.flagbot_final__Racetrack__botB.bc24,chenyx512.flagbot_final,0,a3dig10
B,a3dig10,0,1160,CAPTURE,0,-1,578,1,0,0,0,0,63,3,110,200,0,18,971,1474,1,0,18,79,131,603,ATK@600,gauntlet/20260930-201142-scrim-a3dig10/losses/chenyx512.flagbot_final__Racetrack__botB.bc24,chenyx512.flagbot_final,1,a3dig10
A,player22,1,1709,CAPTURE,3,361,329,29,0,3,0,0,24,0,2380,580,0,6,1214,736,1,0,61,431,1127,806,ATK@600+HEAL@1200,gauntlet/20260930-201142-scrim-a3dig10/losses/andrewgopher.player22__Digging__botB.bc24,andrewgopher.player22,0,a3dig10
B,a3dig10,0,1709,CAPTURE,0,-1,0,0,0,0,0,0,16,24,205,275,4,23,991,1553,2,0,50,188,806,1127,ATK@600+HEAL@1200,gauntlet/20260930-201142-scrim-a3dig10/losses/andrewgopher.player22__Digging__botB.bc24,andrewgopher.player22,1,a3dig10
A,camel_case_v21_final,1,518,CAPTURE,3,355,236,8,0,0,0,0,47,9,3390,3740,0,5,1218,422,0,0,101,109,121,160,,gauntlet/20260930-201142-scrim-a3dig10/losses/jmerle.camel_case_v21_final__Alligator__botB.bc24,jmerle.camel_case_v21_final,0,a3dig10
B,a3dig10,0,518,CAPTURE,0,-1,361,3,0,0,0,0,52,34,195,215,6,0,884,1300,8,0,85,95,160,121,,gauntlet/20260930-201142-scrim-a3dig10/losses/jmerle.camel_case_v21_final__Alligator__botB.bc24,jmerle.camel_case_v21_final,1,a3dig10
A,a3dig10,0,706,CAPTURE,0,-1,280,17,0,0,0,0,87,13,140,165,1,7,617,1089,3,0,19,42,101,74,ATK@600,gauntlet/20260930-201142-scrim-a3dig10/losses/Strequals.duck0127v5__Decision__botA.bc24,Strequals.duck0127v5,1,a3dig10
B,duck0127v5,1,706,CAPTURE,3,643,281,23,0,0,0,90,26,3,1703,548,18,4,675,853,0,3,50,89,74,101,ATK@600,gauntlet/20260930-201142-scrim-a3dig10/losses/Strequals.duck0127v5__Decision__botA.bc24,Strequals.duck0127v5,0,a3dig10
A,a3dig10,1,2000,LEVEL_SUM,1,330,316,2,0,0,0,26,48,36,145,240,7,2,708,705,11,0,57,524,1473,313,ATK@600+HEAL@1200+CAP@1800,gauntlet/20260930-201142-scrim-a3dig10/replays/RyanAspen.v22__Mountain__botA.bc24,RyanAspen.v22,1,a3dig10
B,v22,0,2000,LEVEL_SUM,1,244,226,6,0,0,0,0,43,8,4410,640,0,34,566,130,0,0,86,246,313,1473,ATK@600+HEAL@1200+CAP@1800,gauntlet/20260930-201142-scrim-a3dig10/replays/RyanAspen.v22__Mountain__botA.bc24,RyanAspen.v22,0,a3dig10
A,a3dig10,1,1718,CAPTURE,3,671,226,34,0,0,0,34,33,30,161,241,5,31,1238,1526,11,0,41,199,858,369,ATK@600+HEAL@1200,gauntlet/20260930-201142-scrim-a3dig10/replays/jonters.bling3__Alien__botA.bc24,jonters.bling3,1,a3dig10
B,bling3,0,1718,CAPTURE,1,585,329,15,0,0,0,0,10,20,1400,100,2,11,873,1582,28,0,6,154,369,858,ATK@600+HEAL@1200,gauntlet/20260930-201142-scrim-a3dig10/replays/jonters.bling3__Alien__botA.bc24,jonters.bling3,0,a3dig10
A,cowards,0,773,CAPTURE,0,-1,571,4,0,0,0,0,19,14,830,33,0,3,412,1353,57,0,0,69,74,478,ATK@750,gauntlet/20260930-201142-scrim-a3dig10/replays/aj-chau.cowards__Occulus__botB.bc24,aj-chau.cowards,0,a3dig10
B,a3dig10,1,773,CAPTURE,3,367,242,10,0,0,0,0,14,32,180,220,6,20,1343,996,7,0,44,81,478,74,ATK@600,gauntlet/20260930-201142-scrim-a3dig10/replays/aj-chau.cowards__Occulus__botB.bc24,aj-chau.cowards,1,a3dig10
A,sprint1,0,688,CAPTURE,1,677,252,18,0,0,0,0,61,12,170,90,0,11,309,1133,24,0,0,35,30,476,ATK@600,gauntlet/20260930-201142-scrim-a3dig10/replays/justinottesen.sprint1__Ambush__botB.bc24,justinottesen.sprint1,0,a3dig10
B,a3dig10,1,688,CAPTURE,3,340,205,19,0,0,0,0,41,28,180,235,4,22,1843,800,7,0,64,132,476,30,ATK@600,gauntlet/20260930-201142-scrim-a3dig10/replays/justinottesen.sprint1__Ambush__botB.bc24,justinottesen.sprint1,1,a3dig10
A,keyboardcrusader_v1,0,454,CAPTURE,0,-1,0,3,0,3,70,0,98,0,1660,3360,0,0,241,520,12,0,0,8,8,39,,gauntlet/20260930-201142-scrim-a3dig10/replays/H4ffliger.keyboardcrusader_v1__Funnel__botB.bc24,H4ffliger.keyboardcrusader_v1,0,a3dig10
B,a3dig10,1,454,CAPTURE,3,300,215,3,0,0,0,22,43,26,115,240,4,5,538,490,14,0,60,9,39,8,,gauntlet/20260930-201142-scrim-a3dig10/replays/H4ffliger.keyboardcrusader_v1__Funnel__botB.bc24,H4ffliger.keyboardcrusader_v1,1,a3dig10
A,duck8,0,2000,LEVEL_SUM,2,225,213,25,0,0,0,0,22,36,100,40,2,26,954,1113,11,0,83,284,325,1483,ATK@750+HEAL@1500,gauntlet/20260930-201142-scrim-a3dig10/replays/clbarrell.duck8__WheresMyWater__botB.bc24,clbarrell.duck8,0,a3dig10
B,a3dig10,1,2000,LEVEL_SUM,2,433,403,6,0,0,0,20,66,24,185,34,4,0,1268,1389,8,0,36,380,1483,325,ATK@600+HEAL@1200+CAP@1800,gauntlet/20260930-201142-scrim-a3dig10/replays/clbarrell.duck8__WheresMyWater__botB.bc24,clbarrell.duck8,1,a3dig10
A,bc24scenario,0,1813,CAPTURE,0,-1,0,1,0,1,3,58,58,3,1000,1000,6,30,0,0,1,1,1,3,2,966,ATK@600+HEAL@1200+CAP@1800,gauntlet/20260930-201142-scrim-a3dig10/replays/Metta-AI.bc24scenario__Tunnels__botB.bc24,Metta-AI.bc24scenario,0,a3dig10
B,a3dig10,1,1813,CAPTURE,3,1310,1196,4,0,0,0,0,58,23,190,1455,3,30,0,0,7,0,46,192,966,2,ATK@600+HEAL@1200+CAP@1800,gauntlet/20260930-201142-scrim-a3dig10/replays/Metta-AI.bc24scenario__Tunnels__botB.bc24,Metta-AI.bc24scenario,1,a3dig10
A,v9,0,369,CAPTURE,0,-1,291,1,0,0,0,0,38,20,965,985,3,0,509,1118,0,0,45,39,7,121,,gauntlet/20260930-201142-scrim-a3dig10/replays/TylerJulian.v9__Rivers__botB.bc24,TylerJulian.v9,0,a3dig10
B,a3dig10,1,369,CAPTURE,3,352,257,3,0,0,0,0,30,27,155,295,5,12,1423,850,5,0,48,26,121,7,,gauntlet/20260930-201142-scrim-a3dig10/replays/TylerJulian.v9__Rivers__botB.bc24,TylerJulian.v9,1,a3dig10
A,SimpleBot,0,421,CAPTURE,0,-1,0,0,0,0,0,0,0,0,2400,2900,0,22,0,0,0,0,0,0,0,266,,gauntlet/20260930-201142-scrim-a3dig10/replays/sayam-goyal.SimpleBot__StackGame__botB.bc24,sayam-goyal.SimpleBot,0,a3dig10
B,a3dig10,1,421,CAPTURE,3,265,217,3,0,0,0,0,33,52,200,300,10,3,1601,0,24,0,146,75,266,0,,gauntlet/20260930-201142-scrim-a3dig10/replays/sayam-goyal.SimpleBot__StackGame__botB.bc24,sayam-goyal.SimpleBot,1,a3dig10
A,funkyguy3,0,721,CAPTURE,0,-1,229,24,0,0,0,0,56,107,60,65,3,15,68,607,90,0,34,137,55,540,ATK@600,gauntlet/20260930-201142-scrim-a3dig10/replays/lcforges.funkyguy3__Skyline__botB.bc24,lcforges.funkyguy3,0,a3dig10
B,a3dig10,1,721,CAPTURE,3,363,290,10,0,0,0,443,306,53,73,102,92,4,1441,454,26,0,59,163,540,55,ATK@600,gauntlet/20260930-201142-scrim-a3dig10/replays/lcforges.funkyguy3__Skyline__botB.bc24,lcforges.funkyguy3,1,a3dig10
A,a3dig10,1,860,CAPTURE,3,290,219,6,0,0,0,106,64,33,169,232,5,24,1323,680,18,0,78,169,657,96,ATK@600,gauntlet/20260930-201142-scrim-a3dig10/replays/cViper971.ourplayer__Anchor__botA.bc24,cViper971.ourplayer,1,a3dig10
B,ourplayer,0,860,CAPTURE,0,-1,257,10,0,0,0,0,9,39,870,460,4,3,332,361,68,0,0,75,96,657,ATK@600,gauntlet/20260930-201142-scrim-a3dig10/replays/cViper971.ourplayer__Anchor__botA.bc24,cViper971.ourplayer,0,a3dig10
A,dinoboxer,0,1900,CAPTURE,0,-1,0,0,0,0,0,0,23,22,10,20,0,12,219,286,22,0,3,117,111,801,ATK@600+CAP@1200+HEAL@1800,gauntlet/20260930-201142-scrim-a3dig10/replays/Peter-Fun.dinoboxer__HeMustBeFreed__botB.bc24,Peter-Fun.dinoboxer,0,a3dig10
B,a3dig10,1,1900,CAPTURE,3,700,240,10,0,0,0,0,112,20,185,135,3,3,322,390,15,0,45,343,801,111,ATK@600+HEAL@1200+CAP@1800,gauntlet/20260930-201142-scrim-a3dig10/replays/Peter-Fun.dinoboxer__HeMustBeFreed__botB.bc24,Peter-Fun.dinoboxer,1,a3dig10
A,a3dig10,1,683,CAPTURE,3,560,258,13,0,0,0,44,33,68,290,240,12,5,1046,770,22,0,68,110,220,57,ATK@600,gauntlet/20260930-201142-scrim-a3dig10/replays/aj-chau.cowards__Foxes__botA.bc24,aj-chau.cowards,1,a3dig10
B,cowards,0,683,CAPTURE,1,447,247,19,0,0,0,0,12,22,5200,20,1,1,345,1258,54,0,0,52,57,220,,gauntlet/20260930-201142-scrim-a3dig10/replays/aj-chau.cowards__Foxes__botA.bc24,aj-chau.cowards,0,a3dig10
A,a3dig10,1,1416,CAPTURE,3,1185,340,66,0,0,0,0,59,4,130,200,0,3,930,843,1,0,18,177,641,162,ATK@600+HEAL@1200,gauntlet/20260930-201142-scrim-a3dig10/replays/SampleProvider.TSPAARKSPRINT1__Racetrack__botA.bc24,SampleProvider.TSPAARKSPRINT1,1,a3dig10
B,TSPAARKSPRINT1,0,1416,CAPTURE,0,-1,323,35,0,3,33,0,79,0,30,20,0,16,548,1303,0,0,0,24,162,641,ATK@600+CAP@1200,gauntlet/20260930-201142-scrim-a3dig10/replays/SampleProvider.TSPAARKSPRINT1__Racetrack__botA.bc24,SampleProvider.TSPAARKSPRINT1,0,a3dig10
A,turtle,0,1461,CAPTURE,0,-1,0,3,0,3,0,0,0,3,4400,22,0,20,262,246,28,0,0,41,33,1220,HEAL@600+ATK@1200,gauntlet/20260930-201142-scrim-a3dig10/replays/andrearante12.turtle__MazeRunner__botB.bc24,andrearante12.turtle,0,a3dig10
B,a3dig10,1,1461,CAPTURE,3,426,315,14,0,0,0,11,77,19,30,130,3,3,581,444,21,0,37,185,1220,33,ATK@600+HEAL@1200,gauntlet/20260930-201142-scrim-a3dig10/replays/andrearante12.turtle__MazeRunner__botB.bc24,andrearante12.turtle,1,a3dig10
A,polyv4,0,457,CAPTURE,0,-1,244,1,0,0,0,0,16,26,6400,12940,3,2,70,85,3,0,52,55,3,373,,gauntlet/20260930-201142-scrim-a3dig10/replays/polyllc.polyv4__SteamboatMickey__botB.bc24,polyllc.polyv4,0,a3dig10
B,a3dig10,1,457,CAPTURE,3,348,230,6,0,0,0,42,28,65,250,260,11,3,1950,214,27,0,139,106,373,3,,gauntlet/20260930-201142-scrim-a3dig10/replays/polyllc.polyv4__SteamboatMickey__botB.bc24,polyllc.polyv4,1,a3dig10
A,a3dig10,1,1664,CAPTURE,3,467,271,10,0,0,0,0,68,35,160,260,6,18,1152,793,7,0,52,412,1269,97,ATK@600+HEAL@1200,gauntlet/20260930-201142-scrim-a3dig10/replays/reeceyang.v5__GravitationalWaves__botA.bc24,reeceyang.v5,1,a3dig10
B,v5,0,1664,CAPTURE,0,-1,348,2,0,0,0,0,74,20,20,10,2,8,451,1027,23,0,0,56,97,1269,ATK@600+CAP@1200,gauntlet/20260930-201142-scrim-a3dig10/replays/reeceyang.v5__GravitationalWaves__botA.bc24,reeceyang.v5,0,a3dig10
A,MPAttack,0,501,RESIGNATION,0,-1,466,1,0,0,0,0,23,13,10,190,0,2,451,323,22,0,0,13,30,162,,gauntlet/20260930-201142-scrim-a3dig10/replays/itswin.MPAttack__TreeSearch__botB.bc24,itswin.MPAttack,0,a3dig10
B,a3dig10,1,501,RESIGNATION,0,-1,228,5,0,0,0,10,76,24,160,285,3,9,649,696,8,0,64,70,162,30,,gauntlet/20260930-201142-scrim-a3dig10/replays/itswin.MPAttack__TreeSearch__botB.bc24,itswin.MPAttack,1,a3dig10
A,tx,0,568,CAPTURE,0,-1,0,0,0,0,0,0,0,0,2900,3400,0,15,0,0,0,0,0,0,0,385,,gauntlet/20260930-201142-scrim-a3dig10/replays/PerishoJ.tx__DefaultLarge__botB.bc24,PerishoJ.tx,0,a3dig10
B,a3dig10,1,568,CAPTURE,3,406,234,3,0,0,0,0,45,21,120,150,3,3,1545,0,24,0,122,34,385,0,,gauntlet/20260930-201142-scrim-a3dig10/replays/PerishoJ.tx__DefaultLarge__botB.bc24,PerishoJ.tx,1,a3dig10
A,combustiblelemon,0,584,CAPTURE,0,-1,0,3,0,3,14,0,0,11,200,100,0,8,350,141,28,0,0,10,19,176,,gauntlet/20260930-201142-scrim-a3dig10/replays/samithShetty.combustiblelemon__Puzzle__botB.bc24,samithShetty.combustiblelemon,0,a3dig10
B,a3dig10,1,584,CAPTURE,3,450,228,5,0,0,0,0,12,19,185,240,3,4,754,737,24,0,83,56,176,19,,gauntlet/20260930-201142-scrim-a3dig10/replays/samithShetty.combustiblelemon__Puzzle__botB.bc24,samithShetty.combustiblelemon,1,a3dig10
A,v11,0,2000,MORE_FLAG_CAPTURES,0,-1,0,0,0,0,0,0,16,44,20,340,3,26,323,367,0,5,53,124,26,2280,ATK@600+HEAL@1200+CAP@1800,gauntlet/20260930-201142-scrim-a3dig10/replays/JeffLegendPower.v11__EndAround__botB.bc24,JeffLegendPower.v11,0,a3dig10
B,a3dig10,1,2000,MORE_FLAG_CAPTURES,2,439,290,7,0,0,0,0,68,16,175,35,2,3,480,538,9,0,42,131,2280,26,ATK@600+HEAL@1200+CAP@1800,gauntlet/20260930-201142-scrim-a3dig10/replays/JeffLegendPower.v11__EndAround__botB.bc24,JeffLegendPower.v11,1,a3dig10
A,a3dig10,1,2000,MORE_FLAG_CAPTURES,1,533,223,29,0,0,0,0,65,39,180,160,7,3,1320,340,13,0,57,407,1042,77,ATK@600+HEAL@1200+CAP@1800,gauntlet/20260930-201142-scrim-a3dig10/replays/justinottesen.sprint1__Hurricane__botA.bc24,justinottesen.sprint1,1,a3dig10
B,sprint1,0,2000,MORE_FLAG_CAPTURES,0,-1,228,26,0,0,0,0,168,9,80,70,1,0,187,1290,12,0,0,66,77,1042,ATK@600,gauntlet/20260930-201142-scrim-a3dig10/replays/justinottesen.sprint1__Hurricane__botA.bc24,justinottesen.sprint1,0,a3dig10
A,turtle,0,570,CAPTURE,0,-1,0,3,0,3,41,0,0,5,3600,2220,0,1,252,364,31,0,0,27,32,132,,gauntlet/20260930-201142-scrim-a3dig10/replays/andrearante12.turtle__Funnel__botB.bc24,andrearante12.turtle,0,a3dig10
B,a3dig10,1,570,CAPTURE,3,418,204,7,0,0,0,31,39,25,135,225,4,5,601,585,17,0,50,40,132,32,,gauntlet/20260930-201142-scrim-a3dig10/replays/andrearante12.turtle__Funnel__botB.bc24,andrearante12.turtle,1,a3dig10
A,a3dig10,1,457,CAPTURE,3,300,221,5,0,0,0,0,38,20,150,210,2,4,1161,778,20,0,36,20,215,26,,gauntlet/20260930-201142-scrim-a3dig10/replays/dylanconklin.Team3__Fountain__botA.bc24,dylanconklin.Team3,1,a3dig10
B,Team3,0,457,CAPTURE,0,-1,0,3,0,3,0,0,44,14,26,46,1,8,338,89,27,0,0,19,26,215,,gauntlet/20260930-201142-scrim-a3dig10/replays/dylanconklin.Team3__Fountain__botA.bc24,dylanconklin.Team3,0,a3dig10
A,crayBasic,0,537,CAPTURE,0,-1,220,11,0,0,0,0,0,0,3000,3800,0,14,616,10,0,0,0,0,5,459,,gauntlet/20260930-201142-scrim-a3dig10/replays/abdullah8a0.crayBasic__Battlefield__botB.bc24,abdullah8a0.crayBasic,0,a3dig10
B,a3dig10,1,537,CAPTURE,3,343,329,3,0,0,0,0,24,48,225,235,8,39,1801,1170,9,0,66,95,459,5,,gauntlet/20260930-201142-scrim-a3dig10/replays/abdullah8a0.crayBasic__Battlefield__botB.bc24,abdullah8a0.crayBasic,1,a3dig10
A,a3dig10,1,1801,CAPTURE,3,1611,1589,3,0,0,0,0,12,19,120,220,3,35,1369,1237,1,0,111,383,1142,197,ATK@600+HEAL@1200+CAP@1800,gauntlet/20260930-201142-scrim-a3dig10/replays/qpwoeirut.tournament_sprint1__GaltonBoard__botA.bc24,qpwoeirut.tournament_sprint1,1,a3dig10
B,tournament_sprint1,0,1801,CAPTURE,0,-1,0,0,0,0,0,0,9,0,2130,410,0,4,552,1690,41,0,0,162,197,1142,ATK@600+HEAL@1200,gauntlet/20260930-201142-scrim-a3dig10/replays/qpwoeirut.tournament_sprint1__GaltonBoard__botA.bc24,qpwoeirut.tournament_sprint1,0,a3dig10
A,a3dig10,1,533,CAPTURE,3,277,247,10,0,0,0,1,95,46,190,280,8,13,942,448,13,0,86,64,171,29,,gauntlet/20260930-201142-scrim-a3dig10/replays/cViper971.ourplayer__Klein__botA.bc24,cViper971.ourplayer,1,a3dig10
B,ourplayer,0,533,CAPTURE,0,-1,422,3,0,0,0,0,30,17,140,30,2,6,151,800,34,0,0,26,29,171,,gauntlet/20260930-201142-scrim-a3dig10/replays/cViper971.ourplayer__Klein__botA.bc24,cViper971.ourplayer,0,a3dig10
A,a3dig10,1,2000,MORE_FLAG_CAPTURES,1,478,214,3,0,0,0,2,7,33,205,940,5,3,887,28,24,0,102,0,774,5,ATK@600+HEAL@1200+CAP@1800,gauntlet/20260930-201142-scrim-a3dig10/replays/lukerhoads.warrior_2nd_comp__AceOfSpades__botA.bc24,lukerhoads.warrior_2nd_comp,1,a3dig10
B,warrior_2nd_comp,0,2000,MORE_FLAG_CAPTURES,0,-1,0,3,0,3,56,0,0,14,1800,2300,1,12,0,0,10,2,2,11,5,774,ATK@750+CAP@1500,gauntlet/20260930-201142-scrim-a3dig10/replays/lukerhoads.warrior_2nd_comp__AceOfSpades__botA.bc24,lukerhoads.warrior_2nd_comp,0,a3dig10
A,moveBot1,0,472,CAPTURE,0,-1,0,0,0,0,0,0,44,24,1000,370,3,22,262,404,38,0,0,33,39,274,,gauntlet/20260930-201142-scrim-a3dig10/replays/adamseth2.moveBot1__StackGame__botB.bc24,adamseth2.moveBot1,0,a3dig10
B,a3dig10,1,472,CAPTURE,3,309,283,4,0,0,0,0,30,50,180,185,9,3,1414,915,24,0,92,69,274,39,,gauntlet/20260930-201142-scrim-a3dig10/replays/adamseth2.moveBot1__StackGame__botB.bc24,adamseth2.moveBot1,1,a3dig10
A,defaultplayer_intlqualifier,0,1307,CAPTURE,1,380,293,15,8,3,11,0,33,9,110,700,0,5,276,657,4,33,18,90,27,458,ATK@600+HEAL@1200,gauntlet/20260930-201142-scrim-a3dig10/replays/dmtrung14.defaultplayer_intlqualifier__Pancakes__botB.bc24,dmtrung14.defaultplayer_intlqualifier,0,a3dig10
B,a3dig10,1,1307,CAPTURE,3,499,443,5,0,0,0,0,15,18,175,80,3,4,990,424,15,0,41,73,458,27,ATK@600+HEAL@1200,gauntlet/20260930-201142-scrim-a3dig10/replays/dmtrung14.defaultplayer_intlqualifier__Pancakes__botB.bc24,dmtrung14.defaultplayer_intlqualifier,1,a3dig10
A,a3dig10,1,329,CAPTURE,3,243,227,4,0,0,0,0,37,30,140,250,4,4,753,247,9,0,64,0,106,21,,gauntlet/20260930-201142-scrim-a3dig10/replays/Lithanium.AttackingBot__Ambush__botA.bc24,Lithanium.AttackingBot,1,a3dig10
B,AttackingBot,0,329,CAPTURE,0,-1,0,0,0,0,0,0,70,3,2000,400,0,0,23,0,19,0,0,18,21,106,,gauntlet/20260930-201142-scrim-a3dig10/replays/Lithanium.AttackingBot__Ambush__botA.bc24,Lithanium.AttackingBot,0,a3dig10
A,a3dig10,1,1417,CAPTURE,3,724,667,13,0,0,0,0,40,20,260,145,3,3,449,412,7,0,22,106,639,60,ATK@600+HEAL@1200,gauntlet/20260930-201142-scrim-a3dig10/replays/MiloAkerman.v1__Fountain__botA.bc24,MiloAkerman.v1,1,a3dig10
B,v1,0,1417,CAPTURE,0,-1,0,0,0,0,0,0,72,2,1540,2840,0,9,281,333,12,0,0,21,60,639,,gauntlet/20260930-201142-scrim-a3dig10/replays/MiloAkerman.v1__Fountain__botA.bc24,MiloAkerman.v1,0,a3dig10
A,Bot21,0,536,CAPTURE,0,-1,223,17,6,3,3,61,74,35,43,23,12,5,823,861,3,0,40,51,60,242,,gauntlet/20260930-201142-scrim-a3dig10/replays/HugoIngelsson.Bot21__Swoop__botB.bc24,HugoIngelsson.Bot21,0,a3dig10
B,a3dig10,1,536,CAPTURE,3,514,297,7,0,0,0,6,55,41,200,270,7,5,1300,1042,11,0,66,106,242,60,,gauntlet/20260930-201142-scrim-a3dig10/replays/HugoIngelsson.Bot21__Swoop__botB.bc24,HugoIngelsson.Bot21,1,a3dig10
A,a3dig10,1,626,CAPTURE,3,279,225,4,0,0,0,201,83,73,619,269,28,19,1304,1148,24,0,106,158,449,6,ATK@600,gauntlet/20260930-201142-scrim-a3dig10/replays/VarunVejalla.alexander__CH3353C4K3F4CT0RY__botA.bc24,VarunVejalla.alexander,1,a3dig10
B,alexander,0,626,CAPTURE,0,-1,265,4,0,3,25,0,0,0,4600,5930,0,0,639,157,0,0,0,0,6,449,,gauntlet/20260930-201142-scrim-a3dig10/replays/VarunVejalla.alexander__CH3353C4K3F4CT0RY__botA.bc24,VarunVejalla.alexander,0,a3dig10
A,Bot21,0,877,CAPTURE,0,-1,244,5,1,3,3,60,51,14,67,17,12,9,822,975,2,0,26,71,72,593,ATK@601,gauntlet/20260930-201142-scrim-a3dig10/replays/HugoIngelsson.Bot21__Rivers__botB.bc24,HugoIngelsson.Bot21,0,a3dig10
B,a3dig10,1,877,CAPTURE,3,763,670,3,0,0,0,0,29,29,165,225,4,17,1355,1305,3,0,52,154,593,72,ATK@600,gauntlet/20260930-201142-scrim-a3dig10/replays/HugoIngelsson.Bot21__Rivers__botB.bc24,HugoIngelsson.Bot21,1,a3dig10
A,Sprint2,0,889,CAPTURE,0,-1,707,2,0,0,0,0,153,0,6610,30,0,16,90,318,25,23,25,76,14,552,ATK@600,gauntlet/20260930-201142-scrim-a3dig10/replays/tlevietpdx.Sprint2__Battlecode24__botB.bc24,tlevietpdx.Sprint2,0,a3dig10
B,a3dig10,1,889,CAPTURE,3,463,233,4,0,0,0,115,128,69,687,269,21,3,1299,346,24,0,222,285,552,14,ATK@600,gauntlet/20260930-201142-scrim-a3dig10/replays/tlevietpdx.Sprint2__Battlecode24__botB.bc24,tlevietpdx.Sprint2,1,a3dig10
A,a3dig10,1,518,CAPTURE,3,287,233,3,0,0,0,0,30,28,130,285,5,3,1500,252,22,0,79,0,361,17,,gauntlet/20260930-201142-scrim-a3dig10/replays/Lithanium.AttackingBot__OceanFloor__botA.bc24,Lithanium.AttackingBot,1,a3dig10
B,AttackingBot,0,518,CAPTURE,0,-1,0,0,0,0,0,0,87,0,1190,690,0,2,29,0,12,0,0,16,17,361,,gauntlet/20260930-201142-scrim-a3dig10/replays/Lithanium.AttackingBot__OceanFloor__botA.bc24,Lithanium.AttackingBot,0,a3dig10
A,a3dig10,1,471,CAPTURE,3,299,233,4,0,0,0,31,45,39,195,1245,7,6,623,319,15,0,76,27,117,17,,gauntlet/20260930-201142-scrim-a3dig10/replays/SriLakshmiPolavarapu.ducks__Mountain__botA.bc24,SriLakshmiPolavarapu.ducks,1,a3dig10
B,ducks,0,471,CAPTURE,0,-1,0,3,0,3,14,0,0,30,200,100,0,14,34,0,42,0,0,27,17,117,,gauntlet/20260930-201142-scrim-a3dig10/replays/SriLakshmiPolavarapu.ducks__Mountain__botA.bc24,SriLakshmiPolavarapu.ducks,0,a3dig10
A,ExplosiveBot,0,1883,CAPTURE,0,-1,398,36,4,0,0,0,6,9,4720,3990,0,9,735,627,19,0,20,164,284,1246,ATK@600+HEAL@1200,gauntlet/20260930-201142-scrim-a3dig10/replays/awu7.ExplosiveBot__Randy__botB.bc24,awu7.ExplosiveBot,0,a3dig10
B,a3dig10,1,1883,CAPTURE,3,1182,295,24,0,0,0,45,34,34,130,220,6,14,1007,1275,6,0,51,353,1246,284,ATK@600+HEAL@1200+CAP@1800,gauntlet/20260930-201142-scrim-a3dig10/replays/awu7.ExplosiveBot__Randy__botB.bc24,awu7.ExplosiveBot,1,a3dig10
A,v22,0,917,CAPTURE,2,276,220,12,0,0,0,0,78,39,460,100,0,35,865,472,0,0,59,104,105,579,HEAL@600,gauntlet/20260930-201142-scrim-a3dig10/replays/RyanAspen.v22__Swoop__botB.bc24,RyanAspen.v22,0,a3dig10
B,a3dig10,1,917,CAPTURE,3,291,227,18,0,0,0,14,63,38,135,220,7,2,1024,1054,17,0,78,212,579,105,ATK@600,gauntlet/20260930-201142-scrim-a3dig10/replays/RyanAspen.v22__Swoop__botB.bc24,RyanAspen.v22,1,a3dig10
A,a3dig10,1,849,CAPTURE,3,320,234,5,0,0,0,0,15,26,115,160,4,3,531,405,5,0,44,28,124,10,ATK@600,gauntlet/20260930-201142-scrim-a3dig10/replays/AlexYu84.smartPlayer__Digging__botA.bc24,AlexYu84.smartPlayer,1,a3dig10
B,smartPlayer,0,849,CAPTURE,0,-1,686,4,0,3,17,0,8,14,120,110,1,18,101,84,18,21,0,51,10,124,,gauntlet/20260930-201142-scrim-a3dig10/replays/AlexYu84.smartPlayer__Digging__botA.bc24,AlexYu84.smartPlayer,0,a3dig10
A,a3dig10,1,853,CAPTURE,3,487,231,8,0,0,0,150,169,63,63,284,23,4,1774,893,24,0,293,412,792,39,ATK@600,gauntlet/20260930-201142-scrim-a3dig10/replays/neilhuang007.baseline__Snake__botA.bc24,neilhuang007.baseline,1,a3dig10
B,baseline,0,853,CAPTURE,0,-1,751,2,0,0,0,0,189,6,8830,20070,0,8,538,1050,0,0,6,6,39,792,CAP@600,gauntlet/20260930-201142-scrim-a3dig10/replays/neilhuang007.baseline__Snake__botA.bc24,neilhuang007.baseline,0,a3dig10
A,a3dig10,1,913,CAPTURE,3,752,638,4,0,0,0,0,61,22,190,240,3,31,1460,883,7,0,38,134,845,40,ATK@600,gauntlet/20260930-201142-scrim-a3dig10/replays/neilhuang007.baseline__TwistedTreeline__botA.bc24,neilhuang007.baseline,1,a3dig10
B,baseline,0,913,CAPTURE,0,-1,354,8,0,0,0,0,78,10,1460,1810,0,2,602,992,0,0,10,6,40,845,CAP@600,gauntlet/20260930-201142-scrim-a3dig10/replays/neilhuang007.baseline__TwistedTreeline__botA.bc24,neilhuang007.baseline,0,a3dig10
A,a3dig10,1,643,CAPTURE,3,437,259,8,0,0,0,0,77,16,190,190,2,3,720,624,4,0,25,50,158,26,ATK@600,gauntlet/20260930-201142-scrim-a3dig10/replays/Peter-Fun.dinoboxer__Decision__botA.bc24,Peter-Fun.dinoboxer,1,a3dig10
B,dinoboxer,0,643,CAPTURE,0,-1,392,3,0,0,0,0,1,17,70,10,0,6,325,576,16,3,10,43,26,158,ATK@600,gauntlet/20260930-201142-scrim-a3dig10/replays/Peter-Fun.dinoboxer__Decision__botA.bc24,Peter-Fun.dinoboxer,0,a3dig10
A,a3dig10,1,2000,LEVEL_SUM,1,495,451,1,0,0,0,0,3,26,195,295,4,10,1212,1479,3,0,56,203,1028,346,ATK@600+HEAL@1200+CAP@1800,gauntlet/20260930-201142-scrim-a3dig10/replays/ColtG5.Goob_final__FloodGates__botA.bc24,ColtG5.Goob_final,1,a3dig10
B,Goob_final,0,2000,LEVEL_SUM,1,558,272,10,0,0,0,0,7,0,2690,10,0,13,927,922,2,0,40,186,346,1028,ATK@600+HEAL@1200+CAP@1800,gauntlet/20260930-201142-scrim-a3dig10/replays/ColtG5.Goob_final__FloodGates__botA.bc24,ColtG5.Goob_final,0,a3dig10
A,ducks,0,431,CAPTURE,0,-1,0,3,0,3,0,0,0,26,200,100,0,9,40,0,35,0,0,30,14,203,,gauntlet/20260930-201142-scrim-a3dig10/replays/SriLakshmiPolavarapu.ducks__StackGame__botB.bc24,SriLakshmiPolavarapu.ducks,0,a3dig10
B,a3dig10,1,431,CAPTURE,3,295,237,4,0,0,0,0,31,51,170,240,9,4,1190,653,24,0,99,53,203,14,,gauntlet/20260930-201142-scrim-a3dig10/replays/SriLakshmiPolavarapu.ducks__StackGame__botB.bc24,SriLakshmiPolavarapu.ducks,1,a3dig10
A,a3dig10,1,2000,MORE_FLAG_CAPTURES,2,416,350,3,0,0,0,6,75,22,30,465,3,3,115,5,23,0,52,6,2332,0,ATK@600+HEAL@1200+CAP@1800,gauntlet/20260930-201142-scrim-a3dig10/replays/sivakovivan.NewHide__MazeRunner__botA.bc24,sivakovivan.NewHide,1,a3dig10
B,NewHide,0,2000,MORE_FLAG_CAPTURES,0,-1,0,0,0,0,0,0,0,50,20,20,1,39,3,7,0,0,70,87,0,2332,HEAL@600,gauntlet/20260930-201142-scrim-a3dig10/replays/sivakovivan.NewHide__MazeRunner__botA.bc24,sivakovivan.NewHide,0,a3dig10
A,Sprint2,0,666,CAPTURE,0,-1,0,0,0,0,0,0,36,0,15820,10,0,4,236,461,56,24,30,110,28,479,ATK@600,gauntlet/20260930-201142-scrim-a3dig10/replays/tlevietpdx.Sprint2__Joker__botB.bc24,tlevietpdx.Sprint2,0,a3dig10
B,a3dig10,1,666,CAPTURE,3,353,298,6,0,0,0,226,119,71,695,243,43,3,1470,733,24,0,194,230,479,28,ATK@600,gauntlet/20260930-201142-scrim-a3dig10/replays/tlevietpdx.Sprint2__Joker__botB.bc24,tlevietpdx.Sprint2,1,a3dig10
A,bling3,0,990,CAPTURE,0,-1,317,15,0,0,0,0,106,13,120,100,0,2,790,1398,17,0,6,50,131,412,ATK@600,gauntlet/20260930-201142-scrim-a3dig10/replays/jonters.bling3__QueenOfHearts__botB.bc24,jonters.bling3,0,a3dig10
B,a3dig10,1,990,CAPTURE,3,336,254,20,0,0,0,0,79,25,125,200,3,9,1089,1558,11,0,39,170,412,131,ATK@600,gauntlet/20260930-201142-scrim-a3dig10/replays/jonters.bling3__QueenOfHearts__botB.bc24,jonters.bling3,1,a3dig10
A,smartPlayer,0,580,CAPTURE,0,-1,0,9,0,9,10,0,16,18,20,60,1,11,104,25,27,11,0,34,16,148,,gauntlet/20260930-201142-scrim-a3dig10/replays/AlexYu84.smartPlayer__SteamboatMickey__botB.bc24,AlexYu84.smartPlayer,0,a3dig10
B,a3dig10,1,580,CAPTURE,3,257,205,4,0,0,0,37,31,65,225,305,11,3,697,413,24,0,187,67,148,16,,gauntlet/20260930-201142-scrim-a3dig10/replays/AlexYu84.smartPlayer__SteamboatMickey__botB.bc24,AlexYu84.smartPlayer,1,a3dig10
A,duck8,0,2000,MORE_FLAG_CAPTURES,1,1667,275,29,0,0,0,0,36,33,40,30,3,5,919,1131,3,0,75,222,252,861,ATK@750+HEAL@1500,gauntlet/20260930-201142-scrim-a3dig10/replays/clbarrell.duck8__Funnel__botB.bc24,clbarrell.duck8,0,a3dig10
B,a3dig10,1,2000,MORE_FLAG_CAPTURES,2,1382,339,12,0,0,0,22,34,27,165,280,4,0,1031,1223,7,0,51,330,861,252,ATK@600+HEAL@1200+CAP@1800,gauntlet/20260930-201142-scrim-a3dig10/replays/clbarrell.duck8__Funnel__botB.bc24,clbarrell.duck8,1,a3dig10
A,a3dig10,1,355,CAPTURE,3,241,208,7,0,0,0,0,0,48,140,195,9,6,910,642,17,0,73,29,124,17,,gauntlet/20260930-201142-scrim-a3dig10/replays/joelcrouch.ducks__Yinyang__botA.bc24,joelcrouch.ducks,1,a3dig10
B,ducks,0,355,CAPTURE,0,-1,355,4,0,3,13,0,0,26,100,200,0,0,41,0,34,0,0,29,17,124,,gauntlet/20260930-201142-scrim-a3dig10/replays/joelcrouch.ducks__Yinyang__botA.bc24,joelcrouch.ducks,0,a3dig10
A,cretplayer2_3,0,2000,MORE_FLAG_CAPTURES,1,470,263,23,0,3,13,0,22,0,5040,1000,0,16,1099,1063,0,7,52,238,318,1572,ATK@600+HEAL@1200+CAP@1800,gauntlet/20260930-201142-scrim-a3dig10/replays/quesswho.cretplayer2_3__Hockey__botB.bc24,quesswho.cretplayer2_3,0,a3dig10
B,a3dig10,1,2000,MORE_FLAG_CAPTURES,2,1498,278,9,0,0,0,0,23,42,165,135,8,13,1260,1293,11,0,57,386,1572,318,ATK@600+HEAL@1200+CAP@1800,gauntlet/20260930-201142-scrim-a3dig10/replays/quesswho.cretplayer2_3__Hockey__botB.bc24,quesswho.cretplayer2_3,1,a3dig10
A,defaultplayer_intlqualifier,0,2000,MORE_FLAG_CAPTURES,0,-1,276,6,0,3,25,0,12,8,740,9100,0,2,301,675,5,35,8,60,21,292,ATK@600+HEAL@1200+CAP@1800,gauntlet/20260930-201142-scrim-a3dig10/replays/dmtrung14.defaultplayer_intlqualifier__Puzzle__botB.bc24,dmtrung14.defaultplayer_intlqualifier,0,a3dig10
B,a3dig10,1,2000,MORE_FLAG_CAPTURES,1,510,263,2,0,0,0,0,4,22,125,40,4,4,893,418,24,0,87,77,292,21,ATK@600+HEAL@1200+CAP@1800,gauntlet/20260930-201142-scrim-a3dig10/replays/dmtrung14.defaultplayer_intlqualifier__Puzzle__botB.bc24,dmtrung14.defaultplayer_intlqualifier,1,a3dig10
A,bc24scenario,0,830,CAPTURE,0,-1,0,1,0,1,3,58,58,3,700,1300,6,0,91,94,1,1,1,3,0,901,ATK@600,gauntlet/20260930-201142-scrim-a3dig10/replays/Metta-AI.bc24scenario__Alligator__botB.bc24,Metta-AI.bc24scenario,0,a3dig10
B,a3dig10,1,830,CAPTURE,3,300,228,3,0,0,0,2,48,34,200,280,6,5,1366,181,24,0,130,124,901,0,ATK@600,gauntlet/20260930-201142-scrim-a3dig10/replays/Metta-AI.bc24scenario__Alligator__botB.bc24,Metta-AI.bc24scenario,1,a3dig10
A,moveBot1,0,534,CAPTURE,0,-1,0,0,0,0,0,0,46,16,840,370,1,18,174,332,34,0,0,21,12,278,,gauntlet/20260930-201142-scrim-a3dig10/replays/adamseth2.moveBot1__WheresMyWater__botB.bc24,adamseth2.moveBot1,0,a3dig10
B,a3dig10,1,534,CAPTURE,3,275,222,4,0,0,0,27,58,23,205,275,4,14,1138,562,8,0,73,60,278,12,,gauntlet/20260930-201142-scrim-a3dig10/replays/adamseth2.moveBot1__WheresMyWater__botB.bc24,adamseth2.moveBot1,1,a3dig10
A,v5,0,814,CAPTURE,0,-1,240,13,0,0,0,0,77,27,30,20,3,2,457,1030,50,0,0,43,95,476,ATK@600,gauntlet/20260930-201142-scrim-a3dig10/replays/reeceyang.v5__BigDucksBigPond__botB.bc24,reeceyang.v5,0,a3dig10
B,a3dig10,1,814,CAPTURE,3,312,244,13,0,0,0,0,101,34,130,225,5,0,879,824,13,0,46,125,476,95,ATK@600,gauntlet/20260930-201142-scrim-a3dig10/replays/reeceyang.v5__BigDucksBigPond__botB.bc24,reeceyang.v5,1,a3dig10
A,ExplosiveBot,0,1715,CAPTURE,0,-1,298,7,1,0,0,0,0,16,1900,286,0,9,678,543,22,0,17,124,183,1185,ATK@600+HEAL@1200,gauntlet/20260930-201142-scrim-a3dig10/replays/awu7.ExplosiveBot__Valentine__botB.bc24,awu7.ExplosiveBot,0,a3dig10
B,a3dig10,1,1715,CAPTURE,3,742,304,42,0,0,0,0,0,38,180,155,7,12,1018,1325,9,0,73,354,1185,183,ATK@600+HEAL@1200,gauntlet/20260930-201142-scrim-a3dig10/replays/awu7.ExplosiveBot__Valentine__botB.bc24,awu7.ExplosiveBot,1,a3dig10
A,NewHide,0,375,CAPTURE,0,-1,0,0,0,0,0,0,0,45,10,40,1,15,70,7,0,0,57,42,0,194,,gauntlet/20260930-201142-scrim-a3dig10/replays/sivakovivan.NewHide__Ambush__botB.bc24,sivakovivan.NewHide,0,a3dig10
B,a3dig10,1,375,CAPTURE,3,237,214,3,0,0,0,0,39,30,185,165,4,10,1371,120,23,0,71,1,194,0,,gauntlet/20260930-201142-scrim-a3dig10/replays/sivakovivan.NewHide__Ambush__botB.bc24,sivakovivan.NewHide,1,a3dig10
A,a3dig10,1,662,CAPTURE,3,413,226,4,0,0,0,128,139,67,168,902,18,3,1212,27,25,0,243,215,493,1,ATK@600,gauntlet/20260930-201142-scrim-a3dig10/replays/polyllc.polyv4__Battlecode24__botA.bc24,polyllc.polyv4,1,a3dig10
B,polyv4,0,662,CAPTURE,0,-1,0,0,0,0,0,0,77,24,6180,8570,3,15,21,147,0,0,64,87,1,493,HEAL@600,gauntlet/20260930-201142-scrim-a3dig10/replays/polyllc.polyv4__Battlecode24__botA.bc24,polyllc.polyv4,0,a3dig10
A,a3dig10,1,464,CAPTURE,3,271,241,3,0,0,0,0,45,18,300,190,3,3,1733,0,24,0,65,48,345,0,,gauntlet/20260930-201142-scrim-a3dig10/replays/sayam-goyal.SimpleBot__Fountain__botA.bc24,sayam-goyal.SimpleBot,1,a3dig10
B,SimpleBot,0,464,CAPTURE,0,-1,0,0,0,0,0,0,0,0,2400,2900,0,0,0,0,0,0,0,0,0,345,,gauntlet/20260930-201142-scrim-a3dig10/replays/sayam-goyal.SimpleBot__Fountain__botA.bc24,sayam-goyal.SimpleBot,0,a3dig10
A,combustiblelemon,0,1820,CAPTURE,0,-1,0,3,0,3,15,0,0,19,100,200,0,2,354,61,29,0,0,42,62,732,,gauntlet/20260930-201142-scrim-a3dig10/replays/samithShetty.combustiblelemon__Fountain__botB.bc24,samithShetty.combustiblelemon,0,a3dig10
B,a3dig10,1,1820,CAPTURE,3,267,215,10,0,0,0,0,41,20,170,130,3,11,847,704,12,0,25,193,732,62,ATK@600+HEAL@1200+CAP@1800,gauntlet/20260930-201142-scrim-a3dig10/replays/samithShetty.combustiblelemon__Fountain__botB.bc24,samithShetty.combustiblelemon,1,a3dig10
A,v9,0,463,CAPTURE,0,-1,250,1,0,0,0,0,29,24,985,1065,4,0,491,997,0,0,53,49,12,202,,gauntlet/20260930-201142-scrim-a3dig10/replays/TylerJulian.v9__KingQuacksCastle__botB.bc24,TylerJulian.v9,0,a3dig10
B,a3dig10,1,463,CAPTURE,3,275,218,6,0,0,0,0,30,28,145,285,5,11,1439,808,4,0,72,60,202,12,,gauntlet/20260930-201142-scrim-a3dig10/replays/TylerJulian.v9__KingQuacksCastle__botB.bc24,TylerJulian.v9,1,a3dig10
A,a3dig10,1,633,CAPTURE,3,357,247,5,0,0,0,62,62,44,180,240,8,3,554,614,24,0,55,54,229,26,ATK@600,gauntlet/20260930-201142-scrim-a3dig10/replays/Rubrasum.version_3__Rainbow__botA.bc24,Rubrasum.version_3,1,a3dig10
B,version_3,0,633,CAPTURE,0,-1,0,3,0,3,12,0,0,37,200,100,0,9,201,0,47,0,0,28,26,229,ATK@600,gauntlet/20260930-201142-scrim-a3dig10/replays/Rubrasum.version_3__Rainbow__botA.bc24,Rubrasum.version_3,0,a3dig10
A,a3dig10,1,2000,MORE_FLAG_CAPTURES,2,463,268,5,0,0,0,15,40,25,155,275,4,2,937,737,10,0,52,457,1366,235,ATK@600+HEAL@1200+CAP@1800,gauntlet/20260930-201142-scrim-a3dig10/replays/noahzemlin.honeyducklings__Funnel__botA.bc24,noahzemlin.honeyducklings,1,a3dig10
B,honeyducklings,0,2000,MORE_FLAG_CAPTURES,1,416,253,6,0,0,0,0,65,14,1250,3380,0,4,587,685,8,14,0,90,235,1366,ATK@600+HEAL@1204+CAP@1800,gauntlet/20260930-201142-scrim-a3dig10/replays/noahzemlin.honeyducklings__Funnel__botA.bc24,noahzemlin.honeyducklings,0,a3dig10
A,a3dig10,1,2000,MORE_FLAG_CAPTURES,1,859,266,12,0,0,0,0,61,20,130,135,2,3,545,954,10,0,32,184,409,308,ATK@600+HEAL@1200+CAP@1800,gauntlet/20260930-201142-scrim-a3dig10/replays/hsmalladi.finalbot__EndAround__botA.bc24,hsmalladi.finalbot,1,a3dig10
B,finalbot,0,2000,MORE_FLAG_CAPTURES,0,-1,525,6,0,3,39,56,63,0,2094,122,11,0,674,689,1,4,37,217,308,409,ATK@600+HEAL@1200+CAP@1800,gauntlet/20260930-201142-scrim-a3dig10/replays/hsmalladi.finalbot__EndAround__botA.bc24,hsmalladi.finalbot,0,a3dig10
A,alexander,0,901,CAPTURE,0,-1,320,4,0,3,15,0,0,0,4200,4900,0,8,674,254,0,0,0,0,34,779,ATK@751,gauntlet/20260930-201142-scrim-a3dig10/replays/VarunVejalla.alexander__BreadPudding__botB.bc24,VarunVejalla.alexander,0,a3dig10
B,a3dig10,1,901,CAPTURE,3,335,288,6,0,0,0,0,43,27,130,270,4,15,1214,1176,10,0,46,188,779,34,ATK@600,gauntlet/20260930-201142-scrim-a3dig10/replays/VarunVejalla.alexander__BreadPudding__botB.bc24,VarunVejalla.alexander,1,a3dig10
A,a3dig10,1,1818,CAPTURE,3,541,399,15,0,0,0,0,69,35,140,220,6,8,1169,1102,7,0,54,338,1414,109,ATK@600+HEAL@1200+CAP@1800,gauntlet/20260930-201142-scrim-a3dig10/replays/MiloAkerman.v1__GravitationalWaves__botA.bc24,MiloAkerman.v1,1,a3dig10
B,v1,0,1818,CAPTURE,0,-1,0,0,0,0,0,0,118,3,1460,1190,0,18,640,1091,12,0,0,46,109,1414,,gauntlet/20260930-201142-scrim-a3dig10/replays/MiloAkerman.v1__GravitationalWaves__botA.bc24,MiloAkerman.v1,0,a3dig10
A,honeyducklings,0,884,CAPTURE,0,-1,543,1,0,0,0,0,154,13,1280,2570,0,9,779,1215,13,20,0,40,76,516,ATK@612,gauntlet/20260930-201142-scrim-a3dig10/replays/noahzemlin.honeyducklings__BigDucksBigPond__botB.bc24,noahzemlin.honeyducklings,0,a3dig10
B,a3dig10,1,884,CAPTURE,3,823,249,16,0,0,0,0,89,38,130,165,7,6,1441,1342,21,0,79,186,516,76,ATK@600,gauntlet/20260930-201142-scrim-a3dig10/replays/noahzemlin.honeyducklings__BigDucksBigPond__botB.bc24,noahzemlin.honeyducklings,1,a3dig10
A,dangerduck2,0,899,CAPTURE,0,-1,301,59,4,0,0,0,48,24,1650,1963,3,1,403,376,0,24,0,43,24,637,ATK@632,gauntlet/20260930-201142-scrim-a3dig10/replays/dylanzemlin.dangerduck2__Soccer__botB.bc24,dylanzemlin.dangerduck2,0,a3dig10
B,a3dig10,1,899,CAPTURE,3,372,249,19,0,0,0,22,25,34,205,215,6,6,1489,725,10,0,67,188,637,24,ATK@600,gauntlet/20260930-201142-scrim-a3dig10/replays/dylanzemlin.dangerduck2__Soccer__botB.bc24,dylanzemlin.dangerduck2,1,a3dig10
A,version_3,0,461,CAPTURE,0,-1,427,5,0,3,19,0,0,22,100,70,0,0,353,0,35,0,0,19,21,228,,gauntlet/20260930-201142-scrim-a3dig10/replays/Rubrasum.version_3__Ambush__botB.bc24,Rubrasum.version_3,0,a3dig10
B,a3dig10,1,461,CAPTURE,3,226,208,3,0,0,0,0,35,29,185,305,4,16,1313,823,5,0,73,83,228,21,,gauntlet/20260930-201142-scrim-a3dig10/replays/Rubrasum.version_3__Ambush__botB.bc24,Rubrasum.version_3,1,a3dig10
A,dangerduck2,0,630,CAPTURE,0,-1,222,14,0,0,0,0,140,24,1690,1473,3,13,421,497,0,24,0,24,19,415,ATK@600,gauntlet/20260930-201142-scrim-a3dig10/replays/dylanzemlin.dangerduck2__Islands__botB.bc24,dylanzemlin.dangerduck2,0,a3dig10
B,a3dig10,1,630,CAPTURE,3,281,233,17,0,0,0,10,82,46,130,225,8,14,1607,764,13,0,76,130,415,19,ATK@600,gauntlet/20260930-201142-scrim-a3dig10/replays/dylanzemlin.dangerduck2__Islands__botB.bc24,dylanzemlin.dangerduck2,1,a3dig10
A,a3dig10,1,501,RESIGNATION,2,370,295,6,0,0,0,4,65,49,210,225,9,6,931,1005,17,0,70,89,212,78,,gauntlet/20260930-201142-scrim-a3dig10/replays/itswin.MPAttack__Islands__botA.bc24,itswin.MPAttack,1,a3dig10
B,MPAttack,0,501,RESIGNATION,0,-1,338,3,0,0,0,0,7,10,790,740,0,8,747,645,28,0,0,18,78,212,,gauntlet/20260930-201142-scrim-a3dig10/replays/itswin.MPAttack__Islands__botA.bc24,itswin.MPAttack,0,a3dig10
A,crayBasic,0,2000,MORE_FLAG_CAPTURES,0,-1,0,0,0,0,0,0,0,0,2700,4500,0,20,253,17,0,0,0,0,21,2187,,gauntlet/20260930-201142-scrim-a3dig10/replays/abdullah8a0.crayBasic__FloodGates__botB.bc24,abdullah8a0.crayBasic,0,a3dig10
B,a3dig10,1,2000,MORE_FLAG_CAPTURES,2,472,317,5,0,0,0,0,5,26,155,155,4,5,510,372,15,0,37,635,2187,21,ATK@600+HEAL@1200+CAP@1800,gauntlet/20260930-201142-scrim-a3dig10/replays/abdullah8a0.crayBasic__FloodGates__botB.bc24,abdullah8a0.crayBasic,1,a3dig10
A,Team3,0,2000,MORE_FLAG_CAPTURES,0,-1,0,3,0,3,0,0,6,14,83,113,2,21,310,131,33,0,0,111,81,2296,,gauntlet/20260930-201142-scrim-a3dig10/replays/dylanconklin.Team3__FloodGates__botB.bc24,dylanconklin.Team3,0,a3dig10
B,a3dig10,1,2000,MORE_FLAG_CAPTURES,2,303,259,4,0,0,0,0,4,27,165,50,4,13,773,855,7,0,56,812,2296,81,ATK@600+HEAL@1200+CAP@1800,gauntlet/20260930-201142-scrim-a3dig10/replays/dylanconklin.Team3__FloodGates__botB.bc24,dylanconklin.Team3,1,a3dig10
A,a3dig10,1,519,CAPTURE,3,412,227,3,0,0,0,0,52,29,160,235,5,3,1199,0,24,0,77,31,233,0,,gauntlet/20260930-201142-scrim-a3dig10/replays/PerishoJ.tx__Duck__botA.bc24,PerishoJ.tx,1,a3dig10
B,tx,0,519,CAPTURE,0,-1,0,0,0,0,0,0,0,0,2600,3100,0,4,0,0,0,0,0,0,0,233,,gauntlet/20260930-201142-scrim-a3dig10/replays/PerishoJ.tx__Duck__botA.bc24,PerishoJ.tx,0,a3dig10
A,a3dig10,1,337,CAPTURE,3,277,229,3,0,0,0,0,15,18,175,175,3,6,799,303,21,0,65,14,109,5,,gauntlet/20260930-201142-scrim-a3dig10/replays/joelcrouch.ducks__Pancakes__botA.bc24,joelcrouch.ducks,1,a3dig10
B,ducks,0,337,CAPTURE,0,-1,0,3,0,3,6,0,0,11,200,100,0,0,43,0,20,0,0,10,5,109,,gauntlet/20260930-201142-scrim-a3dig10/replays/joelcrouch.ducks__Pancakes__botA.bc24,joelcrouch.ducks,0,a3dig10
A,funkyguy3,0,545,CAPTURE,0,-1,310,5,0,0,0,0,10,31,40,73,4,2,78,556,18,0,46,65,10,371,,gauntlet/20260930-201142-scrim-a3dig10/replays/lcforges.funkyguy3__Funnel__botB.bc24,lcforges.funkyguy3,0,a3dig10
B,a3dig10,1,545,CAPTURE,3,380,270,3,0,0,0,22,24,31,145,100,5,3,1480,510,9,0,86,72,371,10,,gauntlet/20260930-201142-scrim-a3dig10/replays/lcforges.funkyguy3__Funnel__botB.bc24,lcforges.funkyguy3,1,a3dig10
A,a3dig10,1,1151,CAPTURE,3,821,758,5,0,0,0,55,37,24,203,188,4,5,796,1356,7,0,40,148,389,21,ATK@600,gauntlet/20260930-201142-scrim-a3dig10/replays/H4ffliger.keyboardcrusader_v1__Soccer__botA.bc24,H4ffliger.keyboardcrusader_v1,1,a3dig10
B,keyboardcrusader_v1,0,1151,CAPTURE,0,-1,1125,4,0,3,0,0,48,0,3960,4460,0,1,683,996,0,0,0,34,21,389,,gauntlet/20260930-201142-scrim-a3dig10/replays/H4ffliger.keyboardcrusader_v1__Soccer__botA.bc24,H4ffliger.keyboardcrusader_v1,0,a3dig10
A,a3dig10,1,909,CAPTURE,3,896,833,4,0,0,0,46,32,27,205,155,5,7,1543,581,8,0,40,41,329,91,ATK@600,gauntlet/20260930-201142-scrim-a3dig10/replays/qpwoeirut.tournament_sprint1__Soccer__botA.bc24,qpwoeirut.tournament_sprint1,1,a3dig10
B,tournament_sprint1,0,909,CAPTURE,0,-1,0,0,0,0,0,0,48,0,3960,60,0,6,344,2347,29,0,0,52,91,329,ATK@600,gauntlet/20260930-201142-scrim-a3dig10/replays/qpwoeirut.tournament_sprint1__Soccer__botA.bc24,qpwoeirut.tournament_sprint1,0,a3dig10
A,warrior_2nd_comp,0,481,CAPTURE,0,-1,0,3,0,3,34,0,0,18,1700,2200,0,10,0,0,13,2,3,18,11,272,,gauntlet/20260930-201142-scrim-a3dig10/replays/lukerhoads.warrior_2nd_comp__Tunnels__botB.bc24,lukerhoads.warrior_2nd_comp,0,a3dig10
B,a3dig10,1,481,CAPTURE,3,369,269,4,0,0,0,5,66,20,205,170,3,3,1040,239,21,0,64,0,272,11,,gauntlet/20260930-201142-scrim-a3dig10/replays/lukerhoads.warrior_2nd_comp__Tunnels__botB.bc24,lukerhoads.warrior_2nd_comp,1,a3dig10
A,v11,0,2000,MORE_FLAG_CAPTURES,1,1932,1371,21,5,0,0,0,27,72,7990,790,5,18,786,1064,0,3,152,325,150,1078,ATK@600+HEAL@1200+CAP@1800,gauntlet/20260930-201142-scrim-a3dig10/replays/JeffLegendPower.v11__StarryNight__botB.bc24,JeffLegendPower.v11,0,a3dig10
B,a3dig10,1,2000,MORE_FLAG_CAPTURES,2,751,686,10,0,0,0,196,168,56,175,308,33,12,1117,1312,25,0,57,425,1078,150,ATK@600+HEAL@1200+CAP@1800,gauntlet/20260930-201142-scrim-a3dig10/replays/JeffLegendPower.v11__StarryNight__botB.bc24,JeffLegendPower.v11,1,a3dig10
A,player22,1,2000,MORE_FLAG_CAPTURES,2,326,280,8,0,3,0,0,67,0,3690,4200,0,2,1118,559,16,0,79,460,912,895,ATK@600+HEAL@1200+CAP@1800,gauntlet/20260930-211040-scrim-c4bank/losses/andrewgopher.player22__Alligator__botB.bc24,andrewgopher.player22,0,c4bank
B,c4bank,0,2000,MORE_FLAG_CAPTURES,0,-1,259,5,0,0,0,0,53,23,1045,275,3,2,983,1379,9,0,61,243,895,912,ATK@600+HEAL@1200+CAP@1800,gauntlet/20260930-211040-scrim-c4bank/losses/andrewgopher.player22__Alligator__botB.bc24,andrewgopher.player22,1,c4bank
A,duck8,1,567,CAPTURE,3,235,208,13,0,0,0,0,19,38,20,110,3,24,966,1339,11,0,78,81,87,135,,gauntlet/20260930-211040-scrim-c4bank/losses/clbarrell.duck8__WheresMyWater__botB.bc24,clbarrell.duck8,0,c4bank
B,c4bank,0,567,CAPTURE,1,558,506,1,0,0,0,0,51,26,1085,240,4,0,1272,1325,3,0,58,66,135,87,,gauntlet/20260930-211040-scrim-c4bank/losses/clbarrell.duck8__WheresMyWater__botB.bc24,clbarrell.duck8,1,c4bank
A,v10official,1,2000,MORE_FLAG_CAPTURES,2,277,249,20,11,3,15,76,23,2,4841,61,14,0,941,1669,13,2,68,293,491,648,ATK@600+HEAL@1200+CAP@1800,gauntlet/20260930-211040-scrim-c4bank/losses/Gymhgy.v10official__StackGame__botB.bc24,Gymhgy.v10official,0,c4bank
B,c4bank,0,2000,MORE_FLAG_CAPTURES,0,-1,339,2,0,0,0,0,32,44,1090,210,7,34,1152,1496,10,0,64,236,648,491,ATK@600+HEAL@1200+CAP@1800,gauntlet/20260930-211040-scrim-c4bank/losses/Gymhgy.v10official__StackGame__botB.bc24,Gymhgy.v10official,1,c4bank
A,waffle,1,431,CAPTURE,3,267,228,23,0,0,0,0,21,41,470,210,1,11,1100,995,0,0,70,69,46,127,,gauntlet/20260930-211040-scrim-c4bank/losses/winkelmantanner.waffle__Bunkers__botB.bc24,winkelmantanner.waffle,0,c4bank
B,c4bank,0,431,CAPTURE,0,-1,415,3,0,0,0,0,30,28,1065,235,4,1,1322,1544,7,0,58,59,127,46,,gauntlet/20260930-211040-scrim-c4bank/losses/winkelmantanner.waffle__Bunkers__botB.bc24,winkelmantanner.waffle,1,c4bank
A,c4bank,0,793,CAPTURE,1,270,228,4,0,0,0,0,75,42,1060,300,7,13,758,1013,12,0,65,113,133,159,ATK@600,gauntlet/20260930-211040-scrim-c4bank/losses/CyrilSharma.finalBot__Islands__botA.bc24,CyrilSharma.finalBot,1,c4bank
B,finalBot,1,793,CAPTURE,3,454,236,23,0,0,0,57,41,1,5916,4398,11,7,800,988,0,0,112,226,159,133,ATK@600,gauntlet/20260930-211040-scrim-c4bank/losses/CyrilSharma.finalBot__Islands__botA.bc24,CyrilSharma.finalBot,0,c4bank
A,Version18Final,1,822,CAPTURE,3,309,241,14,0,3,29,26,12,6,1358,15714,4,3,600,730,24,3,64,212,200,123,ATK@600,gauntlet/20260930-211040-scrim-c4bank/losses/uravt.Version18Final__HungerGames__botB.bc24,uravt.Version18Final,0,c4bank
B,c4bank,0,822,CAPTURE,0,-1,0,0,0,0,0,0,19,16,1040,210,2,0,563,854,3,0,69,120,123,200,ATK@600,gauntlet/20260930-211040-scrim-c4bank/losses/uravt.Version18Final__HungerGames__botB.bc24,uravt.Version18Final,1,c4bank
A,c4bank,0,839,CAPTURE,0,-1,305,1,0,0,0,0,42,16,1035,235,2,15,825,1177,0,0,46,86,98,240,ATK@600,gauntlet/20260930-211040-scrim-c4bank/losses/IvanGeffner.kuma__OceanFloor__botA.bc24,IvanGeffner.kuma,1,c4bank
B,kuma,1,839,CAPTURE,3,364,232,22,11,0,0,90,46,2,895,645,18,5,1139,1193,0,0,68,156,240,98,ATK@600,gauntlet/20260930-211040-scrim-c4bank/losses/IvanGeffner.kuma__OceanFloor__botA.bc24,IvanGeffner.kuma,0,c4bank
A,flagbot_final,1,1442,CAPTURE,3,951,837,8,0,3,11,90,112,1,81,1001,18,3,1033,1628,0,0,72,443,574,90,ATK@600+HEAL@1200,gauntlet/20260930-211040-scrim-c4bank/losses/chenyx512.flagbot_final__Funnel__botB.bc24,chenyx512.flagbot_final,0,c4bank
B,c4bank,0,1442,CAPTURE,0,-1,389,1,0,0,0,0,43,22,1050,280,3,11,933,1641,2,0,62,169,90,574,ATK@600+HEAL@1200,gauntlet/20260930-211040-scrim-c4bank/losses/chenyx512.flagbot_final__Funnel__botB.bc24,chenyx512.flagbot_final,1,c4bank
A,c4bank,0,1946,CAPTURE,1,1547,251,17,0,0,0,0,180,72,1715,215,12,10,722,981,79,0,161,452,693,599,ATK@600+HEAL@1200+CAP@1800,gauntlet/20260930-211040-scrim-c4bank/losses/hsmalladi.finalbot__Snake__botA.bc24,hsmalladi.finalbot,1,c4bank
B,finalbot,1,1946,CAPTURE,3,532,387,84,14,3,49,60,140,0,10175,13235,12,0,802,961,18,9,235,523,599,693,ATK@600+HEAL@1200+CAP@1800,gauntlet/20260930-211040-scrim-c4bank/losses/hsmalladi.finalbot__Snake__botA.bc24,hsmalladi.finalbot,0,c4bank
A,c4bank,0,617,CAPTURE,2,301,224,14,0,0,0,0,88,10,680,250,1,9,876,1156,5,0,39,65,93,52,ATK@600,gauntlet/20260930-211040-scrim-c4bank/losses/Gymhgy.v10official__Intercontinental__botA.bc24,Gymhgy.v10official,1,c4bank
B,v10official,1,617,CAPTURE,3,557,324,47,36,3,6,35,123,3,223,22,7,0,758,1175,5,3,12,26,52,93,ATK@600,gauntlet/20260930-211040-scrim-c4bank/losses/Gymhgy.v10official__Intercontinental__botA.bc24,Gymhgy.v10official,0,c4bank
A,defaultplayer_intlqualifier,1,2000,MORE_FLAG_CAPTURES,1,264,232,17,6,3,10,0,33,9,110,520,0,3,294,683,4,23,15,49,77,195,ATK@600+HEAL@1200+CAP@1800,gauntlet/20260930-211040-scrim-c4bank/losses/dmtrung14.defaultplayer_intlqualifier__Pancakes__botB.bc24,dmtrung14.defaultplayer_intlqualifier,0,c4bank
B,c4bank,0,2000,MORE_FLAG_CAPTURES,0,-1,1222,3,0,0,0,0,15,9,1090,285,1,1,768,455,0,0,73,161,195,77,ATK@600+HEAL@1200+CAP@1800,gauntlet/20260930-211040-scrim-c4bank/losses/dmtrung14.defaultplayer_intlqualifier__Pancakes__botB.bc24,dmtrung14.defaultplayer_intlqualifier,1,c4bank
A,Bot21,1,521,CAPTURE,3,368,233,36,21,3,3,54,81,33,71,71,10,9,696,567,0,0,42,46,30,228,,gauntlet/20260930-211040-scrim-c4bank/losses/HugoIngelsson.Bot21__Swoop__botB.bc24,HugoIngelsson.Bot21,0,c4bank
B,c4bank,0,521,CAPTURE,2,405,252,6,0,0,0,0,62,33,1055,255,6,5,1349,1028,8,0,87,114,228,30,,gauntlet/20260930-211040-scrim-c4bank/losses/HugoIngelsson.Bot21__Swoop__botB.bc24,HugoIngelsson.Bot21,1,c4bank
A,waffle,1,679,CAPTURE,3,516,281,19,0,0,0,0,0,3,2100,4850,0,2,791,1033,0,0,122,150,85,136,ATK@600,gauntlet/20260930-211040-scrim-c4bank/losses/winkelmantanner.waffle__Puzzle__botB.bc24,winkelmantanner.waffle,0,c4bank
B,c4bank,0,679,CAPTURE,1,365,294,7,0,0,0,0,3,13,1075,285,2,0,811,1143,15,0,140,178,136,85,ATK@600,gauntlet/20260930-211040-scrim-c4bank/losses/winkelmantanner.waffle__Puzzle__botB.bc24,winkelmantanner.waffle,1,c4bank
A,c4bank,0,521,CAPTURE,0,-1,244,2,0,0,0,0,11,11,1020,260,2,26,816,1139,8,0,120,131,63,83,,gauntlet/20260930-211040-scrim-c4bank/losses/IvanGeffner.kuma__Puzzle__botA.bc24,IvanGeffner.kuma,1,c4bank
B,kuma,1,521,CAPTURE,3,381,312,16,9,0,0,90,4,0,825,4405,18,4,963,979,6,0,162,148,83,63,,gauntlet/20260930-211040-scrim-c4bank/losses/IvanGeffner.kuma__Puzzle__botA.bc24,IvanGeffner.kuma,0,c4bank
A,c4bank,0,704,CAPTURE,0,-1,270,18,0,0,0,0,104,23,910,300,4,0,962,1047,13,0,88,118,117,105,ATK@600,gauntlet/20260930-211040-scrim-c4bank/losses/Strequals.duck0127v5__BigDucksBigPond__botA.bc24,Strequals.duck0127v5,1,c4bank
B,duck0127v5,1,704,CAPTURE,3,395,247,14,0,0,0,90,26,15,3845,4140,18,2,880,978,0,1,62,129,105,117,ATK@600,gauntlet/20260930-211040-scrim-c4bank/losses/Strequals.duck0127v5__BigDucksBigPond__botA.bc24,Strequals.duck0127v5,0,c4bank
A,c4bank,0,475,CAPTURE,2,384,328,3,0,0,0,0,0,35,1075,275,7,10,865,1196,5,0,53,59,128,72,,gauntlet/20260930-211040-scrim-c4bank/losses/jmerle.camel_case_v21_final__BedWars__botA.bc24,jmerle.camel_case_v21_final,1,c4bank
B,camel_case_v21_final,1,475,CAPTURE,3,333,268,13,0,0,0,0,0,0,4800,1340,0,6,1013,360,0,0,31,31,72,128,,gauntlet/20260930-211040-scrim-c4bank/losses/jmerle.camel_case_v21_final__BedWars__botA.bc24,jmerle.camel_case_v21_final,0,c4bank
A,jeeryfix3,1,594,CAPTURE,3,456,316,13,0,0,0,0,36,4,15420,16220,0,4,837,669,0,0,164,187,86,234,,gauntlet/20260930-211040-scrim-c4bank/losses/kyleezz.jeeryfix3__Joker__botB.bc24,kyleezz.jeeryfix3,0,c4bank
B,c4bank,0,594,CAPTURE,0,-1,285,3,0,0,0,0,3,68,8720,290,12,18,1060,1174,31,0,211,242,234,86,,gauntlet/20260930-211040-scrim-c4bank/losses/kyleezz.jeeryfix3__Joker__botB.bc24,kyleezz.jeeryfix3,1,c4bank
A,c4bank,0,2000,MORE_FLAG_CAPTURES,0,-1,1164,1,0,0,0,0,4,18,1055,295,3,16,1158,1301,2,0,54,218,1111,338,ATK@600+HEAL@1200+CAP@1800,gauntlet/20260930-211040-scrim-c4bank/losses/ColtG5.Goob_final__FloodGates__botA.bc24,ColtG5.Goob_final,1,c4bank
B,Goob_final,1,2000,MORE_FLAG_CAPTURES,1,336,291,2,0,0,0,0,6,0,2720,30,0,10,855,902,2,0,42,192,338,1111,ATK@600+HEAL@1200+CAP@1800,gauntlet/20260930-211040-scrim-c4bank/losses/ColtG5.Goob_final__FloodGates__botA.bc24,ColtG5.Goob_final,0,c4bank
A,c4bank,0,641,CAPTURE,0,-1,464,4,0,0,0,0,42,56,1175,275,10,0,593,697,25,0,183,194,90,76,ATK@600,gauntlet/20260930-211040-scrim-c4bank/losses/CyrilSharma.finalBot__MIT__botA.bc24,CyrilSharma.finalBot,1,c4bank
B,finalBot,1,641,CAPTURE,3,324,296,11,0,0,0,41,5,0,8693,30328,8,6,538,552,0,0,129,243,76,90,ATK@600,gauntlet/20260930-211040-scrim-c4bank/losses/CyrilSharma.finalBot__MIT__botA.bc24,CyrilSharma.finalBot,0,c4bank
A,c4bank,0,2000,MORE_FLAG_CAPTURES,0,-1,1924,2,0,0,0,0,0,32,1025,305,5,4,794,1289,3,0,64,211,369,449,ATK@600+HEAL@1200+CAP@1800,gauntlet/20260930-211040-scrim-c4bank/losses/andli28.v9_USQuals_angle__Valentine__botA.bc24,andli28.v9_USQuals_angle,1,c4bank
B,v9_USQuals_angle,1,2000,MORE_FLAG_CAPTURES,2,901,675,16,0,0,0,90,0,6,2445,4585,18,4,880,1175,6,3,60,453,449,369,ATK@600+HEAL@1200+CAP@1800,gauntlet/20260930-211040-scrim-c4bank/losses/andli28.v9_USQuals_angle__Valentine__botA.bc24,andli28.v9_USQuals_angle,0,c4bank
A,v5,1,599,CAPTURE,3,321,239,12,0,0,0,0,71,28,30,120,4,1,397,737,46,0,0,39,53,324,,gauntlet/20260930-211040-scrim-c4bank/losses/reeceyang.v5__BigDucksBigPond__botB.bc24,reeceyang.v5,0,c4bank
B,c4bank,0,599,CAPTURE,1,441,266,8,0,0,0,0,116,20,910,245,3,2,1284,820,12,0,76,149,324,53,,gauntlet/20260930-211040-scrim-c4bank/losses/reeceyang.v5__BigDucksBigPond__botB.bc24,reeceyang.v5,1,c4bank
A,c4bank,0,1101,CAPTURE,0,-1,0,0,0,0,0,0,266,62,791,271,11,3,865,1917,24,0,81,151,123,211,ATK@600,gauntlet/20260930-211040-scrim-c4bank/losses/andli28.v9_USQuals_angle__Waterworld__botA.bc24,andli28.v9_USQuals_angle,1,c4bank
B,v9_USQuals_angle,1,1101,CAPTURE,3,1057,914,11,0,0,0,41,191,6,449,1913,8,3,1072,1556,0,3,23,157,211,123,ATK@600,gauntlet/20260930-211040-scrim-c4bank/losses/andli28.v9_USQuals_angle__Waterworld__botA.bc24,andli28.v9_USQuals_angle,0,c4bank
A,TSPAARKSPRINT1,1,1059,CAPTURE,3,652,272,27,0,3,59,0,30,2,8800,3310,0,4,555,1353,44,25,1,58,94,164,ATK@600,gauntlet/20260930-211040-scrim-c4bank/losses/SampleProvider.TSPAARKSPRINT1__Foxes__botB.bc24,SampleProvider.TSPAARKSPRINT1,0,c4bank
B,c4bank,0,1059,CAPTURE,1,342,252,4,0,0,0,0,15,72,1160,290,12,2,815,1024,24,0,84,198,164,94,ATK@600,gauntlet/20260930-211040-scrim-c4bank/losses/SampleProvider.TSPAARKSPRINT1__Foxes__botB.bc24,SampleProvider.TSPAARKSPRINT1,1,c4bank
A,v3,1,378,CAPTURE,3,312,262,12,5,0,0,0,17,0,2590,14050,0,5,849,869,0,0,159,134,47,39,,gauntlet/20260930-211040-scrim-c4bank/losses/NotLLeon.v3__HungerGames__botB.bc24,NotLLeon.v3,0,c4bank
B,c4bank,0,378,CAPTURE,0,-1,214,9,0,0,0,0,18,15,1040,210,2,0,754,923,0,0,87,71,39,47,,gauntlet/20260930-211040-scrim-c4bank/losses/NotLLeon.v3__HungerGames__botB.bc24,NotLLeon.v3,1,c4bank
A,v3,1,1206,CAPTURE,3,268,250,72,17,0,0,0,18,0,5960,4240,0,12,903,799,0,0,86,176,310,347,ATK@600+HEAL@1200,gauntlet/20260930-211040-scrim-c4bank/losses/NotLLeon.v3__Mountain__botB.bc24,NotLLeon.v3,0,c4bank
B,c4bank,0,1206,CAPTURE,0,-1,0,0,0,0,0,0,37,37,1100,265,6,2,839,1146,9,0,68,152,347,310,ATK@600+HEAL@1200,gauntlet/20260930-211040-scrim-c4bank/losses/NotLLeon.v3__Mountain__botB.bc24,NotLLeon.v3,1,c4bank
A,Version18Final,1,2000,MORE_FLAG_CAPTURES,2,424,294,20,0,3,21,16,44,17,276,26,2,3,872,1048,3,3,27,80,88,1068,ATK@600+HEAL@1200+CAP@1800,gauntlet/20260930-211040-scrim-c4bank/losses/uravt.Version18Final__Decision__botB.bc24,uravt.Version18Final,0,c4bank
B,c4bank,0,2000,MORE_FLAG_CAPTURES,0,-1,694,3,0,0,0,0,89,6,1030,320,1,3,838,1402,0,0,39,388,1068,88,ATK@600+HEAL@1200+CAP@1800,gauntlet/20260930-211040-scrim-c4bank/losses/uravt.Version18Final__Decision__botB.bc24,uravt.Version18Final,1,c4bank
A,flagbot_final,1,754,CAPTURE,3,619,566,11,0,3,27,36,61,0,29,27,6,3,1018,1718,0,0,0,21,150,68,ATK@600,gauntlet/20260930-211040-scrim-c4bank/losses/chenyx512.flagbot_final__Racetrack__botB.bc24,chenyx512.flagbot_final,0,c4bank
B,c4bank,0,754,CAPTURE,0,-1,0,0,0,0,0,0,60,0,600,230,0,3,1091,1677,0,0,25,58,68,150,ATK@600,gauntlet/20260930-211040-scrim-c4bank/losses/chenyx512.flagbot_final__Racetrack__botB.bc24,chenyx512.flagbot_final,1,c4bank
A,player22,1,1483,CAPTURE,3,317,291,10,0,3,0,0,26,0,2320,90,0,5,1186,656,0,0,68,310,818,735,ATK@600+HEAL@1200,gauntlet/20260930-211040-scrim-c4bank/losses/andrewgopher.player22__Digging__botB.bc24,andrewgopher.player22,0,c4bank
B,c4bank,0,1483,CAPTURE,0,-1,1248,1,0,0,0,0,15,17,1025,280,3,1,1072,1541,0,0,57,171,735,818,ATK@600+HEAL@1200,gauntlet/20260930-211040-scrim-c4bank/losses/andrewgopher.player22__Digging__botB.bc24,andrewgopher.player22,1,c4bank
A,camel_case_v21_final,1,764,CAPTURE,3,342,250,15,0,0,0,0,42,10,3440,3320,0,5,1369,435,0,0,122,188,304,311,ATK@600,gauntlet/20260930-211040-scrim-c4bank/losses/jmerle.camel_case_v21_final__Alligator__botB.bc24,jmerle.camel_case_v21_final,0,c4bank
B,c4bank,0,764,CAPTURE,0,-1,0,0,0,0,0,0,50,26,1040,250,4,0,890,1145,7,0,71,120,311,304,ATK@600,gauntlet/20260930-211040-scrim-c4bank/losses/jmerle.camel_case_v21_final__Alligator__botB.bc24,jmerle.camel_case_v21_final,1,c4bank
A,c4bank,0,865,CAPTURE,0,-1,415,8,0,0,0,0,84,6,1080,280,0,2,689,1264,1,0,33,86,115,129,ATK@600,gauntlet/20260930-211040-scrim-c4bank/losses/Strequals.duck0127v5__Decision__botA.bc24,Strequals.duck0127v5,1,c4bank
B,duck0127v5,1,865,CAPTURE,3,502,248,22,0,0,0,90,16,5,1553,1063,18,3,850,1034,0,1,59,143,129,115,ATK@600,gauntlet/20260930-211040-scrim-c4bank/losses/Strequals.duck0127v5__Decision__botA.bc24,Strequals.duck0127v5,0,c4bank
A,c4bank,1,2000,MORE_FLAG_CAPTURES,1,493,444,9,0,0,0,0,32,39,1095,290,6,24,933,954,9,0,69,517,1520,277,ATK@600+HEAL@1200+CAP@1800,gauntlet/20260930-211040-scrim-c4bank/replays/RyanAspen.v22__Mountain__botA.bc24,RyanAspen.v22,1,c4bank
B,v22,0,2000,MORE_FLAG_CAPTURES,0,-1,235,9,0,0,0,0,45,10,4150,90,0,22,631,122,0,0,83,248,277,1520,ATK@600+CAP@1200+HEAL@1800,gauntlet/20260930-211040-scrim-c4bank/replays/RyanAspen.v22__Mountain__botA.bc24,RyanAspen.v22,0,c4bank
A,c4bank,1,1804,CAPTURE,3,1747,257,26,0,0,0,0,8,38,1041,231,7,23,1327,1581,9,0,62,283,951,291,ATK@600+HEAL@1200+CAP@1800,gauntlet/20260930-211040-scrim-c4bank/replays/jonters.bling3__Alien__botA.bc24,jonters.bling3,1,c4bank
B,bling3,0,1804,CAPTURE,1,566,232,12,0,0,0,0,10,15,2400,1130,0,11,824,1558,31,0,0,124,291,951,ATK@600+HEAL@1200+CAP@1800,gauntlet/20260930-211040-scrim-c4bank/replays/jonters.bling3__Alien__botA.bc24,jonters.bling3,0,c4bank
A,cowards,0,853,CAPTURE,1,539,359,13,0,0,0,0,19,13,1030,150,0,1,354,1368,58,0,0,69,64,603,ATK@750,gauntlet/20260930-211040-scrim-c4bank/replays/aj-chau.cowards__Occulus__botB.bc24,aj-chau.cowards,0,c4bank
B,c4bank,1,853,CAPTURE,3,243,209,5,0,0,0,0,15,27,1035,255,4,24,1359,842,2,0,54,187,603,64,ATK@600,gauntlet/20260930-211040-scrim-c4bank/replays/aj-chau.cowards__Occulus__botB.bc24,aj-chau.cowards,1,c4bank
A,sprint1,0,445,CAPTURE,1,359,232,13,0,0,0,0,62,12,460,60,1,2,227,1116,28,0,0,19,13,198,,gauntlet/20260930-211040-scrim-c4bank/replays/justinottesen.sprint1__Ambush__botB.bc24,justinottesen.sprint1,0,c4bank
B,c4bank,1,445,CAPTURE,3,226,212,4,0,0,0,0,39,24,1075,265,4,16,1760,824,2,0,68,71,198,13,,gauntlet/20260930-211040-scrim-c4bank/replays/justinottesen.sprint1__Ambush__botB.bc24,justinottesen.sprint1,1,c4bank
A,keyboardcrusader_v1,0,434,CAPTURE,0,-1,0,3,0,3,0,0,98,0,1660,3160,0,25,443,460,17,0,0,14,5,103,,gauntlet/20260930-211040-scrim-c4bank/replays/H4ffliger.keyboardcrusader_v1__Funnel__botB.bc24,H4ffliger.keyboardcrusader_v1,0,c4bank
B,c4bank,1,434,CAPTURE,3,375,228,3,0,0,0,0,37,23,1095,235,3,3,923,1019,2,0,97,43,103,5,,gauntlet/20260930-211040-scrim-c4bank/replays/H4ffliger.keyboardcrusader_v1__Funnel__botB.bc24,H4ffliger.keyboardcrusader_v1,1,c4bank
A,bc24scenario,0,2000,MORE_FLAG_CAPTURES,0,-1,0,1,0,1,2,58,57,3,1115,1115,6,32,0,0,1,1,1,3,4,1364,ATK@600+HEAL@1200+CAP@1800,gauntlet/20260930-211040-scrim-c4bank/replays/Metta-AI.bc24scenario__Tunnels__botB.bc24,Metta-AI.bc24scenario,0,c4bank
B,c4bank,1,2000,MORE_FLAG_CAPTURES,2,1443,997,6,0,0,0,0,61,19,1050,1440,3,27,0,0,10,0,33,364,1364,4,ATK@600+HEAL@1200+CAP@1800,gauntlet/20260930-211040-scrim-c4bank/replays/Metta-AI.bc24scenario__Tunnels__botB.bc24,Metta-AI.bc24scenario,1,c4bank
A,c4bank,1,2000,LEVEL_SUM,0,-1,0,0,0,0,0,0,4,18,1065,270,3,17,1076,1040,2,0,52,193,1261,240,ATK@600+HEAL@1200+CAP@1800,gauntlet/20260930-211040-scrim-c4bank/replays/quesswho.cretplayer2_3__FloodGates__botA.bc24,quesswho.cretplayer2_3,1,c4bank
B,cretplayer2_3,0,2000,LEVEL_SUM,0,-1,0,3,0,3,17,0,1,0,2870,890,0,4,573,1045,0,3,33,175,240,1261,ATK@600+HEAL@1200+CAP@1800,gauntlet/20260930-211040-scrim-c4bank/replays/quesswho.cretplayer2_3__FloodGates__botA.bc24,quesswho.cretplayer2_3,0,c4bank
A,v9,0,714,CAPTURE,0,-1,268,1,0,0,0,0,31,22,995,965,4,1,487,935,0,0,46,64,21,495,ATK@600,gauntlet/20260930-211040-scrim-c4bank/replays/TylerJulian.v9__Rivers__botB.bc24,TylerJulian.v9,0,c4bank
B,c4bank,1,714,CAPTURE,3,363,287,4,0,0,0,0,33,19,1055,255,3,16,1501,734,1,0,61,94,495,21,ATK@600,gauntlet/20260930-211040-scrim-c4bank/replays/TylerJulian.v9__Rivers__botB.bc24,TylerJulian.v9,1,c4bank
A,SimpleBot,0,426,CAPTURE,0,-1,0,0,0,0,0,0,0,0,2400,2900,0,20,0,0,0,0,0,0,0,281,,gauntlet/20260930-211040-scrim-c4bank/replays/sayam-goyal.SimpleBot__StackGame__botB.bc24,sayam-goyal.SimpleBot,0,c4bank
B,c4bank,1,426,CAPTURE,3,265,225,3,0,0,0,0,32,46,1080,225,8,3,1677,0,12,0,168,84,281,0,,gauntlet/20260930-211040-scrim-c4bank/replays/sayam-goyal.SimpleBot__StackGame__botB.bc24,sayam-goyal.SimpleBot,1,c4bank
A,funkyguy3,0,732,CAPTURE,0,-1,286,18,0,0,0,0,38,92,10,80,3,7,69,521,63,0,47,126,50,620,ATK@600,gauntlet/20260930-211040-scrim-c4bank/replays/lcforges.funkyguy3__Skyline__botB.bc24,lcforges.funkyguy3,0,c4bank
B,c4bank,1,732,CAPTURE,3,431,217,12,0,0,0,0,99,53,14060,296,9,2,1503,377,51,0,167,238,620,50,ATK@600,gauntlet/20260930-211040-scrim-c4bank/replays/lcforges.funkyguy3__Skyline__botB.bc24,lcforges.funkyguy3,1,c4bank
A,c4bank,1,1002,CAPTURE,3,298,230,20,0,0,0,0,8,52,1542,262,9,27,1257,563,25,0,115,245,848,115,ATK@600,gauntlet/20260930-211040-scrim-c4bank/replays/cViper971.ourplayer__Anchor__botA.bc24,cViper971.ourplayer,1,c4bank
B,ourplayer,0,1002,CAPTURE,0,-1,908,4,0,0,0,0,8,39,900,970,3,9,253,454,66,0,0,90,115,848,ATK@600,gauntlet/20260930-211040-scrim-c4bank/replays/cViper971.ourplayer__Anchor__botA.bc24,cViper971.ourplayer,0,c4bank
A,dinoboxer,0,2000,MORE_FLAG_CAPTURES,0,-1,466,4,0,0,0,0,36,35,20,30,0,16,200,301,35,0,0,155,109,509,ATK@600+CAP@1200+HEAL@1800,gauntlet/20260930-211040-scrim-c4bank/replays/Peter-Fun.dinoboxer__HeMustBeFreed__botB.bc24,Peter-Fun.dinoboxer,0,c4bank
B,c4bank,1,2000,MORE_FLAG_CAPTURES,2,851,256,11,0,0,0,0,121,22,1090,260,3,13,357,357,11,0,44,305,509,109,ATK@600+HEAL@1200+CAP@1800,gauntlet/20260930-211040-scrim-c4bank/replays/Peter-Fun.dinoboxer__HeMustBeFreed__botB.bc24,Peter-Fun.dinoboxer,1,c4bank
A,c4bank,1,541,CAPTURE,3,296,224,9,0,0,0,0,15,72,1120,280,12,29,1137,781,24,0,79,98,135,48,,gauntlet/20260930-211040-scrim-c4bank/replays/aj-chau.cowards__Foxes__botA.bc24,aj-chau.cowards,1,c4bank
B,cowards,0,541,CAPTURE,0,-1,229,18,0,0,0,0,17,26,4230,50,1,4,264,1265,57,0,0,50,48,135,,gauntlet/20260930-211040-scrim-c4bank/replays/aj-chau.cowards__Foxes__botA.bc24,aj-chau.cowards,0,c4bank
A,c4bank,1,1128,CAPTURE,3,336,270,41,0,0,0,0,53,0,810,280,0,3,1193,1025,0,0,38,223,477,81,ATK@600,gauntlet/20260930-211040-scrim-c4bank/replays/SampleProvider.TSPAARKSPRINT1__Racetrack__botA.bc24,SampleProvider.TSPAARKSPRINT1,1,c4bank
B,TSPAARKSPRINT1,0,1128,CAPTURE,0,-1,353,14,0,3,29,0,79,0,30,20,0,6,638,1564,0,0,0,11,81,477,ATK@600,gauntlet/20260930-211040-scrim-c4bank/replays/SampleProvider.TSPAARKSPRINT1__Racetrack__botA.bc24,SampleProvider.TSPAARKSPRINT1,0,c4bank
A,turtle,0,2000,MORE_FLAG_CAPTURES,0,-1,0,3,0,3,48,0,0,8,3400,122,0,26,127,151,29,0,0,59,64,1635,HEAL@600+ATK@1200,gauntlet/20260930-211040-scrim-c4bank/replays/andrearante12.turtle__MazeRunner__botB.bc24,andrearante12.turtle,0,c4bank
B,c4bank,1,2000,MORE_FLAG_CAPTURES,2,1129,257,22,0,0,0,0,82,15,590,905,2,4,350,236,14,0,66,623,1635,64,ATK@600+HEAL@1200+CAP@1800,gauntlet/20260930-211040-scrim-c4bank/replays/andrearante12.turtle__MazeRunner__botB.bc24,andrearante12.turtle,1,c4bank
A,polyv4,0,681,CAPTURE,0,-1,0,0,0,0,0,0,13,25,6690,12440,3,0,65,62,2,0,39,41,2,713,HEAL@600,gauntlet/20260930-211040-scrim-c4bank/replays/polyllc.polyv4__SteamboatMickey__botB.bc24,polyllc.polyv4,0,c4bank
B,c4bank,1,681,CAPTURE,3,283,235,5,0,0,0,0,6,64,1780,300,11,4,1653,125,24,0,160,218,713,2,ATK@600,gauntlet/20260930-211040-scrim-c4bank/replays/polyllc.polyv4__SteamboatMickey__botB.bc24,polyllc.polyv4,1,c4bank
A,c4bank,1,2000,MORE_FLAG_CAPTURES,1,1609,405,52,0,0,0,0,62,27,1080,280,4,17,1032,853,6,0,53,314,735,155,ATK@600+HEAL@1200+CAP@1800,gauntlet/20260930-211040-scrim-c4bank/replays/reeceyang.v5__GravitationalWaves__botA.bc24,reeceyang.v5,1,c4bank
B,v5,0,2000,MORE_FLAG_CAPTURES,0,-1,0,0,0,0,0,0,74,20,20,10,2,13,477,963,21,0,0,124,155,735,ATK@600+CAP@1200+HEAL@1800,gauntlet/20260930-211040-scrim-c4bank/replays/reeceyang.v5__GravitationalWaves__botA.bc24,reeceyang.v5,0,c4bank
A,MPAttack,0,501,RESIGNATION,0,-1,0,0,0,0,0,0,23,13,110,150,0,0,317,230,22,0,0,13,22,167,,gauntlet/20260930-211040-scrim-c4bank/replays/itswin.MPAttack__TreeSearch__botB.bc24,itswin.MPAttack,0,c4bank
B,c4bank,1,501,RESIGNATION,2,320,280,9,0,0,0,0,72,20,1090,265,3,17,650,631,5,0,94,101,167,22,,gauntlet/20260930-211040-scrim-c4bank/replays/itswin.MPAttack__TreeSearch__botB.bc24,itswin.MPAttack,1,c4bank
A,tx,0,482,CAPTURE,0,-1,0,0,0,0,0,0,0,0,3100,3600,0,16,0,0,0,0,0,0,0,337,,gauntlet/20260930-211040-scrim-c4bank/replays/PerishoJ.tx__DefaultLarge__botB.bc24,PerishoJ.tx,0,c4bank
B,c4bank,1,482,CAPTURE,3,414,232,3,0,0,0,0,54,11,1080,260,1,3,1694,0,9,0,164,78,337,0,,gauntlet/20260930-211040-scrim-c4bank/replays/PerishoJ.tx__DefaultLarge__botB.bc24,PerishoJ.tx,1,c4bank
A,combustiblelemon,0,956,CAPTURE,0,-1,0,3,0,3,14,0,0,11,200,100,0,10,462,246,23,0,0,24,30,395,,gauntlet/20260930-211040-scrim-c4bank/replays/samithShetty.combustiblelemon__Puzzle__botB.bc24,samithShetty.combustiblelemon,0,c4bank
B,c4bank,1,956,CAPTURE,3,284,216,6,0,0,0,0,1,14,1050,210,2,3,1184,870,21,0,186,222,395,30,ATK@600,gauntlet/20260930-211040-scrim-c4bank/replays/samithShetty.combustiblelemon__Puzzle__botB.bc24,samithShetty.combustiblelemon,1,c4bank
A,v11,0,2000,MORE_FLAG_CAPTURES,0,-1,0,0,0,0,0,0,20,43,20,400,4,18,264,275,0,7,55,226,59,992,ATK@600+HEAL@1200+CAP@1800,gauntlet/20260930-211040-scrim-c4bank/replays/JeffLegendPower.v11__EndAround__botB.bc24,JeffLegendPower.v11,0,c4bank
B,c4bank,1,2000,MORE_FLAG_CAPTURES,1,1948,276,19,0,0,0,0,73,10,1040,340,1,6,407,403,1,0,50,419,992,59,ATK@600+HEAL@1200+CAP@1800,gauntlet/20260930-211040-scrim-c4bank/replays/JeffLegendPower.v11__EndAround__botB.bc24,JeffLegendPower.v11,1,c4bank
A,c4bank,1,1168,CAPTURE,3,428,224,18,0,0,0,0,57,33,1085,280,6,6,1312,424,11,0,71,261,639,31,ATK@600,gauntlet/20260930-211040-scrim-c4bank/replays/justinottesen.sprint1__Hurricane__botA.bc24,justinottesen.sprint1,1,c4bank
B,sprint1,0,1168,CAPTURE,0,-1,252,30,0,0,0,0,153,11,110,10,0,4,206,832,11,0,0,32,31,639,ATK@600,gauntlet/20260930-211040-scrim-c4bank/replays/justinottesen.sprint1__Hurricane__botA.bc24,justinottesen.sprint1,0,c4bank
A,turtle,0,612,CAPTURE,0,-1,0,3,0,3,43,0,0,0,4600,306,0,10,208,388,28,0,0,36,37,115,HEAL@600,gauntlet/20260930-211040-scrim-c4bank/replays/andrearante12.turtle__Funnel__botB.bc24,andrearante12.turtle,0,c4bank
B,c4bank,1,612,CAPTURE,3,399,239,8,0,0,0,0,33,24,1030,250,3,3,592,561,6,0,78,84,115,37,ATK@600,gauntlet/20260930-211040-scrim-c4bank/replays/andrearante12.turtle__Funnel__botB.bc24,andrearante12.turtle,1,c4bank
A,c4bank,1,475,CAPTURE,3,255,223,7,0,0,0,0,40,15,1120,290,1,3,1230,812,4,0,77,76,212,20,,gauntlet/20260930-211040-scrim-c4bank/replays/dylanconklin.Team3__Fountain__botA.bc24,dylanconklin.Team3,1,c4bank
B,Team3,0,475,CAPTURE,0,-1,0,3,0,3,0,0,44,14,46,66,1,0,283,91,28,0,0,25,20,212,,gauntlet/20260930-211040-scrim-c4bank/replays/dylanconklin.Team3__Fountain__botA.bc24,dylanconklin.Team3,0,c4bank
A,crayBasic,0,533,CAPTURE,0,-1,221,6,0,0,0,0,0,0,3000,3500,0,12,637,11,0,0,0,0,5,448,,gauntlet/20260930-211040-scrim-c4bank/replays/abdullah8a0.crayBasic__Battlefield__botB.bc24,abdullah8a0.crayBasic,0,c4bank
B,c4bank,1,533,CAPTURE,3,329,239,4,0,0,0,0,25,41,1100,270,8,27,1882,1129,5,0,80,91,448,5,,gauntlet/20260930-211040-scrim-c4bank/replays/abdullah8a0.crayBasic__Battlefield__botB.bc24,abdullah8a0.crayBasic,1,c4bank
A,c4bank,1,1634,CAPTURE,3,1600,1528,3,0,0,0,0,12,10,1090,290,2,26,1431,1273,0,0,73,285,931,223,ATK@600+HEAL@1200,gauntlet/20260930-211040-scrim-c4bank/replays/qpwoeirut.tournament_sprint1__GaltonBoard__botA.bc24,qpwoeirut.tournament_sprint1,1,c4bank
B,tournament_sprint1,0,1634,CAPTURE,0,-1,0,0,0,0,0,0,9,0,2130,170,0,5,607,1835,43,0,0,143,223,931,ATK@600+HEAL@1200,gauntlet/20260930-211040-scrim-c4bank/replays/qpwoeirut.tournament_sprint1__GaltonBoard__botA.bc24,qpwoeirut.tournament_sprint1,0,c4bank
A,c4bank,1,603,CAPTURE,3,346,295,6,0,0,0,0,121,35,955,225,5,6,1062,505,10,0,69,86,222,14,ATK@600,gauntlet/20260930-211040-scrim-c4bank/replays/cViper971.ourplayer__Klein__botA.bc24,cViper971.ourplayer,1,c4bank
B,ourplayer,0,603,CAPTURE,0,-1,0,0,0,0,0,0,39,16,50,30,2,16,209,773,31,0,0,19,14,222,ATK@600,gauntlet/20260930-211040-scrim-c4bank/replays/cViper971.ourplayer__Klein__botA.bc24,cViper971.ourplayer,0,c4bank
A,c4bank,1,2000,MORE_FLAG_CAPTURES,2,244,210,4,0,0,0,0,14,25,1035,305,4,3,961,49,6,0,124,0,722,2,ATK@600+HEAL@1200+CAP@1800,gauntlet/20260930-211040-scrim-c4bank/replays/lukerhoads.warrior_2nd_comp__AceOfSpades__botA.bc24,lukerhoads.warrior_2nd_comp,1,c4bank
B,warrior_2nd_comp,0,2000,MORE_FLAG_CAPTURES,0,-1,0,3,0,3,56,0,0,14,1800,2300,1,11,0,0,10,2,2,10,2,722,ATK@750+CAP@1500,gauntlet/20260930-211040-scrim-c4bank/replays/lukerhoads.warrior_2nd_comp__AceOfSpades__botA.bc24,lukerhoads.warrior_2nd_comp,0,c4bank
A,moveBot1,0,430,CAPTURE,0,-1,0,0,0,0,0,0,50,23,1190,200,4,13,238,533,41,0,0,29,31,228,,gauntlet/20260930-211040-scrim-c4bank/replays/adamseth2.moveBot1__StackGame__botB.bc24,adamseth2.moveBot1,0,c4bank
B,c4bank,1,430,CAPTURE,3,280,240,4,0,0,0,0,35,47,1025,255,9,8,1628,838,7,0,123,69,228,31,,gauntlet/20260930-211040-scrim-c4bank/replays/adamseth2.moveBot1__StackGame__botB.bc24,adamseth2.moveBot1,1,c4bank
A,c4bank,1,349,CAPTURE,3,238,211,5,0,0,0,0,33,22,1065,265,3,3,534,182,3,0,65,0,75,12,,gauntlet/20260930-211040-scrim-c4bank/replays/Lithanium.AttackingBot__Ambush__botA.bc24,Lithanium.AttackingBot,1,c4bank
B,AttackingBot,0,349,CAPTURE,0,-1,0,0,0,0,0,0,72,3,1940,100,0,0,13,0,19,0,0,13,12,75,,gauntlet/20260930-211040-scrim-c4bank/replays/Lithanium.AttackingBot__Ambush__botA.bc24,Lithanium.AttackingBot,0,c4bank
A,c4bank,1,1205,CAPTURE,3,882,378,18,0,0,0,0,41,13,1190,210,1,3,668,613,5,0,44,271,882,85,ATK@600+HEAL@1200,gauntlet/20260930-211040-scrim-c4bank/replays/MiloAkerman.v1__Fountain__botA.bc24,MiloAkerman.v1,1,c4bank
B,v1,0,1205,CAPTURE,0,-1,0,0,0,0,0,0,72,1,1740,3440,0,8,312,413,14,0,0,41,85,882,,gauntlet/20260930-211040-scrim-c4bank/replays/MiloAkerman.v1__Fountain__botA.bc24,MiloAkerman.v1,0,c4bank
A,c4bank,1,567,CAPTURE,3,360,217,6,0,0,0,0,8,72,6815,225,12,9,1327,871,28,0,180,187,410,3,,gauntlet/20260930-211040-scrim-c4bank/replays/VarunVejalla.alexander__CH3353C4K3F4CT0RY__botA.bc24,VarunVejalla.alexander,1,c4bank
B,alexander,0,567,CAPTURE,0,-1,311,4,0,3,25,0,0,0,4500,5100,0,12,476,143,0,0,0,0,3,410,,gauntlet/20260930-211040-scrim-c4bank/replays/VarunVejalla.alexander__CH3353C4K3F4CT0RY__botA.bc24,VarunVejalla.alexander,0,c4bank
A,Goob_final,0,2000,LEVEL_SUM,2,490,230,16,0,0,0,0,134,0,4180,90,0,15,1144,877,0,0,61,336,570,1329,ATK@600+HEAL@1200+CAP@1800,gauntlet/20260930-211040-scrim-c4bank/replays/ColtG5.Goob_final__Islands__botB.bc24,ColtG5.Goob_final,0,c4bank
B,c4bank,1,2000,LEVEL_SUM,2,443,415,3,0,0,0,0,66,45,1090,305,7,0,1352,1631,11,0,84,358,1329,570,ATK@600+HEAL@1200+CAP@1800,gauntlet/20260930-211040-scrim-c4bank/replays/ColtG5.Goob_final__Islands__botB.bc24,ColtG5.Goob_final,1,c4bank
A,Bot21,0,1240,CAPTURE,0,-1,769,11,4,3,3,60,54,13,77,17,12,5,768,948,3,0,26,115,173,937,ATK@601+HEAL@1201,gauntlet/20260930-211040-scrim-c4bank/replays/HugoIngelsson.Bot21__Rivers__botB.bc24,HugoIngelsson.Bot21,0,c4bank
B,c4bank,1,1240,CAPTURE,3,733,680,4,0,0,0,0,29,20,1050,220,3,3,1380,1325,1,0,54,244,937,173,ATK@600+HEAL@1200,gauntlet/20260930-211040-scrim-c4bank/replays/HugoIngelsson.Bot21__Rivers__botB.bc24,HugoIngelsson.Bot21,1,c4bank
A,Sprint2,0,760,CAPTURE,0,-1,0,0,0,0,0,0,119,0,4930,60,0,11,125,471,15,17,10,48,8,507,ATK@600,gauntlet/20260930-211040-scrim-c4bank/replays/tlevietpdx.Sprint2__Battlecode24__botB.bc24,tlevietpdx.Sprint2,0,c4bank
B,c4bank,1,760,CAPTURE,3,263,229,5,0,0,0,0,72,71,4360,279,12,3,1464,407,26,0,315,340,507,8,ATK@600,gauntlet/20260930-211040-scrim-c4bank/replays/tlevietpdx.Sprint2__Battlecode24__botB.bc24,tlevietpdx.Sprint2,1,c4bank
A,c4bank,1,444,CAPTURE,3,270,220,3,0,0,0,0,43,15,1090,290,2,3,1351,239,0,0,99,2,250,5,,gauntlet/20260930-211040-scrim-c4bank/replays/Lithanium.AttackingBot__OceanFloor__botA.bc24,Lithanium.AttackingBot,1,c4bank
B,AttackingBot,0,444,CAPTURE,0,-1,0,0,0,0,0,0,83,0,1310,250,0,7,23,0,16,0,0,13,5,250,,gauntlet/20260930-211040-scrim-c4bank/replays/Lithanium.AttackingBot__OceanFloor__botA.bc24,Lithanium.AttackingBot,0,c4bank
A,c4bank,1,638,CAPTURE,3,304,240,5,0,0,0,0,30,42,1085,275,7,5,577,342,7,0,102,124,268,16,ATK@600,gauntlet/20260930-211040-scrim-c4bank/replays/SriLakshmiPolavarapu.ducks__Mountain__botA.bc24,SriLakshmiPolavarapu.ducks,1,c4bank
B,ducks,0,638,CAPTURE,0,-1,0,3,0,3,14,0,0,30,200,100,0,13,37,0,42,0,0,36,16,268,,gauntlet/20260930-211040-scrim-c4bank/replays/SriLakshmiPolavarapu.ducks__Mountain__botA.bc24,SriLakshmiPolavarapu.ducks,0,c4bank
A,ExplosiveBot,0,1771,CAPTURE,1,1341,223,65,23,0,0,0,6,3,5320,4500,0,27,703,723,19,0,25,158,238,1076,ATK@600+HEAL@1200,gauntlet/20260930-211040-scrim-c4bank/replays/awu7.ExplosiveBot__Randy__botB.bc24,awu7.ExplosiveBot,0,c4bank
B,c4bank,1,1771,CAPTURE,3,449,255,16,0,0,0,0,6,43,1030,220,7,21,1144,1274,7,0,79,332,1076,238,ATK@600+HEAL@1200,gauntlet/20260930-211040-scrim-c4bank/replays/awu7.ExplosiveBot__Randy__botB.bc24,awu7.ExplosiveBot,1,c4bank
A,v22,0,470,CAPTURE,0,-1,223,6,0,0,0,0,80,37,600,60,1,3,519,240,0,0,58,56,10,143,,gauntlet/20260930-211040-scrim-c4bank/replays/RyanAspen.v22__Swoop__botB.bc24,RyanAspen.v22,0,c4bank
B,c4bank,1,470,CAPTURE,3,305,263,3,0,0,0,0,64,31,1045,235,5,4,950,851,9,0,78,81,143,10,,gauntlet/20260930-211040-scrim-c4bank/replays/RyanAspen.v22__Swoop__botB.bc24,RyanAspen.v22,1,c4bank
A,c4bank,1,841,CAPTURE,3,324,227,8,0,0,0,0,14,17,1055,285,3,3,699,383,2,0,75,52,159,9,ATK@600,gauntlet/20260930-211040-scrim-c4bank/replays/AlexYu84.smartPlayer__Digging__botA.bc24,AlexYu84.smartPlayer,1,c4bank
B,smartPlayer,0,841,CAPTURE,0,-1,0,3,0,3,17,0,8,14,120,20,1,13,90,14,20,16,0,38,9,159,,gauntlet/20260930-211040-scrim-c4bank/replays/AlexYu84.smartPlayer__Digging__botA.bc24,AlexYu84.smartPlayer,0,c4bank
A,c4bank,1,528,CAPTURE,3,300,224,4,0,0,0,0,193,72,1425,278,12,7,1695,892,56,0,283,219,362,10,,gauntlet/20260930-211040-scrim-c4bank/replays/neilhuang007.baseline__Snake__botA.bc24,neilhuang007.baseline,1,c4bank
B,baseline,0,528,CAPTURE,0,-1,0,0,0,0,0,0,236,12,6920,15830,0,4,525,859,0,0,12,8,10,362,,gauntlet/20260930-211040-scrim-c4bank/replays/neilhuang007.baseline__Snake__botA.bc24,neilhuang007.baseline,0,c4bank
A,c4bank,1,848,CAPTURE,3,627,547,3,0,0,0,0,65,15,1020,220,2,12,1700,878,4,0,68,247,844,23,ATK@600,gauntlet/20260930-211040-scrim-c4bank/replays/neilhuang007.baseline__TwistedTreeline__botA.bc24,neilhuang007.baseline,1,c4bank
B,baseline,0,848,CAPTURE,0,-1,249,9,0,0,0,0,80,9,1500,2060,0,1,567,1086,0,0,9,4,23,844,CAP@600,gauntlet/20260930-211040-scrim-c4bank/replays/neilhuang007.baseline__TwistedTreeline__botA.bc24,neilhuang007.baseline,0,c4bank
A,c4bank,1,1492,CAPTURE,3,409,253,11,0,0,0,0,80,9,1010,230,1,3,578,577,0,0,52,221,343,48,ATK@600+HEAL@1200,gauntlet/20260930-211040-scrim-c4bank/replays/Peter-Fun.dinoboxer__Decision__botA.bc24,Peter-Fun.dinoboxer,1,c4bank
B,dinoboxer,0,1492,CAPTURE,0,-1,508,15,0,0,0,0,0,17,100,20,0,3,299,388,16,2,7,76,48,343,ATK@600+CAP@1200,gauntlet/20260930-211040-scrim-c4bank/replays/Peter-Fun.dinoboxer__Decision__botA.bc24,Peter-Fun.dinoboxer,0,c4bank
A,ducks,0,580,CAPTURE,0,-1,0,3,0,3,0,0,0,26,200,100,0,0,42,0,36,0,0,31,15,358,,gauntlet/20260930-211040-scrim-c4bank/replays/SriLakshmiPolavarapu.ducks__StackGame__botB.bc24,SriLakshmiPolavarapu.ducks,0,c4bank
B,c4bank,1,580,CAPTURE,3,295,247,8,0,0,0,0,31,45,1065,285,8,3,971,554,15,0,110,129,358,15,,gauntlet/20260930-211040-scrim-c4bank/replays/SriLakshmiPolavarapu.ducks__StackGame__botB.bc24,SriLakshmiPolavarapu.ducks,1,c4bank
A,c4bank,1,751,CAPTURE,3,398,332,4,0,0,0,0,82,14,780,870,1,3,304,6,11,0,62,12,469,2,ATK@600,gauntlet/20260930-211040-scrim-c4bank/replays/sivakovivan.NewHide__MazeRunner__botA.bc24,sivakovivan.NewHide,1,c4bank
B,NewHide,0,751,CAPTURE,0,-1,0,0,0,0,0,0,0,50,20,20,1,40,3,0,0,0,70,78,2,469,HEAL@600,gauntlet/20260930-211040-scrim-c4bank/replays/sivakovivan.NewHide__MazeRunner__botA.bc24,sivakovivan.NewHide,0,c4bank
A,Sprint2,0,1281,CAPTURE,1,803,675,3,0,0,0,0,34,0,13480,10,0,6,203,395,47,30,27,104,44,664,ATK@600+CAP@1200,gauntlet/20260930-211040-scrim-c4bank/replays/tlevietpdx.Sprint2__Joker__botB.bc24,tlevietpdx.Sprint2,0,c4bank
B,c4bank,1,1281,CAPTURE,3,427,240,10,0,0,0,0,2,68,8790,260,12,3,1378,567,24,0,277,507,664,44,ATK@600+HEAL@1200,gauntlet/20260930-211040-scrim-c4bank/replays/tlevietpdx.Sprint2__Joker__botB.bc24,tlevietpdx.Sprint2,1,c4bank
A,bling3,0,862,CAPTURE,2,469,241,9,0,0,0,0,113,12,110,190,0,9,775,1317,18,0,3,36,101,379,ATK@600,gauntlet/20260930-211040-scrim-c4bank/replays/jonters.bling3__QueenOfHearts__botB.bc24,jonters.bling3,0,c4bank
B,c4bank,1,862,CAPTURE,3,445,243,15,0,0,0,0,82,20,790,220,3,0,1150,1345,8,0,51,169,379,101,ATK@600,gauntlet/20260930-211040-scrim-c4bank/replays/jonters.bling3__QueenOfHearts__botB.bc24,jonters.bling3,1,c4bank
A,smartPlayer,0,845,CAPTURE,0,-1,0,9,0,9,15,0,16,18,40,40,2,12,137,32,24,11,0,40,17,135,,gauntlet/20260930-211040-scrim-c4bank/replays/AlexYu84.smartPlayer__SteamboatMickey__botB.bc24,AlexYu84.smartPlayer,0,c4bank
B,c4bank,1,845,CAPTURE,3,295,214,6,0,0,0,0,6,64,1835,245,11,3,613,495,31,0,175,116,135,17,ATK@600,gauntlet/20260930-211040-scrim-c4bank/replays/AlexYu84.smartPlayer__SteamboatMickey__botB.bc24,AlexYu84.smartPlayer,1,c4bank
A,duck8,0,2000,LEVEL_SUM,1,821,560,17,0,0,0,0,39,32,150,40,3,5,909,1249,2,0,76,196,139,797,ATK@750+HEAL@1500,gauntlet/20260930-211040-scrim-c4bank/replays/clbarrell.duck8__Funnel__botB.bc24,clbarrell.duck8,0,c4bank
B,c4bank,1,2000,LEVEL_SUM,1,938,617,2,0,0,0,0,30,26,1065,285,4,3,1067,1315,2,0,74,361,797,139,ATK@600+HEAL@1200+CAP@1800,gauntlet/20260930-211040-scrim-c4bank/replays/clbarrell.duck8__Funnel__botB.bc24,clbarrell.duck8,1,c4bank
A,c4bank,1,347,CAPTURE,3,224,212,4,0,0,0,0,0,39,1035,335,6,4,793,639,7,0,82,39,110,11,,gauntlet/20260930-211040-scrim-c4bank/replays/joelcrouch.ducks__Yinyang__botA.bc24,joelcrouch.ducks,1,c4bank
B,ducks,0,347,CAPTURE,0,-1,0,3,0,3,13,0,0,26,100,200,0,0,26,0,33,0,0,26,11,110,,gauntlet/20260930-211040-scrim-c4bank/replays/joelcrouch.ducks__Yinyang__botA.bc24,joelcrouch.ducks,0,c4bank
A,c4bank,1,2000,LEVEL_SUM,1,892,470,10,0,0,0,0,29,33,1175,275,5,2,834,998,12,0,53,367,1024,297,ATK@600+HEAL@1200+CAP@1800,gauntlet/20260930-211040-scrim-c4bank/replays/kyleezz.jeeryfix3__Divergent__botA.bc24,kyleezz.jeeryfix3,1,c4bank
B,jeeryfix3,0,2000,LEVEL_SUM,1,291,230,1,0,0,0,0,87,2,3190,1980,0,14,708,553,0,0,39,223,297,1024,ATK@600+CAP@1200+HEAL@1800,gauntlet/20260930-211040-scrim-c4bank/replays/kyleezz.jeeryfix3__Divergent__botA.bc24,kyleezz.jeeryfix3,0,c4bank
A,cretplayer2_3,0,2000,LEVEL_SUM,2,595,242,32,0,3,13,0,26,0,4920,880,0,4,905,594,0,3,56,207,309,1765,ATK@600+HEAL@1200+CAP@1800,gauntlet/20260930-211040-scrim-c4bank/replays/quesswho.cretplayer2_3__Hockey__botB.bc24,quesswho.cretplayer2_3,0,c4bank
B,c4bank,1,2000,LEVEL_SUM,2,712,661,11,0,0,0,0,23,36,1070,270,6,29,1238,1306,6,0,60,580,1765,309,ATK@600+HEAL@1200+CAP@1800,gauntlet/20260930-211040-scrim-c4bank/replays/quesswho.cretplayer2_3__Hockey__botB.bc24,quesswho.cretplayer2_3,1,c4bank
A,defaultplayer_intlqualifier,0,2000,LEVEL_SUM,2,309,259,39,32,3,25,0,13,10,410,10760,0,3,150,479,6,31,14,68,13,421,ATK@600+HEAL@1200+CAP@1800,gauntlet/20260930-211040-scrim-c4bank/replays/dmtrung14.defaultplayer_intlqualifier__Puzzle__botB.bc24,dmtrung14.defaultplayer_intlqualifier,0,c4bank
B,c4bank,1,2000,LEVEL_SUM,2,791,607,6,0,0,0,0,4,13,1075,305,2,0,587,195,6,0,124,250,421,13,ATK@600+HEAL@1200+CAP@1800,gauntlet/20260930-211040-scrim-c4bank/replays/dmtrung14.defaultplayer_intlqualifier__Puzzle__botB.bc24,dmtrung14.defaultplayer_intlqualifier,1,c4bank
A,bc24scenario,0,346,CAPTURE,0,-1,0,1,0,1,3,58,58,3,700,725,6,0,58,63,1,1,1,1,0,139,,gauntlet/20260930-211040-scrim-c4bank/replays/Metta-AI.bc24scenario__Alligator__botB.bc24,Metta-AI.bc24scenario,0,c4bank
B,c4bank,1,346,CAPTURE,3,286,236,3,0,0,0,0,49,27,1065,290,5,3,1043,106,12,0,138,29,139,0,,gauntlet/20260930-211040-scrim-c4bank/replays/Metta-AI.bc24scenario__Alligator__botB.bc24,Metta-AI.bc24scenario,1,c4bank
A,moveBot1,0,610,CAPTURE,0,-1,0,0,0,0,0,0,21,22,470,300,2,20,146,186,33,0,0,38,34,377,ATK@600,gauntlet/20260930-211040-scrim-c4bank/replays/adamseth2.moveBot1__WheresMyWater__botB.bc24,adamseth2.moveBot1,0,c4bank
B,c4bank,1,610,CAPTURE,3,250,236,5,0,0,0,0,49,26,1060,230,4,15,932,703,4,0,96,144,377,34,ATK@600,gauntlet/20260930-211040-scrim-c4bank/replays/adamseth2.moveBot1__WheresMyWater__botB.bc24,adamseth2.moveBot1,1,c4bank
A,ExplosiveBot,0,1490,CAPTURE,0,-1,286,32,15,0,0,0,0,13,2500,550,0,12,699,531,21,0,21,97,166,1084,ATK@600+HEAL@1200,gauntlet/20260930-211040-scrim-c4bank/replays/awu7.ExplosiveBot__Valentine__botB.bc24,awu7.ExplosiveBot,0,c4bank
B,c4bank,1,1490,CAPTURE,3,656,343,23,0,0,0,0,0,30,1035,265,4,0,1101,1359,4,0,77,329,1084,166,ATK@600+HEAL@1200,gauntlet/20260930-211040-scrim-c4bank/replays/awu7.ExplosiveBot__Valentine__botB.bc24,awu7.ExplosiveBot,1,c4bank
A,NewHide,0,419,CAPTURE,0,-1,0,0,0,0,0,0,0,45,20,30,1,15,67,16,0,0,66,47,0,212,,gauntlet/20260930-211040-scrim-c4bank/replays/sivakovivan.NewHide__Ambush__botB.bc24,sivakovivan.NewHide,0,c4bank
B,c4bank,1,419,CAPTURE,3,265,214,3,0,0,0,0,38,25,1040,290,4,7,1377,125,2,0,108,1,212,0,,gauntlet/20260930-211040-scrim-c4bank/replays/sivakovivan.NewHide__Ambush__botB.bc24,sivakovivan.NewHide,1,c4bank
A,c4bank,1,784,CAPTURE,3,595,449,7,0,0,0,0,73,70,4429,244,12,3,1098,10,33,0,275,254,546,4,ATK@600,gauntlet/20260930-211040-scrim-c4bank/replays/polyllc.polyv4__Battlecode24__botA.bc24,polyllc.polyv4,1,c4bank
B,polyv4,0,784,CAPTURE,0,-1,0,0,0,0,0,0,82,24,5530,6690,3,18,5,169,0,0,57,146,4,546,HEAL@600,gauntlet/20260930-211040-scrim-c4bank/replays/polyllc.polyv4__Battlecode24__botA.bc24,polyllc.polyv4,0,c4bank
A,c4bank,1,559,CAPTURE,3,271,236,3,0,0,0,0,38,15,1170,280,2,3,1751,0,8,0,118,114,424,0,,gauntlet/20260930-211040-scrim-c4bank/replays/sayam-goyal.SimpleBot__Fountain__botA.bc24,sayam-goyal.SimpleBot,1,c4bank
B,SimpleBot,0,559,CAPTURE,0,-1,0,0,0,0,0,0,0,0,2400,2900,0,14,0,0,0,0,0,0,0,424,,gauntlet/20260930-211040-scrim-c4bank/replays/sayam-goyal.SimpleBot__Fountain__botA.bc24,sayam-goyal.SimpleBot,0,c4bank
A,combustiblelemon,0,1960,CAPTURE,0,-1,0,3,0,3,15,0,0,19,100,200,0,1,277,127,29,0,0,63,88,926,,gauntlet/20260930-211040-scrim-c4bank/replays/samithShetty.combustiblelemon__Fountain__botB.bc24,samithShetty.combustiblelemon,0,c4bank
B,c4bank,1,1960,CAPTURE,3,280,221,19,0,0,0,0,37,16,1150,260,1,5,699,584,6,0,53,302,926,88,ATK@600+HEAL@1200+CAP@1800,gauntlet/20260930-211040-scrim-c4bank/replays/samithShetty.combustiblelemon__Fountain__botB.bc24,samithShetty.combustiblelemon,1,c4bank
A,v9,0,433,CAPTURE,0,-1,288,7,0,0,0,0,29,24,955,918,4,0,451,777,0,0,55,45,29,89,,gauntlet/20260930-211040-scrim-c4bank/replays/TylerJulian.v9__KingQuacksCastle__botB.bc24,TylerJulian.v9,0,c4bank
B,c4bank,1,433,CAPTURE,3,326,227,7,0,0,0,0,27,20,1085,215,3,0,846,507,2,0,58,63,89,29,,gauntlet/20260930-211040-scrim-c4bank/replays/TylerJulian.v9__KingQuacksCastle__botB.bc24,TylerJulian.v9,1,c4bank
A,c4bank,1,2000,MORE_FLAG_CAPTURES,2,578,460,11,0,0,0,0,51,46,1100,230,8,3,232,124,17,0,66,411,848,65,ATK@600+HEAL@1200+CAP@1800,gauntlet/20260930-211040-scrim-c4bank/replays/Rubrasum.version_3__Rainbow__botA.bc24,Rubrasum.version_3,1,c4bank
B,version_3,0,2000,MORE_FLAG_CAPTURES,0,-1,0,3,0,3,13,0,0,40,200,100,0,13,54,0,50,0,0,88,65,848,ATK@600,gauntlet/20260930-211040-scrim-c4bank/replays/Rubrasum.version_3__Rainbow__botA.bc24,Rubrasum.version_3,0,c4bank
A,c4bank,1,1495,CAPTURE,3,883,228,15,0,0,0,0,29,25,1060,210,3,4,1194,973,3,0,88,560,1401,87,ATK@600+HEAL@1200,gauntlet/20260930-211040-scrim-c4bank/replays/noahzemlin.honeyducklings__Funnel__botA.bc24,noahzemlin.honeyducklings,1,c4bank
B,honeyducklings,0,1495,CAPTURE,0,-1,530,9,0,0,0,0,58,14,1460,3310,0,5,599,666,8,18,0,69,87,1401,ATK@600+HEAL@1200,gauntlet/20260930-211040-scrim-c4bank/replays/noahzemlin.honeyducklings__Funnel__botA.bc24,noahzemlin.honeyducklings,0,c4bank
A,c4bank,1,2000,LEVEL_SUM,0,-1,284,7,0,0,0,0,73,12,1050,270,1,3,280,391,3,0,52,285,333,236,ATK@600+HEAL@1200+CAP@1800,gauntlet/20260930-211040-scrim-c4bank/replays/hsmalladi.finalbot__EndAround__botA.bc24,hsmalladi.finalbot,1,c4bank
B,finalbot,0,2000,LEVEL_SUM,0,-1,373,7,0,3,39,33,78,0,2021,106,6,0,280,304,1,3,51,222,236,333,ATK@600+HEAL@1200+CAP@1800,gauntlet/20260930-211040-scrim-c4bank/replays/hsmalladi.finalbot__EndAround__botA.bc24,hsmalladi.finalbot,0,c4bank
A,alexander,0,1417,CAPTURE,0,-1,248,5,0,3,15,0,0,0,3900,4630,0,20,685,185,0,0,0,0,62,1508,ATK@751,gauntlet/20260930-211040-scrim-c4bank/replays/VarunVejalla.alexander__BreadPudding__botB.bc24,VarunVejalla.alexander,0,c4bank
B,c4bank,1,1417,CAPTURE,3,791,245,32,0,0,0,0,45,23,1030,255,3,16,1199,1136,4,0,68,447,1508,62,ATK@600+HEAL@1200,gauntlet/20260930-211040-scrim-c4bank/replays/VarunVejalla.alexander__BreadPudding__botB.bc24,VarunVejalla.alexander,1,c4bank
A,c4bank,1,2000,MORE_FLAG_CAPTURES,2,587,242,16,0,0,0,0,65,30,1105,265,5,15,1093,1087,3,0,64,488,1661,83,ATK@600+HEAL@1200+CAP@1800,gauntlet/20260930-211040-scrim-c4bank/replays/MiloAkerman.v1__GravitationalWaves__botA.bc24,MiloAkerman.v1,1,c4bank
B,v1,0,2000,MORE_FLAG_CAPTURES,0,-1,0,0,0,0,0,0,130,3,1100,1000,0,12,577,987,14,0,0,42,83,1661,,gauntlet/20260930-211040-scrim-c4bank/replays/MiloAkerman.v1__GravitationalWaves__botA.bc24,MiloAkerman.v1,0,c4bank
A,honeyducklings,0,1949,CAPTURE,0,-1,594,7,0,0,0,0,145,13,1350,1880,0,1,707,1167,6,19,0,59,66,2540,ATK@617+HEAL@1393,gauntlet/20260930-211040-scrim-c4bank/replays/noahzemlin.honeyducklings__BigDucksBigPond__botB.bc24,noahzemlin.honeyducklings,0,c4bank
B,c4bank,1,1949,CAPTURE,3,587,308,10,0,0,0,0,105,24,995,285,4,5,1499,1379,11,0,108,609,2540,66,ATK@600+HEAL@1200+CAP@1800,gauntlet/20260930-211040-scrim-c4bank/replays/noahzemlin.honeyducklings__BigDucksBigPond__botB.bc24,noahzemlin.honeyducklings,1,c4bank
A,dangerduck2,0,686,CAPTURE,0,-1,262,29,0,0,0,0,48,24,1650,1906,3,12,441,447,0,24,0,31,19,459,ATK@600,gauntlet/20260930-211040-scrim-c4bank/replays/dylanzemlin.dangerduck2__Soccer__botB.bc24,dylanzemlin.dangerduck2,0,c4bank
B,c4bank,1,686,CAPTURE,3,416,255,13,0,0,0,0,16,35,1075,295,6,14,1314,754,7,0,82,181,459,19,ATK@600,gauntlet/20260930-211040-scrim-c4bank/replays/dylanzemlin.dangerduck2__Soccer__botB.bc24,dylanzemlin.dangerduck2,1,c4bank
A,version_3,0,495,CAPTURE,0,-1,357,7,0,3,8,0,0,22,100,110,0,8,342,0,47,0,0,23,17,222,,gauntlet/20260930-211040-scrim-c4bank/replays/Rubrasum.version_3__Ambush__botB.bc24,Rubrasum.version_3,0,c4bank
B,c4bank,1,495,CAPTURE,3,251,205,5,0,0,0,0,41,20,1075,335,2,30,1185,912,3,0,71,79,222,17,,gauntlet/20260930-211040-scrim-c4bank/replays/Rubrasum.version_3__Ambush__botB.bc24,Rubrasum.version_3,1,c4bank
A,dangerduck2,0,755,CAPTURE,0,-1,221,38,1,0,0,0,142,24,1630,1770,3,14,464,438,0,24,0,24,19,566,ATK@600,gauntlet/20260930-211040-scrim-c4bank/replays/dylanzemlin.dangerduck2__Islands__botB.bc24,dylanzemlin.dangerduck2,0,c4bank
B,c4bank,1,755,CAPTURE,3,397,232,18,0,0,0,0,76,42,1030,270,7,5,1386,818,11,0,84,178,566,19,ATK@600,gauntlet/20260930-211040-scrim-c4bank/replays/dylanzemlin.dangerduck2__Islands__botB.bc24,dylanzemlin.dangerduck2,1,c4bank
A,c4bank,1,501,RESIGNATION,1,410,336,9,0,0,0,0,75,43,1100,235,7,7,1160,1097,10,0,82,84,218,95,,gauntlet/20260930-211040-scrim-c4bank/replays/itswin.MPAttack__Islands__botA.bc24,itswin.MPAttack,1,c4bank
B,MPAttack,0,501,RESIGNATION,0,-1,328,3,0,0,0,0,7,11,690,1120,0,11,995,717,33,0,0,19,95,218,,gauntlet/20260930-211040-scrim-c4bank/replays/itswin.MPAttack__Islands__botA.bc24,itswin.MPAttack,0,c4bank
A,crayBasic,0,2000,MORE_FLAG_CAPTURES,0,-1,0,0,0,0,0,0,0,0,2700,4400,0,28,219,6,0,0,0,0,85,954,,gauntlet/20260930-211040-scrim-c4bank/replays/abdullah8a0.crayBasic__FloodGates__botB.bc24,abdullah8a0.crayBasic,0,c4bank
B,c4bank,1,2000,MORE_FLAG_CAPTURES,1,321,269,32,0,0,0,0,3,19,1055,215,3,17,751,358,1,0,80,449,954,85,ATK@600+HEAL@1200+CAP@1800,gauntlet/20260930-211040-scrim-c4bank/replays/abdullah8a0.crayBasic__FloodGates__botB.bc24,abdullah8a0.crayBasic,1,c4bank
A,Team3,0,2000,MORE_FLAG_CAPTURES,0,-1,0,3,0,3,31,0,7,14,53,63,2,15,276,93,30,0,0,132,81,2491,,gauntlet/20260930-211040-scrim-c4bank/replays/dylanconklin.Team3__FloodGates__botB.bc24,dylanconklin.Team3,0,c4bank
B,c4bank,1,2000,MORE_FLAG_CAPTURES,2,581,240,14,0,0,0,0,2,19,1050,220,3,13,923,535,2,0,80,1009,2491,81,ATK@600+HEAL@1200+CAP@1800,gauntlet/20260930-211040-scrim-c4bank/replays/dylanconklin.Team3__FloodGates__botB.bc24,dylanconklin.Team3,1,c4bank
A,c4bank,1,543,CAPTURE,3,323,227,3,0,0,0,0,62,21,1085,305,3,3,1492,0,4,0,118,77,288,0,,gauntlet/20260930-211040-scrim-c4bank/replays/PerishoJ.tx__Duck__botA.bc24,PerishoJ.tx,1,c4bank
B,tx,0,543,CAPTURE,0,-1,0,0,0,0,0,0,0,0,2600,3100,0,0,0,0,0,0,0,0,0,288,,gauntlet/20260930-211040-scrim-c4bank/replays/PerishoJ.tx__Duck__botA.bc24,PerishoJ.tx,0,c4bank
A,c4bank,1,389,CAPTURE,3,305,247,4,0,0,0,0,14,10,1030,260,2,3,1157,493,7,0,100,67,159,6,,gauntlet/20260930-211040-scrim-c4bank/replays/joelcrouch.ducks__Pancakes__botA.bc24,joelcrouch.ducks,1,c4bank
B,ducks,0,389,CAPTURE,0,-1,0,3,0,3,6,0,0,11,200,200,0,9,44,0,36,0,0,17,6,159,,gauntlet/20260930-211040-scrim-c4bank/replays/joelcrouch.ducks__Pancakes__botA.bc24,joelcrouch.ducks,0,c4bank
A,funkyguy3,0,815,CAPTURE,0,-1,365,1,0,0,0,0,23,28,40,83,3,9,49,298,16,0,38,93,17,732,ATK@600,gauntlet/20260930-211040-scrim-c4bank/replays/lcforges.funkyguy3__Funnel__botB.bc24,lcforges.funkyguy3,0,c4bank
B,c4bank,1,815,CAPTURE,3,476,319,9,0,0,0,0,29,26,1075,245,4,3,1345,247,2,0,105,268,732,17,ATK@600,gauntlet/20260930-211040-scrim-c4bank/replays/lcforges.funkyguy3__Funnel__botB.bc24,lcforges.funkyguy3,1,c4bank
A,c4bank,1,2000,LEVEL_SUM,0,-1,0,0,0,0,0,0,13,34,1105,215,5,6,736,1219,8,0,55,0,611,0,ATK@600+HEAL@1200+CAP@1800,gauntlet/20260930-211040-scrim-c4bank/replays/H4ffliger.keyboardcrusader_v1__Soccer__botA.bc24,H4ffliger.keyboardcrusader_v1,1,c4bank
B,keyboardcrusader_v1,0,2000,LEVEL_SUM,0,-1,0,3,0,3,0,0,48,0,3960,4460,0,2,618,814,0,0,0,0,0,611,,gauntlet/20260930-211040-scrim-c4bank/replays/H4ffliger.keyboardcrusader_v1__Soccer__botA.bc24,H4ffliger.keyboardcrusader_v1,0,c4bank
A,c4bank,1,1716,CAPTURE,3,1316,1196,13,0,0,0,0,20,31,1095,295,5,3,1555,461,8,0,51,401,1133,130,ATK@600+HEAL@1200,gauntlet/20260930-211040-scrim-c4bank/replays/qpwoeirut.tournament_sprint1__Soccer__botA.bc24,qpwoeirut.tournament_sprint1,1,c4bank
B,tournament_sprint1,0,1716,CAPTURE,0,-1,0,0,0,0,0,0,48,0,3960,1860,0,3,232,2752,29,0,0,93,130,1133,ATK@600+HEAL@1200,gauntlet/20260930-211040-scrim-c4bank/replays/qpwoeirut.tournament_sprint1__Soccer__botA.bc24,qpwoeirut.tournament_sprint1,0,c4bank
A,warrior_2nd_comp,0,788,CAPTURE,0,-1,0,3,0,3,34,0,0,18,1700,2200,0,10,0,0,13,2,3,18,6,598,ATK@750,gauntlet/20260930-211040-scrim-c4bank/replays/lukerhoads.warrior_2nd_comp__Tunnels__botB.bc24,lukerhoads.warrior_2nd_comp,0,c4bank
B,c4bank,1,788,CAPTURE,3,680,281,5,0,0,0,0,61,17,1080,230,2,6,627,130,8,0,75,0,598,6,ATK@600,gauntlet/20260930-211040-scrim-c4bank/replays/lukerhoads.warrior_2nd_comp__Tunnels__botB.bc24,lukerhoads.warrior_2nd_comp,1,c4bank
A,v11,0,2000,MORE_FLAG_CAPTURES,0,-1,0,0,0,0,0,0,27,68,8440,826,5,17,757,1145,0,3,157,307,113,512,ATK@600+HEAL@1200+CAP@1800,gauntlet/20260930-211040-scrim-c4bank/replays/JeffLegendPower.v11__StarryNight__botB.bc24,JeffLegendPower.v11,0,c4bank
B,c4bank,1,2000,MORE_FLAG_CAPTURES,2,662,462,5,0,0,0,0,85,62,5829,219,11,12,1166,1260,32,0,107,226,512,113,ATK@600+HEAL@1200+CAP@1800,gauntlet/20260930-211040-scrim-c4bank/replays/JeffLegendPower.v11__StarryNight__botB.bc24,JeffLegendPower.v11,1,c4bank
A,v11,1,406,CAPTURE,3,258,230,25,17,0,0,0,0,32,100,600,3,23,547,1181,0,4,41,11,3,78,,gauntlet/20260930-163425-scrim-g_iter0/losses/JeffLegendPower.v11__Battlefield__botB.bc24,JeffLegendPower.v11,0,g_iter0
B,g_iter0,0,406,CAPTURE,0,-1,338,1,0,0,0,0,27,0,5290,290,0,15,1149,1022,0,0,71,53,78,3,,gauntlet/20260930-163425-scrim-g_iter0/losses/JeffLegendPower.v11__Battlefield__botB.bc24,JeffLegendPower.v11,1,g_iter0
A,player22,1,963,CAPTURE,3,325,275,19,0,3,0,0,68,0,3660,2900,0,2,1083,399,18,0,72,173,259,409,ATK@600,gauntlet/20260930-224119-scrim-e1aggr/losses/andrewgopher.player22__Alligator__botB.bc24,andrewgopher.player22,0,e1aggr
B,e1aggr,0,963,CAPTURE,0,-1,0,0,0,0,0,0,52,32,130,260,5,6,960,1444,11,0,58,116,409,259,ATK@600,gauntlet/20260930-224119-scrim-e1aggr/losses/andrewgopher.player22__Alligator__botB.bc24,andrewgopher.player22,1,e1aggr
A,e1aggr,0,2000,MORE_FLAG_CAPTURES,0,-1,245,6,0,0,0,0,3,27,170,270,4,28,1121,1165,3,0,48,203,1397,305,ATK@600+HEAL@1200+CAP@1800,gauntlet/20260930-224119-scrim-e1aggr/losses/quesswho.cretplayer2_3__FloodGates__botA.bc24,quesswho.cretplayer2_3,1,e1aggr
B,cretplayer2_3,1,2000,MORE_FLAG_CAPTURES,1,624,258,27,0,3,17,0,1,0,2870,590,0,4,811,975,0,4,25,171,305,1397,ATK@600+HEAL@1200+CAP@1800,gauntlet/20260930-224119-scrim-e1aggr/losses/quesswho.cretplayer2_3__FloodGates__botA.bc24,quesswho.cretplayer2_3,0,e1aggr
A,v10official,1,648,CAPTURE,3,453,440,23,17,3,16,73,24,2,4847,57,14,0,1064,1878,13,2,69,105,72,101,ATK@600,gauntlet/20260930-224119-scrim-e1aggr/losses/Gymhgy.v10official__StackGame__botB.bc24,Gymhgy.v10official,0,e1aggr
B,e1aggr,0,648,CAPTURE,0,-1,365,2,0,0,0,0,34,52,165,265,10,36,1309,1722,12,0,61,77,101,72,ATK@600,gauntlet/20260930-224119-scrim-e1aggr/losses/Gymhgy.v10official__StackGame__botB.bc24,Gymhgy.v10official,1,e1aggr
A,waffle,1,431,CAPTURE,3,284,227,29,0,0,0,0,21,41,470,190,0,10,1095,683,0,0,68,66,56,147,,gauntlet/20260930-224119-scrim-e1aggr/losses/winkelmantanner.waffle__Bunkers__botB.bc24,winkelmantanner.waffle,0,e1aggr
B,e1aggr,0,431,CAPTURE,1,427,390,3,0,0,0,0,31,37,140,270,7,1,1214,1455,8,0,54,61,147,56,,gauntlet/20260930-224119-scrim-e1aggr/losses/winkelmantanner.waffle__Bunkers__botB.bc24,winkelmantanner.waffle,1,e1aggr
A,e1aggr,0,2000,MORE_FLAG_CAPTURES,0,-1,219,10,0,0,0,0,71,54,200,290,10,6,924,1183,12,0,62,226,587,675,ATK@600+HEAL@1200+CAP@1800,gauntlet/20260930-224119-scrim-e1aggr/losses/CyrilSharma.finalBot__Islands__botA.bc24,CyrilSharma.finalBot,1,e1aggr
B,finalBot,1,2000,MORE_FLAG_CAPTURES,1,415,267,20,0,0,0,59,33,1,3901,975,11,8,1010,1047,0,0,110,651,675,587,ATK@600+HEAL@1200+CAP@1800,gauntlet/20260930-224119-scrim-e1aggr/losses/CyrilSharma.finalBot__Islands__botA.bc24,CyrilSharma.finalBot,0,e1aggr
A,Version18Final,1,428,CAPTURE,3,302,248,9,0,3,21,22,14,5,1564,13566,3,8,983,1183,38,3,112,109,69,48,,gauntlet/20260930-224119-scrim-e1aggr/losses/uravt.Version18Final__HungerGames__botB.bc24,uravt.Version18Final,0,e1aggr
B,e1aggr,0,428,CAPTURE,1,277,220,2,0,0,0,0,17,25,165,260,4,0,907,1294,15,0,61,61,48,69,,gauntlet/20260930-224119-scrim-e1aggr/losses/uravt.Version18Final__HungerGames__botB.bc24,uravt.Version18Final,1,e1aggr
A,e1aggr,0,2000,LEVEL_SUM,2,391,315,3,0,0,0,0,34,25,200,250,4,11,973,1236,3,0,43,190,355,566,ATK@600+HEAL@1200+CAP@1800,gauntlet/20260930-224119-scrim-e1aggr/losses/IvanGeffner.kuma__OceanFloor__botA.bc24,IvanGeffner.kuma,1,e1aggr
B,kuma,1,2000,LEVEL_SUM,2,401,215,20,10,0,0,90,46,3,830,280,18,3,1260,1318,0,0,70,466,566,355,ATK@600+HEAL@1200+CAP@1800,gauntlet/20260930-224119-scrim-e1aggr/losses/IvanGeffner.kuma__OceanFloor__botA.bc24,IvanGeffner.kuma,0,e1aggr
A,flagbot_final,1,1457,CAPTURE,3,467,362,11,0,3,9,90,111,0,61,141,18,3,1023,1520,0,0,70,452,621,131,ATK@600+HEAL@1200,gauntlet/20260930-224119-scrim-e1aggr/losses/chenyx512.flagbot_final__Funnel__botB.bc24,chenyx512.flagbot_final,0,e1aggr
B,e1aggr,0,1457,CAPTURE,1,412,307,3,0,0,0,0,28,32,180,190,6,11,956,1433,8,0,61,167,131,621,ATK@600+HEAL@1200,gauntlet/20260930-224119-scrim-e1aggr/losses/chenyx512.flagbot_final__Funnel__botB.bc24,chenyx512.flagbot_final,1,e1aggr
A,e1aggr,0,429,CAPTURE,0,-1,243,2,0,0,0,0,184,82,690,273,12,3,691,744,24,0,250,197,44,81,,gauntlet/20260930-224119-scrim-e1aggr/losses/hsmalladi.finalbot__Snake__botA.bc24,hsmalladi.finalbot,1,e1aggr
B,finalbot,1,429,CAPTURE,3,357,270,29,14,3,50,60,147,0,10174,16344,12,4,742,833,32,9,256,263,81,44,,gauntlet/20260930-224119-scrim-e1aggr/losses/hsmalladi.finalbot__Snake__botA.bc24,hsmalladi.finalbot,0,e1aggr
A,e1aggr,0,617,CAPTURE,1,463,263,10,0,0,0,0,83,19,10,35,2,25,1059,1400,6,0,19,38,71,68,ATK@600,gauntlet/20260930-224119-scrim-e1aggr/losses/Gymhgy.v10official__Intercontinental__botA.bc24,Gymhgy.v10official,1,e1aggr
B,v10official,1,617,CAPTURE,3,293,258,39,23,3,6,59,111,2,312,33,11,6,913,1477,4,2,17,27,68,71,ATK@600,gauntlet/20260930-224119-scrim-e1aggr/losses/Gymhgy.v10official__Intercontinental__botA.bc24,Gymhgy.v10official,0,e1aggr
A,waffle,1,515,CAPTURE,3,371,253,17,0,0,0,0,0,3,2100,2210,0,4,944,1072,0,0,134,146,67,66,,gauntlet/20260930-224119-scrim-e1aggr/losses/winkelmantanner.waffle__Puzzle__botB.bc24,winkelmantanner.waffle,0,e1aggr
B,e1aggr,0,515,CAPTURE,0,-1,392,3,0,0,0,0,4,22,125,600,4,1,798,1074,9,0,85,104,66,67,,gauntlet/20260930-224119-scrim-e1aggr/losses/winkelmantanner.waffle__Puzzle__botB.bc24,winkelmantanner.waffle,1,e1aggr
A,Goob_final,1,2000,MORE_FLAG_CAPTURES,2,280,228,4,0,0,0,0,115,0,4750,20,0,3,1211,977,1,0,69,364,587,1211,ATK@600+HEAL@1200+CAP@1800,gauntlet/20260930-224119-scrim-e1aggr/losses/ColtG5.Goob_final__Islands__botB.bc24,ColtG5.Goob_final,0,e1aggr
B,e1aggr,0,2000,MORE_FLAG_CAPTURES,1,1825,1793,2,0,0,0,0,62,50,150,255,9,9,1211,1609,18,0,54,254,1211,587,ATK@600+HEAL@1200+CAP@1800,gauntlet/20260930-224119-scrim-e1aggr/losses/ColtG5.Goob_final__Islands__botB.bc24,ColtG5.Goob_final,1,e1aggr
A,e1aggr,0,2000,MORE_FLAG_CAPTURES,0,-1,289,3,0,0,0,0,5,21,170,190,3,13,702,1031,19,0,72,225,322,451,ATK@600+HEAL@1200+CAP@1800,gauntlet/20260930-224119-scrim-e1aggr/losses/IvanGeffner.kuma__Puzzle__botA.bc24,IvanGeffner.kuma,1,e1aggr
B,kuma,1,2000,MORE_FLAG_CAPTURES,2,349,273,27,19,0,0,90,4,0,825,2585,18,4,927,944,4,0,155,504,451,322,ATK@600+HEAL@1200+CAP@1800,gauntlet/20260930-224119-scrim-e1aggr/losses/IvanGeffner.kuma__Puzzle__botA.bc24,IvanGeffner.kuma,0,e1aggr
A,e1aggr,0,1136,CAPTURE,0,-1,257,16,0,0,0,0,102,34,125,160,5,7,953,1459,19,0,70,156,186,328,ATK@600,gauntlet/20260930-224119-scrim-e1aggr/losses/Strequals.duck0127v5__BigDucksBigPond__botA.bc24,Strequals.duck0127v5,1,e1aggr
B,duck0127v5,1,1136,CAPTURE,3,564,426,18,0,0,0,90,28,1,2335,2735,18,5,1086,1443,0,2,85,311,328,186,ATK@600,gauntlet/20260930-224119-scrim-e1aggr/losses/Strequals.duck0127v5__BigDucksBigPond__botA.bc24,Strequals.duck0127v5,0,e1aggr
A,e1aggr,0,384,CAPTURE,1,320,296,1,0,0,0,0,0,42,200,170,7,15,759,1109,8,0,36,37,83,45,,gauntlet/20260930-224119-scrim-e1aggr/losses/jmerle.camel_case_v21_final__BedWars__botA.bc24,jmerle.camel_case_v21_final,1,e1aggr
B,camel_case_v21_final,1,384,CAPTURE,3,308,265,7,0,0,0,0,0,0,4800,1700,0,3,949,265,0,0,38,38,45,83,,gauntlet/20260930-224119-scrim-e1aggr/losses/jmerle.camel_case_v21_final__BedWars__botA.bc24,jmerle.camel_case_v21_final,0,e1aggr
A,jeeryfix3,1,2000,MORE_FLAG_CAPTURES,2,435,258,23,0,0,0,0,36,4,15420,18020,0,12,799,674,0,0,188,413,435,1073,ATK@600+CAP@1200+HEAL@1800,gauntlet/20260930-224119-scrim-e1aggr/losses/kyleezz.jeeryfix3__Joker__botB.bc24,kyleezz.jeeryfix3,0,e1aggr
B,e1aggr,0,2000,MORE_FLAG_CAPTURES,0,-1,402,3,0,0,0,0,3,116,3960,290,12,19,1024,1027,24,0,232,422,1073,435,ATK@600+HEAL@1200+CAP@1800,gauntlet/20260930-224119-scrim-e1aggr/losses/kyleezz.jeeryfix3__Joker__botB.bc24,kyleezz.jeeryfix3,1,e1aggr
A,e1aggr,0,2000,MORE_FLAG_CAPTURES,0,-1,0,0,0,0,0,0,4,26,200,275,4,19,1112,1294,3,0,49,191,1070,338,ATK@600+HEAL@1200+CAP@1800,gauntlet/20260930-224119-scrim-e1aggr/losses/ColtG5.Goob_final__FloodGates__botA.bc24,ColtG5.Goob_final,1,e1aggr
B,Goob_final,1,2000,MORE_FLAG_CAPTURES,1,311,266,5,0,0,0,0,7,0,2690,50,0,12,913,769,3,0,39,190,338,1070,ATK@600+HEAL@1200+CAP@1800,gauntlet/20260930-224119-scrim-e1aggr/losses/ColtG5.Goob_final__FloodGates__botA.bc24,ColtG5.Goob_final,0,e1aggr
A,e1aggr,0,1235,CAPTURE,1,250,216,9,0,0,0,0,40,62,665,223,10,2,811,1010,24,0,174,243,251,269,ATK@600+HEAL@1200,gauntlet/20260930-224119-scrim-e1aggr/losses/CyrilSharma.finalBot__MIT__botA.bc24,CyrilSharma.finalBot,1,e1aggr
B,finalBot,1,1235,CAPTURE,3,335,297,14,0,0,0,60,16,1,8012,31389,12,0,675,731,0,0,140,557,269,251,ATK@600+HEAL@1200,gauntlet/20260930-224119-scrim-e1aggr/losses/CyrilSharma.finalBot__MIT__botA.bc24,CyrilSharma.finalBot,0,e1aggr
A,e1aggr,0,2000,MORE_FLAG_CAPTURES,0,-1,0,0,0,0,0,0,0,37,185,155,6,16,777,1146,10,0,45,197,360,477,ATK@600+HEAL@1200+CAP@1800,gauntlet/20260930-224119-scrim-e1aggr/losses/andli28.v9_USQuals_angle__Valentine__botA.bc24,andli28.v9_USQuals_angle,1,e1aggr
B,v9_USQuals_angle,1,2000,MORE_FLAG_CAPTURES,2,681,282,24,0,0,0,90,0,6,2445,3880,18,5,869,1000,7,3,98,477,477,360,ATK@600+HEAL@1200+CAP@1800,gauntlet/20260930-224119-scrim-e1aggr/losses/andli28.v9_USQuals_angle__Valentine__botA.bc24,andli28.v9_USQuals_angle,0,e1aggr
A,e1aggr,0,938,CAPTURE,0,-1,0,0,0,0,0,0,254,67,639,69,11,4,863,1841,24,0,75,121,131,185,ATK@600,gauntlet/20260930-224119-scrim-e1aggr/losses/andli28.v9_USQuals_angle__Waterworld__botA.bc24,andli28.v9_USQuals_angle,1,e1aggr
B,v9_USQuals_angle,1,938,CAPTURE,3,862,800,8,0,0,0,40,181,6,3485,4312,8,3,1080,1434,8,3,56,185,185,131,ATK@600,gauntlet/20260930-224119-scrim-e1aggr/losses/andli28.v9_USQuals_angle__Waterworld__botA.bc24,andli28.v9_USQuals_angle,0,e1aggr
A,v3,1,468,CAPTURE,3,324,286,16,10,0,0,0,17,0,2590,14553,0,4,1067,1233,0,0,170,199,90,45,,gauntlet/20260930-224119-scrim-e1aggr/losses/NotLLeon.v3__HungerGames__botB.bc24,NotLLeon.v3,0,e1aggr
B,e1aggr,0,468,CAPTURE,1,437,230,2,0,0,0,0,18,23,135,305,4,0,812,1113,10,0,64,63,45,90,,gauntlet/20260930-224119-scrim-e1aggr/losses/NotLLeon.v3__HungerGames__botB.bc24,NotLLeon.v3,1,e1aggr
A,v3,1,2000,MORE_FLAG_CAPTURES,2,290,253,43,8,0,0,0,11,0,6170,5390,0,19,920,886,0,0,91,351,574,716,ATK@600+HEAL@1200+CAP@1800,gauntlet/20260930-224119-scrim-e1aggr/losses/NotLLeon.v3__Mountain__botB.bc24,NotLLeon.v3,0,e1aggr
B,e1aggr,0,2000,MORE_FLAG_CAPTURES,0,-1,0,0,0,0,0,0,31,45,180,240,8,0,775,1112,14,0,67,228,716,574,ATK@600+HEAL@1200+CAP@1800,gauntlet/20260930-224119-scrim-e1aggr/losses/NotLLeon.v3__Mountain__botB.bc24,NotLLeon.v3,1,e1aggr
A,Version18Final,1,829,CAPTURE,3,374,270,21,0,3,21,21,39,18,234,90,3,4,858,1003,3,3,28,59,106,133,ATK@600,gauntlet/20260930-224119-scrim-e1aggr/losses/uravt.Version18Final__Decision__botB.bc24,uravt.Version18Final,0,e1aggr
B,e1aggr,0,829,CAPTURE,0,-1,702,1,0,0,0,0,73,17,130,175,2,0,834,1334,4,0,31,67,133,106,ATK@600,gauntlet/20260930-224119-scrim-e1aggr/losses/uravt.Version18Final__Decision__botB.bc24,uravt.Version18Final,1,e1aggr
A,flagbot_final,1,1006,CAPTURE,3,376,325,8,0,3,27,37,61,0,11,15,6,4,997,1557,0,0,0,180,401,98,ATK@600,gauntlet/20260930-224119-scrim-e1aggr/losses/chenyx512.flagbot_final__Racetrack__botB.bc24,chenyx512.flagbot_final,0,e1aggr
B,e1aggr,0,1006,CAPTURE,0,-1,0,0,0,0,0,0,65,2,150,200,0,6,961,1428,1,0,17,73,98,401,ATK@600,gauntlet/20260930-224119-scrim-e1aggr/losses/chenyx512.flagbot_final__Racetrack__botB.bc24,chenyx512.flagbot_final,1,e1aggr
A,player22,1,1594,CAPTURE,3,324,290,11,0,3,0,0,26,0,2320,50,0,6,1301,710,0,0,64,363,947,774,ATK@600+HEAL@1200,gauntlet/20260930-224119-scrim-e1aggr/losses/andrewgopher.player22__Digging__botB.bc24,andrewgopher.player22,0,e1aggr
B,e1aggr,0,1594,CAPTURE,0,-1,0,0,0,0,0,0,12,26,125,265,5,2,1028,1500,4,0,48,181,774,947,ATK@600+HEAL@1200,gauntlet/20260930-224119-scrim-e1aggr/losses/andrewgopher.player22__Digging__botB.bc24,andrewgopher.player22,1,e1aggr
A,camel_case_v21_final,1,621,CAPTURE,3,354,254,19,0,0,0,0,48,11,3160,2900,0,23,1333,384,0,0,108,119,135,258,ATK@600,gauntlet/20260930-224119-scrim-e1aggr/losses/jmerle.camel_case_v21_final__Alligator__botB.bc24,jmerle.camel_case_v21_final,0,e1aggr
B,e1aggr,0,621,CAPTURE,0,-1,274,3,0,0,0,0,50,34,160,305,6,11,954,1436,9,0,67,93,258,135,ATK@600,gauntlet/20260930-224119-scrim-e1aggr/losses/jmerle.camel_case_v21_final__Alligator__botB.bc24,jmerle.camel_case_v21_final,1,e1aggr
A,e1aggr,0,1468,CAPTURE,0,-1,319,11,0,0,0,0,77,17,180,140,2,3,802,1661,3,0,30,129,212,424,ATK@600+HEAL@1200,gauntlet/20260930-224119-scrim-e1aggr/losses/Strequals.duck0127v5__Decision__botA.bc24,Strequals.duck0127v5,1,e1aggr
B,duck0127v5,1,1468,CAPTURE,3,522,308,18,0,0,0,90,21,2,1797,882,18,3,1012,1308,0,3,33,396,424,212,ATK@600+HEAL@1200,gauntlet/20260930-224119-scrim-e1aggr/losses/Strequals.duck0127v5__Decision__botA.bc24,Strequals.duck0127v5,0,e1aggr
A,e1aggr,1,2000,MORE_FLAG_CAPTURES,2,405,349,10,0,0,0,0,29,48,135,239,8,2,659,703,17,0,69,582,1529,281,ATK@600+HEAL@1200+CAP@1800,gauntlet/20260930-224119-scrim-e1aggr/replays/RyanAspen.v22__Mountain__botA.bc24,RyanAspen.v22,1,e1aggr
B,v22,0,2000,MORE_FLAG_CAPTURES,1,242,218,7,0,0,0,0,41,11,4170,80,0,27,518,163,0,0,85,248,281,1529,ATK@600+HEAL@1200+CAP@1800,gauntlet/20260930-224119-scrim-e1aggr/replays/RyanAspen.v22__Mountain__botA.bc24,RyanAspen.v22,0,e1aggr
A,e1aggr,1,1827,CAPTURE,3,1560,322,29,0,0,0,0,10,45,156,216,8,10,1327,1605,12,0,54,256,1018,347,ATK@600+HEAL@1200+CAP@1800,gauntlet/20260930-224119-scrim-e1aggr/replays/jonters.bling3__Alien__botA.bc24,jonters.bling3,1,e1aggr
B,bling3,0,1827,CAPTURE,1,414,226,9,0,0,0,0,10,17,2000,250,0,7,900,1522,38,0,2,160,347,1018,ATK@600+HEAL@1200+CAP@1800,gauntlet/20260930-224119-scrim-e1aggr/replays/jonters.bling3__Alien__botA.bc24,jonters.bling3,0,e1aggr
A,cowards,0,603,CAPTURE,0,-1,362,5,0,0,0,0,19,14,830,23,0,2,506,1365,53,0,0,57,69,221,,gauntlet/20260930-224119-scrim-e1aggr/replays/aj-chau.cowards__Occulus__botB.bc24,aj-chau.cowards,0,e1aggr
B,e1aggr,1,603,CAPTURE,3,286,208,9,0,0,0,0,15,33,205,305,5,32,1236,909,5,0,59,80,221,69,ATK@600,gauntlet/20260930-224119-scrim-e1aggr/replays/aj-chau.cowards__Occulus__botB.bc24,aj-chau.cowards,1,e1aggr
A,sprint1,0,575,CAPTURE,1,284,215,7,0,0,0,0,58,13,60,60,0,2,236,990,20,0,0,23,21,370,,gauntlet/20260930-224119-scrim-e1aggr/replays/justinottesen.sprint1__Ambush__botB.bc24,justinottesen.sprint1,0,e1aggr
B,e1aggr,1,575,CAPTURE,3,229,207,10,0,0,0,0,35,28,200,220,4,19,1778,566,6,0,69,113,370,21,,gauntlet/20260930-224119-scrim-e1aggr/replays/justinottesen.sprint1__Ambush__botB.bc24,justinottesen.sprint1,1,e1aggr
A,keyboardcrusader_v1,0,362,CAPTURE,0,-1,0,3,0,3,68,0,98,0,1660,3460,0,0,263,524,15,0,0,8,3,45,,gauntlet/20260930-224119-scrim-e1aggr/replays/H4ffliger.keyboardcrusader_v1__Funnel__botB.bc24,H4ffliger.keyboardcrusader_v1,0,e1aggr
B,e1aggr,1,362,CAPTURE,3,296,210,3,0,0,0,0,35,30,180,80,5,4,600,553,15,0,54,0,45,3,,gauntlet/20260930-224119-scrim-e1aggr/replays/H4ffliger.keyboardcrusader_v1__Funnel__botB.bc24,H4ffliger.keyboardcrusader_v1,1,e1aggr
A,duck8,0,1018,CAPTURE,2,234,212,17,0,0,0,0,10,33,80,100,2,5,966,1205,8,0,74,163,198,513,ATK@750,gauntlet/20260930-224119-scrim-e1aggr/replays/clbarrell.duck8__WheresMyWater__botB.bc24,clbarrell.duck8,0,e1aggr
B,e1aggr,1,1018,CAPTURE,3,342,300,4,0,0,0,0,56,30,120,131,5,0,1253,1324,8,0,45,156,513,198,ATK@600,gauntlet/20260930-224119-scrim-e1aggr/replays/clbarrell.duck8__WheresMyWater__botB.bc24,clbarrell.duck8,1,e1aggr
A,bc24scenario,0,2000,LEVEL_SUM,0,-1,0,1,0,1,2,58,58,3,1100,1100,6,30,0,0,1,1,1,0,2,118,ATK@600+HEAL@1200+CAP@1800,gauntlet/20260930-224119-scrim-e1aggr/replays/Metta-AI.bc24scenario__Tunnels__botB.bc24,Metta-AI.bc24scenario,0,e1aggr
B,e1aggr,1,2000,LEVEL_SUM,0,-1,1967,1,0,0,0,0,62,22,195,1475,4,32,0,0,7,0,48,52,118,2,ATK@600+HEAL@1200+CAP@1800,gauntlet/20260930-224119-scrim-e1aggr/replays/Metta-AI.bc24scenario__Tunnels__botB.bc24,Metta-AI.bc24scenario,1,e1aggr
A,v9,0,414,CAPTURE,0,-1,237,2,0,0,0,0,38,20,965,915,3,2,549,817,0,0,46,37,13,175,,gauntlet/20260930-224119-scrim-e1aggr/replays/TylerJulian.v9__Rivers__botB.bc24,TylerJulian.v9,0,e1aggr
B,e1aggr,1,414,CAPTURE,3,304,229,6,0,0,0,0,31,27,185,295,4,24,1449,897,4,0,47,47,175,13,,gauntlet/20260930-224119-scrim-e1aggr/replays/TylerJulian.v9__Rivers__botB.bc24,TylerJulian.v9,1,e1aggr
A,SimpleBot,0,488,CAPTURE,0,-1,0,0,0,0,0,0,0,0,2400,2900,0,16,0,0,0,0,0,0,0,355,,gauntlet/20260930-224119-scrim-e1aggr/replays/sayam-goyal.SimpleBot__StackGame__botB.bc24,sayam-goyal.SimpleBot,0,e1aggr
B,e1aggr,1,488,CAPTURE,3,263,223,3,0,0,0,0,28,53,200,210,10,3,1563,0,24,0,139,94,355,0,,gauntlet/20260930-224119-scrim-e1aggr/replays/sayam-goyal.SimpleBot__StackGame__botB.bc24,sayam-goyal.SimpleBot,1,e1aggr
A,funkyguy3,0,805,CAPTURE,0,-1,455,11,0,0,0,0,60,123,50,80,6,8,46,465,100,0,42,166,65,731,ATK@600,gauntlet/20260930-224119-scrim-e1aggr/replays/lcforges.funkyguy3__Skyline__botB.bc24,lcforges.funkyguy3,0,e1aggr
B,e1aggr,1,805,CAPTURE,3,290,217,10,0,0,0,0,95,102,9300,269,9,18,1497,443,24,0,201,232,731,65,ATK@600,gauntlet/20260930-224119-scrim-e1aggr/replays/lcforges.funkyguy3__Skyline__botB.bc24,lcforges.funkyguy3,1,e1aggr
A,e1aggr,1,487,CAPTURE,3,275,222,7,0,0,0,0,12,61,646,286,10,11,1283,711,24,0,126,104,235,59,,gauntlet/20260930-224119-scrim-e1aggr/replays/cViper971.ourplayer__Anchor__botA.bc24,cViper971.ourplayer,1,e1aggr
B,ourplayer,0,487,CAPTURE,1,481,301,16,0,0,0,0,13,38,950,70,3,8,233,408,57,0,0,42,59,235,,gauntlet/20260930-224119-scrim-e1aggr/replays/cViper971.ourplayer__Anchor__botA.bc24,cViper971.ourplayer,0,e1aggr
A,dinoboxer,0,2000,MORE_FLAG_CAPTURES,0,-1,817,5,0,0,0,0,15,21,50,30,0,2,196,297,21,0,7,196,134,721,ATK@600+CAP@1200+HEAL@1800,gauntlet/20260930-224119-scrim-e1aggr/replays/Peter-Fun.dinoboxer__HeMustBeFreed__botB.bc24,Peter-Fun.dinoboxer,0,e1aggr
B,e1aggr,1,2000,MORE_FLAG_CAPTURES,1,482,359,14,0,0,0,0,111,15,160,25,2,4,352,283,16,0,32,306,721,134,ATK@600+HEAL@1200+CAP@1800,gauntlet/20260930-224119-scrim-e1aggr/replays/Peter-Fun.dinoboxer__HeMustBeFreed__botB.bc24,Peter-Fun.dinoboxer,1,e1aggr
A,e1aggr,1,985,CAPTURE,3,514,230,12,0,0,0,0,19,76,615,285,12,9,1090,720,24,0,82,168,343,70,ATK@600,gauntlet/20260930-224119-scrim-e1aggr/replays/aj-chau.cowards__Foxes__botA.bc24,aj-chau.cowards,1,e1aggr
B,cowards,0,985,CAPTURE,0,-1,409,5,0,0,0,0,13,27,4130,160,2,1,272,1242,56,0,0,73,70,343,ATK@750,gauntlet/20260930-224119-scrim-e1aggr/replays/aj-chau.cowards__Foxes__botA.bc24,aj-chau.cowards,0,e1aggr
A,e1aggr,1,1574,CAPTURE,3,902,344,78,0,0,0,0,59,4,130,200,0,3,1179,1109,1,0,26,192,558,193,ATK@600+HEAL@1200,gauntlet/20260930-224119-scrim-e1aggr/replays/SampleProvider.TSPAARKSPRINT1__Racetrack__botA.bc24,SampleProvider.TSPAARKSPRINT1,1,e1aggr
B,TSPAARKSPRINT1,0,1574,CAPTURE,2,1210,723,27,0,3,29,0,79,0,30,20,0,25,641,1640,0,0,0,29,193,558,ATK@600+CAP@1200,gauntlet/20260930-224119-scrim-e1aggr/replays/SampleProvider.TSPAARKSPRINT1__Racetrack__botA.bc24,SampleProvider.TSPAARKSPRINT1,0,e1aggr
A,turtle,0,1208,CAPTURE,0,-1,0,3,0,3,0,1,0,5,3980,22,0,18,250,509,27,0,0,33,41,158,HEAL@600+ATK@1200,gauntlet/20260930-224119-scrim-e1aggr/replays/andrearante12.turtle__MazeRunner__botB.bc24,andrearante12.turtle,0,e1aggr
B,e1aggr,1,1208,CAPTURE,3,458,314,11,0,0,0,0,71,21,40,10,3,3,626,479,24,0,51,54,158,41,ATK@600+HEAL@1200,gauntlet/20260930-224119-scrim-e1aggr/replays/andrearante12.turtle__MazeRunner__botB.bc24,andrearante12.turtle,1,e1aggr
A,polyv4,0,577,CAPTURE,0,-1,268,1,0,0,0,0,13,26,6490,13685,3,1,48,99,3,0,50,52,2,555,,gauntlet/20260930-224119-scrim-e1aggr/replays/polyllc.polyv4__SteamboatMickey__botB.bc24,polyllc.polyv4,0,e1aggr
B,e1aggr,1,577,CAPTURE,3,423,262,5,0,0,0,0,7,75,680,240,11,3,1951,60,27,0,145,141,555,2,,gauntlet/20260930-224119-scrim-e1aggr/replays/polyllc.polyv4__SteamboatMickey__botB.bc24,polyllc.polyv4,1,e1aggr
A,e1aggr,1,2000,MORE_FLAG_CAPTURES,1,602,431,39,0,0,0,0,57,36,130,300,6,19,1176,901,7,0,50,540,1398,165,ATK@600+HEAL@1200+CAP@1800,gauntlet/20260930-224119-scrim-e1aggr/replays/reeceyang.v5__GravitationalWaves__botA.bc24,reeceyang.v5,1,e1aggr
B,v5,0,2000,MORE_FLAG_CAPTURES,0,-1,0,0,0,0,0,0,75,20,10,30,2,9,506,1046,21,0,0,104,165,1398,ATK@600+CAP@1200+HEAL@1800,gauntlet/20260930-224119-scrim-e1aggr/replays/reeceyang.v5__GravitationalWaves__botA.bc24,reeceyang.v5,0,e1aggr
A,MPAttack,0,501,RESIGNATION,0,-1,371,3,0,0,0,0,22,13,140,180,0,0,324,238,21,0,0,11,28,168,,gauntlet/20260930-224119-scrim-e1aggr/replays/itswin.MPAttack__TreeSearch__botB.bc24,itswin.MPAttack,0,e1aggr
B,e1aggr,1,501,RESIGNATION,2,271,227,9,0,0,0,0,76,24,175,240,4,23,510,552,24,0,58,72,168,28,,gauntlet/20260930-224119-scrim-e1aggr/replays/itswin.MPAttack__TreeSearch__botB.bc24,itswin.MPAttack,1,e1aggr
A,tx,0,498,CAPTURE,0,-1,0,0,0,0,0,0,0,0,2900,3400,0,6,0,0,0,0,0,0,0,327,,gauntlet/20260930-224119-scrim-e1aggr/replays/PerishoJ.tx__DefaultLarge__botB.bc24,PerishoJ.tx,0,e1aggr
B,e1aggr,1,498,CAPTURE,3,373,268,3,0,0,0,0,49,21,150,180,3,3,1659,0,24,0,127,31,327,0,,gauntlet/20260930-224119-scrim-e1aggr/replays/PerishoJ.tx__DefaultLarge__botB.bc24,PerishoJ.tx,1,e1aggr
A,combustiblelemon,0,587,CAPTURE,0,-1,0,3,0,3,14,0,0,11,200,100,0,10,311,101,24,0,0,13,20,137,,gauntlet/20260930-224119-scrim-e1aggr/replays/samithShetty.combustiblelemon__Puzzle__botB.bc24,samithShetty.combustiblelemon,0,e1aggr
B,e1aggr,1,587,CAPTURE,3,391,218,4,0,0,0,0,3,22,165,1454,4,4,635,529,24,0,151,89,137,20,,gauntlet/20260930-224119-scrim-e1aggr/replays/samithShetty.combustiblelemon__Puzzle__botB.bc24,samithShetty.combustiblelemon,1,e1aggr
A,v11,0,2000,MORE_FLAG_CAPTURES,0,-1,0,0,0,0,0,0,19,43,30,440,3,20,382,518,0,4,52,186,73,2174,ATK@600+HEAL@1200+CAP@1800,gauntlet/20260930-224119-scrim-e1aggr/replays/JeffLegendPower.v11__EndAround__botB.bc24,JeffLegendPower.v11,0,e1aggr
B,e1aggr,1,2000,MORE_FLAG_CAPTURES,1,1332,303,12,0,0,0,0,67,22,165,415,3,7,595,670,16,0,60,340,2174,73,ATK@600+HEAL@1200+CAP@1800,gauntlet/20260930-224119-scrim-e1aggr/replays/JeffLegendPower.v11__EndAround__botB.bc24,JeffLegendPower.v11,1,e1aggr
A,e1aggr,1,1008,CAPTURE,3,402,224,16,0,0,0,0,64,40,175,300,7,10,1174,450,12,0,62,208,523,37,ATK@600,gauntlet/20260930-224119-scrim-e1aggr/replays/justinottesen.sprint1__Hurricane__botA.bc24,justinottesen.sprint1,1,e1aggr
B,sprint1,0,1008,CAPTURE,0,-1,327,19,0,0,0,0,177,7,190,70,0,4,215,910,10,0,0,27,37,523,ATK@600,gauntlet/20260930-224119-scrim-e1aggr/replays/justinottesen.sprint1__Hurricane__botA.bc24,justinottesen.sprint1,0,e1aggr
A,turtle,0,573,CAPTURE,0,-1,0,3,0,3,55,0,0,1,4400,4260,0,0,201,178,8,0,0,9,14,143,,gauntlet/20260930-224119-scrim-e1aggr/replays/andrearante12.turtle__Funnel__botB.bc24,andrearante12.turtle,0,e1aggr
B,e1aggr,1,573,CAPTURE,3,274,202,5,0,0,0,0,38,30,145,110,6,11,628,455,17,0,48,29,143,14,,gauntlet/20260930-224119-scrim-e1aggr/replays/andrearante12.turtle__Funnel__botB.bc24,andrearante12.turtle,1,e1aggr
A,e1aggr,1,515,CAPTURE,3,267,224,4,0,0,0,0,43,18,320,165,3,6,1325,887,21,0,37,29,285,15,,gauntlet/20260930-224119-scrim-e1aggr/replays/dylanconklin.Team3__Fountain__botA.bc24,dylanconklin.Team3,1,e1aggr
B,Team3,0,515,CAPTURE,0,-1,0,3,0,3,0,0,35,15,151,31,1,8,365,69,27,0,0,17,15,285,,gauntlet/20260930-224119-scrim-e1aggr/replays/dylanconklin.Team3__Fountain__botA.bc24,dylanconklin.Team3,0,e1aggr
A,crayBasic,0,469,CAPTURE,0,-1,218,16,0,0,0,0,0,0,2700,3200,0,17,597,15,0,0,0,0,4,343,,gauntlet/20260930-224119-scrim-e1aggr/replays/abdullah8a0.crayBasic__Battlefield__botB.bc24,abdullah8a0.crayBasic,0,e1aggr
B,e1aggr,1,469,CAPTURE,3,332,255,4,0,0,0,0,29,46,195,245,8,30,1841,1131,9,0,69,74,343,4,,gauntlet/20260930-224119-scrim-e1aggr/replays/abdullah8a0.crayBasic__Battlefield__botB.bc24,abdullah8a0.crayBasic,1,e1aggr
A,e1aggr,1,1727,CAPTURE,3,1467,1392,7,0,0,0,0,11,19,135,215,3,29,1260,1301,1,0,135,466,1162,231,ATK@600+HEAL@1200,gauntlet/20260930-224119-scrim-e1aggr/replays/qpwoeirut.tournament_sprint1__GaltonBoard__botA.bc24,qpwoeirut.tournament_sprint1,1,e1aggr
B,tournament_sprint1,0,1727,CAPTURE,0,-1,0,0,0,0,0,0,9,0,2130,120,0,3,530,1538,49,0,0,164,231,1162,ATK@600+HEAL@1200,gauntlet/20260930-224119-scrim-e1aggr/replays/qpwoeirut.tournament_sprint1__GaltonBoard__botA.bc24,qpwoeirut.tournament_sprint1,0,e1aggr
A,e1aggr,1,1039,CAPTURE,3,320,253,21,0,0,0,0,95,46,185,275,8,9,869,459,14,0,79,169,637,87,ATK@600,gauntlet/20260930-224119-scrim-e1aggr/replays/cViper971.ourplayer__Klein__botA.bc24,cViper971.ourplayer,1,e1aggr
B,ourplayer,0,1039,CAPTURE,0,-1,417,3,0,0,0,0,33,17,50,110,2,10,214,524,32,0,0,64,87,637,ATK@600,gauntlet/20260930-224119-scrim-e1aggr/replays/cViper971.ourplayer__Klein__botA.bc24,cViper971.ourplayer,0,e1aggr
A,e1aggr,1,2000,MORE_FLAG_CAPTURES,1,437,210,3,0,0,0,0,10,33,150,280,5,3,1019,49,24,0,88,0,851,1,ATK@600+HEAL@1200+CAP@1800,gauntlet/20260930-224119-scrim-e1aggr/replays/lukerhoads.warrior_2nd_comp__AceOfSpades__botA.bc24,lukerhoads.warrior_2nd_comp,1,e1aggr
B,warrior_2nd_comp,0,2000,MORE_FLAG_CAPTURES,0,-1,0,3,0,3,56,0,0,14,1800,2300,1,10,0,0,10,2,2,11,1,851,ATK@750+CAP@1500,gauntlet/20260930-224119-scrim-e1aggr/replays/lukerhoads.warrior_2nd_comp__AceOfSpades__botA.bc24,lukerhoads.warrior_2nd_comp,0,e1aggr
A,moveBot1,0,502,CAPTURE,0,-1,0,0,0,0,0,0,49,22,1210,350,2,17,195,386,36,0,0,32,22,365,,gauntlet/20260930-224119-scrim-e1aggr/replays/adamseth2.moveBot1__StackGame__botB.bc24,adamseth2.moveBot1,0,e1aggr
B,e1aggr,1,502,CAPTURE,3,283,261,3,0,0,0,0,32,50,215,185,8,3,1770,754,24,0,106,99,365,22,,gauntlet/20260930-224119-scrim-e1aggr/replays/adamseth2.moveBot1__StackGame__botB.bc24,adamseth2.moveBot1,1,e1aggr
A,defaultplayer_intlqualifier,0,2000,MORE_FLAG_CAPTURES,0,-1,251,14,1,3,11,0,31,9,170,620,0,4,335,730,4,34,20,97,26,1047,ATK@600+HEAL@1200+CAP@1800,gauntlet/20260930-224119-scrim-e1aggr/replays/dmtrung14.defaultplayer_intlqualifier__Pancakes__botB.bc24,dmtrung14.defaultplayer_intlqualifier,0,e1aggr
B,e1aggr,1,2000,MORE_FLAG_CAPTURES,2,285,235,5,0,0,0,0,16,17,200,110,3,14,1067,520,9,0,45,225,1047,26,ATK@600+HEAL@1200+CAP@1800,gauntlet/20260930-224119-scrim-e1aggr/replays/dmtrung14.defaultplayer_intlqualifier__Pancakes__botB.bc24,dmtrung14.defaultplayer_intlqualifier,1,e1aggr
A,e1aggr,1,321,CAPTURE,3,224,210,3,0,0,0,0,44,29,200,165,4,4,624,242,8,0,57,0,87,21,,gauntlet/20260930-224119-scrim-e1aggr/replays/Lithanium.AttackingBot__Ambush__botA.bc24,Lithanium.AttackingBot,1,e1aggr
B,AttackingBot,0,321,CAPTURE,0,-1,0,0,0,0,0,0,72,3,1940,100,0,0,18,0,17,0,0,16,21,87,,gauntlet/20260930-224119-scrim-e1aggr/replays/Lithanium.AttackingBot__Ambush__botA.bc24,Lithanium.AttackingBot,0,e1aggr
A,e1aggr,1,1017,CAPTURE,3,381,298,15,0,0,0,0,43,19,190,130,2,3,634,601,9,0,27,97,558,53,ATK@600,gauntlet/20260930-224119-scrim-e1aggr/replays/MiloAkerman.v1__Fountain__botA.bc24,MiloAkerman.v1,1,e1aggr
B,v1,0,1017,CAPTURE,0,-1,0,0,0,0,0,0,71,3,1370,2270,0,9,358,466,15,0,0,20,53,558,,gauntlet/20260930-224119-scrim-e1aggr/replays/MiloAkerman.v1__Fountain__botA.bc24,MiloAkerman.v1,0,e1aggr
A,Bot21,0,1089,CAPTURE,1,407,230,27,9,3,3,61,66,36,83,23,12,4,801,815,3,0,40,110,177,784,ATK@601,gauntlet/20260930-224119-scrim-e1aggr/replays/HugoIngelsson.Bot21__Swoop__botB.bc24,HugoIngelsson.Bot21,0,e1aggr
B,e1aggr,1,1089,CAPTURE,3,523,244,12,0,0,0,0,58,40,170,260,7,0,1161,1037,13,0,56,194,784,177,ATK@600,gauntlet/20260930-224119-scrim-e1aggr/replays/HugoIngelsson.Bot21__Swoop__botB.bc24,HugoIngelsson.Bot21,1,e1aggr
A,e1aggr,1,505,CAPTURE,3,253,221,4,0,0,0,0,10,111,2865,295,12,3,1446,1122,24,0,184,154,351,2,,gauntlet/20260930-224119-scrim-e1aggr/replays/VarunVejalla.alexander__CH3353C4K3F4CT0RY__botA.bc24,VarunVejalla.alexander,1,e1aggr
B,alexander,0,505,CAPTURE,0,-1,483,4,0,3,25,0,0,0,4800,6000,0,7,589,75,0,0,0,0,2,351,,gauntlet/20260930-224119-scrim-e1aggr/replays/VarunVejalla.alexander__CH3353C4K3F4CT0RY__botA.bc24,VarunVejalla.alexander,0,e1aggr
A,Bot21,0,583,CAPTURE,0,-1,472,4,0,3,3,60,52,13,67,17,12,7,872,1030,4,0,24,38,29,278,,gauntlet/20260930-224119-scrim-e1aggr/replays/HugoIngelsson.Bot21__Rivers__botB.bc24,HugoIngelsson.Bot21,0,e1aggr
B,e1aggr,1,583,CAPTURE,3,490,401,4,0,0,0,0,30,28,200,180,4,3,1429,1574,6,0,55,63,278,29,,gauntlet/20260930-224119-scrim-e1aggr/replays/HugoIngelsson.Bot21__Rivers__botB.bc24,HugoIngelsson.Bot21,1,e1aggr
A,Sprint2,0,657,CAPTURE,0,-1,554,2,0,0,0,0,140,0,4800,30,0,9,145,527,15,16,8,51,11,424,ATK@600,gauntlet/20260930-224119-scrim-e1aggr/replays/tlevietpdx.Sprint2__Battlecode24__botB.bc24,tlevietpdx.Sprint2,0,e1aggr
B,e1aggr,1,657,CAPTURE,3,274,230,3,0,0,0,0,55,94,1752,302,12,3,1588,403,24,0,271,250,424,11,ATK@600,gauntlet/20260930-224119-scrim-e1aggr/replays/tlevietpdx.Sprint2__Battlecode24__botB.bc24,tlevietpdx.Sprint2,1,e1aggr
A,e1aggr,1,477,CAPTURE,3,370,222,3,0,0,0,0,43,23,185,160,4,3,745,117,13,0,57,0,145,6,,gauntlet/20260930-224119-scrim-e1aggr/replays/Lithanium.AttackingBot__OceanFloor__botA.bc24,Lithanium.AttackingBot,1,e1aggr
B,AttackingBot,0,477,CAPTURE,0,-1,0,0,0,0,0,0,99,0,830,330,0,8,24,0,14,0,0,9,6,145,,gauntlet/20260930-224119-scrim-e1aggr/replays/Lithanium.AttackingBot__OceanFloor__botA.bc24,Lithanium.AttackingBot,0,e1aggr
A,e1aggr,1,676,CAPTURE,3,312,239,6,0,0,0,0,38,44,205,165,8,6,704,335,24,0,75,69,201,21,ATK@600,gauntlet/20260930-224119-scrim-e1aggr/replays/SriLakshmiPolavarapu.ducks__Mountain__botA.bc24,SriLakshmiPolavarapu.ducks,1,e1aggr
B,ducks,0,676,CAPTURE,0,-1,0,3,0,3,14,0,0,30,200,100,0,17,49,0,40,0,0,32,21,201,,gauntlet/20260930-224119-scrim-e1aggr/replays/SriLakshmiPolavarapu.ducks__Mountain__botA.bc24,SriLakshmiPolavarapu.ducks,0,e1aggr
A,ExplosiveBot,0,1906,CAPTURE,0,-1,374,69,29,0,0,0,6,10,4520,5380,0,37,759,932,18,0,14,178,248,1334,ATK@600+HEAL@1200,gauntlet/20260930-224119-scrim-e1aggr/replays/awu7.ExplosiveBot__Randy__botB.bc24,awu7.ExplosiveBot,0,e1aggr
B,e1aggr,1,1906,CAPTURE,3,888,222,21,0,0,0,0,6,50,160,235,9,19,1082,1310,10,0,64,404,1334,248,ATK@600+HEAL@1200+CAP@1800,gauntlet/20260930-224119-scrim-e1aggr/replays/awu7.ExplosiveBot__Randy__botB.bc24,awu7.ExplosiveBot,1,e1aggr
A,v22,0,406,CAPTURE,0,-1,227,6,0,0,0,0,73,38,710,50,0,4,777,260,0,0,61,51,29,170,,gauntlet/20260930-224119-scrim-e1aggr/replays/RyanAspen.v22__Swoop__botB.bc24,RyanAspen.v22,0,e1aggr
B,e1aggr,1,406,CAPTURE,3,314,232,4,0,0,0,0,66,37,205,325,6,24,1259,1021,21,0,87,42,170,29,,gauntlet/20260930-224119-scrim-e1aggr/replays/RyanAspen.v22__Swoop__botB.bc24,RyanAspen.v22,1,e1aggr
A,e1aggr,1,491,CAPTURE,3,300,224,7,0,0,0,0,14,26,185,320,4,17,559,483,8,0,49,3,114,20,,gauntlet/20260930-224119-scrim-e1aggr/replays/AlexYu84.smartPlayer__Digging__botA.bc24,AlexYu84.smartPlayer,1,e1aggr
B,smartPlayer,0,491,CAPTURE,0,-1,0,3,0,3,17,0,8,14,120,20,1,19,106,44,25,13,0,39,20,114,,gauntlet/20260930-224119-scrim-e1aggr/replays/AlexYu84.smartPlayer__Digging__botA.bc24,AlexYu84.smartPlayer,0,e1aggr
A,e1aggr,1,2000,MORE_FLAG_CAPTURES,2,294,226,6,0,0,0,0,190,80,680,288,12,3,1722,845,24,0,299,969,2928,48,ATK@600+HEAL@1200+CAP@1800,gauntlet/20260930-224119-scrim-e1aggr/replays/neilhuang007.baseline__Snake__botA.bc24,neilhuang007.baseline,1,e1aggr
B,baseline,0,2000,MORE_FLAG_CAPTURES,0,-1,1075,1,0,0,0,0,229,6,7730,17920,0,12,485,1083,0,0,6,6,48,2928,CAP@601+ATK@1201+HEAL@1809,gauntlet/20260930-224119-scrim-e1aggr/replays/neilhuang007.baseline__Snake__botA.bc24,neilhuang007.baseline,0,e1aggr
A,e1aggr,1,925,CAPTURE,3,773,525,6,0,0,0,0,59,24,185,265,4,8,1737,925,7,0,67,214,1019,30,ATK@600,gauntlet/20260930-224119-scrim-e1aggr/replays/neilhuang007.baseline__TwistedTreeline__botA.bc24,neilhuang007.baseline,1,e1aggr
B,baseline,0,925,CAPTURE,0,-1,357,5,0,0,0,0,80,12,1200,1730,0,6,614,1170,0,0,12,4,30,1019,CAP@601,gauntlet/20260930-224119-scrim-e1aggr/replays/neilhuang007.baseline__TwistedTreeline__botA.bc24,neilhuang007.baseline,0,e1aggr
A,e1aggr,1,714,CAPTURE,3,437,285,13,0,0,0,0,87,14,150,170,2,3,775,886,2,0,35,49,160,32,ATK@600,gauntlet/20260930-224119-scrim-e1aggr/replays/Peter-Fun.dinoboxer__Decision__botA.bc24,Peter-Fun.dinoboxer,1,e1aggr
B,dinoboxer,0,714,CAPTURE,0,-1,432,5,0,0,0,0,0,17,100,70,0,2,441,729,16,1,8,41,32,160,ATK@600,gauntlet/20260930-224119-scrim-e1aggr/replays/Peter-Fun.dinoboxer__Decision__botA.bc24,Peter-Fun.dinoboxer,0,e1aggr
A,ducks,0,412,CAPTURE,0,-1,0,3,0,3,0,0,0,26,200,100,0,0,70,0,35,0,0,29,10,212,,gauntlet/20260930-224119-scrim-e1aggr/replays/SriLakshmiPolavarapu.ducks__StackGame__botB.bc24,SriLakshmiPolavarapu.ducks,0,e1aggr
B,e1aggr,1,412,CAPTURE,3,306,263,4,0,0,0,0,35,49,195,335,9,4,1398,762,24,0,107,48,212,10,,gauntlet/20260930-224119-scrim-e1aggr/replays/SriLakshmiPolavarapu.ducks__StackGame__botB.bc24,SriLakshmiPolavarapu.ducks,1,e1aggr
A,e1aggr,1,763,CAPTURE,3,426,327,3,0,0,0,0,72,21,30,200,3,3,169,6,22,0,56,7,350,0,ATK@600,gauntlet/20260930-224119-scrim-e1aggr/replays/sivakovivan.NewHide__MazeRunner__botA.bc24,sivakovivan.NewHide,1,e1aggr
B,NewHide,0,763,CAPTURE,0,-1,0,0,0,0,0,0,0,50,20,20,1,39,3,15,0,0,70,78,0,350,HEAL@600,gauntlet/20260930-224119-scrim-e1aggr/replays/sivakovivan.NewHide__MazeRunner__botA.bc24,sivakovivan.NewHide,0,e1aggr
A,Sprint2,0,608,CAPTURE,0,-1,470,1,0,0,0,0,36,0,13420,3026,0,8,178,373,60,32,30,123,28,313,ATK@600,gauntlet/20260930-224119-scrim-e1aggr/replays/tlevietpdx.Sprint2__Joker__botB.bc24,tlevietpdx.Sprint2,0,e1aggr
B,e1aggr,1,608,CAPTURE,3,339,267,6,0,0,0,0,2,112,4405,1448,12,3,1301,761,24,0,195,184,313,28,ATK@600,gauntlet/20260930-224119-scrim-e1aggr/replays/tlevietpdx.Sprint2__Joker__botB.bc24,tlevietpdx.Sprint2,1,e1aggr
A,bling3,0,979,CAPTURE,1,713,240,23,0,0,0,0,112,12,140,220,0,18,779,1250,18,0,0,44,154,393,ATK@600,gauntlet/20260930-224119-scrim-e1aggr/replays/jonters.bling3__QueenOfHearts__botB.bc24,jonters.bling3,0,e1aggr
B,e1aggr,1,979,CAPTURE,3,855,257,21,0,0,0,0,68,28,175,280,4,1,1199,1352,11,0,51,145,393,154,ATK@600,gauntlet/20260930-224119-scrim-e1aggr/replays/jonters.bling3__QueenOfHearts__botB.bc24,jonters.bling3,1,e1aggr
A,smartPlayer,0,1830,CAPTURE,0,-1,0,9,0,9,15,0,16,18,40,70,2,18,127,11,25,8,0,58,21,151,,gauntlet/20260930-224119-scrim-e1aggr/replays/AlexYu84.smartPlayer__SteamboatMickey__botB.bc24,AlexYu84.smartPlayer,0,e1aggr
B,e1aggr,1,1830,CAPTURE,3,331,225,4,0,0,0,0,7,76,640,915,11,3,641,465,24,0,250,99,151,21,ATK@600+HEAL@1200+CAP@1800,gauntlet/20260930-224119-scrim-e1aggr/replays/AlexYu84.smartPlayer__SteamboatMickey__botB.bc24,AlexYu84.smartPlayer,1,e1aggr
A,duck8,0,2000,MORE_FLAG_CAPTURES,0,-1,382,19,0,0,0,0,37,33,10,30,3,4,990,1451,3,0,82,234,234,894,ATK@750+HEAL@1500,gauntlet/20260930-224119-scrim-e1aggr/replays/clbarrell.duck8__Funnel__botB.bc24,clbarrell.duck8,0,e1aggr
B,e1aggr,1,2000,MORE_FLAG_CAPTURES,2,676,527,4,0,0,0,0,25,35,175,185,6,5,1089,1244,10,0,54,332,894,234,ATK@600+HEAL@1200+CAP@1800,gauntlet/20260930-224119-scrim-e1aggr/replays/clbarrell.duck8__Funnel__botB.bc24,clbarrell.duck8,1,e1aggr
A,e1aggr,1,539,CAPTURE,3,218,208,3,0,0,0,0,0,46,170,185,9,4,1244,810,22,0,81,96,384,23,,gauntlet/20260930-224119-scrim-e1aggr/replays/joelcrouch.ducks__Yinyang__botA.bc24,joelcrouch.ducks,1,e1aggr
B,ducks,0,539,CAPTURE,0,-1,0,3,0,3,13,0,0,26,100,200,0,6,43,0,35,0,0,38,23,384,,gauntlet/20260930-224119-scrim-e1aggr/replays/joelcrouch.ducks__Yinyang__botA.bc24,joelcrouch.ducks,0,e1aggr
A,e1aggr,1,2000,LEVEL_SUM,1,777,411,10,0,0,0,0,29,43,180,210,8,27,782,1042,13,0,55,341,977,321,ATK@600+HEAL@1200+CAP@1800,gauntlet/20260930-224119-scrim-e1aggr/replays/kyleezz.jeeryfix3__Divergent__botA.bc24,kyleezz.jeeryfix3,1,e1aggr
B,jeeryfix3,0,2000,LEVEL_SUM,1,1025,390,6,0,0,0,0,94,2,2980,1610,0,15,678,489,0,0,33,225,321,977,ATK@600+CAP@1200+HEAL@1800,gauntlet/20260930-224119-scrim-e1aggr/replays/kyleezz.jeeryfix3__Divergent__botA.bc24,kyleezz.jeeryfix3,0,e1aggr
A,cretplayer2_3,0,2000,LEVEL_SUM,2,434,249,43,0,3,13,0,27,0,4890,950,0,4,1029,629,0,3,55,259,460,1347,ATK@600+HEAL@1200+CAP@1800,gauntlet/20260930-224119-scrim-e1aggr/replays/quesswho.cretplayer2_3__Hockey__botB.bc24,quesswho.cretplayer2_3,0,e1aggr
B,e1aggr,1,2000,LEVEL_SUM,2,973,509,9,0,0,0,0,27,40,160,230,7,32,1225,1230,11,0,57,272,1347,460,ATK@600+HEAL@1200+CAP@1800,gauntlet/20260930-224119-scrim-e1aggr/replays/quesswho.cretplayer2_3__Hockey__botB.bc24,quesswho.cretplayer2_3,1,e1aggr
A,defaultplayer_intlqualifier,0,2000,LEVEL_SUM,1,308,249,17,11,3,25,0,4,10,680,10460,0,4,237,748,6,44,31,99,26,222,ATK@600+HEAL@1200+CAP@1800,gauntlet/20260930-224119-scrim-e1aggr/replays/dmtrung14.defaultplayer_intlqualifier__Puzzle__botB.bc24,dmtrung14.defaultplayer_intlqualifier,0,e1aggr
B,e1aggr,1,2000,LEVEL_SUM,1,435,261,12,0,0,0,0,10,19,200,40,3,1,877,416,20,0,55,65,222,26,ATK@600+HEAL@1200+CAP@1800,gauntlet/20260930-224119-scrim-e1aggr/replays/dmtrung14.defaultplayer_intlqualifier__Puzzle__botB.bc24,dmtrung14.defaultplayer_intlqualifier,1,e1aggr
A,bc24scenario,0,424,CAPTURE,0,-1,0,1,0,1,3,58,58,3,700,1000,6,0,101,74,1,1,1,2,2,197,,gauntlet/20260930-224119-scrim-e1aggr/replays/Metta-AI.bc24scenario__Alligator__botB.bc24,Metta-AI.bc24scenario,0,e1aggr
B,e1aggr,1,424,CAPTURE,3,278,235,5,0,0,0,0,52,29,155,235,5,3,1248,172,24,0,127,37,197,2,,gauntlet/20260930-224119-scrim-e1aggr/replays/Metta-AI.bc24scenario__Alligator__botB.bc24,Metta-AI.bc24scenario,1,e1aggr
A,moveBot1,0,515,CAPTURE,0,-1,0,0,0,0,0,0,33,16,1270,570,1,14,167,260,30,0,0,30,34,293,,gauntlet/20260930-224119-scrim-e1aggr/replays/adamseth2.moveBot1__WheresMyWater__botB.bc24,adamseth2.moveBot1,0,e1aggr
B,e1aggr,1,515,CAPTURE,3,243,224,5,0,0,0,0,56,31,155,255,5,21,1148,602,13,0,80,76,293,34,,gauntlet/20260930-224119-scrim-e1aggr/replays/adamseth2.moveBot1__WheresMyWater__botB.bc24,adamseth2.moveBot1,1,e1aggr
A,v5,0,922,CAPTURE,0,-1,233,13,0,0,0,0,77,26,10,50,3,5,510,749,44,0,0,35,87,447,ATK@600,gauntlet/20260930-224119-scrim-e1aggr/replays/reeceyang.v5__BigDucksBigPond__botB.bc24,reeceyang.v5,0,e1aggr
B,e1aggr,1,922,CAPTURE,3,372,280,8,0,0,0,0,101,32,165,290,5,9,1359,920,14,0,58,110,447,87,ATK@600,gauntlet/20260930-224119-scrim-e1aggr/replays/reeceyang.v5__BigDucksBigPond__botB.bc24,reeceyang.v5,1,e1aggr
A,ExplosiveBot,0,2000,MORE_FLAG_CAPTURES,0,-1,260,12,3,0,0,0,0,14,2300,290,0,10,769,697,25,0,9,130,234,1138,ATK@600+HEAL@1200,gauntlet/20260930-224119-scrim-e1aggr/replays/awu7.ExplosiveBot__Valentine__botB.bc24,awu7.ExplosiveBot,0,e1aggr
B,e1aggr,1,2000,MORE_FLAG_CAPTURES,2,1508,559,12,0,0,0,0,0,39,200,210,6,8,1084,1494,10,0,61,321,1138,234,ATK@600+HEAL@1200+CAP@1800,gauntlet/20260930-224119-scrim-e1aggr/replays/awu7.ExplosiveBot__Valentine__botB.bc24,awu7.ExplosiveBot,1,e1aggr
A,NewHide,0,393,CAPTURE,0,-1,0,0,0,0,0,0,0,44,100,40,1,11,49,19,0,0,64,42,0,208,,gauntlet/20260930-224119-scrim-e1aggr/replays/sivakovivan.NewHide__Ambush__botB.bc24,sivakovivan.NewHide,0,e1aggr
B,e1aggr,1,393,CAPTURE,3,292,215,3,0,0,0,0,35,27,205,205,4,9,1471,92,24,0,76,0,208,0,,gauntlet/20260930-224119-scrim-e1aggr/replays/sivakovivan.NewHide__Ambush__botB.bc24,sivakovivan.NewHide,1,e1aggr
A,e1aggr,1,868,CAPTURE,3,405,259,5,0,0,0,0,65,95,2195,1374,12,3,1165,24,24,0,298,255,597,3,ATK@600,gauntlet/20260930-224119-scrim-e1aggr/replays/polyllc.polyv4__Battlecode24__botA.bc24,polyllc.polyv4,1,e1aggr
B,polyv4,0,868,CAPTURE,0,-1,0,0,0,0,0,0,80,24,6090,8820,3,21,12,312,0,0,24,36,3,597,HEAL@600,gauntlet/20260930-224119-scrim-e1aggr/replays/polyllc.polyv4__Battlecode24__botA.bc24,polyllc.polyv4,0,e1aggr
A,e1aggr,1,467,CAPTURE,3,288,245,3,0,0,0,0,46,19,200,285,2,3,1544,0,23,0,59,39,296,0,,gauntlet/20260930-224119-scrim-e1aggr/replays/sayam-goyal.SimpleBot__Fountain__botA.bc24,sayam-goyal.SimpleBot,1,e1aggr
B,SimpleBot,0,467,CAPTURE,0,-1,0,0,0,0,0,0,0,0,2400,2900,0,11,0,0,0,0,0,0,0,296,,gauntlet/20260930-224119-scrim-e1aggr/replays/sayam-goyal.SimpleBot__Fountain__botA.bc24,sayam-goyal.SimpleBot,0,e1aggr
A,TSPAARKSPRINT1,0,2000,LEVEL_SUM,1,1635,286,30,0,3,36,0,30,4,8600,3060,0,4,619,1445,38,28,4,136,217,578,ATK@600+CAP@1200+HEAL@1800,gauntlet/20260930-224119-scrim-e1aggr/replays/SampleProvider.TSPAARKSPRINT1__Foxes__botB.bc24,SampleProvider.TSPAARKSPRINT1,0,e1aggr
B,e1aggr,1,2000,LEVEL_SUM,1,340,251,39,0,0,0,0,15,77,650,280,12,1,1085,1310,24,0,79,326,578,217,ATK@600+HEAL@1200+CAP@1800,gauntlet/20260930-224119-scrim-e1aggr/replays/SampleProvider.TSPAARKSPRINT1__Foxes__botB.bc24,SampleProvider.TSPAARKSPRINT1,1,e1aggr
A,combustiblelemon,0,638,CAPTURE,0,-1,0,3,0,3,15,0,0,19,100,200,0,1,398,116,29,0,0,27,22,318,,gauntlet/20260930-224119-scrim-e1aggr/replays/samithShetty.combustiblelemon__Fountain__botB.bc24,samithShetty.combustiblelemon,0,e1aggr
B,e1aggr,1,638,CAPTURE,3,339,225,9,0,0,0,0,47,18,180,50,3,3,1033,1030,19,0,27,33,318,22,ATK@600,gauntlet/20260930-224119-scrim-e1aggr/replays/samithShetty.combustiblelemon__Fountain__botB.bc24,samithShetty.combustiblelemon,1,e1aggr
A,v9,0,398,CAPTURE,0,-1,243,5,0,0,0,0,32,22,980,965,3,0,553,1012,0,0,50,43,18,124,,gauntlet/20260930-224119-scrim-e1aggr/replays/TylerJulian.v9__KingQuacksCastle__botB.bc24,TylerJulian.v9,0,e1aggr
B,e1aggr,1,398,CAPTURE,3,285,219,9,0,0,0,0,29,26,180,215,3,0,1305,796,5,0,65,51,124,18,,gauntlet/20260930-224119-scrim-e1aggr/replays/TylerJulian.v9__KingQuacksCastle__botB.bc24,TylerJulian.v9,1,e1aggr
A,e1aggr,1,613,CAPTURE,3,363,240,4,0,0,0,0,47,56,200,200,11,3,771,583,24,0,80,81,259,19,ATK@600,gauntlet/20260930-224119-scrim-e1aggr/replays/Rubrasum.version_3__Rainbow__botA.bc24,Rubrasum.version_3,1,e1aggr
B,version_3,0,613,CAPTURE,0,-1,0,3,0,3,15,0,0,38,200,100,0,11,219,0,48,0,0,26,19,259,ATK@600,gauntlet/20260930-224119-scrim-e1aggr/replays/Rubrasum.version_3__Rainbow__botA.bc24,Rubrasum.version_3,0,e1aggr
A,e1aggr,1,1096,CAPTURE,3,627,232,10,0,0,0,0,25,33,195,235,5,0,1066,1034,8,0,71,148,582,117,ATK@600,gauntlet/20260930-224119-scrim-e1aggr/replays/noahzemlin.honeyducklings__Funnel__botA.bc24,noahzemlin.honeyducklings,1,e1aggr
B,honeyducklings,0,1096,CAPTURE,1,490,277,4,0,0,0,0,75,14,950,2270,0,4,665,748,14,15,0,57,117,582,ATK@600,gauntlet/20260930-224119-scrim-e1aggr/replays/noahzemlin.honeyducklings__Funnel__botA.bc24,noahzemlin.honeyducklings,0,e1aggr
A,e1aggr,1,2000,MORE_FLAG_CAPTURES,1,765,264,12,0,0,0,0,66,18,135,10,2,3,549,890,8,0,29,186,467,365,ATK@600+HEAL@1200+CAP@1800,gauntlet/20260930-224119-scrim-e1aggr/replays/hsmalladi.finalbot__EndAround__botA.bc24,hsmalladi.finalbot,1,e1aggr
B,finalbot,0,2000,MORE_FLAG_CAPTURES,0,-1,520,5,0,3,39,52,66,0,2124,504,10,0,582,564,12,6,50,235,365,467,ATK@600+HEAL@1200+CAP@1800,gauntlet/20260930-224119-scrim-e1aggr/replays/hsmalladi.finalbot__EndAround__botA.bc24,hsmalladi.finalbot,0,e1aggr
A,alexander,0,1590,CAPTURE,0,-1,262,6,0,3,0,0,0,0,4000,5000,0,4,646,172,0,0,0,0,43,1462,ATK@751+CAP@1501,gauntlet/20260930-224119-scrim-e1aggr/replays/VarunVejalla.alexander__BreadPudding__botB.bc24,VarunVejalla.alexander,0,e1aggr
B,e1aggr,1,1590,CAPTURE,3,354,238,16,0,0,0,0,43,30,180,290,5,17,1140,1045,8,0,53,449,1462,43,ATK@600+HEAL@1200,gauntlet/20260930-224119-scrim-e1aggr/replays/VarunVejalla.alexander__BreadPudding__botB.bc24,VarunVejalla.alexander,1,e1aggr
A,e1aggr,1,2000,MORE_FLAG_CAPTURES,1,955,304,14,0,0,0,0,68,35,145,215,6,10,1070,1101,7,0,50,356,1462,110,ATK@600+HEAL@1200+CAP@1800,gauntlet/20260930-224119-scrim-e1aggr/replays/MiloAkerman.v1__GravitationalWaves__botA.bc24,MiloAkerman.v1,1,e1aggr
B,v1,0,2000,MORE_FLAG_CAPTURES,0,-1,896,1,0,0,0,0,124,1,1680,1380,0,13,628,1097,12,0,0,40,110,1462,,gauntlet/20260930-224119-scrim-e1aggr/replays/MiloAkerman.v1__GravitationalWaves__botA.bc24,MiloAkerman.v1,0,e1aggr
A,honeyducklings,0,1031,CAPTURE,0,-1,948,1,0,0,0,0,155,13,1250,1480,0,17,764,1272,4,19,0,39,65,854,ATK@600,gauntlet/20260930-224119-scrim-e1aggr/replays/noahzemlin.honeyducklings__BigDucksBigPond__botB.bc24,noahzemlin.honeyducklings,0,e1aggr
B,e1aggr,1,1031,CAPTURE,3,495,262,11,0,0,0,0,94,33,190,250,5,8,1430,1187,21,0,95,240,854,65,ATK@600,gauntlet/20260930-224119-scrim-e1aggr/replays/noahzemlin.honeyducklings__BigDucksBigPond__botB.bc24,noahzemlin.honeyducklings,1,e1aggr
A,dangerduck2,0,543,CAPTURE,0,-1,258,28,0,0,0,0,46,24,1710,1863,3,5,504,429,0,24,0,27,15,304,,gauntlet/20260930-224119-scrim-e1aggr/replays/dylanzemlin.dangerduck2__Soccer__botB.bc24,dylanzemlin.dangerduck2,0,e1aggr
B,e1aggr,1,543,CAPTURE,3,411,260,14,0,0,0,0,17,42,188,243,6,9,1564,775,10,0,76,87,304,15,,gauntlet/20260930-224119-scrim-e1aggr/replays/dylanzemlin.dangerduck2__Soccer__botB.bc24,dylanzemlin.dangerduck2,1,e1aggr
A,version_3,0,336,CAPTURE,0,-1,297,5,0,3,8,0,0,23,100,160,0,1,233,0,30,0,0,12,12,107,,gauntlet/20260930-224119-scrim-e1aggr/replays/Rubrasum.version_3__Ambush__botB.bc24,Rubrasum.version_3,0,e1aggr
B,e1aggr,1,336,CAPTURE,3,238,216,3,0,0,0,0,36,28,160,260,4,12,778,525,6,0,58,55,107,12,,gauntlet/20260930-224119-scrim-e1aggr/replays/Rubrasum.version_3__Ambush__botB.bc24,Rubrasum.version_3,1,e1aggr
A,dangerduck2,0,942,CAPTURE,1,743,233,26,0,0,0,0,179,24,520,693,3,4,417,310,0,24,0,36,23,823,ATK@600,gauntlet/20260930-224119-scrim-e1aggr/replays/dylanzemlin.dangerduck2__Islands__botB.bc24,dylanzemlin.dangerduck2,0,e1aggr
B,e1aggr,1,942,CAPTURE,3,349,232,21,0,0,0,0,74,50,160,245,8,2,1323,743,14,0,81,231,823,23,ATK@600,gauntlet/20260930-224119-scrim-e1aggr/replays/dylanzemlin.dangerduck2__Islands__botB.bc24,dylanzemlin.dangerduck2,1,e1aggr
A,e1aggr,1,501,RESIGNATION,2,330,239,11,0,0,0,0,67,53,175,250,10,22,1179,1232,14,0,76,94,254,62,,gauntlet/20260930-224119-scrim-e1aggr/replays/itswin.MPAttack__Islands__botA.bc24,itswin.MPAttack,1,e1aggr
B,MPAttack,0,501,RESIGNATION,0,-1,0,0,0,0,0,0,6,10,920,700,0,2,931,637,30,0,0,13,62,254,,gauntlet/20260930-224119-scrim-e1aggr/replays/itswin.MPAttack__Islands__botA.bc24,itswin.MPAttack,0,e1aggr
A,crayBasic,0,2000,MORE_FLAG_CAPTURES,0,-1,0,0,0,0,0,0,0,0,2800,4500,0,24,200,9,0,0,0,0,10,833,,gauntlet/20260930-224119-scrim-e1aggr/replays/abdullah8a0.crayBasic__FloodGates__botB.bc24,abdullah8a0.crayBasic,0,e1aggr
B,e1aggr,1,2000,MORE_FLAG_CAPTURES,1,393,341,6,0,0,0,0,4,27,185,170,4,13,458,347,5,0,51,203,833,10,ATK@600+HEAL@1200+CAP@1800,gauntlet/20260930-224119-scrim-e1aggr/replays/abdullah8a0.crayBasic__FloodGates__botB.bc24,abdullah8a0.crayBasic,1,e1aggr
A,Team3,0,659,CAPTURE,0,-1,0,3,0,3,0,0,7,14,54,104,2,21,254,100,33,0,0,38,29,256,,gauntlet/20260930-224119-scrim-e1aggr/replays/dylanconklin.Team3__FloodGates__botB.bc24,dylanconklin.Team3,0,e1aggr
B,e1aggr,1,659,CAPTURE,3,354,293,3,0,0,0,0,5,26,155,15,4,11,659,652,5,0,49,69,256,29,ATK@600,gauntlet/20260930-224119-scrim-e1aggr/replays/dylanconklin.Team3__FloodGates__botB.bc24,dylanconklin.Team3,1,e1aggr
A,e1aggr,1,606,CAPTURE,3,429,227,3,0,0,0,0,47,34,180,220,5,3,985,0,24,0,65,42,266,0,ATK@600,gauntlet/20260930-224119-scrim-e1aggr/replays/PerishoJ.tx__Duck__botA.bc24,PerishoJ.tx,1,e1aggr
B,tx,0,606,CAPTURE,0,-1,0,0,0,0,0,0,0,0,2600,3100,0,9,0,0,0,0,0,0,0,266,,gauntlet/20260930-224119-scrim-e1aggr/replays/PerishoJ.tx__Duck__botA.bc24,PerishoJ.tx,0,e1aggr
A,e1aggr,1,348,CAPTURE,3,281,233,3,0,0,0,0,15,18,140,220,3,8,737,326,21,0,65,14,99,5,,gauntlet/20260930-224119-scrim-e1aggr/replays/joelcrouch.ducks__Pancakes__botA.bc24,joelcrouch.ducks,1,e1aggr
B,ducks,0,348,CAPTURE,0,-1,0,3,0,3,6,0,0,11,200,100,0,0,31,0,22,0,0,12,5,99,,gauntlet/20260930-224119-scrim-e1aggr/replays/joelcrouch.ducks__Pancakes__botA.bc24,joelcrouch.ducks,0,e1aggr
A,funkyguy3,0,711,CAPTURE,0,-1,307,16,0,0,0,0,14,31,10,20,3,6,95,524,15,0,46,80,13,498,ATK@600,gauntlet/20260930-224119-scrim-e1aggr/replays/lcforges.funkyguy3__Funnel__botB.bc24,lcforges.funkyguy3,0,e1aggr
B,e1aggr,1,711,CAPTURE,3,396,288,5,0,0,0,0,29,32,125,195,5,3,1730,381,16,0,94,160,498,13,ATK@600,gauntlet/20260930-224119-scrim-e1aggr/replays/lcforges.funkyguy3__Funnel__botB.bc24,lcforges.funkyguy3,1,e1aggr
A,e1aggr,1,920,CAPTURE,3,394,286,8,0,0,0,0,21,40,135,170,7,3,900,1359,15,0,48,131,434,39,ATK@600,gauntlet/20260930-224119-scrim-e1aggr/replays/H4ffliger.keyboardcrusader_v1__Soccer__botA.bc24,H4ffliger.keyboardcrusader_v1,1,e1aggr
B,keyboardcrusader_v1,0,920,CAPTURE,0,-1,0,3,0,3,0,0,48,0,3960,4260,0,3,684,874,17,0,0,46,39,434,,gauntlet/20260930-224119-scrim-e1aggr/replays/H4ffliger.keyboardcrusader_v1__Soccer__botA.bc24,H4ffliger.keyboardcrusader_v1,0,e1aggr
A,e1aggr,1,1087,CAPTURE,3,1000,511,9,0,0,0,0,20,41,144,144,8,4,1517,646,14,0,45,190,582,121,ATK@600,gauntlet/20260930-224119-scrim-e1aggr/replays/qpwoeirut.tournament_sprint1__Soccer__botA.bc24,qpwoeirut.tournament_sprint1,1,e1aggr
B,tournament_sprint1,0,1087,CAPTURE,0,-1,0,0,0,0,0,0,48,0,3960,260,0,3,332,2564,29,0,0,62,121,582,ATK@600,gauntlet/20260930-224119-scrim-e1aggr/replays/qpwoeirut.tournament_sprint1__Soccer__botA.bc24,qpwoeirut.tournament_sprint1,0,e1aggr
A,warrior_2nd_comp,0,499,CAPTURE,0,-1,0,3,0,3,34,0,0,18,1700,2200,0,14,0,0,13,2,3,18,10,233,,gauntlet/20260930-224119-scrim-e1aggr/replays/lukerhoads.warrior_2nd_comp__Tunnels__botB.bc24,lukerhoads.warrior_2nd_comp,0,e1aggr
B,e1aggr,1,499,CAPTURE,3,339,283,6,0,0,0,0,64,25,200,155,3,3,906,155,19,0,62,0,233,10,,gauntlet/20260930-224119-scrim-e1aggr/replays/lukerhoads.warrior_2nd_comp__Tunnels__botB.bc24,lukerhoads.warrior_2nd_comp,1,e1aggr
A,v11,0,719,CAPTURE,0,-1,0,0,0,0,0,0,35,68,8210,1365,6,16,732,1083,0,3,159,182,30,242,ATK@600,gauntlet/20260930-224119-scrim-e1aggr/replays/JeffLegendPower.v11__StarryNight__botB.bc24,JeffLegendPower.v11,0,e1aggr
B,e1aggr,1,719,CAPTURE,3,642,433,5,0,0,0,0,97,110,679,269,11,15,1104,1298,24,0,116,45,242,30,ATK@600,gauntlet/20260930-224119-scrim-e1aggr/replays/JeffLegendPower.v11__StarryNight__botB.bc24,JeffLegendPower.v11,1,e1aggr
A,player22,1,673,CAPTURE,3,296,246,13,0,3,0,0,65,0,3750,4270,0,7,1312,705,16,0,92,141,170,245,ATK@600,gauntlet/20260930-225121-scrim-e2aggr/losses/andrewgopher.player22__Alligator__botB.bc24,andrewgopher.player22,0,e2aggr
B,e2aggr,0,673,CAPTURE,0,-1,254,1,0,0,0,0,51,35,160,250,6,13,971,1383,8,0,61,90,245,170,ATK@600,gauntlet/20260930-225121-scrim-e2aggr/losses/andrewgopher.player22__Alligator__botB.bc24,andrewgopher.player22,1,e2aggr
A,e2aggr,0,2000,MORE_FLAG_CAPTURES,0,-1,265,25,0,0,0,0,3,27,170,50,4,19,980,1068,3,0,47,196,1211,328,ATK@600+HEAL@1200+CAP@1800,gauntlet/20260930-225121-scrim-e2aggr/losses/quesswho.cretplayer2_3__FloodGates__botA.bc24,quesswho.cretplayer2_3,1,e2aggr
B,cretplayer2_3,1,2000,MORE_FLAG_CAPTURES,1,1447,720,24,0,3,17,0,1,0,2870,963,0,11,746,908,0,6,28,155,328,1211,ATK@600+HEAL@1200+CAP@1800,gauntlet/20260930-225121-scrim-e2aggr/losses/quesswho.cretplayer2_3__FloodGates__botA.bc24,quesswho.cretplayer2_3,0,e2aggr
A,v10official,1,632,CAPTURE,3,306,270,27,18,3,15,57,24,2,5104,564,11,0,1173,1909,6,2,78,96,71,83,ATK@600,gauntlet/20260930-225121-scrim-e2aggr/losses/Gymhgy.v10official__StackGame__botB.bc24,Gymhgy.v10official,0,e2aggr
B,e2aggr,0,632,CAPTURE,0,-1,324,3,0,0,0,0,35,53,185,285,9,21,1189,1750,11,0,61,67,83,71,ATK@600,gauntlet/20260930-225121-scrim-e2aggr/losses/Gymhgy.v10official__StackGame__botB.bc24,Gymhgy.v10official,1,e2aggr
A,waffle,1,479,CAPTURE,3,287,219,26,0,0,0,0,16,40,720,350,0,9,1302,962,0,0,74,73,68,157,,gauntlet/20260930-225121-scrim-e2aggr/losses/winkelmantanner.waffle__Bunkers__botB.bc24,winkelmantanner.waffle,0,e2aggr
B,e2aggr,0,479,CAPTURE,0,-1,411,2,0,0,0,0,28,36,195,265,5,0,1300,1549,9,0,49,51,157,68,,gauntlet/20260930-225121-scrim-e2aggr/losses/winkelmantanner.waffle__Bunkers__botB.bc24,winkelmantanner.waffle,1,e2aggr
A,e2aggr,0,489,CAPTURE,0,-1,224,1,0,0,0,0,62,54,175,225,9,8,824,1060,15,0,55,69,73,85,,gauntlet/20260930-225121-scrim-e2aggr/losses/CyrilSharma.finalBot__Islands__botA.bc24,CyrilSharma.finalBot,1,e2aggr
B,finalBot,1,489,CAPTURE,3,373,238,12,0,0,0,56,33,1,5442,3918,11,3,942,1043,0,0,135,122,85,73,,gauntlet/20260930-225121-scrim-e2aggr/losses/CyrilSharma.finalBot__Islands__botA.bc24,CyrilSharma.finalBot,0,e2aggr
A,Version18Final,1,444,CAPTURE,3,332,250,11,0,3,24,19,11,6,1510,16400,3,3,826,988,34,3,83,83,82,44,,gauntlet/20260930-225121-scrim-e2aggr/losses/uravt.Version18Final__HungerGames__botB.bc24,uravt.Version18Final,0,e2aggr
B,e2aggr,0,444,CAPTURE,0,-1,0,0,0,0,0,0,19,24,195,235,4,14,747,959,6,0,52,57,44,82,,gauntlet/20260930-225121-scrim-e2aggr/losses/uravt.Version18Final__HungerGames__botB.bc24,uravt.Version18Final,1,e2aggr
A,e2aggr,0,2000,MORE_FLAG_CAPTURES,0,-1,0,0,0,0,0,0,37,24,195,235,4,22,973,1258,3,0,43,183,477,714,ATK@600+HEAL@1200+CAP@1800,gauntlet/20260930-225121-scrim-e2aggr/losses/IvanGeffner.kuma__OceanFloor__botA.bc24,IvanGeffner.kuma,1,e2aggr
B,kuma,1,2000,MORE_FLAG_CAPTURES,1,571,298,6,3,0,0,90,49,4,735,565,18,4,1012,1239,0,0,50,552,714,477,ATK@600+HEAL@1200+CAP@1800,gauntlet/20260930-225121-scrim-e2aggr/losses/IvanGeffner.kuma__OceanFloor__botA.bc24,IvanGeffner.kuma,0,e2aggr
A,flagbot_final,1,1306,CAPTURE,3,737,318,16,0,3,25,90,100,4,72,22,18,2,1059,1646,0,0,62,368,527,106,ATK@600+HEAL@1200,gauntlet/20260930-225121-scrim-e2aggr/losses/chenyx512.flagbot_final__Funnel__botB.bc24,chenyx512.flagbot_final,0,e2aggr
B,e2aggr,0,1306,CAPTURE,1,496,287,2,0,0,0,0,30,33,135,250,6,16,957,1604,11,0,51,145,106,527,ATK@600+HEAL@1200,gauntlet/20260930-225121-scrim-e2aggr/losses/chenyx512.flagbot_final__Funnel__botB.bc24,chenyx512.flagbot_final,1,e2aggr
A,e2aggr,0,458,CAPTURE,0,-1,264,4,0,0,0,0,213,73,690,300,12,14,796,1018,24,0,236,202,44,68,,gauntlet/20260930-225121-scrim-e2aggr/losses/hsmalladi.finalbot__Snake__botA.bc24,hsmalladi.finalbot,1,e2aggr
B,finalbot,1,458,CAPTURE,3,394,308,11,1,3,48,60,144,0,10240,15155,12,3,826,972,22,8,274,269,68,44,,gauntlet/20260930-225121-scrim-e2aggr/losses/hsmalladi.finalbot__Snake__botA.bc24,hsmalladi.finalbot,0,e2aggr
A,e2aggr,0,338,CAPTURE,0,-1,327,1,0,0,0,0,86,17,120,235,2,3,631,775,6,0,19,14,10,14,,gauntlet/20260930-225121-scrim-e2aggr/losses/Gymhgy.v10official__Intercontinental__botA.bc24,Gymhgy.v10official,1,e2aggr
B,v10official,1,338,CAPTURE,3,264,232,22,16,3,7,60,109,2,360,11,12,1,548,962,0,2,15,8,14,10,,gauntlet/20260930-225121-scrim-e2aggr/losses/Gymhgy.v10official__Intercontinental__botA.bc24,Gymhgy.v10official,0,e2aggr
A,defaultplayer_intlqualifier,1,649,CAPTURE,3,286,250,62,39,3,11,0,32,9,140,1190,0,1,377,985,4,29,13,70,39,218,ATK@600,gauntlet/20260930-225121-scrim-e2aggr/losses/dmtrung14.defaultplayer_intlqualifier__Pancakes__botB.bc24,dmtrung14.defaultplayer_intlqualifier,0,e2aggr
B,e2aggr,0,649,CAPTURE,2,278,228,5,0,0,0,0,15,18,145,275,3,2,1044,499,12,0,46,59,218,39,ATK@600,gauntlet/20260930-225121-scrim-e2aggr/losses/dmtrung14.defaultplayer_intlqualifier__Pancakes__botB.bc24,dmtrung14.defaultplayer_intlqualifier,1,e2aggr
A,waffle,1,2000,MORE_FLAG_CAPTURES,2,440,351,19,0,0,0,0,0,3,2100,3760,0,3,820,887,0,0,125,274,342,646,ATK@600+HEAL@1200+CAP@1800,gauntlet/20260930-225121-scrim-e2aggr/losses/winkelmantanner.waffle__Puzzle__botB.bc24,winkelmantanner.waffle,0,e2aggr
B,e2aggr,0,2000,MORE_FLAG_CAPTURES,1,571,493,4,0,0,0,0,3,22,165,210,4,12,760,1059,20,0,100,286,646,342,ATK@600+HEAL@1200+CAP@1800,gauntlet/20260930-225121-scrim-e2aggr/losses/winkelmantanner.waffle__Puzzle__botB.bc24,winkelmantanner.waffle,1,e2aggr
A,Goob_final,1,2000,MORE_FLAG_CAPTURES,1,267,235,8,0,0,0,0,123,0,4510,20,0,10,1164,897,0,0,67,382,622,1191,ATK@600+HEAL@1200+CAP@1800,gauntlet/20260930-225121-scrim-e2aggr/losses/ColtG5.Goob_final__Islands__botB.bc24,ColtG5.Goob_final,0,e2aggr
B,e2aggr,0,2000,MORE_FLAG_CAPTURES,0,-1,0,0,0,0,0,0,73,48,185,220,8,10,1259,1553,16,0,67,237,1191,622,ATK@600+HEAL@1200+CAP@1800,gauntlet/20260930-225121-scrim-e2aggr/losses/ColtG5.Goob_final__Islands__botB.bc24,ColtG5.Goob_final,1,e2aggr
A,e2aggr,0,2000,MORE_FLAG_CAPTURES,0,-1,317,1,0,0,0,0,4,22,125,255,4,8,845,1127,22,0,95,243,388,503,ATK@600+HEAL@1200+CAP@1800,gauntlet/20260930-225121-scrim-e2aggr/losses/IvanGeffner.kuma__Puzzle__botA.bc24,IvanGeffner.kuma,1,e2aggr
B,kuma,1,2000,MORE_FLAG_CAPTURES,2,355,294,3,1,0,0,90,4,0,825,2878,18,4,926,1087,12,0,135,485,503,388,ATK@600+HEAL@1200+CAP@1800,gauntlet/20260930-225121-scrim-e2aggr/losses/IvanGeffner.kuma__Puzzle__botA.bc24,IvanGeffner.kuma,0,e2aggr
A,e2aggr,0,1429,CAPTURE,0,-1,279,11,0,0,0,0,94,36,135,80,6,3,879,1325,13,0,55,164,285,511,ATK@600+HEAL@1200,gauntlet/20260930-225121-scrim-e2aggr/losses/Strequals.duck0127v5__BigDucksBigPond__botA.bc24,Strequals.duck0127v5,1,e2aggr
B,duck0127v5,1,1429,CAPTURE,3,367,243,21,0,0,0,90,30,12,3039,3792,18,2,1017,1284,0,2,93,474,511,285,ATK@600+HEAL@1200,gauntlet/20260930-225121-scrim-e2aggr/losses/Strequals.duck0127v5__BigDucksBigPond__botA.bc24,Strequals.duck0127v5,0,e2aggr
A,e2aggr,0,410,CAPTURE,1,392,276,5,0,0,0,0,0,41,170,130,7,0,872,1328,9,0,32,39,113,45,,gauntlet/20260930-225121-scrim-e2aggr/losses/jmerle.camel_case_v21_final__BedWars__botA.bc24,jmerle.camel_case_v21_final,1,e2aggr
B,camel_case_v21_final,1,410,CAPTURE,3,350,259,13,0,0,0,0,0,0,4800,1980,0,12,1048,338,0,0,46,47,45,113,,gauntlet/20260930-225121-scrim-e2aggr/losses/jmerle.camel_case_v21_final__BedWars__botA.bc24,jmerle.camel_case_v21_final,0,e2aggr
A,jeeryfix3,1,2000,MORE_FLAG_CAPTURES,2,457,385,11,0,0,0,0,36,4,13320,15420,0,1,923,674,0,0,191,382,455,1381,ATK@600+CAP@1200+HEAL@1800,gauntlet/20260930-225121-scrim-e2aggr/losses/kyleezz.jeeryfix3__Joker__botB.bc24,kyleezz.jeeryfix3,0,e2aggr
B,e2aggr,0,2000,MORE_FLAG_CAPTURES,1,1691,295,4,0,0,0,0,4,118,3730,280,12,17,1219,1289,24,0,250,428,1381,455,ATK@600+HEAL@1200+CAP@1800,gauntlet/20260930-225121-scrim-e2aggr/losses/kyleezz.jeeryfix3__Joker__botB.bc24,kyleezz.jeeryfix3,1,e2aggr
A,e2aggr,0,2000,MORE_FLAG_CAPTURES,0,-1,0,0,0,0,0,0,4,26,155,275,4,20,1013,1179,3,0,47,198,1034,334,ATK@600+HEAL@1200+CAP@1800,gauntlet/20260930-225121-scrim-e2aggr/losses/ColtG5.Goob_final__FloodGates__botA.bc24,ColtG5.Goob_final,1,e2aggr
B,Goob_final,1,2000,MORE_FLAG_CAPTURES,1,306,248,6,0,0,0,0,7,0,2690,40,0,9,770,777,1,0,45,192,334,1034,ATK@600+HEAL@1200+CAP@1800,gauntlet/20260930-225121-scrim-e2aggr/losses/ColtG5.Goob_final__FloodGates__botA.bc24,ColtG5.Goob_final,0,e2aggr
A,e2aggr,0,899,CAPTURE,2,260,212,3,0,0,0,0,43,61,640,229,10,23,808,882,24,0,201,259,181,138,ATK@600,gauntlet/20260930-225121-scrim-e2aggr/losses/CyrilSharma.finalBot__MIT__botA.bc24,CyrilSharma.finalBot,1,e2aggr
B,finalBot,1,899,CAPTURE,3,382,355,16,0,0,0,42,13,0,8446,30045,8,2,703,869,0,0,145,374,138,181,ATK@600,gauntlet/20260930-225121-scrim-e2aggr/losses/CyrilSharma.finalBot__MIT__botA.bc24,CyrilSharma.finalBot,0,e2aggr
A,e2aggr,0,2000,MORE_FLAG_CAPTURES,0,-1,0,0,0,0,0,0,0,37,165,275,7,22,743,1219,8,0,46,195,374,513,ATK@600+HEAL@1200+CAP@1800,gauntlet/20260930-225121-scrim-e2aggr/losses/andli28.v9_USQuals_angle__Valentine__botA.bc24,andli28.v9_USQuals_angle,1,e2aggr
B,v9_USQuals_angle,1,2000,MORE_FLAG_CAPTURES,2,1218,315,28,0,0,0,90,0,6,2445,4230,18,3,832,890,10,3,91,488,513,374,ATK@600+HEAL@1200+CAP@1800,gauntlet/20260930-225121-scrim-e2aggr/losses/andli28.v9_USQuals_angle__Valentine__botA.bc24,andli28.v9_USQuals_angle,0,e2aggr
A,e2aggr,0,715,CAPTURE,0,-1,0,0,0,0,0,0,249,68,649,49,10,16,851,1432,24,0,67,101,107,169,ATK@600,gauntlet/20260930-225121-scrim-e2aggr/losses/andli28.v9_USQuals_angle__Waterworld__botA.bc24,andli28.v9_USQuals_angle,1,e2aggr
B,v9_USQuals_angle,1,715,CAPTURE,3,480,345,21,0,0,0,44,188,8,285,2190,9,5,1045,1198,6,5,101,181,169,107,ATK@600,gauntlet/20260930-225121-scrim-e2aggr/losses/andli28.v9_USQuals_angle__Waterworld__botA.bc24,andli28.v9_USQuals_angle,0,e2aggr
A,TSPAARKSPRINT1,1,1076,CAPTURE,3,382,273,51,0,3,42,0,31,2,8770,3693,0,3,471,1066,37,26,1,85,120,291,ATK@600,gauntlet/20260930-225121-scrim-e2aggr/losses/SampleProvider.TSPAARKSPRINT1__Foxes__botB.bc24,SampleProvider.TSPAARKSPRINT1,0,e2aggr
B,e2aggr,0,1076,CAPTURE,1,811,339,6,0,0,0,0,16,76,675,305,12,1,782,907,24,0,75,162,291,120,ATK@600,gauntlet/20260930-225121-scrim-e2aggr/losses/SampleProvider.TSPAARKSPRINT1__Foxes__botB.bc24,SampleProvider.TSPAARKSPRINT1,1,e2aggr
A,v3,1,611,CAPTURE,3,466,340,25,6,0,0,0,17,0,2590,150,0,10,898,1116,0,0,106,126,66,154,ATK@600,gauntlet/20260930-225121-scrim-e2aggr/losses/NotLLeon.v3__HungerGames__botB.bc24,NotLLeon.v3,0,e2aggr
B,e2aggr,0,611,CAPTURE,2,259,226,5,0,0,0,0,20,23,165,190,4,22,1060,1262,12,0,170,195,154,66,ATK@600,gauntlet/20260930-225121-scrim-e2aggr/losses/NotLLeon.v3__HungerGames__botB.bc24,NotLLeon.v3,1,e2aggr
A,v3,1,2000,MORE_FLAG_CAPTURES,2,288,259,74,4,0,0,0,23,0,5510,4620,0,22,956,887,0,0,89,318,630,806,ATK@600+HEAL@1200+CAP@1800,gauntlet/20260930-225121-scrim-e2aggr/losses/NotLLeon.v3__Mountain__botB.bc24,NotLLeon.v3,0,e2aggr
B,e2aggr,0,2000,MORE_FLAG_CAPTURES,0,-1,240,3,0,0,0,0,36,44,190,260,8,1,838,1020,13,0,67,244,806,630,ATK@600+HEAL@1200+CAP@1800,gauntlet/20260930-225121-scrim-e2aggr/losses/NotLLeon.v3__Mountain__botB.bc24,NotLLeon.v3,1,e2aggr
A,Version18Final,1,1658,CAPTURE,3,499,248,23,0,3,21,21,37,17,394,40,3,4,951,958,3,3,30,112,235,175,ATK@600+HEAL@1200,gauntlet/20260930-225121-scrim-e2aggr/losses/uravt.Version18Final__Decision__botB.bc24,uravt.Version18Final,0,e2aggr
B,e2aggr,0,1658,CAPTURE,0,-1,376,3,0,0,0,0,81,16,145,260,2,4,762,1331,2,0,26,143,175,235,ATK@600+HEAL@1200,gauntlet/20260930-225121-scrim-e2aggr/losses/uravt.Version18Final__Decision__botB.bc24,uravt.Version18Final,1,e2aggr
A,flagbot_final,1,1266,CAPTURE,3,663,606,14,0,3,18,39,63,0,21,26,6,5,957,1606,0,0,0,173,605,158,ATK@600+HEAL@1200,gauntlet/20260930-225121-scrim-e2aggr/losses/chenyx512.flagbot_final__Racetrack__botB.bc24,chenyx512.flagbot_final,0,e2aggr
B,e2aggr,0,1266,CAPTURE,0,-1,706,2,0,0,0,0,67,2,90,180,0,4,1074,1608,1,0,18,89,158,605,ATK@600+HEAL@1200,gauntlet/20260930-225121-scrim-e2aggr/losses/chenyx512.flagbot_final__Racetrack__botB.bc24,chenyx512.flagbot_final,1,e2aggr
A,player22,1,1306,CAPTURE,3,345,308,16,0,3,0,0,24,0,2380,50,0,5,1236,930,0,0,65,328,832,543,ATK@600+HEAL@1200,gauntlet/20260930-225121-scrim-e2aggr/losses/andrewgopher.player22__Digging__botB.bc24,andrewgopher.player22,0,e2aggr
B,e2aggr,0,1306,CAPTURE,0,-1,0,0,0,0,0,0,15,25,195,255,4,25,1057,1494,1,0,53,145,543,832,ATK@600+HEAL@1200,gauntlet/20260930-225121-scrim-e2aggr/losses/andrewgopher.player22__Digging__botB.bc24,andrewgopher.player22,1,e2aggr
A,camel_case_v21_final,1,559,CAPTURE,3,331,228,17,0,0,0,0,52,14,2740,3320,0,1,1436,378,0,0,121,141,143,190,,gauntlet/20260930-225121-scrim-e2aggr/losses/jmerle.camel_case_v21_final__Alligator__botB.bc24,jmerle.camel_case_v21_final,0,e2aggr
B,e2aggr,0,559,CAPTURE,0,-1,0,0,0,0,0,0,54,31,160,300,5,8,906,1302,11,0,60,77,190,143,,gauntlet/20260930-225121-scrim-e2aggr/losses/jmerle.camel_case_v21_final__Alligator__botB.bc24,jmerle.camel_case_v21_final,1,e2aggr
A,e2aggr,0,1057,CAPTURE,1,890,323,6,0,0,0,0,88,15,140,145,2,0,752,1540,1,0,28,66,146,211,ATK@600,gauntlet/20260930-225121-scrim-e2aggr/losses/Strequals.duck0127v5__Decision__botA.bc24,Strequals.duck0127v5,1,e2aggr
B,duck0127v5,1,1057,CAPTURE,3,696,276,22,0,0,0,90,23,3,1760,955,18,4,1014,1300,0,2,63,168,211,146,ATK@600,gauntlet/20260930-225121-scrim-e2aggr/losses/Strequals.duck0127v5__Decision__botA.bc24,Strequals.duck0127v5,0,e2aggr
A,e2aggr,1,2000,LEVEL_SUM,1,1811,334,1,0,0,0,0,32,46,150,210,8,2,792,694,20,0,67,473,1326,340,ATK@600+HEAL@1200+CAP@1800,gauntlet/20260930-225121-scrim-e2aggr/replays/RyanAspen.v22__Mountain__botA.bc24,RyanAspen.v22,1,e2aggr
B,v22,0,2000,LEVEL_SUM,1,267,234,5,0,0,0,0,39,9,4430,1450,0,30,571,142,0,0,81,244,340,1326,ATK@600+HEAL@1200+CAP@1800,gauntlet/20260930-225121-scrim-e2aggr/replays/RyanAspen.v22__Mountain__botA.bc24,RyanAspen.v22,0,e2aggr
A,e2aggr,1,1694,CAPTURE,3,994,230,32,0,0,0,0,10,44,150,230,7,26,1254,1547,14,0,52,224,818,324,ATK@600+HEAL@1200,gauntlet/20260930-225121-scrim-e2aggr/replays/jonters.bling3__Alien__botA.bc24,jonters.bling3,1,e2aggr
B,bling3,0,1694,CAPTURE,1,845,336,11,0,0,0,0,10,15,2400,120,0,1,876,1583,32,0,13,162,324,818,ATK@600+HEAL@1200,gauntlet/20260930-225121-scrim-e2aggr/replays/jonters.bling3__Alien__botA.bc24,jonters.bling3,0,e2aggr
A,cowards,0,683,CAPTURE,0,-1,481,3,0,0,0,0,19,14,830,10,0,4,422,1681,56,0,0,66,77,256,,gauntlet/20260930-225121-scrim-e2aggr/replays/aj-chau.cowards__Occulus__botB.bc24,aj-chau.cowards,0,e2aggr
B,e2aggr,1,683,CAPTURE,3,275,241,11,0,0,0,0,17,34,190,280,6,15,1335,1069,5,0,54,68,256,77,ATK@600,gauntlet/20260930-225121-scrim-e2aggr/replays/aj-chau.cowards__Occulus__botB.bc24,aj-chau.cowards,1,e2aggr
A,sprint1,0,457,CAPTURE,0,-1,217,6,0,0,0,0,61,12,30,120,1,3,308,962,19,0,0,25,28,241,,gauntlet/20260930-225121-scrim-e2aggr/replays/justinottesen.sprint1__Ambush__botB.bc24,justinottesen.sprint1,0,e2aggr
B,e2aggr,1,457,CAPTURE,3,263,215,14,0,0,0,0,36,29,160,230,4,27,1778,718,8,0,57,69,241,28,,gauntlet/20260930-225121-scrim-e2aggr/replays/justinottesen.sprint1__Ambush__botB.bc24,justinottesen.sprint1,1,e2aggr
A,keyboardcrusader_v1,0,767,CAPTURE,0,-1,0,3,0,3,0,0,98,0,1660,2960,0,10,489,384,24,0,0,38,30,328,,gauntlet/20260930-225121-scrim-e2aggr/replays/H4ffliger.keyboardcrusader_v1__Funnel__botB.bc24,H4ffliger.keyboardcrusader_v1,0,e2aggr
B,e2aggr,1,767,CAPTURE,3,330,228,6,0,0,0,0,28,33,135,235,5,3,843,1017,19,0,71,101,328,30,ATK@600,gauntlet/20260930-225121-scrim-e2aggr/replays/H4ffliger.keyboardcrusader_v1__Funnel__botB.bc24,H4ffliger.keyboardcrusader_v1,1,e2aggr
A,duck8,0,1055,CAPTURE,2,234,217,15,0,0,0,0,4,41,170,123,3,25,963,1001,11,0,84,163,182,504,ATK@750,gauntlet/20260930-225121-scrim-e2aggr/replays/clbarrell.duck8__WheresMyWater__botB.bc24,clbarrell.duck8,0,e2aggr
B,e2aggr,1,1055,CAPTURE,3,425,395,3,0,0,0,0,53,29,205,185,5,5,1315,1525,9,0,39,168,504,182,ATK@600,gauntlet/20260930-225121-scrim-e2aggr/replays/clbarrell.duck8__WheresMyWater__botB.bc24,clbarrell.duck8,1,e2aggr
A,bc24scenario,0,882,CAPTURE,0,-1,0,1,0,1,2,58,58,3,1100,1100,6,31,62,75,1,1,1,2,0,363,ATK@600,gauntlet/20260930-225121-scrim-e2aggr/replays/Metta-AI.bc24scenario__Tunnels__botB.bc24,Metta-AI.bc24scenario,0,e2aggr
B,e2aggr,1,882,CAPTURE,3,720,682,3,0,0,0,0,60,24,135,1505,4,29,80,120,6,0,46,82,363,0,ATK@600,gauntlet/20260930-225121-scrim-e2aggr/replays/Metta-AI.bc24scenario__Tunnels__botB.bc24,Metta-AI.bc24scenario,1,e2aggr
A,v9,0,391,CAPTURE,0,-1,235,4,0,0,0,0,34,20,1025,945,3,0,470,826,0,0,45,33,15,138,,gauntlet/20260930-225121-scrim-e2aggr/replays/TylerJulian.v9__Rivers__botB.bc24,TylerJulian.v9,0,e2aggr
B,e2aggr,1,391,CAPTURE,3,312,214,6,0,0,0,0,35,27,175,245,4,12,1273,706,5,0,50,48,138,15,,gauntlet/20260930-225121-scrim-e2aggr/replays/TylerJulian.v9__Rivers__botB.bc24,TylerJulian.v9,1,e2aggr
A,SimpleBot,0,363,CAPTURE,0,-1,0,0,0,0,0,0,0,0,2400,2900,0,9,0,0,0,0,0,0,0,218,,gauntlet/20260930-225121-scrim-e2aggr/replays/sayam-goyal.SimpleBot__StackGame__botB.bc24,sayam-goyal.SimpleBot,0,e2aggr
B,e2aggr,1,363,CAPTURE,3,278,222,3,0,0,0,0,31,54,185,345,10,3,1541,0,24,0,138,47,218,0,,gauntlet/20260930-225121-scrim-e2aggr/replays/sayam-goyal.SimpleBot__StackGame__botB.bc24,sayam-goyal.SimpleBot,1,e2aggr
A,funkyguy3,0,374,CAPTURE,0,-1,347,1,0,0,0,0,45,62,100,80,3,9,43,361,42,0,36,50,15,167,,gauntlet/20260930-225121-scrim-e2aggr/replays/lcforges.funkyguy3__Skyline__botB.bc24,lcforges.funkyguy3,0,e2aggr
B,e2aggr,1,374,CAPTURE,3,314,218,3,0,0,0,0,102,96,9695,288,9,20,1326,445,24,0,229,161,167,15,,gauntlet/20260930-225121-scrim-e2aggr/replays/lcforges.funkyguy3__Skyline__botB.bc24,lcforges.funkyguy3,1,e2aggr
A,e2aggr,1,848,CAPTURE,3,309,278,5,0,0,0,0,12,60,709,239,9,19,1242,663,24,0,112,177,612,96,ATK@600,gauntlet/20260930-225121-scrim-e2aggr/replays/cViper971.ourplayer__Anchor__botA.bc24,cViper971.ourplayer,1,e2aggr
B,ourplayer,0,848,CAPTURE,0,-1,351,11,0,0,0,0,8,39,900,870,3,9,256,459,62,0,0,74,96,612,ATK@600,gauntlet/20260930-225121-scrim-e2aggr/replays/cViper971.ourplayer__Anchor__botA.bc24,cViper971.ourplayer,0,e2aggr
A,dinoboxer,0,2000,MORE_FLAG_CAPTURES,0,-1,0,0,0,0,0,0,29,36,30,10,0,3,229,200,36,0,0,135,170,650,ATK@600+CAP@1200+HEAL@1800,gauntlet/20260930-225121-scrim-e2aggr/replays/Peter-Fun.dinoboxer__HeMustBeFreed__botB.bc24,Peter-Fun.dinoboxer,0,e2aggr
B,e2aggr,1,2000,MORE_FLAG_CAPTURES,2,480,299,16,0,0,0,0,119,15,30,70,2,4,334,368,11,0,27,311,650,170,ATK@600+HEAL@1200+CAP@1800,gauntlet/20260930-225121-scrim-e2aggr/replays/Peter-Fun.dinoboxer__HeMustBeFreed__botB.bc24,Peter-Fun.dinoboxer,1,e2aggr
A,e2aggr,1,689,CAPTURE,3,315,239,5,0,0,0,0,15,77,625,215,12,13,1205,653,24,0,80,105,215,46,ATK@600,gauntlet/20260930-225121-scrim-e2aggr/replays/aj-chau.cowards__Foxes__botA.bc24,aj-chau.cowards,1,e2aggr
B,cowards,0,689,CAPTURE,0,-1,476,5,0,0,0,0,17,21,5190,180,1,0,205,1356,57,0,0,64,46,215,,gauntlet/20260930-225121-scrim-e2aggr/replays/aj-chau.cowards__Foxes__botA.bc24,aj-chau.cowards,0,e2aggr
A,e2aggr,1,1312,CAPTURE,3,620,265,71,0,0,0,0,65,3,50,300,0,1,1144,1078,1,0,10,115,513,146,ATK@600+HEAL@1200,gauntlet/20260930-225121-scrim-e2aggr/replays/SampleProvider.TSPAARKSPRINT1__Racetrack__botA.bc24,SampleProvider.TSPAARKSPRINT1,1,e2aggr
B,TSPAARKSPRINT1,0,1312,CAPTURE,1,1024,250,34,0,3,38,0,79,0,30,20,0,0,671,1415,0,0,0,13,146,513,ATK@600+CAP@1200,gauntlet/20260930-225121-scrim-e2aggr/replays/SampleProvider.TSPAARKSPRINT1__Racetrack__botA.bc24,SampleProvider.TSPAARKSPRINT1,0,e2aggr
A,turtle,0,2000,MORE_FLAG_CAPTURES,0,-1,0,3,0,3,0,0,0,10,3000,20,0,17,324,623,32,0,0,42,63,1599,HEAL@600+ATK@1200,gauntlet/20260930-225121-scrim-e2aggr/replays/andrearante12.turtle__MazeRunner__botB.bc24,andrearante12.turtle,0,e2aggr
B,e2aggr,1,2000,MORE_FLAG_CAPTURES,2,402,278,13,0,0,0,0,69,21,30,55,3,3,829,620,23,0,55,264,1599,63,ATK@600+HEAL@1200+CAP@1800,gauntlet/20260930-225121-scrim-e2aggr/replays/andrearante12.turtle__MazeRunner__botB.bc24,andrearante12.turtle,1,e2aggr
A,polyv4,0,792,CAPTURE,0,-1,0,0,0,0,0,0,11,25,6750,14090,3,13,132,92,2,0,125,154,13,852,HEAL@600,gauntlet/20260930-225121-scrim-e2aggr/replays/polyllc.polyv4__SteamboatMickey__botB.bc24,polyllc.polyv4,0,e2aggr
B,e2aggr,1,792,CAPTURE,3,593,229,16,0,0,0,0,4,76,675,325,11,4,1658,178,25,0,141,206,852,13,ATK@600,gauntlet/20260930-225121-scrim-e2aggr/replays/polyllc.polyv4__SteamboatMickey__botB.bc24,polyllc.polyv4,1,e2aggr
A,e2aggr,1,2000,MORE_FLAG_CAPTURES,1,942,262,33,0,0,0,0,67,36,190,290,6,19,1127,840,7,0,50,416,1108,173,ATK@600+HEAL@1200+CAP@1800,gauntlet/20260930-225121-scrim-e2aggr/replays/reeceyang.v5__GravitationalWaves__botA.bc24,reeceyang.v5,1,e2aggr
B,v5,0,2000,MORE_FLAG_CAPTURES,0,-1,249,6,0,0,0,0,61,22,30,20,2,3,468,938,22,0,0,110,173,1108,ATK@600+CAP@1200+HEAL@1800,gauntlet/20260930-225121-scrim-e2aggr/replays/reeceyang.v5__GravitationalWaves__botA.bc24,reeceyang.v5,0,e2aggr
A,MPAttack,0,501,RESIGNATION,0,-1,0,0,0,0,0,0,26,12,120,130,0,1,529,337,21,0,0,11,45,179,,gauntlet/20260930-225121-scrim-e2aggr/replays/itswin.MPAttack__TreeSearch__botB.bc24,itswin.MPAttack,0,e2aggr
B,e2aggr,1,501,RESIGNATION,2,279,226,8,0,0,0,0,71,27,140,240,4,25,751,803,19,0,74,60,179,45,,gauntlet/20260930-225121-scrim-e2aggr/replays/itswin.MPAttack__TreeSearch__botB.bc24,itswin.MPAttack,1,e2aggr
A,tx,0,438,CAPTURE,0,-1,0,0,0,0,0,0,0,0,2900,3400,0,11,0,0,0,0,0,0,0,285,,gauntlet/20260930-225121-scrim-e2aggr/replays/PerishoJ.tx__DefaultLarge__botB.bc24,PerishoJ.tx,0,e2aggr
B,e2aggr,1,438,CAPTURE,3,366,232,3,0,0,0,0,43,23,120,510,3,3,1744,0,24,0,145,42,285,0,,gauntlet/20260930-225121-scrim-e2aggr/replays/PerishoJ.tx__DefaultLarge__botB.bc24,PerishoJ.tx,1,e2aggr
A,combustiblelemon,0,510,CAPTURE,0,-1,0,3,0,3,14,0,0,11,200,100,0,13,313,115,21,0,0,12,14,144,,gauntlet/20260930-225121-scrim-e2aggr/replays/samithShetty.combustiblelemon__Puzzle__botB.bc24,samithShetty.combustiblelemon,0,e2aggr
B,e2aggr,1,510,CAPTURE,3,268,220,3,0,0,0,0,1,23,145,1340,4,5,739,681,24,0,128,68,144,14,,gauntlet/20260930-225121-scrim-e2aggr/replays/samithShetty.combustiblelemon__Puzzle__botB.bc24,samithShetty.combustiblelemon,1,e2aggr
A,v11,0,1034,CAPTURE,0,-1,0,0,0,0,0,0,20,43,30,203,4,24,436,512,0,6,57,107,27,543,ATK@600,gauntlet/20260930-225121-scrim-e2aggr/replays/JeffLegendPower.v11__EndAround__botB.bc24,JeffLegendPower.v11,0,e2aggr
B,e2aggr,1,1034,CAPTURE,3,481,251,7,0,0,0,0,66,22,185,90,4,3,678,750,13,0,59,153,543,27,ATK@600,gauntlet/20260930-225121-scrim-e2aggr/replays/JeffLegendPower.v11__EndAround__botB.bc24,JeffLegendPower.v11,1,e2aggr
A,e2aggr,1,1974,CAPTURE,3,1774,244,73,0,0,0,0,69,41,145,280,6,7,1256,316,10,0,60,491,1310,126,ATK@600+HEAL@1200+CAP@1800,gauntlet/20260930-225121-scrim-e2aggr/replays/justinottesen.sprint1__Hurricane__botA.bc24,justinottesen.sprint1,1,e2aggr
B,sprint1,0,1974,CAPTURE,0,-1,323,27,0,0,0,0,157,10,190,40,0,3,195,1133,14,0,0,81,126,1310,ATK@600,gauntlet/20260930-225121-scrim-e2aggr/replays/justinottesen.sprint1__Hurricane__botA.bc24,justinottesen.sprint1,0,e2aggr
A,turtle,0,1296,CAPTURE,0,-1,0,3,0,3,46,0,0,3,4000,106,0,9,293,525,29,0,0,30,29,499,HEAL@600+ATK@1200,gauntlet/20260930-225121-scrim-e2aggr/replays/andrearante12.turtle__Funnel__botB.bc24,andrearante12.turtle,0,e2aggr
B,e2aggr,1,1296,CAPTURE,3,449,265,6,0,0,0,0,27,33,205,295,6,9,870,741,16,0,64,148,499,29,ATK@600+HEAL@1200,gauntlet/20260930-225121-scrim-e2aggr/replays/andrearante12.turtle__Funnel__botB.bc24,andrearante12.turtle,1,e2aggr
A,e2aggr,1,1507,CAPTURE,3,257,223,4,0,0,0,0,47,19,250,140,3,3,1208,794,22,0,30,410,1452,35,ATK@600+HEAL@1200,gauntlet/20260930-225121-scrim-e2aggr/replays/dylanconklin.Team3__Fountain__botA.bc24,dylanconklin.Team3,1,e2aggr
B,Team3,0,1507,CAPTURE,0,-1,0,3,0,3,0,0,36,15,40,60,1,7,341,130,23,0,0,52,35,1452,,gauntlet/20260930-225121-scrim-e2aggr/replays/dylanconklin.Team3__Fountain__botA.bc24,dylanconklin.Team3,0,e2aggr
A,crayBasic,0,549,CAPTURE,0,-1,218,15,0,0,0,0,0,0,3300,3830,0,16,625,15,0,0,0,0,10,472,,gauntlet/20260930-225121-scrim-e2aggr/replays/abdullah8a0.crayBasic__Battlefield__botB.bc24,abdullah8a0.crayBasic,0,e2aggr
B,e2aggr,1,549,CAPTURE,3,407,361,3,0,0,0,0,26,47,230,210,8,29,1824,1111,8,0,70,96,472,10,,gauntlet/20260930-225121-scrim-e2aggr/replays/abdullah8a0.crayBasic__Battlefield__botB.bc24,abdullah8a0.crayBasic,1,e2aggr
A,e2aggr,1,1416,CAPTURE,3,1172,1054,4,0,0,0,0,12,18,205,305,2,29,1385,1248,1,0,133,360,1073,163,ATK@600+HEAL@1200,gauntlet/20260930-225121-scrim-e2aggr/replays/qpwoeirut.tournament_sprint1__GaltonBoard__botA.bc24,qpwoeirut.tournament_sprint1,1,e2aggr
B,tournament_sprint1,0,1416,CAPTURE,0,-1,0,0,0,0,0,0,9,0,2130,320,0,5,583,1866,43,0,0,107,163,1073,ATK@600+HEAL@1200,gauntlet/20260930-225121-scrim-e2aggr/replays/qpwoeirut.tournament_sprint1__GaltonBoard__botA.bc24,qpwoeirut.tournament_sprint1,0,e2aggr
A,e2aggr,1,491,CAPTURE,3,333,272,6,0,0,0,0,80,48,190,220,9,10,1209,578,14,0,94,79,193,24,,gauntlet/20260930-225121-scrim-e2aggr/replays/cViper971.ourplayer__Klein__botA.bc24,cViper971.ourplayer,1,e2aggr
B,ourplayer,0,491,CAPTURE,0,-1,336,4,0,0,0,0,31,17,110,90,2,22,253,540,28,0,0,22,24,193,,gauntlet/20260930-225121-scrim-e2aggr/replays/cViper971.ourplayer__Klein__botA.bc24,cViper971.ourplayer,0,e2aggr
A,e2aggr,1,2000,LEVEL_SUM,0,-1,212,4,0,0,0,0,13,30,235,280,5,3,850,25,20,0,90,0,500,2,ATK@600+HEAL@1200+CAP@1800,gauntlet/20260930-225121-scrim-e2aggr/replays/lukerhoads.warrior_2nd_comp__AceOfSpades__botA.bc24,lukerhoads.warrior_2nd_comp,1,e2aggr
B,warrior_2nd_comp,0,2000,LEVEL_SUM,0,-1,0,3,0,3,56,0,0,14,1800,2300,1,12,0,0,10,2,2,10,2,500,ATK@750+CAP@1500,gauntlet/20260930-225121-scrim-e2aggr/replays/lukerhoads.warrior_2nd_comp__AceOfSpades__botA.bc24,lukerhoads.warrior_2nd_comp,0,e2aggr
A,moveBot1,0,571,CAPTURE,0,-1,0,0,0,0,0,0,39,26,670,400,2,21,213,395,38,0,0,43,39,445,,gauntlet/20260930-225121-scrim-e2aggr/replays/adamseth2.moveBot1__StackGame__botB.bc24,adamseth2.moveBot1,0,e2aggr
B,e2aggr,1,571,CAPTURE,3,361,274,5,0,0,0,0,30,53,240,230,10,5,1462,690,24,0,93,121,445,39,,gauntlet/20260930-225121-scrim-e2aggr/replays/adamseth2.moveBot1__StackGame__botB.bc24,adamseth2.moveBot1,1,e2aggr
A,e2aggr,1,326,CAPTURE,3,259,214,3,0,0,0,0,40,31,130,190,5,4,674,183,9,0,58,0,93,11,,gauntlet/20260930-225121-scrim-e2aggr/replays/Lithanium.AttackingBot__Ambush__botA.bc24,Lithanium.AttackingBot,1,e2aggr
B,AttackingBot,0,326,CAPTURE,0,-1,0,0,0,0,0,0,72,3,1740,80,0,0,18,0,17,0,0,15,11,93,,gauntlet/20260930-225121-scrim-e2aggr/replays/Lithanium.AttackingBot__Ambush__botA.bc24,Lithanium.AttackingBot,0,e2aggr
A,e2aggr,1,1202,CAPTURE,3,421,317,16,0,0,0,0,38,21,150,185,4,4,599,583,12,0,28,144,763,65,ATK@600+HEAL@1200,gauntlet/20260930-225121-scrim-e2aggr/replays/MiloAkerman.v1__Fountain__botA.bc24,MiloAkerman.v1,1,e2aggr
B,v1,0,1202,CAPTURE,0,-1,0,0,0,0,0,0,72,2,1540,2240,0,9,330,455,12,0,0,27,65,763,,gauntlet/20260930-225121-scrim-e2aggr/replays/MiloAkerman.v1__Fountain__botA.bc24,MiloAkerman.v1,0,e2aggr
A,Bot21,0,865,CAPTURE,2,363,222,41,18,3,3,61,67,37,53,42,13,11,731,822,2,0,46,91,101,544,ATK@601,gauntlet/20260930-225121-scrim-e2aggr/replays/HugoIngelsson.Bot21__Swoop__botB.bc24,HugoIngelsson.Bot21,0,e2aggr
B,e2aggr,1,865,CAPTURE,3,420,306,8,0,0,0,0,65,38,170,215,6,16,1216,935,12,0,56,177,544,101,ATK@600,gauntlet/20260930-225121-scrim-e2aggr/replays/HugoIngelsson.Bot21__Swoop__botB.bc24,HugoIngelsson.Bot21,1,e2aggr
A,e2aggr,1,480,CAPTURE,3,308,262,4,0,0,0,0,13,109,2975,235,12,14,1509,983,24,0,213,161,316,1,,gauntlet/20260930-225121-scrim-e2aggr/replays/VarunVejalla.alexander__CH3353C4K3F4CT0RY__botA.bc24,VarunVejalla.alexander,1,e2aggr
B,alexander,0,480,CAPTURE,0,-1,0,3,0,3,25,0,0,0,4200,8500,0,11,513,92,0,0,0,0,1,316,,gauntlet/20260930-225121-scrim-e2aggr/replays/VarunVejalla.alexander__CH3353C4K3F4CT0RY__botA.bc24,VarunVejalla.alexander,0,e2aggr
A,Bot21,0,942,CAPTURE,0,-1,461,5,1,3,3,60,54,13,77,17,12,14,812,893,3,0,23,77,140,590,ATK@601,gauntlet/20260930-225121-scrim-e2aggr/replays/HugoIngelsson.Bot21__Rivers__botB.bc24,HugoIngelsson.Bot21,0,e2aggr
B,e2aggr,1,942,CAPTURE,3,379,331,5,0,0,0,0,26,30,165,225,5,19,1334,1336,2,0,64,130,590,140,ATK@600,gauntlet/20260930-225121-scrim-e2aggr/replays/HugoIngelsson.Bot21__Rivers__botB.bc24,HugoIngelsson.Bot21,1,e2aggr
A,Sprint2,0,573,CAPTURE,0,-1,553,2,0,0,0,0,153,0,7110,30,0,14,134,459,26,16,28,67,11,341,,gauntlet/20260930-225121-scrim-e2aggr/replays/tlevietpdx.Sprint2__Battlecode24__botB.bc24,tlevietpdx.Sprint2,0,e2aggr
B,e2aggr,1,573,CAPTURE,3,411,257,4,0,0,0,0,61,94,2350,340,12,4,1586,474,24,0,290,185,341,11,,gauntlet/20260930-225121-scrim-e2aggr/replays/tlevietpdx.Sprint2__Battlecode24__botB.bc24,tlevietpdx.Sprint2,1,e2aggr
A,e2aggr,1,467,CAPTURE,3,272,223,4,0,0,0,0,40,25,175,220,4,3,1205,255,23,0,60,7,260,12,,gauntlet/20260930-225121-scrim-e2aggr/replays/Lithanium.AttackingBot__OceanFloor__botA.bc24,Lithanium.AttackingBot,1,e2aggr
B,AttackingBot,0,467,CAPTURE,0,-1,0,0,0,0,0,0,91,0,1070,170,0,7,27,0,14,0,0,15,12,260,,gauntlet/20260930-225121-scrim-e2aggr/replays/Lithanium.AttackingBot__OceanFloor__botA.bc24,Lithanium.AttackingBot,0,e2aggr
A,e2aggr,1,668,CAPTURE,3,247,237,4,0,0,0,0,32,44,180,135,8,3,784,334,24,0,75,69,236,21,ATK@600,gauntlet/20260930-225121-scrim-e2aggr/replays/SriLakshmiPolavarapu.ducks__Mountain__botA.bc24,SriLakshmiPolavarapu.ducks,1,e2aggr
B,ducks,0,668,CAPTURE,0,-1,0,3,0,3,14,0,0,30,200,100,0,16,53,0,42,0,0,42,21,236,,gauntlet/20260930-225121-scrim-e2aggr/replays/SriLakshmiPolavarapu.ducks__Mountain__botA.bc24,SriLakshmiPolavarapu.ducks,0,e2aggr
A,ExplosiveBot,0,1663,CAPTURE,0,-1,289,30,0,0,0,0,6,4,5120,3470,0,33,750,911,19,0,17,159,266,1296,ATK@600+HEAL@1200,gauntlet/20260930-225121-scrim-e2aggr/replays/awu7.ExplosiveBot__Randy__botB.bc24,awu7.ExplosiveBot,0,e2aggr
B,e2aggr,1,1663,CAPTURE,3,400,224,17,0,0,0,0,6,49,185,295,9,20,1149,1374,11,0,64,329,1296,266,ATK@600+HEAL@1200,gauntlet/20260930-225121-scrim-e2aggr/replays/awu7.ExplosiveBot__Randy__botB.bc24,awu7.ExplosiveBot,1,e2aggr
A,v22,0,812,CAPTURE,1,288,226,3,0,0,0,0,71,45,83,103,1,28,833,696,0,0,60,95,62,610,ATK@600,gauntlet/20260930-225121-scrim-e2aggr/replays/RyanAspen.v22__Swoop__botB.bc24,RyanAspen.v22,0,e2aggr
B,e2aggr,1,812,CAPTURE,3,341,238,5,0,0,0,0,67,37,170,210,7,2,1021,1112,20,0,69,198,610,62,ATK@600,gauntlet/20260930-225121-scrim-e2aggr/replays/RyanAspen.v22__Swoop__botB.bc24,RyanAspen.v22,1,e2aggr
A,e2aggr,1,1323,CAPTURE,3,365,276,8,0,0,0,0,15,26,145,195,4,3,726,425,4,0,52,69,161,33,ATK@600+HEAL@1200,gauntlet/20260930-225121-scrim-e2aggr/replays/AlexYu84.smartPlayer__Digging__botA.bc24,AlexYu84.smartPlayer,1,e2aggr
B,smartPlayer,0,1323,CAPTURE,0,-1,0,3,0,3,17,0,8,14,120,20,1,20,118,89,20,14,0,61,33,161,,gauntlet/20260930-225121-scrim-e2aggr/replays/AlexYu84.smartPlayer__Digging__botA.bc24,AlexYu84.smartPlayer,0,e2aggr
A,e2aggr,1,506,CAPTURE,3,347,222,8,0,0,0,0,182,83,640,303,12,10,1543,711,32,0,338,266,250,18,,gauntlet/20260930-225121-scrim-e2aggr/replays/neilhuang007.baseline__Snake__botA.bc24,neilhuang007.baseline,1,e2aggr
B,baseline,0,506,CAPTURE,0,-1,304,2,0,0,0,0,199,6,8630,17720,0,0,489,763,0,0,6,6,18,250,,gauntlet/20260930-225121-scrim-e2aggr/replays/neilhuang007.baseline__Snake__botA.bc24,neilhuang007.baseline,0,e2aggr
A,e2aggr,1,1174,CAPTURE,3,939,325,5,0,0,0,0,59,25,205,255,4,24,1580,841,5,0,47,156,1192,56,ATK@600,gauntlet/20260930-225121-scrim-e2aggr/replays/neilhuang007.baseline__TwistedTreeline__botA.bc24,neilhuang007.baseline,1,e2aggr
B,baseline,0,1174,CAPTURE,0,-1,248,1,0,0,0,0,85,10,1250,1660,0,5,633,1116,0,0,10,10,56,1192,CAP@600,gauntlet/20260930-225121-scrim-e2aggr/replays/neilhuang007.baseline__TwistedTreeline__botA.bc24,neilhuang007.baseline,0,e2aggr
A,e2aggr,1,679,CAPTURE,3,475,267,6,0,0,0,0,79,17,125,105,2,5,776,857,2,0,36,66,187,23,ATK@600,gauntlet/20260930-225121-scrim-e2aggr/replays/Peter-Fun.dinoboxer__Decision__botA.bc24,Peter-Fun.dinoboxer,1,e2aggr
B,dinoboxer,0,679,CAPTURE,0,-1,0,0,0,0,0,0,0,16,200,30,0,13,414,601,16,1,6,38,23,187,ATK@600,gauntlet/20260930-225121-scrim-e2aggr/replays/Peter-Fun.dinoboxer__Decision__botA.bc24,Peter-Fun.dinoboxer,0,e2aggr
A,ducks,0,376,CAPTURE,0,-1,0,3,0,3,0,0,0,26,200,100,0,0,55,0,34,0,0,31,21,147,,gauntlet/20260930-225121-scrim-e2aggr/replays/SriLakshmiPolavarapu.ducks__StackGame__botB.bc24,SriLakshmiPolavarapu.ducks,0,e2aggr
B,e2aggr,1,376,CAPTURE,3,296,259,5,0,0,0,0,31,52,140,295,10,4,1050,525,24,0,92,29,147,21,,gauntlet/20260930-225121-scrim-e2aggr/replays/SriLakshmiPolavarapu.ducks__StackGame__botB.bc24,SriLakshmiPolavarapu.ducks,1,e2aggr
A,e2aggr,1,2000,MORE_FLAG_CAPTURES,2,437,326,3,0,0,0,0,69,21,20,450,3,3,153,7,24,0,50,14,2458,0,ATK@600+HEAL@1200+CAP@1800,gauntlet/20260930-225121-scrim-e2aggr/replays/sivakovivan.NewHide__MazeRunner__botA.bc24,sivakovivan.NewHide,1,e2aggr
B,NewHide,0,2000,MORE_FLAG_CAPTURES,0,-1,0,0,0,0,0,0,0,50,20,20,1,38,8,0,0,0,70,71,0,2458,HEAL@600,gauntlet/20260930-225121-scrim-e2aggr/replays/sivakovivan.NewHide__MazeRunner__botA.bc24,sivakovivan.NewHide,0,e2aggr
A,Sprint2,0,658,CAPTURE,0,-1,0,0,0,0,0,0,36,0,15820,20,0,12,250,317,47,36,21,102,35,361,ATK@600,gauntlet/20260930-225121-scrim-e2aggr/replays/tlevietpdx.Sprint2__Joker__botB.bc24,tlevietpdx.Sprint2,0,e2aggr
B,e2aggr,1,658,CAPTURE,3,474,293,8,0,0,0,0,0,114,4235,248,12,4,1327,662,24,0,221,142,361,35,ATK@600,gauntlet/20260930-225121-scrim-e2aggr/replays/tlevietpdx.Sprint2__Joker__botB.bc24,tlevietpdx.Sprint2,1,e2aggr
A,bling3,0,1848,CAPTURE,1,347,248,10,0,0,0,0,102,14,40,220,0,0,910,1460,19,0,3,99,241,808,ATK@600+HEAL@1200+CAP@1800,gauntlet/20260930-225121-scrim-e2aggr/replays/jonters.bling3__QueenOfHearts__botB.bc24,jonters.bling3,0,e2aggr
B,e2aggr,1,1848,CAPTURE,3,763,237,19,0,0,0,0,91,22,165,280,4,13,1094,1337,10,0,37,207,808,241,ATK@600+HEAL@1200+CAP@1800,gauntlet/20260930-225121-scrim-e2aggr/replays/jonters.bling3__QueenOfHearts__botB.bc24,jonters.bling3,1,e2aggr
A,smartPlayer,0,815,CAPTURE,0,-1,0,9,0,9,15,0,16,18,40,70,2,19,134,10,25,10,0,32,18,130,,gauntlet/20260930-225121-scrim-e2aggr/replays/AlexYu84.smartPlayer__SteamboatMickey__botB.bc24,AlexYu84.smartPlayer,0,e2aggr
B,e2aggr,1,815,CAPTURE,3,322,217,4,0,0,0,0,8,76,618,248,11,6,770,532,24,0,209,66,130,18,ATK@600,gauntlet/20260930-225121-scrim-e2aggr/replays/AlexYu84.smartPlayer__SteamboatMickey__botB.bc24,AlexYu84.smartPlayer,1,e2aggr
A,duck8,0,1166,CAPTURE,0,-1,364,12,0,0,0,0,44,31,100,80,3,3,1016,1264,2,0,77,155,157,464,ATK@750,gauntlet/20260930-225121-scrim-e2aggr/replays/clbarrell.duck8__Funnel__botB.bc24,clbarrell.duck8,0,e2aggr
B,e2aggr,1,1166,CAPTURE,3,623,495,5,0,0,0,0,34,31,185,125,6,3,1119,1345,9,0,53,130,464,157,ATK@600,gauntlet/20260930-225121-scrim-e2aggr/replays/clbarrell.duck8__Funnel__botB.bc24,clbarrell.duck8,1,e2aggr
A,e2aggr,1,357,CAPTURE,3,225,209,3,0,0,0,0,0,46,205,215,8,6,963,761,17,0,70,21,133,18,,gauntlet/20260930-225121-scrim-e2aggr/replays/joelcrouch.ducks__Yinyang__botA.bc24,joelcrouch.ducks,1,e2aggr
B,ducks,0,357,CAPTURE,0,-1,0,3,0,3,13,0,0,26,100,200,0,0,33,0,34,0,0,29,18,133,,gauntlet/20260930-225121-scrim-e2aggr/replays/joelcrouch.ducks__Yinyang__botA.bc24,joelcrouch.ducks,0,e2aggr
A,e2aggr,1,2000,LEVEL_SUM,0,-1,232,11,0,0,0,0,34,41,225,245,7,21,603,711,17,0,49,314,956,299,ATK@600+HEAL@1200+CAP@1800,gauntlet/20260930-225121-scrim-e2aggr/replays/kyleezz.jeeryfix3__Divergent__botA.bc24,kyleezz.jeeryfix3,1,e2aggr
B,jeeryfix3,0,2000,LEVEL_SUM,0,-1,1035,1,0,0,0,0,91,1,2870,1670,0,6,530,372,0,0,36,218,299,956,ATK@600+CAP@1200+HEAL@1800,gauntlet/20260930-225121-scrim-e2aggr/replays/kyleezz.jeeryfix3__Divergent__botA.bc24,kyleezz.jeeryfix3,0,e2aggr
A,cretplayer2_3,0,1655,CAPTURE,0,-1,297,13,0,3,13,0,23,0,5010,790,0,3,873,769,0,4,51,182,158,1486,ATK@600+HEAL@1200,gauntlet/20260930-225121-scrim-e2aggr/replays/quesswho.cretplayer2_3__Hockey__botB.bc24,quesswho.cretplayer2_3,0,e2aggr
B,e2aggr,1,1655,CAPTURE,3,1251,1186,10,0,0,0,0,28,42,145,280,7,2,1298,1419,9,0,53,317,1486,158,ATK@600+HEAL@1200,gauntlet/20260930-225121-scrim-e2aggr/replays/quesswho.cretplayer2_3__Hockey__botB.bc24,quesswho.cretplayer2_3,1,e2aggr
A,defaultplayer_intlqualifier,0,2000,LEVEL_SUM,0,-1,239,4,0,3,25,0,4,10,680,8330,0,3,254,658,6,36,16,69,18,350,ATK@600+HEAL@1200+CAP@1800,gauntlet/20260930-225121-scrim-e2aggr/replays/dmtrung14.defaultplayer_intlqualifier__Puzzle__botB.bc24,dmtrung14.defaultplayer_intlqualifier,0,e2aggr
B,e2aggr,1,2000,LEVEL_SUM,0,-1,247,1,0,0,0,0,7,21,135,40,4,11,770,335,22,0,68,188,350,18,ATK@600+HEAL@1200+CAP@1800,gauntlet/20260930-225121-scrim-e2aggr/replays/dmtrung14.defaultplayer_intlqualifier__Puzzle__botB.bc24,dmtrung14.defaultplayer_intlqualifier,1,e2aggr
A,bc24scenario,0,395,CAPTURE,0,-1,0,1,0,1,2,58,58,3,700,700,6,0,101,103,1,1,1,3,1,219,,gauntlet/20260930-225121-scrim-e2aggr/replays/Metta-AI.bc24scenario__Alligator__botB.bc24,Metta-AI.bc24scenario,0,e2aggr
B,e2aggr,1,395,CAPTURE,3,278,235,4,0,0,0,0,51,33,190,355,5,3,1590,205,24,0,146,48,219,1,,gauntlet/20260930-225121-scrim-e2aggr/replays/Metta-AI.bc24scenario__Alligator__botB.bc24,Metta-AI.bc24scenario,1,e2aggr
A,moveBot1,0,531,CAPTURE,0,-1,0,0,0,0,0,0,37,16,1130,510,2,15,230,323,31,0,0,28,26,269,,gauntlet/20260930-225121-scrim-e2aggr/replays/adamseth2.moveBot1__WheresMyWater__botB.bc24,adamseth2.moveBot1,0,e2aggr
B,e2aggr,1,531,CAPTURE,3,233,217,4,0,0,0,0,61,27,130,250,4,3,1148,554,9,0,79,58,269,26,,gauntlet/20260930-225121-scrim-e2aggr/replays/adamseth2.moveBot1__WheresMyWater__botB.bc24,adamseth2.moveBot1,1,e2aggr
A,v5,0,1145,CAPTURE,0,-1,231,17,0,0,0,0,71,27,10,40,3,1,454,611,36,0,0,44,125,1136,ATK@600,gauntlet/20260930-225121-scrim-e2aggr/replays/reeceyang.v5__BigDucksBigPond__botB.bc24,reeceyang.v5,0,e2aggr
B,e2aggr,1,1145,CAPTURE,3,537,259,25,0,0,0,0,96,35,195,210,6,18,1233,812,17,0,59,388,1136,125,ATK@600,gauntlet/20260930-225121-scrim-e2aggr/replays/reeceyang.v5__BigDucksBigPond__botB.bc24,reeceyang.v5,1,e2aggr
A,ExplosiveBot,0,1622,CAPTURE,0,-1,279,20,5,0,0,0,0,19,1300,460,0,12,771,638,22,0,10,92,192,1257,ATK@600+HEAL@1200,gauntlet/20260930-225121-scrim-e2aggr/replays/awu7.ExplosiveBot__Valentine__botB.bc24,awu7.ExplosiveBot,0,e2aggr
B,e2aggr,1,1622,CAPTURE,3,1272,434,31,0,0,0,0,0,38,175,185,7,4,1175,1336,9,0,65,328,1257,192,ATK@600+HEAL@1200,gauntlet/20260930-225121-scrim-e2aggr/replays/awu7.ExplosiveBot__Valentine__botB.bc24,awu7.ExplosiveBot,1,e2aggr
A,NewHide,0,372,CAPTURE,0,-1,0,0,0,0,0,0,0,44,100,40,1,16,55,17,0,0,62,41,1,144,,gauntlet/20260930-225121-scrim-e2aggr/replays/sivakovivan.NewHide__Ambush__botB.bc24,sivakovivan.NewHide,0,e2aggr
B,e2aggr,1,372,CAPTURE,3,282,209,3,0,0,0,0,35,30,140,235,4,3,1018,85,20,0,63,0,144,1,,gauntlet/20260930-225121-scrim-e2aggr/replays/sivakovivan.NewHide__Ambush__botB.bc24,sivakovivan.NewHide,1,e2aggr
A,e2aggr,1,552,CAPTURE,3,346,304,3,0,0,0,0,59,92,1875,834,12,3,1441,32,24,0,286,157,403,0,,gauntlet/20260930-225121-scrim-e2aggr/replays/polyllc.polyv4__Battlecode24__botA.bc24,polyllc.polyv4,1,e2aggr
B,polyv4,0,552,CAPTURE,0,-1,0,0,0,0,0,0,68,24,7150,14650,3,10,16,132,0,0,32,33,0,403,,gauntlet/20260930-225121-scrim-e2aggr/replays/polyllc.polyv4__Battlecode24__botA.bc24,polyllc.polyv4,0,e2aggr
A,e2aggr,1,573,CAPTURE,3,282,240,3,0,0,0,0,38,21,140,270,3,3,1795,0,21,0,80,109,548,0,,gauntlet/20260930-225121-scrim-e2aggr/replays/sayam-goyal.SimpleBot__Fountain__botA.bc24,sayam-goyal.SimpleBot,1,e2aggr
B,SimpleBot,0,573,CAPTURE,0,-1,0,0,0,0,0,0,0,0,2400,2900,0,8,0,0,0,0,0,0,0,548,,gauntlet/20260930-225121-scrim-e2aggr/replays/sayam-goyal.SimpleBot__Fountain__botA.bc24,sayam-goyal.SimpleBot,0,e2aggr
A,combustiblelemon,0,919,CAPTURE,0,-1,0,3,0,3,15,0,0,19,100,200,0,1,332,106,29,0,0,24,45,277,,gauntlet/20260930-225121-scrim-e2aggr/replays/samithShetty.combustiblelemon__Fountain__botB.bc24,samithShetty.combustiblelemon,0,e2aggr
B,e2aggr,1,919,CAPTURE,3,249,215,6,0,0,0,0,42,20,150,30,3,8,754,602,14,0,32,39,277,45,ATK@600,gauntlet/20260930-225121-scrim-e2aggr/replays/samithShetty.combustiblelemon__Fountain__botB.bc24,samithShetty.combustiblelemon,1,e2aggr
A,v9,0,455,CAPTURE,0,-1,282,7,0,0,0,0,32,23,965,945,4,0,515,838,0,0,50,47,38,103,,gauntlet/20260930-225121-scrim-e2aggr/replays/TylerJulian.v9__KingQuacksCastle__botB.bc24,TylerJulian.v9,0,e2aggr
B,e2aggr,1,455,CAPTURE,3,323,219,8,0,0,0,0,29,27,190,205,4,5,955,646,4,0,81,89,103,38,,gauntlet/20260930-225121-scrim-e2aggr/replays/TylerJulian.v9__KingQuacksCastle__botB.bc24,TylerJulian.v9,1,e2aggr
A,e2aggr,1,814,CAPTURE,3,298,237,15,0,0,0,0,50,57,175,115,9,7,407,304,24,0,58,59,168,39,ATK@600,gauntlet/20260930-225121-scrim-e2aggr/replays/Rubrasum.version_3__Rainbow__botA.bc24,Rubrasum.version_3,1,e2aggr
B,version_3,0,814,CAPTURE,0,-1,0,3,0,3,17,0,0,41,200,100,0,7,166,0,51,0,0,34,39,168,ATK@600,gauntlet/20260930-225121-scrim-e2aggr/replays/Rubrasum.version_3__Rainbow__botA.bc24,Rubrasum.version_3,0,e2aggr
A,e2aggr,1,1677,CAPTURE,3,472,230,18,0,0,0,0,27,32,125,235,6,9,1112,1051,12,0,57,470,1690,98,ATK@600+HEAL@1200,gauntlet/20260930-225121-scrim-e2aggr/replays/noahzemlin.honeyducklings__Funnel__botA.bc24,noahzemlin.honeyducklings,1,e2aggr
B,honeyducklings,0,1677,CAPTURE,0,-1,259,3,0,0,0,0,60,14,1400,2890,0,2,577,567,7,14,0,84,98,1690,ATK@608+HEAL@1200,gauntlet/20260930-225121-scrim-e2aggr/replays/noahzemlin.honeyducklings__Funnel__botA.bc24,noahzemlin.honeyducklings,0,e2aggr
A,e2aggr,1,2000,MORE_FLAG_CAPTURES,1,1205,390,10,0,0,0,0,69,21,145,170,3,3,502,1123,11,0,46,234,506,397,ATK@600+HEAL@1200+CAP@1800,gauntlet/20260930-225121-scrim-e2aggr/replays/hsmalladi.finalbot__EndAround__botA.bc24,hsmalladi.finalbot,1,e2aggr
B,finalbot,0,2000,MORE_FLAG_CAPTURES,0,-1,0,3,0,3,39,48,66,0,2115,155,9,0,645,559,9,3,25,199,397,506,ATK@600+HEAL@1200+CAP@1800,gauntlet/20260930-225121-scrim-e2aggr/replays/hsmalladi.finalbot__EndAround__botA.bc24,hsmalladi.finalbot,0,e2aggr
A,alexander,0,1396,CAPTURE,0,-1,229,8,0,3,15,0,0,0,4200,5100,0,7,697,184,0,0,0,0,73,1241,ATK@751,gauntlet/20260930-225121-scrim-e2aggr/replays/VarunVejalla.alexander__BreadPudding__botB.bc24,VarunVejalla.alexander,0,e2aggr
B,e2aggr,1,1396,CAPTURE,3,347,306,24,0,0,0,0,39,29,200,250,4,23,1158,1101,9,0,45,336,1241,73,ATK@600+HEAL@1200,gauntlet/20260930-225121-scrim-e2aggr/replays/VarunVejalla.alexander__BreadPudding__botB.bc24,VarunVejalla.alexander,1,e2aggr
A,e2aggr,1,1896,CAPTURE,3,993,501,21,0,0,0,0,74,34,170,255,6,9,1288,1131,6,0,57,481,1613,138,ATK@600+HEAL@1200+CAP@1800,gauntlet/20260930-225121-scrim-e2aggr/replays/MiloAkerman.v1__GravitationalWaves__botA.bc24,MiloAkerman.v1,1,e2aggr
B,v1,0,1896,CAPTURE,0,-1,0,0,0,0,0,0,133,2,1210,1340,0,15,676,1361,12,0,0,60,138,1613,,gauntlet/20260930-225121-scrim-e2aggr/replays/MiloAkerman.v1__GravitationalWaves__botA.bc24,MiloAkerman.v1,0,e2aggr
A,honeyducklings,0,1460,CAPTURE,0,-1,564,1,0,0,0,0,158,14,1060,1360,0,22,771,1452,7,19,0,46,49,1731,ATK@600,gauntlet/20260930-225121-scrim-e2aggr/replays/noahzemlin.honeyducklings__BigDucksBigPond__botB.bc24,noahzemlin.honeyducklings,0,e2aggr
B,e2aggr,1,1460,CAPTURE,3,522,326,11,0,0,0,0,88,39,170,265,7,3,1429,1463,23,0,88,397,1731,49,ATK@600+HEAL@1200,gauntlet/20260930-225121-scrim-e2aggr/replays/noahzemlin.honeyducklings__BigDucksBigPond__botB.bc24,noahzemlin.honeyducklings,1,e2aggr
A,dangerduck2,0,783,CAPTURE,0,-1,245,45,0,0,0,0,48,24,1650,1960,3,4,596,604,0,24,0,39,24,618,ATK@600,gauntlet/20260930-225121-scrim-e2aggr/replays/dylanzemlin.dangerduck2__Soccer__botB.bc24,dylanzemlin.dangerduck2,0,e2aggr
B,e2aggr,1,783,CAPTURE,3,352,235,14,0,0,0,0,21,37,193,223,6,4,1579,979,12,0,68,164,618,24,ATK@600,gauntlet/20260930-225121-scrim-e2aggr/replays/dylanzemlin.dangerduck2__Soccer__botB.bc24,dylanzemlin.dangerduck2,1,e2aggr
A,version_3,0,346,CAPTURE,0,-1,233,4,0,3,6,0,0,22,100,340,0,0,281,0,35,0,0,18,13,136,,gauntlet/20260930-225121-scrim-e2aggr/replays/Rubrasum.version_3__Ambush__botB.bc24,Rubrasum.version_3,0,e2aggr
B,e2aggr,1,346,CAPTURE,3,260,209,4,0,0,0,0,34,29,150,510,4,10,991,605,7,0,50,43,136,13,,gauntlet/20260930-225121-scrim-e2aggr/replays/Rubrasum.version_3__Ambush__botB.bc24,Rubrasum.version_3,1,e2aggr
A,dangerduck2,0,661,CAPTURE,0,-1,231,18,0,0,0,0,145,24,1540,1680,3,19,441,397,0,24,0,28,17,471,ATK@600,gauntlet/20260930-225121-scrim-e2aggr/replays/dylanzemlin.dangerduck2__Islands__botB.bc24,dylanzemlin.dangerduck2,0,e2aggr
B,e2aggr,1,661,CAPTURE,3,374,223,16,0,0,0,0,75,48,185,220,9,6,1437,745,15,0,84,161,471,17,ATK@600,gauntlet/20260930-225121-scrim-e2aggr/replays/dylanzemlin.dangerduck2__Islands__botB.bc24,dylanzemlin.dangerduck2,1,e2aggr
A,e2aggr,1,501,RESIGNATION,2,415,255,8,0,0,0,0,75,46,170,135,8,10,1011,1092,18,0,59,81,210,41,,gauntlet/20260930-225121-scrim-e2aggr/replays/itswin.MPAttack__Islands__botA.bc24,itswin.MPAttack,1,e2aggr
B,MPAttack,0,501,RESIGNATION,0,-1,255,4,0,0,0,0,8,11,560,160,0,8,716,465,28,0,0,13,41,210,,gauntlet/20260930-225121-scrim-e2aggr/replays/itswin.MPAttack__Islands__botA.bc24,itswin.MPAttack,0,e2aggr
A,crayBasic,0,2000,MORE_FLAG_CAPTURES,0,-1,0,0,0,0,0,0,0,0,2700,4500,0,26,204,5,0,0,0,0,12,1869,,gauntlet/20260930-225121-scrim-e2aggr/replays/abdullah8a0.crayBasic__FloodGates__botB.bc24,abdullah8a0.crayBasic,0,e2aggr
B,e2aggr,1,2000,MORE_FLAG_CAPTURES,1,300,252,6,0,0,0,0,3,27,205,115,5,16,454,367,8,0,53,539,1869,12,ATK@600+HEAL@1200+CAP@1800,gauntlet/20260930-225121-scrim-e2aggr/replays/abdullah8a0.crayBasic__FloodGates__botB.bc24,abdullah8a0.crayBasic,1,e2aggr
A,Team3,0,581,CAPTURE,0,-1,0,2,0,2,12,0,6,14,50,90,2,22,221,60,33,0,0,26,39,213,,gauntlet/20260930-225121-scrim-e2aggr/replays/dylanconklin.Team3__FloodGates__botB.bc24,dylanconklin.Team3,0,e2aggr
B,e2aggr,1,581,CAPTURE,3,397,329,5,0,0,0,0,4,26,185,40,4,12,565,346,8,0,40,20,213,39,,gauntlet/20260930-225121-scrim-e2aggr/replays/dylanconklin.Team3__FloodGates__botB.bc24,dylanconklin.Team3,1,e2aggr
A,e2aggr,1,392,CAPTURE,3,325,227,3,0,0,0,0,53,30,190,115,5,3,1447,0,24,0,85,18,203,0,,gauntlet/20260930-225121-scrim-e2aggr/replays/PerishoJ.tx__Duck__botA.bc24,PerishoJ.tx,1,e2aggr
B,tx,0,392,CAPTURE,0,-1,0,0,0,0,0,0,0,0,2600,3100,0,0,0,0,0,0,0,0,0,203,,gauntlet/20260930-225121-scrim-e2aggr/replays/PerishoJ.tx__Duck__botA.bc24,PerishoJ.tx,0,e2aggr
A,e2aggr,1,396,CAPTURE,3,279,229,3,0,0,0,0,15,18,175,170,3,9,1142,336,24,0,88,36,159,0,,gauntlet/20260930-225121-scrim-e2aggr/replays/joelcrouch.ducks__Pancakes__botA.bc24,joelcrouch.ducks,1,e2aggr
B,ducks,0,396,CAPTURE,0,-1,0,3,0,3,6,0,0,11,200,200,0,0,53,0,23,0,0,7,0,159,,gauntlet/20260930-225121-scrim-e2aggr/replays/joelcrouch.ducks__Pancakes__botA.bc24,joelcrouch.ducks,0,e2aggr
A,funkyguy3,0,1964,CAPTURE,0,-1,393,39,0,0,0,0,11,31,10,50,4,3,154,631,18,0,49,197,28,1423,ATK@600+HEAL@1200+CAP@1800,gauntlet/20260930-225121-scrim-e2aggr/replays/lcforges.funkyguy3__Funnel__botB.bc24,lcforges.funkyguy3,0,e2aggr
B,e2aggr,1,1964,CAPTURE,3,369,263,16,0,0,0,0,33,30,195,85,5,3,1190,509,12,0,60,616,1423,28,ATK@600+HEAL@1200+CAP@1800,gauntlet/20260930-225121-scrim-e2aggr/replays/lcforges.funkyguy3__Funnel__botB.bc24,lcforges.funkyguy3,1,e2aggr
A,e2aggr,1,981,CAPTURE,3,609,509,7,0,0,0,0,18,41,150,195,6,5,826,1325,16,0,43,150,413,41,ATK@600,gauntlet/20260930-225121-scrim-e2aggr/replays/H4ffliger.keyboardcrusader_v1__Soccer__botA.bc24,H4ffliger.keyboardcrusader_v1,1,e2aggr
B,keyboardcrusader_v1,0,981,CAPTURE,0,-1,720,7,0,3,0,0,48,0,3960,4460,0,2,661,859,15,0,0,45,41,413,,gauntlet/20260930-225121-scrim-e2aggr/replays/H4ffliger.keyboardcrusader_v1__Soccer__botA.bc24,H4ffliger.keyboardcrusader_v1,0,e2aggr
A,e2aggr,1,935,CAPTURE,3,808,748,5,0,0,0,0,20,41,173,168,7,3,1652,579,13,0,46,128,453,78,ATK@600,gauntlet/20260930-225121-scrim-e2aggr/replays/qpwoeirut.tournament_sprint1__Soccer__botA.bc24,qpwoeirut.tournament_sprint1,1,e2aggr
B,tournament_sprint1,0,935,CAPTURE,0,-1,0,0,0,0,0,0,48,0,3960,60,0,4,299,2743,29,0,0,53,78,453,ATK@600,gauntlet/20260930-225121-scrim-e2aggr/replays/qpwoeirut.tournament_sprint1__Soccer__botA.bc24,qpwoeirut.tournament_sprint1,0,e2aggr
A,warrior_2nd_comp,0,544,CAPTURE,0,-1,0,3,0,3,34,0,0,18,1700,2200,0,23,0,0,13,2,3,18,10,286,,gauntlet/20260930-225121-scrim-e2aggr/replays/lukerhoads.warrior_2nd_comp__Tunnels__botB.bc24,lukerhoads.warrior_2nd_comp,0,e2aggr
B,e2aggr,1,544,CAPTURE,3,468,304,6,0,0,0,0,62,24,165,215,3,4,618,170,20,0,52,0,286,10,,gauntlet/20260930-225121-scrim-e2aggr/replays/lukerhoads.warrior_2nd_comp__Tunnels__botB.bc24,lukerhoads.warrior_2nd_comp,1,e2aggr
A,v11,0,1052,CAPTURE,0,-1,0,0,0,0,0,0,28,69,8290,956,5,16,800,1295,0,3,159,230,67,487,ATK@600,gauntlet/20260930-225121-scrim-e2aggr/replays/JeffLegendPower.v11__StarryNight__botB.bc24,JeffLegendPower.v11,0,e2aggr
B,e2aggr,1,1052,CAPTURE,3,855,744,5,0,0,0,0,98,110,649,249,11,17,1147,1376,24,0,118,126,487,67,ATK@600,gauntlet/20260930-225121-scrim-e2aggr/replays/JeffLegendPower.v11__StarryNight__botB.bc24,JeffLegendPower.v11,1,e2aggr
A,player22,1,2000,MORE_FLAG_CAPTURES,2,356,272,8,0,3,0,0,67,0,3690,1510,0,3,1241,713,24,0,59,413,828,897,ATK@600+HEAL@1200+CAP@1800,gauntlet/20260930-230035-scrim-c5bank/losses/andrewgopher.player22__Alligator__botB.bc24,andrewgopher.player22,0,c5bank
B,c5bank,0,2000,MORE_FLAG_CAPTURES,0,-1,328,3,0,0,0,0,51,27,1105,215,4,27,1056,1700,6,0,73,243,897,828,ATK@600+HEAL@1200+CAP@1800,gauntlet/20260930-230035-scrim-c5bank/losses/andrewgopher.player22__Alligator__botB.bc24,andrewgopher.player22,1,c5bank
A,duck8,1,1019,CAPTURE,3,232,220,30,0,0,0,0,16,34,10,30,3,18,928,844,6,0,78,164,206,462,ATK@750,gauntlet/20260930-230035-scrim-c5bank/losses/clbarrell.duck8__WheresMyWater__botB.bc24,clbarrell.duck8,0,c5bank
B,c5bank,0,1019,CAPTURE,2,393,375,4,0,0,0,0,54,24,1105,305,4,0,1373,1266,4,0,66,161,462,206,ATK@600,gauntlet/20260930-230035-scrim-c5bank/losses/clbarrell.duck8__WheresMyWater__botB.bc24,clbarrell.duck8,1,c5bank
A,c5bank,0,2000,MORE_FLAG_CAPTURES,0,-1,313,4,0,0,0,0,2,19,1030,290,3,18,910,970,3,0,53,211,1258,302,ATK@600+HEAL@1200+CAP@1800,gauntlet/20260930-230035-scrim-c5bank/losses/quesswho.cretplayer2_3__FloodGates__botA.bc24,quesswho.cretplayer2_3,1,c5bank
B,cretplayer2_3,1,2000,MORE_FLAG_CAPTURES,1,1508,248,32,0,3,17,0,1,0,2870,500,0,5,827,933,0,3,24,159,302,1258,ATK@600+HEAL@1200+CAP@1800,gauntlet/20260930-230035-scrim-c5bank/losses/quesswho.cretplayer2_3__FloodGates__botA.bc24,quesswho.cretplayer2_3,0,c5bank
A,v10official,1,2000,MORE_FLAG_CAPTURES,2,299,275,19,14,3,16,75,24,3,4741,41,15,0,1032,1829,13,3,64,285,480,699,ATK@600+HEAL@1200+CAP@1800,gauntlet/20260930-230035-scrim-c5bank/losses/Gymhgy.v10official__StackGame__botB.bc24,Gymhgy.v10official,0,c5bank
B,c5bank,0,2000,MORE_FLAG_CAPTURES,0,-1,322,7,0,0,0,0,32,43,1070,270,7,21,1268,1610,11,0,61,229,699,480,ATK@600+HEAL@1200+CAP@1800,gauntlet/20260930-230035-scrim-c5bank/losses/Gymhgy.v10official__StackGame__botB.bc24,Gymhgy.v10official,1,c5bank
A,waffle,1,298,CAPTURE,3,271,213,17,0,0,0,0,15,43,463,133,1,12,586,336,0,0,61,50,24,61,,gauntlet/20260930-230035-scrim-c5bank/losses/winkelmantanner.waffle__Bunkers__botB.bc24,winkelmantanner.waffle,0,c5bank
B,c5bank,0,298,CAPTURE,0,-1,260,1,0,0,0,0,31,28,1045,265,4,0,602,711,6,0,45,32,61,24,,gauntlet/20260930-230035-scrim-c5bank/losses/winkelmantanner.waffle__Bunkers__botB.bc24,winkelmantanner.waffle,1,c5bank
A,c5bank,0,1878,CAPTURE,0,-1,369,1,0,0,0,0,62,48,1125,285,8,25,970,1234,10,0,69,226,529,615,ATK@600+HEAL@1200+CAP@1800,gauntlet/20260930-230035-scrim-c5bank/losses/CyrilSharma.finalBot__Islands__botA.bc24,CyrilSharma.finalBot,1,c5bank
B,finalBot,1,1878,CAPTURE,3,328,248,20,0,0,0,55,29,2,5544,3634,11,12,1012,1109,0,0,131,600,615,529,ATK@600+HEAL@1200+CAP@1800,gauntlet/20260930-230035-scrim-c5bank/losses/CyrilSharma.finalBot__Islands__botA.bc24,CyrilSharma.finalBot,0,c5bank
A,Version18Final,1,599,CAPTURE,3,294,254,9,0,3,28,26,11,6,1388,14425,4,3,724,1020,35,3,77,115,95,53,,gauntlet/20260930-230035-scrim-c5bank/losses/uravt.Version18Final__HungerGames__botB.bc24,uravt.Version18Final,0,c5bank
B,c5bank,0,599,CAPTURE,0,-1,0,0,0,0,0,0,17,15,1085,305,2,0,663,892,8,0,70,100,53,95,,gauntlet/20260930-230035-scrim-c5bank/losses/uravt.Version18Final__HungerGames__botB.bc24,uravt.Version18Final,1,c5bank
A,flagbot_final,1,1376,CAPTURE,3,1076,353,11,0,3,11,90,109,3,52,242,18,2,1074,1662,0,0,77,376,475,156,ATK@600+HEAL@1200,gauntlet/20260930-230035-scrim-c5bank/losses/chenyx512.flagbot_final__Funnel__botB.bc24,chenyx512.flagbot_final,0,c5bank
B,c5bank,0,1376,CAPTURE,1,452,328,4,0,0,0,0,33,24,1045,305,4,3,1021,1570,3,0,64,159,156,475,ATK@600+HEAL@1200,gauntlet/20260930-230035-scrim-c5bank/losses/chenyx512.flagbot_final__Funnel__botB.bc24,chenyx512.flagbot_final,1,c5bank
A,c5bank,0,773,CAPTURE,0,-1,277,5,0,0,0,0,169,72,2140,210,12,12,721,833,24,0,266,322,163,153,ATK@600,gauntlet/20260930-230035-scrim-c5bank/losses/hsmalladi.finalbot__Snake__botA.bc24,hsmalladi.finalbot,1,c5bank
B,finalbot,1,773,CAPTURE,3,460,343,42,10,3,48,60,162,0,9788,13138,12,0,687,844,17,4,240,306,153,163,ATK@600,gauntlet/20260930-230035-scrim-c5bank/losses/hsmalladi.finalbot__Snake__botA.bc24,hsmalladi.finalbot,0,c5bank
A,c5bank,0,511,CAPTURE,1,380,278,6,0,0,0,0,93,10,720,270,1,9,1049,1367,3,0,34,45,40,26,,gauntlet/20260930-230035-scrim-c5bank/losses/Gymhgy.v10official__Intercontinental__botA.bc24,Gymhgy.v10official,1,c5bank
B,v10official,1,511,CAPTURE,3,361,310,26,18,3,6,56,112,2,318,15,11,6,830,1534,1,2,18,27,26,40,,gauntlet/20260930-230035-scrim-c5bank/losses/Gymhgy.v10official__Intercontinental__botA.bc24,Gymhgy.v10official,0,c5bank
A,waffle,1,926,CAPTURE,3,379,303,39,0,0,0,0,0,3,2100,6000,0,4,816,940,0,0,149,193,185,288,ATK@600,gauntlet/20260930-230035-scrim-c5bank/losses/winkelmantanner.waffle__Puzzle__botB.bc24,winkelmantanner.waffle,0,c5bank
B,c5bank,0,926,CAPTURE,0,-1,340,2,0,0,0,0,8,12,1025,385,2,12,832,1073,5,0,113,185,288,185,ATK@600,gauntlet/20260930-230035-scrim-c5bank/losses/winkelmantanner.waffle__Puzzle__botB.bc24,winkelmantanner.waffle,1,c5bank
A,c5bank,0,999,CAPTURE,0,-1,231,2,0,0,0,0,3,13,1060,250,2,25,700,1033,16,0,82,124,122,163,ATK@600,gauntlet/20260930-230035-scrim-c5bank/losses/IvanGeffner.kuma__Puzzle__botA.bc24,IvanGeffner.kuma,1,c5bank
B,kuma,1,999,CAPTURE,3,415,345,23,12,0,0,90,4,0,825,3800,18,2,889,979,7,0,154,253,163,122,ATK@600,gauntlet/20260930-230035-scrim-c5bank/losses/IvanGeffner.kuma__Puzzle__botA.bc24,IvanGeffner.kuma,0,c5bank
A,ExplosiveBot,1,2000,MORE_FLAG_CAPTURES,2,545,233,33,16,0,0,0,6,0,5620,4720,0,17,670,737,21,0,7,50,159,1113,ATK@600+HEAL@1200,gauntlet/20260930-230035-scrim-c5bank/losses/awu7.ExplosiveBot__Randy__botB.bc24,awu7.ExplosiveBot,0,c5bank
B,c5bank,0,2000,MORE_FLAG_CAPTURES,1,396,348,1,0,0,0,0,6,43,1095,265,7,22,1042,1196,6,0,77,233,1113,159,ATK@600+HEAL@1200+CAP@1800,gauntlet/20260930-230035-scrim-c5bank/losses/awu7.ExplosiveBot__Randy__botB.bc24,awu7.ExplosiveBot,1,c5bank
A,c5bank,0,1156,CAPTURE,0,-1,547,4,0,0,0,0,107,25,950,295,4,16,798,1104,15,0,98,186,159,273,ATK@600,gauntlet/20260930-230035-scrim-c5bank/losses/Strequals.duck0127v5__BigDucksBigPond__botA.bc24,Strequals.duck0127v5,1,c5bank
B,duck0127v5,1,1156,CAPTURE,3,442,327,21,0,0,0,90,19,4,2350,1545,18,3,964,1222,0,1,82,254,273,159,ATK@600,gauntlet/20260930-230035-scrim-c5bank/losses/Strequals.duck0127v5__BigDucksBigPond__botA.bc24,Strequals.duck0127v5,0,c5bank
A,c5bank,0,516,CAPTURE,2,408,289,3,0,0,0,0,0,37,1085,295,6,28,861,1253,3,0,58,72,164,82,,gauntlet/20260930-230035-scrim-c5bank/losses/jmerle.camel_case_v21_final__BedWars__botA.bc24,jmerle.camel_case_v21_final,1,c5bank
B,camel_case_v21_final,1,516,CAPTURE,3,373,322,6,0,0,0,0,0,0,4800,2130,0,0,910,244,0,0,28,32,82,164,,gauntlet/20260930-230035-scrim-c5bank/losses/jmerle.camel_case_v21_final__BedWars__botA.bc24,jmerle.camel_case_v21_final,0,c5bank
A,jeeryfix3,1,2000,MORE_FLAG_CAPTURES,2,313,271,35,0,0,0,0,36,4,15420,19320,0,8,903,772,0,0,166,449,426,1344,ATK@600+CAP@1200+HEAL@1800,gauntlet/20260930-230035-scrim-c5bank/losses/kyleezz.jeeryfix3__Joker__botB.bc24,kyleezz.jeeryfix3,0,c5bank
B,c5bank,0,2000,MORE_FLAG_CAPTURES,1,1371,276,14,0,0,0,0,1,68,8840,250,12,3,1111,1273,24,0,219,505,1344,426,ATK@600+HEAL@1200+CAP@1800,gauntlet/20260930-230035-scrim-c5bank/losses/kyleezz.jeeryfix3__Joker__botB.bc24,kyleezz.jeeryfix3,1,c5bank
A,c5bank,0,2000,MORE_FLAG_CAPTURES,0,-1,461,1,0,0,0,0,3,18,1085,210,3,21,1124,1504,3,0,54,209,1071,335,ATK@600+HEAL@1200+CAP@1800,gauntlet/20260930-230035-scrim-c5bank/losses/ColtG5.Goob_final__FloodGates__botA.bc24,ColtG5.Goob_final,1,c5bank
B,Goob_final,1,2000,MORE_FLAG_CAPTURES,1,585,541,1,0,0,0,0,6,0,2720,50,0,18,889,932,2,0,41,194,335,1071,ATK@600+HEAL@1200+CAP@1800,gauntlet/20260930-230035-scrim-c5bank/losses/ColtG5.Goob_final__FloodGates__botA.bc24,ColtG5.Goob_final,0,c5bank
A,c5bank,0,1710,CAPTURE,1,998,974,10,0,0,0,0,46,56,1140,295,10,22,727,859,24,0,207,395,339,344,ATK@600+HEAL@1200,gauntlet/20260930-230035-scrim-c5bank/losses/CyrilSharma.finalBot__MIT__botA.bc24,CyrilSharma.finalBot,1,c5bank
B,finalBot,1,1710,CAPTURE,3,351,318,25,0,0,0,54,16,1,8082,29483,10,5,708,755,0,0,185,748,344,339,ATK@600+HEAL@1200,gauntlet/20260930-230035-scrim-c5bank/losses/CyrilSharma.finalBot__MIT__botA.bc24,CyrilSharma.finalBot,0,c5bank
A,c5bank,0,2000,MORE_FLAG_CAPTURES,0,-1,265,4,0,0,0,0,0,29,1095,265,4,16,782,961,4,0,55,202,290,599,ATK@600+HEAL@1200+CAP@1800,gauntlet/20260930-230035-scrim-c5bank/losses/andli28.v9_USQuals_angle__Valentine__botA.bc24,andli28.v9_USQuals_angle,1,c5bank
B,v9_USQuals_angle,1,2000,MORE_FLAG_CAPTURES,2,450,306,14,0,0,0,90,0,5,2495,4720,18,5,904,1052,12,2,86,512,599,290,ATK@600+HEAL@1200+CAP@1800,gauntlet/20260930-230035-scrim-c5bank/losses/andli28.v9_USQuals_angle__Valentine__botA.bc24,andli28.v9_USQuals_angle,0,c5bank
A,c5bank,0,1074,CAPTURE,0,-1,0,0,0,0,0,0,200,54,745,225,10,5,845,1761,23,0,75,145,167,229,ATK@600,gauntlet/20260930-230035-scrim-c5bank/losses/andli28.v9_USQuals_angle__Waterworld__botA.bc24,andli28.v9_USQuals_angle,1,c5bank
B,v9_USQuals_angle,1,1074,CAPTURE,3,839,723,15,0,0,0,43,184,7,534,1876,8,3,1045,1504,0,4,19,160,229,167,ATK@600,gauntlet/20260930-230035-scrim-c5bank/losses/andli28.v9_USQuals_angle__Waterworld__botA.bc24,andli28.v9_USQuals_angle,0,c5bank
A,TSPAARKSPRINT1,1,1186,CAPTURE,3,856,248,24,0,3,64,0,30,6,8400,1700,0,5,472,1195,41,20,5,75,84,189,ATK@600,gauntlet/20260930-230035-scrim-c5bank/losses/SampleProvider.TSPAARKSPRINT1__Foxes__botB.bc24,SampleProvider.TSPAARKSPRINT1,0,c5bank
B,c5bank,0,1186,CAPTURE,0,-1,238,2,0,0,0,0,15,72,1165,285,12,4,894,993,24,0,80,200,189,84,ATK@600,gauntlet/20260930-230035-scrim-c5bank/losses/SampleProvider.TSPAARKSPRINT1__Foxes__botB.bc24,SampleProvider.TSPAARKSPRINT1,1,c5bank
A,v3,1,433,CAPTURE,3,302,260,10,0,0,0,0,19,0,2530,10650,0,9,1100,1218,0,0,162,161,80,58,,gauntlet/20260930-230035-scrim-c5bank/losses/NotLLeon.v3__HungerGames__botB.bc24,NotLLeon.v3,0,c5bank
B,c5bank,0,433,CAPTURE,1,248,218,5,0,0,0,0,17,16,1100,275,2,1,910,1191,10,0,116,109,58,80,,gauntlet/20260930-230035-scrim-c5bank/losses/NotLLeon.v3__HungerGames__botB.bc24,NotLLeon.v3,1,c5bank
A,v3,1,530,CAPTURE,3,304,291,30,12,0,0,0,20,0,5600,4910,0,8,911,868,0,0,89,90,73,100,,gauntlet/20260930-230035-scrim-c5bank/losses/NotLLeon.v3__Mountain__botB.bc24,NotLLeon.v3,0,c5bank
B,c5bank,0,530,CAPTURE,0,-1,244,4,0,0,0,0,34,40,1030,280,7,0,869,1046,8,0,74,74,100,73,,gauntlet/20260930-230035-scrim-c5bank/losses/NotLLeon.v3__Mountain__botB.bc24,NotLLeon.v3,1,c5bank
A,Version18Final,1,1213,CAPTURE,3,443,254,21,0,3,21,21,23,17,714,51,3,3,824,1027,3,3,28,80,138,305,ATK@600+HEAL@1200,gauntlet/20260930-230035-scrim-c5bank/losses/uravt.Version18Final__Decision__botB.bc24,uravt.Version18Final,0,c5bank
B,c5bank,0,1213,CAPTURE,0,-1,302,4,0,0,0,0,88,6,1060,290,1,1,856,1264,0,0,38,145,305,138,ATK@600+HEAL@1200,gauntlet/20260930-230035-scrim-c5bank/losses/uravt.Version18Final__Decision__botB.bc24,uravt.Version18Final,1,c5bank
A,flagbot_final,1,985,CAPTURE,3,400,332,24,0,3,3,39,61,0,25,18,6,12,977,1526,0,0,1,119,466,77,ATK@600,gauntlet/20260930-230035-scrim-c5bank/losses/chenyx512.flagbot_final__Racetrack__botB.bc24,chenyx512.flagbot_final,0,c5bank
B,c5bank,0,985,CAPTURE,1,375,312,2,0,0,0,0,57,0,690,220,0,14,962,1335,0,0,28,86,77,466,ATK@600,gauntlet/20260930-230035-scrim-c5bank/losses/chenyx512.flagbot_final__Racetrack__botB.bc24,chenyx512.flagbot_final,1,c5bank
A,player22,1,1461,CAPTURE,3,348,320,12,0,3,0,0,26,0,2320,540,0,4,1184,772,1,0,61,340,881,652,ATK@600+HEAL@1200,gauntlet/20260930-230035-scrim-c5bank/losses/andrewgopher.player22__Digging__botB.bc24,andrewgopher.player22,0,c5bank
B,c5bank,0,1461,CAPTURE,0,-1,0,0,0,0,0,0,12,18,1030,260,3,23,1034,1508,0,0,57,170,652,881,ATK@600+HEAL@1200,gauntlet/20260930-230035-scrim-c5bank/losses/andrewgopher.player22__Digging__botB.bc24,andrewgopher.player22,1,c5bank
A,camel_case_v21_final,1,483,CAPTURE,3,340,266,17,0,0,0,0,47,12,3090,3730,0,0,1296,401,0,0,116,131,114,146,,gauntlet/20260930-230035-scrim-c5bank/losses/jmerle.camel_case_v21_final__Alligator__botB.bc24,jmerle.camel_case_v21_final,0,c5bank
B,c5bank,0,483,CAPTURE,0,-1,421,3,0,0,0,0,53,24,1105,305,4,3,900,1362,7,0,67,81,146,114,,gauntlet/20260930-230035-scrim-c5bank/losses/jmerle.camel_case_v21_final__Alligator__botB.bc24,jmerle.camel_case_v21_final,1,c5bank
A,c5bank,0,758,CAPTURE,0,-1,378,14,0,0,0,0,84,6,1080,280,1,3,824,1736,1,0,36,73,80,78,ATK@600,gauntlet/20260930-230035-scrim-c5bank/losses/Strequals.duck0127v5__Decision__botA.bc24,Strequals.duck0127v5,1,c5bank
B,duck0127v5,1,758,CAPTURE,3,634,441,8,0,0,0,90,17,5,1716,701,18,4,972,1426,0,2,49,122,78,80,ATK@600,gauntlet/20260930-230035-scrim-c5bank/losses/Strequals.duck0127v5__Decision__botA.bc24,Strequals.duck0127v5,0,c5bank
A,c5bank,1,2000,LEVEL_SUM,1,491,346,4,0,0,0,0,34,39,1020,300,6,2,695,580,9,0,79,544,1380,318,ATK@600+HEAL@1200+CAP@1800,gauntlet/20260930-230035-scrim-c5bank/replays/RyanAspen.v22__Mountain__botA.bc24,RyanAspen.v22,1,c5bank
B,v22,0,2000,LEVEL_SUM,1,261,247,7,0,0,0,0,44,9,4280,533,0,35,498,121,0,0,85,251,318,1380,ATK@600+HEAL@1200+CAP@1800,gauntlet/20260930-230035-scrim-c5bank/replays/RyanAspen.v22__Mountain__botA.bc24,RyanAspen.v22,0,c5bank
A,c5bank,1,2000,MORE_FLAG_CAPTURES,2,492,245,27,0,0,0,0,10,36,1083,213,6,30,1242,1537,10,0,57,276,1046,363,ATK@600+HEAL@1200+CAP@1800,gauntlet/20260930-230035-scrim-c5bank/replays/jonters.bling3__Alien__botA.bc24,jonters.bling3,1,c5bank
B,bling3,0,2000,MORE_FLAG_CAPTURES,1,390,260,8,0,0,0,0,10,14,2600,1200,0,9,814,1395,30,0,4,195,363,1046,ATK@600+HEAL@1200+CAP@1800,gauntlet/20260930-230035-scrim-c5bank/replays/jonters.bling3__Alien__botA.bc24,jonters.bling3,0,c5bank
A,cowards,0,677,CAPTURE,0,-1,278,7,0,0,0,0,18,14,860,90,0,2,410,1350,57,0,0,68,77,254,,gauntlet/20260930-230035-scrim-c5bank/replays/aj-chau.cowards__Occulus__botB.bc24,aj-chau.cowards,0,c5bank
B,c5bank,1,677,CAPTURE,3,331,297,15,0,0,0,0,13,26,1105,285,4,24,1290,966,3,0,53,78,254,77,ATK@600,gauntlet/20260930-230035-scrim-c5bank/replays/aj-chau.cowards__Occulus__botB.bc24,aj-chau.cowards,1,c5bank
A,sprint1,0,426,CAPTURE,1,357,206,10,0,0,0,0,64,12,83,153,1,2,257,1009,29,0,0,25,28,188,,gauntlet/20260930-230035-scrim-c5bank/replays/justinottesen.sprint1__Ambush__botB.bc24,justinottesen.sprint1,0,c5bank
B,c5bank,1,426,CAPTURE,3,263,226,8,0,0,0,0,34,24,1045,305,4,5,1653,719,1,0,67,61,188,28,,gauntlet/20260930-230035-scrim-c5bank/replays/justinottesen.sprint1__Ambush__botB.bc24,justinottesen.sprint1,1,c5bank
A,keyboardcrusader_v1,0,1525,CAPTURE,0,-1,0,3,0,3,0,0,98,0,1660,3360,0,23,404,357,14,0,0,48,25,531,,gauntlet/20260930-230035-scrim-c5bank/replays/H4ffliger.keyboardcrusader_v1__Funnel__botB.bc24,H4ffliger.keyboardcrusader_v1,0,c5bank
B,c5bank,1,1525,CAPTURE,3,381,275,4,0,0,0,0,26,25,1095,235,4,3,1035,1040,7,0,101,304,531,25,ATK@600+HEAL@1200,gauntlet/20260930-230035-scrim-c5bank/replays/H4ffliger.keyboardcrusader_v1__Funnel__botB.bc24,H4ffliger.keyboardcrusader_v1,1,c5bank
A,bc24scenario,0,2000,LEVEL_SUM,0,-1,0,1,0,1,2,58,57,3,1115,1115,6,32,0,0,1,1,1,0,6,9,ATK@600+HEAL@1200+CAP@1800,gauntlet/20260930-230035-scrim-c5bank/replays/Metta-AI.bc24scenario__Tunnels__botB.bc24,Metta-AI.bc24scenario,0,c5bank
B,c5bank,1,2000,LEVEL_SUM,0,-1,0,0,0,0,0,0,61,18,1055,1415,3,36,0,0,2,0,57,0,9,6,ATK@600+HEAL@1200+CAP@1800,gauntlet/20260930-230035-scrim-c5bank/replays/Metta-AI.bc24scenario__Tunnels__botB.bc24,Metta-AI.bc24scenario,1,c5bank
A,v9,0,380,CAPTURE,0,-1,0,0,0,0,0,0,32,22,995,994,4,1,418,1227,0,0,42,36,4,117,,gauntlet/20260930-230035-scrim-c5bank/replays/TylerJulian.v9__Rivers__botB.bc24,TylerJulian.v9,0,c5bank
B,c5bank,1,380,CAPTURE,3,324,254,3,0,0,0,0,35,18,1060,300,2,13,1467,739,1,0,57,30,117,4,,gauntlet/20260930-230035-scrim-c5bank/replays/TylerJulian.v9__Rivers__botB.bc24,TylerJulian.v9,1,c5bank
A,SimpleBot,0,587,CAPTURE,0,-1,0,0,0,0,0,0,0,0,2400,2900,0,17,0,0,0,0,0,0,0,596,,gauntlet/20260930-230035-scrim-c5bank/replays/sayam-goyal.SimpleBot__StackGame__botB.bc24,sayam-goyal.SimpleBot,0,c5bank
B,c5bank,1,587,CAPTURE,3,268,226,3,0,0,0,0,31,44,1095,245,8,3,1747,0,19,0,165,202,596,0,,gauntlet/20260930-230035-scrim-c5bank/replays/sayam-goyal.SimpleBot__StackGame__botB.bc24,sayam-goyal.SimpleBot,1,c5bank
A,funkyguy3,0,687,CAPTURE,1,364,289,23,0,0,0,0,62,110,70,70,3,9,63,542,85,0,44,139,48,522,ATK@600,gauntlet/20260930-230035-scrim-c5bank/replays/lcforges.funkyguy3__Skyline__botB.bc24,lcforges.funkyguy3,0,c5bank
B,c5bank,1,687,CAPTURE,3,337,224,10,0,0,0,0,114,53,13605,238,9,3,1629,421,24,0,200,235,522,48,ATK@600,gauntlet/20260930-230035-scrim-c5bank/replays/lcforges.funkyguy3__Skyline__botB.bc24,lcforges.funkyguy3,1,c5bank
A,c5bank,1,862,CAPTURE,3,294,266,4,0,0,0,0,9,52,1538,328,9,21,1267,656,24,0,109,164,598,86,ATK@600,gauntlet/20260930-230035-scrim-c5bank/replays/cViper971.ourplayer__Anchor__botA.bc24,cViper971.ourplayer,1,c5bank
B,ourplayer,0,862,CAPTURE,0,-1,278,2,0,0,0,0,9,39,870,700,3,5,264,546,65,0,0,70,86,598,ATK@600,gauntlet/20260930-230035-scrim-c5bank/replays/cViper971.ourplayer__Anchor__botA.bc24,cViper971.ourplayer,0,c5bank
A,dinoboxer,0,2000,MORE_FLAG_CAPTURES,0,-1,1115,6,0,0,0,0,31,36,10,20,1,7,184,291,36,0,0,163,77,420,ATK@600+CAP@1200+HEAL@1800,gauntlet/20260930-230035-scrim-c5bank/replays/Peter-Fun.dinoboxer__HeMustBeFreed__botB.bc24,Peter-Fun.dinoboxer,0,c5bank
B,c5bank,1,2000,MORE_FLAG_CAPTURES,2,491,288,9,0,0,0,0,130,24,1080,220,3,13,383,323,5,0,58,312,420,77,ATK@600+HEAL@1200+CAP@1800,gauntlet/20260930-230035-scrim-c5bank/replays/Peter-Fun.dinoboxer__HeMustBeFreed__botB.bc24,Peter-Fun.dinoboxer,1,c5bank
A,c5bank,1,1319,CAPTURE,3,543,231,26,0,0,0,0,12,72,1200,300,12,19,1222,987,24,0,81,265,490,95,ATK@600+HEAL@1200,gauntlet/20260930-230035-scrim-c5bank/replays/aj-chau.cowards__Foxes__botA.bc24,aj-chau.cowards,1,c5bank
B,cowards,0,1319,CAPTURE,1,863,311,27,0,0,0,0,23,23,4610,150,1,2,292,1419,56,0,0,95,95,490,ATK@750,gauntlet/20260930-230035-scrim-c5bank/replays/aj-chau.cowards__Foxes__botA.bc24,aj-chau.cowards,0,c5bank
A,c5bank,1,1087,CAPTURE,3,390,271,23,0,0,0,0,61,0,570,260,0,3,1193,1015,0,0,37,205,441,66,ATK@600,gauntlet/20260930-230035-scrim-c5bank/replays/SampleProvider.TSPAARKSPRINT1__Racetrack__botA.bc24,SampleProvider.TSPAARKSPRINT1,1,c5bank
B,TSPAARKSPRINT1,0,1087,CAPTURE,0,-1,490,16,0,3,61,0,79,0,30,20,0,18,543,1572,0,0,0,6,66,441,ATK@600,gauntlet/20260930-230035-scrim-c5bank/replays/SampleProvider.TSPAARKSPRINT1__Racetrack__botA.bc24,SampleProvider.TSPAARKSPRINT1,0,c5bank
A,turtle,0,2000,MORE_FLAG_CAPTURES,0,-1,0,3,0,3,0,0,0,6,3800,200,0,16,236,412,29,0,0,0,6,604,HEAL@600+ATK@1200,gauntlet/20260930-230035-scrim-c5bank/replays/andrearante12.turtle__MazeRunner__botB.bc24,andrearante12.turtle,0,c5bank
B,c5bank,1,2000,MORE_FLAG_CAPTURES,1,410,234,4,0,0,0,0,80,17,540,270,2,3,473,399,9,0,69,154,604,6,ATK@600+HEAL@1200+CAP@1800,gauntlet/20260930-230035-scrim-c5bank/replays/andrearante12.turtle__MazeRunner__botB.bc24,andrearante12.turtle,1,c5bank
A,polyv4,0,474,CAPTURE,0,-1,0,0,0,0,0,0,12,26,6520,11950,3,1,63,106,3,0,31,31,2,328,,gauntlet/20260930-230035-scrim-c5bank/replays/polyllc.polyv4__SteamboatMickey__botB.bc24,polyllc.polyv4,0,c5bank
B,c5bank,1,474,CAPTURE,3,279,226,5,0,0,0,0,4,65,1869,249,11,3,1758,192,24,0,173,140,328,2,,gauntlet/20260930-230035-scrim-c5bank/replays/polyllc.polyv4__SteamboatMickey__botB.bc24,polyllc.polyv4,1,c5bank
A,c5bank,1,2000,MORE_FLAG_CAPTURES,1,1002,262,19,0,0,0,0,64,29,1040,280,4,21,1226,867,5,0,54,559,1352,133,ATK@600+HEAL@1200+CAP@1800,gauntlet/20260930-230035-scrim-c5bank/replays/reeceyang.v5__GravitationalWaves__botA.bc24,reeceyang.v5,1,c5bank
B,v5,0,2000,MORE_FLAG_CAPTURES,0,-1,242,6,0,0,0,0,75,20,10,30,2,9,477,1062,23,0,0,75,133,1352,ATK@600+CAP@1200+HEAL@1800,gauntlet/20260930-230035-scrim-c5bank/replays/reeceyang.v5__GravitationalWaves__botA.bc24,reeceyang.v5,0,c5bank
A,MPAttack,0,501,RESIGNATION,0,-1,303,1,0,0,0,0,23,13,10,50,0,3,368,275,24,0,0,13,21,145,,gauntlet/20260930-230035-scrim-c5bank/replays/itswin.MPAttack__TreeSearch__botB.bc24,itswin.MPAttack,0,c5bank
B,c5bank,1,501,RESIGNATION,1,441,226,5,0,0,0,0,75,18,1030,240,3,17,575,623,11,0,66,79,145,21,,gauntlet/20260930-230035-scrim-c5bank/replays/itswin.MPAttack__TreeSearch__botB.bc24,itswin.MPAttack,1,c5bank
A,tx,0,464,CAPTURE,0,-1,0,0,0,0,0,0,0,0,2900,3400,0,12,0,0,0,0,0,0,0,259,,gauntlet/20260930-230035-scrim-c5bank/replays/PerishoJ.tx__DefaultLarge__botB.bc24,PerishoJ.tx,0,c5bank
B,c5bank,1,464,CAPTURE,3,379,287,3,0,0,0,0,47,16,1040,280,2,3,1379,0,9,0,149,58,259,0,,gauntlet/20260930-230035-scrim-c5bank/replays/PerishoJ.tx__DefaultLarge__botB.bc24,PerishoJ.tx,1,c5bank
A,combustiblelemon,0,529,CAPTURE,0,-1,0,3,0,3,14,0,0,11,200,100,0,7,361,153,22,0,0,9,11,222,,gauntlet/20260930-230035-scrim-c5bank/replays/samithShetty.combustiblelemon__Puzzle__botB.bc24,samithShetty.combustiblelemon,0,c5bank
B,c5bank,1,529,CAPTURE,3,275,217,3,0,0,0,0,1,14,1065,310,2,3,976,688,23,0,183,134,222,11,,gauntlet/20260930-230035-scrim-c5bank/replays/samithShetty.combustiblelemon__Puzzle__botB.bc24,samithShetty.combustiblelemon,1,c5bank
A,c5bank,1,1880,CAPTURE,3,550,255,4,0,0,0,0,39,16,1035,295,2,0,832,1149,1,0,44,185,317,392,ATK@600+HEAL@1200+CAP@1800,gauntlet/20260930-230035-scrim-c5bank/replays/IvanGeffner.kuma__OceanFloor__botA.bc24,IvanGeffner.kuma,1,c5bank
B,kuma,0,1880,CAPTURE,2,338,254,21,15,0,0,90,47,3,800,710,18,6,912,933,0,0,54,345,392,317,ATK@600+HEAL@1200+CAP@1800,gauntlet/20260930-230035-scrim-c5bank/replays/IvanGeffner.kuma__OceanFloor__botA.bc24,IvanGeffner.kuma,0,c5bank
A,v11,0,2000,MORE_FLAG_CAPTURES,0,-1,0,0,0,0,0,0,23,42,10,420,3,16,470,582,0,5,55,240,97,1494,ATK@600+HEAL@1200+CAP@1800,gauntlet/20260930-230035-scrim-c5bank/replays/JeffLegendPower.v11__EndAround__botB.bc24,JeffLegendPower.v11,0,c5bank
B,c5bank,1,2000,MORE_FLAG_CAPTURES,1,1986,291,21,0,0,0,0,74,8,1080,280,1,3,690,827,3,0,53,607,1494,97,ATK@600+HEAL@1200+CAP@1800,gauntlet/20260930-230035-scrim-c5bank/replays/JeffLegendPower.v11__EndAround__botB.bc24,JeffLegendPower.v11,1,c5bank
A,c5bank,1,1849,CAPTURE,3,363,225,32,0,0,0,0,54,35,1085,245,6,9,1366,353,10,0,68,489,1363,66,ATK@600+HEAL@1200+CAP@1800,gauntlet/20260930-230035-scrim-c5bank/replays/justinottesen.sprint1__Hurricane__botA.bc24,justinottesen.sprint1,1,c5bank
B,sprint1,0,1849,CAPTURE,0,-1,334,30,0,0,0,0,174,8,103,33,1,4,183,1211,9,0,0,64,66,1363,ATK@600,gauntlet/20260930-230035-scrim-c5bank/replays/justinottesen.sprint1__Hurricane__botA.bc24,justinottesen.sprint1,0,c5bank
A,turtle,0,2000,MORE_FLAG_CAPTURES,0,-1,0,3,0,3,36,0,0,0,4600,50,0,15,136,226,33,0,0,41,96,2327,HEAL@600+ATK@1200,gauntlet/20260930-230035-scrim-c5bank/replays/andrearante12.turtle__Funnel__botB.bc24,andrearante12.turtle,0,c5bank
B,c5bank,1,2000,MORE_FLAG_CAPTURES,2,471,272,5,0,0,0,0,37,24,1095,665,4,5,439,450,7,0,70,991,2327,96,ATK@600+HEAL@1200+CAP@1800,gauntlet/20260930-230035-scrim-c5bank/replays/andrearante12.turtle__Funnel__botB.bc24,andrearante12.turtle,1,c5bank
A,c5bank,1,434,CAPTURE,3,263,228,4,0,0,0,0,42,15,1050,250,2,3,1158,917,8,0,71,64,178,10,,gauntlet/20260930-230035-scrim-c5bank/replays/dylanconklin.Team3__Fountain__botA.bc24,dylanconklin.Team3,1,c5bank
B,Team3,0,434,CAPTURE,0,-1,0,3,0,3,0,0,44,14,66,76,1,10,273,144,24,0,0,18,10,178,,gauntlet/20260930-230035-scrim-c5bank/replays/dylanconklin.Team3__Fountain__botA.bc24,dylanconklin.Team3,0,c5bank
A,crayBasic,0,376,CAPTURE,0,-1,211,6,0,0,0,0,0,0,2700,3500,0,2,558,16,0,0,0,0,4,225,,gauntlet/20260930-230035-scrim-c5bank/replays/abdullah8a0.crayBasic__Battlefield__botB.bc24,abdullah8a0.crayBasic,0,c5bank
B,c5bank,1,376,CAPTURE,3,251,234,4,0,0,0,0,35,37,1100,280,6,32,1583,1036,6,0,69,59,225,4,,gauntlet/20260930-230035-scrim-c5bank/replays/abdullah8a0.crayBasic__Battlefield__botB.bc24,abdullah8a0.crayBasic,1,c5bank
A,c5bank,1,1422,CAPTURE,3,1409,1342,5,0,0,0,0,12,10,1090,290,2,36,1304,1194,0,0,121,263,651,160,ATK@600+HEAL@1200,gauntlet/20260930-230035-scrim-c5bank/replays/qpwoeirut.tournament_sprint1__GaltonBoard__botA.bc24,qpwoeirut.tournament_sprint1,1,c5bank
B,tournament_sprint1,0,1422,CAPTURE,0,-1,0,0,0,0,0,0,9,0,2130,300,0,7,489,1703,66,0,0,131,160,651,ATK@600+HEAL@1200,gauntlet/20260930-230035-scrim-c5bank/replays/qpwoeirut.tournament_sprint1__GaltonBoard__botA.bc24,qpwoeirut.tournament_sprint1,0,c5bank
A,c5bank,1,898,CAPTURE,3,288,247,17,0,0,0,0,99,38,1070,210,7,18,825,342,13,0,60,171,503,61,ATK@600,gauntlet/20260930-230035-scrim-c5bank/replays/cViper971.ourplayer__Klein__botA.bc24,cViper971.ourplayer,1,c5bank
B,ourplayer,0,898,CAPTURE,0,-1,246,3,0,0,0,0,34,17,20,170,2,11,186,566,33,0,0,43,61,503,ATK@600,gauntlet/20260930-230035-scrim-c5bank/replays/cViper971.ourplayer__Klein__botA.bc24,cViper971.ourplayer,0,c5bank
A,c5bank,1,2000,MORE_FLAG_CAPTURES,2,240,210,4,0,0,0,0,8,27,1035,588,4,3,940,52,21,0,102,0,787,2,ATK@600+HEAL@1200+CAP@1800,gauntlet/20260930-230035-scrim-c5bank/replays/lukerhoads.warrior_2nd_comp__AceOfSpades__botA.bc24,lukerhoads.warrior_2nd_comp,1,c5bank
B,warrior_2nd_comp,0,2000,MORE_FLAG_CAPTURES,0,-1,0,3,0,3,56,0,0,14,1800,2300,1,12,0,0,10,2,2,11,2,787,ATK@750+CAP@1500,gauntlet/20260930-230035-scrim-c5bank/replays/lukerhoads.warrior_2nd_comp__AceOfSpades__botA.bc24,lukerhoads.warrior_2nd_comp,0,c5bank
A,moveBot1,0,398,CAPTURE,0,-1,0,0,0,0,0,0,43,23,1400,360,4,12,332,613,40,0,0,19,30,212,,gauntlet/20260930-230035-scrim-c5bank/replays/adamseth2.moveBot1__StackGame__botB.bc24,adamseth2.moveBot1,0,c5bank
B,c5bank,1,398,CAPTURE,3,252,230,3,0,0,0,0,32,45,1090,240,8,4,1816,800,9,0,126,79,212,30,,gauntlet/20260930-230035-scrim-c5bank/replays/adamseth2.moveBot1__StackGame__botB.bc24,adamseth2.moveBot1,1,c5bank
A,defaultplayer_intlqualifier,0,905,CAPTURE,1,261,227,33,16,3,10,0,31,10,170,1870,0,2,292,665,3,36,19,73,28,285,ATK@600,gauntlet/20260930-230035-scrim-c5bank/replays/dmtrung14.defaultplayer_intlqualifier__Pancakes__botB.bc24,dmtrung14.defaultplayer_intlqualifier,0,c5bank
B,c5bank,1,905,CAPTURE,3,427,257,6,0,0,0,0,15,9,1080,270,1,12,720,447,1,0,58,91,285,28,ATK@600,gauntlet/20260930-230035-scrim-c5bank/replays/dmtrung14.defaultplayer_intlqualifier__Pancakes__botB.bc24,dmtrung14.defaultplayer_intlqualifier,1,c5bank
A,c5bank,1,351,CAPTURE,3,255,205,3,0,0,0,0,34,21,1090,300,2,3,1030,274,3,0,75,1,145,10,,gauntlet/20260930-230035-scrim-c5bank/replays/Lithanium.AttackingBot__Ambush__botA.bc24,Lithanium.AttackingBot,1,c5bank
B,AttackingBot,0,351,CAPTURE,0,-1,0,0,0,0,0,0,63,3,2210,50,0,0,28,0,22,0,0,16,10,145,,gauntlet/20260930-230035-scrim-c5bank/replays/Lithanium.AttackingBot__Ambush__botA.bc24,Lithanium.AttackingBot,0,c5bank
A,c5bank,1,1527,CAPTURE,3,406,295,11,0,0,0,0,40,16,1040,260,2,3,843,804,3,0,55,439,1317,108,ATK@600+HEAL@1200,gauntlet/20260930-230035-scrim-c5bank/replays/MiloAkerman.v1__Fountain__botA.bc24,MiloAkerman.v1,1,c5bank
B,v1,0,1527,CAPTURE,0,-1,0,0,0,0,0,0,71,3,1370,2270,0,8,425,586,12,0,0,51,108,1317,,gauntlet/20260930-230035-scrim-c5bank/replays/MiloAkerman.v1__Fountain__botA.bc24,MiloAkerman.v1,0,c5bank
A,Bot21,0,553,CAPTURE,0,-1,223,32,14,3,3,61,70,35,53,43,13,8,681,603,4,0,35,47,43,245,,gauntlet/20260930-230035-scrim-c5bank/replays/HugoIngelsson.Bot21__Swoop__botB.bc24,HugoIngelsson.Bot21,0,c5bank
B,c5bank,1,553,CAPTURE,3,342,251,8,0,0,0,0,57,32,1065,245,6,15,1229,972,10,0,77,126,245,43,,gauntlet/20260930-230035-scrim-c5bank/replays/HugoIngelsson.Bot21__Swoop__botB.bc24,HugoIngelsson.Bot21,1,c5bank
A,c5bank,1,471,CAPTURE,3,275,232,5,0,0,0,0,13,72,6705,285,12,27,1403,998,24,0,193,151,297,2,,gauntlet/20260930-230035-scrim-c5bank/replays/VarunVejalla.alexander__CH3353C4K3F4CT0RY__botA.bc24,VarunVejalla.alexander,1,c5bank
B,alexander,0,471,CAPTURE,0,-1,0,3,0,3,25,0,0,0,4400,6000,0,11,519,106,0,0,0,0,2,297,,gauntlet/20260930-230035-scrim-c5bank/replays/VarunVejalla.alexander__CH3353C4K3F4CT0RY__botA.bc24,VarunVejalla.alexander,0,c5bank
A,Goob_final,0,2000,LEVEL_SUM,1,480,236,27,0,0,0,0,136,0,4120,60,0,4,1183,902,0,0,68,345,597,1275,ATK@600+HEAL@1200+CAP@1800,gauntlet/20260930-230035-scrim-c5bank/replays/ColtG5.Goob_final__Islands__botB.bc24,ColtG5.Goob_final,0,c5bank
B,c5bank,1,2000,LEVEL_SUM,1,967,913,3,0,0,0,0,75,44,1055,295,8,15,1327,1606,9,0,67,306,1275,597,ATK@600+HEAL@1200+CAP@1800,gauntlet/20260930-230035-scrim-c5bank/replays/ColtG5.Goob_final__Islands__botB.bc24,ColtG5.Goob_final,1,c5bank
A,Bot21,0,675,CAPTURE,0,-1,628,6,1,3,3,60,54,13,77,27,12,5,842,1006,2,0,27,45,35,423,ATK@601,gauntlet/20260930-230035-scrim-c5bank/replays/HugoIngelsson.Bot21__Rivers__botB.bc24,HugoIngelsson.Bot21,0,c5bank
B,c5bank,1,675,CAPTURE,3,530,409,5,0,0,0,0,30,19,1105,220,3,3,1435,1532,1,0,61,131,423,35,ATK@600,gauntlet/20260930-230035-scrim-c5bank/replays/HugoIngelsson.Bot21__Rivers__botB.bc24,HugoIngelsson.Bot21,1,c5bank
A,Sprint2,0,604,CAPTURE,0,-1,0,0,0,0,0,0,166,0,7420,30,0,10,118,313,32,13,8,49,10,387,ATK@600,gauntlet/20260930-230035-scrim-c5bank/replays/tlevietpdx.Sprint2__Battlecode24__botB.bc24,tlevietpdx.Sprint2,0,c5bank
B,c5bank,1,604,CAPTURE,3,296,231,3,0,0,0,0,61,70,4804,234,12,4,1492,412,24,0,256,208,387,10,ATK@600,gauntlet/20260930-230035-scrim-c5bank/replays/tlevietpdx.Sprint2__Battlecode24__botB.bc24,tlevietpdx.Sprint2,1,c5bank
A,c5bank,1,481,CAPTURE,3,350,238,5,0,0,0,0,41,15,1050,300,2,3,1343,475,1,0,91,0,297,6,,gauntlet/20260930-230035-scrim-c5bank/replays/Lithanium.AttackingBot__OceanFloor__botA.bc24,Lithanium.AttackingBot,1,c5bank
B,AttackingBot,0,481,CAPTURE,0,-1,0,0,0,0,0,0,92,0,1040,140,0,5,27,0,14,0,0,13,6,297,,gauntlet/20260930-230035-scrim-c5bank/replays/Lithanium.AttackingBot__OceanFloor__botA.bc24,Lithanium.AttackingBot,0,c5bank
A,c5bank,1,700,CAPTURE,3,303,233,6,0,0,0,0,33,41,1065,835,7,7,634,298,9,0,96,90,230,24,ATK@600,gauntlet/20260930-230035-scrim-c5bank/replays/SriLakshmiPolavarapu.ducks__Mountain__botA.bc24,SriLakshmiPolavarapu.ducks,1,c5bank
B,ducks,0,700,CAPTURE,0,-1,0,3,0,3,14,0,0,30,200,100,0,19,44,0,40,0,0,35,24,230,,gauntlet/20260930-230035-scrim-c5bank/replays/SriLakshmiPolavarapu.ducks__Mountain__botA.bc24,SriLakshmiPolavarapu.ducks,0,c5bank
A,v22,0,491,CAPTURE,0,-1,227,3,0,0,0,0,76,39,520,80,1,7,493,137,0,0,61,57,14,240,,gauntlet/20260930-230035-scrim-c5bank/replays/RyanAspen.v22__Swoop__botB.bc24,RyanAspen.v22,0,c5bank
B,c5bank,1,491,CAPTURE,3,451,240,4,0,0,0,0,64,31,1085,385,5,3,1445,780,9,0,105,111,240,14,,gauntlet/20260930-230035-scrim-c5bank/replays/RyanAspen.v22__Swoop__botB.bc24,RyanAspen.v22,1,c5bank
A,c5bank,1,2000,MORE_FLAG_CAPTURES,1,407,240,5,0,0,0,0,12,18,1050,260,2,3,745,418,2,0,69,53,140,15,ATK@600+HEAL@1200+CAP@1800,gauntlet/20260930-230035-scrim-c5bank/replays/AlexYu84.smartPlayer__Digging__botA.bc24,AlexYu84.smartPlayer,1,c5bank
B,smartPlayer,0,2000,MORE_FLAG_CAPTURES,0,-1,0,3,0,3,17,0,8,14,120,60,1,14,68,80,19,15,0,55,15,140,,gauntlet/20260930-230035-scrim-c5bank/replays/AlexYu84.smartPlayer__Digging__botA.bc24,AlexYu84.smartPlayer,0,c5bank
A,c5bank,1,688,CAPTURE,3,478,226,7,0,0,0,0,190,72,1515,275,12,3,1718,779,24,0,355,373,579,20,ATK@600,gauntlet/20260930-230035-scrim-c5bank/replays/neilhuang007.baseline__Snake__botA.bc24,neilhuang007.baseline,1,c5bank
B,baseline,0,688,CAPTURE,0,-1,0,0,0,0,0,0,194,5,9080,17400,0,10,496,918,0,0,5,5,20,579,CAP@600,gauntlet/20260930-230035-scrim-c5bank/replays/neilhuang007.baseline__Snake__botA.bc24,neilhuang007.baseline,0,c5bank
A,c5bank,1,708,CAPTURE,3,569,507,5,0,0,0,0,67,14,1065,285,2,4,1757,834,4,0,75,189,619,23,ATK@600,gauntlet/20260930-230035-scrim-c5bank/replays/neilhuang007.baseline__TwistedTreeline__botA.bc24,neilhuang007.baseline,1,c5bank
B,baseline,0,708,CAPTURE,0,-1,253,3,0,0,0,0,84,8,1480,2100,0,4,565,1017,0,0,8,6,23,619,CAP@600,gauntlet/20260930-230035-scrim-c5bank/replays/neilhuang007.baseline__TwistedTreeline__botA.bc24,neilhuang007.baseline,0,c5bank
A,c5bank,1,1887,CAPTURE,3,584,240,35,0,0,0,0,81,8,1090,290,1,3,671,504,0,0,47,292,523,67,ATK@600+HEAL@1200+CAP@1800,gauntlet/20260930-230035-scrim-c5bank/replays/Peter-Fun.dinoboxer__Decision__botA.bc24,Peter-Fun.dinoboxer,1,c5bank
B,dinoboxer,0,1887,CAPTURE,1,1616,327,36,0,0,0,0,0,17,100,20,0,9,316,567,16,2,4,75,67,523,ATK@600+CAP@1200+HEAL@1800,gauntlet/20260930-230035-scrim-c5bank/replays/Peter-Fun.dinoboxer__Decision__botA.bc24,Peter-Fun.dinoboxer,0,c5bank
A,ducks,0,675,CAPTURE,0,-1,0,3,0,3,0,0,0,26,200,100,0,0,42,0,36,0,0,45,23,480,,gauntlet/20260930-230035-scrim-c5bank/replays/SriLakshmiPolavarapu.ducks__StackGame__botB.bc24,SriLakshmiPolavarapu.ducks,0,c5bank
B,c5bank,1,675,CAPTURE,3,308,241,8,0,0,0,0,31,44,1045,295,7,3,991,618,14,0,109,179,480,23,ATK@600,gauntlet/20260930-230035-scrim-c5bank/replays/SriLakshmiPolavarapu.ducks__StackGame__botB.bc24,SriLakshmiPolavarapu.ducks,1,c5bank
A,c5bank,1,762,CAPTURE,3,312,258,3,0,0,0,0,83,17,530,1110,3,3,592,29,13,0,85,12,621,0,ATK@600,gauntlet/20260930-230035-scrim-c5bank/replays/sivakovivan.NewHide__MazeRunner__botA.bc24,sivakovivan.NewHide,1,c5bank
B,NewHide,0,762,CAPTURE,0,-1,0,0,0,0,0,0,0,50,20,20,1,36,15,11,0,0,70,70,0,621,HEAL@600,gauntlet/20260930-230035-scrim-c5bank/replays/sivakovivan.NewHide__MazeRunner__botA.bc24,sivakovivan.NewHide,0,c5bank
A,Sprint2,0,978,CAPTURE,1,904,795,2,0,0,0,0,34,0,15880,40,0,6,196,319,58,22,23,114,46,446,ATK@600,gauntlet/20260930-230035-scrim-c5bank/replays/tlevietpdx.Sprint2__Joker__botB.bc24,tlevietpdx.Sprint2,0,c5bank
B,c5bank,1,978,CAPTURE,3,401,236,4,0,0,0,0,4,68,8720,340,12,4,1273,715,24,0,217,307,446,46,ATK@600,gauntlet/20260930-230035-scrim-c5bank/replays/tlevietpdx.Sprint2__Joker__botB.bc24,tlevietpdx.Sprint2,1,c5bank
A,bling3,0,1297,CAPTURE,0,-1,245,6,0,0,0,0,105,13,150,210,0,8,845,1288,19,0,0,62,153,614,ATK@600+HEAL@1200,gauntlet/20260930-230035-scrim-c5bank/replays/jonters.bling3__QueenOfHearts__botB.bc24,jonters.bling3,0,c5bank
B,c5bank,1,1297,CAPTURE,3,516,262,23,0,0,0,0,73,21,1000,300,3,18,1240,1367,7,0,52,206,614,153,ATK@600+HEAL@1200,gauntlet/20260930-230035-scrim-c5bank/replays/jonters.bling3__QueenOfHearts__botB.bc24,jonters.bling3,1,c5bank
A,smartPlayer,0,848,CAPTURE,0,-1,0,9,0,9,15,0,16,18,40,40,2,19,130,16,21,13,0,33,13,115,,gauntlet/20260930-230035-scrim-c5bank/replays/AlexYu84.smartPlayer__SteamboatMickey__botB.bc24,AlexYu84.smartPlayer,0,c5bank
B,c5bank,1,848,CAPTURE,3,276,216,3,0,0,0,0,5,63,1945,1135,11,5,627,529,24,0,255,123,115,13,ATK@600,gauntlet/20260930-230035-scrim-c5bank/replays/AlexYu84.smartPlayer__SteamboatMickey__botB.bc24,AlexYu84.smartPlayer,1,c5bank
A,duck8,0,2000,MORE_FLAG_CAPTURES,1,487,304,6,0,0,0,0,27,35,10,60,3,6,853,995,4,0,74,235,181,819,ATK@750+HEAL@1500,gauntlet/20260930-230035-scrim-c5bank/replays/clbarrell.duck8__Funnel__botB.bc24,clbarrell.duck8,0,c5bank
B,c5bank,1,2000,MORE_FLAG_CAPTURES,2,452,309,8,0,0,0,0,35,25,1075,315,5,4,1127,1306,2,0,77,349,819,181,ATK@600+HEAL@1200+CAP@1800,gauntlet/20260930-230035-scrim-c5bank/replays/clbarrell.duck8__Funnel__botB.bc24,clbarrell.duck8,1,c5bank
A,c5bank,1,328,CAPTURE,3,219,209,3,0,0,0,0,0,39,1080,240,7,3,675,637,7,0,76,35,93,17,,gauntlet/20260930-230035-scrim-c5bank/replays/joelcrouch.ducks__Yinyang__botA.bc24,joelcrouch.ducks,1,c5bank
B,ducks,0,328,CAPTURE,0,-1,0,3,0,3,13,0,0,26,100,200,0,0,24,0,32,0,0,27,17,93,,gauntlet/20260930-230035-scrim-c5bank/replays/joelcrouch.ducks__Yinyang__botA.bc24,joelcrouch.ducks,0,c5bank
A,c5bank,1,2000,MORE_FLAG_CAPTURES,2,1586,422,20,0,0,0,0,29,36,1040,270,6,18,828,1034,9,0,58,485,1256,268,ATK@600+HEAL@1200+CAP@1800,gauntlet/20260930-230035-scrim-c5bank/replays/kyleezz.jeeryfix3__Divergent__botA.bc24,kyleezz.jeeryfix3,1,c5bank
B,jeeryfix3,0,2000,MORE_FLAG_CAPTURES,0,-1,456,15,0,0,0,0,87,2,3290,1460,0,14,714,583,0,0,49,200,268,1256,ATK@600+CAP@1200+HEAL@1800,gauntlet/20260930-230035-scrim-c5bank/replays/kyleezz.jeeryfix3__Divergent__botA.bc24,kyleezz.jeeryfix3,0,c5bank
A,cretplayer2_3,0,2000,MORE_FLAG_CAPTURES,0,-1,304,8,0,3,13,0,22,0,5040,960,0,4,803,573,0,3,51,226,225,1745,ATK@600+HEAL@1200+CAP@1800,gauntlet/20260930-230035-scrim-c5bank/replays/quesswho.cretplayer2_3__Hockey__botB.bc24,quesswho.cretplayer2_3,0,c5bank
B,c5bank,1,2000,MORE_FLAG_CAPTURES,2,1385,1312,6,0,0,0,0,29,33,1085,285,5,10,1286,1308,7,0,59,416,1745,225,ATK@600+HEAL@1200+CAP@1800,gauntlet/20260930-230035-scrim-c5bank/replays/quesswho.cretplayer2_3__Hockey__botB.bc24,quesswho.cretplayer2_3,1,c5bank
A,defaultplayer_intlqualifier,0,2000,LEVEL_SUM,1,501,270,17,8,3,25,0,4,9,780,9080,0,2,178,468,6,23,7,50,15,125,ATK@600+HEAL@1200+CAP@1800,gauntlet/20260930-230035-scrim-c5bank/replays/dmtrung14.defaultplayer_intlqualifier__Puzzle__botB.bc24,dmtrung14.defaultplayer_intlqualifier,0,c5bank
B,c5bank,1,2000,LEVEL_SUM,1,543,246,3,0,0,0,0,13,10,1060,240,2,9,627,222,10,0,107,118,125,15,ATK@600+HEAL@1200+CAP@1800,gauntlet/20260930-230035-scrim-c5bank/replays/dmtrung14.defaultplayer_intlqualifier__Puzzle__botB.bc24,dmtrung14.defaultplayer_intlqualifier,1,c5bank
A,bc24scenario,0,400,CAPTURE,0,-1,0,1,0,1,3,58,58,3,1000,1000,6,0,105,114,1,1,1,3,3,213,,gauntlet/20260930-230035-scrim-c5bank/replays/Metta-AI.bc24scenario__Alligator__botB.bc24,Metta-AI.bc24scenario,0,c5bank
B,c5bank,1,400,CAPTURE,3,334,233,5,0,0,0,0,51,24,1090,425,3,4,1562,176,12,0,161,53,213,3,,gauntlet/20260930-230035-scrim-c5bank/replays/Metta-AI.bc24scenario__Alligator__botB.bc24,Metta-AI.bc24scenario,1,c5bank
A,moveBot1,0,709,CAPTURE,0,-1,0,0,0,0,0,0,24,21,990,330,4,20,186,297,37,0,0,29,29,493,ATK@600,gauntlet/20260930-230035-scrim-c5bank/replays/adamseth2.moveBot1__WheresMyWater__botB.bc24,adamseth2.moveBot1,0,c5bank
B,c5bank,1,709,CAPTURE,3,229,215,4,0,0,0,0,62,20,1105,1375,3,7,1106,831,5,0,88,169,493,29,ATK@600,gauntlet/20260930-230035-scrim-c5bank/replays/adamseth2.moveBot1__WheresMyWater__botB.bc24,adamseth2.moveBot1,1,c5bank
A,v5,0,467,CAPTURE,0,-1,259,10,0,0,0,0,80,26,20,160,3,1,511,749,38,0,0,27,36,214,,gauntlet/20260930-230035-scrim-c5bank/replays/reeceyang.v5__BigDucksBigPond__botB.bc24,reeceyang.v5,0,c5bank
B,c5bank,1,467,CAPTURE,3,322,242,6,0,0,0,0,105,25,865,265,4,1,1441,946,11,0,74,79,214,36,,gauntlet/20260930-230035-scrim-c5bank/replays/reeceyang.v5__BigDucksBigPond__botB.bc24,reeceyang.v5,1,c5bank
A,ExplosiveBot,0,1355,CAPTURE,0,-1,289,39,18,0,0,0,0,15,2100,40,0,12,727,694,24,0,9,77,146,906,ATK@600+HEAL@1200,gauntlet/20260930-230035-scrim-c5bank/replays/awu7.ExplosiveBot__Valentine__botB.bc24,awu7.ExplosiveBot,0,c5bank
B,c5bank,1,1355,CAPTURE,3,880,550,16,0,0,0,0,0,30,1055,265,5,8,1000,1229,5,0,68,269,906,146,ATK@600+HEAL@1200,gauntlet/20260930-230035-scrim-c5bank/replays/awu7.ExplosiveBot__Valentine__botB.bc24,awu7.ExplosiveBot,1,c5bank
A,NewHide,0,359,CAPTURE,0,-1,0,0,0,0,0,0,0,45,20,50,1,13,66,8,0,0,61,44,1,158,,gauntlet/20260930-230035-scrim-c5bank/replays/sivakovivan.NewHide__Ambush__botB.bc24,sivakovivan.NewHide,0,c5bank
B,c5bank,1,359,CAPTURE,3,239,211,3,0,0,0,0,37,21,1100,210,3,3,1130,115,3,0,86,1,158,1,,gauntlet/20260930-230035-scrim-c5bank/replays/sivakovivan.NewHide__Ambush__botB.bc24,sivakovivan.NewHide,1,c5bank
A,c5bank,1,896,CAPTURE,3,345,244,5,0,0,0,0,71,69,4593,1393,12,3,758,12,24,0,258,265,516,2,ATK@600,gauntlet/20260930-230035-scrim-c5bank/replays/polyllc.polyv4__Battlecode24__botA.bc24,polyllc.polyv4,1,c5bank
B,polyv4,0,896,CAPTURE,0,-1,845,3,0,0,0,0,75,24,5740,11250,3,25,13,137,0,0,56,74,2,516,HEAL@600,gauntlet/20260930-230035-scrim-c5bank/replays/polyllc.polyv4__Battlecode24__botA.bc24,polyllc.polyv4,0,c5bank
A,c5bank,1,609,CAPTURE,3,269,237,3,0,0,0,0,41,15,1170,300,3,3,1689,0,7,0,106,163,580,0,ATK@600,gauntlet/20260930-230035-scrim-c5bank/replays/sayam-goyal.SimpleBot__Fountain__botA.bc24,sayam-goyal.SimpleBot,1,c5bank
B,SimpleBot,0,609,CAPTURE,0,-1,0,0,0,0,0,0,0,0,2400,2900,0,14,0,0,0,0,0,0,0,580,ATK@600,gauntlet/20260930-230035-scrim-c5bank/replays/sayam-goyal.SimpleBot__Fountain__botA.bc24,sayam-goyal.SimpleBot,0,c5bank
A,combustiblelemon,0,2000,MORE_FLAG_CAPTURES,0,-1,0,3,0,3,15,0,0,19,100,200,0,1,243,102,29,0,0,6,19,151,,gauntlet/20260930-230035-scrim-c5bank/replays/samithShetty.combustiblelemon__Fountain__botB.bc24,samithShetty.combustiblelemon,0,c5bank
B,c5bank,1,2000,MORE_FLAG_CAPTURES,1,289,242,2,0,0,0,0,36,15,1180,350,1,13,555,451,8,0,45,42,151,19,ATK@600+HEAL@1200+CAP@1800,gauntlet/20260930-230035-scrim-c5bank/replays/samithShetty.combustiblelemon__Fountain__botB.bc24,samithShetty.combustiblelemon,1,c5bank
A,v9,0,405,CAPTURE,0,-1,271,6,0,0,0,0,30,23,1025,955,4,0,620,891,0,0,47,25,17,130,,gauntlet/20260930-230035-scrim-c5bank/replays/TylerJulian.v9__KingQuacksCastle__botB.bc24,TylerJulian.v9,0,c5bank
B,c5bank,1,405,CAPTURE,3,347,215,6,0,0,0,0,28,21,1060,235,3,1,1339,943,1,0,64,48,130,17,,gauntlet/20260930-230035-scrim-c5bank/replays/TylerJulian.v9__KingQuacksCastle__botB.bc24,TylerJulian.v9,1,c5bank
A,c5bank,1,963,CAPTURE,3,369,236,5,0,0,0,0,52,48,1100,210,9,3,541,635,15,0,79,208,528,40,ATK@600,gauntlet/20260930-230035-scrim-c5bank/replays/Rubrasum.version_3__Rainbow__botA.bc24,Rubrasum.version_3,1,c5bank
B,version_3,0,963,CAPTURE,0,-1,0,3,0,3,10,0,0,41,200,100,0,16,133,0,51,0,0,62,40,528,ATK@600,gauntlet/20260930-230035-scrim-c5bank/replays/Rubrasum.version_3__Rainbow__botA.bc24,Rubrasum.version_3,0,c5bank
A,c5bank,1,2000,LEVEL_SUM,1,761,277,17,0,0,0,0,35,22,1030,305,4,0,837,565,4,0,73,520,1316,130,ATK@600+HEAL@1200+CAP@1800,gauntlet/20260930-230035-scrim-c5bank/replays/noahzemlin.honeyducklings__Funnel__botA.bc24,noahzemlin.honeyducklings,1,c5bank
B,honeyducklings,0,2000,LEVEL_SUM,1,418,281,12,0,0,0,0,66,14,1220,2960,0,4,471,355,2,14,0,100,130,1316,ATK@600+HEAL@1200+CAP@1823,gauntlet/20260930-230035-scrim-c5bank/replays/noahzemlin.honeyducklings__Funnel__botA.bc24,noahzemlin.honeyducklings,0,c5bank
A,c5bank,1,2000,MORE_FLAG_CAPTURES,1,1259,352,15,0,0,0,0,73,16,1075,265,3,3,459,999,5,0,52,249,350,253,ATK@600+HEAL@1200+CAP@1800,gauntlet/20260930-230035-scrim-c5bank/replays/hsmalladi.finalbot__EndAround__botA.bc24,hsmalladi.finalbot,1,c5bank
B,finalbot,0,2000,MORE_FLAG_CAPTURES,0,-1,827,7,0,3,39,54,64,0,2084,154,10,0,500,452,6,3,30,202,253,350,ATK@600+HEAL@1200+CAP@1800,gauntlet/20260930-230035-scrim-c5bank/replays/hsmalladi.finalbot__EndAround__botA.bc24,hsmalladi.finalbot,0,c5bank
A,alexander,0,1178,CAPTURE,0,-1,0,3,0,3,16,0,0,0,4000,4700,0,18,698,200,0,0,0,0,70,1111,ATK@751,gauntlet/20260930-230035-scrim-c5bank/replays/VarunVejalla.alexander__BreadPudding__botB.bc24,VarunVejalla.alexander,0,c5bank
B,c5bank,1,1178,CAPTURE,3,902,267,39,0,0,0,0,46,22,1090,260,3,17,1248,1159,4,0,61,278,1111,70,ATK@600,gauntlet/20260930-230035-scrim-c5bank/replays/VarunVejalla.alexander__BreadPudding__botB.bc24,VarunVejalla.alexander,1,c5bank
A,c5bank,1,1734,CAPTURE,3,893,421,17,0,0,0,0,67,28,1095,225,5,14,1170,1005,4,0,57,415,1297,96,ATK@600+HEAL@1200,gauntlet/20260930-230035-scrim-c5bank/replays/MiloAkerman.v1__GravitationalWaves__botA.bc24,MiloAkerman.v1,1,c5bank
B,v1,0,1734,CAPTURE,0,-1,462,2,0,0,0,0,152,2,1140,440,0,21,605,1350,12,0,0,45,96,1297,,gauntlet/20260930-230035-scrim-c5bank/replays/MiloAkerman.v1__GravitationalWaves__botA.bc24,MiloAkerman.v1,0,c5bank
A,honeyducklings,0,1318,CAPTURE,0,-1,227,2,0,0,0,0,159,13,1130,1950,0,7,658,1041,0,22,0,38,56,1345,ATK@600,gauntlet/20260930-230035-scrim-c5bank/replays/noahzemlin.honeyducklings__BigDucksBigPond__botB.bc24,noahzemlin.honeyducklings,0,c5bank
B,c5bank,1,1318,CAPTURE,3,672,226,14,0,0,0,0,109,26,885,305,4,4,1275,1036,11,0,94,414,1345,56,ATK@600+HEAL@1200,gauntlet/20260930-230035-scrim-c5bank/replays/noahzemlin.honeyducklings__BigDucksBigPond__botB.bc24,noahzemlin.honeyducklings,1,c5bank
A,dangerduck2,0,618,CAPTURE,0,-1,314,30,0,0,0,0,48,24,1650,1653,3,1,490,517,0,24,0,29,16,347,ATK@605,gauntlet/20260930-230035-scrim-c5bank/replays/dylanzemlin.dangerduck2__Soccer__botB.bc24,dylanzemlin.dangerduck2,0,c5bank
B,c5bank,1,618,CAPTURE,3,474,231,15,0,0,0,0,17,34,1035,245,5,3,1385,820,7,0,75,119,347,16,ATK@600,gauntlet/20260930-230035-scrim-c5bank/replays/dylanzemlin.dangerduck2__Soccer__botB.bc24,dylanzemlin.dangerduck2,1,c5bank
A,version_3,0,473,CAPTURE,0,-1,389,4,0,3,11,0,0,23,100,140,0,1,350,0,43,0,0,28,23,231,,gauntlet/20260930-230035-scrim-c5bank/replays/Rubrasum.version_3__Ambush__botB.bc24,Rubrasum.version_3,0,c5bank
B,c5bank,1,473,CAPTURE,3,243,214,6,0,0,0,0,32,22,1060,290,3,26,1091,862,3,0,67,85,231,23,,gauntlet/20260930-230035-scrim-c5bank/replays/Rubrasum.version_3__Ambush__botB.bc24,Rubrasum.version_3,1,c5bank
A,dangerduck2,0,949,CAPTURE,0,-1,225,46,0,0,0,0,154,24,1270,882,3,16,457,572,0,24,0,42,26,770,ATK@600,gauntlet/20260930-230035-scrim-c5bank/replays/dylanzemlin.dangerduck2__Islands__botB.bc24,dylanzemlin.dangerduck2,0,c5bank
B,c5bank,1,949,CAPTURE,3,263,220,19,0,0,0,0,69,43,1060,320,7,8,1139,698,12,0,77,246,770,26,ATK@600,gauntlet/20260930-230035-scrim-c5bank/replays/dylanzemlin.dangerduck2__Islands__botB.bc24,dylanzemlin.dangerduck2,1,c5bank
A,c5bank,1,501,RESIGNATION,1,297,261,5,0,0,0,0,75,43,1040,220,8,23,1226,1261,11,0,79,104,267,59,,gauntlet/20260930-230035-scrim-c5bank/replays/itswin.MPAttack__Islands__botA.bc24,itswin.MPAttack,1,c5bank
B,MPAttack,0,501,RESIGNATION,0,-1,231,1,0,0,0,0,16,7,1120,210,0,2,893,568,25,0,0,14,59,267,,gauntlet/20260930-230035-scrim-c5bank/replays/itswin.MPAttack__Islands__botA.bc24,itswin.MPAttack,0,c5bank
A,crayBasic,0,2000,MORE_FLAG_CAPTURES,0,-1,0,0,0,0,0,0,0,0,2600,4300,0,22,352,9,0,0,0,0,15,2636,,gauntlet/20260930-230035-scrim-c5bank/replays/abdullah8a0.crayBasic__FloodGates__botB.bc24,abdullah8a0.crayBasic,0,c5bank
B,c5bank,1,2000,MORE_FLAG_CAPTURES,2,772,254,12,0,0,0,0,4,18,1105,265,3,13,807,667,3,0,72,827,2636,15,ATK@600+HEAL@1200+CAP@1800,gauntlet/20260930-230035-scrim-c5bank/replays/abdullah8a0.crayBasic__FloodGates__botB.bc24,abdullah8a0.crayBasic,1,c5bank
A,Team3,0,2000,MORE_FLAG_CAPTURES,0,-1,0,3,0,3,0,0,6,14,80,60,2,21,136,71,30,0,0,120,74,2279,,gauntlet/20260930-230035-scrim-c5bank/replays/dylanconklin.Team3__FloodGates__botB.bc24,dylanconklin.Team3,0,c5bank
B,c5bank,1,2000,MORE_FLAG_CAPTURES,1,302,256,9,0,0,0,0,4,18,1075,995,3,28,487,387,1,0,53,904,2279,74,ATK@600+HEAL@1200+CAP@1800,gauntlet/20260930-230035-scrim-c5bank/replays/dylanconklin.Team3__FloodGates__botB.bc24,dylanconklin.Team3,1,c5bank
A,c5bank,1,474,CAPTURE,3,348,230,3,0,0,0,0,48,25,1035,295,4,3,1061,0,8,0,112,37,196,0,,gauntlet/20260930-230035-scrim-c5bank/replays/PerishoJ.tx__Duck__botA.bc24,PerishoJ.tx,1,c5bank
B,tx,0,474,CAPTURE,0,-1,0,0,0,0,0,0,0,0,2500,3100,0,7,0,0,0,0,0,0,0,196,,gauntlet/20260930-230035-scrim-c5bank/replays/PerishoJ.tx__Duck__botA.bc24,PerishoJ.tx,0,c5bank
A,c5bank,1,364,CAPTURE,3,291,243,3,0,0,0,0,12,10,1090,370,2,8,750,406,10,0,94,44,104,2,,gauntlet/20260930-230035-scrim-c5bank/replays/joelcrouch.ducks__Pancakes__botA.bc24,joelcrouch.ducks,1,c5bank
B,ducks,0,364,CAPTURE,0,-1,0,3,0,3,6,0,0,11,200,200,0,0,28,0,20,0,0,11,2,104,,gauntlet/20260930-230035-scrim-c5bank/replays/joelcrouch.ducks__Pancakes__botA.bc24,joelcrouch.ducks,0,c5bank
A,funkyguy3,0,2000,MORE_FLAG_CAPTURES,1,939,527,55,0,0,0,0,12,30,80,80,3,4,103,538,18,0,42,186,31,1658,ATK@600+HEAL@1200+CAP@1800,gauntlet/20260930-230035-scrim-c5bank/replays/lcforges.funkyguy3__Funnel__botB.bc24,lcforges.funkyguy3,0,c5bank
B,c5bank,1,2000,MORE_FLAG_CAPTURES,2,640,283,9,0,0,0,0,31,26,1065,255,4,3,1536,445,6,0,106,639,1658,31,ATK@600+HEAL@1200+CAP@1800,gauntlet/20260930-230035-scrim-c5bank/replays/lcforges.funkyguy3__Funnel__botB.bc24,lcforges.funkyguy3,1,c5bank
A,c5bank,1,1065,CAPTURE,3,809,584,10,0,0,0,0,20,34,1045,245,5,4,795,1381,6,0,56,182,361,38,ATK@600,gauntlet/20260930-230035-scrim-c5bank/replays/H4ffliger.keyboardcrusader_v1__Soccer__botA.bc24,H4ffliger.keyboardcrusader_v1,1,c5bank
B,keyboardcrusader_v1,0,1065,CAPTURE,0,-1,706,10,0,3,0,0,48,0,3960,4460,0,0,703,1134,0,0,0,53,38,361,,gauntlet/20260930-230035-scrim-c5bank/replays/H4ffliger.keyboardcrusader_v1__Soccer__botA.bc24,H4ffliger.keyboardcrusader_v1,0,c5bank
A,c5bank,1,1920,CAPTURE,3,1005,951,29,0,0,0,0,20,33,1055,255,5,3,1485,495,7,0,54,415,1116,187,ATK@600+HEAL@1200+CAP@1800,gauntlet/20260930-230035-scrim-c5bank/replays/qpwoeirut.tournament_sprint1__Soccer__botA.bc24,qpwoeirut.tournament_sprint1,1,c5bank
B,tournament_sprint1,0,1920,CAPTURE,0,-1,0,0,0,0,0,0,48,0,3960,1860,0,3,248,2510,29,0,0,107,187,1116,ATK@600+HEAL@1200,gauntlet/20260930-230035-scrim-c5bank/replays/qpwoeirut.tournament_sprint1__Soccer__botA.bc24,qpwoeirut.tournament_sprint1,0,c5bank
A,warrior_2nd_comp,0,575,CAPTURE,0,-1,0,3,0,3,34,0,0,18,1700,2200,0,15,0,0,13,2,3,18,7,247,,gauntlet/20260930-230035-scrim-c5bank/replays/lukerhoads.warrior_2nd_comp__Tunnels__botB.bc24,lukerhoads.warrior_2nd_comp,0,c5bank
B,c5bank,1,575,CAPTURE,3,310,262,3,0,0,0,0,61,18,1050,225,2,9,547,162,6,0,72,0,247,7,,gauntlet/20260930-230035-scrim-c5bank/replays/lukerhoads.warrior_2nd_comp__Tunnels__botB.bc24,lukerhoads.warrior_2nd_comp,1,c5bank
A,v11,0,2000,MORE_FLAG_CAPTURES,0,-1,271,4,2,0,0,0,29,68,8330,1043,4,18,785,969,0,3,159,364,111,878,ATK@600+HEAL@1200+CAP@1800,gauntlet/20260930-230035-scrim-c5bank/replays/JeffLegendPower.v11__StarryNight__botB.bc24,JeffLegendPower.v11,0,c5bank
B,c5bank,1,2000,MORE_FLAG_CAPTURES,2,440,406,5,0,0,0,0,95,61,5594,214,11,7,1068,1345,24,0,123,401,878,111,ATK@600+HEAL@1200+CAP@1800,gauntlet/20260930-230035-scrim-c5bank/replays/JeffLegendPower.v11__StarryNight__botB.bc24,JeffLegendPower.v11,1,c5bank
A,player22,1,1740,CAPTURE,3,331,273,9,0,3,0,0,67,0,3690,4240,0,2,1159,646,23,0,65,387,836,808,ATK@600+HEAL@1200,gauntlet/20260930-235848-scrim-c6pair/losses/andrewgopher.player22__Alligator__botB.bc24,andrewgopher.player22,0,c6pair
B,c6pair,0,1740,CAPTURE,0,-1,337,2,0,0,0,0,50,27,1045,45,4,18,1075,1580,6,0,67,217,808,836,ATK@600+HEAL@1200,gauntlet/20260930-235848-scrim-c6pair/losses/andrewgopher.player22__Alligator__botB.bc24,andrewgopher.player22,1,c6pair
A,duck8,1,1556,CAPTURE,3,237,220,18,0,0,0,0,10,39,90,20,3,14,934,1081,12,0,77,235,304,845,ATK@750+HEAL@1500,gauntlet/20260930-235848-scrim-c6pair/losses/clbarrell.duck8__WheresMyWater__botB.bc24,clbarrell.duck8,0,c6pair
B,c6pair,0,1556,CAPTURE,1,793,367,4,0,0,0,0,64,18,1050,35,2,10,1299,1423,7,0,45,225,845,304,ATK@600+HEAL@1200,gauntlet/20260930-235848-scrim-c6pair/losses/clbarrell.duck8__WheresMyWater__botB.bc24,clbarrell.duck8,1,c6pair
A,v10official,1,439,CAPTURE,3,319,291,27,21,3,17,65,20,3,4988,43,12,0,1044,1906,5,3,75,62,31,42,,gauntlet/20260930-235848-scrim-c6pair/losses/Gymhgy.v10official__StackGame__botB.bc24,Gymhgy.v10official,0,c6pair
B,c6pair,0,439,CAPTURE,0,-1,393,3,0,0,0,0,34,46,1065,65,8,22,1218,1699,8,0,71,58,42,31,,gauntlet/20260930-235848-scrim-c6pair/losses/Gymhgy.v10official__StackGame__botB.bc24,Gymhgy.v10official,1,c6pair
A,waffle,1,533,CAPTURE,3,284,224,18,0,0,0,0,25,39,550,250,1,5,1111,741,0,0,68,75,72,229,,gauntlet/20260930-235848-scrim-c6pair/losses/winkelmantanner.waffle__Bunkers__botB.bc24,winkelmantanner.waffle,0,c6pair
B,c6pair,0,533,CAPTURE,0,-1,0,0,0,0,0,0,31,28,1065,15,4,25,1349,1603,6,0,61,74,229,72,,gauntlet/20260930-235848-scrim-c6pair/losses/winkelmantanner.waffle__Bunkers__botB.bc24,winkelmantanner.waffle,1,c6pair
A,c6pair,0,513,CAPTURE,1,394,241,8,0,0,0,0,86,40,1105,65,6,0,655,803,9,0,66,81,65,89,,gauntlet/20260930-235848-scrim-c6pair/losses/CyrilSharma.finalBot__Islands__botA.bc24,CyrilSharma.finalBot,1,c6pair
B,finalBot,1,513,CAPTURE,3,305,246,14,0,0,0,54,33,2,6102,3275,10,13,784,744,0,0,121,162,89,65,,gauntlet/20260930-235848-scrim-c6pair/losses/CyrilSharma.finalBot__Islands__botA.bc24,CyrilSharma.finalBot,0,c6pair
A,Version18Final,1,527,CAPTURE,3,373,247,9,0,3,24,28,12,6,1325,14615,5,5,957,957,27,3,126,150,74,62,,gauntlet/20260930-235848-scrim-c6pair/losses/uravt.Version18Final__HungerGames__botB.bc24,uravt.Version18Final,0,c6pair
B,c6pair,0,527,CAPTURE,0,-1,310,1,0,0,0,0,18,14,1055,95,2,5,868,1182,0,0,92,93,62,74,,gauntlet/20260930-235848-scrim-c6pair/losses/uravt.Version18Final__HungerGames__botB.bc24,uravt.Version18Final,1,c6pair
A,c6pair,0,843,CAPTURE,0,-1,304,1,0,0,0,0,40,16,1095,25,2,15,928,1323,0,0,48,81,99,236,ATK@600,gauntlet/20260930-235848-scrim-c6pair/losses/IvanGeffner.kuma__OceanFloor__botA.bc24,IvanGeffner.kuma,1,c6pair
B,kuma,1,843,CAPTURE,3,392,344,11,5,0,0,90,51,5,610,510,18,5,1101,1229,0,0,65,196,236,99,ATK@600,gauntlet/20260930-235848-scrim-c6pair/losses/IvanGeffner.kuma__OceanFloor__botA.bc24,IvanGeffner.kuma,0,c6pair
A,flagbot_final,1,1233,CAPTURE,3,620,393,11,0,3,11,90,106,1,104,14,18,3,1058,1736,0,0,80,313,346,135,ATK@600+HEAL@1200,gauntlet/20260930-235848-scrim-c6pair/losses/chenyx512.flagbot_final__Funnel__botB.bc24,chenyx512.flagbot_final,0,c6pair
B,c6pair,0,1233,CAPTURE,1,653,517,7,0,0,0,0,37,23,1090,50,3,4,1033,1564,2,0,61,155,135,346,ATK@600+HEAL@1200,gauntlet/20260930-235848-scrim-c6pair/losses/chenyx512.flagbot_final__Funnel__botB.bc24,chenyx512.flagbot_final,1,c6pair
A,c6pair,0,349,CAPTURE,0,-1,257,1,0,0,0,0,192,72,1465,100,12,0,484,547,24,0,248,179,30,24,,gauntlet/20260930-235848-scrim-c6pair/losses/hsmalladi.finalbot__Snake__botA.bc24,hsmalladi.finalbot,1,c6pair
B,finalbot,1,349,CAPTURE,3,338,266,13,4,3,49,60,145,0,10240,19490,12,0,476,629,2,3,179,149,24,30,,gauntlet/20260930-235848-scrim-c6pair/losses/hsmalladi.finalbot__Snake__botA.bc24,hsmalladi.finalbot,0,c6pair
A,c6pair,0,612,CAPTURE,1,444,309,11,0,0,0,0,96,10,640,30,1,27,1064,1228,3,0,42,65,98,44,ATK@600,gauntlet/20260930-235848-scrim-c6pair/losses/Gymhgy.v10official__Intercontinental__botA.bc24,Gymhgy.v10official,1,c6pair
B,v10official,1,612,CAPTURE,3,364,308,31,19,3,7,60,107,2,424,44,12,1,777,1481,1,2,17,26,44,98,ATK@600,gauntlet/20260930-235848-scrim-c6pair/losses/Gymhgy.v10official__Intercontinental__botA.bc24,Gymhgy.v10official,0,c6pair
A,waffle,1,2000,MORE_FLAG_CAPTURES,2,563,256,32,0,0,0,0,3,3,2010,3270,0,2,871,1075,0,0,135,281,391,676,ATK@600+HEAL@1200+CAP@1800,gauntlet/20260930-235848-scrim-c6pair/losses/winkelmantanner.waffle__Puzzle__botB.bc24,winkelmantanner.waffle,0,c6pair
B,c6pair,0,2000,MORE_FLAG_CAPTURES,0,-1,248,4,0,0,0,0,6,12,1085,75,2,0,921,1106,10,0,140,314,676,391,ATK@600+HEAL@1200+CAP@1800,gauntlet/20260930-235848-scrim-c6pair/losses/winkelmantanner.waffle__Puzzle__botB.bc24,winkelmantanner.waffle,1,c6pair
A,Goob_final,1,1760,CAPTURE,3,245,221,33,0,0,0,0,127,0,4390,60,0,8,1101,889,2,0,62,263,466,1214,ATK@600+HEAL@1200,gauntlet/20260930-235848-scrim-c6pair/losses/ColtG5.Goob_final__Islands__botB.bc24,ColtG5.Goob_final,0,c6pair
B,c6pair,0,1760,CAPTURE,2,1468,1390,8,0,0,0,0,76,43,1115,50,8,11,1305,1566,9,0,78,380,1214,466,ATK@600+HEAL@1200,gauntlet/20260930-235848-scrim-c6pair/losses/ColtG5.Goob_final__Islands__botB.bc24,ColtG5.Goob_final,1,c6pair
A,c6pair,0,620,CAPTURE,0,-1,469,1,0,0,0,0,7,12,1070,70,2,20,941,1300,6,0,108,126,69,91,ATK@600,gauntlet/20260930-235848-scrim-c6pair/losses/IvanGeffner.kuma__Puzzle__botA.bc24,IvanGeffner.kuma,1,c6pair
B,kuma,1,620,CAPTURE,3,430,323,22,11,0,0,90,4,0,825,3411,18,4,997,1275,9,0,165,189,91,69,ATK@600,gauntlet/20260930-235848-scrim-c6pair/losses/IvanGeffner.kuma__Puzzle__botA.bc24,IvanGeffner.kuma,0,c6pair
A,c6pair,0,978,CAPTURE,0,-1,247,14,0,0,0,0,100,23,1025,55,4,2,867,1215,13,0,49,101,121,255,ATK@600,gauntlet/20260930-235848-scrim-c6pair/losses/Strequals.duck0127v5__BigDucksBigPond__botA.bc24,Strequals.duck0127v5,1,c6pair
B,duck0127v5,1,978,CAPTURE,3,377,262,16,0,0,0,90,36,13,4250,4725,19,1,1036,1163,0,2,149,341,255,121,ATK@600,gauntlet/20260930-235848-scrim-c6pair/losses/Strequals.duck0127v5__BigDucksBigPond__botA.bc24,Strequals.duck0127v5,0,c6pair
A,c6pair,0,467,CAPTURE,1,404,284,5,0,0,0,0,0,36,1060,90,6,2,752,951,4,0,58,62,132,72,,gauntlet/20260930-235848-scrim-c6pair/losses/jmerle.camel_case_v21_final__BedWars__botA.bc24,jmerle.camel_case_v21_final,1,c6pair
B,camel_case_v21_final,1,467,CAPTURE,3,317,282,9,0,0,0,0,0,0,4800,1930,0,2,857,315,0,0,29,33,72,132,,gauntlet/20260930-235848-scrim-c6pair/losses/jmerle.camel_case_v21_final__BedWars__botA.bc24,jmerle.camel_case_v21_final,0,c6pair
A,jeeryfix3,1,2000,MORE_FLAG_CAPTURES,2,325,268,10,0,0,0,0,35,3,14050,13250,0,7,970,606,0,0,172,434,450,1149,ATK@600+CAP@1200+HEAL@1800,gauntlet/20260930-235848-scrim-c6pair/losses/kyleezz.jeeryfix3__Joker__botB.bc24,kyleezz.jeeryfix3,0,c6pair
B,c6pair,0,2000,MORE_FLAG_CAPTURES,1,1736,290,8,0,0,0,0,2,68,8765,55,12,3,1098,1254,24,0,221,409,1149,450,ATK@600+HEAL@1200+CAP@1800,gauntlet/20260930-235848-scrim-c6pair/losses/kyleezz.jeeryfix3__Joker__botB.bc24,kyleezz.jeeryfix3,1,c6pair
A,c6pair,0,2000,MORE_FLAG_CAPTURES,0,-1,0,0,0,0,0,0,4,18,1060,35,3,24,1152,1424,3,0,54,185,1088,317,ATK@600+HEAL@1200+CAP@1800,gauntlet/20260930-235848-scrim-c6pair/losses/ColtG5.Goob_final__FloodGates__botA.bc24,ColtG5.Goob_final,1,c6pair
B,Goob_final,1,2000,MORE_FLAG_CAPTURES,1,550,292,2,0,0,0,0,6,0,2720,90,0,6,807,997,1,0,38,180,317,1088,ATK@600+HEAL@1200+CAP@1800,gauntlet/20260930-235848-scrim-c6pair/losses/ColtG5.Goob_final__FloodGates__botA.bc24,ColtG5.Goob_final,0,c6pair
A,c6pair,0,1156,CAPTURE,0,-1,217,4,0,0,0,0,38,57,1210,40,10,13,792,940,24,0,122,192,177,197,ATK@600,gauntlet/20260930-235848-scrim-c6pair/losses/CyrilSharma.finalBot__MIT__botA.bc24,CyrilSharma.finalBot,1,c6pair
B,finalBot,1,1156,CAPTURE,3,439,264,18,0,0,0,42,23,0,8154,37209,8,4,676,795,0,0,138,511,197,177,ATK@600,gauntlet/20260930-235848-scrim-c6pair/losses/CyrilSharma.finalBot__MIT__botA.bc24,CyrilSharma.finalBot,0,c6pair
A,c6pair,0,590,CAPTURE,0,-1,568,2,0,0,0,0,0,30,1105,105,5,13,747,1299,3,0,62,73,40,87,,gauntlet/20260930-235848-scrim-c6pair/losses/andli28.v9_USQuals_angle__Valentine__botA.bc24,andli28.v9_USQuals_angle,1,c6pair
B,v9_USQuals_angle,1,590,CAPTURE,3,496,322,8,0,0,0,90,0,6,2445,4355,18,3,894,1228,10,4,63,87,87,40,,gauntlet/20260930-235848-scrim-c6pair/losses/andli28.v9_USQuals_angle__Valentine__botA.bc24,andli28.v9_USQuals_angle,0,c6pair
A,c6pair,0,1925,CAPTURE,0,-1,0,0,0,0,0,0,263,62,859,59,10,3,882,1882,24,0,83,244,163,366,ATK@600+HEAL@1200+CAP@1800,gauntlet/20260930-235848-scrim-c6pair/losses/andli28.v9_USQuals_angle__Waterworld__botA.bc24,andli28.v9_USQuals_angle,1,c6pair
B,v9_USQuals_angle,1,1925,CAPTURE,3,1839,1783,9,0,0,0,46,180,7,581,1781,9,3,1058,1602,0,4,24,148,366,163,ATK@600+HEAL@1200+CAP@1800,gauntlet/20260930-235848-scrim-c6pair/losses/andli28.v9_USQuals_angle__Waterworld__botA.bc24,andli28.v9_USQuals_angle,0,c6pair
A,TSPAARKSPRINT1,1,1173,CAPTURE,3,403,269,47,0,3,32,0,27,2,8890,2360,0,2,487,1071,40,33,1,65,108,194,ATK@600,gauntlet/20260930-235848-scrim-c6pair/losses/SampleProvider.TSPAARKSPRINT1__Foxes__botB.bc24,SampleProvider.TSPAARKSPRINT1,0,c6pair
B,c6pair,0,1173,CAPTURE,1,329,251,4,0,0,0,0,18,71,1170,100,12,1,678,1093,23,0,82,223,194,108,ATK@600,gauntlet/20260930-235848-scrim-c6pair/losses/SampleProvider.TSPAARKSPRINT1__Foxes__botB.bc24,SampleProvider.TSPAARKSPRINT1,1,c6pair
A,v3,1,345,CAPTURE,3,324,234,12,8,0,0,0,17,0,2590,17220,0,9,802,752,0,0,128,109,46,29,,gauntlet/20260930-235848-scrim-c6pair/losses/NotLLeon.v3__HungerGames__botB.bc24,NotLLeon.v3,0,c6pair
B,c6pair,0,345,CAPTURE,0,-1,224,3,0,0,0,0,19,16,1055,15,3,2,637,788,0,0,49,41,29,46,,gauntlet/20260930-235848-scrim-c6pair/losses/NotLLeon.v3__HungerGames__botB.bc24,NotLLeon.v3,1,c6pair
A,v3,1,1832,CAPTURE,3,245,227,94,14,0,0,0,16,0,6020,5240,0,11,929,927,0,0,94,267,574,584,ATK@600+HEAL@1200+CAP@1800,gauntlet/20260930-235848-scrim-c6pair/losses/NotLLeon.v3__Mountain__botB.bc24,NotLLeon.v3,0,c6pair
B,c6pair,0,1832,CAPTURE,0,-1,0,0,0,0,0,0,38,37,1045,20,7,1,839,1189,9,0,69,218,584,574,ATK@600+HEAL@1200+CAP@1800,gauntlet/20260930-235848-scrim-c6pair/losses/NotLLeon.v3__Mountain__botB.bc24,NotLLeon.v3,1,c6pair
A,Version18Final,1,854,CAPTURE,3,406,253,18,0,3,21,21,27,15,394,33,3,3,698,812,3,3,19,40,86,78,ATK@600,gauntlet/20260930-235848-scrim-c6pair/losses/uravt.Version18Final__Decision__botB.bc24,uravt.Version18Final,0,c6pair
B,c6pair,0,854,CAPTURE,0,-1,561,1,0,0,0,0,84,6,1080,50,1,4,647,1023,1,0,40,81,78,86,ATK@600,gauntlet/20260930-235848-scrim-c6pair/losses/uravt.Version18Final__Decision__botB.bc24,uravt.Version18Final,1,c6pair
A,flagbot_final,1,823,CAPTURE,3,569,518,14,0,3,13,39,59,0,32,19,6,2,1132,1915,0,0,1,15,149,72,ATK@600,gauntlet/20260930-235848-scrim-c6pair/losses/chenyx512.flagbot_final__Racetrack__botB.bc24,chenyx512.flagbot_final,0,c6pair
B,c6pair,0,823,CAPTURE,0,-1,614,10,0,0,0,0,59,0,630,30,0,3,1104,1897,0,0,26,72,72,149,ATK@600,gauntlet/20260930-235848-scrim-c6pair/losses/chenyx512.flagbot_final__Racetrack__botB.bc24,chenyx512.flagbot_final,1,c6pair
A,player22,1,1898,CAPTURE,3,303,281,20,0,3,0,0,26,0,2320,80,0,10,1227,782,2,0,63,467,1303,881,ATK@600+HEAL@1200+CAP@1800,gauntlet/20260930-235848-scrim-c6pair/losses/andrewgopher.player22__Digging__botB.bc24,andrewgopher.player22,0,c6pair
B,c6pair,0,1898,CAPTURE,0,-1,0,0,0,0,0,0,17,16,1055,45,3,1,1068,1479,0,0,57,227,881,1303,ATK@600+HEAL@1200+CAP@1800,gauntlet/20260930-235848-scrim-c6pair/losses/andrewgopher.player22__Digging__botB.bc24,andrewgopher.player22,1,c6pair
A,camel_case_v21_final,1,495,CAPTURE,3,329,244,18,0,0,0,0,49,11,3130,2640,0,4,1391,432,0,0,115,116,127,160,,gauntlet/20260930-235848-scrim-c6pair/losses/jmerle.camel_case_v21_final__Alligator__botB.bc24,jmerle.camel_case_v21_final,0,c6pair
B,c6pair,0,495,CAPTURE,0,-1,0,0,0,0,0,0,57,24,1105,95,4,0,960,1374,6,0,79,87,160,127,,gauntlet/20260930-235848-scrim-c6pair/losses/jmerle.camel_case_v21_final__Alligator__botB.bc24,jmerle.camel_case_v21_final,1,c6pair
A,c6pair,0,703,CAPTURE,0,-1,646,2,0,0,0,0,77,8,1090,90,0,3,819,1634,1,0,38,55,48,58,ATK@600,gauntlet/20260930-235848-scrim-c6pair/losses/Strequals.duck0127v5__Decision__botA.bc24,Strequals.duck0127v5,1,c6pair
B,duck0127v5,1,703,CAPTURE,3,523,388,8,0,0,0,90,22,2,1570,1080,18,3,975,1455,0,2,59,72,58,48,ATK@600,gauntlet/20260930-235848-scrim-c6pair/losses/Strequals.duck0127v5__Decision__botA.bc24,Strequals.duck0127v5,0,c6pair
A,c6pair,1,2000,MORE_FLAG_CAPTURES,1,1150,315,9,0,0,0,0,33,38,1045,100,6,22,981,882,10,0,72,378,1390,326,ATK@600+HEAL@1200+CAP@1800,gauntlet/20260930-235848-scrim-c6pair/replays/RyanAspen.v22__Mountain__botA.bc24,RyanAspen.v22,1,c6pair
B,v22,0,2000,MORE_FLAG_CAPTURES,0,-1,389,2,0,0,0,0,39,7,4630,1360,0,11,628,127,0,0,84,246,326,1390,ATK@600+CAP@1200+HEAL@1800,gauntlet/20260930-235848-scrim-c6pair/replays/RyanAspen.v22__Mountain__botA.bc24,RyanAspen.v22,0,c6pair
A,c6pair,1,1842,CAPTURE,3,784,243,21,0,0,0,0,10,35,1078,68,6,22,1268,1511,11,0,59,260,948,359,ATK@600+HEAL@1200+CAP@1800,gauntlet/20260930-235848-scrim-c6pair/replays/jonters.bling3__Alien__botA.bc24,jonters.bling3,1,c6pair
B,bling3,0,1842,CAPTURE,1,1005,447,5,0,0,0,0,10,17,2000,260,0,7,834,1515,29,0,12,149,359,948,ATK@600+HEAL@1200+CAP@1800,gauntlet/20260930-235848-scrim-c6pair/replays/jonters.bling3__Alien__botA.bc24,jonters.bling3,0,c6pair
A,cowards,0,691,CAPTURE,1,494,447,1,0,0,0,0,18,13,1060,60,0,6,419,1579,58,0,0,63,66,306,,gauntlet/20260930-235848-scrim-c6pair/replays/aj-chau.cowards__Occulus__botB.bc24,aj-chau.cowards,0,c6pair
B,c6pair,1,691,CAPTURE,3,240,210,8,0,0,0,0,14,26,1055,95,5,27,1372,821,3,0,58,93,306,66,ATK@600,gauntlet/20260930-235848-scrim-c6pair/replays/aj-chau.cowards__Occulus__botB.bc24,aj-chau.cowards,1,c6pair
A,sprint1,0,688,CAPTURE,1,377,206,13,0,0,0,0,60,12,203,183,1,4,269,939,30,0,0,37,27,504,ATK@600,gauntlet/20260930-235848-scrim-c6pair/replays/justinottesen.sprint1__Ambush__botB.bc24,justinottesen.sprint1,0,c6pair
B,c6pair,1,688,CAPTURE,3,272,208,13,0,0,0,0,40,24,1055,85,4,14,1802,648,2,0,77,150,504,27,ATK@600,gauntlet/20260930-235848-scrim-c6pair/replays/justinottesen.sprint1__Ambush__botB.bc24,justinottesen.sprint1,1,c6pair
A,keyboardcrusader_v1,0,626,CAPTURE,0,-1,0,3,0,3,65,0,98,0,1660,3160,0,0,198,495,9,0,0,5,2,67,,gauntlet/20260930-235848-scrim-c6pair/replays/H4ffliger.keyboardcrusader_v1__Funnel__botB.bc24,H4ffliger.keyboardcrusader_v1,0,c6pair
B,c6pair,1,626,CAPTURE,3,315,210,3,0,0,0,0,25,28,1025,105,5,4,608,389,2,0,94,53,67,2,ATK@600,gauntlet/20260930-235848-scrim-c6pair/replays/H4ffliger.keyboardcrusader_v1__Funnel__botB.bc24,H4ffliger.keyboardcrusader_v1,1,c6pair
A,bc24scenario,0,2000,MORE_FLAG_CAPTURES,0,-1,0,1,0,1,2,58,58,3,1100,1100,6,31,0,0,1,1,1,2,2,1411,ATK@600+HEAL@1200+CAP@1800,gauntlet/20260930-235848-scrim-c6pair/replays/Metta-AI.bc24scenario__Tunnels__botB.bc24,Metta-AI.bc24scenario,0,c6pair
B,c6pair,1,2000,MORE_FLAG_CAPTURES,1,1094,1058,5,0,0,0,0,64,16,1040,1455,3,26,0,0,3,0,46,236,1411,2,ATK@600+HEAL@1200+CAP@1800,gauntlet/20260930-235848-scrim-c6pair/replays/Metta-AI.bc24scenario__Tunnels__botB.bc24,Metta-AI.bc24scenario,1,c6pair
A,c6pair,1,2000,LEVEL_SUM,1,1882,1844,2,0,0,0,0,4,18,1060,30,3,9,1023,1058,0,0,55,228,1364,238,ATK@600+HEAL@1200+CAP@1800,gauntlet/20260930-235848-scrim-c6pair/replays/quesswho.cretplayer2_3__FloodGates__botA.bc24,quesswho.cretplayer2_3,1,c6pair
B,cretplayer2_3,0,2000,LEVEL_SUM,1,1870,593,18,0,3,17,0,1,0,2870,740,0,5,621,759,0,3,31,176,238,1364,ATK@600+HEAL@1200+CAP@1800,gauntlet/20260930-235848-scrim-c6pair/replays/quesswho.cretplayer2_3__FloodGates__botA.bc24,quesswho.cretplayer2_3,0,c6pair
A,v9,0,1045,CAPTURE,0,-1,239,9,0,0,0,0,35,21,955,995,3,1,517,997,0,0,49,122,55,759,ATK@600,gauntlet/20260930-235848-scrim-c6pair/replays/TylerJulian.v9__Rivers__botB.bc24,TylerJulian.v9,0,c6pair
B,c6pair,1,1045,CAPTURE,3,850,317,6,0,0,0,0,31,20,1090,105,3,10,1318,814,0,0,57,203,759,55,ATK@600,gauntlet/20260930-235848-scrim-c6pair/replays/TylerJulian.v9__Rivers__botB.bc24,TylerJulian.v9,1,c6pair
A,SimpleBot,0,628,CAPTURE,0,-1,0,0,0,0,0,0,0,0,2400,2900,0,21,0,0,0,0,0,0,0,617,ATK@600,gauntlet/20260930-235848-scrim-c6pair/replays/sayam-goyal.SimpleBot__StackGame__botB.bc24,sayam-goyal.SimpleBot,0,c6pair
B,c6pair,1,628,CAPTURE,3,271,221,3,0,0,0,0,32,44,1060,80,8,3,1616,0,14,0,163,212,617,0,ATK@600,gauntlet/20260930-235848-scrim-c6pair/replays/sayam-goyal.SimpleBot__StackGame__botB.bc24,sayam-goyal.SimpleBot,1,c6pair
A,funkyguy3,0,655,CAPTURE,0,-1,326,11,0,0,0,0,34,91,20,20,4,10,64,505,65,0,43,117,30,497,ATK@600,gauntlet/20260930-235848-scrim-c6pair/replays/lcforges.funkyguy3__Skyline__botB.bc24,lcforges.funkyguy3,0,c6pair
B,c6pair,1,655,CAPTURE,3,398,224,8,0,0,0,0,101,53,13990,56,9,13,1592,237,24,0,256,245,497,30,ATK@600,gauntlet/20260930-235848-scrim-c6pair/replays/lcforges.funkyguy3__Skyline__botB.bc24,lcforges.funkyguy3,1,c6pair
A,c6pair,1,732,CAPTURE,3,291,226,9,0,0,0,0,11,53,1405,65,10,24,1304,719,24,0,123,147,494,84,ATK@600,gauntlet/20260930-235848-scrim-c6pair/replays/cViper971.ourplayer__Anchor__botA.bc24,cViper971.ourplayer,1,c6pair
B,ourplayer,0,732,CAPTURE,0,-1,258,12,0,0,0,0,10,39,840,560,3,8,327,519,65,0,0,64,84,494,ATK@600,gauntlet/20260930-235848-scrim-c6pair/replays/cViper971.ourplayer__Anchor__botA.bc24,cViper971.ourplayer,0,c6pair
A,dinoboxer,0,2000,MORE_FLAG_CAPTURES,0,-1,531,5,0,0,0,0,29,36,30,30,0,5,188,289,36,0,0,155,104,543,ATK@600+CAP@1200+HEAL@1800,gauntlet/20260930-235848-scrim-c6pair/replays/Peter-Fun.dinoboxer__HeMustBeFreed__botB.bc24,Peter-Fun.dinoboxer,0,c6pair
B,c6pair,1,2000,MORE_FLAG_CAPTURES,1,405,273,13,0,0,0,0,120,26,1035,55,4,11,470,376,8,0,63,310,543,104,ATK@600+HEAL@1200+CAP@1800,gauntlet/20260930-235848-scrim-c6pair/replays/Peter-Fun.dinoboxer__HeMustBeFreed__botB.bc24,Peter-Fun.dinoboxer,1,c6pair
A,c6pair,1,549,CAPTURE,3,295,223,5,0,0,0,0,20,71,1130,30,12,14,1138,693,23,0,85,102,131,45,,gauntlet/20260930-235848-scrim-c6pair/replays/aj-chau.cowards__Foxes__botA.bc24,aj-chau.cowards,1,c6pair
B,cowards,0,549,CAPTURE,0,-1,265,10,0,0,0,0,11,27,3870,100,1,2,188,1542,55,0,0,56,45,131,,gauntlet/20260930-235848-scrim-c6pair/replays/aj-chau.cowards__Foxes__botA.bc24,aj-chau.cowards,0,c6pair
A,c6pair,1,1123,CAPTURE,3,560,302,37,0,0,0,0,60,0,600,60,0,4,1157,1047,0,0,38,201,441,103,ATK@600,gauntlet/20260930-235848-scrim-c6pair/replays/SampleProvider.TSPAARKSPRINT1__Racetrack__botA.bc24,SampleProvider.TSPAARKSPRINT1,1,c6pair
B,TSPAARKSPRINT1,0,1123,CAPTURE,1,590,315,24,0,3,45,0,79,0,30,20,0,14,656,1448,0,0,0,9,103,441,ATK@600,gauntlet/20260930-235848-scrim-c6pair/replays/SampleProvider.TSPAARKSPRINT1__Racetrack__botA.bc24,SampleProvider.TSPAARKSPRINT1,0,c6pair
A,turtle,0,2000,LEVEL_SUM,0,-1,0,3,0,3,0,0,0,6,3800,20,0,13,111,399,27,0,0,47,48,660,HEAL@600+ATK@1200,gauntlet/20260930-235848-scrim-c6pair/replays/andrearante12.turtle__MazeRunner__botB.bc24,andrearante12.turtle,0,c6pair
B,c6pair,1,2000,LEVEL_SUM,0,-1,0,0,0,0,0,0,87,16,520,235,2,3,232,214,8,0,66,342,660,48,ATK@600+HEAL@1200+CAP@1800,gauntlet/20260930-235848-scrim-c6pair/replays/andrearante12.turtle__MazeRunner__botB.bc24,andrearante12.turtle,1,c6pair
A,polyv4,0,456,CAPTURE,0,-1,0,0,0,0,0,0,7,26,6670,15140,3,0,33,116,3,0,27,30,1,294,,gauntlet/20260930-235848-scrim-c6pair/replays/polyllc.polyv4__SteamboatMickey__botB.bc24,polyllc.polyv4,0,c6pair
B,c6pair,1,456,CAPTURE,3,286,231,4,0,0,0,0,8,64,1735,95,11,3,1664,212,24,0,139,106,294,1,,gauntlet/20260930-235848-scrim-c6pair/replays/polyllc.polyv4__SteamboatMickey__botB.bc24,polyllc.polyv4,1,c6pair
A,c6pair,1,2000,MORE_FLAG_CAPTURES,1,1100,241,62,0,0,0,0,63,29,1040,30,5,20,1141,801,5,0,60,406,978,198,ATK@600+HEAL@1200+CAP@1800,gauntlet/20260930-235848-scrim-c6pair/replays/reeceyang.v5__GravitationalWaves__botA.bc24,reeceyang.v5,1,c6pair
B,v5,0,2000,MORE_FLAG_CAPTURES,0,-1,237,11,0,0,0,0,68,21,20,10,2,2,505,1133,23,0,0,99,198,978,ATK@600+CAP@1200+HEAL@1800,gauntlet/20260930-235848-scrim-c6pair/replays/reeceyang.v5__GravitationalWaves__botA.bc24,reeceyang.v5,0,c6pair
A,MPAttack,0,501,RESIGNATION,0,-1,0,0,0,0,0,0,27,12,90,160,0,5,317,195,20,0,0,7,26,164,,gauntlet/20260930-235848-scrim-c6pair/replays/itswin.MPAttack__TreeSearch__botB.bc24,itswin.MPAttack,0,c6pair
B,c6pair,1,501,RESIGNATION,2,352,229,9,0,0,0,0,72,21,1025,40,3,5,610,614,7,0,103,102,164,26,,gauntlet/20260930-235848-scrim-c6pair/replays/itswin.MPAttack__TreeSearch__botB.bc24,itswin.MPAttack,1,c6pair
A,tx,0,513,CAPTURE,0,-1,0,0,0,0,0,0,0,0,2900,3400,0,17,0,0,0,0,0,0,0,313,,gauntlet/20260930-235848-scrim-c6pair/replays/PerishoJ.tx__DefaultLarge__botB.bc24,PerishoJ.tx,0,c6pair
B,c6pair,1,513,CAPTURE,3,395,277,3,0,0,0,0,55,13,1060,110,1,3,1330,0,8,0,152,61,313,0,,gauntlet/20260930-235848-scrim-c6pair/replays/PerishoJ.tx__DefaultLarge__botB.bc24,PerishoJ.tx,1,c6pair
A,combustiblelemon,0,723,CAPTURE,0,-1,0,3,0,3,14,0,0,11,200,100,0,16,348,158,21,0,0,14,15,178,,gauntlet/20260930-235848-scrim-c6pair/replays/samithShetty.combustiblelemon__Puzzle__botB.bc24,samithShetty.combustiblelemon,0,c6pair
B,c6pair,1,723,CAPTURE,3,271,225,3,0,0,0,0,10,11,1065,170,2,3,924,771,15,0,200,159,178,15,ATK@600,gauntlet/20260930-235848-scrim-c6pair/replays/samithShetty.combustiblelemon__Puzzle__botB.bc24,samithShetty.combustiblelemon,1,c6pair
A,v11,0,1926,CAPTURE,0,-1,0,0,0,0,0,0,23,42,30,413,4,22,359,387,0,4,52,232,93,893,ATK@600+HEAL@1200+CAP@1800,gauntlet/20260930-235848-scrim-c6pair/replays/JeffLegendPower.v11__EndAround__botB.bc24,JeffLegendPower.v11,0,c6pair
B,c6pair,1,1926,CAPTURE,3,529,359,21,0,0,0,0,74,16,1045,50,2,3,566,628,2,0,69,367,893,93,ATK@600+HEAL@1200+CAP@1800,gauntlet/20260930-235848-scrim-c6pair/replays/JeffLegendPower.v11__EndAround__botB.bc24,JeffLegendPower.v11,1,c6pair
A,c6pair,1,680,CAPTURE,3,451,216,22,0,0,0,0,57,35,1095,45,6,4,1290,355,9,0,84,144,321,31,ATK@600,gauntlet/20260930-235848-scrim-c6pair/replays/justinottesen.sprint1__Hurricane__botA.bc24,justinottesen.sprint1,1,c6pair
B,sprint1,0,680,CAPTURE,0,-1,285,11,0,0,0,0,159,10,130,120,0,3,230,687,11,0,0,17,31,321,ATK@600,gauntlet/20260930-235848-scrim-c6pair/replays/justinottesen.sprint1__Hurricane__botA.bc24,justinottesen.sprint1,0,c6pair
A,turtle,0,595,CAPTURE,0,-1,0,3,0,3,56,1,0,7,3180,1220,0,2,193,217,29,0,0,35,28,103,,gauntlet/20260930-235848-scrim-c6pair/replays/andrearante12.turtle__Funnel__botB.bc24,andrearante12.turtle,0,c6pair
B,c6pair,1,595,CAPTURE,3,284,210,5,0,0,0,0,34,24,1095,65,3,6,592,604,8,0,80,61,103,28,,gauntlet/20260930-235848-scrim-c6pair/replays/andrearante12.turtle__Funnel__botB.bc24,andrearante12.turtle,1,c6pair
A,c6pair,1,724,CAPTURE,3,386,224,4,0,0,0,0,38,16,1070,40,3,3,1363,958,3,0,88,173,497,9,ATK@600,gauntlet/20260930-235848-scrim-c6pair/replays/dylanconklin.Team3__Fountain__botA.bc24,dylanconklin.Team3,1,c6pair
B,Team3,0,724,CAPTURE,0,-1,0,3,0,3,22,0,30,16,60,20,1,0,377,58,22,0,0,23,9,497,,gauntlet/20260930-235848-scrim-c6pair/replays/dylanconklin.Team3__Fountain__botA.bc24,dylanconklin.Team3,0,c6pair
A,crayBasic,0,667,CAPTURE,0,-1,224,8,0,0,0,0,0,0,2700,3200,0,12,659,17,0,0,0,0,11,622,,gauntlet/20260930-235848-scrim-c6pair/replays/abdullah8a0.crayBasic__Battlefield__botB.bc24,abdullah8a0.crayBasic,0,c6pair
B,c6pair,1,667,CAPTURE,3,249,227,5,0,0,0,0,32,39,1055,100,6,39,1802,1236,5,0,70,111,622,11,ATK@600,gauntlet/20260930-235848-scrim-c6pair/replays/abdullah8a0.crayBasic__Battlefield__botB.bc24,abdullah8a0.crayBasic,1,c6pair
A,c6pair,1,1589,CAPTURE,3,1490,1407,4,0,0,0,0,11,11,1020,20,2,35,1414,1373,0,0,53,315,999,200,ATK@600+HEAL@1200,gauntlet/20260930-235848-scrim-c6pair/replays/qpwoeirut.tournament_sprint1__GaltonBoard__botA.bc24,qpwoeirut.tournament_sprint1,1,c6pair
B,tournament_sprint1,0,1589,CAPTURE,0,-1,0,0,0,0,0,0,9,0,2130,200,0,5,673,1934,54,0,0,139,200,999,ATK@600+HEAL@1200,gauntlet/20260930-235848-scrim-c6pair/replays/qpwoeirut.tournament_sprint1__GaltonBoard__botA.bc24,qpwoeirut.tournament_sprint1,0,c6pair
A,c6pair,1,2000,MORE_FLAG_CAPTURES,2,315,297,12,0,0,0,0,109,31,965,55,5,5,867,621,14,0,59,679,1862,79,ATK@600+HEAL@1200+CAP@1800,gauntlet/20260930-235848-scrim-c6pair/replays/cViper971.ourplayer__Klein__botA.bc24,cViper971.ourplayer,1,c6pair
B,ourplayer,0,2000,MORE_FLAG_CAPTURES,0,-1,874,2,0,0,0,0,71,27,510,810,3,14,182,321,35,0,0,93,79,1862,ATK@600+HEAL@1200+CAP@1800,gauntlet/20260930-235848-scrim-c6pair/replays/cViper971.ourplayer__Klein__botA.bc24,cViper971.ourplayer,0,c6pair
A,c6pair,1,2000,MORE_FLAG_CAPTURES,2,300,212,2,0,0,0,0,10,25,1035,145,4,7,904,52,5,0,108,0,717,2,ATK@600+HEAL@1200+CAP@1800,gauntlet/20260930-235848-scrim-c6pair/replays/lukerhoads.warrior_2nd_comp__AceOfSpades__botA.bc24,lukerhoads.warrior_2nd_comp,1,c6pair
B,warrior_2nd_comp,0,2000,MORE_FLAG_CAPTURES,0,-1,0,3,0,3,56,0,0,14,1800,2300,1,11,0,0,10,2,2,11,2,717,ATK@750+CAP@1500,gauntlet/20260930-235848-scrim-c6pair/replays/lukerhoads.warrior_2nd_comp__AceOfSpades__botA.bc24,lukerhoads.warrior_2nd_comp,0,c6pair
A,moveBot1,0,457,CAPTURE,0,-1,0,0,0,0,0,0,46,28,200,280,4,22,279,506,37,0,0,34,25,279,,gauntlet/20260930-235848-scrim-c6pair/replays/adamseth2.moveBot1__StackGame__botB.bc24,adamseth2.moveBot1,0,c6pair
B,c6pair,1,457,CAPTURE,3,318,292,3,0,0,0,0,33,44,1045,45,7,3,1610,1051,10,0,118,73,279,25,,gauntlet/20260930-235848-scrim-c6pair/replays/adamseth2.moveBot1__StackGame__botB.bc24,adamseth2.moveBot1,1,c6pair
A,defaultplayer_intlqualifier,0,2000,LEVEL_SUM,0,-1,244,27,18,3,11,0,31,9,170,1030,0,6,290,682,4,39,16,81,32,327,ATK@600+HEAL@1200+CAP@1800,gauntlet/20260930-235848-scrim-c6pair/replays/dmtrung14.defaultplayer_intlqualifier__Pancakes__botB.bc24,dmtrung14.defaultplayer_intlqualifier,0,c6pair
B,c6pair,1,2000,LEVEL_SUM,0,-1,244,9,0,0,0,0,15,9,1090,90,1,18,912,374,1,0,63,251,327,32,ATK@600+HEAL@1200+CAP@1800,gauntlet/20260930-235848-scrim-c6pair/replays/dmtrung14.defaultplayer_intlqualifier__Pancakes__botB.bc24,dmtrung14.defaultplayer_intlqualifier,1,c6pair
A,c6pair,1,447,CAPTURE,3,237,217,4,0,0,0,0,43,19,1105,25,2,23,1119,361,2,0,89,1,195,11,,gauntlet/20260930-235848-scrim-c6pair/replays/Lithanium.AttackingBot__Ambush__botA.bc24,Lithanium.AttackingBot,1,c6pair
B,AttackingBot,0,447,CAPTURE,0,-1,0,0,0,0,0,0,71,3,1970,350,0,4,17,0,19,0,0,16,11,195,,gauntlet/20260930-235848-scrim-c6pair/replays/Lithanium.AttackingBot__Ambush__botA.bc24,Lithanium.AttackingBot,0,c6pair
A,c6pair,1,1509,CAPTURE,3,823,372,18,0,0,0,0,45,14,1160,60,2,3,831,780,2,0,57,375,1212,103,ATK@600+HEAL@1200,gauntlet/20260930-235848-scrim-c6pair/replays/MiloAkerman.v1__Fountain__botA.bc24,MiloAkerman.v1,1,c6pair
B,v1,0,1509,CAPTURE,0,-1,0,0,0,0,0,0,72,3,1340,1840,0,12,401,582,12,0,0,53,103,1212,,gauntlet/20260930-235848-scrim-c6pair/replays/MiloAkerman.v1__Fountain__botA.bc24,MiloAkerman.v1,0,c6pair
A,Bot21,0,1457,CAPTURE,2,308,229,31,12,3,3,61,64,37,33,52,12,10,644,635,4,0,40,160,114,858,ATK@601+HEAL@1201,gauntlet/20260930-235848-scrim-c6pair/replays/HugoIngelsson.Bot21__Swoop__botB.bc24,HugoIngelsson.Bot21,0,c6pair
B,c6pair,1,1457,CAPTURE,3,463,368,20,0,0,0,0,54,34,1100,20,5,3,1193,1102,9,0,84,333,858,114,ATK@600+HEAL@1200,gauntlet/20260930-235848-scrim-c6pair/replays/HugoIngelsson.Bot21__Swoop__botB.bc24,HugoIngelsson.Bot21,1,c6pair
A,c6pair,1,378,CAPTURE,3,246,214,4,0,0,0,0,15,72,6595,75,12,10,1105,827,24,0,194,111,145,1,,gauntlet/20260930-235848-scrim-c6pair/replays/VarunVejalla.alexander__CH3353C4K3F4CT0RY__botA.bc24,VarunVejalla.alexander,1,c6pair
B,alexander,0,378,CAPTURE,0,-1,0,3,0,3,25,0,0,0,4200,5400,0,0,447,91,0,0,0,0,1,145,,gauntlet/20260930-235848-scrim-c6pair/replays/VarunVejalla.alexander__CH3353C4K3F4CT0RY__botA.bc24,VarunVejalla.alexander,0,c6pair
A,Bot21,0,884,CAPTURE,1,831,637,33,19,3,3,60,54,13,77,27,12,10,778,908,3,0,22,66,68,610,ATK@601,gauntlet/20260930-235848-scrim-c6pair/replays/HugoIngelsson.Bot21__Rivers__botB.bc24,HugoIngelsson.Bot21,0,c6pair
B,c6pair,1,884,CAPTURE,3,585,381,9,0,0,0,0,31,19,1080,80,2,6,1433,1400,1,0,67,183,610,68,ATK@600,gauntlet/20260930-235848-scrim-c6pair/replays/HugoIngelsson.Bot21__Rivers__botB.bc24,HugoIngelsson.Bot21,1,c6pair
A,Sprint2,0,878,CAPTURE,0,-1,0,0,0,0,0,0,147,0,6190,20,0,6,123,340,25,18,11,52,30,530,ATK@600,gauntlet/20260930-235848-scrim-c6pair/replays/tlevietpdx.Sprint2__Battlecode24__botB.bc24,tlevietpdx.Sprint2,0,c6pair
B,c6pair,1,878,CAPTURE,3,272,240,3,0,0,0,0,57,71,4889,269,12,3,1197,226,24,0,295,310,530,30,ATK@600,gauntlet/20260930-235848-scrim-c6pair/replays/tlevietpdx.Sprint2__Battlecode24__botB.bc24,tlevietpdx.Sprint2,1,c6pair
A,c6pair,1,454,CAPTURE,3,284,226,5,0,0,0,0,44,15,1060,40,2,3,1036,283,0,0,87,0,194,3,,gauntlet/20260930-235848-scrim-c6pair/replays/Lithanium.AttackingBot__OceanFloor__botA.bc24,Lithanium.AttackingBot,1,c6pair
B,AttackingBot,0,454,CAPTURE,0,-1,0,0,0,0,0,0,84,0,1280,600,0,7,31,0,16,0,0,9,3,194,,gauntlet/20260930-235848-scrim-c6pair/replays/Lithanium.AttackingBot__OceanFloor__botA.bc24,Lithanium.AttackingBot,0,c6pair
A,c6pair,1,1932,CAPTURE,3,294,245,7,0,0,0,0,34,38,1100,100,7,5,540,301,9,0,97,519,1131,43,ATK@600+HEAL@1200+CAP@1800,gauntlet/20260930-235848-scrim-c6pair/replays/SriLakshmiPolavarapu.ducks__Mountain__botA.bc24,SriLakshmiPolavarapu.ducks,1,c6pair
B,ducks,0,1932,CAPTURE,0,-1,0,3,0,3,14,0,0,30,200,100,0,16,34,0,42,0,0,88,43,1131,,gauntlet/20260930-235848-scrim-c6pair/replays/SriLakshmiPolavarapu.ducks__Mountain__botA.bc24,SriLakshmiPolavarapu.ducks,0,c6pair
A,ExplosiveBot,0,1187,CAPTURE,1,716,216,40,5,0,0,0,6,0,5620,6660,0,20,688,805,24,0,22,127,152,816,ATK@600,gauntlet/20260930-235848-scrim-c6pair/replays/awu7.ExplosiveBot__Randy__botB.bc24,awu7.ExplosiveBot,0,c6pair
B,c6pair,1,1187,CAPTURE,3,591,240,10,0,0,0,0,6,42,1100,80,7,5,1239,1300,7,0,82,253,816,152,ATK@600,gauntlet/20260930-235848-scrim-c6pair/replays/awu7.ExplosiveBot__Randy__botB.bc24,awu7.ExplosiveBot,1,c6pair
A,v22,0,459,CAPTURE,1,283,219,5,0,0,0,0,55,38,1260,100,1,20,823,397,0,0,68,62,50,184,,gauntlet/20260930-235848-scrim-c6pair/replays/RyanAspen.v22__Swoop__botB.bc24,RyanAspen.v22,0,c6pair
B,c6pair,1,459,CAPTURE,3,393,252,8,0,0,0,0,66,30,1065,85,5,2,1168,979,9,0,89,84,184,50,,gauntlet/20260930-235848-scrim-c6pair/replays/RyanAspen.v22__Swoop__botB.bc24,RyanAspen.v22,1,c6pair
A,c6pair,1,1133,CAPTURE,3,281,229,5,0,0,0,0,14,17,1090,20,2,3,792,510,1,0,81,52,151,5,ATK@600,gauntlet/20260930-235848-scrim-c6pair/replays/AlexYu84.smartPlayer__Digging__botA.bc24,AlexYu84.smartPlayer,1,c6pair
B,smartPlayer,0,1133,CAPTURE,0,-1,0,3,0,3,17,0,8,14,120,80,1,4,98,114,19,11,0,32,5,151,,gauntlet/20260930-235848-scrim-c6pair/replays/AlexYu84.smartPlayer__Digging__botA.bc24,AlexYu84.smartPlayer,0,c6pair
A,c6pair,1,492,CAPTURE,3,303,229,5,0,0,0,0,163,72,2360,35,12,5,1755,807,24,0,361,247,291,19,,gauntlet/20260930-235848-scrim-c6pair/replays/neilhuang007.baseline__Snake__botA.bc24,neilhuang007.baseline,1,c6pair
B,baseline,0,492,CAPTURE,0,-1,257,1,0,0,0,0,214,8,7880,18320,0,6,516,788,0,0,8,7,19,291,,gauntlet/20260930-235848-scrim-c6pair/replays/neilhuang007.baseline__Snake__botA.bc24,neilhuang007.baseline,0,c6pair
A,c6pair,1,1084,CAPTURE,3,672,587,4,0,0,0,0,66,17,1025,85,2,3,1827,1000,2,0,68,393,1273,32,ATK@600,gauntlet/20260930-235848-scrim-c6pair/replays/neilhuang007.baseline__TwistedTreeline__botA.bc24,neilhuang007.baseline,1,c6pair
B,baseline,0,1084,CAPTURE,0,-1,0,0,0,0,0,0,83,9,1410,1940,0,1,617,1072,0,0,9,8,32,1273,CAP@600,gauntlet/20260930-235848-scrim-c6pair/replays/neilhuang007.baseline__TwistedTreeline__botA.bc24,neilhuang007.baseline,0,c6pair
A,c6pair,1,707,CAPTURE,3,493,238,12,0,0,0,0,91,5,1070,30,0,3,952,936,0,0,55,98,207,28,ATK@600,gauntlet/20260930-235848-scrim-c6pair/replays/Peter-Fun.dinoboxer__Decision__botA.bc24,Peter-Fun.dinoboxer,1,c6pair
B,dinoboxer,0,707,CAPTURE,0,-1,0,0,0,0,0,0,0,16,200,50,0,4,448,765,16,1,7,38,28,207,ATK@600,gauntlet/20260930-235848-scrim-c6pair/replays/Peter-Fun.dinoboxer__Decision__botA.bc24,Peter-Fun.dinoboxer,0,c6pair
A,ducks,0,2000,MORE_FLAG_CAPTURES,0,-1,0,3,0,3,0,0,0,26,200,100,0,0,46,0,34,0,0,88,35,2267,,gauntlet/20260930-235848-scrim-c6pair/replays/SriLakshmiPolavarapu.ducks__StackGame__botB.bc24,SriLakshmiPolavarapu.ducks,0,c6pair
B,c6pair,1,2000,MORE_FLAG_CAPTURES,1,300,250,10,0,0,0,0,31,43,1105,85,7,6,1041,468,11,0,117,963,2267,35,ATK@600+HEAL@1200+CAP@1800,gauntlet/20260930-235848-scrim-c6pair/replays/SriLakshmiPolavarapu.ducks__StackGame__botB.bc24,SriLakshmiPolavarapu.ducks,1,c6pair
A,c6pair,1,2000,MORE_FLAG_CAPTURES,1,318,266,5,0,0,0,0,87,15,520,870,2,3,322,27,15,0,75,18,2357,2,ATK@600+HEAL@1200+CAP@1800,gauntlet/20260930-235848-scrim-c6pair/replays/sivakovivan.NewHide__MazeRunner__botA.bc24,sivakovivan.NewHide,1,c6pair
B,NewHide,0,2000,MORE_FLAG_CAPTURES,0,-1,0,0,0,0,0,0,0,50,20,20,1,36,14,9,0,0,70,102,2,2357,HEAL@600,gauntlet/20260930-235848-scrim-c6pair/replays/sivakovivan.NewHide__MazeRunner__botA.bc24,sivakovivan.NewHide,0,c6pair
A,Sprint2,0,734,CAPTURE,0,-1,0,0,0,0,0,0,36,0,15820,20,0,2,276,470,55,24,27,103,51,404,ATK@600,gauntlet/20260930-235848-scrim-c6pair/replays/tlevietpdx.Sprint2__Joker__botB.bc24,tlevietpdx.Sprint2,0,c6pair
B,c6pair,1,734,CAPTURE,3,277,231,6,0,0,0,0,1,68,8850,60,12,3,1432,568,24,0,238,260,404,51,ATK@600,gauntlet/20260930-235848-scrim-c6pair/replays/tlevietpdx.Sprint2__Joker__botB.bc24,tlevietpdx.Sprint2,1,c6pair
A,bling3,0,924,CAPTURE,0,-1,230,5,0,0,0,0,107,12,290,100,0,4,710,1276,16,0,2,42,96,350,ATK@600,gauntlet/20260930-235848-scrim-c6pair/replays/jonters.bling3__QueenOfHearts__botB.bc24,jonters.bling3,0,c6pair
B,c6pair,1,924,CAPTURE,3,880,239,16,0,0,0,0,80,17,905,30,3,18,1117,1222,10,0,44,129,350,96,ATK@600,gauntlet/20260930-235848-scrim-c6pair/replays/jonters.bling3__QueenOfHearts__botB.bc24,jonters.bling3,1,c6pair
A,smartPlayer,0,824,CAPTURE,0,-1,0,9,0,9,15,0,16,18,40,110,2,14,111,8,22,15,0,30,25,119,,gauntlet/20260930-235848-scrim-c6pair/replays/AlexYu84.smartPlayer__SteamboatMickey__botB.bc24,AlexYu84.smartPlayer,0,c6pair
B,c6pair,1,824,CAPTURE,3,313,220,4,0,0,0,0,4,65,1760,90,11,4,585,422,24,0,251,136,119,25,ATK@600,gauntlet/20260930-235848-scrim-c6pair/replays/AlexYu84.smartPlayer__SteamboatMickey__botB.bc24,AlexYu84.smartPlayer,1,c6pair
A,duck8,0,2000,MORE_FLAG_CAPTURES,1,1961,887,15,0,0,0,0,35,33,70,10,3,6,883,1385,3,0,70,217,203,934,ATK@750+HEAL@1500,gauntlet/20260930-235848-scrim-c6pair/replays/clbarrell.duck8__Funnel__botB.bc24,clbarrell.duck8,0,c6pair
B,c6pair,1,2000,MORE_FLAG_CAPTURES,2,820,676,3,0,0,0,0,31,25,1075,105,4,3,1182,1524,3,0,72,411,934,203,ATK@600+HEAL@1200+CAP@1800,gauntlet/20260930-235848-scrim-c6pair/replays/clbarrell.duck8__Funnel__botB.bc24,clbarrell.duck8,1,c6pair
A,c6pair,1,419,CAPTURE,3,221,211,3,0,0,0,0,0,38,1085,65,6,5,1126,578,8,0,102,60,175,18,,gauntlet/20260930-235848-scrim-c6pair/replays/joelcrouch.ducks__Yinyang__botA.bc24,joelcrouch.ducks,1,c6pair
B,ducks,0,419,CAPTURE,0,-1,0,3,0,3,13,0,0,26,100,200,0,0,38,0,36,0,0,28,18,175,,gauntlet/20260930-235848-scrim-c6pair/replays/joelcrouch.ducks__Yinyang__botA.bc24,joelcrouch.ducks,0,c6pair
A,c6pair,1,2000,MORE_FLAG_CAPTURES,2,639,508,20,0,0,0,0,31,35,1079,39,6,22,751,823,9,0,60,386,1016,244,ATK@600+HEAL@1200+CAP@1800,gauntlet/20260930-235848-scrim-c6pair/replays/kyleezz.jeeryfix3__Divergent__botA.bc24,kyleezz.jeeryfix3,1,c6pair
B,jeeryfix3,0,2000,MORE_FLAG_CAPTURES,0,-1,585,9,0,0,0,0,97,2,2990,2010,0,16,559,488,0,0,36,208,244,1016,ATK@600+CAP@1200+HEAL@1800,gauntlet/20260930-235848-scrim-c6pair/replays/kyleezz.jeeryfix3__Divergent__botA.bc24,kyleezz.jeeryfix3,0,c6pair
A,cretplayer2_3,0,1594,CAPTURE,0,-1,248,7,0,3,13,0,25,0,4950,950,0,4,831,518,0,3,53,178,163,1381,ATK@600+HEAL@1200,gauntlet/20260930-235848-scrim-c6pair/replays/quesswho.cretplayer2_3__Hockey__botB.bc24,quesswho.cretplayer2_3,0,c6pair
B,c6pair,1,1594,CAPTURE,3,1245,1177,8,0,0,0,0,29,37,1030,45,6,33,1324,1333,4,0,64,327,1381,163,ATK@600+HEAL@1200,gauntlet/20260930-235848-scrim-c6pair/replays/quesswho.cretplayer2_3__Hockey__botB.bc24,quesswho.cretplayer2_3,1,c6pair
A,defaultplayer_intlqualifier,0,2000,LEVEL_SUM,1,411,263,34,24,3,25,0,4,9,880,8080,0,3,241,811,5,36,19,51,15,225,ATK@600+HEAL@1200+CAP@1800,gauntlet/20260930-235848-scrim-c6pair/replays/dmtrung14.defaultplayer_intlqualifier__Puzzle__botB.bc24,dmtrung14.defaultplayer_intlqualifier,0,c6pair
B,c6pair,1,2000,LEVEL_SUM,1,1551,1372,1,0,0,0,0,4,13,1060,15,2,3,975,347,5,0,127,149,225,15,ATK@600+HEAL@1200+CAP@1800,gauntlet/20260930-235848-scrim-c6pair/replays/dmtrung14.defaultplayer_intlqualifier__Puzzle__botB.bc24,dmtrung14.defaultplayer_intlqualifier,1,c6pair
A,bc24scenario,0,995,CAPTURE,0,-1,0,1,0,1,3,58,58,3,1000,1300,6,6,109,103,1,1,1,3,1,1227,ATK@600,gauntlet/20260930-235848-scrim-c6pair/replays/Metta-AI.bc24scenario__Alligator__botB.bc24,Metta-AI.bc24scenario,0,c6pair
B,c6pair,1,995,CAPTURE,3,427,244,4,0,0,0,0,50,26,1040,60,4,3,1529,202,14,0,171,200,1227,1,ATK@600,gauntlet/20260930-235848-scrim-c6pair/replays/Metta-AI.bc24scenario__Alligator__botB.bc24,Metta-AI.bc24scenario,1,c6pair
A,moveBot1,0,588,CAPTURE,0,-1,0,0,0,0,0,0,40,18,620,340,1,15,185,223,28,0,0,30,29,369,,gauntlet/20260930-235848-scrim-c6pair/replays/adamseth2.moveBot1__WheresMyWater__botB.bc24,adamseth2.moveBot1,0,c6pair
B,c6pair,1,588,CAPTURE,3,249,221,5,0,0,0,0,56,22,1080,60,4,3,1221,744,6,0,111,150,369,29,,gauntlet/20260930-235848-scrim-c6pair/replays/adamseth2.moveBot1__WheresMyWater__botB.bc24,adamseth2.moveBot1,1,c6pair
A,v5,0,907,CAPTURE,1,554,233,12,0,0,0,0,77,26,10,20,3,4,473,665,38,0,0,38,74,563,ATK@600,gauntlet/20260930-235848-scrim-c6pair/replays/reeceyang.v5__BigDucksBigPond__botB.bc24,reeceyang.v5,0,c6pair
B,c6pair,1,907,CAPTURE,3,416,242,13,0,0,0,0,118,22,890,30,4,18,1214,760,10,0,61,231,563,74,ATK@600,gauntlet/20260930-235848-scrim-c6pair/replays/reeceyang.v5__BigDucksBigPond__botB.bc24,reeceyang.v5,1,c6pair
A,ExplosiveBot,0,1862,CAPTURE,0,-1,339,29,4,0,0,0,0,14,2300,90,0,10,776,514,25,0,9,118,245,1301,ATK@600+HEAL@1200,gauntlet/20260930-235848-scrim-c6pair/replays/awu7.ExplosiveBot__Valentine__botB.bc24,awu7.ExplosiveBot,0,c6pair
B,c6pair,1,1862,CAPTURE,3,1480,556,31,0,0,0,0,0,30,1095,85,5,4,1099,1395,3,0,74,326,1301,245,ATK@600+HEAL@1200+CAP@1800,gauntlet/20260930-235848-scrim-c6pair/replays/awu7.ExplosiveBot__Valentine__botB.bc24,awu7.ExplosiveBot,1,c6pair
A,NewHide,0,512,CAPTURE,0,-1,0,0,0,0,0,0,0,44,100,40,1,16,86,13,0,0,65,50,1,317,,gauntlet/20260930-235848-scrim-c6pair/replays/sivakovivan.NewHide__Ambush__botB.bc24,sivakovivan.NewHide,0,c6pair
B,c6pair,1,512,CAPTURE,3,243,211,3,0,0,0,0,40,24,1055,95,4,14,1408,167,2,0,112,1,317,1,,gauntlet/20260930-235848-scrim-c6pair/replays/sivakovivan.NewHide__Ambush__botB.bc24,sivakovivan.NewHide,1,c6pair
A,c6pair,1,699,CAPTURE,3,264,231,3,0,0,0,0,63,69,4815,45,12,3,1354,33,24,0,277,210,551,0,ATK@600,gauntlet/20260930-235848-scrim-c6pair/replays/polyllc.polyv4__Battlecode24__botA.bc24,polyllc.polyv4,1,c6pair
B,polyv4,0,699,CAPTURE,0,-1,0,0,0,0,0,0,56,24,6810,10940,3,1,20,189,0,0,33,33,0,551,HEAL@600,gauntlet/20260930-235848-scrim-c6pair/replays/polyllc.polyv4__Battlecode24__botA.bc24,polyllc.polyv4,0,c6pair
A,c6pair,1,836,CAPTURE,3,421,242,3,0,0,0,0,41,15,1180,100,2,3,1651,0,5,0,113,309,973,0,ATK@600,gauntlet/20260930-235848-scrim-c6pair/replays/sayam-goyal.SimpleBot__Fountain__botA.bc24,sayam-goyal.SimpleBot,1,c6pair
B,SimpleBot,0,836,CAPTURE,0,-1,0,0,0,0,0,0,0,0,2400,2900,0,11,0,0,0,0,0,0,0,973,ATK@600,gauntlet/20260930-235848-scrim-c6pair/replays/sayam-goyal.SimpleBot__Fountain__botA.bc24,sayam-goyal.SimpleBot,0,c6pair
A,combustiblelemon,0,2000,MORE_FLAG_CAPTURES,0,-1,0,3,0,3,15,0,0,19,100,200,0,0,220,170,29,0,0,68,78,540,,gauntlet/20260930-235848-scrim-c6pair/replays/samithShetty.combustiblelemon__Fountain__botB.bc24,samithShetty.combustiblelemon,0,c6pair
B,c6pair,1,2000,MORE_FLAG_CAPTURES,2,286,234,22,0,0,0,0,41,15,1190,70,2,10,539,478,6,0,61,262,540,78,ATK@600+HEAL@1200+CAP@1800,gauntlet/20260930-235848-scrim-c6pair/replays/samithShetty.combustiblelemon__Fountain__botB.bc24,samithShetty.combustiblelemon,1,c6pair
A,v9,0,527,CAPTURE,0,-1,237,8,0,0,0,0,32,23,995,915,4,2,534,858,0,0,59,69,23,183,,gauntlet/20260930-235848-scrim-c6pair/replays/TylerJulian.v9__KingQuacksCastle__botB.bc24,TylerJulian.v9,0,c6pair
B,c6pair,1,527,CAPTURE,3,305,219,5,0,0,0,0,32,21,1055,25,3,9,1258,899,0,0,67,88,183,23,,gauntlet/20260930-235848-scrim-c6pair/replays/TylerJulian.v9__KingQuacksCastle__botB.bc24,TylerJulian.v9,1,c6pair
A,c6pair,1,1550,CAPTURE,3,382,259,9,0,0,0,0,51,50,1060,100,9,3,249,306,14,0,74,144,297,28,ATK@600+HEAL@1200,gauntlet/20260930-235848-scrim-c6pair/replays/Rubrasum.version_3__Rainbow__botA.bc24,Rubrasum.version_3,1,c6pair
B,version_3,0,1550,CAPTURE,0,-1,0,3,0,3,15,0,0,41,200,100,0,9,75,0,51,0,0,42,28,297,ATK@600,gauntlet/20260930-235848-scrim-c6pair/replays/Rubrasum.version_3__Rainbow__botA.bc24,Rubrasum.version_3,0,c6pair
A,c6pair,1,2000,LEVEL_SUM,1,767,309,20,0,0,0,0,29,24,1050,20,3,4,942,681,4,0,80,602,1493,250,ATK@600+HEAL@1200+CAP@1800,gauntlet/20260930-235848-scrim-c6pair/replays/noahzemlin.honeyducklings__Funnel__botA.bc24,noahzemlin.honeyducklings,1,c6pair
B,honeyducklings,0,2000,LEVEL_SUM,1,501,291,5,0,0,0,0,57,14,1490,3200,0,2,638,667,16,19,0,84,250,1493,ATK@617+HEAL@1204+CAP@1814,gauntlet/20260930-235848-scrim-c6pair/replays/noahzemlin.honeyducklings__Funnel__botA.bc24,noahzemlin.honeyducklings,0,c6pair
A,c6pair,1,2000,MORE_FLAG_CAPTURES,1,1056,344,18,0,0,0,0,66,12,1070,70,2,4,437,834,4,0,58,266,347,194,ATK@600+HEAL@1200+CAP@1800,gauntlet/20260930-235848-scrim-c6pair/replays/hsmalladi.finalbot__EndAround__botA.bc24,hsmalladi.finalbot,1,c6pair
B,finalbot,0,2000,MORE_FLAG_CAPTURES,0,-1,488,18,1,3,39,37,67,0,2299,119,7,0,501,463,4,3,35,218,194,347,ATK@600+HEAL@1200+CAP@1800,gauntlet/20260930-235848-scrim-c6pair/replays/hsmalladi.finalbot__EndAround__botA.bc24,hsmalladi.finalbot,0,c6pair
A,alexander,0,1337,CAPTURE,0,-1,257,7,0,3,15,0,0,0,4000,4930,0,9,718,263,0,0,0,0,76,1271,ATK@751,gauntlet/20260930-235848-scrim-c6pair/replays/VarunVejalla.alexander__BreadPudding__botB.bc24,VarunVejalla.alexander,0,c6pair
B,c6pair,1,1337,CAPTURE,3,940,243,29,0,0,0,0,42,26,1050,80,4,20,1205,1198,2,0,66,339,1271,76,ATK@600+HEAL@1200,gauntlet/20260930-235848-scrim-c6pair/replays/VarunVejalla.alexander__BreadPudding__botB.bc24,VarunVejalla.alexander,1,c6pair
A,c6pair,1,2000,MORE_FLAG_CAPTURES,2,1558,758,26,0,0,0,0,72,27,1070,90,4,6,1079,1072,4,0,54,488,1566,113,ATK@600+HEAL@1200+CAP@1800,gauntlet/20260930-235848-scrim-c6pair/replays/MiloAkerman.v1__GravitationalWaves__botA.bc24,MiloAkerman.v1,1,c6pair
B,v1,0,2000,MORE_FLAG_CAPTURES,0,-1,0,0,0,0,0,0,150,2,1200,1100,0,16,607,1248,12,0,0,55,113,1566,,gauntlet/20260930-235848-scrim-c6pair/replays/MiloAkerman.v1__GravitationalWaves__botA.bc24,MiloAkerman.v1,0,c6pair
A,honeyducklings,0,1647,CAPTURE,0,-1,270,3,0,0,0,0,152,13,1340,2630,0,14,728,1105,2,32,0,57,86,1575,ATK@607+HEAL@1224,gauntlet/20260930-235848-scrim-c6pair/replays/noahzemlin.honeyducklings__BigDucksBigPond__botB.bc24,noahzemlin.honeyducklings,0,c6pair
B,c6pair,1,1647,CAPTURE,3,523,252,7,0,0,0,0,109,26,735,65,4,3,1400,1235,11,0,93,464,1575,86,ATK@600+HEAL@1200,gauntlet/20260930-235848-scrim-c6pair/replays/noahzemlin.honeyducklings__BigDucksBigPond__botB.bc24,noahzemlin.honeyducklings,1,c6pair
A,dangerduck2,0,692,CAPTURE,0,-1,251,38,0,0,0,0,48,24,1650,1726,3,3,449,433,0,24,1,33,23,426,ATK@612,gauntlet/20260930-235848-scrim-c6pair/replays/dylanzemlin.dangerduck2__Soccer__botB.bc24,dylanzemlin.dangerduck2,0,c6pair
B,c6pair,1,692,CAPTURE,3,471,312,12,0,0,0,0,20,32,1045,45,5,25,1299,804,8,0,63,123,426,23,ATK@600,gauntlet/20260930-235848-scrim-c6pair/replays/dylanzemlin.dangerduck2__Soccer__botB.bc24,dylanzemlin.dangerduck2,1,c6pair
A,version_3,0,358,CAPTURE,0,-1,340,4,0,3,20,0,0,23,100,130,0,2,286,0,32,0,0,17,6,134,,gauntlet/20260930-235848-scrim-c6pair/replays/Rubrasum.version_3__Ambush__botB.bc24,Rubrasum.version_3,0,c6pair
B,c6pair,1,358,CAPTURE,3,237,213,4,0,0,0,0,32,22,1060,95,3,24,963,773,3,0,66,55,134,6,,gauntlet/20260930-235848-scrim-c6pair/replays/Rubrasum.version_3__Ambush__botB.bc24,Rubrasum.version_3,1,c6pair
A,dangerduck2,0,989,CAPTURE,0,-1,246,28,1,0,0,0,137,24,1780,1590,3,4,496,570,0,24,0,53,25,977,ATK@600,gauntlet/20260930-235848-scrim-c6pair/replays/dylanzemlin.dangerduck2__Islands__botB.bc24,dylanzemlin.dangerduck2,0,c6pair
B,c6pair,1,989,CAPTURE,3,449,225,21,0,0,0,0,75,41,1030,65,7,5,1492,829,12,0,95,317,977,25,ATK@600,gauntlet/20260930-235848-scrim-c6pair/replays/dylanzemlin.dangerduck2__Islands__botB.bc24,dylanzemlin.dangerduck2,1,c6pair
A,c6pair,1,501,RESIGNATION,1,337,254,6,0,0,0,0,73,43,1045,95,7,19,1186,1185,11,0,83,92,253,56,,gauntlet/20260930-235848-scrim-c6pair/replays/itswin.MPAttack__Islands__botA.bc24,itswin.MPAttack,1,c6pair
B,MPAttack,0,501,RESIGNATION,0,-1,235,2,0,0,0,0,8,10,760,330,0,4,842,596,28,0,0,13,56,253,,gauntlet/20260930-235848-scrim-c6pair/replays/itswin.MPAttack__Islands__botA.bc24,itswin.MPAttack,0,c6pair
A,crayBasic,0,2000,MORE_FLAG_CAPTURES,0,-1,0,0,0,0,0,0,0,0,2600,4400,0,29,149,26,0,0,0,0,34,234,,gauntlet/20260930-235848-scrim-c6pair/replays/abdullah8a0.crayBasic__FloodGates__botB.bc24,abdullah8a0.crayBasic,0,c6pair
B,c6pair,1,2000,MORE_FLAG_CAPTURES,1,384,286,6,0,0,0,0,3,19,1035,45,3,23,363,188,2,0,65,274,234,34,ATK@600+HEAL@1200+CAP@1800,gauntlet/20260930-235848-scrim-c6pair/replays/abdullah8a0.crayBasic__FloodGates__botB.bc24,abdullah8a0.crayBasic,1,c6pair
A,Team3,0,2000,LEVEL_SUM,0,-1,0,3,0,3,0,0,7,14,80,160,2,24,219,119,35,0,0,53,65,687,,gauntlet/20260930-235848-scrim-c6pair/replays/dylanconklin.Team3__FloodGates__botB.bc24,dylanconklin.Team3,0,c6pair
B,c6pair,1,2000,LEVEL_SUM,0,-1,238,17,0,0,0,0,3,19,1020,90,3,16,534,375,4,0,65,355,687,65,ATK@600+HEAL@1200+CAP@1800,gauntlet/20260930-235848-scrim-c6pair/replays/dylanconklin.Team3__FloodGates__botB.bc24,dylanconklin.Team3,1,c6pair
A,c6pair,1,458,CAPTURE,3,323,227,3,0,0,0,0,53,22,1090,10,4,3,1388,0,5,0,120,46,234,0,,gauntlet/20260930-235848-scrim-c6pair/replays/PerishoJ.tx__Duck__botA.bc24,PerishoJ.tx,1,c6pair
B,tx,0,458,CAPTURE,0,-1,0,0,0,0,0,0,0,0,2500,3100,0,0,0,0,0,0,0,0,0,234,,gauntlet/20260930-235848-scrim-c6pair/replays/PerishoJ.tx__Duck__botA.bc24,PerishoJ.tx,0,c6pair
A,c6pair,1,509,CAPTURE,3,281,233,3,0,0,0,0,13,10,1040,50,1,3,1200,418,2,0,108,100,313,2,,gauntlet/20260930-235848-scrim-c6pair/replays/joelcrouch.ducks__Pancakes__botA.bc24,joelcrouch.ducks,1,c6pair
B,ducks,0,509,CAPTURE,0,-1,0,3,0,3,6,0,0,11,200,200,0,0,52,0,22,0,0,15,2,313,,gauntlet/20260930-235848-scrim-c6pair/replays/joelcrouch.ducks__Pancakes__botA.bc24,joelcrouch.ducks,0,c6pair
A,funkyguy3,0,2000,MORE_FLAG_CAPTURES,0,-1,872,37,0,0,0,0,13,30,40,10,4,3,57,887,17,0,43,183,19,1357,ATK@600+HEAL@1200+CAP@1800,gauntlet/20260930-235848-scrim-c6pair/replays/lcforges.funkyguy3__Funnel__botB.bc24,lcforges.funkyguy3,0,c6pair
B,c6pair,1,2000,MORE_FLAG_CAPTURES,2,489,285,9,0,0,0,0,37,23,1075,85,4,3,1607,180,2,0,107,628,1357,19,ATK@600+HEAL@1200+CAP@1800,gauntlet/20260930-235848-scrim-c6pair/replays/lcforges.funkyguy3__Funnel__botB.bc24,lcforges.funkyguy3,1,c6pair
A,c6pair,1,1712,CAPTURE,3,724,692,7,0,0,0,0,16,35,1045,45,6,4,795,1330,7,0,58,225,676,65,ATK@600+HEAL@1200,gauntlet/20260930-235848-scrim-c6pair/replays/H4ffliger.keyboardcrusader_v1__Soccer__botA.bc24,H4ffliger.keyboardcrusader_v1,1,c6pair
B,keyboardcrusader_v1,0,1712,CAPTURE,0,-1,691,4,0,3,37,0,48,0,3960,4460,0,34,673,980,0,0,0,87,65,676,,gauntlet/20260930-235848-scrim-c6pair/replays/H4ffliger.keyboardcrusader_v1__Soccer__botA.bc24,H4ffliger.keyboardcrusader_v1,0,c6pair
A,c6pair,1,2000,LEVEL_SUM,0,-1,0,0,0,0,0,0,16,31,1055,55,4,4,1728,379,10,0,51,164,888,63,ATK@600+HEAL@1200+CAP@1800,gauntlet/20260930-235848-scrim-c6pair/replays/qpwoeirut.tournament_sprint1__Soccer__botA.bc24,qpwoeirut.tournament_sprint1,1,c6pair
B,tournament_sprint1,0,2000,LEVEL_SUM,0,-1,0,0,0,0,0,0,48,0,3960,260,0,3,190,2869,29,0,0,58,63,888,ATK@600+HEAL@1200,gauntlet/20260930-235848-scrim-c6pair/replays/qpwoeirut.tournament_sprint1__Soccer__botA.bc24,qpwoeirut.tournament_sprint1,0,c6pair
A,warrior_2nd_comp,0,692,CAPTURE,0,-1,0,3,0,3,34,0,0,18,1700,2200,0,15,0,0,13,2,3,18,11,385,,gauntlet/20260930-235848-scrim-c6pair/replays/lukerhoads.warrior_2nd_comp__Tunnels__botB.bc24,lukerhoads.warrior_2nd_comp,0,c6pair
B,c6pair,1,692,CAPTURE,3,364,291,4,0,0,0,0,62,20,1010,100,2,6,516,115,4,0,78,0,385,11,ATK@600,gauntlet/20260930-235848-scrim-c6pair/replays/lukerhoads.warrior_2nd_comp__Tunnels__botB.bc24,lukerhoads.warrior_2nd_comp,1,c6pair
A,v11,0,2000,LEVEL_SUM,1,346,265,20,18,0,0,0,29,73,7860,910,7,15,763,973,0,3,153,344,149,755,ATK@600+HEAL@1200+CAP@1800,gauntlet/20260930-235848-scrim-c6pair/replays/JeffLegendPower.v11__StarryNight__botB.bc24,JeffLegendPower.v11,0,c6pair
B,c6pair,1,2000,LEVEL_SUM,1,709,620,1,0,0,0,0,83,62,5880,40,11,7,1081,1280,24,0,132,220,755,149,ATK@600+HEAL@1200+CAP@1800,gauntlet/20260930-235848-scrim-c6pair/replays/JeffLegendPower.v11__StarryNight__botB.bc24,JeffLegendPower.v11,1,c6pair
A,g1basics,0,1911,CAPTURE,0,-1,0,0,0,0,0,0,0,61,230,300,11,9,972,1552,20,0,58,316,400,1143,ATK@600+HEAL@1200+CAP@1800,gauntlet/20261003-002104-scrim-g1basics/losses/andli28.v9_USQuals_angle__Canals__botA.bc24,andli28.v9_USQuals_angle,1,g1basics
B,v9_USQuals_angle,1,1911,CAPTURE,3,406,351,71,0,0,0,90,0,4,5345,4550,18,5,975,1056,11,2,78,832,1143,400,ATK@600+HEAL@1200+CAP@1800,gauntlet/20261003-002104-scrim-g1basics/losses/andli28.v9_USQuals_angle__Canals__botA.bc24,andli28.v9_USQuals_angle,0,g1basics
A,g1basics,0,1429,CAPTURE,1,494,214,4,0,0,0,0,42,22,135,145,3,12,677,786,3,0,38,133,254,268,ATK@600+HEAL@1200,gauntlet/20261003-002104-scrim-g1basics/losses/CyrilSharma.finalBot__OceanFloor__botA.bc24,CyrilSharma.finalBot,1,g1basics
B,finalBot,1,1429,CAPTURE,3,405,222,40,0,0,0,60,5,3,2393,363,12,6,934,887,0,0,97,255,268,254,ATK@600+HEAL@1200,gauntlet/20261003-002104-scrim-g1basics/losses/CyrilSharma.finalBot__OceanFloor__botA.bc24,CyrilSharma.finalBot,0,g1basics
A,g1basics,0,2000,MORE_FLAG_CAPTURES,1,809,320,9,0,0,0,0,12,111,2835,235,12,13,1154,1516,24,0,135,309,695,426,ATK@600+HEAL@1200+CAP@1800,gauntlet/20261003-002104-scrim-g1basics/losses/Gymhgy.v10official__CH3353C4K3F4CT0RY__botA.bc24,Gymhgy.v10official,1,g1basics
B,v10official,1,2000,MORE_FLAG_CAPTURES,2,343,287,24,17,3,21,90,9,3,13375,7375,18,0,1049,1694,24,3,147,434,426,695,ATK@600+HEAL@1200+CAP@1800,gauntlet/20261003-002104-scrim-g1basics/losses/Gymhgy.v10official__CH3353C4K3F4CT0RY__botA.bc24,Gymhgy.v10official,0,g1basics
A,v9_USQuals_angle,1,2000,MORE_FLAG_CAPTURES,2,432,271,13,0,0,0,86,108,6,295,9740,18,6,704,798,20,3,81,296,379,284,ATK@600+HEAL@1200+CAP@1800,gauntlet/20261003-002104-scrim-g1basics/losses/andli28.v9_USQuals_angle__HeMustBeFreed__botB.bc24,andli28.v9_USQuals_angle,0,g1basics
B,g1basics,0,2000,MORE_FLAG_CAPTURES,0,-1,0,0,0,0,0,0,106,16,134,134,3,2,642,938,13,0,33,169,284,379,ATK@600+HEAL@1200+CAP@1800,gauntlet/20261003-002104-scrim-g1basics/losses/andli28.v9_USQuals_angle__HeMustBeFreed__botB.bc24,andli28.v9_USQuals_angle,1,g1basics
A,g1basics,0,900,CAPTURE,2,606,266,9,0,0,0,0,4,21,195,340,3,6,981,1067,19,0,113,175,361,168,ATK@600,gauntlet/20261003-002104-scrim-g1basics/losses/winkelmantanner.waffle__Puzzle__botA.bc24,winkelmantanner.waffle,1,g1basics
B,waffle,1,900,CAPTURE,3,413,254,40,0,0,0,0,0,3,2100,6890,0,4,916,760,0,0,153,201,168,361,ATK@600,gauntlet/20261003-002104-scrim-g1basics/losses/winkelmantanner.waffle__Puzzle__botA.bc24,winkelmantanner.waffle,0,g1basics
A,player22,1,380,CAPTURE,3,269,245,8,0,3,0,0,51,0,5470,320,0,2,1352,687,2,0,89,58,95,89,,gauntlet/20261003-002104-scrim-g1basics/losses/andrewgopher.player22__StackGame__botB.bc24,andrewgopher.player22,0,g1basics
B,g1basics,0,380,CAPTURE,0,-1,0,0,0,0,0,0,34,51,170,300,9,5,946,1276,16,0,52,53,89,95,,gauntlet/20261003-002104-scrim-g1basics/losses/andrewgopher.player22__StackGame__botB.bc24,andrewgopher.player22,1,g1basics
A,g1basics,0,397,CAPTURE,0,-1,0,0,0,0,0,0,36,35,205,195,6,10,969,1376,21,0,64,42,58,44,,gauntlet/20261003-002104-scrim-g1basics/losses/NotLLeon.v3__ORV__botA.bc24,NotLLeon.v3,1,g1basics
B,v3,1,397,CAPTURE,3,292,233,26,10,0,0,0,31,0,4670,2870,0,3,1049,1075,0,0,85,76,44,58,,gauntlet/20261003-002104-scrim-g1basics/losses/NotLLeon.v3__ORV__botA.bc24,NotLLeon.v3,0,g1basics
A,flagbot_final,1,2000,MORE_FLAG_CAPTURES,1,1620,1123,9,0,3,23,90,145,0,542,192,18,2,961,1320,0,0,48,526,866,213,ATK@600+HEAL@1200+CAP@1800,gauntlet/20261003-002104-scrim-g1basics/losses/chenyx512.flagbot_final__Divergent__botB.bc24,chenyx512.flagbot_final,0,g1basics
B,g1basics,0,2000,MORE_FLAG_CAPTURES,0,-1,233,13,0,0,0,0,29,42,259,199,8,14,843,1329,22,0,39,213,213,866,ATK@600+HEAL@1200+CAP@1800,gauntlet/20261003-002104-scrim-g1basics/losses/chenyx512.flagbot_final__Divergent__botB.bc24,chenyx512.flagbot_final,1,g1basics
A,duck0127v5,1,1592,CAPTURE,3,409,314,19,0,0,0,90,82,16,5244,36067,18,12,887,1171,0,3,140,664,506,266,ATK@600+HEAL@1200,gauntlet/20261003-002104-scrim-g1basics/losses/Strequals.duck0127v5__MIT__botB.bc24,Strequals.duck0127v5,0,g1basics
B,g1basics,0,1592,CAPTURE,2,1215,400,26,0,0,0,0,40,62,640,253,10,7,769,1264,24,0,143,290,266,506,ATK@600+HEAL@1200,gauntlet/20261003-002104-scrim-g1basics/losses/Strequals.duck0127v5__MIT__botB.bc24,Strequals.duck0127v5,1,g1basics
A,g1basics,0,1019,CAPTURE,0,-1,551,2,0,0,0,0,29,36,203,173,6,5,1055,1085,20,0,69,89,303,413,ATK@600,gauntlet/20261003-002104-scrim-g1basics/losses/quesswho.cretplayer2_3__ORV__botA.bc24,quesswho.cretplayer2_3,1,g1basics
B,cretplayer2_3,1,1019,CAPTURE,3,559,238,37,0,3,16,0,21,0,4970,940,0,3,1120,1132,0,3,86,170,413,303,ATK@600,gauntlet/20261003-002104-scrim-g1basics/losses/quesswho.cretplayer2_3__ORV__botA.bc24,quesswho.cretplayer2_3,0,g1basics
A,jeeryfix3,1,1721,CAPTURE,3,279,230,18,0,0,0,0,236,0,20,7040,0,5,1142,889,0,0,153,326,478,1334,ATK@600+CAP@1200,gauntlet/20261003-002104-scrim-g1basics/losses/kyleezz.jeeryfix3__Backslash__botB.bc24,kyleezz.jeeryfix3,0,g1basics
B,g1basics,0,1721,CAPTURE,2,1254,277,10,0,0,0,0,157,22,135,155,3,4,1147,1151,17,0,90,375,1334,478,ATK@600+HEAL@1200,gauntlet/20261003-002104-scrim-g1basics/losses/kyleezz.jeeryfix3__Backslash__botB.bc24,kyleezz.jeeryfix3,1,g1basics
A,g1basics,0,1930,CAPTURE,1,418,332,6,0,0,0,0,61,3,170,110,0,14,1046,1601,1,0,19,171,548,766,ATK@600+HEAL@1200+CAP@1800,gauntlet/20261003-002104-scrim-g1basics/losses/IvanGeffner.kuma__Racetrack__botA.bc24,IvanGeffner.kuma,1,g1basics
B,kuma,1,1930,CAPTURE,3,419,366,57,28,0,0,47,61,0,14,21,8,15,1098,1479,0,0,0,501,766,548,ATK@600+HEAL@1200+CAP@1800,gauntlet/20261003-002104-scrim-g1basics/losses/IvanGeffner.kuma__Racetrack__botA.bc24,IvanGeffner.kuma,0,g1basics
A,finalbot,1,605,CAPTURE,3,383,283,50,1,3,26,60,42,0,3445,95,12,3,1101,993,10,2,88,116,138,153,ATK@600,gauntlet/20261003-002104-scrim-g1basics/losses/hsmalladi.finalbot__ORV__botB.bc24,hsmalladi.finalbot,0,g1basics
B,g1basics,0,605,CAPTURE,1,529,431,2,0,0,0,0,32,37,148,188,7,1,968,1233,14,0,49,60,153,138,ATK@600,gauntlet/20261003-002104-scrim-g1basics/losses/hsmalladi.finalbot__ORV__botB.bc24,hsmalladi.finalbot,1,g1basics
A,duck0127v5,1,2000,LEVEL_SUM,0,-1,531,2,0,0,0,90,15,1,3145,1860,18,4,922,1159,0,2,86,470,542,266,ATK@600+HEAL@1200+CAP@1800,gauntlet/20261003-002104-scrim-g1basics/losses/Strequals.duck0127v5__Divergent__botB.bc24,Strequals.duck0127v5,0,g1basics
B,g1basics,0,2000,LEVEL_SUM,0,-1,328,27,0,0,0,0,34,43,175,265,7,12,720,1367,21,0,41,198,266,542,ATK@600+HEAL@1200+CAP@1800,gauntlet/20261003-002104-scrim-g1basics/losses/Strequals.duck0127v5__Divergent__botB.bc24,Strequals.duck0127v5,1,g1basics
A,g1basics,0,1030,CAPTURE,0,-1,0,0,0,0,0,0,84,21,205,125,3,9,987,1281,6,0,31,91,310,306,ATK@600,gauntlet/20261003-002104-scrim-g1basics/losses/CyrilSharma.finalBot__Whirlpool__botA.bc24,CyrilSharma.finalBot,1,g1basics
B,finalBot,1,1030,CAPTURE,3,475,255,24,0,0,0,41,60,0,2672,5809,8,10,952,1128,0,0,79,260,306,310,ATK@600,gauntlet/20261003-002104-scrim-g1basics/losses/CyrilSharma.finalBot__Whirlpool__botA.bc24,CyrilSharma.finalBot,0,g1basics
A,g1basics,0,654,CAPTURE,1,528,249,12,0,0,0,0,9,33,145,285,5,2,881,1104,16,0,62,106,159,163,ATK@600,gauntlet/20261003-002104-scrim-g1basics/losses/hsmalladi.finalbot__AceOfSpades__botA.bc24,hsmalladi.finalbot,1,g1basics
B,finalbot,1,654,CAPTURE,3,294,234,38,7,3,7,60,16,0,2807,5737,12,4,1192,919,5,10,187,227,163,159,ATK@600,gauntlet/20261003-002104-scrim-g1basics/losses/hsmalladi.finalbot__AceOfSpades__botA.bc24,hsmalladi.finalbot,0,g1basics
A,g1basics,0,347,CAPTURE,1,315,239,4,0,0,0,0,13,35,165,110,6,0,623,876,4,0,47,31,28,69,,gauntlet/20261003-002104-scrim-g1basics/losses/IvanGeffner.kuma__Occulus__botA.bc24,IvanGeffner.kuma,1,g1basics
B,kuma,1,347,CAPTURE,3,286,253,31,22,0,0,90,11,1,2365,2190,18,7,941,760,3,0,107,85,69,28,,gauntlet/20261003-002104-scrim-g1basics/losses/IvanGeffner.kuma__Occulus__botA.bc24,IvanGeffner.kuma,0,g1basics
A,g1basics,0,1714,CAPTURE,0,-1,280,1,0,0,0,0,165,18,185,175,3,2,923,1272,17,0,95,261,392,1114,ATK@600+HEAL@1200,gauntlet/20261003-002104-scrim-g1basics/losses/IvanGeffner.kuma__Backslash__botA.bc24,IvanGeffner.kuma,1,g1basics
B,kuma,1,1714,CAPTURE,3,302,264,40,29,0,0,90,143,0,1618,2613,18,12,1244,1294,15,0,172,756,1114,392,ATK@600+HEAL@1200,gauntlet/20261003-002104-scrim-g1basics/losses/IvanGeffner.kuma__Backslash__botA.bc24,IvanGeffner.kuma,0,g1basics
A,finalbot,1,1923,CAPTURE,3,381,269,39,10,3,22,43,188,0,1996,3838,8,0,686,724,1,3,83,328,503,420,ATK@600+HEAL@1200+CAP@1800,gauntlet/20261003-002104-scrim-g1basics/losses/hsmalladi.finalbot__HeMustBeFreed__botB.bc24,hsmalladi.finalbot,0,g1basics
B,g1basics,0,1923,CAPTURE,1,826,319,22,0,0,0,0,125,14,40,140,2,10,554,886,5,0,33,167,420,503,ATK@600+HEAL@1200+CAP@1800,gauntlet/20261003-002104-scrim-g1basics/losses/hsmalladi.finalbot__HeMustBeFreed__botB.bc24,hsmalladi.finalbot,1,g1basics
A,g1basics,0,1882,CAPTURE,1,1828,293,16,0,0,0,0,50,60,140,235,10,20,841,1363,22,0,58,268,389,632,ATK@600+HEAL@1200+CAP@1800,gauntlet/20261003-002104-scrim-g1basics/losses/Strequals.duck0127v5__Rainbow__botA.bc24,Strequals.duck0127v5,1,g1basics
B,duck0127v5,1,1882,CAPTURE,3,940,321,16,0,0,0,90,36,13,5704,3974,18,2,1089,1225,0,3,124,611,632,389,ATK@600+HEAL@1200+CAP@1800,gauntlet/20261003-002104-scrim-g1basics/losses/Strequals.duck0127v5__Rainbow__botA.bc24,Strequals.duck0127v5,0,g1basics
A,finalbot,1,1811,CAPTURE,3,245,233,56,2,3,26,28,77,6,1989,29,5,0,1199,1191,0,6,57,322,786,827,ATK@600+HEAL@1200+CAP@1800,gauntlet/20261003-002104-scrim-g1basics/losses/hsmalladi.finalbot__WheresMyWater__botB.bc24,hsmalladi.finalbot,0,g1basics
B,g1basics,0,1811,CAPTURE,1,578,286,5,0,0,0,0,35,35,180,160,6,18,1111,1763,13,0,59,326,827,786,ATK@600+HEAL@1200+CAP@1800,gauntlet/20261003-002104-scrim-g1basics/losses/hsmalladi.finalbot__WheresMyWater__botB.bc24,hsmalladi.finalbot,1,g1basics
A,g1basics,0,1074,CAPTURE,1,850,467,17,0,0,0,0,65,2,150,130,0,14,989,1596,2,0,16,67,97,420,ATK@600,gauntlet/20261003-002104-scrim-g1basics/losses/chenyx512.flagbot_final__Racetrack__botA.bc24,chenyx512.flagbot_final,1,g1basics
B,flagbot_final,1,1074,CAPTURE,3,570,383,20,0,3,26,45,57,0,15,15,8,3,1193,1690,0,0,0,108,420,97,ATK@600,gauntlet/20261003-002104-scrim-g1basics/losses/chenyx512.flagbot_final__Racetrack__botA.bc24,chenyx512.flagbot_final,0,g1basics
A,v9_USQuals_angle,1,1578,CAPTURE,3,486,347,22,0,0,0,88,26,6,1861,5156,18,6,1137,1420,14,3,114,565,691,295,ATK@600+HEAL@1200,gauntlet/20261003-002104-scrim-g1basics/losses/andli28.v9_USQuals_angle__EvilGrin__botB.bc24,andli28.v9_USQuals_angle,0,g1basics
B,g1basics,0,1578,CAPTURE,0,-1,0,0,0,0,0,0,53,22,175,195,4,3,981,1565,6,0,35,208,295,691,ATK@600+HEAL@1200,gauntlet/20261003-002104-scrim-g1basics/losses/andli28.v9_USQuals_angle__EvilGrin__botB.bc24,andli28.v9_USQuals_angle,1,g1basics
A,g1basics,0,635,CAPTURE,1,460,262,16,0,0,0,0,14,33,135,145,5,4,794,1077,15,0,57,72,129,98,ATK@600,gauntlet/20261003-002104-scrim-g1basics/losses/quesswho.cretplayer2_3__AceOfSpades__botA.bc24,quesswho.cretplayer2_3,1,g1basics
B,cretplayer2_3,1,635,CAPTURE,3,356,245,12,0,3,22,0,14,0,3780,7260,0,7,963,1140,0,5,206,214,98,129,ATK@600,gauntlet/20261003-002104-scrim-g1basics/losses/quesswho.cretplayer2_3__AceOfSpades__botA.bc24,quesswho.cretplayer2_3,0,g1basics
A,waffle,1,841,CAPTURE,3,504,468,21,0,0,0,0,25,4,3650,1980,0,20,702,796,0,0,53,91,106,324,ATK@600,gauntlet/20261003-002104-scrim-g1basics/losses/winkelmantanner.waffle__Tunnels__botB.bc24,winkelmantanner.waffle,0,g1basics
B,g1basics,0,841,CAPTURE,0,-1,0,0,0,0,0,0,61,26,180,205,5,17,838,1141,16,0,40,75,324,106,ATK@600,gauntlet/20261003-002104-scrim-g1basics/losses/winkelmantanner.waffle__Tunnels__botB.bc24,winkelmantanner.waffle,1,g1basics
A,g1basics,0,422,CAPTURE,0,-1,238,6,0,0,0,0,64,39,135,315,7,10,741,1325,11,0,52,51,68,97,,gauntlet/20261003-002104-scrim-g1basics/losses/jmerle.camel_case_v21_final__Swoop__botA.bc24,jmerle.camel_case_v21_final,1,g1basics
B,camel_case_v21_final,1,422,CAPTURE,3,270,225,8,0,0,0,0,28,0,5860,3080,0,2,1341,605,0,0,91,89,97,68,,gauntlet/20261003-002104-scrim-g1basics/losses/jmerle.camel_case_v21_final__Swoop__botA.bc24,jmerle.camel_case_v21_final,0,g1basics
A,v3,1,710,CAPTURE,3,287,254,30,12,0,0,0,150,0,2400,7230,0,6,1137,1097,0,0,157,184,154,190,ATK@600,gauntlet/20261003-002104-scrim-g1basics/losses/NotLLeon.v3__Backslash__botB.bc24,NotLLeon.v3,0,g1basics
B,g1basics,0,710,CAPTURE,1,683,397,8,0,0,0,0,126,14,170,155,2,1,896,1124,19,0,99,115,190,154,ATK@600,gauntlet/20261003-002104-scrim-g1basics/losses/NotLLeon.v3__Backslash__botB.bc24,NotLLeon.v3,1,g1basics
A,v10official,1,2000,LEVEL_SUM,2,454,310,64,53,3,13,90,38,2,1405,25,18,0,1148,1774,5,2,82,337,508,423,ATK@600+HEAL@1200+CAP@1800,gauntlet/20261003-002104-scrim-g1basics/losses/Gymhgy.v10official__DefaultLarge__botB.bc24,Gymhgy.v10official,0,g1basics
B,g1basics,0,2000,LEVEL_SUM,2,1183,338,49,0,0,0,0,41,23,135,165,4,15,1083,1570,13,0,46,245,423,508,ATK@600+HEAL@1200+CAP@1800,gauntlet/20261003-002104-scrim-g1basics/losses/Gymhgy.v10official__DefaultLarge__botB.bc24,Gymhgy.v10official,1,g1basics
A,waffle,1,635,CAPTURE,3,358,226,42,0,0,0,0,34,62,1066,686,5,5,1200,1142,0,0,96,116,122,215,ATK@600,gauntlet/20261003-002104-scrim-g1basics/losses/winkelmantanner.waffle__Islands__botB.bc24,winkelmantanner.waffle,0,g1basics
B,g1basics,0,635,CAPTURE,1,453,401,1,0,0,0,0,72,51,145,305,9,1,1212,1351,18,0,58,68,215,122,ATK@600,gauntlet/20261003-002104-scrim-g1basics/losses/winkelmantanner.waffle__Islands__botB.bc24,winkelmantanner.waffle,1,g1basics
A,finalbot,1,668,CAPTURE,3,387,322,31,7,3,34,34,44,0,1999,37,6,0,706,881,0,1,19,43,119,131,ATK@600,gauntlet/20261003-002104-scrim-g1basics/losses/hsmalladi.finalbot__Fountain__botB.bc24,hsmalladi.finalbot,0,g1basics
B,g1basics,0,668,CAPTURE,1,410,306,3,0,0,0,0,43,20,180,140,3,6,643,1036,9,0,25,53,131,119,ATK@600,gauntlet/20261003-002104-scrim-g1basics/losses/hsmalladi.finalbot__Fountain__botB.bc24,hsmalladi.finalbot,1,g1basics
A,g1basics,0,452,CAPTURE,1,319,282,6,0,0,0,0,40,20,283,123,3,18,879,1178,10,0,28,33,115,120,,gauntlet/20261003-002104-scrim-g1basics/losses/jmerle.camel_case_v21_final__Fountain__botA.bc24,jmerle.camel_case_v21_final,1,g1basics
B,camel_case_v21_final,1,452,CAPTURE,3,340,278,6,0,0,0,0,25,0,2950,10,0,0,1266,508,0,0,38,43,120,115,,gauntlet/20261003-002104-scrim-g1basics/losses/jmerle.camel_case_v21_final__Fountain__botA.bc24,jmerle.camel_case_v21_final,0,g1basics
A,g1basics,0,522,CAPTURE,0,-1,0,0,0,0,0,0,0,58,220,240,11,17,696,929,21,0,57,69,131,188,,gauntlet/20261003-002104-scrim-g1basics/losses/jmerle.camel_case_v21_final__Canals__botA.bc24,jmerle.camel_case_v21_final,1,g1basics
B,camel_case_v21_final,1,522,CAPTURE,3,335,301,8,0,0,0,0,0,0,7000,3020,0,0,1460,406,0,0,124,147,188,131,,gauntlet/20261003-002104-scrim-g1basics/losses/jmerle.camel_case_v21_final__Canals__botA.bc24,jmerle.camel_case_v21_final,0,g1basics
A,g1basics,0,1703,CAPTURE,0,-1,220,4,0,0,0,0,90,7,120,165,1,1,812,882,16,0,77,246,556,801,ATK@600+HEAL@1200,gauntlet/20261003-002104-scrim-g1basics/losses/NotLLeon.v3__Backslash__botA.bc24,NotLLeon.v3,1,g1basics
B,v3,1,1703,CAPTURE,3,325,247,36,9,0,0,0,133,0,2010,8710,0,1,1004,955,0,0,129,466,801,556,ATK@600+HEAL@1200,gauntlet/20261003-002104-scrim-g1basics/losses/NotLLeon.v3__Backslash__botA.bc24,NotLLeon.v3,0,g1basics
A,g1basics,0,783,CAPTURE,0,-1,406,2,0,0,0,0,0,61,165,150,10,2,797,1304,19,0,58,86,83,266,ATK@600,gauntlet/20261003-002104-scrim-g1basics/losses/Strequals.duck0127v5__Canals__botA.bc24,Strequals.duck0127v5,1,g1basics
B,duck0127v5,1,783,CAPTURE,3,306,274,12,0,0,0,90,46,4,4071,3351,18,10,1099,1363,0,3,124,252,266,83,ATK@600,gauntlet/20261003-002104-scrim-g1basics/losses/Strequals.duck0127v5__Canals__botA.bc24,Strequals.duck0127v5,0,g1basics
A,g1basics,0,386,CAPTURE,0,-1,300,2,0,0,0,0,32,50,210,195,8,0,857,1270,15,0,59,53,93,86,,gauntlet/20261003-002104-scrim-g1basics/losses/jmerle.camel_case_v21_final__StackGame__botA.bc24,jmerle.camel_case_v21_final,1,g1basics
B,camel_case_v21_final,1,386,CAPTURE,3,285,230,8,0,0,0,0,30,3,5800,530,0,5,1300,473,0,0,96,93,86,93,,gauntlet/20261003-002104-scrim-g1basics/losses/jmerle.camel_case_v21_final__StackGame__botA.bc24,jmerle.camel_case_v21_final,0,g1basics
A,g1basics,0,669,CAPTURE,0,-1,369,2,0,0,0,0,9,108,685,215,11,15,770,1156,28,0,109,135,215,230,ATK@600,gauntlet/20261003-002104-scrim-g1basics/losses/jmerle.camel_case_v21_final__YearOfTheDragon__botA.bc24,jmerle.camel_case_v21_final,1,g1basics
B,camel_case_v21_final,1,669,CAPTURE,3,358,286,9,0,0,0,0,6,4,12620,4860,0,3,1239,449,0,0,159,226,230,215,ATK@600,gauntlet/20261003-002104-scrim-g1basics/losses/jmerle.camel_case_v21_final__YearOfTheDragon__botA.bc24,jmerle.camel_case_v21_final,0,g1basics
A,jeeryfix3,1,1466,CAPTURE,3,267,221,39,0,0,0,0,159,0,30,300,0,1,1037,589,0,0,13,112,376,1113,ATK@600+CAP@1200,gauntlet/20261003-002104-scrim-g1basics/losses/kyleezz.jeeryfix3__Intercontinental__botB.bc24,kyleezz.jeeryfix3,0,g1basics
B,g1basics,0,1466,CAPTURE,1,1351,408,11,0,0,0,0,76,17,170,50,2,10,1130,1586,8,0,26,161,1113,376,ATK@600+HEAL@1200,gauntlet/20261003-002104-scrim-g1basics/losses/kyleezz.jeeryfix3__Intercontinental__botB.bc24,kyleezz.jeeryfix3,1,g1basics
A,finalBot,1,2000,MORE_FLAG_CAPTURES,2,351,302,8,0,0,0,55,25,0,2674,5103,11,3,977,1025,0,0,157,432,493,510,ATK@600+HEAL@1200+CAP@1800,gauntlet/20261003-002104-scrim-g1basics/losses/CyrilSharma.finalBot__EvilGrin__botB.bc24,CyrilSharma.finalBot,0,g1basics
B,g1basics,0,2000,MORE_FLAG_CAPTURES,1,1796,460,17,0,0,0,0,52,25,155,195,4,17,804,1062,3,0,53,190,510,493,ATK@600+HEAL@1200+CAP@1800,gauntlet/20261003-002104-scrim-g1basics/losses/CyrilSharma.finalBot__EvilGrin__botB.bc24,CyrilSharma.finalBot,1,g1basics
A,Goob_final,1,2000,MORE_FLAG_CAPTURES,2,523,455,4,0,0,0,0,28,0,16060,20600,0,8,1020,954,12,0,113,458,629,1316,ATK@600+HEAL@1200+CAP@1800,gauntlet/20261003-002104-scrim-g1basics/losses/ColtG5.Goob_final__Joker__botB.bc24,ColtG5.Goob_final,0,g1basics
B,g1basics,0,2000,MORE_FLAG_CAPTURES,1,1086,670,2,0,0,0,0,2,106,4990,210,12,8,1232,1458,24,0,186,436,1316,629,ATK@600+HEAL@1200+CAP@1800,gauntlet/20261003-002104-scrim-g1basics/losses/ColtG5.Goob_final__Joker__botB.bc24,ColtG5.Goob_final,1,g1basics
A,v3,1,587,CAPTURE,3,296,233,35,9,0,0,0,23,0,3210,1500,0,8,969,1025,0,0,61,78,110,97,,gauntlet/20261003-002104-scrim-g1basics/losses/NotLLeon.v3__Gated__botB.bc24,NotLLeon.v3,0,g1basics
B,g1basics,0,587,CAPTURE,0,-1,239,6,0,0,0,0,31,27,113,203,4,7,867,1009,8,0,41,40,97,110,,gauntlet/20261003-002104-scrim-g1basics/losses/NotLLeon.v3__Gated__botB.bc24,NotLLeon.v3,1,g1basics
A,g1basics,0,1558,CAPTURE,1,503,459,5,0,0,0,0,30,37,140,185,6,2,1046,1275,12,0,48,190,521,623,ATK@600+HEAL@1200,gauntlet/20261003-002104-scrim-g1basics/losses/CyrilSharma.finalBot__Bunkers__botA.bc24,CyrilSharma.finalBot,1,g1basics
B,finalBot,1,1558,CAPTURE,3,281,237,24,0,0,0,60,5,4,3654,354,12,8,1225,1124,0,0,127,534,623,521,ATK@600+HEAL@1200,gauntlet/20261003-002104-scrim-g1basics/losses/CyrilSharma.finalBot__Bunkers__botA.bc24,CyrilSharma.finalBot,0,g1basics
A,flagbot_final,1,715,CAPTURE,3,285,230,10,0,3,27,90,83,0,422,15497,18,14,1228,1385,0,0,254,344,321,36,ATK@600,gauntlet/20261003-002104-scrim-g1basics/losses/chenyx512.flagbot_final__AceOfSpades__botB.bc24,chenyx512.flagbot_final,0,g1basics
B,g1basics,0,715,CAPTURE,0,-1,231,3,0,0,0,0,11,32,185,235,6,11,779,1144,12,0,43,70,36,321,ATK@600,gauntlet/20261003-002104-scrim-g1basics/losses/chenyx512.flagbot_final__AceOfSpades__botB.bc24,chenyx512.flagbot_final,1,g1basics
A,finalBot,1,1275,CAPTURE,3,563,342,25,0,0,0,57,17,1,1818,270,11,3,810,1182,0,0,59,207,164,137,ATK@600+HEAL@1200,gauntlet/20261003-002104-scrim-g1basics/losses/CyrilSharma.finalBot__Decision__botB.bc24,CyrilSharma.finalBot,0,g1basics
B,g1basics,0,1275,CAPTURE,0,-1,632,7,0,0,0,0,73,18,180,180,2,4,825,1140,2,0,35,81,137,164,ATK@600+HEAL@1200,gauntlet/20261003-002104-scrim-g1basics/losses/CyrilSharma.finalBot__Decision__botB.bc24,CyrilSharma.finalBot,1,g1basics
A,g1basics,0,580,CAPTURE,1,384,314,8,0,0,0,0,33,20,155,140,3,18,1069,1387,3,0,42,39,79,52,,gauntlet/20261003-002104-scrim-g1basics/losses/Gymhgy.v10official__Asteroids__botA.bc24,Gymhgy.v10official,1,g1basics
B,v10official,1,580,CAPTURE,3,392,329,45,31,3,12,83,34,2,709,299,16,0,868,1472,11,2,67,81,52,79,,gauntlet/20261003-002104-scrim-g1basics/losses/Gymhgy.v10official__Asteroids__botA.bc24,Gymhgy.v10official,0,g1basics
A,waffle,1,836,CAPTURE,3,354,252,40,0,0,0,0,13,16,3410,780,0,4,1064,1192,0,0,77,138,189,333,ATK@600,gauntlet/20261003-002104-scrim-g1basics/losses/winkelmantanner.waffle__Soccer__botB.bc24,winkelmantanner.waffle,0,g1basics
B,g1basics,0,836,CAPTURE,2,454,392,8,0,0,0,0,19,40,170,175,7,1,1070,1238,14,0,54,147,333,189,ATK@600,gauntlet/20261003-002104-scrim-g1basics/losses/winkelmantanner.waffle__Soccer__botB.bc24,winkelmantanner.waffle,1,g1basics
A,g1basics,0,1025,CAPTURE,2,427,272,20,0,0,0,0,72,21,30,135,4,4,696,1154,15,0,27,67,125,175,ATK@600,gauntlet/20261003-002104-scrim-g1basics/losses/Strequals.duck0127v5__MazeRunner__botA.bc24,Strequals.duck0127v5,1,g1basics
B,duck0127v5,1,1025,CAPTURE,3,679,619,10,0,0,0,90,80,3,1561,3675,18,5,814,1065,0,3,31,143,175,125,ATK@600,gauntlet/20261003-002104-scrim-g1basics/losses/Strequals.duck0127v5__MazeRunner__botA.bc24,Strequals.duck0127v5,0,g1basics
A,g1basics,0,2000,MORE_FLAG_CAPTURES,0,-1,0,0,0,0,0,0,0,37,210,40,6,13,840,1343,7,0,41,269,496,721,ATK@600+HEAL@1200+CAP@1800,gauntlet/20261003-002104-scrim-g1basics/losses/andli28.v9_USQuals_angle__Valentine__botA.bc24,andli28.v9_USQuals_angle,1,g1basics
B,v9_USQuals_angle,1,2000,MORE_FLAG_CAPTURES,1,402,317,30,0,0,0,90,0,6,2445,5455,18,3,1029,1082,13,3,87,489,721,496,ATK@600+HEAL@1200+CAP@1800,gauntlet/20261003-002104-scrim-g1basics/losses/andli28.v9_USQuals_angle__Valentine__botA.bc24,andli28.v9_USQuals_angle,0,g1basics
A,g1basics,0,2000,MORE_FLAG_CAPTURES,0,-1,337,2,0,0,0,0,35,47,160,165,8,16,1003,1401,19,0,50,228,1074,1094,ATK@600+HEAL@1200+CAP@1800,gauntlet/20261003-002104-scrim-g1basics/losses/andrewgopher.player22__Mountain__botA.bc24,andrewgopher.player22,1,g1basics
B,player22,1,2000,MORE_FLAG_CAPTURES,2,391,368,14,0,3,0,0,39,0,5330,6170,0,5,1153,935,7,0,53,435,1094,1074,ATK@600+HEAL@1200+CAP@1800,gauntlet/20261003-002104-scrim-g1basics/losses/andrewgopher.player22__Mountain__botA.bc24,andrewgopher.player22,0,g1basics
A,g1basics,0,1033,CAPTURE,0,-1,443,1,0,0,0,0,37,32,135,125,5,20,924,1481,14,0,41,92,463,350,ATK@600,gauntlet/20261003-002104-scrim-g1basics/losses/andrewgopher.player22__ORV__botA.bc24,andrewgopher.player22,1,g1basics
B,player22,1,1033,CAPTURE,3,335,271,11,0,3,0,0,58,0,3860,3090,0,4,1300,457,11,0,93,180,350,463,ATK@600,gauntlet/20261003-002104-scrim-g1basics/losses/andrewgopher.player22__ORV__botA.bc24,andrewgopher.player22,0,g1basics
A,g1basics,0,701,CAPTURE,0,-1,230,16,0,0,0,0,69,38,165,195,6,18,840,1237,11,0,49,80,36,174,ATK@600,gauntlet/20261003-002104-scrim-g1basics/losses/chenyx512.flagbot_final__Swoop__botA.bc24,chenyx512.flagbot_final,1,g1basics
B,flagbot_final,1,701,CAPTURE,3,522,236,17,0,3,36,90,167,0,371,41,18,18,1109,1538,0,0,51,141,174,36,ATK@600,gauntlet/20261003-002104-scrim-g1basics/losses/chenyx512.flagbot_final__Swoop__botA.bc24,chenyx512.flagbot_final,0,g1basics
A,v9_USQuals_angle,1,2000,LEVEL_SUM,1,504,305,27,0,0,0,72,53,4,11605,26489,15,20,888,1204,8,2,77,672,714,388,ATK@600+HEAL@1200+CAP@1800,gauntlet/20261003-002104-scrim-g1basics/losses/andli28.v9_USQuals_angle__Battlecode24__botB.bc24,andli28.v9_USQuals_angle,0,g1basics
B,g1basics,0,2000,LEVEL_SUM,1,1460,433,8,0,0,0,0,79,93,1974,244,12,9,905,1267,25,0,127,337,388,714,ATK@600+HEAL@1200+CAP@1800,gauntlet/20261003-002104-scrim-g1basics/losses/andli28.v9_USQuals_angle__Battlecode24__botB.bc24,andli28.v9_USQuals_angle,1,g1basics
A,flagbot_final,1,733,CAPTURE,3,476,447,11,0,3,56,90,264,5,14528,12618,18,2,1071,1628,0,0,206,298,196,56,ATK@600,gauntlet/20261003-002104-scrim-g1basics/losses/chenyx512.flagbot_final__Skyline__botB.bc24,chenyx512.flagbot_final,0,g1basics
B,g1basics,0,733,CAPTURE,2,243,211,5,0,0,0,0,99,104,8980,230,9,6,924,1211,24,0,189,230,56,196,ATK@600,gauntlet/20261003-002104-scrim-g1basics/losses/chenyx512.flagbot_final__Skyline__botB.bc24,chenyx512.flagbot_final,1,g1basics
A,g1basics,0,386,CAPTURE,1,259,225,1,0,0,0,0,42,30,125,235,5,15,1233,1431,6,0,48,50,107,50,,gauntlet/20261003-002104-scrim-g1basics/losses/ColtG5.Goob_final__Ambush__botA.bc24,ColtG5.Goob_final,1,g1basics
B,Goob_final,1,386,CAPTURE,3,246,216,10,0,0,0,0,50,0,3200,35,0,11,1153,912,6,0,79,67,50,107,,gauntlet/20261003-002104-scrim-g1basics/losses/ColtG5.Goob_final__Ambush__botA.bc24,ColtG5.Goob_final,0,g1basics
A,v9_USQuals_angle,1,1362,CAPTURE,3,667,486,48,0,0,0,87,1,6,15105,22705,18,7,984,1218,18,4,93,573,617,346,ATK@600+HEAL@1200,gauntlet/20261003-002104-scrim-g1basics/losses/andli28.v9_USQuals_angle__Joker__botB.bc24,andli28.v9_USQuals_angle,0,g1basics
B,g1basics,0,1362,CAPTURE,1,694,228,26,0,0,0,0,2,113,4295,275,12,8,1014,1283,24,0,191,359,346,617,ATK@600+HEAL@1200,gauntlet/20261003-002104-scrim-g1basics/losses/andli28.v9_USQuals_angle__Joker__botB.bc24,andli28.v9_USQuals_angle,1,g1basics
A,flagbot_final,1,2000,MORE_FLAG_CAPTURES,1,1851,1780,7,0,3,23,90,111,2,45,885,18,4,684,1199,0,0,33,389,502,395,ATK@600+HEAL@1200+CAP@1800,gauntlet/20261003-002104-scrim-g1basics/losses/chenyx512.flagbot_final__Tunnels__botB.bc24,chenyx512.flagbot_final,0,g1basics
B,g1basics,0,2000,MORE_FLAG_CAPTURES,0,-1,0,0,0,0,0,0,62,24,185,170,4,21,753,1221,7,0,43,174,395,502,ATK@600+HEAL@1200+CAP@1800,gauntlet/20261003-002104-scrim-g1basics/losses/chenyx512.flagbot_final__Tunnels__botB.bc24,chenyx512.flagbot_final,1,g1basics
A,player22,1,1642,CAPTURE,3,318,292,27,0,3,0,0,26,0,2320,10,0,2,1348,903,0,0,69,456,1260,715,ATK@600+HEAL@1200,gauntlet/20261003-002104-scrim-g1basics/losses/andrewgopher.player22__Digging__botB.bc24,andrewgopher.player22,0,g1basics
B,g1basics,0,1642,CAPTURE,0,-1,560,1,0,0,0,0,15,23,150,120,3,2,1074,1653,7,0,46,185,715,1260,ATK@600+HEAL@1200,gauntlet/20261003-002104-scrim-g1basics/losses/andrewgopher.player22__Digging__botB.bc24,andrewgopher.player22,1,g1basics
A,v3,1,2000,MORE_FLAG_CAPTURES,2,600,318,64,7,0,0,0,251,0,2470,2250,0,8,751,754,0,0,38,225,557,829,ATK@600+HEAL@1200+CAP@1800,gauntlet/20261003-002104-scrim-g1basics/losses/NotLLeon.v3__Waterworld__botB.bc24,NotLLeon.v3,0,g1basics
B,g1basics,0,2000,MORE_FLAG_CAPTURES,1,806,561,13,0,0,0,0,271,63,515,45,11,3,866,1039,24,0,74,366,829,557,ATK@600+HEAL@1200+CAP@1800,gauntlet/20261003-002104-scrim-g1basics/losses/NotLLeon.v3__Waterworld__botB.bc24,NotLLeon.v3,1,g1basics
A,g1basics,0,514,CAPTURE,1,293,251,2,0,0,0,0,64,38,165,170,6,6,820,1188,12,0,52,47,50,125,,gauntlet/20261003-002104-scrim-g1basics/losses/IvanGeffner.kuma__Swoop__botA.bc24,IvanGeffner.kuma,1,g1basics
B,kuma,1,514,CAPTURE,3,309,239,18,11,0,0,90,69,3,2925,1775,18,2,1171,1192,2,0,111,108,125,50,,gauntlet/20261003-002104-scrim-g1basics/losses/IvanGeffner.kuma__Swoop__botA.bc24,IvanGeffner.kuma,0,g1basics
A,v3,1,406,CAPTURE,3,298,255,22,6,0,0,0,9,0,2130,2120,0,11,1020,1092,0,0,80,77,55,39,,gauntlet/20261003-002104-scrim-g1basics/losses/NotLLeon.v3__Pancakes__botB.bc24,NotLLeon.v3,0,g1basics
B,g1basics,0,406,CAPTURE,1,286,231,12,0,0,0,0,16,18,130,180,2,4,846,1186,14,0,59,32,39,55,,gauntlet/20261003-002104-scrim-g1basics/losses/NotLLeon.v3__Pancakes__botB.bc24,NotLLeon.v3,1,g1basics
A,g1basics,0,537,CAPTURE,0,-1,317,2,0,0,0,0,70,94,2094,264,12,23,742,1021,25,0,153,175,138,139,,gauntlet/20261003-002104-scrim-g1basics/losses/jmerle.camel_case_v21_final__Battlecode24__botA.bc24,jmerle.camel_case_v21_final,1,g1basics
B,camel_case_v21_final,1,537,CAPTURE,3,387,356,8,0,0,0,0,88,0,9360,13460,0,3,1088,440,0,0,246,286,139,138,,gauntlet/20261003-002104-scrim-g1basics/losses/jmerle.camel_case_v21_final__Battlecode24__botA.bc24,jmerle.camel_case_v21_final,0,g1basics
A,g1basics,0,563,CAPTURE,0,-1,231,16,0,0,0,0,162,18,170,35,2,6,756,1071,15,0,93,102,50,83,,gauntlet/20261003-002104-scrim-g1basics/losses/Gymhgy.v10official__Backslash__botA.bc24,Gymhgy.v10official,1,g1basics
B,v10official,1,563,CAPTURE,3,285,244,26,20,3,37,59,107,3,2597,9260,11,0,727,1098,71,3,68,111,83,50,,gauntlet/20261003-002104-scrim-g1basics/losses/Gymhgy.v10official__Backslash__botA.bc24,Gymhgy.v10official,0,g1basics
A,v10official,1,2000,MORE_FLAG_CAPTURES,2,293,281,26,14,3,39,52,154,2,4531,1268,10,0,948,1604,0,2,54,235,398,512,ATK@600+HEAL@1200+CAP@1800,gauntlet/20261003-002104-scrim-g1basics/losses/Gymhgy.v10official__Klein__botB.bc24,Gymhgy.v10official,0,g1basics
B,g1basics,0,2000,MORE_FLAG_CAPTURES,0,-1,396,33,0,0,0,0,86,46,185,165,8,2,1044,1506,17,0,42,312,512,398,ATK@600+HEAL@1200+CAP@1800,gauntlet/20261003-002104-scrim-g1basics/losses/Gymhgy.v10official__Klein__botB.bc24,Gymhgy.v10official,1,g1basics
A,TSPAARKSPRINT1,0,1345,CAPTURE,2,740,261,46,0,3,41,0,174,2,10080,18560,0,2,408,828,21,28,7,192,196,434,ATK@600+CAP@1200,gauntlet/20261003-002104-scrim-g1basics/replays/SampleProvider.TSPAARKSPRINT1__Snake__botB.bc24,SampleProvider.TSPAARKSPRINT1,0,g1basics
B,g1basics,1,1345,CAPTURE,3,429,243,49,0,0,0,0,182,83,653,20,12,10,870,826,24,0,243,386,434,196,ATK@600+HEAL@1200,gauntlet/20261003-002104-scrim-g1basics/replays/SampleProvider.TSPAARKSPRINT1__Snake__botB.bc24,SampleProvider.TSPAARKSPRINT1,1,g1basics
A,g1basics,1,1843,CAPTURE,3,1637,1459,11,0,0,0,0,45,24,165,180,4,24,1274,1660,11,0,47,292,1479,469,ATK@600+HEAL@1200+CAP@1800,gauntlet/20261003-002104-scrim-g1basics/replays/ColtG5.Goob_final__EvilGrin__botA.bc24,ColtG5.Goob_final,1,g1basics
B,Goob_final,0,1843,CAPTURE,0,-1,336,5,0,0,0,0,54,0,2780,60,0,5,1183,1046,12,0,66,236,469,1479,ATK@600+HEAL@1200+CAP@1800,gauntlet/20261003-002104-scrim-g1basics/replays/ColtG5.Goob_final__EvilGrin__botA.bc24,ColtG5.Goob_final,0,g1basics
A,g1basics,1,686,CAPTURE,3,416,273,6,0,0,0,0,73,95,1925,225,12,5,1053,427,24,0,202,120,227,21,ATK@600,gauntlet/20261003-002104-scrim-g1basics/replays/dmtrung14.defaultplayer_intlqualifier__Battlecode24__botA.bc24,dmtrung14.defaultplayer_intlqualifier,1,g1basics
B,defaultplayer_intlqualifier,0,686,CAPTURE,0,-1,276,5,0,3,19,0,121,17,7070,10110,0,2,275,683,5,33,25,67,21,227,ATK@600,gauntlet/20261003-002104-scrim-g1basics/replays/dmtrung14.defaultplayer_intlqualifier__Battlecode24__botA.bc24,dmtrung14.defaultplayer_intlqualifier,0,g1basics
A,defaultplayer_intlqualifier,0,1239,CAPTURE,1,294,237,22,16,3,16,0,35,9,1450,850,0,3,409,943,6,29,10,120,75,543,ATK@600+HEAL@1200,gauntlet/20261003-002104-scrim-g1basics/replays/dmtrung14.defaultplayer_intlqualifier__KingQuacksCastle__botB.bc24,dmtrung14.defaultplayer_intlqualifier,0,g1basics
B,g1basics,1,1239,CAPTURE,3,837,240,15,0,0,0,0,30,28,135,200,5,2,1150,638,10,0,40,48,543,75,ATK@600+HEAL@1200,gauntlet/20261003-002104-scrim-g1basics/replays/dmtrung14.defaultplayer_intlqualifier__KingQuacksCastle__botB.bc24,dmtrung14.defaultplayer_intlqualifier,1,g1basics
A,duck8,0,577,CAPTURE,1,396,316,10,0,0,0,0,2,23,20,30,2,10,838,706,1,0,97,97,45,155,,gauntlet/20261003-002104-scrim-g1basics/replays/clbarrell.duck8__Pancakes__botB.bc24,clbarrell.duck8,0,g1basics
B,g1basics,1,577,CAPTURE,3,351,276,8,0,0,0,0,14,18,190,190,2,7,1058,1138,9,0,61,26,155,45,,gauntlet/20261003-002104-scrim-g1basics/replays/clbarrell.duck8__Pancakes__botB.bc24,clbarrell.duck8,1,g1basics
A,ExplosiveBot,0,1290,CAPTURE,0,-1,313,2,0,0,0,0,85,12,150,90,0,17,886,676,24,0,14,103,179,867,ATK@600+HEAL@1200,gauntlet/20261003-002104-scrim-g1basics/replays/awu7.ExplosiveBot__DefaultLarge__botB.bc24,awu7.ExplosiveBot,0,g1basics
B,g1basics,1,1290,CAPTURE,3,859,375,24,0,0,0,0,36,26,150,135,4,6,1155,1330,5,0,67,301,867,179,ATK@600+HEAL@1200,gauntlet/20261003-002104-scrim-g1basics/replays/awu7.ExplosiveBot__DefaultLarge__botB.bc24,awu7.ExplosiveBot,1,g1basics
A,cretplayer2_3,0,761,CAPTURE,1,426,283,36,0,3,15,0,279,0,7930,960,0,4,660,585,0,4,76,91,112,221,ATK@600,gauntlet/20261003-002104-scrim-g1basics/replays/quesswho.cretplayer2_3__Waterworld__botB.bc24,quesswho.cretplayer2_3,0,g1basics
B,g1basics,1,761,CAPTURE,3,441,347,7,0,0,0,0,202,61,36,196,11,19,792,901,24,0,62,79,221,112,ATK@600,gauntlet/20261003-002104-scrim-g1basics/replays/quesswho.cretplayer2_3__Waterworld__botB.bc24,quesswho.cretplayer2_3,1,g1basics
A,g1basics,1,742,CAPTURE,3,401,270,15,0,0,0,0,38,31,180,20,5,8,915,556,10,0,30,23,286,38,ATK@600,gauntlet/20261003-002104-scrim-g1basics/replays/dmtrung14.defaultplayer_intlqualifier__BreadPudding__botA.bc24,dmtrung14.defaultplayer_intlqualifier,1,g1basics
B,defaultplayer_intlqualifier,0,742,CAPTURE,1,432,242,18,10,3,14,0,51,13,1570,1100,0,2,320,616,6,13,10,57,38,286,ATK@600,gauntlet/20261003-002104-scrim-g1basics/replays/dmtrung14.defaultplayer_intlqualifier__BreadPudding__botA.bc24,dmtrung14.defaultplayer_intlqualifier,0,g1basics
A,bling3,0,954,CAPTURE,0,-1,0,0,0,0,0,0,236,0,20,3000,0,18,633,1136,36,0,5,63,99,632,ATK@600,gauntlet/20261003-002104-scrim-g1basics/replays/jonters.bling3__Backslash__botB.bc24,jonters.bling3,0,g1basics
B,g1basics,1,954,CAPTURE,3,278,218,20,0,0,0,0,166,16,170,155,2,7,1249,1560,25,0,141,305,632,99,ATK@600,gauntlet/20261003-002104-scrim-g1basics/replays/jonters.bling3__Backslash__botB.bc24,jonters.bling3,1,g1basics
A,bling3,0,1850,CAPTURE,0,-1,283,4,0,0,0,0,242,0,8240,11950,0,0,440,551,71,0,9,182,297,1228,ATK@600+HEAL@1200+CAP@1800,gauntlet/20261003-002104-scrim-g1basics/replays/jonters.bling3__Snake__botB.bc24,jonters.bling3,0,g1basics
B,g1basics,1,1850,CAPTURE,3,288,221,45,0,0,0,0,198,78,705,315,12,4,656,823,25,0,315,734,1228,297,ATK@600+HEAL@1200+CAP@1800,gauntlet/20261003-002104-scrim-g1basics/replays/jonters.bling3__Snake__botB.bc24,jonters.bling3,1,g1basics
A,finalBot,0,2000,LEVEL_SUM,2,983,462,10,0,0,0,14,35,0,1076,14,2,8,859,1195,0,0,13,282,544,823,ATK@600+HEAL@1200+CAP@1800,gauntlet/20261003-002104-scrim-g1basics/replays/CyrilSharma.finalBot__Racetrack__botB.bc24,CyrilSharma.finalBot,0,g1basics
B,g1basics,1,2000,LEVEL_SUM,2,732,591,7,0,0,0,0,60,4,100,110,0,3,1205,1444,1,0,20,172,823,544,ATK@600+HEAL@1200+CAP@1800,gauntlet/20261003-002104-scrim-g1basics/replays/CyrilSharma.finalBot__Racetrack__botB.bc24,CyrilSharma.finalBot,1,g1basics
A,g1basics,1,1010,CAPTURE,3,356,251,47,0,0,0,0,235,72,705,45,11,2,1012,904,24,0,111,237,354,86,ATK@600,gauntlet/20261003-002104-scrim-g1basics/replays/SampleProvider.TSPAARKSPRINT1__Waterworld__botA.bc24,SampleProvider.TSPAARKSPRINT1,1,g1basics
B,TSPAARKSPRINT1,0,1010,CAPTURE,0,-1,300,22,0,3,0,0,492,4,1140,30,0,12,519,1572,6,11,1,28,86,354,ATK@600,gauntlet/20261003-002104-scrim-g1basics/replays/SampleProvider.TSPAARKSPRINT1__Waterworld__botA.bc24,SampleProvider.TSPAARKSPRINT1,0,g1basics
A,waffle,0,2000,LEVEL_SUM,2,722,231,35,0,0,0,0,10,32,1100,1080,0,4,986,926,0,0,81,245,348,949,ATK@600+HEAL@1200+CAP@1800,gauntlet/20261003-002104-scrim-g1basics/replays/winkelmantanner.waffle__Funnel__botB.bc24,winkelmantanner.waffle,0,g1basics
B,g1basics,1,2000,LEVEL_SUM,2,984,534,7,0,0,0,0,31,32,110,150,6,9,1046,1218,11,0,59,371,949,348,ATK@600+HEAL@1200+CAP@1800,gauntlet/20261003-002104-scrim-g1basics/replays/winkelmantanner.waffle__Funnel__botB.bc24,winkelmantanner.waffle,1,g1basics
A,g1basics,1,572,CAPTURE,3,320,236,15,0,0,0,0,43,20,170,130,3,6,1561,448,16,0,36,57,358,15,,gauntlet/20261003-002104-scrim-g1basics/replays/justinottesen.sprint1__Fountain__botA.bc24,justinottesen.sprint1,1,g1basics
B,sprint1,0,572,CAPTURE,0,-1,0,0,0,0,0,0,60,0,1900,20,0,3,240,917,8,0,0,12,15,358,,gauntlet/20261003-002104-scrim-g1basics/replays/justinottesen.sprint1__Fountain__botA.bc24,justinottesen.sprint1,0,g1basics
A,defaultplayer_intlqualifier,0,2000,MORE_FLAG_CAPTURES,0,-1,774,10,0,3,15,0,35,23,3550,3690,0,2,330,516,6,14,15,104,52,709,ATK@600+HEAL@1200+CAP@1800,gauntlet/20261003-002104-scrim-g1basics/replays/dmtrung14.defaultplayer_intlqualifier__Diagonal__botB.bc24,dmtrung14.defaultplayer_intlqualifier,0,g1basics
B,g1basics,1,2000,MORE_FLAG_CAPTURES,1,348,264,21,0,0,0,0,24,53,190,95,9,5,626,447,21,0,42,279,709,52,ATK@600+HEAL@1200+CAP@1800,gauntlet/20261003-002104-scrim-g1basics/replays/dmtrung14.defaultplayer_intlqualifier__Diagonal__botB.bc24,dmtrung14.defaultplayer_intlqualifier,1,g1basics
A,g1basics,1,550,CAPTURE,3,263,223,14,0,0,0,0,26,39,120,195,6,2,1362,1593,10,0,66,70,169,61,,gauntlet/20261003-002104-scrim-g1basics/replays/jonters.bling3__Bunkers__botA.bc24,jonters.bling3,1,g1basics
B,bling3,0,550,CAPTURE,2,303,264,8,0,0,0,0,66,16,20,30,0,27,857,1638,24,0,3,25,61,169,,gauntlet/20261003-002104-scrim-g1basics/replays/jonters.bling3__Bunkers__botA.bc24,jonters.bling3,0,g1basics
A,g1basics,1,2000,LEVEL_SUM,0,-1,0,0,0,0,0,0,71,22,135,205,3,5,505,868,15,0,47,208,427,501,ATK@600+HEAL@1200+CAP@1800,gauntlet/20261003-002104-scrim-g1basics/replays/IvanGeffner.kuma__EndAround__botA.bc24,IvanGeffner.kuma,1,g1basics
B,kuma,0,2000,LEVEL_SUM,0,-1,304,7,0,0,0,90,59,0,1744,1944,18,13,697,655,13,0,90,531,501,427,ATK@600+HEAL@1200+CAP@1800,gauntlet/20261003-002104-scrim-g1basics/replays/IvanGeffner.kuma__EndAround__botA.bc24,IvanGeffner.kuma,0,g1basics
A,ExplosiveBot,0,813,CAPTURE,0,-1,795,1,0,0,0,0,0,13,2800,10,0,3,152,131,16,0,6,22,47,206,ATK@600,gauntlet/20261003-002104-scrim-g1basics/replays/awu7.ExplosiveBot__BedWars__botB.bc24,awu7.ExplosiveBot,0,g1basics
B,g1basics,1,813,CAPTURE,3,431,399,5,0,0,0,0,0,43,190,30,7,6,183,265,7,0,37,35,206,47,ATK@600,gauntlet/20261003-002104-scrim-g1basics/replays/awu7.ExplosiveBot__BedWars__botB.bc24,awu7.ExplosiveBot,1,g1basics
A,sprint1,0,509,CAPTURE,0,-1,0,0,0,0,0,0,51,25,470,140,0,8,300,1391,37,0,0,41,42,307,,gauntlet/20261003-002104-scrim-g1basics/replays/justinottesen.sprint1__StackGame__botB.bc24,justinottesen.sprint1,0,g1basics
B,g1basics,1,509,CAPTURE,3,332,288,20,0,0,0,0,34,50,135,155,9,4,1937,925,21,0,68,59,307,42,,gauntlet/20261003-002104-scrim-g1basics/replays/justinottesen.sprint1__StackGame__botB.bc24,justinottesen.sprint1,1,g1basics
A,duck8,0,1749,CAPTURE,1,473,264,13,0,0,0,0,4,22,20,29493,3,6,1013,1026,1,0,160,411,446,1151,ATK@750+HEAL@1500,gauntlet/20261003-002104-scrim-g1basics/replays/clbarrell.duck8__GaltonBoard__botB.bc24,clbarrell.duck8,0,g1basics
B,g1basics,1,1749,CAPTURE,3,1491,260,17,0,0,0,0,11,19,160,145,3,26,1250,1348,10,0,36,226,1151,446,ATK@600+HEAL@1200,gauntlet/20261003-002104-scrim-g1basics/replays/clbarrell.duck8__GaltonBoard__botB.bc24,clbarrell.duck8,1,g1basics
A,g1basics,1,1447,CAPTURE,3,919,314,42,0,0,0,0,94,36,165,35,7,5,896,1001,20,0,73,347,924,253,ATK@600+HEAL@1200,gauntlet/20261003-002104-scrim-g1basics/replays/quesswho.cretplayer2_3__BigDucksBigPond__botA.bc24,quesswho.cretplayer2_3,1,g1basics
B,cretplayer2_3,0,1447,CAPTURE,1,432,243,23,0,3,39,0,55,0,5850,920,0,3,700,751,0,5,57,135,253,924,ATK@600+HEAL@1200,gauntlet/20261003-002104-scrim-g1basics/replays/quesswho.cretplayer2_3__BigDucksBigPond__botA.bc24,quesswho.cretplayer2_3,0,g1basics
A,g1basics,1,2000,LEVEL_SUM,0,-1,233,90,0,0,0,0,23,57,246,286,10,21,505,985,24,0,54,271,535,406,ATK@600+HEAL@1200+CAP@1800,gauntlet/20261003-002104-scrim-g1basics/replays/andrewgopher.player22__Diagonal__botA.bc24,andrewgopher.player22,1,g1basics
B,player22,0,2000,LEVEL_SUM,0,-1,0,3,0,3,0,0,39,0,6330,2080,0,2,665,374,24,0,41,215,406,535,ATK@600+HEAL@1200+CAP@1800,gauntlet/20261003-002104-scrim-g1basics/replays/andrewgopher.player22__Diagonal__botA.bc24,andrewgopher.player22,0,g1basics
A,bling3,0,785,CAPTURE,0,-1,276,5,0,0,0,0,89,13,30,20,0,0,740,1389,13,0,5,34,70,280,ATK@600,gauntlet/20261003-002104-scrim-g1basics/replays/jonters.bling3__Duck__botB.bc24,jonters.bling3,0,g1basics
B,g1basics,1,785,CAPTURE,3,329,233,13,0,0,0,0,33,37,135,180,6,4,1059,1215,8,0,65,102,280,70,ATK@600,gauntlet/20261003-002104-scrim-g1basics/replays/jonters.bling3__Duck__botB.bc24,jonters.bling3,1,g1basics
A,ExplosiveBot,0,1534,CAPTURE,0,-1,229,27,1,0,0,0,6,3,5320,6710,0,6,711,470,23,0,6,144,274,1184,ATK@600+HEAL@1200,gauntlet/20261003-002104-scrim-g1basics/replays/awu7.ExplosiveBot__Randy__botB.bc24,awu7.ExplosiveBot,0,g1basics
B,g1basics,1,1534,CAPTURE,3,394,234,23,0,0,0,0,6,49,150,290,8,18,1169,1332,18,0,69,367,1184,274,ATK@600+HEAL@1200,gauntlet/20261003-002104-scrim-g1basics/replays/awu7.ExplosiveBot__Randy__botB.bc24,awu7.ExplosiveBot,1,g1basics
A,g1basics,1,1315,CAPTURE,3,452,269,27,0,0,0,0,40,23,120,155,3,3,1049,1124,5,0,60,295,852,148,ATK@600+HEAL@1200,gauntlet/20261003-002104-scrim-g1basics/replays/awu7.ExplosiveBot__OceanFloor__botA.bc24,awu7.ExplosiveBot,1,g1basics
B,ExplosiveBot,0,1315,CAPTURE,2,744,224,38,19,0,0,0,89,9,230,30,0,7,767,620,3,0,21,76,148,852,ATK@600+HEAL@1200,gauntlet/20261003-002104-scrim-g1basics/replays/awu7.ExplosiveBot__OceanFloor__botA.bc24,awu7.ExplosiveBot,0,g1basics
A,Goob_final,0,1560,CAPTURE,2,272,226,21,0,0,0,0,69,0,4630,70,0,8,1043,739,3,0,66,213,482,1102,ATK@600+HEAL@1200,gauntlet/20261003-002104-scrim-g1basics/replays/ColtG5.Goob_final__Swoop__botB.bc24,ColtG5.Goob_final,0,g1basics
B,g1basics,1,1560,CAPTURE,3,412,323,6,0,0,0,0,52,41,185,185,7,14,1127,1300,13,0,70,371,1102,482,ATK@600+HEAL@1200,gauntlet/20261003-002104-scrim-g1basics/replays/ColtG5.Goob_final__Swoop__botB.bc24,ColtG5.Goob_final,1,g1basics
A,jeeryfix3,0,2000,LEVEL_SUM,2,242,227,21,0,0,0,0,263,0,810,730,0,10,869,1145,0,0,35,211,453,1449,ATK@600+CAP@1200+HEAL@1800,gauntlet/20261003-002104-scrim-g1basics/replays/kyleezz.jeeryfix3__Klein__botB.bc24,kyleezz.jeeryfix3,0,g1basics
B,g1basics,1,2000,LEVEL_SUM,2,1348,1003,8,0,0,0,0,89,48,175,255,9,1,1157,1352,17,0,47,446,1449,453,ATK@600+HEAL@1200+CAP@1800,gauntlet/20261003-002104-scrim-g1basics/replays/kyleezz.jeeryfix3__Klein__botB.bc24,kyleezz.jeeryfix3,1,g1basics
A,Goob_final,0,1840,CAPTURE,2,337,289,3,0,0,0,0,48,0,8160,13240,0,4,1051,901,12,0,135,447,579,1150,ATK@600+HEAL@1200+CAP@1800,gauntlet/20261003-002104-scrim-g1basics/replays/ColtG5.Goob_final__SteamboatMickey__botB.bc24,ColtG5.Goob_final,0,g1basics
B,g1basics,1,1840,CAPTURE,3,1094,401,8,0,0,0,0,7,75,615,235,11,4,1010,980,24,0,83,401,1150,579,ATK@600+HEAL@1200+CAP@1800,gauntlet/20261003-002104-scrim-g1basics/replays/ColtG5.Goob_final__SteamboatMickey__botB.bc24,ColtG5.Goob_final,1,g1basics
A,g1basics,1,635,CAPTURE,3,494,325,8,0,0,0,0,0,42,145,45,8,13,264,342,9,0,33,12,123,26,ATK@600,gauntlet/20261003-002104-scrim-g1basics/replays/awu7.ExplosiveBot__BedWars__botA.bc24,awu7.ExplosiveBot,1,g1basics
B,ExplosiveBot,0,635,CAPTURE,0,-1,0,0,0,0,0,0,0,11,2600,10,0,1,229,257,19,0,0,11,26,123,ATK@600,gauntlet/20261003-002104-scrim-g1basics/replays/awu7.ExplosiveBot__BedWars__botA.bc24,awu7.ExplosiveBot,0,g1basics
A,g1basics,1,1387,CAPTURE,3,505,380,10,0,0,0,0,0,42,130,30,7,3,912,982,9,0,40,101,896,340,ATK@600+HEAL@1200,gauntlet/20261003-002104-scrim-g1basics/replays/kyleezz.jeeryfix3__BedWars__botA.bc24,kyleezz.jeeryfix3,1,g1basics
B,jeeryfix3,0,1387,CAPTURE,2,256,231,25,0,0,0,0,0,0,4800,340,0,11,771,491,0,0,28,98,340,896,ATK@600+CAP@1200,gauntlet/20261003-002104-scrim-g1basics/replays/kyleezz.jeeryfix3__BedWars__botA.bc24,kyleezz.jeeryfix3,0,g1basics
A,g1basics,1,756,CAPTURE,3,664,388,7,0,0,0,0,75,27,165,185,5,7,1433,719,11,0,46,101,462,35,ATK@600,gauntlet/20261003-002104-scrim-g1basics/replays/dmtrung14.defaultplayer_intlqualifier__QueenOfHearts__botA.bc24,dmtrung14.defaultplayer_intlqualifier,1,g1basics
B,defaultplayer_intlqualifier,0,756,CAPTURE,1,650,237,43,22,3,38,0,97,23,90,80,0,3,421,976,6,15,22,69,35,462,ATK@600,gauntlet/20261003-002104-scrim-g1basics/replays/dmtrung14.defaultplayer_intlqualifier__QueenOfHearts__botA.bc24,dmtrung14.defaultplayer_intlqualifier,0,g1basics
A,TSPAARKSPRINT1,0,677,CAPTURE,0,-1,400,6,0,3,8,0,79,0,30,20,0,4,821,1782,0,0,0,10,45,119,ATK@600,gauntlet/20261003-002104-scrim-g1basics/replays/SampleProvider.TSPAARKSPRINT1__QuestionableChess__botB.bc24,SampleProvider.TSPAARKSPRINT1,0,g1basics
B,g1basics,1,677,CAPTURE,3,407,225,20,0,0,0,0,60,3,200,140,0,9,1164,1301,1,0,21,24,119,45,ATK@600,gauntlet/20261003-002104-scrim-g1basics/replays/SampleProvider.TSPAARKSPRINT1__QuestionableChess__botB.bc24,SampleProvider.TSPAARKSPRINT1,1,g1basics
A,sprint1,0,622,CAPTURE,0,-1,486,2,0,0,0,0,87,5,90,180,0,3,253,1160,11,0,0,18,22,280,ATK@600,gauntlet/20261003-002104-scrim-g1basics/replays/justinottesen.sprint1__OceanFloor__botB.bc24,justinottesen.sprint1,0,g1basics
B,g1basics,1,622,CAPTURE,3,532,229,18,0,0,0,0,36,22,195,125,4,3,1508,566,8,0,66,100,280,22,ATK@600,gauntlet/20261003-002104-scrim-g1basics/replays/justinottesen.sprint1__OceanFloor__botB.bc24,justinottesen.sprint1,1,g1basics
A,g1basics,1,1497,CAPTURE,3,972,248,46,0,0,0,0,82,16,110,200,3,3,1530,449,9,0,57,514,1404,51,ATK@600+HEAL@1200,gauntlet/20261003-002104-scrim-g1basics/replays/justinottesen.sprint1__Decision__botA.bc24,justinottesen.sprint1,1,g1basics
B,sprint1,0,1497,CAPTURE,0,-1,302,3,0,0,0,0,123,1,310,160,0,2,264,955,3,0,0,53,51,1404,ATK@600,gauntlet/20261003-002104-scrim-g1basics/replays/justinottesen.sprint1__Decision__botA.bc24,justinottesen.sprint1,0,g1basics
A,v10official,0,752,CAPTURE,1,362,268,47,39,3,12,90,73,3,415,65,18,0,768,1330,3,3,32,81,115,44,ATK@600,gauntlet/20261003-002104-scrim-g1basics/replays/Gymhgy.v10official__Decision__botB.bc24,Gymhgy.v10official,0,g1basics
B,g1basics,1,752,CAPTURE,3,532,292,15,0,0,0,0,80,16,85,145,3,7,817,1091,3,0,28,43,44,115,ATK@600,gauntlet/20261003-002104-scrim-g1basics/replays/Gymhgy.v10official__Decision__botB.bc24,Gymhgy.v10official,1,g1basics
A,g1basics,1,1304,CAPTURE,3,756,726,18,0,0,0,0,17,25,135,150,4,2,1283,1287,3,0,51,288,1335,170,ATK@600+HEAL@1200,gauntlet/20261003-002104-scrim-g1basics/replays/quesswho.cretplayer2_3__Digging__botA.bc24,quesswho.cretplayer2_3,1,g1basics
B,cretplayer2_3,0,1304,CAPTURE,1,304,232,15,0,3,1,0,16,0,2620,960,0,14,1045,768,0,3,57,132,170,1335,ATK@600+HEAL@1200,gauntlet/20261003-002104-scrim-g1basics/replays/quesswho.cretplayer2_3__Digging__botA.bc24,quesswho.cretplayer2_3,0,g1basics
A,waffle,0,2000,LEVEL_SUM,2,296,232,56,0,0,0,0,15,12,4850,3310,0,15,959,810,0,0,94,265,383,1243,ATK@600+HEAL@1200+CAP@1800,gauntlet/20261003-002104-scrim-g1basics/replays/winkelmantanner.waffle__Mountain__botB.bc24,winkelmantanner.waffle,0,g1basics
B,g1basics,1,2000,LEVEL_SUM,2,769,683,8,0,0,0,0,27,46,210,160,8,2,1002,1129,18,0,62,425,1243,383,ATK@600+HEAL@1200+CAP@1800,gauntlet/20261003-002104-scrim-g1basics/replays/winkelmantanner.waffle__Mountain__botB.bc24,winkelmantanner.waffle,1,g1basics
A,TSPAARKSPRINT1,0,2000,MORE_FLAG_CAPTURES,0,-1,520,10,0,3,44,0,29,0,9030,3550,0,4,547,1370,40,27,0,120,274,725,ATK@600+CAP@1200+HEAL@1800,gauntlet/20261003-002104-scrim-g1basics/replays/SampleProvider.TSPAARKSPRINT1__Foxes__botB.bc24,SampleProvider.TSPAARKSPRINT1,0,g1basics
B,g1basics,1,2000,MORE_FLAG_CAPTURES,1,1859,243,122,0,0,0,0,15,77,655,145,12,11,864,1209,24,0,69,356,725,274,ATK@600+HEAL@1200+CAP@1800,gauntlet/20261003-002104-scrim-g1basics/replays/SampleProvider.TSPAARKSPRINT1__Foxes__botB.bc24,SampleProvider.TSPAARKSPRINT1,1,g1basics
A,jeeryfix3,0,2000,MORE_FLAG_CAPTURES,0,-1,0,0,0,0,0,0,181,7,3470,2210,0,27,928,563,0,0,83,242,266,1518,ATK@600+CAP@1200+HEAL@1800,gauntlet/20261003-002104-scrim-g1basics/replays/kyleezz.jeeryfix3__Fusbol__botB.bc24,kyleezz.jeeryfix3,0,g1basics
B,g1basics,1,2000,MORE_FLAG_CAPTURES,1,1808,1562,3,0,0,0,0,97,39,630,250,4,4,1021,1310,24,0,66,642,1518,266,ATK@600+HEAL@1200+CAP@1800,gauntlet/20261003-002104-scrim-g1basics/replays/kyleezz.jeeryfix3__Fusbol__botB.bc24,kyleezz.jeeryfix3,1,g1basics
A,duck8,0,612,CAPTURE,0,-1,252,18,0,0,0,0,30,29,20,70,3,0,890,693,1,0,55,71,108,144,,gauntlet/20261003-002104-scrim-g1basics/replays/clbarrell.duck8__OceanFloor__botB.bc24,clbarrell.duck8,0,g1basics
B,g1basics,1,612,CAPTURE,3,315,257,4,0,0,0,0,33,26,155,225,4,2,910,888,2,0,61,40,144,108,ATK@600,gauntlet/20261003-002104-scrim-g1basics/replays/clbarrell.duck8__OceanFloor__botB.bc24,clbarrell.duck8,1,g1basics
A,g1basics,1,2000,MORE_FLAG_CAPTURES,2,1382,375,31,0,0,0,0,23,54,246,191,10,10,712,764,26,0,60,543,1700,118,ATK@600+HEAL@1200+CAP@1800,gauntlet/20261003-002104-scrim-g1basics/replays/awu7.ExplosiveBot__Diagonal__botA.bc24,awu7.ExplosiveBot,1,g1basics
B,ExplosiveBot,0,2000,MORE_FLAG_CAPTURES,0,-1,595,4,0,0,0,0,42,9,5340,5870,0,20,569,518,0,0,29,88,118,1700,ATK@600+HEAL@1200,gauntlet/20261003-002104-scrim-g1basics/replays/awu7.ExplosiveBot__Diagonal__botA.bc24,awu7.ExplosiveBot,0,g1basics
A,bling3,0,943,CAPTURE,0,-1,264,9,0,0,0,0,500,0,1300,80,0,5,682,1499,19,0,3,46,113,556,ATK@600,gauntlet/20261003-002104-scrim-g1basics/replays/jonters.bling3__Waterworld__botB.bc24,jonters.bling3,0,g1basics
B,g1basics,1,943,CAPTURE,3,564,258,22,0,0,0,0,273,62,520,40,11,4,1206,1527,27,0,80,233,556,113,ATK@600,gauntlet/20261003-002104-scrim-g1basics/replays/jonters.bling3__Waterworld__botB.bc24,jonters.bling3,1,g1basics
A,TSPAARKSPRINT1,0,1282,CAPTURE,0,-1,359,83,0,3,38,0,48,7,3260,160,0,2,709,1925,10,26,5,95,156,446,ATK@600+CAP@1200,gauntlet/20261003-002104-scrim-g1basics/replays/SampleProvider.TSPAARKSPRINT1__Soccer__botB.bc24,SampleProvider.TSPAARKSPRINT1,0,g1basics
B,g1basics,1,1282,CAPTURE,3,421,294,17,0,0,0,0,25,39,170,165,7,3,1119,1227,10,0,37,164,446,156,ATK@600+HEAL@1200,gauntlet/20261003-002104-scrim-g1basics/replays/SampleProvider.TSPAARKSPRINT1__Soccer__botB.bc24,SampleProvider.TSPAARKSPRINT1,1,g1basics
A,player22,0,2000,LEVEL_SUM,1,432,228,30,1,3,0,0,67,0,2790,270,0,2,1366,615,8,0,54,272,764,1059,ATK@600+HEAL@1200+CAP@1800,gauntlet/20261003-002104-scrim-g1basics/replays/andrewgopher.player22__TwistedTreeline__botB.bc24,andrewgopher.player22,0,g1basics
B,g1basics,1,2000,LEVEL_SUM,1,1516,955,15,0,0,0,0,58,26,175,205,4,2,912,1212,5,0,45,369,1059,764,ATK@600+HEAL@1200+CAP@1800,gauntlet/20261003-002104-scrim-g1basics/replays/andrewgopher.player22__TwistedTreeline__botB.bc24,andrewgopher.player22,1,g1basics
A,g1basics,1,1757,CAPTURE,3,432,391,5,0,0,0,0,31,25,205,265,4,4,1047,1177,5,0,45,280,1207,449,ATK@600+HEAL@1200,gauntlet/20261003-002104-scrim-g1basics/replays/ColtG5.Goob_final__Gated__botA.bc24,ColtG5.Goob_final,1,g1basics
B,Goob_final,0,1757,CAPTURE,1,406,227,24,0,0,0,0,37,0,2790,70,0,4,1073,837,0,0,60,206,449,1207,ATK@600+HEAL@1200,gauntlet/20261003-002104-scrim-g1basics/replays/ColtG5.Goob_final__Gated__botA.bc24,ColtG5.Goob_final,0,g1basics
A,g1basics,1,999,CAPTURE,3,580,385,11,0,0,0,0,47,22,135,145,3,3,1334,738,10,0,31,8,280,36,ATK@600,gauntlet/20261003-002104-scrim-g1basics/replays/dmtrung14.defaultplayer_intlqualifier__DefaultLarge__botA.bc24,dmtrung14.defaultplayer_intlqualifier,1,g1basics
B,defaultplayer_intlqualifier,0,999,CAPTURE,0,-1,721,6,2,3,15,0,62,17,40,3230,0,3,444,944,6,39,19,108,36,280,ATK@600,gauntlet/20261003-002104-scrim-g1basics/replays/dmtrung14.defaultplayer_intlqualifier__DefaultLarge__botA.bc24,dmtrung14.defaultplayer_intlqualifier,0,g1basics
A,g1basics,1,739,CAPTURE,3,265,247,13,0,0,0,0,95,26,205,145,4,31,926,904,11,0,44,79,358,36,ATK@600,gauntlet/20261003-002104-scrim-g1basics/replays/jonters.bling3__Starfish__botA.bc24,jonters.bling3,1,g1basics
B,bling3,0,739,CAPTURE,0,-1,0,0,0,0,0,0,216,0,20,20,0,8,524,471,0,0,0,4,36,358,ATK@600,gauntlet/20261003-002104-scrim-g1basics/replays/jonters.bling3__Starfish__botA.bc24,jonters.bling3,0,g1basics
A,duck8,0,1028,CAPTURE,2,316,234,30,0,0,0,0,15,30,90,9740,2,1,938,978,7,0,206,274,175,482,ATK@750,gauntlet/20261003-002104-scrim-g1basics/replays/clbarrell.duck8__AceOfSpades__botB.bc24,clbarrell.duck8,0,g1basics
B,g1basics,1,1028,CAPTURE,3,559,226,11,0,0,0,0,8,32,185,130,5,1,927,1064,19,0,55,171,482,175,ATK@600,gauntlet/20261003-002104-scrim-g1basics/replays/clbarrell.duck8__AceOfSpades__botB.bc24,clbarrell.duck8,1,g1basics
A,duck8,0,844,CAPTURE,2,242,213,22,0,0,0,0,35,12,90,20,1,10,1004,740,1,0,34,77,193,294,ATK@750,gauntlet/20261003-002104-scrim-g1basics/replays/clbarrell.duck8__QuestionableChess__botB.bc24,clbarrell.duck8,0,g1basics
B,g1basics,1,844,CAPTURE,3,395,320,7,0,0,0,0,61,3,170,10,0,2,996,1020,1,0,20,50,294,193,ATK@600,gauntlet/20261003-002104-scrim-g1basics/replays/clbarrell.duck8__QuestionableChess__botB.bc24,clbarrell.duck8,1,g1basics
A,duck8,0,1220,CAPTURE,1,556,273,32,0,0,0,0,9,56,2350,70,3,11,934,1228,18,0,84,183,186,661,ATK@750,gauntlet/20261003-002104-scrim-g1basics/replays/clbarrell.duck8__Foxes__botB.bc24,clbarrell.duck8,0,g1basics
B,g1basics,1,1220,CAPTURE,3,529,446,17,0,0,0,0,13,77,685,215,12,9,1157,1489,26,0,87,256,661,186,ATK@600+HEAL@1200,gauntlet/20261003-002104-scrim-g1basics/replays/clbarrell.duck8__Foxes__botB.bc24,clbarrell.duck8,1,g1basics
A,g1basics,1,2000,LEVEL_SUM,2,315,269,11,0,0,0,0,53,30,150,160,5,1,811,1106,9,0,40,295,1043,694,ATK@600+HEAL@1200+CAP@1800,gauntlet/20261003-002104-scrim-g1basics/replays/hsmalladi.finalbot__WheresMyWater__botA.bc24,hsmalladi.finalbot,1,g1basics
B,finalbot,0,2000,LEVEL_SUM,2,249,226,7,1,3,14,36,69,6,2118,110,6,0,1050,889,1,3,65,263,694,1043,ATK@600+HEAL@1200+CAP@1800,gauntlet/20261003-002104-scrim-g1basics/replays/hsmalladi.finalbot__WheresMyWater__botA.bc24,hsmalladi.finalbot,0,g1basics
A,g1basics,1,654,CAPTURE,3,252,219,6,0,0,0,0,0,64,155,185,11,2,935,1187,23,0,59,84,143,64,ATK@600,gauntlet/20261003-002104-scrim-g1basics/replays/quesswho.cretplayer2_3__Checkered__botA.bc24,quesswho.cretplayer2_3,1,g1basics
B,cretplayer2_3,0,654,CAPTURE,2,359,223,11,0,3,17,0,0,0,7200,1020,0,2,931,1133,0,5,88,108,64,143,ATK@600,gauntlet/20261003-002104-scrim-g1basics/replays/quesswho.cretplayer2_3__Checkered__botA.bc24,quesswho.cretplayer2_3,0,g1basics
A,g1basics,1,2000,LEVEL_SUM,0,-1,1674,5,0,0,0,0,107,38,669,299,4,14,892,1025,21,0,50,590,1387,237,ATK@600+HEAL@1200+CAP@1800,gauntlet/20261003-002104-scrim-g1basics/replays/kyleezz.jeeryfix3__Fusbol__botA.bc24,kyleezz.jeeryfix3,1,g1basics
B,jeeryfix3,0,2000,LEVEL_SUM,0,-1,990,2,0,0,0,0,177,9,3390,4120,0,25,795,488,0,0,96,246,237,1387,ATK@600+CAP@1200+HEAL@1800,gauntlet/20261003-002104-scrim-g1basics/replays/kyleezz.jeeryfix3__Fusbol__botA.bc24,kyleezz.jeeryfix3,0,g1basics
A,g1basics,1,944,CAPTURE,3,360,268,16,0,0,0,0,55,29,145,170,5,3,1418,1261,11,0,43,106,349,88,ATK@600,gauntlet/20261003-002104-scrim-g1basics/replays/SampleProvider.TSPAARKSPRINT1__WheresMyWater__botA.bc24,SampleProvider.TSPAARKSPRINT1,1,g1basics
B,TSPAARKSPRINT1,0,944,CAPTURE,1,278,261,48,0,3,4,0,176,1,20,30,0,18,729,1788,4,21,2,41,88,349,ATK@600,gauntlet/20261003-002104-scrim-g1basics/replays/SampleProvider.TSPAARKSPRINT1__WheresMyWater__botA.bc24,SampleProvider.TSPAARKSPRINT1,0,g1basics
A,v3,1,2000,MORE_FLAG_CAPTURES,1,708,229,162,4,0,0,0,68,0,4860,1200,0,7,797,808,0,0,69,263,313,513,ATK@600+HEAL@1200+CAP@1800,gauntlet/20261003-003405-scrim-g1basics/losses/NotLLeon.v3__Hurricane__botB.bc24,NotLLeon.v3,0,g1basics
B,g1basics,0,2000,MORE_FLAG_CAPTURES,0,-1,330,18,0,0,0,0,62,42,205,245,7,6,777,954,11,0,62,308,513,313,ATK@600+HEAL@1200+CAP@1800,gauntlet/20261003-003405-scrim-g1basics/losses/NotLLeon.v3__Hurricane__botB.bc24,NotLLeon.v3,1,g1basics
A,g1basics,0,485,CAPTURE,1,438,399,1,0,0,0,0,72,50,175,260,9,20,1185,1392,18,0,59,44,148,81,,gauntlet/20261003-003405-scrim-g1basics/losses/winkelmantanner.waffle__Islands__botA.bc24,winkelmantanner.waffle,1,g1basics
B,waffle,1,485,CAPTURE,3,335,220,35,0,0,0,0,45,64,540,415,3,9,1138,977,0,0,93,88,81,148,,gauntlet/20261003-003405-scrim-g1basics/losses/winkelmantanner.waffle__Islands__botA.bc24,winkelmantanner.waffle,0,g1basics
A,g1basics,0,410,CAPTURE,0,-1,0,0,0,0,0,0,100,104,8970,220,9,6,1334,1413,24,0,197,168,149,49,,gauntlet/20261003-003405-scrim-g1basics/losses/kyleezz.jeeryfix3__Skyline__botA.bc24,kyleezz.jeeryfix3,1,g1basics
B,jeeryfix3,1,410,CAPTURE,3,313,280,9,0,0,0,0,184,12,17280,14410,0,1,1125,684,0,0,186,134,49,149,,gauntlet/20261003-003405-scrim-g1basics/losses/kyleezz.jeeryfix3__Skyline__botA.bc24,kyleezz.jeeryfix3,0,g1basics
A,finalbot,1,409,CAPTURE,3,319,264,25,6,3,20,32,17,0,2074,7589,6,2,1072,930,16,3,178,178,91,55,,gauntlet/20261003-003405-scrim-g1basics/losses/hsmalladi.finalbot__HungerGames__botB.bc24,hsmalladi.finalbot,0,g1basics
B,g1basics,0,409,CAPTURE,1,283,238,1,0,0,0,0,19,24,205,105,4,1,874,1103,8,0,75,78,55,91,,gauntlet/20261003-003405-scrim-g1basics/losses/hsmalladi.finalbot__HungerGames__botB.bc24,hsmalladi.finalbot,1,g1basics
A,g1basics,0,574,CAPTURE,0,-1,0,0,0,0,0,0,19,45,205,205,8,1,902,1106,15,0,58,70,68,165,,gauntlet/20261003-003405-scrim-g1basics/losses/IvanGeffner.kuma__Capacitance__botA.bc24,IvanGeffner.kuma,1,g1basics
B,kuma,1,574,CAPTURE,3,265,231,27,17,0,0,90,19,0,3990,1430,18,6,1260,1179,8,0,127,162,165,68,,gauntlet/20261003-003405-scrim-g1basics/losses/IvanGeffner.kuma__Capacitance__botA.bc24,IvanGeffner.kuma,0,g1basics
A,player22,1,1362,CAPTURE,3,282,259,27,0,3,0,0,0,0,5300,70,0,5,1476,790,0,0,81,330,867,675,ATK@600+HEAL@1200,gauntlet/20261003-003405-scrim-g1basics/losses/andrewgopher.player22__Yinyang__botB.bc24,andrewgopher.player22,0,g1basics
B,g1basics,0,1362,CAPTURE,2,543,522,2,0,0,0,0,0,48,200,233,8,25,1109,1808,11,0,52,155,675,867,ATK@600+HEAL@1200,gauntlet/20261003-003405-scrim-g1basics/losses/andrewgopher.player22__Yinyang__botB.bc24,andrewgopher.player22,1,g1basics
A,g1basics,0,2000,MORE_FLAG_CAPTURES,1,1234,1012,10,0,0,0,0,33,26,163,213,3,9,902,1379,6,0,43,182,346,767,ATK@600+HEAL@1200+CAP@1800,gauntlet/20261003-003405-scrim-g1basics/losses/andli28.v9_USQuals_angle__Gated__botA.bc24,andli28.v9_USQuals_angle,1,g1basics
B,v9_USQuals_angle,1,2000,MORE_FLAG_CAPTURES,2,296,254,19,0,0,0,80,17,6,1690,2250,16,3,1061,1299,0,3,76,495,767,346,ATK@600+HEAL@1200+CAP@1800,gauntlet/20261003-003405-scrim-g1basics/losses/andli28.v9_USQuals_angle__Gated__botA.bc24,andli28.v9_USQuals_angle,0,g1basics
A,waffle,1,373,CAPTURE,3,260,219,10,0,0,0,0,34,21,3880,320,0,5,1058,901,0,0,81,75,49,94,,gauntlet/20261003-003405-scrim-g1basics/losses/winkelmantanner.waffle__StackGame__botB.bc24,winkelmantanner.waffle,0,g1basics
B,g1basics,0,373,CAPTURE,1,363,340,2,0,0,0,0,34,50,145,135,8,2,1064,1255,16,0,59,57,94,49,,gauntlet/20261003-003405-scrim-g1basics/losses/winkelmantanner.waffle__StackGame__botB.bc24,winkelmantanner.waffle,1,g1basics
A,camel_case_v21_final,1,301,CAPTURE,3,283,242,3,0,0,0,0,5,0,2950,11633,0,7,753,268,0,0,190,145,66,29,,gauntlet/20261003-003405-scrim-g1basics/losses/jmerle.camel_case_v21_final__HungerGames__botB.bc24,jmerle.camel_case_v21_final,0,g1basics
B,g1basics,0,301,CAPTURE,0,-1,0,0,0,0,0,0,19,24,205,265,4,0,369,413,2,0,37,30,29,66,,gauntlet/20261003-003405-scrim-g1basics/losses/jmerle.camel_case_v21_final__HungerGames__botB.bc24,jmerle.camel_case_v21_final,1,g1basics
A,v3,1,1564,CAPTURE,3,475,252,71,10,0,0,0,2,0,5240,80,0,0,890,1056,0,0,75,246,385,443,ATK@600+HEAL@1200,gauntlet/20261003-003405-scrim-g1basics/losses/NotLLeon.v3__Duck__botB.bc24,NotLLeon.v3,0,g1basics
B,g1basics,0,1564,CAPTURE,1,1314,271,32,0,0,0,0,44,33,135,185,5,1,818,1038,8,0,52,194,443,385,ATK@600+HEAL@1200,gauntlet/20261003-003405-scrim-g1basics/losses/NotLLeon.v3__Duck__botB.bc24,NotLLeon.v3,1,g1basics
A,g1basics,0,920,CAPTURE,1,616,337,5,0,0,0,0,56,27,170,135,4,3,1059,1616,11,0,33,78,322,399,ATK@600,gauntlet/20261003-003405-scrim-g1basics/losses/andrewgopher.player22__WheresMyWater__botA.bc24,andrewgopher.player22,1,g1basics
B,player22,1,920,CAPTURE,3,220,205,7,0,3,0,0,101,0,2370,40,0,3,1432,666,6,0,65,191,399,322,ATK@600,gauntlet/20261003-003405-scrim-g1basics/losses/andrewgopher.player22__WheresMyWater__botA.bc24,andrewgopher.player22,0,g1basics
A,flagbot_final,1,1097,CAPTURE,3,496,318,9,0,3,51,90,75,3,165,25,18,12,1032,1420,0,0,51,222,340,77,ATK@600,gauntlet/20261003-003405-scrim-g1basics/losses/chenyx512.flagbot_final__OceanFloor__botB.bc24,chenyx512.flagbot_final,0,g1basics
B,g1basics,0,1097,CAPTURE,0,-1,243,16,0,0,0,0,40,24,175,205,4,18,812,1168,2,0,41,98,77,340,ATK@600,gauntlet/20261003-003405-scrim-g1basics/losses/chenyx512.flagbot_final__OceanFloor__botB.bc24,chenyx512.flagbot_final,1,g1basics
A,g1basics,0,2000,MORE_FLAG_CAPTURES,0,-1,541,12,0,0,0,0,3,27,135,140,5,7,705,1103,4,0,43,161,536,448,ATK@600+HEAL@1200+CAP@1800,gauntlet/20261003-003405-scrim-g1basics/losses/NotLLeon.v3__FloodGates__botA.bc24,NotLLeon.v3,1,g1basics
B,v3,1,2000,MORE_FLAG_CAPTURES,1,592,547,6,2,0,0,0,3,0,2810,3550,0,7,748,777,0,0,57,227,448,536,ATK@600+HEAL@1200+CAP@1800,gauntlet/20261003-003405-scrim-g1basics/losses/NotLLeon.v3__FloodGates__botA.bc24,NotLLeon.v3,0,g1basics
A,duck0127v5,1,861,CAPTURE,3,439,299,16,0,0,0,90,26,10,7483,6773,18,4,878,1165,0,1,103,239,190,113,ATK@600,gauntlet/20261003-003405-scrim-g1basics/losses/Strequals.duck0127v5__Foxes__botB.bc24,Strequals.duck0127v5,0,g1basics
B,g1basics,0,861,CAPTURE,0,-1,258,16,0,0,0,0,11,78,650,230,12,9,848,1156,24,0,80,113,113,190,ATK@600,gauntlet/20261003-003405-scrim-g1basics/losses/Strequals.duck0127v5__Foxes__botB.bc24,Strequals.duck0127v5,1,g1basics
A,waffle,1,512,CAPTURE,3,362,246,42,0,0,0,0,27,3,3390,2280,0,4,953,683,0,0,73,82,81,137,,gauntlet/20261003-003405-scrim-g1basics/losses/winkelmantanner.waffle__Gauntlet__botB.bc24,winkelmantanner.waffle,0,g1basics
B,g1basics,0,512,CAPTURE,0,-1,0,0,0,0,0,0,57,23,135,35,4,11,859,1016,7,0,27,29,137,81,,gauntlet/20261003-003405-scrim-g1basics/losses/winkelmantanner.waffle__Gauntlet__botB.bc24,winkelmantanner.waffle,1,g1basics
A,kuma,1,2000,LEVEL_SUM,0,-1,366,64,21,0,0,90,27,15,3797,2947,18,8,776,843,7,0,88,339,324,312,ATK@600+HEAL@1200+CAP@1800,gauntlet/20261003-003405-scrim-g1basics/losses/IvanGeffner.kuma__Diagonal__botB.bc24,IvanGeffner.kuma,0,g1basics
B,g1basics,0,2000,LEVEL_SUM,0,-1,0,0,0,0,0,0,23,56,173,163,10,23,616,1041,24,0,50,222,312,324,ATK@600+HEAL@1200+CAP@1800,gauntlet/20261003-003405-scrim-g1basics/losses/IvanGeffner.kuma__Diagonal__botB.bc24,IvanGeffner.kuma,1,g1basics
A,g1basics,0,2000,MORE_FLAG_CAPTURES,0,-1,498,5,0,0,0,0,194,79,685,240,12,13,892,1228,25,0,213,397,884,1027,ATK@600+HEAL@1200+CAP@1800,gauntlet/20261003-003405-scrim-g1basics/losses/andrewgopher.player22__Snake__botA.bc24,andrewgopher.player22,1,g1basics
B,player22,1,2000,MORE_FLAG_CAPTURES,1,481,411,10,3,3,0,0,132,0,11540,29040,0,7,902,471,74,0,82,650,1027,884,ATK@600+HEAL@1200+CAP@1800,gauntlet/20261003-003405-scrim-g1basics/losses/andrewgopher.player22__Snake__botA.bc24,andrewgopher.player22,0,g1basics
A,g1basics,0,552,CAPTURE,0,-1,437,1,0,0,0,0,38,24,205,160,4,3,1160,1312,2,0,56,73,179,79,,gauntlet/20261003-003405-scrim-g1basics/losses/ColtG5.Goob_final__OceanFloor__botA.bc24,ColtG5.Goob_final,1,g1basics
B,Goob_final,1,552,CAPTURE,3,289,229,11,0,0,0,0,33,0,2810,50,0,5,1081,777,0,0,45,50,79,179,,gauntlet/20261003-003405-scrim-g1basics/losses/ColtG5.Goob_final__OceanFloor__botA.bc24,ColtG5.Goob_final,0,g1basics
A,flagbot_final,1,836,CAPTURE,3,429,388,14,0,3,42,90,80,0,306,4981,18,3,1323,1706,0,0,166,295,271,43,ATK@600,gauntlet/20261003-003405-scrim-g1basics/losses/chenyx512.flagbot_final__KingQuacksCastle__botB.bc24,chenyx512.flagbot_final,0,g1basics
B,g1basics,0,836,CAPTURE,0,-1,472,10,0,0,0,0,30,28,150,135,4,19,945,1620,4,0,44,79,43,271,ATK@600,gauntlet/20261003-003405-scrim-g1basics/losses/chenyx512.flagbot_final__KingQuacksCastle__botB.bc24,chenyx512.flagbot_final,1,g1basics
A,v9_USQuals_angle,1,632,CAPTURE,3,356,314,20,0,0,0,89,15,8,1927,17627,18,9,1278,1501,17,3,96,180,174,85,ATK@600,gauntlet/20261003-003405-scrim-g1basics/losses/andli28.v9_USQuals_angle__AceOfSpades__botB.bc24,andli28.v9_USQuals_angle,0,g1basics
B,g1basics,0,632,CAPTURE,0,-1,0,0,0,0,0,0,11,32,215,185,5,16,986,1658,13,0,43,69,85,174,ATK@600,gauntlet/20261003-003405-scrim-g1basics/losses/andli28.v9_USQuals_angle__AceOfSpades__botB.bc24,andli28.v9_USQuals_angle,1,g1basics
A,g1basics,0,470,CAPTURE,0,-1,270,4,0,0,0,0,31,52,195,235,10,8,1089,1702,13,0,68,68,113,88,,gauntlet/20261003-003405-scrim-g1basics/losses/hsmalladi.finalbot__StackGame__botA.bc24,hsmalladi.finalbot,1,g1basics
B,finalbot,1,470,CAPTURE,3,254,232,26,7,3,23,60,61,6,3712,92,12,2,1298,1077,6,3,58,74,88,113,,gauntlet/20261003-003405-scrim-g1basics/losses/hsmalladi.finalbot__StackGame__botA.bc24,hsmalladi.finalbot,0,g1basics
A,g1basics,0,897,CAPTURE,1,459,284,7,0,0,0,0,64,22,160,140,3,2,1055,1399,7,0,50,142,313,206,ATK@600,gauntlet/20261003-003405-scrim-g1basics/losses/hsmalladi.finalbot__TwistedTreeline__botA.bc24,hsmalladi.finalbot,1,g1basics
B,finalbot,1,897,CAPTURE,3,605,256,80,6,3,17,42,61,0,2111,141,8,0,1077,823,0,2,44,112,206,313,ATK@600,gauntlet/20261003-003405-scrim-g1basics/losses/hsmalladi.finalbot__TwistedTreeline__botA.bc24,hsmalladi.finalbot,0,g1basics
A,cretplayer2_3,1,621,CAPTURE,3,392,229,21,0,3,44,0,29,0,3130,950,0,3,924,865,0,4,102,119,107,117,ATK@600,gauntlet/20261003-003405-scrim-g1basics/losses/quesswho.cretplayer2_3__KingQuacksCastle__botB.bc24,quesswho.cretplayer2_3,0,g1basics
B,g1basics,0,621,CAPTURE,0,-1,382,4,0,0,0,0,30,28,160,115,4,2,790,971,6,0,43,64,117,107,ATK@600,gauntlet/20261003-003405-scrim-g1basics/losses/quesswho.cretplayer2_3__KingQuacksCastle__botB.bc24,quesswho.cretplayer2_3,1,g1basics
A,g1basics,0,386,CAPTURE,0,-1,0,0,0,0,0,0,34,50,150,190,9,7,1020,1543,14,0,57,51,96,74,,gauntlet/20261003-003405-scrim-g1basics/losses/andrewgopher.player22__StackGame__botA.bc24,andrewgopher.player22,1,g1basics
B,player22,1,386,CAPTURE,3,302,281,13,1,3,0,0,52,0,5440,90,0,5,1361,694,3,0,81,69,74,96,,gauntlet/20261003-003405-scrim-g1basics/losses/andrewgopher.player22__StackGame__botA.bc24,andrewgopher.player22,0,g1basics
A,v10official,1,1009,CAPTURE,3,570,284,55,42,3,12,88,51,3,2039,39,17,0,878,1380,0,3,51,146,203,178,ATK@600,gauntlet/20261003-003405-scrim-g1basics/losses/Gymhgy.v10official__DefaultMedium__botB.bc24,Gymhgy.v10official,0,g1basics
B,g1basics,0,1009,CAPTURE,1,980,270,41,0,0,0,0,60,27,85,165,5,10,985,1172,9,0,32,86,178,203,ATK@600,gauntlet/20261003-003405-scrim-g1basics/losses/Gymhgy.v10official__DefaultMedium__botB.bc24,Gymhgy.v10official,1,g1basics
A,g1basics,0,602,CAPTURE,0,-1,257,9,0,0,0,0,17,41,210,200,7,4,882,1364,10,0,50,44,55,101,ATK@600,gauntlet/20261003-003405-scrim-g1basics/losses/Strequals.duck0127v5__Soccer__botA.bc24,Strequals.duck0127v5,1,g1basics
B,duck0127v5,1,602,CAPTURE,3,413,345,13,0,0,0,90,23,2,3260,1850,18,2,1112,1287,0,3,98,127,101,55,ATK@600,gauntlet/20261003-003405-scrim-g1basics/losses/Strequals.duck0127v5__Soccer__botA.bc24,Strequals.duck0127v5,0,g1basics
A,flagbot_final,1,929,CAPTURE,3,387,334,11,0,3,42,90,117,0,10544,8874,18,3,990,1501,0,0,192,395,399,81,ATK@600,gauntlet/20261003-003405-scrim-g1basics/losses/chenyx512.flagbot_final__CH3353C4K3F4CT0RY__botB.bc24,chenyx512.flagbot_final,0,g1basics
B,g1basics,0,929,CAPTURE,0,-1,308,9,0,0,0,0,10,110,3010,210,12,5,803,1260,24,0,136,189,81,399,ATK@600,gauntlet/20261003-003405-scrim-g1basics/losses/chenyx512.flagbot_final__CH3353C4K3F4CT0RY__botB.bc24,chenyx512.flagbot_final,1,g1basics
A,g1basics,0,485,CAPTURE,1,409,280,5,0,0,0,0,107,106,8535,241,9,10,1060,1048,24,0,189,166,131,67,,gauntlet/20261003-003405-scrim-g1basics/losses/winkelmantanner.waffle__Skyline__botA.bc24,winkelmantanner.waffle,1,g1basics
B,waffle,1,485,CAPTURE,3,384,277,16,0,0,0,0,73,56,16242,10165,3,6,944,858,0,0,240,228,67,131,,gauntlet/20261003-003405-scrim-g1basics/losses/winkelmantanner.waffle__Skyline__botA.bc24,winkelmantanner.waffle,0,g1basics
A,finalbot,1,1794,CAPTURE,3,341,257,58,11,3,21,45,40,0,3082,86,9,0,1041,911,8,5,42,283,620,623,ATK@600+HEAL@1200,gauntlet/20261003-003405-scrim-g1basics/losses/hsmalladi.finalbot__BreadPudding__botB.bc24,hsmalladi.finalbot,0,g1basics
B,g1basics,0,1794,CAPTURE,1,503,295,11,0,0,0,0,44,27,215,230,4,3,971,1488,14,0,35,192,623,620,ATK@600+HEAL@1200,gauntlet/20261003-003405-scrim-g1basics/losses/hsmalladi.finalbot__BreadPudding__botB.bc24,hsmalladi.finalbot,1,g1basics
A,g1basics,0,1641,CAPTURE,0,-1,0,0,0,0,0,0,13,34,150,155,6,26,941,1442,6,0,48,178,296,770,ATK@600+HEAL@1200,gauntlet/20261003-003405-scrim-g1basics/losses/andli28.v9_USQuals_angle__Occulus__botA.bc24,andli28.v9_USQuals_angle,1,g1basics
B,v9_USQuals_angle,1,1641,CAPTURE,3,350,262,16,0,0,0,75,11,11,1939,5359,15,21,1181,1262,17,3,98,469,770,296,ATK@600+HEAL@1200,gauntlet/20261003-003405-scrim-g1basics/losses/andli28.v9_USQuals_angle__Occulus__botA.bc24,andli28.v9_USQuals_angle,0,g1basics
A,v9_USQuals_angle,1,2000,MORE_FLAG_CAPTURES,2,634,254,12,0,0,0,89,3,6,7864,16514,18,4,988,1145,21,3,121,812,1156,371,ATK@600+HEAL@1200+CAP@1800,gauntlet/20261003-003405-scrim-g1basics/losses/andli28.v9_USQuals_angle__SteamboatMickey__botB.bc24,andli28.v9_USQuals_angle,0,g1basics
B,g1basics,0,2000,MORE_FLAG_CAPTURES,1,282,219,9,0,0,0,0,6,75,665,225,11,3,1013,1277,24,0,99,292,371,1156,ATK@600+HEAL@1200+CAP@1800,gauntlet/20261003-003405-scrim-g1basics/losses/andli28.v9_USQuals_angle__SteamboatMickey__botB.bc24,andli28.v9_USQuals_angle,1,g1basics
A,camel_case_v21_final,1,2000,MORE_FLAG_CAPTURES,1,850,455,5,0,0,0,0,72,0,3940,2480,0,8,1131,649,0,0,45,132,488,648,ATK@600+HEAL@1200+CAP@1800,gauntlet/20261003-003405-scrim-g1basics/losses/jmerle.camel_case_v21_final__GravitationalWaves__botB.bc24,jmerle.camel_case_v21_final,0,g1basics
B,g1basics,0,2000,MORE_FLAG_CAPTURES,0,-1,518,11,0,0,0,0,65,32,175,175,6,18,854,1752,10,0,43,166,648,488,ATK@600+HEAL@1200+CAP@1800,gauntlet/20261003-003405-scrim-g1basics/losses/jmerle.camel_case_v21_final__GravitationalWaves__botB.bc24,jmerle.camel_case_v21_final,1,g1basics
A,g1basics,0,2000,MORE_FLAG_CAPTURES,0,-1,290,6,0,0,0,0,10,108,640,240,11,22,855,1053,27,0,106,283,589,599,ATK@600+HEAL@1200+CAP@1800,gauntlet/20261003-003405-scrim-g1basics/losses/CyrilSharma.finalBot__YearOfTheDragon__botA.bc24,CyrilSharma.finalBot,1,g1basics
B,finalBot,1,2000,MORE_FLAG_CAPTURES,2,386,239,11,0,0,0,54,3,1,12081,9264,10,2,991,956,0,0,172,669,599,589,ATK@600+HEAL@1200+CAP@1800,gauntlet/20261003-003405-scrim-g1basics/losses/CyrilSharma.finalBot__YearOfTheDragon__botA.bc24,CyrilSharma.finalBot,0,g1basics
A,v3,1,700,CAPTURE,3,354,249,34,7,0,0,0,48,0,2860,60,0,1,774,895,0,0,49,96,112,112,ATK@600,gauntlet/20261003-003405-scrim-g1basics/losses/NotLLeon.v3__Decision__botB.bc24,NotLLeon.v3,0,g1basics
B,g1basics,0,700,CAPTURE,1,682,257,16,0,0,0,0,81,17,120,20,3,2,801,1019,1,0,29,29,112,112,ATK@600,gauntlet/20261003-003405-scrim-g1basics/losses/NotLLeon.v3__Decision__botB.bc24,NotLLeon.v3,1,g1basics
A,g1basics,0,877,CAPTURE,0,-1,290,8,0,0,0,0,59,4,130,120,0,1,963,1333,2,0,16,41,153,256,ATK@600,gauntlet/20261003-003405-scrim-g1basics/losses/andli28.v9_USQuals_angle__QuestionableChess__botA.bc24,andli28.v9_USQuals_angle,1,g1basics
B,v9_USQuals_angle,1,877,CAPTURE,3,441,296,26,0,0,0,45,41,4,32,20,8,6,1105,1100,0,3,16,144,256,153,ATK@600,gauntlet/20261003-003405-scrim-g1basics/losses/andli28.v9_USQuals_angle__QuestionableChess__botA.bc24,andli28.v9_USQuals_angle,0,g1basics
A,g1basics,0,1111,CAPTURE,0,-1,619,3,0,0,0,0,0,59,245,135,11,5,832,1481,19,0,63,133,184,527,ATK@600,gauntlet/20261003-003405-scrim-g1basics/losses/Strequals.duck0127v5__Canals__botA.bc24,Strequals.duck0127v5,1,g1basics
B,duck0127v5,1,1111,CAPTURE,3,595,339,29,0,0,0,90,53,4,4066,2911,18,3,1180,1333,0,3,130,448,527,184,ATK@600,gauntlet/20261003-003405-scrim-g1basics/losses/Strequals.duck0127v5__Canals__botA.bc24,Strequals.duck0127v5,0,g1basics
A,g1basics,0,1130,CAPTURE,1,430,389,4,0,0,0,0,58,29,160,200,5,10,956,1511,15,0,41,119,120,694,ATK@600,gauntlet/20261003-003405-scrim-g1basics/losses/chenyx512.flagbot_final__Alligator__botA.bc24,chenyx512.flagbot_final,1,g1basics
B,flagbot_final,1,1130,CAPTURE,3,283,241,18,0,3,37,90,129,10,94,4539,18,3,1314,1716,0,0,118,458,694,120,ATK@600,gauntlet/20261003-003405-scrim-g1basics/losses/chenyx512.flagbot_final__Alligator__botA.bc24,chenyx512.flagbot_final,0,g1basics
A,g1basics,0,2000,MORE_FLAG_CAPTURES,0,-1,1665,1,0,0,0,0,64,39,165,250,7,24,663,888,13,0,42,226,689,225,ATK@600+HEAL@1200+CAP@1800,gauntlet/20261003-003405-scrim-g1basics/losses/hsmalladi.finalbot__Hurricane__botA.bc24,hsmalladi.finalbot,1,g1basics
B,finalbot,1,2000,MORE_FLAG_CAPTURES,1,480,223,134,11,3,86,60,57,8,3527,92,12,0,554,487,0,2,58,233,225,689,ATK@600+HEAL@1200+CAP@1800,gauntlet/20261003-003405-scrim-g1basics/losses/hsmalladi.finalbot__Hurricane__botA.bc24,hsmalladi.finalbot,0,g1basics
A,g1basics,0,2000,MORE_FLAG_CAPTURES,0,-1,0,0,0,0,0,0,45,22,195,135,3,18,872,1031,8,0,46,198,617,629,ATK@600+HEAL@1200+CAP@1800,gauntlet/20261003-003405-scrim-g1basics/losses/CyrilSharma.finalBot__DefaultLarge__botA.bc24,CyrilSharma.finalBot,1,g1basics
B,finalBot,1,2000,MORE_FLAG_CAPTURES,1,645,311,17,0,0,0,60,6,0,2955,3485,12,7,1113,1045,0,0,183,559,629,617,ATK@600+HEAL@1200+CAP@1800,gauntlet/20261003-003405-scrim-g1basics/losses/CyrilSharma.finalBot__DefaultLarge__botA.bc24,CyrilSharma.finalBot,0,g1basics
A,waffle,1,1729,CAPTURE,3,309,226,40,0,0,0,0,52,27,940,1720,0,8,1107,1093,0,0,89,236,469,793,ATK@600+HEAL@1200,gauntlet/20261003-003405-scrim-g1basics/losses/winkelmantanner.waffle__Whirlpool__botB.bc24,winkelmantanner.waffle,0,g1basics
B,g1basics,0,1729,CAPTURE,1,841,797,2,0,0,0,0,87,20,200,150,3,12,1028,1556,6,0,36,167,793,469,ATK@600+HEAL@1200,gauntlet/20261003-003405-scrim-g1basics/losses/winkelmantanner.waffle__Whirlpool__botB.bc24,winkelmantanner.waffle,1,g1basics
A,g1basics,0,489,CAPTURE,2,442,331,5,0,0,0,0,2,51,195,30,10,1,1081,505,14,0,39,47,125,8,,gauntlet/20261003-003405-scrim-g1basics/losses/dmtrung14.defaultplayer_intlqualifier__DefaultHuge__botA.bc24,dmtrung14.defaultplayer_intlqualifier,1,g1basics
B,defaultplayer_intlqualifier,1,489,CAPTURE,3,313,224,43,31,3,28,0,14,32,1880,250,0,3,299,719,6,28,33,64,8,125,,gauntlet/20261003-003405-scrim-g1basics/losses/dmtrung14.defaultplayer_intlqualifier__DefaultHuge__botA.bc24,dmtrung14.defaultplayer_intlqualifier,0,g1basics
A,g1basics,0,1394,CAPTURE,1,454,315,14,0,0,0,0,85,19,125,20,3,3,829,1060,6,0,25,110,179,860,ATK@600+HEAL@1200,gauntlet/20261003-003405-scrim-g1basics/losses/chenyx512.flagbot_final__Intercontinental__botA.bc24,chenyx512.flagbot_final,1,g1basics
B,flagbot_final,1,1394,CAPTURE,3,1058,370,19,0,3,25,70,127,0,27,23,13,3,866,1189,0,0,11,299,860,179,ATK@600+HEAL@1200,gauntlet/20261003-003405-scrim-g1basics/losses/chenyx512.flagbot_final__Intercontinental__botA.bc24,chenyx512.flagbot_final,0,g1basics
A,g1basics,0,720,CAPTURE,1,317,235,6,0,0,0,0,5,21,195,185,3,2,734,1037,23,0,74,101,161,127,ATK@600,gauntlet/20261003-003405-scrim-g1basics/losses/hsmalladi.finalbot__Puzzle__botA.bc24,hsmalladi.finalbot,1,g1basics
B,finalbot,1,720,CAPTURE,3,346,280,44,8,3,27,0,79,0,30,4990,0,0,859,782,0,2,120,155,127,161,ATK@600,gauntlet/20261003-003405-scrim-g1basics/losses/hsmalladi.finalbot__Puzzle__botA.bc24,hsmalladi.finalbot,0,g1basics
A,cretplayer2_3,1,373,CAPTURE,3,254,216,15,0,3,7,0,39,0,4930,930,0,4,1019,755,0,7,54,55,55,119,,gauntlet/20261003-003405-scrim-g1basics/losses/quesswho.cretplayer2_3__Battlefield__botB.bc24,quesswho.cretplayer2_3,0,g1basics
B,g1basics,0,373,CAPTURE,1,246,228,1,0,0,0,0,31,43,295,305,7,14,1176,1144,13,0,51,41,119,55,,gauntlet/20261003-003405-scrim-g1basics/losses/quesswho.cretplayer2_3__Battlefield__botB.bc24,quesswho.cretplayer2_3,1,g1basics
A,g1basics,0,2000,MORE_FLAG_CAPTURES,0,-1,485,1,0,0,0,0,63,34,160,145,6,13,1169,1678,12,0,39,197,317,191,ATK@600+HEAL@1200+CAP@1800,gauntlet/20261003-003405-scrim-g1basics/losses/Gymhgy.v10official__GravitationalWaves__botA.bc24,Gymhgy.v10official,1,g1basics
B,v10official,1,2000,MORE_FLAG_CAPTURES,1,877,632,33,19,3,16,72,58,3,2893,38,14,2,922,2019,13,3,32,183,191,317,ATK@600+HEAL@1200+CAP@1800,gauntlet/20261003-003405-scrim-g1basics/losses/Gymhgy.v10official__GravitationalWaves__botA.bc24,Gymhgy.v10official,0,g1basics
A,v10official,1,953,CAPTURE,3,399,244,44,22,3,19,22,189,2,43,16,3,0,888,1260,0,2,7,56,123,415,ATK@600,gauntlet/20261003-003405-scrim-g1basics/losses/Gymhgy.v10official__Starfish__botB.bc24,Gymhgy.v10official,0,g1basics
B,g1basics,0,953,CAPTURE,2,291,241,9,0,0,0,0,98,26,123,78,4,33,1423,1551,11,0,35,120,415,123,ATK@600,gauntlet/20261003-003405-scrim-g1basics/losses/Gymhgy.v10official__Starfish__botB.bc24,Gymhgy.v10official,1,g1basics
A,TSPAARKSPRINT1,1,786,CAPTURE,3,581,238,26,0,3,7,0,176,1,20,10,0,30,722,2000,3,16,1,31,54,225,ATK@600,gauntlet/20261003-003405-scrim-g1basics/losses/SampleProvider.TSPAARKSPRINT1__WheresMyWater__botB.bc24,SampleProvider.TSPAARKSPRINT1,0,g1basics
B,g1basics,0,786,CAPTURE,2,333,238,16,0,0,0,0,59,27,130,175,4,8,1364,1283,11,0,56,109,225,54,ATK@600,gauntlet/20261003-003405-scrim-g1basics/losses/SampleProvider.TSPAARKSPRINT1__WheresMyWater__botB.bc24,SampleProvider.TSPAARKSPRINT1,1,g1basics
A,g1basics,0,2000,MORE_FLAG_CAPTURES,0,-1,0,0,0,0,0,0,63,24,195,140,4,13,990,1270,7,0,41,160,867,434,ATK@600+HEAL@1200+CAP@1800,gauntlet/20261003-003405-scrim-g1basics/losses/ColtG5.Goob_final__Tunnels__botA.bc24,ColtG5.Goob_final,1,g1basics
B,Goob_final,1,2000,MORE_FLAG_CAPTURES,1,309,267,1,0,0,0,0,64,0,2880,1520,0,9,1000,1006,3,0,58,219,434,867,ATK@600+HEAL@1200+CAP@1800,gauntlet/20261003-003405-scrim-g1basics/losses/ColtG5.Goob_final__Tunnels__botA.bc24,ColtG5.Goob_final,0,g1basics
A,g1basics,0,922,CAPTURE,2,430,392,4,0,0,0,0,30,38,180,235,6,14,1074,1921,8,0,54,116,67,412,ATK@600,gauntlet/20261003-003405-scrim-g1basics/losses/chenyx512.flagbot_final__Bunkers__botA.bc24,chenyx512.flagbot_final,1,g1basics
B,flagbot_final,1,922,CAPTURE,3,599,418,13,0,3,47,90,122,2,150,15,18,11,1346,1957,0,0,38,243,412,67,ATK@600,gauntlet/20261003-003405-scrim-g1basics/losses/chenyx512.flagbot_final__Bunkers__botA.bc24,chenyx512.flagbot_final,0,g1basics
A,g1basics,0,535,CAPTURE,2,324,229,6,0,0,0,0,83,114,655,275,11,2,1314,705,26,0,109,84,204,24,,gauntlet/20261003-003405-scrim-g1basics/losses/dmtrung14.defaultplayer_intlqualifier__StarryNight__botA.bc24,dmtrung14.defaultplayer_intlqualifier,1,g1basics
B,defaultplayer_intlqualifier,1,535,CAPTURE,3,272,231,39,28,3,17,0,117,18,10390,9830,0,2,407,886,3,25,18,58,24,204,,gauntlet/20261003-003405-scrim-g1basics/losses/dmtrung14.defaultplayer_intlqualifier__StarryNight__botA.bc24,dmtrung14.defaultplayer_intlqualifier,0,g1basics
A,kuma,1,2000,MORE_FLAG_CAPTURES,2,255,219,25,15,0,0,74,7,11,3272,1904,14,4,1168,1172,5,0,118,450,624,440,ATK@600+HEAL@1200+CAP@1800,gauntlet/20261003-003405-scrim-g1basics/losses/IvanGeffner.kuma__Randy__botB.bc24,IvanGeffner.kuma,0,g1basics
B,g1basics,0,2000,MORE_FLAG_CAPTURES,0,-1,287,7,0,0,0,0,6,49,180,200,9,6,858,1345,12,0,50,246,440,624,ATK@600+HEAL@1200+CAP@1800,gauntlet/20261003-003405-scrim-g1basics/losses/IvanGeffner.kuma__Randy__botB.bc24,IvanGeffner.kuma,1,g1basics
A,duck0127v5,1,1563,CAPTURE,3,735,335,28,0,0,0,90,60,35,19193,17898,18,13,1032,1282,0,4,144,439,445,323,ATK@600+HEAL@1200,gauntlet/20261003-003405-scrim-g1basics/losses/Strequals.duck0127v5__Skyline__botB.bc24,Strequals.duck0127v5,0,g1basics
B,g1basics,0,1563,CAPTURE,0,-1,233,25,0,0,0,0,96,97,9815,108,9,11,923,1442,24,0,184,351,323,445,ATK@600+HEAL@1200,gauntlet/20261003-003405-scrim-g1basics/losses/Strequals.duck0127v5__Skyline__botB.bc24,Strequals.duck0127v5,1,g1basics
A,g1basics,0,971,CAPTURE,1,487,405,8,0,0,0,0,0,59,205,165,11,2,931,1105,21,0,58,128,371,263,ATK@600,gauntlet/20261003-003405-scrim-g1basics/losses/quesswho.cretplayer2_3__Canals__botA.bc24,quesswho.cretplayer2_3,1,g1basics
B,cretplayer2_3,1,971,CAPTURE,3,351,240,30,0,3,19,0,0,0,7000,970,0,3,965,1117,0,4,81,143,263,371,ATK@600,gauntlet/20261003-003405-scrim-g1basics/losses/quesswho.cretplayer2_3__Canals__botA.bc24,quesswho.cretplayer2_3,0,g1basics
A,g1basics,0,377,CAPTURE,0,-1,0,0,0,0,0,0,10,44,215,220,8,15,901,1309,13,0,49,41,28,80,,gauntlet/20261003-003405-scrim-g1basics/losses/IvanGeffner.kuma__Alien__botA.bc24,IvanGeffner.kuma,1,g1basics
B,kuma,1,377,CAPTURE,3,269,244,11,5,0,0,90,15,0,3855,2355,18,3,1265,1220,7,0,107,79,80,28,,gauntlet/20261003-003405-scrim-g1basics/losses/IvanGeffner.kuma__Alien__botA.bc24,IvanGeffner.kuma,0,g1basics
A,g1basics,0,1039,CAPTURE,2,494,355,14,0,0,0,0,38,25,135,185,5,2,684,785,4,0,35,86,244,163,ATK@600,gauntlet/20261003-003405-scrim-g1basics/losses/quesswho.cretplayer2_3__OceanFloor__botA.bc24,quesswho.cretplayer2_3,1,g1basics
B,cretplayer2_3,1,1039,CAPTURE,3,549,225,15,0,3,50,0,23,0,3110,1020,0,3,758,840,0,6,46,102,163,244,ATK@600,gauntlet/20261003-003405-scrim-g1basics/losses/quesswho.cretplayer2_3__OceanFloor__botA.bc24,quesswho.cretplayer2_3,0,g1basics
A,v3,1,1683,CAPTURE,3,616,296,39,6,0,0,0,5,0,9750,4200,0,5,927,1082,0,0,125,372,511,479,ATK@600+HEAL@1200,gauntlet/20261003-003405-scrim-g1basics/losses/NotLLeon.v3__Foxes__botB.bc24,NotLLeon.v3,0,g1basics
B,g1basics,0,1683,CAPTURE,1,957,278,11,0,0,0,0,16,77,615,215,12,23,876,1015,24,0,88,256,479,511,ATK@600+HEAL@1200,gauntlet/20261003-003405-scrim-g1basics/losses/NotLLeon.v3__Foxes__botB.bc24,NotLLeon.v3,1,g1basics
A,finalBot,1,568,CAPTURE,3,359,228,11,0,0,0,55,15,2,2625,15291,11,11,1116,1108,0,0,207,304,147,97,,gauntlet/20261003-003405-scrim-g1basics/losses/CyrilSharma.finalBot__AceOfSpades__botB.bc24,CyrilSharma.finalBot,0,g1basics
B,g1basics,0,568,CAPTURE,0,-1,230,5,0,0,0,0,12,32,175,305,5,2,906,1234,17,0,56,75,97,147,,gauntlet/20261003-003405-scrim-g1basics/losses/CyrilSharma.finalBot__AceOfSpades__botB.bc24,CyrilSharma.finalBot,1,g1basics
A,g1basics,0,1903,CAPTURE,0,-1,0,0,0,0,0,0,95,37,115,155,6,6,942,1492,14,0,54,223,443,870,ATK@600+HEAL@1200+CAP@1800,gauntlet/20261003-003405-scrim-g1basics/losses/IvanGeffner.kuma__BigDucksBigPond__botA.bc24,IvanGeffner.kuma,1,g1basics
B,kuma,1,1903,CAPTURE,3,348,287,19,10,0,0,90,117,7,2215,1055,18,3,1247,1275,13,0,122,725,870,443,ATK@600+HEAL@1200+CAP@1800,gauntlet/20261003-003405-scrim-g1basics/losses/IvanGeffner.kuma__BigDucksBigPond__botA.bc24,IvanGeffner.kuma,0,g1basics
A,g1basics,0,1828,CAPTURE,2,1683,589,12,0,0,0,0,48,58,155,215,10,1,676,1113,21,0,64,300,575,538,ATK@600+HEAL@1200+CAP@1800,gauntlet/20261003-003405-scrim-g1basics/losses/NotLLeon.v3__Rainbow__botA.bc24,NotLLeon.v3,1,g1basics
B,v3,1,1828,CAPTURE,3,326,252,47,10,0,0,0,13,0,8010,4780,0,5,914,866,0,0,105,331,538,575,ATK@600+HEAL@1200+CAP@1800,gauntlet/20261003-003405-scrim-g1basics/losses/NotLLeon.v3__Rainbow__botA.bc24,NotLLeon.v3,0,g1basics
A,v9_USQuals_angle,1,1889,CAPTURE,3,544,376,28,0,0,0,90,12,15,2110,3290,18,3,1159,1464,8,3,102,724,766,373,ATK@600+HEAL@1200+CAP@1800,gauntlet/20261003-003405-scrim-g1basics/losses/andli28.v9_USQuals_angle__Funnel__botB.bc24,andli28.v9_USQuals_angle,0,g1basics
B,g1basics,0,1889,CAPTURE,0,-1,340,4,0,0,0,0,30,32,175,130,5,3,945,1393,7,0,55,248,373,766,ATK@600+HEAL@1200+CAP@1800,gauntlet/20261003-003405-scrim-g1basics/losses/andli28.v9_USQuals_angle__Funnel__botB.bc24,andli28.v9_USQuals_angle,1,g1basics
A,kuma,1,340,CAPTURE,3,252,231,8,5,0,0,90,42,6,3685,2555,18,3,983,1028,5,0,87,48,54,19,,gauntlet/20261003-003405-scrim-g1basics/losses/IvanGeffner.kuma__StackGame__botB.bc24,IvanGeffner.kuma,0,g1basics
B,g1basics,0,340,CAPTURE,0,-1,0,0,0,0,0,0,31,49,140,240,9,17,727,1116,16,0,48,38,19,54,,gauntlet/20261003-003405-scrim-g1basics/losses/IvanGeffner.kuma__StackGame__botB.bc24,IvanGeffner.kuma,1,g1basics
A,ExplosiveBot,0,1464,CAPTURE,2,776,228,57,41,0,0,0,28,5,4460,3130,0,17,736,518,39,0,6,85,142,1056,ATK@600+HEAL@1200,gauntlet/20261003-003405-scrim-g1basics/replays/awu7.ExplosiveBot__Capacitance__botB.bc24,awu7.ExplosiveBot,0,g1basics
B,g1basics,1,1464,CAPTURE,3,377,357,25,0,0,0,0,19,46,205,235,8,9,1232,1534,16,0,73,373,1056,142,ATK@600+HEAL@1200,gauntlet/20261003-003405-scrim-g1basics/replays/awu7.ExplosiveBot__Capacitance__botB.bc24,awu7.ExplosiveBot,1,g1basics
A,g1basics,1,1421,CAPTURE,3,780,225,51,0,0,0,0,9,44,170,210,7,22,1284,1515,17,0,49,287,844,267,ATK@600+HEAL@1200,gauntlet/20261003-003405-scrim-g1basics/replays/jonters.bling3__Alien__botA.bc24,jonters.bling3,1,g1basics
B,bling3,0,1421,CAPTURE,1,279,235,11,0,0,0,0,10,16,2200,50,0,3,990,1359,37,0,0,90,267,844,ATK@600+HEAL@1200,gauntlet/20261003-003405-scrim-g1basics/replays/jonters.bling3__Alien__botA.bc24,jonters.bling3,0,g1basics
A,g1basics,1,1582,CAPTURE,3,310,224,28,0,0,0,0,195,79,611,306,12,6,778,1177,24,0,279,531,805,320,ATK@600+HEAL@1200,gauntlet/20261003-003405-scrim-g1basics/replays/jonters.bling3__Snake__botA.bc24,jonters.bling3,1,g1basics
B,bling3,0,1582,CAPTURE,1,426,269,15,0,0,0,0,233,0,8510,12440,0,0,387,530,82,0,3,181,320,805,ATK@600+HEAL@1200,gauntlet/20261003-003405-scrim-g1basics/replays/jonters.bling3__Snake__botA.bc24,jonters.bling3,0,g1basics
A,g1basics,1,682,CAPTURE,3,406,380,3,0,0,0,0,0,41,190,40,8,13,335,325,9,0,33,32,106,22,ATK@600,gauntlet/20261003-003405-scrim-g1basics/replays/winkelmantanner.waffle__BedWars__botA.bc24,winkelmantanner.waffle,1,g1basics
B,waffle,0,682,CAPTURE,1,336,285,8,0,0,0,0,0,3,4500,1810,0,3,238,187,0,0,27,29,22,106,ATK@600,gauntlet/20261003-003405-scrim-g1basics/replays/winkelmantanner.waffle__BedWars__botA.bc24,winkelmantanner.waffle,0,g1basics
A,g1basics,1,776,CAPTURE,3,266,223,11,0,0,0,0,45,20,143,73,3,2,938,1006,9,0,24,42,273,130,ATK@600,gauntlet/20261003-003405-scrim-g1basics/replays/clbarrell.duck8__Fountain__botA.bc24,clbarrell.duck8,1,g1basics
B,duck8,0,776,CAPTURE,2,282,233,9,0,0,0,0,25,24,50,80,1,2,890,967,9,0,39,73,130,273,ATK@750,gauntlet/20261003-003405-scrim-g1basics/replays/clbarrell.duck8__Fountain__botA.bc24,clbarrell.duck8,0,g1basics
A,duck8,0,916,CAPTURE,0,-1,0,0,0,0,0,0,28,41,80,110,3,5,1030,1493,8,0,54,115,111,449,ATK@750,gauntlet/20261003-003405-scrim-g1basics/replays/clbarrell.duck8__Hockey__botB.bc24,clbarrell.duck8,0,g1basics
B,g1basics,1,916,CAPTURE,3,833,335,7,0,0,0,0,25,42,140,175,8,3,1293,1719,17,0,48,102,449,111,ATK@600,gauntlet/20261003-003405-scrim-g1basics/replays/clbarrell.duck8__Hockey__botB.bc24,clbarrell.duck8,1,g1basics
A,TSPAARKSPRINT1,0,1046,CAPTURE,1,816,263,57,0,3,35,0,41,7,2070,90,0,12,656,1578,11,30,3,66,116,336,ATK@600,gauntlet/20261003-003405-scrim-g1basics/replays/SampleProvider.TSPAARKSPRINT1__KingQuacksCastle__botB.bc24,SampleProvider.TSPAARKSPRINT1,0,g1basics
B,g1basics,1,1046,CAPTURE,3,413,250,27,0,0,0,0,26,28,165,115,5,14,1097,1132,11,0,50,129,336,116,ATK@600,gauntlet/20261003-003405-scrim-g1basics/replays/SampleProvider.TSPAARKSPRINT1__KingQuacksCastle__botB.bc24,SampleProvider.TSPAARKSPRINT1,1,g1basics
A,g1basics,1,2000,MORE_FLAG_CAPTURES,1,1850,262,123,0,0,0,0,66,24,145,150,4,4,743,680,4,0,43,326,962,235,ATK@600+HEAL@1200+CAP@1800,gauntlet/20261003-003405-scrim-g1basics/replays/SampleProvider.TSPAARKSPRINT1__EndAround__botA.bc24,SampleProvider.TSPAARKSPRINT1,1,g1basics
B,TSPAARKSPRINT1,0,2000,MORE_FLAG_CAPTURES,0,-1,385,6,0,3,54,0,132,2,740,30,0,1,400,903,17,13,1,96,235,962,ATK@600+CAP@1200+HEAL@1800,gauntlet/20261003-003405-scrim-g1basics/replays/SampleProvider.TSPAARKSPRINT1__EndAround__botA.bc24,SampleProvider.TSPAARKSPRINT1,0,g1basics
A,finalBot,0,2000,LEVEL_SUM,1,272,236,2,0,0,0,41,32,1,626,67,8,5,889,1008,0,0,35,329,463,551,ATK@600+HEAL@1200+CAP@1800,gauntlet/20261003-003405-scrim-g1basics/replays/CyrilSharma.finalBot__QuestionableChess__botB.bc24,CyrilSharma.finalBot,0,g1basics
B,g1basics,1,2000,LEVEL_SUM,1,1972,1839,2,0,0,0,0,60,3,200,180,0,2,758,1109,1,0,18,151,551,463,ATK@600+HEAL@1200+CAP@1800,gauntlet/20261003-003405-scrim-g1basics/replays/CyrilSharma.finalBot__QuestionableChess__botB.bc24,CyrilSharma.finalBot,1,g1basics
A,g1basics,1,812,CAPTURE,3,527,234,14,0,0,0,0,11,19,150,290,2,4,1314,1605,10,0,41,120,667,45,ATK@600,gauntlet/20261003-003405-scrim-g1basics/replays/awu7.ExplosiveBot__GaltonBoard__botA.bc24,awu7.ExplosiveBot,1,g1basics
B,ExplosiveBot,0,812,CAPTURE,1,265,235,6,4,0,0,0,10,9,1200,590,0,22,945,1136,13,0,15,33,45,667,ATK@600,gauntlet/20261003-003405-scrim-g1basics/replays/awu7.ExplosiveBot__GaltonBoard__botA.bc24,awu7.ExplosiveBot,0,g1basics
A,g1basics,1,630,CAPTURE,3,421,321,11,0,0,0,0,86,113,680,309,11,24,1520,824,24,0,118,152,389,109,ATK@600,gauntlet/20261003-003405-scrim-g1basics/replays/justinottesen.sprint1__StarryNight__botA.bc24,justinottesen.sprint1,1,g1basics
B,sprint1,0,630,CAPTURE,0,-1,599,1,0,0,0,0,153,57,150,30,6,6,204,894,80,0,0,96,109,389,ATK@600,gauntlet/20261003-003405-scrim-g1basics/replays/justinottesen.sprint1__StarryNight__botA.bc24,justinottesen.sprint1,0,g1basics
A,jeeryfix3,0,2000,MORE_FLAG_CAPTURES,0,-1,215,21,0,0,0,0,175,0,1650,1940,0,3,923,591,0,0,36,174,183,624,ATK@600+CAP@1200+HEAL@1800,gauntlet/20261003-003405-scrim-g1basics/replays/kyleezz.jeeryfix3__Hurricane__botB.bc24,kyleezz.jeeryfix3,0,g1basics
B,g1basics,1,2000,MORE_FLAG_CAPTURES,2,607,207,33,0,0,0,0,68,38,160,110,7,6,869,1118,15,0,59,251,624,183,ATK@600+HEAL@1200+CAP@1800,gauntlet/20261003-003405-scrim-g1basics/replays/kyleezz.jeeryfix3__Hurricane__botB.bc24,kyleezz.jeeryfix3,1,g1basics
A,ExplosiveBot,0,595,CAPTURE,0,-1,409,1,0,0,0,0,289,3,30,20,0,14,675,520,0,0,3,6,34,260,,gauntlet/20261003-003405-scrim-g1basics/replays/awu7.ExplosiveBot__Klein__botB.bc24,awu7.ExplosiveBot,0,g1basics
B,g1basics,1,595,CAPTURE,3,357,221,9,0,0,0,0,86,47,220,160,8,3,960,1044,23,0,57,81,260,34,,gauntlet/20261003-003405-scrim-g1basics/replays/awu7.ExplosiveBot__Klein__botB.bc24,awu7.ExplosiveBot,1,g1basics
A,v10official,0,1858,CAPTURE,2,508,423,48,39,3,6,46,89,3,4494,9450,8,1,782,1332,0,3,34,303,354,346,ATK@600+HEAL@1200+CAP@1800,gauntlet/20261003-003405-scrim-g1basics/replays/Gymhgy.v10official__HeMustBeFreed__botB.bc24,Gymhgy.v10official,0,g1basics
B,g1basics,1,1858,CAPTURE,3,649,467,3,0,0,0,0,121,14,10,20,1,4,811,1132,3,0,24,129,346,354,ATK@600+HEAL@1200+CAP@1800,gauntlet/20261003-003405-scrim-g1basics/replays/Gymhgy.v10official__HeMustBeFreed__botB.bc24,Gymhgy.v10official,1,g1basics
A,sprint1,0,422,CAPTURE,0,-1,0,0,0,0,0,0,45,0,2550,90,0,6,243,1089,22,0,0,22,14,225,,gauntlet/20261003-003405-scrim-g1basics/replays/justinottesen.sprint1__Rivers__botB.bc24,justinottesen.sprint1,0,g1basics
B,g1basics,1,422,CAPTURE,3,338,270,4,0,0,0,0,30,28,155,180,5,4,1970,768,10,0,68,22,225,14,,gauntlet/20261003-003405-scrim-g1basics/replays/justinottesen.sprint1__Rivers__botB.bc24,justinottesen.sprint1,1,g1basics
A,defaultplayer_intlqualifier,0,2000,MORE_FLAG_CAPTURES,1,366,239,39,26,3,40,0,21,22,6470,5410,0,3,410,813,6,39,22,129,55,1223,ATK@600+HEAL@1200+CAP@1800,gauntlet/20261003-003405-scrim-g1basics/replays/dmtrung14.defaultplayer_intlqualifier__Foxes__botB.bc24,dmtrung14.defaultplayer_intlqualifier,0,g1basics
B,g1basics,1,2000,MORE_FLAG_CAPTURES,2,901,474,10,0,0,0,0,11,78,660,10,12,9,1136,600,24,0,61,323,1223,55,ATK@600+HEAL@1200+CAP@1800,gauntlet/20261003-003405-scrim-g1basics/replays/dmtrung14.defaultplayer_intlqualifier__Foxes__botB.bc24,dmtrung14.defaultplayer_intlqualifier,1,g1basics
A,TSPAARKSPRINT1,0,2000,MORE_FLAG_CAPTURES,0,-1,293,6,0,3,44,0,134,2,680,70,0,13,386,801,11,27,0,97,235,917,ATK@600+CAP@1200+HEAL@1800,gauntlet/20261003-003405-scrim-g1basics/replays/SampleProvider.TSPAARKSPRINT1__EndAround__botB.bc24,SampleProvider.TSPAARKSPRINT1,0,g1basics
B,g1basics,1,2000,MORE_FLAG_CAPTURES,2,1705,262,136,0,0,0,0,65,22,180,135,3,2,674,664,9,0,40,323,917,235,ATK@600+HEAL@1200+CAP@1800,gauntlet/20261003-003405-scrim-g1basics/replays/SampleProvider.TSPAARKSPRINT1__EndAround__botB.bc24,SampleProvider.TSPAARKSPRINT1,1,g1basics
A,defaultplayer_intlqualifier,0,1333,CAPTURE,2,252,234,28,19,3,5,0,9,15,30,110,0,2,680,1021,6,18,8,96,114,1138,ATK@600+HEAL@1200,gauntlet/20261003-003405-scrim-g1basics/replays/dmtrung14.defaultplayer_intlqualifier__GaltonBoard__botB.bc24,dmtrung14.defaultplayer_intlqualifier,0,g1basics
B,g1basics,1,1333,CAPTURE,3,553,284,15,0,0,0,0,12,19,120,20,3,15,1638,1060,3,0,25,141,1138,114,ATK@600+HEAL@1200,gauntlet/20261003-003405-scrim-g1basics/replays/dmtrung14.defaultplayer_intlqualifier__GaltonBoard__botB.bc24,dmtrung14.defaultplayer_intlqualifier,1,g1basics
A,g1basics,1,2000,LEVEL_SUM,0,-1,276,23,0,0,0,0,34,39,308,288,7,4,556,946,21,0,35,180,229,333,ATK@600+HEAL@1200+CAP@1800,gauntlet/20261003-003405-scrim-g1basics/replays/Strequals.duck0127v5__Divergent__botA.bc24,Strequals.duck0127v5,1,g1basics
B,duck0127v5,0,2000,LEVEL_SUM,0,-1,402,8,0,0,0,87,20,0,3449,2532,17,8,693,836,0,2,89,301,333,229,ATK@600+HEAL@1200+CAP@1800,gauntlet/20261003-003405-scrim-g1basics/replays/Strequals.duck0127v5__Divergent__botA.bc24,Strequals.duck0127v5,0,g1basics
A,Goob_final,0,1540,CAPTURE,1,320,256,3,0,0,0,0,121,0,3770,10,0,9,1170,887,12,0,66,195,320,1180,ATK@600+HEAL@1200,gauntlet/20261003-003405-scrim-g1basics/replays/ColtG5.Goob_final__BigDucksBigPond__botB.bc24,ColtG5.Goob_final,0,g1basics
B,g1basics,1,1540,CAPTURE,3,1318,1242,4,0,0,0,0,90,38,195,180,6,5,1112,1362,14,0,50,414,1180,320,ATK@600+HEAL@1200,gauntlet/20261003-003405-scrim-g1basics/replays/ColtG5.Goob_final__BigDucksBigPond__botB.bc24,ColtG5.Goob_final,1,g1basics
A,sprint1,0,833,CAPTURE,0,-1,348,9,0,0,0,0,171,5,170,160,0,3,254,818,7,0,0,23,32,461,ATK@600,gauntlet/20261003-003405-scrim-g1basics/replays/justinottesen.sprint1__Hurricane__botB.bc24,justinottesen.sprint1,0,g1basics
B,g1basics,1,833,CAPTURE,3,685,213,24,0,0,0,0,65,39,205,135,6,7,1398,484,16,0,69,173,461,32,ATK@600,gauntlet/20261003-003405-scrim-g1basics/replays/justinottesen.sprint1__Hurricane__botB.bc24,justinottesen.sprint1,1,g1basics
A,sprint1,0,669,CAPTURE,0,-1,0,0,0,0,0,0,179,0,7830,7830,0,2,171,830,74,0,0,73,84,342,ATK@600,gauntlet/20261003-003405-scrim-g1basics/replays/justinottesen.sprint1__Battlecode24__botB.bc24,justinottesen.sprint1,0,g1basics
B,g1basics,1,669,CAPTURE,3,403,253,21,0,0,0,0,71,97,1810,190,12,8,1304,711,26,0,230,264,342,84,ATK@600,gauntlet/20261003-003405-scrim-g1basics/replays/justinottesen.sprint1__Battlecode24__botB.bc24,justinottesen.sprint1,1,g1basics
A,g1basics,1,1652,CAPTURE,3,248,225,9,0,0,0,0,13,48,135,190,8,2,772,804,19,0,60,236,567,305,ATK@600+HEAL@1200,gauntlet/20261003-003405-scrim-g1basics/replays/quesswho.cretplayer2_3__Capacitance__botA.bc24,quesswho.cretplayer2_3,1,g1basics
B,cretplayer2_3,0,1652,CAPTURE,1,337,223,51,0,3,8,0,20,0,5400,870,0,2,723,549,0,7,76,245,305,567,ATK@600+HEAL@1200,gauntlet/20261003-003405-scrim-g1basics/replays/quesswho.cretplayer2_3__Capacitance__botA.bc24,quesswho.cretplayer2_3,0,g1basics
A,g1basics,1,1512,CAPTURE,3,436,222,51,0,0,0,0,68,38,195,235,6,9,1023,1068,11,0,45,288,656,138,ATK@600+HEAL@1200,gauntlet/20261003-003405-scrim-g1basics/replays/SampleProvider.TSPAARKSPRINT1__Swoop__botA.bc24,SampleProvider.TSPAARKSPRINT1,1,g1basics
B,TSPAARKSPRINT1,0,1512,CAPTURE,1,824,224,99,0,3,0,0,87,0,4090,30,0,5,636,1281,11,26,0,81,138,656,ATK@600+CAP@1200,gauntlet/20261003-003405-scrim-g1basics/replays/SampleProvider.TSPAARKSPRINT1__Swoop__botA.bc24,SampleProvider.TSPAARKSPRINT1,0,g1basics
A,bling3,0,1074,CAPTURE,1,260,230,10,0,0,0,0,6,16,2420,4370,0,11,754,1141,49,0,14,98,208,577,ATK@600,gauntlet/20261003-003405-scrim-g1basics/replays/jonters.bling3__Randy__botB.bc24,jonters.bling3,0,g1basics
B,g1basics,1,1074,CAPTURE,3,520,218,42,0,0,0,0,6,49,205,85,9,14,1117,1309,13,0,55,186,577,208,ATK@600,gauntlet/20261003-003405-scrim-g1basics/replays/jonters.bling3__Randy__botB.bc24,jonters.bling3,1,g1basics
A,g1basics,1,2000,LEVEL_SUM,1,473,304,16,0,0,0,0,40,18,280,150,2,10,972,1651,11,0,29,148,953,679,ATK@600+HEAL@1200+CAP@1800,gauntlet/20261003-003405-scrim-g1basics/replays/andrewgopher.player22__Fountain__botA.bc24,andrewgopher.player22,1,g1basics
B,player22,0,2000,LEVEL_SUM,1,423,295,22,15,3,0,0,68,0,2060,1090,0,1,1076,864,6,0,16,191,679,953,ATK@600+HEAL@1200+CAP@1800,gauntlet/20261003-003405-scrim-g1basics/replays/andrewgopher.player22__Fountain__botA.bc24,andrewgopher.player22,0,g1basics
A,g1basics,1,2000,LEVEL_SUM,0,-1,278,3,0,0,0,0,110,35,669,198,5,8,783,975,24,0,118,327,541,377,ATK@600+HEAL@1200+CAP@1800,gauntlet/20261003-003405-scrim-g1basics/replays/CyrilSharma.finalBot__Fusbol__botA.bc24,CyrilSharma.finalBot,1,g1basics
B,finalBot,0,2000,LEVEL_SUM,0,-1,552,6,0,0,0,22,29,0,2917,1871,4,7,660,1226,0,0,40,361,377,541,ATK@600+HEAL@1200+CAP@1800,gauntlet/20261003-003405-scrim-g1basics/replays/CyrilSharma.finalBot__Fusbol__botA.bc24,CyrilSharma.finalBot,0,g1basics
A,defaultplayer_intlqualifier,0,743,CAPTURE,1,471,236,21,10,3,17,0,53,15,10,100,0,6,344,782,5,16,14,52,25,383,ATK@600,gauntlet/20261003-003405-scrim-g1basics/replays/dmtrung14.defaultplayer_intlqualifier__OceanFloor__botB.bc24,dmtrung14.defaultplayer_intlqualifier,0,g1basics
B,g1basics,1,743,CAPTURE,3,410,318,13,0,0,0,0,28,27,165,155,4,4,1418,559,3,0,53,55,383,25,ATK@600,gauntlet/20261003-003405-scrim-g1basics/replays/dmtrung14.defaultplayer_intlqualifier__OceanFloor__botB.bc24,dmtrung14.defaultplayer_intlqualifier,1,g1basics
A,g1basics,1,1590,CAPTURE,3,639,511,14,0,0,0,0,39,23,160,195,3,2,1173,1243,5,0,58,349,924,297,ATK@600+HEAL@1200,gauntlet/20261003-003405-scrim-g1basics/replays/kyleezz.jeeryfix3__OceanFloor__botA.bc24,kyleezz.jeeryfix3,1,g1basics
B,jeeryfix3,0,1590,CAPTURE,2,315,236,28,0,0,0,0,80,10,300,110,0,3,1160,760,0,0,40,145,297,924,ATK@600+CAP@1200,gauntlet/20261003-003405-scrim-g1basics/replays/kyleezz.jeeryfix3__OceanFloor__botA.bc24,kyleezz.jeeryfix3,0,g1basics
A,duck8,0,1034,CAPTURE,0,-1,226,43,0,0,0,0,48,50,60,50,3,5,997,1248,18,0,55,128,165,482,ATK@750,gauntlet/20261003-003405-scrim-g1basics/replays/clbarrell.duck8__Islands__botB.bc24,clbarrell.duck8,0,g1basics
B,g1basics,1,1034,CAPTURE,3,652,516,9,0,0,0,0,65,51,205,225,9,21,1200,1531,17,0,62,196,482,165,ATK@600,gauntlet/20261003-003405-scrim-g1basics/replays/clbarrell.duck8__Islands__botB.bc24,clbarrell.duck8,1,g1basics
A,bling3,0,859,CAPTURE,1,549,346,17,0,0,0,0,56,15,1020,1120,0,0,825,1683,25,0,5,57,123,395,ATK@600,gauntlet/20261003-003405-scrim-g1basics/replays/jonters.bling3__Hockey__botB.bc24,jonters.bling3,0,g1basics
B,g1basics,1,859,CAPTURE,3,389,343,11,0,0,0,0,26,42,205,150,8,4,1254,1609,16,0,58,147,395,123,ATK@600,gauntlet/20261003-003405-scrim-g1basics/replays/jonters.bling3__Hockey__botB.bc24,jonters.bling3,1,g1basics
A,g1basics,1,1078,CAPTURE,3,326,294,8,0,0,0,0,103,27,185,165,5,25,1410,1639,8,0,37,102,417,185,ATK@600,gauntlet/20261003-003405-scrim-g1basics/replays/Gymhgy.v10official__Starfish__botA.bc24,Gymhgy.v10official,1,g1basics
B,v10official,0,1078,CAPTURE,2,387,299,21,12,3,15,15,185,2,466,24,2,0,1067,1502,0,2,17,78,185,417,ATK@600,gauntlet/20261003-003405-scrim-g1basics/replays/Gymhgy.v10official__Starfish__botA.bc24,Gymhgy.v10official,0,g1basics
A,finalBot,0,592,CAPTURE,2,285,243,21,0,0,0,45,10,0,3690,16,9,5,642,853,0,0,16,16,47,92,,gauntlet/20261003-003405-scrim-g1basics/replays/CyrilSharma.finalBot__BedWars__botB.bc24,CyrilSharma.finalBot,0,g1basics
B,g1basics,1,592,CAPTURE,3,374,348,6,0,0,0,0,0,42,125,25,7,3,760,866,12,0,40,41,92,47,,gauntlet/20261003-003405-scrim-g1basics/replays/CyrilSharma.finalBot__BedWars__botB.bc24,CyrilSharma.finalBot,1,g1basics
A,camel_case_v21_final,0,628,CAPTURE,2,251,228,14,0,0,0,0,215,0,50,60,0,11,1442,396,0,0,13,46,221,269,ATK@600,gauntlet/20261003-003405-scrim-g1basics/replays/jmerle.camel_case_v21_final__Starfish__botB.bc24,jmerle.camel_case_v21_final,0,g1basics
B,g1basics,1,628,CAPTURE,3,391,240,11,0,0,0,0,101,26,123,181,4,4,1006,1423,11,0,41,68,269,221,ATK@600,gauntlet/20261003-003405-scrim-g1basics/replays/jmerle.camel_case_v21_final__Starfish__botB.bc24,jmerle.camel_case_v21_final,1,g1basics
A,duck8,0,1566,CAPTURE,1,400,370,9,0,0,0,0,14,45,100,60,3,8,928,575,16,0,63,190,259,1102,ATK@750+HEAL@1500,gauntlet/20261003-003405-scrim-g1basics/replays/clbarrell.duck8__Mountain__botB.bc24,clbarrell.duck8,0,g1basics
B,g1basics,1,1566,CAPTURE,3,673,651,13,0,0,0,0,35,46,145,190,8,23,1058,1253,18,0,54,311,1102,259,ATK@600+HEAL@1200,gauntlet/20261003-003405-scrim-g1basics/replays/clbarrell.duck8__Mountain__botB.bc24,clbarrell.duck8,1,g1basics
A,g1basics,1,1335,CAPTURE,3,623,381,17,0,0,0,0,157,72,255,235,12,2,1091,1059,24,0,81,183,397,109,ATK@600+HEAL@1200,gauntlet/20261003-003405-scrim-g1basics/replays/SampleProvider.TSPAARKSPRINT1__English__botA.bc24,SampleProvider.TSPAARKSPRINT1,1,g1basics
B,TSPAARKSPRINT1,0,1335,CAPTURE,2,508,253,51,0,3,70,0,297,4,3990,30,0,7,577,1207,7,24,6,57,109,397,ATK@600+CAP@1200,gauntlet/20261003-003405-scrim-g1basics/replays/SampleProvider.TSPAARKSPRINT1__English__botA.bc24,SampleProvider.TSPAARKSPRINT1,0,g1basics
A,cretplayer2_3,0,1734,CAPTURE,2,269,230,27,0,3,18,0,56,0,3120,940,0,18,1032,755,0,4,49,185,301,1519,ATK@600+HEAL@1200,gauntlet/20261003-003405-scrim-g1basics/replays/quesswho.cretplayer2_3__Tunnels__botB.bc24,quesswho.cretplayer2_3,0,g1basics
B,g1basics,1,1734,CAPTURE,3,1668,253,13,0,0,0,0,64,23,130,120,3,1,1233,946,10,0,47,245,1519,301,ATK@600+HEAL@1200,gauntlet/20261003-003405-scrim-g1basics/replays/quesswho.cretplayer2_3__Tunnels__botB.bc24,quesswho.cretplayer2_3,1,g1basics
A,duck8,0,1760,CAPTURE,0,-1,285,37,0,0,0,0,17,50,470,70,3,5,744,786,16,0,68,248,286,964,ATK@750+HEAL@1500,gauntlet/20261003-003405-scrim-g1basics/replays/clbarrell.duck8__Diagonal__botB.bc24,clbarrell.duck8,0,g1basics
B,g1basics,1,1760,CAPTURE,3,653,308,28,0,0,0,0,24,55,159,189,9,3,870,918,24,0,58,333,964,286,ATK@600+HEAL@1200,gauntlet/20261003-003405-scrim-g1basics/replays/clbarrell.duck8__Diagonal__botB.bc24,clbarrell.duck8,1,g1basics
A,g1basics,1,2000,MORE_FLAG_CAPTURES,2,805,670,2,0,0,0,0,74,24,180,200,4,7,1191,1471,5,0,47,196,1074,411,ATK@600+HEAL@1200+CAP@1800,gauntlet/20261003-003405-scrim-g1basics/replays/clbarrell.duck8__Whirlpool__botA.bc24,clbarrell.duck8,1,g1basics
B,duck8,0,2000,MORE_FLAG_CAPTURES,0,-1,407,12,0,0,0,0,49,33,120,30,3,6,966,1361,4,0,81,220,411,1074,ATK@750+HEAL@1500,gauntlet/20261003-003405-scrim-g1basics/replays/clbarrell.duck8__Whirlpool__botA.bc24,clbarrell.duck8,0,g1basics
A,ExplosiveBot,0,736,CAPTURE,0,-1,273,8,1,0,0,0,35,9,14950,13050,0,36,684,598,53,0,25,76,97,381,ATK@600,gauntlet/20261003-003405-scrim-g1basics/replays/awu7.ExplosiveBot__Joker__botB.bc24,awu7.ExplosiveBot,0,g1basics
B,g1basics,1,736,CAPTURE,3,382,261,15,0,0,0,0,2,114,4175,295,12,3,1150,1371,27,0,244,245,381,97,ATK@600,gauntlet/20261003-003405-scrim-g1basics/replays/awu7.ExplosiveBot__Joker__botB.bc24,awu7.ExplosiveBot,1,g1basics
A,sprint1,0,729,CAPTURE,0,-1,0,0,0,0,0,0,10,10,100,140,0,0,209,996,87,0,0,107,91,610,ATK@600,gauntlet/20261003-003405-scrim-g1basics/replays/justinottesen.sprint1__GaltonBoard__botB.bc24,justinottesen.sprint1,0,g1basics
B,g1basics,1,729,CAPTURE,3,246,222,5,0,0,0,0,11,19,160,215,3,18,1607,1017,24,0,107,217,610,91,ATK@600,gauntlet/20261003-003405-scrim-g1basics/replays/justinottesen.sprint1__GaltonBoard__botB.bc24,justinottesen.sprint1,1,g1basics
A,bling3,0,786,CAPTURE,0,-1,399,3,0,0,0,0,97,11,90,1910,0,15,779,1638,27,0,0,45,72,281,ATK@600,gauntlet/20261003-003405-scrim-g1basics/replays/jonters.bling3__Whirlpool__botB.bc24,jonters.bling3,0,g1basics
B,g1basics,1,786,CAPTURE,3,501,467,8,0,0,0,0,75,23,175,185,3,9,1251,1641,6,0,35,58,281,72,ATK@600,gauntlet/20261003-003405-scrim-g1basics/replays/jonters.bling3__Whirlpool__botB.bc24,jonters.bling3,1,g1basics
A,bling3,0,470,CAPTURE,0,-1,308,7,0,0,0,0,39,11,2730,120,0,0,644,995,27,0,13,35,34,117,,gauntlet/20261003-003405-scrim-g1basics/replays/jonters.bling3__DefaultHuge__botB.bc24,jonters.bling3,0,g1basics
B,g1basics,1,470,CAPTURE,3,268,235,5,0,0,0,0,6,54,195,220,9,17,1061,1161,14,0,80,73,117,34,,gauntlet/20261003-003405-scrim-g1basics/replays/jonters.bling3__DefaultHuge__botB.bc24,jonters.bling3,1,g1basics
A,g1basics,1,893,CAPTURE,3,360,228,8,0,0,0,0,48,34,195,275,6,3,1355,1556,20,0,89,203,568,107,ATK@600,gauntlet/20261003-003405-scrim-g1basics/replays/awu7.ExplosiveBot__Alligator__botA.bc24,awu7.ExplosiveBot,1,g1basics
B,ExplosiveBot,0,893,CAPTURE,0,-1,231,6,2,0,0,0,69,9,2730,5370,0,36,872,1021,1,0,29,76,107,568,ATK@600,gauntlet/20261003-003405-scrim-g1basics/replays/awu7.ExplosiveBot__Alligator__botA.bc24,awu7.ExplosiveBot,0,g1basics
A,jeeryfix3,0,1449,CAPTURE,1,406,359,8,0,0,0,0,21,11,13670,12190,0,4,1074,844,0,0,133,309,355,1124,ATK@600+CAP@1200,gauntlet/20261003-003405-scrim-g1basics/replays/kyleezz.jeeryfix3__CH3353C4K3F4CT0RY__botB.bc24,kyleezz.jeeryfix3,0,g1basics
B,g1basics,1,1449,CAPTURE,3,933,625,7,0,0,0,0,12,109,3025,285,12,17,1373,1501,24,0,137,348,1124,355,ATK@600+HEAL@1200,gauntlet/20261003-003405-scrim-g1basics/replays/kyleezz.jeeryfix3__CH3353C4K3F4CT0RY__botB.bc24,kyleezz.jeeryfix3,1,g1basics
A,jeeryfix3,0,1993,CAPTURE,1,281,244,3,0,0,0,0,28,9,11460,9370,0,2,1079,913,0,0,124,331,388,1663,ATK@600+CAP@1200+HEAL@1800,gauntlet/20261003-003405-scrim-g1basics/replays/kyleezz.jeeryfix3__YearOfTheDragon__botB.bc24,kyleezz.jeeryfix3,0,g1basics
B,g1basics,1,1993,CAPTURE,3,772,234,13,0,0,0,0,11,108,650,240,11,4,1202,1463,24,0,114,658,1663,388,ATK@600+HEAL@1200+CAP@1800,gauntlet/20261003-003405-scrim-g1basics/replays/kyleezz.jeeryfix3__YearOfTheDragon__botB.bc24,kyleezz.jeeryfix3,1,g1basics
A,g1basics,1,2000,MORE_FLAG_CAPTURES,1,1181,262,82,0,0,0,0,25,54,198,248,10,26,742,960,21,0,48,233,281,343,ATK@600+HEAL@1200+CAP@1800,gauntlet/20261003-003405-scrim-g1basics/replays/Gymhgy.v10official__Diagonal__botA.bc24,Gymhgy.v10official,1,g1basics
B,v10official,0,2000,MORE_FLAG_CAPTURES,0,-1,734,13,1,3,9,74,20,3,5347,327,14,1,731,1130,17,3,68,245,343,281,ATK@600+HEAL@1200+CAP@1800,gauntlet/20261003-003405-scrim-g1basics/replays/Gymhgy.v10official__Diagonal__botA.bc24,Gymhgy.v10official,0,g1basics
A,g1basics,1,2000,LEVEL_SUM,1,1047,986,4,0,0,0,0,71,20,50,145,3,11,1065,1393,13,0,44,253,1151,547,ATK@600+HEAL@1200+CAP@1800,gauntlet/20261003-003405-scrim-g1basics/replays/ColtG5.Goob_final__MazeRunner__botA.bc24,ColtG5.Goob_final,1,g1basics
B,Goob_final,0,2000,LEVEL_SUM,1,1953,461,11,0,0,0,0,120,0,1400,270,0,5,1025,826,6,0,52,242,547,1151,ATK@600+HEAL@1200+CAP@1800,gauntlet/20261003-003405-scrim-g1basics/replays/ColtG5.Goob_final__MazeRunner__botA.bc24,ColtG5.Goob_final,0,g1basics
A,g1basics,1,1877,CAPTURE,3,1363,1246,9,0,0,0,0,44,21,195,195,2,11,1254,1593,8,0,57,464,1450,380,ATK@600+HEAL@1200+CAP@1800,gauntlet/20261003-003405-scrim-g1basics/replays/ColtG5.Goob_final__DefaultLarge__botA.bc24,ColtG5.Goob_final,1,g1basics
B,Goob_final,0,1877,CAPTURE,0,-1,0,0,0,0,0,0,48,0,2760,100,0,10,1118,949,12,0,72,252,380,1450,ATK@600+HEAL@1200+CAP@1800,gauntlet/20261003-003405-scrim-g1basics/replays/ColtG5.Goob_final__DefaultLarge__botA.bc24,ColtG5.Goob_final,0,g1basics
A,g1basics,1,2000,LEVEL_SUM,0,-1,0,0,0,0,0,0,186,81,645,325,12,4,1197,1125,24,0,239,626,1370,579,ATK@600+HEAL@1200+CAP@1800,gauntlet/20261003-003405-scrim-g1basics/replays/ColtG5.Goob_final__Snake__botA.bc24,ColtG5.Goob_final,1,g1basics
B,Goob_final,0,2000,LEVEL_SUM,0,-1,562,6,0,0,0,0,152,0,10940,23810,0,3,938,603,12,0,140,519,579,1370,ATK@600+HEAL@1200+CAP@1800,gauntlet/20261003-003405-scrim-g1basics/replays/ColtG5.Goob_final__Snake__botA.bc24,ColtG5.Goob_final,0,g1basics
A,camel_case_v21_final,0,1147,CAPTURE,2,271,215,15,0,0,0,0,8,11,2460,1930,0,4,1136,651,0,0,64,176,359,450,ATK@600,gauntlet/20261003-003405-scrim-g1basics/replays/jmerle.camel_case_v21_final__OceanFloor__botB.bc24,jmerle.camel_case_v21_final,0,g1basics
B,g1basics,1,1147,CAPTURE,3,382,213,11,0,0,0,0,36,24,205,150,4,1,796,1175,3,0,47,158,450,359,ATK@600,gauntlet/20261003-003405-scrim-g1basics/replays/jmerle.camel_case_v21_final__OceanFloor__botB.bc24,jmerle.camel_case_v21_final,1,g1basics
A,jeeryfix3,0,1654,CAPTURE,1,269,242,2,0,0,0,0,26,0,2320,1570,0,12,1287,750,0,0,65,201,438,1517,ATK@600+CAP@1200,gauntlet/20261003-003405-scrim-g1basics/replays/kyleezz.jeeryfix3__Digging__botB.bc24,kyleezz.jeeryfix3,0,g1basics
B,g1basics,1,1654,CAPTURE,3,1283,1259,12,0,0,0,0,16,25,180,180,4,2,1180,1368,3,0,51,272,1517,438,ATK@600+HEAL@1200,gauntlet/20261003-003405-scrim-g1basics/replays/kyleezz.jeeryfix3__Digging__botB.bc24,kyleezz.jeeryfix3,1,g1basics
A,g1basics,1,2000,LEVEL_SUM,1,924,209,74,0,0,0,0,57,42,180,120,7,16,559,823,13,0,46,257,576,544,ATK@600+HEAL@1200+CAP@1800,gauntlet/20261003-003405-scrim-g1basics/replays/jmerle.camel_case_v21_final__Hurricane__botA.bc24,jmerle.camel_case_v21_final,1,g1basics
B,camel_case_v21_final,0,2000,LEVEL_SUM,1,386,219,20,0,0,0,0,48,0,5460,4150,0,3,925,360,0,0,70,251,544,576,ATK@600+HEAL@1200+CAP@1800,gauntlet/20261003-003405-scrim-g1basics/replays/jmerle.camel_case_v21_final__Hurricane__botA.bc24,jmerle.camel_case_v21_final,0,g1basics
A,g1basics,1,782,CAPTURE,3,266,228,21,0,0,0,0,4,113,4250,270,12,3,1276,590,24,0,210,261,375,127,ATK@600,gauntlet/20261003-003405-scrim-g1basics/replays/justinottesen.sprint1__Joker__botA.bc24,justinottesen.sprint1,1,g1basics
B,sprint1,0,782,CAPTURE,0,-1,0,0,0,0,0,0,25,0,16150,15480,0,1,189,992,99,0,0,137,127,375,ATK@600,gauntlet/20261003-003405-scrim-g1basics/replays/justinottesen.sprint1__Joker__botA.bc24,justinottesen.sprint1,0,g1basics
A,player22,0,2000,MORE_FLAG_CAPTURES,0,-1,0,3,0,3,0,0,62,0,4240,460,0,3,960,361,9,0,44,216,487,783,ATK@600+HEAL@1200+CAP@1800,gauntlet/20261003-003405-scrim-g1basics/replays/andrewgopher.player22__Divergent__botB.bc24,andrewgopher.player22,0,g1basics
B,g1basics,1,2000,MORE_FLAG_CAPTURES,1,1503,488,5,0,0,0,0,35,37,195,175,6,16,746,1330,19,0,38,236,783,487,ATK@600+HEAL@1200+CAP@1800,gauntlet/20261003-003405-scrim-g1basics/replays/andrewgopher.player22__Divergent__botB.bc24,andrewgopher.player22,1,g1basics
A,g1basics,1,990,CAPTURE,3,589,437,12,0,0,0,0,0,59,150,240,11,2,1169,1598,22,0,70,226,674,89,ATK@600,gauntlet/20261003-003405-scrim-g1basics/replays/awu7.ExplosiveBot__Canals__botA.bc24,awu7.ExplosiveBot,1,g1basics
B,ExplosiveBot,0,990,CAPTURE,1,265,242,14,8,0,0,0,0,15,4900,90,0,13,817,653,33,0,9,76,89,674,ATK@600,gauntlet/20261003-003405-scrim-g1basics/replays/awu7.ExplosiveBot__Canals__botA.bc24,awu7.ExplosiveBot,0,g1basics
A,g1basics,1,895,CAPTURE,3,604,401,18,0,0,0,0,95,43,155,175,7,13,1240,560,17,0,36,63,592,33,ATK@600,gauntlet/20261003-003405-scrim-g1basics/replays/dmtrung14.defaultplayer_intlqualifier__Klein__botA.bc24,dmtrung14.defaultplayer_intlqualifier,1,g1basics
B,defaultplayer_intlqualifier,0,895,CAPTURE,1,340,329,11,3,3,25,0,217,12,90,150,0,21,313,803,6,15,5,59,33,592,ATK@600,gauntlet/20261003-003405-scrim-g1basics/replays/dmtrung14.defaultplayer_intlqualifier__Klein__botA.bc24,dmtrung14.defaultplayer_intlqualifier,0,g1basics
A,camel_case_v21_final,1,542,CAPTURE,3,334,272,7,0,0,0,0,68,0,360,10350,0,1,1152,469,0,0,193,227,150,102,,gauntlet/20261003-014247-scrim-g1basics/losses/jmerle.camel_case_v21_final__Puzzle__botB.bc24,jmerle.camel_case_v21_final,0,g1basics
B,g1basics,0,542,CAPTURE,1,424,273,4,0,0,0,0,3,22,165,150,4,1,580,815,12,0,51,46,102,150,,gauntlet/20261003-014247-scrim-g1basics/losses/jmerle.camel_case_v21_final__Puzzle__botB.bc24,jmerle.camel_case_v21_final,1,g1basics
A,v9_USQuals_angle,1,947,CAPTURE,3,462,247,31,0,0,0,75,110,6,11,37,15,10,930,910,0,2,31,177,344,182,ATK@600,gauntlet/20261003-014247-scrim-g1basics/losses/andli28.v9_USQuals_angle__Intercontinental__botB.bc24,andli28.v9_USQuals_angle,0,g1basics
B,g1basics,0,947,CAPTURE,2,770,494,10,0,0,0,0,82,16,190,10,2,16,889,1151,9,0,16,56,182,344,ATK@600,gauntlet/20261003-014247-scrim-g1basics/losses/andli28.v9_USQuals_angle__Intercontinental__botB.bc24,andli28.v9_USQuals_angle,1,g1basics
A,duck0127v5,1,546,CAPTURE,3,319,256,9,0,0,0,90,72,7,390,11910,18,16,1065,1221,0,0,115,162,89,55,,gauntlet/20261003-014247-scrim-g1basics/losses/Strequals.duck0127v5__AceOfSpades__botB.bc24,Strequals.duck0127v5,0,g1basics
B,g1basics,0,546,CAPTURE,1,283,222,4,0,0,0,0,14,32,225,270,5,1,892,1325,21,0,68,55,55,89,,gauntlet/20261003-014247-scrim-g1basics/losses/Strequals.duck0127v5__AceOfSpades__botB.bc24,Strequals.duck0127v5,1,g1basics
A,v3,1,637,CAPTURE,3,469,276,28,6,0,0,0,10,0,6200,110,0,8,1149,1134,0,0,89,116,115,144,ATK@600,gauntlet/20261003-014247-scrim-g1basics/losses/NotLLeon.v3__DefaultSmall__botB.bc24,NotLLeon.v3,0,g1basics
B,g1basics,0,637,CAPTURE,0,-1,405,5,0,0,0,0,10,55,140,250,10,20,1003,1472,16,0,63,69,144,115,ATK@600,gauntlet/20261003-014247-scrim-g1basics/losses/NotLLeon.v3__DefaultSmall__botB.bc24,NotLLeon.v3,1,g1basics
A,g1basics,0,785,CAPTURE,1,451,254,22,0,0,0,0,75,48,205,255,9,5,854,906,15,0,54,93,171,153,ATK@600,gauntlet/20261003-014247-scrim-g1basics/losses/quesswho.cretplayer2_3__Islands__botA.bc24,quesswho.cretplayer2_3,1,g1basics
B,cretplayer2_3,1,785,CAPTURE,3,277,221,18,0,3,46,0,63,0,6310,1000,0,1,683,694,0,3,68,114,153,171,ATK@600,gauntlet/20261003-014247-scrim-g1basics/losses/quesswho.cretplayer2_3__Islands__botA.bc24,quesswho.cretplayer2_3,0,g1basics
A,g1basics,0,2000,MORE_FLAG_CAPTURES,1,540,342,29,0,0,0,0,51,34,115,185,6,1,1094,1596,18,0,57,195,497,548,ATK@600+HEAL@1200+CAP@1800,gauntlet/20261003-014247-scrim-g1basics/losses/Gymhgy.v10official__Alligator__botA.bc24,Gymhgy.v10official,1,g1basics
B,v10official,1,2000,MORE_FLAG_CAPTURES,2,430,250,27,17,3,19,70,33,3,3236,2746,13,0,1053,1616,5,3,77,314,548,497,ATK@600+HEAL@1200+CAP@1800,gauntlet/20261003-014247-scrim-g1basics/losses/Gymhgy.v10official__Alligator__botA.bc24,Gymhgy.v10official,0,g1basics
A,g1basics,0,407,CAPTURE,0,-1,0,0,0,0,0,0,13,36,115,305,7,6,816,1192,5,0,48,43,87,115,,gauntlet/20261003-014247-scrim-g1basics/losses/jmerle.camel_case_v21_final__Occulus__botA.bc24,jmerle.camel_case_v21_final,1,g1basics
B,camel_case_v21_final,1,407,CAPTURE,3,265,225,10,0,0,0,0,17,0,3690,4330,0,1,1428,456,0,0,149,136,115,87,,gauntlet/20261003-014247-scrim-g1basics/losses/jmerle.camel_case_v21_final__Occulus__botA.bc24,jmerle.camel_case_v21_final,0,g1basics
A,player22,1,412,CAPTURE,3,318,255,13,0,3,0,0,65,0,3650,50,0,4,1201,415,5,0,48,51,58,113,,gauntlet/20261003-014247-scrim-g1basics/losses/andrewgopher.player22__TreeSearch__botB.bc24,andrewgopher.player22,0,g1basics
B,g1basics,0,412,CAPTURE,0,-1,294,2,0,0,0,0,76,27,135,160,4,10,967,1551,12,0,66,60,113,58,,gauntlet/20261003-014247-scrim-g1basics/losses/andrewgopher.player22__TreeSearch__botB.bc24,andrewgopher.player22,1,g1basics
A,camel_case_v21_final,1,2000,MORE_FLAG_CAPTURES,1,390,305,6,0,0,0,0,40,0,3100,1030,0,6,668,345,0,0,66,349,601,691,ATK@600+HEAL@1200+CAP@1800,gauntlet/20261003-014247-scrim-g1basics/losses/jmerle.camel_case_v21_final__EndAround__botB.bc24,jmerle.camel_case_v21_final,0,g1basics
B,g1basics,0,2000,MORE_FLAG_CAPTURES,0,-1,277,10,0,0,0,0,65,22,165,25,3,6,453,723,12,0,43,220,691,601,ATK@600+HEAL@1200+CAP@1800,gauntlet/20261003-014247-scrim-g1basics/losses/jmerle.camel_case_v21_final__EndAround__botB.bc24,jmerle.camel_case_v21_final,1,g1basics
A,kuma,1,2000,MORE_FLAG_CAPTURES,2,311,265,35,23,0,0,90,91,0,10654,13764,18,12,1028,916,12,0,250,577,475,448,ATK@600+HEAL@1200+CAP@1800,gauntlet/20261003-014247-scrim-g1basics/losses/IvanGeffner.kuma__Battlecode24__botB.bc24,IvanGeffner.kuma,0,g1basics
B,g1basics,0,2000,MORE_FLAG_CAPTURES,0,-1,0,0,0,0,0,0,72,89,1725,275,12,9,734,1125,24,0,137,357,448,475,ATK@600+HEAL@1200+CAP@1800,gauntlet/20261003-014247-scrim-g1basics/losses/IvanGeffner.kuma__Battlecode24__botB.bc24,IvanGeffner.kuma,1,g1basics
A,kuma,1,1150,CAPTURE,3,389,282,36,19,0,0,90,45,0,1395,2375,18,2,1172,1245,3,0,105,389,443,214,ATK@600,gauntlet/20261003-014247-scrim-g1basics/losses/IvanGeffner.kuma__DefaultLarge__botB.bc24,IvanGeffner.kuma,0,g1basics
B,g1basics,0,1150,CAPTURE,0,-1,297,1,0,0,0,0,46,22,200,150,3,8,937,1356,8,0,54,97,214,443,ATK@600,gauntlet/20261003-014247-scrim-g1basics/losses/IvanGeffner.kuma__DefaultLarge__botB.bc24,IvanGeffner.kuma,1,g1basics
A,v3,1,715,CAPTURE,3,254,217,42,1,0,0,0,0,0,7200,5650,0,3,953,899,0,0,97,138,125,223,ATK@600,gauntlet/20261003-014247-scrim-g1basics/losses/NotLLeon.v3__Checkered__botB.bc24,NotLLeon.v3,0,g1basics
B,g1basics,0,715,CAPTURE,1,255,221,9,0,0,0,0,0,63,135,145,11,7,831,1197,24,0,74,95,223,125,ATK@600,gauntlet/20261003-014247-scrim-g1basics/losses/NotLLeon.v3__Checkered__botB.bc24,NotLLeon.v3,1,g1basics
A,g1basics,0,590,CAPTURE,0,-1,410,8,0,0,0,0,19,25,125,225,4,2,908,1073,11,0,71,87,96,151,,gauntlet/20261003-014247-scrim-g1basics/losses/CyrilSharma.finalBot__HungerGames__botA.bc24,CyrilSharma.finalBot,1,g1basics
B,finalBot,1,590,CAPTURE,3,410,234,19,0,0,0,60,19,0,1474,15683,12,5,963,1078,0,0,168,276,151,96,,gauntlet/20261003-014247-scrim-g1basics/losses/CyrilSharma.finalBot__HungerGames__botA.bc24,CyrilSharma.finalBot,0,g1basics
A,flagbot_final,1,657,CAPTURE,3,602,243,13,0,3,51,90,77,2,118,53,18,8,925,1312,0,0,34,56,103,37,ATK@600,gauntlet/20261003-014247-scrim-g1basics/losses/chenyx512.flagbot_final__OceanFloor__botB.bc24,chenyx512.flagbot_final,0,g1basics
B,g1basics,0,657,CAPTURE,0,-1,243,7,0,0,0,0,39,25,165,225,4,10,757,1035,1,0,46,60,37,103,ATK@600,gauntlet/20261003-014247-scrim-g1basics/losses/chenyx512.flagbot_final__OceanFloor__botB.bc24,chenyx512.flagbot_final,1,g1basics
A,g1basics,0,831,CAPTURE,0,-1,0,0,0,0,0,0,10,19,165,260,3,18,857,1137,6,0,35,81,168,527,ATK@600,gauntlet/20261003-014247-scrim-g1basics/losses/andrewgopher.player22__GaltonBoard__botA.bc24,andrewgopher.player22,1,g1basics
B,player22,1,831,CAPTURE,3,343,294,15,0,3,0,0,10,0,2100,31240,0,1,1626,1016,3,0,218,450,527,168,ATK@600,gauntlet/20261003-014247-scrim-g1basics/losses/andrewgopher.player22__GaltonBoard__botA.bc24,andrewgopher.player22,0,g1basics
A,g1basics,0,323,CAPTURE,0,-1,0,0,0,0,0,0,30,51,140,200,10,0,653,724,15,0,51,34,38,45,,gauntlet/20261003-014247-scrim-g1basics/losses/NotLLeon.v3__StackGame__botA.bc24,NotLLeon.v3,1,g1basics
B,v3,1,323,CAPTURE,3,280,257,16,4,0,0,0,35,0,5950,1110,0,10,732,746,0,0,78,64,45,38,,gauntlet/20261003-014247-scrim-g1basics/losses/NotLLeon.v3__StackGame__botA.bc24,NotLLeon.v3,0,g1basics
A,g1basics,0,2000,MORE_FLAG_CAPTURES,1,1517,261,3,0,0,0,0,10,111,2870,270,12,3,938,1464,24,0,137,397,556,705,ATK@600+HEAL@1200+CAP@1800,gauntlet/20261003-014247-scrim-g1basics/losses/IvanGeffner.kuma__CH3353C4K3F4CT0RY__botA.bc24,IvanGeffner.kuma,1,g1basics
B,kuma,1,2000,MORE_FLAG_CAPTURES,2,308,277,26,10,0,0,90,24,0,13255,2760,18,10,1127,1211,9,0,179,688,705,556,ATK@600+HEAL@1200+CAP@1800,gauntlet/20261003-014247-scrim-g1basics/losses/IvanGeffner.kuma__CH3353C4K3F4CT0RY__botA.bc24,IvanGeffner.kuma,0,g1basics
A,finalBot,1,2000,LEVEL_SUM,2,696,633,7,0,0,0,19,45,0,689,67,3,6,952,1234,0,0,10,379,580,672,ATK@600+HEAL@1200+CAP@1800,gauntlet/20261003-014247-scrim-g1basics/losses/CyrilSharma.finalBot__Racetrack__botB.bc24,CyrilSharma.finalBot,0,g1basics
B,g1basics,0,2000,LEVEL_SUM,2,518,460,5,0,0,0,0,64,2,180,170,0,4,1176,1497,1,0,19,125,672,580,ATK@600+HEAL@1200+CAP@1800,gauntlet/20261003-014247-scrim-g1basics/losses/CyrilSharma.finalBot__Racetrack__botB.bc24,CyrilSharma.finalBot,1,g1basics
A,g1basics,0,2000,MORE_FLAG_CAPTURES,1,277,235,4,0,0,0,0,0,117,3960,210,12,14,962,1173,24,0,175,406,1310,621,ATK@600+HEAL@1200+CAP@1800,gauntlet/20261003-014247-scrim-g1basics/losses/ColtG5.Goob_final__Joker__botA.bc24,ColtG5.Goob_final,1,g1basics
B,Goob_final,1,2000,MORE_FLAG_CAPTURES,2,390,257,7,0,0,0,0,30,0,16000,20440,0,4,951,714,12,0,139,482,621,1310,ATK@600+HEAL@1200+CAP@1800,gauntlet/20261003-014247-scrim-g1basics/losses/ColtG5.Goob_final__Joker__botA.bc24,ColtG5.Goob_final,0,g1basics
A,g1basics,0,2000,LEVEL_SUM,1,720,331,38,0,0,0,0,100,34,170,205,6,1,891,1189,14,0,65,222,505,557,ATK@600+HEAL@1200+CAP@1800,gauntlet/20261003-014247-scrim-g1basics/losses/Gymhgy.v10official__BigDucksBigPond__botA.bc24,Gymhgy.v10official,1,g1basics
B,v10official,1,2000,LEVEL_SUM,1,374,296,22,17,3,20,90,84,3,3247,72,18,1,784,1246,2,3,62,380,557,505,ATK@600+HEAL@1200+CAP@1800,gauntlet/20261003-014247-scrim-g1basics/losses/Gymhgy.v10official__BigDucksBigPond__botA.bc24,Gymhgy.v10official,0,g1basics
A,g1basics,0,482,CAPTURE,0,-1,268,2,0,0,0,0,194,79,660,283,12,12,666,767,24,0,206,216,92,140,,gauntlet/20261003-014247-scrim-g1basics/losses/jmerle.camel_case_v21_final__Snake__botA.bc24,jmerle.camel_case_v21_final,1,g1basics
B,camel_case_v21_final,1,482,CAPTURE,3,383,311,9,0,0,0,0,87,0,12890,24440,0,1,1081,439,0,0,267,313,140,92,,gauntlet/20261003-014247-scrim-g1basics/losses/jmerle.camel_case_v21_final__Snake__botA.bc24,jmerle.camel_case_v21_final,0,g1basics
A,v9_USQuals_angle,1,2000,MORE_FLAG_CAPTURES,2,372,288,29,0,0,0,88,0,6,2417,4547,18,3,1004,1121,14,4,81,469,717,403,ATK@600+HEAL@1200+CAP@1800,gauntlet/20261003-014247-scrim-g1basics/losses/andli28.v9_USQuals_angle__Valentine__botB.bc24,andli28.v9_USQuals_angle,0,g1basics
B,g1basics,0,2000,MORE_FLAG_CAPTURES,0,-1,1614,3,0,0,0,0,0,38,160,40,6,1,825,1310,7,0,47,215,403,717,ATK@600+HEAL@1200+CAP@1800,gauntlet/20261003-014247-scrim-g1basics/losses/andli28.v9_USQuals_angle__Valentine__botB.bc24,andli28.v9_USQuals_angle,1,g1basics
A,g1basics,0,1955,CAPTURE,2,1827,1779,2,0,0,0,0,67,2,90,200,0,1,1186,1340,1,0,21,301,1349,558,ATK@600+HEAL@1200+CAP@1800,gauntlet/20261003-014247-scrim-g1basics/losses/ColtG5.Goob_final__Racetrack__botA.bc24,ColtG5.Goob_final,1,g1basics
B,Goob_final,1,1955,CAPTURE,3,292,243,6,0,0,0,0,59,0,630,30,0,13,1239,1061,0,0,33,249,558,1349,ATK@600+HEAL@1200+CAP@1800,gauntlet/20261003-014247-scrim-g1basics/losses/ColtG5.Goob_final__Racetrack__botA.bc24,ColtG5.Goob_final,0,g1basics
A,g1basics,0,388,CAPTURE,0,-1,0,0,0,0,0,0,24,39,138,208,7,13,889,1392,10,0,48,32,27,83,,gauntlet/20261003-014247-scrim-g1basics/losses/IvanGeffner.kuma__Soccer__botA.bc24,IvanGeffner.kuma,1,g1basics
B,kuma,1,388,CAPTURE,3,334,276,22,16,0,0,90,24,0,3240,1305,18,4,1314,1166,5,0,112,69,83,27,,gauntlet/20261003-014247-scrim-g1basics/losses/IvanGeffner.kuma__Soccer__botA.bc24,IvanGeffner.kuma,0,g1basics
A,g1basics,0,912,CAPTURE,0,-1,0,0,0,0,0,0,61,3,170,200,0,4,1074,1768,1,0,21,48,72,331,ATK@600,gauntlet/20261003-014247-scrim-g1basics/losses/chenyx512.flagbot_final__Racetrack__botA.bc24,chenyx512.flagbot_final,1,g1basics
B,flagbot_final,1,912,CAPTURE,3,586,526,17,0,3,27,41,57,0,22,31,7,3,1177,1821,0,0,1,152,331,72,ATK@600,gauntlet/20261003-014247-scrim-g1basics/losses/chenyx512.flagbot_final__Racetrack__botA.bc24,chenyx512.flagbot_final,0,g1basics
A,finalBot,1,948,CAPTURE,3,420,277,19,0,0,0,59,36,0,1084,2228,11,3,902,886,0,0,118,198,205,194,ATK@600,gauntlet/20261003-014247-scrim-g1basics/losses/CyrilSharma.finalBot__Asteroids__botB.bc24,CyrilSharma.finalBot,0,g1basics
B,g1basics,0,948,CAPTURE,0,-1,246,12,0,0,0,0,43,16,170,155,2,2,730,927,4,0,38,84,194,205,ATK@600,gauntlet/20261003-014247-scrim-g1basics/losses/CyrilSharma.finalBot__Asteroids__botB.bc24,CyrilSharma.finalBot,1,g1basics
A,finalbot,1,606,CAPTURE,3,376,320,45,23,3,21,52,46,0,2788,98,10,1,1070,1298,12,3,38,76,111,110,ATK@600,gauntlet/20261003-014247-scrim-g1basics/losses/hsmalladi.finalbot__BreadPudding__botB.bc24,hsmalladi.finalbot,0,g1basics
B,g1basics,0,606,CAPTURE,1,508,306,2,0,0,0,0,43,30,275,190,5,17,956,1507,15,0,33,34,110,111,ATK@600,gauntlet/20261003-014247-scrim-g1basics/losses/hsmalladi.finalbot__BreadPudding__botB.bc24,hsmalladi.finalbot,1,g1basics
A,g1basics,0,664,CAPTURE,1,283,234,1,0,0,0,0,8,75,635,275,11,2,852,1258,24,0,106,149,109,159,ATK@600,gauntlet/20261003-014247-scrim-g1basics/losses/andli28.v9_USQuals_angle__SteamboatMickey__botA.bc24,andli28.v9_USQuals_angle,1,g1basics
B,v9_USQuals_angle,1,664,CAPTURE,3,468,243,17,0,0,0,77,2,6,7989,14829,16,3,793,1035,22,3,111,245,159,109,ATK@600,gauntlet/20261003-014247-scrim-g1basics/losses/andli28.v9_USQuals_angle__SteamboatMickey__botA.bc24,andli28.v9_USQuals_angle,0,g1basics
A,g1basics,0,2000,LEVEL_SUM,2,820,257,20,0,0,0,0,38,25,135,135,4,1,868,1095,3,0,40,213,355,925,ATK@600+HEAL@1200+CAP@1800,gauntlet/20261003-014247-scrim-g1basics/losses/andli28.v9_USQuals_angle__OceanFloor__botA.bc24,andli28.v9_USQuals_angle,1,g1basics
B,v9_USQuals_angle,1,2000,LEVEL_SUM,2,406,249,28,0,0,0,90,10,13,1410,700,18,7,971,1124,0,5,74,559,925,355,ATK@600+HEAL@1200+CAP@1800,gauntlet/20261003-014247-scrim-g1basics/losses/andli28.v9_USQuals_angle__OceanFloor__botA.bc24,andli28.v9_USQuals_angle,0,g1basics
A,duck0127v5,1,1041,CAPTURE,3,529,496,7,0,0,0,90,70,3,1302,22,18,3,373,573,0,3,13,112,128,162,ATK@600,gauntlet/20261003-014247-scrim-g1basics/losses/Strequals.duck0127v5__BedWars__botB.bc24,Strequals.duck0127v5,0,g1basics
B,g1basics,0,1041,CAPTURE,2,531,411,13,0,0,0,0,0,43,190,30,7,15,339,553,7,0,36,38,162,128,ATK@600,gauntlet/20261003-014247-scrim-g1basics/losses/Strequals.duck0127v5__BedWars__botB.bc24,Strequals.duck0127v5,1,g1basics
A,g1basics,0,748,CAPTURE,0,-1,230,15,0,0,0,0,8,33,305,145,6,4,875,1259,18,0,55,82,29,300,ATK@600,gauntlet/20261003-014247-scrim-g1basics/losses/chenyx512.flagbot_final__AceOfSpades__botA.bc24,chenyx512.flagbot_final,1,g1basics
B,flagbot_final,1,748,CAPTURE,3,319,280,11,0,3,27,90,91,0,344,13804,18,13,1183,1513,0,0,196,374,300,29,ATK@600,gauntlet/20261003-014247-scrim-g1basics/losses/chenyx512.flagbot_final__AceOfSpades__botA.bc24,chenyx512.flagbot_final,0,g1basics
A,kuma,1,886,CAPTURE,3,395,270,29,19,0,0,90,50,0,2654,2484,18,2,1226,1209,7,0,115,263,291,162,ATK@600,gauntlet/20261003-014247-scrim-g1basics/losses/IvanGeffner.kuma__TreeSearch__botB.bc24,IvanGeffner.kuma,0,g1basics
B,g1basics,0,886,CAPTURE,0,-1,243,3,0,0,0,0,76,26,135,135,4,19,902,1274,9,0,37,64,162,291,ATK@600,gauntlet/20261003-014247-scrim-g1basics/losses/IvanGeffner.kuma__TreeSearch__botB.bc24,IvanGeffner.kuma,1,g1basics
A,flagbot_final,1,1226,CAPTURE,3,702,605,16,0,3,26,87,123,0,33,14,17,5,754,1161,0,0,2,133,467,171,ATK@600+HEAL@1200,gauntlet/20261003-014247-scrim-g1basics/losses/chenyx512.flagbot_final__Intercontinental__botB.bc24,chenyx512.flagbot_final,0,g1basics
B,g1basics,0,1226,CAPTURE,2,649,350,21,0,0,0,0,87,15,30,10,1,4,872,963,8,0,17,78,171,467,ATK@600+HEAL@1200,gauntlet/20261003-014247-scrim-g1basics/losses/chenyx512.flagbot_final__Intercontinental__botB.bc24,chenyx512.flagbot_final,1,g1basics
A,g1basics,0,906,CAPTURE,2,566,319,17,0,0,0,0,30,45,175,320,8,5,1074,1783,11,0,59,69,163,168,ATK@600,gauntlet/20261003-014247-scrim-g1basics/losses/andli28.v9_USQuals_angle__Battlefield__botA.bc24,andli28.v9_USQuals_angle,1,g1basics
B,v9_USQuals_angle,1,906,CAPTURE,3,236,222,13,0,0,0,62,29,10,3315,1897,13,36,1110,1364,2,5,93,191,168,163,ATK@600,gauntlet/20261003-014247-scrim-g1basics/losses/andli28.v9_USQuals_angle__Battlefield__botA.bc24,andli28.v9_USQuals_angle,0,g1basics
A,g1basics,0,1498,CAPTURE,1,506,462,3,0,0,0,0,74,25,195,135,4,3,1018,1449,12,0,67,225,791,495,ATK@600+HEAL@1200,gauntlet/20261003-014247-scrim-g1basics/losses/andrewgopher.player22__TreeSearch__botA.bc24,andrewgopher.player22,1,g1basics
B,player22,1,1498,CAPTURE,3,304,268,12,1,3,0,0,66,0,3620,850,0,3,1140,754,4,0,50,203,495,791,ATK@600+HEAL@1200,gauntlet/20261003-014247-scrim-g1basics/losses/andrewgopher.player22__TreeSearch__botA.bc24,andrewgopher.player22,0,g1basics
A,g1basics,0,1613,CAPTURE,2,285,242,16,0,0,0,0,21,47,205,230,7,8,917,1484,18,0,60,239,401,762,ATK@600+HEAL@1200,gauntlet/20261003-014247-scrim-g1basics/losses/andli28.v9_USQuals_angle__Capacitance__botA.bc24,andli28.v9_USQuals_angle,1,g1basics
B,v9_USQuals_angle,1,1613,CAPTURE,3,348,330,31,0,0,0,61,15,9,3910,4230,12,2,1012,1018,8,4,88,493,762,401,ATK@600+HEAL@1200,gauntlet/20261003-014247-scrim-g1basics/losses/andli28.v9_USQuals_angle__Capacitance__botA.bc24,andli28.v9_USQuals_angle,0,g1basics
A,g1basics,0,447,CAPTURE,0,-1,0,0,0,0,0,0,13,33,155,255,6,3,882,1169,20,0,88,85,47,74,,gauntlet/20261003-014247-scrim-g1basics/losses/NotLLeon.v3__AceOfSpades__botA.bc24,NotLLeon.v3,1,g1basics
B,v3,1,447,CAPTURE,3,306,264,19,7,0,0,0,17,0,3690,9050,0,15,1050,1238,0,0,165,181,74,47,,gauntlet/20261003-014247-scrim-g1basics/losses/NotLLeon.v3__AceOfSpades__botA.bc24,NotLLeon.v3,0,g1basics
A,g1basics,0,624,CAPTURE,1,517,471,2,0,0,0,0,40,20,260,190,3,15,942,1472,11,0,29,46,67,107,ATK@600,gauntlet/20261003-014247-scrim-g1basics/losses/IvanGeffner.kuma__Fountain__botA.bc24,IvanGeffner.kuma,1,g1basics
B,kuma,1,624,CAPTURE,3,394,356,22,14,0,0,90,36,0,1565,275,18,13,1086,1369,1,0,38,80,107,67,ATK@600,gauntlet/20261003-014247-scrim-g1basics/losses/IvanGeffner.kuma__Fountain__botA.bc24,IvanGeffner.kuma,0,g1basics
A,g1basics,0,2000,MORE_FLAG_CAPTURES,0,-1,453,6,0,0,0,0,9,108,675,215,11,10,987,1442,24,0,115,290,722,1003,ATK@600+HEAL@1200+CAP@1800,gauntlet/20261003-014247-scrim-g1basics/losses/andrewgopher.player22__YearOfTheDragon__botA.bc24,andrewgopher.player22,1,g1basics
B,player22,1,2000,MORE_FLAG_CAPTURES,2,323,289,11,0,3,0,0,28,0,12360,7790,0,1,1134,576,43,0,73,465,1003,722,ATK@600+HEAL@1200+CAP@1800,gauntlet/20261003-014247-scrim-g1basics/losses/andrewgopher.player22__YearOfTheDragon__botA.bc24,andrewgopher.player22,0,g1basics
A,g1basics,0,2000,MORE_FLAG_CAPTURES,1,704,241,8,0,0,0,0,105,45,160,90,8,3,679,1079,16,0,37,250,316,647,ATK@600+HEAL@1200+CAP@1800,gauntlet/20261003-014247-scrim-g1basics/losses/Strequals.duck0127v5__Klein__botA.bc24,Strequals.duck0127v5,1,g1basics
B,duck0127v5,1,2000,MORE_FLAG_CAPTURES,2,274,250,30,0,0,0,89,112,4,3997,2712,18,4,890,955,0,2,92,492,647,316,ATK@600+HEAL@1200+CAP@1800,gauntlet/20261003-014247-scrim-g1basics/losses/Strequals.duck0127v5__Klein__botA.bc24,Strequals.duck0127v5,0,g1basics
A,g1basics,0,1454,CAPTURE,1,1440,309,44,0,0,0,0,56,29,195,215,5,3,830,1308,9,0,43,135,250,322,ATK@600+HEAL@1200,gauntlet/20261003-014247-scrim-g1basics/losses/Strequals.duck0127v5__Duck__botA.bc24,Strequals.duck0127v5,1,g1basics
B,duck0127v5,1,1454,CAPTURE,3,464,273,16,0,0,0,90,16,10,2894,1394,18,4,951,1080,0,2,84,328,322,250,ATK@600+HEAL@1200,gauntlet/20261003-014247-scrim-g1basics/losses/Strequals.duck0127v5__Duck__botA.bc24,Strequals.duck0127v5,0,g1basics
A,g1basics,0,673,CAPTURE,2,440,356,3,0,0,0,0,7,109,620,220,11,1,1015,1194,25,0,116,133,199,129,ATK@600,gauntlet/20261003-014247-scrim-g1basics/losses/winkelmantanner.waffle__YearOfTheDragon__botA.bc24,winkelmantanner.waffle,1,g1basics
B,waffle,1,673,CAPTURE,3,346,265,31,0,0,0,0,4,53,7820,3850,2,3,1048,883,0,0,161,191,129,199,ATK@600,gauntlet/20261003-014247-scrim-g1basics/losses/winkelmantanner.waffle__YearOfTheDragon__botA.bc24,winkelmantanner.waffle,0,g1basics
A,duck0127v5,1,699,CAPTURE,3,383,335,6,0,0,0,90,72,2,499,3414,18,8,1071,1363,0,2,107,189,151,72,ATK@600,gauntlet/20261003-014247-scrim-g1basics/losses/Strequals.duck0127v5__KingQuacksCastle__botB.bc24,Strequals.duck0127v5,0,g1basics
B,g1basics,0,699,CAPTURE,0,-1,379,13,0,0,0,0,29,27,165,165,4,10,987,1436,4,0,45,60,72,151,ATK@600,gauntlet/20261003-014247-scrim-g1basics/losses/Strequals.duck0127v5__KingQuacksCastle__botB.bc24,Strequals.duck0127v5,1,g1basics
A,g1basics,0,527,CAPTURE,0,-1,0,0,0,0,0,0,12,61,636,226,10,2,839,1167,24,0,98,113,165,156,,gauntlet/20261003-014247-scrim-g1basics/losses/jmerle.camel_case_v21_final__Anchor__botA.bc24,jmerle.camel_case_v21_final,1,g1basics
B,camel_case_v21_final,1,527,CAPTURE,3,311,284,7,0,0,0,0,11,0,8370,4810,0,1,1361,410,0,0,156,175,156,165,,gauntlet/20261003-014247-scrim-g1basics/losses/jmerle.camel_case_v21_final__Anchor__botA.bc24,jmerle.camel_case_v21_final,0,g1basics
A,g1basics,0,694,CAPTURE,1,668,563,4,0,0,0,0,64,2,180,170,0,12,1157,1426,1,0,16,37,269,140,ATK@600,gauntlet/20261003-014247-scrim-g1basics/losses/kyleezz.jeeryfix3__Racetrack__botA.bc24,kyleezz.jeeryfix3,1,g1basics
B,jeeryfix3,1,694,CAPTURE,3,329,262,13,0,0,0,0,79,0,30,20,0,0,1083,782,0,0,7,24,140,269,ATK@600,gauntlet/20261003-014247-scrim-g1basics/losses/kyleezz.jeeryfix3__Racetrack__botA.bc24,kyleezz.jeeryfix3,0,g1basics
A,g1basics,0,444,CAPTURE,2,234,219,2,0,0,0,0,39,28,110,235,4,0,1183,1706,5,0,47,48,34,39,,gauntlet/20261003-014247-scrim-g1basics/losses/Gymhgy.v10official__Ambush__botA.bc24,Gymhgy.v10official,1,g1basics
B,v10official,1,444,CAPTURE,3,233,213,25,16,3,19,75,33,1,2053,3973,14,0,1113,1752,7,1,94,83,39,34,,gauntlet/20261003-014247-scrim-g1basics/losses/Gymhgy.v10official__Ambush__botA.bc24,Gymhgy.v10official,0,g1basics
A,g1basics,0,1424,CAPTURE,2,882,288,9,0,0,0,0,29,26,155,175,4,2,1046,1464,7,0,45,143,571,313,ATK@600+HEAL@1200,gauntlet/20261003-014247-scrim-g1basics/losses/winkelmantanner.waffle__Gated__botA.bc24,winkelmantanner.waffle,1,g1basics
B,waffle,1,1424,CAPTURE,3,328,272,41,0,0,0,0,20,3,3000,690,0,3,989,1113,0,0,56,165,313,571,ATK@600+HEAL@1200,gauntlet/20261003-014247-scrim-g1basics/losses/winkelmantanner.waffle__Gated__botA.bc24,winkelmantanner.waffle,0,g1basics
A,finalbot,1,2000,MORE_FLAG_CAPTURES,1,435,334,18,3,3,26,60,74,0,5316,146,12,0,1003,1065,1,4,71,379,638,420,ATK@600+HEAL@1200+CAP@1800,gauntlet/20261003-014247-scrim-g1basics/losses/hsmalladi.finalbot__Rainbow__botB.bc24,hsmalladi.finalbot,0,g1basics
B,g1basics,0,2000,MORE_FLAG_CAPTURES,0,-1,298,20,0,0,0,0,49,59,220,180,10,5,786,1325,21,0,58,182,420,638,ATK@600+HEAL@1200+CAP@1800,gauntlet/20261003-014247-scrim-g1basics/losses/hsmalladi.finalbot__Rainbow__botB.bc24,hsmalladi.finalbot,1,g1basics
A,duck0127v5,1,2000,MORE_FLAG_CAPTURES,2,949,380,19,0,0,0,90,37,15,6257,6542,18,3,1036,1258,0,1,188,623,724,321,ATK@600+HEAL@1200+CAP@1800,gauntlet/20261003-014247-scrim-g1basics/losses/Strequals.duck0127v5__Fusbol__botB.bc24,Strequals.duck0127v5,0,g1basics
B,g1basics,0,2000,MORE_FLAG_CAPTURES,0,-1,0,0,0,0,0,0,79,47,630,250,5,16,755,1021,21,0,57,200,321,724,ATK@600+HEAL@1200+CAP@1800,gauntlet/20261003-014247-scrim-g1basics/losses/Strequals.duck0127v5__Fusbol__botB.bc24,Strequals.duck0127v5,1,g1basics
A,flagbot_final,1,2000,MORE_FLAG_CAPTURES,2,1244,637,46,0,3,0,0,0,0,2400,1449,0,7,1080,1608,0,0,50,652,1428,156,ATK@600+HEAL@1200+CAP@1800,gauntlet/20261003-014247-scrim-g1basics/losses/chenyx512.flagbot_final__Fusbol__botB.bc24,chenyx512.flagbot_final,0,g1basics
B,g1basics,0,2000,MORE_FLAG_CAPTURES,0,-1,1761,1,0,0,0,0,112,35,700,292,6,5,884,1439,24,0,91,277,156,1428,ATK@600+HEAL@1200+CAP@1800,gauntlet/20261003-014247-scrim-g1basics/losses/chenyx512.flagbot_final__Fusbol__botB.bc24,chenyx512.flagbot_final,1,g1basics
A,g1basics,0,709,CAPTURE,0,-1,0,0,0,0,0,0,77,26,110,270,4,21,1260,1632,8,0,43,81,288,126,ATK@600,gauntlet/20261003-014247-scrim-g1basics/losses/ColtG5.Goob_final__TreeSearch__botA.bc24,ColtG5.Goob_final,1,g1basics
B,Goob_final,1,709,CAPTURE,3,427,243,13,0,0,0,0,70,0,3500,90,0,5,1169,1016,9,0,64,89,126,288,ATK@600,gauntlet/20261003-014247-scrim-g1basics/losses/ColtG5.Goob_final__TreeSearch__botA.bc24,ColtG5.Goob_final,0,g1basics
A,v10official,1,343,CAPTURE,3,297,253,22,15,3,21,90,65,3,2995,215,18,0,627,944,2,3,45,43,24,27,,gauntlet/20261003-014247-scrim-g1basics/losses/Gymhgy.v10official__Swoop__botB.bc24,Gymhgy.v10official,0,g1basics
B,g1basics,0,343,CAPTURE,0,-1,266,3,0,0,0,0,59,40,180,200,7,0,595,856,12,0,37,34,27,24,,gauntlet/20261003-014247-scrim-g1basics/losses/Gymhgy.v10official__Swoop__botB.bc24,Gymhgy.v10official,1,g1basics
A,player22,1,575,CAPTURE,3,471,349,12,1,3,0,0,41,0,2770,1480,0,1,1122,722,12,0,90,111,113,185,,gauntlet/20261003-014247-scrim-g1basics/losses/andrewgopher.player22__KingQuacksCastle__botB.bc24,andrewgopher.player22,0,g1basics
B,g1basics,0,575,CAPTURE,0,-1,358,1,0,0,0,0,28,27,180,160,5,8,1012,1614,6,0,47,49,185,113,,gauntlet/20261003-014247-scrim-g1basics/losses/andrewgopher.player22__KingQuacksCastle__botB.bc24,andrewgopher.player22,1,g1basics
A,duck8,1,2000,MORE_FLAG_CAPTURES,2,410,375,8,0,0,0,0,27,31,280,120,3,26,728,601,7,0,57,230,444,1350,ATK@750+HEAL@1500,gauntlet/20261003-014247-scrim-g1basics/losses/clbarrell.duck8__Tunnels__botB.bc24,clbarrell.duck8,0,g1basics
B,g1basics,0,2000,MORE_FLAG_CAPTURES,1,399,349,2,0,0,0,0,62,24,120,130,4,17,1143,1228,15,0,38,169,1350,444,ATK@600+HEAL@1200+CAP@1800,gauntlet/20261003-014247-scrim-g1basics/losses/clbarrell.duck8__Tunnels__botB.bc24,clbarrell.duck8,1,g1basics
A,v10official,1,680,CAPTURE,3,264,250,37,23,3,10,53,0,3,4084,74,10,0,952,1547,2,3,42,73,60,133,ATK@600,gauntlet/20261003-014247-scrim-g1basics/losses/Gymhgy.v10official__Yinyang__botB.bc24,Gymhgy.v10official,0,g1basics
B,g1basics,0,680,CAPTURE,2,310,280,8,0,0,0,0,0,46,200,240,8,8,1147,1525,10,0,50,79,133,60,ATK@600,gauntlet/20261003-014247-scrim-g1basics/losses/Gymhgy.v10official__Yinyang__botB.bc24,Gymhgy.v10official,1,g1basics
A,g1basics,0,1313,CAPTURE,2,329,226,12,0,0,0,0,5,116,3935,30,12,2,827,987,24,0,206,347,458,241,ATK@600+HEAL@1200,gauntlet/20261003-014247-scrim-g1basics/losses/SampleProvider.TSPAARKSPRINT1__Joker__botA.bc24,SampleProvider.TSPAARKSPRINT1,1,g1basics
B,TSPAARKSPRINT1,1,1313,CAPTURE,3,309,267,77,0,3,76,0,30,4,15600,16688,0,0,528,1130,41,39,10,176,241,458,ATK@600+CAP@1200,gauntlet/20261003-014247-scrim-g1basics/losses/SampleProvider.TSPAARKSPRINT1__Joker__botA.bc24,SampleProvider.TSPAARKSPRINT1,0,g1basics
A,g1basics,0,2000,MORE_FLAG_CAPTURES,0,-1,247,20,0,0,0,0,23,56,220,305,10,19,776,1027,23,0,62,344,786,276,ATK@600+HEAL@1200+CAP@1800,gauntlet/20261003-014247-scrim-g1basics/losses/kyleezz.jeeryfix3__Diagonal__botA.bc24,kyleezz.jeeryfix3,1,g1basics
B,jeeryfix3,1,2000,MORE_FLAG_CAPTURES,1,605,504,7,0,0,0,0,43,12,5010,1600,0,11,759,508,0,0,83,239,276,786,ATK@600+CAP@1200+HEAL@1800,gauntlet/20261003-014247-scrim-g1basics/losses/kyleezz.jeeryfix3__Diagonal__botA.bc24,kyleezz.jeeryfix3,0,g1basics
A,g1basics,0,2000,MORE_FLAG_CAPTURES,0,-1,0,0,0,0,0,0,60,28,145,180,5,12,1048,1333,7,0,46,176,881,469,ATK@600+HEAL@1200+CAP@1800,gauntlet/20261003-014247-scrim-g1basics/losses/ColtG5.Goob_final__Tunnels__botA.bc24,ColtG5.Goob_final,1,g1basics
B,Goob_final,1,2000,MORE_FLAG_CAPTURES,1,302,235,4,0,0,0,0,64,0,2880,850,0,18,972,941,1,0,65,221,469,881,ATK@600+HEAL@1200+CAP@1800,gauntlet/20261003-014247-scrim-g1basics/losses/ColtG5.Goob_final__Tunnels__botA.bc24,ColtG5.Goob_final,0,g1basics
A,jeeryfix3,1,576,CAPTURE,3,248,217,11,0,0,0,0,17,16,3990,920,0,1,1108,604,0,0,86,92,77,189,,gauntlet/20261003-014247-scrim-g1basics/losses/kyleezz.jeeryfix3__DefaultHuge__botB.bc24,kyleezz.jeeryfix3,0,g1basics
B,g1basics,0,576,CAPTURE,2,459,351,4,0,0,0,0,9,52,135,245,9,4,1042,1280,14,0,79,100,189,77,,gauntlet/20261003-014247-scrim-g1basics/losses/kyleezz.jeeryfix3__DefaultHuge__botB.bc24,kyleezz.jeeryfix3,1,g1basics
A,finalBot,1,493,CAPTURE,3,371,258,17,0,0,0,60,46,0,694,13984,12,1,902,799,0,0,238,276,125,67,,gauntlet/20261003-014247-scrim-g1basics/losses/CyrilSharma.finalBot__HungerGames__botB.bc24,CyrilSharma.finalBot,0,g1basics
B,g1basics,0,493,CAPTURE,1,266,238,3,0,0,0,0,18,25,135,170,4,3,668,917,10,0,64,66,67,125,,gauntlet/20261003-014247-scrim-g1basics/losses/CyrilSharma.finalBot__HungerGames__botB.bc24,CyrilSharma.finalBot,1,g1basics
A,g1basics,0,972,CAPTURE,2,324,295,5,0,0,0,0,61,28,155,175,4,22,1029,1724,9,0,36,97,86,384,ATK@600,gauntlet/20261003-014247-scrim-g1basics/losses/chenyx512.flagbot_final__WheresMyWater__botA.bc24,chenyx512.flagbot_final,1,g1basics
B,flagbot_final,1,972,CAPTURE,3,595,434,22,0,3,24,90,127,0,278,198,18,2,1264,1840,0,0,102,255,384,86,ATK@600,gauntlet/20261003-014247-scrim-g1basics/losses/chenyx512.flagbot_final__WheresMyWater__botA.bc24,chenyx512.flagbot_final,0,g1basics
A,g1basics,0,2000,MORE_FLAG_CAPTURES,1,1546,1483,4,0,0,0,0,69,24,135,205,4,38,1077,1266,9,0,35,460,1359,365,ATK@600+HEAL@1200+CAP@1800,gauntlet/20261003-014247-scrim-g1basics/losses/kyleezz.jeeryfix3__DefaultMedium__botA.bc24,kyleezz.jeeryfix3,1,g1basics
B,jeeryfix3,1,2000,MORE_FLAG_CAPTURES,2,369,249,19,0,0,0,0,121,5,1170,1100,0,4,1117,986,0,0,70,238,365,1359,ATK@600+CAP@1200+HEAL@1800,gauntlet/20261003-014247-scrim-g1basics/losses/kyleezz.jeeryfix3__DefaultMedium__botA.bc24,kyleezz.jeeryfix3,0,g1basics
A,g1basics,0,381,CAPTURE,1,263,218,6,0,0,0,0,18,25,135,225,4,5,827,1162,5,0,76,63,37,81,,gauntlet/20261003-014247-scrim-g1basics/losses/jonters.bling3__HungerGames__botA.bc24,jonters.bling3,1,g1basics
B,bling3,1,381,CAPTURE,3,277,242,5,0,0,0,0,20,0,2500,11300,0,8,573,1106,88,0,6,54,81,37,,gauntlet/20261003-014247-scrim-g1basics/losses/jonters.bling3__HungerGames__botA.bc24,jonters.bling3,0,g1basics
A,v3,1,525,CAPTURE,3,319,250,33,5,0,0,0,8,0,2160,430,0,7,1075,1215,0,0,86,97,97,83,,gauntlet/20261003-014247-scrim-g1basics/losses/NotLLeon.v3__Pancakes__botB.bc24,NotLLeon.v3,0,g1basics
B,g1basics,0,525,CAPTURE,1,277,231,9,0,0,0,0,13,19,175,215,3,1,930,1257,9,0,62,65,83,97,,gauntlet/20261003-014247-scrim-g1basics/losses/NotLLeon.v3__Pancakes__botB.bc24,NotLLeon.v3,1,g1basics
A,finalbot,1,481,CAPTURE,3,385,227,33,6,3,23,60,41,16,3579,119,12,0,821,887,4,4,63,79,55,93,,gauntlet/20261003-014247-scrim-g1basics/losses/hsmalladi.finalbot__Checkered__botB.bc24,hsmalladi.finalbot,0,g1basics
B,g1basics,0,481,CAPTURE,1,260,220,2,0,0,0,0,6,60,245,215,11,1,849,1184,16,0,68,90,93,55,,gauntlet/20261003-014247-scrim-g1basics/losses/hsmalladi.finalbot__Checkered__botB.bc24,hsmalladi.finalbot,1,g1basics
A,camel_case_v21_final,1,574,CAPTURE,3,342,263,8,0,0,0,0,19,0,4830,860,0,2,1452,541,0,0,87,117,185,147,,gauntlet/20261003-014247-scrim-g1basics/losses/jmerle.camel_case_v21_final__Soccer__botB.bc24,jmerle.camel_case_v21_final,0,g1basics
B,g1basics,0,574,CAPTURE,0,-1,518,1,0,0,0,0,19,41,125,145,7,2,868,1379,10,0,54,56,147,185,,gauntlet/20261003-014247-scrim-g1basics/losses/jmerle.camel_case_v21_final__Soccer__botB.bc24,jmerle.camel_case_v21_final,1,g1basics
A,sprint1,0,646,CAPTURE,0,-1,336,11,0,0,0,0,130,9,200,180,1,2,161,646,14,0,0,22,20,330,ATK@600,gauntlet/20261003-014247-scrim-g1basics/replays/justinottesen.sprint1__QueenOfHearts__botB.bc24,justinottesen.sprint1,0,g1basics
B,g1basics,1,646,CAPTURE,3,316,238,9,0,0,0,0,72,27,135,195,5,8,1337,414,18,0,54,97,330,20,ATK@600,gauntlet/20261003-014247-scrim-g1basics/replays/justinottesen.sprint1__QueenOfHearts__botB.bc24,justinottesen.sprint1,1,g1basics
A,g1basics,1,1795,CAPTURE,3,428,308,53,0,0,0,0,6,61,690,180,9,8,1184,1064,25,0,115,452,1388,412,ATK@600+HEAL@1200,gauntlet/20261003-014247-scrim-g1basics/replays/quesswho.cretplayer2_3__Anchor__botA.bc24,quesswho.cretplayer2_3,1,g1basics
B,cretplayer2_3,0,1795,CAPTURE,2,591,290,38,0,3,23,0,9,0,8430,3410,0,7,956,678,0,5,134,276,412,1388,ATK@600+HEAL@1200,gauntlet/20261003-014247-scrim-g1basics/replays/quesswho.cretplayer2_3__Anchor__botA.bc24,quesswho.cretplayer2_3,0,g1basics
A,g1basics,1,1193,CAPTURE,3,1145,258,16,0,0,0,0,2,27,200,170,4,23,1030,1319,6,0,51,168,708,116,ATK@600,gauntlet/20261003-014247-scrim-g1basics/replays/awu7.ExplosiveBot__FloodGates__botA.bc24,awu7.ExplosiveBot,1,g1basics
B,ExplosiveBot,0,1193,CAPTURE,0,-1,344,4,0,0,0,0,7,9,1790,560,0,17,811,865,5,0,12,55,116,708,ATK@600,gauntlet/20261003-014247-scrim-g1basics/replays/awu7.ExplosiveBot__FloodGates__botA.bc24,awu7.ExplosiveBot,0,g1basics
A,g1basics,1,1177,CAPTURE,3,375,340,17,0,0,0,0,17,44,170,225,8,15,1239,1369,22,0,57,165,460,82,ATK@600,gauntlet/20261003-014247-scrim-g1basics/replays/SampleProvider.TSPAARKSPRINT1__Capacitance__botA.bc24,SampleProvider.TSPAARKSPRINT1,1,g1basics
B,TSPAARKSPRINT1,0,1177,CAPTURE,1,474,226,45,0,3,5,0,23,2,5110,180,0,21,638,1766,14,27,4,84,82,460,ATK@600,gauntlet/20261003-014247-scrim-g1basics/replays/SampleProvider.TSPAARKSPRINT1__Capacitance__botA.bc24,SampleProvider.TSPAARKSPRINT1,0,g1basics
A,g1basics,1,1963,CAPTURE,3,1613,254,56,0,0,0,0,0,39,160,30,7,11,973,1070,7,0,57,200,718,319,ATK@600+HEAL@1200+CAP@1800,gauntlet/20261003-014247-scrim-g1basics/replays/jonters.bling3__Valentine__botA.bc24,jonters.bling3,1,g1basics
B,bling3,0,1963,CAPTURE,1,574,280,13,0,0,0,0,0,0,4200,4990,0,0,648,1108,44,0,5,119,319,718,ATK@600+HEAL@1200+CAP@1800,gauntlet/20261003-014247-scrim-g1basics/replays/jonters.bling3__Valentine__botA.bc24,jonters.bling3,0,g1basics
A,g1basics,1,818,CAPTURE,3,279,236,13,0,0,0,0,40,20,280,183,3,3,1070,1097,12,0,34,69,328,125,ATK@600,gauntlet/20261003-014247-scrim-g1basics/replays/clbarrell.duck8__Fountain__botA.bc24,clbarrell.duck8,1,g1basics
B,duck8,0,818,CAPTURE,1,302,256,15,0,0,0,0,28,22,160,50,1,12,833,845,9,0,33,65,125,328,ATK@750,gauntlet/20261003-014247-scrim-g1basics/replays/clbarrell.duck8__Fountain__botA.bc24,clbarrell.duck8,0,g1basics
A,bling3,0,815,CAPTURE,0,-1,301,8,0,0,0,0,107,7,190,350,0,1,784,1289,11,0,8,28,75,302,ATK@600,gauntlet/20261003-014247-scrim-g1basics/replays/jonters.bling3__TwistedTreeline__botB.bc24,jonters.bling3,0,g1basics
B,g1basics,1,815,CAPTURE,3,731,280,9,0,0,0,0,63,22,190,150,4,12,1016,974,8,0,50,111,302,75,ATK@600,gauntlet/20261003-014247-scrim-g1basics/replays/jonters.bling3__TwistedTreeline__botB.bc24,jonters.bling3,1,g1basics
A,ExplosiveBot,0,589,CAPTURE,0,-1,384,10,3,0,0,0,72,9,1040,10,0,7,689,468,1,0,10,21,27,282,,gauntlet/20261003-014247-scrim-g1basics/replays/awu7.ExplosiveBot__Fountain__botB.bc24,awu7.ExplosiveBot,0,g1basics
B,g1basics,1,589,CAPTURE,3,303,248,10,0,0,0,0,44,20,170,100,2,6,1117,1211,17,0,37,56,282,27,,gauntlet/20261003-014247-scrim-g1basics/replays/awu7.ExplosiveBot__Fountain__botB.bc24,awu7.ExplosiveBot,1,g1basics
A,g1basics,1,1370,CAPTURE,3,876,338,47,0,0,0,0,28,40,135,175,7,17,1265,1254,12,0,49,295,852,131,ATK@600+HEAL@1200,gauntlet/20261003-014247-scrim-g1basics/replays/SampleProvider.TSPAARKSPRINT1__Hockey__botA.bc24,SampleProvider.TSPAARKSPRINT1,1,g1basics
B,TSPAARKSPRINT1,0,1370,CAPTURE,0,-1,254,21,0,3,27,0,55,1,3950,320,0,4,648,1923,6,31,6,68,131,852,ATK@600+CAP@1200,gauntlet/20261003-014247-scrim-g1basics/replays/SampleProvider.TSPAARKSPRINT1__Hockey__botA.bc24,SampleProvider.TSPAARKSPRINT1,0,g1basics
A,ExplosiveBot,0,1213,CAPTURE,0,-1,947,16,5,0,0,0,50,12,6700,7800,0,1,484,465,63,0,18,129,154,712,ATK@600+HEAL@1200,gauntlet/20261003-014247-scrim-g1basics/replays/awu7.ExplosiveBot__SteamboatMickey__botB.bc24,awu7.ExplosiveBot,0,g1basics
B,g1basics,1,1213,CAPTURE,3,690,219,21,0,0,0,0,3,76,645,315,11,4,923,896,27,0,170,383,712,154,ATK@600+HEAL@1200,gauntlet/20261003-014247-scrim-g1basics/replays/awu7.ExplosiveBot__SteamboatMickey__botB.bc24,awu7.ExplosiveBot,1,g1basics
A,finalbot,0,2000,MORE_FLAG_CAPTURES,1,504,340,14,7,3,33,60,53,12,3647,117,12,4,658,606,8,4,64,239,236,367,ATK@600+HEAL@1200+CAP@1800,gauntlet/20261003-014247-scrim-g1basics/replays/hsmalladi.finalbot__Diagonal__botB.bc24,hsmalladi.finalbot,0,g1basics
B,g1basics,1,2000,MORE_FLAG_CAPTURES,2,412,283,26,0,0,0,0,27,52,183,173,9,23,613,940,20,0,52,229,367,236,ATK@600+HEAL@1200+CAP@1800,gauntlet/20261003-014247-scrim-g1basics/replays/hsmalladi.finalbot__Diagonal__botB.bc24,hsmalladi.finalbot,1,g1basics
A,g1basics,1,887,CAPTURE,3,344,214,21,0,0,0,0,23,47,185,280,8,12,1368,1287,10,0,64,134,347,70,ATK@600,gauntlet/20261003-014247-scrim-g1basics/replays/SampleProvider.TSPAARKSPRINT1__Battlefield__botA.bc24,SampleProvider.TSPAARKSPRINT1,1,g1basics
B,TSPAARKSPRINT1,0,887,CAPTURE,0,-1,251,34,0,3,26,0,90,5,2900,40,0,14,732,1496,6,23,3,47,70,347,ATK@600,gauntlet/20261003-014247-scrim-g1basics/replays/SampleProvider.TSPAARKSPRINT1__Battlefield__botA.bc24,SampleProvider.TSPAARKSPRINT1,0,g1basics
A,g1basics,1,1014,CAPTURE,3,740,523,14,0,0,0,0,9,45,168,218,8,8,1310,1646,17,0,66,242,679,106,ATK@600,gauntlet/20261003-014247-scrim-g1basics/replays/awu7.ExplosiveBot__Alien__botA.bc24,awu7.ExplosiveBot,1,g1basics
B,ExplosiveBot,0,1014,CAPTURE,0,-1,232,7,0,0,0,0,10,10,4300,4480,0,43,964,1084,2,0,19,101,106,679,ATK@600,gauntlet/20261003-014247-scrim-g1basics/replays/awu7.ExplosiveBot__Alien__botA.bc24,awu7.ExplosiveBot,0,g1basics
A,g1basics,1,1377,CAPTURE,3,1266,1213,5,0,0,0,0,28,35,205,210,6,1,1314,1584,10,0,51,256,1020,398,ATK@600+HEAL@1200,gauntlet/20261003-014247-scrim-g1basics/replays/ColtG5.Goob_final__Bunkers__botA.bc24,ColtG5.Goob_final,1,g1basics
B,Goob_final,0,1377,CAPTURE,2,259,219,12,0,0,0,0,55,0,3550,90,0,14,1169,1015,0,0,57,205,398,1020,ATK@600+HEAL@1200,gauntlet/20261003-014247-scrim-g1basics/replays/ColtG5.Goob_final__Bunkers__botA.bc24,ColtG5.Goob_final,0,g1basics
A,defaultplayer_intlqualifier,0,1261,CAPTURE,1,398,319,20,10,3,19,0,35,11,3850,4650,0,5,389,889,5,20,8,64,62,928,ATK@600+HEAL@1200,gauntlet/20261003-014247-scrim-g1basics/replays/dmtrung14.defaultplayer_intlqualifier__Mountain__botB.bc24,dmtrung14.defaultplayer_intlqualifier,0,g1basics
B,g1basics,1,1261,CAPTURE,3,599,307,17,0,0,0,0,34,46,180,155,8,20,1107,548,15,0,47,82,928,62,ATK@600+HEAL@1200,gauntlet/20261003-014247-scrim-g1basics/replays/dmtrung14.defaultplayer_intlqualifier__Mountain__botB.bc24,dmtrung14.defaultplayer_intlqualifier,1,g1basics
A,defaultplayer_intlqualifier,0,624,CAPTURE,2,493,238,68,41,3,30,0,89,28,630,230,0,2,333,788,6,15,29,58,18,367,ATK@600,gauntlet/20261003-014247-scrim-g1basics/replays/dmtrung14.defaultplayer_intlqualifier__Swoop__botB.bc24,dmtrung14.defaultplayer_intlqualifier,0,g1basics
B,g1basics,1,624,CAPTURE,3,332,235,5,0,0,0,0,69,35,180,270,7,4,1546,564,14,0,67,82,367,18,ATK@600,gauntlet/20261003-014247-scrim-g1basics/replays/dmtrung14.defaultplayer_intlqualifier__Swoop__botB.bc24,dmtrung14.defaultplayer_intlqualifier,1,g1basics
A,cretplayer2_3,0,1554,CAPTURE,2,417,300,22,0,3,9,0,29,0,3730,870,0,2,655,640,0,5,54,167,237,658,ATK@600+HEAL@1200,gauntlet/20261003-014247-scrim-g1basics/replays/quesswho.cretplayer2_3__Funnel__botB.bc24,quesswho.cretplayer2_3,0,g1basics
B,g1basics,1,1554,CAPTURE,3,407,277,23,0,0,0,0,33,30,175,220,5,2,804,951,16,0,56,235,658,237,ATK@600+HEAL@1200,gauntlet/20261003-014247-scrim-g1basics/replays/quesswho.cretplayer2_3__Funnel__botB.bc24,quesswho.cretplayer2_3,1,g1basics
A,g1basics,1,1828,CAPTURE,3,1103,293,59,0,0,0,0,19,42,126,191,7,1,983,999,10,0,58,333,1107,532,ATK@600+HEAL@1200+CAP@1800,gauntlet/20261003-014247-scrim-g1basics/replays/quesswho.cretplayer2_3__Soccer__botA.bc24,quesswho.cretplayer2_3,1,g1basics
B,cretplayer2_3,0,1828,CAPTURE,2,402,248,42,0,3,16,0,21,0,4770,940,0,9,1080,928,0,6,63,222,532,1107,ATK@600+HEAL@1200+CAP@1800,gauntlet/20261003-014247-scrim-g1basics/replays/quesswho.cretplayer2_3__Soccer__botA.bc24,quesswho.cretplayer2_3,0,g1basics
A,g1basics,1,2000,LEVEL_SUM,0,-1,281,5,0,0,0,0,66,35,160,150,5,16,1054,1497,12,0,44,121,450,96,ATK@600+HEAL@1200+CAP@1800,gauntlet/20261003-014247-scrim-g1basics/replays/winkelmantanner.waffle__GravitationalWaves__botA.bc24,winkelmantanner.waffle,1,g1basics
B,waffle,0,2000,LEVEL_SUM,0,-1,0,0,0,0,0,0,64,27,1483,993,1,3,855,1605,0,0,53,113,96,450,ATK@600+HEAL@1200+CAP@1800,gauntlet/20261003-014247-scrim-g1basics/replays/winkelmantanner.waffle__GravitationalWaves__botA.bc24,winkelmantanner.waffle,0,g1basics
A,g1basics,1,2000,MORE_FLAG_CAPTURES,1,1123,360,51,0,0,0,0,43,29,173,188,4,5,1033,1483,17,0,30,263,646,401,ATK@600+HEAL@1200+CAP@1800,gauntlet/20261003-014247-scrim-g1basics/replays/Gymhgy.v10official__BreadPudding__botA.bc24,Gymhgy.v10official,1,g1basics
B,v10official,0,2000,MORE_FLAG_CAPTURES,0,-1,0,3,0,3,10,46,29,2,3093,27,8,1,900,1718,8,2,47,235,401,646,ATK@600+HEAL@1200+CAP@1800,gauntlet/20261003-014247-scrim-g1basics/replays/Gymhgy.v10official__BreadPudding__botA.bc24,Gymhgy.v10official,0,g1basics
A,jeeryfix3,0,1820,CAPTURE,2,404,241,43,0,0,0,0,179,3,1630,1660,0,4,976,645,0,0,71,244,403,1452,ATK@600+CAP@1200+HEAL@1800,gauntlet/20261003-014247-scrim-g1basics/replays/kyleezz.jeeryfix3__BigDucksBigPond__botB.bc24,kyleezz.jeeryfix3,0,g1basics
B,g1basics,1,1820,CAPTURE,3,1544,1464,9,0,0,0,0,96,36,170,195,6,31,961,1152,13,0,52,499,1452,403,ATK@600+HEAL@1200+CAP@1800,gauntlet/20261003-014247-scrim-g1basics/replays/kyleezz.jeeryfix3__BigDucksBigPond__botB.bc24,kyleezz.jeeryfix3,1,g1basics
A,g1basics,1,2000,MORE_FLAG_CAPTURES,2,1357,234,23,0,0,0,0,84,15,160,205,2,10,607,792,3,0,30,223,449,331,ATK@600+HEAL@1200+CAP@1800,gauntlet/20261003-014247-scrim-g1basics/replays/CyrilSharma.finalBot__Decision__botA.bc24,CyrilSharma.finalBot,1,g1basics
B,finalBot,0,2000,MORE_FLAG_CAPTURES,0,-1,255,37,0,0,0,60,25,3,1490,720,12,7,687,826,0,0,62,398,331,449,ATK@600+HEAL@1200+CAP@1800,gauntlet/20261003-014247-scrim-g1basics/replays/CyrilSharma.finalBot__Decision__botA.bc24,CyrilSharma.finalBot,0,g1basics
A,g1basics,1,1955,CAPTURE,3,1544,1155,6,0,0,0,0,41,20,280,215,3,17,1236,1682,11,0,29,240,1472,562,ATK@600+HEAL@1200+CAP@1800,gauntlet/20261003-014247-scrim-g1basics/replays/ColtG5.Goob_final__Fountain__botA.bc24,ColtG5.Goob_final,1,g1basics
B,Goob_final,0,1955,CAPTURE,1,764,732,2,0,0,0,0,72,0,1940,20,0,8,1050,994,0,0,28,187,562,1472,ATK@600+HEAL@1200+CAP@1800,gauntlet/20261003-014247-scrim-g1basics/replays/ColtG5.Goob_final__Fountain__botA.bc24,ColtG5.Goob_final,0,g1basics
A,g1basics,1,1161,CAPTURE,3,438,261,31,0,0,0,0,14,32,190,140,5,23,1164,1255,6,0,36,138,497,177,ATK@600,gauntlet/20261003-014247-scrim-g1basics/replays/SampleProvider.TSPAARKSPRINT1__Occulus__botA.bc24,SampleProvider.TSPAARKSPRINT1,1,g1basics
B,TSPAARKSPRINT1,0,1161,CAPTURE,2,404,249,54,0,3,23,0,21,4,3170,800,0,4,652,1438,30,23,8,105,177,497,ATK@600,gauntlet/20261003-014247-scrim-g1basics/replays/SampleProvider.TSPAARKSPRINT1__Occulus__botA.bc24,SampleProvider.TSPAARKSPRINT1,0,g1basics
A,defaultplayer_intlqualifier,0,514,CAPTURE,2,242,229,22,10,3,25,0,111,14,70,60,0,2,392,1040,6,13,11,30,14,240,,gauntlet/20261003-014247-scrim-g1basics/replays/dmtrung14.defaultplayer_intlqualifier__WheresMyWater__botB.bc24,dmtrung14.defaultplayer_intlqualifier,0,g1basics
B,g1basics,1,514,CAPTURE,3,331,258,7,0,0,0,0,60,27,135,126,5,1,1391,657,10,0,48,55,240,14,,gauntlet/20261003-014247-scrim-g1basics/replays/dmtrung14.defaultplayer_intlqualifier__WheresMyWater__botB.bc24,dmtrung14.defaultplayer_intlqualifier,1,g1basics
A,g1basics,1,2000,LEVEL_SUM,2,770,255,21,0,0,0,0,68,37,185,159,6,6,457,550,14,0,46,362,921,272,ATK@600+HEAL@1200+CAP@1800,gauntlet/20261003-014247-scrim-g1basics/replays/kyleezz.jeeryfix3__Hurricane__botA.bc24,kyleezz.jeeryfix3,1,g1basics
B,jeeryfix3,0,2000,LEVEL_SUM,2,1021,218,35,0,0,0,0,181,0,1470,1280,0,3,492,343,0,0,19,199,272,921,ATK@600+CAP@1200+HEAL@1800,gauntlet/20261003-014247-scrim-g1basics/replays/kyleezz.jeeryfix3__Hurricane__botA.bc24,kyleezz.jeeryfix3,0,g1basics
A,g1basics,1,771,CAPTURE,3,386,275,17,0,0,0,0,223,56,120,235,9,5,1100,1323,27,0,103,217,501,51,ATK@600,gauntlet/20261003-014247-scrim-g1basics/replays/awu7.ExplosiveBot__Waterworld__botA.bc24,awu7.ExplosiveBot,1,g1basics
B,ExplosiveBot,0,771,CAPTURE,1,457,277,16,11,0,0,0,513,9,10,30,0,22,715,747,5,0,14,36,51,501,ATK@600,gauntlet/20261003-014247-scrim-g1basics/replays/awu7.ExplosiveBot__Waterworld__botA.bc24,awu7.ExplosiveBot,0,g1basics
A,sprint1,0,522,CAPTURE,0,-1,466,1,0,0,0,0,171,90,1430,90,10,5,217,957,102,0,0,92,76,244,,gauntlet/20261003-014247-scrim-g1basics/replays/justinottesen.sprint1__Skyline__botB.bc24,justinottesen.sprint1,0,g1basics
B,g1basics,1,522,CAPTURE,3,349,311,7,0,0,0,0,96,103,9165,255,9,13,1645,813,24,0,197,197,244,76,,gauntlet/20261003-014247-scrim-g1basics/replays/justinottesen.sprint1__Skyline__botB.bc24,justinottesen.sprint1,1,g1basics
A,g1basics,1,2000,MORE_FLAG_CAPTURES,2,638,308,94,0,0,0,0,153,72,415,275,12,9,883,725,24,0,71,472,993,221,ATK@600+HEAL@1200+CAP@1800,gauntlet/20261003-014247-scrim-g1basics/replays/SampleProvider.TSPAARKSPRINT1__English__botA.bc24,SampleProvider.TSPAARKSPRINT1,1,g1basics
B,TSPAARKSPRINT1,0,2000,MORE_FLAG_CAPTURES,1,520,237,44,0,3,77,0,322,6,3040,20,0,7,465,1051,2,20,7,75,221,993,ATK@600+CAP@1200+HEAL@1800,gauntlet/20261003-014247-scrim-g1basics/replays/SampleProvider.TSPAARKSPRINT1__English__botA.bc24,SampleProvider.TSPAARKSPRINT1,0,g1basics
A,g1basics,1,910,CAPTURE,3,307,245,6,0,0,0,0,65,2,150,110,0,2,985,1215,1,0,11,30,374,167,ATK@600,gauntlet/20261003-014247-scrim-g1basics/replays/clbarrell.duck8__Racetrack__botA.bc24,clbarrell.duck8,1,g1basics
B,duck8,0,910,CAPTURE,2,317,237,19,0,0,0,0,0,20,20,90,2,6,925,950,4,0,46,103,167,374,ATK@750,gauntlet/20261003-014247-scrim-g1basics/replays/clbarrell.duck8__Racetrack__botA.bc24,clbarrell.duck8,0,g1basics
A,sprint1,0,660,CAPTURE,0,-1,372,4,0,0,0,0,263,0,10,20,0,5,208,728,3,0,0,4,17,476,ATK@600,gauntlet/20261003-014247-scrim-g1basics/replays/justinottesen.sprint1__Waterworld__botB.bc24,justinottesen.sprint1,0,g1basics
B,g1basics,1,660,CAPTURE,3,427,272,15,0,0,0,0,185,60,24,234,10,3,1592,343,24,0,107,171,476,17,ATK@600,gauntlet/20261003-014247-scrim-g1basics/replays/justinottesen.sprint1__Waterworld__botB.bc24,justinottesen.sprint1,1,g1basics
A,g1basics,1,817,CAPTURE,3,338,264,11,0,0,0,0,51,56,155,195,9,3,1477,661,25,0,83,214,530,48,ATK@600,gauntlet/20261003-014247-scrim-g1basics/replays/justinottesen.sprint1__Rainbow__botA.bc24,justinottesen.sprint1,1,g1basics
B,sprint1,0,817,CAPTURE,0,-1,279,5,0,0,0,0,56,2,6320,210,0,2,252,899,43,0,0,64,48,530,ATK@600,gauntlet/20261003-014247-scrim-g1basics/replays/justinottesen.sprint1__Rainbow__botA.bc24,justinottesen.sprint1,0,g1basics
A,g1basics,1,2000,MORE_FLAG_CAPTURES,2,1135,387,15,0,0,0,0,124,15,45,20,2,4,558,897,8,0,39,227,702,537,ATK@600+HEAL@1200+CAP@1800,gauntlet/20261003-014247-scrim-g1basics/replays/andrewgopher.player22__HeMustBeFreed__botA.bc24,andrewgopher.player22,1,g1basics
B,player22,0,2000,MORE_FLAG_CAPTURES,1,394,282,5,0,3,0,0,143,0,1110,3830,0,1,802,489,17,0,34,244,537,702,ATK@600+HEAL@1200+CAP@1800,gauntlet/20261003-014247-scrim-g1basics/replays/andrewgopher.player22__HeMustBeFreed__botA.bc24,andrewgopher.player22,0,g1basics
A,cretplayer2_3,0,1104,CAPTURE,0,-1,235,12,0,3,34,0,21,0,3270,970,0,5,927,463,0,4,37,95,152,846,ATK@600,gauntlet/20261003-014247-scrim-g1basics/replays/quesswho.cretplayer2_3__Gated__botB.bc24,quesswho.cretplayer2_3,0,g1basics
B,g1basics,1,1104,CAPTURE,3,910,368,27,0,0,0,0,31,25,160,111,4,3,1277,1442,6,0,43,113,846,152,ATK@600,gauntlet/20261003-014247-scrim-g1basics/replays/quesswho.cretplayer2_3__Gated__botB.bc24,quesswho.cretplayer2_3,1,g1basics
A,bling3,0,904,CAPTURE,0,-1,0,0,0,0,0,0,106,4,5620,19690,0,3,430,1118,90,0,4,143,149,245,ATK@600,gauntlet/20261003-014247-scrim-g1basics/replays/jonters.bling3__MIT__botB.bc24,jonters.bling3,0,g1basics
B,g1basics,1,904,CAPTURE,3,727,697,5,0,0,0,0,33,64,655,256,10,22,922,1312,24,0,280,227,245,149,ATK@600,gauntlet/20261003-014247-scrim-g1basics/replays/jonters.bling3__MIT__botB.bc24,jonters.bling3,1,g1basics
A,g1basics,1,1800,CAPTURE,3,1339,327,62,0,0,0,0,42,29,140,270,4,17,1411,1514,17,0,32,353,1262,314,ATK@600+HEAL@1200+CAP@1800,gauntlet/20261003-014247-scrim-g1basics/replays/jonters.bling3__BreadPudding__botA.bc24,jonters.bling3,1,g1basics
B,bling3,0,1800,CAPTURE,0,-1,249,4,0,0,0,0,50,3,2900,1150,0,20,829,1292,25,0,6,110,314,1262,ATK@600+HEAL@1200+CAP@1800,gauntlet/20261003-014247-scrim-g1basics/replays/jonters.bling3__BreadPudding__botA.bc24,jonters.bling3,0,g1basics
A,g1basics,1,1066,CAPTURE,3,472,370,13,0,0,0,0,25,28,175,180,5,13,938,1483,8,0,48,134,348,368,ATK@600,gauntlet/20261003-014247-scrim-g1basics/replays/hsmalladi.finalbot__KingQuacksCastle__botA.bc24,hsmalladi.finalbot,1,g1basics
B,finalbot,0,1066,CAPTURE,2,444,273,38,7,3,21,51,23,0,2480,119,10,0,1080,953,5,3,66,211,368,348,ATK@600,gauntlet/20261003-014247-scrim-g1basics/replays/hsmalladi.finalbot__KingQuacksCastle__botA.bc24,hsmalladi.finalbot,0,g1basics
A,waffle,0,1083,CAPTURE,1,474,288,74,0,0,0,0,1,44,11020,4225,3,2,1089,994,0,0,185,262,207,659,ATK@600,gauntlet/20261003-014247-scrim-g1basics/replays/winkelmantanner.waffle__CH3353C4K3F4CT0RY__botB.bc24,winkelmantanner.waffle,0,g1basics
B,g1basics,1,1083,CAPTURE,3,423,282,9,0,0,0,0,9,111,2920,190,12,2,1131,1283,24,0,138,277,659,207,ATK@600,gauntlet/20261003-014247-scrim-g1basics/replays/winkelmantanner.waffle__CH3353C4K3F4CT0RY__botB.bc24,winkelmantanner.waffle,1,g1basics
A,sprint1,0,1400,CAPTURE,0,-1,0,0,0,0,0,0,106,11,120,200,0,4,196,1356,16,0,0,57,67,1212,ATK@600,gauntlet/20261003-014247-scrim-g1basics/replays/justinottesen.sprint1__GravitationalWaves__botB.bc24,justinottesen.sprint1,0,g1basics
B,g1basics,1,1400,CAPTURE,3,1029,241,41,0,0,0,0,70,30,145,280,5,11,1404,283,12,0,43,310,1212,67,ATK@600+HEAL@1200,gauntlet/20261003-014247-scrim-g1basics/replays/justinottesen.sprint1__GravitationalWaves__botB.bc24,justinottesen.sprint1,1,g1basics
A,cretplayer2_3,0,506,CAPTURE,0,-1,239,4,0,3,22,0,18,0,3260,990,0,1,496,615,0,3,33,32,19,45,,gauntlet/20261003-014247-scrim-g1basics/replays/quesswho.cretplayer2_3__OceanFloor__botB.bc24,quesswho.cretplayer2_3,0,g1basics
B,g1basics,1,506,CAPTURE,3,438,297,5,0,0,0,0,39,25,175,135,4,2,548,700,1,0,42,19,45,19,,gauntlet/20261003-014247-scrim-g1basics/replays/quesswho.cretplayer2_3__OceanFloor__botB.bc24,quesswho.cretplayer2_3,1,g1basics
A,g1basics,1,1000,CAPTURE,3,581,365,12,0,0,0,0,189,81,610,2374,12,3,906,1141,24,0,345,430,365,190,ATK@600,gauntlet/20261003-014247-scrim-g1basics/replays/winkelmantanner.waffle__Snake__botA.bc24,winkelmantanner.waffle,1,g1basics
B,waffle,0,1000,CAPTURE,1,720,487,23,0,0,0,0,29,3,14130,8823,0,13,786,736,0,0,176,265,190,365,ATK@600,gauntlet/20261003-014247-scrim-g1basics/replays/winkelmantanner.waffle__Snake__botA.bc24,winkelmantanner.waffle,0,g1basics
A,g1basics,1,738,CAPTURE,3,320,267,4,0,0,0,0,11,33,135,160,5,2,1041,1217,20,0,63,106,280,122,ATK@600,gauntlet/20261003-014247-scrim-g1basics/replays/clbarrell.duck8__AceOfSpades__botA.bc24,clbarrell.duck8,1,g1basics
B,duck8,0,738,CAPTURE,2,347,274,17,0,0,0,0,14,31,20,9100,3,14,1002,1234,7,0,188,246,122,280,,gauntlet/20261003-014247-scrim-g1basics/replays/clbarrell.duck8__AceOfSpades__botA.bc24,clbarrell.duck8,0,g1basics
A,defaultplayer_intlqualifier,0,893,CAPTURE,2,331,276,35,20,3,14,0,25,22,5250,10860,0,1,269,640,6,39,30,97,27,473,ATK@600,gauntlet/20261003-014247-scrim-g1basics/replays/dmtrung14.defaultplayer_intlqualifier__SteamboatMickey__botB.bc24,dmtrung14.defaultplayer_intlqualifier,0,g1basics
B,g1basics,1,893,CAPTURE,3,270,213,7,0,0,0,0,6,75,630,40,11,3,892,467,24,0,100,164,473,27,ATK@600,gauntlet/20261003-014247-scrim-g1basics/replays/dmtrung14.defaultplayer_intlqualifier__SteamboatMickey__botB.bc24,dmtrung14.defaultplayer_intlqualifier,1,g1basics
A,g1basics,1,796,CAPTURE,3,510,285,8,0,0,0,0,58,29,125,175,5,3,720,842,9,0,53,72,240,92,ATK@600,gauntlet/20261003-014247-scrim-g1basics/replays/clbarrell.duck8__Duck__botA.bc24,clbarrell.duck8,1,g1basics
B,duck8,0,796,CAPTURE,0,-1,296,10,0,0,0,0,29,37,50,100,3,4,647,658,8,0,51,79,92,240,ATK@750,gauntlet/20261003-014247-scrim-g1basics/replays/clbarrell.duck8__Duck__botA.bc24,clbarrell.duck8,0,g1basics
A,ExplosiveBot,0,1038,CAPTURE,0,-1,245,20,5,0,0,0,56,11,2720,240,0,35,885,971,20,0,17,86,98,773,ATK@600,gauntlet/20261003-014247-scrim-g1basics/replays/awu7.ExplosiveBot__Hockey__botB.bc24,awu7.ExplosiveBot,0,g1basics
B,g1basics,1,1038,CAPTURE,3,475,273,8,0,0,0,0,29,41,205,230,6,5,1227,1732,13,0,69,264,773,98,ATK@600,gauntlet/20261003-014247-scrim-g1basics/replays/awu7.ExplosiveBot__Hockey__botB.bc24,awu7.ExplosiveBot,1,g1basics
A,finalBot,0,2000,MORE_FLAG_CAPTURES,0,-1,460,7,0,0,0,60,36,0,1791,750,12,4,966,1299,0,0,65,308,454,979,ATK@600+HEAL@1200+CAP@1800,gauntlet/20261003-014247-scrim-g1basics/replays/CyrilSharma.finalBot__Rivers__botB.bc24,CyrilSharma.finalBot,0,g1basics
B,g1basics,1,2000,MORE_FLAG_CAPTURES,1,586,547,9,0,0,0,0,29,28,145,135,4,6,1084,1398,3,0,49,290,979,454,ATK@600+HEAL@1200+CAP@1800,gauntlet/20261003-014247-scrim-g1basics/replays/CyrilSharma.finalBot__Rivers__botB.bc24,CyrilSharma.finalBot,1,g1basics
A,g1basics,1,2000,MORE_FLAG_CAPTURES,2,807,265,24,0,0,0,0,31,25,151,176,5,9,825,985,8,0,44,267,732,607,ATK@600+HEAL@1200+CAP@1800,gauntlet/20261003-014247-scrim-g1basics/replays/NotLLeon.v3__Gated__botA.bc24,NotLLeon.v3,1,g1basics
B,v3,0,2000,MORE_FLAG_CAPTURES,1,894,241,88,8,0,0,0,15,0,3450,3330,0,1,952,811,0,0,75,284,607,732,ATK@600+HEAL@1200+CAP@1800,gauntlet/20261003-014247-scrim-g1basics/replays/NotLLeon.v3__Gated__botA.bc24,NotLLeon.v3,0,g1basics
A,g1basics,1,1072,CAPTURE,3,738,650,12,0,0,0,0,223,55,33,268,9,4,982,1088,24,0,86,233,615,145,ATK@600,gauntlet/20261003-014247-scrim-g1basics/replays/clbarrell.duck8__Waterworld__botA.bc24,clbarrell.duck8,1,g1basics
B,duck8,0,1072,CAPTURE,0,-1,0,0,0,0,0,0,151,25,40,90,2,12,683,588,3,0,37,97,145,615,ATK@750,gauntlet/20261003-014247-scrim-g1basics/replays/clbarrell.duck8__Waterworld__botA.bc24,clbarrell.duck8,0,g1basics
A,defaultplayer_intlqualifier,0,779,CAPTURE,0,-1,0,3,0,3,24,0,89,9,730,610,0,1,101,276,6,16,1,36,19,226,ATK@600,gauntlet/20261003-014247-scrim-g1basics/replays/dmtrung14.defaultplayer_intlqualifier__EndAround__botB.bc24,dmtrung14.defaultplayer_intlqualifier,0,g1basics
B,g1basics,1,779,CAPTURE,3,638,271,13,0,0,0,0,75,21,175,10,3,4,354,190,13,0,27,40,226,19,ATK@600,gauntlet/20261003-014247-scrim-g1basics/replays/dmtrung14.defaultplayer_intlqualifier__EndAround__botB.bc24,dmtrung14.defaultplayer_intlqualifier,1,g1basics
A,defaultplayer_intlqualifier,0,833,CAPTURE,2,245,210,29,15,3,17,0,45,27,50,60,0,10,455,1105,6,18,29,82,23,521,ATK@600,gauntlet/20261003-014247-scrim-g1basics/replays/dmtrung14.defaultplayer_intlqualifier__Ambush__botB.bc24,dmtrung14.defaultplayer_intlqualifier,0,g1basics
B,g1basics,1,833,CAPTURE,3,429,210,8,0,0,0,0,34,33,195,140,5,17,1369,697,4,0,40,49,521,23,ATK@600,gauntlet/20261003-014247-scrim-g1basics/replays/dmtrung14.defaultplayer_intlqualifier__Ambush__botB.bc24,dmtrung14.defaultplayer_intlqualifier,1,g1basics
A,g1basics,1,588,CAPTURE,3,541,281,14,0,0,0,0,74,27,170,155,4,8,1514,610,19,0,55,88,300,25,,gauntlet/20261003-014247-scrim-g1basics/replays/justinottesen.sprint1__QueenOfHearts__botA.bc24,justinottesen.sprint1,1,g1basics
B,sprint1,0,588,CAPTURE,0,-1,442,2,0,0,0,0,129,10,30,30,1,6,235,1119,13,0,0,19,25,300,,gauntlet/20261003-014247-scrim-g1basics/replays/justinottesen.sprint1__QueenOfHearts__botA.bc24,justinottesen.sprint1,0,g1basics
A,g1basics,1,1758,CAPTURE,3,436,398,25,0,0,0,0,6,109,615,215,11,24,1074,1429,24,0,112,436,1069,319,ATK@600+HEAL@1200,gauntlet/20261003-014247-scrim-g1basics/replays/jonters.bling3__YearOfTheDragon__botA.bc24,jonters.bling3,1,g1basics
B,bling3,0,1758,CAPTURE,1,551,413,2,0,0,0,0,28,9,10560,4080,0,10,703,1246,65,0,3,151,319,1069,ATK@600+HEAL@1200,gauntlet/20261003-014247-scrim-g1basics/replays/jonters.bling3__YearOfTheDragon__botA.bc24,jonters.bling3,0,g1basics
A,finalbot,0,1341,CAPTURE,2,311,271,52,8,3,20,57,72,0,2506,114,11,0,1053,1289,3,3,35,201,409,420,ATK@600+HEAL@1200,gauntlet/20261003-014247-scrim-g1basics/replays/hsmalladi.finalbot__TreeSearch__botB.bc24,hsmalladi.finalbot,0,g1basics
B,g1basics,1,1341,CAPTURE,3,952,278,13,0,0,0,0,73,25,170,205,4,2,934,1546,17,0,60,183,420,409,ATK@600+HEAL@1200,gauntlet/20261003-014247-scrim-g1basics/replays/hsmalladi.finalbot__TreeSearch__botB.bc24,hsmalladi.finalbot,1,g1basics
A,g1basics,1,2000,LEVEL_SUM,2,541,455,7,0,0,0,0,92,48,155,145,9,3,685,927,16,0,41,375,887,347,ATK@600+HEAL@1200+CAP@1800,gauntlet/20261003-014247-scrim-g1basics/replays/winkelmantanner.waffle__Klein__botA.bc24,winkelmantanner.waffle,1,g1basics
B,waffle,0,2000,LEVEL_SUM,2,314,237,51,0,0,0,0,59,3,6330,3200,0,20,746,840,0,0,82,260,347,887,ATK@600+HEAL@1200+CAP@1800,gauntlet/20261003-014247-scrim-g1basics/replays/winkelmantanner.waffle__Klein__botA.bc24,winkelmantanner.waffle,0,g1basics
A,TSPAARKSPRINT1,1,1477,CAPTURE,3,1045,277,83,0,3,35,0,41,0,8470,6510,0,4,460,1280,43,25,5,125,155,572,ATK@600+CAP@1200,gauntlet/20261003-015453-scrim-g1basics/losses/SampleProvider.TSPAARKSPRINT1__SteamboatMickey__botB.bc24,SampleProvider.TSPAARKSPRINT1,0,g1basics
B,g1basics,0,1477,CAPTURE,2,863,258,30,0,0,0,0,3,76,670,280,11,2,902,1267,24,0,161,311,572,155,ATK@600+HEAL@1200,gauntlet/20261003-015453-scrim-g1basics/losses/SampleProvider.TSPAARKSPRINT1__SteamboatMickey__botB.bc24,SampleProvider.TSPAARKSPRINT1,1,g1basics
A,g1basics,0,1483,CAPTURE,1,1225,435,8,0,0,0,0,72,17,135,175,3,13,1023,1234,5,0,29,213,833,372,ATK@600+HEAL@1200,gauntlet/20261003-015453-scrim-g1basics/losses/kyleezz.jeeryfix3__Decision__botA.bc24,kyleezz.jeeryfix3,1,g1basics
B,jeeryfix3,1,1483,CAPTURE,3,441,234,50,0,0,0,0,142,0,40,300,0,9,963,581,0,0,20,146,372,833,ATK@600+CAP@1200,gauntlet/20261003-015453-scrim-g1basics/losses/kyleezz.jeeryfix3__Decision__botA.bc24,kyleezz.jeeryfix3,0,g1basics
A,g1basics,0,2000,MORE_FLAG_CAPTURES,0,-1,0,0,0,0,0,0,44,29,245,225,5,23,1238,1632,10,0,42,328,1436,392,ATK@600+HEAL@1200+CAP@1800,gauntlet/20261003-015453-scrim-g1basics/losses/ColtG5.Goob_final__BreadPudding__botA.bc24,ColtG5.Goob_final,1,g1basics
B,Goob_final,1,2000,MORE_FLAG_CAPTURES,1,666,249,9,0,0,0,0,55,0,3350,490,0,11,1119,992,1,0,60,224,392,1436,ATK@600+HEAL@1200+CAP@1800,gauntlet/20261003-015453-scrim-g1basics/losses/ColtG5.Goob_final__BreadPudding__botA.bc24,ColtG5.Goob_final,0,g1basics
A,g1basics,0,561,CAPTURE,0,-1,278,5,0,0,0,0,48,33,180,110,5,3,1215,1271,20,0,74,88,200,97,,gauntlet/20261003-015453-scrim-g1basics/losses/winkelmantanner.waffle__Alligator__botA.bc24,winkelmantanner.waffle,1,g1basics
B,waffle,1,561,CAPTURE,3,349,278,31,0,0,0,0,12,24,2950,1440,1,8,1048,904,0,0,90,98,97,200,,gauntlet/20261003-015453-scrim-g1basics/losses/winkelmantanner.waffle__Alligator__botA.bc24,winkelmantanner.waffle,0,g1basics
A,g1basics,0,2000,MORE_FLAG_CAPTURES,0,-1,0,0,0,0,0,0,26,38,180,160,6,4,1041,1645,13,0,47,235,631,837,ATK@600+HEAL@1200+CAP@1800,gauntlet/20261003-015453-scrim-g1basics/losses/NotLLeon.v3__Hockey__botA.bc24,NotLLeon.v3,1,g1basics
B,v3,1,2000,MORE_FLAG_CAPTURES,2,1643,383,21,6,0,0,0,38,0,4560,3130,0,3,1113,1479,0,0,70,378,837,631,ATK@600+HEAL@1200+CAP@1800,gauntlet/20261003-015453-scrim-g1basics/losses/NotLLeon.v3__Hockey__botA.bc24,NotLLeon.v3,0,g1basics
A,g1basics,0,2000,MORE_FLAG_CAPTURES,0,-1,246,10,0,0,0,0,23,58,150,125,10,3,517,607,22,0,57,210,198,307,ATK@600+HEAL@1200+CAP@1800,gauntlet/20261003-015453-scrim-g1basics/losses/andli28.v9_USQuals_angle__Diagonal__botA.bc24,andli28.v9_USQuals_angle,1,g1basics
B,v9_USQuals_angle,1,2000,MORE_FLAG_CAPTURES,1,393,277,4,0,0,0,86,9,15,3589,2829,18,6,628,569,5,3,84,298,307,198,ATK@600+HEAL@1200+CAP@1800,gauntlet/20261003-015453-scrim-g1basics/losses/andli28.v9_USQuals_angle__Diagonal__botA.bc24,andli28.v9_USQuals_angle,0,g1basics
A,camel_case_v21_final,1,393,CAPTURE,3,265,236,9,0,0,0,0,28,29,1460,60,0,1,1588,551,0,0,93,90,141,70,,gauntlet/20261003-015453-scrim-g1basics/losses/jmerle.camel_case_v21_final__Bunkers__botB.bc24,jmerle.camel_case_v21_final,0,g1basics
B,g1basics,0,393,CAPTURE,0,-1,338,1,0,0,0,0,27,37,195,230,6,4,798,1110,10,0,49,42,70,141,,gauntlet/20261003-015453-scrim-g1basics/losses/jmerle.camel_case_v21_final__Bunkers__botB.bc24,jmerle.camel_case_v21_final,1,g1basics
A,g1basics,0,2000,LEVEL_SUM,2,474,385,14,0,0,0,0,58,4,160,150,0,4,849,1328,1,0,17,132,349,842,ATK@600+HEAL@1200+CAP@1800,gauntlet/20261003-015453-scrim-g1basics/losses/chenyx512.flagbot_final__QuestionableChess__botA.bc24,chenyx512.flagbot_final,1,g1basics
B,flagbot_final,1,2000,LEVEL_SUM,2,747,718,12,0,3,6,70,48,0,26,21,13,16,862,1357,0,0,1,458,842,349,ATK@600+HEAL@1200+CAP@1800,gauntlet/20261003-015453-scrim-g1basics/losses/chenyx512.flagbot_final__QuestionableChess__botA.bc24,chenyx512.flagbot_final,0,g1basics
A,v3,1,567,CAPTURE,3,311,260,43,24,0,0,0,15,0,5550,3360,0,10,1062,1011,0,0,103,132,98,116,,gauntlet/20261003-015453-scrim-g1basics/losses/NotLLeon.v3__Capacitance__botB.bc24,NotLLeon.v3,0,g1basics
B,g1basics,0,567,CAPTURE,0,-1,552,1,0,0,0,0,25,42,180,195,7,1,943,1286,15,0,66,64,116,98,,gauntlet/20261003-015453-scrim-g1basics/losses/NotLLeon.v3__Capacitance__botB.bc24,NotLLeon.v3,1,g1basics
A,g1basics,0,1779,CAPTURE,1,761,287,28,0,0,0,0,153,72,395,235,12,22,814,1217,24,0,68,247,178,875,ATK@600+HEAL@1200,gauntlet/20261003-015453-scrim-g1basics/losses/chenyx512.flagbot_final__English__botA.bc24,chenyx512.flagbot_final,1,g1basics
B,flagbot_final,1,1779,CAPTURE,3,1420,332,17,0,3,74,90,392,0,438,43,18,4,969,1476,0,0,31,502,875,178,ATK@600+HEAL@1200,gauntlet/20261003-015453-scrim-g1basics/losses/chenyx512.flagbot_final__English__botA.bc24,chenyx512.flagbot_final,0,g1basics
A,g1basics,0,668,CAPTURE,0,-1,637,1,0,0,0,0,28,47,265,305,8,40,1442,1838,9,0,59,94,304,115,ATK@600,gauntlet/20261003-015453-scrim-g1basics/losses/ColtG5.Goob_final__Battlefield__botA.bc24,ColtG5.Goob_final,1,g1basics
B,Goob_final,1,668,CAPTURE,3,326,220,19,0,0,0,0,79,0,3730,110,0,11,1261,1110,0,0,63,91,115,304,ATK@600,gauntlet/20261003-015453-scrim-g1basics/losses/ColtG5.Goob_final__Battlefield__botA.bc24,ColtG5.Goob_final,0,g1basics
A,duck0127v5,1,1554,CAPTURE,3,883,820,12,0,0,0,79,21,0,601,21,15,6,740,978,0,0,9,344,543,310,ATK@600+HEAL@1200,gauntlet/20261003-015453-scrim-g1basics/losses/Strequals.duck0127v5__Racetrack__botB.bc24,Strequals.duck0127v5,0,g1basics
B,g1basics,0,1554,CAPTURE,2,301,230,20,0,0,0,0,67,2,90,20,0,4,787,1184,1,0,7,96,310,543,ATK@600+HEAL@1200,gauntlet/20261003-015453-scrim-g1basics/losses/Strequals.duck0127v5__Racetrack__botB.bc24,Strequals.duck0127v5,1,g1basics
A,player22,1,2000,MORE_FLAG_CAPTURES,1,434,300,9,2,3,0,0,45,0,7050,1340,0,4,1159,428,19,0,62,365,732,839,ATK@600+HEAL@1200+CAP@1800,gauntlet/20261003-015453-scrim-g1basics/losses/andrewgopher.player22__Rainbow__botB.bc24,andrewgopher.player22,0,g1basics
B,g1basics,0,2000,MORE_FLAG_CAPTURES,0,-1,808,3,0,0,0,0,53,56,155,200,10,2,866,1485,24,0,57,260,839,732,ATK@600+HEAL@1200+CAP@1800,gauntlet/20261003-015453-scrim-g1basics/losses/andrewgopher.player22__Rainbow__botB.bc24,andrewgopher.player22,1,g1basics
A,v10official,1,2000,MORE_FLAG_CAPTURES,2,531,341,52,39,3,18,62,81,2,5960,5070,12,3,1010,1593,4,2,104,338,463,366,ATK@600+HEAL@1200+CAP@1800,gauntlet/20261003-015453-scrim-g1basics/losses/Gymhgy.v10official__Fusbol__botB.bc24,Gymhgy.v10official,0,g1basics
B,g1basics,0,2000,MORE_FLAG_CAPTURES,0,-1,350,26,0,0,0,0,86,44,693,263,4,15,1013,1343,21,0,44,181,366,463,ATK@600+HEAL@1200+CAP@1800,gauntlet/20261003-015453-scrim-g1basics/losses/Gymhgy.v10official__Fusbol__botB.bc24,Gymhgy.v10official,1,g1basics
A,duck0127v5,1,899,CAPTURE,3,406,307,11,0,0,0,90,20,3,1550,905,18,2,763,939,0,2,63,175,168,95,ATK@600,gauntlet/20261003-015453-scrim-g1basics/losses/Strequals.duck0127v5__Decision__botB.bc24,Strequals.duck0127v5,0,g1basics
B,g1basics,0,899,CAPTURE,1,879,298,20,0,0,0,0,77,16,195,135,2,9,618,1109,3,0,24,37,95,168,ATK@600,gauntlet/20261003-015453-scrim-g1basics/losses/Strequals.duck0127v5__Decision__botB.bc24,Strequals.duck0127v5,1,g1basics
A,g1basics,0,2000,LEVEL_SUM,0,-1,452,33,0,0,0,0,71,38,125,165,7,12,725,1144,13,0,51,164,155,233,ATK@600+HEAL@1200+CAP@1800,gauntlet/20261003-015453-scrim-g1basics/losses/IvanGeffner.kuma__Hurricane__botA.bc24,IvanGeffner.kuma,1,g1basics
B,kuma,1,2000,LEVEL_SUM,0,-1,311,2,1,0,0,90,95,3,2464,1504,18,3,865,1061,4,0,87,269,233,155,ATK@600+HEAL@1200+CAP@1800,gauntlet/20261003-015453-scrim-g1basics/losses/IvanGeffner.kuma__Hurricane__botA.bc24,IvanGeffner.kuma,0,g1basics
A,g1basics,0,1368,CAPTURE,0,-1,253,3,0,0,0,0,14,26,145,245,4,30,735,822,3,0,52,169,549,1073,ATK@600+HEAL@1200,gauntlet/20261003-015453-scrim-g1basics/losses/jmerle.camel_case_v21_final__Digging__botA.bc24,jmerle.camel_case_v21_final,1,g1basics
B,camel_case_v21_final,1,1368,CAPTURE,3,279,235,28,0,0,0,0,12,0,2740,150,0,4,1591,588,0,0,102,462,1073,549,ATK@600+HEAL@1200,gauntlet/20261003-015453-scrim-g1basics/losses/jmerle.camel_case_v21_final__Digging__botA.bc24,jmerle.camel_case_v21_final,0,g1basics
A,g1basics,0,1397,CAPTURE,0,-1,314,28,0,0,0,0,48,27,60,130,4,6,912,1159,9,0,58,140,271,302,ATK@600+HEAL@1200,gauntlet/20261003-015453-scrim-g1basics/losses/NotLLeon.v3__Funnel__botA.bc24,NotLLeon.v3,1,g1basics
B,v3,1,1397,CAPTURE,3,402,297,93,41,0,0,0,24,0,3880,620,0,6,968,1027,0,0,86,212,302,271,ATK@600+HEAL@1200,gauntlet/20261003-015453-scrim-g1basics/losses/NotLLeon.v3__Funnel__botA.bc24,NotLLeon.v3,0,g1basics
A,g1basics,0,1299,CAPTURE,1,1181,396,26,0,0,0,0,22,40,205,185,7,21,1193,1535,12,0,48,164,346,268,ATK@600+HEAL@1200,gauntlet/20261003-015453-scrim-g1basics/losses/Gymhgy.v10official__Soccer__botA.bc24,Gymhgy.v10official,1,g1basics
B,v10official,1,1299,CAPTURE,3,349,314,80,59,3,28,90,24,1,3132,27,18,0,1072,1812,0,1,64,223,268,346,ATK@600+HEAL@1200,gauntlet/20261003-015453-scrim-g1basics/losses/Gymhgy.v10official__Soccer__botA.bc24,Gymhgy.v10official,0,g1basics
A,v3,1,2000,MORE_FLAG_CAPTURES,2,310,295,19,2,0,0,0,26,0,3420,2570,0,16,745,871,0,0,65,327,600,609,ATK@600+HEAL@1200+CAP@1800,gauntlet/20261003-015453-scrim-g1basics/losses/NotLLeon.v3__Klein__botB.bc24,NotLLeon.v3,0,g1basics
B,g1basics,0,2000,MORE_FLAG_CAPTURES,1,1377,422,18,0,0,0,0,96,45,140,190,8,2,761,1020,21,0,50,208,609,600,ATK@600+HEAL@1200+CAP@1800,gauntlet/20261003-015453-scrim-g1basics/losses/NotLLeon.v3__Klein__botB.bc24,NotLLeon.v3,1,g1basics
A,g1basics,0,431,CAPTURE,0,-1,0,0,0,0,0,0,28,27,175,205,4,1,1036,1678,6,0,47,30,100,72,,gauntlet/20261003-015453-scrim-g1basics/losses/andrewgopher.player22__Rivers__botA.bc24,andrewgopher.player22,1,g1basics
B,player22,1,431,CAPTURE,3,301,253,10,2,3,0,0,44,0,2580,1550,0,9,1353,905,10,0,41,42,72,100,,gauntlet/20261003-015453-scrim-g1basics/losses/andrewgopher.player22__Rivers__botA.bc24,andrewgopher.player22,0,g1basics
A,v9_USQuals_angle,1,2000,MORE_FLAG_CAPTURES,2,384,270,18,0,0,0,72,7,9,3807,1999,14,19,966,1071,4,4,109,549,699,409,ATK@600+HEAL@1200+CAP@1800,gauntlet/20261003-015453-scrim-g1basics/losses/andli28.v9_USQuals_angle__Randy__botB.bc24,andli28.v9_USQuals_angle,0,g1basics
B,g1basics,0,2000,MORE_FLAG_CAPTURES,0,-1,955,6,0,0,0,0,6,49,180,165,9,16,924,1342,14,0,57,253,409,699,ATK@600+HEAL@1200+CAP@1800,gauntlet/20261003-015453-scrim-g1basics/losses/andli28.v9_USQuals_angle__Randy__botB.bc24,andli28.v9_USQuals_angle,1,g1basics
A,duck0127v5,1,1004,CAPTURE,3,242,217,16,0,0,0,90,22,11,2890,1860,18,26,1244,1444,0,3,84,247,356,178,ATK@600,gauntlet/20261003-015453-scrim-g1basics/losses/Strequals.duck0127v5__Yinyang__botB.bc24,Strequals.duck0127v5,0,g1basics
B,g1basics,0,1004,CAPTURE,2,541,511,4,0,0,0,0,3,46,190,185,8,1,946,1617,9,0,57,102,178,356,ATK@600,gauntlet/20261003-015453-scrim-g1basics/losses/Strequals.duck0127v5__Yinyang__botB.bc24,Strequals.duck0127v5,1,g1basics
A,finalBot,1,2000,MORE_FLAG_CAPTURES,2,245,217,10,0,0,0,43,21,0,4412,8815,7,17,856,1077,0,0,141,427,346,661,ATK@600+HEAL@1200+CAP@1800,gauntlet/20261003-015453-scrim-g1basics/losses/CyrilSharma.finalBot__Randy__botB.bc24,CyrilSharma.finalBot,0,g1basics
B,g1basics,0,2000,MORE_FLAG_CAPTURES,1,991,286,8,0,0,0,0,6,50,215,265,9,8,804,1049,12,0,63,165,661,346,ATK@600+HEAL@1200+CAP@1800,gauntlet/20261003-015453-scrim-g1basics/losses/CyrilSharma.finalBot__Randy__botB.bc24,CyrilSharma.finalBot,1,g1basics
A,finalbot,1,1226,CAPTURE,3,402,306,112,28,3,9,5,104,1,1480,30,0,1,869,814,0,3,18,111,261,553,ATK@600+HEAL@1200,gauntlet/20261003-015453-scrim-g1basics/losses/hsmalladi.finalbot__Intercontinental__botB.bc24,hsmalladi.finalbot,0,g1basics
B,g1basics,0,1226,CAPTURE,2,694,295,13,0,0,0,0,87,14,130,100,1,5,780,1191,9,0,18,88,553,261,ATK@600+HEAL@1200,gauntlet/20261003-015453-scrim-g1basics/losses/hsmalladi.finalbot__Intercontinental__botB.bc24,hsmalladi.finalbot,1,g1basics
A,g1basics,0,464,CAPTURE,0,-1,248,4,0,0,0,0,72,49,215,255,9,0,856,1217,15,0,62,62,116,126,,gauntlet/20261003-015453-scrim-g1basics/losses/jmerle.camel_case_v21_final__Islands__botA.bc24,jmerle.camel_case_v21_final,1,g1basics
B,camel_case_v21_final,1,464,CAPTURE,3,308,247,9,0,0,0,0,61,11,5270,3100,0,2,1325,496,0,0,99,108,126,116,,gauntlet/20261003-015453-scrim-g1basics/losses/jmerle.camel_case_v21_final__Islands__botA.bc24,jmerle.camel_case_v21_final,0,g1basics
A,kuma,1,2000,MORE_FLAG_CAPTURES,2,1635,242,19,10,0,0,90,15,0,4125,1415,18,9,1141,1282,4,0,99,437,719,522,ATK@600+HEAL@1200+CAP@1800,gauntlet/20261003-015453-scrim-g1basics/losses/IvanGeffner.kuma__Capacitance__botB.bc24,IvanGeffner.kuma,0,g1basics
B,g1basics,0,2000,MORE_FLAG_CAPTURES,0,-1,0,0,0,0,0,0,21,46,185,200,8,21,932,1390,16,0,65,264,522,719,ATK@600+HEAL@1200+CAP@1800,gauntlet/20261003-015453-scrim-g1basics/losses/IvanGeffner.kuma__Capacitance__botB.bc24,IvanGeffner.kuma,1,g1basics
A,v9_USQuals_angle,1,2000,LEVEL_SUM,0,-1,593,32,0,0,0,78,0,5,2569,3238,16,3,996,1284,5,3,76,435,661,478,ATK@600+HEAL@1200+CAP@1800,gauntlet/20261003-015453-scrim-g1basics/losses/andli28.v9_USQuals_angle__Valentine__botB.bc24,andli28.v9_USQuals_angle,0,g1basics
B,g1basics,0,2000,LEVEL_SUM,0,-1,0,0,0,0,0,0,0,38,175,130,6,5,787,1412,11,0,51,269,478,661,ATK@600+HEAL@1200+CAP@1800,gauntlet/20261003-015453-scrim-g1basics/losses/andli28.v9_USQuals_angle__Valentine__botB.bc24,andli28.v9_USQuals_angle,1,g1basics
A,g1basics,0,1192,CAPTURE,2,286,260,20,0,0,0,0,0,46,190,40,8,2,1034,1422,11,0,45,137,361,240,ATK@600,gauntlet/20261003-015453-scrim-g1basics/losses/Gymhgy.v10official__Yinyang__botA.bc24,Gymhgy.v10official,1,g1basics
B,v10official,1,1192,CAPTURE,3,260,247,65,35,3,13,80,0,2,3775,30,16,1,890,1531,15,2,29,167,240,361,ATK@600,gauntlet/20261003-015453-scrim-g1basics/losses/Gymhgy.v10official__Yinyang__botA.bc24,Gymhgy.v10official,0,g1basics
A,g1basics,0,1027,CAPTURE,2,499,261,20,0,0,0,0,71,51,135,225,9,13,973,1655,20,0,49,126,86,537,ATK@600,gauntlet/20261003-015453-scrim-g1basics/losses/chenyx512.flagbot_final__Islands__botA.bc24,chenyx512.flagbot_final,1,g1basics
B,flagbot_final,1,1027,CAPTURE,3,588,484,19,0,3,66,90,216,2,308,58,18,6,1279,1745,0,0,39,231,537,86,ATK@600,gauntlet/20261003-015453-scrim-g1basics/losses/chenyx512.flagbot_final__Islands__botA.bc24,chenyx512.flagbot_final,0,g1basics
A,v3,1,688,CAPTURE,3,504,266,33,16,0,0,0,47,0,2690,1290,0,12,824,942,0,0,48,66,109,155,ATK@600,gauntlet/20261003-015453-scrim-g1basics/losses/NotLLeon.v3__Fountain__botB.bc24,NotLLeon.v3,0,g1basics
B,g1basics,0,688,CAPTURE,1,362,234,21,0,0,0,0,43,20,190,30,2,4,792,1218,8,0,26,38,155,109,ATK@600,gauntlet/20261003-015453-scrim-g1basics/losses/NotLLeon.v3__Fountain__botB.bc24,NotLLeon.v3,1,g1basics
A,g1basics,0,1827,CAPTURE,2,1529,1506,3,0,0,0,0,62,3,140,100,0,5,1227,1507,1,0,17,221,1258,606,ATK@600+HEAL@1200+CAP@1800,gauntlet/20261003-015453-scrim-g1basics/losses/ColtG5.Goob_final__QuestionableChess__botA.bc24,ColtG5.Goob_final,1,g1basics
B,Goob_final,1,1827,CAPTURE,3,250,226,33,0,0,0,0,79,0,30,70,0,8,1161,1077,0,0,14,233,606,1258,ATK@600+HEAL@1200+CAP@1800,gauntlet/20261003-015453-scrim-g1basics/losses/ColtG5.Goob_final__QuestionableChess__botA.bc24,ColtG5.Goob_final,0,g1basics
A,v9_USQuals_angle,1,2000,MORE_FLAG_CAPTURES,1,538,489,21,0,0,0,56,37,8,3790,4307,11,9,993,1127,10,4,86,563,1017,492,ATK@600+HEAL@1200+CAP@1800,gauntlet/20261003-015453-scrim-g1basics/losses/andli28.v9_USQuals_angle__Mountain__botB.bc24,andli28.v9_USQuals_angle,0,g1basics
B,g1basics,0,2000,MORE_FLAG_CAPTURES,0,-1,0,0,0,0,0,0,36,45,205,175,8,18,882,1259,17,0,57,287,492,1017,ATK@600+HEAL@1200+CAP@1800,gauntlet/20261003-015453-scrim-g1basics/losses/andli28.v9_USQuals_angle__Mountain__botB.bc24,andli28.v9_USQuals_angle,1,g1basics
A,g1basics,0,391,CAPTURE,0,-1,0,0,0,0,0,0,15,34,140,195,5,1,938,1241,9,0,46,34,63,74,,gauntlet/20261003-015453-scrim-g1basics/losses/hsmalladi.finalbot__Occulus__botA.bc24,hsmalladi.finalbot,1,g1basics
B,finalbot,1,391,CAPTURE,3,318,251,20,4,3,16,52,46,0,2023,1653,10,0,1149,923,8,3,90,83,74,63,,gauntlet/20261003-015453-scrim-g1basics/losses/hsmalladi.finalbot__Occulus__botA.bc24,hsmalladi.finalbot,0,g1basics
A,g1basics,0,842,CAPTURE,2,301,243,3,0,0,0,0,73,25,140,195,3,12,976,1638,11,0,46,81,62,307,ATK@600,gauntlet/20261003-015453-scrim-g1basics/losses/chenyx512.flagbot_final__TreeSearch__botA.bc24,chenyx512.flagbot_final,1,g1basics
B,flagbot_final,1,842,CAPTURE,3,397,339,18,0,3,52,90,135,0,221,1246,18,2,1132,1770,0,0,76,237,307,62,ATK@600,gauntlet/20261003-015453-scrim-g1basics/losses/chenyx512.flagbot_final__TreeSearch__botA.bc24,chenyx512.flagbot_final,0,g1basics
A,g1basics,0,867,CAPTURE,0,-1,0,0,0,0,0,0,14,18,145,190,2,2,838,1398,3,0,37,78,118,461,ATK@600,gauntlet/20261003-015453-scrim-g1basics/losses/Strequals.duck0127v5__GaltonBoard__botA.bc24,Strequals.duck0127v5,1,g1basics
B,duck0127v5,1,867,CAPTURE,3,352,274,12,0,0,0,77,41,2,78,30799,15,13,1314,1415,0,1,198,309,461,118,ATK@600,gauntlet/20261003-015453-scrim-g1basics/losses/Strequals.duck0127v5__GaltonBoard__botA.bc24,Strequals.duck0127v5,0,g1basics
A,jeeryfix3,1,579,CAPTURE,3,291,232,15,0,0,0,0,68,0,2360,1900,0,5,1226,737,0,0,81,97,104,247,,gauntlet/20261003-015453-scrim-g1basics/losses/kyleezz.jeeryfix3__EvilGrin__botB.bc24,kyleezz.jeeryfix3,0,g1basics
B,g1basics,0,579,CAPTURE,0,-1,0,0,0,0,0,0,51,24,145,135,4,1,1242,1486,10,0,52,46,247,104,,gauntlet/20261003-015453-scrim-g1basics/losses/kyleezz.jeeryfix3__EvilGrin__botB.bc24,kyleezz.jeeryfix3,1,g1basics
A,camel_case_v21_final,1,491,CAPTURE,3,266,216,15,0,0,0,0,215,0,50,40,0,16,1539,329,0,0,18,32,151,194,,gauntlet/20261003-015453-scrim-g1basics/losses/jmerle.camel_case_v21_final__Starfish__botB.bc24,jmerle.camel_case_v21_final,0,g1basics
B,g1basics,0,491,CAPTURE,0,-1,217,3,0,0,0,0,97,27,140,145,3,3,1147,1534,9,0,43,43,194,151,,gauntlet/20261003-015453-scrim-g1basics/losses/jmerle.camel_case_v21_final__Starfish__botB.bc24,jmerle.camel_case_v21_final,1,g1basics
A,g1basics,0,550,CAPTURE,0,-1,0,0,0,0,0,0,18,35,140,230,6,14,961,1200,6,0,44,44,147,190,,gauntlet/20261003-015453-scrim-g1basics/losses/andrewgopher.player22__Occulus__botA.bc24,andrewgopher.player22,1,g1basics
B,player22,1,550,CAPTURE,3,322,251,13,0,3,0,0,21,0,3570,4590,0,2,1528,902,19,0,115,147,190,147,,gauntlet/20261003-015453-scrim-g1basics/losses/andrewgopher.player22__Occulus__botA.bc24,andrewgopher.player22,0,g1basics
A,v9_USQuals_angle,1,639,CAPTURE,3,313,297,21,0,0,0,61,14,6,4190,3545,12,3,1116,1081,7,3,118,161,130,107,ATK@600,gauntlet/20261003-015453-scrim-g1basics/losses/andli28.v9_USQuals_angle__Capacitance__botB.bc24,andli28.v9_USQuals_angle,0,g1basics
B,g1basics,0,639,CAPTURE,1,249,229,8,0,0,0,0,19,48,150,205,8,3,978,1483,16,0,63,83,107,130,ATK@600,gauntlet/20261003-015453-scrim-g1basics/losses/andli28.v9_USQuals_angle__Capacitance__botB.bc24,andli28.v9_USQuals_angle,1,g1basics
A,kuma,1,1423,CAPTURE,3,324,293,13,6,0,0,90,15,3,2145,2125,18,3,1397,1334,19,0,149,512,682,315,ATK@600+HEAL@1200,gauntlet/20261003-015453-scrim-g1basics/losses/IvanGeffner.kuma__Occulus__botB.bc24,IvanGeffner.kuma,0,g1basics
B,g1basics,0,1423,CAPTURE,0,-1,0,0,0,0,0,0,21,32,160,280,5,20,986,1389,5,0,45,161,315,682,ATK@600+HEAL@1200,gauntlet/20261003-015453-scrim-g1basics/losses/IvanGeffner.kuma__Occulus__botB.bc24,IvanGeffner.kuma,1,g1basics
A,flagbot_final,1,1511,CAPTURE,3,1092,698,31,0,3,26,90,266,0,56,11,18,13,950,1435,0,0,16,310,662,147,ATK@600+HEAL@1200,gauntlet/20261003-015453-scrim-g1basics/losses/chenyx512.flagbot_final__Klein__botB.bc24,chenyx512.flagbot_final,0,g1basics
B,g1basics,0,1511,CAPTURE,2,1016,275,13,0,0,0,0,93,46,175,180,8,9,856,1368,19,0,43,178,147,662,ATK@600+HEAL@1200,gauntlet/20261003-015453-scrim-g1basics/losses/chenyx512.flagbot_final__Klein__botB.bc24,chenyx512.flagbot_final,1,g1basics
A,g1basics,0,1302,CAPTURE,1,1281,498,4,0,0,0,0,114,17,30,30,2,7,652,764,2,0,26,109,482,280,ATK@600+HEAL@1200,gauntlet/20261003-015453-scrim-g1basics/losses/kyleezz.jeeryfix3__HeMustBeFreed__botA.bc24,kyleezz.jeeryfix3,1,g1basics
B,jeeryfix3,1,1302,CAPTURE,3,423,228,28,0,0,0,0,170,3,2800,10230,0,3,688,427,0,0,107,240,280,482,ATK@600+CAP@1200,gauntlet/20261003-015453-scrim-g1basics/losses/kyleezz.jeeryfix3__HeMustBeFreed__botA.bc24,kyleezz.jeeryfix3,0,g1basics
A,camel_case_v21_final,1,1205,CAPTURE,3,341,286,9,0,0,0,0,23,0,9210,2650,0,3,1321,625,0,0,129,346,535,534,ATK@600+HEAL@1200,gauntlet/20261003-015453-scrim-g1basics/losses/jmerle.camel_case_v21_final__Foxes__botB.bc24,jmerle.camel_case_v21_final,0,g1basics
B,g1basics,0,1205,CAPTURE,0,-1,412,1,0,0,0,0,14,77,695,295,12,2,786,1319,25,0,79,156,534,535,ATK@600+HEAL@1200,gauntlet/20261003-015453-scrim-g1basics/losses/jmerle.camel_case_v21_final__Foxes__botB.bc24,jmerle.camel_case_v21_final,1,g1basics
A,finalbot,1,816,CAPTURE,3,436,303,39,11,3,32,13,85,0,2199,1691,2,0,952,1031,0,3,64,114,152,158,ATK@600,gauntlet/20261003-015453-scrim-g1basics/losses/hsmalladi.finalbot__MazeRunner__botB.bc24,hsmalladi.finalbot,0,g1basics
B,g1basics,0,816,CAPTURE,1,654,292,5,0,0,0,0,79,21,20,165,3,7,848,1305,14,0,49,80,158,152,ATK@600,gauntlet/20261003-015453-scrim-g1basics/losses/hsmalladi.finalbot__MazeRunner__botB.bc24,hsmalladi.finalbot,1,g1basics
A,duck0127v5,1,1208,CAPTURE,3,861,290,15,0,0,0,90,49,4,1123,1943,18,10,1088,1197,0,0,145,374,339,164,ATK@600+HEAL@1200,gauntlet/20261003-015453-scrim-g1basics/losses/Strequals.duck0127v5__DefaultLarge__botB.bc24,Strequals.duck0127v5,0,g1basics
B,g1basics,0,1208,CAPTURE,0,-1,252,18,0,0,0,0,47,22,190,155,3,5,882,1336,8,0,48,103,164,339,ATK@600+HEAL@1200,gauntlet/20261003-015453-scrim-g1basics/losses/Strequals.duck0127v5__DefaultLarge__botB.bc24,Strequals.duck0127v5,1,g1basics
A,kuma,1,2000,MORE_FLAG_CAPTURES,2,283,235,26,15,0,0,90,48,3,785,465,18,8,1275,1451,0,0,64,590,677,374,ATK@600+HEAL@1200+CAP@1800,gauntlet/20261003-015453-scrim-g1basics/losses/IvanGeffner.kuma__OceanFloor__botB.bc24,IvanGeffner.kuma,0,g1basics
B,g1basics,0,2000,MORE_FLAG_CAPTURES,0,-1,355,4,0,0,0,0,35,26,135,180,4,5,999,1425,2,0,47,207,374,677,ATK@600+HEAL@1200+CAP@1800,gauntlet/20261003-015453-scrim-g1basics/losses/IvanGeffner.kuma__OceanFloor__botB.bc24,IvanGeffner.kuma,1,g1basics
A,g1basics,0,2000,LEVEL_SUM,1,794,594,9,0,0,0,0,27,42,155,105,7,4,1126,1360,12,0,52,193,654,718,ATK@600+HEAL@1200+CAP@1800,gauntlet/20261003-015453-scrim-g1basics/losses/CyrilSharma.finalBot__Hockey__botA.bc24,CyrilSharma.finalBot,1,g1basics
B,finalBot,1,2000,LEVEL_SUM,1,528,474,6,0,0,0,60,19,0,4080,2338,12,9,1064,1344,0,0,112,619,718,654,ATK@600+HEAL@1200+CAP@1800,gauntlet/20261003-015453-scrim-g1basics/losses/CyrilSharma.finalBot__Hockey__botA.bc24,CyrilSharma.finalBot,0,g1basics
A,v9_USQuals_angle,1,1853,CAPTURE,3,532,424,9,0,0,0,57,10,4,7122,7708,12,10,1069,1471,9,2,95,672,853,419,ATK@600+HEAL@1200+CAP@1800,gauntlet/20261003-015453-scrim-g1basics/losses/andli28.v9_USQuals_angle__Anchor__botB.bc24,andli28.v9_USQuals_angle,0,g1basics
B,g1basics,0,1853,CAPTURE,0,-1,289,6,0,0,0,0,9,61,693,303,9,4,1024,1528,24,0,111,344,419,853,ATK@600+HEAL@1200+CAP@1800,gauntlet/20261003-015453-scrim-g1basics/losses/andli28.v9_USQuals_angle__Anchor__botB.bc24,andli28.v9_USQuals_angle,1,g1basics
A,g1basics,0,1659,CAPTURE,0,-1,1399,1,0,0,0,0,63,28,130,210,4,3,914,1275,8,0,40,196,356,1013,ATK@600+HEAL@1200,gauntlet/20261003-015453-scrim-g1basics/losses/IvanGeffner.kuma__WheresMyWater__botA.bc24,IvanGeffner.kuma,1,g1basics
B,kuma,1,1659,CAPTURE,3,257,245,50,28,0,0,90,96,3,1003,2073,18,3,1437,1345,10,0,116,603,1013,356,ATK@600+HEAL@1200,gauntlet/20261003-015453-scrim-g1basics/losses/IvanGeffner.kuma__WheresMyWater__botA.bc24,IvanGeffner.kuma,0,g1basics
A,v10official,1,389,CAPTURE,3,300,265,38,26,3,15,89,82,2,4149,89,17,0,966,1501,15,2,55,39,28,39,,gauntlet/20261003-015453-scrim-g1basics/losses/Gymhgy.v10official__Islands__botB.bc24,Gymhgy.v10official,0,g1basics
B,g1basics,0,389,CAPTURE,0,-1,242,6,0,0,0,0,69,52,175,105,9,6,1045,1466,15,0,54,51,39,28,,gauntlet/20261003-015453-scrim-g1basics/losses/Gymhgy.v10official__Islands__botB.bc24,Gymhgy.v10official,1,g1basics
A,duck0127v5,1,2000,MORE_FLAG_CAPTURES,2,811,715,11,0,0,0,90,79,6,310,3560,18,11,1220,1542,0,1,137,689,920,414,ATK@600+HEAL@1200+CAP@1800,gauntlet/20261003-015453-scrim-g1basics/losses/Strequals.duck0127v5__Occulus__botB.bc24,Strequals.duck0127v5,0,g1basics
B,g1basics,0,2000,MORE_FLAG_CAPTURES,0,-1,281,22,0,0,0,0,20,31,130,185,5,19,946,1528,10,0,51,220,414,920,ATK@600+HEAL@1200+CAP@1800,gauntlet/20261003-015453-scrim-g1basics/losses/Strequals.duck0127v5__Occulus__botB.bc24,Strequals.duck0127v5,1,g1basics
A,g1basics,0,295,CAPTURE,0,-1,221,5,0,0,0,0,24,44,165,205,7,0,648,693,14,0,42,26,51,27,,gauntlet/20261003-015453-scrim-g1basics/losses/hsmalladi.finalbot__Battlefield__botA.bc24,hsmalladi.finalbot,1,g1basics
B,finalbot,1,295,CAPTURE,3,254,220,18,4,3,8,60,75,0,2716,141,12,12,586,512,4,3,29,27,27,51,,gauntlet/20261003-015453-scrim-g1basics/losses/hsmalladi.finalbot__Battlefield__botA.bc24,hsmalladi.finalbot,0,g1basics
A,finalbot,1,397,CAPTURE,3,299,237,30,1,3,64,60,14,10,3564,104,12,0,1013,815,4,2,67,63,42,74,,gauntlet/20261003-015453-scrim-g1basics/losses/hsmalladi.finalbot__DefaultHuge__botB.bc24,hsmalladi.finalbot,0,g1basics
B,g1basics,0,397,CAPTURE,0,-1,239,1,0,0,0,0,4,50,140,240,9,23,980,1360,17,0,64,42,74,42,,gauntlet/20261003-015453-scrim-g1basics/losses/hsmalladi.finalbot__DefaultHuge__botB.bc24,hsmalladi.finalbot,1,g1basics
A,g1basics,0,699,CAPTURE,2,473,375,4,0,0,0,0,82,14,125,200,2,6,999,1183,4,0,36,66,282,102,ATK@600,gauntlet/20261003-015453-scrim-g1basics/losses/ColtG5.Goob_final__Decision__botA.bc24,ColtG5.Goob_final,1,g1basics
B,Goob_final,1,699,CAPTURE,3,384,251,8,0,0,0,0,115,0,850,90,0,7,948,789,0,0,24,59,102,282,ATK@600,gauntlet/20261003-015453-scrim-g1basics/losses/ColtG5.Goob_final__Decision__botA.bc24,ColtG5.Goob_final,0,g1basics
A,player22,1,579,CAPTURE,3,378,354,12,0,3,0,0,30,0,7800,6800,0,1,1275,863,12,0,118,159,155,193,,gauntlet/20261003-015453-scrim-g1basics/losses/andrewgopher.player22__Anchor__botB.bc24,andrewgopher.player22,0,g1basics
B,g1basics,0,579,CAPTURE,0,-1,0,0,0,0,0,0,9,61,695,225,9,21,1038,1505,24,0,106,122,193,155,,gauntlet/20261003-015453-scrim-g1basics/losses/andrewgopher.player22__Anchor__botB.bc24,andrewgopher.player22,1,g1basics
A,player22,1,339,CAPTURE,3,262,246,7,0,3,0,0,71,0,3970,30,0,6,1069,591,0,0,62,37,57,68,,gauntlet/20261003-015453-scrim-g1basics/losses/andrewgopher.player22__Battlefield__botB.bc24,andrewgopher.player22,0,g1basics
B,g1basics,0,339,CAPTURE,0,-1,317,3,0,0,0,0,32,45,200,275,8,13,818,1184,9,0,51,44,68,57,,gauntlet/20261003-015453-scrim-g1basics/losses/andrewgopher.player22__Battlefield__botB.bc24,andrewgopher.player22,1,g1basics
A,g1basics,0,2000,MORE_FLAG_CAPTURES,1,646,272,14,0,0,0,0,62,24,130,160,4,7,709,926,6,0,40,219,443,480,ATK@600+HEAL@1200+CAP@1800,gauntlet/20261003-015453-scrim-g1basics/losses/CyrilSharma.finalBot__TwistedTreeline__botA.bc24,CyrilSharma.finalBot,1,g1basics
B,finalBot,1,2000,MORE_FLAG_CAPTURES,2,330,251,39,0,0,0,60,52,1,2141,151,12,9,854,867,0,0,76,420,480,443,ATK@600+HEAL@1200+CAP@1800,gauntlet/20261003-015453-scrim-g1basics/losses/CyrilSharma.finalBot__TwistedTreeline__botA.bc24,CyrilSharma.finalBot,0,g1basics
A,g1basics,0,2000,LEVEL_SUM,1,455,238,5,0,0,0,0,53,56,170,180,10,22,785,1034,20,0,60,209,561,491,ATK@600+HEAL@1200+CAP@1800,gauntlet/20261003-015453-scrim-g1basics/losses/CyrilSharma.finalBot__Rainbow__botA.bc24,CyrilSharma.finalBot,1,g1basics
B,finalBot,1,2000,LEVEL_SUM,1,521,301,16,0,0,0,60,35,0,6316,4155,12,3,947,935,0,0,150,501,491,561,ATK@600+HEAL@1200+CAP@1800,gauntlet/20261003-015453-scrim-g1basics/losses/CyrilSharma.finalBot__Rainbow__botA.bc24,CyrilSharma.finalBot,0,g1basics
A,v10official,1,1706,CAPTURE,3,278,256,30,21,3,26,90,0,2,5345,65,18,0,863,1450,24,2,70,338,429,450,ATK@600+HEAL@1200,gauntlet/20261003-015453-scrim-g1basics/losses/Gymhgy.v10official__Canals__botB.bc24,Gymhgy.v10official,0,g1basics
B,g1basics,0,1706,CAPTURE,1,1391,296,42,0,0,0,0,0,58,215,195,10,2,830,1237,19,0,56,240,450,429,ATK@600+HEAL@1200,gauntlet/20261003-015453-scrim-g1basics/losses/Gymhgy.v10official__Canals__botB.bc24,Gymhgy.v10official,1,g1basics
A,flagbot_final,1,1605,CAPTURE,3,1316,739,19,0,3,56,90,117,0,5060,3620,18,1,967,1454,0,0,132,621,684,153,ATK@600+HEAL@1200,gauntlet/20261003-015453-scrim-g1basics/losses/chenyx512.flagbot_final__Foxes__botB.bc24,chenyx512.flagbot_final,0,g1basics
B,g1basics,0,1605,CAPTURE,0,-1,275,15,0,0,0,0,10,78,685,215,12,21,840,1181,24,0,85,270,153,684,ATK@600+HEAL@1200,gauntlet/20261003-015453-scrim-g1basics/losses/chenyx512.flagbot_final__Foxes__botB.bc24,chenyx512.flagbot_final,1,g1basics
A,g1basics,0,715,CAPTURE,1,292,250,4,0,0,0,0,33,38,135,205,7,5,1323,1635,10,0,53,72,220,154,ATK@600,gauntlet/20261003-015453-scrim-g1basics/losses/winkelmantanner.waffle__Bunkers__botA.bc24,winkelmantanner.waffle,1,g1basics
B,waffle,1,715,CAPTURE,3,299,240,29,0,0,0,0,24,41,410,320,1,3,1200,1323,0,0,70,109,154,220,ATK@600,gauntlet/20261003-015453-scrim-g1basics/losses/winkelmantanner.waffle__Bunkers__botA.bc24,winkelmantanner.waffle,0,g1basics
A,jeeryfix3,1,1473,CAPTURE,3,734,280,45,0,0,0,0,70,12,2000,1630,0,1,1141,730,0,0,56,174,377,759,ATK@600+CAP@1200,gauntlet/20261003-015453-scrim-g1basics/losses/kyleezz.jeeryfix3__Duck__botB.bc24,kyleezz.jeeryfix3,0,g1basics
B,g1basics,0,1473,CAPTURE,1,707,289,12,0,0,0,0,52,30,135,115,5,18,1052,1360,11,0,41,271,759,377,ATK@600+HEAL@1200,gauntlet/20261003-015453-scrim-g1basics/losses/kyleezz.jeeryfix3__Duck__botB.bc24,kyleezz.jeeryfix3,1,g1basics
A,camel_case_v21_final,1,1555,CAPTURE,3,335,263,9,0,0,0,0,10,5,12400,6910,0,1,1138,420,0,0,147,515,810,628,ATK@600+HEAL@1200,gauntlet/20261003-015453-scrim-g1basics/losses/jmerle.camel_case_v21_final__YearOfTheDragon__botB.bc24,jmerle.camel_case_v21_final,0,g1basics
B,g1basics,0,1555,CAPTURE,1,525,219,3,0,0,0,0,8,108,705,295,11,6,772,1213,25,0,113,234,628,810,ATK@600+HEAL@1200,gauntlet/20261003-015453-scrim-g1basics/losses/jmerle.camel_case_v21_final__YearOfTheDragon__botB.bc24,jmerle.camel_case_v21_final,1,g1basics
A,g1basics,0,1509,CAPTURE,3,378,246,12,0,0,0,0,30,45,175,235,8,8,1292,1688,11,0,56,200,790,428,ATK@600+HEAL@1200,gauntlet/20261003-015453-scrim-g1basics/losses/winkelmantanner.waffle__Battlefield__botA.bc24,winkelmantanner.waffle,1,g1basics
B,waffle,1,1509,CAPTURE,3,263,223,20,0,0,0,0,36,23,2720,410,0,23,1208,1676,0,0,68,224,428,790,ATK@600+HEAL@1200,gauntlet/20261003-015453-scrim-g1basics/losses/winkelmantanner.waffle__Battlefield__botA.bc24,winkelmantanner.waffle,0,g1basics
A,g1basics,0,441,CAPTURE,0,-1,0,0,0,0,0,0,18,46,155,180,8,9,802,903,17,0,55,60,57,108,,gauntlet/20261003-015453-scrim-g1basics/losses/CyrilSharma.finalBot__Capacitance__botA.bc24,CyrilSharma.finalBot,1,g1basics
B,finalBot,1,441,CAPTURE,3,277,228,6,0,0,0,30,18,0,4916,5030,5,11,1080,1093,0,0,143,144,108,57,,gauntlet/20261003-015453-scrim-g1basics/losses/CyrilSharma.finalBot__Capacitance__botA.bc24,CyrilSharma.finalBot,0,g1basics
A,duck8,0,712,CAPTURE,0,-1,270,18,0,0,0,0,31,32,190,10,3,8,887,930,3,0,58,93,112,231,,gauntlet/20261003-015453-scrim-g1basics/replays/clbarrell.duck8__Gauntlet__botB.bc24,clbarrell.duck8,0,g1basics
B,g1basics,1,712,CAPTURE,3,493,439,8,0,0,0,0,52,26,145,75,4,12,1089,1230,4,0,36,42,231,112,ATK@600,gauntlet/20261003-015453-scrim-g1basics/replays/clbarrell.duck8__Gauntlet__botB.bc24,clbarrell.duck8,1,g1basics
A,duck8,0,1447,CAPTURE,0,-1,327,9,0,0,0,0,76,39,40,50,3,2,675,566,8,0,50,129,150,483,ATK@750,gauntlet/20261003-015453-scrim-g1basics/replays/clbarrell.duck8__Hurricane__botB.bc24,clbarrell.duck8,0,g1basics
B,g1basics,1,1447,CAPTURE,3,402,282,22,0,0,0,0,60,41,160,170,8,9,730,878,18,0,48,171,483,150,ATK@600+HEAL@1200,gauntlet/20261003-015453-scrim-g1basics/replays/clbarrell.duck8__Hurricane__botB.bc24,clbarrell.duck8,1,g1basics
A,v10official,0,885,CAPTURE,1,835,733,29,16,3,9,68,22,3,1763,73,12,1,1094,2254,0,3,48,133,134,166,ATK@600,gauntlet/20261003-015453-scrim-g1basics/replays/Gymhgy.v10official__Rivers__botB.bc24,Gymhgy.v10official,0,g1basics
B,g1basics,1,885,CAPTURE,3,538,362,22,0,0,0,0,28,29,175,190,4,6,1367,1872,5,0,49,82,166,134,ATK@600,gauntlet/20261003-015453-scrim-g1basics/replays/Gymhgy.v10official__Rivers__botB.bc24,Gymhgy.v10official,1,g1basics
A,g1basics,1,829,CAPTURE,3,611,244,14,0,0,0,0,48,26,175,190,4,4,1282,1606,10,0,68,169,532,74,ATK@600,gauntlet/20261003-015453-scrim-g1basics/replays/awu7.ExplosiveBot__EvilGrin__botA.bc24,awu7.ExplosiveBot,1,g1basics
B,ExplosiveBot,0,829,CAPTURE,0,-1,236,14,3,0,0,0,68,10,1260,1540,0,28,894,825,17,0,13,55,74,532,ATK@600,gauntlet/20261003-015453-scrim-g1basics/replays/awu7.ExplosiveBot__EvilGrin__botA.bc24,awu7.ExplosiveBot,0,g1basics
A,sprint1,0,726,CAPTURE,1,714,554,4,0,0,0,0,130,9,200,120,0,7,288,914,16,0,0,27,33,384,ATK@600,gauntlet/20261003-015453-scrim-g1basics/replays/justinottesen.sprint1__QueenOfHearts__botB.bc24,justinottesen.sprint1,0,g1basics
B,g1basics,1,726,CAPTURE,3,444,223,19,0,0,0,0,75,26,145,105,4,6,1631,587,18,0,55,106,384,33,ATK@600,gauntlet/20261003-015453-scrim-g1basics/replays/justinottesen.sprint1__QueenOfHearts__botB.bc24,justinottesen.sprint1,1,g1basics
A,duck8,0,523,CAPTURE,1,316,272,15,0,0,0,0,31,33,50,70,2,8,960,1119,10,0,45,54,50,124,,gauntlet/20261003-015453-scrim-g1basics/replays/clbarrell.duck8__Bunkers__botB.bc24,clbarrell.duck8,0,g1basics
B,g1basics,1,523,CAPTURE,3,383,315,3,0,0,0,0,34,34,135,205,5,4,1250,1616,10,0,57,57,124,50,,gauntlet/20261003-015453-scrim-g1basics/replays/clbarrell.duck8__Bunkers__botB.bc24,clbarrell.duck8,1,g1basics
A,defaultplayer_intlqualifier,0,871,CAPTURE,0,-1,233,7,2,3,17,0,66,9,2120,3690,0,4,366,850,6,31,8,81,33,306,ATK@600,gauntlet/20261003-015453-scrim-g1basics/replays/dmtrung14.defaultplayer_intlqualifier__TreeSearch__botB.bc24,dmtrung14.defaultplayer_intlqualifier,0,g1basics
B,g1basics,1,871,CAPTURE,3,488,288,17,0,0,0,0,74,25,195,15,4,9,858,550,10,0,24,23,306,33,ATK@600,gauntlet/20261003-015453-scrim-g1basics/replays/dmtrung14.defaultplayer_intlqualifier__TreeSearch__botB.bc24,dmtrung14.defaultplayer_intlqualifier,1,g1basics
A,waffle,0,1499,CAPTURE,0,-1,270,14,0,0,0,0,0,8,6200,2860,0,12,962,1154,0,0,85,198,267,777,ATK@600+HEAL@1200,gauntlet/20261003-015453-scrim-g1basics/replays/winkelmantanner.waffle__Canals__botB.bc24,winkelmantanner.waffle,0,g1basics
B,g1basics,1,1499,CAPTURE,3,949,828,10,0,0,0,0,0,60,160,150,10,15,940,1347,23,0,68,330,777,267,ATK@600+HEAL@1200,gauntlet/20261003-015453-scrim-g1basics/replays/winkelmantanner.waffle__Canals__botB.bc24,winkelmantanner.waffle,1,g1basics
A,v3,0,2000,MORE_FLAG_CAPTURES,0,-1,300,61,2,0,0,0,74,0,3080,210,0,3,1174,1163,0,0,62,221,418,540,ATK@600+HEAL@1200+CAP@1800,gauntlet/20261003-015453-scrim-g1basics/replays/NotLLeon.v3__DefaultMedium__botB.bc24,NotLLeon.v3,0,g1basics
B,g1basics,1,2000,MORE_FLAG_CAPTURES,1,1215,316,13,0,0,0,0,60,25,120,150,4,2,985,1503,12,0,36,305,540,418,ATK@600+HEAL@1200+CAP@1800,gauntlet/20261003-015453-scrim-g1basics/replays/NotLLeon.v3__DefaultMedium__botB.bc24,NotLLeon.v3,1,g1basics
A,sprint1,0,575,CAPTURE,0,-1,350,3,0,0,0,0,11,10,4170,70,0,9,285,1102,40,0,0,42,45,392,,gauntlet/20261003-015453-scrim-g1basics/replays/justinottesen.sprint1__DefaultSmall__botB.bc24,justinottesen.sprint1,0,g1basics
B,g1basics,1,575,CAPTURE,3,422,356,13,0,0,0,0,11,54,140,240,10,3,1783,951,22,0,65,93,392,45,,gauntlet/20261003-015453-scrim-g1basics/replays/justinottesen.sprint1__DefaultSmall__botB.bc24,justinottesen.sprint1,1,g1basics
A,g1basics,1,825,CAPTURE,3,689,438,13,0,0,0,0,37,18,170,125,3,6,1132,1524,8,0,58,148,469,63,ATK@600,gauntlet/20261003-015453-scrim-g1basics/replays/awu7.ExplosiveBot__Asteroids__botA.bc24,awu7.ExplosiveBot,1,g1basics
B,ExplosiveBot,0,825,CAPTURE,0,-1,272,15,0,0,0,0,82,7,40,2020,0,12,851,679,13,0,19,61,63,469,ATK@600,gauntlet/20261003-015453-scrim-g1basics/replays/awu7.ExplosiveBot__Asteroids__botA.bc24,awu7.ExplosiveBot,0,g1basics
A,g1basics,1,1782,CAPTURE,3,655,345,22,0,0,0,0,15,77,650,10,12,7,1088,583,24,0,66,380,1428,83,ATK@600+HEAL@1200,gauntlet/20261003-015453-scrim-g1basics/replays/dmtrung14.defaultplayer_intlqualifier__Foxes__botA.bc24,dmtrung14.defaultplayer_intlqualifier,1,g1basics
B,defaultplayer_intlqualifier,0,1782,CAPTURE,1,573,413,23,13,3,40,0,14,24,6180,5010,0,3,308,710,6,28,20,148,83,1428,ATK@600+HEAL@1200,gauntlet/20261003-015453-scrim-g1basics/replays/dmtrung14.defaultplayer_intlqualifier__Foxes__botA.bc24,dmtrung14.defaultplayer_intlqualifier,0,g1basics
A,sprint1,0,653,CAPTURE,0,-1,425,10,0,0,0,0,47,0,3990,80,0,2,207,970,28,0,0,38,18,492,ATK@600,gauntlet/20261003-015453-scrim-g1basics/replays/justinottesen.sprint1__Soccer__botB.bc24,justinottesen.sprint1,0,g1basics
B,g1basics,1,653,CAPTURE,3,332,264,5,0,0,0,0,22,40,187,172,7,7,1742,717,17,0,74,168,492,18,ATK@600,gauntlet/20261003-015453-scrim-g1basics/replays/justinottesen.sprint1__Soccer__botB.bc24,justinottesen.sprint1,1,g1basics
A,bling3,0,1345,CAPTURE,0,-1,283,5,0,0,0,0,242,0,8240,9810,0,0,423,597,64,0,9,138,211,705,ATK@600+HEAL@1200,gauntlet/20261003-015453-scrim-g1basics/replays/jonters.bling3__Snake__botB.bc24,jonters.bling3,0,g1basics
B,g1basics,1,1345,CAPTURE,3,289,221,25,0,0,0,0,182,83,690,223,12,3,740,949,24,0,344,506,705,211,ATK@600+HEAL@1200,gauntlet/20261003-015453-scrim-g1basics/replays/jonters.bling3__Snake__botB.bc24,jonters.bling3,1,g1basics
A,duck8,0,812,CAPTURE,0,-1,245,7,0,0,0,0,32,29,10,10,2,6,1010,1211,6,0,90,125,97,373,ATK@750,gauntlet/20261003-015453-scrim-g1basics/replays/clbarrell.duck8__EvilGrin__botB.bc24,clbarrell.duck8,0,g1basics
B,g1basics,1,812,CAPTURE,3,631,571,6,0,0,0,0,46,25,140,150,4,5,1189,1452,7,0,48,70,373,97,ATK@600,gauntlet/20261003-015453-scrim-g1basics/replays/clbarrell.duck8__EvilGrin__botB.bc24,clbarrell.duck8,1,g1basics
A,bling3,0,879,CAPTURE,0,-1,0,0,0,0,0,0,25,15,6150,2360,0,3,725,1668,49,0,0,74,121,252,ATK@600,gauntlet/20261003-015453-scrim-g1basics/replays/jonters.bling3__Foxes__botB.bc24,jonters.bling3,0,g1basics
B,g1basics,1,879,CAPTURE,3,418,221,17,0,0,0,0,16,77,615,235,12,20,1157,1584,26,0,79,116,252,121,ATK@600,gauntlet/20261003-015453-scrim-g1basics/replays/jonters.bling3__Foxes__botB.bc24,jonters.bling3,1,g1basics
A,g1basics,1,2000,LEVEL_SUM,1,1618,296,6,0,0,0,0,54,31,155,85,5,15,748,932,8,0,38,221,420,473,ATK@600+HEAL@1200+CAP@1800,gauntlet/20261003-015453-scrim-g1basics/replays/IvanGeffner.kuma__Duck__botA.bc24,IvanGeffner.kuma,1,g1basics
B,kuma,0,2000,LEVEL_SUM,1,362,245,49,32,0,0,90,57,0,2135,1560,18,2,966,1013,0,0,67,401,473,420,ATK@600+HEAL@1200+CAP@1800,gauntlet/20261003-015453-scrim-g1basics/replays/IvanGeffner.kuma__Duck__botA.bc24,IvanGeffner.kuma,0,g1basics
A,Goob_final,0,1459,CAPTURE,0,-1,246,3,0,0,0,0,137,0,890,6870,0,6,1097,877,12,0,136,263,374,1042,ATK@600+HEAL@1200,gauntlet/20261003-015453-scrim-g1basics/replays/ColtG5.Goob_final__Backslash__botB.bc24,ColtG5.Goob_final,0,g1basics
B,g1basics,1,1459,CAPTURE,3,1118,960,7,0,0,0,0,142,16,120,190,3,11,1131,1268,17,0,74,268,1042,374,ATK@600+HEAL@1200,gauntlet/20261003-015453-scrim-g1basics/replays/ColtG5.Goob_final__Backslash__botB.bc24,ColtG5.Goob_final,1,g1basics
A,cretplayer2_3,0,1585,CAPTURE,2,409,222,20,0,3,6,0,8,0,5460,970,0,2,1006,1108,0,4,70,205,348,1305,ATK@600+HEAL@1200,gauntlet/20261003-015453-scrim-g1basics/replays/quesswho.cretplayer2_3__Alien__botB.bc24,quesswho.cretplayer2_3,0,g1basics
B,g1basics,1,1585,CAPTURE,3,350,245,11,0,0,0,0,10,45,150,230,8,2,881,1034,16,0,53,285,1305,348,ATK@600+HEAL@1200,gauntlet/20261003-015453-scrim-g1basics/replays/quesswho.cretplayer2_3__Alien__botB.bc24,quesswho.cretplayer2_3,1,g1basics
A,Goob_final,0,1241,CAPTURE,1,277,247,3,0,0,0,0,0,0,7000,60,0,3,1042,959,12,0,68,160,218,955,ATK@600+HEAL@1200,gauntlet/20261003-015453-scrim-g1basics/replays/ColtG5.Goob_final__Canals__botB.bc24,ColtG5.Goob_final,0,g1basics
B,g1basics,1,1241,CAPTURE,3,674,587,6,0,0,0,0,0,60,165,225,11,2,1145,1480,22,0,53,311,955,218,ATK@600+HEAL@1200,gauntlet/20261003-015453-scrim-g1basics/replays/ColtG5.Goob_final__Canals__botB.bc24,ColtG5.Goob_final,1,g1basics
A,g1basics,1,1069,CAPTURE,3,744,253,22,0,0,0,0,67,22,100,125,4,11,1074,1268,14,0,53,216,602,121,ATK@600,gauntlet/20261003-015453-scrim-g1basics/replays/awu7.ExplosiveBot__DefaultMedium__botA.bc24,awu7.ExplosiveBot,1,g1basics
B,ExplosiveBot,0,1069,CAPTURE,0,-1,229,44,24,0,0,0,121,12,170,30,0,12,828,846,12,0,16,64,121,602,ATK@600,gauntlet/20261003-015453-scrim-g1basics/replays/awu7.ExplosiveBot__DefaultMedium__botA.bc24,awu7.ExplosiveBot,0,g1basics
A,defaultplayer_intlqualifier,0,763,CAPTURE,2,254,226,41,25,3,11,0,42,27,640,110,0,2,495,1041,6,20,25,70,48,519,ATK@600,gauntlet/20261003-015453-scrim-g1basics/replays/dmtrung14.defaultplayer_intlqualifier__Bunkers__botB.bc24,dmtrung14.defaultplayer_intlqualifier,0,g1basics
B,g1basics,1,763,CAPTURE,3,370,276,14,0,0,0,0,31,37,150,30,7,7,1316,775,8,0,38,64,519,48,ATK@600,gauntlet/20261003-015453-scrim-g1basics/replays/dmtrung14.defaultplayer_intlqualifier__Bunkers__botB.bc24,dmtrung14.defaultplayer_intlqualifier,1,g1basics
A,g1basics,1,1354,CAPTURE,3,940,364,12,0,0,0,0,28,46,195,180,8,2,879,1239,18,0,58,152,271,123,ATK@600+HEAL@1200,gauntlet/20261003-015453-scrim-g1basics/replays/hsmalladi.finalbot__Mountain__botA.bc24,hsmalladi.finalbot,1,g1basics
B,finalbot,0,1354,CAPTURE,2,357,229,45,13,3,35,60,97,2,2618,113,12,1,890,911,1,3,50,131,123,271,ATK@600+HEAL@1200,gauntlet/20261003-015453-scrim-g1basics/replays/hsmalladi.finalbot__Mountain__botA.bc24,hsmalladi.finalbot,0,g1basics
A,g1basics,1,2000,LEVEL_SUM,0,-1,0,0,0,0,0,0,71,20,185,200,3,4,384,505,9,0,42,126,343,335,ATK@600+HEAL@1200+CAP@1800,gauntlet/20261003-015453-scrim-g1basics/replays/CyrilSharma.finalBot__EndAround__botA.bc24,CyrilSharma.finalBot,1,g1basics
B,finalBot,0,2000,LEVEL_SUM,0,-1,0,0,0,0,0,50,25,0,3250,5585,10,7,388,453,0,0,41,399,335,343,ATK@600+HEAL@1200+CAP@1800,gauntlet/20261003-015453-scrim-g1basics/replays/CyrilSharma.finalBot__EndAround__botA.bc24,CyrilSharma.finalBot,0,g1basics
A,TSPAARKSPRINT1,0,1255,CAPTURE,1,430,367,9,0,3,30,0,7,4,2290,30,0,6,562,1684,2,23,4,45,63,642,ATK@600+CAP@1200,gauntlet/20261003-015453-scrim-g1basics/replays/SampleProvider.TSPAARKSPRINT1__FloodGates__botB.bc24,SampleProvider.TSPAARKSPRINT1,0,g1basics
B,g1basics,1,1255,CAPTURE,3,552,412,28,0,0,0,0,3,27,195,225,4,7,1059,1023,8,0,45,192,642,63,ATK@600+HEAL@1200,gauntlet/20261003-015453-scrim-g1basics/replays/SampleProvider.TSPAARKSPRINT1__FloodGates__botB.bc24,SampleProvider.TSPAARKSPRINT1,1,g1basics
A,waffle,0,1348,CAPTURE,1,278,244,9,0,0,0,0,18,3,2260,980,0,9,1079,989,0,0,51,141,234,1047,ATK@600+HEAL@1200,gauntlet/20261003-015453-scrim-g1basics/replays/winkelmantanner.waffle__Digging__botB.bc24,winkelmantanner.waffle,0,g1basics
B,g1basics,1,1348,CAPTURE,3,952,259,14,0,0,0,0,14,25,185,155,4,9,1205,1391,5,0,60,250,1047,234,ATK@600+HEAL@1200,gauntlet/20261003-015453-scrim-g1basics/replays/winkelmantanner.waffle__Digging__botB.bc24,winkelmantanner.waffle,1,g1basics
A,waffle,0,1468,CAPTURE,0,-1,283,41,0,0,0,0,29,3,3830,2760,0,5,885,869,0,0,61,161,288,756,ATK@600+HEAL@1200,gauntlet/20261003-015453-scrim-g1basics/replays/winkelmantanner.waffle__MazeRunner__botB.bc24,winkelmantanner.waffle,0,g1basics
B,g1basics,1,1468,CAPTURE,3,389,307,10,0,0,0,0,70,23,30,85,4,2,925,1052,22,0,55,231,756,288,ATK@600+HEAL@1200,gauntlet/20261003-015453-scrim-g1basics/replays/winkelmantanner.waffle__MazeRunner__botB.bc24,winkelmantanner.waffle,1,g1basics
A,g1basics,1,1418,CAPTURE,3,519,418,5,0,0,0,0,74,26,124,179,4,5,1192,1410,10,0,49,255,970,297,ATK@600+HEAL@1200,gauntlet/20261003-015453-scrim-g1basics/replays/kyleezz.jeeryfix3__TreeSearch__botA.bc24,kyleezz.jeeryfix3,1,g1basics
B,jeeryfix3,0,1418,CAPTURE,2,274,237,25,0,0,0,0,86,0,3020,1950,0,2,1112,1253,0,0,57,193,297,970,ATK@600+CAP@1200,gauntlet/20261003-015453-scrim-g1basics/replays/kyleezz.jeeryfix3__TreeSearch__botA.bc24,kyleezz.jeeryfix3,0,g1basics
A,duck8,0,523,CAPTURE,1,314,270,20,0,0,0,0,56,47,3660,5700,3,3,672,878,17,0,132,136,51,158,,gauntlet/20261003-015453-scrim-g1basics/replays/clbarrell.duck8__Skyline__botB.bc24,clbarrell.duck8,0,g1basics
B,g1basics,1,523,CAPTURE,3,340,263,8,0,0,0,0,90,103,9305,240,9,2,1034,1131,29,0,240,239,158,51,,gauntlet/20261003-015453-scrim-g1basics/replays/clbarrell.duck8__Skyline__botB.bc24,clbarrell.duck8,1,g1basics
A,duck8,0,1021,CAPTURE,1,622,372,30,0,0,0,0,31,46,2640,9540,2,7,848,1138,16,0,190,248,174,354,ATK@750,gauntlet/20261003-015453-scrim-g1basics/replays/clbarrell.duck8__SteamboatMickey__botB.bc24,clbarrell.duck8,0,g1basics
B,g1basics,1,1021,CAPTURE,3,504,442,8,0,0,0,0,9,74,705,205,11,13,1028,1196,24,0,97,203,354,174,ATK@600,gauntlet/20261003-015453-scrim-g1basics/replays/clbarrell.duck8__SteamboatMickey__botB.bc24,clbarrell.duck8,1,g1basics
A,g1basics,1,1597,CAPTURE,3,298,248,33,0,0,0,0,29,37,165,180,6,13,1159,1520,18,0,60,390,1081,256,ATK@600+HEAL@1200,gauntlet/20261003-015453-scrim-g1basics/replays/jonters.bling3__ORV__botA.bc24,jonters.bling3,1,g1basics
B,bling3,0,1597,CAPTURE,0,-1,337,3,0,0,0,0,61,0,3770,2600,0,10,706,1224,36,0,10,106,256,1081,ATK@600+HEAL@1200,gauntlet/20261003-015453-scrim-g1basics/replays/jonters.bling3__ORV__botA.bc24,jonters.bling3,0,g1basics
A,cretplayer2_3,0,517,CAPTURE,2,295,227,12,0,3,46,0,46,0,5320,970,0,8,691,742,0,4,49,60,69,72,,gauntlet/20261003-015453-scrim-g1basics/replays/quesswho.cretplayer2_3__Swoop__botB.bc24,quesswho.cretplayer2_3,0,g1basics
B,g1basics,1,517,CAPTURE,3,403,265,5,0,0,0,0,69,38,135,140,7,2,687,891,11,0,41,46,72,69,,gauntlet/20261003-015453-scrim-g1basics/replays/quesswho.cretplayer2_3__Swoop__botB.bc24,quesswho.cretplayer2_3,1,g1basics
A,sprint1,0,2000,MORE_FLAG_CAPTURES,0,-1,0,0,0,0,0,0,110,0,1000,20,0,4,169,711,22,0,0,94,60,2087,ATK@600,gauntlet/20261003-015453-scrim-g1basics/replays/justinottesen.sprint1__EndAround__botB.bc24,justinottesen.sprint1,0,g1basics
B,g1basics,1,2000,MORE_FLAG_CAPTURES,2,735,317,21,0,0,0,0,70,23,125,175,3,5,1223,636,9,0,49,779,2087,60,ATK@600+HEAL@1200+CAP@1800,gauntlet/20261003-015453-scrim-g1basics/replays/justinottesen.sprint1__EndAround__botB.bc24,justinottesen.sprint1,1,g1basics
A,defaultplayer_intlqualifier,0,1323,CAPTURE,1,783,248,25,17,3,25,0,12,9,540,10030,0,2,217,725,6,29,8,106,42,309,ATK@600+HEAL@1200,gauntlet/20261003-015453-scrim-g1basics/replays/dmtrung14.defaultplayer_intlqualifier__Puzzle__botB.bc24,dmtrung14.defaultplayer_intlqualifier,0,g1basics
B,g1basics,1,1323,CAPTURE,3,396,254,8,0,0,0,0,0,23,155,10,4,5,752,336,22,0,49,37,309,42,ATK@600+HEAL@1200,gauntlet/20261003-015453-scrim-g1basics/replays/dmtrung14.defaultplayer_intlqualifier__Puzzle__botB.bc24,dmtrung14.defaultplayer_intlqualifier,1,g1basics
A,cretplayer2_3,0,2000,MORE_FLAG_CAPTURES,0,-1,220,72,0,3,82,0,47,0,5490,990,0,3,758,521,0,4,62,213,195,899,ATK@600+HEAL@1200+CAP@1800,gauntlet/20261003-015453-scrim-g1basics/replays/quesswho.cretplayer2_3__Hurricane__botB.bc24,quesswho.cretplayer2_3,0,g1basics
B,g1basics,1,2000,MORE_FLAG_CAPTURES,2,1704,276,7,0,0,0,0,64,40,140,170,6,5,1022,1040,15,0,47,264,899,195,ATK@600+HEAL@1200+CAP@1800,gauntlet/20261003-015453-scrim-g1basics/replays/quesswho.cretplayer2_3__Hurricane__botB.bc24,quesswho.cretplayer2_3,1,g1basics
A,g1basics,1,2000,LEVEL_SUM,0,-1,563,18,0,0,0,0,64,35,120,170,6,11,923,1725,12,0,42,165,507,207,ATK@600+HEAL@1200+CAP@1800,gauntlet/20261003-015453-scrim-g1basics/replays/andrewgopher.player22__GravitationalWaves__botA.bc24,andrewgopher.player22,1,g1basics
B,player22,0,2000,LEVEL_SUM,0,-1,901,5,0,3,0,0,159,0,1330,1100,0,8,1006,1276,7,0,16,94,207,507,ATK@600+HEAL@1200+CAP@1800,gauntlet/20261003-015453-scrim-g1basics/replays/andrewgopher.player22__GravitationalWaves__botA.bc24,andrewgopher.player22,0,g1basics
A,TSPAARKSPRINT1,0,1500,CAPTURE,1,633,241,25,0,3,1,0,6,6,5020,63,0,12,641,1525,16,37,6,104,159,533,ATK@600+CAP@1200,gauntlet/20261003-015453-scrim-g1basics/replays/SampleProvider.TSPAARKSPRINT1__Randy__botB.bc24,SampleProvider.TSPAARKSPRINT1,0,g1basics
B,g1basics,1,1500,CAPTURE,3,661,214,52,0,0,0,0,6,49,170,70,9,2,990,1103,13,0,44,181,533,159,ATK@600+HEAL@1200,gauntlet/20261003-015453-scrim-g1basics/replays/SampleProvider.TSPAARKSPRINT1__Randy__botB.bc24,SampleProvider.TSPAARKSPRINT1,1,g1basics
A,bling3,0,1541,CAPTURE,1,458,378,5,0,0,0,0,9,10,130,18110,0,6,819,1652,78,0,4,216,437,896,ATK@600+HEAL@1200,gauntlet/20261003-015453-scrim-g1basics/replays/jonters.bling3__GaltonBoard__botB.bc24,jonters.bling3,0,g1basics
B,g1basics,1,1541,CAPTURE,3,1440,259,15,0,0,0,0,12,18,225,175,3,8,1274,1535,7,0,39,200,896,437,ATK@600+HEAL@1200,gauntlet/20261003-015453-scrim-g1basics/replays/jonters.bling3__GaltonBoard__botB.bc24,jonters.bling3,1,g1basics
A,ExplosiveBot,0,1150,CAPTURE,0,-1,1047,3,0,0,0,0,56,3,6420,4830,0,18,779,560,18,0,16,100,133,773,ATK@600,gauntlet/20261003-015453-scrim-g1basics/replays/awu7.ExplosiveBot__Rainbow__botB.bc24,awu7.ExplosiveBot,0,g1basics
B,g1basics,1,1150,CAPTURE,3,749,331,27,0,0,0,0,49,58,125,220,10,10,1129,1374,24,0,80,301,773,133,ATK@600,gauntlet/20261003-015453-scrim-g1basics/replays/awu7.ExplosiveBot__Rainbow__botB.bc24,awu7.ExplosiveBot,1,g1basics
A,g1basics,1,1579,CAPTURE,3,1042,369,12,0,0,0,0,55,27,140,185,5,7,1030,1074,11,0,47,278,827,394,ATK@600+HEAL@1200,gauntlet/20261003-015453-scrim-g1basics/replays/kyleezz.jeeryfix3__Duck__botA.bc24,kyleezz.jeeryfix3,1,g1basics
B,jeeryfix3,0,1579,CAPTURE,2,505,234,22,0,0,0,0,88,10,1660,1630,0,0,1080,725,0,0,49,193,394,827,ATK@600+CAP@1200,gauntlet/20261003-015453-scrim-g1basics/replays/kyleezz.jeeryfix3__Duck__botA.bc24,kyleezz.jeeryfix3,0,g1basics
A,TSPAARKSPRINT1,0,1878,CAPTURE,2,476,238,59,0,3,41,0,27,4,8690,3430,0,2,556,1438,35,27,2,109,240,830,ATK@600+CAP@1200+HEAL@1800,gauntlet/20261003-015453-scrim-g1basics/replays/SampleProvider.TSPAARKSPRINT1__Foxes__botB.bc24,SampleProvider.TSPAARKSPRINT1,0,g1basics
B,g1basics,1,1878,CAPTURE,3,865,290,63,0,0,0,0,14,77,680,310,12,20,911,1377,24,0,75,381,830,240,ATK@600+HEAL@1200+CAP@1800,gauntlet/20261003-015453-scrim-g1basics/replays/SampleProvider.TSPAARKSPRINT1__Foxes__botB.bc24,SampleProvider.TSPAARKSPRINT1,1,g1basics
A,g1basics,1,887,CAPTURE,3,269,229,28,0,0,0,0,73,18,190,30,3,3,928,919,9,0,21,81,235,80,ATK@600,gauntlet/20261003-015453-scrim-g1basics/replays/SampleProvider.TSPAARKSPRINT1__Intercontinental__botA.bc24,SampleProvider.TSPAARKSPRINT1,1,g1basics
B,TSPAARKSPRINT1,0,887,CAPTURE,0,-1,364,31,0,3,16,0,153,2,10,20,0,9,532,1331,0,6,0,13,80,235,ATK@600,gauntlet/20261003-015453-scrim-g1basics/replays/SampleProvider.TSPAARKSPRINT1__Intercontinental__botA.bc24,SampleProvider.TSPAARKSPRINT1,0,g1basics
A,g1basics,1,1472,CAPTURE,3,1190,471,26,0,0,0,0,45,28,300,305,5,16,1349,1450,13,0,36,349,1293,214,ATK@600+HEAL@1200,gauntlet/20261003-015453-scrim-g1basics/replays/quesswho.cretplayer2_3__BreadPudding__botA.bc24,quesswho.cretplayer2_3,1,g1basics
B,cretplayer2_3,0,1472,CAPTURE,1,549,238,11,0,3,4,0,39,0,3830,950,0,4,936,624,0,3,53,138,214,1293,ATK@600+HEAL@1200,gauntlet/20261003-015453-scrim-g1basics/replays/quesswho.cretplayer2_3__BreadPudding__botA.bc24,quesswho.cretplayer2_3,0,g1basics
A,g1basics,1,2000,MORE_FLAG_CAPTURES,2,1527,369,28,0,0,0,0,25,56,232,202,10,4,862,991,23,0,66,517,1191,170,ATK@600+HEAL@1200+CAP@1800,gauntlet/20261003-015453-scrim-g1basics/replays/awu7.ExplosiveBot__Diagonal__botA.bc24,awu7.ExplosiveBot,1,g1basics
B,ExplosiveBot,0,2000,MORE_FLAG_CAPTURES,0,-1,332,2,0,0,0,0,43,9,5310,5810,0,19,667,472,0,0,20,111,170,1191,ATK@600+HEAL@1200,gauntlet/20261003-015453-scrim-g1basics/replays/awu7.ExplosiveBot__Diagonal__botA.bc24,awu7.ExplosiveBot,0,g1basics
A,TSPAARKSPRINT1,0,1911,CAPTURE,1,663,271,104,0,3,35,0,46,6,3420,160,0,6,648,1466,7,27,3,129,245,983,ATK@600+CAP@1200+HEAL@1800,gauntlet/20261003-015453-scrim-g1basics/replays/SampleProvider.TSPAARKSPRINT1__Soccer__botB.bc24,SampleProvider.TSPAARKSPRINT1,0,g1basics
B,g1basics,1,1911,CAPTURE,3,735,275,40,0,0,0,0,25,39,205,165,6,1,1064,1061,9,0,48,351,983,245,ATK@600+HEAL@1200+CAP@1800,gauntlet/20261003-015453-scrim-g1basics/replays/SampleProvider.TSPAARKSPRINT1__Soccer__botB.bc24,SampleProvider.TSPAARKSPRINT1,1,g1basics
A,g1basics,1,644,CAPTURE,3,463,363,13,0,0,0,0,14,25,195,205,4,6,1657,863,6,0,48,87,500,28,ATK@600,gauntlet/20261003-015453-scrim-g1basics/replays/justinottesen.sprint1__Digging__botA.bc24,justinottesen.sprint1,1,g1basics
B,sprint1,0,644,CAPTURE,0,-1,0,0,0,0,0,0,23,0,2410,130,0,11,195,926,22,0,0,32,28,500,ATK@600,gauntlet/20261003-015453-scrim-g1basics/replays/justinottesen.sprint1__Digging__botA.bc24,justinottesen.sprint1,0,g1basics
A,bling3,0,939,CAPTURE,0,-1,322,11,0,0,0,0,97,11,90,2290,0,7,789,1497,24,0,10,65,149,344,ATK@600,gauntlet/20261003-015453-scrim-g1basics/replays/jonters.bling3__Whirlpool__botB.bc24,jonters.bling3,0,g1basics
B,g1basics,1,939,CAPTURE,3,610,572,9,0,0,0,0,79,24,120,205,4,12,1134,1464,4,0,37,89,344,149,ATK@600,gauntlet/20261003-015453-scrim-g1basics/replays/jonters.bling3__Whirlpool__botB.bc24,jonters.bling3,1,g1basics
A,cretplayer2_3,0,1534,CAPTURE,2,310,228,11,0,3,24,0,53,0,3810,950,0,2,1029,860,0,4,58,160,235,1348,ATK@600+HEAL@1200,gauntlet/20261003-015453-scrim-g1basics/replays/quesswho.cretplayer2_3__WheresMyWater__botB.bc24,quesswho.cretplayer2_3,0,g1basics
B,g1basics,1,1534,CAPTURE,3,250,246,17,0,0,0,0,46,33,180,140,6,2,1284,1402,12,0,46,334,1348,235,ATK@600+HEAL@1200,gauntlet/20261003-015453-scrim-g1basics/replays/quesswho.cretplayer2_3__WheresMyWater__botB.bc24,quesswho.cretplayer2_3,1,g1basics
A,g1basics,1,1865,CAPTURE,3,532,288,40,0,0,0,0,72,22,30,195,3,8,845,891,13,0,57,237,851,493,ATK@600+HEAL@1200+CAP@1800,gauntlet/20261003-015453-scrim-g1basics/replays/quesswho.cretplayer2_3__MazeRunner__botA.bc24,quesswho.cretplayer2_3,1,g1basics
B,cretplayer2_3,0,1865,CAPTURE,2,811,316,50,0,3,29,0,68,0,2960,900,0,2,834,768,0,5,48,186,493,851,ATK@600+HEAL@1200+CAP@1800,gauntlet/20261003-015453-scrim-g1basics/replays/quesswho.cretplayer2_3__MazeRunner__botA.bc24,quesswho.cretplayer2_3,0,g1basics
A,bling3,0,1035,CAPTURE,0,-1,487,2,0,0,0,0,30,0,7800,7000,0,1,712,1945,51,0,0,91,141,573,ATK@600,gauntlet/20261003-015453-scrim-g1basics/replays/jonters.bling3__Anchor__botB.bc24,jonters.bling3,0,g1basics
B,g1basics,1,1035,CAPTURE,3,725,468,26,0,0,0,0,7,62,619,279,9,11,1298,1778,24,0,98,236,573,141,ATK@600,gauntlet/20261003-015453-scrim-g1basics/replays/jonters.bling3__Anchor__botB.bc24,jonters.bling3,1,g1basics
A,g1basics,1,1349,CAPTURE,3,688,363,26,0,0,0,0,33,20,135,15,3,5,793,403,3,0,30,24,494,63,ATK@600+HEAL@1200,gauntlet/20261003-015453-scrim-g1basics/replays/dmtrung14.defaultplayer_intlqualifier__Asteroids__botA.bc24,dmtrung14.defaultplayer_intlqualifier,1,g1basics
B,defaultplayer_intlqualifier,0,1349,CAPTURE,0,-1,245,12,3,3,14,0,57,8,190,1170,0,3,305,622,5,37,13,131,63,494,ATK@600+HEAL@1200,gauntlet/20261003-015453-scrim-g1basics/replays/dmtrung14.defaultplayer_intlqualifier__Asteroids__botA.bc24,dmtrung14.defaultplayer_intlqualifier,0,g1basics
A,g1basics,1,591,CAPTURE,3,317,268,14,0,0,0,0,8,74,700,310,11,5,928,749,26,0,189,205,231,85,,gauntlet/20261003-015453-scrim-g1basics/replays/justinottesen.sprint1__SteamboatMickey__botA.bc24,justinottesen.sprint1,1,g1basics
B,sprint1,0,591,CAPTURE,0,-1,0,0,0,0,0,0,45,0,8150,130,0,2,117,314,63,0,0,70,85,231,,gauntlet/20261003-015453-scrim-g1basics/replays/justinottesen.sprint1__SteamboatMickey__botA.bc24,justinottesen.sprint1,0,g1basics
A,g1basics,1,1042,CAPTURE,3,484,423,15,0,0,0,0,72,21,40,165,2,4,974,1384,15,0,51,174,604,123,ATK@600,gauntlet/20261003-015453-scrim-g1basics/replays/awu7.ExplosiveBot__MazeRunner__botA.bc24,awu7.ExplosiveBot,1,g1basics
B,ExplosiveBot,0,1042,CAPTURE,0,-1,274,4,1,0,0,0,136,9,20,2230,0,17,821,687,10,0,18,46,123,604,ATK@600,gauntlet/20261003-015453-scrim-g1basics/replays/awu7.ExplosiveBot__MazeRunner__botA.bc24,awu7.ExplosiveBot,0,g1basics
